timestamp,frame,raw_pred,smooth_pred,prob_NoAct,prob_Loose,prob_UniL,prob_UniR,prob_TAsyL,prob_TAsyR,prob_TSym,R_err_mean,L_err_mean,R_trans_vel,L_trans_vel,rel_pos_rate_norm,R_joint_mean,L_joint_mean,R_err_raw_0,R_err_raw_1,R_err_raw_2,R_err_raw_3,R_err_raw_4,R_err_raw_5,R_err_raw_6,R_err_raw_7,R_err_raw_8,R_err_raw_9,R_err_raw_10,R_err_raw_11,L_err_raw_0,L_err_raw_1,L_err_raw_2,L_err_raw_3,L_err_raw_4,L_err_raw_5,L_err_raw_6,L_err_raw_7,L_err_raw_8,L_err_raw_9,L_err_raw_10,L_err_raw_11
1771203688.450,3,1,1,0.0111,0.9881,0.0004,0.0002,0.0000,0.0000,0.0002,0.002372,0.005934,0.000000,0.000000,0.000000,0.000000,0.000000,-0.233637,-0.172024,-0.021477,0.000000,-0.653625,-0.133127,0.028459,0.000000,-0.762828,-0.346027,0.000000,0.000000,-0.413318,-0.204056,0.071202,0.000000,-0.463962,-0.131627,-0.067711,0.000000,-0.487403,-0.235600
1771203688.550,6,1,1,0.0112,0.9874,0.0010,0.0001,0.0000,0.0000,0.0003,0.001232,0.070180,0.000000,0.000000,0.000000,0.000000,0.000000,-0.158511,-0.111973,-0.002562,0.000000,-0.401593,-0.087938,0.014780,0.000000,-0.504985,-0.195532,0.000000,0.000000,0.399620,0.384269,-0.054776,0.000000,-0.066262,-0.116649,0.058266,0.000000,-0.002827,-0.080716
1771203688.652,9,1,1,0.0045,0.9648,0.0283,0.0002,0.0008,0.0001,0.0011,0.001043,0.145924,0.000000,0.000000,0.000000,0.000000,0.000000,-0.277083,-0.067417,0.012520,0.000000,-0.214639,-0.081251,-0.005539,0.000000,-0.295542,-0.135923,0.000000,0.000000,0.530163,0.301092,-0.032192,0.000000,0.235427,0.001637,0.032192,0.000000,0.447366,0.203206
1771203688.753,12,1,1,0.0007,0.8548,0.1405,0.0002,0.0032,0.0001,0.0004,0.000420,0.115159,0.000000,0.000000,0.000000,0.000000,0.000000,-0.159045,-0.049682,0.005036,0.000000,-0.131773,-0.064865,-0.001546,0.000000,-0.136586,-0.082694,0.000000,0.000000,0.546079,0.228949,0.000851,0.000000,0.134485,0.003198,0.004385,0.000000,0.297344,0.166615
1771203688.851,15,0,1,0.7019,0.1128,0.0457,0.0114,0.0010,0.0169,0.1103,0.000993,0.154644,1.601456,0.000296,1.619184,0.000000,0.000000,-0.103064,-0.023662,0.011921,0.000000,-0.055249,-0.066636,-0.006685,0.000000,-0.044587,-0.007327,0.000000,0.000000,0.435354,0.130037,-0.070313,0.000000,0.328971,0.160598,0.072058,0.000000,0.405448,0.323263
1771203688.958,18,1,1,0.0124,0.9784,0.0089,0.0000,0.0000,0.0000,0.0003,0.009238,0.029897,0.001739,0.003269,0.005452,0.000000,0.000000,-0.085279,-0.006055,0.001346,0.000000,0.006821,-0.064961,0.002145,0.000000,0.046192,0.054351,0.000000,0.000000,-0.360094,-0.161300,0.039506,0.000000,0.099448,0.087365,-0.039506,0.000000,0.002654,0.129791
1771203689.054,21,1,1,0.0009,0.9989,0.0002,0.0000,0.0000,0.0000,0.0000,0.016132,0.005521,0.000955,0.002296,0.002731,0.000000,0.000000,0.151546,-0.043837,-0.020198,0.000000,-0.009748,-0.051135,0.020198,0.000000,-0.012143,0.021836,0.000000,0.000000,-0.537404,-0.128707,-0.064505,0.000000,-0.148427,-0.057413,0.066250,0.000000,-0.247514,-0.142973
1771203689.154,24,0,0,0.9629,0.0367,0.0000,0.0002,0.0000,0.0000,0.0002,0.008987,0.001032,0.000544,0.002143,0.003205,0.000000,0.000000,0.084468,-0.121384,-0.018143,0.000000,-0.134426,-0.014630,0.023379,0.000000,-0.148124,-0.064989,0.000000,0.000000,-0.554401,-0.170742,0.012388,0.000000,-0.313799,-0.161672,-0.010643,0.000000,-0.430351,-0.256354
1771203689.254,27,0,0,0.9083,0.0903,0.0000,0.0008,0.0000,0.0001,0.0005,0.029334,0.009736,0.000746,0.002473,0.005269,0.000000,0.000000,0.290727,-0.121475,-0.048206,0.000000,-0.150096,0.006092,0.055187,0.000000,-0.128694,-0.058664,0.000000,0.000000,-0.292129,-0.170544,0.116837,0.000000,-0.411384,-0.067660,-0.111601,0.000000,-0.584355,-0.235873
1771203689.357,30,1,1,0.1339,0.8593,0.0002,0.0052,0.0000,0.0002,0.0012,0.114185,0.010211,0.002195,0.001029,0.002552,0.000000,0.000000,0.062207,0.015121,0.028921,0.000000,0.294222,0.000952,-0.020194,0.000000,0.612956,0.355846,0.000000,0.000000,-0.302117,-0.137885,0.122535,0.000000,-0.264773,-0.059896,-0.115554,0.000000,-0.315446,-0.174400
1771203689.457,33,1,1,0.0000,0.9995,0.0001,0.0003,0.0000,0.0000,0.0000,0.197415,0.006675,0.000224,0.001819,0.002362,0.000000,0.000000,-0.208318,0.301944,0.131311,0.000000,0.710641,0.301120,-0.122585,0.000000,0.586324,0.337642,0.000000,0.000000,-0.236372,-0.081853,0.080095,0.000000,-0.156309,-0.054736,-0.074859,0.000000,-0.184554,-0.141238
1771203689.558,36,1,1,0.0001,0.9902,0.0011,0.0084,0.0000,0.0001,0.0001,0.126552,0.000436,0.001706,0.002394,0.002071,0.000000,0.000000,0.046291,0.185119,0.037452,0.003491,0.470250,0.207180,-0.028725,-0.001745,0.350280,0.218567,0.000000,0.000000,-0.194238,-0.053927,0.004054,0.000000,-0.102991,-0.045221,0.001182,0.000000,-0.043876,-0.058213
1771203689.657,39,1,1,0.0015,0.9347,0.0045,0.0583,0.0000,0.0005,0.0004,0.096031,0.014558,0.002178,0.002537,0.001453,0.000000,0.000000,0.085132,0.105367,0.062971,0.000000,0.245540,0.121988,-0.052499,0.000000,0.290095,0.241283,0.000000,0.000000,-0.117738,-0.019818,-0.008759,0.000000,0.034172,-0.057467,0.017486,0.000000,0.076986,0.046054
1771203689.758,42,1,1,0.0049,0.7642,0.0172,0.2107,0.0003,0.0017,0.0010,0.053804,0.027980,0.001553,0.002324,0.002646,0.000000,0.000000,-0.005015,0.069282,0.021709,-0.003491,0.146338,0.089608,-0.011237,0.000000,0.169002,0.149707,0.000000,0.000000,-0.025367,0.019712,-0.017951,0.000000,0.141903,-0.015333,0.019696,0.000000,0.091167,0.063284
1771203689.858,45,1,1,0.0017,0.8616,0.0534,0.0820,0.0001,0.0005,0.0006,0.009248,0.031452,0.002741,0.002487,0.001284,0.000000,0.000000,-0.246504,0.069782,-0.024884,0.001745,-0.148394,0.004087,0.035356,0.000000,-0.125697,-0.069754,0.000000,0.000000,0.004295,0.034695,-0.032149,0.000000,0.130257,0.008564,0.035640,0.000000,0.096666,0.067304
1771203689.958,48,1,1,0.0000,0.8903,0.1095,0.0002,0.0000,0.0000,0.0000,0.004798,0.015072,0.002509,0.001693,0.001052,0.000000,0.000000,-0.086612,-0.060930,-0.050595,0.000000,-0.493361,-0.295033,0.057576,0.000000,-0.597438,-0.353849,0.000000,0.000000,0.008283,0.003127,-0.017243,0.001745,0.057463,-0.001262,0.024224,0.000000,0.038062,0.047960
1771203690.059,51,1,1,0.0000,0.9637,0.0363,0.0000,0.0000,0.0000,0.0000,0.023589,0.007262,0.002151,0.002499,0.001245,0.000000,0.000000,0.232473,-0.123565,-0.038372,-0.005236,-0.468040,-0.216359,0.050590,-0.001745,-0.459508,-0.306794,0.000000,0.000000,0.017322,-0.000296,-0.015350,0.000000,0.014687,-0.005355,0.022331,0.000000,-0.000327,0.032805
1771203690.159,54,1,1,0.0000,0.9978,0.0022,0.0000,0.0000,0.0000,0.0000,0.019886,0.014087,0.003246,0.003617,0.000989,0.000000,0.000000,0.184469,-0.110361,-0.040202,-0.003491,-0.300434,-0.135002,0.054165,0.000000,-0.183138,-0.131907,0.000000,0.000000,0.025993,0.054227,-0.018029,0.000000,-0.052349,-0.015035,0.021520,0.000000,0.009660,0.057648
1771203690.260,57,1,1,0.0000,0.9998,0.0002,0.0000,0.0000,0.0000,0.0000,0.070522,0.017791,0.002038,0.003183,0.001606,0.000000,0.000000,0.111426,-0.033068,-0.000273,0.000000,0.073283,-0.053645,0.007254,0.000000,0.410037,0.244264,0.000000,0.001745,-0.026742,0.104928,-0.026701,0.000000,-0.042166,-0.006731,0.038919,0.000000,0.006519,0.061376
1771203690.359,60,1,1,0.0000,0.9999,0.0001,0.0000,0.0000,0.0000,0.0000,0.150501,0.011668,0.001620,0.000607,0.001630,0.001745,0.000000,0.014923,0.135361,-0.061606,0.005236,0.453365,0.194142,0.063351,0.000000,0.586774,0.351114,-0.001745,0.003491,-0.061234,0.078102,-0.004169,0.000000,-0.040236,-0.004871,0.019877,0.000000,-0.015480,0.038543
1771203690.461,63,1,1,0.0000,0.9995,0.0004,0.0001,0.0000,0.0000,0.0000,0.057791,0.007291,0.001417,0.000604,0.001706,0.000000,0.000000,0.012398,0.033753,-0.070900,0.000000,0.177285,0.081273,0.070900,0.000000,0.175213,0.142670,0.000000,0.001745,-0.061398,0.051771,0.033975,0.000000,-0.048044,-0.007784,-0.026994,0.000000,-0.065553,-0.004732
1771203690.561,66,1,1,0.0000,0.9985,0.0014,0.0000,0.0000,0.0000,0.0000,0.014047,0.008275,0.001306,0.001379,0.003244,0.000000,0.000000,-0.371613,0.066765,0.101805,0.000000,-0.082278,-0.019211,-0.094823,0.000000,-0.402399,-0.226118,0.000000,0.003491,0.024595,0.034782,0.036436,0.000000,-0.089027,-0.019306,-0.024219,0.000000,-0.074995,-0.007290
1771203690.663,69,1,1,0.0000,0.9991,0.0009,0.0000,0.0000,0.0000,0.0000,0.001843,0.015341,0.002386,0.002065,0.002324,0.000000,0.000000,-0.316302,-0.066778,0.015131,0.006981,-0.356430,-0.175414,-0.016877,0.000000,-0.534528,-0.321224,0.000000,0.001745,0.143198,-0.003014,-0.026927,0.000000,-0.094699,-0.027158,0.039144,0.000000,-0.067935,-0.011885
1771203690.765,72,1,1,0.0000,0.9997,0.0003,0.0000,0.0000,0.0000,0.0000,0.001694,0.001417,0.005853,0.002735,0.006185,0.000000,0.000000,-0.131636,-0.075772,0.018579,0.000000,-0.453375,-0.076886,-0.015088,0.001745,-0.446530,-0.265982,0.000000,0.001745,0.001292,-0.197141,0.007489,0.000000,-0.221542,-0.009330,0.006473,0.000000,-0.166398,-0.059555
1771203690.865,75,1,1,0.0000,1.0000,0.0000,0.0000,0.0000,0.0000,0.0000,0.000225,0.003948,0.003787,0.003255,0.001102,0.000000,0.000000,-0.209798,-0.125099,0.002701,0.000000,-0.351547,-0.039165,-0.000956,0.000000,-0.396535,-0.188714,0.000000,0.001745,-0.172469,-0.150638,-0.006615,0.000000,-0.259981,0.032033,0.013596,0.000000,-0.281972,-0.158438
1771203690.966,78,1,1,0.0000,1.0000,0.0000,0.0000,0.0000,0.0000,0.0000,0.000589,0.003697,0.003454,0.003428,0.001388,0.000000,0.000000,-0.244564,-0.093415,0.007073,0.000000,-0.201818,-0.042731,-0.007073,0.000000,-0.227334,-0.130742,0.000000,0.001745,-0.091532,-0.082374,-0.008129,0.000000,-0.182750,0.018785,0.023837,0.000000,-0.172294,-0.112205
1771203691.065,81,1,1,0.0000,1.0000,0.0000,0.0000,0.0000,0.0000,0.0000,0.000597,0.002122,0.004164,0.001972,0.002785,0.000000,0.000000,-0.073659,-0.078519,0.007163,0.000000,-0.111887,-0.041068,-0.005418,0.000000,-0.055802,-0.068684,0.000000,0.001745,-0.014466,-0.056090,0.022704,0.000000,-0.112816,0.001019,-0.017468,0.000000,-0.011656,-0.037862
1771203691.165,84,1,1,0.0000,1.0000,0.0000,0.0000,0.0000,0.0000,0.0000,0.008023,0.004006,0.002602,0.003006,0.001924,0.000000,0.000000,-0.002581,-0.062708,0.007281,0.000000,-0.007277,-0.051895,-0.005536,0.000000,0.077745,0.011254,0.000000,0.001745,-0.042555,-0.034894,0.029025,0.000000,-0.063928,-0.020986,-0.016808,0.000000,0.007428,0.009870
1771203691.266,87,1,1,0.0000,1.0000,0.0000,0.0000,0.0000,0.0000,0.0000,0.011892,0.010027,0.002183,0.006010,0.002873,0.000000,0.000000,0.106173,-0.045290,0.002895,0.000000,0.000105,-0.051249,0.000596,0.000000,0.028214,0.004716,0.000000,0.003491,-0.153160,-0.018608,-0.025614,0.000000,-0.051575,-0.024354,0.036086,0.000000,0.035557,0.045191
1771203691.366,90,1,1,0.0000,1.0000,0.0000,0.0000,0.0000,0.0000,0.0000,0.022484,0.009171,0.004064,0.003678,0.001602,0.000000,0.000000,0.143116,-0.051653,0.006438,0.000000,0.016965,-0.047808,-0.004693,0.000000,0.054639,0.048651,0.000000,0.003491,-0.242451,-0.012098,-0.035984,0.000000,-0.051691,-0.022548,0.053438,0.000000,0.011100,0.042026
1771203691.466,93,1,1,0.0000,1.0000,0.0000,0.0000,0.0000,0.0000,0.0000,0.020313,0.010997,0.003961,0.002293,0.006238,0.000000,0.000000,0.071225,-0.043532,0.007890,0.000000,0.037238,-0.050795,-0.006145,0.000000,0.061091,0.066309,-0.001745,0.001745,-0.120120,-0.005839,-0.027697,0.000000,-0.028438,-0.022691,0.046896,0.000000,0.038888,0.044436
1771203691.566,96,1,1,0.0000,1.0000,0.0000,0.0000,0.0000,0.0000,0.0000,0.002419,0.016344,0.005259,0.012178,0.010541,0.000000,0.000000,-0.007331,-0.022340,0.019722,0.000000,-0.016817,-0.037193,-0.016231,0.000000,-0.012213,0.009311,0.000000,0.003491,0.080384,0.000914,-0.040802,0.000000,-0.002116,-0.023191,0.065236,0.000000,0.011507,0.034599
1771203691.666,99,1,1,0.0000,1.0000,0.0000,0.0000,0.0000,0.0000,0.0000,0.057019,0.005770,0.004130,0.005516,0.001580,0.000000,0.000000,0.092445,0.057952,-0.041117,0.000000,0.053295,-0.044690,0.044607,0.001745,0.258372,0.175805,-0.001745,0.005236,0.034330,-0.014580,0.001781,0.000000,-0.006695,-0.025582,0.027890,-0.001745,-0.131122,-0.055227
1771203691.766,102,1,1,0.0000,0.9999,0.0000,0.0000,0.0000,0.0000,0.0000,0.068865,0.005774,0.007785,0.007510,0.004609,0.000000,0.000000,0.137989,0.041855,-0.039968,0.000000,0.142982,0.007841,0.046949,0.000000,0.258618,0.190144,-0.003491,0.005236,0.041364,-0.042005,0.011012,0.000000,-0.004776,-0.020752,0.011677,-0.001745,-0.088140,-0.047585
1771203691.867,105,1,1,0.0000,0.9997,0.0001,0.0002,0.0000,0.0000,0.0000,0.050081,0.006072,0.005266,0.007385,0.005582,0.000000,0.000000,0.114116,0.019282,-0.021288,0.000000,0.116327,0.009039,0.030015,0.000000,0.173706,0.138485,-0.001745,0.003491,0.021458,-0.034011,0.004687,0.000000,0.024012,-0.036168,0.005785,0.001745,0.000356,0.011335
1771203691.967,108,1,1,0.0000,0.9997,0.0002,0.0001,0.0000,0.0000,0.0000,0.027157,0.007216,0.004040,0.003907,0.003532,0.000000,0.000000,0.053024,-0.008701,0.002082,0.000000,0.069594,0.013769,0.008390,0.000000,0.088858,0.090171,-0.001745,0.003491,-0.272953,-0.016431,0.042121,0.000000,0.016439,-0.040538,-0.033394,0.001745,-0.012530,0.022791
1771203692.068,111,1,1,0.0000,0.9999,0.0000,0.0000,0.0000,0.0000,0.0000,0.013618,0.005361,0.007853,0.004666,0.004967,0.000000,0.000000,0.033869,-0.022817,0.009269,0.000000,0.044307,0.011498,-0.002288,0.000000,0.014191,0.050280,-0.003491,0.003491,-0.278641,-0.011806,0.054411,0.000000,-0.011649,-0.036696,-0.040449,0.000000,-0.038129,0.006430
1771203692.168,114,1,1,0.0000,0.9999,0.0001,0.0000,0.0000,0.0000,0.0000,0.001277,0.018497,0.006821,0.003011,0.002382,0.000000,0.000000,0.002389,-0.018912,0.004413,0.000000,0.005956,-0.007461,0.002569,-0.001745,-0.062938,-0.016030,-0.003491,0.003491,-0.099084,-0.011555,0.043764,-0.001745,0.017341,-0.034277,-0.017584,0.000000,0.061987,0.095378
1771203692.269,117,1,1,0.0000,0.9999,0.0000,0.0000,0.0000,0.0000,0.0000,0.002196,0.018737,0.006152,0.003897,0.001254,0.000000,0.000000,-0.105365,0.010363,0.015986,0.000000,-0.000344,-0.015856,-0.014241,0.000000,-0.044451,-0.012134,-0.003491,0.003491,0.069867,-0.006063,0.031587,-0.001745,0.003735,-0.029036,0.001575,0.000000,0.036610,0.077979
1771203692.370,120,1,1,0.0000,1.0000,0.0000,0.0000,0.0000,0.0000,0.0000,0.004178,0.030305,0.006518,0.003198,0.002452,0.000000,0.000000,-0.110868,0.034061,0.005481,0.000000,-0.011326,-0.020291,-0.003736,-0.001745,0.006201,0.004389,-0.003491,0.003491,0.052264,-0.002902,0.072151,-0.001745,0.100895,0.004371,-0.037244,0.000000,0.061623,0.068870
1771203692.470,123,1,1,0.0000,1.0000,0.0000,0.0000,0.0000,0.0000,0.0000,0.008140,0.018673,0.003252,0.002469,0.003104,0.000000,0.000000,-0.112390,0.021432,-0.003435,0.000000,0.015266,-0.001641,0.006926,0.000000,0.033163,0.020896,-0.003491,0.005236,0.015313,0.003007,0.059510,-0.001745,0.024581,-0.007790,-0.021113,-0.001745,0.041956,0.074477
1771203692.570,126,1,1,0.0000,1.0000,0.0000,0.0000,0.0000,0.0000,0.0000,0.003447,0.010848,0.003364,0.002828,0.003558,0.000000,0.000000,-0.082236,0.001903,-0.009631,0.000000,-0.011157,-0.004832,0.009631,0.001745,0.003130,0.024954,-0.001745,0.005236,-0.066407,-0.009353,-0.034331,-0.001745,-0.019983,-0.025042,0.072728,-0.001745,0.007447,0.044760
1771203692.670,129,1,1,0.0000,1.0000,0.0000,0.0000,0.0000,0.0000,0.0000,0.000319,0.005702,0.003199,0.004667,0.006469,0.000000,0.000000,-0.056819,-0.039680,0.003831,0.000000,-0.102612,-0.035149,-0.000340,0.000000,-0.130391,-0.064446,-0.003491,0.005236,-0.153314,0.005851,-0.010212,-0.001745,-0.117612,-0.026536,0.057336,-0.001745,-0.033177,-0.004903
1771203692.770,132,1,1,0.0000,1.0000,0.0000,0.0000,0.0000,0.0000,0.0000,0.000870,0.005248,0.002542,0.004445,0.004251,0.000000,0.000000,-0.043984,-0.053774,0.010444,0.000000,-0.105524,-0.041532,-0.010444,0.000000,-0.217678,-0.141135,-0.003491,0.005236,-0.306550,-0.016931,0.021864,-0.003491,-0.235605,0.012357,0.023515,-0.003491,-0.153222,-0.055838
1771203692.872,135,1,1,0.0000,1.0000,0.0000,0.0000,0.0000,0.0000,0.0000,0.001484,0.007282,0.002240,0.004140,0.004054,0.000000,0.000000,-0.035239,-0.028832,0.017811,0.000000,-0.064664,-0.029518,-0.010830,0.000000,-0.084887,-0.062922,-0.001745,0.005236,-0.094427,-0.001639,0.082143,-0.001745,-0.149004,-0.002232,-0.038510,-0.001745,-0.198810,-0.050083
1771203692.972,138,1,1,0.0000,1.0000,0.0000,0.0000,0.0000,0.0000,0.0000,0.000451,0.018322,0.003002,0.004235,0.003022,0.000000,0.000000,-0.193911,-0.003578,0.005411,0.000000,-0.038998,-0.016500,-0.000175,0.000000,-0.018323,-0.004309,-0.001745,0.005236,0.142194,-0.001839,-0.032296,-0.001745,-0.109401,-0.006553,0.072439,0.000000,-0.105872,-0.020523
1771203693.073,141,1,1,0.0000,1.0000,0.0000,0.0000,0.0000,0.0000,0.0000,0.000466,0.006336,0.004739,0.006115,0.003526,0.000000,0.000000,-0.082113,-0.014027,-0.000354,0.000000,-0.056228,-0.017276,0.005590,0.000000,-0.051948,-0.013433,-0.001745,0.005236,0.004126,-0.014754,-0.021288,-0.001745,-0.110365,-0.005412,0.066667,0.000000,-0.066158,-0.014089
1771203693.173,144,1,1,0.0000,1.0000,0.0000,0.0000,0.0000,0.0000,0.0000,0.000291,0.006038,0.004262,0.001986,0.003453,0.000000,0.000000,-0.049609,-0.030825,0.000240,0.000000,-0.126731,-0.025779,0.003251,0.000000,-0.145722,-0.059756,-0.001745,0.003491,-0.060666,0.008955,0.012573,-0.001745,-0.077799,-0.013094,0.038041,0.000000,-0.028035,0.009392
1771203693.274,147,1,1,0.0000,0.9999,0.0000,0.0000,0.0000,0.0000,0.0001,0.001205,0.018322,0.002079,0.003528,0.002551,0.000000,0.000000,-0.060351,-0.047124,-0.010975,0.000000,-0.096329,-0.019821,0.014466,-0.001745,-0.132422,-0.078715,-0.001745,0.003491,0.059523,0.018564,-0.023949,-0.001745,0.026963,-0.027600,0.067582,0.000000,0.016541,0.027202
1771203693.374,150,1,1,0.0000,0.9999,0.0000,0.0000,0.0000,0.0000,0.0001,0.000369,0.007118,0.002568,0.001481,0.001990,0.000000,0.000000,-0.108028,-0.028828,-0.000933,0.000000,-0.066435,-0.014210,0.004424,0.000000,-0.072173,-0.043669,-0.001745,0.005236,-0.001112,-0.007767,-0.020196,-0.003491,0.006057,-0.025308,0.062084,0.000000,-0.011734,0.012037
1771203693.475,153,1,1,0.0000,1.0000,0.0000,0.0000,0.0000,0.0000,0.0000,0.003453,0.024676,0.008411,0.003173,0.011106,0.000000,0.000000,-0.078030,0.017692,0.023747,0.000000,-0.082180,-0.010267,-0.016766,0.000000,-0.099287,-0.072033,-0.003491,0.003491,0.067770,0.015090,0.052122,-0.001745,0.068287,-0.019636,-0.015470,0.000000,0.051934,0.037416
1771203693.575,156,1,1,0.0000,1.0000,0.0000,0.0000,0.0000,0.0000,0.0000,0.003256,0.027481,0.006410,0.003604,0.006172,0.000000,0.000000,-0.005593,0.001719,0.032412,0.000000,-0.158232,0.003198,-0.020195,0.001745,-0.110943,-0.080485,-0.001745,0.003491,0.103528,-0.002316,0.077397,0.000000,0.052565,-0.016033,-0.037255,0.000000,0.046356,0.046435
1771203693.676,159,1,1,0.0000,0.9999,0.0000,0.0000,0.0000,0.0000,0.0000,0.001309,0.014868,0.005060,0.002679,0.003251,0.000000,0.000000,-0.180720,-0.037470,0.009234,0.000000,-0.100088,-0.004653,0.006474,-0.001745,-0.062672,-0.016240,-0.003491,0.003491,0.059572,-0.006553,0.091851,0.000000,0.008087,-0.017115,-0.060435,0.000000,-0.019860,0.015421
1771203693.776,162,1,1,0.0000,1.0000,0.0000,0.0000,0.0000,0.0000,0.0000,0.000873,0.006107,0.003769,0.001512,0.004610,0.000000,0.000000,-0.131514,-0.037686,0.005499,-0.001745,-0.074874,-0.005235,0.004973,0.000000,-0.061615,-0.005839,-0.001745,0.005236,0.025170,-0.006076,0.042875,0.000000,-0.031941,-0.018855,-0.016696,0.000000,-0.083188,-0.033397
1771203693.876,165,1,1,0.0000,1.0000,0.0000,0.0000,0.0000,0.0000,0.0000,0.001271,0.004716,0.000865,0.001636,0.001463,0.000000,0.000000,-0.090469,-0.014773,0.015252,0.000000,-0.054054,-0.004504,-0.004780,-0.001745,-0.059413,-0.006679,-0.001745,0.005236,0.028667,-0.005686,0.007934,-0.001745,-0.007813,-0.019055,0.014755,0.000000,-0.067749,-0.031409
1771203693.976,168,1,1,0.0000,1.0000,0.0000,0.0000,0.0000,0.0000,0.0000,0.002032,0.009100,0.001656,0.002310,0.000850,0.000000,0.000000,-0.057279,0.003079,0.021305,0.000000,-0.052252,-0.002739,-0.003851,0.000000,-0.058979,-0.010277,-0.001745,0.005236,-0.035562,-0.002964,0.021997,0.000000,0.056450,-0.006675,-0.004544,0.001745,0.005826,0.017952
1771203694.077,171,1,1,0.0000,1.0000,0.0000,0.0000,0.0000,0.0000,0.0000,0.002717,0.006895,0.004130,0.003167,0.002167,0.000000,0.000000,-0.041225,0.007509,0.025098,0.000000,-0.066079,-0.000985,-0.005899,0.000000,-0.063201,-0.011930,-0.001745,0.005236,-0.036851,-0.015230,-0.010469,0.000000,0.000080,-0.008593,0.019196,0.000000,0.006295,0.051936
1771203694.177,174,1,1,0.0000,1.0000,0.0000,0.0000,0.0000,0.0000,0.0000,0.009782,0.009215,0.006565,0.003549,0.004710,-0.001745,0.001745,0.035650,0.035731,0.036907,-0.001745,-0.059699,-0.002467,-0.010727,0.000000,-0.009981,0.007345,-0.001745,0.003491,-0.151414,-0.008747,-0.069887,0.000000,-0.112029,-0.015310,0.082104,0.000000,-0.068695,0.024984
1771203694.278,177,1,1,0.0000,1.0000,0.0000,0.0000,0.0000,0.0000,0.0000,0.010114,0.006172,0.003334,0.003053,0.002203,-0.001745,0.001745,0.003288,0.065199,0.040793,-0.003491,-0.099582,0.010345,-0.004141,0.000000,-0.026401,-0.006598,-0.001745,0.005236,-0.103872,-0.003257,-0.056564,0.000000,-0.145998,0.000047,0.068782,0.000000,-0.120765,-0.031302
1771203694.378,180,1,1,0.0000,1.0000,0.0000,0.0000,0.0000,0.0000,0.0000,0.010704,0.007649,0.004611,0.004786,0.001434,-0.001745,0.003491,-0.046684,0.076373,0.024210,-0.001745,-0.121612,0.011932,0.012442,-0.001745,-0.080642,-0.036532,-0.001745,0.001745,-0.055388,0.011187,-0.068385,0.000000,-0.103484,-0.003998,0.078857,0.000000,-0.056520,-0.000803
1771203694.478,183,1,1,0.0000,1.0000,0.0000,0.0000,0.0000,0.0000,0.0000,0.007967,0.012462,0.002124,0.003786,0.002025,0.000000,0.001745,-0.073476,0.056987,0.029482,0.000000,-0.091115,0.003712,0.003679,0.000000,-0.077278,-0.033362,-0.001745,0.001745,-0.030284,0.018717,-0.105972,0.000000,-0.075975,-0.007971,0.114698,0.001745,-0.036783,0.012643
1771203694.578,186,1,1,0.0000,1.0000,0.0000,0.0000,0.0000,0.0000,0.0000,0.006160,0.009220,0.004017,0.003259,0.001720,0.000000,0.001745,-0.080333,0.038934,0.030021,0.000000,-0.088608,0.003216,-0.000351,0.000000,-0.066670,-0.026776,-0.001745,0.001745,-0.102780,0.014788,-0.059889,0.000000,-0.058087,-0.012429,0.068616,0.000000,-0.033901,0.025486
1771203694.679,189,1,1,0.0000,1.0000,0.0000,0.0000,0.0000,0.0000,0.0000,0.008734,0.005564,0.001481,0.001959,0.001336,0.000000,0.003491,-0.106581,0.056662,0.028528,-0.003491,-0.124591,0.011498,0.004633,0.000000,-0.094860,-0.029496,-0.001745,0.001745,-0.094952,0.011121,-0.012396,0.000000,-0.025332,-0.010366,0.022868,0.000000,-0.024959,0.031037
1771203694.779,192,1,1,0.0000,1.0000,0.0000,0.0000,0.0000,0.0000,0.0000,0.006815,0.018857,0.001591,0.001870,0.002694,0.000000,0.001745,-0.082767,0.045344,0.022084,-0.001745,-0.101305,0.006768,0.005841,0.000000,-0.046421,-0.024545,0.000000,0.001745,-0.140208,0.022110,0.003095,0.000000,0.062294,0.008325,0.002141,0.000000,0.045801,0.080773
1771203694.879,195,1,1,0.0000,0.9999,0.0000,0.0000,0.0000,0.0000,0.0000,0.045805,0.013846,0.003339,0.001540,0.004561,0.000000,0.001745,-0.017792,0.047078,0.020766,-0.001745,0.069676,-0.022265,0.003669,-0.001745,0.257549,0.149175,0.000000,0.000000,-0.083247,0.049754,-0.000437,0.000000,0.021084,-0.002082,0.005673,0.000000,0.020270,0.069366
1771203694.979,198,1,1,0.0000,0.9999,0.0001,0.0000,0.0000,0.0000,0.0000,0.016844,0.019093,0.001087,0.003760,0.004928,0.000000,0.001745,-0.039946,0.046251,0.027714,-0.001745,0.007631,-0.022086,-0.001534,0.000000,0.055348,0.063439,0.000000,0.001745,0.018551,0.026114,0.013046,0.000000,0.018656,-0.001090,-0.006065,0.000000,0.050829,0.100169
1771203695.079,201,1,1,0.0000,0.9998,0.0002,0.0000,0.0000,0.0000,0.0000,0.012574,0.017436,0.000532,0.001796,0.001871,-0.001745,0.003491,-0.059211,0.053384,0.006442,-0.001745,-0.072044,-0.010066,0.019738,-0.001745,0.015708,0.052130,0.000000,0.001745,0.080204,0.003669,-0.010607,0.000000,-0.012110,-0.009101,0.014098,0.000000,0.032333,0.077179
1771203695.180,204,1,1,0.0000,0.9998,0.0002,0.0000,0.0000,0.0000,0.0000,0.013041,0.019599,0.001078,0.000662,0.000413,-0.001745,0.003491,-0.077331,0.060391,0.002525,-0.003491,-0.069824,-0.003622,0.027146,-0.001745,0.016995,0.045944,0.000000,0.001745,0.070421,0.003419,-0.049219,0.000000,-0.010357,-0.009073,0.049219,0.000000,0.038055,0.072326
1771203695.280,207,1,1,0.0009,0.9980,0.0003,0.0005,0.0000,0.0000,0.0004,0.019135,0.023521,0.005180,0.004245,0.006563,-0.001745,0.001745,-0.104008,0.054389,0.000851,-0.001745,0.002795,-0.018256,0.028820,-0.001745,0.077436,0.063582,0.000000,0.001745,0.134765,0.000420,-0.029241,0.000000,0.001528,-0.008543,0.024005,0.000000,0.049209,0.070582
1771203695.380,210,1,1,0.0008,0.9983,0.0003,0.0003,0.0000,0.0000,0.0003,0.006409,0.011000,0.001691,0.005868,0.004045,-0.001745,0.001745,-0.128129,0.041766,0.032384,-0.003491,-0.102182,0.001008,-0.002713,-0.003491,-0.203472,-0.093645,0.000000,0.003491,0.016248,-0.012789,-0.045460,0.000000,-0.009634,-0.008497,0.036733,0.000000,0.016637,0.058894
1771203695.481,213,1,1,0.0016,0.9979,0.0002,0.0002,0.0000,0.0000,0.0002,0.007898,0.004895,0.001203,0.001086,0.001881,-0.001745,0.001745,-0.226807,0.034733,0.026261,-0.001745,-0.154346,0.026879,0.005155,-0.001745,-0.197926,-0.099850,0.000000,0.001745,-0.078462,-0.025314,-0.035843,0.000000,-0.044253,-0.005048,0.023626,0.000000,-0.019291,0.033369
1771203695.581,216,1,1,0.0013,0.9983,0.0001,0.0001,0.0000,0.0000,0.0002,0.006296,0.011765,0.001216,0.002250,0.002822,-0.001745,0.001745,-0.115985,0.025261,0.023308,-0.003491,-0.061776,-0.000013,0.008108,-0.001745,-0.033607,0.017134,0.000000,0.000000,-0.103845,-0.032648,-0.039006,0.000000,-0.030789,-0.005964,0.019808,0.001745,0.040226,0.079406
1771203695.681,219,1,1,0.0000,0.9999,0.0000,0.0000,0.0000,0.0000,0.0000,0.006322,0.001577,0.001895,0.002476,0.005610,-0.001745,0.001745,-0.042049,0.044445,0.021325,-0.001745,-0.033403,-0.009388,0.008345,-0.001745,-0.041074,-0.003695,0.000000,0.000000,-0.139910,-0.024090,-0.018096,0.000000,-0.024033,-0.004162,-0.009829,0.000000,-0.066104,0.018928
1771203695.782,222,1,1,0.0006,0.9992,0.0001,0.0001,0.0000,0.0000,0.0001,0.006215,0.005013,0.001696,0.001404,0.003102,-0.001745,0.001745,-0.018428,0.042733,0.030101,-0.003491,-0.039163,-0.003606,-0.000431,-0.001745,-0.129171,-0.071827,0.001745,0.000000,-0.095356,0.002516,0.045498,0.001745,-0.090298,0.006902,-0.068187,0.001745,-0.167216,-0.118594
1771203695.881,225,1,1,0.0008,0.9990,0.0000,0.0001,0.0000,0.0000,0.0001,0.009190,0.001534,0.000615,0.001089,0.002444,-0.001745,0.003491,0.008714,0.068411,0.019993,-0.001745,-0.034163,-0.004703,0.009678,-0.001745,-0.010421,-0.011303,0.001745,0.000000,-0.082533,0.005776,0.005655,0.001745,-0.034571,-0.004199,-0.023109,0.003491,-0.051089,-0.050931
1771203695.983,228,1,1,0.0012,0.9986,0.0000,0.0001,0.0000,0.0000,0.0001,0.010162,0.003050,0.000505,0.000728,0.001465,-0.001745,0.001745,-0.012265,0.088930,0.005712,-0.001745,-0.035218,-0.001954,0.023959,-0.001745,-0.001969,0.001600,0.001745,0.000000,-0.067329,0.004214,-0.044603,0.003491,-0.053454,-0.001165,0.025405,0.001745,-0.050867,-0.036149
1771203696.082,231,1,1,0.0012,0.9985,0.0001,0.0001,0.0000,0.0000,0.0001,0.012449,0.002721,0.002048,0.001283,0.005299,-0.003491,0.003491,-0.022200,0.079350,-0.008668,-0.003491,-0.025394,-0.003125,0.047065,-0.003491,0.017083,0.002399,0.001745,0.000000,-0.001828,-0.007601,-0.055336,0.003491,-0.076989,-0.000695,0.025665,0.001745,-0.017024,-0.003018
1771203696.182,234,1,1,0.0010,0.9985,0.0002,0.0001,0.0000,0.0000,0.0002,0.008038,0.032232,0.001290,0.003507,0.002588,-0.003491,0.003491,-0.065474,0.051080,0.036661,-0.003491,-0.006031,-0.005669,0.005227,-0.001745,-0.001191,-0.005275,0.001745,0.000000,-0.139390,-0.000645,-0.037447,0.001745,0.132311,0.048303,0.000795,0.001745,0.077585,0.122556
1771203696.283,237,1,1,0.0007,0.9988,0.0002,0.0001,0.0000,0.0000,0.0002,0.006987,0.012738,0.004406,0.000655,0.004530,-0.003491,0.003491,-0.092840,0.014868,0.065485,-0.003491,-0.012345,-0.003297,-0.020107,-0.003491,-0.068546,-0.046062,0.003491,0.000000,-0.182620,0.028007,-0.032185,0.001745,0.040662,0.005622,-0.006212,0.001745,0.015935,0.055650
1771203696.384,240,1,1,0.0004,0.9993,0.0001,0.0002,0.0000,0.0000,0.0001,0.006981,0.003511,0.002446,0.004269,0.007172,-0.006981,0.006981,-0.069468,-0.098468,0.055869,-0.005236,-0.090540,0.019194,0.001727,-0.001745,-0.154170,-0.094017,0.001745,0.000000,-0.177152,0.022584,-0.015091,0.001745,0.012571,-0.001485,-0.018070,0.003491,-0.017477,-0.009772
1771203696.485,243,1,1,0.0001,0.9995,0.0001,0.0002,0.0000,0.0000,0.0000,0.026018,0.002420,0.003846,0.003873,0.006729,-0.006981,0.003491,0.090502,-0.106005,0.053183,-0.003491,-0.035155,-0.006034,0.002667,-0.001745,0.082510,0.079859,0.001745,0.000000,-0.066976,-0.012315,-0.046119,0.003491,-0.057422,-0.027890,0.018194,0.001745,-0.001409,0.003860
1771203696.585,246,1,1,0.0001,0.9994,0.0000,0.0004,0.0000,0.0000,0.0001,0.025683,0.001789,0.001692,0.004995,0.005138,-0.006981,0.006981,0.000676,-0.077880,0.051944,-0.005236,0.061216,-0.047376,0.003907,-0.001745,0.087354,0.096114,0.001745,-0.001745,-0.046310,-0.019252,-0.051140,0.003491,-0.018363,-0.012563,0.014488,0.001745,-0.024496,-0.013440
1771203696.685,249,1,1,0.0001,0.9995,0.0000,0.0004,0.0000,0.0000,0.0000,0.026550,0.013656,0.002312,0.003536,0.007606,-0.006981,0.006981,-0.083005,-0.034667,0.034083,-0.005236,0.026190,-0.042164,0.020022,-0.003491,0.108751,0.122567,0.001745,0.000000,-0.039555,-0.010595,0.092112,0.001745,0.024101,0.000706,-0.125273,0.000000,-0.017546,0.043457
1771203696.786,252,1,1,0.0000,0.9986,0.0000,0.0013,0.0000,0.0000,0.0000,0.054944,0.010133,0.000762,0.003252,0.003498,-0.006981,0.003491,0.090298,-0.045111,-0.006223,-0.005236,0.083512,-0.037063,0.056838,-0.001745,0.233587,0.191607,0.001745,0.000000,-0.061938,0.016699,0.077741,0.001745,0.009282,-0.000524,-0.098685,0.001745,-0.030961,0.012637
1771203696.886,255,1,1,0.0000,0.9982,0.0001,0.0017,0.0000,0.0000,0.0000,0.034358,0.011192,0.000593,0.001144,0.001428,-0.006981,0.003491,0.130336,-0.088365,0.028406,-0.005236,0.058765,-0.025301,0.022208,-0.001745,0.084879,0.084206,0.003491,0.000000,-0.012777,0.031890,0.042379,0.003491,0.029600,0.003707,-0.059832,0.003491,0.003381,0.012878
1771203696.987,258,1,1,0.0001,0.9988,0.0001,0.0010,0.0000,0.0000,0.0000,0.026137,0.004021,0.000472,0.001525,0.001956,-0.003491,0.006981,0.108103,-0.067961,0.018622,-0.005236,0.037776,-0.019641,0.030247,-0.003491,0.057884,0.054027,0.003491,0.000000,-0.003336,-0.018271,0.019311,0.001745,0.007192,-0.001487,-0.040255,0.001745,-0.002024,0.014764
1771203697.088,261,1,1,0.0001,0.9994,0.0001,0.0004,0.0000,0.0000,0.0000,0.026722,0.003304,0.000428,0.002637,0.002025,-0.006981,0.006981,0.056070,-0.049410,-0.000630,-0.005236,-0.007918,-0.022226,0.049499,-0.001745,0.118673,0.089437,0.003491,-0.001745,-0.000123,-0.011664,0.019603,0.001745,-0.020213,-0.006209,-0.051018,0.001745,-0.023201,0.013061
1771203697.188,264,1,1,0.0000,0.9993,0.0000,0.0006,0.0000,0.0000,0.0000,0.019258,0.000724,0.003208,0.002133,0.003640,-0.006981,0.006981,0.028264,-0.032859,-0.015094,-0.003491,-0.047378,-0.023352,0.065709,-0.001745,0.038280,0.091860,0.003491,0.000000,-0.008910,-0.001001,-0.027882,0.001745,-0.142847,-0.041758,0.001702,0.001745,-0.061144,-0.013204
1771203697.289,267,1,1,0.0000,0.9997,0.0000,0.0002,0.0000,0.0000,0.0000,0.007563,0.000582,0.002097,0.000874,0.002417,-0.006981,0.006981,0.006728,0.029928,0.009090,-0.003491,-0.049061,-0.019113,0.038034,-0.003491,-0.241045,-0.161046,0.003491,0.000000,-0.012664,-0.002999,-0.011206,0.001745,-0.124771,-0.025799,-0.011484,0.001745,-0.108972,-0.075863
1771203697.389,270,1,1,0.0000,0.9999,0.0000,0.0001,0.0000,0.0000,0.0000,0.010633,0.022034,0.001902,0.001795,0.003100,-0.003491,0.006981,-0.020582,0.075232,0.034583,-0.005236,-0.053225,-0.014320,0.010796,-0.003491,-0.097418,-0.080404,0.001745,-0.003491,-0.081242,-0.004289,-0.105856,0.003491,-0.054564,-0.028494,0.088402,0.003491,0.120549,0.046726
1771203697.489,273,1,1,0.0000,0.9999,0.0000,0.0000,0.0000,0.0000,0.0000,0.010281,0.025733,0.000670,0.003325,0.002993,-0.006981,0.006981,-0.041933,0.064913,0.051479,-0.005236,-0.030448,-0.001712,-0.006100,-0.001745,-0.064036,-0.038335,0.003491,0.000000,-0.063803,-0.002059,-0.111772,0.001745,0.026777,-0.014267,0.089083,0.003491,0.105205,0.079010
1771203697.590,276,1,1,0.0000,0.9999,0.0000,0.0000,0.0000,0.0000,0.0000,0.008202,0.031207,0.001569,0.001924,0.002497,-0.003491,0.006981,-0.069050,0.044319,0.040477,-0.005236,-0.044005,-0.003916,0.006647,-0.001745,-0.078208,-0.045446,0.001745,0.000000,-0.044434,0.004953,-0.085168,0.001745,0.109792,0.059220,0.062479,0.003491,0.050521,0.080540
1771203697.690,279,1,1,0.0000,0.9999,0.0000,0.0000,0.0000,0.0000,0.0000,0.008371,0.021283,0.001081,0.001096,0.001644,-0.003491,0.006981,-0.063199,0.042854,0.050238,-0.005236,-0.043159,-0.003683,0.000376,-0.003491,-0.037974,-0.017563,0.001745,0.000000,-0.022476,-0.004573,-0.081050,0.001745,0.022013,0.019899,0.056616,0.001745,0.047874,0.103759
1771203697.790,282,1,1,0.0000,0.9999,0.0000,0.0000,0.0000,0.0000,0.0000,0.008038,0.007140,0.001048,0.002319,0.003018,-0.006981,0.006981,-0.088908,0.040608,0.039026,-0.005236,-0.078605,-0.005722,0.009844,-0.001745,-0.044788,-0.008993,0.001745,0.000000,-0.005098,0.011292,-0.058447,0.001745,-0.041865,-0.019108,0.032267,0.001745,-0.035678,0.036880
1771203697.891,285,1,1,0.0000,0.9999,0.0000,0.0000,0.0000,0.0000,0.0000,0.007193,0.010170,0.000529,0.001041,0.000430,-0.003491,0.006981,-0.041263,0.033956,0.039284,-0.003491,-0.062439,-0.003471,0.006095,-0.001745,-0.044227,-0.013016,0.001745,0.000000,-0.022668,0.006809,-0.109449,0.001745,-0.072960,-0.030186,0.079778,0.003491,-0.016877,0.028468
1771203697.991,288,1,1,0.0000,0.9999,0.0000,0.0000,0.0000,0.0000,0.0000,0.005850,0.015809,0.000358,0.005705,0.005629,-0.006981,0.003491,-0.018544,0.021332,0.023560,-0.005236,-0.059913,-0.002890,0.021819,-0.001745,-0.036274,-0.013293,0.001745,-0.001745,-0.051052,0.041761,-0.085358,0.003491,0.010613,0.008355,0.055687,0.003491,0.033366,0.031195
1771203698.092,291,1,1,0.0000,1.0000,0.0000,0.0000,0.0000,0.0000,0.0000,0.006230,0.023340,0.002265,0.000890,0.001247,-0.006981,0.003491,-0.002675,0.016296,0.015898,-0.005236,-0.062005,-0.004215,0.029480,-0.001745,-0.001340,0.009590,0.001745,0.000000,-0.079349,0.104070,-0.083869,0.003491,0.003949,0.026945,0.050708,0.001745,0.039087,0.048337
1771203698.194,294,1,1,0.0000,0.9999,0.0001,0.0000,0.0000,0.0000,0.0000,0.006074,0.026359,0.002369,0.001567,0.001175,-0.003491,0.006981,0.010565,-0.013911,0.055343,-0.003491,-0.064969,-0.002655,-0.006473,-0.001745,-0.118920,-0.035452,0.003491,-0.001745,0.037440,0.086288,-0.016013,0.003491,0.110304,0.037186,-0.018894,0.003491,-0.005080,0.034620
1771203698.295,297,1,1,0.0000,0.9998,0.0002,0.0000,0.0000,0.0000,0.0000,0.025877,0.024817,0.005263,0.004669,0.002728,-0.003491,0.008727,-0.013692,-0.072551,0.007002,-0.005236,0.039688,0.022420,0.041868,-0.001745,0.101715,0.089110,0.001745,0.000000,0.051326,0.067869,0.031105,0.003491,0.073858,0.030083,-0.062521,0.001745,-0.003798,0.036578
1771203698.394,300,1,1,0.0000,0.9976,0.0023,0.0000,0.0000,0.0000,0.0000,0.012165,0.018996,0.004085,0.002287,0.002429,-0.003491,0.006981,-0.018092,-0.067222,0.034623,-0.005236,0.060104,0.006913,0.014247,-0.001745,0.022272,0.000837,0.001745,0.000000,-0.099605,0.040459,0.039064,0.005236,0.080298,0.020510,-0.068734,0.001745,-0.000395,0.038892
1771203698.495,303,1,1,0.0000,0.9989,0.0011,0.0000,0.0000,0.0000,0.0000,0.010172,0.017935,0.002634,0.002448,0.000321,-0.003491,0.006981,0.008533,0.009257,0.004377,-0.003491,0.042837,0.007337,0.042747,-0.003491,-0.054368,-0.082847,0.003491,-0.001745,-0.150680,0.008439,0.015969,0.003491,0.091000,0.020630,-0.045639,0.003491,0.020571,0.048144
1771203698.594,306,1,1,0.0000,0.9998,0.0002,0.0000,0.0000,0.0000,0.0000,0.010161,0.015948,0.002446,0.001664,0.000661,-0.003491,0.006981,0.057886,0.005836,-0.004106,-0.005236,-0.001927,-0.008224,0.051230,-0.001745,-0.022857,-0.036354,0.005236,-0.001745,-0.100818,-0.014005,0.000147,0.003491,0.087032,0.025054,-0.033308,0.001745,0.013942,0.054727
1771203698.695,309,1,1,0.0000,0.9999,0.0001,0.0000,0.0000,0.0000,0.0000,0.006670,0.016947,0.002397,0.005021,0.003087,-0.003491,0.006981,-0.006104,-0.001464,0.036087,-0.005236,-0.012826,-0.002377,0.007546,-0.001745,0.011243,0.018182,0.003491,-0.001745,-0.018628,-0.011150,-0.015642,0.003491,0.040177,0.009355,-0.007048,0.003491,0.055739,0.087618
1771203698.799,312,1,1,0.0000,0.9999,0.0000,0.0000,0.0000,0.0000,0.0000,0.004218,0.023250,0.001637,0.002646,0.004338,-0.006981,0.006981,-0.103768,-0.002738,0.004680,-0.003491,-0.116709,-0.026560,0.038953,-0.001745,-0.136875,-0.086306,0.001745,0.000000,-0.035960,-0.012596,-0.032984,0.005236,0.013067,-0.000809,0.013785,0.003491,0.111874,0.129800
1771203698.900,315,1,1,0.0000,1.0000,0.0000,0.0000,0.0000,0.0000,0.0000,0.004878,0.016811,0.003478,0.005867,0.010235,-0.006981,0.006981,-0.044816,0.001220,-0.001467,-0.005236,-0.092968,-0.027653,0.050336,0.000000,-0.046741,-0.045961,0.001745,-0.003491,-0.046647,-0.016451,-0.029032,0.005236,-0.010931,-0.006496,-0.000639,0.003491,0.069899,0.121359
1771203699.001,318,1,1,0.0000,1.0000,0.0000,0.0000,0.0000,0.0000,0.0000,0.026779,0.007332,0.004650,0.003553,0.006807,-0.003491,0.003491,-0.082507,0.021239,-0.013261,-0.003491,0.075440,0.018885,0.056895,-0.003491,0.069293,0.076103,0.000000,-0.003491,0.024792,-0.007160,-0.031472,0.003491,-0.054121,-0.026526,0.007038,0.005236,-0.034865,0.047430
1771203699.100,321,1,1,0.0000,1.0000,0.0000,0.0000,0.0000,0.0000,0.0000,0.011569,0.010722,0.002390,0.000995,0.003655,-0.003491,0.003491,-0.046835,0.013211,-0.046275,-0.003491,0.024694,0.009268,0.088162,-0.001745,-0.004698,-0.003144,-0.003491,-0.001745,0.092101,-0.005723,-0.011661,0.005236,-0.029612,-0.015477,-0.012773,0.005236,-0.041420,0.026097
1771203699.200,324,1,1,0.0000,0.9999,0.0001,0.0000,0.0000,0.0000,0.0000,0.010411,0.008931,0.004850,0.000403,0.003535,-0.003491,0.003491,-0.020025,0.065744,-0.011504,-0.005236,-0.034699,-0.002891,0.053391,-0.003491,0.002308,-0.000656,-0.036652,-0.005236,0.052982,-0.002770,0.019469,0.003491,-0.038708,-0.009358,-0.045649,0.005236,-0.032201,0.025994
1771203699.301,327,1,1,0.0000,0.9999,0.0001,0.0000,0.0000,0.0000,0.0000,0.032124,0.012326,0.004176,0.001082,0.003216,-0.003491,0.003491,-0.092329,0.048911,0.023215,-0.003491,0.036886,0.027541,0.018673,-0.001745,0.098778,0.127996,-0.057596,-0.006981,0.106875,0.003321,0.012160,0.005236,-0.054445,-0.009327,-0.043576,0.005236,-0.039539,0.015089
1771203699.401,330,1,1,0.0000,0.9999,0.0001,0.0000,0.0000,0.0000,0.0000,0.032924,0.010148,0.002752,0.003291,0.001435,-0.006981,0.006981,-0.125292,0.040680,-0.002381,-0.003491,0.066108,0.060690,0.042524,-0.001745,0.072483,0.105627,-0.075049,-0.006981,0.071339,0.019979,0.002459,0.005236,-0.050159,-0.005959,-0.037365,0.005236,-0.003736,0.017525
1771203699.502,333,1,1,0.0000,0.9998,0.0001,0.0000,0.0000,0.0000,0.0000,0.014356,0.023303,0.002962,0.004376,0.003113,-0.003491,0.006981,-0.107306,0.052799,-0.001170,-0.005236,0.007262,0.026946,0.039567,-0.001745,-0.038299,0.038713,-0.076794,-0.006981,0.142051,-0.006363,-0.009087,0.005236,-0.048699,-0.004160,-0.024074,0.003491,0.068995,0.059867
1771203699.602,336,1,1,0.0000,0.9999,0.0001,0.0000,0.0000,0.0000,0.0000,0.006596,0.032609,0.002187,0.003420,0.003461,-0.006981,0.003491,0.000200,0.038810,0.014544,-0.005236,-0.069576,-0.033596,0.022108,-0.001745,-0.122393,-0.099330,-0.090757,-0.001745,0.260152,-0.030082,0.032951,0.003491,-0.095983,-0.021464,-0.062622,0.005236,0.026182,0.063302
1771203699.704,339,1,1,0.0000,0.9999,0.0001,0.0000,0.0000,0.0000,0.0000,0.020123,0.025540,0.001552,0.004295,0.004323,-0.003491,0.008727,0.135601,0.015297,0.026943,-0.005236,0.002586,0.002986,0.009709,-0.003491,0.024358,0.015273,-0.094248,0.006981,0.233636,-0.010380,0.052431,0.003491,-0.135208,-0.038900,-0.082102,0.005236,-0.063074,0.004702
1771203699.805,342,1,1,0.0000,0.9999,0.0001,0.0000,0.0000,0.0000,0.0000,0.019802,0.027051,0.002167,0.000891,0.004198,-0.003491,0.006981,0.082166,0.013264,0.027696,-0.003491,0.009573,0.010164,0.008956,-0.003491,0.049786,0.029037,-0.099484,0.012217,0.194925,0.002242,0.106506,0.003491,-0.107356,-0.028981,-0.137922,0.005236,-0.071046,-0.016799
1771203699.904,345,1,1,0.0000,0.9998,0.0001,0.0000,0.0000,0.0000,0.0000,0.053935,0.020651,0.006230,0.003200,0.006912,-0.006981,0.006981,0.092186,0.004243,0.063520,-0.005236,0.056862,0.027406,-0.023377,-0.001745,0.190026,0.205994,-0.099484,0.010472,0.117585,-0.002129,0.012823,0.005236,-0.069200,-0.023722,-0.040748,0.005236,0.055759,0.040700
1771203700.009,348,1,1,0.0000,0.9995,0.0004,0.0001,0.0000,0.0000,0.0000,0.052448,0.023120,0.002411,0.001856,0.004653,-0.003491,0.008727,0.016536,0.083826,0.100171,-0.005236,0.172094,0.099391,-0.054792,-0.001745,0.065291,0.083344,-0.097738,0.008727,0.032671,0.046396,0.007752,0.003491,-0.017137,0.000085,-0.030441,0.005236,0.081029,0.092050
1771203700.106,351,1,1,0.0000,0.9969,0.0030,0.0000,0.0000,0.0000,0.0000,0.082029,0.096484,0.004628,0.001212,0.005895,-0.006981,0.006981,-0.064876,0.214064,0.144515,-0.005236,0.299495,0.215711,-0.102627,-0.003491,0.040607,0.062971,-0.095993,0.008727,0.293132,0.250135,0.049235,0.005236,0.202785,0.042348,-0.080651,0.005236,0.168933,0.132041
1771203700.208,354,1,1,0.0000,0.9793,0.0206,0.0000,0.0000,0.0000,0.0001,0.097130,0.111062,0.001719,0.000680,0.001550,-0.003491,0.006981,-0.123105,0.191552,0.088007,-0.005236,0.272829,0.213099,-0.046119,-0.003491,0.194026,0.199067,-0.095993,0.008727,0.608594,0.263758,0.153125,0.005236,0.155753,0.049211,-0.186286,0.005236,0.035602,0.047508
1771203700.308,357,1,1,0.0000,0.8856,0.1141,0.0001,0.0000,0.0000,0.0001,0.058414,0.087805,0.002184,0.001051,0.003688,-0.008727,0.022689,-0.014563,0.172390,0.046619,-0.005236,0.135457,0.124079,0.002250,-0.003491,0.085586,0.111893,-0.095993,0.019199,0.417673,0.246804,0.102507,0.003491,0.125985,0.090475,-0.128687,0.005236,0.004736,0.037558
1771203700.409,360,1,1,0.0003,0.9461,0.0353,0.0164,0.0005,0.0001,0.0013,0.089629,0.086724,0.001141,0.000386,0.001106,-0.010472,0.036652,0.026814,0.131648,0.008810,-0.005236,0.226221,0.195065,0.031333,-0.003491,0.196229,0.222778,-0.095993,0.036652,0.369569,0.221722,0.063388,0.005236,0.144829,0.101945,-0.089568,0.005236,0.043479,0.048628
1771203700.512,363,1,1,0.0001,0.9411,0.0352,0.0196,0.0007,0.0001,0.0033,0.084657,0.098186,0.000577,0.001163,0.001840,-0.006981,0.036652,0.172457,0.127903,0.064637,-0.005236,0.236775,0.158857,-0.029730,-0.005236,0.098268,0.120341,-0.095993,0.034907,0.381972,0.216440,0.041354,0.005236,0.148937,0.111755,-0.065789,0.005236,0.132303,0.100092
1771203700.613,366,2,2,0.0000,0.4382,0.5598,0.0011,0.0007,0.0000,0.0002,0.132131,0.110867,0.002677,0.001110,0.001929,-0.008727,0.034907,0.249531,0.116706,0.103481,-0.005236,0.344668,0.254415,-0.065084,-0.003491,0.226199,0.255664,-0.097738,0.034907,0.313715,0.206327,0.029223,0.005236,0.244226,0.205168,-0.058894,0.005236,0.145885,0.140486
1771203700.712,369,1,1,0.0000,0.7745,0.1487,0.0675,0.0055,0.0000,0.0037,0.120431,0.067870,0.003223,0.001801,0.003156,-0.008727,0.027925,0.264941,0.106243,0.118413,-0.005236,0.266359,0.230068,-0.081761,-0.003491,0.191837,0.239380,-0.095993,0.029671,0.332297,0.156991,0.005559,0.005236,0.107867,0.099602,-0.035229,0.006981,0.017537,0.052703
1771203700.813,372,1,1,0.0001,0.8083,0.0274,0.1026,0.0022,0.0000,0.0595,0.099399,0.041232,0.002970,0.002365,0.004627,-0.006981,0.019199,0.189434,0.113273,0.044785,-0.005236,0.213290,0.242898,-0.011624,-0.003491,0.158944,0.210962,-0.092502,0.026180,0.298354,0.156290,-0.020220,0.006981,-0.038487,-0.024353,-0.002469,0.006981,-0.038320,-0.002609
1771203700.913,375,1,1,0.0003,0.7634,0.0130,0.0203,0.0005,0.0000,0.2025,0.077629,0.038162,0.003880,0.001021,0.003904,-0.008727,0.020944,0.187209,0.109268,0.026554,-0.005236,0.172187,0.178743,0.006608,-0.003491,0.106138,0.123897,-0.083776,0.006981,0.274858,0.151193,-0.033636,0.006981,-0.065028,-0.074764,0.012693,0.005236,-0.018662,-0.009748
1771203701.012,378,1,1,0.0202,0.7834,0.0003,0.0102,0.0000,0.0000,0.1858,0.068189,0.033946,0.000918,0.000475,0.001582,-0.008727,0.020944,0.209912,0.104970,0.011939,-0.005236,0.131401,0.141855,0.005514,-0.003491,0.097011,0.094718,-0.073304,0.000000,0.238333,0.143748,-0.035743,0.006981,-0.025368,-0.041725,0.011308,0.006981,-0.001016,-0.009638
1771203701.113,381,1,1,0.0271,0.9556,0.0002,0.0078,0.0000,0.0000,0.0093,0.063737,0.032277,0.001071,0.001091,0.001770,-0.008727,0.027925,0.203444,0.099899,0.031248,-0.005236,0.131610,0.123493,-0.019031,-0.003491,0.067800,0.079431,-0.062832,-0.001745,0.218276,0.135698,-0.039487,0.006981,-0.005824,-0.014697,0.011562,0.005236,0.009576,-0.002209
1771203701.214,384,1,1,0.1826,0.7831,0.0002,0.0170,0.0001,0.0001,0.0170,0.056872,0.027192,0.002078,0.002929,0.004233,-0.008727,0.031416,0.181826,0.084168,0.030826,-0.005236,0.129637,0.101511,-0.015118,-0.003491,0.055117,0.067969,-0.057596,0.000000,0.198117,0.057796,-0.015821,0.006981,0.005204,0.023931,-0.010359,0.006981,0.003737,0.023558
1771203701.315,387,3,1,0.0014,0.0205,0.0000,0.9776,0.0001,0.0002,0.0001,0.053307,0.030679,0.001329,0.001549,0.001639,-0.008727,0.034907,0.147328,0.092633,0.025642,-0.005236,0.127631,0.100467,-0.002953,-0.005236,0.048923,0.062152,-0.050615,0.001745,0.139600,-0.006973,-0.025569,0.006981,0.047747,0.083927,0.009861,0.005236,0.013409,0.059637
1771203701.415,390,3,3,0.0006,0.0059,0.0000,0.9932,0.0000,0.0002,0.0001,0.056803,0.026364,0.000266,0.001377,0.000956,-0.008727,0.036652,0.147139,0.132668,0.027947,-0.003491,0.122083,0.097564,-0.005258,-0.003491,0.052310,0.065272,-0.050615,0.003491,0.157568,-0.028752,-0.031748,0.005236,0.051615,0.050773,0.012549,0.006981,-0.013970,0.028154
1771203701.516,393,3,3,0.0019,0.0062,0.0003,0.8395,0.0002,0.1506,0.0012,0.054341,0.017732,0.000629,0.001012,0.001116,-0.008727,0.043633,0.155007,0.142769,0.036061,-0.005236,0.094306,0.073922,-0.015117,-0.003491,0.047888,0.058501,-0.050615,0.006981,0.117639,-0.009930,-0.033805,0.006981,0.032806,0.032022,0.011116,0.005236,-0.034477,-0.012499
1771203701.616,396,3,5,0.0007,0.0040,0.0002,0.9095,0.0001,0.0848,0.0008,0.054882,0.024734,0.003711,0.001537,0.004627,-0.008727,0.050615,0.150483,0.147188,0.027630,-0.006981,0.103739,0.075644,-0.011922,-0.001745,0.048388,0.054894,-0.050615,0.008727,0.097355,-0.006565,-0.038882,0.006981,0.089803,0.071554,0.009212,0.005236,0.004606,0.003330
1771203701.716,399,5,5,0.0021,0.0055,0.0004,0.4081,0.0014,0.5803,0.0021,0.083138,0.022230,0.000454,0.000256,0.000479,-0.008727,0.057596,0.115269,0.158242,0.017819,-0.006981,0.206206,0.186647,-0.010838,-0.001745,0.127624,0.128258,-0.050615,0.010472,0.106971,-0.022389,-0.031573,0.006981,0.047330,0.075629,0.005393,0.005236,-0.019468,0.008745
1771203701.816,402,5,5,0.0009,0.0016,0.0002,0.1765,0.0006,0.8196,0.0006,0.081057,0.032979,0.000538,0.000753,0.001046,-0.008727,0.062832,0.147060,0.147672,0.008361,-0.006981,0.200275,0.169431,-0.004870,-0.003491,0.115740,0.121315,-0.054105,0.012217,0.067604,-0.011017,-0.036200,0.006981,0.082886,0.143025,0.013510,0.005236,0.014301,0.049982
1771203701.917,405,5,5,0.0005,0.0006,0.0002,0.0517,0.0005,0.9462,0.0003,0.088211,0.059932,0.001059,0.001198,0.002283,-0.010472,0.071558,0.134847,0.156735,0.006813,-0.006981,0.221690,0.170068,-0.003322,-0.001745,0.157175,0.139650,-0.054105,0.012217,0.086930,-0.039483,-0.066854,0.006981,0.169635,0.218097,0.049401,0.005236,0.076768,0.093922
1771203702.017,408,5,5,0.0002,0.0002,0.0001,0.0087,0.0004,0.9900,0.0003,0.078634,0.057868,0.002125,0.000517,0.001822,-0.010472,0.076794,0.120002,0.161989,0.011977,-0.005236,0.167956,0.133367,-0.010232,-0.001745,0.136896,0.134627,-0.054105,0.012217,0.102864,-0.066100,-0.046637,0.006981,0.143948,0.209848,0.036165,0.006981,0.074932,0.100482
1771203702.117,411,5,5,0.0002,0.0002,0.0001,0.0007,0.0003,0.9984,0.0001,0.053732,0.035243,0.002017,0.003598,0.002681,-0.012217,0.083776,0.112399,0.181711,0.019351,-0.006981,0.095725,0.019673,-0.019351,-0.001745,0.068978,0.063168,-0.054105,0.012217,0.157115,-0.067376,0.004036,0.006981,0.049620,0.122249,-0.012763,0.006981,0.020401,0.043313
1771203702.218,414,5,5,0.0003,0.0002,0.0001,0.0007,0.0002,0.9984,0.0001,0.052394,0.028784,0.001261,0.000823,0.001381,-0.012217,0.097738,0.080536,0.222823,0.022119,-0.008727,0.062368,-0.048937,-0.022119,-0.001745,0.082247,0.060900,-0.054105,0.013963,0.153585,-0.051358,0.028977,0.006981,0.034160,0.097304,-0.034213,0.005236,-0.005230,0.005200
1771203702.319,417,5,5,0.0004,0.0001,0.0000,0.0005,0.0002,0.9986,0.0001,0.046508,0.032635,0.001019,0.001046,0.000436,-0.012217,0.097738,0.062197,0.263371,0.056317,-0.005236,0.033018,-0.079465,-0.054572,-0.001745,0.032121,0.013330,-0.054105,0.013963,0.146314,-0.042437,0.013799,0.006981,0.057305,0.121308,-0.019035,0.005236,0.002813,0.023906
1771203702.419,420,5,5,0.0004,0.0002,0.0000,0.0005,0.0003,0.9984,0.0002,0.045884,0.038042,0.001764,0.001701,0.000967,-0.012217,0.097738,0.016639,0.319402,0.026037,0.000000,0.034123,-0.081584,-0.022546,-0.003491,0.036091,0.020572,-0.050615,0.010472,0.144682,-0.045269,0.012281,0.012217,0.074946,0.131507,-0.017517,0.005236,0.021753,0.043407
1771203702.520,423,5,5,0.0004,0.0002,0.0001,0.0007,0.0008,0.9974,0.0003,0.042003,0.044983,0.000803,0.001424,0.000849,-0.010472,0.094248,-0.016685,0.328202,0.029064,0.000000,0.022891,-0.085565,-0.023828,-0.003491,0.015121,0.014504,-0.036652,0.005236,0.120144,-0.043899,-0.022150,0.022689,0.110282,0.170616,0.016914,0.006981,0.034495,0.052438
1771203702.620,426,5,5,0.0012,0.0030,0.0005,0.0015,0.0210,0.9626,0.0102,0.051942,0.060564,0.001893,0.001070,0.001107,-0.010472,0.094248,0.004627,0.350478,0.043886,0.001745,0.055095,-0.063854,-0.038650,-0.003491,0.040136,0.033085,-0.020944,0.000000,0.092533,-0.044876,-0.029216,0.040143,0.164671,0.250517,0.023980,0.006981,0.060303,0.087642
1771203702.720,429,5,5,0.0029,0.0087,0.0009,0.0020,0.1073,0.8492,0.0291,0.055430,0.057296,0.000523,0.001465,0.001046,-0.010472,0.094248,-0.018281,0.362388,0.058652,0.005236,0.068206,-0.052130,-0.051671,-0.003491,0.040762,0.035669,-0.012217,-0.003491,0.075294,-0.040487,-0.026397,0.061087,0.155667,0.241604,0.021161,0.005236,0.046591,0.080911
1771203702.821,432,5,5,0.0083,0.0778,0.0052,0.0282,0.3569,0.4711,0.0525,0.063739,0.058857,0.001594,0.001619,0.000719,-0.012217,0.095993,0.001430,0.361014,0.069295,0.008727,0.091436,-0.014872,-0.062314,-0.005236,0.065919,0.071054,-0.005236,-0.005236,0.049748,-0.032639,-0.035380,0.073304,0.169673,0.242767,0.030144,0.006981,0.053189,0.080476
1771203702.921,435,4,4,0.0028,0.0507,0.0029,0.1174,0.7715,0.0468,0.0078,0.086755,0.058529,0.000914,0.000972,0.000227,-0.012217,0.095993,0.019029,0.364628,0.075417,0.008727,0.163934,0.069418,-0.068435,-0.003491,0.120067,0.123847,-0.001745,-0.005236,0.044973,-0.038872,-0.043427,0.082030,0.156689,0.241018,0.036446,0.005236,0.053252,0.082705
1771203703.021,438,4,4,0.0011,0.0078,0.0018,0.0229,0.8803,0.0842,0.0018,0.107635,0.067291,0.000846,0.000696,0.000657,-0.012217,0.095993,0.026202,0.370699,0.073499,0.008727,0.260706,0.140679,-0.066517,-0.003491,0.157724,0.157395,0.000000,-0.005236,0.012432,-0.051523,-0.060152,0.087266,0.168551,0.256770,0.054916,0.006981,0.079829,0.140742
1771203703.121,441,5,4,0.0010,0.0027,0.0015,0.0112,0.3409,0.6415,0.0012,0.112458,0.079239,0.000574,0.000646,0.000392,-0.010472,0.094248,0.044622,0.363908,0.058892,0.008727,0.280528,0.167190,-0.051910,-0.003491,0.163030,0.168347,0.000000,-0.006981,0.013324,-0.068926,-0.059301,0.095993,0.217273,0.267884,0.054065,0.005236,0.119632,0.177467
1771203703.221,444,4,4,0.0014,0.0048,0.0136,0.0033,0.8427,0.1333,0.0008,0.068332,0.080175,0.002518,0.000772,0.001899,-0.012217,0.095993,0.026937,0.299848,-0.011113,0.008727,0.151785,0.083064,0.018094,-0.003491,0.047598,0.087941,0.000000,-0.005236,0.024027,-0.071741,-0.063937,0.101229,0.220352,0.267078,0.056955,0.005236,0.114289,0.172930
1771203703.325,447,4,4,0.0015,0.0149,0.0389,0.0009,0.9267,0.0136,0.0035,0.054187,0.082317,0.001766,0.002300,0.003472,-0.012217,0.095993,0.055721,0.228711,-0.033209,0.006981,0.098213,0.038278,0.040190,-0.003491,0.031711,0.054441,0.000000,-0.005236,0.004835,-0.064778,-0.071571,0.101229,0.225874,0.294493,0.066335,0.006981,0.111557,0.176505
1771203703.425,450,4,4,0.0008,0.0018,0.0130,0.0025,0.9687,0.0115,0.0016,0.139276,0.101316,0.000501,0.001580,0.001661,-0.012217,0.095993,0.179066,0.264454,-0.042934,0.000000,0.361466,0.307357,0.048170,-0.003491,0.199351,0.215450,0.000000,-0.005236,-0.024557,-0.056741,-0.135557,0.092502,0.255218,0.341408,0.130321,0.005236,0.160863,0.230237
1771203703.525,453,0,0,0.3490,0.1753,0.1173,0.1686,0.1641,0.0145,0.0113,0.147772,0.111267,0.000146,0.001406,0.001666,-0.012217,0.097738,0.162770,0.267301,-0.046842,-0.001745,0.439265,0.379267,0.053823,-0.003491,0.172754,0.200346,0.000000,0.003491,-0.029817,-0.057591,-0.156940,0.080285,0.273173,0.352095,0.151704,0.006981,0.207592,0.259877
1771203703.625,456,0,0,0.3431,0.1377,0.1510,0.1510,0.1962,0.0122,0.0088,0.123377,0.089466,0.001610,0.001181,0.001043,-0.008727,0.092502,0.180818,0.217922,-0.006207,0.003491,0.444385,0.323583,0.011443,-0.005236,0.099043,0.107342,0.000000,0.008727,-0.024720,-0.037911,-0.101472,0.076794,0.243666,0.251524,0.089255,0.005236,0.188292,0.210104
1771203703.726,459,4,4,0.0318,0.0304,0.1638,0.3067,0.4453,0.0201,0.0020,0.126987,0.068723,0.003039,0.001395,0.002440,-0.008727,0.092502,0.187030,0.206115,0.029534,0.005236,0.496609,0.340106,-0.024298,-0.003491,0.080400,0.086312,0.000000,0.008727,0.009055,-0.021263,-0.044110,0.076794,0.225628,0.196586,0.028402,0.005236,0.112960,0.161291
1771203703.827,462,3,3,0.0569,0.0559,0.1975,0.4982,0.1749,0.0141,0.0025,0.138531,0.056206,0.001256,0.000751,0.001314,-0.010472,0.092502,0.217119,0.157124,0.040499,0.006981,0.550153,0.352839,-0.028281,-0.001745,0.126047,0.119102,-0.003491,0.012217,0.022112,-0.006076,-0.011945,0.076794,0.212951,0.168467,-0.005508,0.005236,0.063325,0.113363
1771203703.927,465,3,3,0.0993,0.0996,0.1890,0.5104,0.0856,0.0140,0.0022,0.145536,0.053938,0.000768,0.000790,0.000702,-0.010472,0.094248,0.215095,0.125677,0.048386,0.006981,0.556279,0.369381,-0.032678,-0.001745,0.164616,0.165770,-0.001745,0.020944,0.020971,0.002068,-0.007660,0.076794,0.220332,0.167202,-0.001067,0.003491,0.043831,0.091628
1771203704.028,468,3,3,0.1805,0.2413,0.1165,0.3869,0.0642,0.0086,0.0021,0.139584,0.053634,0.000955,0.002471,0.002320,-0.012217,0.095993,0.181263,0.107167,0.037246,0.005236,0.512857,0.369223,-0.019793,-0.003491,0.172688,0.193337,-0.001745,0.024435,0.018494,-0.018789,-0.002729,0.075049,0.218603,0.178591,-0.004252,0.003491,0.034769,0.090181
1771203704.127,471,1,1,0.2651,0.4738,0.0321,0.1888,0.0341,0.0029,0.0031,0.106087,0.056603,0.001953,0.003868,0.004619,-0.012217,0.095993,0.195776,0.060359,0.029241,0.006981,0.312085,0.240275,-0.011788,-0.001745,0.155715,0.176615,-0.001745,0.027925,0.028106,-0.021543,-0.004475,0.076794,0.222968,0.180878,-0.000761,0.005236,0.044675,0.092659
1771203704.228,474,1,1,0.0739,0.6037,0.0242,0.2790,0.0137,0.0021,0.0034,0.101794,0.046031,0.002343,0.005344,0.005157,-0.012217,0.094248,0.210747,0.044805,0.026582,0.006981,0.356166,0.264815,-0.003893,-0.001745,0.102316,0.114865,0.000000,0.026180,0.050874,-0.008149,-0.006324,0.078540,0.211339,0.157787,0.004579,0.005236,-0.000674,0.017834
1771203704.328,477,3,1,0.0476,0.4152,0.0126,0.5122,0.0083,0.0021,0.0020,0.102237,0.042342,0.000710,0.002646,0.003531,-0.012217,0.094248,0.207900,0.070105,0.024463,0.008727,0.393685,0.285166,0.001717,-0.001745,0.061749,0.079081,0.001745,0.015708,0.113416,-0.006938,0.006122,0.090757,0.179089,0.096030,-0.002631,0.005236,-0.060674,-0.059359
1771203704.428,480,3,3,0.0550,0.2870,0.0068,0.6390,0.0080,0.0027,0.0015,0.101125,0.051001,0.001425,0.003766,0.002882,-0.012217,0.092502,0.159552,0.110162,0.013654,0.020944,0.388933,0.273486,0.009035,-0.001745,0.064703,0.080527,0.001745,0.001745,0.101171,0.008804,-0.014996,0.115192,0.222276,0.137360,0.018487,0.005236,-0.006709,-0.028521
1771203704.528,483,3,3,0.0338,0.1910,0.0073,0.7531,0.0089,0.0044,0.0015,0.107405,0.054983,0.002228,0.003066,0.002296,-0.012217,0.094248,0.176557,0.121873,0.004895,0.041888,0.388452,0.260489,0.026521,0.000000,0.087040,0.086897,0.001745,0.000000,0.097852,-0.000051,-0.004696,0.143117,0.220519,0.161146,0.020404,0.005236,-0.007623,0.009779
1771203704.629,486,3,3,0.0030,0.0383,0.0029,0.9522,0.0023,0.0011,0.0002,0.120335,0.032242,0.002585,0.001884,0.001156,-0.010472,0.089012,0.251218,0.102228,0.007054,0.062832,0.363034,0.241241,0.026107,-0.001745,0.168127,0.133173,0.001745,0.000000,0.110095,-0.003178,0.018769,0.172788,0.050162,0.029852,-0.006551,0.003491,-0.101497,-0.033141
1771203704.729,489,3,3,0.0000,0.0044,0.0004,0.9949,0.0001,0.0001,0.0000,0.155399,0.030957,0.003385,0.002248,0.001889,-0.006981,0.080285,0.280515,0.068807,0.009318,0.069813,0.521045,0.352886,0.025589,-0.003491,0.244897,0.211627,0.003491,0.000000,0.079397,0.009830,0.049347,0.176278,0.047899,-0.005991,-0.026658,0.005236,-0.041550,-0.039295
1771203704.829,492,3,3,0.0000,0.0024,0.0002,0.9972,0.0000,0.0001,0.0000,0.164443,0.030931,0.001348,0.000888,0.001078,-0.006981,0.073304,0.242400,0.098598,0.023180,0.068068,0.636710,0.449210,0.013472,-0.001745,0.182391,0.185982,0.001745,-0.001745,0.014603,0.008050,0.058108,0.176278,0.052614,-0.000623,-0.028437,0.005236,0.038696,0.015846
1771203704.929,495,3,3,0.0002,0.0323,0.0016,0.9656,0.0002,0.0002,0.0000,0.157721,0.051305,0.001380,0.002976,0.001643,-0.006981,0.068068,0.208943,0.092289,0.012979,0.068068,0.618050,0.437805,0.023673,-0.003491,0.179960,0.182815,0.001745,-0.001745,-0.012739,-0.002791,0.076880,0.176278,0.169499,0.085716,-0.050701,0.005236,0.065679,0.034624
1771203705.029,498,3,3,0.0002,0.0221,0.0050,0.9720,0.0005,0.0003,0.0000,0.180961,0.063906,0.001577,0.001038,0.000820,-0.006981,0.068068,0.196198,0.096808,-0.012911,0.069813,0.678854,0.482315,0.049562,-0.001745,0.293414,0.236497,0.001745,-0.001745,-0.007612,-0.004053,0.038807,0.176278,0.224422,0.138488,-0.016118,0.005236,0.089785,0.092109
1771203705.130,501,3,3,0.0001,0.0038,0.0089,0.9851,0.0017,0.0004,0.0000,0.185727,0.071157,0.002330,0.002011,0.001846,-0.006981,0.064577,0.197967,0.098888,-0.028538,0.069813,0.682179,0.498811,0.065189,-0.001745,0.293358,0.257942,0.001745,-0.003491,-0.009463,-0.006358,-0.007798,0.178024,0.217886,0.144052,0.026997,0.005236,0.130074,0.149869
1771203705.230,504,3,3,0.0001,0.0017,0.0343,0.9497,0.0126,0.0015,0.0000,0.192911,0.065685,0.002245,0.002851,0.000821,-0.006981,0.062832,0.205435,0.115308,-0.026466,0.071558,0.694215,0.510787,0.063118,-0.003491,0.312717,0.278967,0.003491,-0.003491,-0.006259,-0.000099,0.003708,0.190241,0.231955,0.149938,0.008510,0.003491,0.088591,0.108299
1771203705.331,507,3,3,0.0001,0.0025,0.3310,0.5292,0.1294,0.0076,0.0001,0.198740,0.057941,0.001362,0.002880,0.002706,-0.003491,0.059341,0.239422,0.109785,-0.031524,0.073304,0.722142,0.525216,0.069922,0.000000,0.306724,0.279029,0.001745,-0.001745,0.007564,-0.012217,0.030211,0.209440,0.210196,0.139588,-0.011012,0.006981,0.017336,0.072228
1771203705.431,510,2,2,0.0000,0.0020,0.8841,0.0396,0.0685,0.0056,0.0002,0.174274,0.062045,0.001651,0.001255,0.000688,-0.003491,0.054105,0.249798,0.093546,-0.019061,0.075049,0.692236,0.471161,0.057459,-0.001745,0.200688,0.197242,0.003491,-0.001745,0.018272,-0.029093,0.023904,0.214676,0.212313,0.158132,0.005766,0.006981,0.022242,0.078766
1771203705.531,513,2,2,0.0000,0.0016,0.9295,0.0138,0.0504,0.0044,0.0002,0.156361,0.074355,0.001706,0.001201,0.001246,-0.006981,0.047124,0.194199,0.075920,0.005596,0.076794,0.692267,0.451770,0.041528,0.000000,0.156252,0.134883,0.001745,-0.003491,0.041248,-0.046209,-0.031411,0.232129,0.238182,0.176673,0.062827,0.008727,0.042433,0.088301
1771203705.631,516,2,2,0.0001,0.0015,0.9265,0.0170,0.0491,0.0056,0.0003,0.155632,0.078210,0.001389,0.003066,0.003194,-0.003491,0.034907,0.184830,0.043583,0.012951,0.076794,0.721467,0.462772,0.034173,0.000000,0.184079,0.112031,0.000000,-0.003491,0.079147,-0.064185,0.016933,0.251327,0.253639,0.164767,0.014483,0.012217,0.068638,0.077374
1771203705.731,519,2,2,0.0000,0.0010,0.9065,0.0135,0.0748,0.0039,0.0003,0.162264,0.092152,0.001970,0.001158,0.001664,-0.006981,0.026180,0.217680,0.068078,0.042584,0.076794,0.746323,0.468087,0.004540,0.003491,0.177344,0.116065,0.001745,-0.001745,0.088542,-0.080991,0.029913,0.261799,0.263745,0.193607,0.001503,0.012217,0.125501,0.127256
1771203705.832,522,2,2,0.0000,0.0006,0.8389,0.0061,0.1513,0.0028,0.0003,0.167069,0.097596,0.001121,0.003297,0.002588,-0.006981,0.026180,0.239103,0.063405,0.053112,0.076794,0.763424,0.468449,-0.005988,0.003491,0.191366,0.119504,0.001745,-0.001745,0.075516,-0.073518,0.027427,0.268781,0.267105,0.214286,0.002244,0.012217,0.151410,0.150418
1771203705.932,525,2,2,0.0000,0.0005,0.8063,0.0032,0.1876,0.0021,0.0004,0.162968,0.098196,0.003745,0.003903,0.001141,-0.006981,0.031416,0.228395,0.034534,0.047822,0.076794,0.752208,0.471522,0.002793,0.001745,0.174948,0.133435,0.001745,-0.001745,0.071466,-0.059544,0.024170,0.268781,0.259900,0.216087,0.005501,0.012217,0.159832,0.158659
1771203706.032,528,2,2,0.0000,0.0008,0.8883,0.0025,0.1064,0.0017,0.0003,0.133711,0.081861,0.002363,0.004035,0.001912,-0.006981,0.036652,0.214911,-0.016710,0.027321,0.076794,0.579144,0.437447,0.021548,0.003491,0.066908,0.140313,0.001745,-0.003491,0.101603,-0.059835,0.044497,0.267035,0.218921,0.125354,-0.016571,0.010472,0.135878,0.076831
1771203706.135,531,2,2,0.0000,0.0010,0.9799,0.0015,0.0152,0.0023,0.0002,0.139404,0.083623,0.002731,0.003144,0.000546,-0.006981,0.045379,0.219829,0.012205,0.034485,0.076794,0.601596,0.434879,0.021366,0.001745,0.079071,0.145501,0.001745,-0.001745,0.098286,-0.072692,0.098485,0.268781,0.208646,0.108257,-0.068815,0.010472,0.131447,0.077356
1771203706.233,534,2,2,0.0000,0.0010,0.9924,0.0010,0.0043,0.0010,0.0002,0.129612,0.086891,0.002548,0.003123,0.000505,-0.006981,0.043633,0.211739,-0.001350,0.009602,0.080285,0.519668,0.394930,0.058466,0.001745,0.081650,0.153621,0.001745,-0.001745,0.080989,-0.067669,0.113835,0.272271,0.221312,0.126712,-0.085910,0.010472,0.132052,0.083299
1771203706.333,537,2,2,0.0000,0.0007,0.9947,0.0001,0.0033,0.0009,0.0002,0.081334,0.092094,0.001905,0.002362,0.001246,-0.006981,0.043633,0.230784,0.014169,0.081987,0.080285,0.321363,0.188749,0.003534,0.000000,-0.089635,0.011504,0.001745,-0.001745,0.050142,-0.057848,0.085649,0.286234,0.253185,0.161779,-0.057724,0.015708,0.156322,0.094369
1771203706.434,540,2,2,0.0000,0.0011,0.9978,0.0000,0.0000,0.0000,0.0011,0.086168,0.097720,0.005393,0.006760,0.003749,-0.006981,0.041888,0.225559,0.047846,0.069722,0.080285,0.365938,0.189615,0.012308,-0.003491,-0.060387,0.000850,0.001745,-0.001745,0.026088,-0.058073,0.079042,0.305433,0.263454,0.163868,-0.051117,0.024435,0.200095,0.108481
1771203706.535,543,2,2,0.0000,0.0020,0.9946,0.0000,0.0000,0.0000,0.0032,0.084872,0.085647,0.002283,0.001578,0.001205,-0.003491,0.036652,0.211651,0.045789,0.067686,0.101229,0.364598,0.181749,0.009109,0.000000,-0.056640,-0.012964,0.001745,-0.003491,0.033261,-0.052132,0.087626,0.321141,0.232315,0.117665,-0.059701,0.029671,0.144552,0.059788
1771203706.635,546,4,2,0.0066,0.0132,0.3927,0.0008,0.4424,0.0979,0.0465,0.090780,0.077543,0.002725,0.002963,0.001402,-0.006981,0.026180,0.215376,0.065473,0.089929,0.122173,0.394576,0.175647,-0.007899,0.000000,-0.040911,-0.026849,0.001745,-0.003491,0.031945,-0.052859,0.079707,0.340339,0.221608,0.104593,-0.050037,0.038397,0.105388,0.006787
1771203706.735,549,4,4,0.0014,0.0631,0.0724,0.0020,0.5360,0.2626,0.0626,0.104893,0.079962,0.005268,0.002418,0.002960,-0.006981,0.019199,0.243994,0.056483,0.099855,0.136136,0.476616,0.200424,-0.003862,-0.001745,0.024027,0.001984,0.001745,-0.003491,0.030272,-0.048475,0.062116,0.357792,0.220398,0.106767,-0.032446,0.047124,0.125211,0.008122
1771203706.835,552,5,5,0.0012,0.0953,0.3021,0.0012,0.1554,0.3803,0.0645,0.140662,0.085165,0.003373,0.002877,0.000917,-0.006981,0.013963,0.265184,0.031651,0.094821,0.160570,0.621617,0.311405,0.009899,-0.001745,0.108533,0.070299,0.001745,-0.001745,0.035735,-0.048974,0.044671,0.371755,0.221420,0.111417,-0.015001,0.052360,0.154904,0.027977
1771203706.935,555,2,2,0.0001,0.0277,0.9323,0.0002,0.0010,0.0321,0.0065,0.145746,0.093764,0.002847,0.001827,0.002061,-0.003491,0.012217,0.263459,-0.010777,0.084294,0.178024,0.664315,0.344524,0.023916,0.000000,0.108602,0.069606,0.001745,0.000000,-0.015515,-0.046363,0.036336,0.380482,0.245636,0.143768,-0.006666,0.057596,0.198420,0.061184
1771203707.036,558,2,2,0.0000,0.0017,0.9875,0.0000,0.0000,0.0001,0.0107,0.121408,0.096740,0.001931,0.001473,0.001403,-0.003491,0.012217,0.226781,-0.021678,0.071178,0.179769,0.590124,0.319086,0.031797,0.000000,0.018359,0.007587,0.001745,0.000000,-0.011922,-0.045659,-0.022423,0.389208,0.248788,0.149803,0.052094,0.062832,0.195620,0.060790
1771203707.136,561,2,2,0.0000,0.0010,0.9906,0.0000,0.0000,0.0001,0.0083,0.109586,0.104136,0.002737,0.002004,0.001583,-0.006981,0.000000,0.214236,-0.005281,0.109420,0.179769,0.542574,0.242972,-0.004700,0.000000,0.026060,-0.007912,0.001745,0.000000,-0.024025,-0.044990,-0.082118,0.390954,0.241316,0.150432,0.111789,0.062832,0.221861,0.068698
1771203707.236,564,4,2,0.0002,0.0021,0.0171,0.0002,0.8420,0.1259,0.0125,0.137123,0.107539,0.002651,0.002455,0.002820,-0.006981,-0.005236,0.147448,0.043722,0.095076,0.179769,0.674800,0.362656,0.007899,0.000000,0.093548,0.040552,0.001745,0.000000,-0.028753,-0.042090,-0.108180,0.392699,0.240012,0.155961,0.137851,0.061087,0.230340,0.070772
1771203707.336,567,5,5,0.0001,0.0004,0.0008,0.0009,0.1630,0.8326,0.0022,0.149220,0.096674,0.003581,0.000875,0.003714,-0.006981,-0.005236,0.167577,0.058823,0.103910,0.179769,0.720326,0.409696,-0.004426,0.000000,0.088499,0.062041,0.001745,0.000000,-0.021147,-0.039918,-0.173245,0.411898,0.096193,0.065129,0.202916,0.062832,0.245885,0.073484
1771203707.437,570,5,5,0.0001,0.0004,0.0005,0.0023,0.0445,0.9519,0.0004,0.149149,0.090515,0.003124,0.001275,0.002897,-0.006981,0.001745,0.158243,0.028867,0.136260,0.195477,0.727740,0.403199,-0.026304,0.000000,0.075300,0.062961,0.001745,0.000000,-0.011586,-0.032744,-0.182750,0.429351,0.044397,0.006855,0.212420,0.071558,0.259813,0.060039
1771203707.538,573,5,5,0.0001,0.0001,0.0002,0.0002,0.0011,0.9983,0.0000,0.144683,0.092986,0.001617,0.001345,0.001709,-0.006981,0.001745,0.135613,-0.042266,0.138293,0.223402,0.698230,0.396814,-0.012630,0.000000,0.073602,0.068496,0.001745,0.000000,-0.003053,-0.041033,-0.136261,0.432842,0.095396,0.030457,0.165932,0.075049,0.259427,0.054982
1771203707.638,576,5,5,0.0002,0.0011,0.0029,0.0021,0.0112,0.9824,0.0001,0.187161,0.080832,0.002074,0.000496,0.002637,-0.003491,0.000000,0.119137,-0.035214,0.130155,0.233874,0.881579,0.538717,0.005980,0.000000,0.175344,0.161143,0.001745,0.000000,0.016724,-0.043651,-0.127648,0.432842,0.050392,0.002442,0.157319,0.075049,0.205031,0.028436
1771203707.738,579,4,4,0.0001,0.0044,0.0958,0.0048,0.8721,0.0225,0.0003,0.167922,0.085316,0.002368,0.000452,0.003447,-0.003491,-0.001745,0.104841,-0.031911,0.175104,0.233874,0.813312,0.464854,-0.026751,0.000000,0.124713,0.098370,0.000000,0.000000,0.024493,-0.049020,-0.211247,0.432842,-0.082630,-0.059793,0.240917,0.073304,0.211979,0.040258
1771203707.839,582,2,2,0.0000,0.0010,0.9706,0.0022,0.0095,0.0166,0.0001,0.159773,0.089028,0.002633,0.001144,0.001760,-0.006981,-0.001745,0.094729,-0.029132,0.176213,0.232129,0.794340,0.429947,-0.022624,0.000000,0.114106,0.075814,0.003491,0.000000,0.026851,-0.060330,-0.266268,0.431096,-0.304891,-0.173459,0.294193,0.073304,0.198219,0.041179
1771203707.939,585,2,2,0.0000,0.0008,0.9883,0.0015,0.0039,0.0053,0.0001,0.149018,0.080270,0.001391,0.000401,0.001686,-0.003491,0.001745,0.084515,-0.040300,0.196803,0.232129,0.804759,0.430591,-0.032742,0.000000,0.008683,0.028995,0.001745,0.000000,0.040588,-0.050595,-0.264298,0.432842,-0.397220,-0.245836,0.292223,0.073304,0.122537,-0.003449
1771203708.040,588,2,2,0.0000,0.0008,0.9837,0.0010,0.0041,0.0103,0.0001,0.161743,0.080163,0.001677,0.000309,0.001607,-0.003491,0.000000,0.138459,-0.077385,0.223905,0.232129,0.856258,0.445687,-0.047627,0.000000,0.021352,0.023126,0.003491,0.000000,0.050979,-0.032627,-0.268855,0.432842,-0.452220,-0.280269,0.296780,0.073304,0.104558,-0.018033
1771203708.140,591,2,2,0.0001,0.0008,0.9794,0.0012,0.0057,0.0126,0.0001,0.169055,0.080261,0.001060,0.001053,0.002033,-0.003491,0.000000,0.163091,-0.057299,0.269828,0.232129,0.872387,0.465053,-0.074351,0.000000,-0.002164,0.026169,0.001745,0.000000,0.030931,-0.033094,-0.281767,0.431096,-0.471356,-0.291754,0.309692,0.073304,0.116358,-0.014135
1771203708.241,594,2,2,0.0001,0.0009,0.9678,0.0014,0.0082,0.0215,0.0001,0.157372,0.080182,0.002874,0.001056,0.002569,-0.003491,0.000000,0.138348,-0.038876,0.271608,0.232129,0.822486,0.423897,-0.049951,0.000000,-0.069684,-0.030732,0.001745,0.000000,0.007926,-0.033868,-0.300478,0.431096,-0.519377,-0.315663,0.328403,0.073304,0.119704,-0.012473
1771203708.341,597,2,2,0.0002,0.0010,0.9493,0.0015,0.0161,0.0318,0.0002,0.150728,0.079411,0.002453,0.001305,0.001627,-0.003491,0.001745,0.101121,-0.022505,0.237859,0.230383,0.823194,0.414436,-0.002239,0.000000,-0.052159,-0.032001,0.000000,0.000000,-0.001100,-0.031556,-0.298050,0.431096,-0.534363,-0.330476,0.325975,0.073304,0.122554,-0.011870
1771203708.443,600,2,2,0.0000,0.0008,0.9305,0.0009,0.0638,0.0036,0.0004,0.135707,0.079756,0.003108,0.002456,0.001573,-0.003491,0.006981,0.066589,-0.005756,0.184301,0.230383,0.762817,0.333077,0.044337,-0.001745,-0.073643,-0.082360,0.000000,0.000000,-0.007610,-0.028324,-0.291530,0.431096,-0.571655,-0.356481,0.319455,0.073304,0.133219,-0.007673
1771203708.543,603,2,2,0.0031,0.0051,0.5281,0.1256,0.3101,0.0270,0.0010,0.136100,0.078014,0.006051,0.002891,0.003400,-0.006981,0.008727,0.030763,0.022003,0.154046,0.228638,0.783182,0.350446,0.055394,0.000000,-0.038968,-0.042132,0.000000,0.000000,-0.008478,-0.024200,-0.239190,0.429351,-0.386383,-0.281227,0.267116,0.073304,0.162557,0.003840
1771203708.643,606,2,2,0.0007,0.0701,0.8443,0.0749,0.0026,0.0011,0.0063,0.140201,0.076296,0.003376,0.004510,0.001693,-0.006981,0.012217,0.002359,0.049930,0.142128,0.226893,0.808869,0.381558,0.053349,-0.001745,0.005107,-0.003615,0.000000,0.000000,-0.007451,-0.027551,-0.178179,0.429351,-0.159675,-0.143346,0.206104,0.073304,0.195527,0.011262
1771203708.744,609,2,2,0.0002,0.0029,0.8897,0.0145,0.0842,0.0072,0.0012,0.118809,0.076684,0.003073,0.004201,0.001818,-0.006981,0.020944,0.003414,0.044181,0.138276,0.216421,0.669747,0.289487,0.043238,0.000000,-0.061559,-0.041874,0.000000,0.000000,-0.012732,-0.029073,-0.170079,0.429351,-0.141400,-0.126715,0.198004,0.073304,0.200534,0.019015
1771203708.844,612,2,2,0.0001,0.0035,0.7751,0.0006,0.2119,0.0057,0.0032,0.116058,0.071714,0.005832,0.004635,0.000902,-0.006981,0.041888,-0.023048,0.019771,0.132440,0.197222,0.650056,0.291109,0.035112,-0.001745,0.006685,0.018409,0.000000,0.000000,-0.011596,-0.036228,-0.152209,0.417134,-0.110122,-0.110077,0.180134,0.068068,0.181246,0.013989
1771203708.944,615,2,2,0.0000,0.0024,0.9345,0.0007,0.0584,0.0021,0.0019,0.123344,0.063484,0.004505,0.003557,0.001328,-0.006981,0.050615,-0.048002,-0.006416,0.070937,0.172788,0.648572,0.337862,0.084398,0.000000,0.063712,0.051248,0.000000,0.000000,-0.028496,-0.045799,-0.105528,0.392699,0.011433,-0.033127,0.129962,0.062832,0.150179,0.014706
1771203709.045,618,2,2,0.0001,0.0034,0.9856,0.0038,0.0045,0.0017,0.0010,0.101972,0.052330,0.001310,0.004749,0.005277,-0.006981,0.059341,-0.002787,-0.000716,0.062036,0.151844,0.546893,0.287819,0.065373,0.000000,0.029300,0.021054,0.000000,0.000000,-0.030253,-0.057564,-0.019098,0.342085,0.090898,0.036181,0.040042,0.047124,0.059962,0.011673
1771203709.145,621,2,2,0.0001,0.0036,0.9756,0.0001,0.0163,0.0032,0.0011,0.072946,0.052711,0.002061,0.003735,0.001309,-0.006981,0.066323,0.001708,0.002913,0.060061,0.132645,0.400411,0.161396,0.049894,0.000000,-0.063102,-0.059366,0.000000,0.000000,-0.035551,-0.069062,0.002790,0.277507,0.142819,0.086373,0.012918,0.033161,0.042980,0.033985
1771203709.246,624,2,2,0.0001,0.0021,0.9925,0.0000,0.0017,0.0032,0.0004,0.067266,0.044714,0.001798,0.001368,0.001126,-0.003491,0.059341,0.089389,0.004343,0.073499,0.089012,0.318578,0.152277,0.020749,0.000000,-0.014089,-0.020464,0.000000,0.000000,-0.037796,-0.073948,-0.091951,0.202458,0.033300,0.033907,0.100678,0.019199,0.071818,0.075214
1771203709.345,627,2,2,0.0000,0.0016,0.9979,0.0000,0.0000,0.0002,0.0002,0.067107,0.037022,0.001910,0.001184,0.000220,-0.006981,0.064577,0.095752,0.006297,0.104492,0.075049,0.308162,0.142146,-0.013735,-0.001745,0.005390,0.003414,0.000000,0.000000,-0.042052,-0.074125,-0.126270,0.151844,-0.072321,-0.031827,0.131506,0.012217,0.079650,0.069049
1771203709.446,630,2,2,0.0000,0.0037,0.9956,0.0001,0.0000,0.0002,0.0003,0.066748,0.036487,0.001841,0.001467,0.000799,-0.006981,0.064577,0.112648,0.005460,0.107959,0.075049,0.296512,0.117975,-0.013711,0.000000,0.013128,0.007665,0.000000,0.000000,-0.037486,-0.079301,-0.136990,0.122173,-0.147130,-0.081375,0.140480,0.006981,0.092024,0.076180
1771203709.546,633,2,2,0.0000,0.2969,0.6414,0.0608,0.0000,0.0005,0.0004,0.068463,0.030201,0.000520,0.000384,0.000534,-0.006981,0.066323,0.099221,0.010441,0.082433,0.075049,0.301388,0.130059,0.010070,0.000000,0.030469,0.016101,0.000000,0.000000,-0.034768,-0.080871,-0.107659,0.092502,-0.058032,-0.029298,0.111149,0.006981,0.075758,0.076016
1771203709.647,636,2,2,0.0000,0.0060,0.9931,0.0001,0.0000,0.0006,0.0002,0.085844,0.026799,0.000947,0.000535,0.000839,-0.006981,0.066323,0.077440,0.014426,0.059208,0.075049,0.360569,0.215883,0.022822,0.000000,0.074290,0.064119,0.000000,0.000000,-0.030068,-0.088062,-0.091579,0.073304,-0.070346,-0.023151,0.095070,0.005236,0.065583,0.082399
1771203709.748,639,2,2,0.0001,0.0050,0.9923,0.0001,0.0000,0.0024,0.0001,0.082162,0.025815,0.001479,0.001214,0.001036,-0.006981,0.064577,0.076292,0.005651,0.076103,0.075049,0.367769,0.233926,0.000691,0.000000,0.033080,0.052804,0.000000,0.000000,-0.036229,-0.097507,-0.079130,0.055851,-0.075335,-0.010114,0.082621,0.001745,0.069568,0.099997
1771203709.848,642,2,2,0.0010,0.0135,0.9698,0.0005,0.0003,0.0146,0.0003,0.094365,0.027210,0.001264,0.000333,0.000677,-0.006981,0.064577,0.082078,0.006713,0.087781,0.073304,0.362166,0.259853,-0.010986,0.000000,0.077606,0.118301,0.000000,0.000000,-0.042378,-0.111561,-0.096201,0.041888,-0.101332,-0.024481,0.099692,0.001745,0.075518,0.107672
1771203709.949,645,2,2,0.0011,0.0170,0.9543,0.0069,0.0018,0.0182,0.0006,0.083015,0.022958,0.004988,0.004190,0.002013,-0.006981,0.066323,0.078970,0.002322,0.105932,0.073304,0.326572,0.236853,-0.022156,-0.001745,0.046252,0.059658,0.000000,0.000000,-0.031212,-0.091761,-0.088279,0.029671,-0.108848,-0.034666,0.091770,0.001745,0.055448,0.096866
1771203710.049,648,3,2,0.0256,0.0273,0.2580,0.3445,0.0138,0.3227,0.0081,0.062326,0.022490,0.002892,0.002857,0.001473,-0.006981,0.066323,0.111772,0.024962,0.112899,0.073304,0.238540,0.120113,-0.029123,0.000000,-0.054284,-0.067166,0.000000,0.000000,-0.039829,-0.067454,0.001983,0.017453,0.006814,0.056382,0.001507,0.001745,0.061030,0.122963
1771203710.150,651,5,5,0.0011,0.0004,0.0002,0.0092,0.0004,0.9881,0.0006,0.066385,0.032772,0.001899,0.000572,0.001915,-0.006981,0.071558,0.125573,0.095081,0.105758,0.075049,0.224428,0.092554,-0.009765,-0.001745,0.006615,-0.017451,0.000000,0.000000,-0.015561,-0.060205,0.058114,0.012217,0.083404,0.114343,-0.054624,0.001745,0.017005,0.106437
1771203710.251,654,5,5,0.0006,0.0003,0.0002,0.0019,0.0003,0.9963,0.0004,0.025419,0.048714,0.000796,0.001198,0.001603,-0.006981,0.083776,0.050205,-0.064555,0.004089,0.075049,-0.527124,-0.445318,0.091904,-0.001745,-0.357175,-0.305358,0.000000,0.000000,0.030401,-0.017204,0.039336,0.008727,0.184305,0.196862,-0.035845,0.001745,0.017257,0.105939
1771203710.352,657,5,5,0.0013,0.0016,0.0008,0.0018,0.0010,0.9922,0.0013,0.022398,0.044226,0.001007,0.001870,0.002636,-0.006981,0.097738,-0.062634,-0.099334,0.014805,0.075049,-1.240181,-0.908596,0.081188,-0.001745,-1.047841,-0.812713,0.000000,0.000000,0.030514,-0.005037,0.049488,0.005236,0.172005,0.206116,-0.047743,0.001745,-0.066026,0.065614
1771203710.452,660,5,5,0.0028,0.0107,0.0020,0.0066,0.0024,0.9708,0.0048,0.023562,0.008656,0.003344,0.001211,0.003097,-0.006981,0.111701,-0.363281,-0.158788,0.010755,0.075049,-1.425009,-0.900824,0.085238,0.000000,-1.444308,-1.127790,0.000000,0.000000,-0.255788,-0.123995,0.051649,0.003491,0.013316,0.033673,-0.049903,0.001745,-0.148390,-0.027822
1771203710.552,663,5,5,0.0054,0.0569,0.0027,0.0150,0.0083,0.8988,0.0129,0.025477,0.008692,0.000660,0.002157,0.006498,-0.006981,0.127409,-0.583833,-0.225822,-0.007278,0.075049,-1.510028,-0.890878,0.103271,-0.001745,-1.517217,-1.183905,0.000000,0.000000,-0.611757,-0.116391,0.095076,0.003491,0.003987,-0.012111,-0.091585,0.001745,-0.151288,-0.063774
1771203710.653,666,1,1,0.0000,0.9384,0.0005,0.0589,0.0000,0.0010,0.0010,0.029865,0.007562,0.003432,0.001178,0.002046,-0.006981,0.139626,-0.662106,-0.399081,-0.047711,0.075049,-1.575288,-0.855638,0.143704,-0.003491,-1.576890,-1.197889,0.000000,0.000000,-0.777885,-0.112202,-0.085509,0.001745,-0.271017,-0.214987,0.087255,0.001745,-0.303974,-0.187497
1771203710.753,669,1,1,0.0000,0.9995,0.0001,0.0003,0.0000,0.0000,0.0000,0.022970,0.003912,0.000877,0.000744,0.001092,-0.006981,0.104720,-0.467287,-0.341713,-0.062710,0.036652,-1.466754,-0.652171,0.134268,-0.003491,-1.426759,-1.023369,0.000000,0.000000,-0.638033,-0.081619,-0.039958,0.001745,-0.280000,-0.218176,0.043448,0.001745,-0.305070,-0.215196
1771203710.854,672,1,1,0.0000,0.9997,0.0003,0.0000,0.0000,0.0000,0.0000,0.017748,0.003141,0.000385,0.001338,0.004317,-0.003491,0.073304,-0.465805,-0.200431,-0.076837,0.012217,-1.235532,-0.396067,0.127452,-0.001745,-1.219553,-0.741628,0.000000,0.000000,-0.436141,-0.083123,-0.035952,0.001745,-0.317030,-0.213546,0.034206,0.001745,-0.145222,-0.106298
1771203710.954,675,1,1,0.0000,0.9999,0.0001,0.0000,0.0000,0.0000,0.0000,0.012851,0.003458,0.000516,0.001526,0.004792,-0.006981,0.054105,-0.302583,-0.124360,-0.061713,0.000000,-1.023426,-0.232973,0.100110,-0.001745,-1.005587,-0.458057,0.000000,0.000000,-0.229495,-0.095118,-0.041500,0.001745,-0.299346,-0.193885,0.038009,0.001745,-0.105149,-0.091487
1771203711.054,678,1,1,0.0000,1.0000,0.0000,0.0000,0.0000,0.0000,0.0000,0.008009,0.003062,0.000718,0.000537,0.000914,-0.006981,0.045379,-0.197770,-0.086923,-0.012336,0.000000,-0.783178,-0.139312,0.050734,-0.001745,-0.783753,-0.275546,0.000000,0.001745,-0.146712,-0.094335,-0.034999,0.001745,-0.306482,-0.197323,0.031509,0.001745,-0.255456,-0.193744
1771203711.155,681,1,1,0.0000,1.0000,0.0000,0.0000,0.0000,0.0000,0.0000,0.006545,0.000840,0.001149,0.000218,0.000783,-0.006981,0.036652,-0.055997,-0.073687,0.003385,-0.003491,-0.494093,-0.093800,0.038503,-0.001745,-0.483474,-0.203329,0.000000,0.000000,-0.121707,-0.076108,-0.008331,0.001745,-0.259737,-0.149102,0.004841,0.003491,-0.260281,-0.199091
1771203711.255,684,1,1,0.0000,1.0000,0.0000,0.0000,0.0000,0.0000,0.0000,0.012004,0.000792,0.003356,0.001053,0.003281,-0.003491,0.029671,0.070750,-0.084617,0.017396,-0.003491,-0.291046,-0.084233,0.026237,-0.001745,-0.237663,-0.106145,0.000000,0.000000,-0.163079,-0.067946,0.004272,0.003491,-0.179811,-0.101797,-0.006018,0.001745,-0.217375,-0.181762
1771203711.355,687,1,1,0.0000,1.0000,0.0000,0.0000,0.0000,0.0000,0.0000,0.009344,0.006594,0.006755,0.002903,0.003529,-0.006981,0.024435,0.045803,-0.069059,0.029421,-0.001745,-0.198298,-0.068017,0.012467,-0.001745,-0.126034,-0.032280,0.000000,0.000000,-0.155119,-0.052117,0.077382,0.000000,-0.160025,-0.073156,-0.072146,0.001745,-0.180710,-0.145885
1771203711.455,690,1,1,0.0000,1.0000,0.0000,0.0000,0.0000,0.0000,0.0000,0.007524,0.002597,0.006430,0.002588,0.004273,-0.006981,0.019199,-0.132253,-0.056720,0.023127,-0.003491,-0.129082,-0.054766,0.020507,-0.001745,-0.054796,0.027453,0.000000,0.000000,-0.199486,-0.038447,0.029416,0.000000,-0.142288,-0.053669,-0.024180,0.001745,-0.108865,-0.092964
1771203711.556,693,1,1,0.0000,1.0000,0.0000,0.0000,0.0000,0.0000,0.0000,0.005300,0.004102,0.000841,0.002558,0.001836,-0.003491,0.013963,-0.137155,-0.051711,0.019583,-0.003491,-0.063955,-0.057530,0.022305,-0.001745,-0.012595,0.007755,0.000000,0.000000,-0.210319,0.006714,-0.034209,0.000000,-0.108163,-0.042957,0.034209,0.001745,0.006550,-0.020784
1771203711.656,696,1,1,0.0000,1.0000,0.0000,0.0000,0.0000,0.0000,0.0000,0.003927,0.012907,0.001972,0.004568,0.003129,-0.006981,0.008727,-0.083151,-0.049776,0.013734,-0.005236,-0.072110,-0.046528,0.024663,-0.001745,-0.063415,-0.044735,0.000000,0.000000,-0.139024,0.015884,-0.057113,0.000000,-0.038881,-0.034759,0.053623,0.001745,0.058941,0.024690
1771203711.756,699,1,1,0.0000,0.9999,0.0000,0.0000,0.0000,0.0000,0.0000,0.005428,0.016321,0.001053,0.006957,0.002932,-0.003491,0.003491,-0.088003,-0.048166,0.061649,-0.003491,-0.068391,-0.039291,-0.023252,-0.001745,-0.193525,-0.089402,0.000000,0.000000,-0.109609,-0.010905,-0.078235,0.000000,0.007668,-0.011813,0.074744,0.001745,0.065276,0.046423
1771203711.858,702,1,1,0.0000,1.0000,0.0000,0.0000,0.0000,0.0000,0.0000,0.007310,0.026892,0.000497,0.001411,0.002303,-0.006981,0.003491,-0.106075,-0.036975,0.084227,-0.003491,-0.057387,-0.034946,-0.035358,-0.001745,-0.121704,-0.081116,0.000000,0.000000,-0.071521,-0.014238,-0.032720,0.000000,0.052284,0.015805,0.029229,0.003491,0.117579,0.104315
1771203711.957,705,1,1,0.0000,0.9999,0.0000,0.0000,0.0000,0.0000,0.0000,0.006816,0.024696,0.000880,0.003719,0.002904,-0.003491,0.003491,-0.074502,-0.026861,0.078301,-0.003491,-0.063823,-0.027751,-0.031177,-0.001745,-0.103820,-0.063121,0.000000,0.000000,-0.048365,-0.008889,-0.002577,0.001745,0.035699,0.038572,-0.002659,0.001745,0.080233,0.138363
1771203712.057,708,1,1,0.0000,0.9999,0.0000,0.0000,0.0000,0.0000,0.0000,0.004945,0.016544,0.000675,0.009033,0.008109,-0.006981,0.006981,-0.043211,-0.013531,0.050091,-0.001745,-0.101433,-0.020832,0.002269,-0.001745,-0.127994,-0.047007,0.000000,0.000000,-0.040205,0.001157,-0.027126,0.000000,-0.026114,0.006930,0.023635,0.000000,0.055941,0.110867
1771203712.157,711,1,1,0.0000,0.9999,0.0001,0.0000,0.0000,0.0000,0.0000,0.006432,0.029091,0.001390,0.005377,0.003924,-0.003491,0.006981,0.023076,-0.015969,0.033123,-0.001745,-0.119892,-0.018297,0.014001,0.000000,-0.099164,-0.049990,0.000000,0.000000,0.087826,0.002969,-0.120365,0.001745,-0.048984,-0.009733,0.109893,0.001745,0.047821,0.097094
1771203712.258,714,1,1,0.0000,0.9999,0.0001,0.0000,0.0000,0.0000,0.0000,0.005806,0.019249,0.000602,0.001477,0.004916,-0.003491,0.003491,0.024288,-0.016949,0.032823,-0.001745,-0.093446,-0.020540,0.009065,-0.001745,-0.098684,-0.045276,0.000000,0.000000,-0.098159,0.019434,-0.125724,0.000000,-0.152486,-0.043725,0.116997,0.003491,0.003993,0.087069
1771203712.358,717,1,1,0.0005,0.9992,0.0002,0.0000,0.0000,0.0000,0.0001,0.004237,0.040635,0.000344,0.002653,0.003042,-0.003491,0.003491,-0.004139,-0.015455,0.047355,-0.001745,-0.088399,-0.018892,-0.007212,0.000000,-0.144296,-0.030150,0.000000,0.000000,-0.040061,0.227600,-0.097030,0.000000,-0.036670,-0.007059,0.088303,0.001745,0.064356,0.105614
1771203712.458,720,1,1,0.0004,0.9971,0.0023,0.0000,0.0000,0.0000,0.0001,0.004773,0.111280,0.002512,0.000876,0.001545,-0.003491,0.003491,-0.004504,-0.016942,0.053788,-0.003491,-0.063140,-0.021081,-0.004918,-0.001745,-0.071242,-0.042477,0.000000,0.000000,0.631646,0.285243,0.116994,0.000000,0.155683,0.058127,-0.125721,0.003491,0.039457,0.044717
1771203712.559,723,1,1,0.0003,0.9879,0.0114,0.0001,0.0000,0.0000,0.0002,0.004218,0.072917,0.003905,0.003618,0.005430,-0.003491,0.001745,-0.089307,-0.019298,0.036069,-0.001745,-0.090181,-0.020023,0.012801,-0.001745,-0.065762,-0.037274,0.000000,0.000000,0.414394,0.353177,0.046912,0.001745,-0.074753,-0.038420,-0.055638,0.001745,0.023090,0.033941
1771203712.659,726,1,1,0.0000,0.9723,0.0275,0.0000,0.0000,0.0000,0.0001,0.003636,0.052564,0.002120,0.005068,0.005081,-0.003491,0.000000,-0.124343,-0.021928,0.033615,-0.001745,-0.071519,-0.018236,0.010018,-0.001745,-0.018168,-0.024056,-0.005236,0.003491,0.368362,0.216126,-0.003781,0.001745,-0.059140,-0.011286,-0.004946,0.003491,-0.003387,0.037551
1771203712.760,729,1,1,0.0000,0.7852,0.2148,0.0000,0.0000,0.0000,0.0000,0.008843,0.124672,0.002412,0.003605,0.004159,-0.010472,0.003491,-0.048548,0.002049,0.038977,-0.001745,-0.041148,-0.021084,0.002911,-0.001745,0.044421,0.014268,-0.006981,0.012217,0.272067,0.134167,0.060512,0.003491,0.427196,0.326756,-0.069239,0.001745,0.078475,0.179440
1771203712.861,732,2,2,0.0000,0.1647,0.8353,0.0000,0.0000,0.0000,0.0000,0.011556,0.205904,0.001099,0.001198,0.002739,-0.015708,0.008727,0.024441,0.012563,0.046018,-0.001745,-0.038781,-0.025754,-0.002385,-0.001745,0.021856,0.025062,-0.006981,0.036652,0.296028,0.078293,0.343714,0.000000,0.658339,0.412245,-0.345460,0.003491,0.299978,0.342106
1771203712.961,735,2,2,0.0000,0.3256,0.6744,0.0000,0.0000,0.0000,0.0000,0.007285,0.186302,0.001498,0.000757,0.001500,-0.022689,0.010472,-0.041583,0.012894,0.055568,-0.001745,-0.036843,-0.026099,-0.003208,-0.001745,0.001814,0.006671,-0.006981,0.059341,0.381701,0.022011,0.296662,0.000000,0.426622,0.214872,-0.296662,0.000000,0.435956,0.398461
1771203713.062,738,2,2,0.0000,0.4577,0.5422,0.0000,0.0000,0.0000,0.0000,0.008204,0.131603,0.000837,0.000813,0.007876,-0.029671,0.010472,0.007807,0.017636,0.059761,-0.001745,-0.036287,-0.026870,-0.003910,-0.001745,-0.004571,0.002773,-0.006981,0.082030,0.373913,0.009598,0.323507,0.000000,0.189621,0.002266,-0.326998,0.003491,0.346888,0.247923
1771203713.162,741,2,2,0.0000,0.3501,0.6498,0.0000,0.0000,0.0000,0.0000,0.012788,0.130524,0.003301,0.000875,0.001460,-0.041888,0.010472,0.072101,0.015032,0.050425,-0.001745,-0.039323,-0.019219,0.005426,0.000000,-0.056461,-0.044958,-0.005236,0.097738,0.323113,0.020702,0.306816,0.001745,0.164676,-0.005534,-0.308562,0.003491,0.400458,0.247550
1771203713.263,744,2,2,0.0000,0.3039,0.6960,0.0000,0.0001,0.0000,0.0000,0.038631,0.126035,0.004041,0.003750,0.003778,-0.041888,0.010472,0.369877,0.023556,0.059664,-0.001745,-0.017297,-0.018563,-0.005559,0.000000,-0.075757,-0.051453,-0.006981,0.109956,0.295238,-0.018206,0.257340,0.000000,0.152187,-0.013138,-0.257340,0.003491,0.447097,0.247108
1771203713.363,747,2,2,0.0000,0.4408,0.5589,0.0001,0.0002,0.0000,0.0000,0.066835,0.113008,0.004200,0.003055,0.009795,-0.045379,0.010472,0.603067,0.079692,0.029727,-0.001745,0.033007,-0.029559,0.031360,0.000000,0.014701,-0.025308,-0.005236,0.122173,0.268628,-0.039046,0.211912,0.000000,0.129510,-0.029167,-0.206676,0.003491,0.405383,0.214994
1771203713.467,750,2,2,0.0000,0.4579,0.5419,0.0001,0.0000,0.0000,0.0000,0.060755,0.094610,0.009138,0.000927,0.010292,-0.050615,0.012217,0.259043,0.113104,0.075926,-0.001745,0.064368,-0.051585,-0.021821,0.000000,0.136591,0.067807,-0.006981,0.127409,0.227099,-0.027132,0.170439,0.000000,0.113376,-0.027573,-0.163457,0.003491,0.327929,0.165576
1771203713.563,753,2,2,0.0000,0.4510,0.5483,0.0006,0.0000,0.0000,0.0000,0.126610,0.081427,0.004483,0.003580,0.006521,-0.048869,0.008727,0.282076,0.116175,0.031686,-0.001745,0.262898,-0.074549,0.031146,-0.001745,0.448649,0.337963,-0.003491,0.125664,0.231810,-0.027219,0.143867,0.000000,0.079973,-0.051057,-0.133395,0.003491,0.272759,0.119557
1771203713.664,756,1,1,0.0000,0.5521,0.4411,0.0065,0.0002,0.0000,0.0001,0.166822,0.076743,0.001190,0.001145,0.001431,-0.045379,0.010472,0.290760,0.091458,-0.088264,-0.001745,0.219423,0.012179,0.142369,-0.001745,0.653734,0.581464,-0.003491,0.118682,0.224417,-0.028211,0.152034,0.000000,0.034449,-0.076389,-0.143307,0.003491,0.258378,0.129470
1771203713.764,759,2,1,0.0000,0.4398,0.4895,0.0695,0.0009,0.0002,0.0001,0.160957,0.058854,0.003336,0.004819,0.003621,-0.047124,0.012217,-0.127307,0.119850,-0.082045,-0.005236,0.469925,0.227046,0.123933,0.000000,0.530101,0.448410,-0.003491,0.109956,0.192094,0.011883,0.094982,0.000000,0.011407,-0.074857,-0.088001,0.003491,0.166476,0.115954
1771203713.865,762,2,2,0.0000,0.1317,0.5072,0.3586,0.0013,0.0011,0.0001,0.158646,0.048411,0.002644,0.001351,0.002048,-0.040143,0.008727,-0.103314,0.192453,-0.049957,-0.005236,0.553707,0.358110,0.084864,0.001745,0.380423,0.323722,-0.003491,0.069813,0.081699,0.031912,0.055594,0.000000,0.055973,0.005612,-0.048613,0.001745,0.147208,0.131376
1771203713.965,765,2,2,0.0000,0.0339,0.9635,0.0001,0.0001,0.0017,0.0007,0.154393,0.099278,0.001872,0.002816,0.002731,-0.043633,0.013963,0.210546,0.234306,0.143780,-0.003491,0.529146,0.332838,-0.110619,0.003491,0.202193,0.182453,-0.005236,0.089012,0.029527,0.080833,0.011091,0.000000,0.384364,0.325772,-0.000619,0.000000,0.130279,0.140463
1771203714.068,768,2,2,0.0000,0.0224,0.9754,0.0001,0.0001,0.0012,0.0008,0.149628,0.100983,0.003185,0.004042,0.005196,-0.043633,0.015708,0.428917,0.247111,0.147553,-0.003491,0.349852,0.217835,-0.121373,0.000000,0.220736,0.167819,-0.006981,0.116937,0.132524,0.080921,0.030055,0.000000,0.348092,0.295617,-0.017838,0.001745,0.080531,0.125369
1771203714.167,771,2,2,0.0000,0.0148,0.9836,0.0000,0.0001,0.0008,0.0006,0.139875,0.105718,0.002744,0.000991,0.002438,-0.043633,0.015708,0.586625,0.187045,0.224490,-0.005236,0.152927,0.100258,-0.196565,-0.001745,0.205566,0.205882,-0.006981,0.141372,0.217681,0.112628,-0.012213,0.000000,0.330015,0.296126,0.022685,0.003491,0.054892,0.089726
1771203714.267,774,2,2,0.0000,0.0198,0.9778,0.0001,0.0002,0.0015,0.0006,0.217051,0.089487,0.004639,0.000645,0.004044,-0.041888,0.015708,0.456460,0.268628,0.107585,-0.005236,0.698685,0.619643,-0.081405,-0.003491,0.202927,0.234971,-0.006981,0.164061,0.246170,0.139113,-0.020264,0.000000,0.234680,0.230976,0.025500,0.003491,-0.017264,0.029850
1771203714.367,777,2,2,0.0000,0.0410,0.9545,0.0002,0.0004,0.0029,0.0010,0.195875,0.087041,0.001795,0.005086,0.003656,-0.043633,0.013963,0.412577,0.205742,0.031506,-0.003491,0.627671,0.544326,-0.005327,-0.003491,0.254554,0.260165,-0.006981,0.169297,0.243832,0.152499,-0.026497,0.000000,0.212094,0.213083,0.029988,0.001745,-0.021886,0.021949
1771203714.468,780,2,2,0.0000,0.0253,0.9720,0.0001,0.0002,0.0014,0.0009,0.158169,0.111050,0.003269,0.001340,0.002672,-0.043633,0.017453,0.425970,0.162646,0.030699,0.012217,0.533856,0.418211,-0.006264,-0.003491,0.140809,0.156166,-0.005236,0.164061,0.206673,0.128072,-0.034260,0.001745,0.325828,0.365223,0.034260,0.001745,0.014999,0.089993
1771203714.569,783,2,2,0.0000,0.0146,0.9836,0.0000,0.0002,0.0006,0.0009,0.162112,0.116844,0.002800,0.002043,0.002960,-0.043633,0.019199,0.442390,0.153839,0.089261,0.012217,0.524352,0.410619,-0.059590,0.000000,0.138674,0.154788,-0.003491,0.144862,0.149509,0.035196,-0.030914,0.001745,0.431923,0.434526,0.030914,0.003491,0.049031,0.120929
1771203714.671,786,2,2,0.0000,0.0108,0.9875,0.0000,0.0004,0.0006,0.0008,0.173722,0.133955,0.000540,0.000887,0.000886,-0.041888,0.019199,0.390905,0.155120,0.081252,0.012217,0.538164,0.413007,-0.060308,-0.001745,0.243216,0.231586,0.000000,0.101229,0.128532,-0.052975,-0.032260,0.001745,0.587637,0.518069,0.032260,0.001745,0.101442,0.134800
1771203714.770,789,2,2,0.0000,0.0016,0.9978,0.0000,0.0002,0.0001,0.0003,0.089542,0.163737,0.001275,0.000310,0.001242,-0.041888,0.019199,0.321883,0.148973,0.089643,0.012217,0.196782,0.158909,-0.061718,0.000000,0.061319,0.065573,0.000000,0.075049,0.139461,-0.145527,-0.002255,0.010472,0.704152,0.612368,-0.001236,0.001745,0.181218,0.240379
1771203714.872,792,2,2,0.0000,0.0049,0.9905,0.0000,0.0012,0.0012,0.0022,0.123909,0.174206,0.004859,0.002023,0.004376,-0.040143,0.000000,0.327656,0.169471,0.104491,0.012217,0.332537,0.241168,-0.080056,-0.005236,0.181518,0.117856,0.000000,0.052360,0.147916,-0.210477,0.045900,0.041888,0.741775,0.640469,-0.051136,0.001745,0.161388,0.257029
1771203714.970,795,5,5,0.0000,0.0000,0.0002,0.0000,0.0035,0.9960,0.0003,0.137213,0.166834,0.003548,0.002902,0.008233,-0.036652,-0.005236,0.324677,0.153430,0.112057,0.017453,0.370651,0.314979,-0.087622,-0.003491,0.212691,0.140621,0.000000,0.031416,0.171247,-0.216046,0.059629,0.069813,0.705834,0.621628,-0.066610,0.005236,0.091259,0.245951
1771203715.070,798,4,4,0.0000,0.0000,0.0001,0.0001,0.9750,0.0248,0.0000,0.121386,0.143064,0.000654,0.001698,0.005780,-0.026180,-0.012217,0.431767,0.077011,0.084257,0.031416,0.329169,0.277456,-0.051096,-0.001745,0.174338,0.051217,0.000000,0.017453,0.214998,-0.198476,0.019131,0.090757,0.459789,0.456203,-0.026113,0.012217,0.161039,0.285180
1771203715.174,801,4,4,0.0000,0.0000,0.0002,0.0004,0.9946,0.0049,0.0000,0.336141,0.119124,0.001055,0.001287,0.002681,-0.010472,-0.026180,1.232081,-0.706858,0.080251,0.057596,1.455674,-1.134464,-0.045344,0.005236,1.202859,-1.396263,0.000000,0.012217,0.217267,-0.193243,-0.085267,0.125664,0.243054,0.221203,0.078286,0.027925,0.207456,0.296420
1771203715.272,804,4,4,0.0000,0.0002,0.0020,0.0015,0.9845,0.0118,0.0000,0.336644,0.131765,0.001151,0.000704,0.001382,-0.010472,-0.047124,1.175687,-0.706858,0.095504,0.078540,1.472853,-1.132719,-0.058853,0.006981,1.210160,-1.401499,0.000000,0.006981,0.201738,-0.171814,-0.097208,0.178024,0.252051,0.202810,0.097208,0.055851,0.279811,0.306708
1771203715.372,807,4,4,0.0000,0.0004,0.0193,0.0015,0.9556,0.0231,0.0001,0.342436,0.246392,0.003021,0.002998,0.005148,-0.010472,-0.054105,1.138673,-0.703368,0.114488,0.106465,1.439653,-1.134464,-0.053402,0.008727,1.301224,-1.401499,0.000000,0.001745,0.195588,-0.125175,-0.121282,0.223402,0.655406,0.425267,0.110810,0.080285,0.733840,0.530362
1771203715.472,810,4,4,0.0000,0.0008,0.0928,0.0014,0.8777,0.0242,0.0030,0.341757,0.267761,0.001579,0.002295,0.005652,-0.010472,-0.054105,1.139393,-0.703368,0.121533,0.127409,1.388817,-1.132719,-0.034267,0.008727,1.315209,-1.408481,0.000000,0.000000,0.205326,-0.051532,-0.129543,0.267035,0.763068,0.590989,0.117326,0.109956,0.663667,0.495770
1771203715.573,813,4,4,0.0000,0.0011,0.2494,0.0048,0.6496,0.0841,0.0110,0.345759,0.300058,0.001907,0.000304,0.002169,-0.010472,-0.054105,1.066014,-0.703368,0.096080,0.141372,1.457983,-1.134464,0.006895,0.008727,1.372043,-1.410226,0.000000,0.000000,0.193416,0.020084,-0.128392,0.286234,0.841751,0.719847,0.117920,0.120428,0.702941,0.598078
1771203715.673,816,4,4,0.0000,0.0011,0.3642,0.0117,0.4730,0.1262,0.0238,0.344206,0.274124,0.003103,0.000538,0.004100,-0.012217,-0.048869,1.039606,-0.703368,0.096307,0.141372,1.482349,-1.134464,0.013648,0.006981,1.350207,-1.410226,0.000000,0.000000,0.187524,0.057822,-0.201938,0.286234,0.586786,0.595622,0.193211,0.120428,0.668842,0.593014
1771203715.773,819,2,2,0.0000,0.0012,0.4200,0.0180,0.3627,0.1552,0.0429,0.347071,0.247060,0.004337,0.003007,0.006294,-0.012217,-0.043633,1.071621,-0.703368,0.094825,0.141372,1.479318,-1.134464,0.016876,0.006981,1.353859,-1.410226,0.000000,0.000000,0.176105,0.071638,-0.270305,0.286234,0.328195,0.437113,0.261579,0.120428,0.672869,0.610565
1771203715.873,822,5,5,0.0000,0.0008,0.1009,0.0020,0.0454,0.8451,0.0057,0.332230,0.226745,0.000764,0.001510,0.003058,-0.010472,-0.022689,1.007177,-0.542797,0.099797,0.136136,1.416588,-0.970403,0.011905,0.006981,1.308175,-1.251401,0.000000,-0.001745,0.185071,0.064447,-0.384496,0.284489,0.148981,0.274147,0.374024,0.116937,0.664335,0.608511
1771203715.973,825,2,2,0.0000,0.0034,0.3361,0.0163,0.2766,0.3349,0.0328,0.290178,0.200297,0.001680,0.000448,0.003195,-0.012217,0.000000,0.794011,-0.267035,0.081240,0.118682,1.256048,-0.661480,0.026970,0.006981,1.198208,-0.989602,0.000000,0.000000,0.201244,0.064463,-0.453240,0.284489,-0.087298,0.078921,0.444513,0.116937,0.639673,0.573318
1771203716.075,828,5,5,0.0001,0.0044,0.1410,0.0300,0.1550,0.6438,0.0257,0.268092,0.226439,0.000995,0.003683,0.003379,-0.012217,0.006981,0.709567,-0.151844,0.066575,0.113446,1.182065,-0.418879,0.039890,0.008727,1.089855,-0.759218,0.000000,0.000000,0.187044,0.027859,-0.448461,0.284489,0.146053,0.205125,0.441479,0.116937,0.729562,0.578724
1771203716.174,831,5,5,0.0003,0.0059,0.0605,0.0475,0.1034,0.7418,0.0406,0.246490,0.239227,0.001191,0.001627,0.001050,-0.012217,0.013963,0.681367,-0.073304,0.077676,0.108210,1.068169,-0.223402,0.030535,0.012217,0.965738,-0.532325,0.000000,0.000000,0.151582,0.019539,-0.437091,0.280998,0.264177,0.290370,0.431855,0.116937,0.743520,0.571749
1771203716.275,834,5,5,0.0007,0.0078,0.0333,0.0655,0.1527,0.6573,0.0827,0.234026,0.182897,0.001408,0.000609,0.005549,-0.015708,0.020944,0.632822,-0.027925,0.077891,0.104720,1.001074,-0.137881,0.030319,0.012217,0.928321,-0.383972,0.000000,0.000000,0.103148,-0.176570,-0.360489,0.268781,0.074645,0.163951,0.355253,0.115192,0.579980,0.533817
1771203716.375,837,5,5,0.0018,0.0096,0.0193,0.1497,0.2954,0.4915,0.0327,0.224305,0.096262,0.000772,0.005251,0.009523,-0.019199,0.029671,0.587255,-0.005236,0.065539,0.097738,0.908418,-0.073304,0.042672,0.012217,0.948155,-0.265290,0.000000,0.000000,-0.190431,-0.337237,-0.132056,0.244346,-0.270080,-0.193138,0.126820,0.101229,0.298075,0.384675
1771203716.474,840,3,4,0.0070,0.0173,0.0033,0.4582,0.3240,0.1797,0.0106,0.212888,0.067939,0.000533,0.001945,0.006969,-0.020944,0.043633,0.584092,0.006981,0.082419,0.089012,0.817860,-0.024435,0.022301,0.010472,0.897890,-0.190241,0.000000,0.000000,-0.379941,-0.265473,-0.111645,0.207694,-0.056370,-0.052355,0.111645,0.075049,0.144187,0.276687
1771203716.577,843,3,3,0.0026,0.0087,0.0001,0.8971,0.0620,0.0293,0.0002,0.315172,0.109943,0.001263,0.000789,0.006422,-0.019199,0.052360,-0.092104,0.925030,0.095427,0.078540,-0.308373,1.304767,0.002312,0.003491,-0.281423,1.320135,0.000000,0.001745,-0.206625,0.181582,-0.048603,0.143117,0.212683,0.120418,0.043367,0.059341,0.259805,0.297260
1771203716.675,846,3,3,0.0005,0.0253,0.0003,0.8539,0.0232,0.0967,0.0001,0.321207,0.058465,0.000717,0.004187,0.008110,-0.020944,0.052360,-0.066580,0.902813,0.101372,0.078540,-0.279889,1.350706,-0.014106,-0.003491,-0.289274,1.368696,0.000000,0.001745,0.134063,0.127407,-0.160763,0.087266,0.029333,0.072798,0.159017,0.040143,-0.024400,0.049804
1771203716.776,849,3,3,0.0001,0.3056,0.0134,0.5191,0.0195,0.1419,0.0003,0.326171,0.049449,0.000376,0.001150,0.000990,-0.024435,0.068068,-0.033765,0.899385,0.105529,0.054105,-0.274112,1.388090,-0.032225,-0.003491,-0.284962,1.398872,-0.006981,0.038397,0.221039,-0.005476,-0.150938,0.055851,-0.109188,0.014570,0.147447,0.024435,0.014682,0.076973
1771203716.880,852,3,3,0.0000,0.0656,0.0010,0.5635,0.0009,0.3690,0.0000,0.326785,0.052400,0.001374,0.000698,0.001282,-0.033161,0.089012,-0.018565,0.900844,0.097652,0.036652,-0.284475,1.403572,-0.043547,-0.003491,-0.320253,1.393692,-0.006981,0.055851,0.280879,-0.068066,-0.138779,0.036652,-0.267026,-0.108297,0.137034,0.012217,0.021117,0.085046
1771203716.976,855,3,3,0.0000,0.0336,0.0005,0.5002,0.0004,0.4653,0.0000,0.328326,0.079752,0.001022,0.003896,0.004465,-0.034907,0.099484,-0.069330,0.901945,0.088294,0.033161,-0.297484,1.412086,-0.051642,-0.003491,-0.316229,1.404947,-0.006981,0.068068,0.295159,-0.077754,-0.195486,0.024435,-0.323435,-0.168353,0.193741,0.006981,0.182560,0.186078
1771203717.076,858,3,3,0.0000,0.0207,0.0002,0.5233,0.0004,0.4554,0.0000,0.326881,0.057800,0.000651,0.003684,0.006824,-0.034907,0.104720,-0.114180,0.903980,0.077188,0.029671,-0.369778,1.377262,-0.047517,-0.003491,-0.314188,1.429752,-0.006981,0.068068,0.281830,-0.064380,-0.138515,0.012217,-0.304706,-0.158145,0.136770,0.005236,0.076282,0.113193
1771203717.176,861,3,3,0.0000,0.0101,0.0000,0.6501,0.0003,0.3395,0.0000,0.322774,0.034891,0.001321,0.001582,0.001871,-0.034907,0.104720,-0.156847,0.895379,0.048647,0.029671,-0.370289,1.369545,-0.020722,-0.003491,-0.327499,1.425329,-0.006981,0.068068,0.267286,-0.040055,-0.078097,0.006981,-0.271390,-0.137192,0.074606,0.001745,-0.090523,-0.010861
1771203717.276,864,3,3,0.0000,0.0068,0.0000,0.7873,0.0001,0.2057,0.0000,0.186887,0.032459,0.005126,0.001313,0.005594,-0.034907,0.102974,0.509510,0.012217,0.034440,0.031416,0.741290,0.090757,-0.008261,-0.003491,0.720032,-0.008727,-0.003491,0.064577,0.222337,-0.059674,-0.061576,0.003491,-0.223347,-0.135092,0.058085,0.001745,0.019280,0.019992
1771203717.377,867,3,3,0.0000,0.0034,0.0000,0.9455,0.0001,0.0509,0.0000,0.185387,0.245685,0.001998,0.006476,0.005714,-0.033161,0.102974,0.527140,0.012217,-0.003381,0.031416,0.751670,0.097738,0.031307,-0.003491,0.670183,-0.003491,-0.003491,0.055851,0.168165,-0.119419,0.366834,0.000000,1.109588,0.751532,-0.368579,0.000000,0.243078,0.253166
1771203717.477,870,3,3,0.0001,0.0009,0.0000,0.9761,0.0005,0.0224,0.0000,0.188185,0.202261,0.001583,0.001200,0.000885,-0.034907,0.102974,0.530709,0.012217,0.048460,0.033161,0.717638,0.106465,-0.022280,-0.003491,0.706600,-0.003491,-0.001745,0.040143,0.134200,-0.077481,0.167867,0.003491,0.912419,0.601034,-0.181830,-0.008727,0.275587,0.292389
1771203717.577,873,3,3,0.0002,0.0007,0.0000,0.9741,0.0013,0.0237,0.0000,0.184971,0.121386,0.001078,0.001426,0.001457,-0.033161,0.101229,0.549009,0.012217,0.040075,0.034907,0.684161,0.120428,-0.013895,-0.003491,0.677630,-0.003491,-0.001745,0.012217,0.073368,-0.040204,0.042043,0.013963,0.564786,0.285203,-0.059496,0.006981,0.197258,0.260816
1771203717.678,876,3,3,0.0010,0.0007,0.0001,0.9419,0.0030,0.0534,0.0000,0.175308,0.090862,0.001155,0.001533,0.001705,-0.033161,0.101229,0.516252,0.012217,0.013260,0.040143,0.671144,0.146608,0.012920,-0.003491,0.589928,-0.003491,-0.003491,0.001745,0.014677,0.006388,-0.041981,0.026180,0.447001,0.194660,0.028018,0.008727,0.148614,0.214338
1771203717.778,879,3,3,0.0014,0.0005,0.0001,0.8643,0.0071,0.1266,0.0000,0.187819,0.106228,0.000602,0.000294,0.002114,-0.033161,0.101229,0.507258,0.012217,0.034503,0.054105,0.722956,0.165806,-0.008324,-0.003491,0.655749,-0.003491,-0.003491,0.000000,-0.014566,0.017189,-0.024357,0.033161,0.490391,0.277315,0.010394,0.010472,0.196956,0.238854
1771203717.878,882,5,3,0.0004,0.0005,0.0015,0.2343,0.0167,0.7466,0.0000,0.329141,0.127008,0.000693,0.000499,0.005645,-0.031416,0.097738,-0.148504,0.916075,0.036774,0.068068,-0.321277,1.440887,-0.012340,-0.005236,-0.404609,1.390147,-0.003491,-0.003491,0.004957,0.012819,-0.015617,0.045379,0.552282,0.326695,0.006891,0.013963,0.286963,0.274145
1771203717.978,885,5,5,0.0000,0.0003,0.0007,0.0015,0.0031,0.9944,0.0000,0.332612,0.157007,0.001231,0.000206,0.002054,-0.031416,0.094248,-0.147062,0.932527,0.038756,0.075049,-0.309788,1.447164,-0.014322,-0.003491,-0.373858,1.403603,-0.003491,-0.005236,0.037615,0.026314,0.006197,0.047124,0.671166,0.392399,-0.011433,0.019199,0.368779,0.315289
1771203718.078,888,3,3,0.0000,0.0003,0.0027,0.7796,0.1767,0.0407,0.0000,0.321312,0.175192,0.001464,0.002211,0.002072,-0.031416,0.094248,-0.147485,0.925145,0.058806,0.099484,-0.526193,1.296415,-0.030881,0.005236,-0.395664,1.376406,-0.003491,-0.006981,0.074721,0.009872,0.093457,0.061087,0.779557,0.444580,-0.093457,0.033161,0.334904,0.270962
1771203718.178,891,4,3,0.0000,0.0012,0.0236,0.1366,0.4541,0.3845,0.0000,0.318768,0.173698,0.002312,0.001443,0.002672,-0.033161,0.094248,-0.115485,0.926097,0.098062,0.104720,-0.570078,1.243591,-0.059665,0.006981,-0.424367,1.351513,-0.003491,-0.005236,0.138935,-0.008052,0.077734,0.071558,0.834123,0.390229,-0.062026,0.036652,0.302952,0.232200
1771203718.279,894,4,4,0.0000,0.0009,0.0164,0.3917,0.4470,0.1439,0.0001,0.320790,0.159843,0.003336,0.005024,0.003678,-0.033161,0.095993,-0.156710,0.918615,0.098485,0.104720,-0.504833,1.274288,-0.060088,0.006981,-0.425559,1.350402,-0.005236,-0.003491,0.195343,-0.012829,0.076402,0.078540,0.817818,0.339808,-0.053713,0.036652,0.223986,0.149564
1771203718.379,897,4,4,0.0000,0.0023,0.0259,0.1792,0.5508,0.2417,0.0001,0.320081,0.119149,0.002722,0.003419,0.001481,-0.031416,0.095993,-0.175239,0.902126,0.083612,0.102974,-0.497675,1.294102,-0.045214,0.006981,-0.419713,1.355177,-0.006981,0.000000,0.183198,0.001785,0.034412,0.083776,0.679356,0.199582,-0.009977,0.036652,0.142599,0.068427
1771203718.479,900,5,4,0.0000,0.0049,0.0344,0.0600,0.4152,0.4855,0.0001,0.314690,0.112800,0.003163,0.001566,0.002030,-0.031416,0.095993,-0.154400,0.889667,0.084216,0.102974,-0.502199,1.270067,-0.047564,0.005236,-0.437963,1.328130,-0.006981,0.000000,0.172061,0.001228,0.028979,0.083776,0.670532,0.198782,0.000692,0.027925,0.131342,0.038284
1771203718.579,903,5,5,0.0000,0.0017,0.0061,0.0092,0.0212,0.9617,0.0000,0.329461,0.087823,0.001569,0.001673,0.001676,-0.031416,0.095993,-0.177416,0.913796,0.024527,0.101229,-0.333160,1.428416,0.012125,0.006981,-0.370385,1.370470,-0.005236,-0.003491,0.188513,-0.032007,-0.007629,0.083776,0.540678,0.078555,0.042536,0.022689,0.097125,-0.009797
1771203718.681,906,5,5,0.0000,0.0022,0.0071,0.0140,0.0295,0.9472,0.0000,0.351576,0.083229,0.001012,0.000834,0.001628,-0.029671,0.095993,-0.221471,0.917445,0.028090,0.097738,-0.157396,1.587334,0.008562,0.006981,-0.265301,1.476767,-0.006981,-0.006981,0.171342,-0.037723,-0.042609,0.085521,0.511311,0.060533,0.081006,0.019199,0.069830,-0.025442
1771203718.782,909,5,5,0.0000,0.0025,0.0072,0.0125,0.0288,0.9490,0.0000,0.347821,0.092565,0.002041,0.000701,0.001477,-0.027925,0.095993,-0.220388,0.877036,0.021695,0.095993,-0.185864,1.576947,0.016702,0.006981,-0.271034,1.482511,-0.006981,-0.005236,0.159762,-0.028202,-0.049540,0.085521,0.531360,0.110508,0.087937,0.015708,0.091526,0.028462
1771203718.881,912,5,5,0.0000,0.0019,0.0045,0.0066,0.0148,0.9722,0.0000,0.341607,0.099520,0.000933,0.000991,0.000709,-0.024435,0.094248,-0.202843,0.862488,0.017661,0.092502,-0.218490,1.537815,0.015500,0.006981,-0.285530,1.472084,-0.005236,-0.006981,0.179204,-0.029571,-0.035622,0.085521,0.561667,0.159822,0.075765,0.013963,0.092128,0.026178
1771203718.983,915,5,5,0.0000,0.0010,0.0020,0.0085,0.0063,0.9822,0.0000,0.352278,0.112134,0.002255,0.001603,0.001238,-0.015708,0.094248,-0.207473,0.880126,0.025400,0.090757,-0.156206,1.607751,0.007761,0.006981,-0.243967,1.514309,-0.006981,-0.006981,0.201746,-0.036376,-0.010028,0.085521,0.608062,0.193925,0.050171,0.013963,0.122204,0.070018
1771203719.082,918,5,5,0.0000,0.0010,0.0029,0.0061,0.0081,0.9819,0.0000,0.368624,0.121849,0.002321,0.001196,0.001189,-0.012217,0.094248,-0.207836,0.886394,0.040433,0.089012,-0.081904,1.715922,-0.009018,0.006981,-0.173846,1.590493,-0.006981,-0.006981,0.216172,-0.034987,0.000119,0.087266,0.643224,0.207603,0.040024,0.013963,0.162101,0.091713
1771203719.182,921,5,5,0.0000,0.0010,0.0036,0.0057,0.0109,0.9787,0.0000,0.363255,0.127774,0.001349,0.003226,0.002708,-0.006981,0.090757,-0.248070,0.849127,0.014226,0.089012,-0.106751,1.718864,0.017190,0.006981,-0.211854,1.572907,-0.005236,-0.008727,0.220999,-0.030743,0.012806,0.087266,0.638194,0.202136,0.030827,0.013963,0.202523,0.124571
1771203719.283,924,5,5,0.0000,0.0010,0.0028,0.0081,0.0085,0.9796,0.0000,0.364849,0.128780,0.002180,0.003061,0.001928,-0.003491,0.085521,-0.233910,0.841824,0.008138,0.089012,-0.097528,1.740257,0.025024,0.006981,-0.198142,1.581428,-0.005236,-0.008727,0.216354,-0.035465,0.011773,0.094248,0.635931,0.198424,0.033606,0.015708,0.213185,0.126138
1771203719.384,927,5,5,0.0000,0.0010,0.0045,0.0058,0.0139,0.9747,0.0000,0.364484,0.125922,0.000727,0.001351,0.001641,-0.003491,0.080285,-0.230932,0.838197,-0.000766,0.089012,-0.091319,1.743990,0.033927,0.006981,-0.191281,1.581421,-0.005236,-0.008727,0.218765,-0.043420,0.011386,0.099484,0.624173,0.187738,0.035738,0.020944,0.201123,0.111718
1771203719.482,930,5,5,0.0000,0.0019,0.0026,0.0703,0.0089,0.9163,0.0000,0.364781,0.124308,0.002949,0.001851,0.001038,-0.003491,0.075049,-0.230608,0.836304,-0.001457,0.090757,-0.077025,1.750299,0.036364,0.006981,-0.180438,1.581616,-0.003491,-0.008727,0.221229,-0.062644,-0.010215,0.106465,0.590064,0.172978,0.060830,0.024435,0.201728,0.113973
1771203719.585,933,4,4,0.0000,0.0332,0.1476,0.0642,0.5189,0.2330,0.0031,0.359421,0.126953,0.003602,0.002923,0.001680,-0.006981,0.071558,-0.184672,0.835232,0.024278,0.090757,-0.107527,1.716657,0.010629,0.006981,-0.218104,1.556959,-0.003491,-0.008727,0.219214,-0.059846,-0.006117,0.113446,0.593115,0.174638,0.056731,0.031416,0.207849,0.127026
1771203719.685,936,5,5,0.0000,0.0036,0.0080,0.0456,0.0176,0.9252,0.0000,0.347723,0.129448,0.004224,0.004509,0.003079,-0.003491,0.071558,-0.096823,0.834281,0.045535,0.092502,-0.216828,1.621300,-0.010628,0.006981,-0.320178,1.500520,-0.003491,-0.008727,0.190598,-0.057767,0.011668,0.125664,0.601492,0.192000,0.038946,0.040143,0.211854,0.141012
1771203719.783,939,5,5,0.0000,0.0013,0.0035,0.0484,0.0089,0.9379,0.0000,0.352347,0.129600,0.004071,0.004380,0.001080,-0.003491,0.071558,-0.124043,0.854879,0.047696,0.094248,-0.197851,1.635423,-0.012790,0.010472,-0.304587,1.513882,-0.003491,-0.006981,0.202838,-0.076371,0.014539,0.136136,0.598354,0.188822,0.037821,0.050615,0.206815,0.119258
1771203719.885,942,5,5,0.0000,0.0012,0.0052,0.0262,0.0143,0.9531,0.0000,0.353138,0.133110,0.002988,0.006488,0.004839,-0.006981,0.073304,-0.081071,0.858783,0.045577,0.094248,-0.197105,1.639936,-0.010671,0.010472,-0.332644,1.515338,-0.005236,-0.008727,0.209552,-0.071777,0.001728,0.139626,0.633904,0.206798,0.048887,0.054105,0.200940,0.101779
1771203719.984,945,5,5,0.0000,0.0014,0.0083,0.0076,0.0211,0.9617,0.0000,0.353893,0.131989,0.004028,0.003903,0.002163,-0.006981,0.073304,-0.082692,0.860859,0.020050,0.092502,-0.189850,1.653755,0.014857,0.010472,-0.332183,1.520913,-0.003491,-0.008727,0.212854,-0.068697,0.017019,0.146608,0.643363,0.201727,0.035341,0.059341,0.183082,0.084532
1771203720.084,948,5,5,0.0000,0.0015,0.0077,0.0060,0.0173,0.9676,0.0000,0.347942,0.110958,0.005664,0.003334,0.002519,-0.003491,0.073304,-0.070469,0.858241,0.052161,0.094248,-0.255409,1.588943,-0.015509,0.010472,-0.374587,1.497937,-0.003491,-0.008727,0.207936,-0.071190,0.008357,0.164061,0.562572,0.113749,0.044003,0.071558,0.132346,0.026909
1771203720.184,951,5,5,0.0000,0.0015,0.0069,0.0056,0.0159,0.9701,0.0000,0.339758,0.115390,0.006038,0.006178,0.001317,-0.003491,0.073304,-0.078411,0.851261,0.032373,0.095993,-0.315082,1.525408,0.007769,0.012217,-0.385978,1.478767,-0.003491,-0.005236,0.189140,-0.056996,0.008584,0.179769,0.593424,0.136216,0.045521,0.087266,0.129077,0.015685
1771203720.284,954,5,5,0.0000,0.0016,0.0073,0.0059,0.0178,0.9674,0.0000,0.336763,0.122883,0.007381,0.006823,0.002289,0.000000,0.066323,-0.070286,0.834949,0.008170,0.097738,-0.329586,1.516596,0.033717,0.012217,-0.389215,1.471443,-0.001745,-0.003491,0.160679,-0.054830,0.010397,0.202458,0.609434,0.180390,0.043708,0.106465,0.134955,0.026109
1771203720.385,957,5,5,0.0000,0.0019,0.0089,0.0065,0.0262,0.9565,0.0000,0.365500,0.126099,0.003577,0.003288,0.002867,-0.003491,0.066323,-0.094384,0.828406,-0.045066,0.102974,-0.182009,1.689944,0.090444,0.015708,-0.260885,1.592197,-0.001745,0.000000,0.125528,-0.051925,0.019779,0.226893,0.611101,0.178029,0.043053,0.125664,0.146026,0.037110
1771203720.488,960,5,5,0.0000,0.0026,0.0127,0.0073,0.0417,0.9356,0.0000,0.365750,0.123245,0.002802,0.001584,0.001659,-0.003491,0.057596,-0.111490,0.803157,-0.002069,0.113446,-0.180314,1.714461,0.061411,0.031416,-0.270010,1.607514,-0.001745,0.005236,0.125346,-0.053769,0.038177,0.230383,0.605842,0.133652,0.040362,0.129154,0.160509,0.010277
1771203720.588,963,4,4,0.0000,0.0165,0.0389,0.0119,0.7940,0.1366,0.0021,0.367217,0.125591,0.000767,0.001139,0.000549,-0.003491,0.036652,-0.119756,0.790997,0.049295,0.129154,-0.201106,1.709917,0.029245,0.059341,-0.302308,1.602005,-0.001745,0.010472,0.123335,-0.050157,0.056344,0.233874,0.640365,0.107848,0.037904,0.129154,0.167790,-0.040318
1771203720.688,966,4,4,0.0000,0.0016,0.0057,0.0084,0.9803,0.0011,0.0029,0.371450,0.120505,0.001448,0.000433,0.001019,-0.006981,0.020944,-0.121804,0.797375,0.079906,0.146608,-0.194680,1.708214,0.019577,0.083776,-0.317514,1.601003,-0.003491,0.012217,0.132710,-0.046533,0.075552,0.237365,0.642321,0.045736,0.032658,0.129154,0.138342,-0.106076
1771203720.788,969,4,4,0.0000,0.0015,0.0050,0.0091,0.9808,0.0011,0.0026,0.380346,0.116108,0.000958,0.000734,0.000412,-0.001745,0.001745,-0.126796,0.811742,0.089905,0.164061,-0.186600,1.715914,0.047976,0.108210,-0.292577,1.624599,-0.005236,0.015708,0.126019,-0.045879,0.089894,0.237365,0.638548,-0.017395,0.030533,0.129154,0.126068,-0.166991
1771203720.889,972,4,4,0.0000,0.0016,0.0041,0.0114,0.9796,0.0010,0.0023,0.389761,0.105886,0.000762,0.000897,0.001302,0.000000,-0.005236,-0.139065,0.811128,0.090569,0.185005,-0.165929,1.727397,0.092690,0.125664,-0.277121,1.644683,-0.003491,0.020944,0.120717,-0.051698,0.094420,0.239110,0.558185,-0.120855,0.032989,0.129154,0.075109,-0.244529
1771203720.989,975,4,4,0.0000,0.0020,0.0034,0.0183,0.9721,0.0012,0.0030,0.390395,0.107462,0.001525,0.001527,0.000574,0.000000,-0.008727,-0.125285,0.824870,0.111171,0.197222,-0.209085,1.676227,0.108741,0.137881,-0.306916,1.628624,-0.006981,0.027925,0.118828,-0.061323,0.087943,0.239110,0.567886,-0.136948,0.039466,0.129154,0.079228,-0.256975
1771203721.089,978,4,4,0.0000,0.0225,0.0079,0.1170,0.7911,0.0029,0.0586,0.399126,0.111128,0.004038,0.003109,0.002238,0.000000,-0.010472,-0.123878,0.854502,0.105028,0.211185,-0.213321,1.684497,0.135827,0.141372,-0.286489,1.657100,-0.006981,0.036652,0.129936,-0.062599,0.061139,0.239110,0.569222,-0.147564,0.066270,0.129154,0.102057,-0.245584
1771203721.189,981,4,4,0.0000,0.1342,0.0614,0.0971,0.3683,0.0034,0.3357,0.404634,0.103784,0.003791,0.002156,0.001049,0.000000,-0.010472,-0.164910,0.840536,0.063314,0.219911,-0.171503,1.727313,0.189759,0.143117,-0.260061,1.671653,-0.005236,0.038397,0.147987,-0.066736,0.055415,0.239110,0.503156,-0.216717,0.071994,0.127409,0.061942,-0.266506
1771203721.290,984,4,4,0.0000,0.1601,0.0604,0.1044,0.3375,0.0032,0.3343,0.402841,0.101303,0.002097,0.002358,0.000477,-0.003491,-0.010472,-0.177636,0.829288,0.060554,0.219911,-0.152283,1.729206,0.192519,0.141372,-0.267765,1.661244,-0.005236,0.038397,0.140086,-0.063565,0.052610,0.239110,0.491521,-0.221997,0.074799,0.127409,0.051698,-0.260928
1771203721.408,987,6,6,0.0000,0.1631,0.0611,0.1164,0.3224,0.0038,0.3332,0.404503,0.104974,0.002928,0.002057,0.001156,-0.003491,-0.010472,-0.173476,0.838733,0.072864,0.218166,-0.110826,1.742163,0.181954,0.141372,-0.255612,1.658786,-0.005236,0.036652,0.143545,-0.060977,0.052419,0.239110,0.527191,-0.160103,0.076735,0.129154,0.054876,-0.241559
1771203721.496,990,4,4,0.0000,0.0116,0.0023,0.4585,0.5069,0.0116,0.0091,0.417291,0.107409,0.003379,0.003264,0.000670,-0.003491,-0.010472,-0.180218,0.878097,0.093700,0.218166,-0.012792,1.823493,0.159373,0.139626,-0.190898,1.695037,-0.005236,0.036652,0.149951,-0.058179,0.068243,0.239110,0.551817,-0.144312,0.059166,0.129154,0.054811,-0.219138
1771203721.593,993,3,3,0.0000,0.0081,0.0018,0.7228,0.1788,0.0882,0.0003,0.424173,0.115024,0.000685,0.003608,0.000655,-0.006981,-0.012217,-0.177545,0.885250,0.123043,0.218166,0.010889,1.858644,0.130030,0.137881,-0.169199,1.726167,-0.003491,0.036652,0.142241,-0.036225,0.076748,0.240855,0.643430,-0.064886,0.050661,0.129154,0.060543,-0.192131
1771203721.693,996,4,4,0.0000,0.0026,0.0086,0.1296,0.8387,0.0195,0.0008,0.421203,0.113840,0.002710,0.002510,0.001208,0.000000,-0.012217,-0.158632,0.887383,0.141529,0.219911,-0.004253,1.839637,0.109798,0.137881,-0.165574,1.718298,-0.003491,0.047124,0.101500,-0.013872,0.078955,0.244346,0.655833,-0.050932,0.051945,0.127409,0.058964,-0.158428
1771203721.794,999,4,4,0.0000,0.0022,0.0148,0.1031,0.8494,0.0301,0.0004,0.425284,0.115005,0.002154,0.002752,0.000825,0.000000,-0.012217,-0.145373,0.897967,0.169248,0.219911,0.028741,1.851092,0.080334,0.134390,-0.132513,1.721729,0.000000,0.062832,0.081873,0.011698,0.080866,0.268781,0.633497,-0.084383,0.070978,0.130900,0.038641,-0.148287
1771203721.894,1002,4,4,0.0000,0.0019,0.0160,0.0607,0.9004,0.0205,0.0005,0.430171,0.122366,0.003640,0.005008,0.002449,0.000000,-0.012217,-0.145873,0.897579,0.184792,0.219911,0.063366,1.874384,0.073516,0.134390,-0.119580,1.714107,0.000000,0.064577,0.060407,0.032303,0.089202,0.291470,0.642010,-0.065048,0.085331,0.136136,0.066950,-0.110301
1771203721.994,1005,5,5,0.0000,0.0025,0.0176,0.0126,0.0370,0.9303,0.0000,0.421891,0.132763,0.004198,0.003563,0.000832,0.000000,-0.012217,-0.137828,0.887266,0.192787,0.219911,0.031883,1.846223,0.065521,0.130900,-0.148999,1.688201,-0.001745,0.064577,0.052086,0.044932,0.092443,0.296706,0.678147,0.011518,0.083835,0.136136,0.132781,-0.026383
1771203722.095,1008,5,5,0.0000,0.0017,0.0115,0.0099,0.0252,0.9516,0.0000,0.414638,0.137885,0.002463,0.003317,0.001608,-0.001745,-0.008727,-0.165319,0.863565,0.187828,0.219911,0.020811,1.822625,0.066990,0.123918,-0.152544,1.670010,-0.001745,0.066323,0.075936,0.023471,0.097612,0.296706,0.673218,0.047744,0.078666,0.136136,0.140505,0.018299
1771203722.196,1011,5,5,0.0000,0.0015,0.0125,0.0087,0.0281,0.9491,0.0000,0.420184,0.143925,0.002473,0.003053,0.002038,-0.001745,0.000000,-0.163549,0.868520,0.185326,0.218166,0.054429,1.857773,0.059020,0.113446,-0.083530,1.685524,-0.001745,0.064577,0.100448,0.011598,0.097863,0.294961,0.672883,0.077336,0.078415,0.136136,0.153458,0.039427
1771203722.296,1014,5,5,0.0000,0.0015,0.0129,0.0082,0.0286,0.9487,0.0000,0.420365,0.132260,0.003340,0.003933,0.001156,-0.003491,0.003491,-0.134150,0.882461,0.167158,0.218166,0.054913,1.865132,0.075443,0.106465,-0.105449,1.671156,-0.001745,0.066323,0.094792,0.003079,0.088209,0.293215,0.632088,0.035185,0.084578,0.134390,0.139603,0.015661
1771203722.396,1017,5,5,0.0000,0.0015,0.0114,0.0077,0.0251,0.9543,0.0000,0.411835,0.112218,0.002289,0.002856,0.000880,-0.006981,0.010472,-0.135715,0.898277,0.175556,0.214676,0.017618,1.838174,0.063554,0.101229,-0.209773,1.622458,-0.001745,0.066323,0.097832,-0.013185,0.100822,0.286234,0.515277,-0.073404,0.071966,0.130900,0.077265,-0.068077
1771203722.497,1020,5,5,0.0000,0.0016,0.0087,0.0070,0.0219,0.9608,0.0000,0.397013,0.110725,0.001172,0.002385,0.001521,-0.006981,0.012217,-0.121910,0.893876,0.176940,0.214676,-0.092778,1.745320,0.056934,0.094248,-0.306286,1.569945,-0.001745,0.068068,0.111187,-0.007965,0.100171,0.284489,0.505431,-0.068653,0.072616,0.125664,0.061073,-0.093739
1771203722.597,1023,5,5,0.0000,0.0018,0.0088,0.0079,0.0224,0.9591,0.0000,0.397257,0.113201,0.002149,0.003810,0.002432,-0.006981,0.013963,-0.153482,0.897194,0.177783,0.212930,-0.081527,1.750642,0.052601,0.087266,-0.289042,1.574703,-0.001745,0.078540,0.110703,-0.008756,0.099212,0.274017,0.504689,-0.049271,0.071831,0.106465,0.112954,-0.062891
1771203722.698,1026,5,5,0.0000,0.0021,0.0081,0.0096,0.0238,0.9565,0.0000,0.402195,0.106369,0.004105,0.006803,0.011955,-0.006981,0.024435,-0.160104,0.870375,0.140126,0.197222,0.011368,1.813430,0.081530,0.076794,-0.237129,1.611053,-0.001745,0.095993,0.099957,-0.012132,0.102487,0.249582,0.488621,-0.019489,0.059829,0.075049,0.104906,-0.058304
1771203722.798,1029,5,5,0.0000,0.0018,0.0074,0.0084,0.0212,0.9612,0.0000,0.408829,0.097397,0.003062,0.005043,0.004005,-0.012217,0.041888,-0.154019,0.856099,0.127560,0.174533,0.046613,1.863564,0.080134,0.062832,-0.219540,1.652721,-0.001745,0.118682,0.106760,-0.012066,0.103843,0.221657,0.472172,0.000041,0.044510,0.054105,0.046990,-0.071293
1771203722.898,1032,5,5,0.0000,0.0022,0.0072,0.0077,0.0229,0.9600,0.0000,0.369861,0.098915,0.003398,0.003602,0.003476,-0.012217,0.055851,-0.151105,0.826166,0.119954,0.151844,-0.205964,1.691907,0.066796,0.048869,-0.468061,1.476946,-0.001745,0.130900,0.119393,0.008114,0.102430,0.193732,0.482215,0.043450,0.030215,0.038397,0.038134,-0.080795
1771203722.998,1035,4,5,0.0000,0.0029,0.0046,0.0273,0.9602,0.0026,0.0024,0.363163,0.098678,0.002044,0.002851,0.006788,-0.012217,0.071558,-0.146183,0.812003,0.089840,0.129154,-0.251886,1.663324,0.070730,0.033161,-0.434277,1.488183,-0.003491,0.153589,0.153800,0.029154,0.115237,0.162316,0.445642,0.068620,0.001700,0.020944,0.033138,-0.076485
1771203723.099,1038,4,4,0.0000,0.0076,0.0015,0.2255,0.7548,0.0040,0.0067,0.368921,0.099824,0.004936,0.009319,0.002839,-0.012217,0.089012,-0.130665,0.811956,0.066705,0.111701,-0.152595,1.732721,0.072921,0.020944,-0.356267,1.521094,0.000000,0.174533,0.169434,0.071081,0.108472,0.129154,0.402551,0.086617,-0.008988,0.012217,0.043832,-0.027802
1771203723.200,1041,3,4,0.0000,0.0087,0.0007,0.4903,0.4894,0.0064,0.0045,0.371872,0.098177,0.002388,0.006595,0.009697,-0.012217,0.102974,-0.113651,0.825272,0.050506,0.097738,-0.113483,1.773851,0.069922,0.012217,-0.333853,1.529988,-0.001745,0.188496,0.202945,0.115109,0.089737,0.101229,0.347147,0.080078,-0.005961,0.005236,0.048151,-0.027153
1771203723.301,1044,3,3,0.0000,0.0060,0.0006,0.7864,0.1874,0.0184,0.0011,0.370927,0.094608,0.002444,0.002830,0.001487,-0.012217,0.113446,-0.119135,0.839127,0.047329,0.089012,-0.102615,1.763291,0.050410,0.008727,-0.331837,1.539788,0.001745,0.207694,0.234318,0.130664,0.072995,0.076794,0.276155,0.080747,-0.001437,0.001745,0.052437,-0.028189
1771203723.401,1047,3,3,0.0000,0.0069,0.0004,0.8747,0.0343,0.0836,0.0001,0.369202,0.088108,0.003572,0.005961,0.005336,-0.012217,0.125664,-0.144265,0.850034,0.059701,0.082030,-0.111695,1.733944,0.020584,0.003491,-0.315087,1.554978,0.000000,0.209440,0.229311,0.128667,0.056473,0.069813,0.233071,0.063669,0.008104,0.000000,0.058746,-0.017742
1771203723.502,1050,3,3,0.0000,0.1315,0.0167,0.5997,0.1920,0.0389,0.0211,0.372572,0.081489,0.005040,0.006304,0.005811,-0.012217,0.125664,-0.171417,0.876927,0.046380,0.078540,-0.141609,1.732339,0.025178,0.000000,-0.303174,1.585839,0.001745,0.207694,0.209775,0.124555,0.047914,0.062832,0.214751,0.068559,0.007937,-0.001745,0.032107,-0.025773
1771203723.604,1053,3,3,0.0000,0.0561,0.0019,0.5757,0.0130,0.3529,0.0003,0.333768,0.069713,0.003554,0.006534,0.003028,-0.012217,0.127409,-0.194472,0.894783,0.032375,0.076794,-0.470988,1.422495,0.032202,0.000000,-0.431940,1.419155,0.000000,0.207694,0.209902,0.121683,0.039745,0.050615,0.136947,0.046869,0.005633,-0.003491,0.017467,-0.044352
1771203723.703,1056,5,5,0.0000,0.0048,0.0000,0.4886,0.0005,0.5060,0.0000,0.322553,0.063360,0.002058,0.003925,0.006675,-0.012217,0.130900,-0.218587,0.913377,0.029695,0.075049,-0.481304,1.345069,0.029646,0.000000,-0.448267,1.346895,0.000000,0.207694,0.185912,0.125736,0.029564,0.036652,0.096503,0.042891,0.005343,0.000000,0.030029,-0.039385
1771203723.804,1059,5,5,0.0000,0.0042,0.0000,0.4752,0.0003,0.5202,0.0000,0.325996,0.065345,0.003675,0.005853,0.002114,-0.012217,0.134390,-0.236725,0.933681,0.060875,0.073304,-0.478417,1.339752,-0.006770,0.003491,-0.423755,1.366457,-0.006981,0.211185,0.214206,0.134273,0.014169,0.019199,0.087802,0.050251,0.006775,0.000000,0.046278,-0.026214
1771203723.905,1062,5,5,0.0000,0.0014,0.0009,0.0387,0.0030,0.9560,0.0000,0.332700,0.064095,0.005314,0.005333,0.002546,-0.012217,0.134390,-0.239478,0.926439,0.108109,0.071558,-0.482391,1.342458,-0.057495,0.003491,-0.393927,1.405953,-0.006981,0.212930,0.237567,0.135514,-0.004231,0.010472,0.071684,0.043828,0.019939,0.000000,0.037211,-0.042888
1771203724.005,1065,5,5,0.0000,0.0013,0.0019,0.0079,0.0041,0.9848,0.0000,0.327966,0.067508,0.004766,0.002046,0.003112,-0.012217,0.137881,-0.207737,0.921370,0.113135,0.068068,-0.541302,1.295950,-0.066011,0.000000,-0.400097,1.399188,-0.006981,0.214676,0.284854,0.133903,-0.038111,0.003491,0.062284,0.050411,0.048583,0.000000,0.011889,-0.070012
1771203724.106,1068,5,5,0.0000,0.0011,0.0019,0.0055,0.0045,0.9870,0.0000,0.314636,0.083139,0.002580,0.002362,0.001795,-0.012217,0.144862,-0.187638,0.922341,0.083907,0.066323,-0.599428,1.212403,-0.042019,0.000000,-0.449191,1.345793,-0.006981,0.214676,0.314675,0.139163,-0.075000,0.000000,0.073160,0.061166,0.081981,0.000000,0.098049,0.014801
1771203724.206,1071,5,5,0.0000,0.0010,0.0021,0.0059,0.0050,0.9860,0.0000,0.320404,0.105553,0.003827,0.002731,0.001571,-0.012217,0.153589,-0.218618,0.940624,0.100983,0.062832,-0.593106,1.218789,-0.066076,0.001745,-0.385622,1.366287,-0.012217,0.214676,0.349697,0.153520,-0.103793,0.000000,0.119109,0.100472,0.110775,0.000000,0.157628,0.060757
1771203724.307,1074,5,5,0.0000,0.0011,0.0028,0.0061,0.0071,0.9830,0.0000,0.318168,0.111789,0.004527,0.006353,0.002309,-0.012217,0.157080,-0.191741,0.916228,0.107783,0.062832,-0.604230,1.214522,-0.078112,0.000000,-0.384845,1.359576,-0.012217,0.214676,0.387846,0.149681,-0.118822,0.001745,0.154816,0.118431,0.125803,0.000000,0.140626,0.047847
1771203724.408,1077,5,5,0.0000,0.0011,0.0037,0.0057,0.0088,0.9806,0.0000,0.323560,0.128948,0.005680,0.002382,0.005138,-0.012217,0.167552,-0.149488,0.903002,0.099495,0.057596,-0.559788,1.273690,-0.075060,0.001745,-0.368879,1.379636,-0.012217,0.214676,0.396788,0.175190,-0.084709,0.000000,0.300828,0.193028,0.091690,0.000000,0.138505,0.036676
1771203724.508,1080,5,5,0.0000,0.0010,0.0039,0.0053,0.0107,0.9790,0.0000,0.320519,0.127982,0.001935,0.003109,0.002115,-0.013963,0.188496,-0.174489,0.895891,0.082132,0.050615,-0.570150,1.255689,-0.068169,0.000000,-0.373534,1.373409,-0.012217,0.214676,0.427078,0.196477,0.038672,0.000000,0.401058,0.239821,-0.031691,0.000000,0.018002,-0.084990
1771203724.609,1083,5,5,0.0000,0.0010,0.0059,0.0049,0.0152,0.9731,0.0000,0.318078,0.154885,0.003938,0.002813,0.001620,-0.012217,0.209440,-0.163569,0.891549,0.059528,0.047124,-0.606998,1.233697,-0.054292,0.000000,-0.382712,1.375599,-0.017453,0.216421,0.489612,0.220077,0.088260,0.000000,0.540112,0.304138,-0.081279,0.000000,-0.052774,-0.165894
1771203724.709,1086,5,5,0.0000,0.0009,0.0080,0.0044,0.0201,0.9666,0.0000,0.307423,0.169303,0.004100,0.002638,0.002379,-0.015708,0.223402,-0.173416,0.877443,0.033447,0.040143,-0.648017,1.194639,-0.033447,0.001745,-0.475706,1.318261,-0.026180,0.246091,0.519644,0.266831,0.103777,0.000000,0.565940,0.329351,-0.096795,0.000000,-0.049960,-0.157828
1771203724.809,1089,5,5,0.0000,0.0007,0.0087,0.0037,0.0240,0.9628,0.0000,0.310602,0.175694,0.004329,0.003213,0.002902,-0.019199,0.223402,-0.272237,0.936341,0.031081,0.038397,-0.657425,1.170379,-0.031081,0.001745,-0.424815,1.325884,-0.031416,0.265290,0.528321,0.296586,0.106087,0.000000,0.577556,0.323717,-0.100851,0.000000,0.010767,-0.106636
1771203724.914,1092,5,5,0.0000,0.0007,0.0098,0.0034,0.0292,0.9569,0.0000,0.325979,0.183080,0.001646,0.001151,0.002105,-0.027925,0.225147,-0.311977,0.953125,0.035893,0.038397,-0.532518,1.277535,-0.035893,0.003491,-0.354573,1.378159,-0.036652,0.265290,0.565248,0.312489,0.068473,0.000000,0.539528,0.283556,-0.063237,-0.001745,0.125952,0.036425
1771203725.016,1095,5,5,0.0000,0.0007,0.0079,0.0035,0.0269,0.9609,0.0000,0.312002,0.173034,0.001107,0.001457,0.004286,-0.047124,0.228638,-0.301314,0.937935,0.012043,0.036652,-0.552316,1.228279,-0.012043,0.000000,-0.403254,1.300479,-0.047124,0.265290,0.566692,0.331816,0.053668,0.000000,0.467353,0.237732,-0.048432,0.000000,0.104665,0.049186
1771203725.113,1098,5,5,0.0000,0.0006,0.0072,0.0032,0.0236,0.9654,0.0000,0.320210,0.185328,0.001581,0.002557,0.001585,-0.062832,0.247837,-0.302952,0.991910,-0.005582,0.036652,-0.550099,1.237349,0.005582,0.000000,-0.385880,1.323194,-0.059341,0.267035,0.575330,0.341312,0.111309,0.000000,0.524958,0.307785,-0.106073,0.000000,0.058239,0.037970
1771203725.217,1101,5,5,0.0000,0.0007,0.0085,0.0033,0.0247,0.9628,0.0000,0.330071,0.186348,0.002926,0.002203,0.000626,-0.075049,0.267035,-0.263792,1.072228,0.010310,0.036652,-0.519791,1.244753,-0.010310,0.000000,-0.399237,1.329878,-0.062832,0.265290,0.579105,0.342882,0.165247,0.000000,0.559760,0.323888,-0.160011,0.000000,-0.011252,-0.025533
1771203725.317,1104,5,5,0.0000,0.0004,0.0129,0.0010,0.0167,0.9690,0.0000,0.179780,0.185791,0.001888,0.002873,0.001111,-0.076794,0.268781,0.395882,0.120428,0.037046,0.036652,0.549350,0.069813,-0.037046,0.000000,0.674172,0.005236,-0.062832,0.267035,0.575744,0.311204,0.121026,0.000000,0.517889,0.289565,-0.115790,0.000000,0.102902,0.044129
1771203725.415,1107,5,5,0.0000,0.0006,0.0263,0.0012,0.0745,0.8972,0.0002,0.201005,0.193963,0.005177,0.003320,0.003505,-0.076794,0.268781,0.422264,0.120428,0.067666,0.036652,0.698715,0.062832,-0.067666,0.000000,0.729487,0.005236,-0.068068,0.265290,0.561431,0.316595,0.134430,0.000000,0.528407,0.326532,-0.129194,0.000000,0.123879,0.070987
1771203725.516,1110,4,5,0.0001,0.0033,0.0761,0.0020,0.4891,0.4237,0.0057,0.224163,0.198456,0.004105,0.003155,0.002128,-0.076794,0.268781,0.463020,0.120428,0.069549,0.036652,0.838942,0.055851,-0.069549,-0.003491,0.831502,0.005236,-0.068068,0.265290,0.566966,0.357380,0.153609,0.000000,0.551343,0.351218,-0.148373,0.001745,0.079406,0.054517
1771203725.616,1113,4,4,0.0000,0.0035,0.0632,0.0013,0.8746,0.0433,0.0140,0.241650,0.181684,0.005710,0.005330,0.002458,-0.075049,0.268781,0.564929,0.122173,0.061884,0.036652,0.903604,0.048869,-0.061884,-0.001745,0.887675,0.005236,-0.068068,0.265290,0.553994,0.472772,0.030658,0.000000,0.429459,0.256568,-0.025422,0.003491,0.098320,0.069650
1771203725.717,1116,4,4,0.0000,0.0004,0.0051,0.0006,0.9924,0.0004,0.0010,0.240699,0.174679,0.002648,0.005583,0.004073,-0.075049,0.268781,0.626986,0.123918,0.044776,0.036652,0.878380,0.040143,-0.044776,-0.003491,0.863514,0.005236,-0.071558,0.265290,0.551862,0.449468,0.070125,0.000000,0.448907,0.243885,-0.064889,0.001745,0.064868,-0.025528
1771203725.817,1119,2,4,0.0000,0.0023,0.9727,0.0000,0.0081,0.0001,0.0168,0.215959,0.175825,0.004584,0.006962,0.003753,-0.075049,0.270526,0.671793,0.129154,0.032367,0.036652,0.666956,0.033161,-0.032367,-0.001745,0.745663,0.005236,-0.075049,0.265290,0.526044,0.415015,0.091679,0.000000,0.482739,0.256840,-0.086443,0.001745,0.070548,-0.046798
1771203725.917,1122,2,2,0.0000,0.0050,0.9585,0.0000,0.0098,0.0001,0.0265,0.338527,0.161058,0.000766,0.001436,0.002992,-0.076794,0.270526,-0.059515,0.950340,0.033711,0.038397,-0.382158,1.341921,-0.030220,0.000000,-0.371934,1.427428,-0.075049,0.265290,0.520311,0.406958,0.064560,0.000000,0.376620,0.248512,-0.059324,0.000000,0.050442,-0.035534
1771203726.018,1125,6,6,0.0000,0.0000,0.0002,0.0000,0.0001,0.0000,0.9996,0.303834,0.164527,0.002466,0.001982,0.001744,-0.073304,0.263545,0.055855,0.826906,0.041670,0.013963,-0.179431,1.197958,-0.032944,0.000000,-0.222990,1.246111,-0.094248,0.307178,0.508193,0.391984,0.076848,0.000000,0.383576,0.250075,-0.071612,0.000000,0.056467,-0.013127
1771203726.124,1128,6,6,0.0000,0.0000,0.0002,0.0000,0.0001,0.0000,0.9996,0.246089,0.175979,0.000440,0.000638,0.000904,-0.073304,0.267035,0.093875,0.674534,0.034082,0.001745,-0.086777,0.923865,-0.020120,-0.001745,-0.109725,0.957928,-0.113446,0.371755,0.509883,0.365830,0.086448,0.000000,0.408414,0.272879,-0.081212,0.003491,0.073972,0.019080
1771203726.223,1131,6,6,0.0000,0.0000,0.0002,0.0000,0.0001,0.0000,0.9996,0.210062,0.175452,0.000887,0.000381,0.001968,-0.073304,0.265290,0.069840,0.628214,0.029482,0.001745,-0.016986,0.779770,-0.008538,-0.003491,-0.075766,0.746396,-0.099484,0.406662,0.512788,0.360156,0.078848,0.000000,0.407074,0.248023,-0.073612,0.001745,0.077420,0.012711
1771203726.323,1134,6,6,0.0000,0.0001,0.0003,0.0000,0.0002,0.0001,0.9993,0.160506,0.112557,0.001926,0.001172,0.005984,-0.073304,0.267035,0.036696,0.585390,-0.188705,0.000000,-0.406742,0.324066,0.214884,-0.003491,-0.151760,0.498003,-0.101229,0.408407,0.425018,0.312106,-0.019432,0.000000,0.142729,-0.035850,0.024668,0.001745,0.036009,-0.083605
1771203726.423,1137,6,6,0.0000,0.0006,0.0005,0.0001,0.0004,0.0001,0.9984,0.098544,0.073500,0.002174,0.002747,0.004321,-0.080285,0.270526,-0.046430,0.519945,-0.239656,0.000000,-0.822547,-0.171587,0.265836,-0.003491,-0.395758,0.126218,-0.108210,0.425860,0.042611,0.197471,-0.209079,0.000000,-0.406053,-0.451926,0.212569,0.003491,-0.261212,-0.284094
1771203726.524,1140,6,6,0.0003,0.0044,0.0006,0.0002,0.0005,0.0001,0.9939,0.084493,0.074737,0.005084,0.002149,0.002032,-0.089012,0.270526,-0.087176,0.410288,-0.305171,-0.001745,-1.505260,-0.769693,0.333097,-0.005236,-0.724326,-0.298115,-0.113446,0.424115,-0.164845,0.211559,-0.250696,0.001745,-0.406188,-0.541911,0.257677,0.001745,-0.351458,-0.436821
1771203726.623,1143,6,6,0.0016,0.0568,0.0007,0.0001,0.0000,0.0001,0.9407,0.068301,0.071810,0.002989,0.004468,0.002789,-0.089012,0.268781,-0.041655,0.219835,-0.301321,-0.001745,-1.918083,-0.954920,0.330992,-0.003491,-1.189917,-0.720722,-0.113446,0.420624,-0.282366,0.157020,-0.275347,0.000000,-0.649982,-0.610022,0.280583,0.003491,-0.597897,-0.542450
1771203726.723,1146,6,6,0.0000,0.2194,0.0005,0.0000,0.0000,0.0000,0.7800,0.043799,0.048859,0.009301,0.006141,0.004221,-0.087266,0.265290,0.017289,-0.007053,-0.213341,-0.001745,-2.087707,-0.887190,0.243012,-0.001745,-1.884895,-1.173275,-0.090757,0.373500,-0.110263,-0.007491,-0.204086,0.000000,-1.099972,-0.862828,0.209322,0.003491,-0.942153,-0.695359
1771203726.823,1149,1,1,0.0000,0.7894,0.0004,0.0000,0.0000,0.0000,0.2102,0.042210,0.035395,0.004023,0.009048,0.004075,-0.080285,0.253073,-0.072394,-0.108161,-0.223777,-0.001745,-2.105723,-0.957583,0.253447,-0.003491,-1.778895,-1.149129,-0.069813,0.277507,-0.498777,-0.095845,-0.135010,0.003491,-1.622164,-0.942291,0.140246,0.003491,-1.620219,-0.982808
1771203726.924,1152,1,1,0.0000,0.9768,0.0004,0.0000,0.0000,0.0000,0.0228,0.030797,0.024015,0.002245,0.001093,0.002720,-0.054105,0.160570,-0.073554,-0.111902,-0.184556,-0.003491,-1.908572,-0.796568,0.208991,-0.003491,-1.580135,-0.982219,-0.057596,0.186750,-0.831221,-0.093039,-0.089217,-0.003491,-1.635276,-0.759494,0.101435,-0.008727,-1.611376,-0.804066
1771203727.024,1155,1,1,0.0000,0.9938,0.0003,0.0000,0.0000,0.0000,0.0060,0.019459,0.014329,0.002291,0.003092,0.001125,-0.038397,0.104720,-0.260943,-0.119427,-0.111337,-0.005236,-1.625589,-0.534431,0.128790,0.000000,-1.352504,-0.718616,-0.019199,0.099484,-0.600237,-0.063620,-0.070721,0.003491,-1.386085,-0.499046,0.063740,0.005236,-1.301523,-0.627142
1771203727.125,1158,1,1,0.0000,0.9987,0.0001,0.0000,0.0000,0.0000,0.0012,0.012394,0.010217,0.004692,0.001669,0.002639,-0.027925,0.068068,-0.512138,-0.128187,-0.066696,-0.005236,-1.357065,-0.315021,0.080659,0.000000,-1.186890,-0.515375,-0.008727,0.055851,-0.410339,-0.044715,-0.068504,0.000000,-1.101837,-0.280544,0.063268,0.003491,-1.006235,-0.404666
1771203727.225,1161,1,1,0.0000,0.9996,0.0000,0.0000,0.0000,0.0000,0.0004,0.009834,0.006304,0.003404,0.003061,0.001249,-0.013963,0.045379,-0.320955,-0.074635,-0.058667,-0.003491,-1.093358,-0.192151,0.072630,0.000000,-0.869160,-0.249856,-0.003491,0.036652,-0.246555,-0.035627,-0.040746,0.001745,-0.869103,-0.161324,0.033765,0.003491,-0.796551,-0.239202
1771203727.327,1164,1,1,0.0000,1.0000,0.0000,0.0000,0.0000,0.0000,0.0000,0.006258,0.003048,0.001324,0.000542,0.000743,-0.006981,0.029671,-0.098331,-0.066794,-0.029719,-0.003491,-0.833404,-0.122955,0.043682,0.001745,-0.555552,-0.134196,0.000000,0.022689,-0.181790,-0.027792,-0.020872,0.001745,-0.628541,-0.101705,0.008655,0.003491,-0.573270,-0.147479
1771203727.427,1167,1,1,0.0000,0.9999,0.0001,0.0000,0.0000,0.0000,0.0000,0.002924,0.001601,0.001743,0.002462,0.000248,0.000000,0.013963,-0.058831,-0.054903,-0.001932,-0.003491,-0.566710,-0.083949,0.021131,0.000000,-0.370967,-0.120612,0.000000,0.012217,-0.167022,-0.024739,-0.010487,0.001745,-0.414212,-0.071246,0.003505,0.001745,-0.360153,-0.105768
1771203727.528,1170,1,1,0.0000,0.9999,0.0001,0.0000,0.0000,0.0000,0.0000,0.001018,0.000826,0.005425,0.004223,0.006773,0.000000,0.001745,-0.043670,-0.035791,0.008675,-0.003491,-0.366428,-0.058360,0.000051,0.001745,-0.275252,-0.116272,0.000000,0.005236,-0.089014,-0.021172,0.002926,0.000000,-0.250227,-0.060593,-0.002926,0.001745,-0.220237,-0.092182
1771203727.628,1173,1,1,0.0000,1.0000,0.0000,0.0000,0.0000,0.0000,0.0000,0.005468,0.006027,0.001422,0.007982,0.005128,0.001745,0.001745,0.041936,0.008530,0.011663,-0.001745,-0.234983,-0.045269,-0.004682,0.000000,-0.175380,-0.073897,-0.001745,0.001745,0.059192,-0.015689,0.009638,0.000000,-0.124827,-0.067838,-0.006148,0.001745,-0.096370,-0.105666
1771203727.728,1176,1,1,0.0000,1.0000,0.0000,0.0000,0.0000,0.0000,0.0000,0.005767,0.001648,0.001389,0.003675,0.003036,0.000000,0.001745,0.017968,0.041723,0.007764,-0.001745,-0.160283,-0.046723,-0.004274,0.000000,-0.097062,-0.003318,0.000000,0.001745,-0.103434,-0.016554,-0.003165,0.000000,-0.035584,-0.080037,0.003165,0.001745,0.013122,-0.096061
1771203727.829,1179,1,1,0.0000,1.0000,0.0000,0.0000,0.0000,0.0000,0.0000,0.007502,0.000408,0.003727,0.009185,0.003956,0.000000,0.000000,0.024454,0.035203,0.030368,-0.001745,-0.146687,-0.037262,-0.025132,0.000000,-0.101396,-0.007607,0.000000,0.001745,-0.082582,-0.016181,0.001404,0.000000,-0.023981,-0.067889,-0.004894,0.001745,-0.013302,-0.078200
1771203727.929,1182,1,1,0.0000,1.0000,0.0000,0.0000,0.0000,0.0000,0.0000,0.013790,0.000291,0.002611,0.011447,0.008462,0.000000,0.000000,0.090771,0.024212,0.024499,-0.001745,-0.110554,-0.040189,-0.014027,0.000000,-0.018650,0.026000,0.000000,0.000000,-0.058859,-0.016338,-0.001163,0.000000,-0.008340,-0.057327,-0.002328,0.003491,-0.004512,-0.067153
1771203728.029,1185,1,1,0.0000,1.0000,0.0000,0.0000,0.0000,0.0000,0.0000,0.011367,0.000575,0.000844,0.006478,0.007315,0.000000,0.000000,0.100428,-0.020066,0.035978,-0.001745,-0.072914,-0.037972,-0.020271,0.000000,-0.024541,-0.000004,0.000000,0.000000,-0.248114,-0.016779,-0.004710,0.000000,-0.023059,-0.044008,0.001219,0.000000,0.005686,-0.040816
1771203728.130,1188,1,1,0.0000,1.0000,0.0000,0.0000,0.0000,0.0000,0.0000,0.011880,0.000576,0.002549,0.010286,0.011523,-0.001745,0.000000,0.101145,-0.018700,0.039664,-0.001745,-0.056136,-0.036488,-0.018720,0.001745,-0.052451,-0.050244,0.000000,0.000000,-0.154567,-0.016768,-0.006912,0.000000,-0.063127,-0.035130,0.006912,0.000000,-0.005243,-0.025590
1771203728.230,1191,1,1,0.0000,1.0000,0.0000,0.0000,0.0000,0.0000,0.0000,0.004866,0.000942,0.003002,0.007141,0.009720,0.000000,0.000000,-0.028236,0.014496,0.043899,-0.003491,-0.047085,-0.042065,-0.015973,0.000000,-0.001049,-0.006192,0.000000,0.000000,-0.175429,-0.015040,0.011306,0.000000,-0.059339,-0.025385,-0.014797,0.000000,-0.003998,-0.025310
1771203728.330,1194,1,1,0.0000,1.0000,0.0000,0.0000,0.0000,0.0000,0.0000,0.008984,0.001169,0.003625,0.005275,0.001856,0.000000,0.000000,0.018042,0.044542,0.045225,-0.001745,-0.032081,-0.040618,-0.012064,0.000000,-0.078042,-0.070340,0.001745,0.000000,-0.154922,-0.013300,-0.010534,0.000000,-0.066435,-0.000658,0.012279,0.000000,-0.009045,-0.042797
1771203728.431,1197,1,1,0.0000,1.0000,0.0000,0.0000,0.0000,0.0000,0.0000,0.009159,0.002920,0.003528,0.003878,0.001961,0.000000,0.000000,0.006079,0.042335,0.061494,-0.001745,-0.008129,-0.045409,-0.023097,0.000000,-0.056798,-0.047695,0.001745,0.000000,-0.136746,-0.009780,-0.033154,0.000000,-0.034590,-0.001960,0.020937,0.001745,0.010608,-0.040068
1771203728.531,1200,1,1,0.0000,0.9999,0.0000,0.0000,0.0000,0.0000,0.0000,0.041015,0.004739,0.006135,0.007061,0.005097,0.000000,0.000000,-0.050061,0.043565,0.031017,-0.001745,0.009995,-0.050462,0.010871,0.000000,0.220976,0.175754,0.000000,0.000000,-0.108334,-0.009602,0.009834,0.000000,0.040554,-0.025679,-0.022052,0.001745,0.004731,-0.039314
1771203728.631,1203,1,1,0.0000,0.9997,0.0000,0.0003,0.0000,0.0000,0.0000,0.080940,0.021426,0.004615,0.009442,0.009816,0.000000,0.000000,0.121510,0.038084,0.016290,-0.001745,0.057497,-0.084167,0.015126,0.000000,0.378183,0.344587,0.000000,0.000000,-0.024281,-0.007291,0.035958,0.000000,0.141647,-0.088838,-0.042940,0.001745,0.074497,0.003263
1771203728.732,1206,1,1,0.0000,0.9974,0.0001,0.0026,0.0000,0.0000,0.0000,0.108009,0.019073,0.006094,0.004815,0.003028,0.000000,0.000000,0.141883,0.035164,0.015262,-0.001745,0.187184,-0.057925,0.007428,0.000000,0.515064,0.394122,0.000000,0.000000,0.047942,-0.005741,-0.009089,0.000000,0.107952,-0.075765,0.003853,0.003491,0.050345,0.015298
1771203728.832,1209,1,1,0.0000,0.9912,0.0004,0.0084,0.0000,0.0000,0.0000,0.055673,0.031173,0.009863,0.003453,0.006131,-0.001745,0.001745,0.180373,0.047813,0.011669,-0.005236,0.084950,-0.042182,0.005785,0.003491,0.172999,0.159251,0.000000,0.000000,0.063327,-0.004354,-0.034417,0.000000,0.176423,-0.048915,0.020455,0.001745,0.093979,0.018142
1771203728.933,1212,1,1,0.0000,0.9947,0.0051,0.0002,0.0000,0.0000,0.0000,0.026013,0.084646,0.006739,0.013316,0.006372,-0.001745,0.001745,0.078653,0.063681,-0.003382,-0.001745,0.044965,-0.033631,0.015599,0.000000,0.040886,0.066629,0.001745,0.000000,-0.052251,0.006874,0.012937,0.000000,0.374395,0.142616,-0.025154,0.001745,0.284256,0.191188
1771203729.034,1215,1,1,0.0000,0.9688,0.0312,0.0000,0.0000,0.0000,0.0000,0.063312,0.100495,0.003877,0.000774,0.004516,-0.001745,0.003491,-0.036777,0.090242,0.000000,-0.003491,0.126057,0.021208,0.005236,0.001745,0.295488,0.216281,0.001745,0.000000,0.200240,0.158273,-0.048561,0.000000,0.232988,0.123920,0.038089,0.001745,0.266758,0.182180
1771203729.133,1218,1,1,0.0000,0.9463,0.0537,0.0000,0.0000,0.0000,0.0000,0.078729,0.123949,0.004957,0.004194,0.003712,-0.001745,0.006981,-0.011005,0.073623,0.013660,-0.003491,0.171787,0.100551,-0.006679,0.006981,0.327280,0.243880,0.000000,0.012217,0.429621,0.222423,-0.126122,0.001745,0.070641,0.053355,0.117396,0.001745,0.311759,0.266487
1771203729.233,1221,1,1,0.0000,0.7879,0.2120,0.0000,0.0000,0.0000,0.0001,0.105670,0.119899,0.003015,0.004701,0.004594,-0.001745,0.001745,0.046638,0.060054,-0.037535,0.008727,0.096523,0.052664,0.013100,0.012217,0.551993,0.424385,-0.010472,0.034907,0.458047,0.290042,-0.030765,0.000000,0.078699,0.053383,0.027275,0.003491,0.251138,0.241806
1771203729.337,1224,1,1,0.0000,0.7768,0.2229,0.0000,0.0000,0.0000,0.0001,0.094047,0.183926,0.001698,0.001911,0.004987,-0.003491,0.001745,0.008189,0.043379,-0.029952,-0.005236,0.115296,0.009746,-0.017171,0.012217,0.579688,0.358300,-0.012217,0.036652,0.742782,0.348655,0.104262,0.000000,0.327447,0.150086,-0.106007,0.001745,0.263486,0.231997
1771203729.434,1227,1,1,0.0000,0.9631,0.0357,0.0002,0.0003,0.0000,0.0006,0.107664,0.274918,0.000726,0.002264,0.001943,0.000000,0.000000,-0.016392,0.048636,0.021812,-0.010472,0.350316,0.073526,-0.074172,0.015708,0.533969,0.248007,-0.012217,0.036652,0.818060,0.334786,0.306640,0.001745,0.588487,0.318988,-0.304895,0.000000,0.467038,0.426617
1771203729.535,1230,1,1,0.0000,0.9647,0.0287,0.0009,0.0020,0.0000,0.0037,0.139366,0.210432,0.003668,0.002104,0.001860,0.000000,0.001745,0.233333,0.203005,0.057148,-0.015708,0.628364,0.168300,-0.125216,0.024435,0.320636,0.035425,-0.012217,0.038397,0.915278,0.169370,0.147256,0.000000,0.386093,0.217432,-0.142020,0.001745,0.356783,0.292828
1771203729.635,1233,1,1,0.0000,0.8443,0.0310,0.0054,0.0029,0.0000,0.1165,0.225395,0.215234,0.008681,0.003039,0.004129,0.000000,0.001745,0.096800,0.354478,0.136094,-0.036652,1.077312,0.294907,-0.195436,0.036652,0.525787,0.180969,-0.012217,0.038397,0.854547,0.139410,0.072951,0.000000,0.456866,0.379651,-0.067715,0.000000,0.345284,0.295697
1771203729.734,1236,1,1,0.0000,0.8593,0.0331,0.0102,0.0030,0.0000,0.0944,0.204820,0.180209,0.005738,0.003034,0.004120,0.000000,0.000000,0.044724,0.327998,0.133243,-0.043633,0.980739,0.141700,-0.189094,0.050615,0.575683,0.203138,-0.017453,0.040143,0.805355,0.068871,0.073973,0.001745,0.398433,0.339977,-0.070482,0.001745,0.220815,0.211450
1771203729.835,1239,1,1,0.0000,0.8716,0.0803,0.0106,0.0012,0.0000,0.0363,0.212767,0.092444,0.005716,0.001510,0.006236,0.000000,0.003491,-0.014729,0.175927,0.086864,-0.043633,1.147844,0.250129,-0.149696,0.068068,0.590665,0.230215,-0.031416,0.040143,0.817497,-0.020207,-0.056342,0.000000,-0.234236,-0.115439,0.063323,0.001745,0.069902,0.116713
1771203729.937,1242,6,6,0.0000,0.0406,0.0810,0.0008,0.0001,0.0000,0.8776,0.235695,0.095080,0.003662,0.003887,0.001610,0.000000,0.001745,0.007507,0.115935,0.078233,-0.040143,1.214846,0.284505,-0.123611,0.082030,0.718627,0.324913,-0.033161,0.034907,0.890369,-0.000908,-0.206961,0.000000,-0.607727,-0.383521,0.212197,0.003491,-0.061397,-0.027080
1771203730.039,1245,2,2,0.0000,0.0807,0.8268,0.0453,0.0042,0.0001,0.0430,0.244671,0.097703,0.003537,0.003910,0.003673,-0.001745,0.001745,0.030274,0.055712,-0.009743,-0.015708,1.121719,0.226305,-0.023419,0.109956,0.899446,0.490892,-0.029671,0.012217,0.817427,0.022572,-0.117456,0.000000,-0.208236,-0.097430,0.117456,0.001745,0.120320,0.080697
1771203730.138,1248,6,2,0.0000,0.0174,0.2227,0.0001,0.0002,0.0000,0.7595,0.276917,0.167045,0.001682,0.003703,0.002809,0.000000,0.001745,0.056172,0.040595,0.023047,-0.027925,1.194499,0.343096,-0.031773,0.101229,0.993393,0.569223,-0.017453,0.012217,0.640039,-0.042039,0.012733,0.000000,0.485856,0.404250,-0.009243,0.001745,0.241854,0.205847
1771203730.245,1251,6,6,0.0000,0.0022,0.0874,0.0000,0.0001,0.0000,0.9102,0.185950,0.160948,0.004429,0.000604,0.004325,0.000000,0.003491,0.070044,-0.007892,-0.002456,-0.020944,0.862782,0.160497,0.009437,0.075049,0.726137,0.323960,-0.006981,0.008727,0.466479,-0.082897,0.066911,0.000000,0.552502,0.453358,-0.063420,0.003491,0.214487,0.165420
1771203730.342,1254,6,6,0.0000,0.0006,0.0558,0.0000,0.0007,0.0001,0.9428,0.340829,0.168219,0.001266,0.002358,0.004031,0.000000,0.001745,0.703928,-0.851721,-0.017837,-0.006981,1.648440,-1.108284,0.021328,0.061087,1.653420,-1.151917,-0.008727,0.006981,0.376544,-0.108370,0.078615,0.000000,0.637599,0.534444,-0.080360,0.001745,0.214825,0.167875
1771203730.442,1257,6,6,0.0001,0.0069,0.0867,0.0005,0.0398,0.0009,0.8650,0.345715,0.170799,0.001685,0.002232,0.002561,0.000000,0.003491,0.686102,-0.851721,-0.026837,-0.005236,1.695472,-1.108284,0.033818,0.061087,1.668609,-1.151917,-0.008727,0.003491,0.365199,-0.115507,0.128547,0.000000,0.673309,0.539746,-0.132038,0.001745,0.187051,0.150498
1771203730.546,1260,4,4,0.0000,0.0035,0.0306,0.0022,0.9002,0.0023,0.0612,0.341787,0.221967,0.002516,0.003066,0.001680,0.000000,0.001745,0.718594,-0.851721,-0.005827,0.000000,1.685023,-1.108284,0.012808,0.057596,1.625682,-1.164135,-0.001745,-0.006981,0.342282,-0.093030,0.176517,-0.001745,1.004407,0.750875,-0.174772,0.001745,0.220243,0.167533
1771203730.646,1263,5,5,0.0000,0.0010,0.0076,0.0106,0.0374,0.9432,0.0002,0.328526,0.251817,0.001738,0.003165,0.002388,-0.001745,0.003491,0.767984,-0.851721,0.004642,0.000000,1.585396,-1.108284,0.002339,0.045379,1.533080,-1.188569,0.000000,-0.006981,0.313039,-0.081106,0.197374,-0.001745,1.115736,0.817500,-0.197374,0.001745,0.332014,0.244397
1771203730.760,1266,5,5,0.0000,0.0031,0.0577,0.0086,0.2834,0.6437,0.0034,0.331334,0.240469,0.001863,0.005447,0.004736,-0.003491,0.006981,0.804823,-0.851721,0.016840,0.000000,1.564029,-1.108284,-0.009859,0.038397,1.544940,-1.192060,0.000000,-0.010472,0.283772,-0.086847,0.174147,-0.001745,1.039165,0.775665,-0.172402,0.001745,0.345190,0.265947
1771203730.850,1269,4,4,0.0000,0.0027,0.0531,0.0048,0.8838,0.0317,0.0238,0.345705,0.240047,0.001331,0.005733,0.004705,-0.006981,0.010472,0.860439,-0.851721,0.046196,0.000000,1.670211,-1.108284,-0.039214,0.027925,1.533212,-1.207768,0.000000,-0.008727,0.249085,-0.110182,0.225722,0.000000,1.062511,0.800859,-0.229212,0.003491,0.302076,0.236819
1771203730.951,1272,4,4,0.0000,0.0020,0.0283,0.0036,0.9291,0.0051,0.0319,0.350742,0.215172,0.002394,0.007293,0.007646,-0.006981,0.012217,0.931660,-0.849975,0.031492,0.000000,1.683222,-1.108284,-0.024511,0.019199,1.531112,-1.223476,0.000000,-0.006981,0.265461,-0.126349,0.240791,0.000000,1.012453,0.751560,-0.242536,-0.001745,0.208272,0.103528
1771203731.051,1275,4,4,0.0000,0.0020,0.0168,0.0031,0.9558,0.0019,0.0202,0.345482,0.153459,0.002166,0.006534,0.004007,-0.006981,0.017453,0.915562,-0.849975,0.016732,0.001745,1.622770,-1.108284,-0.006260,0.017453,1.554070,-1.235693,0.000000,-0.006981,0.291066,-0.198354,0.189597,0.000000,0.769708,0.538474,-0.193087,-0.005236,0.052658,-0.069784
1771203731.151,1278,4,4,0.0000,0.0018,0.0088,0.0032,0.9773,0.0009,0.0079,0.336280,0.132741,0.001024,0.004455,0.004991,-0.006981,0.024435,0.876284,-0.849975,-0.005280,0.001745,1.526563,-1.108284,0.017498,0.017453,1.571385,-1.242674,0.000000,-0.001745,0.249205,-0.228125,0.145568,0.000000,0.665657,0.484596,-0.149059,-0.008727,0.047861,-0.070546
1771203731.251,1281,4,4,0.0000,0.0016,0.0063,0.0038,0.9827,0.0007,0.0048,0.342953,0.125986,0.000964,0.004755,0.004468,-0.006981,0.031416,0.869783,-0.849975,-0.015595,0.000000,1.589983,-1.108284,0.029558,0.019199,1.575495,-1.242674,0.000000,0.000000,0.203089,-0.220303,0.080695,0.001745,0.641492,0.488957,-0.085931,-0.008727,0.095856,-0.044880
1771203731.351,1284,4,4,0.0000,0.0014,0.0048,0.0045,0.9852,0.0007,0.0034,0.344056,0.125913,0.001740,0.002381,0.001437,-0.006981,0.034907,0.903856,-0.849975,-0.001671,0.000000,1.621448,-1.108284,0.015633,0.019199,1.533626,-1.242674,0.000000,0.000000,0.196815,-0.252028,0.087954,0.000000,0.637915,0.494381,-0.091444,-0.015708,0.093895,-0.009519
1771203731.451,1287,2,2,0.0000,0.0047,0.4815,0.0003,0.0352,0.0003,0.4780,0.321308,0.134757,0.003143,0.003739,0.001379,-0.006981,0.040143,0.939849,-0.849975,0.027724,0.000000,1.488819,-1.108284,-0.013762,0.020944,1.338223,-1.242674,0.000000,0.000000,0.216989,-0.303188,0.093587,0.000000,0.622674,0.490556,-0.095333,-0.031416,0.153392,0.039880
1771203731.561,1290,6,6,0.0000,0.0066,0.4806,0.0003,0.0279,0.0003,0.4844,0.265038,0.135072,0.000947,0.003952,0.004524,-0.006981,0.047124,0.833816,-0.579449,0.013040,0.000000,1.053681,-0.844739,0.011394,0.022689,1.198716,-1.007055,0.000000,0.000000,0.241392,-0.335452,0.084355,0.000000,0.579891,0.454188,-0.086101,-0.054105,0.196761,0.064275
1771203731.654,1293,6,6,0.0000,0.0087,0.4766,0.0002,0.0153,0.0003,0.4989,0.244056,0.149342,0.002570,0.002212,0.000572,-0.006981,0.055851,0.736832,-0.366519,0.008603,0.000000,0.953278,-0.598648,0.014086,0.022689,1.137333,-0.747001,0.000000,0.000000,0.219067,-0.337703,0.077932,0.000000,0.612865,0.480451,-0.081422,-0.071558,0.287254,0.114535
1771203731.754,1296,6,6,0.0000,0.0053,0.2387,0.0001,0.0088,0.0003,0.7468,0.231950,0.171458,0.001114,0.001441,0.000864,-0.006981,0.066323,0.672579,-0.247837,0.022431,0.000000,0.895409,-0.422370,-0.004978,0.022689,1.103963,-0.532325,0.000000,0.000000,0.207224,-0.343967,0.087719,0.000000,0.666815,0.546521,-0.091209,-0.075049,0.351880,0.197342
1771203731.853,1299,6,6,0.0000,0.0094,0.3352,0.0001,0.0103,0.0003,0.6446,0.203196,0.168875,0.002540,0.000681,0.001984,-0.006981,0.075049,0.635521,-0.164061,0.041372,0.000000,0.644806,-0.291470,-0.027410,0.022689,1.018912,-0.371755,0.000000,0.000000,0.213481,-0.350532,0.100942,0.000000,0.654358,0.539262,-0.102688,-0.075049,0.331968,0.186486
1771203731.954,1302,2,6,0.0000,0.0141,0.5590,0.0001,0.0132,0.0004,0.4131,0.185429,0.164909,0.002182,0.001325,0.002177,-0.006981,0.080285,0.636082,-0.104720,0.038735,0.000000,0.582815,-0.193732,-0.026517,0.020944,0.866289,-0.249582,0.000000,0.000000,0.210165,-0.347681,0.103412,0.000000,0.642386,0.536113,-0.105157,-0.075049,0.306238,0.180594
1771203732.054,1305,2,2,0.0000,0.0124,0.8454,0.0001,0.0112,0.0003,0.1306,0.177583,0.165399,0.002921,0.001165,0.002705,-0.003491,0.080285,0.539344,-0.057596,-0.006593,0.000000,0.681574,-0.111701,0.020555,0.020944,0.788295,-0.141372,0.000000,0.000000,0.211926,-0.325925,0.142495,0.005236,0.667802,0.554519,-0.145986,-0.059341,0.247935,0.154874
1771203732.159,1308,2,2,0.0001,0.0088,0.9208,0.0000,0.0102,0.0002,0.0599,0.162805,0.179077,0.002050,0.002828,0.001742,-0.006981,0.076794,0.453476,-0.010472,-0.011442,-0.005236,0.587293,-0.036652,0.030640,0.019199,0.786259,-0.050615,0.000000,0.001745,0.208173,-0.330435,0.175167,0.003491,0.746704,0.624953,-0.180403,-0.075049,0.241297,0.147395
1771203732.255,1311,2,2,0.0001,0.0061,0.9453,0.0000,0.0089,0.0002,0.0395,0.206805,0.190499,0.001926,0.002821,0.003651,-0.006981,0.078540,0.479164,0.010472,-0.002430,0.000000,0.865525,0.001745,0.023373,0.020944,1.001897,0.000000,0.001745,0.000000,0.191170,-0.329227,0.183019,0.003491,0.785340,0.642763,-0.191746,-0.104720,0.303641,0.174820
1771203732.357,1314,2,2,0.0000,0.0042,0.9556,0.0000,0.0073,0.0002,0.0327,0.225530,0.195163,0.001678,0.002866,0.001594,-0.006981,0.082030,0.532512,0.027925,-0.015897,-0.003491,0.922662,0.033161,0.043822,0.020944,0.999668,0.043633,0.000000,0.000000,0.180244,-0.330907,0.213549,0.001745,0.806690,0.640407,-0.224021,-0.125664,0.322936,0.176386
1771203732.468,1317,2,2,0.0001,0.0035,0.8524,0.0001,0.0098,0.0004,0.1338,0.242129,0.191485,0.001526,0.001658,0.000367,-0.006981,0.082030,0.565204,0.045379,0.002909,-0.005236,0.986667,0.050615,0.031997,0.020944,1.048248,0.071558,0.000000,0.000000,0.185122,-0.345768,0.218374,0.001745,0.790540,0.625227,-0.227100,-0.136136,0.311720,0.165086
1771203732.554,1320,6,6,0.0000,0.0005,0.0264,0.0000,0.0017,0.0002,0.9712,0.236099,0.189278,0.001551,0.001857,0.000789,-0.003491,0.082030,0.558982,0.057596,0.010405,-0.005236,0.891783,0.052360,0.019265,0.020944,1.047324,0.092502,0.000000,0.000000,0.199305,-0.376409,0.200639,0.001745,0.782654,0.620059,-0.209365,-0.150098,0.308113,0.158815
1771203732.661,1323,6,6,0.0000,0.0000,0.0003,0.0000,0.0001,0.0000,0.9995,0.219150,0.185419,0.001896,0.004907,0.002917,0.000000,0.083776,0.618207,0.071558,-0.001713,-0.005236,0.691963,0.054105,0.031384,0.019199,0.946157,0.113446,0.000000,0.000000,0.192673,-0.378425,0.168953,0.001745,0.773127,0.607142,-0.179425,-0.172788,0.313066,0.168328
1771203732.760,1326,4,4,0.0000,0.0001,0.0024,0.0002,0.9968,0.0005,0.0001,0.224390,0.177341,0.002362,0.002121,0.000653,0.001745,0.094248,0.632189,0.090757,-0.018087,-0.008727,0.693580,0.068068,0.044267,0.010472,0.903769,0.153589,0.000000,0.000000,0.196478,-0.385196,0.173924,0.001745,0.693668,0.528817,-0.182650,-0.195477,0.347941,0.185518
1771203732.861,1329,4,4,0.0000,0.0001,0.0050,0.0004,0.9935,0.0005,0.0005,0.229705,0.182072,0.004412,0.005247,0.001743,0.001745,0.097738,0.629597,0.099484,-0.066793,-0.008727,0.681312,0.080285,0.091227,0.003491,0.893551,0.178024,0.000000,0.000000,0.193399,-0.388738,0.169253,0.003491,0.675582,0.526854,-0.181471,-0.197222,0.401427,0.214854
1771203732.961,1332,6,4,0.0000,0.0000,0.0003,0.0000,0.0001,0.0000,0.9994,0.233047,0.182393,0.003654,0.003904,0.004232,0.001745,0.101229,0.685907,0.108210,-0.094441,-0.008727,0.620538,0.092502,0.115385,-0.001745,0.859867,0.211185,0.000000,0.000000,0.201244,-0.389172,0.164740,0.001745,0.652204,0.503921,-0.176957,-0.232129,0.436653,0.228213
1771203733.070,1335,6,6,0.0000,0.0000,0.0002,0.0000,0.0001,0.0000,0.9996,0.210860,0.186475,0.005533,0.003197,0.002597,0.003491,0.101229,0.689499,0.115192,-0.104122,-0.012217,0.403554,0.104720,0.114594,-0.008727,0.755437,0.242601,0.000000,0.000000,0.212538,-0.394009,0.163118,0.001745,0.654796,0.490771,-0.177080,-0.296706,0.480359,0.234371
1771203733.165,1338,6,6,0.0000,0.0000,0.0002,0.0000,0.0001,0.0000,0.9996,0.221172,0.192067,0.002269,0.004657,0.002701,0.008727,0.101229,0.696992,0.134390,-0.083524,-0.013963,0.493217,0.106465,0.083524,-0.013963,0.776453,0.253073,0.000000,0.000000,0.213106,-0.393695,0.160960,0.003491,0.645078,0.487419,-0.174923,-0.343830,0.523942,0.270805
1771203733.271,1341,6,6,0.0000,0.0000,0.0001,0.0000,0.0001,0.0000,0.9997,0.275306,0.194916,0.001317,0.005388,0.005063,0.010472,0.101229,0.686506,0.146608,-0.035165,-0.019199,0.990316,0.106465,0.028184,-0.026180,0.945919,0.287979,0.000000,0.000000,0.215062,-0.396873,0.161805,0.005236,0.656367,0.501675,-0.175767,-0.364774,0.533321,0.265522
1771203733.375,1344,4,4,0.0000,0.0010,0.0015,0.0015,0.9540,0.0007,0.0413,0.272587,0.185253,0.002503,0.003095,0.000382,0.012217,0.095993,0.678064,0.167552,-0.030933,-0.026180,0.961493,0.108210,0.016971,-0.041888,0.914633,0.315905,0.000000,0.000000,0.224192,-0.411299,0.173831,0.003491,0.643543,0.500550,-0.187793,-0.378736,0.449687,0.227744
1771203733.480,1347,4,4,0.0000,0.0006,0.0020,0.0010,0.9884,0.0005,0.0074,0.279354,0.180984,0.004202,0.005606,0.002090,0.015708,0.076794,0.687574,0.181514,-0.057365,-0.026180,1.006378,0.108210,0.038167,-0.064577,0.920258,0.317650,0.000000,0.001745,0.229323,-0.416421,0.161006,0.005236,0.633905,0.499484,-0.174968,-0.396190,0.427791,0.213316
1771203733.589,1350,4,4,0.0000,0.0015,0.0018,0.0020,0.8673,0.0011,0.1262,0.278446,0.179506,0.002460,0.004224,0.002482,0.017453,0.066323,0.677863,0.181514,-0.070065,-0.036652,1.014930,0.108210,0.042140,-0.087266,0.913528,0.319395,0.000000,0.000000,0.226545,-0.413223,0.169489,-0.005236,0.609179,0.511428,-0.179961,-0.420624,0.417458,0.219970
1771203733.691,1353,6,6,0.0000,0.0000,0.0001,0.0000,0.0001,0.0000,0.9998,0.337351,0.183944,0.001844,0.003777,0.003589,0.017453,0.050615,-0.072278,0.884640,-0.150470,-0.043633,-0.542139,1.286831,0.110328,-0.113446,-0.302082,1.698343,0.000000,0.000000,0.221763,-0.409170,0.181910,-0.010472,0.611048,0.538845,-0.194127,-0.431096,0.422547,0.231217
1771203733.788,1356,6,6,0.0000,0.0000,0.0001,0.0000,0.0001,0.0000,0.9998,0.326358,0.193652,0.002313,0.003630,0.001621,0.017453,0.020944,-0.077035,0.871168,-0.142751,-0.048869,-0.580469,1.237416,0.085155,-0.137881,-0.317822,1.684161,0.000000,0.000000,0.229552,-0.399194,0.201233,-0.001745,0.626570,0.582180,-0.218686,-0.431096,0.436362,0.247929
1771203733.890,1359,6,6,0.0000,0.0000,0.0001,0.0000,0.0001,0.0000,0.9998,0.333347,0.185051,0.001172,0.002362,0.001628,0.017453,0.000000,-0.081481,0.874713,-0.093376,-0.054105,-0.360937,1.392545,0.020072,-0.162316,-0.289733,1.695387,0.000000,0.000000,0.242723,-0.396192,0.198755,0.000000,0.572793,0.558812,-0.217953,-0.432842,0.411006,0.236528
1771203733.997,1362,6,6,0.0000,0.0000,0.0002,0.0000,0.0001,0.0000,0.9997,0.331032,0.180325,0.001359,0.001694,0.000483,0.017453,-0.020944,-0.071056,0.878223,-0.069677,-0.050615,-0.384549,1.370297,-0.015844,-0.167552,-0.290128,1.706406,0.000000,0.000000,0.250995,-0.398689,0.197605,0.003491,0.548964,0.542527,-0.216803,-0.431096,0.393137,0.227178
1771203734.099,1365,6,6,0.0000,0.0000,0.0002,0.0000,0.0001,0.0000,0.9996,0.245871,0.178601,0.003607,0.005121,0.003161,0.017453,-0.045379,0.687152,0.179769,-0.049230,-0.050615,0.825526,0.090757,-0.038036,-0.169297,0.832142,0.317650,0.000000,0.000000,0.248915,-0.404983,0.183447,0.003491,0.560192,0.555031,-0.202646,-0.417134,0.363453,0.228684
1771203734.197,1368,6,6,0.0000,0.0000,0.0002,0.0000,0.0001,0.0000,0.9996,0.274533,0.181224,0.004753,0.011064,0.004622,0.019199,-0.066323,0.693201,0.179769,-0.047653,-0.050615,1.008752,0.076794,-0.039614,-0.169297,1.002517,0.314159,0.000000,0.000000,0.228160,-0.418074,0.158789,0.003491,0.586189,0.564271,-0.177988,-0.411898,0.393658,0.240132
1771203734.296,1371,6,6,0.0000,0.0000,0.0002,0.0000,0.0001,0.0000,0.9996,0.306991,0.169634,0.003373,0.007360,0.004219,0.024435,-0.080285,0.689016,0.179769,-0.017108,-0.048869,1.240360,0.066323,-0.084121,-0.165806,1.182052,0.301942,0.000000,0.000000,0.215507,-0.416526,0.141485,0.003491,0.583669,0.502553,-0.162429,-0.408407,0.388702,0.200202
1771203734.396,1374,6,6,0.0000,0.0000,0.0003,0.0000,0.0001,0.0000,0.9996,0.353444,0.173239,0.004450,0.006869,0.003918,0.024435,-0.099484,-0.065534,0.930071,0.005932,-0.048869,-0.098140,1.557138,-0.136832,-0.167552,-0.276963,1.723758,0.000000,0.000000,0.172272,-0.405143,0.074849,0.001745,0.606724,0.499075,-0.094047,-0.406662,0.514768,0.209431
1771203734.496,1377,6,6,0.0000,0.0000,0.0003,0.0000,0.0001,0.0000,0.9995,0.317154,0.174431,0.002338,0.004062,0.002168,0.022689,-0.097738,-0.083770,0.930541,-0.040139,-0.052360,-0.354327,1.302872,-0.118686,-0.169297,-0.457361,1.549751,0.000000,0.000000,0.149987,-0.394885,0.061920,0.003491,0.617139,0.478389,-0.081119,-0.406662,0.565211,0.217031
1771203734.596,1380,6,6,0.0000,0.0000,0.0004,0.0000,0.0002,0.0000,0.9994,0.308503,0.169505,0.004814,0.003576,0.002413,0.020944,-0.094248,-0.157874,0.955217,-0.064442,-0.064577,-0.385140,1.221258,-0.113582,-0.176278,-0.444849,1.504622,0.000000,0.000000,0.138815,-0.385555,0.069448,0.005236,0.610032,0.443555,-0.092137,-0.427606,0.549777,0.217198
1771203734.696,1383,6,6,0.0000,0.0000,0.0004,0.0000,0.0001,0.0000,0.9994,0.308554,0.169510,0.009022,0.004910,0.004056,0.017453,-0.089012,-0.180278,0.958582,-0.078054,-0.082030,-0.359686,1.235742,-0.133130,-0.185005,-0.429765,1.490869,0.000000,-0.001745,0.135831,-0.364519,0.055636,-0.001745,0.623831,0.446853,-0.071344,-0.466003,0.551506,0.220467
1771203734.797,1386,6,6,0.0000,0.0001,0.0007,0.0000,0.0002,0.0001,0.9989,0.315964,0.167651,0.002398,0.003471,0.001514,0.015708,-0.089012,-0.221219,0.954626,-0.116252,-0.094248,-0.300812,1.303909,-0.135076,-0.190241,-0.381078,1.517327,0.000000,0.000000,0.131766,-0.354072,0.056039,-0.006981,0.640905,0.440675,-0.083965,-0.478220,0.537289,0.205142
1771203734.897,1389,6,6,0.0000,0.0001,0.0014,0.0000,0.0003,0.0001,0.9982,0.320741,0.173236,0.013180,0.015599,0.003257,0.008727,-0.083776,-0.223633,0.954195,-0.105016,-0.111701,-0.294128,1.351404,-0.155038,-0.190241,-0.380718,1.534570,0.000000,0.000000,0.122802,-0.350288,0.061663,-0.005236,0.678071,0.439128,-0.114023,-0.485202,0.556581,0.220592
1771203734.997,1392,6,6,0.0000,0.0001,0.0010,0.0000,0.0003,0.0000,0.9986,0.322307,0.187643,0.003799,0.005326,0.002566,0.006981,-0.080285,-0.237588,0.943834,-0.110622,-0.116937,-0.301114,1.381164,-0.156414,-0.188496,-0.381709,1.535708,0.000000,0.001745,0.109811,-0.349127,0.083041,0.001745,0.718577,0.472488,-0.158090,-0.486947,0.575235,0.289078
1771203735.098,1395,6,6,0.0000,0.0001,0.0016,0.0000,0.0004,0.0000,0.9978,0.323588,0.195971,0.003216,0.002097,0.001918,0.003491,-0.071558,-0.228498,0.936181,-0.094401,-0.118682,-0.343525,1.403255,-0.174380,-0.185005,-0.383390,1.540134,0.000000,0.001745,0.083077,-0.347919,0.096838,0.008727,0.754587,0.486166,-0.185850,-0.486947,0.595957,0.324560
1771203735.198,1398,6,6,0.0000,0.0001,0.0033,0.0000,0.0007,0.0001,0.9958,0.325530,0.201106,0.002052,0.002278,0.000614,0.003491,-0.069813,-0.219128,0.936926,-0.082056,-0.116937,-0.385571,1.422381,-0.191960,-0.178024,-0.416634,1.543557,0.000000,0.000000,0.067791,-0.345473,0.099106,0.015708,0.792859,0.498982,-0.196845,-0.486947,0.597464,0.341367
1771203735.298,1401,6,6,0.0000,0.0001,0.0017,0.0000,0.0005,0.0001,0.9976,0.322194,0.197003,0.005289,0.005152,0.004091,0.000000,-0.069813,-0.205909,0.923611,-0.076268,-0.115192,-0.469526,1.404597,-0.197749,-0.172788,-0.440672,1.538118,0.000000,-0.001745,0.045995,-0.339055,0.098027,0.027925,0.805455,0.494318,-0.204492,-0.486947,0.576526,0.315791
1771203735.398,1404,6,6,0.0000,0.0002,0.0018,0.0000,0.0007,0.0001,0.9972,0.329000,0.179161,0.003472,0.007784,0.005048,0.000000,-0.069813,-0.208363,0.914043,-0.086889,-0.113446,-0.405505,1.470322,-0.185382,-0.167552,-0.414871,1.563635,0.000000,0.000000,0.057035,-0.311448,0.089285,0.036652,0.816112,0.453754,-0.200986,-0.486947,0.491230,0.205866
1771203735.499,1407,6,6,0.0000,0.0003,0.0024,0.0000,0.0009,0.0001,0.9963,0.332969,0.181473,0.002304,0.006745,0.004774,-0.003491,-0.071558,-0.209918,0.915977,-0.078806,-0.113446,-0.335118,1.514305,-0.182994,-0.162316,-0.398489,1.565341,0.000000,0.000000,0.055349,-0.297335,0.126885,0.043633,0.864403,0.468566,-0.238586,-0.471239,0.441470,0.177365
1771203735.599,1410,6,6,0.0000,0.0006,0.0047,0.0000,0.0014,0.0001,0.9932,0.318472,0.182357,0.002049,0.005335,0.003030,-0.006981,-0.071558,-0.208701,0.925412,-0.074047,-0.108210,-0.391394,1.418296,-0.175535,-0.151844,-0.424399,1.477953,0.000000,0.000000,0.049609,-0.295432,0.118793,0.052360,0.870982,0.484583,-0.230494,-0.446804,0.436159,0.175803
1771203735.699,1413,6,6,0.0000,0.0013,0.0192,0.0000,0.0030,0.0002,0.9763,0.297353,0.201942,0.001313,0.001015,0.000818,-0.006981,-0.071558,-0.171860,0.958427,-0.067121,-0.099484,-0.533529,1.269728,-0.161517,-0.129154,-0.518121,1.340082,0.000000,0.000000,0.051006,-0.291795,0.114064,0.054105,0.935164,0.583961,-0.222274,-0.422370,0.462297,0.222704
1771203735.799,1416,6,6,0.0000,0.0030,0.1051,0.0001,0.0079,0.0003,0.8837,0.293036,0.201971,0.001896,0.001427,0.004389,-0.012217,-0.062832,-0.130204,0.951577,-0.117907,-0.092502,-0.517734,1.262107,-0.084551,-0.094248,-0.493511,1.302746,0.000000,0.000000,0.073626,-0.304134,0.123768,0.055851,0.920470,0.573546,-0.226742,-0.397935,0.444102,0.232291
1771203735.899,1419,6,6,0.0000,0.0034,0.1225,0.0001,0.0096,0.0003,0.8641,0.315146,0.198840,0.000474,0.001895,0.003745,-0.015708,-0.048869,-0.128378,0.933046,-0.146862,-0.092502,-0.318814,1.454720,-0.038143,-0.075049,-0.372038,1.393988,0.000000,0.000000,0.069681,-0.326975,0.128268,0.050615,0.888864,0.558651,-0.227752,-0.354302,0.452677,0.237320
1771203736.000,1422,6,6,0.0000,0.0036,0.1246,0.0001,0.0100,0.0003,0.8615,0.317780,0.175904,0.000769,0.001851,0.001212,-0.019199,-0.024435,-0.139925,0.883461,-0.090904,-0.094248,-0.247247,1.511438,-0.078393,-0.075049,-0.383869,1.418458,0.000000,0.000000,0.065081,-0.318447,0.148323,0.036652,0.817710,0.523687,-0.225118,-0.258309,0.346255,0.173137
1771203736.100,1425,6,6,0.0000,0.0036,0.1048,0.0001,0.0089,0.0003,0.8823,0.320589,0.169027,0.001457,0.003554,0.004021,-0.017453,-0.020944,-0.124394,0.876932,-0.051831,-0.085521,-0.190361,1.547776,-0.103503,-0.071558,-0.391043,1.422359,0.000000,0.000000,0.029912,-0.277019,0.149651,0.026180,0.858440,0.622130,-0.208992,-0.195477,0.211019,0.130993
1771203736.200,1428,6,6,0.0000,0.0049,0.1209,0.0001,0.0080,0.0003,0.8657,0.247704,0.166797,0.000798,0.001280,0.001872,-0.017453,-0.019199,0.629503,0.197222,-0.018181,-0.085521,1.147155,0.209440,-0.135408,-0.073304,0.693137,0.095993,0.000000,0.000000,0.007965,-0.274028,0.095220,0.015708,0.919410,0.653268,-0.135363,-0.148353,0.185981,0.124009
1771203736.300,1431,6,6,0.0000,0.0056,0.1425,0.0001,0.0091,0.0003,0.8425,0.252067,0.168418,0.000240,0.000893,0.001703,-0.017453,-0.017453,0.652681,0.197222,-0.007323,-0.085521,1.165662,0.209440,-0.146266,-0.073304,0.703809,0.095993,0.000000,0.001745,0.023776,-0.302142,0.077356,0.010472,0.874109,0.622317,-0.098300,-0.113446,0.248327,0.162909
1771203736.400,1434,6,6,0.0000,0.0070,0.1876,0.0001,0.0103,0.0003,0.7947,0.234533,0.153288,0.002156,0.003560,0.004385,-0.019199,-0.017453,0.689678,0.197222,-0.049538,-0.085521,0.999822,0.207694,-0.104051,-0.073304,0.623991,0.095993,0.000000,0.000000,0.031649,-0.353468,0.080090,0.005236,0.783172,0.561253,-0.094052,-0.090757,0.226534,0.151528
1771203736.501,1437,6,6,0.0001,0.0429,0.2895,0.0011,0.0179,0.0005,0.6479,0.114370,0.027628,0.001053,0.007860,0.012575,-0.019199,-0.015708,0.700705,0.197222,-0.105515,-0.085521,-0.065048,0.209440,-0.048074,-0.073304,0.169081,0.095993,0.000000,0.000000,-0.673532,-0.491349,-0.132461,0.001745,0.101299,0.104757,0.123735,-0.069813,-0.191977,-0.013411
1771203736.601,1440,1,6,0.0059,0.7081,0.1208,0.0055,0.0185,0.0005,0.1405,0.093327,0.000979,0.000653,0.008364,0.005480,-0.017453,-0.015708,0.617274,0.197222,-0.070202,-0.085521,-0.464751,0.209440,-0.083387,-0.071558,-0.144747,0.095993,0.000000,0.000000,-1.431486,-0.569351,-0.011743,0.005236,-0.972005,-0.231010,0.006507,-0.061087,-1.533998,-0.642086
1771203736.701,1443,1,1,0.0058,0.9865,0.0041,0.0022,0.0001,0.0002,0.0010,0.081828,0.001494,0.002781,0.005130,0.006247,-0.019199,-0.012217,0.505459,0.188496,-0.140849,-0.083776,-0.392234,0.191986,-0.004014,-0.069813,-0.127973,0.095993,0.000000,0.001745,-1.455569,-0.560663,0.012697,0.003491,-0.957907,-0.264878,-0.012697,-0.047124,-1.459504,-0.729974
1771203736.801,1446,1,1,0.0001,0.9950,0.0006,0.0041,0.0000,0.0001,0.0000,0.070903,0.000812,0.001101,0.001168,0.002539,-0.017453,0.000000,0.454007,0.164061,-0.112342,-0.061087,-0.304328,0.116937,0.028566,-0.064577,-0.034637,0.087266,0.001745,-0.003491,-1.094794,-0.330891,-0.004507,0.000000,-0.848388,-0.132111,0.007998,-0.017453,-1.310238,-0.485438
1771203736.901,1449,1,1,0.0000,0.9959,0.0001,0.0040,0.0000,0.0000,0.0000,0.065852,0.002182,0.001356,0.001788,0.004233,-0.013963,0.003491,0.444449,0.164061,-0.092703,-0.048869,-0.621094,0.075049,0.033362,-0.064577,-0.122778,0.069813,-0.001745,0.001745,-0.648021,-0.202311,0.024435,0.000000,-0.590556,-0.083694,-0.017454,-0.012217,-1.030503,-0.317098
1771203737.002,1452,1,1,0.0000,0.9965,0.0001,0.0034,0.0000,0.0000,0.0000,0.034486,0.002345,0.001011,0.002955,0.002372,-0.010472,0.006981,0.105053,0.155334,-0.069672,-0.040143,-0.588067,0.050615,0.036511,-0.062832,-0.027462,0.059341,0.000000,0.000000,-0.470282,-0.127543,-0.021161,0.001745,-0.353172,-0.074631,0.026397,0.000000,-0.726989,-0.236199
1771203737.102,1455,1,1,0.0000,0.9987,0.0001,0.0012,0.0000,0.0000,0.0000,0.028822,0.001039,0.001880,0.006173,0.008805,-0.006981,0.006981,0.068586,0.132645,-0.054617,-0.038397,-0.392112,0.027925,0.033673,-0.052360,0.020197,0.055851,0.001745,0.000000,-0.327630,-0.084521,-0.005488,0.000000,-0.188910,-0.081541,0.010724,0.000000,-0.397991,-0.113934
1771203737.202,1458,1,1,0.0000,0.9994,0.0000,0.0005,0.0000,0.0000,0.0000,0.020878,0.001646,0.001622,0.006422,0.010474,-0.003491,0.008727,-0.026729,0.118682,-0.043392,-0.036652,-0.203323,0.010472,0.036411,-0.045379,0.020395,0.055851,0.003491,0.000000,-0.267810,-0.054225,0.014511,0.000000,-0.137660,-0.071956,-0.012766,0.001745,-0.249462,-0.081519
1771203737.303,1461,1,1,0.0000,0.9980,0.0000,0.0019,0.0000,0.0000,0.0000,0.030905,0.001337,0.001517,0.005398,0.003312,-0.003491,0.006981,0.032174,0.080285,0.007345,-0.038397,0.015600,0.001745,-0.003854,-0.040143,0.174370,0.052360,0.003491,0.000000,-0.284595,-0.044783,0.012556,0.000000,-0.064380,-0.062094,-0.016047,0.000000,-0.181716,-0.108481
1771203737.403,1464,1,1,0.0000,0.9958,0.0000,0.0042,0.0000,0.0000,0.0000,0.019351,0.002159,0.002869,0.007351,0.007493,-0.003491,0.003491,-0.029419,0.057596,0.015048,-0.036652,0.084207,0.000000,-0.002831,-0.033161,0.035221,0.036652,0.003491,0.000000,-0.197756,-0.028560,0.020675,0.001745,-0.029971,-0.057960,-0.031147,0.000000,-0.144375,-0.084666
1771203737.503,1467,1,1,0.0000,0.9949,0.0000,0.0050,0.0000,0.0000,0.0000,0.029289,0.001340,0.003134,0.005360,0.005292,-0.003491,0.006981,-0.094041,0.045379,-0.001526,-0.036652,0.246242,0.000000,0.010252,-0.024435,0.016430,0.026180,0.001745,0.000000,-0.101693,-0.020318,0.012590,0.000000,-0.035097,-0.040863,-0.031789,0.001745,-0.096285,-0.079162
1771203737.603,1470,1,1,0.0000,0.9885,0.0000,0.0114,0.0000,0.0000,0.0000,0.023275,0.001952,0.002609,0.002056,0.003183,-0.003491,0.006981,0.009725,0.036652,-0.011578,-0.036652,0.142722,0.000000,0.016814,-0.013963,0.050699,0.015708,-0.001745,0.001745,-0.039546,-0.013589,0.013678,0.000000,0.008001,-0.039410,-0.017168,0.000000,-0.024201,-0.068914
1771203737.703,1473,1,1,0.0000,0.9587,0.0000,0.0411,0.0000,0.0000,0.0001,0.016327,0.001434,0.000956,0.003779,0.002635,-0.006981,0.010472,0.052731,0.034907,-0.008370,-0.036652,0.033232,0.000000,0.013606,-0.005236,0.043994,0.006981,0.000000,0.000000,-0.054570,-0.018408,-0.015460,0.000000,-0.009062,-0.025412,0.017205,0.000000,-0.035663,-0.066893
1771203737.805,1476,1,1,0.0000,0.7159,0.0001,0.2837,0.0000,0.0001,0.0003,0.025441,0.001612,0.001677,0.002766,0.002863,-0.006981,0.010472,0.100406,0.034907,-0.052759,-0.036652,0.019007,0.000000,0.064977,-0.005236,0.072029,0.003491,0.000000,0.000000,-0.033928,0.017268,0.000329,0.000000,-0.043483,-0.017039,-0.003820,0.001745,-0.075320,-0.066538
1771203737.905,1479,1,1,0.0000,0.6921,0.0000,0.3076,0.0000,0.0001,0.0002,0.038475,0.001672,0.001102,0.002415,0.003552,-0.006981,0.010472,0.123132,0.034907,0.050651,-0.036652,0.104375,0.000000,-0.036689,-0.003491,0.134667,0.003491,0.001745,0.000000,-0.041113,0.018317,-0.002503,0.000000,-0.086718,-0.000954,-0.000987,0.000000,-0.070435,-0.066805
1771203738.005,1482,1,1,0.0000,0.9068,0.0000,0.0931,0.0000,0.0000,0.0001,0.036683,0.002348,0.000625,0.003158,0.003173,-0.006981,0.010472,0.123400,0.034907,0.023753,-0.036652,0.145638,0.000000,-0.002809,-0.001745,0.098539,0.003491,0.001745,0.000000,-0.041457,0.005009,0.021421,0.000000,-0.083695,-0.002708,-0.024911,0.000000,-0.104971,-0.062136
1771203738.107,1485,1,1,0.0000,0.9982,0.0000,0.0018,0.0000,0.0000,0.0000,0.025819,0.002182,0.000888,0.002716,0.001768,-0.006981,0.010472,0.085512,0.034907,-0.010006,-0.036652,0.099232,0.000000,0.030950,-0.001745,0.045267,0.003491,0.003491,0.000000,-0.050541,0.000506,0.022191,0.000000,-0.083827,-0.001910,-0.034409,0.000000,-0.095860,-0.062551
1771203738.205,1488,1,1,0.0000,0.9966,0.0000,0.0034,0.0000,0.0000,0.0000,0.020395,0.009459,0.001919,0.001180,0.001065,-0.006981,0.010472,0.009284,0.034907,-0.019495,-0.036652,0.128469,0.000000,0.042184,-0.003491,0.015931,0.003491,0.003491,0.000000,0.075137,0.030690,0.002451,0.001745,-0.097153,-0.002230,-0.019905,0.000000,-0.085898,-0.050239
1771203738.305,1491,1,1,0.0000,0.9995,0.0000,0.0004,0.0000,0.0000,0.0000,0.016506,0.010838,0.001702,0.002908,0.002449,-0.003491,0.008727,-0.003595,0.031416,-0.015885,-0.036652,0.106376,0.000000,0.042065,-0.001745,0.005993,0.003491,0.003491,0.000000,0.090882,0.033934,-0.001287,0.001745,-0.080653,-0.005239,-0.003949,0.000000,-0.037093,-0.016684
1771203738.405,1494,1,1,0.0000,0.9999,0.0000,0.0001,0.0000,0.0000,0.0000,0.013258,0.006892,0.000687,0.004078,0.004334,-0.006981,0.010472,-0.001478,0.029671,-0.013201,-0.036652,0.072595,0.000000,0.042871,-0.001745,-0.080995,0.003491,0.001745,0.000000,0.055639,0.019686,0.003890,0.001745,-0.054547,-0.006410,-0.009126,0.000000,-0.081884,-0.056179
1771203738.505,1497,1,1,0.0000,0.9999,0.0000,0.0000,0.0000,0.0000,0.0000,0.009202,0.003068,0.001199,0.004361,0.006476,-0.003491,0.008727,-0.065605,0.026180,0.003528,-0.036652,0.044100,0.000000,0.024398,-0.001745,-0.107238,0.003491,0.001745,0.000000,-0.015682,0.015149,0.018174,0.001745,-0.064626,-0.004271,-0.025155,0.000000,-0.163819,-0.038196
1771203738.606,1500,1,1,0.0000,0.9999,0.0000,0.0001,0.0000,0.0000,0.0000,0.035336,0.003633,0.000456,0.002483,0.002500,-0.003491,0.008727,-0.033352,0.022689,0.073745,-0.036652,0.310269,0.001745,-0.051055,-0.001745,0.003363,0.003491,0.001745,0.001745,-0.030855,0.011166,0.027195,0.001745,-0.018893,-0.048031,-0.035922,0.000000,-0.024702,-0.024224
1771203738.706,1503,1,1,0.0000,0.9999,0.0000,0.0001,0.0000,0.0000,0.0000,0.029720,0.007614,0.001147,0.004277,0.005714,-0.006981,0.008727,0.001022,0.020944,0.108817,-0.036652,0.213643,0.000000,-0.091363,-0.001745,-0.092125,0.003491,0.000000,0.001745,-0.072136,0.073897,0.013979,0.001745,-0.012989,-0.045532,-0.026197,0.000000,-0.013414,-0.006810
1771203738.806,1506,1,1,0.0000,0.9999,0.0000,0.0001,0.0000,0.0000,0.0000,0.032101,0.029770,0.001696,0.003296,0.005171,-0.003491,0.008727,-0.140825,0.020944,0.117777,-0.036652,0.079226,0.001745,-0.098579,-0.001745,0.153302,0.003491,0.001745,0.001745,-0.060381,0.064627,-0.025834,0.001745,0.085671,-0.070235,0.017107,0.000000,0.123895,0.060700
1771203738.906,1509,1,1,0.0000,0.9999,0.0001,0.0000,0.0000,0.0000,0.0000,0.009514,0.060889,0.001762,0.003118,0.002251,-0.003491,0.008727,-0.058335,0.015708,0.059647,-0.038397,-0.234493,0.000000,-0.042194,-0.001745,0.026590,0.003491,0.001745,0.000000,0.044984,0.056934,-0.110295,0.001745,0.240678,-0.021715,0.105059,0.000000,0.175732,0.103796
1771203739.007,1512,1,1,0.0000,0.9995,0.0005,0.0000,0.0000,0.0000,0.0000,0.011754,0.034892,0.001641,0.002003,0.001780,-0.006981,0.008727,-0.001379,0.012217,0.071249,-0.036652,0.000205,0.000000,-0.053795,-0.003491,0.045162,0.003491,0.000000,0.001745,-0.004685,0.033245,-0.080553,0.001745,0.107571,-0.019483,0.077062,0.000000,0.092791,0.104541
1771203739.107,1515,1,1,0.0000,0.9995,0.0005,0.0000,0.0000,0.0000,0.0000,0.021990,0.032625,0.001637,0.002671,0.001720,-0.006981,0.010472,0.045198,0.012217,0.035352,-0.036652,0.027480,0.001745,-0.014408,-0.001745,0.127929,0.003491,0.001745,0.000000,-0.010754,0.017553,-0.061005,0.001745,0.090496,0.016498,0.055769,0.000000,0.090373,0.117321
1771203739.207,1518,1,1,0.0000,0.9993,0.0006,0.0000,0.0000,0.0000,0.0000,0.029834,0.028880,0.000479,0.002566,0.002129,-0.006981,0.003491,0.050360,0.012217,0.059804,-0.036652,0.026841,0.001745,-0.038860,-0.001745,0.200061,0.003491,0.001745,0.000000,-0.007099,0.036127,-0.019973,0.001745,0.079814,0.014328,0.014737,0.000000,0.094518,0.103539
1771203739.308,1521,1,1,0.0000,0.9981,0.0018,0.0001,0.0000,0.0000,0.0000,0.032269,0.025183,0.002262,0.003625,0.001467,-0.003491,0.000000,0.054798,0.012217,0.058711,-0.036652,0.065603,0.001745,-0.034276,-0.001745,0.190657,0.003491,0.001745,0.000000,0.006776,0.053840,0.001361,0.001745,0.070576,0.012430,0.000384,0.000000,0.076091,0.077249
1771203739.408,1524,1,1,0.0001,0.9926,0.0071,0.0002,0.0000,0.0000,0.0001,0.030042,0.039187,0.001196,0.002960,0.001521,-0.006981,0.001745,0.060679,0.012217,0.029991,-0.038397,0.102832,0.001745,0.001425,-0.003491,0.148123,0.001745,0.001745,0.000000,-0.009116,0.061298,0.000709,0.001745,0.080005,0.011839,0.001037,0.000000,0.163727,0.148133
1771203739.508,1527,1,1,0.0000,0.9885,0.0111,0.0003,0.0000,0.0000,0.0001,0.034741,0.034486,0.003214,0.002792,0.002884,-0.006981,0.001745,0.048551,0.012217,0.025130,-0.038397,0.170844,0.001745,0.002795,-0.001745,0.152121,0.001745,0.000000,0.000000,-0.008561,0.061571,-0.059706,0.000000,0.077449,0.056277,0.066688,0.001745,0.066777,0.083319
1771203739.608,1530,1,1,0.0000,0.9881,0.0119,0.0000,0.0000,0.0000,0.0000,0.020941,0.013046,0.003460,0.002098,0.003172,-0.003491,0.000000,-0.125513,0.012217,0.012027,-0.038397,0.166253,0.001745,0.015898,-0.001745,0.041404,0.001745,0.000000,0.000000,0.048300,0.011604,-0.083246,0.000000,-0.001722,0.008167,0.088482,0.000000,-0.095858,-0.066427
1771203739.708,1533,1,1,0.0000,0.9962,0.0037,0.0000,0.0000,0.0000,0.0000,0.029556,0.009641,0.001235,0.001795,0.001493,-0.006981,0.003491,-0.126334,0.008727,-0.021471,-0.036652,0.270744,0.001745,0.045906,-0.001745,0.022314,0.001745,0.000000,0.000000,0.079132,-0.010118,0.036564,0.000000,-0.022511,-0.009238,-0.031328,0.000000,-0.093412,-0.056976
1771203739.809,1536,1,1,0.0000,0.9978,0.0022,0.0000,0.0000,0.0000,0.0000,0.022843,0.018056,0.001076,0.000652,0.001255,-0.006981,0.006981,-0.041152,0.003491,-0.003637,-0.024435,0.133048,0.005236,0.033308,-0.001745,0.090303,0.001745,0.000000,0.000000,0.079099,0.068887,0.068686,0.000000,-0.055873,-0.034373,-0.059959,0.000000,-0.055618,-0.025219
1771203739.909,1539,1,1,0.0000,0.9944,0.0055,0.0000,0.0000,0.0000,0.0000,0.007915,0.044296,0.001017,0.002313,0.001347,-0.006981,0.008727,-0.009525,0.003491,-0.010194,-0.005236,0.016668,0.005236,0.036374,-0.003491,0.022739,0.001745,0.000000,0.001745,0.196459,0.300365,0.023926,0.000000,-0.153299,-0.049330,-0.011709,0.000000,-0.049816,0.009061
1771203740.009,1542,1,1,0.0000,0.9805,0.0194,0.0000,0.0000,0.0000,0.0000,0.004072,0.067430,0.001659,0.001319,0.002187,-0.006981,0.008727,-0.007821,0.001745,0.036641,0.000000,-0.095906,0.000000,-0.012206,-0.001745,-0.094041,0.001745,0.000000,0.003491,0.361544,0.160812,0.056514,0.000000,-0.049944,-0.008962,-0.042551,0.000000,0.096489,0.130310
1771203740.109,1545,1,1,0.0000,0.9743,0.0257,0.0000,0.0000,0.0000,0.0000,0.004275,0.039633,0.001399,0.002002,0.005967,-0.006981,0.008727,-0.042574,0.001745,0.032096,0.005236,-0.010394,0.001745,-0.004171,-0.001745,-0.053302,0.001745,-0.001745,0.003491,0.114920,0.100410,-0.010919,0.000000,-0.041366,0.009834,0.024882,0.000000,0.079882,0.142176
1771203740.210,1548,1,1,0.0000,0.9864,0.0135,0.0000,0.0000,0.0000,0.0000,0.019494,0.014084,0.001541,0.002917,0.003991,-0.006981,0.006981,-0.141872,0.001745,0.051966,0.008727,0.159277,0.003491,-0.018804,-0.001745,-0.013227,0.001745,0.000000,0.003491,0.042917,0.068667,-0.036295,0.000000,-0.075449,-0.010783,0.046767,0.000000,-0.158951,0.007163
1771203740.310,1551,1,1,0.0000,0.9999,0.0001,0.0000,0.0000,0.0000,0.0000,0.025310,0.018101,0.001604,0.004159,0.005915,-0.006981,0.006981,-0.187666,0.000000,0.080762,0.006981,0.200263,0.006981,-0.044110,-0.001745,-0.005519,0.001745,0.000000,0.003491,0.058487,0.067023,0.013828,0.000000,-0.040002,0.021995,0.001880,0.000000,-0.078718,0.050504
1771203740.410,1554,1,1,0.0000,0.9994,0.0006,0.0000,0.0000,0.0000,0.0000,0.018106,0.074280,0.004199,0.001421,0.004053,-0.006981,0.006981,-0.129445,0.000000,0.065593,0.003491,0.132483,0.006981,-0.034177,-0.001745,-0.033931,0.001745,0.000000,0.005236,0.097799,0.050387,0.042412,0.000000,0.120326,0.099482,-0.026704,0.000000,0.235632,0.240084
1771203740.510,1557,1,1,0.0000,0.9334,0.0666,0.0000,0.0000,0.0000,0.0000,0.011554,0.175373,0.006376,0.003349,0.004387,-0.006981,0.006981,-0.154232,0.000000,0.034077,0.000000,0.090611,0.005236,-0.000915,-0.003491,-0.015622,0.001745,0.000000,0.005236,0.387142,0.162817,0.093181,0.000000,0.445483,0.286385,-0.075728,0.000000,0.436552,0.287675
1771203740.611,1560,1,1,0.0000,0.9840,0.0160,0.0000,0.0000,0.0000,0.0000,0.011734,0.244000,0.002866,0.003229,0.009237,-0.006981,0.006981,-0.215176,0.000000,-0.092759,-0.006981,-0.442528,0.000000,0.122429,-0.001745,0.009650,0.001745,0.000000,0.001745,0.250044,0.090666,0.020280,0.000000,0.699271,0.386624,-0.004572,0.000000,0.835500,0.643873
1771203740.711,1563,1,1,0.0000,0.9716,0.0284,0.0000,0.0000,0.0000,0.0000,0.027828,0.107824,0.001278,0.004508,0.006037,-0.006981,0.006981,-0.031887,0.000000,-0.162315,-0.006981,-0.670255,0.001745,0.183259,-0.001745,0.140211,0.001745,0.000000,0.006981,0.218850,0.080259,0.139822,0.000000,0.298823,0.155843,-0.125859,0.000000,0.246044,0.147267
1771203740.812,1566,1,1,0.0000,0.9217,0.0783,0.0000,0.0000,0.0000,0.0000,0.005330,0.077745,0.007154,0.004030,0.010470,-0.006981,0.008727,-0.150978,0.000000,-0.029662,-0.006981,-0.291848,0.001745,0.047115,-0.001745,0.004630,0.001745,0.000000,0.005236,0.176125,0.010928,0.127890,0.000000,0.154091,0.046447,-0.112182,-0.003491,0.251898,0.160325
1771203740.913,1569,1,1,0.0000,0.8746,0.1254,0.0000,0.0000,0.0000,0.0000,0.003551,0.072893,0.008982,0.004239,0.003793,-0.006981,0.003491,-0.126674,0.000000,0.035630,-0.005236,-0.278650,0.001745,-0.019922,-0.003491,-0.047093,0.001745,0.000000,0.005236,0.085949,0.031419,0.036161,0.000000,0.101650,-0.000799,-0.018707,-0.001745,0.360975,0.253325
1771203741.013,1572,1,1,0.0000,0.8687,0.1313,0.0000,0.0000,0.0000,0.0000,0.006591,0.022068,0.004729,0.001097,0.003736,-0.006981,0.008727,-0.052693,0.000000,0.066877,-0.005236,-0.455045,0.000000,-0.042442,0.001745,-0.392423,0.001745,-0.003491,0.010472,0.154419,0.038193,0.061731,0.000000,-0.016455,-0.079647,-0.040787,-0.003491,-0.017141,-0.011222
1771203741.113,1575,1,1,0.0000,0.8757,0.1243,0.0000,0.0000,0.0000,0.0000,0.050803,0.023107,0.002110,0.001307,0.001317,-0.001745,0.000000,0.565283,0.000000,0.042611,-0.003491,-0.508802,-0.001745,-0.021667,0.000000,-0.300116,0.001745,-0.003491,0.008727,0.142718,0.052153,0.038645,-0.001745,0.016789,-0.034353,-0.017702,-0.001745,0.018252,-0.045637
1771203741.214,1578,1,1,0.0000,0.7977,0.2023,0.0000,0.0000,0.0000,0.0000,0.090926,0.022649,0.006207,0.002433,0.009995,-0.003491,0.006981,1.032908,0.005236,0.044241,-0.003491,-0.463794,-0.001745,-0.016315,0.000000,-0.529786,0.001745,-0.003491,0.010472,0.168792,0.055122,0.035723,-0.003491,-0.010364,-0.053379,-0.009543,-0.003491,0.001677,-0.064468
1771203741.314,1581,1,1,0.0000,0.8032,0.1966,0.0003,0.0000,0.0000,0.0000,0.086461,0.030640,0.008070,0.002356,0.018797,-0.006981,0.012217,0.959010,0.012217,0.052343,-0.003491,-0.358756,-0.001745,-0.015691,0.000000,-0.371482,0.001745,-0.005236,-0.001745,0.156928,0.117666,0.058215,-0.001745,0.023423,0.011450,-0.025054,-0.001745,-0.004060,-0.056284
1771203741.414,1584,1,1,0.0000,0.7070,0.2918,0.0011,0.0000,0.0000,0.0000,0.099443,0.042808,0.004437,0.001547,0.004961,-0.003491,0.012217,1.109893,0.020944,0.048511,-0.003491,-0.151261,-0.001745,-0.010114,0.000000,-0.128328,0.001745,-0.005236,-0.001745,0.191709,0.096265,0.044611,-0.003491,0.048936,0.023102,-0.002723,-0.001745,0.093223,0.015849
1771203741.515,1587,2,1,0.0000,0.3492,0.6436,0.0069,0.0000,0.0001,0.0000,0.105052,0.028757,0.003647,0.002026,0.002609,-0.006981,0.013963,1.122260,0.031416,0.037731,-0.001745,-0.139141,-0.005236,0.000666,0.005236,0.049347,0.000000,-0.005236,0.000000,0.167569,0.090292,0.041930,-0.001745,0.016868,-0.018918,-0.003533,-0.001745,0.028423,-0.008791
1771203741.615,1590,2,2,0.0000,0.2778,0.4588,0.2624,0.0002,0.0008,0.0001,0.119323,0.030252,0.004761,0.002223,0.012004,-0.008727,0.017453,1.032581,0.041888,0.010561,-0.001745,-0.078975,-0.005236,0.017364,0.005236,0.306789,0.000000,-0.005236,0.003491,0.171725,0.080084,0.074672,-0.001745,0.033051,-0.002024,-0.039766,-0.001745,-0.126509,-0.171348
1771203741.715,1593,3,3,0.0001,0.0823,0.3967,0.5198,0.0002,0.0009,0.0001,0.088237,0.033858,0.004814,0.002524,0.002903,-0.008727,0.027925,0.959361,0.043633,0.006216,-0.001745,-0.090614,-0.001745,0.014728,0.006981,-0.353049,0.000000,-0.006981,0.006981,0.217728,-0.072699,0.135682,-0.003491,0.037651,0.008252,-0.104266,-0.001745,-0.073732,-0.124781
1771203741.815,1596,3,3,0.0000,0.0578,0.0401,0.9017,0.0000,0.0003,0.0001,0.094747,0.030385,0.005122,0.001861,0.003805,-0.008727,0.069813,0.989370,0.041888,-0.018438,0.000000,-0.254187,-0.001745,0.030655,0.005236,-0.742949,0.000000,-0.005236,-0.008727,0.226056,-0.018614,0.081194,0.000000,0.028486,0.028888,-0.058504,-0.003491,-0.046042,-0.085642
1771203741.916,1599,3,3,0.0001,0.0715,0.1703,0.7572,0.0000,0.0006,0.0002,0.078874,0.026012,0.002879,0.002252,0.001542,-0.008727,0.109956,0.767733,0.041888,-0.016435,-0.001745,-0.305240,-0.005236,0.023416,0.003491,-0.758717,0.000000,-0.006981,-0.006981,0.251800,-0.000343,0.060344,0.000000,-0.105004,-0.078599,-0.039400,-0.001745,-0.107599,-0.155979
1771203742.016,1602,2,2,0.0000,0.3361,0.6610,0.0015,0.0000,0.0009,0.0005,0.073595,0.031033,0.003927,0.004573,0.002550,-0.001745,0.123918,0.685271,0.041888,-0.023337,0.000000,-0.281919,-0.005236,0.028573,0.003491,-0.579250,0.000000,-0.005236,-0.008727,0.313631,0.019606,0.039157,0.000000,-0.120342,-0.117524,-0.018213,0.000000,-0.072650,-0.101060
1771203742.116,1605,2,2,0.0000,0.1931,0.8053,0.0010,0.0000,0.0004,0.0002,0.076498,0.034196,0.007624,0.004270,0.005328,0.000000,0.122173,0.528930,0.041888,-0.005339,0.000000,0.053857,-0.005236,0.012320,0.001745,0.155323,0.001745,-0.008727,-0.008727,0.348265,0.031228,0.030856,0.000000,-0.080908,-0.069758,-0.008166,0.000000,-0.034021,-0.046732
1771203742.217,1608,2,2,0.0000,0.1380,0.8616,0.0002,0.0000,0.0001,0.0001,0.057102,0.031046,0.005260,0.004435,0.004455,0.003491,0.122173,0.273146,0.041888,0.009190,-0.001745,0.216334,-0.001745,-0.005700,0.003491,0.015508,0.000000,-0.008727,0.005236,0.312054,0.025754,0.029505,0.000000,-0.046711,-0.028167,-0.005071,0.000000,-0.020785,-0.042278
1771203742.317,1611,2,2,0.0000,0.2099,0.7890,0.0008,0.0000,0.0002,0.0001,0.101907,0.030473,0.002616,0.002060,0.003860,0.005236,0.120428,0.050539,0.036652,-0.123961,0.000000,0.002798,-0.005236,0.132688,0.000000,0.872796,0.001745,-0.010472,0.012217,0.320602,-0.046987,0.016770,0.000000,-0.038852,0.008423,0.005919,0.001745,-0.122350,-0.089919
1771203742.417,1614,3,2,0.0000,0.0515,0.0002,0.9483,0.0000,0.0000,0.0000,0.198876,0.042389,0.004199,0.000357,0.004038,0.003491,0.116937,-0.134759,0.034907,0.142981,0.000000,1.428700,-0.001745,-0.136000,0.008727,0.645531,0.005236,-0.010472,0.012217,0.313554,-0.043777,-0.004827,0.000000,0.036358,0.120766,0.024026,0.001745,-0.145522,-0.095044
1771203742.518,1617,3,3,0.0000,0.0026,0.0000,0.9974,0.0000,0.0000,0.0000,0.187078,0.053960,0.004106,0.001967,0.006001,0.005236,0.125664,0.329326,0.036652,0.182910,0.003491,1.065492,-0.001745,-0.191636,0.000000,0.483953,0.012217,-0.008727,0.005236,0.253388,-0.039449,-0.008445,0.000000,0.167982,0.191528,0.027644,0.001745,-0.055626,-0.040668
1771203742.619,1620,3,3,0.0000,0.0006,0.0000,0.9994,0.0000,0.0000,0.0000,0.147779,0.026258,0.003082,0.001298,0.002794,0.000000,0.143117,0.089235,0.036652,0.152229,0.000000,0.942274,-0.001745,-0.178408,0.008727,0.388895,0.012217,-0.008727,0.001745,0.194872,-0.039082,-0.040806,0.000000,0.002269,0.059699,0.056514,0.000000,-0.013729,-0.022111
1771203742.719,1623,3,3,0.0000,0.0009,0.0000,0.9991,0.0000,0.0000,0.0000,0.154851,0.032966,0.001785,0.000583,0.000864,-0.001745,0.148353,0.094563,0.036652,0.047601,-0.001745,0.962626,0.000000,-0.077272,0.010472,0.545728,0.012217,-0.008727,0.005236,0.174428,-0.020678,-0.090041,0.006981,0.025652,0.082786,0.100513,0.000000,-0.074924,-0.093514
1771203742.819,1626,3,3,0.0000,0.0038,0.0000,0.9961,0.0000,0.0000,0.0000,0.187864,0.036836,0.005736,0.000973,0.004469,-0.001745,0.151844,0.134971,0.036652,-0.014666,-0.001745,1.077335,0.001745,-0.016750,0.010472,0.829136,0.012217,-0.008727,0.005236,0.143864,-0.005034,-0.101574,0.010472,0.079136,0.099999,0.103320,0.000000,-0.058877,-0.091529
1771203742.919,1629,3,3,0.0000,0.0187,0.0000,0.9812,0.0000,0.0000,0.0000,0.302881,0.030371,0.002137,0.001511,0.001678,0.000000,0.153589,-0.546395,0.896896,0.017868,-0.001745,0.008185,1.160456,-0.045793,0.010472,-0.197744,1.387109,-0.008727,0.000000,0.146767,-0.001248,-0.061028,0.020944,0.082550,0.056660,0.057537,0.000000,-0.023144,-0.066627
1771203743.020,1632,3,3,0.0000,0.0062,0.0001,0.9937,0.0000,0.0000,0.0000,0.333064,0.030021,0.006328,0.002919,0.004365,0.003491,0.151844,-0.528627,0.866922,0.061284,-0.001745,0.102798,1.312472,-0.075247,0.008727,-0.071980,1.489236,-0.008727,0.003491,0.170802,-0.011267,-0.023899,0.019199,0.092735,0.055367,0.018663,0.000000,-0.023392,-0.056372
1771203743.120,1635,3,3,0.0000,0.0296,0.0002,0.9702,0.0000,0.0000,0.0000,0.339209,0.034672,0.004671,0.006788,0.003715,0.006981,0.153589,-0.484659,0.870415,0.039329,-0.003491,0.123205,1.346037,-0.046310,0.006981,-0.023161,1.523964,-0.008727,0.005236,0.170071,-0.011359,0.004709,0.013963,0.084196,0.073582,-0.006455,0.000000,0.036820,0.027482
1771203743.220,1638,3,3,0.0000,0.0924,0.0006,0.9069,0.0000,0.0000,0.0000,0.327888,0.052799,0.004051,0.003507,0.001414,0.012217,0.153589,-0.495926,0.895055,0.050244,-0.003491,0.025559,1.305086,-0.050244,0.001745,-0.090448,1.491155,-0.008727,0.005236,0.184548,0.024423,0.008357,0.010472,0.082609,0.132679,-0.008357,0.001745,0.078007,0.105508
1771203743.320,1641,3,3,0.0000,0.1084,0.0071,0.8842,0.0002,0.0001,0.0000,0.361179,0.055257,0.006951,0.006432,0.002993,0.012217,0.153589,-0.437872,1.020347,0.070469,-0.005236,0.122490,1.406453,-0.061743,0.000000,-0.006702,1.548582,-0.008727,0.008727,0.196757,0.059374,0.027953,0.006981,0.129597,0.155161,-0.029699,0.000000,0.026391,0.052148
1771203743.421,1644,3,3,0.0000,0.0074,0.1882,0.7650,0.0382,0.0012,0.0000,0.368901,0.093576,0.004045,0.007465,0.005026,0.012217,0.151844,-0.348101,1.035480,0.072600,-0.005236,0.140714,1.440809,-0.063873,-0.003491,-0.000633,1.573143,-0.008727,0.008727,0.233459,-0.003204,-0.036921,0.005236,0.301610,0.259526,0.029940,0.001745,0.149887,0.132779
1771203743.522,1647,2,2,0.0000,0.0311,0.4361,0.2275,0.3035,0.0014,0.0003,0.379003,0.108517,0.004527,0.004858,0.002389,0.012217,0.144862,-0.302107,1.002201,0.083298,-0.003491,0.151380,1.466841,-0.076316,-0.003491,0.064264,1.622977,-0.008727,0.001745,0.259248,-0.034257,-0.044853,0.005236,0.452424,0.354591,0.034381,0.001745,0.091584,0.101248
1771203743.622,1650,4,4,0.0000,0.0304,0.3503,0.1875,0.4294,0.0021,0.0003,0.322068,0.092503,0.002266,0.002982,0.003755,0.001745,0.129154,-0.116378,0.778531,0.054432,-0.005236,0.144904,1.263001,-0.066649,-0.001745,0.071477,1.421577,-0.005236,0.000000,0.261237,-0.060538,-0.023413,0.008727,0.380207,0.287012,0.002469,0.001745,0.066175,0.102461
1771203743.722,1653,2,2,0.0000,0.0256,0.4061,0.1697,0.3958,0.0026,0.0002,0.266799,0.081691,0.002041,0.002900,0.001029,0.000000,0.132645,-0.015968,0.570958,0.053014,-0.003491,0.050687,1.085032,-0.070468,-0.001745,0.046333,1.262922,-0.005236,0.000000,0.244107,-0.035528,-0.047330,0.012217,0.320362,0.200551,0.021150,0.001745,0.082619,0.097538
1771203743.823,1656,2,2,0.0000,0.0084,0.6109,0.0797,0.2982,0.0026,0.0001,0.197605,0.088182,0.002487,0.003376,0.000757,0.000000,0.130900,0.014811,0.397180,0.058212,0.000000,-0.043550,0.754802,-0.077410,-0.003491,0.028080,0.987279,-0.005236,0.000000,0.224552,-0.018304,-0.037404,0.012217,0.409209,0.277668,0.005988,0.003491,0.051778,0.073279
1771203743.923,1659,2,4,0.0000,0.0031,0.8070,0.0515,0.1347,0.0037,0.0001,0.189146,0.081230,0.001831,0.001173,0.000892,0.000000,0.130900,0.072696,0.313445,0.062037,0.000000,0.071785,0.625612,-0.082981,-0.003491,0.122369,0.870903,-0.005236,-0.005236,0.216557,-0.015381,0.002352,0.013963,0.407043,0.274492,-0.037259,0.005236,0.007885,0.047237
1771203744.024,1662,3,2,0.0000,0.0150,0.4879,0.4920,0.0023,0.0028,0.0000,0.212015,0.080680,0.000624,0.002378,0.002163,0.003491,0.122173,0.121089,0.258303,0.067375,-0.001745,0.214587,0.673554,-0.091810,-0.006981,0.219035,0.864568,-0.005236,0.000000,0.226955,-0.016572,0.004625,0.013963,0.407927,0.269701,-0.034296,0.003491,0.008234,0.033267
1771203744.123,1665,2,2,0.0000,0.0206,0.5156,0.4570,0.0031,0.0037,0.0000,0.216060,0.085534,0.002343,0.004642,0.004158,0.005236,0.113446,0.178864,0.213270,0.072915,-0.001745,0.282224,0.654702,-0.106076,-0.008727,0.237506,0.834559,-0.003491,0.000000,0.216485,-0.014828,0.004346,0.015708,0.417822,0.278840,-0.025290,0.003491,0.034820,0.054901
1771203744.225,1668,2,2,0.0000,0.0187,0.7165,0.2588,0.0034,0.0026,0.0000,0.231046,0.072289,0.001564,0.005303,0.003455,0.005236,0.104720,0.195960,0.204118,0.061955,0.000000,0.342521,0.707001,-0.103843,-0.008727,0.275731,0.875313,-0.001745,0.000000,0.210591,0.000522,0.024993,0.019199,0.352853,0.197320,-0.038956,0.003491,0.019747,0.038756
1771203744.330,1671,2,2,0.0000,0.0206,0.7663,0.2065,0.0041,0.0025,0.0000,0.240027,0.061994,0.004004,0.004060,0.006521,0.006981,0.102974,0.190681,0.215587,0.065241,-0.001745,0.380256,0.741204,-0.108874,-0.008727,0.290376,0.887022,-0.001745,0.000000,0.207240,0.002017,0.049180,0.020944,0.270763,0.156650,-0.059652,0.003491,-0.018218,0.033649
1771203744.429,1674,2,2,0.0000,0.0200,0.8495,0.1230,0.0049,0.0025,0.0000,0.247465,0.057464,0.003052,0.004152,0.002414,0.006981,0.101229,0.198210,0.217395,0.062037,-0.001745,0.387518,0.768907,-0.109161,-0.008727,0.311661,0.915644,-0.001745,0.000000,0.214055,0.021627,0.065686,0.024435,0.208003,0.126687,-0.072667,0.003491,-0.070264,0.025585
1771203744.529,1677,2,2,0.0000,0.0156,0.9566,0.0214,0.0050,0.0014,0.0000,0.253425,0.060019,0.009018,0.007162,0.003076,0.006981,0.097738,0.230955,0.213915,0.032259,-0.003491,0.414145,0.791904,-0.079382,-0.010472,0.321459,0.931745,-0.003491,0.000000,0.203065,0.057717,0.070609,0.027925,0.206082,0.118441,-0.077590,0.003491,-0.065064,0.032901
1771203744.629,1680,3,3,0.0000,0.0008,0.0007,0.9858,0.0011,0.0115,0.0000,0.254740,0.048345,0.012930,0.007384,0.006349,0.006981,0.092502,0.285572,0.213514,0.033247,-0.001745,0.407976,0.790610,-0.082116,-0.008727,0.304923,0.921555,-0.001745,0.000000,0.207973,0.056310,0.089755,0.031416,0.113647,0.047906,-0.096736,0.001745,-0.084188,0.031387
1771203744.729,1683,5,3,0.0000,0.0010,0.0027,0.0027,0.0024,0.9912,0.0000,0.263461,0.051042,0.006704,0.008064,0.000432,0.005236,0.094248,0.291914,0.221052,0.043468,-0.003491,0.453237,0.808970,-0.092337,-0.010472,0.327679,0.915729,0.000000,0.006981,0.191714,0.050287,0.089457,0.036652,0.127380,0.071010,-0.094693,0.003491,-0.078565,0.035533
1771203744.830,1686,5,5,0.0000,0.0014,0.0037,0.0038,0.0058,0.9853,0.0000,0.412659,0.053465,0.007735,0.008846,0.002250,0.001745,0.094248,1.078649,-0.661480,0.037155,-0.005236,2.004886,-0.715585,-0.084279,-0.015708,1.735225,-0.753982,0.000000,0.001745,0.143209,0.045768,0.072410,0.038397,0.204483,0.122643,-0.077646,0.003491,-0.092857,0.009430
1771203744.930,1689,5,5,0.0000,0.0018,0.0031,0.0041,0.0088,0.9822,0.0000,0.266730,0.070053,0.004030,0.002018,0.002791,0.000000,0.092502,0.309294,0.207175,0.040172,-0.008727,0.536210,0.845199,-0.090786,-0.017453,0.353281,0.816922,0.000000,0.003491,0.123695,0.022963,0.038283,0.038397,0.379149,0.223571,-0.052246,0.001745,-0.060670,0.009341
1771203745.037,1692,5,5,0.0000,0.0016,0.0033,0.0036,0.0067,0.9847,0.0000,0.280532,0.063410,0.006930,0.006496,0.005809,0.000000,0.095993,0.303829,0.193761,0.067297,-0.012217,0.628093,0.879812,-0.116166,-0.024435,0.401408,0.796189,0.000000,0.005236,0.147981,-0.006415,0.013560,0.036652,0.387749,0.169744,-0.037995,0.000000,-0.089381,-0.075073
1771203745.134,1695,5,5,0.0000,0.0013,0.0029,0.0041,0.0063,0.9853,0.0000,0.409703,0.075588,0.003921,0.004245,0.002161,-0.001745,0.094248,1.102475,-0.661480,0.064474,-0.013963,2.020368,-0.715585,-0.118579,-0.031416,1.634874,-0.785398,0.001745,0.000000,0.149103,-0.002152,0.013070,0.036652,0.479721,0.226767,-0.046231,-0.003491,-0.048681,-0.106748
1771203745.234,1698,5,5,0.0000,0.0013,0.0031,0.0043,0.0075,0.9837,0.0000,0.426937,0.087831,0.002900,0.001922,0.001321,0.006981,0.054105,1.078242,-0.712094,0.043400,0.006981,2.131829,-0.788889,-0.090524,-0.008727,1.801704,-0.916298,0.000000,0.000000,0.140105,0.025095,-0.015138,0.017453,0.581751,0.247687,-0.023259,-0.015708,0.041876,-0.109650
1771203745.333,1701,5,5,0.0000,0.0014,0.0035,0.0044,0.0084,0.9823,0.0000,0.421814,0.085074,0.006394,0.005682,0.001337,0.003491,0.043633,1.067414,-0.729548,0.002185,0.019199,2.089132,-0.825541,-0.024874,-0.005236,1.836716,-0.987856,0.000000,0.000000,0.139574,0.025102,-0.011217,-0.027925,0.609705,0.244661,-0.037652,-0.069813,0.001845,-0.135279
1771203745.434,1704,4,4,0.0000,0.0049,0.1542,0.1653,0.6240,0.0516,0.0001,0.262236,0.091684,0.002537,0.006011,0.005658,0.005236,0.050615,0.245937,0.091713,-0.000198,0.013963,0.724373,0.795070,-0.019000,-0.010472,0.607157,0.612764,0.001745,0.000000,0.142499,0.046727,-0.029299,-0.066323,0.641605,0.244357,-0.033532,-0.109956,0.023277,-0.160717
1771203745.535,1707,4,4,0.0000,0.0040,0.2886,0.1821,0.4245,0.1008,0.0001,0.250606,0.098247,0.002033,0.002284,0.001998,0.005236,0.062832,0.237868,0.086206,-0.020120,0.000000,0.678574,0.764959,0.000922,-0.024435,0.575982,0.594699,0.000000,0.000000,0.137941,0.049314,-0.054961,-0.090757,0.668793,0.278531,-0.025324,-0.132645,0.044382,-0.178310
1771203745.637,1710,2,2,0.0000,0.0029,0.4225,0.1500,0.3412,0.0832,0.0001,0.246560,0.101035,0.001576,0.002191,0.001264,0.006981,0.064577,0.206525,0.108767,-0.015389,0.000000,0.655917,0.735829,-0.003810,-0.026180,0.587803,0.592316,0.000000,0.000000,0.131554,0.049593,-0.056297,-0.101229,0.701772,0.303496,-0.041441,-0.137881,0.026006,-0.186881
1771203745.737,1713,3,3,0.0000,0.0002,0.0097,0.9430,0.0449,0.0023,0.0000,0.399196,0.082786,0.003067,0.003353,0.001787,0.006981,0.059341,0.946395,-0.664970,0.044905,0.003491,1.934866,-0.794125,-0.058868,-0.027925,1.794378,-0.916298,0.000000,0.001745,0.129854,0.033447,-0.053362,-0.101229,0.598389,0.230002,-0.049612,-0.137881,-0.036916,-0.224868
1771203745.838,1716,3,3,0.0000,0.0001,0.0001,0.9983,0.0012,0.0003,0.0000,0.367048,0.076062,0.001509,0.002507,0.001888,0.001745,0.041888,0.791540,-0.424115,0.027698,0.010472,1.808576,-0.544543,-0.018971,-0.024435,1.722652,-0.656244,0.000000,0.001745,0.092818,0.038709,-0.071725,-0.101229,0.575573,0.203903,-0.024268,-0.104720,-0.030189,-0.185873
1771203745.938,1719,3,3,0.0000,0.0000,0.0001,0.9980,0.0016,0.0003,0.0000,0.340006,0.083004,0.000624,0.000587,0.001168,0.000000,0.034907,0.650875,-0.315905,0.017791,0.000000,1.714391,-0.380482,-0.010809,-0.036652,1.662109,-0.464258,0.000000,0.000000,0.067376,0.045552,-0.064585,-0.102974,0.625324,0.257799,-0.017445,-0.062832,-0.035916,-0.121032
1771203746.039,1722,3,3,0.0000,0.0002,0.0001,0.9982,0.0009,0.0007,0.0000,0.344019,0.085867,0.000951,0.000714,0.000554,0.000000,0.024435,0.526836,-0.239110,0.026758,-0.012217,1.812597,-0.239110,-0.023268,-0.062832,1.737607,-0.301942,0.000000,0.001745,0.046586,0.048392,-0.069256,-0.102974,0.644174,0.289505,-0.002303,-0.038397,-0.027979,-0.086502
1771203746.139,1725,5,5,0.0000,0.0008,0.0008,0.0074,0.0025,0.9886,0.0000,0.345748,0.119246,0.006950,0.005160,0.001859,0.000000,0.019199,0.398365,-0.181514,0.017891,-0.029671,1.925000,-0.139626,-0.010909,-0.076794,1.788519,-0.195477,0.000000,0.001745,-0.008510,0.105693,-0.090311,-0.101229,0.850395,0.439465,0.015261,-0.020944,0.018388,-0.039181
1771203746.239,1728,5,5,0.0000,0.0009,0.0016,0.0077,0.0052,0.9845,0.0000,0.342652,0.129769,0.004005,0.008973,0.004623,0.000000,0.019199,0.263570,-0.134390,-0.010009,-0.036652,1.992524,-0.085521,0.030953,-0.075049,1.805574,-0.127409,0.000000,0.001745,-0.024114,0.081388,-0.091560,-0.102974,0.867796,0.464522,0.011275,-0.006981,0.102900,0.027606
1771203746.340,1731,5,5,0.0000,0.0009,0.0035,0.0054,0.0110,0.9792,0.0000,0.335175,0.185111,0.003378,0.003691,0.005753,0.000000,0.022689,0.231326,-0.099484,-0.021345,-0.036652,1.953719,-0.036652,0.049270,-0.073304,1.765101,-0.075049,-0.001745,0.001745,-0.094079,0.072563,-0.103207,-0.120428,1.051840,0.581196,0.021177,-0.006981,0.316418,0.176390
1771203746.440,1734,5,5,0.0000,0.0008,0.0064,0.0041,0.0177,0.9710,0.0000,0.336677,0.172403,0.004298,0.003392,0.000986,0.001745,0.031416,0.302915,-0.073304,-0.011425,-0.036652,1.945704,-0.008727,0.044587,-0.071558,1.713756,-0.033161,0.000000,0.001745,-0.125502,0.077029,-0.138086,-0.137881,0.939968,0.454386,0.045583,0.000000,0.353564,0.196566
1771203746.541,1737,5,5,0.0000,0.0008,0.0067,0.0043,0.0224,0.9657,0.0000,0.308991,0.149852,0.002650,0.003170,0.002203,0.003491,0.050615,0.379421,-0.054105,0.007796,-0.036652,1.770823,0.012217,0.028855,-0.075049,1.454672,-0.012217,0.000000,0.003491,-0.148518,0.125017,-0.148523,-0.146608,0.750841,0.274641,0.043803,0.000000,0.376114,0.224314
1771203746.645,1740,5,5,0.0000,0.0009,0.0062,0.0046,0.0212,0.9671,0.0000,0.312173,0.140746,0.001300,0.002895,0.003634,0.006981,0.085521,0.291345,-0.041888,-0.000555,-0.036652,1.808031,0.043633,0.037207,-0.075049,1.473358,0.000000,0.000000,0.003491,-0.212257,0.187773,-0.135912,-0.127409,0.670564,0.164688,0.027701,0.006981,0.387189,0.240567
1771203746.746,1743,5,5,0.0000,0.0006,0.0076,0.0020,0.0130,0.9768,0.0000,0.136997,0.114045,0.000987,0.001442,0.002251,0.012217,0.116937,-0.050281,-0.031416,-0.166074,-0.036652,0.464345,0.069813,0.188764,-0.078540,0.786655,0.005236,0.000000,0.003491,-0.403149,0.090158,-0.259378,-0.123918,0.532840,0.126610,0.156403,0.006981,0.258778,0.193274
1771203746.845,1746,5,5,0.0001,0.0039,0.0846,0.0006,0.0071,0.9037,0.0000,0.038474,0.032520,0.002575,0.005992,0.008070,0.012217,0.148353,-0.363527,-0.024435,-0.203381,-0.041888,-0.697148,0.080285,0.213853,-0.075049,-0.154964,0.006981,0.000000,0.003491,-1.029725,-0.120003,-0.486229,-0.123918,-0.377490,-0.298819,0.385000,0.001745,-0.763420,-0.424963
1771203746.947,1749,2,5,0.0047,0.0811,0.5903,0.0000,0.0152,0.3085,0.0001,0.041844,0.023944,0.000547,0.000324,0.005362,0.024435,0.176278,-0.665591,-0.022689,-0.219388,-0.055851,-1.418953,0.080285,0.212407,-0.075049,-1.024807,0.008727,0.000000,0.005236,-1.316790,-0.395572,-0.376342,-0.125664,-0.773910,-0.433930,0.282094,-0.001745,-1.060661,-0.377977
1771203747.046,1752,2,2,0.0208,0.3413,0.5111,0.0000,0.0023,0.1231,0.0015,0.040035,0.020538,0.002824,0.001144,0.003932,0.034907,0.188496,-0.690554,-0.022689,-0.222107,-0.068068,-1.466341,0.059341,0.192436,-0.069813,-1.201342,0.005236,0.000000,0.003491,-1.520781,-0.438984,-0.324996,-0.125664,-0.969385,-0.343695,0.242965,-0.008727,-1.020531,-0.439889
1771203747.147,1755,1,2,0.0269,0.4541,0.3931,0.0000,0.0067,0.1136,0.0056,0.025591,0.021495,0.000663,0.004457,0.004367,0.020944,0.106465,-0.824597,-0.008727,-0.179681,-0.066323,-1.227258,0.036652,0.143029,-0.036652,-1.036309,0.000000,0.000000,0.003491,-1.427679,-0.457505,-0.313796,-0.123918,-0.919338,-0.372665,0.254455,-0.010472,-0.887218,-0.448456
1771203747.245,1758,1,1,0.0177,0.7298,0.2051,0.0001,0.0032,0.0377,0.0064,0.015895,0.020270,0.002021,0.006932,0.005138,0.006981,0.066323,-0.668814,-0.005236,-0.129659,-0.033161,-0.877311,0.019199,0.098243,-0.015708,-0.702847,0.000000,0.000000,0.003491,-1.382563,-0.395559,-0.265926,-0.115192,-0.877897,-0.320577,0.239747,-0.012217,-0.842396,-0.396787
1771203747.344,1761,1,1,0.0007,0.8902,0.1054,0.0001,0.0001,0.0021,0.0013,0.009799,0.013886,0.002382,0.006333,0.004635,0.003491,0.041888,-0.428379,-0.001745,-0.082687,-0.022689,-0.639285,0.005236,0.066979,-0.003491,-0.461727,-0.001745,0.000000,0.003491,-1.144719,-0.238216,-0.173619,-0.068068,-0.643477,-0.195771,0.163147,0.000000,-0.677227,-0.286520
1771203747.444,1764,1,1,0.0000,0.9839,0.0159,0.0000,0.0000,0.0000,0.0001,0.005946,0.008173,0.001405,0.001446,0.001442,0.003491,0.024435,-0.209499,-0.001745,-0.045173,-0.012217,-0.399346,0.003491,0.039937,0.000000,-0.289223,-0.001745,0.000000,0.003491,-0.897448,-0.143488,-0.096333,-0.041888,-0.385455,-0.123784,0.094588,0.000000,-0.417208,-0.184590
1771203747.545,1767,1,1,0.0000,0.9986,0.0014,0.0000,0.0000,0.0000,0.0000,0.003533,0.004499,0.001348,0.002031,0.000773,0.003491,0.010472,-0.056128,-0.001745,-0.031923,-0.005236,-0.233135,0.001745,0.026687,0.000000,-0.162514,-0.003491,0.000000,0.003491,-0.660655,-0.091409,-0.045256,-0.026180,-0.247559,-0.082563,0.050492,0.000000,-0.275882,-0.130768
1771203747.644,1770,1,1,0.0000,1.0000,0.0000,0.0000,0.0000,0.0000,0.0000,0.001120,0.002764,0.002669,0.002530,0.001057,0.005236,0.001745,-0.069615,-0.001745,-0.009945,-0.001745,-0.179275,0.000000,0.006455,0.000000,-0.073483,-0.001745,0.000000,0.003491,-0.419778,-0.064808,-0.017459,-0.010472,-0.168132,-0.061701,0.029677,0.000000,-0.197586,-0.082426
1771203747.745,1773,1,1,0.0000,1.0000,0.0000,0.0000,0.0000,0.0000,0.0000,0.000597,0.001861,0.002935,0.002650,0.002206,0.000000,0.003491,-0.133229,-0.001745,-0.005415,-0.001745,-0.183068,0.000000,0.003670,0.000000,-0.227649,-0.001745,0.000000,0.001745,-0.228868,-0.045722,-0.006629,-0.001745,-0.136113,-0.049582,0.020592,0.000000,-0.154595,-0.065375
1771203747.845,1776,1,1,0.0000,1.0000,0.0000,0.0000,0.0000,0.0000,0.0000,0.000291,0.001783,0.002562,0.003575,0.001900,0.001745,0.000000,-0.140602,-0.001745,-0.000298,-0.001745,-0.154141,0.000000,-0.001447,0.001745,-0.195318,-0.001745,0.000000,0.001745,-0.239174,-0.040655,-0.002195,0.000000,-0.119136,-0.043724,0.019648,0.000000,-0.101185,-0.072360
1771203747.946,1779,1,1,0.0000,1.0000,0.0000,0.0000,0.0000,0.0000,0.0000,0.000862,0.001891,0.005894,0.009094,0.002556,0.001745,0.000000,-0.107443,-0.001745,0.006855,-0.001745,-0.083511,0.000000,-0.006855,0.001745,-0.184107,-0.001745,0.000000,0.001745,-0.175277,-0.033165,0.005173,0.000000,-0.078308,-0.052177,0.015771,0.000000,-0.032024,-0.069420
1771203748.046,1782,1,1,0.0000,1.0000,0.0000,0.0000,0.0000,0.0000,0.0000,0.001903,0.001650,0.004886,0.009321,0.005446,0.001745,0.000000,-0.086066,-0.001745,0.019347,0.000000,-0.074091,0.000000,-0.024583,0.001745,-0.117604,-0.003491,0.000000,0.001745,-0.162602,-0.030523,-0.007581,0.000000,-0.079526,-0.044812,0.018053,0.000000,-0.043610,-0.071830
1771203748.146,1785,1,1,0.0000,1.0000,0.0000,0.0000,0.0000,0.0000,0.0000,0.002527,0.001600,0.003071,0.003559,0.000665,0.003491,0.000000,-0.011755,-0.001745,0.025087,0.000000,-0.027388,0.000000,-0.033813,0.001745,-0.015366,-0.001745,0.000000,0.001745,-0.105253,-0.031016,0.000744,0.000000,-0.058404,-0.039716,0.016710,0.000000,-0.085979,-0.026125
1771203748.247,1788,1,1,0.0000,1.0000,0.0000,0.0000,0.0000,0.0000,0.0000,0.009821,0.001400,0.004941,0.003866,0.002156,0.001745,-0.001745,0.028567,-0.001745,0.050301,0.000000,0.031512,0.000000,-0.062518,0.001745,0.003983,-0.003491,0.000000,0.001745,-0.105049,-0.031068,0.015056,0.000000,-0.056604,-0.037734,-0.006330,0.000000,-0.105563,-0.011056
1771203748.347,1791,1,1,0.0000,1.0000,0.0000,0.0000,0.0000,0.0000,0.0000,0.019808,0.002179,0.003410,0.003987,0.001062,0.001745,-0.001745,0.052780,-0.001745,0.040347,0.000000,0.045794,0.000000,-0.056055,0.001745,0.095280,-0.001745,0.000000,0.001745,-0.174295,-0.022002,0.024403,0.000000,-0.075806,-0.033313,-0.015677,0.000000,-0.106017,-0.018724
1771203748.447,1794,1,1,0.0000,1.0000,0.0000,0.0000,0.0000,0.0000,0.0000,0.008151,0.004250,0.003013,0.003481,0.006657,0.001745,-0.001745,-0.041687,-0.001745,0.039783,0.000000,0.013278,0.000000,-0.060727,0.001745,0.041263,-0.001745,-0.001745,0.003491,-0.130897,-0.004125,0.047511,0.000000,-0.061762,-0.045908,-0.031803,0.000000,-0.097938,-0.031550
1771203748.547,1797,1,1,0.0000,1.0000,0.0000,0.0000,0.0000,0.0000,0.0000,0.012299,0.005545,0.004235,0.005036,0.005026,0.001745,-0.001745,-0.093578,-0.001745,0.024414,0.001745,0.052887,0.000000,-0.048849,0.001745,0.065053,-0.003491,0.000000,0.001745,-0.078595,0.020393,0.044406,0.000000,-0.044682,-0.056804,-0.021717,-0.001745,-0.107906,-0.027341
1771203748.648,1800,1,1,0.0000,0.9998,0.0000,0.0001,0.0000,0.0000,0.0001,0.017176,0.009542,0.005860,0.006207,0.005035,0.001745,0.000000,-0.079259,-0.001745,0.012955,0.000000,0.049005,0.000000,-0.046116,0.001745,0.140659,-0.001745,0.000000,0.001745,-0.071988,0.039687,0.073076,0.000000,-0.041859,-0.046538,-0.045151,0.000000,-0.106578,-0.016497
1771203748.748,1803,1,1,0.0000,0.9998,0.0000,0.0001,0.0000,0.0000,0.0001,0.024443,0.007639,0.003053,0.001364,0.000550,0.001745,0.000000,0.016417,-0.001745,0.000504,0.001745,0.032874,0.000000,-0.037156,0.003491,0.236542,-0.001745,-0.001745,0.001745,-0.066137,0.048146,0.040096,0.000000,0.001686,-0.051611,-0.006935,-0.001745,-0.081134,-0.033083
1771203748.848,1806,1,1,0.0000,0.9998,0.0000,0.0001,0.0000,0.0000,0.0001,0.018771,0.011385,0.002241,0.003544,0.001534,0.001745,0.000000,0.031074,-0.001745,-0.007168,0.001745,0.033567,0.000000,-0.022503,0.001745,0.155381,-0.003491,-0.001745,0.003491,-0.065753,0.068033,0.043153,0.000000,0.021940,-0.054283,-0.004756,-0.001745,-0.047201,-0.055899
1771203748.948,1809,1,1,0.0000,0.9999,0.0000,0.0000,0.0000,0.0000,0.0001,0.025878,0.015466,0.003311,0.006354,0.003073,0.001745,0.000000,0.097353,-0.001745,0.002326,0.000000,0.067626,0.000000,-0.026760,0.001745,0.139740,-0.001745,-0.001745,0.001745,-0.026892,0.067051,0.052444,0.000000,0.064350,-0.062686,-0.007065,-0.001745,-0.005473,-0.056672
1771203749.049,1812,1,1,0.0000,0.9999,0.0000,0.0000,0.0000,0.0000,0.0001,0.021911,0.010343,0.004248,0.002960,0.002019,0.003491,0.000000,0.100912,-0.001745,-0.003689,0.000000,0.015636,-0.001745,-0.020745,0.003491,0.139406,-0.001745,-0.001745,0.001745,0.016993,0.032923,0.035124,0.000000,0.030572,-0.049976,0.006763,0.000000,-0.013177,-0.051765
1771203749.159,1815,1,1,0.0000,0.9999,0.0000,0.0000,0.0000,0.0000,0.0000,0.014938,0.004760,0.003356,0.007066,0.004133,0.001745,0.000000,0.086748,-0.001745,-0.008085,0.000000,0.009987,-0.005236,-0.014604,0.001745,0.079034,-0.001745,-0.003491,0.003491,0.004564,0.008928,0.014558,0.000000,-0.062274,-0.043682,0.025585,0.000000,-0.065768,-0.067416
1771203749.255,1818,1,1,0.0000,0.9999,0.0000,0.0000,0.0000,0.0000,0.0000,0.014389,0.008344,0.003264,0.003147,0.002427,0.003491,0.000000,0.056736,-0.001745,-0.003939,0.000000,0.020146,-0.001745,-0.011769,0.001745,0.090550,-0.001745,-0.003491,0.001745,0.019449,0.035688,-0.004852,0.000000,-0.079767,-0.037104,0.043249,0.000000,-0.079208,-0.066621
1771203749.356,1821,1,1,0.0000,0.9999,0.0000,0.0000,0.0000,0.0000,0.0000,0.027043,0.037096,0.004068,0.004189,0.002248,0.003491,0.000000,0.030793,-0.001745,-0.000069,-0.001745,0.069936,-0.005236,-0.006912,0.003491,0.216809,-0.001745,-0.003491,0.003491,0.123806,0.259812,-0.010916,-0.001745,-0.045938,-0.041625,0.058040,-0.001745,-0.049955,-0.060681
1771203749.460,1824,1,1,0.0000,0.9996,0.0004,0.0000,0.0000,0.0000,0.0000,0.048645,0.077201,0.001769,0.004596,0.004815,0.001745,0.000000,-0.041483,-0.001745,-0.032845,0.001745,0.096851,-0.005236,0.022373,0.001745,0.459280,-0.001745,-0.003491,0.003491,0.239242,0.282642,0.027171,-0.001745,0.084542,0.007734,0.023443,0.000000,0.162504,0.095640
1771203749.557,1827,1,1,0.0000,0.9976,0.0024,0.0000,0.0000,0.0000,0.0000,0.075131,0.281092,0.001888,0.001191,0.001024,0.001745,-0.001745,0.030013,-0.001745,-0.070698,0.000000,0.215446,-0.001745,0.068953,0.003491,0.581929,-0.001745,-0.003491,0.003491,0.782794,0.289152,0.011786,-0.001745,0.498285,0.239953,0.033593,0.000000,0.900999,0.613051
1771203749.657,1830,1,1,0.0000,0.9978,0.0018,0.0001,0.0000,0.0000,0.0003,0.090965,0.239918,0.001422,0.002607,0.002932,0.001745,-0.003491,0.176696,-0.001745,-0.044929,-0.001745,0.416703,-0.001745,0.050165,0.003491,0.441033,0.001745,-0.005236,0.005236,0.686314,0.148813,0.020897,-0.001745,0.450465,0.280048,0.022737,0.000000,0.778486,0.486017
1771203749.758,1833,1,1,0.0000,0.9971,0.0018,0.0002,0.0001,0.0000,0.0008,0.085824,0.184082,0.001217,0.001374,0.003377,0.001745,-0.001745,0.184216,-0.001745,-0.022120,0.000000,0.439018,-0.005236,0.029101,0.003491,0.367081,0.005236,-0.003491,0.005236,0.381211,0.062383,-0.032351,-0.001745,0.457691,0.337585,0.070748,-0.001745,0.523044,0.371088
1771203749.860,1836,1,1,0.0000,0.9310,0.0086,0.0002,0.0005,0.0000,0.0598,0.125768,0.127137,0.000547,0.002664,0.002810,0.001745,0.000000,0.382231,-0.001745,0.044928,0.000000,0.725523,-0.001745,-0.030966,0.005236,0.342571,0.006981,-0.003491,0.005236,0.246602,0.060955,-0.003553,-0.001745,0.299084,0.221217,0.045441,0.000000,0.350258,0.296845
1771203749.960,1839,1,1,0.0000,0.6263,0.0061,0.0005,0.0014,0.0000,0.3656,0.141239,0.192288,0.002528,0.001485,0.006606,0.001745,0.000000,0.579430,-0.001745,0.193359,-0.001745,0.738966,-0.001745,-0.184633,-0.005236,0.167410,0.013963,-0.003491,0.005236,0.187406,0.054086,0.093076,-0.006981,0.581921,0.360868,-0.065150,0.010472,0.584910,0.429482
1771203750.069,1842,6,6,0.0001,0.4359,0.0044,0.0006,0.0030,0.0000,0.5560,0.100729,0.170950,0.000816,0.001177,0.001809,0.001745,0.000000,0.400077,0.000000,0.131622,0.000000,0.392533,-0.001745,-0.142094,-0.008727,0.251354,0.031416,-0.003491,0.005236,0.110950,0.049611,0.041468,-0.015708,0.519145,0.230415,-0.020524,0.024435,0.682298,0.387848
1771203750.163,1845,6,6,0.0000,0.0279,0.0016,0.0001,0.0008,0.0000,0.9696,0.134138,0.142935,0.001971,0.002838,0.005375,-0.003491,-0.003491,0.410588,0.022689,0.066488,0.010472,0.521022,0.017453,-0.096159,-0.008727,0.515566,0.045379,-0.001745,0.006981,0.058516,0.052198,0.039099,-0.020944,0.522927,0.198176,-0.025136,0.031416,0.587366,0.218544
1771203750.265,1848,6,6,0.0000,0.0096,0.0006,0.0000,0.0003,0.0000,0.9894,0.138645,0.098468,0.001730,0.002094,0.001738,-0.003491,-0.005236,0.409819,0.024435,0.026952,0.012217,0.515653,0.020944,-0.063604,-0.008727,0.597868,0.055851,-0.001745,0.005236,0.048756,0.046785,0.055707,-0.022689,0.509745,0.190259,-0.045235,0.031416,0.293715,-0.076854
1771203750.362,1851,6,6,0.0000,0.0153,0.0004,0.0001,0.0003,0.0000,0.9839,0.145729,0.085394,0.001484,0.004327,0.002625,-0.003491,-0.005236,0.450308,0.024435,0.017553,0.012217,0.536721,0.026180,-0.052460,-0.008727,0.609771,0.071558,-0.001745,0.008727,0.064063,0.023524,0.065831,-0.026180,0.477566,0.136054,-0.051868,0.033161,0.215798,-0.178665
1771203750.463,1854,6,6,0.0000,0.0269,0.0005,0.0001,0.0004,0.0000,0.9721,0.156266,0.085320,0.002402,0.003647,0.002701,-0.003491,-0.003491,0.455750,0.024435,0.009042,0.017453,0.626396,0.047124,-0.035222,-0.008727,0.612961,0.082030,-0.001745,0.008727,0.056171,0.021346,0.056736,-0.029671,0.490655,0.137532,-0.044518,0.029671,0.223003,-0.193261
1771203750.565,1857,6,6,0.0003,0.0672,0.0010,0.0004,0.0007,0.0000,0.9303,0.161507,0.073144,0.003505,0.001894,0.005808,-0.003491,-0.001745,0.434886,0.024435,-0.015245,0.022689,0.627287,0.066323,-0.005699,-0.008727,0.666472,0.095993,-0.001745,0.008727,0.053121,0.017618,0.053145,-0.031416,0.456072,0.050571,-0.039182,0.020944,0.217535,-0.242383
1771203750.665,1860,6,6,0.0055,0.3941,0.0014,0.0023,0.0010,0.0001,0.5956,0.164071,0.073809,0.001491,0.003733,0.003271,-0.003491,-0.001745,0.413162,0.024435,-0.041138,0.024435,0.625405,0.080285,0.016704,-0.008727,0.676221,0.108210,-0.001745,0.006981,0.051079,0.021427,0.042864,-0.036652,0.459773,0.024136,-0.030646,0.005236,0.274217,-0.233614
1771203750.766,1863,1,1,0.0111,0.9016,0.0005,0.0062,0.0001,0.0001,0.0804,0.167091,0.087635,0.004777,0.007883,0.003392,-0.003491,-0.001745,0.411101,0.024435,-0.028280,0.024435,0.657038,0.083776,0.009081,-0.008727,0.681785,0.113446,-0.001745,0.008727,0.032429,0.036474,0.004229,-0.041888,0.534644,0.048967,0.007988,0.000000,0.378157,-0.190356
1771203750.865,1866,1,1,0.0085,0.9554,0.0005,0.0343,0.0000,0.0001,0.0013,0.167391,0.079833,0.005933,0.002981,0.005044,-0.006981,-0.001745,0.412182,0.034907,-0.000440,0.024435,0.640205,0.085521,-0.011777,-0.008727,0.697998,0.113446,-0.001745,0.008727,0.017475,0.026407,-0.007823,-0.045379,0.512567,0.076321,0.023531,0.003491,0.289483,-0.120192
1771203750.966,1869,1,1,0.0011,0.7037,0.0074,0.2874,0.0000,0.0002,0.0003,0.168811,0.055252,0.004271,0.006542,0.002920,-0.006981,0.000000,0.402024,0.040143,0.004839,0.024435,0.675392,0.085521,-0.017056,-0.008727,0.679927,0.113446,-0.001745,0.008727,-0.004525,0.004365,-0.017738,-0.040143,0.402149,0.096344,0.028210,0.000000,0.123224,-0.131192
1771203751.066,1872,3,3,0.0003,0.0010,0.0004,0.6460,0.0048,0.3465,0.0010,0.161861,0.039903,0.004696,0.007104,0.002089,-0.006981,0.000000,0.403777,0.055851,0.001046,0.019199,0.643806,0.085521,-0.016754,-0.008727,0.619682,0.113446,-0.003491,0.000000,0.025862,-0.039783,-0.023568,-0.012217,0.302690,0.041959,0.034040,-0.001745,0.074286,-0.112027
1771203751.167,1875,2,3,0.0003,0.1622,0.3145,0.2813,0.0575,0.1694,0.0147,0.156084,0.039058,0.004225,0.006000,0.002607,-0.008727,0.020944,0.414677,0.082030,-0.024190,0.001745,0.592695,0.085521,0.006737,-0.010472,0.556960,0.111701,-0.006981,-0.003491,0.016552,-0.128047,-0.039648,0.000000,0.305970,0.052174,0.046629,-0.001745,0.047368,-0.067078
1771203751.268,1878,3,3,0.0000,0.1373,0.0045,0.8239,0.0030,0.0187,0.0126,0.155111,0.036647,0.010980,0.014299,0.004159,-0.008727,0.054105,0.429906,0.132645,-0.052939,0.000000,0.544496,0.085521,0.038976,0.000000,0.469221,0.106465,-0.006981,-0.006981,0.074866,-0.190917,-0.001636,0.003491,0.275559,0.061525,0.024325,-0.001745,-0.005856,-0.059059
1771203751.368,1881,3,3,0.0002,0.2370,0.0712,0.3737,0.2060,0.0933,0.0185,0.158324,0.038840,0.003490,0.007531,0.003865,-0.012217,0.085521,0.477897,0.158825,-0.056398,-0.001745,0.532486,0.085521,0.044181,0.000000,0.417720,0.097738,-0.006981,-0.003491,0.159659,-0.180113,0.019869,-0.003491,0.233711,0.052836,-0.004161,-0.001745,-0.002251,-0.042074
1771203751.469,1884,3,3,0.0000,0.0438,0.0009,0.9383,0.0004,0.0159,0.0007,0.178276,0.048382,0.003314,0.004948,0.002131,-0.012217,0.104720,0.513299,0.164061,-0.044295,0.000000,0.628798,0.085521,0.032078,0.000000,0.513092,0.097738,-0.005236,0.024435,0.228938,-0.038410,0.029096,-0.006981,0.199101,0.088864,-0.011643,-0.001745,0.010155,-0.019577
1771203751.571,1887,3,3,0.0000,0.0218,0.0012,0.9653,0.0005,0.0109,0.0003,0.207903,0.057262,0.003192,0.002868,0.001262,-0.012217,0.116937,0.556237,0.164061,-0.002539,-0.005236,0.791127,0.085521,-0.009679,-0.005236,0.683219,0.097738,-0.006981,0.062832,0.330360,0.066856,0.021633,-0.005236,0.122438,0.072188,-0.000689,-0.003491,0.010836,-0.004766
1771203751.671,1890,3,3,0.0000,0.0114,0.0014,0.9804,0.0004,0.0063,0.0001,0.209880,0.064983,0.005592,0.007093,0.003398,-0.012217,0.125664,0.586356,0.164061,0.030257,-0.006981,0.772862,0.085521,-0.042475,0.003491,0.657843,0.092502,-0.006981,0.078540,0.409554,0.100339,0.020862,-0.005236,0.077632,0.044024,-0.005154,-0.003491,0.027175,0.021674
1771203751.770,1893,3,3,0.0000,0.0002,0.0002,0.9994,0.0000,0.0001,0.0000,0.215380,0.075723,0.002453,0.004908,0.002416,-0.012217,0.136136,0.582843,0.164061,0.020619,-0.006981,0.840265,0.085521,-0.034582,0.001745,0.674832,0.078540,-0.006981,0.087266,0.496175,0.132342,0.033095,-0.003491,0.062945,0.057213,-0.010406,-0.003491,0.016447,0.023188
1771203751.870,1896,3,3,0.0000,0.0010,0.1319,0.8569,0.0070,0.0032,0.0001,0.181173,0.076335,0.002425,0.001959,0.004249,-0.012217,0.143117,0.591507,0.164061,-0.003655,-0.010472,0.540785,0.085521,-0.010308,0.001745,0.577523,0.069813,-0.006981,0.092502,0.569108,0.189812,0.013443,-0.006981,-0.033639,-0.028859,0.010992,-0.003491,0.013854,0.026308
1771203751.971,1899,3,3,0.0000,0.0012,0.0897,0.8983,0.0077,0.0031,0.0000,0.184137,0.082304,0.003312,0.001938,0.003766,-0.012217,0.148353,0.575921,0.164061,-0.005936,-0.010472,0.552926,0.085521,-0.008027,0.001745,0.620033,0.061087,-0.008727,0.090757,0.646685,0.229259,0.013936,-0.006981,-0.054152,-0.059650,0.007008,-0.005236,-0.012338,-0.012069
1771203752.071,1902,3,3,0.0000,0.0016,0.1234,0.8542,0.0164,0.0044,0.0000,0.197569,0.085280,0.003111,0.002121,0.002517,-0.012217,0.148353,0.542850,0.164061,0.045670,-0.010472,0.639101,0.085521,-0.059633,0.001745,0.689418,0.054105,-0.012217,0.090757,0.683525,0.231621,0.007837,-0.006981,-0.022681,-0.031185,0.009617,-0.003491,-0.011203,-0.014162
1771203752.172,1905,2,2,0.0000,0.0027,0.8145,0.1235,0.0522,0.0067,0.0003,0.193753,0.093035,0.007076,0.004180,0.008143,-0.012217,0.151844,0.522867,0.164061,0.064140,-0.010472,0.614942,0.085521,-0.078103,0.001745,0.671044,0.048869,-0.015708,0.090757,0.759973,0.227614,-0.014557,-0.006981,0.002572,-0.005175,0.035501,-0.003491,-0.006004,-0.013900
1771203752.272,1908,2,2,0.0000,0.0012,0.9780,0.0044,0.0097,0.0061,0.0005,0.193968,0.112183,0.004106,0.003302,0.004093,-0.012217,0.155334,0.509394,0.164061,0.054078,-0.006981,0.574231,0.087266,-0.069786,0.001745,0.744854,0.036652,-0.027925,0.094248,0.812542,0.242842,-0.018404,-0.006981,0.047288,0.101202,0.048074,-0.005236,-0.029505,-0.011727
1771203752.372,1911,2,2,0.0000,0.0008,0.9780,0.0021,0.0149,0.0036,0.0005,0.163523,0.119365,0.003634,0.003000,0.001392,-0.012217,0.157080,0.541402,0.165806,0.032679,0.001745,0.420506,0.087266,-0.051878,0.001745,0.522629,0.031416,-0.034907,0.109956,0.806656,0.313833,-0.040368,-0.006981,0.039195,0.092699,0.070039,-0.005236,-0.028466,-0.006058
1771203752.472,1914,2,2,0.0000,0.0004,0.9389,0.0007,0.0583,0.0011,0.0005,0.149031,0.124354,0.003172,0.002261,0.001755,-0.012217,0.158825,0.546214,0.165806,-0.003703,0.001745,0.390372,0.087266,-0.012005,0.000000,0.413704,0.024435,-0.038397,0.127409,0.801051,0.378399,-0.048582,-0.006981,0.023122,0.080521,0.081744,-0.005236,-0.031339,-0.011733
1771203752.573,1917,2,2,0.0000,0.0009,0.4998,0.0001,0.4945,0.0039,0.0008,0.146836,0.124671,0.002395,0.001709,0.002568,-0.012217,0.158825,0.544586,0.165806,-0.001656,0.003491,0.355350,0.087266,-0.007071,0.000000,0.429256,0.017453,-0.041888,0.136136,0.803662,0.387361,-0.058067,-0.006981,0.019295,0.058363,0.091228,-0.005236,-0.004170,-0.032346
1771203752.673,1920,4,4,0.0000,0.0002,0.0348,0.0000,0.9632,0.0017,0.0001,0.163706,0.141589,0.002484,0.003628,0.003723,-0.012217,0.176278,0.535833,0.165806,-0.036450,-0.006981,0.524895,0.087266,0.022488,0.000000,0.441432,0.010472,-0.041888,0.137881,0.703524,0.393287,-0.109056,-0.006981,0.120958,0.142538,0.142217,-0.005236,0.058662,-0.026981
1771203752.773,1923,4,4,0.0000,0.0000,0.0017,0.0000,0.9977,0.0006,0.0000,0.177994,0.156113,0.002240,0.004820,0.002829,-0.013963,0.197222,0.632922,0.164061,-0.008626,-0.005236,0.500050,0.085521,-0.008827,0.000000,0.549167,0.006981,-0.043633,0.137881,0.676696,0.452804,-0.126834,-0.005236,0.108789,0.190161,0.159995,-0.006981,0.083550,0.063474
1771203752.874,1926,4,4,0.0000,0.0000,0.0002,0.0000,0.9989,0.0009,0.0000,0.165768,0.151394,0.001349,0.001298,0.001986,-0.017453,0.226893,0.749540,0.160570,-0.002714,-0.010472,0.282646,0.085521,-0.019976,0.000000,0.478806,0.005236,-0.043633,0.137881,0.706738,0.457467,-0.062332,-0.006981,0.085787,0.168947,0.093748,-0.006981,0.089300,0.076859
1771203752.974,1929,4,4,0.0000,0.0000,0.0001,0.0000,0.9972,0.0025,0.0000,0.159190,0.163672,0.002781,0.001750,0.004747,-0.017453,0.239110,0.765319,0.151844,-0.018234,-0.010472,0.301113,0.085521,-0.007946,0.000000,0.362138,0.005236,-0.041888,0.143117,0.766354,0.442275,-0.034345,-0.006981,0.132830,0.188089,0.060525,-0.005236,0.126876,0.103994
1771203753.076,1932,4,4,0.0000,0.0000,0.0002,0.0001,0.9901,0.0094,0.0002,0.140937,0.187554,0.004888,0.003148,0.004469,-0.017453,0.239110,0.762025,0.151844,0.004143,-0.010472,0.238976,0.085521,-0.030323,0.000000,0.204387,0.005236,-0.043633,0.164061,0.871391,0.443849,0.050056,-0.006981,0.276929,0.212683,-0.029112,-0.005236,0.128438,0.103245
1771203753.176,1935,4,4,0.0000,0.0001,0.0005,0.0003,0.9757,0.0216,0.0018,0.154475,0.209119,0.004192,0.003826,0.007294,-0.017453,0.246091,0.704631,0.151844,-0.001616,-0.012217,0.395262,0.085521,-0.028055,0.000000,0.265110,0.005236,-0.043633,0.174533,0.983088,0.463103,0.054503,-0.005236,0.392887,0.242920,-0.035305,-0.003491,0.124176,0.074223
1771203753.276,1938,4,4,0.0000,0.0002,0.0014,0.0019,0.9408,0.0138,0.0419,0.309973,0.225550,0.007910,0.009077,0.002099,-0.017453,0.277507,-0.096980,0.940019,-0.045960,-0.010472,-0.507338,1.262667,0.018035,0.000000,-0.613465,1.221448,-0.047124,0.172788,1.018409,0.474002,0.030391,-0.005236,0.392620,0.275339,-0.016429,-0.003491,0.181756,0.161301
1771203753.375,1941,4,4,0.0000,0.0003,0.0014,0.0039,0.5191,0.0054,0.4699,0.269101,0.219160,0.002763,0.003106,0.002762,-0.017453,0.322886,-0.182961,0.856764,-0.036314,-0.006981,-0.839496,0.971929,0.022352,-0.001745,-0.698585,1.055287,-0.050615,0.172788,1.141600,0.467216,0.115208,-0.006981,0.280494,0.240026,-0.104736,-0.003491,0.079399,0.133186
1771203753.482,1944,4,6,0.0001,0.0011,0.0051,0.0073,0.5124,0.0100,0.4641,0.126139,0.130114,0.005003,0.001493,0.007348,-0.017453,0.366519,-0.259396,0.716485,-0.033384,-0.005236,-2.021571,0.180158,0.029893,-0.001745,-1.803189,0.220610,-0.064577,0.174533,0.925171,0.395691,-0.057244,-0.006981,-0.268536,-0.037311,0.065970,-0.003491,-0.344447,-0.079191
1771203753.576,1947,6,4,0.0014,0.0848,0.3139,0.0213,0.0802,0.0784,0.4200,0.110506,0.053418,0.004544,0.000525,0.004319,-0.015708,0.403171,-0.642519,0.684802,-0.048295,-0.003491,-2.125480,0.164013,0.048295,0.000000,-2.103515,0.025795,-0.078540,0.172788,0.074545,0.139399,-0.249047,-0.006981,-1.616707,-0.511158,0.254283,-0.005236,-1.493227,-0.655704
1771203753.676,1950,1,1,0.0082,0.7087,0.0565,0.0712,0.0130,0.1323,0.0101,0.130094,0.039578,0.005175,0.002688,0.007158,-0.006981,0.427606,-0.881300,0.553160,-0.183699,-0.003491,-2.397002,0.248068,0.183699,-0.001745,-2.369665,0.148594,-0.083776,0.172788,0.131056,0.020745,-0.143370,-0.006981,-1.545492,-0.573864,0.148606,0.001745,-1.398698,-0.759893
1771203753.777,1953,1,1,0.0004,0.9023,0.0043,0.0807,0.0000,0.0119,0.0003,0.096336,0.036097,0.004438,0.003432,0.002992,-0.017453,0.410152,-0.653553,0.326943,-0.162964,-0.005236,-2.234484,0.176348,0.168200,-0.003491,-2.157391,0.074392,-0.075049,0.137881,0.165033,0.030872,-0.090655,-0.005236,-1.406992,-0.437303,0.099382,-0.001745,-1.312443,-0.632423
1771203753.877,1956,1,1,0.0000,0.9775,0.0016,0.0202,0.0000,0.0006,0.0001,0.055673,0.025609,0.004125,0.002814,0.003610,-0.001745,0.244346,-0.573511,0.173055,-0.103493,-0.003491,-1.939430,0.101456,0.110474,-0.001745,-1.833199,0.038741,-0.055851,0.080285,0.150661,-0.012289,-0.060656,-0.006981,-1.149484,-0.242787,0.074618,0.001745,-1.091017,-0.379167
1771203753.978,1959,1,1,0.0000,0.9956,0.0005,0.0038,0.0000,0.0000,0.0001,0.031701,0.028198,0.003055,0.003831,0.005665,-0.006981,0.150098,-0.438193,0.072374,-0.058904,-0.005236,-1.669882,0.068849,0.067631,0.000000,-1.576090,0.021459,-0.043633,0.054105,0.173938,-0.009627,-0.094629,-0.003491,-0.948153,-0.136063,0.108591,0.001745,-0.879389,-0.238280
1771203754.078,1962,1,1,0.0000,0.9975,0.0003,0.0021,0.0000,0.0000,0.0000,0.019393,0.014900,0.001696,0.000925,0.003029,-0.003491,0.097738,-0.254912,0.047954,-0.028935,-0.005236,-1.368862,0.042376,0.044643,-0.001745,-1.310805,-0.008409,-0.034907,0.038397,0.095763,-0.003084,-0.030674,-0.005236,-0.693792,-0.093868,0.044636,0.000000,-0.635400,-0.159192
1771203754.178,1965,1,1,0.0000,0.9995,0.0002,0.0003,0.0000,0.0000,0.0000,0.013303,0.004072,0.001130,0.001240,0.004227,-0.006981,0.066323,-0.115420,0.040089,-0.007859,-0.005236,-1.098775,0.017441,0.035785,0.000000,-1.055981,-0.004784,-0.026180,0.027925,-0.020169,-0.002989,0.000040,-0.005236,-0.465072,-0.068935,0.020904,0.000000,-0.422987,-0.107656
1771203754.279,1968,1,1,0.0000,0.9997,0.0000,0.0002,0.0000,0.0000,0.0000,0.010812,0.002327,0.001332,0.002182,0.003107,-0.006981,0.050615,-0.113229,0.041113,0.005203,-0.005236,-0.846431,0.002341,0.027958,0.000000,-0.790388,0.002513,-0.017453,0.019199,-0.096588,-0.001125,0.005897,-0.003491,-0.280142,-0.057956,0.002829,0.000000,-0.268348,-0.085491
1771203754.379,1971,1,1,0.0000,1.0000,0.0000,0.0000,0.0000,0.0000,0.0000,0.010952,0.003595,0.000935,0.000396,0.000545,-0.006981,0.036652,-0.009989,0.057511,0.009122,-0.005236,-0.598107,0.001160,0.024039,0.000000,-0.529729,0.002943,-0.015708,0.013963,-0.116020,-0.001793,0.029174,-0.003491,-0.175860,-0.062802,-0.015211,-0.001745,-0.190035,-0.074911
1771203754.480,1974,1,1,0.0000,0.9999,0.0000,0.0000,0.0000,0.0000,0.0000,0.014135,0.004709,0.001803,0.002202,0.001973,-0.003491,0.029671,0.025304,0.070882,0.022472,-0.003491,-0.377488,-0.003304,0.008944,0.000000,-0.340804,0.012350,-0.013963,0.012217,-0.155767,-0.004320,0.044294,-0.005236,-0.134586,-0.051751,-0.018114,0.000000,-0.145679,-0.059235
1771203754.580,1977,1,1,0.0000,1.0000,0.0000,0.0000,0.0000,0.0000,0.0000,0.011926,0.007226,0.005534,0.004116,0.003007,-0.003491,0.022689,-0.045292,0.048841,0.056657,-0.003491,-0.234588,-0.007968,-0.021750,0.000000,-0.246786,0.014920,-0.013963,0.006981,-0.209649,0.012758,0.044416,-0.005236,0.022562,-0.096586,-0.011255,0.000000,-0.029002,-0.092953
1771203754.682,1980,1,1,0.0000,1.0000,0.0000,0.0000,0.0000,0.0000,0.0000,0.013176,0.011051,0.004152,0.008646,0.007497,-0.006981,0.013963,-0.065116,0.051393,0.092756,-0.003491,-0.093388,-0.044581,-0.049123,0.000000,-0.145797,-0.004956,-0.013963,0.005236,-0.164388,0.035079,0.085245,-0.003491,-0.011126,-0.066020,-0.045102,0.000000,0.007051,-0.079059
1771203754.786,1983,1,1,0.0000,1.0000,0.0000,0.0000,0.0000,0.0000,0.0000,0.012921,0.010535,0.002558,0.016392,0.015851,-0.003491,0.008727,-0.041463,0.056786,0.089535,-0.003491,-0.082387,-0.046748,-0.052884,0.000000,-0.026552,-0.069148,-0.012217,0.003491,0.001386,0.043823,0.077724,-0.003491,-0.022197,-0.042190,-0.025364,0.000000,-0.001389,-0.070094
1771203754.887,1986,1,1,0.0000,1.0000,0.0000,0.0000,0.0000,0.0000,0.0000,0.022924,0.026707,0.002060,0.007714,0.007928,-0.003491,0.006981,-0.039886,0.054352,0.083493,-0.003491,-0.003462,-0.065196,-0.046841,0.000000,0.108411,0.021848,-0.008727,0.003491,0.062674,0.134376,0.107366,-0.003491,0.012579,-0.046658,-0.041043,-0.003491,-0.007835,-0.066772
1771203754.989,1989,1,1,0.0000,1.0000,0.0000,0.0000,0.0000,0.0000,0.0000,0.045783,0.038052,0.002883,0.006020,0.007632,-0.003491,0.001745,-0.040915,0.065511,0.092986,-0.003491,0.122131,-0.038725,-0.058080,0.000000,0.169143,0.097877,-0.008727,0.005236,0.016487,0.132146,0.129514,-0.003491,0.148539,-0.054171,-0.061446,-0.001745,0.024697,-0.063066
1771203755.083,1992,1,1,0.0000,0.9998,0.0002,0.0000,0.0000,0.0000,0.0000,0.049506,0.044005,0.003664,0.004485,0.008944,-0.003491,0.001745,-0.007554,0.051710,0.038049,-0.001745,0.136810,0.013913,-0.006633,0.000000,0.199043,0.152807,-0.010472,0.005236,0.060799,0.136746,0.110048,-0.003491,0.140117,-0.018342,-0.047216,0.000000,0.075118,-0.032757
1771203755.183,1995,1,1,0.0000,0.9983,0.0017,0.0000,0.0000,0.0000,0.0000,0.054985,0.050805,0.003890,0.007358,0.011574,-0.003491,0.001745,0.082292,0.042079,0.012789,-0.001745,0.144512,0.046910,0.015137,0.001745,0.168221,0.144395,-0.010472,0.008727,0.080809,0.137083,0.091754,-0.005236,0.174480,0.028953,-0.020195,-0.005236,0.077055,0.010805
1771203755.286,1998,1,1,0.0000,0.9954,0.0046,0.0000,0.0000,0.0000,0.0000,0.095806,0.072759,0.001616,0.006745,0.006098,0.000000,0.000000,0.051920,0.036559,0.118480,0.000000,0.313197,0.175765,-0.101026,0.000000,0.266190,0.187556,-0.012217,0.006981,0.145802,0.085802,0.015516,-0.005236,0.234023,0.097028,0.057788,-0.003491,0.156032,0.074131
1771203755.387,2001,1,1,0.0000,0.9829,0.0166,0.0005,0.0000,0.0000,0.0000,0.087117,0.041396,0.005092,0.005300,0.004940,0.024435,-0.012217,0.091346,0.031843,0.087033,-0.003491,0.212748,0.132265,-0.074815,0.000000,0.268638,0.197096,-0.010472,0.005236,0.145837,0.060791,0.040099,-0.005236,0.110373,0.045623,0.026224,-0.003491,0.037836,0.024732
1771203755.487,2004,1,1,0.0000,0.9653,0.0125,0.0220,0.0000,0.0001,0.0000,0.091183,0.018012,0.002770,0.010880,0.012890,0.047124,-0.019199,0.118168,0.019350,0.056129,-0.001745,0.276206,0.194810,-0.045657,0.000000,0.217930,0.164480,-0.008727,0.006981,0.053405,0.053246,0.064965,-0.005236,0.007600,0.001920,-0.000388,-0.001745,0.008330,0.019694
1771203755.587,2007,1,1,0.0000,0.9650,0.0121,0.0228,0.0000,0.0001,0.0000,0.064220,0.038253,0.003638,0.008273,0.027415,0.048869,-0.019199,0.083708,0.008281,0.021892,0.000000,0.157107,0.106440,-0.009675,0.001745,0.187954,0.154645,-0.006981,0.005236,-0.045055,0.042431,-0.003862,-0.005236,0.016663,0.001907,0.073675,-0.001745,0.174255,0.144863
1771203755.687,2010,1,1,0.0000,0.9621,0.0054,0.0324,0.0000,0.0000,0.0000,0.075915,0.016061,0.001097,0.003773,0.005068,0.048869,-0.019199,0.160610,0.013753,-0.037433,0.000000,0.087835,0.087499,0.047905,0.003491,0.217582,0.243439,-0.008727,0.005236,-0.045863,0.022871,0.084826,-0.005236,-0.035510,-0.041197,-0.016758,0.000000,0.028624,0.051173
1771203755.787,2013,1,1,0.0000,0.9873,0.0016,0.0111,0.0000,0.0000,0.0000,0.081514,0.013654,0.002046,0.005309,0.003581,0.047124,-0.017453,0.093505,0.017784,-0.081991,0.000000,0.143719,0.156711,0.094208,0.001745,0.213436,0.209931,-0.008727,0.005236,-0.073637,-0.003090,0.078440,-0.005236,0.016678,-0.022180,-0.001646,-0.001745,0.019463,0.044031
1771203755.891,2016,1,1,0.0000,0.9979,0.0009,0.0012,0.0000,0.0000,0.0000,0.020758,0.011860,0.002082,0.006094,0.018045,0.047124,-0.019199,-0.027210,0.014666,0.013702,0.000000,0.081682,0.087899,-0.008466,0.003491,-0.027973,0.000527,-0.008727,0.005236,0.063777,-0.061258,0.057439,-0.006981,-0.151551,-0.108852,0.015865,-0.001745,-0.038649,-0.015300
1771203755.991,2019,1,1,0.0000,0.9993,0.0006,0.0000,0.0000,0.0000,0.0000,0.012897,0.030345,0.000842,0.003535,0.005222,0.047124,-0.019199,-0.058739,0.025128,0.017141,0.000000,0.019277,0.035350,-0.015395,0.003491,-0.019633,0.007258,-0.006981,0.005236,0.165570,-0.143341,-0.041777,-0.001745,-0.077486,-0.071324,0.109845,-0.001745,0.073974,0.009512
1771203756.095,2022,1,1,0.0000,0.9999,0.0001,0.0000,0.0000,0.0000,0.0000,0.014057,0.017840,0.003541,0.002475,0.006013,0.047124,-0.019199,0.001799,0.064649,0.050547,0.000000,-0.024286,-0.004933,-0.045311,0.003491,-0.042259,0.001069,-0.005236,0.005236,0.082148,-0.085001,-0.023118,-0.003491,-0.019750,-0.063059,0.091186,0.000000,0.035511,-0.016394
1771203756.195,2025,1,1,0.0000,1.0000,0.0000,0.0000,0.0000,0.0000,0.0000,0.013207,0.018580,0.002369,0.000951,0.003412,0.047124,-0.019199,-0.015129,0.067036,0.042583,0.000000,-0.151794,-0.102866,-0.037347,0.001745,-0.134615,-0.089222,-0.006981,0.005236,0.003085,-0.062241,-0.014337,-0.005236,-0.008556,-0.051676,0.087641,0.000000,0.094057,0.032944
1771203756.295,2028,1,1,0.0000,1.0000,0.0000,0.0000,0.0000,0.0000,0.0000,0.007932,0.006109,0.000596,0.005989,0.002930,0.048869,-0.019199,-0.102830,0.039304,0.005261,0.000000,-0.087634,-0.051991,-0.001771,0.001745,-0.195214,-0.143970,-0.006981,0.005236,-0.050128,-0.073524,0.064981,-0.006981,-0.180803,-0.063557,0.003086,-0.001745,-0.119935,-0.014778
1771203756.396,2031,1,1,0.0000,1.0000,0.0000,0.0000,0.0000,0.0000,0.0000,0.005157,0.011111,0.001727,0.003551,0.003663,0.048869,-0.020944,-0.093607,-0.008824,-0.004242,0.000000,0.003532,-0.001747,0.005988,0.003491,-0.083944,-0.067987,-0.006981,0.005236,0.006242,-0.097849,0.121854,-0.005236,-0.188413,-0.049737,-0.059022,-0.001745,-0.168459,-0.057169
1771203756.496,2034,1,1,0.0000,1.0000,0.0000,0.0000,0.0000,0.0000,0.0000,0.004820,0.012225,0.002956,0.000858,0.004536,0.047124,-0.019199,-0.048056,-0.017815,0.004047,0.001745,-0.008399,0.003184,-0.002302,0.001745,-0.055835,-0.040718,-0.006981,0.005236,0.026036,-0.059190,0.115425,-0.006981,-0.095915,-0.042616,-0.054339,-0.001745,-0.093892,-0.018208
1771203756.596,2037,1,1,0.0000,1.0000,0.0000,0.0000,0.0000,0.0000,0.0000,0.031998,0.018813,0.003202,0.005948,0.012298,0.047124,-0.019199,0.025546,-0.008011,-0.009966,0.000000,0.072775,0.080748,0.013457,0.001745,0.068853,0.073728,-0.006981,0.005236,-0.030481,0.060155,0.115804,-0.006981,0.025855,0.018710,-0.058209,-0.001745,-0.111651,-0.004331
1771203756.696,2040,1,1,0.0000,0.9999,0.0000,0.0000,0.0000,0.0000,0.0000,0.098608,0.017554,0.000667,0.009126,0.011090,0.048869,-0.019199,0.036856,0.004627,-0.073705,0.000000,0.179029,0.237602,0.077196,0.001745,0.286257,0.311122,-0.006981,0.005236,-0.170006,0.102888,0.093951,-0.005236,0.004366,0.004212,-0.038101,-0.001745,-0.187474,-0.052361
1771203756.797,2043,1,1,0.0000,0.9997,0.0001,0.0001,0.0000,0.0000,0.0000,0.088074,0.018209,0.000393,0.003241,0.003310,0.048869,-0.020944,0.030089,0.013518,-0.015863,-0.001745,0.220915,0.243494,0.019353,0.001745,0.232732,0.246173,-0.006981,0.003491,-0.134472,0.141731,0.073281,-0.005236,-0.021112,-0.004228,-0.010449,-0.003491,-0.090831,-0.029081
1771203756.897,2046,1,1,0.0000,0.9986,0.0012,0.0002,0.0000,0.0000,0.0000,0.092381,0.008145,0.001473,0.003636,0.007395,0.050615,-0.024435,0.083851,0.018436,-0.011750,-0.001745,0.235295,0.252499,0.015241,-0.003491,0.219404,0.233234,-0.006981,0.003491,-0.009535,0.030181,0.051318,-0.005236,-0.036367,-0.011589,0.011514,-0.003491,-0.056395,0.001236
1771203756.998,2049,1,1,0.0000,0.9980,0.0009,0.0011,0.0000,0.0000,0.0000,0.105323,0.009927,0.007386,0.009515,0.007636,0.048869,-0.027925,0.092007,0.028347,-0.041285,0.000000,0.250875,0.250091,0.044775,0.005236,0.281279,0.262396,-0.006981,0.005236,0.025534,-0.025412,0.051620,-0.005236,-0.045973,-0.009320,0.009466,-0.001745,-0.040938,0.027269
1771203757.098,2052,1,1,0.0000,0.9859,0.0009,0.0132,0.0000,0.0000,0.0000,0.090911,0.007058,0.004997,0.006086,0.010739,0.048869,-0.027925,0.003812,0.024186,-0.014793,0.001745,0.240044,0.243416,0.018284,0.001745,0.267738,0.241094,-0.006981,0.005236,0.008065,-0.023432,0.026752,-0.005236,-0.167670,-0.047751,0.034334,-0.003491,-0.085955,0.010306
1771203757.198,2055,1,1,0.0000,0.9768,0.0006,0.0226,0.0000,0.0000,0.0000,0.062757,0.012669,0.003350,0.007726,0.004595,0.048869,-0.027925,-0.034733,0.019080,-0.001601,0.000000,0.171382,0.172849,0.005091,0.001745,0.169543,0.164524,-0.006981,0.005236,0.036198,-0.012632,0.024194,-0.005236,-0.070232,-0.024051,0.036893,-0.001745,-0.076019,0.049512
1771203757.298,2058,1,1,0.0000,0.9943,0.0018,0.0039,0.0000,0.0000,0.0000,0.039439,0.017664,0.002781,0.007346,0.005509,0.048869,-0.027925,-0.026117,0.019050,0.003925,-0.005236,0.103287,0.109686,-0.002179,0.001745,0.086364,0.100339,-0.006981,0.003491,0.055400,0.013061,-0.028470,-0.005236,-0.051542,-0.022599,0.094793,-0.001745,-0.068646,0.045226
1771203757.398,2061,1,1,0.0000,0.9991,0.0009,0.0000,0.0000,0.0000,0.0000,0.014216,0.013257,0.001666,0.005766,0.010248,0.048869,-0.027925,0.061730,0.015687,0.014013,-0.001745,-0.068068,-0.033107,-0.014013,0.001745,-0.018329,0.028544,-0.008727,0.005236,-0.083020,0.018000,-0.054450,-0.005236,-0.036315,-0.026914,0.126008,-0.001745,-0.068278,0.009844
1771203757.498,2064,1,1,0.0000,0.9997,0.0003,0.0000,0.0000,0.0000,0.0000,0.012398,0.012074,0.005412,0.004666,0.005127,0.041888,-0.022689,0.042596,0.024441,0.004356,0.000000,-0.037189,-0.022889,-0.002611,0.001745,0.001276,0.032474,-0.006981,0.006981,-0.146829,0.005709,-0.067618,-0.003491,-0.002288,-0.025664,0.132195,-0.001745,-0.074143,-0.057549
1771203757.598,2067,1,1,0.0000,0.9999,0.0001,0.0000,0.0000,0.0000,0.0000,0.009384,0.016190,0.001275,0.003051,0.005167,0.036652,-0.012217,0.003220,0.020825,-0.003120,0.000000,-0.067337,-0.030288,0.003120,0.001745,0.006601,0.040446,-0.005236,0.005236,-0.105297,0.045355,-0.082463,-0.003491,0.003630,-0.022057,0.140059,-0.001745,-0.050981,-0.044720
1771203757.699,2070,1,1,0.0000,1.0000,0.0000,0.0000,0.0000,0.0000,0.0000,0.008720,0.013504,0.002524,0.002557,0.003883,0.029671,-0.006981,-0.008630,0.010008,0.001187,-0.001745,-0.025887,-0.007864,0.000559,0.001745,0.007902,0.053571,-0.003491,0.005236,-0.096613,0.044095,-0.053373,-0.003491,-0.010290,-0.022828,0.112715,-0.005236,-0.015865,-0.038712
1771203757.799,2073,1,1,0.0000,1.0000,0.0000,0.0000,0.0000,0.0000,0.0000,0.005284,0.011033,0.001010,0.003800,0.005038,0.017453,-0.001745,0.022619,0.001962,-0.017880,-0.001745,-0.025423,-0.024638,0.019626,0.001745,-0.080477,-0.027651,-0.003491,0.005236,-0.054380,0.048624,0.040933,-0.005236,-0.028303,-0.021422,0.037607,-0.024435,-0.049714,-0.036255
1771203757.899,2076,1,1,0.0000,1.0000,0.0000,0.0000,0.0000,0.0000,0.0000,0.001558,0.040232,0.000500,0.006036,0.005586,0.008727,-0.001745,0.000295,-0.006944,0.007931,0.000000,-0.060732,-0.075440,-0.000949,0.001745,-0.092901,-0.079728,-0.005236,0.005236,0.024339,0.058711,0.065846,-0.003491,0.076835,0.041704,0.003967,-0.024435,0.099784,0.106364
1771203758.000,2079,1,1,0.0000,0.9999,0.0001,0.0000,0.0000,0.0000,0.0000,0.003674,0.051233,0.001914,0.003938,0.001838,0.005236,-0.003491,0.031868,-0.013586,0.000349,0.000000,-0.093668,-0.077528,0.004887,0.001745,-0.067886,-0.070700,-0.003491,0.005236,0.066688,0.085902,0.058052,-0.003491,0.105233,0.049288,0.001290,-0.008727,0.131263,0.111839
1771203758.101,2082,1,1,0.0000,0.9993,0.0007,0.0000,0.0000,0.0000,0.0000,0.008771,0.069958,0.001626,0.003742,0.002265,0.003491,-0.005236,0.089897,-0.011017,-0.006633,0.000000,-0.067215,-0.051047,0.010124,0.001745,-0.012691,-0.022532,-0.001745,0.005236,0.081307,0.099530,0.086236,-0.003491,0.210503,0.094237,-0.026895,-0.006981,0.156515,0.105926
1771203758.201,2085,1,1,0.0000,0.9936,0.0064,0.0000,0.0000,0.0000,0.0000,0.023982,0.077112,0.005272,0.006645,0.005472,0.005236,-0.003491,0.043193,0.010603,0.018038,0.000000,-0.003816,0.022560,-0.018038,0.001745,0.093462,0.092947,-0.001745,0.005236,0.127464,0.099531,0.098825,-0.003491,0.217052,0.102958,-0.046465,-0.003491,0.163918,0.110364
1771203758.303,2088,1,1,0.0000,0.9817,0.0183,0.0000,0.0000,0.0000,0.0000,0.020625,0.061266,0.003128,0.003955,0.006458,0.005236,-0.005236,-0.012909,0.007903,0.028016,0.000000,0.046553,0.055884,-0.028016,0.001745,0.041579,0.060578,-0.001745,0.005236,0.184887,0.097196,0.147306,-0.003491,0.077873,0.041180,-0.103672,-0.003491,0.096698,0.084821
1771203758.402,2091,1,1,0.0000,0.9311,0.0689,0.0000,0.0000,0.0000,0.0000,0.014599,0.087860,0.002210,0.001473,0.004644,0.005236,-0.003491,-0.029798,-0.009787,0.007805,0.000000,-0.024174,0.034540,-0.006059,0.003491,0.044596,0.079525,0.003491,-0.006981,0.637301,0.096973,0.076737,0.000000,0.031815,-0.001305,-0.036594,-0.003491,0.112532,0.095470
1771203758.505,2094,1,1,0.0000,0.7895,0.2105,0.0000,0.0000,0.0000,0.0000,0.023835,0.121516,0.001821,0.003659,0.014663,0.000000,0.003491,-0.007220,0.016331,-0.010109,0.000000,-0.026420,0.020957,0.011854,0.003491,0.106660,0.123235,0.031416,-0.104720,0.702853,0.003612,-0.022206,-0.005236,0.213737,0.050203,0.064094,-0.005236,0.262753,0.129526
1771203758.602,2097,1,1,0.0000,0.6151,0.3848,0.0000,0.0000,0.0000,0.0000,0.019385,0.132114,0.001486,0.003219,0.004926,0.000000,0.003491,0.010656,0.032114,-0.002273,0.000000,0.018532,0.045801,0.004019,0.001745,0.047245,0.069014,0.036652,-0.123918,0.577938,-0.151443,-0.038413,-0.005236,0.227056,0.165110,0.087282,-0.003491,0.265780,0.225545
1771203758.703,2100,1,1,0.0000,0.6191,0.3809,0.0000,0.0000,0.0000,0.0000,0.023373,0.137030,0.000360,0.004220,0.004195,0.000000,0.006981,-0.004908,0.022260,-0.001092,0.000000,0.067096,0.102481,0.001092,0.000000,0.025461,0.055107,0.031416,-0.162316,0.489276,-0.217597,-0.066062,0.005236,0.286881,0.265313,0.114931,-0.006981,0.228873,0.222435
1771203758.804,2103,1,1,0.0001,0.5477,0.4521,0.0000,0.0001,0.0000,0.0000,0.015873,0.156456,0.000593,0.004700,0.006093,0.001745,0.000000,-0.004552,0.006382,-0.000481,0.000000,0.040026,0.086640,0.002226,0.001745,0.006997,0.044710,0.003491,-0.205949,0.549819,-0.273983,-0.032900,0.012217,0.375633,0.314005,0.095732,-0.003491,0.284295,0.242277
1771203758.903,2106,1,1,0.0000,0.6930,0.3069,0.0000,0.0001,0.0000,0.0000,0.017258,0.155715,0.001319,0.005717,0.008313,0.001745,0.000000,0.004884,0.017200,0.003481,0.000000,0.035554,0.075838,-0.001735,0.001745,0.014693,0.051952,-0.001745,-0.226893,0.627625,-0.283076,-0.040918,0.006981,0.367179,0.306579,0.112477,-0.005236,0.231557,0.216185
1771203759.004,2109,1,1,0.0001,0.6997,0.3002,0.0000,0.0001,0.0000,0.0000,0.024124,0.150725,0.001871,0.006966,0.006771,0.000000,0.000000,-0.051614,0.020160,-0.013141,0.000000,0.052151,0.105141,0.013141,0.001745,0.031075,0.066072,0.003491,-0.235619,0.619676,-0.191335,-0.053245,-0.008727,0.352303,0.298141,0.147493,-0.012217,0.191190,0.196404
1771203759.106,2112,1,1,0.0000,0.6496,0.3503,0.0000,0.0001,0.0000,0.0000,0.027174,0.138756,0.002511,0.007903,0.006166,0.000000,0.000000,-0.148929,0.021904,-0.008803,0.000000,0.037971,0.088766,0.008803,0.001745,0.068620,0.098276,0.006981,-0.239110,0.553167,-0.078301,0.005138,-0.036652,0.358882,0.274617,0.111799,-0.036652,0.179017,0.175472
1771203759.207,2115,1,1,0.0000,0.5899,0.4100,0.0000,0.0001,0.0000,0.0000,0.004142,0.122677,0.004134,0.001556,0.001205,0.000000,0.000000,-0.002922,0.013646,0.007686,0.000000,-0.081627,-0.031598,-0.005940,0.001745,-0.005800,0.026631,0.006981,-0.233874,0.535978,-0.039551,0.037258,-0.057596,0.329978,0.231262,0.062226,-0.043633,0.128129,0.140307
1771203759.306,2118,1,1,0.0001,0.7175,0.2823,0.0000,0.0001,0.0000,0.0000,0.025952,0.081649,0.001212,0.005915,0.005186,0.000000,0.000000,-0.006459,0.039095,-0.001730,0.000000,0.091957,0.100109,0.003475,0.001745,0.024102,0.050940,0.000000,-0.151844,0.339587,-0.022291,0.067302,-0.050615,0.232011,0.139610,0.016474,-0.029671,0.075721,0.109084
1771203759.406,2121,1,1,0.0000,0.7720,0.2279,0.0000,0.0000,0.0000,0.0000,0.029124,0.060099,0.001597,0.005085,0.007030,0.001745,0.000000,-0.037179,0.047603,-0.000995,0.000000,0.082811,0.101487,0.000995,0.001745,0.049803,0.063303,-0.001745,-0.089012,0.198772,0.007313,0.071052,-0.043633,0.176506,0.135480,-0.011711,-0.019199,0.040590,0.091475
1771203759.507,2124,2,1,0.0000,0.4953,0.5047,0.0000,0.0000,0.0000,0.0000,0.036183,0.068725,0.001515,0.006999,0.005678,0.001745,0.000000,-0.052506,0.047361,-0.015527,0.000000,0.086491,0.098205,0.015527,0.003491,0.089860,0.091513,-0.001745,-0.092502,0.187903,0.020177,0.063566,-0.047124,0.242482,0.207669,-0.019933,-0.020944,0.021632,0.081274
1771203759.607,2127,2,2,0.0000,0.2818,0.7181,0.0000,0.0000,0.0000,0.0001,0.025253,0.055222,0.005249,0.001432,0.004584,0.001745,-0.001745,-0.021640,0.040393,-0.004870,0.003491,0.057082,0.066138,0.004870,0.003491,0.060137,0.065691,0.000000,-0.095993,0.176068,0.060433,0.052577,-0.048869,0.144396,0.117027,-0.022906,-0.024435,0.029703,0.082461
1771203759.712,2130,2,2,0.0000,0.1297,0.8703,0.0000,0.0000,0.0000,0.0000,0.009474,0.040991,0.005172,0.008762,0.003988,0.001745,0.000000,0.033817,0.038560,0.012328,0.000000,-0.011661,-0.022262,-0.008837,0.001745,0.005051,0.020447,0.000000,-0.101229,0.151094,0.077599,0.001772,-0.052360,0.019778,0.016469,0.017426,-0.024435,0.086415,0.121339
1771203759.812,2133,2,2,0.0000,0.1869,0.8131,0.0000,0.0000,0.0000,0.0000,0.014268,0.064275,0.001274,0.001921,0.002134,0.003491,0.000000,0.103391,0.043125,0.015973,0.001745,-0.064588,-0.046497,-0.015973,0.003491,-0.027165,-0.007977,0.000000,-0.099484,0.184789,0.086673,-0.130467,-0.054105,-0.005064,0.011593,0.140939,-0.022689,0.147265,0.200044
1771203759.911,2136,2,2,0.0000,0.0159,0.9840,0.0000,0.0000,0.0000,0.0000,0.008612,0.090261,0.002435,0.005949,0.004632,0.001745,0.000000,0.052440,0.039194,0.004732,0.003491,-0.029191,-0.014966,-0.004732,0.001745,-0.007218,-0.004458,0.001745,-0.099484,0.172279,0.107317,-0.074094,-0.057596,0.223240,0.207501,0.077584,-0.020944,0.104617,0.188852
1771203760.013,2139,2,2,0.0000,0.2152,0.7848,0.0000,0.0000,0.0000,0.0000,0.003055,0.066346,0.002478,0.004099,0.002919,0.001745,0.000000,-0.002290,0.028604,0.001015,0.000000,0.000656,-0.002138,-0.001015,0.001745,0.002895,-0.005402,0.000000,-0.097738,0.188189,0.075423,-0.047321,-0.057596,0.097606,0.107646,0.050812,-0.019199,0.088462,0.188014
1771203760.116,2142,2,2,0.0000,0.4815,0.5185,0.0000,0.0000,0.0000,0.0000,0.002647,0.052424,0.001305,0.004956,0.004011,0.001745,0.000000,-0.009642,0.014390,0.001238,0.000000,0.012477,0.000033,-0.001238,0.001745,0.000141,-0.014326,0.001745,-0.095993,0.224984,0.047438,0.101359,-0.057596,-0.010132,-0.017612,-0.099613,-0.012217,0.072436,0.181129
1771203760.216,2145,2,2,0.0000,0.4109,0.5891,0.0000,0.0000,0.0000,0.0000,0.005206,0.053744,0.001027,0.003767,0.003324,0.001745,0.000000,-0.009565,0.015510,0.007026,0.000000,0.023044,-0.001696,-0.008771,0.005236,0.009906,-0.001427,0.003491,-0.097738,0.262268,0.042340,0.085948,-0.059341,-0.011072,-0.019445,-0.085948,-0.012217,0.071766,0.179115
1771203760.314,2148,1,1,0.0000,0.6545,0.3454,0.0000,0.0000,0.0000,0.0000,0.006282,0.059001,0.000459,0.002054,0.002796,0.001745,0.000000,-0.041381,0.017515,0.010711,0.000000,0.016663,-0.001037,-0.012457,0.003491,0.019492,0.005767,0.005236,-0.097738,0.269756,0.041693,0.077809,-0.061087,0.018545,0.001546,-0.076063,-0.020944,0.105154,0.188268
1771203760.417,2151,1,1,0.0001,0.6371,0.3628,0.0000,0.0000,0.0000,0.0000,0.025668,0.060061,0.000739,0.003454,0.004356,0.003491,-0.003491,-0.073815,0.013576,0.004551,0.000000,0.072706,0.047209,-0.004551,0.005236,0.088973,0.072273,0.003491,-0.090757,0.266369,0.063131,0.025658,-0.057596,0.042113,0.016948,-0.020422,-0.020944,0.128538,0.174488
1771203760.517,2154,1,1,0.0002,0.5086,0.4911,0.0000,0.0000,0.0000,0.0000,0.002424,0.057920,0.000791,0.002312,0.003259,0.005236,-0.008727,-0.079097,0.002928,0.013947,0.001745,-0.016338,-0.019291,-0.015693,0.005236,-0.008366,-0.000984,0.003491,-0.089012,0.262093,0.077232,0.022106,-0.052360,0.031550,-0.004080,-0.011634,-0.020944,0.129200,0.169367
1771203760.618,2157,2,2,0.0000,0.0014,0.9986,0.0000,0.0000,0.0000,0.0000,0.001199,0.052736,0.000676,0.001037,0.001356,0.006981,-0.006981,-0.011423,-0.002408,0.002167,0.000000,-0.078717,-0.054938,-0.002167,0.005236,-0.046254,-0.030009,-0.001745,-0.087266,0.257459,0.100432,0.011886,-0.048869,0.018147,-0.029264,-0.006650,-0.020944,0.111730,0.133183
1771203760.719,2160,2,2,0.0000,0.0401,0.9597,0.0000,0.0000,0.0001,0.0002,0.010331,0.046891,0.001509,0.002387,0.001308,0.006981,-0.003491,0.101585,-0.005265,0.008424,0.001745,-0.157545,-0.127588,-0.010170,0.005236,-0.116874,-0.090146,-0.001745,-0.089012,0.247205,0.100192,0.023516,-0.043633,-0.006864,-0.053151,-0.018280,-0.022689,0.092845,0.098928
1771203760.823,2163,2,2,0.0000,0.0687,0.9310,0.0000,0.0000,0.0001,0.0002,0.013254,0.043484,0.001321,0.002613,0.002366,0.003491,-0.001745,0.111387,0.035080,0.005601,0.000000,-0.080567,-0.071855,-0.007347,0.003491,-0.020326,-0.008796,0.000000,-0.089012,0.239058,0.105348,0.022634,-0.040143,-0.032862,-0.047281,-0.017398,-0.026180,0.068120,0.086644
1771203760.920,2166,2,2,0.0000,0.0031,0.9969,0.0000,0.0000,0.0000,0.0000,0.019954,0.043863,0.002546,0.004702,0.002793,0.005236,-0.001745,0.074858,0.037431,0.009795,0.000000,-0.011937,-0.017547,-0.011540,0.005236,0.059767,0.047121,-0.001745,-0.092502,0.249107,0.101830,0.021267,-0.038397,-0.058425,-0.053574,-0.014286,-0.034907,0.064364,0.089786
1771203761.029,2169,2,2,0.0000,0.0133,0.9867,0.0000,0.0000,0.0000,0.0000,0.020837,0.040535,0.000988,0.001978,0.002603,0.006981,-0.005236,0.070213,0.039116,0.028187,0.000000,0.012150,-0.012097,-0.031678,0.003491,0.047767,0.042138,0.000000,-0.095993,0.252577,0.080141,0.002199,-0.034907,-0.056732,-0.079795,0.003037,-0.043633,0.068723,0.079745
1771203761.125,2172,2,2,0.0000,0.0033,0.9967,0.0000,0.0000,0.0000,0.0000,0.011015,0.038200,0.000181,0.002348,0.002250,0.006981,-0.006981,0.036423,0.043069,0.017305,0.000000,-0.028936,-0.023612,-0.024287,0.003491,0.008951,0.015961,0.000000,-0.095993,0.248537,0.072912,-0.006409,-0.034907,-0.079514,-0.119889,0.011645,-0.052360,0.065844,0.059461
1771203761.229,2175,2,2,0.0000,0.0031,0.9969,0.0000,0.0000,0.0000,0.0000,0.013704,0.038047,0.002195,0.007293,0.003957,0.008727,-0.008727,0.014421,0.039564,0.008506,0.000000,0.004483,-0.000831,-0.020724,0.005236,0.046730,0.036781,0.000000,-0.095993,0.245270,0.077627,-0.002327,-0.034907,-0.094497,-0.123094,0.007563,-0.059341,0.063866,0.062244
1771203761.329,2178,2,2,0.0000,0.0196,0.9804,0.0000,0.0000,0.0000,0.0000,0.015454,0.043855,0.003104,0.009776,0.004634,0.008727,-0.006981,0.006849,0.042480,0.004825,0.000000,0.030126,0.014011,-0.011806,0.003491,0.037488,0.037456,-0.001745,-0.094248,0.244273,0.079892,-0.009712,-0.033161,-0.085916,-0.105666,0.013202,-0.061087,0.088955,0.099938
1771203761.429,2181,2,2,0.0000,0.0022,0.9978,0.0000,0.0000,0.0000,0.0000,0.036133,0.052386,0.002754,0.007074,0.006154,0.006981,-0.003491,-0.001584,0.040769,-0.008410,0.000000,0.078169,0.111384,0.003174,0.005236,0.074081,0.113803,-0.001745,-0.092502,0.221164,0.076817,-0.012109,-0.031416,-0.035457,-0.045516,0.017345,-0.055851,0.154394,0.158908
1771203761.530,2184,2,2,0.0000,0.0011,0.9989,0.0000,0.0000,0.0000,0.0000,0.012251,0.067891,0.005214,0.008173,0.004923,0.003491,0.000000,0.036314,0.041922,0.006497,0.001745,-0.039759,0.030686,-0.008243,0.003491,-0.002720,0.022862,-0.003491,-0.083776,0.201443,0.075636,-0.002346,-0.024435,0.031851,0.049110,0.007582,-0.036652,0.226368,0.222697
1771203761.630,2187,2,2,0.0000,0.0728,0.9272,0.0000,0.0000,0.0000,0.0000,0.009829,0.076880,0.002924,0.007064,0.008214,0.001745,0.000000,0.063750,0.022396,-0.028311,0.000000,-0.088554,-0.033518,0.026566,0.003491,-0.037681,-0.029325,-0.003491,-0.066323,0.197715,0.050102,0.013097,-0.017453,0.088818,0.109669,-0.004370,-0.015708,0.231255,0.231899
1771203761.730,2190,2,2,0.0000,0.0012,0.9988,0.0000,0.0000,0.0000,0.0000,0.016027,0.081881,0.015498,0.005656,0.017058,0.006981,-0.006981,0.174042,-0.047333,-0.007811,0.000000,-0.346949,-0.339313,0.007811,0.003491,-0.139930,-0.185094,-0.003491,-0.048869,0.202810,0.050046,-0.013436,-0.013963,0.111611,0.126006,0.022163,-0.006981,0.226248,0.243694
1771203761.831,2193,2,2,0.0000,0.0005,0.9995,0.0000,0.0000,0.0000,0.0000,0.017006,0.082211,0.003644,0.001030,0.005941,0.003491,-0.003491,0.177048,-0.037281,0.016550,0.001745,-0.342365,-0.308830,-0.016550,0.005236,-0.189045,-0.204039,0.000000,-0.031416,0.187644,0.056538,-0.000460,-0.012217,0.133491,0.118865,0.005696,-0.003491,0.229657,0.254644
1771203761.931,2196,2,2,0.0000,0.0310,0.9690,0.0000,0.0000,0.0000,0.0000,0.014134,0.081158,0.001232,0.000708,0.001791,0.008727,-0.012217,0.133710,-0.027071,0.021937,0.001745,-0.198547,-0.166214,-0.023682,0.003491,-0.081128,-0.080447,0.000000,-0.015708,0.182812,0.064053,0.005828,-0.012217,0.139555,0.088089,0.002899,0.000000,0.238273,0.252384
1771203762.032,2199,2,2,0.0000,0.0430,0.9570,0.0000,0.0000,0.0000,0.0000,0.010914,0.077234,0.001390,0.004196,0.006304,0.008727,-0.012217,0.073436,-0.005927,0.043570,0.000000,-0.147045,-0.119478,-0.050551,0.005236,-0.060090,-0.054089,0.001745,-0.008727,0.184876,0.062109,-0.024685,-0.010472,0.108443,0.053268,0.033412,0.001745,0.232484,0.248731
1771203762.131,2202,2,2,0.0000,0.0320,0.9680,0.0000,0.0000,0.0000,0.0000,0.009321,0.078385,0.001371,0.002894,0.002652,0.008727,-0.017453,0.045333,0.001719,0.050838,0.001745,-0.089268,-0.067275,-0.057819,0.003491,-0.069525,-0.053782,0.000000,-0.001745,0.195322,0.041407,-0.030026,-0.008727,0.111704,0.067383,0.037008,0.001745,0.223137,0.262918
1771203762.231,2205,2,2,0.0000,0.0175,0.9825,0.0000,0.0000,0.0000,0.0000,0.008647,0.099365,0.001706,0.001971,0.005726,0.008727,-0.019199,0.029678,0.016652,0.041725,0.001745,-0.018620,-0.022181,-0.050451,0.005236,-0.025029,-0.031552,0.000000,0.000000,0.193502,0.012924,-0.010575,-0.008727,0.171306,0.145362,0.019302,0.001745,0.293531,0.354709
1771203762.332,2208,2,2,0.0000,0.0309,0.9689,0.0000,0.0001,0.0000,0.0000,0.005347,0.110219,0.000735,0.000763,0.000315,0.008727,-0.020944,-0.003123,0.026268,0.022194,0.001745,-0.021090,-0.006948,-0.037902,0.005236,-0.022289,-0.024226,0.000000,0.005236,0.187936,0.014546,0.002208,-0.005236,0.229595,0.180130,0.004773,0.000000,0.324401,0.373804
1771203762.432,2211,2,2,0.0000,0.2099,0.7897,0.0000,0.0002,0.0001,0.0000,0.004390,0.102198,0.003071,0.003922,0.005004,0.008727,-0.024435,-0.010420,0.021637,0.015332,0.001745,-0.040863,-0.007315,-0.032786,0.005236,-0.077129,-0.078147,0.000000,0.010472,0.186421,0.027212,0.015688,-0.001745,0.239349,0.186315,-0.010452,0.000000,0.241410,0.319510
1771203762.532,2214,2,2,0.0000,0.2723,0.7272,0.0000,0.0003,0.0001,0.0000,0.005957,0.099982,0.000955,0.003111,0.005082,0.008727,-0.026180,0.009279,0.034988,0.011513,0.001745,-0.067921,-0.026077,-0.032457,0.005236,-0.060208,-0.066287,0.000000,0.010472,0.210822,0.044008,0.031672,-0.001745,0.233707,0.182939,-0.026436,-0.001745,0.189983,0.296187
1771203762.633,2217,2,2,0.0000,0.2346,0.7650,0.0000,0.0002,0.0001,0.0000,0.006750,0.096493,0.000767,0.002511,0.001457,0.008727,-0.027925,0.016664,0.048629,-0.002137,0.001745,-0.052794,-0.012788,-0.018807,0.005236,-0.004473,-0.020583,0.001745,0.010472,0.203484,0.055271,0.026447,-0.003491,0.205823,0.181526,-0.022957,-0.003491,0.174936,0.298213
1771203762.733,2220,2,2,0.0000,0.1167,0.8831,0.0000,0.0001,0.0000,0.0000,0.006374,0.092832,0.001183,0.002965,0.000636,0.008727,-0.027925,0.004735,0.047782,-0.005302,0.000000,-0.081386,-0.011555,-0.010406,0.003491,0.002329,0.009428,0.000000,0.006981,0.197834,0.060147,0.005576,-0.005236,0.176522,0.174207,-0.000340,-0.003491,0.183104,0.309612
1771203762.834,2223,2,2,0.0000,0.0787,0.9212,0.0000,0.0001,0.0000,0.0000,0.011014,0.097324,0.001509,0.003409,0.002708,0.008727,-0.027925,0.003051,0.038085,-0.084051,0.001745,-0.327357,-0.172617,0.075324,0.005236,-0.130462,-0.127696,0.000000,0.005236,0.191694,0.063551,-0.013464,-0.005236,0.172864,0.163275,0.018700,-0.006981,0.215734,0.336837
1771203762.934,2226,2,2,0.0000,0.0389,0.9610,0.0000,0.0000,0.0000,0.0000,0.006589,0.109423,0.001589,0.001305,0.003344,0.005236,-0.017453,0.045560,-0.003980,-0.028270,0.001745,-0.677405,-0.301269,0.023034,0.003491,-0.915815,-0.614054,0.000000,0.006981,0.179611,0.061132,-0.020488,-0.006981,0.209339,0.189484,0.023979,-0.006981,0.264249,0.378305
1771203763.036,2229,2,2,0.0000,0.0084,0.9916,0.0000,0.0000,0.0000,0.0000,0.008516,0.144965,0.001239,0.000429,0.001322,0.003491,-0.010472,0.067868,-0.049805,-0.036067,0.001745,-0.563105,-0.127352,0.025595,0.003491,-0.834255,-0.497949,0.000000,0.005236,0.172397,0.062997,-0.025397,-0.006981,0.406075,0.344311,0.028888,-0.005236,0.300136,0.419544
1771203763.135,2232,2,2,0.0000,0.0182,0.9389,0.0000,0.0002,0.0424,0.0002,0.019519,0.164261,0.002451,0.000608,0.003353,0.003491,-0.005236,0.168910,-0.086938,-0.070560,0.001745,-0.395330,-0.063195,0.056597,0.003491,-0.701129,-0.218577,0.000000,0.006981,0.183639,0.064083,0.012902,-0.006981,0.558924,0.448900,-0.009412,-0.005236,0.283303,0.412394
1771203763.235,2235,2,2,0.0000,0.0254,0.9088,0.0000,0.0005,0.0651,0.0002,0.005902,0.175557,0.004979,0.000469,0.006622,0.003491,-0.003491,-0.040940,-0.044693,-0.076064,0.001745,-0.285226,-0.050010,0.062101,0.003491,-0.424491,-0.175033,0.000000,0.006981,0.184560,0.067073,0.029089,-0.006981,0.631805,0.510715,-0.025598,-0.005236,0.270095,0.406364
1771203763.335,2238,2,2,0.0000,0.0329,0.9443,0.0000,0.0004,0.0223,0.0001,0.002472,0.169120,0.004903,0.001158,0.006363,0.003491,-0.003491,-0.835686,-0.087343,-0.041883,0.001745,-0.190641,-0.044635,0.020939,0.003491,-0.248054,-0.156510,0.000000,0.006981,0.186362,0.065525,0.036644,-0.006981,0.623579,0.504641,-0.033153,-0.005236,0.224474,0.381232
1771203763.435,2241,2,2,0.0000,0.0161,0.9822,0.0000,0.0000,0.0016,0.0000,0.022595,0.181397,0.012524,0.001222,0.012314,0.003491,-0.001745,-0.136404,0.012438,-0.010336,0.005236,-0.062794,-0.063386,-0.017590,0.005236,0.172952,0.071787,0.000000,0.006981,0.184089,0.071497,0.047513,-0.006981,0.704169,0.562962,-0.044022,-0.005236,0.223173,0.376377
1771203763.535,2244,2,2,0.0000,0.0086,0.9855,0.0000,0.0000,0.0059,0.0001,0.107501,0.192020,0.007462,0.000865,0.005765,0.003491,-0.001745,0.209736,0.101000,0.020269,0.001745,0.280211,-0.061090,-0.056921,0.005236,0.416902,0.251418,0.000000,0.006981,0.184632,0.080051,0.066636,-0.006981,0.767333,0.589381,-0.063146,-0.005236,0.229332,0.379894
1771203763.635,2247,2,2,0.0000,0.0124,0.9464,0.0000,0.0002,0.0406,0.0004,0.073400,0.210673,0.003211,0.002572,0.004524,0.003491,0.000000,0.101300,0.071308,0.014549,0.003491,0.145125,-0.027058,-0.058182,0.005236,0.289222,0.247082,0.000000,0.006981,0.174516,0.086221,0.063233,-0.006981,0.909091,0.681880,-0.059742,-0.005236,0.228544,0.377608
1771203763.736,2250,2,2,0.0000,0.0107,0.9351,0.0001,0.0023,0.0513,0.0005,0.091999,0.183087,0.002020,0.002800,0.004365,0.003491,0.000000,-0.027418,0.084575,0.007189,0.000000,0.268392,0.100265,-0.054313,0.005236,0.360124,0.274718,0.000000,0.006981,0.174331,0.083403,0.008279,-0.005236,0.749077,0.591848,-0.004788,-0.003491,0.216231,0.366897
1771203763.837,2253,2,2,0.0001,0.0188,0.7448,0.0021,0.0125,0.2210,0.0006,0.097190,0.129910,0.005982,0.002032,0.008897,0.003491,-0.001745,-0.017742,0.104059,-0.021156,0.000000,0.325699,0.161175,-0.018987,0.005236,0.316115,0.250504,0.000000,0.012217,0.197202,0.077594,-0.002310,-0.006981,0.486925,0.377802,0.005800,-0.003491,0.123386,0.277988
1771203763.936,2256,2,2,0.0005,0.0606,0.8295,0.0016,0.0161,0.0910,0.0007,0.063099,0.097801,0.004713,0.001139,0.004377,0.005236,0.000000,-0.023994,0.062861,-0.007803,0.000000,0.070338,0.059176,-0.020122,0.003491,0.293083,0.263009,0.000000,0.012217,0.219458,0.069847,-0.020351,-0.005236,0.356257,0.263744,0.023841,-0.003491,0.036564,0.191678
1771203764.037,2259,2,2,0.0000,0.0315,0.9677,0.0000,0.0002,0.0002,0.0003,0.025079,0.105641,0.004075,0.001887,0.004622,0.003491,0.000000,0.015285,0.051596,-0.004277,0.000000,-0.044388,-0.004121,-0.013176,0.003491,0.099350,0.127739,0.000000,0.012217,0.204599,0.074073,-0.026791,-0.006981,0.406847,0.287737,0.030282,-0.003491,0.055990,0.195947
1771203764.137,2262,2,2,0.0000,0.0025,0.9975,0.0000,0.0000,0.0000,0.0000,0.040707,0.116007,0.008243,0.002011,0.009521,0.003491,0.000000,0.038336,0.140282,0.040687,0.000000,0.184366,0.077827,-0.051159,0.003491,-0.092396,-0.049049,0.000000,0.012217,0.196815,0.087212,-0.044071,-0.006981,0.450356,0.315899,0.047562,-0.003491,0.080106,0.201918
1771203764.237,2265,2,2,0.0000,0.0026,0.9973,0.0000,0.0000,0.0000,0.0001,0.203366,0.116323,0.007175,0.000383,0.007037,0.005236,0.000000,0.169272,0.289761,0.086566,0.000000,0.760343,0.343083,-0.102274,0.003491,0.466384,0.316256,0.000000,0.010472,0.209046,0.081522,-0.040391,-0.006981,0.431504,0.304802,0.043882,-0.003491,0.108613,0.206036
1771203764.337,2268,2,2,0.0000,0.0071,0.9911,0.0000,0.0001,0.0001,0.0015,0.125271,0.118683,0.002150,0.002850,0.001714,0.001745,0.000000,0.158999,0.369943,0.045475,0.000000,0.306693,0.175981,-0.055947,0.001745,0.239400,0.203276,0.000000,0.010472,0.206881,0.077635,-0.044904,-0.006981,0.432638,0.304449,0.048395,-0.003491,0.128750,0.214981
1771203764.437,2271,2,2,0.0000,0.0071,0.9889,0.0000,0.0001,0.0001,0.0039,0.068549,0.119288,0.005043,0.001380,0.004216,0.001745,0.000000,0.104992,0.209173,0.069088,0.000000,0.108467,0.059601,-0.074324,0.003491,0.128869,0.137161,0.000000,0.010472,0.205651,0.079143,-0.044583,-0.006981,0.433580,0.307927,0.048073,-0.003491,0.123935,0.222674
1771203764.537,2274,2,2,0.0000,0.0029,0.9954,0.0000,0.0000,0.0000,0.0017,0.036906,0.128361,0.005269,0.001197,0.005405,0.001745,0.000000,0.053100,0.127417,0.096901,0.001745,0.068882,0.042603,-0.102137,0.001745,-0.012543,0.048731,-0.001745,0.008727,0.195518,0.102290,-0.039581,-0.006981,0.435736,0.309734,0.043071,-0.003491,0.174696,0.270564
1771203764.638,2277,2,2,0.0000,0.0050,0.9936,0.0000,0.0000,0.0000,0.0013,0.034477,0.120464,0.006534,0.001228,0.007018,0.003491,0.000000,0.036803,0.093776,0.060830,0.001745,0.064711,0.052472,-0.064321,0.003491,0.026574,0.069834,0.000000,0.012217,0.188468,0.099473,-0.053140,-0.006981,0.418435,0.300940,0.056631,-0.001745,0.134740,0.234660
1771203764.738,2280,2,2,0.0000,0.0061,0.9938,0.0000,0.0000,0.0000,0.0001,0.006515,0.105624,0.004841,0.001854,0.005811,0.000000,0.000000,-0.017165,0.021901,-0.051041,0.000000,-0.267346,-0.109184,0.054532,0.001745,-0.213257,-0.099339,0.000000,0.012217,0.177275,0.070119,-0.079437,-0.006981,0.330124,0.238645,0.082927,-0.003491,0.126066,0.230116
1771203764.838,2283,2,2,0.0000,0.0042,0.9958,0.0000,0.0000,0.0000,0.0000,0.010424,0.104002,0.004350,0.000314,0.004170,0.000000,-0.001745,-0.149479,-0.290405,-0.112865,0.003491,-0.922882,-0.462531,0.116356,0.005236,-1.046864,-0.657632,0.000000,0.010472,0.175476,0.038678,-0.087566,-0.006981,0.326491,0.239191,0.091057,-0.003491,0.130886,0.235774
1771203764.939,2286,2,2,0.0000,0.0082,0.9917,0.0000,0.0000,0.0001,0.0000,0.011124,0.100743,0.000796,0.000603,0.003979,0.000000,0.000000,-0.043332,-0.342222,-0.124763,0.001745,-0.937970,-0.215380,0.126508,0.005236,-0.995866,-0.627754,0.000000,0.010472,0.178486,0.044216,-0.110534,-0.006981,0.302077,0.219171,0.114025,-0.003491,0.114562,0.225905
1771203765.040,2289,2,2,0.0000,0.0115,0.9879,0.0000,0.0000,0.0005,0.0001,0.007130,0.115170,0.003667,0.001032,0.003259,0.000000,0.000000,-0.075881,-0.238618,-0.076836,-0.003491,-0.609550,-0.181045,0.080326,0.005236,-0.653573,-0.324399,0.000000,0.012217,0.173736,0.058392,-0.115880,-0.006981,0.386225,0.266246,0.119371,-0.003491,0.135252,0.230598
1771203765.146,2292,2,2,0.0000,0.0050,0.9910,0.0000,0.0000,0.0038,0.0002,0.146575,0.134099,0.007715,0.001579,0.006877,0.000000,0.000000,-0.087836,0.106341,0.029790,-0.001745,0.448840,0.137627,-0.028045,0.003491,0.599924,0.432887,0.000000,0.012217,0.168489,0.060455,-0.077499,-0.006981,0.535010,0.377848,0.080989,-0.003491,0.138094,0.236084
1771203765.239,2295,2,2,0.0000,0.0038,0.9808,0.0000,0.0000,0.0149,0.0004,0.195536,0.135206,0.002270,0.000892,0.001920,0.001745,0.000000,0.307078,0.209526,0.108923,0.000000,0.701107,0.226457,-0.112414,0.003491,0.457592,0.330513,0.000000,0.012217,0.179507,0.063522,-0.008546,-0.006981,0.581200,0.414448,0.012037,-0.003491,0.125375,0.234165
1771203765.341,2298,2,2,0.0000,0.0123,0.9224,0.0001,0.0002,0.0644,0.0007,0.092748,0.125204,0.000784,0.001067,0.001831,0.000000,0.000000,0.209626,0.251111,0.093989,-0.001745,0.278801,0.053545,-0.095735,0.001745,0.156193,0.067966,0.000000,0.012217,0.199679,0.068167,-0.036332,-0.006981,0.545238,0.363076,0.039823,-0.005236,0.078866,0.195386
1771203765.442,2301,2,2,0.0000,0.0085,0.9839,0.0000,0.0000,0.0071,0.0004,0.040733,0.106535,0.007062,0.004446,0.008697,0.000000,0.000000,-0.019395,0.132446,0.052823,0.003491,0.135026,0.044761,-0.054568,0.001745,0.087867,0.030634,0.000000,0.008727,0.204874,0.067829,-0.053290,-0.006981,0.393220,0.230374,0.056781,-0.003491,0.103467,0.213145
1771203765.542,2304,2,2,0.0000,0.0074,0.9914,0.0000,0.0000,0.0008,0.0004,0.075158,0.092780,0.002100,0.000987,0.002049,0.000000,0.000000,-0.119399,0.096530,0.121916,0.003491,0.180862,0.125337,-0.130643,0.003491,0.234126,0.136146,0.000000,0.010472,0.207105,0.069301,-0.016992,-0.006981,0.317808,0.178672,0.020483,-0.003491,0.100474,0.209046
1771203765.643,2307,2,2,0.0000,0.0187,0.9757,0.0000,0.0000,0.0044,0.0011,0.049596,0.102238,0.000000,0.000000,0.000000,0.001745,0.000000,-0.062142,0.057304,0.060262,0.001745,0.095017,0.099943,-0.065498,0.003491,0.141872,0.133777,0.000000,0.010472,0.219860,0.067842,-0.002079,-0.006981,0.421611,0.269339,0.005570,-0.003491,0.066817,0.165350
1771203765.743,2310,2,2,0.0001,0.0220,0.9477,0.0000,0.0001,0.0289,0.0013,0.030968,0.119363,0.001265,0.000988,0.001419,0.000000,0.000000,-0.042616,0.060095,0.049940,0.000000,0.054055,0.056438,-0.056921,0.003491,0.072763,0.074830,0.000000,0.010472,0.236008,0.068563,0.041976,-0.006981,0.525969,0.354665,-0.038486,-0.003491,0.044478,0.150218
1771203765.845,2313,2,2,0.0004,0.0169,0.6859,0.0000,0.0004,0.2949,0.0015,0.030368,0.131459,0.001068,0.000304,0.001467,0.001745,0.000000,-0.062101,0.081814,0.036872,0.001745,0.044372,0.059404,-0.045598,0.003491,0.066196,0.068776,0.000000,0.010472,0.238430,0.068539,0.061216,-0.006981,0.603776,0.389032,-0.057725,-0.003491,0.052899,0.153144
1771203765.944,2316,2,2,0.0001,0.0110,0.6723,0.0000,0.0001,0.3146,0.0019,0.048944,0.135152,0.014416,0.001275,0.014749,0.001745,-0.003491,-0.162363,0.141786,0.001897,0.003491,0.085775,0.124989,-0.014114,0.003491,0.108795,0.115363,0.000000,0.010472,0.241289,0.076021,0.057672,-0.006981,0.626062,0.396075,-0.054182,-0.003491,0.064336,0.149894
1771203766.047,2319,2,2,0.0000,0.0117,0.8277,0.0000,0.0001,0.1592,0.0012,0.028569,0.128462,0.002433,0.000401,0.001914,0.001745,-0.001745,0.095511,0.079284,0.024813,0.003491,-0.045201,0.024073,-0.035285,0.003491,0.036029,0.074393,0.000000,0.010472,0.242411,0.077380,0.070734,-0.006981,0.583756,0.366676,-0.067243,-0.005236,0.045073,0.145044
1771203766.147,2322,2,2,0.0000,0.0169,0.9193,0.0000,0.0001,0.0629,0.0007,0.020299,0.117372,0.002851,0.000516,0.002741,0.003491,-0.003491,0.120452,0.042392,0.013331,0.001745,-0.013168,-0.000051,-0.025548,0.001745,0.012846,0.047588,-0.001745,0.008727,0.248508,0.066951,0.052679,-0.006981,0.563047,0.343951,-0.049189,-0.003491,0.021760,0.102843
1771203766.248,2325,2,2,0.0000,0.0283,0.9557,0.0000,0.0000,0.0157,0.0003,0.010384,0.094382,0.002592,0.001264,0.001337,0.003491,-0.003491,0.069274,0.031657,0.012051,0.001745,0.002847,-0.001648,-0.024268,0.001745,-0.012805,0.001794,0.000000,0.010472,0.243776,0.046894,0.032464,-0.006981,0.451885,0.275895,-0.028973,-0.003491,-0.008363,0.071202
1771203766.347,2328,2,2,0.0000,0.0137,0.9856,0.0000,0.0000,0.0006,0.0001,0.006929,0.095596,0.007500,0.001062,0.008569,0.001745,-0.003491,-0.018612,0.005716,0.011694,0.003491,0.042902,0.014104,-0.029147,0.003491,-0.010310,-0.018442,0.000000,0.010472,0.236565,0.021071,0.037085,-0.008727,0.454303,0.293358,-0.033594,-0.003491,-0.000885,0.094299
1771203766.448,2331,2,2,0.0000,0.0081,0.9916,0.0000,0.0000,0.0003,0.0000,0.003771,0.101334,0.004389,0.000592,0.003977,0.001745,-0.001745,0.004287,0.008768,-0.012996,0.001745,0.018968,0.006253,-0.006202,0.003491,-0.007452,-0.013500,0.000000,0.010472,0.240461,0.014606,0.033230,-0.008727,0.486121,0.341635,-0.029739,-0.001745,-0.019177,0.089486
1771203766.549,2334,2,2,0.0000,0.0120,0.9873,0.0000,0.0000,0.0006,0.0000,0.006822,0.102707,0.003202,0.000493,0.002241,0.001745,0.000000,0.028156,0.017053,-0.040149,0.001745,-0.055542,-0.072405,0.029677,0.003491,-0.085547,-0.098899,0.000000,0.010472,0.247518,0.016536,0.036836,-0.008727,0.497429,0.374054,-0.033345,-0.003491,-0.098735,0.049643
1771203766.649,2337,2,2,0.0000,0.0127,0.9861,0.0000,0.0000,0.0011,0.0001,0.003176,0.109225,0.004510,0.000823,0.003929,0.001745,0.000000,0.017771,0.016849,-0.004566,0.001745,-0.030355,-0.052987,-0.000670,0.000000,-0.022496,-0.034713,0.000000,0.010472,0.236550,0.020544,0.026738,-0.008727,0.541753,0.424010,-0.023247,-0.003491,-0.111863,0.050632
1771203766.751,2340,2,2,0.0000,0.0165,0.9813,0.0000,0.0000,0.0021,0.0001,0.003412,0.097607,0.006698,0.001852,0.006158,0.001745,-0.003491,-0.031873,0.032747,-0.004765,0.000000,-0.015801,-0.031745,0.003019,0.001745,0.001681,-0.011062,0.000000,0.008727,0.245304,0.035459,0.009110,-0.008727,0.476923,0.351941,-0.005620,-0.005236,-0.124739,0.043815
1771203766.851,2343,2,2,0.0000,0.0655,0.9259,0.0000,0.0001,0.0083,0.0003,0.017313,0.066165,0.000659,0.001403,0.001281,0.001745,-0.001745,-0.034838,0.050608,0.007069,0.001745,0.003686,0.007841,-0.007069,0.000000,0.071558,0.063505,0.000000,0.008727,0.267421,0.040195,0.002492,-0.010472,0.268327,0.171977,0.000999,-0.005236,-0.125644,0.033841
1771203766.951,2346,2,2,0.0006,0.1445,0.8104,0.0000,0.0002,0.0434,0.0008,0.020940,0.076719,0.002472,0.002144,0.002696,0.001745,-0.001745,-0.023438,0.049441,-0.007914,0.001745,0.016116,0.028689,0.002678,0.001745,0.072129,0.076986,0.000000,0.010472,0.273695,0.039605,0.001576,-0.010472,0.300294,0.210991,0.001915,-0.006981,-0.109522,0.082081
1771203767.051,2349,2,2,0.0000,0.0221,0.9750,0.0000,0.0000,0.0027,0.0002,0.014236,0.092848,0.005310,0.000910,0.004033,0.001745,0.000000,-0.002236,0.048706,-0.013792,0.001745,0.003197,0.026144,0.015537,0.001745,0.026253,0.045764,0.000000,0.010472,0.264500,0.034591,0.002961,-0.010472,0.419664,0.296999,0.000530,-0.005236,-0.089067,0.084456
1771203767.152,2352,2,2,0.0000,0.0054,0.9942,0.0000,0.0000,0.0003,0.0001,0.006861,0.109567,0.004884,0.001524,0.003391,0.001745,0.000000,-0.007675,0.054416,-0.009511,0.001745,0.002300,0.012609,0.007766,0.001745,-0.019385,-0.013887,0.000000,0.010472,0.255864,0.033781,0.000674,-0.010472,0.548884,0.393603,0.002817,-0.005236,-0.087902,0.068709
1771203767.252,2355,2,2,0.0000,0.0043,0.9957,0.0000,0.0000,0.0000,0.0000,0.005460,0.121446,0.004724,0.002851,0.002737,0.001745,-0.003491,-0.004243,0.054881,-0.005202,0.001745,-0.002503,0.000204,0.003457,0.003491,-0.004402,-0.017165,0.000000,0.010472,0.226323,0.039047,-0.011841,-0.010472,0.642933,0.462164,0.015331,-0.005236,-0.038088,0.061083
1771203767.353,2358,2,2,0.0000,0.0032,0.9967,0.0000,0.0000,0.0000,0.0000,0.013766,0.127417,0.004175,0.001510,0.002213,0.003491,-0.003491,0.017766,0.044460,0.004745,0.001745,-0.012265,-0.013938,-0.004745,0.001745,0.047190,0.044048,0.000000,0.010472,0.214472,0.042699,0.016382,-0.010472,0.715595,0.486119,-0.012891,-0.006981,-0.040580,0.043267
1771203767.454,2361,2,2,0.0000,0.0056,0.9944,0.0000,0.0000,0.0000,0.0000,0.011651,0.103553,0.004647,0.001446,0.002569,0.001745,-0.006981,0.047355,0.034466,0.023456,0.003491,-0.073978,-0.078240,-0.025201,0.001745,0.018043,0.009513,0.000000,0.006981,0.224175,0.039186,0.008276,-0.010472,0.557374,0.375079,-0.004785,-0.006981,-0.032267,0.031566
1771203767.555,2364,2,2,0.0000,0.0114,0.9884,0.0000,0.0000,0.0002,0.0000,0.009186,0.091758,0.003674,0.001605,0.002723,0.001745,-0.005236,0.052791,0.035453,0.016751,0.001745,-0.076813,-0.075053,-0.023732,0.001745,-0.035542,-0.029946,0.000000,0.005236,0.247282,0.037240,0.014760,-0.006981,0.483940,0.294664,-0.009525,-0.006981,-0.049265,0.017970
1771203767.656,2367,2,2,0.0000,0.0115,0.9882,0.0000,0.0000,0.0003,0.0001,0.004252,0.090528,0.005221,0.003272,0.002644,0.001745,-0.001745,-0.001296,0.032716,0.012808,0.001745,-0.034013,-0.036031,-0.021535,0.001745,-0.009171,0.000260,0.000000,0.003491,0.259168,0.039191,0.048194,-0.005236,0.474162,0.245860,-0.042958,-0.006981,-0.049690,0.016267
1771203767.756,2370,2,2,0.0000,0.0070,0.9925,0.0000,0.0000,0.0004,0.0001,0.002138,0.119927,0.004180,0.001318,0.002782,0.001745,-0.001745,-0.010569,0.018678,0.001739,0.001745,-0.012112,-0.004749,-0.012211,0.001745,-0.024180,-0.005119,0.000000,0.001745,0.245307,0.036861,0.034129,-0.005236,0.602375,0.354735,-0.028893,-0.006981,0.060249,0.103722
1771203767.857,2373,2,2,0.0000,0.0077,0.9906,0.0000,0.0000,0.0015,0.0001,0.000971,0.145154,0.002682,0.002341,0.001673,0.001745,0.000000,0.001275,0.008629,-0.002760,0.000000,-0.015671,-0.007532,-0.002476,0.000000,-0.049221,-0.039527,-0.001745,0.001745,0.226044,0.047165,0.036751,-0.005236,0.684195,0.446304,-0.033261,-0.006981,0.107444,0.192203
1771203767.956,2376,2,2,0.0000,0.0195,0.9695,0.0000,0.0002,0.0106,0.0002,0.000922,0.142333,0.000947,0.000668,0.001280,0.001745,-0.001745,0.003263,0.003527,0.000783,0.000000,-0.008723,-0.012650,-0.000783,0.001745,-0.024970,-0.038479,0.000000,0.000000,0.225130,0.052956,0.043087,-0.003491,0.688683,0.438376,-0.039597,-0.006981,0.094240,0.165520
1771203768.057,2379,2,2,0.0001,0.0347,0.9293,0.0000,0.0004,0.0353,0.0003,0.006459,0.128323,0.002016,0.001964,0.002205,0.003491,0.000000,-0.023667,0.003405,-0.018318,0.000000,0.035492,0.016804,0.016573,0.001745,-0.007847,-0.028342,0.000000,0.000000,0.232093,0.049764,0.038249,-0.003491,0.673748,0.436616,-0.034758,-0.006981,0.007764,0.101644
1771203768.157,2382,2,2,0.0001,0.0454,0.8803,0.0000,0.0010,0.0727,0.0004,0.005034,0.126518,0.001791,0.001969,0.001305,0.001745,-0.003491,-0.053435,0.005328,-0.007247,0.001745,0.023254,0.021091,0.003757,0.003491,-0.003226,-0.007252,0.000000,0.000000,0.240910,0.040577,0.029184,-0.003491,0.652868,0.440203,-0.025693,-0.006981,0.008288,0.106189
1771203768.257,2385,2,2,0.0001,0.0595,0.8586,0.0000,0.0015,0.0799,0.0004,0.002960,0.124901,0.001631,0.000286,0.001678,0.003491,-0.001745,-0.021235,0.017756,0.003283,0.001745,-0.010035,0.005758,-0.001537,0.003491,-0.021156,-0.018363,0.000000,0.000000,0.237576,0.034802,0.026744,-0.003491,0.648415,0.438450,-0.023254,-0.006981,0.013278,0.099551
1771203768.357,2388,2,2,0.0002,0.0785,0.8672,0.0000,0.0018,0.0521,0.0003,0.003464,0.125316,0.002067,0.000829,0.001072,0.000000,0.000000,0.012300,0.022330,-0.005194,0.001745,-0.027490,-0.011045,0.003449,0.001745,-0.030727,-0.032521,0.000000,0.000000,0.238644,0.035489,0.039694,-0.003491,0.642437,0.432623,-0.036203,-0.006981,0.014147,0.100753
1771203768.458,2391,2,2,0.0001,0.0945,0.8888,0.0000,0.0012,0.0152,0.0002,0.006598,0.122557,0.001560,0.000677,0.000494,0.001745,0.000000,0.037575,0.027811,-0.006814,0.001745,-0.005205,-0.004434,0.008559,0.001745,-0.013427,-0.021272,0.000000,0.000000,0.237604,0.036890,0.054031,-0.003491,0.632125,0.421431,-0.050541,-0.006981,-0.007477,0.088599
1771203768.558,2394,2,2,0.0000,0.1206,0.8764,0.0000,0.0006,0.0023,0.0001,0.012459,0.101904,0.003137,0.001189,0.001502,0.001745,0.000000,0.077023,0.048218,0.017284,0.001745,-0.018871,-0.015520,-0.017284,0.003491,-0.006433,-0.004514,0.000000,0.000000,0.250210,0.042074,0.050479,-0.003491,0.530943,0.349138,-0.046988,-0.006981,-0.131199,-0.014676
1771203768.658,2397,2,2,0.0000,0.1282,0.8709,0.0000,0.0002,0.0006,0.0001,0.010745,0.086431,0.002592,0.000835,0.002296,0.001745,0.000000,0.067786,0.044371,-0.000347,0.003491,-0.026793,-0.016171,-0.004889,0.003491,0.005945,0.002110,0.000000,0.000000,0.260680,0.041031,0.043039,-0.003491,0.432257,0.260159,-0.039548,-0.006981,-0.136770,-0.023407
1771203768.758,2400,2,2,0.0000,0.0498,0.9500,0.0000,0.0000,0.0001,0.0000,0.009859,0.097069,0.002533,0.001962,0.001340,0.001745,0.000000,0.056289,0.028934,-0.031334,0.000000,-0.075402,-0.051942,0.029589,0.001745,-0.000447,-0.001631,0.000000,0.000000,0.264102,0.021951,0.038533,-0.003491,0.493588,0.316667,-0.035043,-0.006981,-0.094619,0.029982
1771203768.859,2403,2,2,0.0000,0.0171,0.9828,0.0000,0.0000,0.0000,0.0000,0.006515,0.108573,0.001227,0.001815,0.000855,0.001745,0.000000,0.035009,0.029215,0.010469,0.000000,-0.012291,-0.024884,-0.013960,0.001745,-0.001737,-0.003340,0.000000,0.000000,0.266915,0.014733,0.044432,-0.003491,0.558428,0.390651,-0.040941,-0.006981,-0.096105,0.027714
1771203768.959,2406,2,2,0.0000,0.0133,0.9866,0.0000,0.0000,0.0000,0.0000,0.002914,0.120086,0.001559,0.001671,0.001096,0.001745,0.000000,-0.002851,0.022138,0.007408,0.000000,-0.006037,0.001932,-0.010898,0.001745,-0.012330,-0.005068,0.000000,0.000000,0.262336,0.015812,0.052842,-0.003491,0.637030,0.455746,-0.049352,-0.006981,-0.107096,0.017270
1771203769.059,2409,2,2,0.0000,0.0128,0.9871,0.0000,0.0001,0.0000,0.0000,0.003227,0.133552,0.001339,0.000545,0.001867,0.001745,0.000000,0.001177,0.015991,0.000196,0.000000,0.005101,0.011019,-0.003687,0.003491,-0.004452,-0.000157,0.000000,0.001745,0.230756,0.019133,0.017319,-0.003491,0.642733,0.446923,-0.013828,-0.006981,0.087136,0.156877
1771203769.159,2412,2,2,0.0000,0.0157,0.9841,0.0000,0.0001,0.0000,0.0000,0.007734,0.134844,0.002006,0.001155,0.001887,0.001745,0.000000,0.013915,-0.015227,-0.008315,0.001745,0.025110,0.010497,0.001334,0.003491,0.027062,0.007908,0.000000,0.003491,0.240347,0.016306,0.011856,-0.005236,0.648308,0.435001,-0.008365,-0.006981,0.091223,0.171601
1771203769.260,2415,2,2,0.0000,0.0168,0.9829,0.0000,0.0002,0.0001,0.0000,0.017302,0.133150,0.003601,0.001449,0.001996,0.001745,0.000000,0.007573,-0.004492,-0.006215,0.001745,0.053949,0.028240,0.004470,0.003491,0.073497,0.032913,0.000000,0.005236,0.249358,0.020286,0.020738,-0.005236,0.607804,0.400829,-0.017247,-0.005236,0.090384,0.203163
1771203769.360,2418,2,2,0.0000,0.0655,0.9337,0.0000,0.0006,0.0001,0.0001,0.008872,0.087506,0.001820,0.000783,0.001460,0.001745,-0.001745,-0.005429,-0.010432,-0.000546,0.001745,0.024286,0.011640,-0.001199,0.003491,0.035612,0.027949,0.000000,0.005236,0.261107,0.034983,-0.008383,-0.005236,0.315856,0.174160,0.011874,-0.005236,0.053323,0.193537
1771203769.461,2421,2,2,0.0000,0.1824,0.8172,0.0000,0.0002,0.0001,0.0001,0.002200,0.078726,0.001090,0.001661,0.001795,0.001745,-0.001745,-0.003687,-0.005999,-0.004562,0.001745,0.003571,0.005194,0.002817,0.003491,-0.011599,0.007836,0.000000,0.005236,0.264648,0.030222,-0.028685,-0.005236,0.285062,0.137554,0.032176,-0.005236,0.027123,0.162694
1771203769.561,2424,2,2,0.0000,0.4211,0.5787,0.0000,0.0000,0.0000,0.0001,0.006663,0.067620,0.000784,0.000509,0.000539,0.001745,-0.001745,-0.029994,0.012754,-0.004350,0.001745,0.022956,0.015108,0.004350,0.005236,0.004972,0.011087,0.000000,0.005236,0.271758,0.028793,-0.028760,-0.006981,0.276433,0.105513,0.032251,-0.005236,-0.007535,0.091460
1771203769.661,2427,2,2,0.0000,0.2920,0.7079,0.0000,0.0000,0.0000,0.0001,0.012619,0.067195,0.001714,0.000144,0.001495,0.001745,-0.001745,-0.020067,0.034342,-0.005006,0.001745,0.037072,0.029634,0.006751,0.003491,0.015122,0.021529,0.000000,0.005236,0.289471,0.019829,-0.027455,-0.006981,0.276789,0.100219,0.030945,-0.003491,-0.009312,0.083851
1771203769.762,2430,2,2,0.0000,0.0332,0.9667,0.0000,0.0000,0.0000,0.0000,0.028692,0.070462,0.001587,0.000527,0.001617,0.001745,-0.001745,-0.055903,0.046340,-0.013769,0.001745,0.078158,0.076156,0.006787,0.003491,0.055045,0.074841,0.000000,0.006981,0.299979,0.017747,-0.030354,-0.006981,0.282579,0.110649,0.033845,-0.003491,-0.009613,0.093768
1771203769.862,2433,2,2,0.0000,0.0058,0.9942,0.0000,0.0000,0.0000,0.0000,0.017926,0.058741,0.006006,0.001624,0.006614,0.000000,0.000000,-0.022539,0.034508,-0.005053,0.001745,0.036300,0.035756,0.003308,0.003491,0.046135,0.053868,0.000000,0.005236,0.296450,0.018085,-0.011177,-0.006981,0.192255,0.081485,0.014667,-0.003491,-0.062872,0.096713
1771203769.963,2436,2,2,0.0000,0.0036,0.9964,0.0000,0.0000,0.0000,0.0000,0.023706,0.055835,0.002743,0.001844,0.002175,0.003491,0.000000,-0.043041,0.033183,-0.030443,0.003491,0.059077,0.045845,0.028698,0.003491,0.052695,0.054498,0.000000,0.006981,0.304052,0.018918,-0.026019,-0.006981,0.153053,0.067812,0.029510,-0.003491,-0.091330,0.089694
1771203770.063,2439,2,2,0.0000,0.0054,0.9945,0.0000,0.0000,0.0000,0.0001,0.022847,0.069637,0.001808,0.000750,0.001570,0.001745,-0.003491,-0.055311,0.030978,-0.012155,0.003491,0.038481,0.053657,0.005174,0.005236,0.051439,0.083964,0.000000,0.005236,0.317741,0.020262,-0.044936,-0.006981,0.230848,0.127916,0.048426,-0.003491,-0.076583,0.085218
1771203770.165,2442,2,2,0.0000,0.0075,0.9923,0.0000,0.0000,0.0001,0.0001,0.018372,0.072933,0.003406,0.001590,0.004987,0.003491,-0.003491,-0.021041,0.053217,0.020669,0.003491,-0.022635,0.026545,-0.025905,0.005236,0.036615,0.071205,0.000000,0.005236,0.317676,0.021408,-0.067102,-0.006981,0.262073,0.127670,0.070593,-0.003491,-0.037819,0.070545
1771203770.264,2445,2,2,0.0000,0.0096,0.9902,0.0000,0.0000,0.0001,0.0002,0.020930,0.077882,0.002260,0.000985,0.002810,0.003491,-0.001745,-0.014997,0.047718,0.006582,0.003491,0.014618,0.040016,-0.017054,0.005236,0.047426,0.082588,0.000000,0.005236,0.320638,0.009273,-0.101738,-0.006981,0.249041,0.111922,0.105229,-0.005236,0.026900,0.106341
1771203770.364,2448,2,2,0.0000,0.0352,0.9633,0.0000,0.0000,0.0008,0.0007,0.029542,0.053420,0.002023,0.001917,0.002549,0.003491,-0.003491,-0.017713,0.042273,-0.018802,0.003491,0.075849,0.072958,0.013566,0.005236,0.056822,0.080824,0.000000,0.003491,0.315440,-0.001405,-0.071686,-0.006981,0.131350,0.021639,0.075177,-0.005236,-0.001769,0.093938
1771203770.464,2451,2,2,0.0001,0.1377,0.8574,0.0000,0.0000,0.0033,0.0013,0.021607,0.040059,0.000810,0.000739,0.000680,0.001745,-0.001745,-0.015841,0.023978,-0.010601,0.001745,0.045945,0.051158,0.008855,0.005236,0.049197,0.071428,0.000000,0.003491,0.317978,-0.004989,-0.064740,-0.006981,0.014876,-0.104088,0.068231,-0.005236,-0.023684,0.076128
1771203770.565,2454,2,2,0.0002,0.0929,0.9015,0.0000,0.0000,0.0050,0.0004,0.014325,0.044509,0.000891,0.000298,0.001118,0.001745,-0.001745,-0.002643,0.024189,-0.010770,0.001745,0.002020,0.032564,0.007279,0.005236,0.035121,0.062001,0.000000,0.005236,0.305891,-0.005179,-0.061533,-0.006981,0.077158,-0.050088,0.066769,-0.005236,-0.014867,0.079053
1771203770.665,2457,2,2,0.0000,0.0377,0.9603,0.0000,0.0000,0.0018,0.0001,0.009880,0.042234,0.002998,0.000123,0.003379,0.001745,-0.003491,-0.005843,0.024451,0.005926,0.003491,-0.018158,0.008388,-0.005926,0.005236,0.016161,0.053162,0.000000,0.006981,0.309747,-0.014816,-0.046580,-0.006981,0.057957,-0.048580,0.050071,-0.005236,-0.025023,0.082057
1771203770.765,2460,2,2,0.0001,0.0452,0.9537,0.0000,0.0000,0.0010,0.0000,0.012129,0.039198,0.002027,0.000644,0.002040,0.001745,-0.003491,0.014409,0.017508,0.045324,0.003491,-0.054650,-0.039262,-0.045324,0.005236,0.012275,0.045564,0.000000,0.005236,0.312727,-0.016511,-0.052624,-0.006981,0.013192,-0.072725,0.056115,-0.005236,-0.027922,0.083109
1771203770.867,2463,2,2,0.0001,0.0835,0.9157,0.0000,0.0000,0.0007,0.0000,0.012211,0.038475,0.001553,0.000451,0.001289,0.001745,-0.003491,0.036597,-0.004845,0.058390,0.001745,-0.059652,-0.057676,-0.067116,0.005236,0.003173,0.039649,0.000000,0.005236,0.311190,-0.018242,-0.054913,-0.006981,-0.002124,-0.081304,0.058403,-0.005236,-0.035591,0.086867
1771203770.967,2466,2,2,0.0000,0.0502,0.9495,0.0000,0.0000,0.0003,0.0000,0.008794,0.049573,0.001508,0.000504,0.001044,0.001745,-0.001745,0.051059,-0.021684,0.047493,0.001745,-0.061255,-0.064923,-0.057965,0.003491,-0.055757,-0.032379,0.000000,0.006981,0.309142,-0.020388,-0.058333,-0.006981,0.100943,0.016280,0.061824,-0.005236,-0.018261,0.099708
1771203771.067,2469,2,2,0.0000,0.0103,0.9896,0.0000,0.0000,0.0001,0.0000,0.005371,0.064127,0.001397,0.000637,0.000576,0.001745,-0.001745,0.034756,-0.008337,0.020974,0.003491,-0.035682,-0.038826,-0.036682,0.003491,-0.027318,-0.029131,0.000000,0.005236,0.298600,-0.019767,-0.063868,-0.006981,0.210292,0.088390,0.067359,-0.005236,-0.007353,0.099646
1771203771.168,2472,2,2,0.0000,0.0024,0.9975,0.0000,0.0000,0.0000,0.0000,0.002573,0.059457,0.002508,0.001449,0.001392,0.000000,-0.001745,0.018481,-0.001078,0.005411,0.001745,-0.035135,-0.018922,-0.028101,0.005236,-0.015506,-0.006459,0.000000,0.003491,0.294350,-0.013907,-0.061413,-0.006981,0.190703,0.070499,0.064904,-0.005236,-0.017903,0.089533
1771203771.267,2475,2,2,0.0000,0.0030,0.9970,0.0000,0.0000,0.0000,0.0000,0.002799,0.056386,0.001079,0.000788,0.000457,0.003491,-0.001745,0.005912,0.012666,0.001941,0.003491,-0.024315,-0.006416,-0.019395,0.005236,-0.010794,0.000854,0.000000,0.003491,0.294645,0.004087,-0.058602,-0.006981,0.179944,0.060278,0.062093,-0.005236,-0.060790,0.072091
1771203771.368,2478,2,2,0.0000,0.0032,0.9968,0.0000,0.0000,0.0000,0.0000,0.003041,0.053130,0.000932,0.000462,0.000313,0.001745,-0.001745,-0.006763,0.020231,0.002284,0.003491,-0.012533,-0.001180,-0.017992,0.005236,-0.000950,0.003511,0.000000,0.003491,0.300226,0.004341,-0.080077,-0.006981,0.132397,0.034982,0.083568,-0.006981,-0.071725,0.078550
1771203771.468,2481,2,2,0.0000,0.0029,0.9970,0.0000,0.0000,0.0000,0.0000,0.003476,0.057466,0.001059,0.001686,0.001092,0.001745,-0.001745,-0.001434,0.024255,-0.000387,0.003491,-0.007596,-0.000256,-0.013575,0.005236,-0.000683,0.006987,0.000000,0.001745,0.287922,0.001610,-0.070879,-0.006981,0.159373,0.066020,0.074370,-0.006981,-0.057612,0.098548
1771203771.568,2484,2,2,0.0000,0.0014,0.9985,0.0000,0.0000,0.0000,0.0000,0.004266,0.066856,0.001959,0.001475,0.002110,0.001745,-0.001745,-0.000949,0.021850,-0.011366,0.003491,-0.001752,0.005073,0.002639,0.003491,0.004501,0.008405,0.000000,0.001745,0.272726,0.000109,-0.101624,-0.006981,0.213170,0.107663,0.103369,-0.005236,-0.030693,0.103492
1771203771.669,2487,2,2,0.0000,0.0012,0.9988,0.0000,0.0000,0.0000,0.0000,0.004933,0.082034,0.001266,0.001373,0.001141,0.001745,-0.001745,0.023950,0.026513,-0.004540,0.001745,-0.018691,-0.008797,-0.002442,0.005236,-0.024070,-0.020873,0.000000,0.000000,0.268201,-0.001079,-0.038611,-0.006981,0.338607,0.241366,0.040357,-0.005236,-0.034848,0.095878
1771203771.769,2490,2,2,0.0000,0.0014,0.9985,0.0000,0.0000,0.0001,0.0000,0.007871,0.104691,0.000968,0.000517,0.000312,0.001745,-0.001745,0.052026,0.030652,-0.008283,0.001745,-0.010037,-0.006213,0.004792,0.003491,-0.025597,-0.037475,0.000000,0.000000,0.270885,-0.009735,0.019221,-0.006981,0.494418,0.375684,-0.017476,-0.006981,-0.039777,0.096083
1771203771.870,2493,2,2,0.0000,0.0013,0.9986,0.0000,0.0000,0.0001,0.0000,0.008652,0.108143,0.001135,0.001667,0.000846,0.001745,-0.003491,0.060823,0.031121,0.003157,0.001745,-0.016745,-0.002046,-0.004902,0.005236,-0.007115,-0.025875,0.000000,0.000000,0.266146,-0.006621,0.026782,-0.006981,0.520419,0.382137,-0.025037,-0.006981,-0.031561,0.102230
1771203771.971,2496,2,2,0.0000,0.0703,0.9293,0.0000,0.0003,0.0000,0.0000,0.007782,0.111548,0.001937,0.002752,0.002101,0.001745,-0.003491,0.036503,0.036123,0.012898,0.001745,-0.028215,0.000884,-0.016389,0.003491,-0.022205,-0.019224,0.000000,0.000000,0.268245,-0.003082,0.032152,-0.006981,0.551302,0.382184,-0.030407,-0.006981,-0.032362,0.104688
1771203772.071,2499,2,2,0.0000,0.0434,0.9564,0.0000,0.0001,0.0000,0.0000,0.006859,0.120260,0.002167,0.004308,0.004126,0.003491,-0.003491,0.033777,0.029676,0.008379,0.001745,-0.025246,-0.004746,-0.015361,0.005236,-0.007013,-0.009304,0.000000,0.000000,0.231996,0.017360,-0.028528,-0.006981,0.633292,0.424015,0.030273,-0.008727,-0.031842,0.106184
1771203772.171,2502,2,2,0.0000,0.0114,0.9885,0.0000,0.0000,0.0000,0.0000,0.011726,0.124460,0.003495,0.002660,0.003965,0.001745,-0.001745,0.040182,0.006028,-0.082389,0.001745,-0.102825,-0.040136,0.075408,0.005236,0.004580,0.005794,0.000000,0.000000,0.219994,0.047467,-0.067597,-0.006981,0.628893,0.434207,0.069343,-0.008727,-0.034088,0.093620
1771203772.272,2505,2,2,0.0000,0.0184,0.9815,0.0000,0.0000,0.0000,0.0000,0.010900,0.101062,0.001996,0.000828,0.002461,0.001745,-0.003491,0.003406,-0.006377,-0.092364,0.000000,-0.025287,-0.017990,0.090619,0.005236,0.022509,0.007286,0.000000,0.000000,0.230814,0.055344,-0.068894,-0.006981,0.480130,0.295882,0.070639,-0.006981,-0.034858,0.079930
1771203772.372,2508,2,2,0.0000,0.1967,0.8031,0.0000,0.0001,0.0000,0.0000,0.019422,0.059983,0.003702,0.001760,0.000286,0.001745,-0.001745,0.032052,-0.030309,-0.043435,0.001745,0.085706,0.035643,0.034709,0.003491,0.024659,0.013320,0.000000,0.000000,0.241846,0.056738,-0.091806,-0.006981,0.262044,0.065613,0.093551,-0.008727,-0.086727,-0.009564
1771203772.472,2511,1,1,0.0000,0.7246,0.2753,0.0000,0.0000,0.0000,0.0001,0.013565,0.048819,0.000967,0.002344,0.001214,0.000000,0.000000,0.012746,-0.023617,-0.038588,0.001745,0.052144,0.050429,0.028116,0.005236,-0.009394,0.012359,0.000000,0.001745,0.248530,0.050604,-0.125759,-0.005236,0.157443,-0.023621,0.127504,-0.006981,-0.125866,-0.034303
1771203772.572,2514,2,2,0.0001,0.1887,0.8093,0.0000,0.0000,0.0017,0.0001,0.007438,0.043531,0.003388,0.004395,0.002484,0.001745,-0.001745,0.004247,-0.012276,-0.038389,0.001745,0.016081,0.032288,0.027917,0.005236,-0.025197,-0.001243,0.000000,0.000000,0.260357,0.041763,-0.130573,-0.006981,0.087937,-0.032808,0.132318,-0.003491,-0.138317,-0.048463
1771203772.673,2517,2,2,0.0000,0.0547,0.9449,0.0000,0.0000,0.0003,0.0000,0.004707,0.034969,0.003192,0.001509,0.001330,0.001745,-0.001745,0.013102,-0.004137,-0.032354,0.001745,0.001246,0.020251,0.014901,0.003491,-0.001184,-0.004854,0.000000,0.000000,0.273139,0.026617,-0.112453,-0.005236,0.002179,-0.077561,0.117689,0.000000,-0.079069,-0.043248
1771203772.773,2520,2,2,0.0000,0.0606,0.9393,0.0000,0.0000,0.0001,0.0000,0.003760,0.033390,0.000144,0.000976,0.001715,0.001745,0.000000,0.020550,0.008788,0.004865,0.001745,-0.002857,-0.000397,-0.017082,0.003491,0.003940,-0.000525,0.000000,-0.003491,0.282688,0.034241,-0.076775,-0.006981,-0.087097,-0.157174,0.083756,0.000000,-0.064473,-0.044558
1771203772.874,2523,2,2,0.0000,0.0771,0.9229,0.0000,0.0000,0.0000,0.0000,0.005213,0.033612,0.001658,0.002441,0.001145,0.001745,-0.001745,0.033998,0.017089,-0.004780,0.001745,-0.005228,-0.016972,-0.002201,0.003491,0.004483,-0.011912,0.000000,-0.008727,0.283227,0.041237,-0.066665,-0.006981,-0.176127,-0.215190,0.078882,0.000000,-0.054490,-0.041468
1771203772.973,2526,2,2,0.0000,0.0492,0.9508,0.0000,0.0000,0.0000,0.0000,0.005771,0.031972,0.000590,0.001521,0.001164,0.001745,-0.001745,0.026801,0.025123,-0.007715,0.001745,-0.000705,-0.006604,0.004224,0.003491,0.006128,-0.010581,0.000000,-0.006981,0.279064,0.031808,-0.057083,-0.008727,-0.168245,-0.207398,0.072791,0.000000,-0.005250,-0.010530
1771203773.073,2529,2,2,0.0000,0.1731,0.8269,0.0000,0.0000,0.0000,0.0000,0.006571,0.031881,0.000811,0.001287,0.000474,0.001745,-0.001745,0.014646,0.017372,-0.035221,0.001745,-0.010575,-0.005034,0.033476,0.003491,0.006382,-0.004328,0.000000,-0.006981,0.285722,0.019558,-0.037845,-0.008727,-0.150567,-0.198168,0.057043,0.000000,0.017789,0.002458
1771203773.174,2532,1,1,0.0003,0.9509,0.0488,0.0000,0.0000,0.0000,0.0000,0.005046,0.036680,0.001066,0.001345,0.000900,0.001745,-0.001745,-0.004548,0.021247,-0.002121,0.001745,-0.000620,0.010191,0.000375,0.003491,0.009712,0.012050,0.001745,-0.006981,0.304219,0.022073,-0.042338,-0.010472,-0.131045,-0.167904,0.063282,0.000000,0.028618,0.020221
1771203773.277,2535,1,1,0.0005,0.9416,0.0579,0.0000,0.0000,0.0000,0.0000,0.009267,0.035663,0.000606,0.000847,0.000274,0.001745,-0.001745,-0.012615,0.038530,0.040447,0.001745,0.000219,0.012848,-0.043938,0.003491,0.001364,0.010820,-0.001745,0.003491,0.269944,0.022435,-0.020249,-0.005236,-0.057407,-0.079741,0.044683,0.000000,0.033983,0.053420
1771203773.376,2538,1,1,0.0002,0.9002,0.0995,0.0000,0.0000,0.0000,0.0000,0.009485,0.038087,0.000698,0.001202,0.001428,0.001745,-0.001745,-0.015436,0.050064,0.020916,0.001745,0.002154,0.023405,-0.027898,0.003491,-0.005511,0.010295,-0.001745,0.008727,0.261178,0.029098,-0.016063,0.000000,-0.005507,-0.046010,0.042242,0.000000,0.058948,0.056847
1771203773.477,2541,1,1,0.0002,0.7114,0.2884,0.0000,0.0000,0.0000,0.0000,0.010193,0.042265,0.000856,0.003429,0.002712,0.003491,-0.001745,-0.009439,0.054228,0.037885,0.000000,-0.014321,0.009307,-0.053593,0.003491,-0.010858,0.013917,-0.001745,0.008727,0.273095,0.023456,-0.023996,0.000000,0.013117,0.000686,0.050176,0.001745,0.069949,0.066230
1771203773.578,2544,2,2,0.0000,0.0031,0.9969,0.0000,0.0000,0.0000,0.0000,0.011325,0.039595,0.001507,0.005012,0.005648,0.001745,-0.001745,-0.008032,0.051067,0.064629,0.001745,-0.076546,-0.027879,-0.080337,0.003491,-0.010248,0.013220,-0.001745,0.008727,0.255810,0.022389,0.002353,0.000000,-0.007287,0.008777,0.016846,0.001745,0.066287,0.092206
1771203773.677,2547,2,2,0.0000,0.0069,0.9931,0.0000,0.0000,0.0000,0.0000,0.010040,0.038385,0.001086,0.000429,0.003422,0.001745,-0.001745,-0.004176,0.051304,0.045064,0.001745,-0.038596,-0.015902,-0.059027,0.003491,-0.000209,0.017125,-0.001745,0.008727,0.199886,0.053875,-0.139278,0.001745,-0.350001,-0.124287,0.153241,0.000000,-0.067890,0.043148
1771203773.778,2550,2,2,0.0000,0.0015,0.9984,0.0000,0.0000,0.0000,0.0000,0.013142,0.045812,0.000526,0.000542,0.000962,0.001745,-0.001745,-0.010825,0.046429,0.030255,0.000000,0.002889,0.030104,-0.042472,0.003491,0.007938,0.034849,-0.001745,0.006981,0.193368,0.049191,-0.260395,0.000000,-0.668134,-0.326109,0.269122,0.000000,-0.064020,0.031085
1771203773.879,2553,2,2,0.0000,0.0011,0.9989,0.0000,0.0000,0.0000,0.0000,0.011963,0.047520,0.000560,0.000241,0.000828,0.001745,0.000000,-0.007575,0.013108,0.002036,0.000000,0.010441,0.059736,-0.015999,0.003491,0.002943,0.050051,-0.001745,0.008727,0.181905,0.045978,-0.288494,-0.005236,-0.754640,-0.361534,0.295476,-0.001745,-0.064547,0.038154
1771203773.981,2556,2,2,0.0000,0.1136,0.8863,0.0000,0.0000,0.0000,0.0000,0.011139,0.045459,0.001427,0.000600,0.001160,0.001745,0.000000,-0.010475,-0.001833,0.005387,0.000000,0.001206,0.048525,-0.012368,0.003491,0.007900,0.065418,-0.003491,0.008727,0.149695,0.044804,-0.308280,-0.001745,-0.922827,-0.453175,0.315261,-0.001745,-0.077985,0.027021
1771203774.080,2559,1,1,0.0001,0.7411,0.2588,0.0000,0.0000,0.0000,0.0000,0.009357,0.045245,0.000956,0.000960,0.001246,0.001745,0.000000,-0.008956,-0.012276,0.005682,0.000000,0.003105,0.038707,-0.010918,0.005236,0.003574,0.054238,-0.001745,0.010472,0.145945,0.046336,-0.327227,-0.001745,-1.004591,-0.491458,0.332463,0.001745,-0.096109,0.005984
1771203774.180,2562,1,1,0.0000,0.7792,0.2208,0.0000,0.0000,0.0000,0.0000,0.009143,0.035312,0.001025,0.000599,0.001654,0.001745,0.000000,-0.009183,-0.005722,0.008846,0.000000,-0.001338,0.036659,-0.015828,0.005236,0.000743,0.056487,-0.001745,0.008727,0.125781,0.045213,-0.231802,-0.003491,-0.982608,-0.369862,0.244019,0.000000,-0.124228,-0.030083
1771203774.281,2565,1,1,0.0000,0.9853,0.0146,0.0000,0.0000,0.0000,0.0000,0.005988,0.019864,0.001276,0.001068,0.000796,0.001745,0.000000,-0.012353,0.000423,0.000520,0.000000,-0.000359,0.025741,-0.004011,0.003491,-0.007599,0.039937,-0.001745,0.006981,0.072011,0.042164,-0.106737,-0.001745,-0.555461,-0.210297,0.117209,0.000000,-0.076479,-0.043896
1771203774.382,2568,1,1,0.0004,0.9994,0.0002,0.0000,0.0000,0.0000,0.0000,0.010478,0.012977,0.000836,0.001028,0.001573,0.001745,0.000000,-0.004492,0.012146,-0.033390,0.000000,0.012092,0.025215,0.031645,0.003491,0.000833,0.038567,-0.001745,0.006981,0.055020,0.041010,-0.035261,-0.003491,-0.268910,-0.112200,0.052715,0.000000,-0.075121,-0.086321
1771203774.482,2571,1,1,0.0007,0.9991,0.0001,0.0000,0.0000,0.0000,0.0001,0.009430,0.010896,0.000825,0.000485,0.000651,0.001745,0.000000,-0.006201,0.016432,-0.041232,0.000000,-0.003087,0.014394,0.041232,0.003491,-0.004120,0.035864,-0.001745,0.006981,0.038220,0.028731,-0.034135,-0.003491,-0.226681,-0.092746,0.056824,0.000000,-0.105789,-0.103425
1771203774.583,2574,1,1,0.0016,0.9981,0.0002,0.0000,0.0000,0.0000,0.0001,0.004448,0.013210,0.000854,0.000436,0.001046,0.001745,0.000000,0.002963,0.011620,-0.007534,0.000000,-0.020024,0.001497,0.007534,0.003491,-0.026564,0.024531,-0.001745,0.006981,0.058565,0.031636,-0.035155,-0.005236,-0.250385,-0.085197,0.061335,0.000000,-0.116506,-0.120204
1771203774.683,2577,1,1,0.0007,0.9970,0.0021,0.0000,0.0000,0.0000,0.0001,0.002392,0.123050,0.000570,0.003718,0.009310,0.001745,0.000000,0.000438,-0.003991,0.021289,0.000000,-0.039373,-0.012815,-0.021289,0.005236,-0.033251,-0.004453,-0.001745,0.005236,-0.544831,0.011570,0.269582,-0.005236,0.827659,0.360809,-0.241657,0.001745,-0.000631,-0.059771
1771203774.784,2580,1,1,0.0001,0.9714,0.0285,0.0000,0.0000,0.0000,0.0000,0.004844,0.024958,0.000707,0.004362,0.005350,0.001745,-0.001745,0.017081,-0.023908,0.031872,0.000000,-0.062936,-0.031273,-0.033617,0.003491,-0.004011,0.003933,-0.001745,0.006981,-0.390549,-0.009802,0.089656,-0.003491,0.202857,-0.003009,-0.061731,0.000000,-0.052047,-0.137254
1771203774.884,2583,1,1,0.0000,0.9989,0.0010,0.0000,0.0000,0.0000,0.0000,0.001567,0.014146,0.000598,0.003515,0.003317,0.001745,0.000000,0.013563,-0.009600,-0.004968,0.000000,-0.045555,-0.021322,-0.002014,0.003491,-0.003401,-0.005855,-0.001745,0.006981,-0.331014,-0.077753,0.162767,-0.003491,-0.389942,-0.161146,-0.134841,0.000000,-0.551473,-0.258770
1771203774.984,2586,1,1,0.0000,0.9999,0.0001,0.0000,0.0000,0.0000,0.0000,0.002065,0.014819,0.000519,0.002960,0.003381,0.001745,-0.001745,-0.004257,0.014994,-0.004547,0.001745,-0.039142,-0.005991,0.002802,0.003491,-0.000940,-0.003109,-0.001745,0.006981,-0.431202,-0.078118,0.170843,-0.003491,-0.385860,-0.135418,-0.137682,0.000000,-0.549151,-0.305228
1771203775.085,2589,1,1,0.0000,1.0000,0.0000,0.0000,0.0000,0.0000,0.0000,0.006372,0.010062,0.001811,0.001057,0.001061,0.001745,0.000000,-0.017042,0.025813,-0.035022,0.000000,-0.021757,0.003878,0.033276,0.003491,0.004497,0.003760,-0.001745,0.005236,-0.350388,-0.048388,0.115508,-0.003491,-0.203456,-0.090227,-0.084092,0.000000,-0.330088,-0.204980
1771203775.185,2592,1,1,0.0002,0.9997,0.0000,0.0000,0.0000,0.0000,0.0000,0.006058,0.008526,0.000352,0.007258,0.005338,0.001745,0.000000,-0.019582,0.024067,-0.010912,0.000000,-0.002700,0.007876,0.009167,0.003491,0.011307,0.015041,-0.001745,0.005236,-0.096489,0.000271,0.096800,-0.003491,-0.081210,-0.065118,-0.063639,0.000000,-0.054377,-0.059712
1771203775.286,2595,1,1,0.0000,0.9999,0.0001,0.0000,0.0000,0.0000,0.0000,0.003376,0.041910,0.001105,0.003524,0.000981,0.001745,-0.001745,-0.008542,0.020691,0.004228,0.000000,-0.006900,-0.001708,-0.002483,0.001745,0.004261,0.007845,-0.001745,0.006981,-0.017084,0.080905,-0.016176,-0.003491,0.078001,-0.019290,0.052828,0.000000,0.176204,0.108006
1771203775.388,2598,1,1,0.0000,0.9997,0.0003,0.0000,0.0000,0.0000,0.0000,0.005426,0.054672,0.001210,0.002843,0.002093,0.001745,0.000000,0.007299,0.016295,0.019102,0.000000,-0.021533,-0.028230,-0.020847,0.001745,0.009107,0.009816,-0.003491,0.005236,0.020374,0.128268,-0.069124,-0.003491,0.073393,-0.012576,0.107521,0.000000,0.201761,0.119514
1771203775.487,2601,1,1,0.0000,0.9964,0.0036,0.0000,0.0000,0.0000,0.0000,0.003130,0.067587,0.003155,0.006041,0.003596,0.001745,0.000000,0.006156,-0.001241,0.018918,0.000000,-0.054292,-0.048989,-0.024154,0.001745,0.002648,0.006345,-0.001745,0.005236,0.010553,0.137563,-0.037629,-0.003491,0.147399,0.054985,0.072535,0.000000,0.204880,0.177894
1771203775.587,2604,1,1,0.0000,0.9891,0.0109,0.0000,0.0000,0.0000,0.0000,0.009640,0.051719,0.001959,0.004405,0.001815,0.001745,-0.001745,-0.020053,0.008206,0.026763,0.000000,-0.008496,-0.005167,-0.035489,0.001745,0.041230,0.035994,-0.003491,0.005236,-0.024091,0.143352,0.063354,-0.003491,0.111843,0.062972,-0.030192,0.000000,0.102907,0.130962
1771203775.687,2607,1,1,0.0003,0.9913,0.0081,0.0001,0.0000,0.0000,0.0002,0.021310,0.044588,0.002476,0.001698,0.003591,0.001745,0.000000,-0.059918,0.081505,0.017723,0.000000,0.055403,0.051726,-0.028195,0.001745,0.015460,0.030410,-0.001745,0.005236,0.008897,0.123729,0.100218,-0.005236,0.085245,0.067725,-0.067057,0.000000,0.040211,0.103799
1771203775.787,2610,1,1,0.0000,0.9919,0.0079,0.0001,0.0000,0.0000,0.0001,0.021590,0.038063,0.002323,0.001268,0.001187,0.001745,0.000000,-0.103970,0.107060,-0.004941,0.000000,0.055832,0.055633,-0.002041,0.001745,0.008785,0.028285,-0.003491,0.005236,0.076825,0.097826,0.098002,-0.005236,0.036692,0.047704,-0.064841,0.000000,0.000087,0.094384
1771203775.889,2613,1,1,0.0000,0.8313,0.1687,0.0000,0.0000,0.0000,0.0000,0.019610,0.078977,0.001717,0.002211,0.003580,0.001745,0.000000,-0.044021,0.097806,0.001217,0.000000,0.049660,0.036147,-0.004708,0.001745,0.022932,0.024069,-0.003491,0.005236,0.380769,0.089886,0.073246,-0.003491,0.119793,0.069403,-0.040085,0.000000,0.076362,0.133023
1771203775.989,2616,2,2,0.0000,0.4017,0.5983,0.0000,0.0000,0.0000,0.0000,0.014020,0.137535,0.000000,0.000000,0.000000,0.001745,0.000000,-0.027310,0.087008,0.009062,0.000000,0.014410,0.023221,-0.014298,0.001745,0.007166,0.023880,-0.001745,0.005236,0.422007,0.086056,0.090444,-0.005236,0.404012,0.203782,-0.057283,0.000000,0.239639,0.199247
1771203776.090,2619,1,1,0.0000,0.6752,0.3248,0.0000,0.0000,0.0000,0.0000,0.006639,0.128316,0.001063,0.002509,0.002611,0.001745,0.000000,-0.000876,0.022250,0.033795,0.000000,-0.063313,-0.025818,-0.042522,0.001745,0.002594,0.017536,-0.001745,0.005236,0.257441,0.053326,0.039569,-0.005236,0.422686,0.313956,-0.008153,0.000000,0.261879,0.185694
1771203776.190,2622,1,1,0.0001,0.5720,0.4278,0.0000,0.0000,0.0000,0.0000,0.006790,0.105102,0.000665,0.000838,0.001330,0.001745,0.000000,0.008653,0.006004,0.038649,0.000000,-0.064920,-0.034918,-0.043885,0.001745,0.007226,0.017456,-0.001745,0.005236,0.155294,0.050129,0.037670,-0.005236,0.318757,0.272195,-0.004509,0.000000,0.223782,0.198156
1771203776.290,2625,1,1,0.0001,0.6379,0.3620,0.0000,0.0001,0.0000,0.0000,0.007333,0.074469,0.001164,0.002021,0.001108,0.001745,0.000000,0.020054,0.005269,0.041014,0.000000,-0.048790,-0.019691,-0.044505,0.001745,0.004902,0.013271,-0.003491,0.001745,0.122842,0.030568,0.047878,-0.005236,0.220424,0.195928,-0.011226,0.000000,0.128086,0.146154
1771203776.391,2628,2,1,0.0000,0.3569,0.6431,0.0000,0.0000,0.0000,0.0000,0.009704,0.073790,0.000785,0.000754,0.001518,0.001745,0.000000,0.021556,-0.001255,0.045632,0.000000,-0.029008,0.009280,-0.052614,0.001745,0.010810,0.025675,-0.001745,-0.005236,0.128499,0.023492,0.040894,0.006981,0.287641,0.238461,-0.005988,0.000000,0.056272,0.103243
1771203776.491,2631,2,2,0.0000,0.2630,0.7369,0.0000,0.0000,0.0000,0.0000,0.005503,0.073154,0.001440,0.005068,0.003405,0.001745,0.000000,0.007862,-0.005300,0.024132,0.000000,-0.019817,0.012473,-0.031114,0.001745,-0.023777,0.018075,0.000000,-0.013963,0.143414,-0.011588,0.037054,0.003491,0.343537,0.233981,-0.005638,0.000000,0.033216,0.083157
1771203776.591,2634,2,2,0.0000,0.2527,0.7472,0.0000,0.0000,0.0000,0.0000,0.016606,0.086434,0.000960,0.001740,0.002532,0.001745,0.000000,-0.000804,-0.004184,-0.073996,0.000000,0.057168,0.054170,0.067015,0.001745,-0.021703,0.017425,0.000000,-0.022689,0.156300,-0.087312,0.038758,0.001745,0.373679,0.285487,-0.005597,0.001745,0.055135,0.124364
1771203776.692,2637,2,2,0.0000,0.2472,0.7525,0.0000,0.0001,0.0000,0.0000,0.025871,0.085705,0.001808,0.003607,0.002423,0.001745,0.000000,-0.039576,0.000543,-0.103835,0.000000,0.077543,0.092099,0.102090,0.001745,-0.002967,0.034691,-0.001745,-0.020944,0.178705,-0.132971,0.005950,-0.001745,0.361434,0.276937,0.027211,0.000000,0.050679,0.127545
1771203776.791,2640,2,2,0.0000,0.1670,0.8329,0.0000,0.0001,0.0000,0.0000,0.008732,0.085533,0.002870,0.002858,0.002247,0.001745,0.000000,-0.044887,-0.014725,-0.014754,0.000000,0.012354,0.042149,0.011264,0.003491,-0.005888,0.033779,0.000000,-0.019199,0.205486,-0.160541,-0.048530,-0.006981,0.321922,0.266399,0.081691,0.000000,0.027836,0.123065
1771203776.891,2643,2,2,0.0000,0.0151,0.9849,0.0000,0.0000,0.0000,0.0000,0.022772,0.064557,0.002895,0.007227,0.004356,0.001745,0.000000,-0.007958,-0.036079,0.056332,0.000000,0.010824,0.027553,-0.058078,0.001745,0.073742,0.101327,0.001745,-0.017453,0.234509,-0.161873,-0.014006,-0.005236,0.231244,0.170252,0.045422,0.000000,-0.035099,0.091514
1771203776.992,2646,2,2,0.0000,0.0024,0.9976,0.0000,0.0000,0.0000,0.0000,0.023259,0.047136,0.002232,0.001572,0.001672,0.001745,0.000000,0.079600,-0.015169,0.076630,0.000000,-0.006428,-0.000999,-0.080121,0.003491,0.050737,0.066902,-0.001745,-0.017453,0.230612,-0.149098,-0.032151,-0.008727,0.115667,0.097997,0.065312,-0.001745,-0.084928,0.056044
1771203777.093,2649,2,2,0.0000,0.0044,0.9956,0.0000,0.0000,0.0000,0.0000,0.014296,0.052952,0.000710,0.001697,0.003762,0.001745,0.000000,0.064466,0.011037,0.046029,0.000000,-0.008917,-0.008620,-0.047774,0.001745,0.017934,0.028594,0.000000,-0.013963,0.262750,-0.148857,-0.341257,-0.008727,-0.868441,-0.472461,0.372673,-0.001745,-0.189696,-0.019203
1771203777.193,2652,2,2,0.0000,0.0018,0.9982,0.0000,0.0000,0.0000,0.0000,0.006772,0.052014,0.000653,0.001825,0.001711,0.001745,0.000000,0.010548,0.027959,0.021601,0.000000,-0.003814,0.000215,-0.026837,0.003491,-0.005564,0.015712,0.000000,-0.012217,0.257883,-0.140735,-0.340105,-0.008727,-0.774460,-0.435267,0.366285,-0.001745,-0.184214,-0.020934
1771203777.293,2655,2,2,0.0000,0.0110,0.9890,0.0000,0.0000,0.0000,0.0000,0.004300,0.052283,0.000896,0.001473,0.000621,0.001745,-0.001745,-0.008353,0.027296,-0.004177,0.001745,0.005227,0.004400,-0.004550,0.001745,-0.004091,0.009443,0.000000,-0.012217,0.263191,-0.140061,-0.345007,-0.008727,-0.756047,-0.423790,0.364206,-0.003491,-0.188645,-0.014899
1771203777.393,2658,2,2,0.0000,0.0013,0.9987,0.0000,0.0000,0.0000,0.0000,0.011609,0.051537,0.000178,0.000719,0.002176,0.001745,0.000000,-0.040558,0.050485,-0.029943,0.000000,0.032924,0.023489,0.026452,0.001745,-0.003399,0.002461,0.000000,-0.010472,0.269850,-0.171026,-0.336376,-0.008727,-0.722967,-0.415512,0.348593,-0.003491,-0.195555,-0.016707
1771203777.495,2661,2,2,0.0000,0.0705,0.9283,0.0000,0.0000,0.0008,0.0004,0.010881,0.045749,0.000462,0.001874,0.001586,0.001745,0.000000,-0.040970,0.058244,-0.014271,0.000000,0.021580,0.027370,0.010780,0.003491,0.000762,0.006603,0.000000,-0.010472,0.292552,-0.194788,-0.245980,-0.008727,-0.445874,-0.229587,0.252961,-0.001745,-0.199587,0.003471
1771203777.594,2664,2,2,0.0002,0.0783,0.9173,0.0000,0.0000,0.0039,0.0003,0.011901,0.043367,0.000933,0.000881,0.000676,0.001745,0.000000,-0.014186,0.053284,0.005196,0.000000,0.005800,0.022803,-0.005196,0.001745,0.018092,0.034149,0.000000,-0.010472,0.305334,-0.204679,-0.198897,-0.008727,-0.336983,-0.148369,0.204133,-0.001745,-0.204757,0.010943
1771203777.695,2667,2,2,0.0001,0.0584,0.9391,0.0000,0.0000,0.0023,0.0001,0.009438,0.044384,0.002071,0.002430,0.001716,0.001745,0.000000,0.007774,0.044274,0.042746,0.000000,-0.005860,0.004943,-0.042746,0.003491,-0.033939,0.008279,0.000000,-0.010472,0.327909,-0.208227,-0.196410,-0.008727,-0.332301,-0.154417,0.201646,0.000000,-0.214835,0.003058
1771203777.795,2670,2,2,0.0002,0.0897,0.9080,0.0000,0.0000,0.0021,0.0001,0.009203,0.031618,0.000359,0.002391,0.001582,0.001745,0.000000,0.036894,0.021682,0.046625,0.000000,-0.027967,-0.003657,-0.050116,0.003491,-0.030661,-0.006987,0.000000,-0.012217,0.308594,-0.185853,-0.058468,-0.010472,-0.029746,0.007120,0.063704,-0.001745,-0.255983,-0.028735
1771203777.896,2673,2,2,0.0002,0.1400,0.8582,0.0000,0.0000,0.0016,0.0001,0.008534,0.027105,0.000788,0.001933,0.001678,0.001745,0.000000,0.054505,0.005182,0.037489,0.000000,-0.016287,-0.004749,-0.042725,0.003491,-0.007968,-0.001681,0.000000,-0.012217,0.296107,-0.181443,-0.023915,-0.012217,-0.059550,-0.032912,0.029151,-0.001745,-0.316154,-0.112355
1771203777.996,2676,2,2,0.0001,0.1077,0.8915,0.0000,0.0000,0.0008,0.0001,0.007498,0.029400,0.000820,0.002302,0.002679,0.001745,0.000000,0.045799,-0.005843,0.040683,0.000000,-0.028773,-0.007113,-0.047664,0.001745,-0.013355,-0.003974,0.000000,-0.012217,0.302529,-0.178452,-0.045035,-0.012217,-0.068657,-0.035533,0.050271,-0.001745,-0.326326,-0.114362
1771203778.097,2679,2,2,0.0000,0.0457,0.9541,0.0000,0.0000,0.0002,0.0000,0.005610,0.031459,0.000837,0.001162,0.002100,0.001745,0.000000,0.036767,-0.000256,0.020870,0.000000,-0.044071,-0.007757,-0.027852,0.003491,-0.002032,0.004444,0.000000,-0.012217,0.318677,-0.188752,-0.053598,-0.012217,-0.075686,-0.047017,0.058834,-0.001745,-0.326327,-0.128040
1771203778.198,2682,2,2,0.0000,0.0044,0.9956,0.0000,0.0000,0.0000,0.0000,0.006093,0.033138,0.001470,0.003317,0.006021,0.001745,0.000000,0.029180,0.000094,0.017490,0.000000,-0.033557,0.000054,-0.027962,0.003491,0.002826,0.018233,0.001745,-0.012217,0.355121,-0.202018,-0.035551,-0.012217,-0.127340,-0.126612,0.040787,-0.001745,-0.328587,-0.150171
1771203778.298,2685,2,2,0.0000,0.0047,0.9953,0.0000,0.0000,0.0000,0.0000,0.002571,0.034881,0.000326,0.005494,0.005677,0.003491,0.000000,0.009751,0.000105,-0.004711,0.000000,-0.043752,-0.003233,-0.009252,0.001745,-0.005181,0.015764,0.001745,-0.012217,0.380278,-0.203643,-0.031309,-0.012217,-0.151992,-0.134581,0.036545,-0.001745,-0.324706,-0.140801
1771203778.399,2688,2,2,0.0000,0.0053,0.9947,0.0000,0.0000,0.0000,0.0000,0.002824,0.035904,0.000408,0.003436,0.003465,0.001745,0.000000,0.007427,-0.001148,-0.017040,0.000000,-0.041860,-0.005976,0.011804,0.001745,-0.006636,0.011162,0.001745,-0.012217,0.403250,-0.203464,-0.020621,-0.010472,-0.167979,-0.190888,0.025857,-0.001745,-0.336927,-0.163999
1771203778.499,2691,2,2,0.0000,0.1806,0.8193,0.0000,0.0000,0.0000,0.0000,0.001515,0.039440,0.001055,0.002042,0.002078,0.001745,0.000000,-0.005023,0.002309,-0.000058,0.000000,-0.030700,0.006302,-0.001688,0.001745,-0.006361,0.006077,0.003491,-0.012217,0.425783,-0.163020,-0.038771,-0.005236,-0.197757,-0.211186,0.044007,-0.001745,-0.406284,-0.230475
1771203778.599,2694,1,2,0.0000,0.8607,0.1392,0.0000,0.0000,0.0000,0.0000,0.003763,0.040494,0.001787,0.000876,0.001224,0.001745,0.000000,0.001671,0.000789,0.014550,0.000000,-0.018041,0.001163,-0.021532,0.003491,0.007436,0.014311,0.003491,-0.006981,0.425739,-0.130027,-0.049714,0.000000,-0.224270,-0.184186,0.056696,0.000000,-0.435754,-0.217158
1771203778.701,2697,2,2,0.0000,0.2427,0.7572,0.0000,0.0000,0.0000,0.0000,0.004739,0.039208,0.002061,0.004310,0.003998,0.001745,0.000000,-0.005188,0.002605,-0.009274,0.000000,0.031195,0.007916,0.002293,0.005236,0.004247,0.001629,0.003491,0.000000,0.389544,-0.110215,-0.070476,0.000000,-0.122755,-0.085664,0.077458,0.000000,-0.356162,-0.166763
1771203778.801,2700,2,2,0.0000,0.2379,0.7621,0.0000,0.0000,0.0000,0.0000,0.005719,0.032019,0.001688,0.004638,0.004823,0.001745,0.000000,-0.001015,0.010084,-0.007293,0.000000,0.021208,0.007336,0.003802,0.003491,0.011991,0.008965,0.000000,0.000000,0.254584,-0.077952,-0.039109,0.000000,0.069573,0.012232,0.047836,0.000000,-0.106556,-0.058146
1771203778.902,2703,2,2,0.0000,0.3236,0.6764,0.0000,0.0000,0.0000,0.0000,0.007979,0.025308,0.000619,0.002246,0.005542,0.001745,0.000000,0.026480,0.014226,-0.009040,0.000000,-0.015613,-0.008253,0.009040,0.005236,0.009171,0.029846,0.000000,0.003491,0.263362,-0.087593,0.036848,-0.005236,-0.036175,-0.130615,-0.014158,0.000000,-0.079147,-0.076388
1771203779.002,2706,1,1,0.0000,0.9999,0.0001,0.0000,0.0000,0.0000,0.0000,0.006197,0.023258,0.001082,0.010979,0.006983,0.001745,-0.001745,0.019317,0.013968,0.000070,0.000000,-0.021423,-0.015037,-0.000070,0.005236,0.006434,0.027592,0.000000,0.005236,0.237940,-0.083214,0.035917,-0.006981,-0.088246,-0.140446,-0.011482,0.000000,-0.107901,-0.132929
1771203779.103,2709,1,1,0.0000,1.0000,0.0000,0.0000,0.0000,0.0000,0.0000,0.006426,0.015450,0.000425,0.002639,0.003315,0.001745,0.000000,-0.020931,0.011868,0.001788,0.000000,-0.000149,0.017096,-0.001788,0.003491,0.006065,0.035061,0.000000,0.005236,0.148529,-0.061181,-0.012436,-0.003491,-0.084492,-0.099159,0.031635,0.000000,-0.106493,-0.104670
1771203779.204,2712,1,1,0.0000,0.9999,0.0001,0.0000,0.0000,0.0000,0.0000,0.004198,0.027712,0.000452,0.000801,0.000593,0.001745,0.000000,-0.000200,0.009112,-0.001284,0.000000,-0.013788,0.001497,-0.000461,0.005236,-0.007870,0.032780,0.000000,0.005236,0.087285,-0.030313,-0.220818,-0.003491,-0.046592,-0.020501,0.240017,0.000000,-0.054441,-0.057447
1771203779.304,2715,1,1,0.0008,0.9989,0.0002,0.0000,0.0000,0.0000,0.0001,0.003744,0.021582,0.000372,0.003926,0.004909,0.001745,0.000000,0.005303,0.009946,0.004795,0.000000,-0.019595,-0.009705,-0.006541,0.003491,-0.015074,0.019646,0.000000,0.005236,0.066751,-0.019881,0.024279,-0.005236,0.092810,0.048703,-0.008571,0.000000,0.009589,0.011616
1771203779.405,2718,1,1,0.0002,0.9996,0.0002,0.0000,0.0000,0.0000,0.0000,0.010160,0.022561,0.000861,0.015178,0.014280,0.001745,0.000000,-0.020319,0.031905,0.000784,0.000000,0.009668,0.009410,-0.002529,0.003491,0.022688,0.042224,0.000000,0.005236,-0.000688,-0.007847,0.075418,-0.003491,0.098726,0.042205,-0.063200,0.000000,0.034375,0.014770
1771203779.505,2721,1,1,0.0000,0.9998,0.0001,0.0000,0.0000,0.0000,0.0000,0.010664,0.022358,0.001362,0.018292,0.016369,0.001745,0.000000,-0.007937,0.033514,-0.009674,0.000000,0.003055,0.003757,0.007928,0.005236,0.022719,0.050013,0.000000,0.005236,-0.066956,0.028184,0.065558,-0.003491,0.057781,0.037419,-0.051595,0.000000,0.034953,0.039164
1771203779.606,2724,1,1,0.0000,0.9999,0.0000,0.0000,0.0000,0.0000,0.0000,0.009597,0.011311,0.000713,0.011033,0.009492,0.001745,0.000000,0.012079,0.034423,-0.020899,0.000000,-0.011958,-0.000837,0.022645,0.005236,-0.008989,0.039032,-0.001745,0.005236,-0.546530,0.017920,-0.095122,-0.005236,-0.425306,-0.239306,0.112575,-0.001745,-0.073996,-0.024224
1771203779.706,2727,1,1,0.0000,1.0000,0.0000,0.0000,0.0000,0.0000,0.0000,0.006459,0.007885,0.000381,0.005944,0.001352,0.001745,0.000000,0.012381,0.022525,-0.006040,0.000000,-0.017285,0.000922,0.009531,0.003491,-0.018871,0.026908,-0.001745,0.005236,-0.538290,-0.047114,-0.070186,-0.005236,-0.432599,-0.269522,0.089385,0.000000,-0.192443,-0.101268
1771203779.808,2730,1,1,0.0000,1.0000,0.0000,0.0000,0.0000,0.0000,0.0000,0.004713,0.002036,0.002750,0.010444,0.010376,0.001745,-0.001745,0.028365,-0.020352,0.004319,0.000000,-0.031597,-0.005392,-0.000828,0.003491,-0.008597,0.018632,-0.001745,0.005236,-0.784600,-0.103208,0.015832,-0.005236,-0.616052,-0.220351,0.003367,0.000000,-0.654919,-0.387734
1771203779.907,2733,1,1,0.0000,1.0000,0.0000,0.0000,0.0000,0.0000,0.0000,0.005888,0.008170,0.001116,0.003469,0.003300,0.000000,0.000000,0.058006,-0.030987,0.008056,0.000000,-0.044266,-0.029912,-0.008056,0.003491,-0.004147,0.001105,-0.001745,0.005236,-0.527187,-0.078535,0.092809,-0.003491,-0.471853,-0.105977,-0.073610,0.000000,-0.563075,-0.331361
1771203780.007,2736,1,1,0.0000,1.0000,0.0000,0.0000,0.0000,0.0000,0.0000,0.004584,0.007556,0.001394,0.005859,0.008559,0.001745,0.000000,0.035213,0.010696,-0.003863,0.000000,-0.032944,-0.015932,0.003863,0.003491,-0.002827,-0.000832,-0.001745,0.003491,-0.290945,-0.053514,0.087178,-0.003491,-0.316502,-0.058023,-0.064488,-0.005236,-0.412805,-0.225845
1771203780.108,2739,1,1,0.0000,1.0000,0.0000,0.0000,0.0000,0.0000,0.0000,0.005240,0.004709,0.001249,0.003938,0.002991,0.001745,0.000000,0.015226,0.034257,-0.004571,0.000000,-0.031759,-0.007845,0.004571,0.005236,0.001491,0.000359,-0.003491,0.005236,-0.116149,-0.034541,0.051268,-0.005236,-0.201139,-0.051027,-0.019853,-0.003491,-0.255294,-0.155949
1771203780.208,2742,1,1,0.0000,1.0000,0.0000,0.0000,0.0000,0.0000,0.0000,0.007789,0.012565,0.004376,0.004187,0.005786,0.000000,0.000000,-0.050133,0.045492,-0.018886,0.001745,0.005518,0.007652,0.020632,0.005236,0.001142,0.006056,-0.003491,0.005236,-0.015047,0.047977,0.040597,-0.003491,-0.038251,-0.076838,-0.000455,0.000000,0.056971,-0.013290
1771203780.309,2745,1,1,0.0000,0.9999,0.0000,0.0000,0.0000,0.0000,0.0000,0.019288,0.045649,0.001589,0.003509,0.002015,0.000000,0.000000,-0.091151,0.056676,-0.018325,0.000000,0.053471,0.040558,0.023561,0.003491,0.022645,0.031058,-0.001745,0.005236,-0.063435,0.066797,-0.009273,-0.003491,0.057686,-0.082579,0.052906,0.000000,0.230167,0.134999
1771203780.409,2748,1,1,0.0000,0.9996,0.0004,0.0000,0.0000,0.0000,0.0000,0.018391,0.036508,0.001539,0.003111,0.001373,0.000000,0.000000,0.050758,0.055042,0.040290,0.000000,-0.029947,-0.036363,-0.038544,0.003491,0.040653,0.030464,0.008727,-0.005236,-0.004658,0.052815,0.008430,-0.003491,0.099803,-0.066038,0.024732,0.000000,0.145565,0.098020
1771203780.509,2751,1,1,0.0000,0.9990,0.0010,0.0000,0.0000,0.0000,0.0000,0.020435,0.020472,0.000957,0.005897,0.005005,0.000000,0.000000,0.046751,0.054911,0.032692,0.000000,-0.021261,-0.016468,-0.029202,0.005236,0.045747,0.059882,0.024435,-0.005236,-0.000009,0.041365,0.016059,-0.005236,0.029658,-0.053978,0.010121,0.000000,0.062986,0.061036
1771203780.609,2754,1,1,0.0000,0.9991,0.0008,0.0000,0.0000,0.0000,0.0000,0.019014,0.018644,0.001096,0.005206,0.004319,0.000000,0.000000,0.044169,0.058470,0.063089,0.000000,-0.059430,-0.021017,-0.057853,0.003491,0.013946,0.045007,0.012217,0.000000,0.056440,0.072148,0.000338,-0.003491,0.009003,-0.045255,0.017115,0.000000,0.017810,0.038654
1771203780.713,2757,1,1,0.0000,0.9995,0.0004,0.0000,0.0000,0.0000,0.0000,0.017478,0.027589,0.000463,0.002846,0.002639,0.000000,0.000000,0.052390,0.069252,0.067013,0.000000,-0.093397,-0.028691,-0.061777,0.003491,-0.030906,0.017590,0.001745,0.001745,0.187777,0.078455,0.060086,-0.003491,0.001254,-0.041764,-0.047868,0.000000,-0.093741,-0.022776
1771203780.812,2760,1,1,0.0000,0.9991,0.0008,0.0000,0.0000,0.0000,0.0000,0.014024,0.045651,0.000196,0.002720,0.002487,0.000000,0.000000,0.036661,0.083481,0.042909,0.000000,-0.063310,-0.013187,-0.041163,0.005236,-0.033776,-0.002503,0.010472,-0.003491,0.186246,0.104879,0.007623,-0.001745,0.084040,-0.008767,0.009830,0.000000,0.068132,0.076588
1771203780.913,2763,1,1,0.0000,0.9973,0.0027,0.0000,0.0000,0.0000,0.0000,0.011284,0.041272,0.001244,0.001702,0.001688,0.000000,0.000000,0.027812,0.080072,0.022431,0.000000,-0.042437,0.003342,-0.018941,0.001745,-0.024046,-0.002961,0.003491,-0.001745,0.156540,0.109925,0.114255,-0.003491,0.052192,0.010429,-0.102038,0.000000,-0.044038,0.048439
1771203781.017,2766,1,1,0.0000,0.9972,0.0027,0.0000,0.0000,0.0000,0.0000,0.009153,0.025562,0.000780,0.006332,0.005718,0.000000,0.000000,-0.000218,0.068850,-0.011478,0.000000,-0.010120,0.022870,0.013224,0.001745,-0.009829,0.003145,0.005236,-0.001745,0.118792,0.065496,0.101085,-0.001745,0.001771,-0.000437,-0.083632,0.000000,-0.094210,0.014368
1771203781.114,2769,1,1,0.0000,0.9993,0.0006,0.0000,0.0000,0.0000,0.0000,0.015909,0.022260,0.001261,0.004652,0.008574,0.000000,0.000000,-0.011866,0.063183,-0.026782,0.000000,0.027371,0.027103,0.025036,0.003491,0.021169,0.023556,0.005236,0.000000,0.131525,0.030495,0.074603,-0.001745,-0.007410,-0.001248,-0.062386,0.000000,-0.065086,0.025257
1771203781.216,2772,1,1,0.0000,0.9999,0.0001,0.0000,0.0000,0.0000,0.0000,0.042262,0.020559,0.004305,0.003530,0.005118,0.000000,0.000000,-0.019732,0.075857,-0.032130,0.000000,0.095102,0.068095,0.035621,0.001745,0.131823,0.098895,0.006981,-0.013963,0.080038,0.000532,0.028203,-0.001745,0.001682,0.022032,-0.021221,0.001745,0.012345,0.093143
1771203781.315,2775,1,1,0.0002,0.9991,0.0002,0.0004,0.0000,0.0000,0.0002,0.033017,0.016997,0.001041,0.001003,0.001362,0.000000,0.000000,0.003903,0.063231,0.004371,-0.001745,0.043349,0.045100,-0.000880,0.001745,0.116798,0.117701,0.019199,-0.047124,0.038851,-0.023216,0.021496,-0.003491,0.013476,0.036276,-0.012769,0.000000,-0.006435,0.074667
1771203781.415,2778,1,1,0.0004,0.9977,0.0007,0.0009,0.0000,0.0000,0.0003,0.016220,0.013877,0.003903,0.002192,0.003326,0.000000,0.000000,0.011547,0.046558,0.010671,-0.001745,-0.007697,0.016754,-0.008926,0.000000,0.038925,0.070180,0.036652,-0.082030,-0.006007,-0.064049,-0.004357,0.000000,-0.000878,0.021346,0.011338,0.000000,0.001510,0.095676
1771203781.517,2781,1,1,0.0005,0.9965,0.0018,0.0010,0.0000,0.0000,0.0002,0.015648,0.030460,0.000546,0.005205,0.007400,0.000000,0.000000,-0.007242,0.047467,0.008431,0.000000,-0.008636,0.009554,-0.006686,0.001745,0.034042,0.086535,0.041888,-0.101229,-0.023031,-0.087342,-0.019816,0.000000,0.058268,0.053325,0.025052,0.001745,0.061658,0.123581
1771203781.619,2784,1,1,0.0002,0.9981,0.0011,0.0005,0.0000,0.0000,0.0001,0.015954,0.015911,0.003650,0.001811,0.002774,0.000000,0.000000,-0.020527,0.051699,0.022433,-0.001745,-0.008227,0.011200,-0.018942,0.001745,0.024947,0.079427,0.041888,-0.097738,-0.062714,-0.053250,0.007642,0.000000,0.017259,0.031815,-0.007642,0.001745,0.007143,0.083439
1771203781.719,2787,1,1,0.0000,0.9996,0.0003,0.0001,0.0000,0.0000,0.0000,0.015887,0.011181,0.001048,0.004499,0.004584,0.000000,0.000000,-0.071643,0.050446,-0.007928,0.000000,-0.004844,0.028181,0.013164,0.001745,0.011300,0.085809,0.019199,-0.083776,-0.074022,-0.048101,0.043075,0.000000,-0.007197,0.004166,-0.044821,0.003491,-0.006179,0.064246
1771203781.820,2790,1,1,0.0000,0.9999,0.0000,0.0000,0.0000,0.0000,0.0000,0.010226,0.008685,0.002242,0.005485,0.003974,0.000000,0.000000,0.006352,0.036867,-0.004931,0.000000,-0.030914,0.000602,0.004931,0.001745,-0.008969,0.072215,0.005236,-0.057596,-0.072242,-0.090760,0.033198,0.000000,-0.010207,0.002057,-0.038434,0.003491,-0.024784,0.060235
1771203781.921,2793,1,1,0.0000,1.0000,0.0000,0.0000,0.0000,0.0000,0.0000,0.006037,0.000388,0.004007,0.005687,0.005778,0.000000,0.000000,0.039284,-0.004210,0.031413,0.000000,-0.111798,-0.052027,-0.029668,0.001745,-0.126667,-0.045191,0.001745,-0.024435,-0.044821,-0.118673,-0.006397,0.000000,-0.089878,-0.031143,0.001161,0.001745,-0.141996,-0.008196
1771203782.024,2796,1,1,0.0000,1.0000,0.0000,0.0000,0.0000,0.0000,0.0000,0.003260,0.002112,0.002379,0.003147,0.001769,0.000000,0.000000,0.029078,-0.033136,-0.004805,0.000000,-0.082993,-0.036446,0.008296,0.001745,-0.083346,-0.044578,-0.001745,0.010472,-0.095455,-0.166916,-0.011382,0.000000,-0.099018,-0.046731,0.011382,0.003491,-0.229470,-0.130496
1771203782.123,2799,1,1,0.0000,1.0000,0.0000,0.0000,0.0000,0.0000,0.0000,0.002332,0.008266,0.004870,0.005503,0.003699,0.000000,0.000000,0.008469,-0.015319,0.003179,0.000000,-0.056685,-0.010777,-0.001434,0.000000,-0.019311,0.016337,-0.003491,0.033161,-0.208996,-0.248035,0.064287,0.000000,-0.161439,-0.069437,-0.066033,0.001745,-0.318189,-0.222114
1771203782.224,2802,1,1,0.0000,1.0000,0.0000,0.0000,0.0000,0.0000,0.0000,0.009754,0.005303,0.001899,0.004233,0.001240,0.000000,0.000000,0.043682,0.008560,-0.000374,0.000000,-0.065930,-0.016353,0.002119,0.000000,0.016814,0.045876,-0.003491,0.036652,-0.148444,-0.240080,0.026989,-0.001745,-0.168241,-0.081661,-0.030480,0.000000,-0.226061,-0.162673
1771203782.326,2805,1,1,0.0000,1.0000,0.0000,0.0000,0.0000,0.0000,0.0000,0.006742,0.004538,0.001151,0.004272,0.002159,0.000000,0.000000,0.016621,0.008494,-0.009253,0.000000,-0.048490,0.001408,0.014489,0.000000,0.002134,0.037760,0.000000,0.031416,-0.133916,-0.141931,0.021292,0.000000,-0.160163,-0.070566,-0.024783,0.001745,-0.143193,-0.094678
1771203782.426,2808,1,1,0.0000,1.0000,0.0000,0.0000,0.0000,0.0000,0.0000,0.009180,0.002068,0.002008,0.001117,0.002098,0.000000,0.000000,-0.015149,0.044246,0.006798,-0.001745,-0.037509,0.004150,-0.005052,0.001745,0.010122,0.043095,0.000000,0.017453,-0.093954,-0.104841,0.005615,0.000000,-0.124946,-0.054404,-0.005615,0.001745,-0.124661,-0.087657
1771203782.527,2811,1,1,0.0000,1.0000,0.0000,0.0000,0.0000,0.0000,0.0000,0.019655,0.001126,0.001572,0.002724,0.002236,0.000000,0.000000,0.016205,0.046445,0.026558,0.000000,-0.024973,-0.006235,-0.021322,0.001745,0.073886,0.071017,0.000000,0.006981,-0.150665,-0.074987,0.004783,0.000000,-0.130003,-0.052820,-0.001292,0.001745,-0.103704,-0.075462
1771203782.627,2814,1,1,0.0000,1.0000,0.0000,0.0000,0.0000,0.0000,0.0000,0.017298,0.001449,0.000965,0.000802,0.001936,0.000000,0.001745,0.034961,0.011851,0.022881,0.000000,-0.058741,-0.053224,-0.014155,0.000000,0.063650,0.072488,0.000000,0.005236,-0.136668,-0.052044,0.010411,-0.001745,-0.100330,-0.042431,-0.003430,0.001745,-0.088396,-0.064168
1771203782.727,2817,1,1,0.0000,1.0000,0.0000,0.0000,0.0000,0.0000,0.0000,0.016330,0.001578,0.000781,0.002111,0.002521,0.000000,0.000000,0.017518,0.006408,-0.013363,-0.001745,-0.020844,-0.017373,0.020345,0.000000,0.066352,0.085342,0.000000,0.003491,-0.076978,-0.038550,0.013697,-0.001745,-0.094511,-0.039880,-0.003225,0.001745,-0.069659,-0.055571
1771203782.828,2820,1,1,0.0000,1.0000,0.0000,0.0000,0.0000,0.0000,0.0000,0.018655,0.002002,0.001271,0.012196,0.009036,0.000000,0.000000,-0.000002,0.002550,-0.001505,-0.001745,0.047927,0.030053,0.008486,0.000000,0.053645,0.081193,-0.001745,0.003491,-0.033962,-0.013403,0.001380,-0.001745,-0.066667,-0.028222,0.009092,0.000000,0.008711,0.001348
1771203782.929,2823,1,1,0.0000,1.0000,0.0000,0.0000,0.0000,0.0000,0.0000,0.015383,0.004189,0.000595,0.002461,0.006538,0.000000,0.000000,0.001971,0.002514,0.003252,-0.001745,0.031005,0.027454,0.000239,0.000000,0.043139,0.075025,-0.001745,0.005236,-0.066678,0.015722,0.029304,-0.001745,-0.095970,-0.033993,-0.011851,0.000000,-0.026498,-0.014974
1771203783.029,2826,1,1,0.0000,1.0000,0.0000,0.0000,0.0000,0.0000,0.0000,0.009950,0.003117,0.000858,0.003251,0.005284,0.000000,0.000000,0.025871,-0.004875,0.003578,-0.001745,-0.030990,-0.005142,-0.000087,0.000000,0.025943,0.064011,-0.001745,0.005236,-0.102718,0.003973,0.028189,-0.001745,-0.127654,-0.048331,-0.005500,0.000000,-0.054646,-0.058684
1771203783.130,2829,1,1,0.0000,1.0000,0.0000,0.0000,0.0000,0.0000,0.0000,0.007993,0.003556,0.001314,0.001652,0.001874,0.000000,0.000000,0.055592,0.001388,-0.004016,-0.001745,-0.035656,-0.008265,0.005761,0.000000,-0.017999,0.033175,-0.001745,0.003491,-0.102017,-0.060293,0.039179,-0.001745,-0.116018,-0.043334,-0.009509,0.000000,-0.053557,-0.077144
1771203783.230,2832,1,1,0.0000,1.0000,0.0000,0.0000,0.0000,0.0000,0.0000,0.008526,0.005147,0.002358,0.001355,0.003269,0.000000,0.000000,0.030992,0.009160,-0.019100,0.000000,-0.006367,0.008945,0.024336,0.000000,-0.001482,0.028879,-0.001745,0.003491,-0.065369,-0.068218,0.040523,-0.003491,-0.041845,-0.041758,-0.000380,0.000000,0.017748,-0.060601
1771203783.330,2835,1,1,0.0000,0.9999,0.0001,0.0000,0.0000,0.0000,0.0000,0.008537,0.070845,0.003578,0.005112,0.005544,0.000000,0.000000,0.014724,0.011977,-0.002912,-0.001745,0.001660,0.013696,0.015130,0.000000,0.005964,0.039295,-0.001745,0.003491,-0.017244,-0.043030,-0.089568,-0.001745,0.234823,0.009311,0.129711,0.000000,0.344549,0.128253
1771203783.430,2838,1,1,0.0000,0.9994,0.0006,0.0000,0.0000,0.0000,0.0000,0.006134,0.036424,0.001012,0.004399,0.002208,0.000000,0.000000,-0.000538,0.017757,0.002205,-0.001745,-0.001865,0.007611,0.003031,0.000000,-0.001940,0.043008,-0.001745,0.005236,-0.039778,-0.024407,-0.089041,-0.003491,0.094144,-0.007253,0.122202,0.000000,0.142507,0.073000
1771203783.531,2841,1,1,0.0000,0.9989,0.0010,0.0000,0.0000,0.0000,0.0000,0.006110,0.017017,0.001093,0.002569,0.001960,0.000000,0.000000,0.005725,0.015664,0.017110,-0.003491,-0.004362,-0.000782,-0.008384,0.000000,-0.011175,0.034822,0.005236,-0.005236,-0.000576,-0.001370,-0.090724,-0.003491,0.002194,-0.028195,0.123886,0.000000,0.041542,0.031343
1771203783.631,2844,1,1,0.0000,0.9996,0.0004,0.0000,0.0000,0.0000,0.0000,0.006649,0.012677,0.002418,0.002361,0.001484,0.001745,0.000000,0.011350,0.019947,0.018336,-0.001745,-0.009597,-0.004666,-0.009610,0.001745,-0.009807,0.026658,0.008727,-0.010472,0.000208,0.003778,-0.070431,-0.001745,0.003050,-0.023137,0.096611,0.001745,0.011545,0.026460
1771203783.731,2847,1,1,0.0000,0.9999,0.0001,0.0000,0.0000,0.0000,0.0000,0.007617,0.006484,0.002477,0.003437,0.004293,0.000000,0.000000,0.013801,0.032631,0.007554,-0.001745,-0.029593,-0.013375,0.006408,0.000000,0.009069,0.021946,0.000000,0.000000,-0.039230,0.013901,-0.007414,-0.001745,0.014376,-0.002144,0.033594,0.000000,-0.006658,0.015939
1771203783.832,2850,1,1,0.0006,0.9992,0.0001,0.0001,0.0000,0.0000,0.0001,0.014087,0.005235,0.000890,0.002487,0.004627,0.000000,0.000000,-0.000164,0.038920,-0.011665,-0.001745,-0.018058,0.007517,0.018646,0.000000,0.037155,0.066802,0.000000,0.001745,-0.070155,0.008522,0.009009,-0.001745,0.008597,0.007202,0.008444,0.000000,-0.001478,0.019298
1771203783.932,2853,1,1,0.0004,0.9994,0.0001,0.0001,0.0000,0.0000,0.0001,0.010546,0.006621,0.000356,0.005875,0.006046,0.000000,0.000000,-0.005238,0.048769,-0.001432,-0.001745,-0.018407,0.007382,0.006668,0.000000,0.004924,0.058809,-0.001745,0.001745,-0.031169,0.013423,0.001707,-0.003491,0.012891,0.011179,0.007020,0.000000,0.001807,0.029683
1771203784.032,2856,1,1,0.0004,0.9991,0.0004,0.0000,0.0000,0.0000,0.0001,0.011101,0.121296,0.000368,0.000484,0.001359,0.000000,0.000000,-0.003410,0.051499,-0.004074,0.000000,-0.000010,0.017206,0.004074,0.000000,0.004327,0.056110,-0.001745,0.001745,0.253871,0.135010,0.051393,-0.003491,0.262680,0.119614,-0.042666,0.001745,0.344517,0.284971
1771203784.133,2859,1,1,0.0005,0.9954,0.0038,0.0001,0.0000,0.0000,0.0002,0.010747,0.184454,0.000829,0.001243,0.002996,0.000000,0.000000,-0.004969,0.050651,-0.001290,-0.003491,0.009853,0.012859,0.003036,0.000000,-0.002837,0.052561,-0.001745,0.003491,0.589813,0.242186,0.240352,-0.003491,0.400538,0.197488,-0.229880,0.000000,0.287368,0.252217
1771203784.233,2862,1,1,0.0004,0.9789,0.0201,0.0001,0.0002,0.0000,0.0003,0.016677,0.173097,0.000292,0.001471,0.004663,0.000000,0.000000,-0.032827,0.075451,0.003421,-0.001745,0.017574,0.023166,0.000069,0.000000,0.008053,0.072390,0.000000,0.005236,0.355812,0.130927,-0.021745,-0.001745,0.455758,0.444018,0.037453,-0.001745,0.337011,0.310953
1771203784.336,2865,1,1,0.0001,0.9217,0.0774,0.0001,0.0003,0.0000,0.0003,0.013858,0.115361,0.000247,0.000862,0.001215,0.000000,0.000000,-0.013436,0.083949,0.013063,-0.001745,-0.011753,0.001356,-0.007827,0.000000,0.003309,0.064621,-0.003491,0.008727,0.181196,0.046318,0.022479,-0.001745,0.348845,0.377950,-0.012007,0.003491,0.201471,0.193853
1771203784.436,2868,1,1,0.0000,0.8471,0.1527,0.0000,0.0001,0.0000,0.0001,0.011922,0.095140,0.000410,0.000481,0.001504,0.000000,0.000000,-0.001489,0.073131,0.025079,-0.001745,-0.033576,-0.016868,-0.012862,0.000000,-0.013422,0.044856,-0.005236,0.020944,0.175695,0.000465,0.032037,-0.001745,0.244884,0.248969,-0.028546,0.000000,0.219915,0.198766
1771203784.536,2871,1,1,0.0000,0.7784,0.2216,0.0000,0.0000,0.0000,0.0000,0.010716,0.079656,0.000608,0.000937,0.001363,0.000000,0.000000,0.020578,0.057044,0.018184,-0.003491,-0.030811,-0.020998,-0.002476,0.000000,-0.004393,0.032783,-0.005236,0.017453,0.210151,-0.014230,0.039701,-0.005236,0.177968,0.154804,-0.034465,0.000000,0.193623,0.162173
1771203784.638,2874,1,1,0.0000,0.7924,0.2075,0.0000,0.0000,0.0000,0.0000,0.011621,0.061764,0.000175,0.000968,0.000914,0.000000,0.000000,0.018173,0.052608,0.014031,-0.001745,-0.020467,-0.003865,0.001677,0.000000,0.006535,0.046428,-0.005236,0.012217,0.253225,-0.055847,0.009742,-0.005236,0.110776,0.096530,-0.006251,-0.001745,0.142381,0.116300
1771203784.737,2877,1,1,0.0000,0.6029,0.3971,0.0000,0.0000,0.0000,0.0000,0.011250,0.056489,0.000414,0.002207,0.000429,0.000000,0.000000,0.051437,0.025030,0.019012,-0.003491,-0.013426,-0.010056,-0.005050,0.000000,-0.000810,0.039522,-0.005236,0.008727,0.285576,-0.098433,-0.009777,-0.005236,0.062830,0.048619,0.009777,0.000000,0.146404,0.115935
1771203784.837,2880,1,1,0.0001,0.5430,0.4569,0.0000,0.0000,0.0000,0.0000,0.013208,0.054158,0.000570,0.003170,0.001494,0.000000,0.000000,0.043156,0.027211,0.046856,-0.001745,-0.023955,-0.007928,-0.024166,0.000000,-0.004667,0.041277,-0.005236,0.008727,0.313570,-0.135213,-0.029723,-0.006981,0.022115,0.016482,0.027978,-0.003491,0.145437,0.115590
1771203784.939,2883,2,2,0.0000,0.4604,0.5395,0.0000,0.0000,0.0000,0.0000,0.012167,0.063170,0.000438,0.006817,0.004721,0.000000,0.000000,0.047019,0.035264,0.036809,-0.001745,-0.075506,-0.029969,-0.010629,0.000000,-0.013490,0.026912,-0.005236,0.012217,0.308113,-0.139140,-0.119804,-0.008727,-0.015732,0.026095,0.111078,-0.001745,0.160097,0.140441
1771203785.038,2886,1,2,0.0001,0.6554,0.3444,0.0000,0.0000,0.0000,0.0000,0.011847,0.061559,0.000410,0.001787,0.001641,0.000000,0.000000,0.046198,0.033167,0.032190,-0.001745,-0.047702,-0.010825,-0.002520,0.000000,-0.000035,0.030613,-0.008727,0.019199,0.262070,-0.075479,-0.108276,-0.010472,-0.086318,-0.010325,0.094313,-0.001745,0.190960,0.172166
1771203785.139,2889,1,1,0.0001,0.6961,0.3037,0.0000,0.0000,0.0000,0.0000,0.012697,0.057718,0.000380,0.004124,0.004276,0.000000,0.000000,0.036162,0.017201,0.012020,-0.001745,-0.033997,0.010354,0.012414,0.000000,0.014146,0.050062,-0.008727,0.033161,0.267029,-0.047266,-0.055522,-0.008727,-0.072288,-0.046941,0.045050,0.003491,0.179248,0.164643
1771203785.239,2892,1,1,0.0000,0.5166,0.4834,0.0000,0.0000,0.0000,0.0000,0.009839,0.054750,0.000287,0.001155,0.001446,0.000000,0.000000,0.042113,-0.003481,0.007539,-0.003491,-0.034052,0.005351,0.008169,0.000000,0.002239,0.052659,-0.008727,0.045379,0.254228,0.009655,-0.047925,-0.006981,-0.118069,-0.086671,0.040944,0.000000,0.151322,0.155472
1771203785.339,2895,2,2,0.0000,0.3815,0.6185,0.0000,0.0000,0.0000,0.0000,0.011043,0.045394,0.000395,0.002393,0.002521,0.000000,0.000000,0.028888,-0.014535,-0.025754,-0.001745,0.001221,0.024678,0.039717,0.000000,-0.012525,0.038008,-0.008727,0.045379,0.251119,0.048073,0.039021,-0.005236,-0.055482,-0.076313,-0.040767,0.003491,0.065401,0.092247
1771203785.439,2898,2,2,0.0000,0.1671,0.8328,0.0000,0.0000,0.0000,0.0000,0.007742,0.051137,0.001506,0.002828,0.001379,0.000000,0.000000,0.046524,-0.017285,0.008927,-0.001745,-0.013505,0.003539,0.005036,0.000000,-0.013101,0.028877,-0.008727,0.050615,0.249828,0.050534,0.061958,-0.006981,0.065310,-0.015405,-0.060213,0.001745,0.058181,0.075473
1771203785.539,2901,2,2,0.0000,0.0010,0.9989,0.0000,0.0000,0.0000,0.0000,0.011409,0.062454,0.000616,0.002039,0.002419,0.000000,0.001745,0.003989,0.004629,-0.017185,-0.001745,0.044055,0.034288,0.025911,0.000000,-0.001298,0.022296,-0.008727,0.052360,0.274737,0.041305,0.057099,-0.006981,0.102139,0.059306,-0.055353,0.001745,0.064226,0.096536
1771203785.639,2904,2,2,0.0000,0.0149,0.9848,0.0000,0.0000,0.0001,0.0001,0.010079,0.069172,0.001270,0.002772,0.002102,0.000000,0.000000,-0.005567,0.005065,-0.015833,-0.001745,0.051342,0.033000,0.031541,0.000000,-0.018894,-0.010289,-0.008727,0.055851,0.303041,0.022236,0.122474,-0.006981,0.109782,0.079500,-0.115493,0.001745,0.041925,0.093504
1771203785.740,2907,2,2,0.0000,0.0334,0.9658,0.0000,0.0000,0.0005,0.0003,0.018572,0.063471,0.001507,0.004751,0.004963,0.000000,0.000000,0.000908,0.017571,-0.036930,-0.001745,0.087643,0.057058,0.059619,0.000000,0.000062,-0.004770,-0.008727,0.057596,0.352420,0.014911,0.079605,-0.006981,0.074435,0.091174,-0.076114,0.001745,-0.000580,0.089770
1771203785.841,2910,2,2,0.0000,0.0644,0.9348,0.0000,0.0000,0.0003,0.0005,0.013643,0.053577,0.001197,0.008613,0.008236,0.000000,0.000000,-0.002588,0.021004,-0.037653,-0.001745,0.046182,0.037930,0.058596,0.000000,-0.014537,-0.015330,-0.008727,0.057596,0.359327,0.017785,0.037450,-0.005236,0.000956,0.074369,-0.033959,0.001745,-0.003676,0.093690
1771203785.941,2913,2,2,0.0000,0.0080,0.9920,0.0000,0.0000,0.0000,0.0000,0.007130,0.040456,0.001230,0.003474,0.005714,0.000000,0.001745,0.000039,0.033920,0.000643,-0.001745,0.007435,0.017985,0.023792,0.000000,-0.009543,-0.012081,-0.006981,0.057596,0.363122,0.024693,0.005709,-0.005236,-0.275274,-0.119453,-0.002218,-0.003491,-0.105804,0.034350
1771203786.041,2916,2,2,0.0000,0.0073,0.9927,0.0000,0.0000,0.0000,0.0000,0.007059,0.040953,0.000760,0.002604,0.002195,0.000000,0.000000,0.007398,0.049517,0.027788,-0.001745,-0.039839,-0.020307,-0.010334,0.000000,-0.038619,-0.025068,-0.006981,0.055851,0.385945,0.025112,0.007011,-0.006981,-0.225834,-0.094671,-0.003520,-0.005236,-0.120762,0.017511
1771203786.141,2919,2,2,0.0000,0.0017,0.9982,0.0000,0.0000,0.0000,0.0000,0.007936,0.058296,0.001044,0.001887,0.000673,0.000000,0.000000,0.012728,0.057476,0.025033,-0.003491,-0.046462,-0.010111,-0.002343,0.000000,-0.038007,-0.017986,-0.006981,0.054105,0.387936,0.013763,0.019608,-0.005236,0.085212,0.093782,-0.016117,-0.005236,-0.065271,0.045152
1771203786.242,2922,2,2,0.0000,0.0010,0.9990,0.0000,0.0000,0.0000,0.0000,0.008754,0.061834,0.000973,0.003677,0.003014,0.000000,0.000000,0.006724,0.058568,0.013692,-0.003491,-0.024480,0.004157,0.007252,0.000000,0.005402,0.009249,-0.005236,0.052360,0.391874,-0.003606,0.050782,-0.005236,0.103779,0.093905,-0.047292,-0.006981,-0.051876,0.049304
1771203786.342,2925,1,2,0.0001,0.5089,0.4908,0.0000,0.0001,0.0000,0.0000,0.008027,0.063409,0.000381,0.002484,0.003603,-0.001745,0.001745,0.001056,0.056691,-0.018131,-0.001745,-0.022744,0.001245,0.035584,0.000000,-0.008179,-0.000354,-0.005236,0.050615,0.397221,-0.018835,0.111445,-0.005236,0.069544,0.087113,-0.107955,-0.005236,-0.065643,0.044970
1771203786.441,2928,1,1,0.0001,0.6696,0.3302,0.0000,0.0001,0.0000,0.0000,0.007958,0.050807,0.000209,0.003940,0.003044,0.000000,0.001745,0.001479,0.052640,-0.012277,-0.001745,-0.015868,0.000328,0.034967,0.000000,0.001682,0.002649,-0.003491,0.050615,0.364928,-0.019914,0.091552,-0.005236,0.015941,0.061607,-0.086316,-0.005236,-0.079883,0.025046
1771203786.544,2931,1,1,0.0000,0.5426,0.4573,0.0000,0.0000,0.0000,0.0000,0.007638,0.034256,0.000646,0.005426,0.005977,0.000000,0.001745,0.003872,0.025681,-0.014068,-0.001745,-0.003903,0.003817,0.041993,0.000000,0.005882,0.008669,-0.003491,0.050615,0.303059,0.004222,0.053181,-0.003491,-0.038690,-0.018048,-0.042709,-0.005236,-0.037345,-0.005788
1771203786.644,2934,2,2,0.0000,0.4641,0.5359,0.0000,0.0000,0.0000,0.0000,0.005985,0.030531,0.000893,0.003782,0.002145,0.000000,0.001745,0.038332,-0.001822,0.002215,-0.003491,0.001657,0.005653,0.022220,0.000000,-0.014773,-0.006489,-0.003491,0.047124,0.257099,0.024218,0.022849,-0.001745,-0.039642,-0.005219,-0.007141,-0.005236,-0.016811,0.015086
1771203786.743,2937,2,2,0.0000,0.3681,0.6319,0.0000,0.0000,0.0000,0.0000,0.005133,0.037938,0.000000,0.000000,0.000000,0.000000,0.001745,0.034583,0.002520,0.007636,-0.003491,0.001760,0.008768,0.004581,0.000000,-0.016540,-0.007445,-0.003491,0.045379,0.200758,0.030694,0.022871,-0.001745,0.035482,0.052403,-0.005418,-0.005236,0.019383,0.048285
1771203786.844,2940,1,1,0.0002,0.7159,0.2839,0.0000,0.0000,0.0000,0.0000,0.008205,0.052657,0.000735,0.001719,0.001384,0.000000,0.000000,0.026010,0.015456,0.037725,-0.003491,-0.004815,0.004772,-0.018527,0.000000,0.014492,-0.000508,-0.005236,0.043633,0.220195,0.008350,0.023088,-0.003491,0.142409,0.142235,-0.010871,-0.003491,0.005206,0.046770
1771203786.943,2943,1,1,0.0002,0.9271,0.0727,0.0000,0.0000,0.0000,0.0000,0.013191,0.044181,0.000171,0.001760,0.002347,0.000000,0.000000,0.019459,0.025124,0.046761,-0.001745,0.007433,0.009346,-0.020581,0.000000,0.032216,0.017952,-0.003491,0.038397,0.220779,0.006197,0.022342,-0.003491,0.094771,0.111415,-0.006634,0.000000,-0.014675,0.036266
1771203787.046,2946,1,1,0.0002,0.9253,0.0745,0.0000,0.0000,0.0000,0.0000,0.018027,0.038173,0.000129,0.000738,0.001351,0.000000,0.000000,0.002659,0.051491,0.056211,-0.001745,0.011101,0.022605,-0.028285,0.000000,0.032988,0.039269,-0.003491,0.027925,0.221047,0.019424,0.034271,-0.003491,0.062059,0.054309,-0.011582,0.000000,0.007831,0.031205
1771203787.146,2949,2,1,0.0000,0.0027,0.9972,0.0000,0.0000,0.0000,0.0000,0.018143,0.044331,0.000304,0.001474,0.001949,0.000000,0.000000,-0.007892,0.051671,0.051489,-0.003491,0.009900,0.011473,-0.021818,0.000000,0.033994,0.059184,-0.005236,0.024435,0.226533,0.039444,0.023639,-0.005236,0.074798,0.050810,0.000796,0.000000,0.057391,0.034130
1771203787.246,2952,1,1,0.0000,0.5561,0.4438,0.0000,0.0000,0.0000,0.0000,0.014264,0.042410,0.002223,0.010012,0.011487,0.000000,0.000000,0.018531,0.045971,0.041817,-0.001745,-0.033076,-0.013155,-0.008656,0.000000,0.009377,0.055473,-0.003491,0.024435,0.299049,0.041471,0.078035,-0.005236,-0.032392,-0.046423,-0.050110,0.001745,0.037309,0.026878
1771203787.346,2955,1,2,0.0000,0.6209,0.3790,0.0000,0.0000,0.0000,0.0000,0.011687,0.041746,0.000486,0.004733,0.004553,0.000000,0.000000,0.015226,0.031058,0.045389,-0.001745,-0.076471,-0.045417,-0.012228,0.000000,-0.005838,0.048575,-0.003491,0.027925,0.271263,0.077057,0.014116,-0.005236,-0.024409,-0.012836,0.013809,0.003491,0.033500,0.059794
1771203787.447,2958,1,1,0.0000,0.8299,0.1701,0.0000,0.0000,0.0000,0.0000,0.011018,0.063295,0.001328,0.000633,0.001909,0.000000,0.000000,0.020493,0.023579,0.042021,-0.001745,-0.054940,-0.042171,-0.007114,0.000000,-0.003477,0.046125,-0.003491,0.034907,0.239834,0.087887,-0.047358,-0.003491,0.024272,0.061194,0.073538,0.005236,0.079137,0.153541
1771203787.547,2961,1,1,0.0000,0.5896,0.4104,0.0000,0.0000,0.0000,0.0000,0.007554,0.071715,0.001155,0.002226,0.001907,0.000000,0.000000,0.021891,0.015102,0.029244,-0.001745,-0.021687,-0.026994,0.005662,0.000000,-0.011317,0.018747,-0.003491,0.031416,0.164357,0.115218,-0.064133,-0.005236,0.083751,0.109670,0.086822,0.000000,0.108526,0.160821
1771203787.648,2964,1,1,0.0000,0.7003,0.2997,0.0000,0.0000,0.0000,0.0000,0.005905,0.049602,0.001325,0.010775,0.009245,0.000000,0.000000,0.024882,0.009687,0.025316,-0.001745,-0.018329,-0.011345,0.004355,0.000000,-0.014307,0.006619,-0.003491,0.027925,0.187835,0.099572,0.066838,-0.003491,-0.037067,-0.013856,-0.045894,0.000000,0.077980,0.135070
1771203787.749,2967,1,1,0.0000,0.7740,0.2259,0.0000,0.0000,0.0000,0.0000,0.006374,0.035278,0.001361,0.005069,0.003806,0.000000,0.000000,0.019726,0.011391,0.018826,-0.001745,-0.009662,0.003333,0.007354,0.000000,-0.000481,0.015856,-0.003491,0.029671,0.205689,0.063551,0.047978,-0.001745,-0.054925,-0.067464,-0.027034,0.003491,0.020630,0.052323
1771203787.848,2970,1,1,0.0000,0.7046,0.2954,0.0000,0.0000,0.0000,0.0000,0.008794,0.048173,0.001004,0.008693,0.009746,0.000000,0.000000,-0.015096,0.024204,-0.003325,-0.003491,0.000813,0.027566,0.019033,0.000000,0.001277,0.032633,-0.005236,0.031416,0.184842,0.029266,0.016547,-0.005236,0.137402,0.068001,0.000907,0.000000,0.044600,0.065096
1771203787.947,2973,2,2,0.0000,0.3881,0.6119,0.0000,0.0000,0.0000,0.0000,0.008293,0.063014,0.000964,0.005846,0.003880,0.000000,0.000000,-0.016265,0.033218,0.001124,-0.001745,-0.003475,0.027241,0.007602,0.000000,-0.011934,0.030330,-0.005236,0.036652,0.176843,0.033328,-0.000634,-0.003491,0.140795,0.126858,0.021578,-0.005236,0.129665,0.090450
1771203788.048,2976,1,2,0.0000,0.6681,0.3318,0.0000,0.0000,0.0000,0.0000,0.014581,0.038528,0.001189,0.001720,0.002057,0.000000,0.000000,-0.012797,0.041780,-0.010079,-0.001745,-0.002133,0.029951,0.018805,0.000000,0.022794,0.061646,-0.003491,0.050615,0.001094,0.027328,-0.292547,-0.020944,-1.052473,-0.651464,0.313491,-0.015708,0.012346,0.057458
1771203788.148,2979,1,1,0.0000,0.9953,0.0047,0.0000,0.0000,0.0000,0.0000,0.015161,0.043105,0.001032,0.000428,0.004768,0.000000,0.000000,-0.004794,0.044880,-0.001094,-0.001745,0.001897,0.030172,0.004584,0.000000,0.027188,0.073216,-0.005236,0.075049,-0.298015,-0.032691,-0.324710,-0.068068,-0.707176,-0.578925,0.349145,-0.043633,0.048883,0.044183
1771203788.250,2982,1,1,0.0001,0.8911,0.1087,0.0000,0.0000,0.0000,0.0000,0.011222,0.049997,0.000919,0.001523,0.003674,0.000000,0.000000,0.012982,0.037472,0.005868,-0.001745,-0.003008,0.015337,0.001114,0.000000,0.000823,0.061069,-0.001745,0.055851,0.172102,0.206011,-0.125108,-0.064577,-0.397693,-0.341233,0.161760,-0.041888,0.004234,-0.050229
1771203788.349,2985,2,2,0.0000,0.2251,0.7748,0.0000,0.0000,0.0000,0.0000,0.013403,0.092711,0.000937,0.007250,0.005664,0.000000,0.000000,0.029574,0.040180,0.016286,-0.001745,0.004731,0.010791,-0.012795,0.000000,0.000731,0.058543,-0.001745,0.043633,0.177008,0.216394,0.342129,-0.050615,0.306073,-0.038213,-0.315949,-0.020944,0.027297,-0.015947
1771203788.451,2988,2,2,0.0000,0.2991,0.7007,0.0000,0.0001,0.0000,0.0000,0.018018,0.105861,0.000649,0.004357,0.004809,0.000000,0.000000,0.026789,0.050845,0.043716,-0.001745,0.004163,0.019150,-0.031499,0.000000,0.004844,0.066708,-0.003491,0.036652,0.002746,0.082461,0.158272,-0.036652,0.472420,0.307587,-0.135583,-0.010472,0.136129,0.074063
1771203788.550,2991,2,2,0.0000,0.4769,0.5231,0.0000,0.0000,0.0000,0.0000,0.015349,0.095020,0.001192,0.002116,0.004069,0.000000,0.000000,0.034141,0.054739,0.038030,-0.001745,-0.016224,0.002861,-0.022322,0.000000,-0.021387,0.054417,-0.001745,0.033161,0.052792,-0.022034,0.146707,-0.033161,0.357191,0.335948,-0.118781,-0.003491,0.110998,0.103442
1771203788.650,2994,2,2,0.0000,0.2050,0.7949,0.0000,0.0000,0.0000,0.0000,0.013051,0.119631,0.000633,0.004077,0.004548,0.000000,0.000000,0.054909,0.044963,0.015858,-0.001745,-0.041243,-0.022565,0.003340,0.000000,-0.024201,0.037544,-0.001745,0.027925,0.061408,-0.070489,0.047411,-0.027925,0.378630,0.425016,-0.015995,-0.003491,0.246376,0.248801
1771203788.750,2997,2,2,0.0000,0.1429,0.8570,0.0000,0.0000,0.0000,0.0000,0.012604,0.115633,0.002241,0.004929,0.002627,0.000000,0.000000,0.052142,0.047414,0.006016,-0.001745,-0.041253,-0.012387,0.009692,0.000000,-0.012192,0.035985,-0.001745,0.027925,0.073825,-0.091086,0.026489,-0.026180,0.335724,0.414162,0.006672,-0.003491,0.262605,0.240198
1771203788.850,3000,2,2,0.0000,0.2492,0.7507,0.0000,0.0001,0.0000,0.0000,0.016048,0.128256,0.001106,0.007176,0.008046,0.000000,0.000000,0.029277,0.041608,-0.004314,-0.001745,-0.022779,0.015251,0.009550,0.000000,0.019816,0.077070,-0.001745,0.026180,0.063320,-0.081845,-0.016787,-0.024435,0.352536,0.446882,0.060421,-0.003491,0.312367,0.277368
1771203788.953,3003,1,2,0.0001,0.7360,0.2637,0.0001,0.0001,0.0000,0.0000,0.012795,0.019965,0.000255,0.005482,0.006632,0.000000,0.001745,0.027208,0.028763,-0.007720,-0.003491,-0.012242,0.012949,0.014702,0.000000,0.003923,0.064246,-0.001745,0.024435,-0.399780,-0.149920,-0.120645,-0.024435,-0.200865,0.045626,0.169514,-0.003491,-0.040021,-0.009533
1771203789.051,3006,1,1,0.0000,0.9967,0.0033,0.0000,0.0000,0.0000,0.0000,0.005946,0.008833,0.000704,0.003818,0.003165,0.000000,0.000000,0.034949,0.010778,-0.016903,-0.001745,-0.012390,-0.002682,0.025630,0.000000,-0.069126,-0.011495,-0.001745,0.024435,-0.552166,-0.201515,-0.023964,-0.022689,-0.606912,-0.199272,0.081560,-0.005236,-0.462351,-0.254322
1771203789.151,3009,1,1,0.0000,0.9998,0.0002,0.0000,0.0000,0.0000,0.0000,0.006521,0.007326,0.000892,0.002358,0.002496,0.000000,0.000000,0.059597,-0.001815,-0.006438,-0.001745,-0.021685,-0.023223,0.018655,0.000000,-0.044330,-0.016181,-0.001745,0.022689,-0.584427,-0.183933,0.065222,-0.020944,-0.453196,-0.132436,-0.016352,0.000000,-0.551161,-0.337730
1771203789.252,3012,1,1,0.0000,0.9999,0.0001,0.0000,0.0000,0.0000,0.0000,0.008475,0.006198,0.002326,0.003277,0.005726,0.000000,0.000000,0.052178,0.009441,0.039052,-0.003491,-0.087737,-0.046479,-0.021599,0.000000,-0.016143,0.001028,-0.001745,0.020944,-0.699935,-0.153050,0.053429,-0.017453,-0.444515,-0.067270,-0.001069,0.000000,-0.521542,-0.321175
1771203789.352,3015,1,1,0.0000,0.9999,0.0001,0.0000,0.0000,0.0000,0.0000,0.010043,0.006175,0.001293,0.003601,0.003107,0.000000,0.000000,0.032844,0.012657,0.072545,-0.001745,-0.070592,-0.047003,-0.051601,0.000000,0.002475,-0.000970,-0.003491,0.020944,-0.397335,-0.105545,0.053157,-0.013963,-0.326048,-0.040486,-0.002542,0.000000,-0.302956,-0.207005
1771203789.454,3018,1,1,0.0000,0.9999,0.0001,0.0000,0.0000,0.0000,0.0000,0.007303,0.007404,0.000549,0.002786,0.002641,0.000000,0.000000,0.026529,0.004986,0.049385,-0.001745,-0.048391,-0.025966,-0.031932,0.000000,0.006600,0.000137,-0.003491,0.017453,-0.127306,-0.065854,0.071399,-0.012217,-0.204844,-0.041760,-0.017294,0.000000,-0.202821,-0.148295
1771203789.553,3021,1,1,0.0000,0.9999,0.0001,0.0000,0.0000,0.0000,0.0000,0.008356,0.023687,0.000823,0.002380,0.002713,0.000000,0.000000,0.037983,0.004842,0.046413,-0.003491,-0.046927,-0.014640,-0.023724,0.000000,0.002168,0.008860,-0.001745,0.013963,0.148812,0.053056,0.067144,-0.008727,-0.037493,-0.068497,-0.002567,0.000000,0.001272,-0.005904
1771203789.653,3024,1,1,0.0000,0.9979,0.0021,0.0000,0.0000,0.0000,0.0000,0.009402,0.067980,0.002566,0.003457,0.006807,0.000000,0.000000,0.018102,0.005463,0.064549,-0.003491,-0.065362,-0.008474,-0.033134,0.000000,0.001572,0.023133,-0.001745,0.012217,0.184622,0.127328,0.065611,-0.005236,0.122615,-0.038112,-0.008015,0.000000,0.164245,0.139126
1771203789.754,3027,1,1,0.0000,0.9879,0.0121,0.0000,0.0000,0.0000,0.0000,0.011126,0.101314,0.001553,0.005313,0.005977,0.000000,0.000000,-0.009669,0.021890,0.045783,-0.003491,-0.048169,0.008030,-0.012622,0.000000,0.009552,0.048253,-0.001745,0.010472,0.081375,0.090012,0.039926,-0.003491,0.326676,0.076547,0.021160,-0.001745,0.342770,0.226824
1771203789.854,3030,1,1,0.0000,0.9483,0.0516,0.0000,0.0000,0.0000,0.0000,0.012276,0.065930,0.000282,0.002102,0.008935,0.000000,0.000000,-0.007229,0.054954,0.037343,-0.003491,-0.040287,0.004967,-0.002437,0.000000,0.003966,0.046083,-0.001745,0.010472,0.039323,0.002111,-0.061847,-0.003491,0.229696,0.050281,0.117698,0.000000,0.217912,0.123671
1771203789.953,3033,1,1,0.0000,0.9877,0.0123,0.0000,0.0000,0.0000,0.0000,0.017740,0.022324,0.000980,0.001471,0.004289,0.000000,0.001745,-0.005376,0.083843,0.017525,-0.005236,0.017745,0.026456,0.013891,0.000000,0.006217,0.045462,-0.001745,0.010472,0.000563,0.001464,-0.062150,-0.005236,0.091963,-0.007241,0.109274,0.001745,0.033783,0.018625
1771203790.055,3036,1,1,0.0000,0.9989,0.0011,0.0000,0.0000,0.0000,0.0000,0.023049,0.009234,0.002500,0.002085,0.001715,0.000000,0.000000,-0.016258,0.100038,-0.010891,-0.003491,0.036009,0.059398,0.031835,0.000000,-0.000825,0.049314,-0.003491,0.008727,0.013490,0.006138,-0.041098,-0.005236,0.002957,-0.031171,0.076005,0.003491,-0.009711,-0.004016
1771203790.156,3039,1,1,0.0000,0.9999,0.0001,0.0000,0.0000,0.0000,0.0000,0.013854,0.006981,0.002159,0.003034,0.001251,0.000000,0.001745,-0.006693,0.081915,-0.000545,-0.003491,0.000463,0.034737,0.023234,0.000000,-0.021476,0.024149,-0.001745,0.005236,-0.014566,0.001035,-0.042590,-0.005236,-0.061210,-0.050350,0.077497,0.000000,-0.027019,-0.005288
1771203790.256,3042,1,1,0.0000,0.9999,0.0001,0.0000,0.0000,0.0000,0.0000,0.009828,0.003739,0.002397,0.001118,0.001459,0.000000,0.001745,-0.003556,0.071205,0.015883,-0.003491,-0.015401,0.008621,-0.000175,0.000000,-0.014044,0.020485,-0.001745,0.005236,-0.017541,0.002982,0.003656,-0.005236,-0.087603,-0.054004,0.031250,0.001745,-0.041414,-0.008630
1771203790.354,3045,1,1,0.0000,0.9999,0.0001,0.0000,0.0000,0.0000,0.0000,0.018384,0.004913,0.001745,0.000977,0.001423,0.000000,0.000000,-0.004937,0.069758,0.024809,-0.003491,0.007940,0.019560,-0.005611,0.000000,0.019234,0.079306,-0.001745,0.003491,0.007096,0.007114,0.041253,-0.005236,-0.075216,-0.041236,-0.008092,0.000000,-0.042513,-0.005545
1771203790.455,3048,1,1,0.0000,0.9999,0.0001,0.0000,0.0000,0.0000,0.0000,0.018560,0.004838,0.001619,0.003025,0.001819,0.000000,0.000000,0.014985,0.077005,0.032079,-0.003491,0.001437,0.014422,-0.005899,0.000000,0.011086,0.071705,-0.001745,0.003491,0.011112,0.005060,0.037580,-0.003491,-0.057031,-0.032893,0.000818,0.000000,-0.024159,-0.001881
1771203790.555,3051,1,1,0.0000,0.9999,0.0000,0.0000,0.0000,0.0000,0.0000,0.026289,0.011229,0.001041,0.002039,0.001517,0.000000,0.000000,0.024879,0.064388,0.050697,-0.003491,-0.003816,0.015167,-0.019282,0.000000,0.049502,0.110837,-0.001745,0.003491,0.007170,0.003657,-0.008400,-0.003491,0.007415,-0.015752,0.034580,0.000000,0.057554,0.020878
1771203790.655,3054,1,1,0.0000,0.9998,0.0002,0.0000,0.0000,0.0000,0.0000,0.018303,0.037435,0.005051,0.004049,0.002472,0.000000,0.001745,0.002044,0.054148,0.062523,-0.003491,-0.012511,0.007410,-0.029361,0.000000,0.017095,0.074671,-0.003491,0.003491,0.037313,0.006850,-0.038285,-0.005236,0.078496,0.028310,0.060975,0.000000,0.139218,0.094566
1771203790.755,3057,1,1,0.0000,0.9976,0.0024,0.0000,0.0000,0.0000,0.0000,0.016351,0.063552,0.001691,0.003431,0.003577,0.000000,0.000000,-0.009668,0.064574,0.063524,-0.003491,-0.023812,0.002283,-0.030363,0.000000,0.002253,0.063573,-0.001745,0.005236,0.029227,0.018083,-0.018474,-0.003491,0.198791,0.128229,0.039417,0.001745,0.182830,0.159063
1771203790.855,3060,1,1,0.0000,0.9890,0.0110,0.0000,0.0000,0.0000,0.0000,0.017157,0.065309,0.001394,0.004076,0.002226,0.000000,0.000000,-0.003289,0.067056,0.055180,-0.005236,0.000804,0.008842,-0.018529,0.000000,0.012947,0.061059,-0.001745,0.005236,-0.100709,0.058128,-0.012789,-0.003491,0.245567,0.159666,0.030243,0.000000,0.144471,0.140401
1771203790.955,3063,1,1,0.0000,0.9593,0.0406,0.0000,0.0000,0.0000,0.0000,0.017385,0.059107,0.003272,0.001653,0.002129,0.000000,0.001745,0.003622,0.073536,0.030302,-0.005236,0.042037,0.019620,0.004604,0.000000,-0.002517,0.033151,-0.001745,0.005236,-0.028518,0.105361,0.063030,-0.003491,0.212405,0.135748,-0.049067,0.001745,0.081197,0.104559
1771203791.058,3066,1,1,0.0000,0.5635,0.4365,0.0000,0.0000,0.0000,0.0000,0.013470,0.163064,0.004009,0.003338,0.001755,0.000000,0.001745,0.036241,0.073098,0.045442,-0.005236,0.005110,-0.021870,-0.010535,0.000000,-0.092819,-0.088704,-0.001745,0.003491,0.622072,0.182022,0.255732,-0.005236,0.358551,0.237517,-0.236533,0.001745,0.145019,0.150614
1771203791.157,3069,2,2,0.0000,0.4857,0.5142,0.0000,0.0000,0.0000,0.0000,0.016338,0.102063,0.001101,0.003169,0.011162,0.000000,0.001745,0.058523,0.076822,0.058967,-0.003491,-0.061027,-0.069156,-0.020569,0.000000,-0.031272,-0.050872,-0.003491,0.005236,0.311224,0.097032,0.019849,-0.001745,0.175830,0.162589,0.001095,0.000000,0.236818,0.215084
1771203791.256,3072,1,2,0.0000,0.5298,0.4701,0.0000,0.0000,0.0000,0.0000,0.015531,0.070524,0.000479,0.000600,0.000312,0.000000,0.006981,0.048941,0.073779,0.056672,-0.003491,-0.050071,-0.045108,-0.014784,0.000000,-0.022766,-0.036957,-0.001745,0.005236,0.160889,0.011955,-0.063330,-0.001745,0.124694,0.180746,0.080783,0.003491,0.144530,0.133959
1771203791.356,3075,2,2,0.0000,0.3859,0.6141,0.0000,0.0000,0.0000,0.0000,0.013048,0.075978,0.000434,0.000805,0.001420,0.000000,0.001745,0.043353,0.071330,0.032842,-0.003491,-0.046388,-0.029111,0.007301,0.000000,-0.024606,-0.035551,-0.003491,0.008727,0.185611,-0.090629,-0.045234,0.012217,0.146305,0.207543,0.060942,0.001745,0.138694,0.149956
1771203791.456,3078,2,2,0.0000,0.2852,0.7147,0.0000,0.0000,0.0000,0.0000,0.023706,0.066994,0.000256,0.000717,0.002669,0.000000,0.001745,0.020138,0.066230,0.015271,-0.003491,-0.002371,0.030172,0.014400,0.000000,0.069850,0.066665,-0.003491,-0.012217,0.189653,-0.118002,-0.028027,0.017453,0.162163,0.199742,0.043735,0.001745,0.074926,0.114508
1771203791.557,3081,2,2,0.0000,0.4309,0.5691,0.0000,0.0000,0.0000,0.0000,0.018455,0.054696,0.001049,0.000616,0.001241,0.000000,0.001745,0.020174,0.036473,0.017578,-0.003491,-0.012929,0.032182,0.006856,0.000000,0.039255,0.067190,0.000000,-0.041888,0.231217,-0.130630,-0.005058,0.003491,0.134523,0.176379,0.022511,0.001745,-0.020028,0.086483
1771203791.657,3084,1,2,0.0000,0.5232,0.4767,0.0000,0.0000,0.0000,0.0000,0.009718,0.050983,0.000436,0.001678,0.001804,0.000000,0.000000,0.026016,0.007808,-0.016215,-0.001745,-0.033494,0.008738,0.035413,0.000000,-0.006410,0.038635,0.000000,-0.062832,0.260158,-0.157209,-0.007548,0.000000,0.103848,0.140722,0.016275,0.000000,-0.019097,0.090798
1771203791.757,3087,1,1,0.0001,0.6478,0.3521,0.0000,0.0000,0.0000,0.0000,0.011441,0.036559,0.001216,0.001835,0.001381,0.000000,0.001745,0.028342,-0.001270,-0.041321,-0.003491,-0.027740,0.002906,0.064010,0.000000,0.001119,0.039163,-0.001745,-0.071558,0.254879,-0.154049,-0.004287,0.003491,0.036119,0.047393,0.014759,-0.001745,-0.033272,0.082069
1771203791.857,3090,1,1,0.0000,0.7947,0.2052,0.0000,0.0000,0.0000,0.0000,0.011432,0.022662,0.003478,0.004163,0.003005,0.000000,0.001745,0.039258,0.002957,-0.046683,-0.001745,0.002910,0.002333,0.065882,0.000000,-0.011068,0.022103,-0.001745,-0.071558,0.212228,-0.084210,0.004084,0.001745,-0.106957,-0.050129,0.004643,-0.003491,-0.080526,0.049249
1771203791.958,3093,1,1,0.0000,0.9048,0.0951,0.0000,0.0000,0.0000,0.0000,0.008024,0.023220,0.000779,0.001820,0.001673,0.000000,0.003491,0.022206,0.008501,-0.027780,-0.001745,-0.002997,-0.003349,0.050469,0.000000,-0.014599,0.011617,0.000000,-0.064577,0.182430,-0.046573,0.076088,-0.001745,-0.075310,-0.065111,-0.065616,-0.005236,-0.095303,0.020122
1771203792.059,3096,1,1,0.0000,0.9279,0.0720,0.0000,0.0000,0.0000,0.0000,0.005810,0.025970,0.000506,0.001519,0.001129,0.000000,0.003491,-0.002971,0.035672,-0.002637,-0.003491,-0.005124,-0.003987,0.028817,0.001745,-0.039595,-0.009419,-0.003491,-0.036652,0.135043,-0.017862,0.066627,-0.003491,0.075676,0.015727,-0.052665,-0.005236,-0.059834,0.018568
1771203792.158,3099,1,1,0.0001,0.8730,0.1270,0.0000,0.0000,0.0000,0.0000,0.006755,0.031593,0.000980,0.003896,0.003570,0.000000,0.000000,0.012667,0.034404,-0.007808,-0.003491,-0.006162,-0.003967,0.032242,0.001745,-0.029544,-0.008096,-0.001745,-0.017453,0.094426,-0.001729,0.034913,-0.006981,0.120281,0.101819,-0.013969,-0.003491,-0.040137,0.027671
1771203792.259,3102,1,1,0.0000,0.7757,0.2242,0.0000,0.0000,0.0000,0.0000,0.008202,0.021052,0.000344,0.008801,0.010582,0.000000,0.001745,0.035362,0.032933,0.011599,-0.003491,-0.011595,-0.001960,0.005855,0.001745,-0.012855,0.009180,-0.001745,-0.013963,0.083348,0.004685,0.002996,-0.006981,0.094211,0.051187,0.016202,-0.001745,-0.034155,-0.013004
1771203792.359,3105,2,2,0.0000,0.2258,0.7742,0.0000,0.0000,0.0000,0.0000,0.004926,0.023239,0.000530,0.001513,0.000695,0.000000,0.000000,-0.000203,0.036082,0.009538,-0.003491,-0.003938,0.000404,0.004425,-0.001745,-0.002143,0.008669,-0.001745,-0.003491,0.059903,0.015138,-0.010311,-0.005236,0.106212,0.069844,0.027765,0.000000,-0.034398,-0.022006
1771203792.459,3108,1,2,0.0000,0.5856,0.4144,0.0000,0.0000,0.0000,0.0000,0.013521,0.014025,0.001175,0.003223,0.002566,0.000000,0.003491,0.000966,0.039588,0.015083,-0.003491,0.007757,0.021107,-0.004611,0.000000,0.033683,0.040572,-0.001745,-0.003491,0.065917,0.013233,0.008663,-0.005236,0.037017,0.034677,0.008790,-0.001745,-0.085735,-0.048214
1771203792.560,3111,1,1,0.0000,0.8600,0.1399,0.0000,0.0000,0.0000,0.0000,0.017224,0.019039,0.000879,0.004340,0.004560,0.000000,0.003491,-0.004708,0.015951,0.045960,-0.003491,0.013254,0.047070,-0.023271,0.000000,0.024847,0.056111,-0.001745,0.001745,0.112426,0.011160,0.074190,-0.008727,0.028945,-0.010621,-0.061972,0.000000,-0.105210,-0.064067
1771203792.660,3114,1,1,0.0000,0.9737,0.0262,0.0000,0.0000,0.0000,0.0000,0.012630,0.015941,0.000259,0.003019,0.002966,0.000000,0.003491,0.018795,0.009729,0.043087,-0.001745,-0.008300,0.022195,-0.016907,0.000000,0.007309,0.046958,-0.001745,0.003491,0.091159,0.019427,0.043855,-0.008727,0.033365,-0.000906,-0.033383,0.000000,-0.088230,-0.077558
1771203792.759,3117,1,1,0.0000,0.9765,0.0235,0.0000,0.0000,0.0000,0.0000,0.009062,0.018351,0.001254,0.000602,0.000195,0.000000,0.000000,0.026232,-0.001152,0.036090,-0.003491,-0.039563,-0.003069,-0.006419,0.000000,-0.002269,0.046419,-0.001745,0.003491,0.093853,0.034080,0.079069,-0.008727,0.009720,-0.033155,-0.061616,0.000000,-0.097557,-0.102073
1771203792.859,3120,1,1,0.0001,0.9976,0.0023,0.0000,0.0000,0.0000,0.0000,0.008814,0.016823,0.000636,0.002210,0.004514,0.000000,0.003491,0.023107,-0.010515,0.033851,-0.003491,-0.033890,0.001231,-0.000690,0.000000,-0.008292,0.044090,-0.001745,0.005236,0.090901,0.030882,0.074861,-0.008727,-0.093623,-0.088027,-0.053917,0.000000,-0.096745,-0.090391
1771203792.960,3123,1,1,0.0000,0.9998,0.0002,0.0000,0.0000,0.0000,0.0000,0.006971,0.014153,0.000245,0.001723,0.002595,0.000000,0.001745,0.007118,-0.013187,0.028948,-0.003491,-0.026847,0.002825,0.002468,0.000000,-0.006651,0.040547,-0.001745,0.003491,0.074159,0.036514,0.055676,-0.005236,-0.095388,-0.089059,-0.036477,0.000000,-0.092905,-0.099874
1771203793.060,3126,1,1,0.0001,0.9997,0.0002,0.0000,0.0000,0.0000,0.0000,0.005530,0.016686,0.000376,0.000564,0.002320,-0.001745,0.001745,0.008119,-0.001562,0.026689,-0.003491,-0.023458,-0.002027,0.004726,0.000000,-0.010638,0.025078,-0.001745,0.005236,0.082290,0.029963,0.082747,-0.005236,-0.100143,-0.067677,-0.060058,0.000000,-0.067131,-0.060413
1771203793.160,3129,1,1,0.0001,0.9998,0.0001,0.0000,0.0000,0.0000,0.0000,0.006139,0.015281,0.001788,0.002965,0.003049,0.000000,0.001745,0.012588,0.000541,0.031517,-0.003491,-0.028912,-0.009739,-0.003592,0.000000,-0.000769,0.027275,-0.001745,0.005236,0.072206,0.034992,0.070938,-0.005236,-0.036748,-0.030951,-0.046503,0.000000,-0.049136,-0.035633
1771203793.261,3132,1,1,0.0001,0.9997,0.0002,0.0000,0.0000,0.0000,0.0000,0.010891,0.024227,0.000563,0.000589,0.001297,0.000000,0.003491,0.025678,-0.005961,0.045839,-0.003491,-0.032362,-0.007331,-0.014423,0.000000,0.015422,0.040269,-0.001745,0.005236,0.056883,0.042243,-0.051355,-0.003491,0.048932,0.055912,0.074045,0.000000,-0.007808,0.007476
1771203793.361,3135,1,1,0.0023,0.9968,0.0003,0.0004,0.0000,0.0000,0.0003,0.015664,0.014289,0.000245,0.008165,0.008227,0.000000,0.001745,0.044149,-0.029150,0.056704,-0.003491,-0.026863,0.003818,-0.018307,0.000000,0.018721,0.062830,-0.001745,0.005236,0.025072,0.029458,-0.025553,-0.003491,0.006500,0.010220,0.048242,0.000000,0.016791,0.029954
1771203793.461,3138,1,1,0.0018,0.9974,0.0002,0.0003,0.0000,0.0000,0.0002,0.015250,0.019021,0.000344,0.005402,0.005150,0.000000,0.003491,0.037035,-0.025835,0.047461,-0.001745,0.005978,0.034497,-0.003828,0.000000,-0.001946,0.054534,-0.001745,0.005236,0.011365,0.006389,-0.014273,-0.005236,0.072325,0.008308,0.040453,0.000000,0.053624,0.030559
1771203793.563,3141,1,1,0.0013,0.9981,0.0001,0.0003,0.0000,0.0000,0.0002,0.016074,0.011310,0.000153,0.004705,0.004726,0.000000,0.006981,0.043722,-0.010706,0.043520,-0.001745,0.001579,0.029553,0.000113,0.000000,0.000053,0.067366,-0.001745,0.005236,-0.852063,-0.055652,-0.102555,-0.003491,-0.116939,-0.006141,0.130480,0.000000,-0.071654,-0.018317
1771203793.663,3144,1,1,0.0010,0.9986,0.0001,0.0002,0.0000,0.0000,0.0001,0.007116,0.007506,0.001058,0.004920,0.006169,0.000000,0.003491,0.045249,-0.006911,0.024660,-0.003491,-0.044078,-0.007615,0.011992,0.000000,-0.057220,-0.014505,-0.001745,0.005236,-0.797899,-0.128942,-0.062152,-0.005236,-0.404522,-0.196729,0.084841,0.000000,-0.295946,-0.136450
1771203793.763,3147,1,1,0.0008,0.9989,0.0001,0.0001,0.0000,0.0000,0.0001,0.010079,0.005439,0.001934,0.003667,0.002810,0.000000,0.003491,0.024477,0.053897,-0.007666,-0.003491,-0.048629,-0.009134,0.039082,0.000000,-0.056462,-0.036699,-0.001745,0.005236,-0.588645,-0.091711,0.060033,-0.005236,-0.403120,-0.200651,-0.035598,0.000000,-0.353513,-0.164482
1771203793.863,3150,1,1,0.0005,0.9991,0.0002,0.0001,0.0000,0.0000,0.0001,0.013382,0.078580,0.001167,0.006738,0.003981,0.000000,0.003491,0.060970,0.075175,0.007912,-0.001745,-0.049151,-0.028929,0.013032,0.000000,-0.053594,-0.045018,-0.001745,0.005236,0.277812,0.311471,0.134889,-0.003491,0.017809,-0.025750,-0.108709,0.000000,0.138681,0.057067
1771203793.963,3153,1,1,0.0002,0.9980,0.0015,0.0001,0.0000,0.0000,0.0001,0.012181,0.083723,0.002281,0.006398,0.006087,0.000000,0.008727,0.054504,0.068985,0.010144,-0.001745,-0.042265,-0.028558,0.003818,0.000000,-0.090045,-0.066778,-0.001745,0.005236,0.166897,0.181501,0.081569,-0.003491,0.180996,0.027178,-0.053644,0.000000,0.222865,0.138432
1771203794.063,3156,1,1,0.0002,0.9939,0.0054,0.0002,0.0000,0.0000,0.0002,0.011623,0.045036,0.003264,0.002526,0.003203,0.000000,0.003491,0.046399,0.079112,0.002858,-0.003491,-0.034692,-0.011642,0.007614,0.000000,-0.078837,-0.060513,-0.001745,0.005236,0.106231,0.027276,0.086934,-0.003491,0.100239,0.019051,-0.060754,0.000000,0.107279,0.088189
1771203794.163,3159,1,1,0.0001,0.9967,0.0030,0.0001,0.0000,0.0000,0.0001,0.010516,0.021219,0.000209,0.002257,0.004314,-0.001745,0.003491,0.025150,0.069656,-0.000502,-0.001745,0.002577,0.017835,0.007483,0.000000,-0.046384,-0.033071,-0.003491,0.005236,0.047107,-0.032446,0.042007,-0.001745,0.039594,0.011623,-0.012337,0.000000,0.043027,0.066038
1771203794.263,3162,1,1,0.0000,0.9998,0.0001,0.0000,0.0000,0.0000,0.0000,0.011128,0.006555,0.000639,0.003757,0.007218,0.000000,0.003491,0.019355,0.057122,-0.008963,-0.001745,0.010910,0.028464,0.014199,0.000000,-0.035625,-0.018570,-0.001745,0.003491,-0.232901,-0.010877,0.004008,-0.003491,-0.109018,-0.008204,0.022172,0.000000,-0.033407,0.048986
1771203794.364,3165,1,1,0.0000,1.0000,0.0000,0.0000,0.0000,0.0000,0.0000,0.007772,0.004253,0.000221,0.003197,0.009057,0.000000,0.001745,0.022430,0.032799,0.006284,-0.001745,-0.002121,0.020385,0.000697,0.000000,-0.007069,0.008925,-0.001745,0.005236,-0.074098,0.001469,-0.025134,-0.001745,-0.147465,-0.047488,0.044332,0.000000,-0.130157,-0.032102
1771203794.467,3168,1,1,0.0000,1.0000,0.0000,0.0000,0.0000,0.0000,0.0000,0.008353,0.009934,0.000457,0.001346,0.001435,0.000000,0.006981,0.027015,0.002990,0.004490,-0.001745,0.001041,0.013989,0.000746,-0.001745,0.016304,0.026683,0.000000,0.001745,-0.074384,0.013278,-0.079745,-0.001745,-0.074420,-0.027859,0.104180,0.000000,-0.066175,-0.012515
1771203794.567,3171,1,1,0.0000,0.9999,0.0000,0.0000,0.0000,0.0000,0.0000,0.007212,0.017367,0.000104,0.001947,0.003188,0.000000,0.003491,0.029529,0.009718,0.001282,-0.001745,-0.004046,0.004741,0.005699,0.003491,0.001730,0.026869,0.000000,0.003491,-0.116107,0.035847,-0.028369,-0.003491,0.037666,0.069772,0.052804,0.000000,-0.042493,0.008818
1771203794.668,3174,1,1,0.0000,0.9999,0.0001,0.0000,0.0000,0.0000,0.0000,0.007499,0.047077,0.001134,0.002791,0.002701,0.000000,0.001745,0.032736,0.012620,-0.013779,-0.003491,-0.000113,0.001943,0.019015,0.001745,-0.000877,0.020187,0.000000,0.000000,0.166036,0.175160,0.007709,-0.001745,0.060998,0.079242,0.014980,0.000000,-0.001770,0.060798
1771203794.768,3177,1,1,0.0000,0.9973,0.0027,0.0000,0.0000,0.0000,0.0000,0.009958,0.170710,0.001016,0.002838,0.008046,0.000000,0.000000,0.034438,0.009789,-0.017477,-0.003491,0.014351,0.007852,0.034930,0.000000,-0.006960,0.018138,0.000000,0.000000,0.640283,0.248634,0.128770,-0.003491,0.443860,0.245073,-0.111317,0.003491,0.211155,0.127256
1771203794.868,3180,1,1,0.0000,0.9816,0.0183,0.0000,0.0000,0.0000,0.0000,0.009006,0.113750,0.000746,0.002024,0.004299,0.000000,0.000000,0.028545,0.021266,-0.011041,-0.003491,0.002800,0.011550,0.031985,-0.003491,-0.020477,0.011920,-0.001745,0.005236,0.269749,0.114120,-0.001216,-0.003491,0.345354,0.316077,0.018669,0.000000,0.173861,0.121929
1771203794.968,3183,1,1,0.0001,0.9677,0.0321,0.0000,0.0001,0.0000,0.0001,0.008312,0.067821,0.000353,0.001075,0.004756,0.000000,0.003491,0.026923,0.041980,0.000037,-0.003491,-0.011056,0.004662,0.022652,0.000000,-0.039340,-0.003137,-0.001745,0.001745,0.150413,-0.045815,-0.001716,-0.001745,0.220765,0.227785,0.015679,0.000000,0.094179,0.103287
1771203795.069,3186,1,1,0.0000,0.9114,0.0886,0.0000,0.0000,0.0000,0.0000,0.008762,0.079194,0.000736,0.003181,0.002864,0.000000,0.006981,0.020328,0.045353,0.020605,-0.005236,-0.006994,0.004937,-0.004897,0.003491,-0.029155,0.003445,0.001745,-0.012217,0.097326,-0.131914,-0.009209,0.017453,0.261566,0.257080,0.031899,0.000000,0.125960,0.157302
1771203795.169,3189,1,1,0.0000,0.6432,0.3568,0.0000,0.0000,0.0000,0.0000,0.011662,0.089404,0.000895,0.001640,0.001147,0.000000,0.003491,0.020271,0.033003,0.042349,-0.005236,-0.013844,-0.000246,-0.017915,0.000000,0.009031,0.031797,0.001745,-0.038397,0.148907,-0.141921,0.032468,0.029671,0.289279,0.253913,-0.015015,0.000000,0.143432,0.173435
1771203795.269,3192,2,2,0.0000,0.4392,0.5608,0.0000,0.0000,0.0000,0.0000,0.012705,0.064847,0.001022,0.003096,0.002375,0.000000,0.006981,0.019903,0.028696,0.064364,-0.005236,-0.009016,-0.001322,-0.032948,-0.005236,0.000311,0.032210,0.000000,-0.069813,0.204288,-0.144274,0.019538,0.036652,0.193815,0.140302,0.001406,-0.006981,0.077420,0.104741
1771203795.370,3195,2,2,0.0000,0.4775,0.5224,0.0000,0.0000,0.0000,0.0000,0.011908,0.043643,0.001252,0.003622,0.001855,0.000000,0.003491,0.022885,0.031875,0.064900,-0.005236,-0.026316,-0.021915,-0.035229,0.000000,-0.008291,0.019751,-0.001745,-0.101229,0.233084,-0.178704,0.017707,0.041888,0.095220,0.041156,0.001491,-0.013963,0.046270,0.046900
1771203795.470,3198,1,1,0.0000,0.5899,0.4100,0.0000,0.0000,0.0000,0.0000,0.008880,0.041964,0.001013,0.003022,0.003064,0.000000,0.003491,0.020789,0.035280,0.045900,-0.005236,-0.049655,-0.031311,-0.014484,-0.001745,-0.012984,0.001097,-0.001745,-0.127409,0.253423,-0.193480,0.037781,0.041888,0.073167,0.020219,-0.018583,-0.013963,0.033046,0.044037
1771203795.571,3201,1,1,0.0000,0.5365,0.4635,0.0000,0.0000,0.0000,0.0000,0.009516,0.042659,0.001476,0.003187,0.002102,0.000000,0.003491,0.026864,0.038104,0.045736,-0.005236,-0.053629,-0.027956,-0.007339,0.000000,-0.038512,-0.027517,0.000000,-0.136136,0.214534,-0.147370,0.037759,0.036652,0.071534,0.035533,-0.011579,-0.015708,0.046257,0.069641
1771203795.671,3204,1,2,0.0001,0.6423,0.3576,0.0000,0.0000,0.0000,0.0000,0.009175,0.035634,0.000995,0.000503,0.000653,-0.001745,0.003491,0.028363,0.041590,0.035898,-0.005236,-0.037771,-0.018605,0.000754,-0.001745,-0.033214,-0.028254,-0.001745,-0.125664,0.196359,-0.087465,0.010031,0.019199,0.050165,0.029124,0.016149,-0.017453,0.040432,0.066150
1771203795.771,3207,1,1,0.0001,0.7707,0.2292,0.0000,0.0000,0.0000,0.0000,0.008453,0.032036,0.000907,0.002165,0.001113,0.000000,0.003491,0.012338,0.052444,0.017742,-0.005236,-0.033752,-0.005063,0.015419,0.000000,-0.023400,-0.013175,-0.001745,-0.106465,0.180842,-0.039975,-0.038517,-0.003491,0.036211,0.029897,0.055971,-0.013963,0.019257,0.062252
1771203795.872,3210,1,1,0.0001,0.7258,0.2741,0.0000,0.0000,0.0000,0.0000,0.007043,0.026387,0.000230,0.002078,0.002613,0.000000,0.003491,0.004436,0.053903,0.003742,-0.005236,-0.047933,-0.003515,0.018948,0.000000,-0.019587,-0.002958,-0.001745,-0.104720,0.172375,-0.016264,-0.050878,-0.008727,-0.028126,0.010895,0.064841,-0.006981,0.005144,0.063386
1771203795.972,3213,1,1,0.0001,0.5699,0.4300,0.0000,0.0000,0.0000,0.0000,0.008860,0.042985,0.000372,0.002712,0.002465,0.000000,0.003491,-0.003009,0.052391,0.006699,-0.005236,-0.039940,-0.001909,0.007263,0.000000,0.009792,0.026688,-0.001745,-0.094248,0.159112,0.000714,-0.265439,-0.005236,-0.791184,-0.448101,0.281147,-0.005236,-0.004022,0.074846
1771203796.073,3216,1,1,0.0001,0.6503,0.3496,0.0000,0.0000,0.0000,0.0000,0.024146,0.029717,0.000119,0.004942,0.003059,0.000000,0.003491,-0.002101,0.049904,0.045462,-0.005236,-0.035656,0.000706,-0.028009,0.000000,0.087462,0.102731,-0.001745,-0.043633,0.092951,-0.001731,-0.152174,-0.005236,-0.497631,-0.241255,0.166136,0.000000,-0.003672,0.097514
1771203796.173,3219,1,1,0.0000,0.8120,0.1879,0.0000,0.0000,0.0000,0.0000,0.018344,0.020582,0.000173,0.001570,0.001209,0.000000,0.006981,0.014200,0.034675,0.041939,-0.005236,-0.036548,0.000489,-0.017505,0.000000,0.046843,0.074996,-0.001745,-0.022689,0.078885,-0.009544,-0.040747,-0.006981,-0.144886,-0.056506,0.054709,0.001745,0.003004,0.108640
1771203796.272,3222,2,1,0.0000,0.0017,0.9983,0.0000,0.0000,0.0000,0.0000,0.014848,0.096776,0.000587,0.002600,0.002641,0.000000,0.003491,0.015972,0.028044,0.030878,-0.005236,-0.030652,0.013558,0.000538,0.000000,0.023552,0.062148,-0.001745,-0.006981,0.124689,-0.006123,0.194827,-0.006981,0.442703,0.312376,-0.186101,0.003491,-0.030298,0.083225
1771203796.372,3225,2,2,0.0000,0.0014,0.9985,0.0000,0.0000,0.0000,0.0000,0.011789,0.075949,0.000548,0.001054,0.002531,0.000000,0.003491,0.022820,0.024739,0.030654,-0.005236,-0.038777,-0.000266,0.000762,0.000000,0.001939,0.057059,-0.003491,0.000000,0.053630,-0.010099,0.145536,-0.005236,0.358166,0.278861,-0.131574,0.001745,-0.022855,0.073450
1771203796.473,3228,2,2,0.0000,0.0042,0.9957,0.0000,0.0000,0.0001,0.0000,0.011054,0.057120,0.000131,0.001717,0.002154,0.000000,0.003491,0.038275,0.024719,0.034159,-0.005236,-0.051954,-0.019785,-0.002743,0.000000,-0.005248,0.032008,-0.001745,0.000000,0.057704,-0.023833,0.146147,-0.006981,0.265453,0.170529,-0.126948,0.001745,-0.033842,0.043861
1771203796.573,3231,1,2,0.0001,0.9401,0.0598,0.0000,0.0000,0.0000,0.0000,0.021123,0.032143,0.000285,0.002314,0.004470,0.000000,0.006981,0.046297,0.030017,0.025898,-0.005236,-0.033178,0.001197,0.005518,0.000000,0.046875,0.090690,0.000000,-0.003491,0.082263,-0.028918,0.133304,-0.006981,0.151256,0.017147,-0.107124,0.001745,-0.101167,-0.048402
1771203796.674,3234,1,1,0.0000,0.9833,0.0167,0.0000,0.0000,0.0000,0.0000,0.014780,0.027365,0.000385,0.002665,0.003926,0.000000,0.003491,0.039790,0.036815,0.019616,-0.005236,-0.037717,0.001761,0.006564,0.000000,0.006759,0.062564,-0.001745,-0.003491,0.120101,-0.013545,0.117510,-0.008727,0.089018,-0.057923,-0.087840,0.001745,-0.134544,-0.108399
1771203796.774,3237,1,1,0.0000,0.9909,0.0091,0.0000,0.0000,0.0000,0.0000,0.013784,0.021280,0.000323,0.005683,0.003118,0.000000,0.003491,0.044003,0.029815,0.023638,-0.005236,-0.047412,-0.002812,-0.000949,0.000000,0.005313,0.059151,-0.001745,-0.003491,0.105001,0.001987,0.052965,-0.008727,0.095402,-0.028153,-0.025040,0.000000,-0.073499,-0.073774
1771203796.875,3240,1,1,0.0000,0.9864,0.0136,0.0000,0.0000,0.0000,0.0000,0.016283,0.018546,0.000396,0.000883,0.002546,0.000000,0.003491,0.047486,0.023776,0.027419,-0.005236,-0.036905,0.004875,0.000506,0.000000,0.013765,0.074081,-0.001745,0.000000,0.093897,0.011434,0.026772,-0.008727,0.084063,-0.002268,0.006389,0.000000,-0.040640,-0.055696
1771203796.975,3243,1,1,0.0000,0.9965,0.0035,0.0000,0.0000,0.0000,0.0000,0.018258,0.015685,0.002009,0.000738,0.000458,0.000000,0.003491,0.054994,0.030987,-0.004498,-0.005236,0.004414,0.032320,0.027188,0.000000,0.000219,0.065480,0.000000,0.003491,0.092548,0.016743,0.030913,-0.005236,0.042779,-0.016366,-0.006479,0.001745,-0.037375,-0.051750
1771203797.075,3246,1,1,0.0000,0.9958,0.0041,0.0000,0.0000,0.0000,0.0000,0.011981,0.016107,0.000228,0.002440,0.005157,0.000000,0.003491,0.035232,0.031958,0.002705,-0.005236,-0.001022,0.018853,0.014748,0.000000,-0.017212,0.036790,0.000000,0.003491,0.074373,0.023188,0.069991,-0.006981,0.022238,-0.014760,-0.042066,0.000000,-0.062366,-0.066138
1771203797.175,3249,1,1,0.0000,0.9990,0.0009,0.0000,0.0000,0.0000,0.0000,0.006628,0.011359,0.000196,0.005186,0.006000,-0.001745,0.008727,0.002999,0.019548,0.006786,-0.005236,-0.025134,0.006637,0.003686,0.000000,-0.026814,0.031153,-0.001745,0.005236,0.063522,0.019026,0.048520,-0.006981,-0.014558,-0.031047,-0.018849,0.000000,-0.055448,-0.084211
1771203797.276,3252,1,1,0.0000,0.9999,0.0001,0.0000,0.0000,0.0000,0.0000,0.005142,0.010234,0.000174,0.004207,0.003040,0.000000,0.003491,-0.000289,0.012772,0.016024,-0.005236,-0.034174,0.000726,-0.003807,0.000000,-0.012098,0.028692,0.000000,0.005236,0.077881,0.011764,0.008050,-0.005236,-0.056303,-0.078809,0.019875,0.000000,-0.056539,-0.105985
1771203797.376,3255,1,1,0.0000,0.9999,0.0000,0.0000,0.0000,0.0000,0.0000,0.001939,0.009506,0.000529,0.002491,0.002710,0.000000,0.003491,-0.003185,0.005816,0.011087,-0.005236,-0.044126,-0.015584,0.002876,0.000000,-0.027637,-0.007227,0.000000,0.005236,0.087895,-0.015985,0.012121,-0.006981,-0.076681,-0.091044,0.008823,0.000000,-0.055007,-0.087901
1771203797.476,3258,1,1,0.0000,0.9999,0.0000,0.0000,0.0000,0.0000,0.0000,0.007101,0.008186,0.001844,0.000546,0.002966,0.000000,0.006981,0.005916,0.008776,-0.010549,-0.003491,0.007004,0.014033,0.021021,0.000000,0.007507,0.013978,0.000000,0.005236,0.072055,-0.007445,0.001926,-0.006981,-0.048849,-0.077753,0.019018,0.000000,-0.056784,-0.092695
1771203797.576,3261,1,1,0.0000,0.9999,0.0000,0.0000,0.0000,0.0000,0.0000,0.005472,0.009504,0.000707,0.002738,0.003007,0.000000,0.003491,0.016036,0.013987,-0.004924,-0.005236,-0.003709,0.005974,0.015396,0.000000,-0.005181,0.010782,-0.001745,0.005236,0.059552,-0.001699,0.009763,-0.006981,0.035293,-0.045629,0.004200,0.000000,-0.033335,-0.092716
1771203797.676,3264,1,1,0.0000,0.9999,0.0000,0.0000,0.0000,0.0000,0.0000,0.004698,0.018570,0.000318,0.005407,0.004708,0.000000,0.003491,0.024957,0.016291,-0.002910,-0.005236,-0.022921,-0.005201,0.011636,0.000000,-0.025167,-0.002298,0.000000,0.005236,0.021415,0.000755,0.021463,-0.006981,0.129336,0.019295,-0.007500,0.000000,0.025341,-0.056698
1771203797.777,3267,1,1,0.0000,0.9999,0.0000,0.0000,0.0000,0.0000,0.0000,0.003717,0.010043,0.002399,0.004280,0.006732,-0.001745,0.006981,0.013075,0.015056,0.008976,-0.005236,-0.013200,0.000517,-0.003740,0.000000,-0.015617,-0.003787,0.000000,0.005236,-0.008452,0.000203,0.016580,-0.006981,0.071558,0.008447,0.000873,0.000000,0.017622,-0.059025
1771203797.877,3270,1,1,0.0000,1.0000,0.0000,0.0000,0.0000,0.0000,0.0000,0.009233,0.006679,0.002214,0.001517,0.006925,0.000000,0.003491,0.019527,0.026353,0.061425,-0.005236,-0.022645,-0.003317,-0.045717,0.000000,-0.046433,-0.023713,-0.001745,0.005236,-0.016204,0.002444,0.014611,-0.006981,0.046620,0.001407,0.001097,0.000000,0.008728,-0.057365
1771203797.977,3273,1,1,0.0000,1.0000,0.0000,0.0000,0.0000,0.0000,0.0000,0.009591,0.009326,0.000265,0.002038,0.003198,0.000000,0.008727,-0.009928,0.049396,0.056965,-0.005236,-0.021807,-0.001332,-0.039512,0.000000,-0.054541,-0.033481,0.000000,0.006981,-0.027833,0.026122,0.021264,-0.005236,0.032183,0.013934,-0.002066,0.000000,0.011429,-0.023030
1771203798.078,3276,1,1,0.0005,0.9993,0.0001,0.0000,0.0000,0.0000,0.0001,0.014841,0.007666,0.001057,0.000766,0.001993,0.000000,0.003491,0.007650,0.054942,0.078508,-0.005236,-0.026667,-0.002861,-0.055819,0.000000,0.015907,0.017591,0.000000,0.006981,-0.021753,0.032367,0.004402,-0.006981,0.010934,0.024253,0.013052,-0.001745,-0.002527,-0.002637
1771203798.184,3279,1,1,0.0008,0.9990,0.0001,0.0001,0.0000,0.0000,0.0001,0.015460,0.004977,0.000450,0.000399,0.004913,0.000000,0.003491,0.013399,0.063772,0.060851,-0.005236,-0.033602,-0.004643,-0.034671,0.000000,0.014087,0.029914,0.000000,0.006981,-0.057736,0.022646,0.030096,-0.006981,-0.068838,-0.003045,-0.012642,-0.001745,-0.064580,-0.005950
1771203798.285,3282,1,1,0.0005,0.9993,0.0001,0.0001,0.0000,0.0000,0.0001,0.017099,0.007452,0.000715,0.005457,0.008640,0.000000,0.003491,0.019443,0.069628,0.054517,-0.005236,-0.031916,-0.002631,-0.024847,0.000000,0.013556,0.044556,-0.001745,0.006981,-0.662027,0.022783,0.059657,-0.006981,-0.443064,-0.127435,-0.028241,0.000000,-0.193432,-0.042995
1771203798.385,3285,1,1,0.0011,0.9985,0.0001,0.0001,0.0000,0.0000,0.0001,0.018510,0.009225,0.000570,0.002115,0.001862,0.000000,0.006981,0.011277,0.091570,0.041226,-0.005236,0.005744,0.025336,-0.001083,0.000000,-0.000073,0.039988,-0.001745,0.006981,-0.546125,0.036450,0.067271,-0.006981,-0.220398,-0.121264,-0.032364,0.000000,-0.145398,-0.067650
1771203798.486,3288,1,1,0.0017,0.9978,0.0001,0.0002,0.0000,0.0000,0.0002,0.015441,0.008734,0.001006,0.000893,0.002877,0.000000,0.003491,0.005736,0.076593,0.020041,-0.005236,-0.001321,0.026950,0.014866,0.000000,-0.003835,0.037614,-0.003491,0.006981,-0.385908,-0.036703,0.097827,-0.006981,-0.197530,-0.097336,-0.057684,-0.001745,-0.225440,-0.095748
1771203798.585,3291,1,1,0.0022,0.9970,0.0002,0.0003,0.0000,0.0000,0.0003,0.019152,0.004726,0.001273,0.001110,0.000703,0.000000,0.003491,-0.013545,0.071203,0.001975,-0.005236,0.031692,0.058172,0.022460,0.000000,-0.001250,0.040837,-0.003491,0.006981,-0.265081,-0.060239,-0.007847,-0.006981,-0.208933,-0.116345,0.049735,-0.001745,-0.232486,-0.173304
1771203798.686,3294,1,1,0.0024,0.9965,0.0002,0.0006,0.0000,0.0000,0.0003,0.015733,0.004654,0.000693,0.006160,0.006745,0.000000,0.003491,-0.000369,0.066338,0.002043,-0.005236,0.012758,0.047941,0.017155,0.000000,-0.005447,0.039073,-0.006981,0.006981,-0.073592,-0.015679,0.044706,-0.005236,-0.220999,-0.108440,0.004163,-0.001745,-0.273400,-0.187092
1771203798.786,3297,1,1,0.0022,0.9967,0.0003,0.0005,0.0000,0.0000,0.0003,0.011552,0.031562,0.000692,0.004909,0.003113,0.000000,0.003491,0.006969,0.058875,0.001068,-0.005236,-0.001045,0.033170,0.011149,0.000000,-0.023286,0.023905,-0.005236,0.006981,-0.006354,0.205977,0.165780,-0.006981,-0.161799,-0.084808,-0.116911,-0.001745,-0.350273,-0.243582
1771203798.886,3300,1,1,0.0018,0.9952,0.0020,0.0004,0.0000,0.0000,0.0006,0.009778,0.097903,0.000828,0.001479,0.000843,0.000000,0.003491,0.022109,0.053847,0.011170,-0.005236,-0.013354,0.013273,-0.002443,0.000000,-0.024703,0.013442,-0.005236,0.006981,0.613339,0.426967,0.127551,-0.006981,-0.100280,-0.059157,-0.078682,-0.003491,-0.143701,-0.164158
1771203798.986,3303,1,1,0.0005,0.9765,0.0223,0.0002,0.0002,0.0000,0.0003,0.009230,0.148573,0.000287,0.000509,0.010538,0.000000,0.008727,0.016645,0.047082,0.024338,-0.003491,-0.028538,-0.002398,-0.008630,0.000000,-0.014363,0.013964,-0.005236,0.006981,1.596320,-0.455531,0.101110,-0.006981,0.078465,-0.141372,-0.052240,-0.001745,-0.020433,-0.237365
1771203799.087,3306,1,1,0.0001,0.9544,0.0451,0.0001,0.0002,0.0000,0.0001,0.008054,0.056055,0.000272,0.000423,0.004855,0.000000,0.008727,0.012316,0.049977,0.025065,-0.003491,-0.027220,0.000219,-0.000630,0.000000,-0.026475,0.000344,-0.005236,0.006981,0.591272,-0.267035,0.047033,-0.006981,0.005125,-0.094248,0.000091,-0.001745,0.022160,-0.155334
1771203799.187,3309,1,1,0.0000,0.9986,0.0014,0.0000,0.0000,0.0000,0.0000,0.008522,0.026002,0.000217,0.002197,0.009099,0.000000,0.006981,-0.000558,0.069475,0.020353,-0.005236,-0.023266,0.001375,0.004081,0.000000,-0.026630,-0.006942,-0.003491,0.006981,-0.098073,-0.155334,0.006768,-0.006981,0.112621,-0.068068,0.043847,-0.001745,0.141808,-0.111701
1771203799.288,3312,1,1,0.0000,0.9994,0.0006,0.0000,0.0000,0.0000,0.0000,0.009019,0.070437,0.000302,0.001146,0.001009,0.000000,0.003491,-0.000707,0.070122,0.021506,-0.005236,-0.020624,0.001958,0.001183,0.000000,-0.006472,0.009962,-0.005236,0.006981,0.290628,-0.092502,-0.072211,-0.006981,0.129578,-0.052360,0.126316,-0.003491,0.291741,-0.085521
1771203799.388,3315,1,1,0.0000,0.9958,0.0042,0.0000,0.0000,0.0000,0.0000,0.007942,0.142580,0.000279,0.005579,0.007640,0.000000,0.003491,0.001931,0.067479,0.021108,-0.005236,-0.017142,0.001278,-0.000164,0.000000,-0.008988,0.000017,-0.005236,0.006981,0.442446,-0.055851,-0.171583,-0.006981,0.405846,-0.041888,0.227434,-0.001745,0.628259,-0.069813
1771203799.489,3318,1,1,0.0000,0.9769,0.0231,0.0000,0.0000,0.0000,0.0000,0.008572,0.082558,0.000568,0.001282,0.001243,0.000000,0.003491,-0.001499,0.069321,0.030049,-0.003491,-0.015976,-0.001130,-0.003869,0.000000,-0.017904,-0.009327,-0.005236,0.006981,0.307851,-0.034907,-0.045881,-0.006981,0.272640,-0.036652,0.094750,-0.001745,0.308477,-0.062832
1771203799.589,3321,1,1,0.0000,0.9576,0.0424,0.0000,0.0000,0.0000,0.0000,0.010151,0.032968,0.000263,0.003648,0.003082,0.000000,0.003491,-0.003262,0.081626,0.033829,-0.005236,-0.009613,0.002864,-0.005903,0.000000,-0.010498,-0.004812,-0.003491,0.006981,-0.011980,-0.015708,-0.007143,-0.006981,0.143901,-0.031416,0.056012,-0.001745,0.188717,-0.055851
1771203799.689,3324,1,1,0.0000,0.9898,0.0101,0.0000,0.0000,0.0000,0.0000,0.012576,0.025705,0.001352,0.005250,0.008134,0.000000,0.003491,-0.007997,0.075941,0.027871,-0.003491,0.013630,0.023852,0.003545,0.000000,0.000207,0.002370,-0.005236,0.006981,-0.362889,-0.003491,-0.020791,-0.006981,0.118841,-0.024435,0.073151,-0.001745,0.109488,-0.050615
1771203799.789,3327,1,1,0.0000,0.9996,0.0004,0.0000,0.0000,0.0000,0.0000,0.013297,0.020162,0.000613,0.005595,0.003345,-0.001745,0.003491,0.017584,0.053288,0.019835,-0.005236,0.010428,0.027422,0.008091,0.000000,0.011499,0.007922,-0.003491,0.006981,-0.460917,-0.003491,-0.060433,-0.005236,0.110804,-0.017453,0.112793,-0.001745,0.011363,-0.048869
1771203799.891,3330,1,1,0.0000,0.9999,0.0001,0.0000,0.0000,0.0000,0.0000,0.009992,0.012533,0.001454,0.003397,0.003929,0.000000,0.003491,0.044151,0.026489,0.016481,-0.003491,-0.006824,0.015070,0.007953,0.000000,0.000629,0.005639,-0.003491,0.006981,-0.386818,-0.001745,-0.043636,-0.005236,0.057897,-0.008727,0.085524,-0.001745,-0.052589,-0.047124
1771203799.990,3333,1,1,0.0000,0.9999,0.0001,0.0000,0.0000,0.0000,0.0000,0.008326,0.003636,0.000729,0.002315,0.001425,0.000000,0.003491,0.036681,0.028611,-0.009583,-0.005236,-0.013758,0.004095,0.027036,0.000000,-0.018406,-0.001389,-0.003491,0.006981,-0.289753,-0.001745,0.002235,-0.006981,-0.402538,-0.006981,0.034417,0.000000,-0.443702,-0.045379
1771203800.090,3336,1,1,0.0000,0.9999,0.0001,0.0000,0.0000,0.0000,0.0000,0.007990,0.005236,0.000432,0.004537,0.005142,0.000000,0.003491,0.001951,0.042160,-0.017592,-0.005236,-0.011431,0.004510,0.043772,0.000000,-0.019133,-0.001539,-0.003491,0.005236,-0.198741,-0.001745,-0.017458,-0.005236,-0.210127,-0.003491,0.057601,-0.001745,-0.246224,-0.043633
1771203800.190,3339,1,1,0.0000,0.9999,0.0001,0.0000,0.0000,0.0000,0.0000,0.009146,0.024561,0.001496,0.003807,0.004805,0.000000,0.003491,0.000547,0.042213,-0.008146,-0.005236,0.005513,0.014062,0.043052,0.000000,-0.017970,0.000871,-0.003491,0.005236,-0.131487,-0.003491,-0.012516,-0.005236,0.233343,-0.001745,0.056149,-0.001745,-0.009966,-0.043633
1771203800.292,3342,1,1,0.0000,0.9999,0.0001,0.0000,0.0000,0.0000,0.0000,0.022731,0.029289,0.001138,0.003074,0.003462,0.000000,0.003491,-0.003314,0.057988,-0.008178,-0.005236,0.037408,0.042514,0.046575,0.000000,0.036062,0.048733,-0.003491,0.005236,0.023909,-0.001745,-0.004785,-0.005236,0.206976,-0.001745,0.048418,-0.001745,0.066933,-0.043633
1771203800.391,3345,1,1,0.0000,0.9991,0.0009,0.0000,0.0000,0.0000,0.0000,0.020818,0.044853,0.000548,0.003028,0.004048,-0.001745,0.003491,0.005091,0.061562,-0.008331,-0.005236,0.013549,0.035052,0.043238,0.000000,0.028401,0.059431,0.000000,0.000000,0.295506,-0.001745,0.051473,-0.006981,0.130664,-0.001745,-0.011330,-0.001745,0.060593,-0.043633
1771203800.491,3348,1,1,0.0000,0.9874,0.0126,0.0000,0.0000,0.0000,0.0000,0.015713,0.140405,0.000620,0.001898,0.002762,0.000000,0.006981,0.025001,0.042064,0.010333,-0.005236,-0.015651,0.016015,0.024574,0.000000,0.009971,0.053621,-0.005236,0.005236,0.656153,0.000000,0.128173,-0.005236,0.431406,-0.001745,-0.093266,-0.001745,0.463892,-0.043633
1771203800.591,3351,1,1,0.0000,0.9555,0.0444,0.0000,0.0000,0.0000,0.0000,0.010808,0.185388,0.000336,0.002336,0.005310,0.000000,0.003491,0.021086,0.046537,0.013191,-0.005236,-0.008090,0.004955,0.011243,0.000000,-0.007486,0.029192,-0.003491,0.006981,1.117960,0.000000,0.257205,-0.005236,0.477729,-0.001745,-0.232770,-0.003491,0.364780,-0.041888
1771203800.692,3354,1,1,0.0001,0.8978,0.1020,0.0000,0.0001,0.0000,0.0001,0.010595,0.149431,0.000514,0.003811,0.007526,-0.001745,0.003491,0.017961,0.068549,0.017977,-0.005236,0.003158,0.004203,0.002967,0.000000,-0.016850,0.008838,0.000000,-0.003491,0.871718,0.013963,0.131947,-0.003491,0.499426,0.003491,-0.104022,0.000000,0.272627,-0.017453
1771203800.792,3357,1,1,0.0000,0.7347,0.2652,0.0000,0.0001,0.0000,0.0000,0.015676,0.147014,0.000085,0.004658,0.004545,-0.001745,0.006981,0.003844,0.084727,0.039123,-0.005236,0.012042,0.008652,-0.012943,0.000000,0.002919,0.029820,0.005236,-0.019199,0.879122,0.036652,0.058476,0.019199,0.454125,0.036652,-0.013098,0.000000,0.272963,0.001745
1771203800.892,3360,1,1,0.0000,0.5555,0.4444,0.0000,0.0000,0.0000,0.0000,0.013400,0.141104,0.000386,0.002701,0.001604,-0.001745,0.006981,0.002432,0.077749,0.040916,-0.005236,0.002805,0.005814,-0.007755,0.000000,-0.007383,0.024108,0.005236,-0.020944,0.928835,0.047124,0.085843,0.022689,0.290644,0.050615,-0.023012,0.000000,0.255276,0.006981
1771203800.992,3363,2,2,0.0000,0.4086,0.5913,0.0000,0.0001,0.0000,0.0000,0.009104,0.146022,0.000630,0.002786,0.001198,-0.001745,0.003491,0.005193,0.062912,0.034413,-0.005236,-0.005553,0.000996,0.002239,0.000000,-0.038994,-0.004314,0.003491,-0.017453,0.951683,0.050615,0.041235,0.031416,0.321763,0.055851,0.032069,0.000000,0.257163,0.006981
1771203801.094,3366,2,2,0.0000,0.3739,0.6259,0.0000,0.0001,0.0000,0.0000,0.007643,0.150395,0.000539,0.002478,0.000767,-0.001745,0.003491,0.005470,0.053085,0.029534,-0.005236,-0.031256,-0.011432,0.000137,-0.001745,-0.036936,-0.012152,0.001745,-0.008727,0.972805,0.061087,0.023100,0.038397,0.332180,0.066323,0.050204,0.000000,0.250169,0.008727
1771203801.193,3369,2,2,0.0000,0.2025,0.7974,0.0000,0.0001,0.0000,0.0000,0.008598,0.154848,0.000338,0.004715,0.004875,-0.001745,0.003491,0.005523,0.054554,0.039603,-0.005236,-0.065202,-0.029390,-0.008187,-0.001745,-0.038248,-0.021879,0.000000,0.000000,0.990186,0.075049,0.091946,0.036652,0.328609,0.075049,-0.018643,-0.003491,0.251962,0.008727
1771203801.294,3372,2,2,0.0000,0.2109,0.7888,0.0000,0.0002,0.0000,0.0000,0.009901,0.135648,0.000692,0.003909,0.001610,-0.001745,0.003491,0.012846,0.049763,0.052716,-0.005236,-0.065681,-0.028244,-0.012573,0.000000,-0.006265,-0.000772,0.000000,0.001745,0.967595,0.087266,0.064561,0.036652,0.190771,0.078540,0.008743,-0.008727,0.183180,0.008727
1771203801.394,3375,2,2,0.0000,0.1776,0.8220,0.0000,0.0004,0.0000,0.0000,0.011227,0.128404,0.000304,0.004272,0.003790,-0.001745,0.008727,0.008146,0.051940,0.052953,-0.005236,-0.045195,-0.015758,-0.009320,0.000000,0.004966,0.007994,0.000000,0.003491,0.950160,0.099484,-0.010756,0.034907,0.103580,0.078540,0.084060,-0.006981,0.177897,0.008727
1771203801.494,3378,2,2,0.0000,0.1220,0.8775,0.0000,0.0004,0.0000,0.0000,0.009896,0.126783,0.000849,0.002201,0.003615,-0.001745,0.003491,0.009587,0.051810,0.043321,-0.005236,-0.027958,-0.003140,0.000312,0.000000,0.003795,0.006438,-0.001745,0.006981,0.973301,0.106465,-0.055060,0.036652,0.036250,0.078540,0.128364,-0.006981,0.146118,0.008727
1771203801.595,3381,2,2,0.0000,0.0765,0.9231,0.0000,0.0003,0.0000,0.0000,0.010234,0.130847,0.001223,0.001904,0.002991,-0.001745,0.006981,0.009999,0.057091,0.039799,-0.005236,-0.005802,-0.000324,0.002089,-0.001745,0.001575,0.005279,0.000000,0.010472,1.001833,0.109956,-0.023754,0.036652,0.093168,0.076794,0.097058,-0.006981,0.135504,0.008727
1771203801.695,3384,2,2,0.0000,0.0421,0.9577,0.0000,0.0002,0.0000,0.0000,0.010222,0.127552,0.001281,0.003764,0.002732,-0.003491,0.006981,0.015276,0.056759,0.043648,-0.005236,-0.043580,-0.029885,-0.003505,-0.001745,-0.057909,-0.048902,-0.001745,0.010472,0.995425,0.109956,-0.032105,0.036652,0.116684,0.076794,0.105409,-0.008727,0.070511,0.008727
1771203801.795,3387,2,2,0.0000,0.0321,0.9677,0.0000,0.0001,0.0000,0.0000,0.009093,0.125532,0.000855,0.002176,0.001524,-0.003491,0.006981,0.037294,0.026440,0.030901,-0.005236,-0.108896,-0.055366,0.007497,0.000000,-0.097444,-0.072561,0.000000,0.010472,0.990158,0.109956,-0.059967,0.034907,0.097780,0.076794,0.133271,-0.008727,0.044320,0.008727
1771203801.896,3390,2,2,0.0000,0.0254,0.9745,0.0000,0.0001,0.0000,0.0000,0.007812,0.116604,0.001602,0.003458,0.002385,-0.001745,0.006981,0.055343,-0.013356,0.006940,-0.003491,-0.076840,-0.044954,0.024476,0.000000,-0.071764,-0.056415,-0.001745,0.012217,1.067450,0.109956,-0.017643,0.034907,-0.045260,0.076794,0.090947,-0.008727,-0.023782,0.006981
1771203801.995,3393,2,2,0.0000,0.0168,0.9831,0.0000,0.0001,0.0000,0.0000,0.007340,0.116169,0.001772,0.001019,0.001098,-0.001745,0.006981,0.056660,-0.016914,0.002960,-0.005236,-0.045511,-0.023964,0.021474,0.000000,-0.052310,-0.043814,-0.003491,0.012217,1.079874,0.108210,0.020474,0.034907,-0.106096,0.076794,0.052830,-0.008727,-0.044977,0.008727
1771203802.095,3396,2,2,0.0000,0.0294,0.9704,0.0000,0.0002,0.0000,0.0001,0.006753,0.116754,0.000824,0.002867,0.003182,-0.001745,0.006981,0.054858,-0.025252,0.000367,-0.005236,-0.027309,-0.000478,0.018832,0.000000,-0.031150,-0.016089,-0.005236,0.012217,1.083401,0.109956,0.024381,0.034907,-0.171456,0.078540,0.048923,-0.008727,-0.071346,0.008727
1771203802.196,3399,2,2,0.0000,0.0387,0.9610,0.0000,0.0002,0.0000,0.0001,0.005988,0.111803,0.000640,0.002296,0.002237,-0.001745,0.003491,0.056147,-0.021028,0.002890,-0.005236,-0.042700,-0.009225,0.009328,0.000000,-0.024462,-0.004840,-0.006981,0.010472,1.015075,0.108210,-0.010654,0.036652,-0.093551,0.078540,0.083958,-0.008727,-0.052272,0.008727
1771203802.296,3402,2,2,0.0000,0.0430,0.9568,0.0000,0.0002,0.0000,0.0001,0.007030,0.110092,0.001335,0.003152,0.002366,-0.001745,0.003491,0.053219,-0.003239,0.013361,-0.005236,-0.038958,-0.001751,-0.001143,0.000000,-0.005608,0.014293,-0.006981,0.008727,0.988986,0.108210,-0.014471,0.036652,-0.046277,0.082030,0.087775,-0.008727,-0.047384,0.008727
1771203802.396,3405,2,2,0.0000,0.0423,0.9574,0.0000,0.0001,0.0000,0.0001,0.026377,0.109065,0.003104,0.010673,0.010068,-0.001745,0.003491,0.050492,0.000214,0.005091,-0.005236,0.029230,0.052640,0.014107,0.000000,0.060953,0.100311,-0.006981,0.010472,0.939063,0.108210,-0.043100,0.034907,-0.005849,0.087266,0.116404,-0.008727,0.003735,0.008727
1771203802.497,3408,2,2,0.0000,0.0262,0.9734,0.0000,0.0002,0.0000,0.0002,0.037318,0.115787,0.002100,0.004491,0.002988,-0.001745,0.006981,0.028524,0.000793,-0.006140,-0.005236,0.074453,0.111305,0.028830,-0.001745,0.070765,0.126168,-0.006981,0.010472,0.956485,0.109956,-0.044191,0.033161,0.030793,0.090757,0.117495,-0.008727,0.031597,0.008727
1771203802.597,3411,2,2,0.0000,0.0204,0.9784,0.0000,0.0008,0.0000,0.0003,0.043183,0.122120,0.002021,0.001576,0.002081,-0.001745,0.003491,-0.004990,0.000699,-0.001898,-0.005236,0.114182,0.139435,0.022841,0.000000,0.096512,0.141035,-0.006981,0.010472,0.983643,0.108210,-0.058590,0.031416,0.064835,0.095993,0.131894,-0.008727,0.030248,0.008727
1771203802.697,3414,2,2,0.0000,0.0234,0.9724,0.0000,0.0034,0.0001,0.0006,0.049570,0.122214,0.002156,0.002146,0.001918,-0.001745,0.003491,-0.023047,0.019248,-0.012799,-0.003491,0.137366,0.146423,0.037234,0.000000,0.114339,0.136741,-0.006981,0.010472,1.018913,0.109956,-0.053678,0.031416,0.055381,0.101229,0.126982,-0.008727,0.003494,0.008727
1771203802.797,3417,2,2,0.0000,0.0308,0.9616,0.0000,0.0065,0.0001,0.0010,0.036962,0.126078,0.000520,0.001357,0.001992,-0.001745,0.006981,-0.015504,0.042647,-0.008548,-0.005236,0.075298,0.081366,0.043455,0.000000,0.094236,0.099564,-0.006981,0.010472,1.042031,0.109956,-0.047686,0.033161,0.086371,0.102974,0.120990,-0.008727,-0.024509,0.006981
1771203802.897,3420,2,2,0.0000,0.0178,0.9794,0.0000,0.0022,0.0001,0.0004,0.025224,0.138515,0.001094,0.001826,0.002137,-0.001745,0.006981,-0.011112,0.038495,0.001695,-0.005236,0.040649,0.041019,0.029721,0.000000,0.066001,0.078126,-0.006981,0.010472,1.021266,0.109956,-0.101613,0.033161,0.196655,0.104720,0.174917,-0.008727,0.002308,0.008727
1771203802.998,3423,2,2,0.0000,0.0144,0.9835,0.0000,0.0018,0.0001,0.0002,0.021429,0.150159,0.001928,0.002022,0.000921,-0.001745,0.003491,-0.033723,0.045695,0.006130,-0.005236,0.003481,0.026705,0.016559,0.000000,0.063573,0.091519,-0.006981,0.008727,0.980448,0.109956,-0.173583,0.033161,0.205439,0.104720,0.246886,-0.008727,0.103842,0.008727
1771203803.098,3426,2,2,0.0000,0.0348,0.9504,0.0000,0.0134,0.0010,0.0004,0.035362,0.141999,0.001389,0.002179,0.001011,-0.003491,0.006981,-0.010005,0.075276,0.021033,-0.005236,0.003912,0.053342,-0.005325,0.000000,0.111539,0.152258,-0.006981,0.010472,0.951708,0.109956,-0.187160,0.031416,0.065873,0.108210,0.260463,-0.008727,0.157157,0.008727
1771203803.198,3429,2,2,0.0001,0.0715,0.8333,0.0002,0.0903,0.0037,0.0010,0.030223,0.128139,0.000463,0.002929,0.002625,-0.001745,0.006981,-0.014909,0.076044,0.058119,-0.005236,-0.004408,0.055381,-0.031939,0.000000,0.060096,0.106055,-0.006981,0.008727,1.008982,0.109956,-0.113056,0.031416,-0.029563,0.109956,0.186360,-0.008727,0.073546,0.008727
1771203803.299,3432,2,2,0.0002,0.1095,0.6748,0.0004,0.2102,0.0035,0.0013,0.023968,0.118847,0.000281,0.001409,0.001234,-0.001745,0.006981,-0.006286,0.080576,0.042457,-0.005236,-0.003978,0.042522,-0.009296,0.000000,0.038922,0.076160,-0.008727,0.008727,1.019290,0.109956,-0.064362,0.031416,0.000431,0.109956,0.137665,-0.008727,-0.027800,0.008727
1771203803.399,3435,2,2,0.0003,0.0935,0.7398,0.0003,0.1624,0.0024,0.0013,0.022194,0.118161,0.000589,0.001742,0.003535,-0.001745,0.008727,-0.003241,0.068233,0.027855,-0.005236,0.000870,0.054331,0.007052,0.000000,0.033699,0.065566,-0.008727,0.008727,0.985809,0.109956,-0.062764,0.031416,0.027278,0.109956,0.136068,-0.008727,-0.009368,0.008727
1771203803.499,3438,2,2,0.0002,0.0492,0.7350,0.0002,0.2113,0.0027,0.0013,0.018572,0.125572,0.000379,0.002060,0.001591,-0.001745,0.008727,0.003411,0.062194,0.017031,-0.005236,-0.003158,0.053695,0.007404,-0.001745,0.010483,0.059920,-0.008727,0.008727,0.958064,0.109956,-0.068990,0.029671,0.125528,0.109956,0.142293,-0.008727,0.013949,0.008727
1771203803.599,3441,4,4,0.0004,0.0276,0.2521,0.0005,0.7141,0.0045,0.0008,0.014065,0.121491,0.000538,0.000370,0.000599,-0.003491,0.006981,0.022849,0.054108,0.048557,-0.005236,-0.054635,-0.005289,-0.020631,0.000000,-0.020050,0.036288,-0.008727,0.006981,0.947799,0.109956,-0.144372,0.031416,-0.027149,0.109956,0.217676,-0.008727,0.025377,0.008727
1771203803.700,3444,4,4,0.0005,0.0094,0.0419,0.0007,0.9441,0.0031,0.0002,0.012863,0.124089,0.000269,0.000494,0.000714,-0.001745,0.006981,0.018420,0.055030,0.042069,-0.005236,-0.044915,-0.006196,-0.008907,-0.001745,-0.016180,0.031851,-0.008727,0.006981,0.936665,0.109956,-0.179344,0.029671,-0.357722,0.109956,0.252648,-0.008727,0.034459,0.008727
1771203803.800,3447,4,4,0.0005,0.0060,0.0296,0.0007,0.9603,0.0027,0.0002,0.011838,0.135218,0.000323,0.001366,0.001924,-0.001745,0.006981,0.006659,0.055091,0.037763,-0.006981,-0.031991,0.000546,-0.001111,0.000000,-0.010283,0.035015,-0.008727,0.006981,0.889974,0.109956,-0.305220,0.029671,-0.732676,0.109956,0.378523,-0.008727,0.088830,0.008727
1771203803.901,3450,4,4,0.0004,0.0026,0.0111,0.0006,0.9831,0.0022,0.0001,0.014548,0.133620,0.000254,0.000694,0.000606,-0.001745,0.008727,0.014376,0.048053,0.034227,-0.008727,-0.018324,0.009514,0.002425,-0.001745,0.010786,0.046470,-0.008727,0.006981,0.917967,0.109956,-0.239174,0.029671,-0.308669,0.109956,0.312478,-0.008727,0.107702,0.008727
1771203804.001,3453,4,4,0.0001,0.0002,0.0006,0.0003,0.9984,0.0004,0.0000,0.014891,0.158177,0.000915,0.000602,0.000399,-0.001745,0.008727,0.023410,0.042113,0.031617,-0.008727,-0.015782,0.009910,0.006780,-0.001745,0.010696,0.045441,-0.008727,0.006981,0.827716,0.109956,-0.017247,0.027925,0.548616,0.109956,0.090551,-0.010472,0.167691,0.008727
1771203804.101,3456,4,4,0.0000,0.0000,0.0001,0.0003,0.9993,0.0002,0.0000,0.022947,0.155331,0.000284,0.000823,0.000626,-0.003491,0.006981,0.007845,0.029072,0.026124,-0.008727,0.042519,0.069521,0.012274,-0.001745,0.024846,0.056177,-0.008727,0.006981,0.866864,0.109956,-0.101962,0.027925,0.411024,0.109956,0.175265,-0.010472,0.147272,0.008727
1771203804.201,3459,4,4,0.0000,0.0000,0.0000,0.0002,0.9991,0.0006,0.0000,0.032883,0.159646,0.000152,0.002065,0.000841,-0.003491,0.006981,0.000784,0.015820,0.013970,-0.008727,0.091918,0.112717,0.024427,-0.001745,0.050403,0.077581,-0.008727,0.006981,0.881631,0.109956,-0.148904,0.027925,0.382180,0.109956,0.222208,-0.010472,0.166190,0.008727
1771203804.303,3462,4,4,0.0000,0.0000,0.0000,0.0003,0.9991,0.0005,0.0000,0.039320,0.156558,0.000245,0.004566,0.007128,-0.006981,0.008727,0.007811,-0.006645,-0.017991,-0.008727,0.138206,0.141017,0.058134,-0.001745,0.049427,0.068520,-0.008727,0.005236,0.914663,0.109956,-0.199436,0.027925,0.201051,0.109956,0.272740,-0.010472,0.228445,0.008727
1771203804.401,3465,4,4,0.0000,0.0000,0.0001,0.0004,0.9994,0.0001,0.0000,0.036148,0.145192,0.000487,0.003219,0.004078,-0.006981,0.008727,0.016982,-0.005127,-0.013861,-0.008727,0.129864,0.132233,0.054004,-0.001745,0.038923,0.053038,-0.008727,0.006981,0.908597,0.109956,-0.176675,0.027925,0.081068,0.109956,0.249979,-0.010472,0.239110,0.008727
1771203804.501,3468,4,4,0.0001,0.0002,0.0005,0.0005,0.9985,0.0004,0.0000,0.035341,0.141306,0.000836,0.004663,0.003729,-0.006981,0.008727,0.018926,-0.000732,-0.002576,-0.006981,0.127816,0.130300,0.042719,-0.001745,0.038087,0.057515,-0.008727,0.005236,0.900170,0.109956,-0.163439,0.027925,0.056031,0.109956,0.236743,-0.010472,0.240930,0.008727
1771203804.603,3471,4,4,0.0000,0.0001,0.0002,0.0004,0.9992,0.0001,0.0000,0.036150,0.142756,0.000360,0.004518,0.004106,-0.006981,0.008727,0.022857,-0.000516,-0.002376,-0.008727,0.130361,0.133161,0.042519,-0.001745,0.036263,0.059915,-0.008727,0.006981,0.803064,0.109956,-0.091721,0.024435,0.256985,0.109956,0.159789,-0.010472,0.233179,0.008727
1771203804.703,3474,4,4,0.0001,0.0001,0.0002,0.0003,0.9994,0.0001,0.0000,0.039869,0.142178,0.000677,0.002399,0.001908,-0.006981,0.008727,0.024934,0.005163,-0.000416,-0.008727,0.138959,0.141445,0.040559,-0.003491,0.044219,0.074417,-0.005236,0.001745,0.695333,0.109956,-0.097845,0.020944,0.346846,0.109956,0.164168,-0.010472,0.248464,0.008727
1771203804.804,3477,4,4,0.0001,0.0002,0.0003,0.0006,0.9987,0.0001,0.0000,0.035008,0.125912,0.003176,0.002963,0.005256,-0.006981,0.008727,0.014552,0.025265,0.013731,-0.008727,0.104714,0.115101,0.026411,-0.001745,0.043465,0.068133,-0.005236,0.005236,0.577191,0.109956,-0.107519,0.012217,0.247859,0.109956,0.172096,-0.010472,0.267709,0.008727
1771203804.903,3480,4,4,0.0018,0.0049,0.0004,0.0140,0.9784,0.0003,0.0001,0.033333,0.042238,0.000552,0.004520,0.006626,-0.006981,0.008727,-0.009935,0.047976,-0.004407,-0.008727,0.111287,0.102109,0.044550,-0.001745,0.036584,0.048769,-0.003491,0.005236,0.006292,0.109956,-0.014219,0.008727,-0.127190,0.109956,0.078796,-0.010472,0.179168,0.008727
1771203805.005,3483,3,3,0.0081,0.4276,0.0006,0.4753,0.0877,0.0004,0.0004,0.028834,0.029794,0.000481,0.002675,0.010451,-0.006981,0.008727,-0.028917,0.052805,-0.001898,-0.008727,0.117190,0.080334,0.042040,-0.001745,0.027681,0.017227,-0.003491,0.003491,-0.128447,0.109956,0.121910,0.003491,-0.576413,0.109956,-0.057333,-0.010472,-0.399200,0.008727
1771203805.104,3486,3,3,0.0004,0.4807,0.0007,0.5086,0.0094,0.0001,0.0002,0.036892,0.069494,0.000832,0.001823,0.004436,-0.006981,0.006981,-0.033746,0.057118,0.016296,-0.008727,0.131833,0.109433,0.023846,-0.001745,0.048676,0.048525,-0.005236,0.006981,0.563408,0.083776,0.094237,-0.006981,-0.383740,0.082030,-0.041877,-0.006981,-0.255463,0.003491
1771203805.205,3489,1,1,0.0000,0.7341,0.0266,0.2264,0.0114,0.0001,0.0013,0.033838,0.122921,0.001978,0.000582,0.002152,-0.006981,0.006981,-0.030427,0.045531,0.022186,-0.008727,0.094060,0.108342,0.017957,-0.001745,0.047678,0.063321,-0.003491,0.006981,-0.131257,0.851761,-0.008196,-0.006981,-0.744317,0.229609,0.050084,-0.005236,-0.601580,0.336611
1771203805.304,3492,1,1,0.0003,0.7583,0.0655,0.0209,0.1533,0.0002,0.0015,0.023409,0.076749,0.001404,0.000653,0.007135,-0.006981,0.006981,0.000049,0.029030,0.018835,-0.008727,0.054407,0.079307,0.012581,-0.001745,0.020043,0.059669,-0.003491,0.006981,0.106171,0.512972,0.002574,-0.005236,-0.632657,0.087926,0.039314,-0.003491,-0.431973,0.165048
1771203805.405,3495,1,1,0.0004,0.9548,0.0154,0.0043,0.0244,0.0000,0.0007,0.013685,0.035378,0.001216,0.000785,0.002265,-0.006981,0.006981,-0.000753,0.031109,0.011310,-0.008727,0.027161,0.054419,0.011379,-0.001745,-0.031014,0.021867,-0.001745,0.006981,-0.079920,0.232353,-0.005291,-0.005236,-0.449951,0.046700,0.047179,-0.003491,-0.316064,0.091327
1771203805.504,3498,1,1,0.0001,0.9992,0.0002,0.0005,0.0001,0.0000,0.0000,0.012469,0.019913,0.000272,0.001895,0.002112,-0.006981,0.006981,0.041189,0.025584,0.013939,-0.008727,0.002891,0.036016,0.003515,-0.001745,-0.027571,0.019510,-0.001745,0.006981,-0.462749,0.087297,0.091108,-0.003491,-0.275190,0.025453,-0.047475,-0.005236,-0.321137,0.028119
1771203805.604,3501,1,1,0.0000,0.9999,0.0000,0.0000,0.0000,0.0000,0.0000,0.018563,0.023323,0.000048,0.000887,0.000796,-0.006981,0.008727,0.025647,0.021169,0.000411,-0.008727,0.050962,0.073789,0.015297,-0.001745,-0.000249,0.026759,-0.001745,0.006981,-0.347077,0.014834,0.052004,-0.005236,-0.067091,0.049787,-0.004880,-0.003491,0.013001,0.143273
1771203805.704,3504,1,1,0.0000,1.0000,0.0000,0.0000,0.0000,0.0000,0.0000,0.021894,0.009916,0.000660,0.003464,0.011316,-0.006981,0.006981,0.023239,0.009210,-0.000340,-0.008727,0.056475,0.081914,0.017793,-0.001745,0.023974,0.043139,-0.003491,0.006981,-0.317389,-0.004382,0.042221,-0.005236,-0.123705,0.014760,0.011884,-0.005236,-0.206913,0.043148
1771203805.805,3507,1,1,0.0000,1.0000,0.0000,0.0000,0.0000,0.0000,0.0000,0.013527,0.016052,0.001409,0.001908,0.000891,-0.006981,0.006981,0.021512,-0.008748,0.001628,-0.008727,0.026788,0.059139,0.010589,-0.003491,-0.000712,0.035681,-0.003491,0.006981,-0.004250,-0.021815,0.012891,-0.005236,-0.138878,-0.001350,0.037724,-0.005236,-0.058299,0.135024
1771203805.905,3510,1,1,0.0000,0.9995,0.0005,0.0000,0.0000,0.0000,0.0000,0.010295,0.073430,0.000536,0.004479,0.003848,-0.006981,0.006981,0.052772,-0.014488,0.007528,-0.010472,-0.015472,0.020783,0.002944,-0.003491,-0.005794,0.032529,-0.001745,0.006981,0.001070,-0.033307,-0.157393,-0.003491,0.008406,0.024041,0.209752,-0.003491,0.340031,0.290880
1771203806.005,3513,1,1,0.0000,0.9960,0.0040,0.0000,0.0000,0.0000,0.0000,0.007336,0.047846,0.000641,0.002152,0.004636,-0.006981,0.006981,0.058021,-0.004713,0.011146,-0.008727,-0.019675,-0.001017,0.001072,-0.001745,-0.028565,0.010814,-0.001745,0.006981,0.138151,0.006669,-0.032745,-0.003491,0.122173,0.002408,0.079869,-0.001745,0.120879,0.097025
1771203806.105,3516,1,1,0.0000,0.9768,0.0232,0.0000,0.0000,0.0000,0.0000,0.009624,0.110154,0.000286,0.002484,0.004519,-0.006981,0.008727,0.038003,0.019051,0.016274,-0.008727,0.001163,0.009510,-0.002311,0.000000,0.002690,0.020066,-0.003491,0.006981,0.449160,0.111607,0.112526,-0.003491,0.424018,0.160369,-0.068892,-0.001745,0.057188,-0.061445
1771203806.205,3519,1,1,0.0000,0.8876,0.1123,0.0000,0.0000,0.0000,0.0000,0.021824,0.062203,0.000818,0.000699,0.005978,-0.006981,0.008727,0.027197,0.064287,0.010747,-0.008727,0.027194,0.054134,0.003216,-0.001745,0.023490,0.042892,-0.001745,0.006981,0.232264,0.034333,0.063145,-0.005236,0.220696,0.137961,-0.021257,-0.003491,0.051052,-0.032515
1771203806.306,3522,1,1,0.0000,0.9440,0.0560,0.0000,0.0000,0.0000,0.0000,0.030899,0.026340,0.000663,0.000335,0.001386,-0.003491,0.008727,0.004787,0.059954,-0.009358,-0.008727,0.052957,0.101493,0.023321,-0.001745,0.036791,0.082764,-0.001745,0.006981,0.130513,0.008843,0.053698,-0.005236,0.062793,0.053252,-0.006574,-0.001745,-0.003915,-0.052560
1771203806.406,3525,1,1,0.0000,0.9794,0.0206,0.0000,0.0000,0.0000,0.0000,0.021208,0.019452,0.000373,0.000332,0.000732,-0.003491,0.008727,0.008551,0.057390,0.007399,-0.008727,0.022742,0.064946,0.003073,-0.001745,0.017087,0.064586,-0.003491,0.006981,0.082465,-0.005989,0.048359,-0.005236,0.044598,0.050510,0.000510,-0.001745,-0.001262,-0.041244
1771203806.506,3528,1,1,0.0000,0.9877,0.0123,0.0000,0.0000,0.0000,0.0000,0.019834,0.014388,0.000195,0.000603,0.000453,-0.003491,0.008727,0.005877,0.057407,0.027222,-0.008727,0.011730,0.057647,-0.011514,-0.001745,0.002774,0.066620,-0.001745,0.006981,0.069461,-0.020826,0.045273,-0.003491,0.024581,0.023329,0.001851,-0.001745,0.001184,-0.054626
1771203806.607,3531,1,1,0.0000,0.9792,0.0207,0.0000,0.0000,0.0000,0.0000,0.021310,0.025524,0.000420,0.002363,0.005373,-0.006981,0.006981,0.001660,0.059584,0.016840,-0.008727,0.008654,0.051058,0.000613,-0.001745,0.028910,0.081425,-0.001745,0.006981,-0.441784,-0.199027,-0.255678,-0.005236,-0.436688,-0.090717,0.299312,-0.001745,-0.301696,-0.161775
1771203806.707,3534,1,1,0.0000,0.9905,0.0093,0.0001,0.0000,0.0000,0.0000,0.019518,0.010830,0.001474,0.003575,0.013228,-0.003491,0.008727,-0.000120,0.061066,0.009013,-0.008727,0.004063,0.049698,0.006695,-0.003491,0.022116,0.072836,-0.001745,0.006981,-1.120900,-0.245307,-0.082830,-0.006981,-1.041239,-0.025973,0.122973,-0.003491,-1.058977,-0.162725
1771203806.807,3537,1,1,0.0001,0.9953,0.0046,0.0000,0.0000,0.0000,0.0000,0.018194,0.012986,0.000403,0.003015,0.002237,-0.006981,0.008727,0.001699,0.049310,0.014132,-0.008727,0.014063,0.061263,-0.001915,-0.001745,0.007837,0.061302,-0.001745,0.005236,-0.972871,-0.169684,-0.103468,-0.006981,-0.745076,-0.059593,0.150591,-0.003491,-0.786566,-0.172934
1771203806.909,3540,1,1,0.0000,0.9994,0.0005,0.0000,0.0000,0.0000,0.0000,0.019832,0.008490,0.000817,0.001566,0.001622,-0.006981,0.008727,0.008857,0.050592,0.014239,-0.008727,0.010559,0.054990,-0.000276,-0.001745,0.021026,0.068994,-0.003491,0.008727,-0.701661,-0.102434,-0.046024,-0.006981,-0.567853,-0.032245,0.093148,-0.003491,-0.536343,-0.137176
1771203807.010,3543,1,1,0.0000,0.9995,0.0005,0.0000,0.0000,0.0000,0.0000,0.022879,0.164095,0.000776,0.004422,0.003859,-0.006981,0.006981,0.017278,0.048255,0.026948,-0.010472,-0.001614,0.048986,-0.009494,-0.003491,0.036731,0.089371,-0.003491,0.006981,0.492314,0.379301,0.160598,-0.006981,0.542243,-0.010599,-0.109984,-0.003491,0.338936,0.048764
1771203807.110,3546,1,1,0.0000,0.9976,0.0024,0.0000,0.0000,0.0000,0.0000,0.018743,0.349622,0.000599,0.002249,0.002538,-0.006981,0.006981,0.013968,0.044115,0.031432,-0.010472,-0.014032,0.043032,-0.005252,-0.001745,0.016082,0.069301,-0.003491,0.006981,0.728181,0.309960,0.199356,-0.005236,1.091023,0.346127,-0.148741,-0.005236,1.034984,0.478850
1771203807.210,3549,1,1,0.0000,0.9882,0.0116,0.0000,0.0000,0.0000,0.0000,0.013597,0.179072,0.000620,0.001347,0.004600,-0.003491,0.006981,0.013924,0.028186,0.030992,-0.010472,-0.014628,0.026313,-0.001322,-0.001745,-0.004691,0.056769,-0.003491,0.006981,0.414144,0.095513,0.133946,-0.003491,0.649084,0.104054,-0.086822,-0.003491,0.569961,0.175177
1771203807.310,3552,1,1,0.0001,0.9484,0.0514,0.0000,0.0000,0.0000,0.0001,0.010167,0.088537,0.000314,0.000363,0.001328,-0.006981,0.006981,0.027533,0.019220,0.031693,-0.008727,-0.022884,-0.008319,-0.002023,-0.001745,-0.010787,0.036574,-0.005236,0.006981,0.237511,-0.006819,0.093654,-0.005236,0.336375,-0.018045,-0.051766,-0.003491,0.321182,0.066743
1771203807.410,3555,1,1,0.0000,0.9793,0.0206,0.0000,0.0000,0.0000,0.0000,0.012370,0.051832,0.001654,0.000161,0.002761,-0.006981,0.008727,0.039269,0.020322,0.033209,-0.008727,-0.012172,0.005477,-0.001793,-0.001745,-0.003152,0.041432,-0.003491,0.006981,0.138999,-0.032337,0.030622,-0.003491,0.195981,-0.035471,0.011266,-0.003491,0.192667,0.045463
1771203807.511,3558,1,1,0.0000,0.9928,0.0072,0.0000,0.0000,0.0000,0.0000,0.017727,0.039168,0.000335,0.000985,0.000862,-0.006981,0.008727,0.034527,0.041734,0.024492,-0.008727,0.010588,0.026277,0.008670,-0.003491,0.006684,0.051027,-0.003491,0.006981,0.092512,-0.040270,0.003572,-0.005236,0.157769,-0.000162,0.040062,-0.003491,0.128744,0.040374
1771203807.611,3561,1,1,0.0000,0.9902,0.0098,0.0000,0.0000,0.0000,0.0000,0.016185,0.016879,0.000436,0.002678,0.003417,-0.006981,0.008727,0.043799,0.043046,0.031002,-0.008727,-0.011353,0.016662,-0.003077,-0.001745,-0.006007,0.050985,-0.003491,0.006981,0.082015,-0.055395,0.045015,-0.005236,0.056851,-0.003381,-0.003127,-0.005236,0.011691,-0.013088
1771203807.711,3564,1,1,0.0000,0.9869,0.0130,0.0000,0.0000,0.0000,0.0000,0.015414,0.009169,0.000888,0.001282,0.001709,-0.003491,0.008727,0.036251,0.043134,0.035526,-0.008727,-0.019752,0.010532,-0.002364,-0.001745,-0.015790,0.050795,-0.005236,0.006981,0.055790,-0.054921,0.047259,-0.005236,-0.080642,-0.025056,-0.005372,-0.005236,-0.013798,-0.005290
1771203807.811,3567,1,1,0.0000,0.9950,0.0049,0.0000,0.0000,0.0000,0.0000,0.013154,0.010464,0.000976,0.004854,0.010871,-0.006981,0.008727,0.006816,0.059001,0.040392,-0.008727,-0.009128,0.004678,-0.003740,-0.001745,-0.022943,0.038231,-0.003491,0.006981,-0.766406,-0.120619,-0.076699,-0.005236,-0.279699,-0.042276,0.118587,-0.005236,-0.242763,-0.046843
1771203807.911,3570,1,1,0.0000,0.9987,0.0013,0.0000,0.0000,0.0000,0.0000,0.017943,0.008539,0.004771,0.007997,0.011038,-0.003491,0.008727,-0.036234,0.075245,-0.025197,-0.008727,0.019656,0.023442,0.056613,-0.001745,-0.004502,0.031639,-0.003491,0.006981,-0.407241,-0.047803,-0.058832,-0.005236,-0.286674,-0.176802,0.095484,-0.005236,-0.311640,-0.216974
1771203808.018,3573,1,1,0.0000,0.9999,0.0001,0.0000,0.0000,0.0000,0.0000,0.008014,0.003995,0.006964,0.004963,0.011395,-0.006981,0.008727,0.011206,0.045788,-0.000772,-0.008727,-0.004311,-0.031539,0.030442,-0.001745,-0.031820,-0.038201,-0.003491,0.005236,-0.092451,-0.042819,-0.006054,-0.001745,-0.378098,-0.172118,0.042706,-0.001745,-0.364914,-0.186756
1771203808.119,3576,1,1,0.0000,1.0000,0.0000,0.0000,0.0000,0.0000,0.0000,0.011169,0.014333,0.005694,0.005683,0.009212,-0.006981,0.006981,0.100346,-0.004711,-0.000521,-0.010472,-0.024914,-0.095105,0.026701,-0.001745,-0.065366,-0.074051,0.012217,-0.036652,-0.159822,-0.065609,-0.123125,0.000000,-0.247074,-0.127412,0.159777,-0.001745,-0.268287,-0.160223
1771203808.222,3579,1,1,0.0000,1.0000,0.0000,0.0000,0.0000,0.0000,0.0000,0.009349,0.009501,0.002437,0.006955,0.005765,-0.006981,0.010472,0.082514,-0.015250,0.006949,-0.008727,-0.026821,-0.040480,0.012250,-0.003491,-0.097923,-0.068756,0.026180,-0.097738,-0.209357,-0.102053,-0.054668,-0.001745,-0.023688,-0.033648,0.087830,-0.001745,-0.135648,-0.105324
1771203808.322,3582,1,1,0.0000,1.0000,0.0000,0.0000,0.0000,0.0000,0.0000,0.009747,0.009308,0.002590,0.002246,0.002274,-0.003491,0.008727,0.073142,-0.027861,-0.014334,-0.008727,-0.017939,0.003303,0.031787,-0.001745,-0.037727,-0.014599,0.075049,-0.197222,-0.267162,-0.123324,0.000320,-0.006981,-0.030377,-0.019742,0.036332,0.000000,-0.106995,-0.088089
1771203808.424,3585,1,1,0.0000,1.0000,0.0000,0.0000,0.0000,0.0000,0.0000,0.010591,0.012307,0.006490,0.005528,0.002954,-0.003491,0.008727,0.088622,-0.041126,-0.005307,-0.008727,-0.019442,-0.008148,0.029741,-0.001745,-0.035684,-0.015526,0.106465,-0.265290,-0.251814,-0.112952,0.041222,-0.003491,-0.050910,-0.024805,-0.008061,0.000000,-0.078460,-0.067012
1771203808.525,3588,1,1,0.0000,1.0000,0.0000,0.0000,0.0000,0.0000,0.0000,0.008402,0.014587,0.002057,0.002749,0.003455,-0.006981,0.008727,0.057644,-0.033867,-0.008274,-0.008727,-0.010356,-0.001525,0.034454,-0.001745,-0.033397,-0.021309,0.125664,-0.315905,-0.251756,-0.115289,0.049375,-0.001745,-0.031039,-0.001437,-0.016214,0.000000,-0.069381,-0.056552
1771203808.625,3591,1,1,0.0000,0.9999,0.0001,0.0000,0.0000,0.0000,0.0000,0.007557,0.022402,0.000000,0.000000,0.000000,-0.003491,0.006981,0.057524,-0.014151,0.002969,-0.006981,-0.006966,-0.005298,0.023211,-0.001745,-0.033499,-0.019438,0.144862,-0.350811,-0.266489,-0.118476,0.004551,-0.001745,0.048569,0.043976,0.026865,0.000000,-0.066033,-0.056878
1771203808.725,3594,1,1,0.0000,0.9999,0.0001,0.0000,0.0000,0.0000,0.0000,0.007998,0.029616,0.001660,0.007622,0.006332,-0.006981,0.008727,0.062818,-0.029218,0.008229,-0.008727,-0.002191,-0.013732,0.016205,-0.001745,-0.051801,-0.053438,0.160570,-0.385718,-0.287199,-0.106919,-0.074118,-0.001745,0.049239,0.041797,0.103789,0.000000,-0.077388,-0.051723
1771203808.830,3597,1,1,0.0000,0.9998,0.0002,0.0000,0.0000,0.0000,0.0000,0.009211,0.036268,0.000787,0.006359,0.006379,-0.006981,0.008727,0.058185,-0.035668,-0.018248,-0.008727,0.000664,0.000269,0.042682,-0.001745,-0.010812,-0.018885,0.167552,-0.376991,-0.224191,-0.145494,-0.025545,-0.001745,0.075879,0.062703,0.055216,0.001745,0.038070,0.034053
1771203808.926,3600,1,1,0.0000,0.9999,0.0001,0.0000,0.0000,0.0000,0.0000,0.008137,0.021253,0.001194,0.013959,0.015051,-0.003491,0.008727,0.040328,-0.024717,-0.004127,-0.008727,0.003276,0.003368,0.039034,-0.001745,0.002913,-0.002613,0.164061,-0.315905,-0.030261,-0.144955,0.025498,-0.003491,-0.050257,0.022912,0.002427,0.000000,-0.000405,0.040139
1771203809.027,3603,1,1,0.0000,0.9999,0.0001,0.0000,0.0000,0.0000,0.0000,0.007931,0.025153,0.000962,0.020665,0.018966,-0.006981,0.008727,0.026552,0.016404,-0.003855,-0.008727,0.005538,0.002629,0.035271,-0.003491,-0.011279,0.000047,0.137881,-0.228638,0.028380,-0.157280,0.075314,-0.003491,-0.068604,-0.016264,-0.045643,0.000000,0.013878,0.046381
1771203809.127,3606,1,1,0.0000,0.9999,0.0000,0.0000,0.0000,0.0000,0.0000,0.008969,0.020259,0.000846,0.002232,0.002619,-0.006981,0.008727,0.021441,0.047791,0.007495,-0.008727,-0.000051,-0.007968,0.022175,-0.003491,-0.025983,-0.018721,0.083776,-0.129154,0.010422,-0.099055,0.098480,-0.003491,-0.082738,-0.033519,-0.068810,0.000000,0.000656,0.049772
1771203809.227,3609,1,1,0.0000,0.9999,0.0001,0.0000,0.0000,0.0000,0.0000,0.009932,0.019593,0.001192,0.003220,0.004279,-0.006981,0.008727,0.044618,0.039665,0.002454,-0.008727,-0.007046,-0.018468,0.023726,-0.003491,-0.009672,-0.006811,0.048869,-0.068068,-0.004743,-0.083558,0.066985,-0.005236,-0.080614,-0.037999,-0.039060,0.000000,0.040546,0.078716
1771203809.328,3612,1,1,0.0000,0.9999,0.0001,0.0000,0.0000,0.0000,0.0000,0.009325,0.023975,0.000000,0.000000,0.000000,-0.006981,0.006981,0.045743,0.038218,0.006508,-0.008727,-0.009160,-0.005143,0.014436,-0.001745,-0.001360,0.000015,0.024435,-0.033161,-0.062644,-0.053187,0.042171,-0.005236,-0.053945,-0.027351,-0.005519,-0.001745,0.101873,0.119216
1771203809.428,3615,1,1,0.0000,0.9995,0.0005,0.0000,0.0000,0.0000,0.0000,0.011480,0.034541,0.000447,0.000515,0.001446,-0.006981,0.006981,0.002959,0.048606,0.062150,-0.008727,-0.023711,0.002499,-0.035970,-0.001745,-0.002885,0.014570,0.006981,-0.008727,-0.054060,-0.034976,-0.005242,-0.003491,0.071383,0.021705,0.041894,-0.001745,0.131648,0.140882
1771203809.528,3618,1,1,0.0000,0.9994,0.0006,0.0000,0.0000,0.0000,0.0000,0.012291,0.016457,0.000593,0.012029,0.014853,-0.006981,0.006981,-0.032799,0.060478,0.052225,-0.008727,-0.009014,0.006671,-0.024300,-0.003491,0.004294,0.016838,0.000000,0.000000,0.054085,-0.022733,0.018031,-0.003491,-0.059190,-0.000512,0.016875,0.000000,0.020655,0.087835
1771203809.628,3621,1,1,0.0000,0.9999,0.0001,0.0000,0.0000,0.0000,0.0000,0.012296,0.007111,0.001653,0.011018,0.010830,-0.003491,0.008727,0.004033,0.055223,0.046865,-0.008727,-0.001368,0.014269,-0.008468,-0.003491,-0.002722,0.018435,0.000000,0.000000,-0.037529,0.001930,0.039679,-0.001745,-0.056809,0.008648,-0.011754,0.000000,-0.126228,0.035077
1771203809.729,3624,1,1,0.0000,1.0000,0.0000,0.0000,0.0000,0.0000,0.0000,0.013620,0.008247,0.002502,0.008261,0.006212,-0.006981,0.008727,0.040775,0.052576,0.043383,-0.008727,-0.009504,-0.010486,0.001995,-0.003491,-0.004598,0.015988,0.001745,0.000000,-0.092957,-0.001632,0.035541,0.000000,-0.084059,0.004905,-0.004125,-0.001745,-0.072587,0.056777
1771203809.829,3627,1,1,0.0001,0.9999,0.0000,0.0000,0.0000,0.0000,0.0000,0.017415,0.008898,0.001467,0.004362,0.006089,-0.006981,0.008727,0.036835,0.062056,0.035263,-0.008727,0.001910,-0.006509,0.004880,-0.003491,0.017920,0.041393,-0.005236,0.003491,-0.152962,-0.001691,0.003086,-0.005236,-0.062256,0.019577,0.023094,0.000000,-0.063181,0.057524
1771203809.929,3630,1,1,0.0000,0.9999,0.0000,0.0000,0.0000,0.0000,0.0000,0.028712,0.008502,0.000174,0.001705,0.003214,-0.006981,0.006981,0.023466,0.060002,0.047586,-0.008727,0.033715,0.075306,-0.009189,-0.001745,0.016788,0.080694,-0.003491,0.005236,-0.318139,-0.002554,-0.000081,-0.003491,-0.025024,0.040924,0.024516,0.000000,-0.139084,0.031346
1771203810.032,3633,1,1,0.0001,0.9999,0.0000,0.0000,0.0000,0.0000,0.0000,0.028489,0.003356,0.000000,0.000000,0.000000,-0.006981,0.006981,-0.033622,0.070007,0.032745,-0.008727,0.053786,0.100699,0.005653,-0.003491,0.005281,0.066716,-0.005236,0.005236,-0.268062,0.007560,0.019876,-0.005236,-0.208089,-0.065330,0.006304,-0.001745,-0.180878,0.001292
1771203810.131,3636,1,1,0.0000,0.9999,0.0000,0.0000,0.0000,0.0000,0.0000,0.020653,0.004183,0.001038,0.001299,0.000489,-0.003491,0.008727,-0.050119,0.060853,0.014818,-0.008727,0.038558,0.067430,0.018343,-0.003491,-0.003036,0.039103,-0.003491,0.003491,-0.261685,0.022273,0.013926,-0.001745,-0.170308,-0.074659,0.010509,-0.001745,-0.148936,-0.039311
1771203810.231,3639,1,1,0.0002,0.9996,0.0001,0.0001,0.0000,0.0000,0.0000,0.026721,0.003825,0.001479,0.001901,0.004230,-0.003491,0.006981,-0.040350,0.054499,-0.004680,-0.008727,0.057355,0.092951,0.036096,-0.001745,0.012698,0.060072,-0.003491,0.003491,-0.167570,0.024958,0.007908,0.000000,-0.097765,-0.041743,0.009546,-0.001745,-0.089432,-0.024973
1771203810.332,3642,1,1,0.0000,0.9999,0.0001,0.0000,0.0000,0.0000,0.0000,0.030850,0.009427,0.001033,0.004396,0.004824,-0.006981,0.008727,-0.039221,0.046389,-0.017501,-0.008727,0.041448,0.082306,0.050662,-0.003491,0.047564,0.093109,-0.003491,0.005236,-0.175103,0.080824,0.027064,-0.003491,-0.066132,-0.004370,-0.009610,-0.001745,-0.074941,-0.008777
1771203810.437,3645,1,1,0.0000,0.9998,0.0001,0.0001,0.0000,0.0000,0.0000,0.028111,0.009216,0.002745,0.001492,0.001270,-0.006981,0.008727,-0.009099,0.040089,-0.009576,-0.008727,0.023080,0.059710,0.047973,-0.003491,0.062580,0.095177,-0.003491,0.003491,-0.132179,0.075401,0.030136,-0.001745,-0.055500,0.001566,-0.005702,-0.001745,-0.084402,-0.016492
1771203810.537,3648,1,1,0.0010,0.9966,0.0003,0.0017,0.0000,0.0000,0.0004,0.034547,0.010637,0.002807,0.001768,0.003761,-0.006981,0.008727,0.032277,0.045288,0.043948,-0.008727,0.032031,0.064684,-0.009041,-0.003491,0.070351,0.117263,-0.005236,0.003491,-0.080624,0.085715,0.023071,-0.001745,-0.030315,0.012262,0.003109,-0.001745,-0.081214,-0.022539
1771203810.633,3651,1,1,0.0001,0.9988,0.0003,0.0008,0.0000,0.0000,0.0000,0.025376,0.011802,0.002116,0.001924,0.006161,-0.006981,0.008727,0.028980,0.058129,0.050388,-0.008727,0.019074,0.050466,-0.013736,-0.003491,0.014500,0.074243,-0.003491,0.005236,-0.033426,0.080018,-0.003642,-0.001745,0.005013,0.023281,0.028076,-0.001745,-0.126421,-0.076475
1771203810.733,3654,1,1,0.0036,0.9826,0.0011,0.0120,0.0000,0.0001,0.0005,0.017353,0.014922,0.000734,0.003409,0.004948,-0.006981,0.008727,0.013945,0.059135,0.045793,-0.008727,0.001182,0.033470,-0.003905,-0.001745,0.000663,0.045325,-0.003491,0.003491,0.020249,0.090756,-0.018886,0.000000,0.001370,0.016390,0.046811,-0.001745,-0.112958,-0.091099
1771203810.837,3657,1,1,0.0016,0.9886,0.0012,0.0083,0.0000,0.0001,0.0002,0.019189,0.034763,0.001957,0.005718,0.004636,-0.006981,0.008727,0.039421,0.051233,0.022967,-0.008727,-0.008451,0.040927,0.013685,-0.003491,0.004888,0.048416,-0.003491,0.003491,0.106428,0.147677,-0.006759,-0.001745,0.082272,0.028641,0.048647,-0.001745,-0.006454,-0.068469
1771203810.933,3660,1,1,0.0003,0.9968,0.0012,0.0016,0.0000,0.0000,0.0001,0.016344,0.039511,0.000000,0.000000,0.000000,-0.006981,0.008727,0.033377,0.039987,0.019601,-0.008727,-0.018883,0.039273,0.010070,-0.003491,-0.001465,0.045098,-0.003491,0.003491,0.058988,0.150095,0.010318,-0.001745,0.135151,0.044161,0.019353,-0.001745,0.052580,-0.047076
1771203811.036,3663,1,1,0.0000,0.9983,0.0015,0.0001,0.0000,0.0000,0.0000,0.008974,0.057469,0.001665,0.003984,0.003060,-0.006981,0.008727,0.032770,0.027892,0.038294,-0.008727,-0.070713,-0.012889,-0.010369,-0.003491,-0.052318,-0.003608,-0.003491,0.003491,-0.012190,0.108611,-0.034320,-0.001745,0.244826,0.145524,0.063991,-0.001745,0.123185,-0.022374
1771203811.134,3666,1,1,0.0000,0.9963,0.0037,0.0000,0.0000,0.0000,0.0000,0.009883,0.040512,0.000535,0.002104,0.002393,-0.006981,0.008727,0.030815,0.030316,0.048742,-0.008727,-0.076879,-0.028221,-0.008600,-0.003491,-0.052843,-0.007214,-0.003491,0.001745,0.031472,0.059276,-0.044163,-0.001745,0.134508,0.074257,0.072088,0.000000,0.105301,0.007496
1771203811.239,3669,1,1,0.0000,0.9998,0.0002,0.0000,0.0000,0.0000,0.0000,0.009034,0.022449,0.000550,0.003824,0.004999,-0.006981,0.008727,0.045397,0.022868,0.028923,-0.008727,-0.053398,-0.020454,0.002493,-0.005236,-0.038460,-0.017189,-0.001745,0.001745,0.167194,0.013743,0.000580,-0.001745,-0.002509,-0.036667,0.025600,0.000000,0.041755,0.018771
1771203811.338,3672,1,1,0.0000,0.9999,0.0001,0.0000,0.0000,0.0000,0.0000,0.011623,0.012052,0.001496,0.003065,0.002914,-0.006981,0.008727,0.072248,0.025343,0.027056,-0.008727,-0.049955,-0.030241,0.006105,-0.005236,-0.041338,-0.016935,-0.001745,0.003491,0.107645,-0.017477,0.002754,-0.001745,-0.069912,-0.065308,0.014699,0.000000,-0.004290,0.016035
1771203811.435,3675,1,1,0.0000,1.0000,0.0000,0.0000,0.0000,0.0000,0.0000,0.012775,0.016469,0.000709,0.002674,0.002256,-0.006981,0.008727,0.072918,0.045474,0.018070,-0.008727,-0.057641,-0.031312,0.008110,-0.003491,-0.054682,-0.010814,-0.001745,0.003491,0.092327,-0.001956,-0.011659,-0.003491,-0.044760,-0.051350,0.034349,0.000000,0.029890,0.037569
1771203811.535,3678,1,1,0.0000,0.9999,0.0001,0.0000,0.0000,0.0000,0.0000,0.012756,0.009113,0.000894,0.005085,0.004250,-0.006981,0.008727,0.067407,0.051643,0.020608,-0.008727,-0.034219,-0.013054,0.003826,-0.005236,-0.042278,0.000858,-0.003491,0.001745,0.044424,-0.000544,0.016820,-0.001745,-0.054222,-0.051062,0.005869,-0.001745,0.003086,0.037412
1771203811.638,3681,1,1,0.0000,0.9999,0.0001,0.0000,0.0000,0.0000,0.0000,0.011085,0.005973,0.000091,0.001397,0.002477,-0.006981,0.008727,0.038146,0.056396,0.017908,-0.008727,-0.021251,-0.002140,0.006527,-0.005236,-0.038844,0.005311,-0.001745,0.003491,0.024349,-0.000492,0.013241,-0.001745,-0.030164,-0.052306,-0.001024,0.000000,0.008785,0.021811
1771203811.738,3684,1,1,0.0000,0.9999,0.0001,0.0000,0.0000,0.0000,0.0000,0.011574,0.006317,0.000000,0.000000,0.000000,-0.006981,0.008727,0.034409,0.056185,0.024840,-0.008727,-0.012165,0.001892,-0.002151,-0.003491,-0.016610,0.012834,-0.001745,0.003491,0.013711,0.000485,0.000899,-0.003491,0.000932,-0.038273,0.007828,-0.001745,0.025952,0.022510
1771203811.838,3687,1,1,0.0000,0.9999,0.0001,0.0000,0.0000,0.0000,0.0000,0.013528,0.010034,0.000725,0.005127,0.005441,-0.006981,0.008727,0.009366,0.036917,0.052291,-0.008727,-0.002578,0.001558,-0.019130,-0.005236,0.010403,0.043072,-0.001745,0.003491,-0.116251,-0.001969,-0.027265,0.000000,0.045332,-0.003824,0.046464,-0.001745,0.008021,0.017099
1771203811.939,3690,1,1,0.0000,0.9999,0.0001,0.0000,0.0000,0.0000,0.0000,0.009713,0.012551,0.001355,0.002641,0.003773,-0.006981,0.008727,0.002710,0.010888,0.044530,-0.008727,0.001850,0.004190,-0.004388,-0.005236,0.004545,0.039116,-0.001745,0.003491,-0.107222,-0.042945,-0.021654,-0.001745,0.053893,0.021975,0.051324,-0.001745,0.003907,0.016021
1771203812.039,3693,1,1,0.0000,0.9999,0.0001,0.0000,0.0000,0.0000,0.0000,0.008397,0.019663,0.000546,0.004365,0.004206,-0.006981,0.008727,0.016313,0.003280,0.037316,-0.008727,-0.006999,0.003500,0.004572,-0.003491,-0.003746,0.027055,-0.001745,0.003491,-0.215905,-0.034283,0.004576,-0.001745,0.091115,0.089635,0.028585,0.000000,-0.011456,0.018557
1771203812.139,3696,1,1,0.0000,0.9999,0.0001,0.0000,0.0000,0.0000,0.0000,0.008731,0.010125,0.000979,0.002439,0.003485,-0.006981,0.008727,0.027787,-0.004663,0.044290,-0.008727,-0.003006,0.007418,-0.005893,-0.005236,-0.008416,0.016551,-0.001745,0.003491,-0.124289,-0.010381,0.014600,-0.001745,0.027855,0.047010,0.013326,0.000000,-0.068343,0.015220
1771203812.239,3699,1,1,0.0000,0.9999,0.0000,0.0000,0.0000,0.0000,0.0000,0.009308,0.011342,0.001122,0.002169,0.002347,-0.006981,0.008727,0.020639,-0.002725,0.049143,-0.008727,0.000332,0.014732,-0.007255,-0.005236,-0.001736,0.018127,-0.003491,0.005236,-0.082936,-0.008699,0.003535,-0.001745,0.013399,0.060498,0.015664,0.000000,-0.040761,0.037771
1771203812.340,3702,1,1,0.0000,0.9999,0.0000,0.0000,0.0000,0.0000,0.0000,0.016425,0.008368,0.000556,0.002195,0.000797,-0.006981,0.008727,0.010378,0.027274,0.059857,-0.008727,0.012781,0.027826,-0.009243,-0.005236,0.013528,0.036732,-0.003491,0.003491,-0.074534,-0.003677,0.004153,-0.001745,-0.036301,0.041356,0.013301,0.000000,-0.042443,0.038110
1771203812.441,3705,1,1,0.0000,0.9999,0.0000,0.0000,0.0000,0.0000,0.0000,0.018239,0.007859,0.001418,0.003597,0.001857,-0.006981,0.008727,-0.006010,0.032955,0.027890,-0.008727,0.025258,0.059128,0.019234,-0.005236,0.003040,0.042635,-0.003491,0.003491,-0.071205,-0.001311,0.009719,-0.001745,-0.035338,0.038584,0.002498,0.000000,-0.060997,0.040012
1771203812.540,3708,1,1,0.0000,0.9998,0.0001,0.0000,0.0000,0.0000,0.0000,0.013653,0.008988,0.000065,0.000646,0.001480,-0.006981,0.008727,0.018669,0.023673,0.010659,-0.008727,0.005793,0.043784,0.025993,-0.005236,-0.001215,0.026541,-0.003491,0.005236,-0.058493,-0.000637,0.081129,-0.001745,-0.045715,0.021493,-0.065421,0.000000,-0.116928,-0.010848
1771203812.642,3711,1,1,0.0000,0.9998,0.0001,0.0000,0.0000,0.0000,0.0000,0.015381,0.004594,0.000173,0.001370,0.001394,-0.006981,0.008727,0.006357,0.027391,0.005010,-0.008727,0.017457,0.056329,0.028151,-0.005236,0.006585,0.028565,-0.001745,0.005236,-0.063292,0.000119,0.038933,0.000000,-0.040606,0.010834,-0.021480,0.000000,-0.094672,-0.024754
1771203812.743,3714,1,1,0.0064,0.9922,0.0002,0.0005,0.0000,0.0000,0.0006,0.018637,0.017177,0.000657,0.001765,0.001767,-0.006981,0.008727,0.000727,0.040626,0.000854,-0.008727,0.031391,0.064171,0.027071,-0.003491,0.014541,0.035530,-0.001745,0.005236,-0.055969,0.016368,0.024369,-0.001745,0.072655,0.068143,0.000065,0.000000,-0.001543,0.019291
1771203812.844,3717,1,1,0.0094,0.9884,0.0004,0.0009,0.0000,0.0000,0.0009,0.013703,0.011987,0.000000,0.000000,0.000000,-0.006981,0.008727,0.002800,0.042319,0.003775,-0.008727,0.010281,0.042723,0.020660,-0.005236,0.003075,0.030073,-0.001745,0.003491,-0.060734,0.009054,0.027490,-0.001745,0.040220,0.046062,-0.004800,0.000000,-0.004704,0.017530
1771203812.947,3720,1,1,0.0105,0.9862,0.0004,0.0019,0.0000,0.0000,0.0009,0.020270,0.013460,0.002185,0.000845,0.002055,-0.006981,0.008727,0.007119,0.027534,-0.010593,-0.008727,0.036582,0.057527,0.033282,-0.003491,0.030941,0.041533,-0.001745,0.005236,-0.104960,0.050635,0.050759,-0.001745,0.011175,0.025948,-0.024579,-0.001745,-0.012780,0.017766
1771203813.047,3723,1,1,0.0075,0.9865,0.0025,0.0022,0.0001,0.0001,0.0011,0.016610,0.123578,0.000878,0.005489,0.005506,-0.006981,0.008727,0.005109,0.040343,0.011397,-0.008727,0.019045,0.044070,0.018274,-0.005236,0.011746,0.040609,-0.003491,0.003491,0.879627,0.185176,0.161742,-0.001745,0.029987,-0.088153,-0.135562,0.000000,0.192812,0.030098
1771203813.144,3726,1,1,0.0040,0.9721,0.0210,0.0010,0.0005,0.0001,0.0013,0.013709,0.093683,0.000000,0.000000,0.000000,-0.006981,0.008727,0.006867,0.043790,0.023656,-0.008727,0.006994,0.032394,0.002524,-0.005236,-0.001438,0.039551,-0.003491,0.003491,0.764294,0.075255,0.073560,0.000000,0.000713,-0.113616,-0.050871,-0.001745,0.171530,0.035350
1771203813.245,3729,1,1,0.0004,0.9684,0.0301,0.0004,0.0004,0.0000,0.0004,0.012557,0.050410,0.000311,0.001327,0.001465,-0.006981,0.008727,0.020390,0.037091,0.045464,-0.008727,0.000066,-0.018650,-0.015794,-0.003491,0.001370,0.037575,-0.001745,0.000000,0.462941,-0.008866,0.019024,-0.003491,-0.034325,-0.056998,0.003665,0.000000,0.087409,0.031879
1771203813.344,3732,1,1,0.0000,0.9927,0.0071,0.0000,0.0000,0.0000,0.0000,0.011983,0.031096,0.000570,0.000268,0.001596,-0.006981,0.008727,0.013337,0.040860,0.042980,-0.008727,-0.002362,-0.001585,-0.004583,-0.003491,-0.000389,0.037896,-0.003491,0.005236,0.243553,-0.018513,-0.019357,-0.001745,-0.012886,-0.024061,0.036810,-0.001745,0.059056,0.028501
1771203813.445,3735,1,1,0.0000,0.9995,0.0005,0.0000,0.0000,0.0000,0.0000,0.016047,0.021483,0.000610,0.002522,0.002971,-0.006981,0.008727,0.006375,0.046403,0.029970,-0.008727,-0.001813,0.036346,0.003191,-0.005236,0.002979,0.058569,-0.001745,0.001745,0.183901,-0.008168,-0.003726,-0.001745,-0.000900,-0.004717,0.036888,0.000000,0.019679,0.015587
1771203813.545,3738,1,1,0.0000,0.9998,0.0001,0.0000,0.0000,0.0000,0.0000,0.017302,0.024719,0.000456,0.001295,0.001207,-0.006981,0.008727,0.001309,0.045038,0.023580,-0.008727,-0.003608,0.045235,0.007836,-0.005236,0.006712,0.069184,-0.001745,0.003491,0.146779,-0.006179,-0.021888,-0.001745,0.031335,0.026073,0.058540,0.000000,0.008966,0.021448
1771203813.645,3741,1,1,0.0000,0.9989,0.0011,0.0000,0.0000,0.0000,0.0000,0.015736,0.022229,0.000396,0.001466,0.001246,-0.006981,0.008727,0.005007,0.043830,0.021495,-0.010472,-0.001482,0.043093,0.006431,-0.005236,0.001476,0.058771,-0.001745,0.001745,0.171753,-0.021336,-0.014319,-0.003491,-0.001275,0.019239,0.056207,0.000000,-0.012428,0.017808
1771203813.745,3744,1,1,0.0000,0.9967,0.0033,0.0000,0.0000,0.0000,0.0000,0.014674,0.019761,0.000000,0.000000,0.000000,-0.006981,0.008727,0.002656,0.042789,0.018579,-0.008727,-0.000742,0.042298,0.005856,-0.005236,-0.000064,0.055179,-0.001745,0.001745,0.134259,-0.008051,-0.036949,-0.001745,-0.088910,-0.015860,0.077091,-0.001745,-0.036543,0.024038
1771203813.849,3747,1,1,0.0000,0.9947,0.0052,0.0000,0.0000,0.0000,0.0000,0.014724,0.034194,0.000164,0.000451,0.001005,-0.006981,0.008727,0.016516,0.026160,0.034929,-0.008727,-0.005051,0.031562,-0.010494,-0.005236,0.003973,0.054823,-0.001745,0.003491,0.076613,-0.002201,-0.041786,-0.003491,0.045168,0.107491,0.073202,0.000000,-0.000785,0.104367
1771203813.945,3750,1,1,0.0001,0.9878,0.0120,0.0000,0.0000,0.0000,0.0000,0.017265,0.064883,0.000555,0.001644,0.003826,-0.006981,0.008727,0.003801,0.009528,0.055681,-0.008727,0.007197,0.040857,-0.020775,-0.005236,0.013651,0.067736,-0.001745,0.003491,0.034956,-0.075611,-0.008145,-0.001745,0.155900,0.204737,0.034325,0.000000,0.137015,0.208176
1771203814.046,3753,1,1,0.0001,0.9645,0.0352,0.0000,0.0000,0.0000,0.0001,0.008834,0.071477,0.001784,0.004422,0.004993,-0.006981,0.008727,0.006141,0.013029,0.047429,-0.008727,-0.017124,0.020961,-0.009031,-0.005236,-0.057758,0.009726,-0.001745,0.001745,0.037708,-0.079320,-0.048940,-0.003491,0.107902,0.188162,0.075120,-0.001745,0.188211,0.258875
1771203814.148,3756,1,1,0.0001,0.7602,0.2396,0.0000,0.0000,0.0000,0.0001,0.010033,0.105858,0.000249,0.001496,0.002407,-0.006981,0.008727,0.024857,0.015139,0.053557,-0.008727,-0.018152,0.005144,-0.009923,-0.005236,-0.027724,0.012967,0.001745,0.006981,-0.001620,-0.082802,-0.019627,-0.001745,0.277997,0.316997,0.047552,0.000000,0.295223,0.323804
1771203814.248,3759,2,1,0.0000,0.4991,0.5008,0.0000,0.0000,0.0000,0.0000,0.010708,0.104673,0.000494,0.000726,0.000499,-0.006981,0.008727,0.022050,0.015016,0.049021,-0.008727,0.007560,0.008708,-0.005388,-0.005236,-0.006060,0.017418,0.001745,0.006981,0.023574,-0.087948,0.032693,-0.005236,0.319398,0.299608,-0.003023,0.003491,0.277588,0.290995
1771203814.348,3762,2,2,0.0000,0.3207,0.6793,0.0000,0.0000,0.0000,0.0000,0.009632,0.095991,0.000748,0.003260,0.001519,-0.006981,0.008727,0.033417,0.015682,0.042468,-0.008727,0.000491,-0.011649,0.004656,-0.005236,-0.001262,0.010145,0.001745,0.006981,0.088630,-0.057987,0.062853,-0.006981,0.280921,0.221326,-0.043655,0.008727,0.236495,0.244215
1771203814.449,3765,2,2,0.0000,0.1554,0.8446,0.0000,0.0000,0.0000,0.0000,0.013528,0.096085,0.000421,0.003997,0.003626,-0.006981,0.008727,0.033414,0.015980,0.054121,-0.008727,0.017040,-0.003566,-0.008742,-0.005236,0.016253,0.016801,0.000000,0.003491,0.143682,-0.034510,0.082651,-0.008727,0.268042,0.216205,-0.068688,0.001745,0.199170,0.238033
1771203814.549,3768,2,2,0.0000,0.1401,0.8599,0.0000,0.0000,0.0000,0.0000,0.011391,0.097707,0.000289,0.000966,0.001218,-0.006981,0.008727,0.038718,0.016214,0.038231,-0.008727,0.004505,-0.002889,0.005402,-0.005236,0.005562,0.019329,0.000000,0.003491,0.140579,-0.017666,0.070452,-0.010472,0.271219,0.233910,-0.059980,0.003491,0.199548,0.249792
1771203814.651,3771,2,2,0.0000,0.1137,0.8860,0.0000,0.0003,0.0000,0.0000,0.008928,0.108547,0.000118,0.001992,0.000599,-0.006981,0.008727,0.031640,0.022457,-0.004169,-0.008727,-0.012822,-0.006122,0.044311,-0.005236,-0.044359,-0.009503,0.000000,0.001745,0.079244,-0.004757,0.066298,-0.010472,0.304579,0.287976,-0.061062,0.003491,0.246748,0.312489
1771203814.755,3774,2,2,0.0000,0.0481,0.9517,0.0000,0.0002,0.0000,0.0000,0.008659,0.123919,0.000411,0.001802,0.000464,-0.006981,0.008727,0.029609,0.023732,-0.003446,-0.008727,-0.061080,-0.020900,0.041844,-0.005236,-0.050478,-0.008418,0.000000,0.001745,0.080957,-0.008843,0.083589,-0.012217,0.363493,0.323705,-0.080099,0.003491,0.286971,0.343076
1771203814.860,3777,2,2,0.0001,0.3699,0.6297,0.0000,0.0003,0.0000,0.0000,0.009155,0.125417,0.000549,0.004373,0.004233,-0.006981,0.008727,0.044055,0.022174,0.027150,-0.008727,-0.075230,-0.062679,0.007757,-0.005236,-0.040764,-0.006660,0.000000,0.001745,0.112303,-0.036737,0.101588,-0.012217,0.357271,0.307213,-0.099843,0.006981,0.285810,0.332092
1771203814.958,3780,2,2,0.0000,0.0990,0.9009,0.0000,0.0001,0.0000,0.0000,0.010976,0.122801,0.000505,0.002840,0.002717,-0.006981,0.008727,0.049836,0.039219,0.027440,-0.008727,-0.044069,-0.038526,0.003976,-0.005236,-0.015262,0.002512,0.000000,0.005236,0.124381,-0.038478,0.098571,-0.012217,0.351348,0.294521,-0.096825,0.006981,0.277461,0.315109
1771203815.059,3783,2,2,0.0000,0.0117,0.9883,0.0000,0.0000,0.0000,0.0000,0.014019,0.127945,0.000479,0.003332,0.001541,-0.006981,0.008727,0.046848,0.064013,0.029909,-0.008727,-0.004703,-0.001880,0.001507,-0.005236,0.004520,0.012704,0.000000,0.008727,0.120098,-0.036391,0.089234,-0.012217,0.356705,0.287905,-0.087489,0.006981,0.327305,0.338380
1771203815.162,3786,2,2,0.0000,0.0036,0.9964,0.0000,0.0000,0.0000,0.0000,0.018079,0.117904,0.000251,0.004333,0.003521,-0.006981,0.008727,0.056086,0.058460,0.043461,-0.008727,0.011739,0.008606,-0.006809,-0.005236,0.009143,0.020726,0.000000,0.008727,0.064641,-0.026495,0.089327,-0.012217,0.353896,0.258156,-0.089327,0.006981,0.306057,0.327057
1771203815.265,3789,2,2,0.0000,0.0034,0.9965,0.0000,0.0001,0.0000,0.0000,0.017573,0.117712,0.000285,0.003053,0.001852,-0.006981,0.008727,0.055741,0.058307,0.045655,-0.008727,0.008743,0.005311,-0.005513,-0.005236,0.004610,0.023778,0.000000,0.008727,0.067427,-0.004010,0.091366,-0.010472,0.363350,0.247389,-0.089621,0.005236,0.299921,0.329131
1771203815.365,3792,2,2,0.0000,0.0034,0.9965,0.0000,0.0001,0.0000,0.0000,0.020897,0.126533,0.001314,0.002571,0.002222,-0.006981,0.008727,0.085068,0.058758,0.069940,-0.008727,-0.001996,0.002451,-0.021071,-0.003491,0.002920,0.022897,0.000000,0.008727,0.077356,0.037247,0.102777,-0.005236,0.394965,0.257514,-0.102777,0.005236,0.297972,0.336605
1771203815.466,3795,2,2,0.0000,0.0075,0.9915,0.0000,0.0006,0.0003,0.0001,0.019754,0.156062,0.001666,0.001451,0.000480,-0.006981,0.008727,0.049226,0.059282,0.053344,-0.008727,-0.001022,0.009441,-0.002730,-0.005236,0.017476,0.039553,0.000000,0.010472,0.106956,0.085924,0.128588,0.000000,0.461609,0.303826,-0.128588,0.005236,0.368798,0.401337
1771203815.565,3798,2,2,0.0000,0.0287,0.9658,0.0000,0.0039,0.0015,0.0001,0.022957,0.165026,0.001207,0.002569,0.004063,-0.006981,0.008727,0.036489,0.050938,0.036214,-0.008727,0.010348,0.021458,0.012656,-0.005236,0.034285,0.064365,-0.001745,0.010472,0.116442,0.093836,0.153493,-0.001745,0.500331,0.328228,-0.151748,0.003491,0.364766,0.409255
1771203815.669,3801,2,2,0.0000,0.0336,0.9518,0.0000,0.0130,0.0013,0.0002,0.028359,0.151677,0.001032,0.001493,0.001139,-0.006981,0.008727,-0.020807,0.052541,0.048895,-0.008727,0.032628,0.067240,-0.001771,-0.005236,0.046259,0.084017,-0.001745,0.010472,0.101760,0.052540,0.146971,-0.001745,0.495418,0.342698,-0.148716,0.003491,0.295448,0.371325
1771203815.769,3804,2,2,0.0000,0.0719,0.8705,0.0001,0.0541,0.0028,0.0005,0.028866,0.124277,0.000931,0.002970,0.004183,-0.006981,0.008727,-0.035195,0.053187,0.029887,-0.008727,0.026479,0.074435,0.012001,-0.003491,0.053732,0.087941,-0.003491,0.010472,0.059448,0.030970,0.111619,-0.001745,0.455079,0.313467,-0.111619,0.001745,0.220559,0.287969
1771203815.869,3807,2,2,0.0001,0.1384,0.7839,0.0003,0.0744,0.0020,0.0008,0.018507,0.107051,0.001090,0.004430,0.005570,-0.006981,0.008727,0.004248,0.051859,0.032587,-0.008727,0.009701,0.033667,0.002319,-0.003491,0.025283,0.053688,-0.001745,0.010472,0.068113,0.034524,0.102001,-0.001745,0.396105,0.247837,-0.102001,0.001745,0.175275,0.248539
1771203815.969,3810,2,2,0.0001,0.1657,0.8188,0.0001,0.0138,0.0004,0.0011,0.010977,0.099317,0.002439,0.004878,0.004457,-0.006981,0.008727,0.007998,0.044941,0.036761,-0.008727,-0.003447,-0.005497,-0.001855,-0.003491,0.006045,0.027254,-0.003491,0.012217,0.111803,0.036382,0.099982,-0.001745,0.345664,0.187660,-0.101727,0.001745,0.167913,0.228431
1771203816.070,3813,2,2,0.0000,0.0968,0.9008,0.0000,0.0016,0.0000,0.0008,0.010828,0.087881,0.000507,0.001091,0.001047,-0.006981,0.008727,0.016531,0.038490,0.040194,-0.008727,-0.005250,0.001399,-0.001797,-0.003491,-0.004328,0.024600,-0.001745,0.012217,0.201881,0.086674,0.081713,-0.001745,0.235712,0.101873,-0.079968,0.000000,0.134070,0.200435
1771203816.170,3816,2,2,0.0000,0.1360,0.8627,0.0000,0.0005,0.0000,0.0008,0.013643,0.070900,0.001056,0.003437,0.001652,-0.006981,0.008727,0.020324,0.033068,0.028814,-0.008727,0.000910,0.011204,0.009584,-0.005236,0.007277,0.043809,-0.003491,0.012217,0.159407,0.066589,0.050663,-0.001745,0.218559,0.072624,-0.048918,0.000000,0.119496,0.151249
1771203816.270,3819,1,2,0.0000,0.6293,0.3696,0.0000,0.0001,0.0000,0.0010,0.012349,0.027129,0.001111,0.001510,0.000736,-0.006981,0.008727,0.022765,0.009134,0.019874,-0.008727,-0.005757,0.009840,0.013287,-0.005236,0.011170,0.053394,-0.001745,0.012217,0.164022,0.028091,0.055425,-0.001745,0.033064,-0.064111,-0.053680,0.000000,-0.030085,0.032732
1771203816.370,3822,1,1,0.0000,0.9397,0.0601,0.0000,0.0000,0.0000,0.0002,0.013241,0.020389,0.000596,0.001819,0.006375,-0.006981,0.008727,0.022483,0.002698,0.026303,-0.008727,-0.006262,0.031705,0.003368,-0.005236,-0.010723,0.063606,-0.001745,0.012217,0.180625,0.028415,0.023411,0.000000,-0.165092,-0.174128,-0.021665,-0.001745,-0.129511,-0.020529
1771203816.472,3825,1,1,0.0000,0.9914,0.0086,0.0000,0.0000,0.0000,0.0000,0.014600,0.027666,0.000457,0.000571,0.001606,-0.003491,0.008727,0.029997,0.005290,0.018230,-0.008727,-0.006973,0.045724,0.007950,-0.005236,-0.008593,0.059277,-0.001745,0.012217,0.200102,0.047657,-0.044609,-0.003491,-0.196939,-0.154045,0.051590,-0.003491,-0.043091,0.020432
1771203816.571,3828,1,1,0.0000,0.9986,0.0014,0.0000,0.0000,0.0000,0.0000,0.013510,0.035875,0.000769,0.002417,0.002442,-0.006981,0.008727,0.019810,0.015438,0.003082,-0.008727,-0.000900,0.049682,0.019607,-0.003491,-0.010585,0.045779,-0.001745,0.008727,0.181050,0.086867,-0.082152,-0.001745,-0.211371,-0.128859,0.096115,-0.006981,0.001545,0.056202
1771203816.671,3831,1,1,0.0000,0.9986,0.0014,0.0000,0.0000,0.0000,0.0000,0.011108,0.030720,0.000625,0.005356,0.003882,-0.006981,0.008727,-0.000336,0.021557,-0.002100,-0.008727,-0.000737,0.044140,0.021299,-0.003491,-0.005688,0.037574,-0.001745,0.006981,0.101123,0.070215,-0.067766,-0.003491,-0.166504,-0.099874,0.085220,-0.003491,0.034819,0.070282
1771203816.771,3834,1,1,0.0000,0.9924,0.0076,0.0000,0.0000,0.0000,0.0000,0.012240,0.062634,0.001944,0.003290,0.003361,-0.006981,0.008727,0.017073,0.020439,0.012115,-0.008727,0.008333,0.042816,0.005338,-0.003491,-0.004361,0.032034,-0.001745,0.006981,0.053195,0.022436,-0.087115,-0.001745,-0.207705,-0.116601,0.109804,-0.005236,0.283417,0.275780
1771203816.871,3837,1,1,0.0000,0.9775,0.0225,0.0000,0.0000,0.0000,0.0000,0.018481,0.047729,0.002294,0.002951,0.004738,-0.006981,0.008727,0.037836,0.018308,0.027072,-0.008727,0.032064,0.047391,-0.007873,-0.003491,0.010633,0.039739,-0.001745,0.006981,0.017526,0.021986,-0.012850,-0.001745,-0.064395,-0.023047,0.039030,-0.003491,0.233173,0.254056
1771203816.971,3840,1,1,0.0000,0.8449,0.1550,0.0000,0.0000,0.0000,0.0000,0.027659,0.111170,0.001069,0.006558,0.012943,-0.006981,0.008727,0.043463,0.049093,0.029574,-0.008727,0.027994,0.071309,-0.005139,-0.003491,0.009894,0.091854,-0.001745,0.006981,-0.052361,-0.001393,0.154443,-0.003491,0.508515,0.295844,-0.128263,-0.003491,0.161030,0.207231
1771203817.071,3843,1,1,0.0000,0.7020,0.2980,0.0000,0.0000,0.0000,0.0000,0.028057,0.074511,0.000755,0.005230,0.015671,-0.006981,0.008727,0.029191,0.083147,0.031476,-0.008727,0.015540,0.074623,-0.000060,-0.003491,0.006556,0.087422,-0.001745,0.005236,-0.134347,0.004492,0.154766,-0.001745,0.547088,0.182550,-0.132077,-0.001745,-0.061747,-0.105335
1771203817.175,3846,1,1,0.0000,0.8622,0.1378,0.0000,0.0000,0.0000,0.0000,0.020662,0.027154,0.002405,0.010516,0.009203,-0.006981,0.008727,0.001701,0.064294,0.022610,-0.008727,0.004893,0.059695,0.007061,-0.003491,0.005932,0.073034,-0.001745,0.006981,-0.090753,0.011809,0.055783,0.000000,0.251276,-0.059475,-0.036584,-0.001745,-0.150797,-0.226617
1771203817.275,3849,1,1,0.0000,0.9790,0.0210,0.0000,0.0000,0.0000,0.0000,0.014298,0.002416,0.001193,0.004748,0.005531,-0.006981,0.008727,-0.017112,0.064282,0.014681,-0.008727,0.006661,0.036858,0.009753,-0.003491,0.003020,0.027595,-0.001745,0.006981,-0.604269,-0.145148,0.022010,0.000000,-0.285607,-0.216962,-0.001066,-0.001745,-0.311479,-0.193015
1771203817.381,3852,1,1,0.0000,0.9998,0.0002,0.0000,0.0000,0.0000,0.0000,0.009701,0.005102,0.001190,0.006414,0.005976,-0.006981,0.008727,-0.000829,0.082604,0.010931,-0.008727,0.002839,-0.008003,0.008267,-0.003491,0.003040,-0.015668,-0.001745,0.005236,-0.540922,-0.122922,-0.035048,-0.005236,-0.402863,-0.256950,0.055992,-0.001745,-0.430783,-0.284295
1771203817.479,3855,1,1,0.0000,0.9999,0.0001,0.0000,0.0000,0.0000,0.0000,0.010298,0.004577,0.000955,0.001244,0.000680,-0.006981,0.008727,0.008339,0.068189,0.012202,-0.008727,0.006425,-0.002830,0.003506,-0.003491,0.012091,0.004096,-0.001745,0.008727,-0.469973,-0.089820,0.046201,-0.005236,-0.378814,-0.225831,-0.020021,-0.001745,-0.578634,-0.373461
1771203817.579,3858,1,1,0.0000,0.9998,0.0002,0.0000,0.0000,0.0000,0.0000,0.007243,0.006547,0.000798,0.002595,0.002802,-0.006981,0.008727,0.011567,0.049706,0.005062,-0.008727,-0.003571,-0.007624,0.008901,-0.003491,-0.009278,0.002954,-0.003491,0.008727,-0.293073,-0.072853,0.069838,-0.003491,-0.341871,-0.178288,-0.033186,-0.001745,-0.520689,-0.338203
1771203817.683,3861,1,1,0.0000,0.9995,0.0005,0.0000,0.0000,0.0000,0.0000,0.005579,0.005079,0.000602,0.003515,0.003359,-0.006981,0.008727,0.017210,0.024465,-0.004329,-0.008727,-0.000889,-0.004175,0.016546,-0.003491,-0.035158,-0.013740,-0.003491,0.008727,-0.141351,-0.051782,0.052223,-0.003491,-0.194526,-0.109049,-0.003354,-0.003491,-0.275986,-0.198443
1771203817.780,3864,1,1,0.0000,0.9999,0.0001,0.0000,0.0000,0.0000,0.0000,0.004834,0.005236,0.000650,0.003235,0.005508,-0.006981,0.008727,0.023797,0.010633,0.014847,-0.008727,-0.005922,-0.020446,-0.002630,-0.005236,-0.021036,-0.015894,-0.005236,0.006981,-0.134207,-0.043314,0.050570,-0.005236,-0.158715,-0.085900,0.005281,-0.001745,-0.213873,-0.170758
1771203817.880,3867,1,1,0.0000,1.0000,0.0000,0.0000,0.0000,0.0000,0.0000,0.004995,0.007491,0.000249,0.004801,0.002504,-0.006981,0.008727,0.028694,0.003622,0.018903,-0.008727,-0.000690,-0.003233,-0.001450,-0.005236,-0.009198,-0.004789,-0.003491,0.006981,-0.159565,-0.036974,-0.028806,-0.005236,-0.054754,-0.059633,0.082911,-0.001745,-0.029329,-0.088123
1771203817.980,3870,1,1,0.0000,1.0000,0.0000,0.0000,0.0000,0.0000,0.0000,0.004769,0.015594,0.000736,0.002598,0.003099,-0.006981,0.008727,0.025023,-0.002057,0.023482,-0.008727,-0.009414,-0.001791,-0.004283,-0.003491,-0.018475,-0.005085,-0.003491,0.006981,-0.039915,-0.028462,-0.042375,-0.005236,0.015087,-0.041853,0.098226,-0.001745,0.066838,-0.038483
1771203818.080,3873,1,1,0.0000,1.0000,0.0000,0.0000,0.0000,0.0000,0.0000,0.005398,0.006125,0.001452,0.003518,0.004602,-0.006981,0.008727,0.016707,-0.002174,0.039338,-0.008727,-0.025336,-0.001694,-0.011413,-0.005236,-0.013598,-0.005658,-0.005236,0.006981,-0.036181,-0.030470,0.041285,-0.005236,-0.029953,-0.043158,0.014565,-0.001745,0.010670,-0.039064
1771203818.181,3876,1,1,0.0000,1.0000,0.0000,0.0000,0.0000,0.0000,0.0000,0.006462,0.006386,0.000910,0.002757,0.003696,-0.006981,0.008727,-0.007231,0.006521,0.047973,-0.008727,-0.001842,0.010681,-0.013067,-0.005236,-0.000350,0.003647,-0.003491,0.006981,-0.061306,-0.021506,0.069655,-0.005236,-0.024088,-0.040295,-0.013804,-0.001745,-0.035736,-0.078682
1771203818.282,3879,1,1,0.0000,1.0000,0.0000,0.0000,0.0000,0.0000,0.0000,0.012213,0.007673,0.001104,0.002086,0.002745,-0.006981,0.008727,-0.011172,0.014863,0.049935,-0.008727,0.005672,0.029485,-0.009793,-0.003491,0.007823,0.030054,0.024435,-0.034907,0.009536,0.003995,0.024874,-0.005236,-0.014070,-0.038562,0.029231,-0.001745,-0.003882,-0.069712
1771203818.384,3882,1,1,0.0000,0.9994,0.0006,0.0000,0.0000,0.0000,0.0000,0.015080,0.095643,0.000904,0.002536,0.001041,-0.006981,0.008727,-0.001968,0.021813,0.051289,-0.008727,0.000780,0.034524,-0.002420,-0.005236,0.013847,0.049975,0.054105,-0.059341,0.176426,0.020344,-0.089564,-0.005236,0.199784,0.048332,0.140178,-0.001745,0.321851,0.186690
1771203818.484,3885,1,1,0.0000,0.9935,0.0065,0.0000,0.0000,0.0000,0.0000,0.014291,0.079645,0.001005,0.002206,0.002340,-0.006981,0.008727,0.006973,0.020799,0.054691,-0.008727,-0.010178,0.028863,-0.007567,-0.005236,0.005731,0.045707,0.057596,-0.059341,0.185399,0.024783,-0.112508,-0.005236,0.091257,0.035201,0.154396,0.000000,0.225110,0.181998
1771203818.584,3888,1,1,0.0000,0.9825,0.0174,0.0000,0.0000,0.0000,0.0000,0.014732,0.050559,0.002999,0.002869,0.001725,-0.006981,0.008727,0.020106,0.016814,0.049542,-0.008727,0.000785,0.039670,-0.000673,-0.005236,-0.001198,0.041136,0.061087,-0.057596,0.141175,0.022523,-0.039104,-0.005236,0.016394,0.010798,0.070520,0.000000,0.127367,0.156847
1771203818.684,3891,1,1,0.0001,0.9801,0.0198,0.0000,0.0000,0.0000,0.0000,0.015700,0.037306,0.000729,0.002439,0.000869,-0.006981,0.008727,0.022403,0.036668,0.049607,-0.008727,-0.003929,0.033446,-0.000738,-0.005236,-0.005463,0.037553,0.061087,-0.057596,0.127178,0.021539,-0.006971,-0.005236,0.018830,0.013667,0.043623,0.001745,0.061082,0.098927
1771203818.790,3894,1,1,0.0000,0.9919,0.0080,0.0000,0.0000,0.0000,0.0000,0.016761,0.042404,0.000542,0.001005,0.000131,-0.006981,0.008727,0.024765,0.037596,0.040064,-0.008727,-0.001188,0.033243,0.007059,-0.005236,-0.002819,0.049673,0.061087,-0.055851,0.168136,0.026417,0.005733,-0.005236,0.007208,0.014070,0.020447,0.000000,0.076592,0.129158
1771203818.885,3897,1,1,0.0000,0.9978,0.0022,0.0000,0.0000,0.0000,0.0000,0.017559,0.029178,0.000275,0.001300,0.002126,-0.006981,0.008727,0.029784,0.037691,0.027077,-0.008727,-0.003749,0.030986,0.013066,-0.003491,0.006531,0.056852,0.057596,-0.048869,0.124001,0.026129,0.009356,-0.005236,-0.035064,-0.000242,0.004606,0.001745,0.036399,0.090303
1771203818.985,3900,1,1,0.0000,0.9987,0.0013,0.0000,0.0000,0.0000,0.0000,0.019779,0.017325,0.000357,0.002366,0.002121,-0.006981,0.008727,0.035414,0.041942,0.013908,-0.008727,0.005803,0.039994,0.017508,-0.005236,0.008343,0.065713,0.036652,-0.024435,0.060380,0.024333,0.010703,-0.003491,-0.038380,-0.004339,0.001514,0.000000,0.002872,0.071446
1771203819.086,3903,1,1,0.0000,0.9981,0.0019,0.0000,0.0000,0.0000,0.0000,0.017695,0.015038,0.000029,0.003443,0.003164,-0.006981,0.008727,0.042332,0.045793,0.020013,-0.008727,0.001449,0.033887,0.006167,-0.005236,-0.001585,0.053971,0.013963,-0.003491,0.034589,0.013815,0.009366,-0.003491,-0.018229,0.002225,0.004597,0.000000,0.012491,0.089414
1771203819.186,3906,1,1,0.0000,0.9988,0.0012,0.0000,0.0000,0.0000,0.0000,0.015823,0.017089,0.000889,0.002346,0.002787,-0.006981,0.008727,0.045616,0.046077,0.018975,-0.008727,-0.004033,0.022946,0.003714,-0.003491,0.000036,0.043780,0.001745,0.000000,-0.046043,0.003499,-0.009751,-0.003491,0.029175,0.008792,0.021969,0.000000,0.054777,0.085108
1771203819.286,3909,1,1,0.0000,0.9995,0.0004,0.0000,0.0000,0.0000,0.0000,0.016775,0.009288,0.001735,0.004263,0.003155,-0.006981,0.008727,0.031623,0.043139,0.019636,-0.008727,0.002549,0.036090,0.003053,-0.005236,0.005283,0.051197,0.000000,0.000000,-0.051850,0.001354,0.021043,-0.003491,0.006960,-0.000848,-0.010571,0.000000,0.016621,0.065473
1771203819.390,3912,1,1,0.0000,0.9999,0.0001,0.0000,0.0000,0.0000,0.0000,0.017765,0.006325,0.002006,0.004421,0.003218,-0.006981,0.008727,-0.028367,0.044140,0.001946,-0.008727,0.012977,0.065400,0.018998,-0.005236,0.004127,0.056867,0.005236,-0.005236,0.042778,-0.003933,-0.017413,-0.005236,-0.010245,-0.017320,0.026140,0.001745,-0.113600,-0.062873
1771203819.488,3915,1,1,0.0000,0.9999,0.0000,0.0000,0.0000,0.0000,0.0000,0.014869,0.010440,0.001993,0.002389,0.003787,-0.006981,0.008727,-0.003853,0.030651,-0.022635,-0.008727,-0.015960,0.041264,0.052306,-0.003491,-0.009849,0.045483,0.012217,-0.012217,0.056368,-0.000363,-0.040991,-0.003491,-0.002660,-0.003020,0.056699,0.000000,-0.043853,-0.028213
1771203819.588,3918,1,1,0.0000,0.9999,0.0000,0.0000,0.0000,0.0000,0.0000,0.008943,0.011708,0.000921,0.000492,0.000776,-0.006981,0.008727,0.010684,-0.011633,0.002026,-0.008727,-0.014429,0.023295,0.031136,-0.005236,-0.000103,0.031448,0.012217,-0.012217,0.042986,-0.000022,-0.005857,-0.005236,0.015686,0.020329,0.026801,0.000000,-0.000229,0.022480
1771203819.689,3921,1,1,0.0000,0.9999,0.0000,0.0000,0.0000,0.0000,0.0000,0.009219,0.007670,0.000115,0.002440,0.002095,-0.006981,0.008727,0.006194,-0.019656,0.010914,-0.008727,0.003145,0.031011,0.020502,-0.003491,0.001037,0.029102,0.010472,-0.006981,-0.007225,-0.001094,-0.003360,-0.005236,0.009342,0.005749,0.017323,0.000000,0.010322,0.038832
1771203819.790,3924,1,1,0.0000,0.9999,0.0000,0.0000,0.0000,0.0000,0.0000,0.011425,0.021904,0.000441,0.003567,0.000201,-0.006981,0.008727,0.009554,-0.005860,0.012572,-0.008727,0.004973,0.045715,0.015353,-0.005236,0.009662,0.030547,0.000000,0.000000,0.005549,0.008492,0.026333,-0.005236,0.060326,0.026243,-0.014116,0.000000,0.047292,0.088610
1771203819.889,3927,1,1,0.0000,0.9999,0.0001,0.0000,0.0000,0.0000,0.0000,0.016773,0.016583,0.000742,0.006051,0.005224,-0.006981,0.008727,0.006273,-0.005450,0.007435,-0.008727,0.012262,0.055452,0.015254,-0.005236,0.032103,0.063767,0.000000,0.000000,-0.022755,-0.009953,0.040182,-0.005236,0.024478,0.009862,-0.026220,0.000000,0.028029,0.096446
1771203819.994,3930,1,1,0.0000,0.9998,0.0001,0.0000,0.0000,0.0000,0.0000,0.014538,0.009785,0.000278,0.001866,0.001381,-0.006981,0.008727,0.007890,-0.006361,0.007821,-0.008727,0.005649,0.049248,0.013123,-0.003491,0.016767,0.065228,0.003491,-0.001745,-0.033814,-0.014330,0.032843,-0.003491,-0.002733,-0.007690,-0.008409,0.000000,0.004975,0.076116
1771203820.091,3933,1,1,0.0000,0.9998,0.0001,0.0000,0.0000,0.0000,0.0000,0.012903,0.010778,0.002007,0.000227,0.001840,-0.006981,0.008727,0.009103,-0.002388,0.003244,-0.008727,-0.002591,0.048934,0.012464,-0.003491,0.006289,0.066076,-0.001745,0.001745,-0.021635,-0.008517,-0.011534,-0.003491,0.000408,-0.006884,0.034223,0.000000,0.010769,0.082185
1771203820.200,3936,1,1,0.0000,0.9998,0.0001,0.0001,0.0000,0.0000,0.0000,0.012610,0.010993,0.001032,0.003051,0.003620,-0.006981,0.008727,0.011955,-0.001831,0.008711,-0.008727,-0.001191,0.043012,0.003506,-0.005236,0.002889,0.072518,-0.001745,0.003491,0.012236,0.001457,0.031007,-0.005236,0.004870,-0.002902,-0.006572,0.000000,0.004249,0.074606
1771203820.292,3939,1,1,0.0033,0.9950,0.0002,0.0012,0.0000,0.0000,0.0003,0.012290,0.006806,0.000596,0.005222,0.005139,-0.006981,0.008727,0.016847,0.001292,0.004845,-0.008727,-0.003627,0.040225,0.007372,-0.005236,0.002606,0.065561,-0.001745,0.003491,-0.003312,0.002788,0.031284,-0.005236,-0.003776,-0.005057,-0.008595,0.000000,-0.016270,0.044109
1771203820.392,3942,1,1,0.0028,0.9959,0.0002,0.0009,0.0000,0.0000,0.0002,0.011455,0.004791,0.000961,0.003383,0.002152,-0.006981,0.008727,0.023784,0.002899,0.002394,-0.008727,-0.007081,0.032386,0.006333,-0.003491,-0.001736,0.060933,-0.001745,0.003491,0.009273,-0.002057,0.000110,-0.003491,-0.002604,-0.004418,0.017343,0.000000,-0.019440,0.027280
1771203820.493,3945,1,1,0.0025,0.9965,0.0001,0.0007,0.0000,0.0000,0.0002,0.014905,0.001508,0.001836,0.001249,0.001670,-0.006981,0.008727,0.013883,0.014448,-0.009522,-0.008727,0.013030,0.042361,0.016503,-0.003491,0.006571,0.063334,-0.001745,0.003491,0.004128,-0.004800,0.006116,-0.005236,-0.048161,-0.022697,0.004356,0.000000,-0.042200,-0.012671
1771203820.593,3948,1,1,0.0019,0.9969,0.0001,0.0009,0.0000,0.0000,0.0002,0.018165,0.002538,0.000635,0.005316,0.004601,-0.006981,0.008727,-0.007227,0.030904,-0.012446,-0.008727,0.023015,0.052342,0.029899,-0.005236,0.011541,0.061554,-0.001745,0.003491,0.002074,-0.006344,0.024897,-0.005236,-0.130355,-0.046830,-0.012680,0.000000,-0.062973,-0.016675
1771203820.696,3951,1,1,0.0019,0.9970,0.0001,0.0008,0.0000,0.0000,0.0002,0.014971,0.001853,0.001148,0.003312,0.001801,-0.006981,0.008727,0.004663,0.025895,0.003929,-0.008727,0.008522,0.042821,0.017015,-0.003491,0.010060,0.058020,-0.003491,0.003491,-0.037455,0.001290,0.005189,-0.005236,-0.099547,-0.033681,0.012264,0.000000,-0.064093,-0.007101
1771203820.795,3954,1,1,0.0017,0.9969,0.0001,0.0011,0.0000,0.0000,0.0002,0.015874,0.010872,0.002660,0.004035,0.004054,-0.006981,0.008727,-0.000332,0.020481,0.018246,-0.008727,0.003257,0.055022,-0.002538,-0.003491,0.013097,0.071657,-0.001745,0.005236,-0.113594,0.023274,0.010778,-0.005236,0.028799,0.042319,-0.000306,0.000000,-0.045876,0.020060
1771203820.896,3957,1,1,0.0022,0.9960,0.0002,0.0013,0.0000,0.0000,0.0003,0.016198,0.018086,0.001518,0.001681,0.001343,-0.006981,0.008727,0.008443,0.021195,0.042140,-0.008727,-0.001166,0.047616,-0.015960,-0.003491,-0.000760,0.066257,-0.001745,0.005236,-0.007352,0.044739,-0.000862,-0.001745,0.071201,0.062321,0.011334,0.000000,-0.044903,0.022199
1771203820.993,3960,1,1,0.0023,0.9956,0.0003,0.0015,0.0000,0.0000,0.0003,0.005033,0.023203,0.001880,0.003143,0.004135,-0.006981,0.008727,0.012316,0.002879,0.020573,-0.008727,-0.049607,0.008548,0.007352,-0.003491,-0.090136,-0.001601,-0.003491,0.003491,-0.007155,0.041539,-0.010433,-0.003491,0.106128,0.068937,0.017414,0.000000,0.007089,0.033832
1771203821.094,3963,1,1,0.0013,0.9973,0.0004,0.0008,0.0000,0.0000,0.0002,0.007022,0.018881,0.002303,0.004911,0.003682,-0.006981,0.008727,0.034821,-0.005911,0.040711,-0.008727,-0.069209,-0.012504,-0.011041,-0.005236,-0.060858,-0.011482,-0.001745,0.005236,0.016134,0.041334,-0.009376,-0.001745,0.035406,0.035270,0.019848,0.000000,0.017865,0.055473
1771203821.195,3966,1,1,0.0002,0.9991,0.0003,0.0003,0.0000,0.0000,0.0001,0.009394,0.029446,0.002525,0.002550,0.001059,-0.006981,0.008727,0.039117,0.012955,0.049415,-0.008727,-0.041398,-0.001519,-0.011018,-0.005236,-0.036545,0.002516,-0.001745,0.005236,0.029213,0.072947,0.019372,-0.001745,0.043468,0.053821,-0.007154,0.000000,0.027410,0.101889
1771203821.296,3969,1,1,0.0000,0.9995,0.0003,0.0001,0.0000,0.0000,0.0001,0.011017,0.044054,0.002640,0.001747,0.001538,-0.006981,0.008727,0.026644,0.037945,0.045823,-0.008727,-0.016113,0.013066,-0.003935,-0.005236,-0.042351,-0.013058,-0.001745,0.003491,0.070910,0.086345,0.124666,-0.003491,0.076203,0.079225,-0.107212,0.000000,-0.009469,0.087804
1771203821.395,3972,1,1,0.0000,0.9996,0.0003,0.0000,0.0000,0.0000,0.0001,0.011608,0.032263,0.001648,0.000865,0.001516,-0.006981,0.008727,0.026726,0.042093,0.046888,-0.008727,0.000618,0.014012,0.000236,-0.005236,-0.018001,-0.004787,-0.003491,0.005236,-0.023479,0.099634,0.046008,-0.003491,0.070703,0.054717,-0.030300,-0.001745,0.015594,0.095270
1771203821.496,3975,1,1,0.0000,0.9994,0.0005,0.0000,0.0000,0.0000,0.0000,0.011248,0.038409,0.001123,0.001585,0.000902,-0.006981,0.008727,0.029680,0.036411,0.034391,-0.008727,-0.002689,0.011199,0.010988,-0.003491,0.003582,-0.001058,-0.003491,0.005236,-0.042331,0.085927,0.020966,-0.001745,0.129342,0.090044,-0.000022,-0.003491,0.028305,0.101084
1771203821.596,3978,1,1,0.0000,0.9980,0.0019,0.0000,0.0000,0.0000,0.0000,0.015899,0.053996,0.001760,0.001004,0.000868,-0.006981,0.008727,0.005266,0.038059,0.013155,-0.008727,0.016148,0.032813,0.021752,-0.005236,0.031826,0.023047,-0.003491,0.005236,0.118371,0.087220,0.065427,-0.001745,0.145350,0.114109,-0.047974,0.000000,0.017281,0.094963
1771203821.699,3981,1,1,0.0000,0.9887,0.0112,0.0000,0.0000,0.0000,0.0000,0.025310,0.067272,0.002021,0.001427,0.004195,-0.006981,0.008727,0.003763,0.040437,0.004977,-0.008727,0.046337,0.088503,0.024693,-0.005236,0.028537,0.057751,-0.001745,0.005236,0.325537,0.095981,0.169549,-0.003491,0.072190,0.052649,-0.152096,0.003491,0.006126,0.076508
1771203821.799,3984,1,1,0.0000,0.9258,0.0741,0.0000,0.0000,0.0000,0.0000,0.025829,0.103039,0.001460,0.000795,0.003432,-0.006981,0.008727,-0.002931,0.025569,0.012141,-0.008727,0.064912,0.084676,0.012294,-0.005236,0.019569,0.082067,0.000000,0.001745,0.360413,0.076734,0.061555,-0.005236,0.269636,0.179556,-0.047592,0.000000,0.138660,0.148174
1771203821.899,3987,1,1,0.0000,0.8133,0.1866,0.0000,0.0000,0.0000,0.0000,0.026597,0.080444,0.001150,0.001411,0.003271,-0.006981,0.008727,-0.008954,0.015532,0.023560,-0.008727,0.072919,0.083997,-0.000870,-0.003491,0.025616,0.088817,0.000000,0.000000,0.278306,0.034872,0.019061,-0.005236,0.201715,0.205719,0.000138,-0.001745,0.089955,0.135561
1771203821.999,3990,1,1,0.0000,0.7583,0.2416,0.0000,0.0000,0.0000,0.0000,0.022632,0.055576,0.000443,0.001189,0.001103,-0.006981,0.008727,0.001573,0.011020,0.029692,-0.008727,0.050985,0.073530,-0.003512,-0.005236,0.017672,0.078382,0.000000,0.001745,0.204734,-0.006005,0.011549,-0.001745,0.124453,0.160431,0.000668,-0.001745,0.051361,0.111968
1771203822.101,3993,1,1,0.0000,0.6407,0.3593,0.0000,0.0000,0.0000,0.0000,0.008842,0.051247,0.000454,0.000742,0.000372,-0.006981,0.008727,0.004019,-0.004063,0.024758,-0.008727,0.013149,0.042607,0.001422,-0.005236,-0.043758,0.011422,0.000000,0.000000,0.228378,-0.013358,0.012162,0.000000,0.121568,0.146187,0.000055,-0.001745,0.024663,0.081951
1771203822.202,3996,1,1,0.0000,0.6972,0.3028,0.0000,0.0000,0.0000,0.0000,0.004826,0.048693,0.000000,0.000000,0.000000,-0.006981,0.008727,0.014128,-0.012326,0.026640,-0.008727,-0.012230,0.008420,-0.000460,-0.005236,-0.038356,-0.012282,0.000000,0.000000,0.236661,-0.004807,0.004051,0.003491,0.116693,0.143042,0.006421,-0.001745,0.006952,0.067010
1771203822.305,3999,1,1,0.0000,0.7198,0.2802,0.0000,0.0000,0.0000,0.0000,0.003942,0.045320,0.000646,0.001991,0.004059,-0.006981,0.008727,0.015882,-0.012181,0.017494,-0.008727,-0.008526,-0.000576,0.005195,-0.005236,-0.016266,-0.001749,0.000000,0.001745,0.253579,-0.011167,-0.005950,0.000000,0.071881,0.129346,0.019913,-0.001745,0.002199,0.065183
1771203822.403,4002,1,1,0.0000,0.7088,0.2912,0.0000,0.0000,0.0000,0.0000,0.005489,0.042722,0.001347,0.001697,0.002388,-0.006981,0.008727,0.024050,-0.005982,0.018215,-0.008727,-0.005347,-0.002175,0.006219,-0.005236,-0.004541,0.008651,0.000000,0.003491,0.203166,0.003580,-0.035155,0.000000,0.040182,0.130754,0.054354,-0.001745,0.000959,0.076180
1771203822.503,4005,1,1,0.0001,0.7699,0.2301,0.0000,0.0000,0.0000,0.0000,0.006540,0.048377,0.001957,0.007361,0.007336,-0.006981,0.008727,0.047708,-0.004077,0.015929,-0.008727,-0.011249,-0.011953,0.003270,-0.005236,-0.001206,0.002843,-0.001745,0.005236,0.212572,0.010147,-0.008298,0.001745,0.062469,0.138850,0.037969,-0.001745,0.017159,0.094372
1771203822.604,4008,1,1,0.0001,0.8117,0.1882,0.0000,0.0000,0.0000,0.0000,0.009390,0.058829,0.000233,0.004193,0.007659,-0.006981,0.008727,0.053038,-0.000653,0.029753,-0.008727,-0.004583,-0.011808,-0.007064,-0.003491,0.011535,0.009633,-0.001745,0.006981,0.233924,0.022056,0.003556,0.005236,0.086491,0.153939,0.020879,-0.001745,0.056295,0.116591
1771203822.704,4011,1,1,0.0001,0.7960,0.2039,0.0000,0.0000,0.0000,0.0000,0.008160,0.070880,0.000152,0.001849,0.009068,-0.006981,0.008727,0.045860,0.012922,0.027666,-0.008727,-0.010083,-0.023476,-0.001486,-0.005236,0.000910,0.001839,-0.003491,0.008727,0.241060,0.069692,0.035904,0.005236,0.117117,0.178955,-0.018451,-0.001745,0.078040,0.115832
1771203822.805,4014,2,2,0.0000,0.2047,0.7952,0.0000,0.0001,0.0000,0.0000,0.008826,0.100022,0.001733,0.001705,0.001835,-0.006981,0.008727,0.039854,0.030440,0.026895,-0.008727,-0.028902,-0.027849,-0.000715,-0.003491,-0.013267,-0.010092,-0.003491,0.006981,0.169969,0.115610,0.041082,0.005236,0.271591,0.229394,-0.007920,-0.001745,0.199432,0.160973
1771203822.905,4017,2,2,0.0000,0.3253,0.6745,0.0000,0.0001,0.0000,0.0000,0.006783,0.080676,0.000634,0.001767,0.004059,-0.006981,0.008727,0.012463,0.034377,0.013188,-0.008727,-0.008112,-0.005626,0.011247,-0.005236,-0.003976,0.001390,-0.003491,0.006981,0.143384,0.068974,0.011512,-0.003491,0.233128,0.156522,0.018159,-0.003491,0.176023,0.153427
1771203823.006,4020,2,2,0.0000,0.2151,0.7847,0.0000,0.0001,0.0000,0.0000,0.006758,0.153313,0.000332,0.002176,0.002779,-0.006981,0.008727,-0.008236,0.035786,-0.007280,-0.008727,-0.006952,0.003399,0.028224,-0.005236,-0.003475,0.004959,-0.005236,0.008727,0.311250,0.059551,0.080576,-0.001745,0.477848,0.350799,-0.052650,-0.001745,0.316275,0.234729
1771203823.106,4023,2,2,0.0000,0.1161,0.8832,0.0000,0.0005,0.0001,0.0000,0.006136,0.245010,0.000750,0.003505,0.005393,-0.006981,0.008727,0.008406,0.032872,0.001281,-0.008727,-0.030837,0.002680,0.019663,-0.005236,-0.021991,-0.008945,-0.005236,0.010472,0.367207,0.070260,0.188533,0.000000,0.818071,0.718600,-0.164099,0.001745,0.398127,0.367107
1771203823.207,4026,2,2,0.0000,0.0036,0.9922,0.0000,0.0002,0.0038,0.0001,0.005890,0.266099,0.000400,0.002384,0.003677,-0.006981,0.008727,0.005514,0.033539,0.003233,-0.008727,-0.015196,0.003706,0.015966,-0.003491,-0.006662,-0.000191,-0.006981,0.010472,0.383329,0.074912,0.218970,0.000000,0.897532,0.775726,-0.194535,0.001745,0.416474,0.414034
1771203823.310,4029,2,2,0.0000,0.0180,0.9695,0.0000,0.0018,0.0105,0.0002,0.008846,0.286342,0.000611,0.002674,0.002679,-0.006981,0.008727,-0.018556,0.052352,0.001227,-0.008727,0.007752,0.018982,0.010990,-0.005236,0.005886,0.000236,-0.006981,0.010472,0.388291,0.088640,0.231680,0.000000,0.936063,0.776034,-0.210736,0.001745,0.508427,0.494753
1771203823.408,4032,2,2,0.0000,0.0356,0.8792,0.0000,0.0050,0.0795,0.0007,0.016604,0.298218,0.001572,0.001848,0.001055,-0.006981,0.008727,0.004370,0.056045,0.006004,-0.008727,0.012859,0.033920,0.004468,-0.003491,0.037330,0.035527,-0.006981,0.010472,0.385243,0.117333,0.213874,0.000000,0.960083,0.777182,-0.198166,0.001745,0.567509,0.545179
1771203823.509,4035,2,2,0.0000,0.0158,0.9809,0.0000,0.0012,0.0020,0.0001,0.018755,0.297966,0.001808,0.004308,0.001906,-0.006981,0.008727,0.017493,0.050629,0.011859,-0.008727,0.007702,0.039364,-0.003132,-0.003491,0.030379,0.058912,-0.006981,0.010472,0.357362,0.179740,0.213695,-0.001745,0.989724,0.771785,-0.203223,0.001745,0.521879,0.529193
1771203823.609,4038,2,2,0.0001,0.4185,0.5676,0.0001,0.0119,0.0017,0.0001,0.014380,0.292807,0.003734,0.004290,0.003951,-0.006981,0.008727,0.016291,0.049869,0.013822,-0.008727,0.004833,0.032154,-0.003350,-0.003491,0.003562,0.043298,-0.006981,0.010472,0.361444,0.177977,0.240062,-0.001745,1.018698,0.771902,-0.229590,0.003491,0.442270,0.487367
1771203823.709,4041,2,2,0.0000,0.4462,0.5065,0.0001,0.0434,0.0034,0.0004,0.014346,0.278490,0.000000,0.000000,0.000000,-0.006981,0.008727,0.009011,0.048848,0.011875,-0.008727,0.014576,0.031078,0.000342,-0.003491,0.006309,0.041385,-0.006981,0.010472,0.381635,0.169215,0.247219,0.003491,1.008335,0.752713,-0.238492,0.003491,0.364822,0.400485
1771203823.809,4044,1,1,0.0001,0.4914,0.4820,0.0001,0.0231,0.0032,0.0002,0.009659,0.285232,0.000633,0.002329,0.001801,-0.006981,0.008727,0.012369,0.045306,0.009690,-0.008727,0.006497,0.013563,0.002527,-0.003491,-0.005748,0.017233,-0.006981,0.012217,0.432898,0.117569,0.280540,0.003491,1.002950,0.742877,-0.271814,0.003491,0.401628,0.425126
1771203823.909,4047,1,1,0.0001,0.5190,0.4594,0.0002,0.0182,0.0030,0.0002,0.011919,0.288850,0.000695,0.002352,0.002208,-0.006981,0.008727,0.014526,0.043541,0.009566,-0.008727,0.004658,0.020330,0.002651,-0.003491,0.009548,0.029479,-0.006981,0.015708,0.445396,0.119687,0.259336,0.005236,0.993971,0.706859,-0.241883,0.000000,0.448407,0.471606
1771203824.010,4050,1,1,0.0001,0.6522,0.2875,0.0003,0.0550,0.0046,0.0003,0.036571,0.273262,0.000942,0.003183,0.001967,-0.006981,0.008727,0.000371,0.058805,0.024685,-0.008727,0.071307,0.086152,-0.010722,-0.003491,0.076196,0.112612,-0.008727,0.000000,0.420490,0.137990,0.182969,0.005236,1.015390,0.632110,-0.160279,-0.017453,0.444572,0.440386
1771203824.110,4053,1,1,0.0000,0.7539,0.1371,0.0004,0.1042,0.0037,0.0006,0.028273,0.258586,0.002790,0.006210,0.002311,-0.006981,0.008727,0.004307,0.106994,0.025839,-0.008727,0.037282,0.056117,-0.003150,-0.003491,0.031152,0.068861,-0.008727,0.000000,0.421248,0.147853,0.133778,0.005236,1.019786,0.593727,-0.112834,-0.033161,0.410574,0.370825
1771203824.211,4056,4,1,0.0000,0.3134,0.2110,0.0002,0.4661,0.0030,0.0063,0.021201,0.240446,0.000909,0.004542,0.003345,-0.006981,0.008727,0.004055,0.093075,0.028571,-0.008727,0.016993,0.040998,-0.002391,-0.003491,0.010014,0.051981,-0.008727,0.000000,0.434335,0.155306,0.095199,0.008727,1.014546,0.550648,-0.077746,-0.041888,0.349333,0.277253
1771203824.311,4059,2,2,0.0000,0.0305,0.9641,0.0000,0.0048,0.0006,0.0000,0.013116,0.235331,0.001212,0.002362,0.001029,-0.006981,0.008727,-0.006484,0.070296,0.046951,-0.008727,-0.041059,-0.031931,-0.022516,-0.003491,-0.006229,0.031414,-0.008727,0.001745,0.477429,0.155516,0.082479,0.008727,0.984558,0.490233,-0.063280,-0.043633,0.347829,0.275452
1771203824.411,4062,2,2,0.0000,0.0267,0.9684,0.0000,0.0039,0.0010,0.0000,0.014278,0.243974,0.000327,0.002074,0.001511,-0.006981,0.008727,0.016467,0.063134,0.047033,-0.008727,-0.025787,-0.018527,-0.019108,-0.005236,-0.000812,0.035977,-0.006981,0.005236,0.451265,0.159929,0.077394,0.005236,0.997489,0.499359,-0.059941,-0.043633,0.404076,0.327700
1771203824.512,4065,2,2,0.0000,0.0351,0.9252,0.0000,0.0395,0.0001,0.0000,0.013529,0.236896,0.000638,0.001600,0.001724,-0.006981,0.008727,0.016290,0.059133,0.044548,-0.008727,-0.008888,-0.013068,-0.006150,-0.005236,-0.002200,0.033650,-0.006981,0.005236,0.440590,0.157921,0.062667,0.005236,0.987852,0.467131,-0.041723,-0.043633,0.398496,0.317624
1771203824.613,4068,2,2,0.0000,0.0348,0.9499,0.0000,0.0150,0.0003,0.0000,0.012165,0.246266,0.000359,0.001335,0.000798,-0.006981,0.008727,0.021462,0.052110,0.044292,-0.008727,-0.000506,-0.013712,-0.002404,-0.005236,-0.003602,0.019383,-0.008727,0.005236,0.442496,0.146817,0.052071,0.005236,0.977732,0.469090,-0.031127,-0.045379,0.470569,0.385947
1771203824.713,4071,2,2,0.0000,0.0352,0.9535,0.0000,0.0109,0.0003,0.0000,0.011822,0.240857,0.000633,0.000782,0.001041,-0.006981,0.008727,0.028230,0.047832,0.045376,-0.008727,-0.000988,-0.009228,-0.008724,-0.003491,-0.008608,0.011696,-0.006981,0.005236,0.443263,0.139091,0.049707,0.003491,0.960110,0.447232,-0.028763,-0.043633,0.467190,0.374970
1771203824.813,4074,2,2,0.0000,0.0438,0.9446,0.0000,0.0112,0.0003,0.0000,0.012163,0.235244,0.000806,0.003763,0.005142,-0.006981,0.008727,0.040065,0.025764,0.051155,-0.008727,-0.000238,0.001609,-0.009267,-0.005236,-0.001634,0.018631,-0.006981,0.005236,0.442996,0.142597,0.045110,0.003491,0.951156,0.432594,-0.024166,-0.043633,0.450782,0.348970
1771203824.913,4077,2,2,0.0000,0.0479,0.9389,0.0000,0.0128,0.0003,0.0000,0.014847,0.240388,0.000328,0.004392,0.004492,-0.006981,0.008727,0.039993,0.024961,0.040455,-0.008727,0.005406,0.023026,0.004924,-0.005236,0.000058,0.030613,-0.005236,0.005236,0.428656,0.159427,0.046317,0.003491,0.962154,0.445937,-0.025373,-0.043633,0.471023,0.362413
1771203825.013,4080,2,2,0.0000,0.0393,0.9166,0.0000,0.0431,0.0010,0.0000,0.011924,0.245115,0.000993,0.007199,0.006800,-0.006981,0.008727,0.036458,0.028839,0.019632,-0.008727,-0.002810,0.006975,0.013530,-0.003491,-0.000077,0.028922,-0.005236,0.006981,0.412830,0.171748,0.084725,0.003491,0.964452,0.448716,-0.063781,-0.045379,0.470719,0.377714
1771203825.114,4083,2,2,0.0000,0.0463,0.9455,0.0000,0.0080,0.0001,0.0000,0.008929,0.230465,0.001547,0.001645,0.001500,-0.006981,0.008727,0.033099,0.033134,0.012351,-0.008727,-0.053987,-0.033713,0.015575,-0.005236,-0.024540,0.004257,-0.005236,0.003491,0.413026,0.180216,0.095281,0.003491,0.946667,0.439688,-0.072592,-0.045379,0.370305,0.313414
1771203825.213,4086,2,2,0.0000,0.0424,0.9510,0.0000,0.0065,0.0001,0.0000,0.006382,0.233313,0.000000,0.000000,0.000000,-0.006981,0.008727,-0.002259,0.037966,0.008038,-0.008727,-0.021022,0.002192,0.012906,-0.003491,-0.008836,0.006752,0.000000,0.000000,0.415590,0.188570,0.101798,0.000000,0.948140,0.445076,-0.077363,-0.043633,0.379696,0.320891
1771203825.315,4089,2,2,0.0000,0.0363,0.9599,0.0000,0.0037,0.0000,0.0000,0.007409,0.231386,0.003198,0.007968,0.007560,-0.006981,0.008727,0.007140,0.014163,-0.001594,-0.008727,-0.007546,0.027016,0.022538,-0.003491,-0.003661,0.009324,0.000000,-0.005236,0.417007,0.213111,0.101439,-0.008727,0.911869,0.419457,-0.082241,-0.045379,0.387638,0.326115
1771203825.415,4092,2,2,0.0000,0.0483,0.9482,0.0000,0.0034,0.0000,0.0000,0.008373,0.217068,0.004139,0.003227,0.008121,-0.006981,0.008727,0.023947,-0.012221,0.028417,-0.008727,-0.005067,0.012506,-0.009218,-0.005236,0.014346,0.012532,0.000000,-0.008727,0.424454,0.226098,0.093490,-0.005236,0.758793,0.362424,-0.086509,-0.041888,0.399748,0.339810
1771203825.515,4095,2,2,0.0000,0.1003,0.8937,0.0000,0.0059,0.0000,0.0000,0.011222,0.202787,0.003546,0.006272,0.027221,-0.006981,0.008727,0.056584,-0.011944,0.069357,-0.008727,-0.063362,-0.062886,-0.039686,-0.003491,-0.066290,-0.072928,-0.003491,0.000000,0.415650,0.190410,0.065345,-0.008727,0.580227,0.318617,-0.060109,-0.040143,0.444399,0.418797
1771203825.618,4098,2,2,0.0000,0.0787,0.8987,0.0000,0.0220,0.0006,0.0000,0.012979,0.201923,0.000782,0.002033,0.004292,-0.006981,0.008727,0.086694,-0.005342,0.060330,-0.008727,-0.032369,-0.036317,-0.028914,-0.003491,-0.027484,-0.028022,-0.003491,0.000000,0.403735,0.183811,0.064624,-0.003491,0.449321,0.318311,-0.055897,-0.036652,0.506861,0.496414
1771203825.718,4101,2,2,0.0000,0.0568,0.9400,0.0000,0.0031,0.0000,0.0000,0.011828,0.196776,0.000387,0.001681,0.002911,-0.006981,0.008727,0.066925,-0.002791,0.066284,-0.008727,-0.033458,-0.037946,-0.027887,-0.003491,-0.022207,-0.012601,-0.006981,0.001745,0.410037,0.158128,0.050150,0.000000,0.354908,0.286429,-0.043169,-0.036652,0.561879,0.538034
1771203825.818,4104,2,2,0.0000,0.0473,0.9510,0.0000,0.0017,0.0000,0.0000,0.009352,0.175070,0.002327,0.004393,0.004249,-0.003491,0.008727,0.053633,0.007978,0.038644,-0.008727,-0.044666,-0.019393,0.003244,-0.005236,-0.042807,-0.011742,-0.006981,0.010472,0.412496,0.151585,0.034704,-0.005236,0.302394,0.247806,-0.034704,-0.027925,0.471256,0.470130
1771203825.919,4107,2,2,0.0000,0.0751,0.9240,0.0000,0.0009,0.0000,0.0000,0.016759,0.131026,0.000376,0.001400,0.000926,-0.006981,0.008727,0.039671,0.005849,-0.035712,-0.008727,0.008341,0.039290,0.072364,-0.003491,0.011321,0.015546,-0.008727,0.017453,0.385221,0.224156,0.066708,-0.005236,0.209420,0.114753,-0.059726,-0.010472,0.278695,0.275910
1771203826.019,4110,2,2,0.0000,0.0609,0.9384,0.0000,0.0006,0.0000,0.0000,0.040221,0.138960,0.000799,0.001526,0.003203,-0.006981,0.008727,0.002401,0.017687,-0.048351,-0.008727,0.113616,0.113122,0.081512,-0.005236,0.079060,0.066529,-0.010472,0.043633,0.374655,0.268560,0.085207,-0.005236,0.207529,0.108745,-0.066009,-0.001745,0.289915,0.289269
1771203826.119,4113,2,2,0.0000,0.0294,0.9692,0.0000,0.0014,0.0000,0.0000,0.032778,0.154186,0.001095,0.001308,0.003173,-0.006981,0.008727,-0.012433,0.026415,-0.015357,-0.008727,0.069741,0.078777,0.048518,-0.003491,0.070698,0.090461,-0.012217,0.069813,0.365351,0.270969,0.086559,-0.003491,0.210256,0.118294,-0.056888,0.006981,0.367330,0.354683
1771203826.219,4116,2,2,0.0000,0.0090,0.9893,0.0000,0.0017,0.0000,0.0000,0.026267,0.178142,0.003451,0.001100,0.001729,-0.006981,0.008727,-0.024908,0.025086,-0.006833,-0.008727,0.037819,0.058192,0.045231,-0.003491,0.053427,0.086724,-0.012217,0.090757,0.333020,0.264919,0.068116,-0.001745,0.230833,0.119613,-0.034955,0.012217,0.547499,0.470728
1771203826.319,4119,2,2,0.0000,0.0120,0.9859,0.0000,0.0021,0.0000,0.0000,0.007159,0.170347,0.001009,0.005660,0.004233,-0.006981,0.008727,0.003800,0.041971,0.017696,-0.008727,-0.041755,-0.015796,0.013719,-0.005236,-0.039146,-0.014320,-0.012217,0.106465,0.325190,0.263320,0.061568,-0.001745,0.236680,0.108534,-0.023171,0.024435,0.507839,0.410138
1771203826.420,4122,2,2,0.0000,0.0147,0.9848,0.0000,0.0005,0.0000,0.0000,0.010250,0.174736,0.000751,0.008237,0.007912,-0.006981,0.008727,0.016265,0.054959,-0.004689,-0.008727,-0.055578,-0.015197,0.036105,-0.003491,-0.003545,0.006939,-0.012217,0.120428,0.327293,0.231064,0.058179,0.000000,0.292167,0.159258,-0.018036,0.036652,0.495626,0.376160
1771203826.520,4125,2,2,0.0000,0.0175,0.9822,0.0000,0.0002,0.0000,0.0000,0.012065,0.179129,0.000000,0.000000,0.000000,-0.006981,0.008727,0.021974,0.064199,-0.010614,-0.008727,-0.041945,-0.001331,0.042030,-0.003491,-0.005153,0.007854,-0.012217,0.127409,0.330521,0.195534,0.053671,-0.001745,0.308897,0.191264,-0.013529,0.047124,0.512383,0.382745
1771203826.622,4128,2,2,0.0000,0.0258,0.9739,0.0000,0.0003,0.0000,0.0000,0.015532,0.176954,0.002827,0.007294,0.015229,-0.006981,0.008727,0.020228,0.043467,0.023368,-0.008727,0.018484,0.051331,0.009793,-0.005236,-0.009381,0.010984,-0.012217,0.127409,0.339599,0.169235,0.051555,0.000000,0.298033,0.221753,-0.011412,0.061087,0.473320,0.381460
1771203826.722,4131,2,2,0.0000,0.0464,0.9533,0.0000,0.0004,0.0000,0.0000,0.005417,0.150249,0.001047,0.003607,0.009390,-0.006981,0.008727,0.024099,-0.016893,0.026802,-0.008727,-0.009054,0.004248,0.001124,-0.003491,-0.053997,-0.042708,-0.012217,0.129154,0.378231,0.182422,0.055612,0.000000,0.288726,0.158543,-0.017215,0.064577,0.335695,0.210021
1771203826.824,4134,2,2,0.0000,0.0314,0.9684,0.0000,0.0002,0.0000,0.0000,0.007663,0.161670,0.001218,0.003778,0.006850,-0.006981,0.008727,0.040890,-0.020618,0.040648,-0.008727,-0.001811,0.001694,-0.010977,-0.003491,-0.036250,-0.033989,-0.012217,0.129154,0.334155,0.256077,0.054549,-0.001745,0.375046,0.137208,-0.017897,0.064577,0.387169,0.202110
1771203826.924,4137,2,2,0.0000,0.0350,0.9647,0.0000,0.0002,0.0000,0.0000,0.012900,0.162505,0.001313,0.002996,0.011445,-0.006981,0.008727,0.040195,-0.012368,0.045880,-0.008727,0.004637,0.019647,-0.007483,-0.005236,0.014669,0.021050,-0.012217,0.129154,0.306750,0.254590,0.049428,0.000000,0.373812,0.118443,-0.014522,0.066323,0.440317,0.211249
1771203827.024,4140,2,2,0.0000,0.0520,0.9476,0.0000,0.0003,0.0000,0.0000,0.016039,0.127136,0.000899,0.000447,0.003023,-0.006981,0.008727,0.014474,0.011291,0.028721,-0.008727,0.008437,0.044428,0.009676,-0.003491,0.021365,0.045350,-0.012217,0.129154,0.304094,0.245290,0.040259,-0.001745,0.318745,0.052685,-0.005352,0.066323,0.312167,0.056918
1771203827.124,4143,2,2,0.0000,0.0435,0.9562,0.0000,0.0003,0.0000,0.0000,0.008851,0.122724,0.000393,0.000302,0.001607,-0.006981,0.008727,-0.003401,0.020826,0.024560,-0.008727,-0.013025,0.023371,0.005110,-0.003491,-0.007311,0.023615,-0.012217,0.129154,0.312533,0.237866,0.025549,-0.001745,0.280189,0.070228,0.007612,0.064577,0.280732,0.064243
1771203827.224,4146,2,2,0.0000,0.0335,0.9662,0.0000,0.0003,0.0000,0.0000,0.008558,0.128335,0.000805,0.001990,0.001983,-0.006981,0.008727,0.010112,0.029223,0.042071,-0.008727,-0.021450,0.000886,-0.007164,-0.003491,-0.021268,0.011672,-0.012217,0.127409,0.307863,0.243978,0.007424,0.000000,0.279635,0.097713,0.027482,0.064577,0.287199,0.096743
1771203827.326,4149,2,2,0.0000,0.0319,0.9676,0.0000,0.0004,0.0000,0.0001,0.015657,0.120984,0.001314,0.001252,0.001209,-0.006981,0.008727,0.002601,0.051426,0.039247,-0.008727,0.013606,0.016373,-0.004341,-0.003491,0.024398,0.031501,-0.012217,0.127409,0.298861,0.236217,0.004741,0.000000,0.252235,0.096829,0.030166,0.062832,0.251927,0.090593
1771203827.427,4152,2,2,0.0000,0.0573,0.9420,0.0000,0.0005,0.0000,0.0001,0.011665,0.100001,0.000823,0.002080,0.001975,-0.006981,0.008727,0.004594,0.040271,0.051172,-0.008727,0.005164,0.012369,-0.012775,-0.003491,-0.002028,0.017687,-0.010472,0.122173,0.251228,0.197187,0.013909,0.000000,0.197717,0.105754,0.017507,0.033161,0.164320,0.097061
1771203827.526,4155,2,2,0.0000,0.1480,0.8512,0.0000,0.0004,0.0000,0.0003,0.014646,0.084233,0.000648,0.003193,0.004625,-0.006981,0.008727,0.006382,0.046564,0.054778,-0.008727,0.012362,0.011417,-0.009400,-0.003491,0.009834,0.025682,-0.008727,0.109956,0.188766,0.158518,0.025907,0.000000,0.207934,0.103061,0.005509,0.013963,0.118640,0.078541
1771203827.627,4158,1,1,0.0000,0.7962,0.2030,0.0000,0.0001,0.0000,0.0006,0.018666,0.028738,0.001187,0.000788,0.003900,-0.006981,0.008727,0.009367,0.054789,0.056817,-0.008727,0.004409,0.011817,-0.009693,-0.003491,0.021931,0.056134,-0.006981,0.101229,-0.464471,-0.096808,-0.206978,0.000000,-0.654862,-0.731318,0.238394,0.005236,-0.321852,-0.253468
1771203827.727,4161,1,1,0.0000,0.9576,0.0423,0.0000,0.0000,0.0000,0.0002,0.010879,0.029835,0.001949,0.003009,0.008117,-0.006981,0.008727,0.020552,0.044406,0.045931,-0.008727,-0.013000,-0.011533,-0.000552,-0.003491,-0.029642,0.010932,-0.003491,0.085521,-0.392149,-0.053264,-0.246317,-0.001745,-0.587592,-0.662535,0.272497,0.000000,-0.294826,-0.250938
1771203827.828,4164,1,1,0.0000,0.9798,0.0201,0.0000,0.0000,0.0000,0.0000,0.010854,0.027257,0.001273,0.004574,0.004340,-0.006981,0.008727,0.024117,0.045169,0.043793,-0.008727,-0.002131,0.003491,0.003331,-0.003491,-0.022293,0.001619,-0.005236,0.069813,-0.358413,-0.075022,-0.232836,-0.003491,-0.995220,-0.700839,0.257271,0.000000,-0.585395,-0.392709
1771203827.928,4167,1,1,0.0000,0.9992,0.0008,0.0000,0.0000,0.0000,0.0000,0.010146,0.008790,0.000321,0.002543,0.004599,-0.006981,0.008727,0.036672,0.036109,0.026143,-0.008727,-0.000402,0.001097,0.012254,-0.003491,-0.011129,0.000753,-0.003491,0.061087,-0.415452,-0.132658,0.044389,-0.005236,-1.240648,-0.440168,-0.025191,0.000000,-1.325636,-0.470735
1771203828.029,4170,1,1,0.0000,0.9999,0.0001,0.0000,0.0000,0.0000,0.0000,0.007902,0.006524,0.001647,0.004962,0.012203,-0.006981,0.008727,0.040203,0.016219,0.025056,-0.008727,-0.013865,-0.007801,0.004615,-0.003491,-0.020669,-0.005748,-0.005236,0.055851,-0.536929,-0.088873,-0.001495,-0.006981,-1.142210,-0.223964,0.022439,0.000000,-1.160189,-0.241702
1771203828.129,4173,1,1,0.0000,1.0000,0.0000,0.0000,0.0000,0.0000,0.0000,0.009022,0.006713,0.000000,0.000000,0.000000,-0.006981,0.008727,0.033498,0.021945,0.027984,-0.008727,-0.002288,0.002181,0.003432,-0.003491,-0.000858,0.010496,-0.005236,0.050615,-0.344012,-0.053039,-0.003767,-0.006981,-0.892794,-0.128746,0.029947,0.000000,-0.912512,-0.172717
1771203828.229,4176,1,1,0.0000,1.0000,0.0000,0.0000,0.0000,0.0000,0.0000,0.008040,0.006690,0.000464,0.003958,0.005384,-0.006981,0.008727,0.024191,0.020856,0.024390,-0.008727,-0.002419,0.006694,0.003536,-0.003491,-0.006588,0.008090,-0.005236,0.047124,-0.193854,-0.029789,0.008585,-0.006981,-0.644203,-0.079590,0.024576,0.000000,-0.665709,-0.132452
1771203828.330,4179,1,1,0.0000,1.0000,0.0000,0.0000,0.0000,0.0000,0.0000,0.007484,0.006545,0.000655,0.001388,0.002462,-0.003491,0.008727,0.024624,0.019200,0.028305,-0.008727,-0.002247,0.008952,-0.000380,-0.005236,-0.008922,-0.000538,-0.003491,0.047124,-0.187549,-0.007338,0.022342,-0.006981,-0.355926,-0.073066,0.009074,0.000000,-0.389474,-0.139977
1771203828.431,4182,1,1,0.0000,1.0000,0.0000,0.0000,0.0000,0.0000,0.0000,0.006650,0.005996,0.000613,0.013298,0.013305,-0.006981,0.008727,-0.003649,0.020225,0.036256,-0.008727,-0.001126,0.010285,-0.003095,-0.003491,0.004310,-0.001445,-0.005236,0.040143,-0.166150,-0.002360,0.031807,-0.005236,-0.154680,-0.067656,-0.002137,0.000000,-0.173586,-0.133100
1771203828.532,4185,1,1,0.0000,0.9999,0.0001,0.0000,0.0000,0.0000,0.0000,0.010497,0.038897,0.000349,0.003404,0.003693,-0.006981,0.008727,0.006130,0.014228,0.036005,-0.008727,0.009581,0.039120,0.002392,-0.005236,0.004558,0.005223,-0.006981,0.038397,-0.029465,0.022052,0.064282,-0.005236,0.164599,-0.119199,-0.024139,0.000000,0.177436,-0.103697
1771203828.635,4188,1,1,0.0000,0.9999,0.0001,0.0000,0.0000,0.0000,0.0000,0.009977,0.023765,0.001148,0.008912,0.008420,-0.006981,0.008727,0.015276,-0.007271,0.021589,-0.008727,0.010667,0.048442,0.009827,-0.003491,0.000991,0.004206,-0.006981,0.036652,0.030164,0.015064,0.048682,-0.005236,0.058683,-0.077533,0.007168,0.000000,0.088765,-0.052837
1771203828.736,4191,1,1,0.0000,0.9998,0.0002,0.0000,0.0000,0.0000,0.0000,0.019045,0.012052,0.002853,0.002664,0.004029,-0.006981,0.008727,0.032593,-0.025535,0.009569,-0.008727,0.024823,0.056934,0.016610,-0.003491,0.046359,0.032919,-0.006981,0.036652,0.048331,0.005532,0.026288,-0.005236,-0.006267,-0.052271,0.027818,0.000000,-0.005835,-0.073545
1771203828.834,4194,1,1,0.0000,0.9998,0.0002,0.0000,0.0000,0.0000,0.0000,0.018246,0.009606,0.003188,0.006247,0.002868,-0.006981,0.008727,0.042440,-0.019929,0.009699,-0.008727,0.011713,0.045916,0.011245,-0.005236,0.044124,0.045087,-0.006981,0.034907,0.023729,0.002526,0.028332,-0.005236,-0.064745,-0.042890,0.025773,0.000000,-0.042621,-0.088357
1771203828.935,4197,1,1,0.0000,0.9998,0.0002,0.0000,0.0000,0.0000,0.0000,0.013305,0.009332,0.002002,0.003387,0.000961,-0.006981,0.008727,0.047434,-0.006414,-0.002032,-0.008727,-0.001222,0.026710,0.019485,-0.003491,0.021243,0.036055,-0.005236,0.033161,0.023193,0.001525,0.029095,-0.005236,-0.075876,-0.033064,0.025010,0.000000,-0.062996,-0.086462
1771203829.034,4200,1,1,0.0000,0.9999,0.0001,0.0000,0.0000,0.0000,0.0000,0.013783,0.011790,0.003847,0.007357,0.003112,-0.006981,0.008727,0.046761,0.005436,0.000099,-0.008727,0.000793,0.029096,0.015609,-0.003491,0.019356,0.039516,-0.003491,0.029671,0.056133,0.003320,0.027768,-0.005236,-0.063095,-0.032667,0.024592,-0.001745,-0.049588,-0.074117
1771203829.136,4203,1,1,0.0000,1.0000,0.0000,0.0000,0.0000,0.0000,0.0000,0.009836,0.010258,0.008962,0.009202,0.007534,-0.006981,0.008727,0.043553,0.021633,-0.018614,-0.008727,-0.027373,-0.001915,0.030832,-0.003491,-0.005194,0.013283,-0.005236,0.027925,0.044741,0.001566,0.021354,-0.003491,-0.047849,-0.030468,0.027515,-0.001745,-0.030903,-0.064614
1771203829.235,4206,1,1,0.0000,0.9991,0.0002,0.0005,0.0000,0.0000,0.0002,0.009337,0.016545,0.002256,0.003831,0.004189,-0.006981,0.008727,0.045581,0.032352,-0.002689,-0.008727,-0.029272,-0.011406,0.025379,-0.005236,-0.015197,-0.005774,-0.005236,0.024435,0.058620,0.000773,0.006036,-0.003491,0.032121,-0.041393,0.037597,0.001745,0.037211,-0.031971
1771203829.336,4209,1,1,0.0000,0.9997,0.0001,0.0001,0.0000,0.0000,0.0001,0.010807,0.029572,0.001514,0.002943,0.002157,-0.006981,0.008727,0.025384,0.046742,0.015206,-0.008727,0.005337,0.012806,0.002248,-0.003491,-0.000912,0.013236,-0.005236,0.020944,0.060397,0.005821,-0.001422,-0.005236,0.044883,-0.039970,0.039819,0.000000,0.138860,0.044143
1771203829.437,4212,1,1,0.0000,0.9997,0.0003,0.0000,0.0000,0.0000,0.0001,0.011027,0.064375,0.000000,0.000000,0.000000,-0.006981,0.008727,0.008141,0.056886,0.038352,-0.008727,0.002115,0.018104,-0.013918,-0.003491,-0.015065,-0.002347,-0.005236,0.015708,0.087481,0.019794,-0.016083,-0.005236,0.136591,-0.005042,0.052735,0.000000,0.286847,0.173347
1771203829.537,4215,1,1,0.0000,0.9970,0.0030,0.0000,0.0000,0.0000,0.0001,0.011744,0.102237,0.000940,0.002994,0.001034,-0.006981,0.008727,0.001760,0.061510,0.047854,-0.008727,-0.001134,0.021076,-0.014693,-0.003491,-0.027526,-0.017278,-0.003491,0.012217,0.293532,0.260733,-0.045491,-0.005236,0.134080,0.002194,0.075162,0.001745,0.275878,0.171300
1771203829.638,4218,1,1,0.0000,0.9755,0.0245,0.0000,0.0000,0.0000,0.0000,0.020060,0.104669,0.002009,0.002724,0.007316,-0.006981,0.008727,-0.007718,0.064140,0.021613,-0.008727,-0.000894,0.069128,0.015039,-0.003491,0.010145,0.051934,-0.005236,0.010472,0.178607,0.347120,-0.004430,-0.003491,0.254632,0.035894,0.025374,0.003491,0.243439,0.156998
1771203829.738,4221,1,1,0.0000,0.7618,0.2381,0.0000,0.0000,0.0000,0.0000,0.017530,0.141314,0.000486,0.001363,0.004871,-0.006981,0.008727,0.003132,0.050652,-0.011155,-0.008727,-0.010917,0.061159,0.037334,-0.003491,0.005269,0.044089,-0.005236,0.012217,0.346572,0.327616,0.150443,-0.005236,0.414333,0.129481,-0.129500,0.001745,0.185351,0.128009
1771203829.838,4224,1,1,0.0000,0.6957,0.3043,0.0000,0.0000,0.0000,0.0000,0.014884,0.086920,0.000000,0.000000,0.000000,-0.006981,0.008727,0.008578,0.026828,-0.015053,-0.008727,-0.013849,0.047915,0.048214,-0.003491,-0.009900,0.038347,-0.003491,0.008727,0.247250,0.212825,0.074201,-0.005236,0.238363,0.100347,-0.058493,0.001745,0.087302,0.072278
1771203829.939,4227,1,1,0.0000,0.6327,0.3673,0.0000,0.0000,0.0000,0.0000,0.010762,0.069810,0.000525,0.001040,0.002104,-0.006981,0.008727,0.013311,0.011051,-0.026796,-0.008727,-0.006455,0.036096,0.059957,-0.003491,-0.053050,-0.038049,-0.001745,0.005236,0.155698,0.101744,0.020991,-0.005236,0.186603,0.108524,-0.003538,0.001745,0.156372,0.100806
1771203830.039,4230,1,1,0.0000,0.6950,0.3050,0.0000,0.0000,0.0000,0.0000,0.008983,0.039279,0.001053,0.003229,0.005380,-0.006981,0.008727,0.008823,0.008488,-0.020861,-0.008727,-0.002405,0.020750,0.061004,-0.003491,-0.045596,-0.046236,-0.001745,0.003491,0.103644,-0.000254,-0.020117,-0.003491,0.088655,0.072970,0.028843,0.003491,0.080972,0.089284
1771203830.139,4233,1,1,0.0000,0.8401,0.1599,0.0000,0.0000,0.0000,0.0000,0.008556,0.020615,0.001594,0.002173,0.001970,-0.006981,0.008727,-0.001698,0.016290,-0.003774,-0.008727,-0.000928,0.035093,0.042171,-0.003491,-0.018777,0.000390,-0.001745,0.000000,0.106320,-0.040145,-0.014141,-0.003491,-0.000164,0.019083,0.024613,0.001745,0.033972,0.061653
1771203830.239,4236,1,1,0.0000,0.8744,0.1255,0.0000,0.0000,0.0000,0.0000,0.011444,0.017791,0.002209,0.003719,0.006770,-0.006981,0.008727,0.008801,0.033502,0.026845,-0.008727,0.001501,0.036008,0.008061,-0.003491,-0.005973,0.013879,-0.001745,0.000000,0.091144,-0.069908,-0.025826,-0.003491,-0.039804,-0.041746,0.032807,0.001745,0.026632,0.061161
1771203830.339,4239,1,1,0.0000,0.9053,0.0947,0.0000,0.0000,0.0000,0.0000,0.016371,0.016135,0.001026,0.002072,0.002402,-0.006981,0.008727,0.023106,0.051050,0.050063,-0.008727,0.004857,0.029309,-0.013411,-0.003491,0.006362,0.022981,-0.001745,0.000000,0.066433,-0.053788,-0.045644,-0.003491,-0.066829,-0.042600,0.052625,0.001745,0.010908,0.061913
1771203830.440,4242,1,1,0.0000,0.9620,0.0379,0.0000,0.0000,0.0000,0.0000,0.015248,0.022246,0.003048,0.010002,0.020344,-0.006981,0.008727,0.012656,0.054145,0.046090,-0.008727,0.000331,0.020760,-0.007693,-0.003491,0.011834,0.028439,0.000000,-0.001745,0.158921,-0.052872,-0.026548,-0.003491,-0.041252,-0.041979,0.031784,0.001745,0.016306,0.058198
1771203830.541,4245,1,1,0.0000,0.9703,0.0296,0.0000,0.0000,0.0000,0.0000,0.019550,0.021143,0.001363,0.005801,0.004927,-0.006981,0.008727,0.006820,0.051231,0.057595,-0.008727,-0.001631,0.023570,-0.017452,-0.003491,0.023045,0.063619,0.000000,-0.001745,0.174784,-0.032256,-0.001598,-0.003491,-0.021538,0.005719,0.005089,0.003491,-0.000491,0.064636
1771203830.641,4248,1,1,0.0000,0.9996,0.0004,0.0000,0.0000,0.0000,0.0000,0.014955,0.020281,0.002926,0.013077,0.020092,-0.006981,0.008727,0.025577,0.039462,0.063207,-0.008727,-0.061911,-0.013725,-0.021319,-0.003491,-0.034400,0.042490,0.000000,0.000000,0.102313,-0.025835,0.004738,0.000000,-0.045269,0.055793,-0.006483,0.001745,-0.030017,0.078785
1771203830.741,4251,1,1,0.0000,0.9999,0.0001,0.0000,0.0000,0.0000,0.0000,0.010915,0.023797,0.002654,0.005314,0.003736,-0.006981,0.008727,0.017663,0.041137,0.023789,-0.008727,-0.080788,-0.017534,0.023335,-0.005236,-0.044803,0.016327,0.000000,0.001745,0.097364,-0.089743,0.045175,0.000000,-0.053475,0.068030,-0.045175,0.003491,-0.104487,0.069761
1771203830.841,4254,1,1,0.0000,0.9999,0.0000,0.0000,0.0000,0.0000,0.0000,0.012174,0.018623,0.002602,0.003519,0.004469,-0.006981,0.008727,0.004459,0.044601,-0.012325,-0.008727,-0.042245,0.016599,0.050722,-0.003491,-0.021901,0.020977,0.000000,0.001745,0.107238,-0.056764,0.053688,0.000000,-0.281394,-0.087128,-0.051943,0.001745,-0.105723,0.059057
1771203830.943,4257,1,1,0.0000,1.0000,0.0000,0.0000,0.0000,0.0000,0.0000,0.013750,0.027761,0.002280,0.005468,0.003465,-0.006981,0.008727,0.004678,0.039559,-0.006213,-0.008727,-0.025431,0.026275,0.042865,-0.003491,0.003420,0.039472,0.000000,0.003491,0.169410,-0.061601,0.091030,-0.001745,-0.091671,-0.001866,-0.087539,0.001745,-0.093180,0.067462
1771203831.043,4260,1,1,0.0000,0.9998,0.0002,0.0000,0.0000,0.0000,0.0000,0.020645,0.031770,0.003752,0.003905,0.005607,-0.006981,0.008727,0.011342,0.023562,-0.000689,-0.008727,-0.014969,0.039619,0.035596,-0.003491,0.032392,0.096510,0.000000,0.005236,0.133453,-0.051951,0.068605,-0.003491,0.003785,0.063239,-0.063369,0.003491,-0.055664,0.103437
1771203831.145,4263,1,1,0.0000,0.9997,0.0003,0.0000,0.0000,0.0000,0.0000,0.017304,0.019860,0.003324,0.004720,0.004184,-0.006981,0.008727,0.027828,0.015258,0.010084,-0.008727,-0.003735,0.034409,0.023077,-0.003491,0.020945,0.067323,0.000000,0.001745,0.090089,-0.024369,-0.032064,-0.001745,-0.070161,0.017944,0.046027,0.003491,-0.069496,0.079021
1771203831.245,4266,1,1,0.0000,0.9998,0.0002,0.0000,0.0000,0.0000,0.0000,0.012306,0.009031,0.001267,0.001534,0.002050,-0.006981,0.008727,0.046992,0.007997,0.042990,-0.010472,-0.007395,0.005478,-0.013319,-0.003491,-0.011431,0.035485,0.000000,0.000000,0.085738,-0.003460,-0.001097,0.000000,-0.226792,-0.087093,0.009824,0.003491,-0.141297,0.009322
1771203831.346,4269,1,1,0.0000,0.9999,0.0001,0.0000,0.0000,0.0000,0.0000,0.013103,0.018656,0.001608,0.003364,0.003166,-0.006981,0.008727,0.056878,0.010879,0.050016,-0.008727,-0.001179,0.000405,-0.011619,-0.003491,-0.003219,0.030328,0.000000,0.001745,0.096865,0.019108,0.079905,-0.001745,-0.115945,-0.044346,-0.072924,0.003491,-0.084188,0.022760
1771203831.445,4272,1,1,0.0000,0.9999,0.0001,0.0000,0.0000,0.0000,0.0000,0.012655,0.020229,0.000511,0.002927,0.004031,-0.006981,0.008727,0.045937,0.010500,0.045652,-0.008727,0.004728,0.006181,-0.003764,-0.003491,-0.007570,0.030131,0.000000,0.001745,0.106467,0.023403,0.051128,-0.001745,-0.071002,0.003772,-0.044146,0.003491,-0.066181,0.052740
1771203831.546,4275,1,1,0.0000,0.9998,0.0002,0.0000,0.0000,0.0000,0.0000,0.013120,0.036317,0.000313,0.001899,0.005765,-0.006981,0.008727,0.050706,0.007639,0.039684,-0.008727,0.006167,0.011206,0.000459,-0.005236,-0.006306,0.032849,0.000000,0.001745,0.107510,0.023959,0.089517,-0.001745,0.077864,0.077974,-0.082535,0.005236,-0.055817,0.051994
1771203831.646,4278,1,1,0.0000,0.9996,0.0004,0.0000,0.0000,0.0000,0.0000,0.013003,0.031200,0.000349,0.001740,0.004980,-0.006981,0.008727,0.048784,-0.005147,0.046287,-0.008727,0.003455,0.013421,-0.004399,-0.003491,0.000138,0.035225,0.000000,0.001745,0.079816,0.041660,0.074571,-0.003491,0.055388,0.067212,-0.071080,0.005236,-0.059705,0.048775
1771203831.746,4281,1,1,0.0000,0.9997,0.0003,0.0000,0.0000,0.0000,0.0000,0.015403,0.026325,0.002058,0.012074,0.037999,-0.006981,0.008727,0.074255,-0.022053,0.038234,-0.008727,-0.013200,0.013608,0.001908,-0.003491,-0.000701,0.048108,0.000000,0.001745,0.021566,0.041524,0.125441,-0.001745,-0.032855,0.027774,-0.125441,0.005236,-0.004893,0.092612
1771203831.847,4284,1,1,0.0000,0.9999,0.0001,0.0000,0.0000,0.0000,0.0000,0.013932,0.038014,0.002196,0.011655,0.045285,-0.006981,0.008727,0.060309,-0.006742,0.033415,-0.008727,-0.015450,0.013860,0.003237,-0.003491,-0.024595,0.047637,0.000000,0.000000,-0.007675,0.067969,0.124397,0.000000,0.028115,0.035843,-0.120907,0.003491,0.057031,0.139328
1771203831.948,4287,1,1,0.0000,0.9999,0.0001,0.0000,0.0000,0.0000,0.0000,0.012998,0.029471,0.002636,0.004753,0.000124,-0.003491,0.008727,0.040209,0.015693,-0.006707,-0.008727,-0.004395,0.019559,0.039868,-0.003491,-0.014722,0.031916,0.000000,0.001745,0.050633,0.062960,0.159894,-0.005236,0.016090,0.028666,-0.149422,0.005236,-0.075295,0.028423
1771203832.049,4290,1,1,0.0000,1.0000,0.0000,0.0000,0.0000,0.0000,0.0000,0.010983,0.021827,0.002015,0.002591,0.021103,-0.006981,0.008727,0.041994,0.023234,0.009063,-0.008727,0.002672,0.019365,0.020608,-0.003491,-0.013557,0.006135,-0.001745,0.005236,0.061979,0.087774,0.042179,-0.006981,0.049248,0.015504,-0.019489,-0.003491,-0.146965,-0.043981
1771203832.154,4293,1,1,0.0000,1.0000,0.0000,0.0000,0.0000,0.0000,0.0000,0.020582,0.020934,0.000806,0.000903,0.002332,-0.006981,0.008727,0.017622,0.035588,0.038416,-0.008727,0.027657,0.047860,-0.008746,-0.003491,0.017792,0.053323,0.000000,0.005236,0.024606,0.106772,0.062820,-0.006981,0.031918,0.019862,-0.029659,-0.001745,-0.096275,-0.031433
1771203832.255,4296,1,1,0.0000,1.0000,0.0000,0.0000,0.0000,0.0000,0.0000,0.012998,0.015605,0.000108,0.000931,0.002199,-0.006981,0.008727,-0.008457,0.047887,0.035418,-0.008727,0.011647,0.031285,-0.002256,-0.003491,-0.001395,0.021015,0.000000,0.008727,-0.065970,0.065325,0.108133,-0.006981,-0.011450,0.005073,-0.069736,0.000000,-0.156618,-0.071650
1771203832.353,4299,1,1,0.0000,0.9999,0.0001,0.0000,0.0000,0.0000,0.0000,0.008711,0.016072,0.000180,0.001704,0.005526,-0.006981,0.008727,0.001917,0.045826,0.029727,-0.008727,0.004262,0.010636,0.003434,-0.003491,-0.013572,-0.013180,0.000000,0.006981,-0.058987,0.064643,0.068637,-0.005236,0.006705,0.045903,-0.028495,-0.001745,-0.144567,-0.087353
1771203832.456,4302,1,1,0.0000,0.9999,0.0001,0.0000,0.0000,0.0000,0.0000,0.008933,0.019214,0.002853,0.010353,0.036675,-0.006981,0.008727,0.018540,0.052008,0.001336,-0.008727,-0.003607,-0.009791,0.026590,-0.003491,-0.024654,-0.030007,0.000000,0.008727,-0.302833,0.029273,-0.143705,-0.005236,-0.341142,-0.111091,0.192574,-0.003491,-0.223933,-0.125438
1771203832.554,4305,1,1,0.0000,0.9999,0.0000,0.0000,0.0000,0.0000,0.0000,0.009212,0.019971,0.001202,0.029962,0.079163,-0.006981,0.008727,0.015211,0.049890,-0.006629,-0.008727,0.002291,0.001620,0.032809,-0.005236,-0.004709,-0.006332,-0.001745,0.008727,-0.535147,-0.214562,-0.169844,-0.006981,-0.518476,-0.263323,0.230930,-0.006981,-0.531386,-0.402355
1771203832.654,4308,1,1,0.0000,1.0000,0.0000,0.0000,0.0000,0.0000,0.0000,0.013243,0.008505,0.001026,0.009674,0.083223,-0.006981,0.008727,0.006207,0.042975,-0.022651,-0.008727,0.029463,0.009840,0.052321,-0.003491,0.005299,0.004086,-0.001745,0.006981,-0.635039,-0.263489,-0.032247,-0.005236,-0.420409,-0.184778,0.095079,-0.003491,-0.515653,-0.248515
1771203832.754,4311,1,1,0.0000,1.0000,0.0000,0.0000,0.0000,0.0000,0.0000,0.010131,0.006206,0.000773,0.002097,0.006273,-0.006981,0.008727,0.006759,0.030187,-0.010259,-0.008727,0.015494,0.010958,0.046911,-0.005236,0.000752,0.001788,-0.001745,0.005236,-0.548393,-0.188526,-0.008144,-0.001745,-0.380543,-0.049990,0.069231,0.000000,-0.328526,-0.123916
1771203832.854,4314,1,1,0.0000,1.0000,0.0000,0.0000,0.0000,0.0000,0.0000,0.010164,0.008600,0.000000,0.000000,0.000000,-0.006981,0.008727,0.025531,0.015918,0.026506,-0.008727,0.005392,0.020334,0.004910,-0.003491,0.001133,0.013519,-0.006981,0.006981,-0.433252,-0.114949,-0.015299,-0.010472,-0.302166,0.007614,0.088603,-0.003491,-0.291648,-0.018901
1771203832.956,4317,1,1,0.0000,1.0000,0.0000,0.0000,0.0000,0.0000,0.0000,0.023817,0.008490,0.000236,0.001479,0.003440,-0.006981,0.008727,0.022273,0.016904,0.031870,-0.008727,0.038506,0.073203,-0.002199,-0.003491,0.027424,0.066895,-0.010472,0.006981,-0.282741,-0.066288,-0.005351,-0.010472,-0.247008,0.009716,0.082146,-0.001745,-0.215298,0.003036
1771203833.059,4320,1,1,0.0000,1.0000,0.0000,0.0000,0.0000,0.0000,0.0000,0.024002,0.007272,0.000851,0.005312,0.013342,-0.006981,0.008727,0.019222,0.020396,0.046204,-0.008727,0.018359,0.060340,-0.009552,-0.003491,0.033652,0.081123,-0.008727,0.006981,-0.112526,-0.031950,0.006675,-0.008727,-0.168853,-0.019445,0.073611,-0.001745,-0.156007,-0.017339
1771203833.160,4323,1,1,0.0000,1.0000,0.0000,0.0000,0.0000,0.0000,0.0000,0.013549,0.007940,0.000356,0.003658,0.004115,-0.006981,0.008727,0.017067,0.018269,0.050003,-0.008727,-0.017695,0.027166,-0.008115,-0.003491,0.001145,0.040217,-0.006981,0.005236,-0.004167,0.011499,0.045476,-0.008727,-0.095937,-0.052266,0.033064,0.000000,-0.043448,-0.161316
1771203833.260,4326,1,1,0.0000,1.0000,0.0000,0.0000,0.0000,0.0000,0.0000,0.007388,0.032629,0.000644,0.002752,0.004511,-0.006981,0.008727,0.007561,0.020618,0.046526,-0.008727,-0.030554,0.002050,-0.004638,-0.003491,-0.026348,0.003178,-0.010472,0.005236,-0.012491,0.036082,0.018371,-0.005236,0.132200,-0.123057,0.060169,0.000000,0.139485,-0.093299
1771203833.360,4329,1,1,0.0000,0.9996,0.0004,0.0000,0.0000,0.0000,0.0000,0.005584,0.049167,0.000000,0.000000,0.000000,-0.006981,0.008727,0.000205,0.019519,0.038553,-0.008727,-0.033539,-0.004578,-0.001901,-0.005236,-0.025015,-0.010298,-0.010472,0.005236,-0.038252,0.038932,0.043314,-0.005236,0.261302,-0.064510,0.031735,-0.001745,0.187292,0.022187
1771203833.460,4332,1,1,0.0000,0.9986,0.0014,0.0000,0.0000,0.0000,0.0000,0.006069,0.028809,0.000000,0.000000,0.000000,-0.006981,0.008727,0.013872,0.015327,0.034473,-0.008727,-0.044181,-0.005790,0.000433,-0.005236,-0.039337,-0.007399,-0.008727,0.005236,-0.031396,0.012377,0.054427,-0.005236,0.122977,-0.050396,0.013641,-0.001745,0.105967,0.031080
1771203833.561,4335,1,1,0.0000,0.9990,0.0010,0.0000,0.0000,0.0000,0.0000,0.006494,0.029736,0.000430,0.003920,0.008738,-0.006981,0.008727,0.019322,0.016721,0.020907,-0.008727,-0.069050,-0.024995,0.012255,-0.003491,-0.123122,-0.094487,-0.006981,0.005236,-0.185686,0.049414,0.013716,-0.005236,0.051995,-0.050366,0.052607,-0.001745,0.141692,0.042170
1771203833.661,4338,1,1,0.0000,0.9996,0.0004,0.0000,0.0000,0.0000,0.0000,0.007045,0.022898,0.000000,0.000000,0.000000,-0.006981,0.008727,0.001909,0.045984,0.019382,-0.008727,-0.075575,-0.064145,0.008544,-0.005236,-0.142117,-0.139110,-0.006981,0.005236,-0.194089,0.037135,-0.003055,-0.005236,0.046416,-0.037308,0.065887,-0.001745,0.080888,0.039209
1771203833.761,4341,1,1,0.0000,0.9998,0.0002,0.0000,0.0000,0.0000,0.0000,0.006280,0.024209,0.009239,0.003079,0.013277,-0.006981,0.008727,-0.193803,-0.138520,-0.040454,-0.008727,-0.566435,-0.369129,0.066633,-0.003491,-0.312567,-0.222888,-0.003491,0.003491,-0.175296,0.015882,0.003241,-0.003491,0.075752,-0.010766,0.050864,-0.001745,0.083725,0.057549
1771203833.861,4344,1,1,0.0000,0.9999,0.0001,0.0000,0.0000,0.0000,0.0000,0.003054,0.014657,0.004523,0.002340,0.005063,-0.006981,0.008727,-0.423671,-0.255257,0.014511,-0.006981,-0.323321,-0.246399,0.013415,-0.008727,-0.267600,-0.215247,-0.005236,0.003491,-0.131110,0.004343,0.032067,-0.003491,0.028746,0.000663,0.011566,0.000000,0.030634,0.064375
1771203833.962,4347,1,1,0.0000,1.0000,0.0000,0.0000,0.0000,0.0000,0.0000,0.006927,0.011016,0.003166,0.002899,0.001987,-0.006981,0.008727,-0.143053,-0.230772,-0.041232,-0.008727,-0.270867,-0.211837,0.074393,-0.005236,-0.172597,-0.114230,-0.003491,0.003491,-0.104078,-0.019378,-0.007529,-0.001745,0.018700,0.004816,0.049417,-0.001745,0.003676,0.052095
1771203834.068,4350,1,1,0.0000,1.0000,0.0000,0.0000,0.0000,0.0000,0.0000,0.009944,0.008168,0.003827,0.002413,0.004167,-0.006981,0.008727,-0.006426,-0.205463,-0.072203,-0.008727,-0.298824,-0.225722,0.110600,-0.006981,-0.118557,-0.049160,-0.001745,0.001745,-0.042707,-0.026506,-0.002985,-0.001745,-0.004533,0.001335,0.046618,0.000000,-0.005969,0.048323
1771203834.167,4353,1,1,0.0000,1.0000,0.0000,0.0000,0.0000,0.0000,0.0000,0.008367,0.007304,0.003130,0.004248,0.012529,-0.006981,0.006981,-0.005634,-0.128192,-0.055031,-0.008727,-0.177995,-0.132902,0.093429,-0.005236,-0.098550,-0.062958,-0.001745,0.001745,-0.076014,-0.056317,0.002070,0.000000,-0.022847,-0.000589,0.039818,0.000000,-0.015948,0.044017
1771203834.263,4356,1,1,0.0000,1.0000,0.0000,0.0000,0.0000,0.0000,0.0000,0.003636,0.006847,0.006973,0.004240,0.010715,-0.006981,0.006981,-0.020046,-0.082425,0.031514,-0.008727,-0.113731,-0.084829,0.005138,0.000000,-0.166558,-0.142476,-0.001745,0.001745,-0.119566,-0.065220,0.006011,-0.001745,-0.033469,-0.002448,0.032387,0.000000,-0.025618,0.042023
1771203834.364,4359,1,1,0.0000,1.0000,0.0000,0.0000,0.0000,0.0000,0.0000,0.003636,0.007840,0.004798,0.004224,0.006125,-0.003491,0.003491,-0.132673,-0.060386,0.030429,-0.008727,-0.100825,-0.070271,0.009714,0.000000,-0.190058,-0.163877,-0.001745,0.003491,-0.116299,-0.048472,-0.003578,0.000000,0.003821,0.010365,0.036739,0.000000,-0.022967,0.039661
1771203834.464,4362,1,1,0.0000,1.0000,0.0000,0.0000,0.0000,0.0000,0.0000,0.003054,0.018560,0.001726,0.004643,0.003788,-0.003491,0.003491,-0.168018,-0.042065,0.018401,-0.006981,-0.122807,-0.059337,0.014760,0.000000,-0.130340,-0.090715,-0.003491,0.003491,-0.064597,-0.004087,-0.021112,-0.001745,0.081518,0.046144,0.064746,0.000000,-0.023718,0.026817
1771203834.565,4365,1,1,0.0000,1.0000,0.0000,0.0000,0.0000,0.0000,0.0000,0.005798,0.045652,0.002456,0.003082,0.002803,-0.003491,0.003491,-0.086920,-0.049036,0.060704,-0.005236,-0.035284,0.003630,-0.029288,0.001745,-0.091567,-0.048338,-0.001745,0.003491,0.093639,0.037752,-0.013354,0.000000,0.133549,0.089124,0.060478,0.001745,0.061742,0.066308
1771203834.665,4368,1,1,0.0000,0.9997,0.0003,0.0000,0.0000,0.0000,0.0000,0.008994,0.068238,0.000921,0.001424,0.001691,-0.006981,0.006981,-0.148402,-0.055816,0.074162,-0.006981,-0.003033,0.026779,-0.037511,0.000000,-0.048913,-0.020483,-0.001745,0.003491,0.156767,0.124303,-0.016454,-0.001745,0.154552,0.118557,0.063578,0.000000,0.090563,0.107049
1771203834.765,4371,1,1,0.0000,0.9957,0.0043,0.0000,0.0000,0.0000,0.0000,0.036454,0.124138,0.003760,0.004690,0.005688,-0.006981,0.006981,-0.159729,-0.044048,0.040389,-0.006981,0.094673,0.080502,-0.005483,0.000000,0.119540,0.095359,-0.001745,0.001745,0.784630,0.463676,0.087684,-0.003491,0.038389,-0.005305,-0.051032,0.000000,0.057400,0.056133
1771203834.865,4374,1,1,0.0000,0.9856,0.0143,0.0000,0.0000,0.0000,0.0000,0.027433,0.197889,0.001552,0.003215,0.005057,-0.006981,0.003491,-0.075995,-0.016039,0.025860,-0.006981,0.066155,0.069750,0.009047,0.001745,0.061770,0.091375,0.000000,0.003491,1.235749,0.239819,0.128136,0.000000,0.253963,0.004886,-0.098465,0.000000,0.369144,0.139485
1771203834.965,4377,1,1,0.0000,0.9777,0.0222,0.0000,0.0000,0.0000,0.0000,0.013587,0.136781,0.000767,0.000763,0.000841,-0.006981,0.003491,-0.062412,0.030877,0.023547,-0.006981,0.027773,0.039626,0.006124,0.001745,-0.019777,0.029860,-0.001745,0.003491,0.897656,0.064317,0.054314,-0.001745,0.187013,0.069688,-0.029879,0.000000,0.238110,0.126786
1771203835.066,4380,1,1,0.0001,0.9278,0.0720,0.0000,0.0000,0.0000,0.0001,0.014834,0.105174,0.000802,0.002675,0.001615,-0.006981,0.003491,-0.007940,0.055999,0.017010,-0.006981,0.020704,0.029761,0.005680,0.001745,0.003386,0.040228,-0.001745,0.005236,0.563693,-0.022975,0.004481,-0.001745,0.194550,0.164393,0.018208,-0.001745,0.191794,0.119728
1771203835.166,4383,1,1,0.0001,0.8658,0.1341,0.0000,0.0000,0.0000,0.0000,0.026721,0.072558,0.000639,0.003692,0.001543,-0.006981,0.003491,0.058705,0.080811,0.012750,-0.006981,0.005964,0.057407,0.006449,0.001745,0.005604,0.087731,-0.003491,0.006981,0.313085,-0.027225,-0.023335,-0.003491,0.117942,0.158092,0.051260,0.000000,0.111385,0.111953
1771203835.266,4386,1,1,0.0001,0.8937,0.1062,0.0000,0.0000,0.0000,0.0000,0.017269,0.052235,0.000633,0.004056,0.005755,-0.003491,0.001745,-0.107647,0.062175,0.022884,-0.006981,-0.004874,0.041932,-0.003685,0.001745,0.006544,0.070204,0.000000,0.005236,0.183773,-0.001702,-0.043030,-0.001745,0.080146,0.134755,0.076192,0.000000,0.058120,0.088597
1771203835.367,4389,1,1,0.0000,0.9095,0.0905,0.0000,0.0000,0.0000,0.0000,0.007528,0.045601,0.000489,0.007272,0.007338,-0.003491,0.001745,-0.137793,0.037356,0.028496,-0.006981,-0.039747,-0.026760,-0.004061,0.000000,-0.003129,0.022737,0.000000,0.005236,0.166104,-0.040744,-0.043977,-0.003491,0.064523,0.111192,0.073648,0.000000,0.030392,0.096115
1771203835.467,4392,1,1,0.0000,0.7662,0.2338,0.0000,0.0000,0.0000,0.0000,0.008715,0.041559,0.001898,0.001490,0.003153,-0.003491,0.003491,-0.113595,0.033780,0.027093,-0.006981,-0.025172,-0.012306,-0.002658,0.000000,0.016224,0.023999,0.000000,0.005236,0.165549,-0.070364,-0.022070,-0.001745,0.057090,0.096013,0.046505,0.000000,0.020223,0.108092
1771203835.568,4395,1,1,0.0000,0.6973,0.3027,0.0000,0.0000,0.0000,0.0000,0.019074,0.040067,0.000000,0.001173,0.001493,-0.006981,0.001745,-0.093390,0.007113,0.038543,-0.006981,0.050748,0.044748,-0.008872,0.000000,0.048887,0.037105,0.000000,0.001745,0.158262,-0.072445,-0.005537,-0.001745,0.056081,0.099728,0.033462,0.000000,0.018374,0.113151
1771203835.669,4398,1,1,0.0001,0.7508,0.2491,0.0000,0.0000,0.0000,0.0000,0.052319,0.062951,0.000861,0.002866,0.004102,-0.001745,0.001745,0.028199,-0.051252,0.017503,-0.005236,0.094276,0.114176,0.012168,0.000000,0.191738,0.168023,-0.001745,-0.001745,0.168758,-0.095672,0.018534,-0.001745,0.138257,0.202465,0.002410,0.000000,0.044846,0.180140
1771203835.772,4401,1,1,0.0001,0.7511,0.2486,0.0001,0.0001,0.0000,0.0000,0.051095,0.069791,0.000285,0.002768,0.003213,-0.003491,0.001745,0.028643,-0.072069,0.011223,-0.005236,0.102606,0.130416,0.009721,0.000000,0.158499,0.170292,0.000000,-0.005236,0.201852,-0.056563,0.019888,-0.005236,0.179353,0.190183,-0.002435,0.000000,0.083561,0.162650
1771203835.870,4404,1,1,0.0001,0.6085,0.3911,0.0001,0.0001,0.0000,0.0000,0.044012,0.072968,0.001058,0.002206,0.000754,-0.001745,0.000000,0.039077,-0.060329,0.034336,-0.006981,0.075725,0.115544,-0.015137,0.000000,0.110214,0.153252,0.000000,-0.005236,0.211621,-0.033403,0.013606,-0.006981,0.189087,0.180887,-0.001389,-0.001745,0.106602,0.173807
1771203835.971,4407,1,1,0.0001,0.6473,0.3521,0.0001,0.0003,0.0000,0.0001,0.036878,0.080561,0.000392,0.002029,0.001417,-0.003491,0.001745,0.019329,-0.054265,0.038762,-0.005236,0.090082,0.095530,-0.009091,0.000000,0.082215,0.114872,0.000000,-0.005236,0.201093,-0.023244,0.006983,-0.006981,0.189586,0.177321,0.001744,-0.003491,0.175850,0.214150
1771203836.072,4410,1,1,0.0001,0.6128,0.3867,0.0001,0.0003,0.0000,0.0000,0.017518,0.075913,0.001265,0.004858,0.001453,-0.003491,0.003491,-0.006303,-0.031514,0.049909,-0.006981,0.081613,0.066311,-0.013257,0.000000,-0.028953,0.008897,0.000000,-0.005236,0.179997,-0.004062,-0.004912,-0.008727,0.202821,0.167157,0.008403,-0.001745,0.167994,0.184579
1771203836.172,4413,1,1,0.0001,0.6479,0.3518,0.0000,0.0001,0.0000,0.0000,0.007595,0.062032,0.001289,0.002581,0.001698,-0.003491,0.001745,-0.052092,-0.023849,0.036688,-0.006981,0.012922,0.038516,-0.000036,0.000000,-0.026193,0.001265,0.000000,-0.006981,0.158020,0.016330,-0.019719,-0.010472,0.151760,0.150225,0.017974,-0.003491,0.095829,0.154244
1771203836.272,4416,1,1,0.0000,0.6767,0.3233,0.0000,0.0000,0.0000,0.0000,0.003054,0.055187,0.000000,0.000000,0.000000,-0.001745,0.001745,-0.084412,-0.007174,0.031544,-0.006981,-0.059193,-0.026576,0.001617,0.001745,-0.016921,-0.014171,0.000000,-0.006981,0.156680,0.028340,-0.015217,-0.010472,0.139188,0.135590,0.008236,-0.005236,0.062099,0.132105
1771203836.373,4419,2,2,0.0000,0.3294,0.6706,0.0000,0.0000,0.0000,0.0000,0.003008,0.055752,0.003522,0.001127,0.002167,-0.003491,0.003491,-0.071776,-0.000482,0.021921,-0.006981,-0.001771,-0.005117,0.006004,0.000000,0.004679,-0.011694,0.000000,-0.006981,0.118942,0.041171,-0.003021,-0.008727,0.157895,0.138051,0.001276,-0.008727,0.078837,0.132848
1771203836.475,4422,2,2,0.0000,0.1929,0.8071,0.0000,0.0000,0.0000,0.0000,0.004175,0.065033,0.000000,0.001112,0.001217,-0.003491,0.003491,-0.065639,0.002491,0.029840,-0.005236,0.008735,0.003050,-0.001915,0.000000,0.002491,-0.019996,0.000000,-0.006981,0.105008,0.038104,-0.009225,-0.008727,0.214420,0.166186,0.009225,-0.013963,0.107899,0.139557
1771203836.576,4425,2,2,0.0000,0.1068,0.8932,0.0000,0.0000,0.0000,0.0000,0.008268,0.072297,0.001984,0.003797,0.002796,-0.003491,0.001745,-0.009509,0.020586,0.035425,-0.005236,0.007772,0.033683,-0.005755,0.000000,-0.060104,-0.017180,0.000000,0.003491,0.116683,0.028397,-0.008437,0.000000,0.258217,0.172048,0.008437,-0.017453,0.143179,0.137108
1771203836.677,4428,2,2,0.0000,0.0824,0.9175,0.0000,0.0000,0.0000,0.0000,0.008123,0.070676,0.003372,0.000000,0.003486,-0.001745,0.001745,-0.000076,0.021457,0.031618,-0.005236,0.003605,0.039051,-0.001948,0.000000,-0.042666,-0.004087,0.000000,0.005236,0.090957,0.027665,0.006119,0.000000,0.269165,0.179717,-0.006119,-0.020944,0.135517,0.133731
1771203836.777,4431,2,2,0.0000,0.0570,0.9429,0.0000,0.0000,0.0000,0.0000,0.007150,0.082420,0.001507,0.001026,0.001761,-0.001745,0.001745,-0.038779,0.014427,0.013647,-0.003491,0.006189,0.032871,0.012533,0.000000,-0.000822,0.004386,0.000000,0.008727,0.081143,0.031222,0.034492,0.000000,0.346995,0.206547,-0.032747,-0.029671,0.149187,0.130728
1771203836.877,4434,2,2,0.0000,0.0491,0.9507,0.0000,0.0001,0.0000,0.0000,0.003194,0.099306,0.000592,0.001231,0.000870,-0.001745,0.001745,-0.002233,0.015637,0.015655,-0.005236,-0.022191,-0.009898,0.005289,0.000000,-0.024149,-0.032897,0.000000,0.008727,0.069480,0.029368,0.028860,-0.003491,0.447503,0.270027,-0.025369,-0.038397,0.188459,0.149252
1771203836.977,4437,2,2,0.0000,0.0613,0.9384,0.0000,0.0002,0.0001,0.0000,0.002469,0.097581,0.000713,0.001935,0.001335,-0.001745,0.001745,-0.018496,0.010428,0.017282,-0.005236,-0.019645,-0.002822,0.000171,0.000000,-0.002928,-0.013170,0.000000,0.008727,0.068450,0.026887,0.018238,-0.006981,0.443650,0.261498,-0.018238,-0.041888,0.191442,0.152080
1771203837.077,4440,2,2,0.0000,0.1195,0.8800,0.0000,0.0003,0.0001,0.0000,0.007102,0.096706,0.000807,0.001411,0.001770,-0.001745,0.001745,-0.060727,-0.001210,0.021163,-0.005236,-0.002709,0.001257,-0.003710,0.001745,0.045583,0.013735,0.000000,0.008727,0.066381,0.024616,-0.001636,-0.008727,0.438985,0.256342,0.001636,-0.043633,0.207354,0.156436
1771203837.177,4443,2,2,0.0000,0.1399,0.8598,0.0000,0.0002,0.0000,0.0000,0.006776,0.095543,0.002723,0.003039,0.003168,-0.001745,0.001745,-0.074804,0.000377,0.028520,-0.005236,-0.005402,0.006131,-0.009321,0.000000,0.021784,0.022751,0.000000,0.008727,0.058646,0.020386,-0.022532,-0.008727,0.421035,0.246459,0.022532,-0.041888,0.211911,0.156821
1771203837.278,4446,2,2,0.0000,0.2374,0.7621,0.0001,0.0003,0.0001,0.0000,0.013209,0.092035,0.000384,0.002406,0.003684,-0.001745,0.000000,-0.076485,-0.000539,0.047082,-0.005236,0.001038,0.035747,-0.022647,0.000000,0.011537,0.063107,0.000000,0.008727,0.052847,0.016747,0.018103,-0.008727,0.406164,0.248316,-0.018103,-0.040143,0.193683,0.159833
1771203837.378,4449,2,2,0.0000,0.2181,0.7816,0.0001,0.0002,0.0000,0.0000,0.006447,0.068255,0.001021,0.001119,0.002051,-0.001745,0.000000,0.014603,0.034722,0.028036,-0.005236,-0.038913,-0.012077,-0.003601,0.000000,-0.076262,-0.025571,0.000000,0.008727,0.040303,0.018829,0.079382,-0.008727,0.305489,0.158399,-0.077637,-0.038397,0.105232,0.102695
1771203837.480,4452,2,2,0.0000,0.0055,0.9944,0.0000,0.0000,0.0000,0.0000,0.004532,0.071190,0.000509,0.004738,0.006029,-0.001745,0.000000,-0.050557,0.029950,0.023670,-0.005236,-0.036144,-0.013287,0.000765,0.000000,-0.037773,-0.014182,0.000000,0.006981,0.041416,0.033390,0.072320,-0.006981,0.345996,0.162519,-0.068830,-0.034907,0.106573,0.085086
1771203837.580,4455,2,2,0.0001,0.0324,0.9633,0.0000,0.0000,0.0040,0.0002,0.005073,0.081406,0.001715,0.002690,0.003196,-0.001745,0.000000,-0.060116,0.026804,0.032140,-0.005236,-0.020943,0.001929,-0.005960,0.000000,-0.017085,-0.001702,0.000000,0.006981,0.067372,0.036462,0.060025,-0.006981,0.396894,0.196655,-0.056534,-0.029671,0.117995,0.094491
1771203837.681,4458,2,2,0.0000,0.0220,0.9761,0.0000,0.0000,0.0018,0.0000,0.019667,0.081293,0.003261,0.003457,0.004072,-0.001745,0.000000,-0.049938,-0.023199,0.051549,-0.005236,0.015632,0.053838,-0.020133,0.001745,0.045478,0.067766,0.000000,0.001745,0.082915,0.042446,-0.004591,-0.008727,0.412323,0.207923,0.008081,-0.024435,0.123631,0.096455
1771203837.782,4461,2,2,0.0001,0.0259,0.9701,0.0000,0.0000,0.0039,0.0000,0.018375,0.084872,0.000000,0.000000,0.000000,0.000000,0.000000,-0.024968,-0.016790,0.036201,-0.005236,0.008031,0.050251,-0.004785,0.000000,0.048496,0.077516,0.000000,0.000000,0.104506,0.043649,-0.008161,-0.010472,0.421486,0.220370,0.011651,-0.019199,0.119272,0.097536
1771203837.883,4464,2,2,0.0002,0.0351,0.9482,0.0000,0.0001,0.0162,0.0002,0.010525,0.090705,0.000408,0.003247,0.001580,0.000000,0.000000,-0.015018,-0.014636,0.032350,-0.003491,-0.004721,0.029573,-0.004425,0.000000,0.010218,0.054163,0.000000,-0.005236,0.117624,0.048839,0.027393,-0.010472,0.425098,0.233506,-0.023902,-0.013963,0.122674,0.113321
1771203837.984,4467,2,2,0.0002,0.0467,0.9392,0.0000,0.0001,0.0136,0.0002,0.008112,0.082197,0.000667,0.002623,0.000842,0.000000,0.000000,-0.009420,-0.013976,0.041031,-0.003491,-0.007341,0.021975,-0.007870,0.001745,-0.007050,0.032596,0.000000,-0.003491,0.095336,0.034046,0.080784,-0.010472,0.395055,0.206451,-0.077293,-0.006981,0.081895,0.092794
1771203838.084,4470,2,2,0.0006,0.1397,0.8465,0.0000,0.0001,0.0129,0.0003,0.004447,0.053396,0.000521,0.002662,0.002947,0.000000,0.000000,-0.012852,-0.008267,0.026730,-0.003491,-0.003290,0.012974,0.002940,0.000000,-0.013250,0.010719,0.000000,-0.003491,0.109417,0.029164,0.136054,-0.012217,0.264612,0.076278,-0.132563,-0.005236,0.009050,0.016180
1771203838.186,4473,2,2,0.0003,0.1343,0.8619,0.0000,0.0000,0.0034,0.0001,0.002182,0.056664,0.000403,0.005047,0.004690,-0.001745,0.000000,-0.014017,-0.008463,0.024651,-0.003491,-0.027142,-0.016218,0.001529,0.000000,-0.009740,-0.001210,0.000000,-0.001745,0.119631,0.034130,0.061403,-0.010472,0.319116,0.115522,-0.057912,-0.003491,0.013844,0.016317
1771203838.286,4476,2,2,0.0001,0.0862,0.9122,0.0000,0.0000,0.0014,0.0001,0.004546,0.055062,0.000223,0.003815,0.001565,0.000000,0.000000,0.007695,-0.005779,0.027727,-0.005236,-0.033143,-0.010568,0.000199,0.000000,0.007257,0.011672,0.000000,0.000000,0.116327,0.037523,-0.017727,-0.012217,0.332096,0.120366,0.021218,0.000000,0.015421,0.017788
1771203838.387,4479,2,2,0.0000,0.0889,0.9106,0.0000,0.0000,0.0005,0.0000,0.023032,0.052688,0.001180,0.008702,0.011290,0.000000,0.000000,0.043269,-0.027981,0.029590,-0.005236,0.003377,0.042922,-0.006901,0.000000,0.065173,0.092047,0.000000,0.006981,0.082762,0.036685,0.010158,-0.012217,0.341665,0.132741,-0.006667,0.003491,0.012330,0.005444
1771203838.489,4482,2,2,0.0000,0.0408,0.9588,0.0000,0.0000,0.0004,0.0000,0.016333,0.054030,0.001186,0.002046,0.002178,0.000000,0.000000,-0.006986,-0.050710,0.039306,-0.005236,0.000132,0.042205,-0.009635,0.001745,0.038501,0.074105,0.000000,0.008727,0.070109,0.037088,0.020524,-0.012217,0.341203,0.145652,-0.015288,0.003491,0.013478,0.008091
1771203838.589,4485,2,2,0.0000,0.0529,0.9461,0.0000,0.0000,0.0009,0.0001,0.016903,0.037847,0.001859,0.005944,0.007166,0.000000,0.000000,-0.057842,-0.067038,0.031901,-0.003491,0.012330,0.058440,0.001260,0.000000,0.025036,0.073873,0.000000,0.010472,0.098643,0.025682,0.051012,-0.012217,0.223816,0.039302,-0.047522,0.005236,-0.013484,-0.026016
1771203838.689,4488,2,2,0.0000,0.0760,0.9231,0.0000,0.0000,0.0008,0.0001,0.004730,0.040923,0.001812,0.003036,0.001411,0.000000,0.000000,-0.083466,-0.028515,0.028231,-0.003491,-0.007108,0.023598,0.004930,0.000000,-0.068091,-0.001769,0.000000,0.010472,0.099453,0.020849,0.064879,-0.012217,0.228926,0.063004,-0.061388,0.003491,-0.013966,-0.019377
1771203838.790,4491,2,2,0.0000,0.0522,0.9470,0.0000,0.0000,0.0006,0.0001,0.006305,0.044764,0.002178,0.003344,0.000587,0.000000,0.001745,-0.076454,-0.028042,0.030163,-0.003491,0.003764,0.022282,-0.002238,0.000000,-0.018859,0.017699,0.000000,0.010472,0.083724,0.034079,0.086749,-0.012217,0.234020,0.084629,-0.083258,0.003491,-0.008949,-0.011871
1771203838.890,4494,2,2,0.0000,0.0250,0.9745,0.0000,0.0000,0.0004,0.0001,0.010495,0.066479,0.000000,0.000000,0.000000,0.000000,0.000000,-0.066461,-0.034331,0.030156,-0.005236,0.005882,0.037400,-0.002231,0.000000,0.003103,0.049401,0.000000,0.010472,0.065655,0.043640,0.117446,-0.012217,0.360976,0.196066,-0.113955,0.003491,-0.009703,-0.014543
1771203838.990,4497,2,2,0.0000,0.0083,0.9913,0.0000,0.0000,0.0003,0.0002,0.011168,0.114565,0.000120,0.001170,0.001200,0.000000,0.000000,-0.077806,-0.037028,0.025904,-0.003491,-0.001315,0.035387,0.000276,0.000000,0.010805,0.061638,0.000000,0.012217,0.042966,0.042218,0.171599,-0.012217,0.674899,0.425649,-0.168108,0.005236,-0.016512,-0.040112
1771203839.091,4500,2,2,0.0000,0.0176,0.9806,0.0000,0.0000,0.0015,0.0002,0.007485,0.106491,0.000413,0.001132,0.000750,0.000000,0.000000,-0.060603,-0.030468,0.016845,-0.003491,-0.015994,0.029086,0.007589,0.000000,-0.022965,0.036301,0.000000,0.012217,0.037470,0.045900,0.152767,-0.012217,0.637606,0.386694,-0.149277,0.005236,-0.000568,-0.043777
1771203839.191,4503,2,2,0.0001,0.0310,0.9539,0.0000,0.0002,0.0145,0.0003,0.004771,0.106587,0.000000,0.000000,0.000000,0.000000,0.000000,-0.035314,-0.030082,0.013585,-0.003491,-0.064328,0.008022,0.005614,0.000000,-0.029170,0.030030,0.000000,0.012217,0.036897,0.047942,0.154936,-0.012217,0.630949,0.379394,-0.151446,0.003491,0.013222,-0.041667
1771203839.291,4506,2,2,0.0000,0.0039,0.9959,0.0000,0.0001,0.0001,0.0000,0.005603,0.119075,0.000199,0.001948,0.001924,0.000000,0.000000,-0.003867,-0.030465,0.018225,-0.003491,-0.012651,0.007572,-0.004262,0.000000,0.010405,0.031033,0.000000,0.012217,0.017807,0.049357,0.153600,-0.012217,0.729079,0.415940,-0.150109,0.005236,0.045665,-0.038965
1771203839.392,4509,2,2,0.0000,0.2728,0.7263,0.0001,0.0006,0.0001,0.0000,0.006326,0.119534,0.000744,0.008062,0.006842,0.000000,0.000000,-0.020198,-0.036851,0.020392,-0.003491,-0.001434,0.024128,-0.001193,0.000000,-0.004908,0.031389,0.000000,0.012217,0.023891,0.048613,0.150234,-0.012217,0.701571,0.402905,-0.146743,0.003491,0.091489,-0.016746
1771203839.496,4512,2,2,0.0000,0.0548,0.9449,0.0000,0.0002,0.0000,0.0000,0.004302,0.125135,0.000420,0.002445,0.002625,0.000000,0.000000,-0.018740,-0.033751,0.016867,-0.003491,-0.024351,0.011343,0.000586,0.000000,-0.013973,0.022828,0.000000,0.012217,0.024699,0.049970,0.138228,-0.012217,0.742349,0.430242,-0.134737,0.000000,0.099332,0.004582
1771203839.594,4515,2,2,0.0000,0.0874,0.9123,0.0000,0.0003,0.0000,0.0000,0.009991,0.122189,0.000416,0.003319,0.004288,0.000000,0.000000,0.073222,-0.038185,0.024313,-0.003491,-0.032615,0.004118,-0.005114,0.000000,-0.007694,0.018240,0.000000,0.006981,0.021884,0.049334,0.139584,-0.012217,0.731302,0.416631,-0.136094,-0.003491,0.096986,0.003562
1771203839.694,4518,2,2,0.0000,0.1414,0.8580,0.0000,0.0005,0.0000,0.0000,0.009510,0.120858,0.000755,0.002382,0.004253,0.000000,0.000000,0.066622,-0.045821,0.026532,-0.003491,-0.034893,0.001165,-0.005588,0.000000,-0.002551,0.019798,0.000000,0.005236,0.029593,0.052403,0.143257,-0.015708,0.677346,0.379425,-0.141512,-0.003491,0.127516,0.035518
1771203839.795,4521,2,2,0.0000,0.1463,0.8533,0.0000,0.0004,0.0000,0.0000,0.010776,0.108741,0.000503,0.001126,0.003151,0.000000,0.000000,0.001002,-0.055100,0.024910,-0.003491,0.013557,0.024369,-0.000476,0.000000,0.027064,0.038412,0.000000,0.000000,0.048017,0.053625,0.134627,-0.017453,0.573119,0.309584,-0.131136,-0.003491,0.140736,0.045185
1771203839.897,4524,2,2,0.0000,0.1481,0.8515,0.0000,0.0003,0.0000,0.0000,0.011176,0.103141,0.000744,0.001462,0.001134,0.000000,0.000000,-0.038536,-0.060427,0.021786,-0.003491,0.006417,0.036272,0.000903,0.000000,0.020935,0.047800,0.000000,0.000000,0.053923,0.058790,0.115549,-0.017453,0.519612,0.286192,-0.112059,0.000000,0.137239,0.066391
1771203839.998,4527,2,2,0.0000,0.1269,0.8729,0.0000,0.0002,0.0000,0.0000,0.009554,0.091906,0.000596,0.000490,0.001488,0.000000,0.001745,-0.071456,-0.049279,0.024324,-0.003491,-0.006305,0.037019,-0.003380,0.000000,0.000802,0.050757,0.000000,0.001745,0.040265,0.064651,0.111707,-0.017453,0.444630,0.239904,-0.108217,0.000000,0.125846,0.074127
1771203840.099,4530,2,2,0.0000,0.1530,0.8469,0.0000,0.0001,0.0000,0.0000,0.009271,0.069020,0.000682,0.003804,0.002804,0.000000,0.000000,-0.081846,-0.045037,0.035958,-0.003491,-0.012831,0.030824,-0.011524,0.000000,-0.008148,0.044467,0.000000,0.003491,0.032540,0.066901,0.114056,-0.015708,0.299299,0.115111,-0.110565,0.001745,0.116635,0.078463
1771203840.199,4533,2,2,0.0000,0.2308,0.7691,0.0000,0.0000,0.0000,0.0001,0.023385,0.059147,0.000997,0.000918,0.000921,0.000000,0.000000,-0.102753,-0.041994,0.013677,-0.005236,0.067437,0.071271,0.012503,0.000000,0.038105,0.077628,0.000000,0.003491,0.028036,0.074148,0.106396,-0.017453,0.254409,0.101241,-0.102905,0.003491,0.065814,0.072741
1771203840.299,4536,2,2,0.0000,0.0033,0.9967,0.0000,0.0000,0.0000,0.0000,0.021877,0.035574,0.002183,0.001746,0.002161,0.000000,0.000000,-0.075917,-0.016002,-0.010135,-0.003491,0.021731,0.053977,0.024098,0.000000,0.046797,0.115924,0.000000,0.003491,0.038918,0.083037,0.090829,-0.015708,0.152362,0.020770,-0.089084,0.003491,-0.011517,0.033988
1771203840.399,4539,2,2,0.0000,0.0743,0.9255,0.0000,0.0000,0.0000,0.0002,0.009426,0.039727,0.000407,0.001639,0.001748,0.000000,0.000000,-0.081007,-0.008401,-0.002249,-0.003491,-0.038295,0.024435,0.014466,0.000000,0.005372,0.068835,0.000000,0.003491,0.043470,0.115152,0.129094,-0.017453,0.151695,-0.006740,-0.127348,0.006981,-0.007359,0.026844
1771203840.500,4542,2,2,0.0000,0.3192,0.6808,0.0000,0.0000,0.0000,0.0000,0.006434,0.040895,0.001343,0.003330,0.003424,0.000000,0.000000,-0.057981,-0.011637,0.001161,-0.005236,-0.039988,0.013875,0.002329,0.000000,0.005293,0.054555,0.000000,0.001745,0.051503,0.120500,0.133827,-0.017453,0.152486,0.001090,-0.132082,0.006981,-0.016834,0.022607
1771203840.600,4545,1,1,0.0000,0.5955,0.4045,0.0000,0.0000,0.0000,0.0000,0.005542,0.033030,0.000000,0.000000,0.000000,0.000000,0.000000,-0.017598,-0.020733,0.001192,-0.003491,-0.036245,0.005142,0.002299,0.000000,0.006638,0.051236,0.000000,0.003491,0.053756,0.132642,0.122190,-0.015708,0.077303,-0.057826,-0.120445,0.006981,-0.075668,-0.030254
1771203840.701,4548,1,1,0.0000,0.9276,0.0723,0.0000,0.0000,0.0000,0.0000,0.002105,0.028670,0.001461,0.003883,0.004570,0.000000,0.000000,-0.005148,-0.033970,-0.003592,-0.005236,-0.045503,-0.029604,0.003592,0.000000,-0.004726,0.021674,0.000000,0.003491,0.078409,0.144408,0.088556,-0.013963,0.029172,-0.056636,-0.079829,-0.001745,-0.133139,-0.089217
1771203840.800,4551,1,1,0.0000,0.9873,0.0127,0.0000,0.0000,0.0000,0.0000,0.003035,0.026608,0.000315,0.005279,0.004354,0.000000,0.001745,-0.013182,-0.049429,-0.010276,-0.005236,-0.033446,-0.008830,0.012021,0.000000,0.000161,0.022495,0.000000,0.001745,0.083630,0.133566,0.064761,-0.008727,0.035597,-0.014250,-0.054289,0.000000,-0.081545,-0.055583
1771203840.901,4554,1,1,0.0000,0.9935,0.0065,0.0000,0.0000,0.0000,0.0000,0.004431,0.025398,0.000365,0.002112,0.003264,0.000000,0.000000,0.006664,-0.050570,0.004806,-0.003491,-0.026307,0.002479,-0.001316,0.000000,0.007591,0.031625,0.000000,-0.005236,0.088522,0.126103,0.052662,-0.005236,0.037490,-0.001926,-0.038699,0.000000,-0.030333,-0.010186
1771203841.003,4557,1,1,0.0000,0.9958,0.0042,0.0000,0.0000,0.0000,0.0000,0.007015,0.028428,0.000362,0.002886,0.004658,0.000000,0.000000,0.005867,-0.056112,0.011417,-0.003491,-0.026944,0.007673,-0.006181,0.000000,0.009370,0.049859,0.000000,-0.010472,0.158471,0.096003,0.050526,-0.012217,0.036131,-0.003862,-0.033073,0.000000,-0.017981,-0.018045
1771203841.103,4560,1,1,0.0000,0.9953,0.0047,0.0000,0.0000,0.0000,0.0000,0.005707,0.023489,0.000000,0.000000,0.000000,0.000000,0.000000,-0.005312,-0.047172,0.010355,-0.003491,-0.015192,0.009123,-0.003374,0.000000,0.002753,0.046249,0.000000,-0.012217,0.147680,0.067092,0.003939,-0.013963,0.041312,0.008336,0.013515,0.000000,-0.006677,-0.014604
1771203841.204,4563,1,1,0.0000,0.9772,0.0228,0.0000,0.0000,0.0000,0.0000,0.006550,0.021408,0.000796,0.001156,0.000923,0.000000,0.000000,-0.079873,-0.019681,-0.010960,-0.003491,-0.086821,-0.034032,0.019687,0.000000,0.009884,0.049032,0.000000,-0.012217,0.092958,0.066489,0.004823,-0.020944,0.054964,0.006650,0.007394,0.000000,0.023123,0.000492
1771203841.308,4566,1,1,0.0001,0.9654,0.0345,0.0000,0.0000,0.0000,0.0000,0.005343,0.016400,0.000279,0.001506,0.003137,0.000000,0.000000,-0.101748,-0.002691,-0.008632,-0.003491,-0.053490,-0.023777,0.015614,0.000000,-0.001298,0.048503,0.000000,-0.012217,0.044054,0.075837,0.009409,-0.024435,0.059103,0.005664,-0.002427,0.000000,0.002738,-0.008752
1771203841.410,4569,1,1,0.0003,0.9953,0.0044,0.0000,0.0000,0.0000,0.0000,0.000862,0.012332,0.000560,0.000798,0.000643,0.000000,0.000000,-0.094919,-0.001788,0.003759,-0.005236,-0.043476,-0.010963,0.004968,0.000000,-0.013013,0.001621,0.000000,-0.008727,0.063641,0.067297,-0.008323,-0.024435,-0.005825,-0.117904,0.017050,0.000000,-0.016538,-0.091027
1771203841.510,4572,1,1,0.0004,0.9973,0.0023,0.0000,0.0000,0.0000,0.0000,0.001849,0.015517,0.000423,0.000507,0.000803,0.000000,0.001745,-0.073829,0.004593,0.013037,-0.005236,-0.022309,0.001067,-0.006055,0.001745,-0.017922,-0.008085,0.000000,0.000000,0.055441,0.043408,-0.058811,-0.015708,0.006940,-0.059462,0.069283,0.000000,0.011133,-0.062953
1771203841.610,4575,1,1,0.0004,0.9981,0.0015,0.0000,0.0000,0.0000,0.0000,0.002870,0.017688,0.000464,0.000000,0.000493,0.000000,0.000000,-0.075237,0.001293,0.016747,-0.005236,0.002675,0.011976,-0.011511,0.001745,-0.003780,-0.003890,0.000000,0.001745,0.041429,0.032094,-0.018978,-0.008727,0.056547,0.024067,0.032941,0.000000,0.023436,-0.015816
1771203841.711,4578,1,1,0.0000,0.9998,0.0002,0.0000,0.0000,0.0000,0.0000,0.001814,0.037235,0.001156,0.014927,0.018307,0.000000,0.000000,-0.085868,0.007808,0.009093,-0.005236,-0.014930,-0.011623,0.004870,0.000000,-0.019349,-0.024183,0.000000,0.003491,0.016824,0.031400,0.014655,-0.003491,0.136453,0.130051,-0.004183,0.000000,0.043984,0.069966
1771203841.813,4581,1,1,0.0000,0.9999,0.0001,0.0000,0.0000,0.0000,0.0000,0.004758,0.036475,0.003752,0.009967,0.009323,0.000000,0.000000,-0.053827,-0.003713,-0.002886,-0.005236,-0.043467,-0.008508,0.011613,0.000000,0.026687,0.018794,0.000000,0.005236,0.007869,0.045343,-0.041775,-0.001745,0.092379,0.096674,0.053992,0.000000,0.048980,0.087230
1771203841.916,4584,1,1,0.0000,0.9998,0.0001,0.0000,0.0000,0.0000,0.0000,0.003513,0.039695,0.001656,0.003320,0.003508,0.000000,0.000000,-0.041947,-0.000470,-0.011373,-0.003491,-0.029814,0.006246,0.013119,0.000000,0.004217,0.018574,0.000000,0.003491,-0.021829,0.030703,-0.034924,0.000000,0.066310,0.125932,0.048887,0.000000,0.063151,0.137868
1771203842.016,4587,1,1,0.0000,1.0000,0.0000,0.0000,0.0000,0.0000,0.0000,0.034373,0.011803,0.001798,0.002395,0.009797,0.000000,0.000000,0.076656,-0.000346,0.018420,-0.005236,0.132449,0.123421,-0.014930,0.000000,0.015837,0.045688,0.000000,0.003491,-0.626233,-0.064909,0.136398,0.000000,-0.446371,-0.252262,-0.124180,0.001745,-0.308333,-0.211472
1771203842.116,4590,1,1,0.0000,0.9998,0.0001,0.0000,0.0000,0.0000,0.0000,0.019084,0.059484,0.000695,0.001743,0.004205,0.000000,0.000000,-0.001421,-0.009918,0.039913,-0.003491,0.036009,0.058904,-0.029442,0.000000,0.025634,0.068542,0.000000,0.005236,0.229889,0.299256,0.179429,-0.001745,-0.343924,-0.213062,-0.165466,0.000000,-0.542867,-0.401270
1771203842.217,4593,1,1,0.0000,0.9960,0.0040,0.0000,0.0000,0.0000,0.0000,0.008443,0.102795,0.000520,0.005033,0.009828,0.000000,0.000000,0.004032,-0.003983,0.038137,-0.003491,-0.090646,-0.028484,-0.027665,0.000000,0.005928,0.053223,-0.001745,0.005236,1.142930,-0.387463,0.085375,-0.003491,-0.132991,-0.336849,-0.069667,-0.001745,-0.285056,-0.371755
1771203842.318,4596,1,1,0.0000,0.9867,0.0132,0.0000,0.0000,0.0000,0.0000,0.007121,0.042718,0.000231,0.002744,0.002423,0.000000,0.000000,-0.006448,0.000169,0.051175,-0.005236,-0.099312,-0.032494,-0.031977,0.000000,-0.022109,0.034106,0.000000,0.005236,0.427455,-0.225147,0.079920,-0.005236,-0.171315,-0.202458,-0.065958,0.000000,-0.279285,-0.233874
1771203842.419,4599,1,1,0.0000,0.9990,0.0009,0.0000,0.0000,0.0000,0.0000,0.008256,0.004510,0.000425,0.003717,0.005313,0.000000,0.000000,-0.008240,0.005842,0.053025,-0.005236,-0.055978,-0.004738,-0.032081,0.000000,0.000335,0.039875,0.000000,0.005236,-0.459734,-0.134390,0.048881,-0.003491,-0.136881,-0.129154,-0.027937,0.000000,-0.188652,-0.157080
1771203842.519,4602,1,1,0.0000,0.9999,0.0001,0.0000,0.0000,0.0000,0.0000,0.014098,0.027441,0.000068,0.001563,0.006364,0.000000,0.000000,0.015375,0.001105,0.041724,-0.003491,0.030847,0.033466,-0.020780,0.000000,0.007762,0.038893,0.000000,0.005236,-0.855775,-0.082030,0.015176,-0.003491,0.146801,-0.087266,0.011004,0.000000,0.151076,-0.109956
1771203842.620,4605,1,1,0.0000,1.0000,0.0000,0.0000,0.0000,0.0000,0.0000,0.009707,0.004956,0.000314,0.002296,0.001615,0.000000,0.000000,-0.005050,0.014446,0.042654,-0.003491,0.005283,0.028879,-0.012984,0.000000,-0.006742,0.025220,0.000000,0.003491,-0.826936,-0.054105,-0.021224,-0.001745,0.010320,-0.062832,0.045659,0.000000,-0.054413,-0.085521
1771203842.720,4608,1,1,0.0000,1.0000,0.0000,0.0000,0.0000,0.0000,0.0000,0.008328,0.014413,0.000192,0.000718,0.001242,0.000000,0.000000,-0.006758,0.024186,0.040482,-0.003491,-0.013582,0.016027,-0.007321,0.000000,-0.004690,0.019243,0.000000,0.005236,-0.058851,-0.036652,-0.087671,-0.001745,-0.015935,-0.047124,0.122577,0.000000,0.045146,-0.069813
1771203842.820,4611,1,1,0.0000,0.9999,0.0000,0.0000,0.0000,0.0000,0.0000,0.004712,0.009348,0.000000,0.000000,0.000000,0.000000,0.000000,-0.008144,0.016601,0.019743,-0.003491,-0.013947,0.004529,0.002946,0.000000,-0.000162,0.012723,-0.001745,0.005236,0.060726,-0.024435,-0.008912,-0.001745,-0.060767,-0.036652,0.035092,0.001745,0.009378,-0.057596
1771203842.921,4614,1,1,0.0000,0.9998,0.0002,0.0000,0.0000,0.0000,0.0000,0.004609,0.030002,0.000339,0.009861,0.004148,0.000000,0.000000,-0.002860,0.008208,-0.004530,-0.003491,-0.013716,0.004271,0.032455,0.000000,-0.005742,0.010370,-0.001745,0.005236,0.130933,-0.012217,-0.042468,-0.001745,-0.113464,-0.029671,0.072138,0.000000,0.151720,-0.052360
1771203843.021,4617,1,1,0.0000,0.9994,0.0006,0.0000,0.0000,0.0000,0.0000,0.001454,0.046275,0.000206,0.005565,0.003865,0.000000,0.000000,-0.006379,-0.004366,0.001933,-0.005236,-0.009162,-0.002452,0.015520,0.000000,-0.010753,-0.011923,-0.001745,0.005236,0.106040,-0.005236,-0.070532,-0.001745,0.065882,-0.026180,0.100202,0.000000,0.277939,-0.050615
1771203843.123,4620,1,1,0.0000,0.9991,0.0009,0.0000,0.0000,0.0000,0.0000,0.002299,0.035030,0.000427,0.005291,0.014244,0.000000,0.000000,-0.019945,-0.011970,-0.000813,-0.005236,0.015865,0.002188,0.009540,0.000000,-0.003772,-0.010850,-0.001745,0.005236,0.022786,-0.001745,-0.096525,-0.003491,0.111745,-0.022689,0.120959,0.000000,0.159630,-0.048869
1771203843.222,4623,1,1,0.0000,0.9994,0.0005,0.0000,0.0000,0.0000,0.0000,0.000909,0.032457,0.000732,0.004651,0.004828,0.000000,0.000000,-0.029792,-0.000285,0.002333,-0.003491,0.000245,0.003122,0.002903,0.000000,0.002301,-0.001052,0.000000,0.005236,0.083830,-0.001745,-0.100841,-0.003491,0.100283,-0.017453,0.125276,0.001745,0.073115,-0.048869
1771203843.322,4626,1,1,0.0000,0.9999,0.0001,0.0000,0.0000,0.0000,0.0000,0.000377,0.010132,0.000281,0.003278,0.003706,0.000000,0.000000,-0.021525,-0.000856,0.001319,-0.003491,-0.006944,0.001032,0.002171,0.000000,-0.004434,-0.006215,-0.001745,0.003491,-0.111684,-0.001745,-0.073442,-0.003491,0.021964,-0.012217,0.092641,0.003491,-0.165385,-0.048869
1771203843.423,4629,1,1,0.0000,1.0000,0.0000,0.0000,0.0000,0.0000,0.0000,0.004507,0.009226,0.000305,0.001760,0.002518,0.000000,0.000000,-0.007108,0.000172,0.000823,-0.003491,-0.006013,-0.004090,0.004413,0.000000,0.035835,0.012836,-0.001745,0.003491,-0.406617,-0.001745,-0.086281,-0.001745,-0.073299,-0.006981,0.107225,0.000000,-0.206560,-0.047124
1771203843.526,4632,1,1,0.0000,1.0000,0.0000,0.0000,0.0000,0.0000,0.0000,0.032627,0.003759,0.001537,0.002005,0.004308,0.000000,0.000000,0.012974,-0.003919,-0.006154,-0.001745,0.084190,0.056357,0.009645,0.000000,0.107312,0.121053,-0.001745,0.003491,-0.378242,-0.001745,-0.017189,-0.001745,-0.251429,-0.005236,0.038133,0.003491,-0.253071,-0.045379
1771203843.625,4635,1,1,0.0000,1.0000,0.0000,0.0000,0.0000,0.0000,0.0000,0.020932,0.002589,0.000645,0.001654,0.002004,0.000000,0.000000,0.010464,-0.005364,0.001959,-0.003491,0.060477,0.059946,-0.000214,0.000000,0.044636,0.073703,-0.001745,0.005236,-0.266405,-0.001745,-0.003144,-0.001745,-0.312897,-0.003491,0.022343,0.003491,-0.269762,-0.043633
1771203843.724,4638,1,1,0.0000,0.9999,0.0000,0.0000,0.0000,0.0000,0.0000,0.021453,0.001600,0.000335,0.003453,0.005693,0.000000,0.000000,0.013677,-0.010727,0.008956,-0.003491,0.051960,0.063057,-0.003720,0.000000,0.043421,0.076369,-0.003491,0.003491,-0.164673,-0.003491,0.005412,-0.003491,-0.273647,-0.003491,0.010296,0.000000,-0.306820,-0.043633
1771203843.826,4641,1,1,0.0000,0.9999,0.0000,0.0000,0.0000,0.0000,0.0000,0.024054,0.005827,0.001154,0.006531,0.009341,0.000000,0.000000,-0.006430,0.000582,-0.002097,-0.001745,0.081381,0.088855,0.007333,0.000000,0.041359,0.069141,-0.003491,0.003491,0.037036,-0.001745,-0.015438,-0.001745,-0.087618,-0.003491,0.029401,0.000000,-0.033114,-0.043633
1771203843.925,4644,1,1,0.0012,0.9978,0.0004,0.0003,0.0000,0.0000,0.0003,0.025505,0.084844,0.001332,0.002768,0.001001,0.000000,0.000000,-0.024344,0.009132,-0.044830,-0.001745,0.047064,0.071226,0.048321,0.000000,0.060801,0.069518,0.000000,0.003491,0.240927,-0.001745,0.038071,-0.001745,0.411936,-0.003491,-0.027599,0.000000,0.323707,-0.043633
1771203844.026,4647,1,1,0.0014,0.9919,0.0052,0.0005,0.0001,0.0000,0.0009,0.013896,0.159601,0.000867,0.001166,0.001350,0.000000,0.000000,-0.060136,0.001101,-0.024167,-0.001745,-0.026077,0.037666,0.034639,0.001745,0.035732,0.055869,-0.001745,0.005236,0.640810,-0.001745,0.087192,-0.001745,0.742320,-0.003491,-0.073230,0.000000,0.439659,-0.043633
1771203844.126,4650,1,1,0.0005,0.9542,0.0439,0.0002,0.0003,0.0000,0.0009,0.003556,0.170135,0.001517,0.002737,0.000812,0.000000,0.000000,-0.048357,-0.013174,-0.003213,-0.003491,-0.031582,0.009227,0.015431,0.000000,-0.010881,0.018021,0.010472,-0.017453,0.843210,0.012217,0.152853,-0.001745,0.577925,-0.003491,-0.138891,0.001745,0.443196,-0.043633
1771203844.226,4653,1,1,0.0001,0.7576,0.2418,0.0000,0.0003,0.0000,0.0003,0.004142,0.142223,0.000499,0.000682,0.000693,0.000000,0.000000,-0.044668,-0.004078,0.049708,-0.003491,-0.122100,-0.064573,-0.039236,0.000000,-0.125510,-0.060884,0.008727,-0.017453,0.986071,0.006981,0.121726,0.000000,0.320440,-0.003491,-0.107763,0.000000,0.262728,-0.041888
1771203844.326,4656,1,1,0.0000,0.5608,0.4391,0.0000,0.0000,0.0000,0.0000,0.005155,0.121853,0.000271,0.002026,0.003530,-0.001745,0.000000,-0.045983,0.004733,0.042879,-0.001745,-0.021701,0.014247,-0.030661,0.000000,-0.031190,-0.002294,0.003491,-0.005236,0.847883,0.000000,0.068363,0.000000,0.235233,-0.003491,-0.057891,0.000000,0.307270,-0.041888
1771203844.427,4659,2,2,0.0000,0.2564,0.7435,0.0000,0.0000,0.0000,0.0000,0.013665,0.127734,0.000235,0.003886,0.002997,0.000000,0.000000,-0.024692,0.006903,0.018799,-0.001745,0.031768,0.057039,-0.004836,0.001745,0.012713,0.035018,0.003491,-0.001745,0.828602,0.024435,0.100801,0.005236,0.220268,0.017453,-0.090329,0.003491,0.329032,-0.005236
1771203844.527,4662,2,2,0.0000,0.2358,0.7642,0.0000,0.0000,0.0000,0.0000,0.010930,0.136544,0.001043,0.003179,0.003110,0.000000,0.000000,-0.002925,0.012270,0.015583,-0.001745,0.018306,0.047249,-0.006856,0.000000,0.003457,0.034290,0.005236,0.005236,0.871082,0.043633,0.104780,0.003491,0.210225,0.045379,-0.090817,0.010472,0.321538,0.017453
1771203844.627,4665,2,2,0.0000,0.3072,0.6926,0.0000,0.0001,0.0000,0.0000,0.009077,0.159390,0.000855,0.003261,0.001503,0.000000,0.000000,0.027922,0.009682,0.019479,-0.003491,0.004912,0.028654,-0.009007,0.000000,-0.010226,0.018271,0.006981,0.013963,0.874632,0.064577,0.056437,0.003491,0.382320,0.066323,-0.037239,0.012217,0.405562,0.026180
1771203844.728,4668,2,2,0.0000,0.4008,0.5987,0.0000,0.0003,0.0000,0.0000,0.005614,0.163165,0.000836,0.007322,0.007385,0.000000,0.000000,0.015574,0.013217,0.038573,-0.003491,-0.079685,-0.054966,-0.022865,0.000000,-0.069570,-0.038054,0.006981,0.027925,0.811623,0.080285,0.069545,0.000000,0.376078,0.085521,-0.045110,0.012217,0.458138,0.029671
1771203844.828,4671,2,2,0.0000,0.1279,0.8713,0.0000,0.0007,0.0001,0.0000,0.005308,0.166061,0.000698,0.005858,0.003575,0.000000,0.000000,0.003945,0.021898,0.037856,-0.001745,-0.093853,-0.049768,-0.015167,0.000000,-0.059514,-0.035515,0.006981,0.040143,0.762676,0.089012,-0.011677,-0.001745,0.423277,0.101229,0.039602,0.012217,0.487930,0.029671
1771203844.928,4674,2,2,0.0000,0.0854,0.9134,0.0000,0.0010,0.0001,0.0000,0.004024,0.176082,0.001647,0.005986,0.004923,0.000000,0.000000,-0.020606,0.018612,0.027829,-0.001745,-0.074535,-0.040072,0.001841,0.000000,-0.035662,-0.016272,0.006981,0.057596,0.788461,0.097738,-0.093484,-0.001745,0.415574,0.108210,0.128390,0.012217,0.468143,0.029671
1771203845.029,4677,2,2,0.0000,0.0811,0.9177,0.0000,0.0011,0.0001,0.0000,0.017428,0.169108,0.002813,0.005779,0.006004,0.000000,0.001745,-0.139398,0.009908,0.003713,-0.003491,0.068874,0.051912,0.018976,0.000000,0.029928,0.024075,0.006981,0.064577,0.788605,0.111701,-0.108160,0.001745,0.431515,0.106465,0.146557,0.013963,0.327511,0.029671
1771203845.131,4680,2,2,0.0000,0.0459,0.9529,0.0000,0.0012,0.0001,0.0000,0.046375,0.164872,0.001504,0.006054,0.006205,0.000000,0.001745,-0.077516,0.015383,-0.014040,-0.003491,0.148409,0.123030,0.031494,0.000000,0.130034,0.106402,0.006981,0.066323,0.843242,0.115192,-0.126351,0.005236,0.415438,0.106465,0.164748,0.013963,0.211212,0.029671
1771203845.229,4683,2,2,0.0000,0.0347,0.9607,0.0000,0.0045,0.0001,0.0000,0.031662,0.164310,0.001495,0.005089,0.005056,0.000000,0.000000,-0.046764,0.027446,0.002161,-0.001745,0.067057,0.080440,0.013547,0.001745,0.095378,0.092166,0.006981,0.064577,0.876925,0.120428,-0.129854,0.006981,0.386008,0.102974,0.168251,0.013963,0.194960,0.029671
1771203845.329,4686,2,2,0.0000,0.0328,0.9597,0.0000,0.0074,0.0001,0.0000,0.019872,0.158141,0.001142,0.007596,0.010650,0.000000,0.000000,-0.034255,0.061749,0.010027,-0.003491,0.063108,0.065184,-0.003046,0.000000,-0.005140,0.038390,0.006981,0.064577,0.844659,0.125664,-0.130673,0.006981,0.352071,0.099484,0.167325,0.013963,0.186322,0.029671
1771203845.429,4689,2,2,0.0000,0.0206,0.9778,0.0000,0.0015,0.0000,0.0000,0.013950,0.156832,0.000000,0.000000,0.000000,0.000000,0.000000,-0.019296,0.048302,0.024306,-0.003491,0.031216,0.049475,-0.013834,0.000000,-0.034879,0.014100,0.006981,0.064577,0.847313,0.129154,-0.142069,0.010472,0.335319,0.099484,0.173485,0.013963,0.171562,0.029671
1771203845.531,4692,2,2,0.0000,0.0262,0.9701,0.0000,0.0035,0.0001,0.0001,0.025236,0.151063,0.001663,0.003357,0.003020,0.000000,0.000000,0.014236,0.050537,0.038992,-0.001745,0.032565,0.073409,-0.026775,0.000000,0.035653,0.057446,0.006981,0.064577,0.838060,0.129154,-0.149908,0.010472,0.249605,0.099484,0.181324,0.013963,0.189462,0.029671
1771203845.632,4695,2,2,0.0000,0.0418,0.9492,0.0000,0.0085,0.0003,0.0002,0.030257,0.131073,0.000647,0.002248,0.001115,-0.001745,0.000000,0.052443,0.048400,0.037978,-0.001745,0.002075,0.041863,-0.017034,0.000000,0.085430,0.094900,0.006981,0.064577,0.837540,0.132645,-0.122177,0.010472,0.094240,0.099484,0.146612,0.010472,0.140183,0.029671
1771203845.732,4698,2,2,0.0000,0.0803,0.9075,0.0000,0.0116,0.0003,0.0002,0.020673,0.115285,0.001043,0.004352,0.002920,0.000000,0.000000,0.022701,0.051142,0.023410,-0.003491,0.002652,0.031306,0.001025,0.000000,0.048720,0.067121,0.006981,0.062832,0.795619,0.139626,-0.113355,0.010472,0.037119,0.099484,0.132554,0.008727,0.060333,0.029671
1771203845.832,4701,2,2,0.0000,0.0831,0.9119,0.0000,0.0046,0.0002,0.0003,0.020235,0.114421,0.000645,0.001146,0.000869,-0.001745,0.001745,0.019301,0.048381,0.027500,-0.001745,0.002882,0.032552,-0.003065,0.000000,0.046802,0.063652,0.006981,0.062832,0.772721,0.148353,-0.101999,0.010472,0.066492,0.099484,0.115962,0.003491,0.056597,0.029671
1771203845.933,4704,2,2,0.0000,0.0456,0.9516,0.0000,0.0024,0.0001,0.0003,0.020807,0.115181,0.000750,0.001543,0.002134,0.000000,0.000000,0.023803,0.037673,0.015447,-0.001745,0.018663,0.050168,0.002007,0.000000,0.039530,0.062398,0.006981,0.062832,0.765429,0.151844,-0.049015,0.010472,0.124725,0.099484,0.057742,0.003491,0.069505,0.029671
1771203846.033,4707,2,2,0.0000,0.0439,0.9538,0.0000,0.0019,0.0001,0.0003,0.009369,0.112697,0.000715,0.002687,0.002782,0.000000,0.000000,0.011081,0.012858,0.009668,-0.001745,0.000338,0.042564,0.004295,0.001745,-0.003250,0.029878,0.006981,0.061087,0.765602,0.153589,-0.060826,0.010472,0.103942,0.099484,0.067808,0.003491,0.050236,0.029671
1771203846.133,4710,2,2,0.0000,0.0505,0.9486,0.0000,0.0007,0.0000,0.0002,0.005519,0.109763,0.000423,0.001820,0.002235,0.000000,0.000000,0.016875,0.011093,0.018037,-0.001745,-0.003882,0.020222,-0.007565,0.000000,-0.056922,-0.018301,0.006981,0.057596,0.798885,0.153589,-0.065366,0.008727,0.055040,0.101229,0.072347,0.001745,0.031347,0.029671
1771203846.235,4713,2,2,0.0000,0.0367,0.9630,0.0000,0.0002,0.0000,0.0001,0.002748,0.114701,0.000897,0.000661,0.002149,0.000000,0.000000,0.005057,0.003943,0.023971,-0.001745,-0.051482,-0.051438,-0.006518,0.000000,-0.075191,-0.048804,0.006981,0.057596,0.801622,0.155334,-0.084294,0.008727,0.099887,0.099484,0.089530,0.000000,0.027577,0.029671
1771203846.334,4716,2,2,0.0000,0.0280,0.9718,0.0000,0.0001,0.0000,0.0000,0.005269,0.115178,0.000355,0.002416,0.002378,-0.001745,0.000000,-0.016163,0.004319,0.011256,-0.001745,0.003454,0.007777,0.006198,0.000000,0.010931,0.019288,0.006981,0.057596,0.800585,0.155334,-0.075266,0.006981,0.107643,0.099484,0.080502,0.000000,0.037354,0.029671
1771203846.438,4719,2,2,0.0000,0.0305,0.9693,0.0000,0.0001,0.0000,0.0000,0.010160,0.116883,0.000364,0.001524,0.001434,0.000000,0.001745,0.019457,0.013657,-0.002952,-0.001745,0.012452,0.025384,0.009934,0.000000,0.015181,0.024106,0.006981,0.057596,0.817920,0.157080,-0.073002,0.006981,0.103058,0.099484,0.078238,-0.001745,0.045586,0.029671
1771203846.534,4722,2,2,0.0000,0.0417,0.9580,0.0000,0.0002,0.0000,0.0001,0.010964,0.108214,0.000498,0.002071,0.002186,0.000000,0.000000,0.004831,0.015678,-0.019716,-0.003491,0.011906,0.038390,0.028443,0.000000,0.008808,0.023518,0.005236,0.054105,0.798131,0.157080,-0.063048,0.008727,0.046779,0.099484,0.068284,0.000000,0.031078,0.029671
1771203846.634,4725,2,2,0.0000,0.0693,0.9300,0.0000,0.0004,0.0000,0.0002,0.014758,0.102847,0.001172,0.002926,0.003272,0.000000,0.000000,-0.012165,0.029376,-0.004860,-0.003491,0.002934,0.041319,0.020568,0.000000,0.033386,0.049508,0.005236,0.054105,0.811440,0.157080,-0.063191,0.006981,-0.034676,0.101229,0.068426,-0.001745,-0.004177,0.029671
1771203846.735,4728,4,4,0.0037,0.0087,0.0031,0.0016,0.9809,0.0010,0.0009,0.004163,0.109639,0.000697,0.002914,0.008511,0.000000,0.000000,-0.080265,0.032702,0.017256,-0.001745,-0.104271,-0.058136,-0.005039,0.000000,-0.080788,-0.033388,0.005236,0.052360,0.832980,0.157080,-0.115851,0.005236,-0.018173,0.101229,0.121087,-0.003491,0.010787,0.029671
1771203846.837,4731,2,2,0.0000,0.0374,0.9624,0.0000,0.0001,0.0000,0.0001,0.006084,0.109328,0.000946,0.002358,0.015709,0.000000,0.000000,-0.071092,0.034391,0.038613,-0.003491,-0.142290,-0.119237,-0.026395,0.000000,-0.121465,-0.070964,0.006981,0.040143,0.750517,0.155334,-0.114890,0.005236,0.020328,0.101229,0.120126,-0.003491,0.082369,0.029671
1771203846.936,4734,2,2,0.0000,0.0109,0.9890,0.0000,0.0000,0.0000,0.0000,0.006328,0.111422,0.000088,0.000479,0.000687,0.000000,0.000000,-0.055212,0.035366,0.040569,-0.003491,-0.091447,-0.078518,-0.031842,0.000000,-0.076698,-0.043885,0.005236,0.017453,0.703355,0.155334,-0.102028,0.001745,0.045892,0.101229,0.107264,-0.005236,0.169890,0.029671
1771203847.036,4737,2,2,0.0000,0.0102,0.9898,0.0000,0.0000,0.0000,0.0000,0.004637,0.113068,0.001025,0.000446,0.001358,0.000000,0.000000,0.008485,0.017156,0.030003,-0.003491,-0.054909,-0.038155,-0.016040,0.000000,-0.030641,-0.013991,0.005236,0.006981,0.695241,0.155334,-0.123863,0.000000,0.041199,0.101229,0.129099,-0.006981,0.192830,0.029671
1771203847.136,4740,2,2,0.0000,0.0165,0.9834,0.0000,0.0000,0.0000,0.0000,0.004000,0.103010,0.000340,0.000946,0.001750,0.000000,0.000000,-0.004551,0.016956,0.031045,-0.003491,-0.044983,-0.025647,-0.011847,0.000000,-0.013275,-0.010634,0.005236,0.005236,0.680806,0.155334,-0.101262,0.000000,0.014253,0.101229,0.106498,-0.010472,0.137861,0.029671
1771203847.235,4743,2,2,0.0000,0.0647,0.9350,0.0000,0.0001,0.0001,0.0001,0.011104,0.078142,0.000430,0.000899,0.003804,0.000000,0.000000,-0.003071,0.044715,0.031455,-0.003491,-0.010789,0.003785,-0.005275,0.000000,0.034827,0.018467,0.001745,0.008727,0.626962,0.125664,-0.052430,-0.001745,-0.127686,0.087266,0.057666,-0.010472,-0.024486,0.029671
1771203847.336,4746,2,2,0.0000,0.1341,0.8655,0.0000,0.0000,0.0001,0.0002,0.029293,0.065920,0.000724,0.000656,0.003090,0.000000,0.000000,-0.027765,0.051332,0.027448,-0.001745,0.063626,0.075695,-0.001268,0.000000,0.072693,0.060723,0.001745,0.008727,0.514374,0.099484,-0.061993,-0.001745,-0.146666,0.073304,0.067229,-0.003491,-0.026496,0.026180
1771203847.436,4749,2,2,0.0000,0.1008,0.8987,0.0000,0.0000,0.0001,0.0003,0.025149,0.054945,0.000193,0.000578,0.002217,0.000000,0.000000,-0.029487,0.045820,0.022316,-0.003491,0.044429,0.061327,-0.001372,0.001745,0.057362,0.068786,0.001745,0.006981,0.419225,0.080285,-0.056856,0.000000,-0.182482,0.062832,0.062092,-0.005236,-0.047140,0.026180
1771203847.537,4752,2,2,0.0000,0.0565,0.9433,0.0000,0.0000,0.0001,0.0001,0.019615,0.046495,0.000407,0.000529,0.006312,0.000000,0.000000,-0.026391,0.050470,0.022937,-0.003491,0.017907,0.056111,-0.001993,0.000000,0.027778,0.060181,0.001745,0.005236,0.315288,0.068068,-0.085573,0.000000,-0.201727,0.050615,0.090809,-0.003491,-0.069903,0.026180
1771203847.639,4755,2,2,0.0000,0.2997,0.7001,0.0000,0.0000,0.0001,0.0000,0.015081,0.019639,0.000084,0.002091,0.028980,0.000000,0.000000,0.005676,0.052925,0.015377,-0.003491,-0.015083,0.033521,0.005567,0.000000,0.015872,0.052036,0.001745,0.003491,-1.032609,0.057596,-0.104767,0.000000,-0.277536,0.038397,0.110003,-0.003491,-0.187154,0.024435
1771203847.739,4758,1,2,0.0000,0.7002,0.2997,0.0000,0.0000,0.0000,0.0000,0.005311,0.019204,0.000700,0.007135,0.006169,0.000000,0.000000,0.001042,0.039083,0.019960,-0.001745,-0.038613,0.003645,-0.004252,0.000000,-0.057890,-0.023558,0.000000,0.003491,-1.008790,0.057596,-0.106527,0.000000,-0.679505,0.033161,0.111763,-0.003491,-0.478037,0.024435
1771203847.841,4761,1,1,0.0000,0.9912,0.0088,0.0000,0.0000,0.0000,0.0000,0.007305,0.017150,0.001175,0.005119,0.003670,0.000000,0.000000,0.009436,0.044555,0.033666,-0.001745,-0.030414,-0.008101,-0.014467,0.000000,-0.053983,-0.049219,0.000000,0.006981,-1.177134,0.045379,-0.101077,-0.001745,-0.732818,0.020944,0.109804,-0.003491,-0.521934,0.022689
1771203847.941,4764,1,1,0.0000,0.9991,0.0009,0.0000,0.0000,0.0000,0.0000,0.006714,0.010870,0.000907,0.009996,0.010166,0.000000,0.000000,-0.009882,0.046436,0.034135,-0.003491,-0.016708,-0.000404,-0.009700,0.000000,-0.011842,-0.017605,0.000000,0.005236,-1.423006,0.034907,-0.050155,-0.003491,-1.199158,0.010472,0.060627,-0.001745,-1.347163,0.019199
1771203848.047,4767,1,1,0.0000,0.9999,0.0001,0.0000,0.0000,0.0000,0.0000,0.035616,0.007988,0.000851,0.001429,0.001946,0.000000,0.000000,-0.068448,0.042907,0.030139,-0.003491,0.077888,0.097871,-0.002214,0.000000,0.091447,0.087136,0.000000,0.003491,-1.292720,0.020944,-0.034771,0.000000,-1.111549,0.003491,0.053970,-0.001745,-1.273381,0.013963
1771203848.145,4770,1,1,0.0000,1.0000,0.0000,0.0000,0.0000,0.0000,0.0000,0.027562,0.009605,0.001096,0.001100,0.001340,0.000000,0.001745,-0.055569,0.053868,0.053580,-0.003491,0.061959,0.085996,-0.023909,0.000000,0.026939,0.046661,0.000000,0.005236,-1.095482,0.006981,-0.064649,-0.001745,-0.915399,0.000000,0.096065,-0.001745,-1.016858,0.006981
1771203848.248,4773,1,1,0.0000,0.9998,0.0002,0.0000,0.0000,0.0000,0.0000,0.018754,0.005953,0.002272,0.003092,0.007383,0.000000,0.000000,-0.069103,0.045617,0.026849,-0.001745,0.033109,0.062627,0.002822,0.000000,0.008641,0.045383,-0.001745,0.005236,-0.656598,0.000000,-0.027800,-0.005236,-0.617819,0.000000,0.062706,-0.003491,-0.772496,0.003491
1771203848.349,4776,1,1,0.0000,0.9998,0.0002,0.0000,0.0000,0.0000,0.0000,0.024523,0.003922,0.000419,0.003279,0.004234,0.000000,0.000000,-0.137970,0.039961,0.013213,-0.001745,0.049375,0.079849,0.005986,0.000000,0.021137,0.084754,-0.001745,0.003491,-0.188393,0.000000,0.040080,-0.001745,-0.277583,0.000000,-0.003428,0.000000,-0.491493,0.003491
1771203848.449,4779,1,1,0.0000,0.9998,0.0002,0.0000,0.0000,0.0000,0.0000,0.012710,0.007180,0.000315,0.005510,0.002218,0.000000,0.000000,-0.097537,0.040681,0.010628,-0.001745,-0.027014,0.026396,0.003335,0.000000,0.001564,0.069915,-0.003491,0.005236,0.011355,0.000000,0.066082,-0.001745,-0.116352,0.000000,-0.027685,0.000000,-0.241952,0.003491
1771203848.550,4782,1,1,0.0000,0.9999,0.0001,0.0000,0.0000,0.0000,0.0000,0.014738,0.009191,0.000520,0.003869,0.001924,0.000000,0.000000,-0.094797,0.040339,0.022614,-0.001745,-0.000805,0.054757,-0.010396,0.001745,-0.004553,0.057403,-0.003491,0.005236,-0.044828,0.000000,0.069505,-0.003491,0.033809,0.000000,-0.025872,0.001745,-0.027590,0.000000
1771203848.650,4785,1,1,0.0000,0.9999,0.0001,0.0000,0.0000,0.0000,0.0000,0.008880,0.007865,0.002107,0.004644,0.007252,0.000000,0.000000,-0.078959,0.040028,0.033323,-0.001745,-0.024528,0.033205,-0.017615,0.000000,-0.104325,-0.030046,-0.003491,0.005236,0.005885,0.000000,0.042580,-0.001745,0.021497,-0.001745,0.004544,0.000000,0.014641,0.000000
1771203848.751,4788,1,1,0.0000,0.9999,0.0001,0.0000,0.0000,0.0000,0.0000,0.006749,0.026885,0.001485,0.001147,0.001959,0.000000,0.000000,-0.101255,0.036982,0.044008,-0.003491,-0.119486,-0.081893,-0.019574,0.000000,-0.130222,-0.066723,-0.001745,0.003491,0.089312,0.000000,0.037190,-0.001745,0.096924,-0.003491,0.002952,0.000000,0.092752,0.000000
1771203848.851,4791,1,1,0.0000,0.9997,0.0003,0.0000,0.0000,0.0000,0.0000,0.008130,0.037036,0.002029,0.004016,0.001928,0.000000,0.001745,-0.135633,0.043991,0.050076,-0.003491,-0.059388,-0.066369,-0.020406,0.001745,-0.055796,-0.031625,-0.001745,0.003491,0.094777,0.000000,0.030168,-0.001745,0.166032,-0.001745,0.004738,0.000000,0.145221,0.000000
1771203848.951,4794,1,1,0.0000,0.9969,0.0031,0.0000,0.0000,0.0000,0.0000,0.013238,0.081513,0.002825,0.002164,0.002372,-0.001745,0.000000,-0.125751,0.040912,0.028830,-0.003491,-0.019620,-0.041513,0.000841,-0.001745,0.043374,0.044902,-0.001745,0.003491,0.130176,0.000000,0.040451,-0.001745,0.409061,-0.001745,-0.007290,0.001745,0.393232,0.000000
1771203849.051,4797,1,1,0.0003,0.9880,0.0111,0.0002,0.0001,0.0000,0.0003,0.016958,0.090958,0.000821,0.005473,0.009424,-0.001745,0.001745,-0.082092,0.033673,0.019044,-0.005236,0.023294,-0.009601,0.007135,0.000000,0.052863,0.065741,-0.001745,0.005236,0.085676,0.000000,-0.007808,-0.003491,0.367962,-0.001745,0.040969,0.000000,0.591648,0.000000
1771203849.152,4800,1,1,0.0001,0.9499,0.0496,0.0002,0.0001,0.0000,0.0002,0.015532,0.090655,0.001787,0.006073,0.006135,-0.001745,0.001745,-0.066784,0.011615,0.004643,-0.005236,-0.089154,-0.037957,0.014555,0.000000,0.066011,0.087820,-0.001745,0.005236,0.079847,0.000000,-0.074226,-0.001745,0.275448,-0.001745,0.103896,0.000000,0.623434,0.000000
1771203849.253,4803,1,1,0.0000,0.8992,0.1007,0.0000,0.0000,0.0000,0.0000,0.010928,0.079593,0.001521,0.002434,0.005870,-0.001745,0.001745,-0.098391,0.006166,0.020946,-0.005236,-0.050192,-0.013268,-0.006984,0.000000,0.031618,0.070664,0.000000,0.005236,0.121651,0.000000,0.023894,-0.001745,0.401475,0.000000,-0.004695,0.000000,0.402861,0.000000
1771203849.354,4806,2,2,0.0000,0.2568,0.7432,0.0000,0.0000,0.0000,0.0000,0.012976,0.150937,0.001434,0.002413,0.004292,-0.001745,0.001745,-0.095053,0.018897,0.020183,-0.005236,-0.036745,-0.002647,-0.000985,0.000000,0.040083,0.074808,0.000000,0.003491,0.883416,0.000000,0.135025,0.000000,0.541155,-0.001745,-0.121063,0.001745,0.246407,0.000000
1771203849.455,4809,2,2,0.0000,0.1847,0.8153,0.0000,0.0000,0.0000,0.0000,0.007108,0.098549,0.000219,0.001499,0.004392,-0.003491,0.001745,-0.094411,0.019612,0.028791,-0.005236,-0.018186,0.007888,-0.007847,0.000000,-0.030147,0.027254,0.001745,0.000000,0.770998,0.006981,0.017828,0.000000,0.299569,-0.001745,-0.002120,0.000000,0.085470,0.000000
1771203849.555,4812,2,2,0.0000,0.1308,0.8692,0.0000,0.0000,0.0000,0.0000,0.006640,0.108094,0.000227,0.000942,0.001360,-0.003491,0.001745,-0.089032,0.023454,0.040066,-0.005236,0.000869,0.013542,-0.012141,0.000000,-0.050148,-0.000907,0.000000,0.003491,0.661610,0.005236,-0.020231,-0.001745,0.449517,-0.001745,0.037684,0.000000,0.139585,0.000000
1771203849.655,4815,2,2,0.0000,0.1333,0.8667,0.0000,0.0000,0.0000,0.0000,0.007569,0.115433,0.001022,0.002688,0.003373,-0.001745,0.003491,-0.086187,0.050497,0.036843,-0.005236,-0.135235,-0.085125,-0.003682,0.000000,-0.206894,-0.145088,0.001745,0.001745,0.556066,0.008727,-0.074092,0.000000,0.536859,0.006981,0.091545,0.000000,0.181524,0.000000
1771203849.756,4818,2,2,0.0000,0.1855,0.8145,0.0000,0.0000,0.0000,0.0000,0.007964,0.138785,0.000572,0.001642,0.000411,-0.003491,0.001745,-0.105243,0.060656,0.024133,-0.005236,-0.095143,-0.070855,0.009028,0.000000,-0.148282,-0.110139,0.001745,-0.005236,0.571816,0.010472,-0.188946,-0.005236,0.558367,0.012217,0.204654,0.000000,0.306153,0.000000
1771203849.856,4821,2,2,0.0000,0.4363,0.5636,0.0000,0.0000,0.0000,0.0000,0.010692,0.172993,0.000467,0.005952,0.005889,-0.003491,0.001745,-0.075182,0.039562,0.031646,-0.005236,0.034559,0.020792,-0.003721,0.000000,-0.011073,-0.020981,0.001745,-0.010472,0.555414,0.012217,-0.369059,-0.008727,0.590548,0.012217,0.384767,-0.005236,0.519004,0.000000
1771203849.957,4824,1,1,0.0001,0.5580,0.4418,0.0000,0.0001,0.0000,0.0000,0.054847,0.171209,0.000988,0.002847,0.000337,-0.001745,0.000000,-0.057352,0.022803,0.022837,-0.005236,0.138061,0.119151,0.005088,0.000000,0.190762,0.159457,0.001745,-0.010472,0.542481,0.012217,-0.374741,-0.008727,0.523600,0.012217,0.381723,-0.003491,0.580525,0.000000
1771203850.060,4827,1,1,0.0001,0.6702,0.3292,0.0000,0.0004,0.0001,0.0000,0.021384,0.138009,0.000407,0.003199,0.002719,-0.003491,0.001745,-0.034065,0.018038,0.025446,-0.005236,0.010153,0.038075,0.000734,0.000000,0.077425,0.084992,0.001745,-0.008727,0.560894,0.043633,-0.269759,-0.010472,0.268039,0.020944,0.281976,-0.003491,0.473635,0.005236
1771203850.159,4830,1,1,0.0002,0.7359,0.2629,0.0001,0.0007,0.0001,0.0000,0.005588,0.110730,0.000410,0.002836,0.002862,-0.003491,0.001745,-0.021639,0.013168,0.020867,-0.005236,-0.056068,-0.011764,0.003567,0.000000,-0.017224,0.027703,0.001745,0.001745,0.590855,0.075049,-0.144319,-0.006981,0.116363,0.036652,0.167009,0.003491,0.330621,0.005236
1771203850.259,4833,1,1,0.0001,0.6932,0.3061,0.0002,0.0004,0.0001,0.0000,0.003625,0.092760,0.001550,0.005067,0.002045,-0.001745,0.001745,-0.044536,0.017320,0.020586,-0.005236,-0.077812,-0.040333,0.003849,0.000000,-0.095991,-0.067054,0.000000,0.005236,0.627880,0.087266,-0.085710,0.005236,0.027788,0.043633,0.111889,0.000000,0.198956,0.005236
1771203850.359,4836,2,2,0.0000,0.2342,0.7657,0.0000,0.0001,0.0000,0.0000,0.004335,0.085975,0.001288,0.002966,0.004395,-0.003491,0.001745,-0.014081,0.020638,-0.008688,-0.005236,-0.185662,-0.122938,0.029632,0.000000,-0.141393,-0.099992,-0.001745,0.006981,0.654990,0.087266,-0.008198,0.008727,0.074253,0.043633,0.036124,-0.001745,0.114485,0.005236
1771203850.459,4839,2,2,0.0000,0.0721,0.9279,0.0000,0.0000,0.0000,0.0000,0.003853,0.091006,0.000313,0.001500,0.000729,-0.006981,0.001745,-0.019999,0.020225,-0.003322,-0.005236,-0.089546,-0.060345,0.024266,0.000000,-0.064548,-0.045210,-0.001745,0.006981,0.640677,0.089012,-0.033085,0.006981,0.090973,0.043633,0.055774,-0.001745,0.152807,0.005236
1771203850.560,4842,2,2,0.0000,0.0281,0.9719,0.0000,0.0000,0.0000,0.0000,0.020951,0.094146,0.000627,0.000424,0.004598,-0.003491,0.003491,-0.023545,0.021786,0.009604,-0.005236,0.085075,0.061546,0.009595,0.000000,0.039334,0.020976,-0.001745,0.006981,0.618309,0.099484,-0.040011,0.008727,0.111173,0.043633,0.055719,0.000000,0.178739,0.006981
1771203850.660,4845,2,2,0.0000,0.0064,0.9936,0.0000,0.0000,0.0000,0.0000,0.023364,0.097504,0.001475,0.000962,0.002187,-0.006981,0.003491,-0.030467,0.030560,0.019815,-0.005236,0.076832,0.069206,-0.004107,0.000000,0.032941,0.047525,-0.001745,0.006981,0.591910,0.099484,-0.092044,0.010472,0.103563,0.043633,0.102516,0.000000,0.204508,0.006981
1771203850.760,4848,2,2,0.0000,0.0128,0.9871,0.0000,0.0000,0.0000,0.0001,0.017302,0.080531,0.000229,0.000705,0.002463,-0.006981,0.003491,-0.033919,0.033908,0.023263,-0.005236,0.030553,0.044594,-0.004064,0.000000,0.017958,0.053856,-0.003491,0.006981,0.490828,0.099484,-0.089804,0.008727,0.018592,0.043633,0.098531,0.000000,0.192619,0.006981
1771203850.860,4851,2,2,0.0000,0.0158,0.9840,0.0000,0.0000,0.0000,0.0001,0.011953,0.071558,0.000392,0.000179,0.000417,-0.003491,0.003491,-0.034122,0.032082,0.024011,-0.005236,0.007167,0.032959,-0.001322,0.000000,-0.003970,0.043726,-0.005236,0.005236,0.442597,0.097738,-0.065443,0.005236,-0.028106,0.043633,0.070679,-0.003491,0.186598,0.006981
1771203850.961,4854,2,2,0.0000,0.0110,0.9889,0.0000,0.0000,0.0000,0.0001,0.014359,0.063487,0.000674,0.000819,0.001433,-0.003491,0.001745,-0.016135,0.032751,0.018970,-0.003491,0.007309,0.035148,0.003719,0.000000,0.017354,0.055306,-0.006981,0.005236,0.363364,0.099484,-0.013912,0.005236,0.008956,0.043633,0.019148,-0.003491,0.209805,0.006981
1771203851.061,4857,2,2,0.0000,0.0204,0.9795,0.0000,0.0000,0.0000,0.0001,0.011383,0.047625,0.000465,0.003076,0.006280,-0.006981,0.001745,0.017572,0.015386,0.009444,-0.005236,-0.020342,0.031554,0.008010,0.000000,0.004322,0.048557,-0.006981,0.005236,0.153642,0.097738,0.170464,0.003491,0.090311,0.043633,-0.165228,-0.006981,-0.139629,0.006981
1771203851.161,4860,2,2,0.0000,0.0491,0.9507,0.0000,0.0000,0.0000,0.0001,0.013047,0.037547,0.000215,0.000523,0.001154,-0.006981,0.003491,0.065890,0.019535,0.018472,-0.005236,-0.036426,0.012290,-0.004510,0.000000,-0.003484,0.036882,-0.006981,0.005236,-0.149568,0.097738,0.215342,0.003491,0.078148,0.043633,-0.210106,-0.006981,-0.260991,0.006981
1771203851.261,4863,2,2,0.0000,0.0678,0.9320,0.0000,0.0000,0.0001,0.0001,0.008239,0.033069,0.000566,0.001577,0.000806,-0.006981,0.001745,0.028460,0.020131,0.029810,-0.005236,-0.102921,-0.035764,-0.007121,-0.001745,-0.024115,0.018724,-0.006981,0.006981,-0.262509,0.097738,0.236259,0.005236,-0.007533,0.043633,-0.231023,-0.006981,-0.289431,0.006981
1771203851.362,4866,2,2,0.0000,0.0575,0.9422,0.0000,0.0000,0.0001,0.0001,0.015236,0.034441,0.000759,0.006912,0.001852,-0.006981,0.001745,0.005915,0.018637,0.012652,-0.005236,0.026590,0.036505,0.008292,0.000000,0.018688,0.053805,-0.006981,0.006981,-0.187894,0.099484,0.250980,0.005236,-0.003044,0.043633,-0.245744,-0.008727,-0.269454,0.006981
1771203851.462,4869,2,2,0.0000,0.0710,0.9287,0.0000,0.0000,0.0001,0.0001,0.020574,0.031982,0.000638,0.007205,0.006469,-0.006981,0.001745,0.011941,0.020687,0.000744,-0.005236,0.064821,0.061640,0.014964,0.000000,0.008964,0.061382,-0.006981,0.006981,-0.031865,0.097738,0.221467,0.006981,-0.033024,0.043633,-0.216231,-0.008727,-0.261322,0.006981
1771203851.562,4872,2,1,0.0000,0.0626,0.9372,0.0000,0.0000,0.0000,0.0001,0.007966,0.033646,0.001769,0.007646,0.001867,-0.003491,0.003491,-0.021210,0.018154,0.003177,-0.005236,-0.010703,0.026091,0.005550,0.000000,-0.022234,0.039124,-0.006981,0.008727,-0.059557,0.097738,0.236196,0.008727,-0.006962,0.043633,-0.229215,-0.008727,-0.246231,0.008727
1771203851.662,4875,2,2,0.0000,0.1784,0.8215,0.0000,0.0000,0.0000,0.0000,0.005946,0.021972,0.003247,0.009375,0.010894,-0.006981,0.001745,-0.018400,0.002503,0.007212,-0.005236,-0.045289,-0.003525,-0.000231,0.000000,0.011167,0.048725,-0.001745,0.005236,0.020778,0.066323,0.096389,0.001745,0.026073,0.041888,-0.089408,0.000000,-0.149318,0.005236
1771203851.763,4878,1,1,0.0000,0.7729,0.2271,0.0000,0.0000,0.0000,0.0000,0.007165,0.015910,0.001573,0.012782,0.009563,-0.006981,0.001745,-0.027298,-0.022810,0.023515,-0.005236,-0.027915,0.000611,-0.009553,0.000000,0.009288,0.050817,-0.003491,0.003491,0.034801,0.047124,0.022475,-0.005236,0.032418,0.045379,-0.013748,0.000000,-0.105521,0.005236
1771203851.863,4881,1,1,0.0000,0.9874,0.0126,0.0000,0.0000,0.0000,0.0000,0.003501,0.027280,0.002977,0.003584,0.012717,-0.006981,0.001745,-0.035341,-0.028969,0.022215,-0.005236,-0.031034,-0.010983,-0.004762,0.000000,-0.030462,0.018053,-0.001745,0.000000,0.175206,0.031416,0.052672,-0.006981,-0.076770,0.059341,-0.040454,-0.017453,-0.073334,0.008727
1771203851.964,4884,1,1,0.0000,0.9974,0.0026,0.0000,0.0000,0.0000,0.0000,0.004020,0.027487,0.002457,0.004407,0.005909,-0.006981,0.003491,0.009377,-0.011643,0.035372,-0.005236,-0.068378,-0.010799,-0.010937,0.000000,-0.096590,-0.018708,0.000000,0.003491,0.151899,0.017453,0.028948,-0.012217,-0.009763,0.059341,-0.002768,-0.075049,0.030318,0.038397
1771203852.063,4887,1,1,0.0000,0.9985,0.0015,0.0000,0.0000,0.0000,0.0000,0.004761,0.041524,0.000738,0.004016,0.004150,-0.003491,0.001745,-0.031073,-0.004070,-0.030957,-0.003491,-0.107566,-0.036859,0.055392,0.000000,-0.065740,-0.021048,0.000000,0.005236,0.045386,0.008727,0.023034,-0.026180,0.115353,0.059341,0.008381,-0.129154,0.168253,0.064577
1771203852.164,4890,1,1,0.0000,0.9986,0.0014,0.0000,0.0000,0.0000,0.0000,0.005363,0.054474,0.001239,0.005697,0.001982,-0.003491,0.001745,-0.048279,0.015931,-0.016958,-0.005236,-0.062102,-0.025871,0.044883,0.000000,-0.025505,0.001796,0.000000,0.003491,-0.047291,0.003491,0.040865,-0.050615,0.279109,0.055851,-0.004213,-0.162316,0.199328,0.071558
1771203852.264,4893,1,1,0.0000,0.9887,0.0113,0.0000,0.0000,0.0000,0.0000,0.004188,0.056720,0.002091,0.006190,0.004064,-0.003491,0.001745,-0.053931,0.013255,0.003342,-0.005236,-0.034154,-0.007776,0.024583,0.000000,-0.011608,0.007325,0.000000,0.001745,-0.036372,0.003491,0.015592,-0.059341,0.347819,0.057596,0.026296,-0.164061,0.158283,0.069813
1771203852.369,4896,1,1,0.0000,0.9771,0.0229,0.0000,0.0000,0.0000,0.0000,0.003179,0.051153,0.002277,0.005165,0.004403,-0.006981,0.001745,-0.009449,0.010181,0.011551,-0.005236,-0.033235,-0.004173,0.007647,0.000000,-0.001181,0.007024,0.000000,0.003491,-0.089913,0.003491,0.010220,-0.064577,0.312173,0.057596,0.026432,-0.146608,0.134107,0.066323
1771203852.466,4899,1,1,0.0000,0.9930,0.0070,0.0000,0.0000,0.0000,0.0000,0.013002,0.033284,0.003100,0.006520,0.003778,-0.006981,0.003491,-0.046246,0.007291,0.010479,-0.005236,-0.017135,-0.000199,0.005229,0.000000,0.081078,0.048454,0.000000,0.003491,-0.091209,0.003491,0.025859,-0.062832,0.175348,0.057596,0.003811,-0.102974,0.075707,0.054105
1771203852.568,4902,1,1,0.0000,0.9982,0.0018,0.0000,0.0000,0.0000,0.0000,0.015284,0.024831,0.000768,0.002727,0.003317,-0.006981,0.001745,-0.043867,0.005956,0.004551,-0.005236,0.049878,0.033908,0.007667,0.001745,0.030210,0.047742,0.000000,0.000000,-0.097395,0.001745,0.008482,-0.054105,0.137632,0.050615,0.007226,-0.061087,0.048640,0.043633
1771203852.667,4905,1,1,0.0000,0.9999,0.0001,0.0000,0.0000,0.0000,0.0000,0.020008,0.020147,0.000889,0.001979,0.001651,-0.006981,0.001745,-0.032760,0.001061,0.021785,-0.005236,0.083940,0.086111,-0.011313,0.000000,0.002295,0.043162,0.000000,0.003491,-0.049960,0.001745,0.009340,-0.040143,0.129247,0.036652,-0.000613,-0.036652,0.024635,0.036652
1771203852.767,4908,1,1,0.0000,0.9999,0.0001,0.0000,0.0000,0.0000,0.0000,0.062107,0.022534,0.002136,0.003490,0.001228,-0.006981,0.001745,0.021043,0.002292,0.013264,-0.005236,0.184088,0.207974,0.005934,0.000000,0.130700,0.178241,0.000000,0.001745,0.023302,0.000000,0.033103,-0.027925,0.152917,0.024435,-0.026122,-0.019199,-0.002911,0.034907
1771203852.867,4911,1,1,0.0000,0.9990,0.0010,0.0000,0.0000,0.0000,0.0000,0.031046,0.021520,0.001905,0.002402,0.001792,-0.006981,0.003491,-0.015725,0.012306,0.014651,-0.003491,0.074369,0.111093,0.002803,0.000000,0.053515,0.100326,0.000000,0.003491,0.047582,0.000000,0.033115,-0.015708,0.130415,0.012217,-0.020897,-0.006981,-0.001425,0.031416
1771203852.968,4914,1,1,0.0000,0.9977,0.0023,0.0000,0.0000,0.0000,0.0000,0.015271,0.017139,0.000402,0.002686,0.002235,-0.003491,0.001745,-0.040335,0.052893,0.054769,-0.005236,-0.023823,0.038339,-0.037316,0.000000,-0.070758,0.035506,-0.001745,0.003491,0.022704,0.000000,0.040137,-0.005236,0.104428,0.005236,-0.019193,-0.003491,-0.019998,0.029671
1771203853.073,4917,1,1,0.0000,0.9988,0.0012,0.0000,0.0000,0.0000,0.0000,0.011174,0.010517,0.000174,0.002520,0.002946,-0.006981,0.001745,-0.037563,0.051265,0.081072,-0.005236,-0.118775,-0.054601,-0.065364,-0.001745,-0.127568,-0.058568,0.000000,0.005236,-0.125941,0.000000,0.030691,-0.001745,0.057112,0.003491,-0.001020,-0.001745,-0.049282,0.029671
1771203853.174,4920,1,1,0.0000,0.9997,0.0003,0.0000,0.0000,0.0000,0.0000,0.008294,0.016077,0.000396,0.003829,0.007698,-0.006981,0.003491,-0.042286,0.038277,0.057755,-0.005236,-0.073121,-0.029644,-0.038556,-0.001745,-0.057009,-0.016034,0.000000,0.005236,-0.452605,0.000000,-0.140567,0.000000,-0.435573,0.001745,0.159766,0.000000,-0.201458,0.026180
1771203853.275,4923,1,1,0.0000,0.9999,0.0000,0.0000,0.0000,0.0000,0.0000,0.007374,0.009517,0.000541,0.003388,0.003912,-0.003491,0.003491,-0.068678,0.032609,0.052391,-0.005236,-0.050241,-0.028619,-0.029701,-0.001745,-0.039653,-0.016271,0.000000,0.005236,-0.361636,0.000000,-0.067079,-0.001745,-1.106473,0.001745,0.084532,0.000000,-1.096603,0.022689
1771203853.378,4926,1,1,0.0000,0.9999,0.0000,0.0000,0.0000,0.0000,0.0000,0.006056,0.007993,0.000139,0.001056,0.003171,-0.003491,0.001745,-0.060453,0.031579,0.039347,-0.005236,-0.034781,-0.005902,-0.011422,-0.001745,-0.017166,-0.001360,0.000000,0.003491,-0.289042,-0.001745,-0.055774,-0.001745,-0.860224,0.001745,0.073227,0.000000,-0.965922,0.017453
1771203853.478,4929,1,1,0.0000,0.9999,0.0000,0.0000,0.0000,0.0000,0.0000,0.004919,0.003900,0.000096,0.000502,0.001102,-0.006981,0.001745,-0.059827,0.025865,0.021233,-0.005236,-0.052926,-0.023457,0.010183,-0.001745,-0.016441,-0.020582,-0.001745,0.003491,-0.155941,-0.001745,-0.011891,-0.003491,-0.540046,0.000000,0.034580,0.000000,-0.659814,0.008727
1771203853.579,4932,1,1,0.0000,1.0000,0.0000,0.0000,0.0000,0.0000,0.0000,0.002400,0.002182,0.001063,0.005556,0.007458,-0.003491,0.001745,-0.050540,0.002620,0.013352,-0.005236,-0.062339,-0.030710,0.011083,-0.001745,-0.041579,-0.054352,0.000000,0.005236,-0.073449,-0.001745,0.011441,-0.001745,-0.286992,0.000000,0.006012,0.000000,-0.296067,0.003491
1771203853.679,4935,1,1,0.0000,1.0000,0.0000,0.0000,0.0000,0.0000,0.0000,0.001891,0.025243,0.000199,0.005003,0.003040,-0.003491,0.003491,-0.048617,-0.013210,0.017022,-0.005236,-0.073938,-0.030515,0.002177,-0.003491,-0.035535,-0.040411,-0.001745,0.003491,0.146855,-0.001745,0.017108,-0.003491,0.030168,0.000000,-0.006636,0.000000,0.101807,0.003491
1771203853.779,4938,1,1,0.0000,0.9999,0.0001,0.0000,0.0000,0.0000,0.0000,0.004917,0.048622,0.000403,0.006775,0.004391,-0.003491,0.003491,-0.055840,-0.017337,0.025340,-0.005236,0.004226,0.025950,-0.004396,0.000000,-0.016302,-0.021438,0.000000,0.005236,0.153118,-0.001745,0.064585,-0.001745,0.161191,0.000000,-0.045386,0.000000,0.195839,0.003491
1771203853.879,4941,1,1,0.0000,0.9997,0.0003,0.0000,0.0000,0.0000,0.0000,0.023921,0.047597,0.001420,0.003423,0.004352,-0.003491,0.003491,-0.080302,-0.014748,0.024680,-0.005236,0.085119,0.091639,0.003245,0.000000,0.044085,0.034791,0.000000,0.003491,0.186556,-0.001745,0.062740,-0.003491,0.100189,-0.001745,-0.040051,0.000000,0.214692,0.003491
1771203853.980,4944,1,1,0.0000,0.9957,0.0043,0.0000,0.0000,0.0000,0.0000,0.018596,0.063880,0.002179,0.004883,0.005420,-0.003491,0.003491,-0.114105,-0.008107,0.005872,-0.005236,0.045025,0.070355,0.020308,0.000000,0.031453,0.046643,-0.001745,0.005236,0.280378,-0.001745,0.058715,-0.001745,0.222232,-0.001745,-0.032535,0.000000,0.196502,0.003491
1771203854.079,4947,1,1,0.0000,0.9874,0.0125,0.0000,0.0000,0.0000,0.0000,0.016334,0.045227,0.001317,0.003115,0.002006,-0.006981,0.003491,-0.063576,0.056296,0.009208,-0.005236,-0.021025,0.020037,0.004754,0.000000,0.036122,0.066103,0.010472,-0.038397,0.301187,-0.015708,0.033302,-0.001745,0.098866,0.000000,-0.005377,0.000000,0.095403,0.003491
1771203854.179,4950,1,1,0.0006,0.9944,0.0041,0.0006,0.0000,0.0000,0.0003,0.024070,0.026592,0.000505,0.002056,0.005923,-0.003491,0.003491,-0.009957,0.050496,0.017404,-0.005236,0.018366,0.052975,-0.003442,0.000000,0.059302,0.086804,0.012217,-0.129154,0.239412,-0.013963,0.062235,-0.001745,-0.034055,0.000000,-0.034310,0.001745,-0.051609,0.003491
1771203854.280,4953,1,1,0.0002,0.9989,0.0006,0.0003,0.0000,0.0000,0.0001,0.026380,0.003636,0.001132,0.002304,0.003750,-0.003491,0.001745,0.018194,0.027599,0.000238,-0.005236,0.035452,0.083338,0.010234,0.000000,0.053990,0.085769,0.012217,-0.158825,-0.020177,-0.019199,0.008513,-0.001745,-0.059194,0.000000,0.019412,0.000000,-0.004761,0.003491
1771203854.382,4956,1,1,0.0000,0.9998,0.0001,0.0001,0.0000,0.0000,0.0000,0.015617,0.004995,0.001689,0.002673,0.001472,-0.003491,0.003491,-0.004913,0.013049,-0.000843,-0.005236,-0.004097,0.054711,0.011315,-0.001745,0.028695,0.076141,0.003491,-0.228638,-0.166063,-0.057596,-0.033766,0.000000,-0.104890,0.000000,0.052964,0.000000,-0.001989,0.003491
1771203854.483,4959,1,1,0.0000,0.9999,0.0001,0.0001,0.0000,0.0000,0.0000,0.019668,0.004876,0.000708,0.003281,0.003736,-0.003491,0.006981,-0.002513,0.004059,-0.007451,-0.005236,-0.003181,0.044642,0.017923,0.000000,0.064125,0.098289,0.005236,-0.265290,-0.271863,-0.097738,-0.032329,0.000000,-0.115709,0.000000,0.048037,0.001745,-0.049641,0.003491
1771203854.586,4962,1,1,0.0000,0.9999,0.0000,0.0001,0.0000,0.0000,0.0000,0.022385,0.003971,0.000945,0.007430,0.005979,-0.003491,0.003491,0.019148,-0.005881,0.011348,-0.005236,0.039654,0.066188,-0.004367,0.000000,0.046157,0.082636,0.005236,-0.267035,-0.124788,-0.120428,0.038921,0.000000,-0.125934,0.000000,-0.030195,0.000000,-0.172143,0.003491
1771203854.688,4965,1,1,0.0000,0.9999,0.0000,0.0001,0.0000,0.0000,0.0000,0.021828,0.002553,0.000800,0.003413,0.008705,-0.006981,0.003491,0.020611,0.007766,0.041047,-0.005236,0.065620,0.081596,-0.025339,0.000000,-0.019057,0.041801,0.005236,-0.261799,-0.239335,-0.125664,0.020162,0.000000,-0.073302,0.000000,-0.009690,0.001745,-0.055990,0.003491
1771203854.786,4968,1,1,0.0000,0.9999,0.0000,0.0000,0.0000,0.0000,0.0000,0.002969,0.018778,0.000758,0.001839,0.002248,-0.003491,0.003491,-0.008223,0.003016,0.029121,-0.005236,-0.064960,-0.004723,-0.008177,0.000000,-0.078381,-0.001559,0.005236,-0.240855,-0.337941,-0.141372,-0.016158,0.000000,0.051113,0.000000,0.021394,0.001745,0.142360,0.003491
1771203854.888,4971,1,1,0.0000,0.9999,0.0000,0.0000,0.0000,0.0000,0.0000,0.002473,0.011564,0.000682,0.001207,0.000387,-0.003491,0.003491,-0.095492,-0.000445,0.017366,-0.005236,-0.103092,-0.064620,0.008813,0.000000,-0.172629,-0.092682,0.006981,-0.225147,-0.364785,-0.157080,-0.043656,0.000000,0.015956,0.000000,0.045401,0.001745,0.065188,0.003491
1771203854.998,4974,1,1,0.0000,0.9999,0.0000,0.0000,0.0000,0.0000,0.0000,0.001891,0.015116,0.000642,0.004140,0.001213,-0.003491,0.003491,-0.095616,-0.015948,0.001275,-0.003491,-0.112356,-0.079114,0.017924,0.000000,-0.098132,-0.067109,0.006981,-0.188496,-0.381440,-0.153589,-0.047127,-0.001745,0.032517,0.000000,0.050617,0.001745,0.086046,0.003491
1771203855.095,4977,1,1,0.0000,0.9999,0.0001,0.0000,0.0000,0.0000,0.0000,0.002925,0.018553,0.001477,0.003166,0.000997,-0.003491,0.003491,-0.090169,-0.036399,-0.005473,-0.005236,-0.043384,-0.029056,0.021180,0.000000,0.010428,-0.019829,0.006981,-0.150098,-0.369606,-0.151844,-0.019949,0.000000,0.090375,-0.001745,0.021694,0.001745,0.098348,0.003491
1771203855.199,4980,1,1,0.0014,0.9980,0.0001,0.0002,0.0000,0.0000,0.0003,0.026976,0.009090,0.003429,0.003828,0.000550,-0.003491,0.003491,-0.070512,-0.027701,0.025981,-0.005236,0.107798,0.065624,-0.010273,0.000000,0.073993,0.046826,0.006981,-0.122173,-0.337674,-0.151844,-0.001435,0.000000,0.050224,0.000000,0.001435,0.003491,0.043453,0.003491
1771203855.299,4983,1,1,0.0000,0.9998,0.0001,0.0000,0.0000,0.0000,0.0000,0.009758,0.008311,0.001145,0.002236,0.001083,-0.006981,0.006981,-0.051741,0.039593,0.025663,-0.005236,0.016431,0.023941,-0.004719,0.000000,-0.022950,0.004488,0.005236,-0.073304,-0.323208,-0.139626,-0.025988,0.000000,0.058730,0.000000,0.024243,0.001745,0.006281,0.003491
1771203855.399,4986,1,1,0.0000,0.9998,0.0001,0.0000,0.0000,0.0000,0.0000,0.007007,0.005026,0.000757,0.001661,0.000844,-0.006981,0.003491,-0.048542,0.037435,0.043152,-0.005236,-0.135394,-0.078472,-0.013482,0.000000,-0.110349,-0.069015,0.003491,-0.027925,-0.302495,-0.109956,-0.026125,0.000000,0.028948,0.000000,0.024380,0.001745,-0.017077,0.001745
1771203855.503,4989,1,1,0.0001,0.9999,0.0000,0.0000,0.0000,0.0000,0.0000,0.005019,0.002145,0.000836,0.003874,0.002385,-0.003491,0.003491,0.020053,-0.023271,0.036686,-0.005236,-0.098819,-0.070884,-0.003525,0.000000,-0.060415,-0.043037,0.000000,-0.008727,-0.252997,-0.066323,-0.011918,0.000000,0.010329,0.000000,0.011918,0.001745,-0.032655,0.001745
1771203855.601,4992,1,1,0.0000,0.9999,0.0000,0.0000,0.0000,0.0000,0.0000,0.007842,0.001583,0.000407,0.002440,0.002025,-0.003491,0.006981,0.047270,-0.035546,0.039856,-0.005236,-0.078570,-0.059698,-0.003204,0.000000,-0.046194,-0.038941,0.000000,0.000000,-0.148814,-0.043633,0.008963,0.000000,0.006544,0.000000,-0.007218,0.001745,-0.034234,0.001745
1771203855.703,4995,1,1,0.0041,0.9953,0.0001,0.0002,0.0000,0.0000,0.0003,0.003968,0.000964,0.000746,0.001523,0.000634,-0.006981,0.006981,0.003985,-0.030966,0.036178,-0.005236,-0.110536,-0.085344,0.000474,0.000000,-0.045745,-0.045937,0.000000,0.000000,-0.084047,-0.027925,-0.009817,0.000000,-0.017527,0.000000,0.008072,0.001745,-0.091508,0.001745
1771203855.804,4998,1,1,0.0025,0.9969,0.0001,0.0002,0.0000,0.0000,0.0003,0.004953,0.002892,0.001882,0.003612,0.002332,-0.003491,0.008727,-0.009707,-0.022779,0.050710,-0.005236,-0.141574,-0.089618,-0.014059,0.000000,-0.143824,-0.109577,0.000000,0.000000,-0.080123,-0.013963,-0.029470,-0.001745,-0.061899,0.000000,0.031215,0.001745,-0.110905,0.001745
1771203855.904,5001,1,1,0.0020,0.9975,0.0001,0.0002,0.0000,0.0000,0.0002,0.007393,0.003791,0.000946,0.003551,0.002738,-0.006981,0.006981,0.024211,-0.012707,0.057526,-0.005236,-0.121054,-0.076548,-0.013893,0.000000,-0.101301,-0.079384,0.000000,0.000000,-0.056432,-0.005236,-0.035025,-0.001745,-0.038728,0.000000,0.042006,0.001745,-0.054482,0.001745
1771203856.003,5004,1,1,0.0016,0.9980,0.0001,0.0001,0.0000,0.0000,0.0002,0.005009,0.009820,0.000694,0.004623,0.002275,-0.003491,0.003491,-0.037732,-0.014017,0.056617,-0.005236,-0.069744,-0.038516,-0.009493,0.000000,-0.065374,-0.052649,0.000000,0.001745,0.087721,-0.001745,0.026626,-0.001745,-0.043611,0.000000,-0.019645,0.000000,-0.012519,0.001745
1771203856.103,5007,1,1,0.0010,0.9987,0.0001,0.0001,0.0000,0.0000,0.0002,0.007581,0.013850,0.001678,0.005614,0.001635,-0.003491,0.006981,-0.071829,-0.022997,0.083991,-0.005236,-0.084753,-0.046749,-0.035122,0.000000,-0.049347,-0.045000,0.000000,0.000000,0.084472,-0.001745,0.023047,-0.001745,-0.003311,0.000000,-0.009084,0.000000,0.056935,0.001745
1771203856.203,5010,1,1,0.0005,0.9992,0.0001,0.0001,0.0000,0.0000,0.0001,0.005505,0.025394,0.001415,0.006332,0.008351,-0.006981,0.003491,-0.095554,-0.044253,0.062573,-0.005236,-0.066891,-0.034249,-0.011958,0.000000,-0.009490,-0.006142,0.000000,0.001745,0.188920,-0.001745,0.112321,-0.001745,-0.060591,0.000000,-0.093123,0.000000,-0.144656,0.001745
1771203856.309,5013,1,1,0.0008,0.9989,0.0001,0.0000,0.0000,0.0000,0.0001,0.004893,0.014733,0.000522,0.005352,0.001557,-0.006981,0.003491,-0.074321,-0.048659,0.054158,-0.005236,-0.040169,-0.010747,-0.007034,0.000000,-0.002111,0.001067,0.000000,0.001745,0.083308,-0.001745,0.089997,0.000000,-0.103152,0.000000,-0.074289,0.000000,-0.178996,0.001745
1771203856.408,5016,1,1,0.0014,0.9983,0.0001,0.0001,0.0000,0.0000,0.0001,0.008781,0.006632,0.000383,0.002883,0.002200,-0.006981,0.003491,-0.024903,-0.038991,0.055423,-0.005236,-0.013165,-0.001710,-0.004809,0.000000,0.032758,0.013695,0.000000,0.003491,0.039926,-0.001745,0.034425,-0.001745,-0.041507,0.000000,-0.018717,0.000000,-0.062897,0.001745
1771203856.506,5019,1,1,0.0014,0.9982,0.0001,0.0001,0.0000,0.0000,0.0001,0.004719,0.015617,0.001394,0.001153,0.004722,-0.003491,0.003491,-0.032708,-0.030193,0.049856,-0.005236,-0.018055,-0.000151,-0.000987,0.000000,-0.003712,0.003283,0.001745,-0.006981,0.024426,0.005236,-0.001615,-0.003491,0.075988,0.000000,0.017323,-0.001745,0.060941,0.001745
1771203856.606,5022,1,1,0.0013,0.9983,0.0001,0.0001,0.0000,0.0000,0.0002,0.004712,0.012604,0.000898,0.002881,0.001925,-0.003491,0.003491,-0.051782,-0.000217,0.042778,-0.005236,-0.029984,0.004182,0.006091,-0.001745,-0.032969,-0.009365,0.000000,0.001745,0.012004,0.000000,0.061157,-0.001745,0.048146,0.000000,-0.048940,0.001745,0.024705,0.001745
1771203856.709,5025,1,1,0.0017,0.9979,0.0001,0.0001,0.0000,0.0000,0.0002,0.004961,0.008202,0.000985,0.002702,0.003238,-0.006981,0.006981,-0.051972,-0.004167,0.038233,-0.003491,-0.032884,0.008920,0.005401,0.000000,-0.067522,-0.029007,0.000000,0.001745,-0.259117,0.001745,0.055825,-0.001745,0.037359,0.000000,-0.033136,0.000000,-0.037517,0.001745
1771203856.809,5028,1,1,0.0015,0.9981,0.0002,0.0001,0.0000,0.0000,0.0001,0.006078,0.027787,0.000613,0.000715,0.003775,-0.006981,0.006981,-0.050376,0.004910,0.036853,-0.005236,-0.020421,0.020908,0.003290,0.000000,-0.042145,-0.013620,0.000000,0.003491,0.196157,0.000000,0.003482,-0.001745,0.082102,0.000000,0.019208,0.000000,0.027255,0.001745
1771203856.910,5031,1,1,0.0002,0.9975,0.0022,0.0001,0.0000,0.0000,0.0001,0.005904,0.157949,0.001054,0.004509,0.008135,-0.003491,0.003491,-0.047708,-0.007797,0.034254,-0.005236,-0.004224,0.021803,0.002398,0.000000,-0.010492,0.008900,0.000000,0.005236,0.940114,0.001745,0.067417,-0.001745,0.470480,0.000000,-0.048219,0.000000,0.408646,0.001745
1771203857.010,5034,1,1,0.0003,0.9921,0.0073,0.0001,0.0000,0.0000,0.0001,0.008965,0.075433,0.000183,0.002889,0.007745,-0.003491,0.003491,-0.038513,-0.017392,0.027920,-0.005236,0.009566,0.022082,0.008732,0.000000,0.014826,0.020966,0.000000,0.005236,0.681329,0.000000,-0.074455,-0.001745,-0.287518,0.000000,0.093654,0.000000,0.123231,0.001745
1771203857.111,5037,1,1,0.0001,0.9483,0.0513,0.0000,0.0001,0.0000,0.0001,0.006869,0.136126,0.000408,0.003618,0.005131,-0.006981,0.008727,-0.062061,0.003283,0.021629,-0.005236,-0.002037,0.010699,0.011533,0.000000,-0.000478,0.026554,0.000000,0.005236,0.499280,0.001745,0.002888,-0.001745,0.701883,0.003491,0.012820,0.000000,0.404423,0.001745
1771203857.214,5040,1,1,0.0000,0.8830,0.1169,0.0000,0.0000,0.0000,0.0000,0.009262,0.069277,0.000431,0.001407,0.001151,-0.006981,0.006981,-0.072774,0.006138,0.012598,-0.005236,0.010649,0.027568,0.013582,0.000000,-0.009244,0.033622,0.001745,0.005236,0.319983,0.003491,-0.313857,-0.003491,-1.012380,-0.001745,0.324328,-0.003491,0.174796,0.001745
1771203857.317,5043,1,1,0.0000,0.9786,0.0214,0.0000,0.0000,0.0000,0.0000,0.035826,0.039337,0.000885,0.001762,0.002977,-0.006981,0.006981,-0.068282,0.005188,-0.013719,-0.005236,0.144334,0.140205,0.036408,0.000000,0.025849,0.070944,0.000000,0.006981,0.179260,0.001745,-0.109564,-0.001745,-0.581469,0.000000,0.123526,-0.001745,0.158784,0.001745
1771203857.416,5046,1,1,0.0000,0.9973,0.0027,0.0000,0.0000,0.0000,0.0000,0.031722,0.052146,0.001139,0.002357,0.009216,-0.006981,0.006981,-0.058836,0.002519,-0.000604,-0.005236,0.088221,0.094518,0.028530,-0.001745,0.060215,0.099678,0.000000,0.006981,0.132550,0.001745,0.048894,-0.003491,0.259167,0.000000,-0.033186,0.000000,0.174665,0.001745
1771203857.517,5049,1,1,0.0000,0.9965,0.0035,0.0000,0.0000,0.0000,0.0000,0.036627,0.019616,0.000153,0.001303,0.002965,-0.006981,0.003491,-0.061620,0.000701,-0.008142,-0.005236,0.081311,0.092895,0.036067,-0.001745,0.094005,0.131059,0.000000,0.006981,0.106803,0.001745,-0.010409,-0.001745,-0.091011,0.000000,0.029608,0.000000,0.088510,0.001745
1771203857.617,5052,1,1,0.0000,0.9941,0.0059,0.0000,0.0000,0.0000,0.0000,0.019609,0.020948,0.000307,0.001195,0.003148,-0.006981,0.006981,-0.073666,-0.000898,0.003554,-0.005236,0.034140,0.051401,0.026116,0.000000,0.034124,0.078988,0.000000,0.006981,0.104365,0.001745,0.008092,-0.003491,0.031110,0.000000,0.007616,-0.001745,0.087974,0.003491
1771203857.717,5055,1,1,0.0000,0.9882,0.0117,0.0000,0.0000,0.0000,0.0000,0.010400,0.029428,0.001510,0.005179,0.006949,-0.006981,0.003491,-0.078901,-0.008838,0.005455,-0.005236,0.004553,0.038026,0.015489,0.000000,0.002406,0.055377,0.000000,0.005236,0.107737,0.001745,0.003308,-0.001745,0.176041,0.000000,0.005419,-0.001745,0.051909,0.001745
1771203857.818,5058,1,1,0.0000,0.9890,0.0110,0.0000,0.0000,0.0000,0.0000,0.008423,0.025869,0.000379,0.004471,0.003951,-0.006981,0.003491,-0.096331,0.001925,0.008811,-0.005236,-0.013605,0.021140,0.006897,0.000000,0.004025,0.054787,0.000000,0.003491,0.068460,0.001745,0.007195,-0.003491,0.176575,0.000000,-0.001959,-0.001745,0.051213,0.001745
1771203857.918,5061,1,1,0.0000,0.9944,0.0056,0.0000,0.0000,0.0000,0.0000,0.010121,0.035356,0.001613,0.006180,0.005141,-0.006981,0.006981,-0.076651,0.002602,0.007159,-0.005236,0.008136,0.030058,0.005058,0.000000,0.006652,0.054803,0.000000,0.005236,0.053982,0.003491,0.055579,-0.001745,0.244241,0.000000,-0.046853,-0.001745,0.059992,0.001745
1771203858.018,5064,1,1,0.0000,0.9858,0.0142,0.0000,0.0000,0.0000,0.0000,0.007251,0.066294,0.002735,0.004255,0.001822,-0.006981,0.003491,-0.052207,-0.003455,-0.007882,-0.005236,-0.013244,0.025064,0.016608,0.000000,-0.019520,0.041845,0.000000,0.003491,0.070267,0.001745,0.175104,-0.001745,0.449580,0.000000,-0.168123,-0.001745,0.093600,0.001745
1771203858.119,5067,1,1,0.0000,0.9496,0.0504,0.0000,0.0000,0.0000,0.0000,0.001571,0.048416,0.005327,0.007620,0.001376,-0.003491,0.006981,-0.054876,-0.008330,-0.004894,-0.005236,-0.119939,-0.080805,0.011876,-0.001745,-0.080015,-0.019692,0.000000,0.006981,0.136356,0.003491,0.098192,0.000000,0.256550,0.000000,-0.094701,-0.003491,0.075925,0.003491
1771203858.219,5070,1,1,0.0000,0.9464,0.0536,0.0000,0.0000,0.0000,0.0000,0.011905,0.037580,0.004081,0.002905,0.001296,-0.003491,0.006981,-0.056545,-0.015116,0.017346,-0.005236,-0.081787,-0.048717,-0.008620,-0.001745,0.055588,0.062947,0.001745,0.006981,0.140592,0.005236,0.072942,0.000000,0.148056,0.000000,-0.071197,-0.003491,0.071917,0.003491
1771203858.319,5073,1,1,0.0000,0.9869,0.0131,0.0000,0.0000,0.0000,0.0000,0.005646,0.033285,0.002544,0.003166,0.001456,-0.006981,0.006981,-0.062064,-0.015871,0.043662,-0.005236,-0.070262,-0.061412,-0.024463,-0.001745,-0.003361,0.017110,-0.001745,0.005236,0.152778,0.006981,0.066855,-0.003491,0.096895,0.001745,-0.068600,0.000000,0.063694,0.005236
1771203858.420,5076,2,1,0.0000,0.0053,0.9947,0.0000,0.0000,0.0000,0.0000,0.004990,0.028784,0.002293,0.001251,0.001446,-0.006981,0.003491,-0.020625,-0.005794,0.056388,-0.005236,-0.155822,-0.133312,-0.028463,-0.001745,-0.138247,-0.087558,-0.001745,0.006981,0.169869,0.006981,0.053923,-0.005236,0.052943,0.003491,-0.062649,0.000000,0.045983,0.005236
1771203858.520,5079,2,2,0.0000,0.3130,0.6869,0.0000,0.0000,0.0000,0.0000,0.003054,0.019423,0.001079,0.005125,0.005242,-0.003491,0.003491,-0.040497,-0.005180,0.024486,-0.005236,-0.097321,-0.057029,0.008676,-0.001745,-0.082522,-0.038457,-0.001745,0.006981,0.103164,0.008727,-0.016233,-0.005236,0.047694,0.001745,0.005761,0.000000,0.053770,0.005236
1771203858.620,5082,1,2,0.0000,0.6667,0.3333,0.0000,0.0000,0.0000,0.0000,0.003643,0.024293,0.002239,0.003712,0.000884,-0.003491,0.006981,-0.056304,-0.005761,0.036740,-0.003491,-0.062186,-0.001704,-0.007070,-0.001745,-0.073012,-0.026652,0.000000,0.005236,0.092273,0.010472,-0.081420,-0.005236,0.019386,0.001745,0.069203,0.000000,0.087960,0.005236
1771203858.722,5085,2,2,0.0000,0.0554,0.9446,0.0000,0.0000,0.0000,0.0000,0.005752,0.030620,0.001553,0.002176,0.000968,-0.003491,0.003491,-0.070706,-0.005747,0.048036,-0.005236,-0.051913,0.017500,-0.011384,-0.001745,-0.051730,-0.002909,0.000000,0.005236,0.109082,0.010472,-0.074516,-0.006981,0.047600,0.003491,0.060553,0.000000,0.125765,0.005236
1771203858.823,5088,1,2,0.0000,0.9887,0.0112,0.0000,0.0000,0.0000,0.0000,0.006745,0.022488,0.001511,0.000796,0.001083,-0.003491,0.003491,-0.061879,0.010045,0.043364,-0.005236,-0.071438,-0.029872,-0.001476,-0.001745,-0.008285,0.024039,0.003491,0.001745,0.074545,0.010472,-0.037486,-0.006981,0.056744,0.001745,0.025269,0.000000,0.090613,0.005236
1771203858.927,5091,1,1,0.0000,0.9999,0.0001,0.0000,0.0000,0.0000,0.0000,0.006248,0.011623,0.002124,0.004639,0.003475,-0.003491,0.003491,-0.063040,0.010630,0.036338,-0.003491,-0.065037,-0.034302,0.003804,-0.001745,-0.017313,0.020710,0.003491,0.000000,-0.912447,0.003491,-0.135988,0.000000,-0.375963,0.001745,0.125516,0.000000,-0.238931,0.005236
1771203859.024,5094,1,1,0.0000,0.9999,0.0000,0.0000,0.0000,0.0000,0.0000,0.004018,0.005854,0.002485,0.008066,0.006922,-0.003491,0.001745,-0.080844,0.008075,0.029696,-0.003491,-0.070705,-0.039736,0.008701,-0.001745,-0.061619,-0.013999,0.003491,0.000000,-0.822681,0.003491,-0.061527,-0.001745,-0.392218,0.001745,0.058036,0.000000,-0.394838,0.003491
1771203859.125,5097,1,1,0.0000,1.0000,0.0000,0.0000,0.0000,0.0000,0.0000,0.002618,0.005753,0.001173,0.007179,0.003087,-0.003491,0.000000,-0.023197,-0.000428,0.029538,-0.005236,-0.044039,-0.030191,0.001878,-0.001745,-0.022131,-0.006171,0.003491,0.000000,-0.896019,0.003491,0.056815,-0.003491,-0.491153,0.001745,-0.056815,0.000000,-0.624660,0.003491
1771203859.226,5100,1,1,0.0000,1.0000,0.0000,0.0000,0.0000,0.0000,0.0000,0.015821,0.011003,0.002380,0.012164,0.007838,-0.003491,0.003491,-0.031250,-0.013196,0.009239,-0.005236,0.069965,0.028687,0.018686,-0.001745,0.052447,0.007336,0.000000,0.000000,-0.635097,0.001745,0.125054,-0.001745,-0.503497,0.000000,-0.123309,0.001745,-0.521643,0.003491
1771203859.326,5103,1,1,0.0000,1.0000,0.0000,0.0000,0.0000,0.0000,0.0000,0.030777,0.006827,0.002271,0.005822,0.004254,-0.006981,0.003491,0.026124,-0.014828,-0.007468,-0.005236,0.045972,0.038861,0.024921,0.000000,0.137361,0.092590,0.000000,0.001745,-0.253312,0.003491,0.073199,0.000000,-0.253121,0.000000,-0.062727,0.000000,-0.246739,0.003491
1771203859.431,5106,1,1,0.0000,1.0000,0.0000,0.0000,0.0000,0.0000,0.0000,0.048794,0.005495,0.002087,0.006712,0.007178,-0.003491,0.003491,0.033993,-0.044173,-0.034522,-0.005236,0.152236,0.122435,0.055466,0.000000,0.109348,0.108557,0.000000,0.001745,-0.119638,0.000000,0.062452,-0.001745,-0.152469,0.000000,-0.053725,0.000000,-0.052364,0.001745
1771203859.528,5109,1,1,0.0000,1.0000,0.0000,0.0000,0.0000,0.0000,0.0000,0.012429,0.006480,0.003006,0.004714,0.003139,-0.006981,0.003491,0.054073,-0.022339,0.007181,-0.005236,0.008705,0.042982,0.020745,0.001745,-0.056658,0.010229,0.000000,0.001745,-0.195041,-0.003491,0.076012,0.000000,-0.106030,0.000000,-0.065540,0.000000,-0.168922,0.000000
1771203859.631,5112,1,1,0.0000,1.0000,0.0000,0.0000,0.0000,0.0000,0.0000,0.005025,0.007216,0.004093,0.007667,0.005853,-0.003491,0.000000,0.013082,0.014877,0.014940,-0.005236,-0.068688,-0.022598,0.006004,0.000000,-0.015264,0.011397,0.000000,0.001745,-0.102919,-0.001745,0.083096,-0.001745,-0.089367,0.000000,-0.072624,0.001745,-0.167846,0.000000
1771203859.731,5115,1,1,0.0000,1.0000,0.0000,0.0000,0.0000,0.0000,0.0000,0.016007,0.004558,0.004234,0.011138,0.003305,-0.001745,0.000000,0.001039,0.027211,-0.023442,-0.005236,-0.077404,-0.046388,0.037405,-0.003491,0.052574,0.073852,0.000000,0.000000,-0.109195,-0.001745,0.054696,-0.001745,-0.055175,0.000000,-0.038988,0.000000,-0.086674,0.000000
1771203859.832,5118,1,1,0.0000,1.0000,0.0000,0.0000,0.0000,0.0000,0.0000,0.052078,0.007540,0.006348,0.015686,0.011243,0.000000,0.003491,0.189821,0.106195,-0.089333,-0.003491,-0.102023,-0.072172,0.108531,-0.003491,0.099185,0.117711,0.000000,0.001745,-0.004799,-0.001745,0.035810,-0.001745,0.052922,-0.001745,-0.013121,0.000000,-0.038092,0.000000
1771203859.932,5121,1,1,0.0000,0.9999,0.0000,0.0001,0.0000,0.0000,0.0000,0.028204,0.023731,0.006872,0.007010,0.003129,-0.001745,0.003491,0.214562,0.046771,-0.020031,-0.005236,-0.240124,-0.173732,0.042720,0.000000,-0.021393,0.030900,-0.001745,0.003491,0.061745,0.000000,0.068670,-0.001745,0.150867,0.000000,-0.035509,0.000000,-0.014795,0.000000
1771203860.031,5124,1,1,0.0000,0.9994,0.0000,0.0004,0.0000,0.0000,0.0002,0.041489,0.008974,0.006314,0.008123,0.001197,-0.001745,0.003491,0.466454,-0.032296,0.006639,-0.005236,-0.382049,-0.264831,0.017796,0.003491,-0.181113,-0.113707,-0.003491,0.003491,-0.043414,-0.001745,0.031816,-0.003491,0.065795,-0.003491,0.006581,-0.001745,-0.020099,0.000000
1771203860.136,5127,1,1,0.0000,0.9995,0.0000,0.0002,0.0000,0.0000,0.0003,0.019961,0.005451,0.005291,0.005011,0.002709,-0.003491,0.003491,0.208347,-0.038795,-0.008497,-0.005236,-0.276344,-0.185128,0.025950,0.001745,-0.226703,-0.159831,-0.003491,0.006981,-0.127403,-0.001745,0.023972,0.000000,0.023521,-0.003491,0.010934,0.000000,-0.038066,0.000000
1771203860.237,5130,1,1,0.0000,0.9998,0.0000,0.0001,0.0000,0.0000,0.0001,0.019029,0.002909,0.010200,0.001932,0.007117,-0.003491,0.003491,0.181253,-0.021711,-0.017424,-0.003491,-0.242166,-0.172895,0.043604,-0.003491,-0.255451,-0.206173,-0.003491,0.005236,-0.120207,-0.001745,0.006546,-0.003491,-0.044318,-0.003491,0.023125,-0.001745,-0.031021,0.000000
1771203860.340,5133,1,1,0.0000,0.9994,0.0000,0.0003,0.0000,0.0000,0.0003,0.030528,0.010655,0.004965,0.007984,0.002973,-0.003491,0.006981,0.288516,-0.064023,-0.034184,-0.005236,-0.553400,-0.108262,0.070836,-0.003491,-0.571964,-0.390675,-0.003491,0.003491,-0.060108,-0.001745,-0.004628,-0.005236,0.006742,-0.003491,0.034299,-0.001745,0.083323,0.000000
1771203860.440,5136,1,1,0.0000,0.9970,0.0000,0.0018,0.0000,0.0000,0.0011,0.043882,0.014701,0.003549,0.003312,0.006607,-0.003491,0.008727,0.456096,-0.168776,-0.018130,-0.006981,-0.406136,-0.048002,0.061763,-0.001745,-0.292925,-0.181546,-0.003491,0.005236,-0.050216,-0.005236,-0.004580,-0.005236,0.074915,-0.003491,0.042978,-0.001745,0.053289,-0.001745
1771203860.545,5139,1,1,0.0000,0.9991,0.0001,0.0004,0.0000,0.0000,0.0005,0.005513,0.024648,0.001220,0.001703,0.001355,-0.001745,0.006981,-0.122929,-0.168047,-0.009647,-0.005236,-0.226573,-0.054854,0.056771,-0.003491,-0.030766,0.002409,-0.003491,0.005236,0.001141,-0.001745,-0.046228,-0.005236,0.105522,-0.003491,0.093352,-0.001745,0.090528,0.000000
1771203860.643,5142,1,1,0.0000,0.9998,0.0000,0.0001,0.0000,0.0000,0.0001,0.020023,0.021806,0.001124,0.001046,0.001491,-0.001745,0.008727,-0.708756,-0.130210,-0.056857,-0.005236,-0.159480,-0.052649,0.107471,-0.001745,0.043727,0.080355,-0.003491,0.005236,0.018507,-0.001745,-0.039509,-0.006981,0.072568,-0.003491,0.086633,-0.003491,0.078729,0.000000
1771203860.745,5145,1,1,0.0000,0.9997,0.0000,0.0001,0.0000,0.0000,0.0002,0.042050,0.022746,0.001899,0.000645,0.001151,-0.001745,0.003491,-0.433968,-0.070532,0.034174,-0.003491,0.221415,-0.100079,0.007714,-0.001745,0.117660,0.120149,-0.003491,0.005236,0.031596,-0.001745,-0.029296,-0.005236,0.066945,-0.003491,0.076420,-0.001745,0.092759,-0.001745
1771203860.845,5148,1,1,0.0000,0.9997,0.0000,0.0000,0.0000,0.0000,0.0002,0.039488,0.021630,0.000131,0.001715,0.001821,-0.001745,0.006981,-0.246326,0.013740,0.095560,-0.003491,0.252333,0.028981,-0.053672,-0.001745,0.030583,0.045678,-0.003491,0.005236,0.032926,-0.001745,-0.009082,-0.005236,0.057074,-0.003491,0.063188,-0.001745,0.101142,0.000000
1771203860.945,5151,1,1,0.0000,0.9997,0.0002,0.0000,0.0000,0.0000,0.0001,0.019848,0.019514,0.000632,0.000197,0.001776,-0.001745,0.001745,-0.193122,-0.007298,0.075401,-0.003491,0.108245,-0.004853,-0.037004,-0.001745,0.017272,0.035513,-0.005236,0.005236,0.004287,-0.001745,-0.020482,-0.005236,0.031224,-0.003491,0.078078,-0.001745,0.115343,0.000000
1771203861.047,5154,1,1,0.0000,0.9997,0.0003,0.0000,0.0000,0.0000,0.0000,0.029453,0.010396,0.001464,0.000868,0.001526,-0.001745,0.001745,-0.118866,-0.007970,0.052417,-0.003491,0.048060,-0.009433,-0.012274,-0.001745,0.140595,0.110623,-0.005236,0.005236,0.000479,-0.003491,-0.006576,-0.005236,0.005016,-0.003491,0.064172,-0.001745,0.049852,0.000000
1771203861.146,5157,1,1,0.0000,0.9999,0.0001,0.0000,0.0000,0.0000,0.0000,0.018792,0.008546,0.011509,0.001138,0.011027,-0.001745,0.003491,0.097154,0.023939,0.050282,-0.003491,0.004771,-0.006455,-0.008394,-0.001745,0.005756,0.040105,-0.005236,0.005236,0.004822,-0.001745,-0.010327,-0.005236,-0.013420,-0.003491,0.067923,-0.003491,0.024575,0.000000
1771203861.246,5160,1,1,0.0000,0.9999,0.0001,0.0000,0.0000,0.0000,0.0000,0.015890,0.026652,0.005458,0.001839,0.004127,-0.001745,0.001745,0.046524,0.027088,0.075228,-0.003491,0.016182,0.011708,-0.028105,-0.001745,-0.005028,0.012199,-0.003491,0.005236,0.014974,-0.001745,-0.056729,-0.005236,0.007094,-0.003491,0.109089,-0.003491,0.183434,0.000000
1771203861.346,5163,1,1,0.0000,0.9998,0.0001,0.0000,0.0000,0.0000,0.0000,0.018337,0.014411,0.004774,0.002445,0.003781,-0.003491,0.001745,0.048236,0.017958,0.071328,-0.003491,0.038725,0.012404,-0.020714,0.000000,0.025706,0.003941,-0.005236,0.005236,-0.028557,-0.001745,-0.031728,-0.005236,0.010331,-0.003491,0.078852,-0.001745,0.078508,0.000000
1771203861.447,5166,1,1,0.0000,0.9998,0.0002,0.0000,0.0000,0.0000,0.0000,0.016202,0.017738,0.002904,0.001044,0.002814,-0.001745,0.003491,0.060710,-0.001475,0.083722,-0.005236,0.024478,0.002493,-0.031362,-0.001745,0.019536,-0.009295,-0.005236,0.005236,-0.018370,-0.001745,-0.027959,-0.005236,0.008670,-0.003491,0.076828,-0.003491,0.122121,0.000000
1771203861.547,5169,1,1,0.0000,0.9999,0.0001,0.0000,0.0000,0.0000,0.0000,0.008023,0.022373,0.004667,0.003062,0.001721,-0.001745,0.003491,-0.004834,-0.038244,0.081859,-0.003491,0.002739,-0.000840,-0.031244,-0.003491,0.008183,-0.021926,-0.005236,0.005236,-0.011616,-0.001745,-0.022801,-0.005236,0.004239,-0.003491,0.073415,-0.001745,0.185586,0.000000
1771203861.647,5172,1,1,0.0000,0.9999,0.0001,0.0000,0.0000,0.0000,0.0000,0.010075,0.015248,0.003150,0.001188,0.001815,-0.003491,0.003491,0.054696,-0.037774,0.062716,-0.006981,-0.004061,-0.004888,-0.015592,-0.001745,-0.005238,-0.033435,-0.005236,0.005236,0.002434,-0.001745,-0.009343,-0.005236,0.003225,-0.003491,0.056467,-0.001745,0.115610,0.000000
1771203861.748,5175,1,1,0.0000,0.9999,0.0000,0.0000,0.0000,0.0000,0.0000,0.103569,0.015084,0.002611,0.001131,0.002587,-0.003491,0.003491,0.654164,-0.011983,0.078992,-0.005236,0.293533,0.110584,-0.028378,-0.001745,0.075620,0.026440,-0.005236,0.005236,-0.033270,-0.001745,-0.003170,-0.005236,0.019197,-0.003491,0.050294,-0.001745,0.106284,0.000000
1771203861.848,5178,1,1,0.0000,0.9998,0.0001,0.0000,0.0000,0.0000,0.0000,0.122870,0.016889,0.001633,0.000339,0.001335,-0.003491,0.003491,0.717096,0.076446,0.075873,-0.003491,0.217550,0.070693,-0.028749,-0.001745,0.187883,0.125406,-0.003491,0.005236,-0.103706,-0.001745,-0.007946,-0.005236,0.047083,-0.003491,0.051579,-0.001745,0.098766,0.000000
1771203861.948,5181,1,1,0.0000,0.9995,0.0004,0.0001,0.0000,0.0000,0.0000,0.118656,0.028531,0.000895,0.001250,0.001943,-0.003491,0.003491,0.147386,0.589821,0.026680,-0.003491,0.222880,0.047183,0.009972,-0.001745,0.247436,0.129025,-0.005236,0.005236,-0.092949,-0.001745,-0.009264,-0.005236,0.128139,-0.003491,0.052898,-0.001745,0.156102,0.000000
1771203862.049,5184,1,1,0.0000,0.9981,0.0018,0.0001,0.0000,0.0000,0.0000,0.236738,0.031549,0.002651,0.004367,0.006628,0.000000,0.003491,0.507639,-0.352556,0.103921,-0.008727,1.115441,-0.202458,-0.082977,0.008727,1.101633,-0.541052,-0.005236,0.005236,-0.156338,-0.001745,0.052474,-0.005236,0.202409,-0.003491,-0.014077,-0.001745,0.118466,0.000000
1771203862.148,5187,1,1,0.0000,0.9889,0.0099,0.0011,0.0000,0.0000,0.0000,0.215311,0.029098,0.005864,0.000982,0.005184,0.000000,0.001745,0.088062,-0.214676,0.146739,-0.027925,1.244122,-0.113446,-0.117069,0.010472,1.092590,-0.321141,-0.005236,0.005236,-0.161662,-0.001745,0.042242,-0.005236,0.233396,-0.003491,-0.003845,-0.001745,0.068298,0.000000
1771203862.249,5190,1,1,0.0000,0.9314,0.0274,0.0411,0.0000,0.0001,0.0000,0.165478,0.034044,0.002811,0.001702,0.001793,0.000000,0.001745,-0.014348,-0.136136,0.068027,-0.020944,0.989133,-0.068068,-0.043592,0.000000,0.926832,-0.190241,-0.005236,0.005236,-0.147817,-0.001745,0.043380,-0.005236,0.315840,-0.003491,-0.004983,-0.001745,0.044073,0.000000
1771203862.349,5193,3,1,0.0000,0.4374,0.0330,0.5289,0.0001,0.0006,0.0000,0.129606,0.030515,0.004682,0.001177,0.002901,0.000000,-0.006981,0.053703,-0.066323,0.048403,-0.019199,0.789626,-0.013963,-0.030950,0.008727,0.654809,-0.101229,-0.003491,0.005236,-0.125186,-0.001745,0.068669,-0.005236,0.266034,-0.003491,-0.030271,-0.001745,0.026242,0.000000
1771203862.449,5196,3,3,0.0001,0.1263,0.0344,0.8385,0.0001,0.0006,0.0000,0.123602,0.019188,0.002362,0.000245,0.002307,-0.001745,-0.010472,0.047712,-0.033161,-0.008595,-0.029671,0.787354,0.019199,0.026048,0.008727,0.594187,-0.020944,-0.005236,0.005236,-0.076099,-0.001745,0.060234,-0.006981,0.148928,-0.003491,-0.023582,-0.001745,0.015862,0.000000
1771203862.549,5199,3,3,0.0000,0.0170,0.0160,0.9668,0.0000,0.0002,0.0000,0.147532,0.014624,0.003404,0.000487,0.002802,0.000000,-0.012217,-0.056891,-0.008727,-0.080488,-0.038397,0.983235,0.036652,0.099687,0.006981,0.643832,0.000000,-0.005236,0.005236,-0.038421,-0.001745,0.073030,-0.006981,0.095516,-0.003491,-0.039869,-0.001745,0.001708,0.000000
1771203862.649,5202,3,3,0.0000,0.0083,0.0041,0.9875,0.0000,0.0001,0.0000,0.109632,0.011371,0.002961,0.000544,0.002497,0.001745,-0.013963,0.012047,0.005236,-0.054216,-0.045379,0.799810,0.036652,0.078650,0.006981,0.367476,0.006981,-0.005236,0.006981,-0.038035,-0.001745,0.044687,-0.006981,0.084783,-0.003491,-0.015016,-0.001745,-0.006321,0.000000
1771203862.750,5205,3,3,0.0000,0.0073,0.0005,0.9921,0.0000,0.0000,0.0000,0.097085,0.015574,0.006882,0.000503,0.006369,0.000000,-0.019199,0.111866,0.015708,-0.076889,-0.061087,0.611286,0.045379,0.099578,0.008727,0.265493,0.006981,-0.005236,0.006981,0.009754,-0.001745,0.040286,-0.006981,0.129865,0.000000,-0.012361,-0.001745,-0.018507,0.000000
1771203862.850,5208,3,3,0.0000,0.0074,0.0003,0.9923,0.0000,0.0000,0.0000,0.083710,0.011053,0.006253,0.001596,0.005930,0.000000,-0.027925,0.128872,0.015708,-0.108347,-0.075049,0.431113,0.050615,0.124055,0.008727,0.236706,0.008727,-0.005236,0.006981,-0.032365,-0.001745,0.034868,-0.006981,0.090786,0.000000,-0.005197,-0.001745,-0.002300,0.000000
1771203862.950,5211,3,3,0.0000,0.0599,0.0014,0.9387,0.0000,0.0000,0.0000,0.051077,0.015036,0.003946,0.001053,0.002877,-0.003491,-0.036652,0.159768,0.015708,-0.146393,-0.083776,0.039476,0.057596,0.156865,0.010472,0.164313,0.008727,-0.005236,0.006981,-0.034903,-0.001745,0.005728,-0.006981,0.132506,0.000000,0.018707,-0.001745,0.016509,0.000000
1771203863.051,5214,3,3,0.0000,0.0588,0.0006,0.9404,0.0000,0.0000,0.0001,0.080911,0.015759,0.007913,0.000615,0.007790,-0.003491,-0.040143,0.113115,0.015708,-0.064338,-0.089012,0.498710,0.061087,0.076556,0.010472,0.183073,0.012217,-0.005236,0.006981,-0.045261,-0.001745,-0.004029,-0.006981,0.150840,0.000000,0.017991,-0.003491,0.013297,0.000000
1771203863.151,5217,3,3,0.0000,0.0150,0.0001,0.9848,0.0000,0.0000,0.0000,0.071958,0.012906,0.001932,0.000308,0.002793,-0.003491,-0.041888,0.134629,0.015708,-0.088969,-0.094248,0.427080,0.061087,0.097696,0.010472,0.104610,0.012217,-0.005236,0.006981,-0.056994,-0.001745,-0.003354,-0.006981,0.112469,0.000000,0.013826,-0.001745,0.021598,0.000000
1771203863.253,5220,3,3,0.0000,0.0029,0.0000,0.9971,0.0000,0.0000,0.0000,0.058760,0.009537,0.003415,0.000388,0.002848,-0.003491,-0.045379,0.177656,0.015708,-0.041346,-0.099484,0.341577,0.062832,0.051818,0.010472,0.032834,0.012217,-0.005236,0.006981,-0.052489,-0.001745,-0.003453,-0.005236,0.077846,0.000000,0.010435,-0.001745,0.019177,0.000000
1771203863.353,5223,3,3,0.0000,0.0009,0.0000,0.9990,0.0000,0.0000,0.0000,0.061941,0.005070,0.001166,0.000894,0.001260,-0.003491,-0.047124,0.260471,0.015708,-0.102918,-0.102974,0.260357,0.062832,0.113390,0.010472,0.007847,0.012217,-0.005236,0.006981,-0.032225,-0.001745,-0.000748,-0.006981,0.043801,0.000000,0.004239,-0.003491,0.005816,0.000000
1771203863.453,5226,3,3,0.0000,0.0017,0.0000,0.9982,0.0000,0.0000,0.0000,0.066054,0.004555,0.006337,0.000662,0.005494,-0.003491,-0.048869,0.248383,0.015708,-0.148999,-0.108210,0.281815,0.064577,0.159471,0.010472,-0.041464,0.012217,-0.005236,0.006981,-0.023309,-0.001745,0.003438,-0.006981,0.044240,0.000000,-0.003438,-0.001745,-0.008699,0.000000
1771203863.553,5229,3,3,0.0001,0.0044,0.0000,0.9955,0.0000,0.0000,0.0000,0.060928,0.004680,0.005280,0.000830,0.005432,-0.003491,-0.052360,0.211542,0.015708,-0.127670,-0.108210,0.276736,0.068068,0.136396,0.010472,-0.049665,0.012217,-0.005236,0.006981,0.000459,-0.001745,-0.025489,-0.006981,0.024978,0.000000,0.023744,-0.001745,-0.002154,0.000000
1771203863.653,5232,3,3,0.0001,0.0066,0.0000,0.9932,0.0000,0.0000,0.0000,0.057833,0.004890,0.005330,0.002698,0.002333,-0.006981,-0.061087,0.146173,0.015708,-0.105079,-0.113446,0.318827,0.068068,0.115551,0.012217,-0.140614,0.017453,-0.005236,0.006981,-0.007306,-0.001745,-0.024930,-0.006981,0.018344,0.000000,0.031911,-0.001745,0.001446,0.000000
1771203863.753,5235,3,3,0.0002,0.0048,0.0000,0.9950,0.0000,0.0000,0.0000,0.056519,0.003831,0.001373,0.001173,0.001444,-0.003491,-0.062832,0.132777,0.015708,-0.111575,-0.120428,0.309956,0.066323,0.120302,0.012217,-0.139270,0.020944,-0.005236,0.006981,-0.028520,-0.001745,0.006087,-0.006981,0.026517,0.000000,0.002640,-0.001745,0.003741,0.000000
1771203863.856,5238,3,3,0.0002,0.0052,0.0000,0.9946,0.0000,0.0000,0.0000,0.046989,0.006003,0.002582,0.001660,0.004256,-0.006981,-0.069813,0.112814,0.015708,-0.111202,-0.125664,0.214189,0.068068,0.118183,0.013963,-0.211479,0.020944,-0.005236,0.006981,-0.015413,-0.003491,-0.000626,-0.006981,0.042603,0.000000,0.007607,-0.001745,0.014849,0.000000
1771203863.954,5241,3,3,0.0004,0.0085,0.0000,0.9911,0.0000,0.0000,0.0000,0.040317,0.009070,0.002672,0.000617,0.002518,-0.006981,-0.073304,0.091897,0.015708,-0.159790,-0.125664,0.106457,0.068068,0.165026,0.015708,-0.268865,0.020944,-0.005236,0.006981,-0.018706,-0.001745,0.006472,-0.006981,0.062918,0.000000,-0.002982,-0.001745,0.032464,0.000000
1771203864.054,5244,3,3,0.0006,0.0085,0.0000,0.9908,0.0000,0.0000,0.0000,0.044068,0.008297,0.001756,0.000159,0.001549,-0.006981,-0.071558,0.124015,0.015708,-0.159884,-0.125664,0.119250,0.068068,0.165120,0.015708,-0.120717,0.020944,-0.005236,0.006981,-0.014505,-0.001745,0.013616,-0.005236,0.059704,0.000000,-0.011871,-0.001745,0.019268,0.000000
1771203864.153,5247,3,3,0.0003,0.0065,0.0000,0.9931,0.0000,0.0000,0.0000,0.054184,0.006392,0.004992,0.000844,0.004027,-0.006981,-0.073304,0.251661,0.015708,-0.179886,-0.125664,0.094743,0.068068,0.183376,0.015708,-0.227144,0.020944,-0.005236,0.006981,-0.030630,-0.001745,-0.002400,-0.006981,0.045897,0.000000,0.004145,-0.001745,0.019683,0.000000
1771203864.254,5250,3,3,0.0001,0.0050,0.0000,0.9948,0.0000,0.0000,0.0000,0.053934,0.003293,0.006355,0.002139,0.004493,-0.006981,-0.075049,0.372514,0.015708,-0.149029,-0.125664,-0.101655,0.068068,0.154265,0.015708,-0.298517,0.020944,-0.005236,0.006981,-0.034138,-0.001745,0.008376,-0.006981,0.024163,0.000000,-0.006631,-0.001745,-0.016451,0.000000
1771203864.354,5253,3,3,0.0001,0.0052,0.0000,0.9946,0.0000,0.0000,0.0000,0.045620,0.002252,0.004571,0.001205,0.003246,-0.006981,-0.075049,0.193301,0.015708,-0.163739,-0.125664,0.064735,0.068068,0.168975,0.015708,-0.189970,0.020944,-0.005236,0.006981,-0.031672,-0.001745,0.020041,-0.005236,-0.013153,0.000000,-0.018296,-0.001745,-0.023361,0.000000
1771203864.454,5256,3,3,0.0001,0.0035,0.0000,0.9964,0.0000,0.0000,0.0000,0.054535,0.004067,0.005661,0.002719,0.003056,-0.006981,-0.075049,0.345294,0.015708,-0.145317,-0.125664,0.036399,0.068068,0.148807,0.015708,-0.203733,0.024435,-0.005236,0.006981,-0.041125,-0.001745,0.041818,-0.005236,-0.044298,0.000000,-0.033091,-0.001745,-0.008847,0.000000
1771203864.556,5259,3,3,0.0001,0.0021,0.0000,0.9978,0.0000,0.0000,0.0000,0.055057,0.005718,0.002968,0.002458,0.001906,-0.006981,-0.075049,0.347315,0.015708,-0.111904,-0.125664,0.074059,0.068068,0.115395,0.015708,-0.191539,0.024435,-0.005236,0.006981,-0.047711,-0.001745,0.046351,-0.006981,0.015284,0.000000,-0.030643,-0.003491,-0.002447,0.000000
1771203864.655,5262,3,3,0.0001,0.0021,0.0000,0.9978,0.0000,0.0000,0.0000,0.056432,0.004329,0.001944,0.001903,0.001253,-0.006981,-0.076794,0.333738,0.015708,-0.135882,-0.125664,0.080156,0.066323,0.141118,0.015708,-0.239293,0.024435,-0.005236,0.006981,-0.035863,-0.001745,0.044971,-0.005236,-0.002748,0.000000,-0.027517,-0.001745,-0.048780,0.000000
1771203864.755,5265,3,3,0.0001,0.0019,0.0000,0.9980,0.0000,0.0000,0.0000,0.064012,0.002327,0.001926,0.000072,0.002365,-0.008727,-0.076794,0.357888,0.015708,-0.146354,-0.125664,0.134745,0.068068,0.149845,0.017453,-0.237829,0.024435,-0.005236,0.006981,-0.033576,-0.001745,0.013112,-0.005236,-0.031963,0.000000,0.007832,-0.001745,-0.048324,0.000000
1771203864.855,5268,3,3,0.0000,0.0018,0.0000,0.9981,0.0000,0.0000,0.0000,0.066170,0.003473,0.005903,0.000670,0.005014,-0.008727,-0.078540,0.321445,0.015708,-0.145050,-0.127409,0.200130,0.068068,0.148541,0.015708,-0.104431,0.024435,-0.003491,0.006981,-0.031261,-0.001745,-0.009524,-0.006981,0.002487,0.000000,0.032213,-0.001745,-0.013806,0.000000
1771203864.956,5271,3,3,0.0000,0.0025,0.0000,0.9974,0.0000,0.0000,0.0000,0.055454,0.005812,0.008863,0.001561,0.007163,-0.008727,-0.078540,0.355989,0.015708,-0.182051,-0.127409,-0.056723,0.068068,0.185541,0.015708,-0.230853,0.024435,-0.005236,0.006981,-0.014509,-0.001745,0.000525,-0.006981,0.030897,0.000000,0.025655,-0.003491,0.005686,0.000000
1771203865.059,5274,3,3,0.0000,0.0032,0.0000,0.9967,0.0000,0.0000,0.0000,0.045029,0.002182,0.003999,0.002307,0.002593,-0.008727,-0.078540,0.223238,0.015708,-0.176528,-0.127409,0.011432,0.068068,0.180018,0.017453,-0.198974,0.024435,-0.005236,0.006981,-0.027806,-0.001745,0.017067,-0.005236,-0.013314,0.000000,0.002132,-0.001745,-0.001201,0.000000
1771203865.159,5277,3,3,0.0000,0.0028,0.0000,0.9971,0.0000,0.0000,0.0000,0.043954,0.010924,0.002431,0.002657,0.001710,-0.008727,-0.078540,0.217093,0.015708,-0.182949,-0.127409,-0.025421,0.068068,0.186440,0.015708,-0.250130,0.024435,-0.005236,0.006981,0.029434,-0.001745,-0.012869,-0.006981,0.039379,0.000000,0.026832,-0.003491,0.028466,0.000000
1771203865.261,5280,3,3,0.0000,0.0015,0.0000,0.9984,0.0000,0.0000,0.0000,0.044735,0.012883,0.002612,0.000957,0.001700,-0.008727,-0.078540,0.220690,0.015708,-0.188721,-0.127409,-0.006123,0.068068,0.192211,0.015708,-0.257310,0.024435,-0.005236,0.006981,-0.023210,-0.001745,-0.017754,-0.005236,0.069491,0.000000,0.040444,-0.001745,0.037681,0.000000
1771203865.361,5283,3,3,0.0000,0.0012,0.0000,0.9988,0.0000,0.0000,0.0000,0.042628,0.014439,0.001886,0.003711,0.003387,-0.008727,-0.078540,0.195649,0.015708,-0.180448,-0.127409,0.004536,0.068068,0.185684,0.017453,-0.386070,0.024435,-0.005236,0.006981,-0.030847,-0.001745,-0.026643,-0.005236,0.085043,0.000000,0.054569,-0.003491,0.026675,0.000000
1771203865.463,5286,3,3,0.0000,0.0010,0.0000,0.9989,0.0000,0.0000,0.0000,0.044553,0.009438,0.000568,0.000116,0.001384,-0.006981,-0.078540,0.222340,0.015708,-0.184885,-0.127409,-0.009370,0.068068,0.188375,0.015708,-0.421546,0.024435,-0.005236,0.006981,-0.055719,-0.001745,0.009547,-0.005236,0.068361,0.000000,0.014887,-0.001745,0.013484,0.000000
1771203865.566,5289,3,3,0.0000,0.0015,0.0000,0.9984,0.0000,0.0000,0.0000,0.042546,0.008403,0.003399,0.000997,0.003094,-0.008727,-0.078540,0.161786,0.015708,-0.186907,-0.127409,0.034448,0.068068,0.190398,0.015708,-0.326906,0.024435,-0.005236,0.006981,-0.046804,-0.001745,0.024735,-0.005236,0.065277,0.000000,-0.012518,-0.001745,0.003841,0.000000
1771203865.666,5292,3,3,0.0001,0.0026,0.0000,0.9973,0.0000,0.0000,0.0000,0.042654,0.008606,0.001409,0.000643,0.001001,-0.008727,-0.078540,0.182123,0.015708,-0.199025,-0.127409,0.001547,0.068068,0.202516,0.017453,-0.330642,0.024435,-0.005236,0.006981,-0.050831,-0.001745,0.015079,-0.005236,0.077278,0.000000,-0.002862,-0.003491,0.003928,0.000000
1771203865.765,5295,3,3,0.0001,0.0030,0.0000,0.9969,0.0000,0.0000,0.0000,0.047114,0.007531,0.004311,0.000948,0.003715,-0.008727,-0.078540,0.253129,0.015708,-0.164298,-0.127409,0.020534,0.068068,0.167789,0.015708,-0.241536,0.024435,-0.005236,0.006981,-0.033619,-0.001745,0.016584,-0.005236,0.066810,0.000000,-0.007858,-0.001745,-0.000998,0.000000
1771203865.863,5298,3,3,0.0000,0.0016,0.0000,0.9983,0.0000,0.0000,0.0000,0.056739,0.001713,0.005332,0.001776,0.003471,-0.008727,-0.078540,0.238681,0.015708,-0.165700,-0.127409,0.149072,0.068068,0.169191,0.015708,-0.189688,0.024435,-0.005236,0.006981,-0.028447,-0.003491,0.011409,-0.003491,-0.040056,0.000000,-0.002683,-0.001745,0.002161,0.000000
1771203865.964,5301,3,3,0.0000,0.0005,0.0000,0.9995,0.0000,0.0000,0.0000,0.055345,0.002863,0.002023,0.001327,0.002522,-0.008727,-0.078540,0.225712,0.015708,-0.162650,-0.129154,0.148373,0.068068,0.166141,0.015708,-0.187650,0.024435,-0.005236,0.006981,-0.039436,-0.003491,0.021372,-0.005236,0.006005,0.000000,-0.010900,-0.003491,-0.011945,0.000000
1771203866.063,5304,3,3,0.0000,0.0006,0.0000,0.9994,0.0000,0.0000,0.0000,0.049197,0.007684,0.002694,0.000843,0.003775,-0.008727,-0.078540,0.177038,0.015708,-0.154980,-0.129154,0.129192,0.068068,0.158471,0.017453,-0.161127,0.024435,-0.005236,0.006981,-0.060254,-0.001745,0.018855,-0.005236,0.066375,0.000000,-0.010129,-0.003491,-0.001760,0.000000
1771203866.164,5307,3,3,0.0000,0.0012,0.0000,0.9987,0.0000,0.0000,0.0000,0.047676,0.006275,0.001366,0.000943,0.000720,-0.008727,-0.078540,0.174401,0.015708,-0.171019,-0.129154,0.097537,0.068068,0.174509,0.017453,-0.182707,0.024435,-0.005236,0.006981,-0.070266,-0.001745,0.027624,-0.005236,0.040694,0.000000,-0.013661,-0.003491,-0.027455,0.000000
1771203866.265,5310,3,3,0.0002,0.0023,0.0000,0.9975,0.0000,0.0000,0.0000,0.047485,0.004903,0.000300,0.000746,0.001498,-0.008727,-0.078540,0.182075,0.015708,-0.130298,-0.129154,0.128295,0.068068,0.133788,0.017453,-0.091324,0.024435,-0.005236,0.006981,-0.062646,-0.001745,0.005540,-0.005236,0.039638,0.000000,0.006677,-0.003491,-0.023674,0.000000
1771203866.365,5313,3,3,0.0002,0.0026,0.0000,0.9972,0.0000,0.0000,0.0000,0.069779,0.001164,0.000573,0.000303,0.001500,-0.008727,-0.080285,0.181672,0.015708,-0.119955,-0.130900,0.306394,0.068068,0.125191,0.017453,0.098432,0.024435,-0.005236,0.006981,-0.053328,-0.001745,0.000054,-0.005236,-0.003732,0.000000,0.006928,-0.001745,-0.021647,0.000000
1771203866.464,5316,3,3,0.0003,0.0034,0.0000,0.9963,0.0000,0.0000,0.0000,0.079758,0.001650,0.000356,0.000304,0.000692,-0.006981,-0.082030,0.252114,0.015708,-0.062457,-0.137881,0.318945,0.066323,0.065947,0.017453,0.196167,0.024435,-0.005236,0.006981,-0.060394,-0.001745,-0.002348,-0.005236,-0.048074,0.000000,0.012820,-0.003491,-0.012205,0.000000
1771203866.567,5319,3,3,0.0002,0.0044,0.0000,0.9954,0.0000,0.0000,0.0000,0.085085,0.001444,0.001979,0.000899,0.001713,-0.006981,-0.087266,0.383113,0.015708,-0.044670,-0.150098,0.363495,0.068068,0.048160,0.020944,0.097099,0.024435,-0.005236,0.006981,-0.059712,-0.003491,-0.005116,-0.005236,-0.008589,0.000000,0.010352,-0.003491,-0.010815,0.000000
1771203866.667,5322,3,3,0.0001,0.0042,0.0000,0.9958,0.0000,0.0000,0.0000,0.120319,0.000922,0.003328,0.001104,0.002340,-0.006981,-0.092502,0.342972,0.015708,-0.223214,-0.155334,0.617956,0.068068,0.226705,0.024435,0.123547,0.024435,-0.005236,0.006981,-0.056931,-0.001745,-0.000588,-0.005236,-0.005307,0.000000,0.004079,-0.003491,-0.028747,0.000000
1771203866.770,5325,3,3,0.0001,0.0075,0.0000,0.9924,0.0000,0.0000,0.0000,0.112108,0.001143,0.000893,0.001003,0.002297,-0.003491,-0.101229,0.334928,0.017453,-0.203756,-0.153589,0.573097,0.068068,0.208992,0.024435,0.093884,0.024435,-0.005236,0.006981,-0.067040,-0.001745,0.006740,-0.005236,-0.005670,0.000000,-0.003249,-0.001745,-0.018422,0.000000
1771203866.871,5328,3,3,0.0002,0.0141,0.0000,0.9856,0.0000,0.0001,0.0000,0.096140,0.001739,0.000487,0.000630,0.001852,-0.003491,-0.109956,0.381878,0.015708,-0.174025,-0.153589,0.461637,0.068068,0.177515,0.024435,-0.013482,0.024435,-0.005236,0.006981,-0.102002,-0.001745,0.008035,-0.005236,0.004338,0.000000,-0.002799,-0.003491,0.001514,0.000000
1771203866.971,5331,3,3,0.0004,0.0246,0.0000,0.9749,0.0000,0.0001,0.0000,0.076324,0.002716,0.002348,0.000817,0.001375,-0.003491,-0.113446,0.371851,0.017453,-0.089475,-0.155334,0.316686,0.068068,0.092966,0.024435,-0.161646,0.024435,-0.005236,0.006981,-0.126625,-0.001745,0.008833,-0.005236,0.015618,0.000000,-0.005342,-0.003491,0.001154,0.000000
1771203867.071,5334,3,3,0.0014,0.0690,0.0000,0.9293,0.0000,0.0002,0.0001,0.043723,0.007196,0.001816,0.000143,0.002526,-0.003491,-0.113446,0.287939,0.017453,-0.048474,-0.157080,0.050384,0.068068,0.051965,0.024435,-0.185989,0.024435,-0.005236,0.006981,-0.100673,-0.001745,0.006241,-0.005236,0.044086,0.000000,-0.001005,-0.003491,0.029046,0.000000
1771203867.171,5337,3,3,0.0030,0.1397,0.0000,0.8568,0.0000,0.0002,0.0002,0.041282,0.010119,0.000450,0.000579,0.000943,-0.003491,-0.118682,0.241592,0.017453,-0.056188,-0.162316,0.059717,0.068068,0.059679,0.024435,-0.185489,0.024435,-0.005236,0.006981,-0.075903,-0.001745,-0.001434,-0.005236,0.067070,0.000000,0.004924,-0.001745,0.042448,0.000000
1771203867.272,5340,3,3,0.0027,0.1698,0.0000,0.8269,0.0000,0.0003,0.0002,0.029565,0.007545,0.002110,0.000197,0.001979,-0.003491,-0.120428,0.143102,0.017453,-0.073797,-0.167552,-0.113230,0.068068,0.077288,0.024435,-0.454243,0.024435,-0.005236,0.006981,-0.068425,-0.001745,-0.003785,-0.005236,0.057131,0.000000,0.005530,-0.003491,0.020894,0.000000
1771203867.372,5343,3,3,0.0020,0.2272,0.0001,0.7701,0.0000,0.0003,0.0003,0.026944,0.006859,0.000987,0.001209,0.002225,-0.003491,-0.122173,0.019894,0.017453,-0.165554,-0.169297,-0.262052,0.068068,0.169045,0.024435,-0.737176,0.024435,-0.005236,0.006981,-0.061670,-0.001745,0.004000,-0.005236,0.071091,0.000000,-0.000509,-0.001745,0.000236,0.000000
1771203867.475,5346,3,3,0.0011,0.2005,0.0001,0.7977,0.0000,0.0003,0.0003,0.028616,0.007318,0.000925,0.001842,0.002902,-0.003491,-0.125664,-0.032789,0.017453,-0.205516,-0.169297,-0.238313,0.068068,0.209007,0.024435,-0.772869,0.024435,-0.005236,0.006981,-0.015048,-0.001745,0.017887,-0.005236,0.061281,0.000000,-0.010906,-0.003491,0.001666,0.000000
1771203867.575,5349,3,3,0.0004,0.1700,0.0001,0.8291,0.0000,0.0002,0.0002,0.031133,0.011070,0.002015,0.001388,0.002731,-0.003491,-0.125664,0.040494,0.017453,-0.195225,-0.169297,-0.385283,0.068068,0.198716,0.024435,-0.831379,0.024435,-0.006981,0.006981,0.013790,-0.001745,-0.021393,-0.005236,0.068232,0.000000,0.031865,-0.003491,0.011967,0.000000
1771203867.675,5352,3,3,0.0001,0.2569,0.0001,0.7425,0.0000,0.0001,0.0003,0.026539,0.019296,0.006701,0.000592,0.006786,-0.003491,-0.127409,-0.006153,0.017453,-0.180593,-0.169297,-0.414424,0.068068,0.184084,0.024435,-0.763801,0.024435,-0.006981,0.006981,0.005469,-0.003491,-0.019582,-0.005236,0.102941,0.000000,0.044017,-0.005236,0.072144,0.000000
1771203867.775,5355,1,3,0.0000,0.5120,0.0001,0.4873,0.0000,0.0001,0.0004,0.034986,0.017454,0.003681,0.000549,0.004236,-0.006981,-0.125664,-0.036257,0.017453,-0.281950,-0.169297,-0.226639,0.068068,0.285441,0.024435,-0.652325,0.024435,-0.006981,0.006981,-0.009122,-0.001745,-0.004056,-0.003491,0.081013,0.000000,0.038962,-0.005236,0.082494,0.000000
1771203867.876,5358,3,3,0.0000,0.2201,0.0001,0.7791,0.0000,0.0002,0.0004,0.033489,0.015036,0.001418,0.001070,0.003193,-0.006981,-0.125664,-0.027025,0.017453,-0.263989,-0.169297,-0.258513,0.068068,0.267479,0.024435,-0.734051,0.024435,-0.006981,0.006981,0.018514,-0.001745,0.022586,-0.005236,0.083087,0.000000,0.001849,-0.005236,0.047413,0.000000
1771203867.976,5361,3,3,0.0000,0.0312,0.0000,0.9684,0.0000,0.0002,0.0002,0.030589,0.013420,0.001262,0.001191,0.000743,-0.006981,-0.120428,-0.191678,0.019199,-0.225694,-0.165806,-0.670961,0.068068,0.230930,0.024435,-0.980481,0.024435,-0.006981,0.008727,0.023390,-0.001745,0.037878,-0.005236,0.069005,0.000000,-0.018680,-0.005236,0.022043,0.000000
1771203868.076,5364,3,3,0.0000,0.0246,0.0000,0.9751,0.0000,0.0001,0.0001,0.030283,0.008677,0.001929,0.001276,0.002521,-0.006981,-0.116937,-0.632732,0.019199,-0.225510,-0.165806,-1.825961,0.068068,0.229001,0.022689,-2.200563,0.024435,-0.006981,0.006981,-0.016062,-0.001745,0.051701,-0.005236,0.045443,0.000000,-0.030758,-0.005236,-0.011991,0.000000
1771203868.176,5367,3,3,0.0000,0.0119,0.0000,0.9879,0.0000,0.0001,0.0001,0.038252,0.004547,0.001524,0.000655,0.000910,-0.006981,-0.115192,-0.791496,0.019199,-0.321147,-0.164061,-1.878578,0.068068,0.324638,0.020944,-2.207075,0.026180,-0.006981,0.006981,-0.018501,-0.001745,0.030477,-0.005236,0.017104,0.000000,-0.007788,-0.005236,-0.003789,0.000000
1771203868.276,5370,3,3,0.0000,0.0053,0.0000,0.9946,0.0000,0.0001,0.0000,0.038936,0.005042,0.000513,0.000514,0.000898,-0.006981,-0.113446,-0.867286,0.019199,-0.331098,-0.165806,-1.926074,0.068068,0.334589,0.020944,-2.134342,0.024435,-0.006981,0.006981,-0.009356,-0.003491,0.006393,-0.005236,0.035400,0.000000,0.009315,-0.003491,0.002409,0.000000
1771203868.377,5373,3,3,0.0000,0.0043,0.0000,0.9956,0.0000,0.0000,0.0000,0.038954,0.007989,0.001278,0.000327,0.002408,-0.006981,-0.113446,-0.870292,0.019199,-0.333054,-0.165806,-1.992424,0.068068,0.334800,0.019199,-2.147819,0.026180,-0.006981,0.006981,0.009274,-0.001745,-0.022912,-0.005236,0.037503,0.000000,0.042111,-0.005236,-0.001604,0.000000
1771203868.477,5376,3,3,0.0000,0.0080,0.0000,0.9919,0.0000,0.0000,0.0000,0.038565,0.009456,0.000955,0.000260,0.000827,-0.006981,-0.113446,-0.852667,0.019199,-0.326649,-0.165806,-2.020755,0.068068,0.330139,0.019199,-2.228963,0.026180,-0.006981,0.006981,0.006852,-0.001745,-0.004364,-0.005236,0.059258,0.000000,0.030544,-0.005236,0.009841,0.000000
1771203868.577,5379,1,3,0.0000,0.7369,0.0000,0.2629,0.0000,0.0001,0.0001,0.036646,0.008867,0.000468,0.000599,0.000809,-0.006981,-0.113446,-0.802065,0.019199,-0.305366,-0.165806,-1.987634,0.068068,0.307112,0.019199,-2.162524,0.026180,-0.006981,0.006981,0.005121,-0.001745,-0.002586,-0.005236,0.060754,0.000000,0.028765,-0.005236,0.004784,0.000000
1771203868.677,5382,1,1,0.0000,0.9791,0.0000,0.0208,0.0000,0.0000,0.0000,0.032197,0.008284,0.000701,0.000899,0.000685,0.000000,-0.108210,-0.615433,0.017453,-0.267680,-0.164061,-1.814633,0.061087,0.269425,0.015708,-1.875295,0.022689,-0.006981,0.006981,-0.002237,-0.001745,0.012809,-0.005236,0.065008,0.000000,0.009880,-0.003491,0.004727,0.000000
1771203868.778,5385,1,1,0.0001,0.9696,0.0000,0.0302,0.0000,0.0000,0.0001,0.016378,0.008013,0.000554,0.000366,0.000844,-0.003491,-0.054105,-0.314166,0.010472,-0.121483,-0.102974,-1.410258,0.036652,0.135446,0.003491,-1.494082,0.010472,-0.006981,0.006981,-0.004461,-0.001745,0.039458,-0.005236,0.049711,0.000000,-0.018515,-0.005236,-0.005338,0.000000
1771203868.878,5388,3,1,0.0003,0.4945,0.0003,0.5043,0.0000,0.0002,0.0003,0.007381,0.006688,0.000450,0.000235,0.000918,-0.003491,-0.027925,-0.057105,0.005236,-0.048435,-0.073304,-0.415732,0.015708,0.064143,0.000000,-0.502356,0.003491,-0.006981,0.006981,-0.005742,-0.001745,0.017821,-0.005236,0.050586,0.000000,0.004868,-0.005236,-0.004657,0.000000
1771203868.978,5391,1,1,0.0002,0.9362,0.0007,0.0627,0.0000,0.0001,0.0002,0.002660,0.008318,0.000372,0.000653,0.000548,-0.006981,-0.006981,-0.193663,0.001745,-0.007491,-0.059341,-0.638393,0.005236,0.024944,0.000000,-0.900172,0.000000,-0.006981,0.006981,0.007820,-0.001745,0.004136,-0.005236,0.062033,0.000000,0.009826,-0.003491,0.009016,0.000000
1771203869.078,5394,1,1,0.0000,0.9981,0.0002,0.0016,0.0000,0.0000,0.0001,0.004845,0.006723,0.000486,0.000114,0.001259,-0.003491,0.000000,-0.085224,0.001745,-0.021489,-0.050615,-0.580428,0.003491,0.052905,0.000000,-0.782753,0.000000,-0.006981,0.006981,0.011968,-0.001745,-0.000249,-0.005236,0.052746,0.000000,0.008976,-0.005236,-0.003657,0.000000
1771203869.178,5397,1,1,0.0000,0.9999,0.0000,0.0001,0.0000,0.0000,0.0000,0.003491,0.007239,0.001746,0.000889,0.001181,-0.006981,0.000000,-0.031845,0.001745,0.009040,-0.043633,-0.273642,0.001745,0.029357,0.000000,-0.370522,-0.001745,-0.006981,0.006981,-0.006466,-0.001745,-0.010632,-0.005236,0.052534,0.000000,0.024595,-0.003491,0.002757,0.000000
1771203869.278,5400,1,1,0.0000,1.0000,0.0000,0.0000,0.0000,0.0000,0.0000,0.002763,0.004439,0.003258,0.004142,0.003138,-0.003491,0.001745,-0.432863,0.000000,0.004508,-0.040143,-0.070393,0.000000,0.026908,0.000000,-0.091529,-0.001745,-0.006981,0.006981,-0.018950,-0.001745,-0.020105,-0.005236,-0.019773,0.000000,0.046285,-0.003491,-0.001443,0.000000
1771203869.379,5403,1,1,0.0000,1.0000,0.0000,0.0000,0.0000,0.0000,0.0000,0.002788,0.007662,0.005152,0.004273,0.003013,-0.003491,0.001745,-0.367480,0.000000,-0.000300,-0.038397,-0.064707,0.000000,0.031715,0.000000,-0.105150,-0.003491,-0.006981,0.006981,0.005840,-0.001745,-0.001160,-0.005236,0.021156,0.000000,0.029085,-0.003491,0.028881,0.000000
1771203869.479,5406,1,1,0.0000,0.9999,0.0001,0.0000,0.0000,0.0000,0.0000,0.024828,0.015959,0.006551,0.001473,0.006054,-0.006981,0.000000,-0.006142,0.000000,0.000407,-0.036652,0.026052,0.000000,0.032754,0.003491,0.235230,-0.003491,-0.006981,0.006981,0.000560,-0.001745,-0.036555,-0.005236,0.040850,0.000000,0.067971,-0.005236,0.075146,0.000000
1771203869.579,5409,1,1,0.0000,0.9999,0.0001,0.0001,0.0000,0.0000,0.0000,0.081608,0.018193,0.004734,0.001289,0.003569,-0.001745,0.003491,0.233239,0.000000,0.021522,-0.034907,0.363557,0.000000,0.004658,0.000000,0.352825,-0.001745,-0.006981,0.006981,-0.021443,-0.001745,-0.077699,-0.005236,0.018529,0.000000,0.103879,-0.005236,0.088921,0.000000
1771203869.680,5412,1,1,0.0000,0.9994,0.0003,0.0003,0.0000,0.0000,0.0000,0.086996,0.017725,0.001497,0.000756,0.002178,-0.001745,0.001745,0.406627,0.000000,0.034022,-0.033161,0.403140,0.000000,0.002630,0.000000,0.195782,-0.001745,-0.006981,0.006981,-0.003388,-0.001745,-0.061271,-0.005236,0.013345,0.000000,0.080469,-0.003491,0.111901,0.000000
1771203869.782,5415,1,1,0.0000,0.9183,0.0006,0.0808,0.0000,0.0000,0.0002,0.051212,0.009980,0.002067,0.003144,0.003920,-0.001745,0.001745,0.122935,0.000000,0.014397,-0.031416,0.303924,0.000000,0.013528,0.000000,0.158019,-0.001745,-0.006981,0.006981,-0.003693,-0.001745,-0.036270,-0.005236,-0.005765,0.000000,0.055469,-0.003491,0.057311,0.000000
1771203869.880,5418,1,1,0.0001,0.9080,0.0013,0.0904,0.0000,0.0001,0.0002,0.046750,0.009469,0.003386,0.006209,0.005130,-0.001745,0.003491,-0.080278,0.000000,0.034536,-0.027925,0.252379,0.000000,-0.010102,0.000000,0.270596,-0.001745,-0.006981,0.008727,-0.005462,-0.001745,-0.027779,-0.005236,-0.002933,0.000000,0.046978,-0.003491,0.057923,0.000000
1771203869.981,5421,1,1,0.0000,0.9664,0.0014,0.0320,0.0000,0.0000,0.0001,0.043988,0.009163,0.003221,0.004965,0.004468,-0.001745,0.003491,0.017496,0.000000,0.026656,-0.024435,0.151312,0.000000,0.006505,0.000000,0.322396,-0.001745,-0.006981,0.006981,0.009822,-0.001745,-0.004359,-0.005236,0.027558,0.000000,0.027048,-0.005236,0.038547,0.000000
1771203870.081,5424,1,1,0.0000,0.9981,0.0008,0.0011,0.0000,0.0000,0.0000,0.029248,0.005675,0.001978,0.002721,0.001931,-0.001745,0.001745,0.063777,0.000000,0.001636,-0.024435,0.153489,0.000000,0.024544,-0.003491,0.105788,-0.001745,-0.006981,0.006981,-0.024775,-0.001745,0.017265,-0.003491,0.036774,0.000000,0.003679,-0.003491,0.003401,0.000000
1771203870.181,5427,1,1,0.0000,0.9998,0.0001,0.0001,0.0000,0.0000,0.0000,0.030487,0.008411,0.001203,0.001782,0.001397,0.000000,0.000000,0.028667,0.000000,-0.029809,-0.022689,0.206157,0.000000,0.054244,0.001745,0.075028,-0.001745,-0.006981,0.006981,-0.002140,-0.001745,0.050094,-0.003491,0.035987,0.000000,-0.037877,-0.003491,0.007871,0.000000
1771203870.283,5430,1,1,0.0000,0.9999,0.0000,0.0000,0.0000,0.0000,0.0000,0.034379,0.004699,0.001422,0.001142,0.002122,0.000000,0.000000,0.068019,0.000000,-0.003867,-0.020944,0.197359,0.000000,0.030047,0.001745,0.115377,-0.001745,-0.006981,0.006981,-0.001094,-0.001745,0.040158,-0.005236,-0.019466,0.000000,-0.024450,-0.003491,0.009254,0.000000
1771203870.381,5433,1,1,0.0000,0.9999,0.0001,0.0000,0.0000,0.0000,0.0000,0.050736,0.005530,0.003561,0.001487,0.002828,-0.001745,0.001745,0.234952,0.000000,0.020171,-0.019199,0.104566,0.000000,-0.000973,0.001745,0.245646,-0.001745,-0.006981,0.006981,-0.001267,-0.001745,0.026330,-0.005236,0.018139,0.000000,-0.008877,-0.003491,0.014905,0.000000
1771203870.482,5436,1,1,0.0000,0.9997,0.0002,0.0001,0.0000,0.0000,0.0000,0.041625,0.006480,0.011608,0.001049,0.010907,-0.001745,0.001745,0.125171,0.000000,0.093814,-0.019199,0.114129,0.000000,-0.079851,0.001745,0.162894,-0.001745,-0.006981,0.006981,-0.004228,-0.001745,0.016547,-0.005236,0.041970,0.000000,-0.000839,-0.003491,0.012256,0.000000
1771203870.587,5439,1,1,0.0000,0.9996,0.0003,0.0001,0.0000,0.0000,0.0000,0.020976,0.011372,0.003233,0.000900,0.002953,-0.001745,0.001745,-0.106348,0.001745,0.019014,-0.017453,0.117576,0.000000,-0.001561,0.000000,0.111632,-0.001745,-0.006981,0.006981,0.008202,-0.001745,0.018507,-0.005236,0.082507,0.000000,-0.009780,-0.005236,0.020266,0.000000
1771203870.685,5442,1,1,0.0000,0.9998,0.0002,0.0000,0.0000,0.0000,0.0000,0.011493,0.008690,0.002093,0.001493,0.002238,0.000000,0.001745,-0.082939,0.000000,0.017996,-0.010472,0.105988,0.000000,0.001202,0.001745,0.009234,0.000000,-0.006981,0.006981,-0.003372,-0.001745,0.007008,-0.005236,0.070796,0.000000,-0.001772,-0.003491,0.019493,0.000000
1771203870.791,5445,1,1,0.0000,1.0000,0.0000,0.0000,0.0000,0.0000,0.0000,0.029260,0.007476,0.006154,0.001956,0.005159,-0.001745,0.003491,-0.086761,0.000000,-0.021300,-0.008727,0.149888,0.000000,0.035263,0.001745,0.160737,0.000000,-0.006981,0.006981,0.003615,-0.001745,0.018443,-0.005236,0.060669,0.000000,-0.013207,-0.003491,-0.024854,0.000000
1771203870.897,5448,1,1,0.0000,1.0000,0.0000,0.0000,0.0000,0.0000,0.0000,0.011263,0.006514,0.001788,0.000700,0.002135,-0.001745,0.003491,0.082528,0.000000,0.001568,-0.008727,-0.029411,0.000000,0.008904,0.000000,0.038669,0.000000,-0.006981,0.006981,0.003259,-0.001745,0.001676,-0.003491,0.062692,0.000000,0.003560,-0.003491,-0.003611,0.000000
1771203870.993,5451,1,1,0.0000,0.9999,0.0000,0.0000,0.0000,0.0000,0.0000,0.026531,0.010135,0.004002,0.001079,0.002154,-0.001745,0.003491,0.172434,0.000000,0.004620,-0.006981,0.003681,0.000000,0.005852,0.003491,0.124804,0.000000,-0.006981,0.006981,-0.010541,-0.001745,0.004155,-0.003491,0.093630,0.000000,-0.000664,-0.005236,0.016859,0.000000
1771203871.095,5454,1,1,0.0000,0.9999,0.0001,0.0000,0.0000,0.0000,0.0000,0.034522,0.005788,0.004177,0.000883,0.005083,-0.001745,0.003491,0.151856,0.000000,0.002646,-0.005236,0.080127,0.000000,0.009572,0.001745,0.164829,0.000000,-0.006981,0.006981,-0.009504,-0.001745,0.001804,-0.005236,0.060676,0.000000,-0.001804,-0.005236,-0.022114,0.000000
1771203871.194,5457,3,3,0.0000,0.3556,0.0001,0.6435,0.0000,0.0002,0.0007,0.032819,0.016949,0.002193,0.000611,0.002739,-0.001745,0.003491,0.032476,0.000000,-0.013271,-0.005236,0.215066,0.000000,0.018507,0.000000,0.124294,0.000000,-0.006981,0.006981,0.008503,-0.001745,-0.008561,-0.005236,0.045538,0.000000,0.008561,-0.003491,0.133803,0.000000
1771203871.295,5460,1,1,0.0000,0.8862,0.0007,0.1122,0.0000,0.0001,0.0008,0.020107,0.023215,0.005335,0.000395,0.003190,-0.001745,0.000000,0.046996,0.000000,0.022022,-0.005236,0.083969,0.000000,-0.009805,0.001745,0.086554,0.000000,-0.006981,0.006981,0.058658,-0.001745,-0.025960,-0.005236,0.041512,0.000000,0.031196,-0.005236,0.140239,0.000000
1771203871.394,5463,1,1,0.0000,0.9941,0.0009,0.0048,0.0000,0.0000,0.0002,0.025032,0.020411,0.004864,0.000734,0.003865,-0.001745,0.006981,0.185541,0.000000,0.089609,-0.005236,-0.025586,0.000000,-0.077392,-0.001745,0.018256,0.000000,-0.006981,0.006981,0.025841,-0.001745,0.004012,-0.003491,0.099973,0.000000,0.009951,-0.005236,0.098173,0.000000
1771203871.495,5466,1,1,0.0000,0.9997,0.0002,0.0001,0.0000,0.0000,0.0000,0.019939,0.012793,0.006586,0.002647,0.005416,0.000000,0.001745,0.073600,0.000000,0.032760,-0.005236,0.052939,0.000000,-0.022288,0.000000,0.078220,0.000000,-0.006981,0.006981,-0.018595,-0.001745,0.037337,-0.005236,0.081702,0.000000,-0.032101,-0.003491,0.027492,0.000000
1771203871.594,5469,1,1,0.0000,1.0000,0.0000,0.0000,0.0000,0.0000,0.0000,0.010890,0.010655,0.003984,0.002780,0.005176,0.000000,0.000000,-0.032793,0.000000,-0.005152,-0.003491,0.053881,0.001745,0.010388,0.000000,0.064669,0.000000,-0.006981,0.006981,-0.024978,-0.001745,0.010498,-0.003491,0.072388,0.000000,-0.000026,-0.003491,0.037989,0.000000
1771203871.694,5472,1,1,0.0000,1.0000,0.0000,0.0000,0.0000,0.0000,0.0000,0.002135,0.020430,0.005598,0.003638,0.004304,-0.001745,0.003491,0.015152,0.000000,0.006413,-0.005236,-0.034167,0.000000,0.000568,0.000000,-0.051454,0.000000,-0.006981,0.006981,-0.073782,-0.001745,-0.007266,-0.005236,0.111933,0.000000,0.012502,-0.003491,0.113746,0.000000
1771203871.795,5475,1,1,0.0000,0.9999,0.0000,0.0000,0.0000,0.0000,0.0000,0.003411,0.018138,0.005091,0.002204,0.004120,0.000000,0.003491,-0.134349,0.000000,-0.004013,-0.005236,0.008133,0.000000,0.007504,-0.001745,0.021805,0.000000,-0.005236,0.006981,-0.056560,-0.001745,-0.014193,-0.003491,0.090424,0.000000,0.021175,-0.003491,0.099074,0.000000
1771203871.895,5478,1,1,0.0000,0.9999,0.0001,0.0000,0.0000,0.0000,0.0000,0.002993,0.004830,0.006260,0.002825,0.004902,-0.001745,0.003491,-0.230538,0.000000,0.003932,-0.005236,0.028487,0.000000,-0.002187,-0.005236,-0.119133,0.000000,-0.008727,0.006981,-0.058848,-0.001745,-0.012347,-0.006981,0.031648,0.000000,0.019328,-0.003491,-0.016186,0.000000
1771203871.995,5481,1,1,0.0000,1.0000,0.0000,0.0000,0.0000,0.0000,0.0000,0.002873,0.008787,0.008053,0.001624,0.004188,-0.001745,0.001745,-0.101261,0.000000,0.032734,-0.003491,-0.119267,0.000000,-0.029243,-0.003491,-0.209524,0.000000,-0.006981,0.006981,-0.116248,-0.001745,-0.005496,-0.005236,0.078434,0.000000,0.017713,-0.003491,0.002318,0.000000
1771203872.095,5484,1,1,0.0000,1.0000,0.0000,0.0000,0.0000,0.0000,0.0000,0.002716,0.011228,0.005748,0.001466,0.003855,-0.001745,0.003491,-0.061361,0.000000,0.027354,-0.003491,-0.179362,0.001745,-0.018627,-0.001745,-0.189684,0.000000,-0.006981,0.006981,-0.071358,-0.001745,0.026668,-0.005236,0.067079,0.000000,-0.017941,-0.003491,0.034013,0.000000
1771203872.195,5487,1,1,0.0000,1.0000,0.0000,0.0000,0.0000,0.0000,0.0000,0.007671,0.028814,0.005119,0.001060,0.004996,-0.001745,0.003491,-0.261273,-0.001745,-0.009161,-0.003491,-0.039313,0.001745,0.016142,0.000000,0.070679,0.000000,-0.006981,0.006981,-0.075102,-0.001745,0.002353,-0.006981,0.142848,0.000000,0.004628,-0.003491,0.188958,0.000000
1771203872.296,5490,1,1,0.0000,1.0000,0.0000,0.0000,0.0000,0.0000,0.0000,0.003497,0.011158,0.005505,0.000909,0.004639,0.019199,-0.029671,-0.274419,-0.066323,-0.012299,-0.001745,-0.022516,0.000000,0.021026,-0.003491,-0.023471,0.001745,-0.006981,0.006981,-0.051324,-0.001745,-0.007267,-0.006981,0.049606,0.000000,0.014248,-0.003491,0.063059,0.000000
1771203872.396,5493,1,1,0.0000,1.0000,0.0000,0.0000,0.0000,0.0000,0.0000,0.004871,0.012067,0.005674,0.001262,0.004428,0.033161,-0.061087,-0.367980,-0.144862,-0.013078,-0.005236,-0.009720,0.000000,0.023550,0.000000,-0.008870,0.001745,-0.006981,0.006981,-0.019826,-0.001745,-0.086480,-0.008727,-0.082095,-0.001745,0.086480,-0.003491,0.049599,0.001745
1771203872.496,5496,1,1,0.0000,0.9999,0.0000,0.0000,0.0000,0.0000,0.0000,0.008302,0.018429,0.004593,0.000940,0.004358,0.061087,-0.097738,-0.214504,-0.221657,-0.007908,-0.003491,0.010919,0.000000,0.020126,-0.001745,0.005744,0.001745,-0.006981,0.006981,-0.019509,-0.001745,-0.076127,-0.010472,0.029587,-0.005236,0.069146,0.003491,0.106708,0.005236
1771203872.596,5499,1,1,0.0000,0.9999,0.0000,0.0000,0.0000,0.0000,0.0001,0.017080,0.024356,0.002922,0.000793,0.003371,0.068068,-0.130900,-0.328916,-0.223402,-0.003359,-0.003491,0.051940,0.000000,0.010340,-0.001745,0.072867,0.001745,-0.006981,0.006981,-0.034201,-0.001745,-0.074823,-0.015708,0.068472,-0.001745,0.067842,0.006981,0.136754,0.005236
1771203872.697,5502,1,1,0.0000,0.9999,0.0000,0.0000,0.0000,0.0000,0.0001,0.032659,0.006983,0.007304,0.001709,0.006871,0.083776,-0.162316,-0.401607,-0.254818,-0.005172,-0.005236,0.138894,0.000000,0.015644,0.000000,0.151850,0.001745,-0.006981,0.006981,-0.018698,-0.001745,-0.060971,-0.024435,-0.016865,-0.001745,0.059225,0.006981,0.005369,0.005236
1771203872.797,5505,1,1,0.0000,0.9999,0.0000,0.0000,0.0000,0.0000,0.0001,0.011394,0.010082,0.003228,0.000652,0.003081,0.095993,-0.185005,-0.302308,-0.258309,-0.030268,-0.003491,-0.152030,0.001745,0.035504,0.001745,-0.135366,0.001745,-0.006981,0.006981,-0.040999,-0.001745,-0.050755,-0.024435,0.013899,-0.001745,0.052500,0.008727,0.033644,0.005236
1771203872.897,5508,1,1,0.0000,1.0000,0.0000,0.0000,0.0000,0.0000,0.0000,0.010181,0.010362,0.002623,0.001120,0.002858,0.097738,-0.230383,-0.502856,-0.258309,0.002952,0.012217,-0.065207,-0.010472,0.007520,0.000000,-0.084378,0.001745,-0.006981,0.006981,-0.046758,-0.001745,-0.045228,-0.024435,0.016304,-0.001745,0.048719,0.008727,0.038381,0.005236
1771203872.997,5511,1,1,0.0000,1.0000,0.0000,0.0000,0.0000,0.0000,0.0000,0.014639,0.013779,0.005672,0.000303,0.005750,0.108210,-0.265290,-0.672004,-0.258309,0.019959,0.043633,-0.030697,0.000000,-0.007742,-0.001745,0.002116,0.001745,-0.006981,0.006981,-0.039218,-0.001745,-0.058705,-0.024435,-0.031560,-0.001745,0.062196,0.008727,0.082210,0.005236
1771203873.097,5514,1,1,0.0000,1.0000,0.0000,0.0000,0.0000,0.0000,0.0000,0.016713,0.013239,0.000898,0.001983,0.000927,0.108210,-0.268781,-0.552656,-0.256563,0.010866,0.061087,-0.121546,-0.010472,0.003096,-0.006981,0.017300,0.000000,-0.006981,0.006981,-0.033982,-0.001745,-0.057936,-0.026180,-0.058218,-0.003491,0.061427,0.008727,0.076492,0.005236
1771203873.197,5517,1,1,0.0000,0.9999,0.0000,0.0000,0.0000,0.0000,0.0001,0.018147,0.009149,0.003466,0.001227,0.002344,0.106465,-0.267035,-0.483666,-0.254818,0.015924,0.064577,-0.087346,-0.010472,-0.001962,-0.003491,0.030797,0.000000,-0.008727,0.006981,-0.036771,-0.001745,-0.017776,-0.027925,0.019491,-0.005236,0.021267,0.008727,0.048082,0.005236
1771203873.298,5520,1,1,0.0000,0.9983,0.0000,0.0000,0.0000,0.0000,0.0016,0.017548,0.015079,0.008179,0.002559,0.005728,0.104720,-0.265290,-0.530819,-0.253073,0.024990,0.062832,-0.036469,-0.010472,-0.005791,0.000000,0.018034,0.000000,-0.008727,0.006981,-0.064913,-0.001745,0.060769,-0.027925,0.084830,-0.001745,-0.060769,0.008727,0.014401,0.005236
1771203873.398,5523,1,1,0.0000,0.9998,0.0000,0.0000,0.0000,0.0000,0.0001,0.023427,0.016371,0.007263,0.002904,0.004002,0.101229,-0.237365,-0.619821,-0.251327,0.001316,0.038397,-0.002597,0.001745,0.010902,0.006981,0.120554,0.000000,-0.008727,0.006981,-0.026104,-0.001745,0.030014,-0.026180,0.113195,0.003491,-0.021287,0.000000,0.039278,0.003491
1771203873.498,5526,1,1,0.0000,0.9998,0.0001,0.0001,0.0000,0.0000,0.0000,0.019759,0.009628,0.004179,0.003863,0.001397,0.090757,-0.202458,-0.642860,-0.225147,0.015811,0.008727,0.056103,-0.001745,-0.008830,0.003491,0.060473,0.001745,-0.006981,0.008727,-0.000400,-0.001745,0.013030,-0.024435,0.088538,0.001745,-0.006049,-0.001745,-0.025039,0.003491
1771203873.598,5529,1,1,0.0000,0.9999,0.0000,0.0000,0.0000,0.0000,0.0000,0.014189,0.005791,0.006043,0.007507,0.003593,0.069813,-0.137881,-0.419836,-0.162316,0.007977,0.005236,0.055903,0.000000,0.000750,0.001745,0.027100,0.001745,-0.006981,0.006981,-0.006683,-0.001745,0.032122,-0.020944,0.026898,0.000000,-0.025141,-0.003491,-0.007987,0.003491
1771203873.698,5532,1,1,0.0000,1.0000,0.0000,0.0000,0.0000,0.0000,0.0000,0.006588,0.010908,0.003933,0.005311,0.007605,0.036652,-0.075049,-0.243745,-0.104720,-0.000792,-0.001745,-0.014957,-0.001745,0.006028,0.000000,0.036377,0.000000,-0.006981,0.006981,0.008836,-0.001745,0.060212,-0.013963,0.033573,0.000000,-0.049740,-0.003491,0.017799,0.003491
1771203873.799,5535,1,1,0.0000,1.0000,0.0000,0.0000,0.0000,0.0000,0.0000,0.009737,0.007714,0.006001,0.005531,0.002867,0.019199,-0.045379,-0.098753,-0.073304,-0.006161,0.000000,0.009030,0.001745,0.009651,0.000000,0.077221,0.000000,-0.006981,0.008727,0.012348,-0.001745,0.067998,-0.012217,-0.058552,0.000000,-0.059271,-0.003491,-0.063859,0.003491
1771203873.899,5538,1,1,0.0000,1.0000,0.0000,0.0000,0.0000,0.0000,0.0000,0.021239,0.003498,0.012240,0.006792,0.006121,0.008727,-0.020944,0.120309,-0.054105,-0.040924,-0.005236,-0.200756,0.000000,0.044415,0.000000,0.081421,0.000000,-0.005236,0.006981,-0.027348,-0.001745,-0.008702,-0.010472,0.012335,0.000000,0.019174,-0.001745,-0.012340,0.003491
1771203873.999,5541,1,1,0.0000,0.9999,0.0000,0.0000,0.0000,0.0000,0.0000,0.022380,0.005831,0.006226,0.003978,0.001366,0.001745,-0.008727,0.168518,-0.043633,-0.012206,-0.001745,-0.047913,0.000000,0.022678,0.000000,0.075616,0.000000,-0.006981,0.006981,-0.038457,-0.001745,-0.039792,-0.008727,-0.108901,0.000000,0.050264,-0.001745,0.009240,0.003491
1771203874.099,5544,1,1,0.0000,0.9999,0.0000,0.0000,0.0000,0.0000,0.0000,0.025389,0.006745,0.004784,0.007737,0.002816,0.003491,-0.001745,0.146665,-0.036652,0.001613,-0.001745,-0.003833,0.001745,0.008859,0.001745,0.140551,0.000000,-0.006981,0.006981,-0.081271,-0.001745,-0.058248,-0.008727,-0.213849,0.000000,0.070466,-0.001745,-0.028349,0.003491
1771203874.199,5547,1,1,0.0000,0.9999,0.0000,0.0000,0.0000,0.0000,0.0000,0.017876,0.008955,0.003349,0.002809,0.004125,0.000000,0.000000,0.086939,-0.029671,-0.007001,-0.001745,-0.061899,0.000000,0.012237,0.000000,0.115332,0.000000,-0.005236,0.006981,-0.056415,-0.001745,-0.084768,-0.006981,-0.375911,0.000000,0.096985,-0.001745,-0.138322,0.003491
1771203874.299,5550,1,1,0.0000,0.9999,0.0000,0.0001,0.0000,0.0000,0.0000,0.034047,0.002182,0.004764,0.002088,0.003070,-0.001745,0.001745,0.052958,-0.022689,-0.042501,-0.005236,0.137031,0.000000,0.049482,0.000000,0.167351,0.000000,-0.005236,0.006981,-0.087497,0.000000,0.008386,-0.005236,-0.573969,0.000000,0.007322,-0.001745,-0.274920,0.003491
1771203874.400,5553,1,1,0.0000,0.9999,0.0000,0.0000,0.0000,0.0000,0.0000,0.020542,0.007898,0.004668,0.000958,0.003800,0.000000,0.000000,0.069064,-0.017453,0.024652,-0.001745,0.100207,0.000000,-0.017671,0.000000,0.052582,0.000000,-0.006981,0.006981,-0.019731,-0.001745,0.084303,-0.006981,-0.755082,0.000000,-0.070340,-0.001745,-0.760033,0.003491
1771203874.501,5556,1,1,0.0000,0.9999,0.0000,0.0000,0.0000,0.0000,0.0000,0.014889,0.005722,0.004628,0.001004,0.005497,0.000000,0.000000,0.097875,-0.010472,0.006620,-0.003491,0.042702,-0.001745,0.003852,0.000000,0.027618,0.000000,-0.005236,0.006981,-0.550787,-0.003491,0.058196,-0.006981,-1.033569,0.000000,-0.037252,-0.001745,-1.426351,0.003491
1771203874.601,5559,1,1,0.0000,1.0000,0.0000,0.0000,0.0000,0.0000,0.0000,0.005615,0.004196,0.003901,0.001527,0.010510,0.000000,0.000000,-0.045960,-0.003491,0.011365,-0.003491,0.020540,-0.001745,-0.007874,0.001745,0.033730,0.000000,-0.006981,0.006981,-0.269879,-0.001745,-0.013697,-0.006981,-0.843347,-0.003491,0.039877,-0.001745,-1.208800,0.003491
1771203874.701,5562,1,1,0.0000,1.0000,0.0000,0.0000,0.0000,0.0000,0.0000,0.013050,0.005557,0.004999,0.001632,0.011004,0.000000,0.000000,0.008132,-0.003491,0.021168,-0.003491,0.046124,-0.001745,-0.015932,0.000000,0.081179,0.000000,-0.005236,0.006981,-0.175265,-0.003491,-0.019561,-0.006981,-0.711097,-0.003491,0.056213,-0.001745,-1.165699,0.003491
1771203874.801,5565,1,1,0.0000,0.9999,0.0000,0.0000,0.0000,0.0000,0.0000,0.017429,0.004218,0.004720,0.003160,0.011996,0.000000,0.000000,-0.023484,-0.001745,0.006603,-0.003491,0.101436,0.000000,-0.003113,0.000000,0.101109,0.000000,-0.006981,0.006981,-0.081717,-0.001745,0.008456,-0.005236,-0.420852,-0.001745,0.031687,-0.001745,-0.876697,0.003491
1771203874.901,5568,1,1,0.0000,1.0000,0.0000,0.0000,0.0000,0.0000,0.0000,0.015839,0.036764,0.002656,0.002727,0.011152,0.000000,0.000000,-0.243372,-0.001745,0.031321,-0.001745,0.050225,0.000000,-0.029575,0.000000,0.108526,0.000000,-0.006981,0.003491,0.259227,-0.001745,0.055482,-0.003491,0.121222,-0.001745,-0.020575,-0.001745,-0.339764,0.001745
1771203875.001,5571,1,1,0.0000,1.0000,0.0000,0.0000,0.0000,0.0000,0.0000,0.007237,0.052095,0.003928,0.002610,0.007635,0.000000,0.000000,-0.261330,-0.001745,0.019367,-0.001745,-0.036761,0.000000,-0.012386,0.000000,0.067477,0.000000,-0.005236,0.003491,0.209710,-0.001745,0.022783,-0.006981,0.308779,-0.001745,0.010379,0.000000,0.068259,0.001745
1771203875.102,5574,1,1,0.0000,0.9999,0.0001,0.0000,0.0000,0.0000,0.0000,0.013806,0.033630,0.005586,0.006626,0.011958,0.000000,0.000000,-0.356137,-0.001745,0.064832,-0.001745,-0.033717,0.000000,-0.056105,0.000000,0.100843,0.000000,-0.003491,0.003491,0.180642,-0.001745,0.046788,-0.003491,0.150938,-0.003491,-0.018863,0.000000,0.019955,0.001745
1771203875.202,5577,1,1,0.0000,0.9993,0.0007,0.0000,0.0000,0.0000,0.0000,0.008563,0.032477,0.002393,0.002953,0.005699,-0.001745,0.001745,-0.018367,-0.001745,0.036898,-0.003491,0.064118,0.000000,-0.026426,0.000000,-0.005718,0.000000,-0.003491,0.003491,0.172994,-0.003491,0.099249,-0.003491,0.082914,-0.001745,-0.062597,0.000000,0.031077,0.000000
1771203875.303,5580,1,1,0.0000,0.9995,0.0005,0.0000,0.0000,0.0000,0.0000,0.018805,0.026989,0.001915,0.002358,0.002050,-0.001745,0.000000,0.108213,-0.001745,0.012957,-0.003491,0.099990,0.000000,0.004496,0.000000,-0.017663,0.000000,-0.003491,0.005236,0.182093,-0.001745,0.107966,-0.005236,0.026831,-0.003491,-0.074804,0.000000,-0.007306,0.001745
1771203875.404,5583,1,1,0.0000,0.9998,0.0002,0.0000,0.0000,0.0000,0.0000,0.010986,0.011642,0.000928,0.002305,0.005237,0.000000,0.000000,0.084214,-0.001745,0.016668,-0.005236,0.001006,0.000000,-0.009687,0.001745,0.028196,0.000000,-0.003491,0.005236,0.081195,-0.001745,0.053274,-0.003491,-0.010951,-0.003491,-0.021858,0.000000,-0.010208,0.000000
1771203875.504,5586,1,1,0.0000,0.9999,0.0001,0.0000,0.0000,0.0000,0.0000,0.007373,0.012783,0.001173,0.001480,0.002819,0.000000,0.000000,0.021265,-0.001745,0.009790,-0.003491,0.014524,0.000000,0.002427,0.001745,0.038728,0.000000,-0.003491,0.005236,0.016760,-0.001745,0.044493,-0.001745,0.051754,-0.003491,-0.011331,0.000000,0.035152,0.000000
1771203875.604,5589,1,1,0.0000,0.9999,0.0001,0.0000,0.0000,0.0000,0.0000,0.010117,0.017880,0.001062,0.001159,0.003245,0.000000,0.000000,-0.133073,-0.001745,0.004210,-0.001745,0.056786,0.000000,0.001026,0.001745,0.057633,0.000000,-0.003491,0.003491,0.087901,0.000000,0.053840,-0.001745,0.045827,-0.001745,-0.013697,-0.003491,0.023502,0.000000
1771203875.704,5592,1,1,0.0000,0.9999,0.0001,0.0000,0.0000,0.0000,0.0000,0.010843,0.031877,0.001506,0.002265,0.004233,0.000000,0.000000,-0.079990,-0.001745,-0.001549,-0.001745,0.060462,0.000000,0.005039,0.001745,0.062873,0.000000,-0.003491,0.005236,0.083526,0.000000,0.016837,-0.003491,0.139312,0.000000,0.021560,0.000000,0.116048,0.000000
1771203875.804,5595,1,1,0.0000,0.9997,0.0003,0.0000,0.0000,0.0000,0.0000,0.017190,0.009239,0.000778,0.005537,0.004131,0.000000,0.000000,-0.100557,-0.001745,-0.020383,-0.003491,0.114947,0.000000,0.025619,0.001745,0.063965,0.000000,-0.003491,0.005236,0.025457,0.000000,0.001720,-0.003491,0.048765,-0.001745,0.029696,0.000000,-0.000894,0.000000
1771203875.904,5598,1,1,0.0000,0.9997,0.0002,0.0000,0.0000,0.0000,0.0000,0.011984,0.009135,0.000516,0.001319,0.002083,-0.001745,0.000000,-0.018717,-0.001745,-0.009220,-0.005236,0.069636,0.000000,0.014456,0.001745,0.057967,0.000000,-0.003491,0.005236,0.046292,0.000000,0.021239,-0.003491,0.028487,-0.001745,0.004941,0.000000,0.003427,0.000000
1771203876.005,5601,1,1,0.0000,0.9998,0.0001,0.0000,0.0000,0.0000,0.0000,0.017496,0.004458,0.002898,0.001283,0.001986,0.000000,0.000000,0.047442,-0.001745,-0.017240,-0.005236,0.069915,0.000000,0.022476,0.001745,0.068377,0.000000,-0.005236,0.005236,0.025569,0.000000,0.020270,-0.003491,-0.138654,-0.003491,0.002420,0.000000,-0.060340,0.000000
1771203876.104,5604,1,1,0.0000,0.9998,0.0000,0.0001,0.0000,0.0000,0.0000,0.027543,0.002036,0.003241,0.003111,0.002033,0.000000,0.000000,0.214637,-0.001745,0.055053,-0.005236,0.030882,0.000000,-0.044582,0.001745,0.028200,0.000000,-0.003491,0.003491,-0.027219,0.000000,0.019537,-0.003491,-0.131632,-0.001745,0.001407,0.000000,-0.062163,0.000000
1771203876.204,5607,1,1,0.0000,0.9998,0.0000,0.0001,0.0000,0.0000,0.0000,0.028642,0.002710,0.001263,0.002660,0.000851,0.000000,0.000000,0.184069,-0.001745,0.034599,-0.005236,-0.009409,0.000000,-0.022382,0.001745,0.123296,0.000000,-0.003491,0.003491,-0.071968,0.000000,0.029032,-0.003491,-0.074341,-0.001745,-0.009833,0.000000,-0.064608,0.000000
1771203876.305,5610,1,1,0.0000,0.9997,0.0001,0.0002,0.0000,0.0000,0.0000,0.024824,0.009331,0.001512,0.003348,0.001789,0.000000,0.000000,0.163357,-0.001745,0.058283,-0.003491,-0.131936,0.000000,-0.044320,0.001745,0.074507,0.000000,-0.003491,0.005236,0.024582,0.000000,0.058805,-0.003491,0.023344,-0.001745,-0.027389,0.000000,-0.006820,0.000000
1771203876.405,5613,1,1,0.0000,0.9987,0.0012,0.0000,0.0000,0.0000,0.0000,0.013349,0.090656,0.001244,0.003962,0.003863,0.000000,0.000000,0.102559,-0.001745,0.055879,-0.003491,-0.096593,0.000000,-0.043662,0.001745,-0.007770,0.000000,-0.003491,0.005236,0.332901,0.000000,0.080944,-0.001745,0.322372,-0.001745,-0.046037,0.000000,0.346415,0.000000
1771203876.505,5616,1,1,0.0000,0.9877,0.0123,0.0000,0.0000,0.0000,0.0000,0.011532,0.251654,0.001894,0.004040,0.010022,0.000000,0.000000,0.068185,-0.001745,0.017328,-0.003491,0.014585,0.000000,-0.005110,0.001745,0.036542,0.000000,-0.005236,0.005236,0.645566,0.000000,-0.050706,-0.003491,1.135413,-0.003491,0.085613,0.000000,1.148016,0.000000
1771203876.605,5619,1,1,0.0000,0.9829,0.0171,0.0000,0.0000,0.0000,0.0000,0.037347,0.203734,0.001934,0.001084,0.003794,0.000000,0.000000,0.106767,-0.001745,-0.017501,-0.003491,0.229464,0.000000,0.026228,0.001745,0.083960,0.000000,-0.003491,0.005236,0.511881,0.006981,-0.057926,-0.003491,0.862732,-0.001745,0.087597,0.000000,0.970382,0.000000
1771203876.706,5622,1,1,0.0000,0.9523,0.0475,0.0000,0.0000,0.0000,0.0001,0.027535,0.132863,0.000438,0.000483,0.000655,0.000000,0.000000,0.061964,-0.001745,-0.007188,-0.005236,0.163699,0.000000,0.019405,0.001745,0.083603,0.000000,-0.003491,0.005236,0.378345,0.005236,-0.041545,-0.001745,0.450777,-0.001745,0.065980,0.000000,0.688787,0.000000
1771203876.806,5625,1,1,0.0000,0.7271,0.2728,0.0000,0.0000,0.0000,0.0000,0.015128,0.111788,0.000737,0.001219,0.001581,0.000000,0.000000,0.002730,-0.001745,-0.003328,-0.003491,0.100580,0.000000,0.008564,0.001745,0.067917,0.000000,-0.003491,0.003491,0.331430,0.015708,-0.035381,0.006981,0.367576,0.019199,0.072033,0.010472,0.495367,0.019199
1771203876.906,5628,2,1,0.0000,0.4893,0.5107,0.0000,0.0000,0.0000,0.0000,0.014375,0.118174,0.000781,0.001757,0.003284,0.000000,0.000000,0.023161,-0.001745,0.005417,-0.005236,0.064452,0.000000,-0.000181,0.001745,0.077724,0.000000,-0.003491,0.012217,0.372457,0.015708,-0.002606,0.012217,0.410691,0.041888,0.061948,0.017453,0.429881,0.043633
1771203877.006,5631,2,2,0.0000,0.4132,0.5867,0.0000,0.0000,0.0000,0.0000,0.010851,0.098804,0.000742,0.002568,0.002159,0.000000,0.000000,0.009498,-0.001745,0.004726,-0.003491,0.027661,0.000000,-0.002981,0.001745,0.086581,0.000000,-0.005236,0.020944,0.448566,0.026180,-0.071406,0.013963,-0.167835,0.052360,0.139474,0.019199,0.407372,0.057596
1771203877.106,5634,2,2,0.0000,0.3263,0.6736,0.0000,0.0000,0.0000,0.0000,0.012698,0.112257,0.001739,0.001152,0.000915,0.000000,0.000000,0.026787,-0.001745,-0.006089,-0.003491,-0.005578,0.000000,0.007835,0.001745,0.116009,0.000000,-0.005236,0.026180,0.440490,0.041888,-0.234623,0.015708,-0.770105,0.064577,0.300945,0.017453,0.377012,0.062832
1771203877.206,5637,2,2,0.0001,0.4248,0.5750,0.0000,0.0001,0.0000,0.0000,0.016706,0.099082,0.001067,0.002470,0.002329,0.000000,0.000000,0.047658,-0.001745,-0.016712,-0.003491,0.028667,0.000000,0.016712,0.001745,0.105695,0.000000,-0.005236,0.033161,0.304189,0.062832,-0.206586,0.013963,-0.501951,0.068068,0.271163,0.015708,0.357067,0.062832
1771203877.307,5640,1,2,0.0000,0.5226,0.4770,0.0001,0.0001,0.0000,0.0000,0.050732,0.077307,0.000432,0.003220,0.003709,0.000000,0.000000,-0.114630,-0.001745,-0.011969,-0.003491,0.326279,0.003491,0.015460,0.003491,0.260068,0.000000,-0.005236,0.036652,0.258458,0.071558,-0.125310,0.012217,-0.234666,0.068068,0.186396,0.013963,0.217538,0.062832
1771203877.407,5643,1,1,0.0000,0.6111,0.3886,0.0001,0.0001,0.0000,0.0000,0.032511,0.054290,0.000977,0.002369,0.002091,0.000000,0.000000,-0.036499,-0.001745,0.002458,-0.005236,0.176159,0.012217,0.006269,0.003491,0.189543,-0.013963,-0.006981,0.036652,0.089526,0.076794,0.093283,0.008727,0.192691,0.066323,-0.033941,0.013963,0.012437,0.061087
1771203877.507,5646,2,2,0.0000,0.4123,0.5876,0.0000,0.0000,0.0000,0.0000,0.009732,0.069140,0.000139,0.003799,0.002877,0.000000,0.000000,0.065366,-0.001745,0.035712,-0.005236,-0.063194,0.012217,-0.028731,0.003491,-0.033966,-0.012217,-0.003491,0.033161,0.086597,0.078540,0.134767,0.010472,0.365214,0.068068,-0.085898,0.000000,0.002248,0.050615
1771203877.607,5649,2,2,0.0000,0.3067,0.6933,0.0000,0.0000,0.0000,0.0000,0.004622,0.074086,0.001741,0.003012,0.002039,0.000000,0.000000,-0.099590,-0.001745,-0.017673,-0.003491,0.000882,0.003491,0.024655,0.003491,0.022950,-0.003491,-0.005236,0.024435,0.080822,0.078540,0.102848,0.006981,0.417567,0.069813,-0.055724,0.000000,0.067880,0.040143
1771203877.707,5652,2,2,0.0000,0.1131,0.8869,0.0000,0.0000,0.0000,0.0000,0.011531,0.076455,0.000765,0.003468,0.003002,0.000000,0.000000,-0.178267,-0.001745,-0.021349,-0.003491,0.002816,0.003491,0.031821,0.003491,0.096757,-0.003491,-0.003491,0.024435,0.128104,0.078540,0.084811,0.006981,0.399116,0.069813,-0.032451,0.000000,0.085518,0.040143
1771203877.808,5655,2,2,0.0000,0.0011,0.9989,0.0000,0.0000,0.0000,0.0000,0.007106,0.077597,0.000414,0.004690,0.002030,0.000000,0.000000,-0.122398,-0.001745,0.001277,-0.003491,-0.108128,0.003491,0.010940,0.003491,0.066068,-0.003491,-0.003491,0.024435,0.135392,0.078540,0.068717,0.006981,0.390559,0.069813,-0.009376,0.000000,0.118326,0.038397
1771203877.908,5658,2,2,0.0000,0.0008,0.9992,0.0000,0.0000,0.0000,0.0000,0.003157,0.077983,0.000000,0.000000,0.000000,0.000000,0.000000,-0.058164,-0.001745,0.020269,-0.003491,-0.027378,0.003491,-0.015033,0.005236,0.008887,-0.003491,-0.005236,0.027925,0.121441,0.078540,0.106699,0.008727,0.365720,0.069813,-0.040376,0.000000,0.118540,0.038397
1771203878.008,5661,2,2,0.0000,0.0038,0.9962,0.0000,0.0000,0.0000,0.0000,0.006203,0.079932,0.001429,0.003834,0.002375,0.000000,0.000000,-0.187067,-0.001745,0.010215,-0.003491,0.055199,0.000000,-0.004979,0.003491,0.005536,-0.001745,-0.006981,0.036652,0.192370,0.080285,0.103115,0.010472,0.310050,0.071558,-0.031556,-0.001745,0.116287,0.038397
1771203878.108,5664,2,2,0.0000,0.0063,0.9936,0.0000,0.0000,0.0000,0.0000,0.007049,0.067058,0.001617,0.003550,0.005008,0.000000,0.000000,-0.080345,-0.001745,0.006669,-0.001745,0.064449,0.000000,-0.004923,0.003491,0.009979,-0.001745,-0.006981,0.036652,0.177772,0.080285,0.102494,0.008727,0.216274,0.069813,-0.025700,-0.001745,0.076024,0.036652
1771203878.208,5667,2,2,0.0000,0.0205,0.9793,0.0000,0.0000,0.0001,0.0001,0.009717,0.064453,0.001623,0.001315,0.001698,0.000000,0.000000,-0.006512,-0.001745,0.005376,-0.001745,0.059372,0.000000,-0.000140,0.003491,0.048365,0.000000,-0.006981,0.036652,0.201864,0.080285,0.106466,0.008727,0.192028,0.069813,-0.029671,-0.001745,0.040955,0.036652
1771203878.308,5670,2,2,0.0000,0.0252,0.9745,0.0000,0.0000,0.0001,0.0002,0.012181,0.066973,0.002941,0.003466,0.006233,0.000000,0.000000,0.015345,-0.001745,0.001690,-0.001745,0.076251,0.000000,0.000056,0.003491,0.049337,0.000000,-0.006981,0.036652,0.215930,0.080285,0.088180,0.008727,0.208936,0.069813,-0.011386,-0.001745,0.058498,0.036652
1771203878.409,5673,2,2,0.0000,0.0125,0.9873,0.0000,0.0000,0.0001,0.0002,0.022344,0.076062,0.000167,0.001338,0.001752,0.001745,0.000000,0.028399,-0.001745,-0.008320,-0.001745,0.101479,0.000000,0.011810,0.001745,0.122952,0.000000,-0.005236,0.036652,0.133580,0.080285,-0.004870,0.005236,0.336779,0.071558,0.078173,-0.003491,0.133831,0.036652
1771203878.509,5676,2,2,0.0000,0.0044,0.9955,0.0000,0.0000,0.0001,0.0001,0.025359,0.070050,0.000516,0.001976,0.001442,0.001745,0.000000,0.011213,-0.001745,0.007981,-0.003491,0.110013,0.001745,-0.004491,0.001745,0.169866,-0.001745,-0.006981,0.036652,0.141837,0.080285,0.023123,0.003491,0.293640,0.071558,0.050181,-0.003491,0.103180,0.036652
1771203878.609,5679,2,2,0.0001,0.0537,0.9399,0.0000,0.0001,0.0052,0.0010,0.023813,0.061450,0.000615,0.000775,0.001310,0.000000,0.000000,0.001584,-0.001745,-0.002012,-0.001745,0.112998,0.003491,0.003757,0.001745,0.162178,-0.003491,-0.005236,0.036652,0.135216,0.080285,0.023594,0.000000,0.244600,0.071558,0.047964,-0.003491,0.060878,0.036652
1771203878.710,5682,2,2,0.0004,0.0655,0.9176,0.0000,0.0001,0.0154,0.0010,0.026226,0.061526,0.001196,0.006096,0.005831,0.000000,0.000000,0.010816,-0.001745,-0.002152,-0.003491,0.146315,0.005236,0.005643,0.001745,0.144956,-0.005236,-0.005236,0.036652,0.125380,0.080285,0.051923,-0.001745,0.256197,0.071558,0.016145,-0.003491,0.063526,0.036652
1771203878.809,5685,2,2,0.0000,0.0021,0.9978,0.0000,0.0000,0.0000,0.0000,0.023559,0.056679,0.000000,0.000000,0.000000,0.000000,0.000000,0.069520,-0.001745,-0.000849,-0.005236,0.087351,0.005236,0.004340,0.001745,0.114516,-0.005236,-0.005236,0.033161,0.092019,0.080285,0.085670,-0.005236,0.231577,0.071558,-0.019348,-0.003491,0.049225,0.036652
1771203878.911,5688,1,2,0.0000,0.6440,0.3559,0.0000,0.0000,0.0000,0.0000,0.009000,0.047095,0.000800,0.014157,0.011443,0.000000,0.000000,0.055153,-0.001745,0.027058,-0.001745,-0.019193,0.005236,-0.020077,0.001745,0.018806,-0.005236,-0.005236,0.027925,0.005437,0.075049,0.106396,-0.008727,0.195878,0.069813,-0.047055,-0.003491,0.047987,0.036652
1771203879.010,5691,2,1,0.0000,0.0048,0.9952,0.0000,0.0000,0.0000,0.0000,0.007460,0.036315,0.000000,0.000000,0.000000,0.000000,0.000000,0.048827,-0.001745,0.015165,-0.001745,-0.004230,0.000000,-0.006438,0.003491,0.022033,-0.001745,-0.005236,0.027925,-0.044600,0.057596,0.090223,-0.008727,0.136826,0.055851,-0.037863,-0.003491,0.032457,0.034907
1771203879.111,5694,2,2,0.0000,0.0246,0.9753,0.0000,0.0000,0.0000,0.0000,0.008762,0.023948,0.000889,0.011414,0.012762,0.000000,0.000000,0.088486,-0.001745,-0.006186,-0.001745,-0.034684,0.000000,0.013168,0.003491,-0.047423,0.000000,-0.003491,0.026180,0.014907,0.031416,0.087577,-0.006981,0.055144,0.036652,-0.050925,-0.003491,0.002334,0.033161
1771203879.211,5697,2,2,0.0000,0.3116,0.6883,0.0000,0.0000,0.0000,0.0000,0.009241,0.020690,0.002077,0.005406,0.005427,0.000000,0.000000,0.033075,-0.001745,0.001184,-0.001745,0.017914,0.000000,0.002307,0.003491,0.052923,0.000000,-0.003491,0.024435,-0.000707,0.019199,0.051571,-0.006981,0.090651,0.024435,-0.014919,-0.003491,0.006574,0.031416
1771203879.311,5700,2,2,0.0000,0.1120,0.8880,0.0000,0.0000,0.0000,0.0000,0.010997,0.033488,0.001701,0.001147,0.002764,0.000000,0.000000,-0.042187,-0.001745,-0.013348,-0.001745,-0.016417,0.000000,0.015093,0.001745,0.115130,0.000000,-0.003491,0.019199,-0.161382,0.012217,0.001698,-0.005236,0.218833,0.015708,0.031463,-0.005236,0.073063,0.029671
1771203879.412,5703,2,2,0.0000,0.0154,0.9845,0.0000,0.0000,0.0000,0.0000,0.016419,0.038401,0.001609,0.000987,0.001635,0.000000,0.000000,-0.069345,-0.001745,-0.011036,-0.001745,0.014609,0.000000,0.014526,0.001745,0.166145,0.000000,-0.003491,0.017453,-0.320134,0.006981,-0.012779,-0.005236,0.251299,0.010472,0.045941,-0.003491,0.098992,0.029671
1771203879.513,5706,2,2,0.0000,0.0119,0.9881,0.0000,0.0000,0.0000,0.0000,0.013449,0.024503,0.000852,0.008061,0.007901,0.000000,0.000000,-0.039605,-0.001745,0.001282,-0.001745,0.062555,0.000000,0.002208,0.003491,0.091854,0.000000,-0.003491,0.017453,-0.560606,0.003491,-0.210261,-0.005236,-0.018713,0.005236,0.238186,-0.003491,-0.020519,0.029671
1771203879.613,5709,2,2,0.0000,0.0956,0.9044,0.0000,0.0000,0.0000,0.0000,0.007661,0.028490,0.000390,0.004949,0.006789,0.000000,0.000000,-0.034372,-0.001745,0.017288,-0.001745,0.039073,0.000000,-0.013798,0.003491,0.032076,0.000000,-0.003491,0.017453,-0.412633,0.003491,-0.263346,-0.005236,-0.497590,0.005236,0.286035,-0.003491,-0.233143,0.029671
1771203879.714,5712,1,1,0.0000,0.9500,0.0500,0.0000,0.0000,0.0000,0.0000,0.003850,0.017067,0.003664,0.005563,0.011148,0.000000,0.000000,-0.030504,-0.001745,0.000418,-0.001745,0.001161,0.000000,0.003073,0.005236,0.036315,0.000000,-0.003491,0.015708,-0.414430,0.003491,-0.134987,-0.005236,-1.308579,0.005236,0.150695,-0.003491,-1.347472,0.029671
1771203879.815,5715,1,1,0.0000,0.9995,0.0005,0.0000,0.0000,0.0000,0.0000,0.010055,0.014557,0.001176,0.004167,0.014525,0.000000,0.000000,-0.039346,-0.001745,-0.006997,-0.001745,-0.012313,0.000000,0.010488,0.003491,0.106686,0.000000,-0.001745,0.012217,-0.577857,0.000000,-0.115338,-0.001745,-1.536784,0.005236,0.131046,-0.003491,-1.647413,0.026180
1771203879.913,5718,1,1,0.0000,1.0000,0.0000,0.0000,0.0000,0.0000,0.0000,0.004468,0.011482,0.004106,0.003275,0.005397,0.000000,0.000000,-0.033143,-0.001745,0.041246,-0.001745,0.007132,0.000000,-0.039501,0.005236,-0.053159,0.000000,-0.001745,0.010472,-0.297718,0.000000,-0.081932,-0.005236,-1.322752,0.001745,0.101130,-0.005236,-1.485186,0.024435
1771203880.017,5721,1,1,0.0000,1.0000,0.0000,0.0000,0.0000,0.0000,0.0000,0.011869,0.010721,0.001481,0.001569,0.003049,0.000000,0.000000,-0.140819,-0.001745,0.019521,-0.001745,0.119411,0.000000,-0.012540,0.003491,-0.001662,0.000000,0.000000,0.005236,-0.233631,-0.001745,-0.081532,-0.003491,-1.064977,0.001745,0.102476,-0.001745,-1.212182,0.019199
1771203880.119,5724,1,1,0.0000,1.0000,0.0000,0.0000,0.0000,0.0000,0.0000,0.018632,0.006738,0.000743,0.002969,0.004190,0.000000,0.000000,-0.049621,-0.001745,-0.014579,-0.003491,0.141132,0.000000,0.021561,0.003491,0.057399,-0.001745,-0.001745,0.003491,-0.408887,-0.001745,-0.045950,-0.003491,-0.785513,0.000000,0.065149,0.000000,-0.946396,0.012217
1771203880.224,5727,1,1,0.0000,1.0000,0.0000,0.0000,0.0000,0.0000,0.0000,0.023065,0.003490,0.001068,0.006893,0.005047,0.000000,0.000000,-0.018629,-0.001745,-0.006669,-0.005236,0.171798,0.005236,0.015396,0.005236,0.079110,-0.005236,-0.003491,0.003491,-0.252796,-0.001745,-0.005232,-0.003491,-0.472695,-0.001745,0.033157,0.000000,-0.655241,0.005236
1771203880.314,5730,1,1,0.0000,1.0000,0.0000,0.0000,0.0000,0.0000,0.0000,0.018707,0.003147,0.000672,0.003681,0.003580,0.000000,0.000000,0.035342,-0.001745,0.004833,-0.005236,0.168198,0.005236,0.005639,0.005236,-0.015573,-0.005236,-0.001745,0.003491,-0.066482,-0.001745,-0.002858,-0.003491,-0.300140,-0.001745,0.030784,0.000000,-0.432462,0.003491
1771203880.418,5733,1,1,0.0000,1.0000,0.0000,0.0000,0.0000,0.0000,0.0000,0.018021,0.015532,0.000479,0.002460,0.004909,0.000000,0.000000,0.047078,-0.001745,0.018118,-0.005236,0.140589,0.005236,-0.009391,0.005236,-0.018254,-0.005236,-0.001745,0.005236,0.142911,-0.001745,0.034746,-0.003491,-0.099726,0.000000,-0.012057,0.001745,-0.137536,0.001745
1771203880.515,5736,1,1,0.0000,0.9999,0.0001,0.0000,0.0000,0.0000,0.0000,0.012950,0.050169,0.002683,0.004720,0.009897,0.000000,0.000000,0.104255,-0.001745,0.042414,-0.003491,-0.084064,0.003491,-0.031942,0.005236,-0.053946,-0.003491,-0.001745,0.003491,0.270664,-0.001745,0.042470,-0.003491,0.150390,-0.001745,-0.011054,0.000000,0.135020,0.000000
1771203880.615,5739,1,1,0.0000,0.9989,0.0011,0.0000,0.0000,0.0000,0.0000,0.021261,0.060071,0.002190,0.008127,0.005780,0.000000,0.000000,0.130961,-0.001745,0.038402,-0.003491,-0.023936,0.001745,-0.026185,0.003491,0.080530,0.000000,-0.001745,0.003491,0.313554,-0.001745,0.023676,-0.005236,0.165011,-0.003491,0.007740,0.000000,0.207378,0.000000
1771203880.716,5742,1,1,0.0003,0.9941,0.0053,0.0001,0.0000,0.0000,0.0002,0.015335,0.054679,0.002532,0.004920,0.002734,0.000000,0.000000,0.037874,-0.001745,0.040487,-0.003491,-0.010009,0.001745,-0.026524,0.003491,0.100419,0.000000,-0.001745,0.005236,0.221046,-0.001745,0.025510,-0.005236,0.167103,-0.003491,0.002416,0.000000,0.234838,0.000000
1771203880.815,5745,1,1,0.0000,0.9814,0.0184,0.0001,0.0000,0.0000,0.0001,0.011715,0.059645,0.001814,0.004416,0.010029,0.000000,0.000000,0.034249,-0.001745,0.017185,-0.003491,-0.015012,0.001745,0.003759,0.003491,0.080150,0.000000,-0.003491,0.005236,0.246131,0.000000,-0.004429,-0.005236,0.174242,-0.003491,0.021882,0.000000,0.268254,0.000000
1771203880.915,5748,1,1,0.0000,0.9753,0.0247,0.0000,0.0000,0.0000,0.0000,0.019708,0.038844,0.001583,0.006310,0.004576,0.000000,0.000000,-0.071903,-0.001745,-0.004491,-0.003491,0.054923,0.001745,0.013217,0.003491,0.163124,0.000000,0.000000,0.001745,0.182262,0.000000,-0.021551,-0.003491,0.085952,-0.003491,0.035513,0.001745,0.158914,0.000000
1771203881.016,5751,1,1,0.0000,0.9801,0.0199,0.0000,0.0000,0.0000,0.0000,0.017270,0.030154,0.001746,0.002005,0.002044,0.000000,0.000000,-0.034407,-0.001745,-0.007870,-0.003491,0.056639,0.001745,0.014851,0.003491,0.130512,0.000000,0.000000,0.001745,0.005755,0.000000,0.005639,-0.001745,0.151373,-0.003491,0.004833,0.001745,0.190757,0.000000
1771203881.122,5754,1,1,0.0000,0.9931,0.0069,0.0000,0.0000,0.0000,0.0000,0.022277,0.035182,0.001754,0.003472,0.003473,-0.001745,0.000000,-0.004032,-0.001745,-0.011060,-0.003491,0.040034,0.000000,0.018042,0.003491,0.205752,0.000000,0.000000,0.001745,0.004973,0.000000,0.021992,0.000000,0.185137,-0.001745,-0.016756,0.003491,0.204842,0.000000
1771203881.222,5757,1,1,0.0000,0.9860,0.0140,0.0000,0.0000,0.0000,0.0000,0.050424,0.051261,0.001510,0.002129,0.001713,-0.001745,0.001745,0.024627,-0.001745,0.012453,-0.003491,0.219583,0.000000,-0.005472,0.001745,0.344938,0.000000,0.000000,0.001745,0.037055,0.000000,0.004992,-0.001745,0.160072,-0.001745,0.003735,0.003491,0.404039,0.000000
1771203881.321,5760,1,1,0.0000,0.9718,0.0282,0.0000,0.0000,0.0000,0.0000,0.048245,0.102025,0.000381,0.002512,0.002531,0.000000,0.000000,0.041052,-0.001745,0.010839,-0.005236,0.187659,0.003491,-0.002112,0.003491,0.332413,-0.005236,0.000000,0.003491,0.163317,0.000000,0.043052,-0.003491,0.462596,-0.001745,-0.041307,0.003491,0.548350,0.000000
1771203881.421,5763,1,1,0.0000,0.9511,0.0489,0.0000,0.0000,0.0000,0.0000,0.047288,0.141126,0.000252,0.003292,0.006457,0.000000,0.000000,0.064756,-0.001745,-0.005230,-0.005236,0.143914,0.005236,0.012212,0.005236,0.336104,-0.006981,0.000000,0.000000,0.219718,0.000000,0.227594,-0.001745,0.863471,0.000000,-0.224103,0.005236,0.377499,0.000000
1771203881.522,5766,1,1,0.0000,0.9299,0.0698,0.0000,0.0002,0.0000,0.0000,0.047129,0.121425,0.000152,0.001034,0.003541,0.000000,0.000000,0.064830,-0.001745,-0.016818,-0.005236,0.102153,0.005236,0.027290,0.005236,0.360799,-0.006981,0.000000,0.000000,0.228510,0.000000,0.082097,-0.001745,0.880859,0.000000,-0.076861,0.003491,0.262140,0.000000
1771203881.622,5769,1,1,0.0000,0.8759,0.1238,0.0000,0.0002,0.0000,0.0000,0.031776,0.133973,0.000407,0.000463,0.003878,0.000000,0.000000,0.055517,-0.001745,-0.008654,-0.005236,0.012888,0.005236,0.022617,0.005236,0.279812,-0.006981,0.003491,0.000000,0.422158,0.010472,0.043751,0.005236,0.846785,0.019199,-0.043751,0.003491,0.253092,0.000000
1771203881.722,5772,1,1,0.0000,0.6257,0.3742,0.0000,0.0001,0.0000,0.0000,0.034979,0.163534,0.000654,0.002436,0.002349,0.000000,0.000000,0.021468,-0.001745,-0.012981,-0.005236,0.078698,0.005236,0.025198,0.005236,0.283913,-0.005236,0.003491,0.000000,0.528730,0.024435,0.066209,0.008727,1.002817,0.064577,-0.066209,-0.001745,0.247720,0.015708
1771203881.823,5775,1,1,0.0000,0.6028,0.3970,0.0000,0.0002,0.0000,0.0000,0.033891,0.196478,0.000474,0.002367,0.002553,0.000000,0.000000,0.039969,-0.001745,-0.020103,-0.005236,0.046705,0.005236,0.032321,0.005236,0.277223,-0.005236,0.003491,0.005236,0.608529,0.047124,0.046954,0.012217,1.064764,0.090757,-0.046954,-0.003491,0.443752,0.034907
1771203881.923,5778,1,1,0.0000,0.8177,0.1817,0.0000,0.0005,0.0000,0.0001,0.022792,0.216452,0.001424,0.003757,0.002091,0.000000,0.000000,0.054768,-0.001745,-0.017475,-0.005236,-0.079778,0.005236,0.031438,0.005236,0.176823,-0.005236,0.000000,0.008727,0.639668,0.059341,0.044332,0.013963,1.260746,0.095993,-0.040842,0.000000,0.429276,0.045379
1771203882.023,5781,1,1,0.0000,0.8961,0.1030,0.0000,0.0007,0.0000,0.0001,0.011929,0.215353,0.000260,0.001650,0.000811,0.000000,0.000000,-0.084193,-0.001745,-0.026794,-0.005236,-0.198869,-0.006981,0.037266,0.005236,0.095410,0.005236,0.001745,0.010472,0.686105,0.069813,0.057546,0.017453,1.245265,0.095993,-0.047074,0.005236,0.343991,0.050615
1771203882.123,5784,1,1,0.0000,0.8384,0.1600,0.0000,0.0013,0.0000,0.0001,0.011138,0.228590,0.003192,0.005662,0.003153,0.000000,0.000000,-0.147000,-0.001745,0.002207,-0.003491,-0.051402,0.000000,0.016991,0.003491,0.107478,0.003491,0.001745,0.010472,0.745635,0.089012,0.045988,0.015708,1.354442,0.095993,-0.021554,0.006981,0.326486,0.050615
1771203882.223,5787,1,1,0.0000,0.8454,0.1535,0.0000,0.0009,0.0000,0.0001,0.016099,0.236387,0.003192,0.001300,0.003974,0.000000,0.000000,-0.031137,-0.001745,0.002443,-0.003491,0.044671,-0.001745,0.006284,0.003491,0.132815,0.003491,0.000000,0.012217,0.747800,0.104720,0.038362,0.015708,1.441552,0.095993,-0.005201,0.006981,0.322702,0.050615
1771203882.324,5790,1,1,0.0000,0.8692,0.1298,0.0000,0.0009,0.0000,0.0001,0.012614,0.236361,0.000098,0.003821,0.003863,0.000000,0.000000,0.026388,-0.001745,0.021303,-0.003491,0.000064,-0.001745,-0.014322,0.003491,0.096631,0.003491,0.000000,0.012217,0.754852,0.116937,0.039341,0.013963,1.442881,0.095993,-0.002689,0.006981,0.302546,0.050615
1771203882.425,5793,1,1,0.0000,0.8636,0.1356,0.0000,0.0007,0.0000,0.0001,0.004867,0.238714,0.002214,0.003146,0.002240,0.000000,0.000000,-0.053755,-0.001745,0.049557,-0.003491,-0.032765,-0.001745,-0.046066,0.003491,0.001871,0.003491,0.001745,0.012217,0.756869,0.130900,0.034628,0.013963,1.472236,0.095993,0.000279,0.006981,0.288146,0.050615
1771203882.525,5796,1,1,0.0000,0.6100,0.3880,0.0000,0.0017,0.0000,0.0003,0.007479,0.242148,0.002028,0.002795,0.001714,0.000000,0.000000,-0.091392,-0.001745,0.014558,-0.003491,0.029110,-0.001745,-0.009322,0.005236,0.037353,0.003491,0.005236,0.012217,0.763039,0.129154,0.040113,0.012217,1.488095,0.095993,-0.005206,0.006981,0.302112,0.050615
1771203882.625,5799,2,2,0.0000,0.3232,0.6673,0.0000,0.0089,0.0000,0.0006,0.018125,0.242298,0.000609,0.001613,0.001438,0.000000,0.000000,-0.069191,-0.001745,-0.007106,-0.003491,0.051144,-0.001745,0.012342,0.003491,0.147038,0.003491,0.005236,0.012217,0.768847,0.127409,0.035744,0.012217,1.481842,0.095993,0.000908,0.006981,0.309562,0.050615
1771203882.724,5802,4,2,0.0000,0.1194,0.2372,0.0002,0.6414,0.0006,0.0011,0.015734,0.244562,0.001892,0.002275,0.001680,0.000000,0.000000,-0.071432,-0.001745,-0.016696,-0.003491,0.048378,-0.001745,0.025422,0.003491,0.108027,0.003491,0.008727,0.012217,0.767236,0.129154,-0.010842,0.012217,1.497287,0.102974,0.040513,0.008727,0.303335,0.052360
1771203882.824,5805,4,4,0.0000,0.0036,0.0449,0.0007,0.9503,0.0004,0.0001,0.005039,0.243594,0.000971,0.001941,0.002760,0.000000,0.000000,-0.004857,-0.001745,0.009826,-0.001745,-0.017027,-0.001745,0.005882,0.001745,0.043010,0.000000,0.008727,0.012217,0.776213,0.127409,-0.021844,0.012217,1.484141,0.113446,0.042788,0.008727,0.281396,0.055851
1771203882.925,5808,4,4,0.0000,0.0043,0.0499,0.0007,0.9446,0.0003,0.0001,0.007977,0.236896,0.000709,0.006061,0.006215,0.000000,0.000000,-0.050184,-0.001745,0.025705,-0.003491,-0.033925,-0.001745,-0.016979,0.001745,0.068274,0.000000,0.008727,0.010472,0.812658,0.129154,-0.044932,0.012217,1.387985,0.115192,0.058895,0.006981,0.244622,0.055851
1771203883.025,5811,4,4,0.0000,0.0015,0.0101,0.0003,0.9880,0.0001,0.0001,0.016911,0.214733,0.001981,0.001407,0.001593,0.000000,0.000000,-0.037246,-0.001745,0.005603,-0.003491,0.018183,-0.001745,0.001379,0.001745,0.176028,0.000000,0.008727,0.010472,0.789468,0.129154,-0.116746,0.012217,1.071379,0.122173,0.127218,0.006981,0.241416,0.057596
1771203883.125,5814,2,4,0.0000,0.0894,0.6082,0.0001,0.3021,0.0001,0.0001,0.014470,0.191335,0.001451,0.001426,0.001575,0.000000,0.000000,-0.022335,-0.001745,-0.001551,-0.005236,0.017061,-0.001745,0.005041,0.001745,0.149789,0.000000,0.008727,0.012217,0.799358,0.129154,-0.122735,0.012217,0.787407,0.125664,0.129717,0.003491,0.230474,0.057596
1771203883.225,5817,2,2,0.0000,0.0512,0.9440,0.0000,0.0048,0.0000,0.0000,0.011255,0.184193,0.001622,0.002021,0.001929,0.000000,0.000000,-0.007950,-0.001745,0.012594,-0.003491,0.014826,-0.001745,-0.007358,0.003491,0.104153,0.000000,0.008727,0.010472,0.760353,0.130900,-0.165293,0.012217,0.679552,0.130900,0.172275,0.003491,0.240345,0.061087
1771203883.325,5820,2,2,0.0000,0.0693,0.9271,0.0000,0.0035,0.0000,0.0000,0.014315,0.155286,0.000571,0.009393,0.010262,0.000000,0.000000,-0.005726,-0.001745,0.003475,-0.003491,0.011479,-0.001745,0.000015,0.003491,0.153318,0.000000,0.008727,0.006981,0.767061,0.130900,-0.199091,0.012217,0.322708,0.134390,0.206072,0.003491,0.206304,0.064577
1771203883.425,5823,2,2,0.0000,0.0623,0.9370,0.0000,0.0007,0.0000,0.0000,0.011287,0.152219,0.001651,0.005321,0.015095,0.000000,0.000000,0.002864,-0.001745,0.015265,-0.003491,0.002977,-0.001745,-0.011775,0.003491,0.110851,0.000000,0.008727,0.005236,0.785537,0.130900,-0.165015,0.010472,0.324953,0.141372,0.171997,0.001745,0.177626,0.068068
1771203883.526,5826,2,2,0.0000,0.0356,0.9642,0.0000,0.0002,0.0000,0.0000,0.009427,0.166436,0.001671,0.002748,0.017219,0.000000,0.000000,0.021914,-0.001745,0.018977,-0.003491,0.003072,-0.001745,-0.015487,0.003491,0.065667,0.000000,0.008727,0.005236,0.788576,0.129154,-0.188158,0.005236,0.347198,0.151844,0.195139,0.000000,0.291071,0.075049
1771203883.626,5829,2,2,0.0000,0.0181,0.9819,0.0000,0.0001,0.0000,0.0000,0.002826,0.190862,0.002543,0.003798,0.006679,0.000000,0.000000,-0.029035,-0.001745,0.032163,-0.001745,-0.001268,-0.001745,-0.021691,0.001745,-0.041556,0.000000,0.008727,0.003491,0.836463,0.130900,-0.196657,0.005236,0.403863,0.151844,0.200147,-0.001745,0.469388,0.080285
1771203883.726,5832,2,2,0.0000,0.0208,0.9791,0.0000,0.0001,0.0000,0.0000,0.002033,0.211661,0.000312,0.002717,0.002627,0.000000,0.000000,-0.001517,-0.001745,0.009250,-0.003491,0.010438,-0.001745,0.002967,0.001745,-0.086132,0.000000,0.005236,0.000000,0.833002,0.130900,-0.173161,0.003491,0.449795,0.151844,0.173161,-0.005236,0.710477,0.082030
1771203883.826,5835,2,2,0.0000,0.0301,0.9694,0.0000,0.0005,0.0000,0.0000,0.004384,0.225116,0.000282,0.000693,0.000952,0.000000,0.000000,0.010986,-0.001745,0.006130,-0.003491,0.032007,-0.001745,-0.000894,0.003491,-0.060909,0.000000,0.000000,-0.001745,0.820989,0.141372,-0.135301,0.000000,0.479139,0.151844,0.133555,-0.008727,0.894211,0.080285
1771203883.926,5838,2,2,0.0000,0.0315,0.9674,0.0000,0.0010,0.0000,0.0000,0.002487,0.233990,0.001135,0.000964,0.000846,0.000000,0.000000,0.016708,-0.001745,0.011387,-0.001745,-0.008189,-0.001745,-0.007897,0.001745,-0.074764,0.000000,0.000000,-0.003491,0.786373,0.148353,-0.141302,0.000000,0.505647,0.151844,0.139557,-0.008727,0.994075,0.082030
1771203884.027,5841,2,2,0.0000,0.0313,0.9673,0.0000,0.0013,0.0000,0.0000,0.004064,0.241954,0.001879,0.006544,0.006783,0.000000,0.000000,0.030227,-0.001745,-0.001390,-0.001745,0.010164,-0.001745,0.004881,0.003491,-0.002318,0.000000,0.000000,-0.003491,0.781960,0.150098,-0.121674,0.000000,0.611552,0.151844,0.119929,-0.008727,1.006034,0.082030
1771203884.127,5844,2,2,0.0000,0.0416,0.9560,0.0000,0.0023,0.0001,0.0000,0.002008,0.235721,0.001015,0.004199,0.004261,0.000000,0.000000,-0.027811,-0.001745,-0.006719,-0.001745,0.012136,-0.001745,0.008464,0.003491,-0.012342,0.000000,0.000000,-0.003491,0.800362,0.150098,-0.088343,0.000000,0.595598,0.151844,0.086597,-0.008727,0.962125,0.082030
1771203884.227,5847,2,2,0.0000,0.0468,0.9503,0.0000,0.0028,0.0001,0.0000,0.000852,0.225972,0.000544,0.002836,0.001149,0.000000,0.000000,-0.025088,-0.001745,0.006738,-0.001745,-0.004452,-0.001745,-0.004993,0.003491,-0.002178,0.000000,0.000000,-0.005236,0.882183,0.150098,-0.042383,0.000000,0.443016,0.151844,0.040638,-0.008727,0.961860,0.082030
1771203884.327,5850,2,2,0.0000,0.0404,0.9573,0.0000,0.0023,0.0001,0.0000,0.000861,0.224518,0.000367,0.002448,0.002104,0.000000,0.000000,-0.044275,-0.001745,0.006842,-0.001745,-0.007915,-0.001745,-0.005096,0.003491,-0.009342,0.000000,0.000000,-0.003491,0.917964,0.150098,-0.068094,0.000000,0.357916,0.151844,0.066349,-0.008727,0.968014,0.082030
1771203884.427,5853,2,2,0.0000,0.0492,0.9490,0.0000,0.0018,0.0000,0.0000,0.002723,0.190006,0.001268,0.002708,0.002195,0.000000,0.000000,-0.052667,-0.001745,0.004538,-0.003491,-0.009715,-0.001745,-0.002793,0.003491,0.024652,0.000000,0.000000,-0.005236,0.945414,0.150098,-0.200709,0.000000,-0.363736,0.151844,0.198963,-0.008727,0.751725,0.082030
1771203884.527,5856,2,2,0.0000,0.0448,0.9540,0.0000,0.0011,0.0000,0.0000,0.007965,0.172629,0.001463,0.005678,0.007805,0.000000,0.000000,-0.025832,-0.001745,0.007601,-0.001745,-0.069206,-0.001745,-0.007601,0.003491,0.084493,0.000000,0.000000,-0.005236,0.928950,0.150098,-0.226764,0.000000,-0.593189,0.151844,0.223273,-0.006981,0.535351,0.082030
1771203884.628,5859,2,2,0.0000,0.1377,0.8615,0.0000,0.0007,0.0000,0.0000,0.009893,0.108328,0.000666,0.001984,0.011902,0.000000,0.000000,-0.008844,-0.001745,0.016844,-0.003491,-0.029714,-0.001745,-0.015098,0.003491,0.098385,0.000000,-0.001745,-0.005236,0.664531,0.150098,-0.251438,0.001745,-0.767602,0.151844,0.249693,-0.008727,-0.049671,0.082030
1771203884.729,5862,1,2,0.0000,0.5727,0.4271,0.0000,0.0001,0.0000,0.0000,0.016259,0.060105,0.001784,0.001553,0.008449,0.000000,0.000000,0.026434,-0.001745,0.003948,-0.001745,0.015076,-0.001745,0.001288,0.001745,0.146613,0.000000,0.000000,-0.003491,0.186340,0.150098,-0.150947,0.000000,-0.341402,0.151844,0.149201,-0.008727,-0.028687,0.083776
1771203884.829,5865,2,2,0.0000,0.0102,0.9897,0.0000,0.0000,0.0000,0.0000,0.012252,0.427804,0.001506,0.007361,0.017491,0.000000,0.000000,-0.059789,-0.001745,0.002374,-0.001745,0.019543,-0.001745,0.001116,0.003491,0.120503,0.000000,0.000000,-0.003491,0.891353,0.150098,-0.085119,0.000000,1.897904,0.151844,0.083374,-0.008727,1.875296,0.083776
1771203884.929,5868,2,2,0.0000,0.0155,0.9839,0.0000,0.0006,0.0000,0.0000,0.007558,0.459226,0.001746,0.001322,0.003670,0.000000,0.000000,-0.073830,-0.001745,-0.003236,-0.001745,0.011841,-0.001745,0.006727,0.001745,0.070379,0.000000,0.000000,-0.006981,0.873022,0.150098,-0.100781,0.000000,2.083610,0.151844,0.099035,-0.008727,2.069323,0.083776
1771203885.030,5871,2,2,0.0000,0.0204,0.9773,0.0000,0.0022,0.0000,0.0000,0.005472,0.450126,0.000294,0.001691,0.001410,0.001745,0.000000,-0.033143,-0.001745,-0.003254,-0.001745,-0.052934,-0.001745,0.006745,0.001745,0.055433,0.000000,0.000000,-0.001745,0.856313,0.150098,-0.048480,0.000000,2.083608,0.151844,0.046735,-0.008727,2.029143,0.083776
1771203885.130,5874,2,2,0.0000,0.0487,0.9380,0.0000,0.0130,0.0002,0.0001,0.007813,0.449188,0.001259,0.003728,0.011961,0.001745,0.000000,-0.034815,-0.001745,-0.004582,-0.001745,-0.026304,-0.001745,0.004582,0.003491,0.083935,0.000000,0.000000,-0.003491,0.864545,0.150098,-0.003796,0.000000,2.083577,0.151844,0.002051,-0.008727,2.054372,0.083776
1771203885.231,5877,2,2,0.0000,0.0598,0.9130,0.0000,0.0265,0.0003,0.0004,0.010356,0.449819,0.002862,0.002802,0.001816,0.000000,0.000000,-0.038134,-0.001745,-0.009557,-0.001745,0.009395,-0.001745,0.011303,0.001745,0.101826,0.000000,0.000000,-0.003491,0.857887,0.151844,0.018349,0.000000,2.083596,0.151844,-0.021840,-0.008727,2.050530,0.083776
1771203885.331,5880,2,2,0.0000,0.0824,0.8558,0.0000,0.0606,0.0006,0.0006,0.001919,0.450954,0.000890,0.001807,0.003618,0.000000,0.000000,0.006400,-0.001745,0.014881,-0.001745,-0.030616,-0.001745,-0.009645,0.001745,-0.039000,0.000000,0.000000,-0.003491,0.827735,0.151844,0.037188,0.000000,2.083637,0.151844,-0.038934,-0.008727,2.075425,0.083776
1771203885.431,5883,2,2,0.0000,0.0899,0.8135,0.0000,0.0951,0.0007,0.0008,0.001068,0.453436,0.000914,0.004557,0.010265,0.000000,0.000000,0.004047,-0.001745,-0.005284,-0.001745,-0.009654,-0.001745,0.005284,0.003491,-0.027735,0.000000,0.000000,-0.003491,0.832943,0.153589,0.054452,0.000000,2.083568,0.151844,-0.056197,-0.008727,2.081061,0.083776
1771203885.531,5886,2,2,0.0000,0.0980,0.7594,0.0000,0.1410,0.0009,0.0008,0.001821,0.456522,0.001585,0.005251,0.016805,0.000000,0.000000,-0.092951,-0.001745,-0.006629,-0.001745,0.013483,-0.001745,0.006629,0.001745,-0.019969,0.000000,0.000000,-0.003491,0.861001,0.153589,0.065566,0.000000,2.083600,0.151844,-0.067311,-0.008727,2.078894,0.083776
1771203885.631,5889,2,2,0.0000,0.0831,0.7746,0.0000,0.1404,0.0009,0.0010,0.006040,0.458307,0.002242,0.005436,0.004111,0.000000,0.000000,-0.155766,-0.001745,0.009631,-0.001745,0.061109,-0.001745,-0.006140,0.001745,-0.033083,0.000000,0.000000,-0.001745,0.875390,0.153589,0.078274,0.000000,2.083521,0.151844,-0.081765,-0.008727,2.073287,0.083776
1771203885.734,5892,2,2,0.0000,0.0764,0.7260,0.0000,0.1945,0.0015,0.0015,0.018878,0.460053,0.002027,0.003767,0.003611,-0.001745,0.000000,-0.080989,-0.001745,0.009203,-0.001745,0.116807,-0.001745,-0.009203,0.003491,0.097037,0.000000,0.000000,-0.001745,0.890633,0.153589,0.087364,0.000000,2.083583,0.151844,-0.089109,-0.008727,2.069852,0.083776
1771203885.832,5895,2,2,0.0000,0.0715,0.6258,0.0000,0.2979,0.0025,0.0023,0.022163,0.459218,0.001535,0.003616,0.005497,0.000000,0.000000,-0.025535,-0.001745,0.001293,-0.003491,0.098708,-0.001745,0.003943,0.001745,0.160262,0.000000,0.000000,-0.005236,0.885139,0.153589,0.087913,0.000000,2.083561,0.151844,-0.089659,-0.008727,2.064791,0.083776
1771203885.934,5898,2,2,0.0000,0.0520,0.5199,0.0000,0.4204,0.0031,0.0046,0.019403,0.460275,0.000623,0.002446,0.006829,0.000000,0.000000,0.011370,-0.001745,-0.005187,-0.003491,0.064231,-0.001745,0.006933,0.003491,0.146811,0.000000,0.000000,-0.005236,0.880185,0.153589,0.087722,0.000000,2.083570,0.151844,-0.089467,-0.008727,2.082611,0.083776
1771203886.032,5901,4,2,0.0000,0.0204,0.3594,0.0001,0.6127,0.0029,0.0046,0.016341,0.463037,0.000407,0.005027,0.021354,0.000000,0.000000,0.014229,-0.001745,-0.010248,-0.003491,0.033061,-0.001745,0.013738,0.003491,0.131569,0.000000,0.000000,-0.003491,0.891747,0.153589,0.088004,0.000000,2.083638,0.151844,-0.089749,-0.008727,2.103853,0.083776
1771203886.134,5904,4,4,0.0000,0.0081,0.2474,0.0000,0.7391,0.0028,0.0025,0.016756,0.465337,0.000926,0.006842,0.007729,0.000000,0.000000,-0.022987,-0.001745,-0.017680,-0.001745,0.042544,-0.001745,0.021171,0.000000,0.137354,0.000000,0.000000,-0.003491,0.920621,0.153589,0.089318,0.000000,2.083595,0.151844,-0.092809,-0.008727,2.101303,0.083776
1771203886.233,5907,4,4,0.0000,0.0074,0.2827,0.0000,0.7072,0.0011,0.0015,0.013854,0.468860,0.003603,0.003660,0.001690,0.000000,0.000000,-0.083567,-0.001745,-0.005782,-0.001745,0.048770,-0.001745,0.014508,0.000000,0.102970,0.000000,0.000000,-0.003491,0.954459,0.153589,0.095061,0.000000,2.083604,0.151844,-0.096806,-0.006981,2.103984,0.083776
1771203886.334,5910,1,1,0.0001,0.9117,0.0881,0.0000,0.0001,0.0000,0.0000,0.011098,0.465548,0.004021,0.003815,0.005912,0.000000,0.000000,-0.059415,-0.001745,0.025290,-0.001745,0.087855,-0.001745,-0.018308,0.000000,0.020031,0.000000,0.000000,-0.003491,0.934405,0.153589,0.093647,0.000000,2.083508,0.151844,-0.095392,-0.008727,2.085804,0.083776
1771203886.437,5913,2,2,0.0000,0.0429,0.5303,0.0000,0.4236,0.0022,0.0010,0.014168,0.457461,0.001455,0.008280,0.014021,-0.001745,0.000000,-0.063963,-0.001745,-0.007025,-0.001745,0.027675,0.000000,0.014006,0.001745,0.126588,0.000000,-0.001745,0.001745,0.920771,0.155334,0.063883,0.003491,2.083594,0.151844,-0.065628,-0.008727,2.023352,0.085521
1771203886.537,5916,4,2,0.0000,0.0354,0.3627,0.0000,0.5975,0.0034,0.0010,0.030364,0.453989,0.001923,0.006780,0.024698,0.000000,0.000000,-0.053341,-0.001745,-0.029394,-0.001745,0.091768,0.000000,0.038121,0.001745,0.232740,0.000000,-0.001745,0.005236,0.986808,0.155334,0.031364,0.006981,2.083573,0.151844,-0.040091,-0.008727,1.941203,0.085521
1771203886.638,5919,4,4,0.0000,0.0203,0.1948,0.0000,0.7792,0.0043,0.0013,0.032010,0.456317,0.001960,0.002378,0.012105,0.000000,0.000000,-0.054965,-0.001745,-0.021480,-0.005236,0.135179,0.010472,0.035442,0.001745,0.201279,-0.008727,-0.003491,0.005236,1.040201,0.157080,0.019178,0.008727,2.083611,0.151844,-0.029650,-0.010472,1.915679,0.094248
1771203886.738,5922,4,4,0.0000,0.0219,0.1508,0.0000,0.8219,0.0044,0.0011,0.017202,0.452790,0.001308,0.002024,0.013034,0.000000,0.000000,-0.025498,-0.001745,-0.010750,-0.008727,0.041303,0.010472,0.028204,0.001745,0.124702,-0.010472,-0.006981,0.006981,1.029473,0.157080,0.023028,0.008727,2.083625,0.151844,-0.033500,-0.010472,1.871499,0.101229
1771203886.839,5925,4,4,0.0000,0.0085,0.1865,0.0000,0.8034,0.0010,0.0007,0.005630,0.450726,0.001211,0.003530,0.010954,0.000000,0.000000,-0.032164,-0.001745,0.030234,-0.008727,-0.070433,0.010472,-0.011035,0.003491,0.023358,-0.010472,-0.005236,0.000000,1.040311,0.155334,0.013784,0.006981,2.083630,0.151844,-0.027747,-0.010472,1.850368,0.106465
1771203886.939,5928,4,4,0.0000,0.0093,0.1642,0.0000,0.8249,0.0010,0.0005,0.007469,0.450384,0.000354,0.002518,0.007413,0.000000,0.000000,0.006018,-0.001745,0.027016,-0.008727,-0.069069,0.010472,-0.007818,0.003491,0.042626,-0.010472,-0.005236,-0.001745,1.028770,0.153589,0.007706,0.006981,2.078307,0.151844,-0.018178,-0.012217,1.865704,0.111701
1771203887.039,5931,4,4,0.0000,0.0079,0.2408,0.0000,0.7501,0.0007,0.0006,0.033515,0.449855,0.001248,0.003579,0.016922,0.000000,0.000000,0.043091,-0.001745,-0.026004,-0.008727,0.102142,0.010472,0.046948,0.003491,0.196034,-0.010472,-0.003491,-0.001745,0.959005,0.155334,0.005123,0.005236,2.074856,0.151844,-0.013850,-0.012217,1.935161,0.111701
1771203887.139,5934,4,4,0.0000,0.0055,0.1789,0.0000,0.8137,0.0010,0.0009,0.035201,0.453134,0.001468,0.001303,0.004208,0.000000,0.000000,0.027601,-0.001745,-0.018113,-0.008727,0.162786,0.010472,0.039057,0.003491,0.179001,-0.010472,-0.005236,0.000000,0.925345,0.157080,0.009499,0.006981,2.074893,0.151844,-0.014735,-0.012217,2.000268,0.111701
1771203887.240,5937,4,4,0.0000,0.0080,0.3162,0.0000,0.6735,0.0009,0.0014,0.029799,0.447405,0.000230,0.002132,0.007268,0.000000,0.000000,0.008848,-0.001745,-0.011573,-0.008727,0.142621,0.010472,0.032517,0.003491,0.159638,-0.010472,-0.006981,0.008727,0.791390,0.160570,0.004973,0.006981,2.074863,0.151844,-0.006718,-0.012217,2.057805,0.111701
1771203887.340,5940,4,4,0.0000,0.0066,0.2921,0.0000,0.6986,0.0012,0.0016,0.039409,0.448817,0.000970,0.002912,0.005990,0.000000,0.000000,-0.000766,-0.001745,-0.007672,-0.008727,0.156720,0.010472,0.028616,0.003491,0.273607,-0.010472,-0.005236,0.008727,0.763226,0.164061,0.005587,0.006981,2.074926,0.151844,-0.009077,-0.012217,2.097011,0.113446
1771203887.440,5943,4,4,0.0000,0.0049,0.2085,0.0000,0.7838,0.0012,0.0015,0.038472,0.448408,0.001308,0.001003,0.005511,0.000000,0.000000,0.032445,-0.001745,-0.017026,-0.008727,0.099720,0.010472,0.039715,0.003491,0.275819,-0.010472,-0.005236,0.008727,0.752725,0.167552,0.007777,0.006981,2.074841,0.151844,-0.011268,-0.012217,2.096998,0.113446
1771203887.540,5946,4,4,0.0000,0.0037,0.1469,0.0000,0.8469,0.0012,0.0013,0.039864,0.446132,0.000532,0.000995,0.011817,0.000000,0.000000,0.136815,-0.001745,0.005944,-0.008727,0.069753,0.010472,0.015000,0.003491,0.236888,-0.010472,-0.006981,0.008727,0.722006,0.171042,0.007606,0.006981,2.074895,0.151844,-0.012842,-0.012217,2.097031,0.113446
1771203887.642,5949,4,4,0.0000,0.0081,0.0979,0.0000,0.8881,0.0044,0.0014,0.028391,0.440930,0.000898,0.001842,0.003918,0.000000,0.000000,0.124539,-0.001745,0.040695,-0.010472,0.025828,0.010472,-0.019751,0.003491,0.135669,-0.010472,-0.005236,0.008727,0.667145,0.171042,-0.000211,0.006981,2.074876,0.151844,-0.005025,-0.012217,2.097093,0.113446
1771203887.746,5952,4,4,0.0000,0.0246,0.2035,0.0000,0.7599,0.0095,0.0024,0.021147,0.438224,0.000172,0.001536,0.002787,0.000000,0.000000,0.156948,-0.001745,0.024434,-0.010472,-0.080847,0.010472,-0.001744,0.003491,0.058421,-0.010472,-0.005236,0.008727,0.634780,0.171042,-0.001612,0.006981,2.074848,0.151844,-0.003624,-0.012217,2.097017,0.113446
1771203887.845,5955,4,4,0.0000,0.0132,0.1273,0.0000,0.8521,0.0057,0.0017,0.021686,0.441673,0.001351,0.001695,0.015373,0.000000,0.000000,0.127971,-0.001745,0.027164,-0.010472,-0.060272,0.010472,-0.004475,0.005236,0.089392,-0.010472,-0.006981,0.008727,0.666143,0.171042,0.010057,0.006981,2.074814,0.151844,-0.015293,-0.012217,2.097017,0.113446
1771203887.945,5958,4,4,0.0000,0.0674,0.2721,0.0000,0.6497,0.0094,0.0014,0.011178,0.443565,0.004002,0.003286,0.009071,0.000000,0.000000,0.052990,-0.001745,0.030667,-0.012217,-0.048660,0.010472,-0.007978,0.003491,0.036510,-0.010472,-0.006981,0.008727,0.724124,0.172788,0.004404,0.006981,2.074852,0.151844,-0.011385,-0.012217,2.065619,0.113446
1771203888.047,5961,4,4,0.0000,0.0145,0.2936,0.0000,0.6883,0.0023,0.0014,0.011875,0.442985,0.002081,0.000388,0.011395,0.000000,0.000000,0.067633,-0.001745,0.060903,-0.012217,-0.061068,0.010472,-0.034723,0.003491,-0.060366,-0.010472,-0.005236,0.008727,0.721261,0.172788,0.001297,0.006981,2.074895,0.151844,-0.008278,-0.012217,2.064578,0.113446
1771203888.146,5964,4,4,0.0000,0.0101,0.3015,0.0000,0.6866,0.0009,0.0009,0.018634,0.442459,0.001094,0.002296,0.007838,0.000000,0.000000,0.061285,-0.001745,0.073285,-0.012217,0.033043,0.010472,-0.047105,0.003491,0.042038,-0.010472,-0.005236,0.008727,0.712832,0.172788,0.000779,0.008727,2.074802,0.151844,-0.009505,-0.012217,2.065558,0.113446
1771203888.246,5967,4,4,0.0000,0.0103,0.3431,0.0000,0.6450,0.0007,0.0009,0.015216,0.437529,0.001305,0.002824,0.011206,0.000000,0.001745,0.052494,-0.001745,0.075427,-0.012217,0.027528,0.010472,-0.049247,0.003491,0.011430,-0.010472,-0.005236,0.008727,0.682411,0.172788,0.003806,0.008727,2.074829,0.151844,-0.010787,-0.012217,2.033771,0.113446
1771203888.346,5970,4,4,0.0000,0.0140,0.4803,0.0000,0.5039,0.0006,0.0011,0.006586,0.438033,0.001414,0.003219,0.002430,0.000000,0.000000,-0.000895,-0.001745,0.065072,-0.012217,-0.041935,0.010472,-0.038892,0.003491,-0.067067,-0.010472,-0.006981,0.010472,0.677350,0.172788,0.009926,0.008727,2.074799,0.151844,-0.018653,-0.012217,2.037043,0.113446
1771203888.446,5973,2,4,0.0000,0.0159,0.4961,0.0000,0.4858,0.0007,0.0014,0.007438,0.436878,0.000381,0.000652,0.002875,0.000000,0.000000,0.004259,-0.001745,0.063809,-0.012217,0.007222,0.010472,-0.037629,0.003491,-0.021524,-0.010472,-0.005236,0.008727,0.665297,0.172788,0.007022,0.008727,2.074879,0.151844,-0.017494,-0.012217,2.039802,0.113446
1771203888.547,5976,2,2,0.0000,0.0240,0.8721,0.0000,0.1027,0.0003,0.0009,0.007031,0.436082,0.000314,0.000886,0.000675,0.000000,0.000000,0.002878,-0.001745,0.062130,-0.012217,0.005407,0.010472,-0.037695,0.003491,-0.008690,-0.010472,-0.005236,0.008727,0.656382,0.174533,0.005514,0.008727,2.074845,0.151844,-0.015986,-0.012217,2.038966,0.113446
1771203888.647,5979,2,2,0.0000,0.0281,0.9202,0.0000,0.0506,0.0002,0.0008,0.006240,0.437048,0.001127,0.000117,0.001587,0.000000,0.000000,0.007797,-0.001745,0.034950,-0.008727,0.026901,0.003491,-0.015751,0.001745,-0.001029,-0.003491,-0.005236,0.010472,0.661763,0.172788,0.010042,0.008727,2.074905,0.151844,-0.020513,-0.012217,2.040592,0.113446
1771203888.747,5982,2,2,0.0000,0.0303,0.8814,0.0000,0.0869,0.0004,0.0009,0.007183,0.435933,0.000319,0.007007,0.014647,0.000000,0.000000,-0.014316,-0.001745,0.038959,-0.008727,0.043748,0.003491,-0.016270,0.000000,-0.008832,-0.003491,-0.005236,0.010472,0.632722,0.172788,0.022493,0.008727,2.074857,0.151844,-0.032965,-0.012217,2.043853,0.113446
1771203888.847,5985,2,2,0.0000,0.0255,0.7097,0.0000,0.2623,0.0009,0.0016,0.006529,0.436560,0.001276,0.002631,0.010413,0.000000,0.000000,0.007963,-0.001745,0.040217,-0.006981,0.024933,0.003491,-0.014037,0.001745,-0.001093,-0.003491,-0.006981,0.010472,0.639552,0.172788,0.024509,0.008727,2.074865,0.151844,-0.034981,-0.012217,2.042515,0.113446
1771203888.947,5988,2,2,0.0000,0.0262,0.7025,0.0000,0.2677,0.0013,0.0022,0.005681,0.438091,0.000397,0.000905,0.002092,0.000000,0.000000,0.012567,-0.001745,0.024111,-0.005236,0.016677,0.003491,0.003814,0.001745,0.005763,-0.003491,-0.005236,0.010472,0.684003,0.172788,0.021991,0.008727,2.074837,0.151844,-0.032463,-0.012217,2.018981,0.113446
1771203889.051,5991,2,2,0.0000,0.0302,0.8633,0.0000,0.1042,0.0007,0.0015,0.003910,0.439971,0.000377,0.001947,0.003138,0.000000,0.000000,-0.028011,-0.001745,0.012583,-0.005236,0.017840,0.003491,0.001380,0.001745,0.009878,-0.003491,-0.005236,0.010472,0.711666,0.172788,0.014981,0.008727,2.074846,0.151844,-0.025453,-0.012217,2.020878,0.113446
1771203889.160,5994,2,2,0.0000,0.0189,0.9709,0.0000,0.0096,0.0003,0.0003,0.003092,0.440226,0.000131,0.004671,0.008990,0.000000,0.000000,-0.023730,-0.001745,0.009839,-0.003491,0.016432,0.003491,-0.001112,0.001745,0.005596,-0.001745,-0.005236,0.010472,0.720064,0.172788,0.006605,0.008727,2.074772,0.151844,-0.017077,-0.012217,2.023999,0.113446
1771203889.251,5997,2,2,0.0000,0.0212,0.9430,0.0000,0.0348,0.0006,0.0003,0.001951,0.441116,0.000228,0.001158,0.022629,0.000000,0.000000,-0.003755,-0.001745,0.006022,-0.003491,0.012157,0.001745,-0.004276,0.003491,-0.014438,-0.001745,-0.005236,0.010472,0.771221,0.174533,-0.005568,0.008727,2.074847,0.151844,-0.004904,-0.012217,1.988303,0.113446
1771203889.351,6000,2,2,0.0000,0.0311,0.8812,0.0000,0.0860,0.0006,0.0011,0.000436,0.436224,0.000536,0.002433,0.002244,0.000000,0.000000,-0.017184,-0.001745,0.001954,-0.003491,-0.006384,0.001745,0.001536,0.000000,-0.000379,0.000000,-0.005236,0.010472,0.838403,0.172788,-0.011883,0.008727,2.074873,0.151844,-0.000335,-0.012217,1.864140,0.113446
1771203889.451,6003,2,2,0.0000,0.1363,0.7622,0.0000,0.0989,0.0016,0.0010,0.001907,0.429765,0.000742,0.001720,0.001652,0.000000,0.000000,0.002973,-0.001745,0.000570,-0.003491,-0.000727,0.001745,0.002921,0.000000,0.014672,0.000000,-0.005236,0.012217,0.781777,0.176278,-0.011920,0.008727,2.073098,0.151844,-0.000297,-0.012217,1.838044,0.115192
1771203889.552,6006,2,2,0.0000,0.1249,0.8203,0.0000,0.0527,0.0013,0.0008,0.004740,0.426300,0.001157,0.001374,0.001146,0.000000,0.000000,-0.003368,-0.001745,0.009448,-0.003491,-0.022890,0.001745,-0.009448,0.001745,0.043940,0.000000,-0.006981,0.012217,0.758844,0.183260,-0.026063,0.010472,2.073128,0.151844,0.013846,-0.012217,1.796796,0.115192
1771203889.652,6009,2,2,0.0000,0.1335,0.8154,0.0000,0.0493,0.0011,0.0008,0.003815,0.421032,0.001073,0.000510,0.002581,0.000000,0.000000,0.001708,-0.001745,0.006688,-0.003491,-0.031672,0.001745,-0.006688,0.001745,0.033894,0.000000,-0.005236,0.012217,0.695961,0.183260,-0.050938,0.008727,2.073111,0.151844,0.038721,-0.012217,1.775103,0.113446
1771203889.752,6012,2,2,0.0000,0.2006,0.6802,0.0000,0.1160,0.0015,0.0017,0.003504,0.344586,0.000423,0.000991,0.005466,0.000000,0.000000,-0.018582,-0.001745,0.002598,-0.005236,-0.033938,0.001745,-0.000853,0.001745,0.035959,0.000000,-0.006981,0.012217,0.392220,0.183260,-0.063553,0.010472,1.867819,0.151844,0.053081,-0.012217,1.350674,0.113446
1771203889.853,6015,1,1,0.0000,0.7087,0.2399,0.0000,0.0493,0.0011,0.0009,0.021387,0.175270,0.000604,0.000660,0.001031,0.000000,0.000000,-0.033760,-0.001745,-0.038856,-0.005236,0.072505,0.001745,0.038856,0.001745,0.141789,0.000000,-0.006981,0.012217,0.125392,0.181514,-0.052393,0.010472,0.865160,0.151844,0.043666,-0.012217,0.597781,0.115192
1771203889.953,6018,1,1,0.0000,0.8208,0.1419,0.0000,0.0362,0.0006,0.0004,0.026247,0.137527,0.000562,0.000650,0.005166,0.000000,0.000000,-0.039128,-0.001745,-0.037939,-0.005236,0.133968,0.001745,0.043175,0.005236,0.130834,0.000000,-0.005236,0.010472,-0.004228,0.171042,-0.036583,0.005236,0.692799,0.151844,0.031347,-0.012217,0.472398,0.115192
1771203890.053,6021,1,1,0.0000,0.8714,0.1198,0.0000,0.0086,0.0001,0.0000,0.025972,0.098206,0.000472,0.001718,0.004893,0.000000,0.000000,0.011114,-0.001745,-0.019973,-0.005236,0.086203,0.001745,0.030445,0.001745,0.180412,0.000000,0.001745,0.000000,0.075989,0.151844,-0.026799,-0.001745,0.384472,0.151844,0.012836,-0.012217,0.286297,0.113446
1771203890.152,6024,1,1,0.0000,0.8859,0.1133,0.0000,0.0007,0.0000,0.0000,0.013783,0.096884,0.000622,0.001897,0.004330,0.000000,0.000000,-0.006141,-0.001745,0.000914,-0.005236,0.013255,0.003491,0.016539,0.003491,0.127704,-0.001745,0.000000,0.003491,0.116707,0.136136,-0.034469,-0.005236,0.285591,0.150098,0.015271,-0.010472,0.341865,0.113446
1771203890.254,6027,1,1,0.0000,0.6050,0.3948,0.0000,0.0002,0.0000,0.0000,0.003292,0.087659,0.000949,0.000494,0.001995,0.000000,0.000000,-0.013298,-0.001745,0.016312,-0.005236,-0.037580,0.003491,-0.004094,0.001745,0.017952,0.000000,-0.003491,0.005236,0.110719,0.136136,-0.020307,-0.003491,0.163449,0.143117,-0.002382,-0.003491,0.379807,0.113446
1771203890.355,6030,2,2,0.0000,0.3919,0.6080,0.0000,0.0001,0.0000,0.0000,0.002777,0.070894,0.000936,0.000934,0.007747,0.000000,0.000000,-0.043042,-0.001745,0.011101,-0.005236,-0.001381,0.000000,-0.002374,0.001745,0.020480,0.000000,-0.005236,0.005236,0.085457,0.136136,0.010954,-0.001745,0.038195,0.129154,-0.019680,0.000000,0.332149,0.113446
1771203890.454,6033,1,1,0.0000,0.7846,0.2154,0.0000,0.0000,0.0000,0.0000,0.001743,0.044534,0.000915,0.001190,0.008231,0.000000,0.000000,-0.031883,-0.001745,0.016672,-0.003491,-0.003523,0.000000,-0.011436,0.001745,0.002495,0.000000,-0.006981,0.006981,-0.476483,0.134390,-0.167883,0.003491,-0.385721,0.104720,0.166138,0.003491,-0.469122,0.115192
1771203890.555,6036,1,1,0.0000,0.9455,0.0544,0.0000,0.0000,0.0000,0.0000,0.007618,0.036789,0.000528,0.001093,0.005545,0.000000,0.000000,0.041011,-0.001745,0.035748,-0.003491,-0.018536,0.000000,-0.025276,0.001745,0.012908,0.000000,-0.005236,0.005236,-0.175143,0.099484,-0.163963,-0.001745,-0.440131,0.076794,0.165708,-0.003491,-0.431686,0.094248
1771203890.655,6039,1,1,0.0000,0.9757,0.0243,0.0000,0.0000,0.0000,0.0000,0.003433,0.020415,0.000417,0.000358,0.001167,0.000000,0.000000,0.012996,-0.001745,0.026450,-0.003491,-0.087749,0.000000,-0.012487,0.001745,-0.041254,0.000000,-0.003491,0.005236,-0.102393,0.055851,-0.054739,-0.003491,-0.278568,0.052360,0.061720,-0.001745,-0.515085,0.069813
1771203890.755,6042,1,1,0.0000,0.9976,0.0024,0.0000,0.0000,0.0000,0.0000,0.001574,0.013188,0.000924,0.001592,0.001966,0.000000,0.001745,-0.068208,-0.001745,0.013652,-0.005236,-0.034021,0.000000,-0.001435,0.003491,-0.038054,0.000000,-0.003491,0.003491,-0.025913,0.034907,-0.015142,-0.003491,-0.171463,0.038397,0.027360,-0.001745,-0.315344,0.054105
1771203890.855,6045,1,1,0.0000,0.9989,0.0011,0.0000,0.0000,0.0000,0.0000,0.000873,0.009943,0.000483,0.000416,0.000737,0.000000,0.000000,-0.063093,-0.001745,0.004488,-0.005236,-0.009265,0.000000,0.004238,0.001745,-0.040459,0.000000,-0.003491,0.003491,0.015301,0.015708,-0.002788,-0.001745,-0.111924,0.024435,0.016751,-0.001745,-0.169379,0.043633
1771203890.955,6048,1,1,0.0000,0.9996,0.0004,0.0000,0.0000,0.0000,0.0000,0.001024,0.009023,0.000494,0.000389,0.000868,0.000000,0.000000,-0.077002,-0.001745,0.000360,-0.003491,0.005307,0.000000,0.004876,0.001745,-0.025697,0.000000,-0.003491,0.005236,0.036723,0.005236,0.003672,-0.001745,-0.074872,0.012217,0.006800,-0.001745,-0.111989,0.038397
1771203891.056,6051,1,1,0.0000,0.9990,0.0010,0.0000,0.0000,0.0000,0.0000,0.003506,0.006226,0.001139,0.001912,0.001989,0.000000,0.000000,-0.042543,-0.001745,-0.012860,-0.005236,0.025724,0.000000,0.014605,0.001745,-0.000854,0.000000,-0.003491,0.005236,-0.118511,0.001745,-0.017119,-0.001745,-0.081433,0.005236,0.027591,-0.001745,-0.071361,0.034907
1771203891.156,6054,1,1,0.0000,0.9991,0.0009,0.0000,0.0000,0.0000,0.0000,0.005065,0.007481,0.001813,0.010548,0.006795,0.000000,0.000000,0.017144,-0.001745,-0.015325,-0.003491,0.013394,0.000000,0.018816,0.001745,0.009679,0.000000,-0.003491,0.005236,-0.247918,0.000000,-0.025197,-0.001745,-0.100688,0.001745,0.051377,-0.001745,-0.018577,0.031416
1771203891.256,6057,1,1,0.0000,0.9997,0.0002,0.0000,0.0000,0.0000,0.0000,0.002947,0.006015,0.001281,0.004919,0.004711,0.000000,0.000000,0.030963,-0.001745,-0.000905,-0.005236,-0.044058,0.000000,0.004395,0.000000,-0.068421,0.000000,-0.003491,0.005236,-0.143444,0.000000,-0.005862,-0.003491,-0.075530,0.000000,0.040768,-0.003491,-0.021675,0.026180
1771203891.357,6060,1,1,0.0000,0.9999,0.0001,0.0000,0.0000,0.0000,0.0000,0.002849,0.005236,0.001094,0.004062,0.011921,0.000000,0.000000,0.025547,-0.001745,0.006891,-0.005236,-0.056606,0.000000,-0.003401,0.001745,-0.074674,0.000000,-0.003491,0.005236,-0.153820,0.000000,0.026387,-0.003491,-0.084037,0.000000,0.008520,-0.001745,-0.207418,0.022689
1771203891.457,6063,1,1,0.0000,1.0000,0.0000,0.0000,0.0000,0.0000,0.0000,0.004077,0.005749,0.001779,0.006555,0.004077,0.000000,0.000000,0.043101,-0.001745,-0.000587,-0.005236,-0.028726,0.000000,0.002333,0.003491,-0.125485,0.000000,-0.003491,0.005236,-0.338656,0.000000,0.044552,-0.001745,-0.246858,0.000000,-0.013136,-0.003491,-0.301692,0.019199
1771203891.557,6066,1,1,0.0000,1.0000,0.0000,0.0000,0.0000,0.0000,0.0000,0.009705,0.008026,0.001108,0.003077,0.001958,0.000000,0.000000,0.062278,-0.001745,0.018281,-0.005236,-0.000261,0.000000,-0.016535,0.001745,0.034157,0.000000,-0.005236,0.003491,-0.060523,0.000000,0.082348,-0.001745,-0.099582,0.000000,-0.050932,-0.001745,-0.234325,0.010472
1771203891.657,6069,1,1,0.0000,1.0000,0.0000,0.0000,0.0000,0.0000,0.0000,0.017663,0.007787,0.001745,0.002881,0.003962,0.000000,0.000000,0.117103,-0.001745,0.008815,-0.003491,-0.001961,0.000000,-0.003580,0.001745,0.084293,0.000000,-0.003491,0.005236,-0.020208,0.000000,0.018753,-0.001745,0.025375,0.000000,0.014409,-0.001745,0.022687,0.006981
1771203891.758,6072,1,1,0.0000,1.0000,0.0000,0.0000,0.0000,0.0000,0.0000,0.019438,0.010268,0.001019,0.001210,0.001047,0.000000,0.000000,0.099907,-0.001745,-0.010868,-0.003491,0.014507,0.000000,0.016104,0.003491,0.099249,0.000000,-0.005236,0.005236,-0.043475,0.000000,-0.003860,-0.003491,0.046852,0.000000,0.037021,-0.001745,0.030622,0.003491
1771203891.858,6075,1,1,0.0000,0.9999,0.0000,0.0000,0.0000,0.0000,0.0000,0.018468,0.016166,0.000857,0.002445,0.002826,0.000000,0.000000,0.092357,-0.001745,-0.028141,-0.003491,0.016513,0.000000,0.033377,0.003491,0.075882,0.000000,-0.005236,0.005236,-0.002010,0.000000,-0.004649,-0.003491,0.074195,0.000000,0.039555,-0.001745,0.073254,0.001745
1771203891.958,6078,1,1,0.0000,0.9998,0.0002,0.0000,0.0000,0.0000,0.0000,0.033096,0.020155,0.000923,0.001144,0.001825,0.000000,0.000000,0.064561,-0.001745,-0.072871,-0.005236,0.041505,0.000000,0.085088,0.003491,0.202509,0.000000,-0.003491,0.005236,-0.025543,-0.001745,-0.016109,-0.001745,-0.024971,0.000000,0.054506,-0.003491,0.180377,0.001745
1771203892.058,6081,1,1,0.0000,0.9982,0.0017,0.0001,0.0000,0.0000,0.0000,0.024479,0.037515,0.001331,0.003160,0.003880,0.000000,0.000000,0.020669,-0.001745,-0.010767,-0.005236,0.133705,0.000000,0.022984,0.003491,0.112894,0.000000,-0.003491,0.003491,0.108463,0.000000,-0.025856,-0.003491,0.035385,0.000000,0.065998,-0.001745,0.235092,0.001745
1771203892.159,6084,1,1,0.0040,0.9841,0.0088,0.0013,0.0001,0.0000,0.0016,0.017355,0.104174,0.000466,0.001971,0.000752,0.000000,0.001745,0.042404,-0.001745,0.010511,-0.005236,0.079578,0.000000,-0.000040,0.003491,0.070534,0.000000,-0.003491,0.005236,0.310865,0.000000,-0.092010,-0.001745,0.348001,0.000000,0.133898,-0.001745,0.450341,0.001745
1771203892.259,6087,1,1,0.0021,0.9623,0.0324,0.0013,0.0006,0.0001,0.0012,0.020081,0.069138,0.000267,0.003476,0.004601,0.000000,0.001745,0.030733,-0.001745,0.008090,-0.005236,0.135402,0.000000,-0.002854,0.005236,0.059766,0.000000,0.000000,0.000000,0.226291,0.008727,-0.114994,-0.003491,0.140605,0.000000,0.148155,-0.001745,0.304136,0.001745
1771203892.359,6090,1,1,0.0003,0.9814,0.0177,0.0004,0.0001,0.0000,0.0002,0.007187,0.024125,0.000509,0.001916,0.001188,0.000000,0.000000,0.030432,-0.001745,0.019273,-0.005236,0.008649,0.003491,-0.012292,0.003491,0.020905,-0.003491,-0.005236,0.006981,0.124919,0.000000,-0.027584,-0.003491,-0.162030,0.000000,0.053763,0.000000,0.102096,0.001745
1771203892.460,6093,1,1,0.0000,0.9963,0.0036,0.0000,0.0000,0.0000,0.0000,0.001309,0.053772,0.000760,0.001295,0.001275,0.000000,0.000000,-0.089598,-0.001745,0.004000,-0.005236,-0.018472,0.003491,0.004727,0.003491,-0.004365,-0.003491,0.005236,-0.010472,0.445470,-0.006981,0.099671,-0.005236,0.051331,0.000000,-0.080472,0.000000,0.041816,0.001745
1771203892.560,6096,1,1,0.0000,0.8494,0.1506,0.0000,0.0000,0.0000,0.0000,0.002631,0.191970,0.001884,0.001953,0.004982,0.000000,0.000000,-0.021918,-0.001745,-0.015722,-0.005236,-0.002104,0.003491,0.017468,0.001745,0.008868,-0.003491,0.001745,-0.006981,0.787711,0.006981,0.120656,-0.001745,0.962355,0.000000,-0.099712,0.000000,0.422444,0.001745
1771203892.660,6099,1,1,0.0000,0.8163,0.1836,0.0000,0.0000,0.0000,0.0000,0.007960,0.170652,0.000406,0.001928,0.002579,0.000000,0.000000,0.038303,-0.001745,-0.038850,-0.003491,-0.002120,0.003491,0.042341,0.001745,0.009637,-0.003491,0.003491,-0.003491,0.480138,0.015708,0.030260,-0.005236,0.969718,0.000000,-0.009316,0.006981,0.518842,0.022689
1771203892.762,6102,1,1,0.0000,0.6672,0.3327,0.0000,0.0000,0.0000,0.0000,0.005500,0.153371,0.000572,0.003605,0.004471,0.000000,0.001745,0.038490,-0.001745,-0.015291,-0.005236,-0.011949,0.000000,0.022272,0.003491,-0.013337,0.000000,0.000000,0.001745,0.525419,0.036652,-0.001257,0.005236,0.710698,0.029671,0.030928,0.019199,0.430289,0.050615
1771203892.863,6105,2,1,0.0000,0.4998,0.5001,0.0000,0.0000,0.0000,0.0000,0.014856,0.150338,0.001720,0.004720,0.003396,0.000000,0.001745,0.084809,-0.001745,0.019395,-0.005236,0.027251,0.000000,-0.014159,0.003491,0.041579,0.000000,0.000000,0.000000,0.509099,0.048869,-0.038983,0.003491,0.630062,0.047124,0.068653,0.019199,0.411232,0.066323
1771203892.963,6108,2,2,0.0000,0.3508,0.6490,0.0000,0.0001,0.0000,0.0000,0.009879,0.141798,0.000667,0.006437,0.007237,0.000000,0.000000,0.055949,-0.001745,0.011181,-0.005236,0.013862,0.000000,-0.004200,0.001745,0.035814,0.000000,0.000000,0.000000,0.462042,0.062832,-0.129126,0.000000,0.454011,0.055851,0.157051,0.019199,0.420775,0.069813
1771203893.062,6111,1,1,0.0001,0.6407,0.3590,0.0000,0.0001,0.0000,0.0000,0.007788,0.116435,0.000674,0.003067,0.003799,0.000000,0.000000,0.021478,-0.001745,-0.001191,-0.005236,0.004347,0.000000,0.002936,0.001745,0.062950,0.000000,0.000000,0.001745,0.478411,0.090757,-0.251285,-0.006981,0.009590,0.062832,0.284446,0.019199,0.376933,0.073304
1771203893.163,6114,1,1,0.0001,0.5471,0.4527,0.0000,0.0001,0.0000,0.0000,0.005044,0.143586,0.001019,0.005125,0.003230,0.000000,0.001745,-0.058065,-0.001745,0.009995,-0.005236,-0.003180,0.000000,-0.008250,0.001745,0.047041,0.000000,0.001745,0.008727,0.498744,0.113446,-0.069838,-0.019199,0.469251,0.064577,0.097763,0.022689,0.371038,0.075049
1771203893.263,6117,2,1,0.0001,0.4951,0.5046,0.0000,0.0002,0.0000,0.0000,0.006379,0.140688,0.001038,0.006471,0.003644,0.000000,0.001745,-0.026470,-0.001745,0.016668,-0.005236,-0.001907,0.000000,-0.011432,0.001745,0.056390,0.000000,0.003491,0.010472,0.550392,0.115192,0.017420,-0.020944,0.444279,0.069813,0.003524,0.031416,0.367208,0.075049
1771203893.364,6120,2,2,0.0000,0.4567,0.5431,0.0000,0.0001,0.0000,0.0000,0.010726,0.119310,0.001079,0.005945,0.009803,0.000000,0.001745,0.020990,-0.001745,0.011340,-0.003491,0.004419,0.000000,-0.004359,0.001745,0.088477,0.000000,0.005236,0.010472,0.490971,0.115192,0.021938,-0.019199,0.366116,0.071558,-0.011466,0.033161,0.242029,0.075049
1771203893.464,6123,1,1,0.0000,0.5203,0.4796,0.0000,0.0001,0.0000,0.0000,0.006907,0.098696,0.000298,0.004443,0.007795,0.000000,0.003491,-0.022080,-0.001745,0.010532,-0.005236,-0.001528,0.000000,-0.005296,0.000000,0.068857,0.000000,0.001745,0.012217,0.511345,0.132645,0.005009,-0.019199,0.217903,0.075049,0.000227,0.033161,0.119997,0.075049
1771203893.564,6126,2,2,0.0000,0.4452,0.5548,0.0000,0.0000,0.0000,0.0000,0.006334,0.072645,0.001095,0.000786,0.001299,0.000000,0.001745,-0.010397,-0.001745,0.028518,-0.005236,-0.017238,0.000000,-0.018046,0.001745,0.043996,0.000000,0.003491,0.005236,0.444454,0.136136,-0.005107,-0.017453,0.097542,0.075049,0.003362,0.031416,-0.043051,0.075049
1771203893.664,6129,2,2,0.0000,0.4623,0.5376,0.0000,0.0000,0.0000,0.0000,0.003677,0.047168,0.001507,0.002205,0.001991,0.000000,0.003491,-0.051762,-0.001745,0.038893,-0.005236,-0.026167,0.000000,-0.026675,0.001745,-0.085602,0.000000,0.001745,-0.005236,0.223981,0.132645,0.045326,-0.019199,-0.041098,0.075049,-0.048817,0.024435,-0.164010,0.062832
1771203893.764,6132,2,2,0.0000,0.4313,0.5687,0.0000,0.0000,0.0000,0.0000,0.002173,0.039366,0.000198,0.000942,0.004880,0.000000,0.001745,-0.097910,-0.001745,0.022584,-0.005236,-0.048206,0.000000,-0.006876,0.001745,-0.067507,0.000000,0.003491,-0.006981,0.130908,0.132645,0.050011,-0.019199,-0.054026,0.075049,-0.055247,0.017453,-0.143801,0.062832
1771203893.865,6135,2,2,0.0000,0.0391,0.9608,0.0000,0.0000,0.0000,0.0000,0.001781,0.037351,0.001512,0.002455,0.001927,0.000000,0.001745,-0.073127,-0.001745,0.017878,-0.003491,-0.018085,0.000000,-0.005661,0.001745,-0.044010,0.000000,0.003491,-0.006981,0.078173,0.132645,0.085551,-0.019199,-0.040469,0.075049,-0.089042,0.012217,-0.132828,0.061087
1771203893.966,6138,1,1,0.0000,0.9914,0.0086,0.0000,0.0000,0.0000,0.0000,0.006247,0.043512,0.000142,0.001544,0.001520,0.000000,0.001745,-0.027594,-0.001745,0.015501,-0.003491,0.030154,0.000000,-0.003284,0.000000,0.027561,0.000000,0.000000,-0.008727,0.117033,0.132645,0.127599,-0.019199,-0.102724,0.075049,-0.131089,0.008727,-0.135642,0.061087
1771203894.066,6141,1,1,0.0000,0.9934,0.0066,0.0000,0.0000,0.0000,0.0000,0.012619,0.033245,0.000657,0.000576,0.000719,0.000000,0.001745,0.005774,-0.001745,0.008304,-0.003491,0.085101,0.000000,-0.001323,0.001745,0.048762,0.000000,-0.001745,0.001745,0.111208,0.089012,0.083531,-0.017453,-0.069465,0.062832,-0.081785,0.000000,-0.087031,0.050615
1771203894.166,6144,1,1,0.0000,0.9911,0.0089,0.0000,0.0000,0.0000,0.0000,0.005673,0.023130,0.000545,0.001334,0.002236,0.000000,0.001745,-0.014093,-0.001745,0.020472,-0.005236,0.044112,0.000000,-0.015236,0.001745,-0.008138,0.000000,-0.001745,0.003491,0.061334,0.059341,0.066126,-0.010472,-0.050859,0.043633,-0.057400,0.000000,-0.050385,0.043633
1771203894.266,6147,1,1,0.0000,0.9910,0.0090,0.0000,0.0000,0.0000,0.0000,0.008249,0.016682,0.000447,0.005280,0.004705,0.000000,0.001745,-0.000661,-0.001745,0.015794,-0.005236,0.049948,0.000000,-0.003577,0.001745,0.029756,0.000000,-0.001745,0.006981,0.028454,0.038397,0.051307,-0.006981,-0.032649,0.034907,-0.040835,0.000000,-0.022660,0.040143
1771203894.366,6150,1,1,0.0000,0.9943,0.0056,0.0000,0.0000,0.0000,0.0000,0.015774,0.012399,0.000626,0.002662,0.006798,0.000000,0.001745,0.029567,-0.001745,-0.003885,-0.003491,0.083597,0.000000,0.014357,0.001745,0.058276,0.000000,-0.001745,0.006981,-0.054483,0.024435,0.042142,-0.005236,0.012397,0.024435,-0.022943,0.000000,-0.001007,0.038397
1771203894.466,6153,1,1,0.0000,0.9986,0.0014,0.0000,0.0000,0.0000,0.0000,0.019728,0.008903,0.000726,0.004993,0.007533,0.000000,0.001745,0.079816,-0.001745,0.005988,-0.003491,0.093007,0.000000,-0.000752,0.001745,0.054433,0.000000,-0.001745,0.006981,-0.242053,0.012217,0.027054,-0.003491,0.011718,0.012217,-0.000874,0.000000,-0.044744,0.036652
1771203894.566,6156,1,1,0.0000,0.9999,0.0001,0.0000,0.0000,0.0000,0.0000,0.004981,0.018100,0.002148,0.012293,0.011240,0.000000,0.001745,-0.016731,-0.001745,0.013278,-0.005236,0.023572,0.000000,-0.008042,0.001745,0.019436,0.000000,-0.001745,0.006981,-0.402897,0.006981,-0.140407,-0.003491,-0.208019,0.005236,0.163096,0.000000,-0.278818,0.034907
1771203894.666,6159,1,1,0.0000,1.0000,0.0000,0.0000,0.0000,0.0000,0.0000,0.000598,0.008612,0.001787,0.008362,0.021495,0.000000,0.003491,-0.099846,-0.001745,0.001938,-0.003491,-0.184795,0.000000,-0.000193,0.001745,-0.059728,0.000000,-0.001745,0.005236,-0.323777,0.000000,-0.044002,-0.003491,-0.610040,0.001745,0.063200,-0.001745,-0.673405,0.033161
1771203894.767,6162,1,1,0.0000,1.0000,0.0000,0.0000,0.0000,0.0000,0.0000,0.002056,0.006108,0.000663,0.003595,0.006513,0.000000,0.001745,-0.038821,-0.001745,-0.011753,-0.005236,-0.088702,0.000000,0.020479,0.001745,0.000697,0.000000,-0.001745,0.005236,-0.232103,0.000000,0.043627,-0.005236,-0.717921,0.000000,-0.020938,-0.001745,-0.970920,0.024435
1771203894.867,6165,1,1,0.0000,1.0000,0.0000,0.0000,0.0000,0.0000,0.0000,0.008283,0.005961,0.000851,0.008378,0.006876,0.000000,0.001745,0.090429,-0.001745,-0.001989,-0.003491,-0.039085,0.000000,0.005479,0.001745,-0.006478,0.000000,-0.001745,0.005236,-0.165190,-0.001745,0.045351,-0.003491,-0.550860,0.000000,-0.015680,0.000000,-0.828278,0.020944
1771203894.967,6168,1,1,0.0000,1.0000,0.0000,0.0000,0.0000,0.0000,0.0000,0.012984,0.005225,0.002992,0.005500,0.002062,0.000000,0.001745,0.070520,-0.001745,0.005032,-0.005236,0.017355,0.000000,-0.003287,0.001745,0.059405,0.000000,-0.003491,0.005236,-0.069034,0.000000,0.045242,-0.003491,-0.354688,0.000000,-0.006845,-0.001745,-0.577287,0.012217
1771203895.067,6171,1,1,0.0000,1.0000,0.0000,0.0000,0.0000,0.0000,0.0000,0.010165,0.004695,0.004090,0.004004,0.004323,0.000000,0.001745,0.061436,-0.001745,0.007863,-0.003491,-0.003098,0.000000,-0.004373,0.000000,0.050933,0.000000,-0.003491,0.006981,-0.051004,0.000000,0.044126,-0.005236,-0.182370,-0.001745,-0.002238,0.000000,-0.304932,0.005236
1771203895.169,6174,1,1,0.0000,1.0000,0.0000,0.0000,0.0000,0.0000,0.0000,0.019209,0.003927,0.002437,0.004641,0.003709,0.000000,0.001745,0.016849,-0.001745,-0.011137,-0.005236,0.131763,0.000000,0.014628,0.001745,0.063781,0.000000,-0.003491,0.006981,-0.022330,0.000000,0.022453,-0.003491,-0.134010,-0.001745,0.015944,0.000000,-0.202394,0.001745
1771203895.268,6177,1,1,0.0000,1.0000,0.0000,0.0000,0.0000,0.0000,0.0000,0.029491,0.013214,0.003828,0.004205,0.004068,0.000000,0.003491,0.139106,-0.001745,-0.044052,-0.003491,0.103807,0.000000,0.051034,0.001745,0.054703,0.000000,-0.003491,0.005236,0.078137,0.000000,0.016969,-0.003491,-0.019750,-0.001745,0.012702,-0.003491,0.043776,0.001745
1771203895.368,6180,1,1,0.0000,0.9997,0.0003,0.0000,0.0000,0.0000,0.0000,0.021704,0.071459,0.001337,0.003269,0.003906,0.000000,0.003491,0.014151,-0.001745,-0.044998,-0.003491,0.081917,0.000000,0.051980,0.000000,0.108911,0.000000,-0.003491,0.005236,0.279886,0.000000,-0.019018,-0.003491,0.155582,-0.003491,0.046944,0.000000,0.368118,0.001745
1771203895.468,6183,1,1,0.0000,0.9976,0.0024,0.0000,0.0000,0.0000,0.0000,0.005783,0.032442,0.001734,0.004173,0.002322,0.000000,0.001745,-0.077226,-0.001745,0.023286,-0.003491,0.040874,0.000000,-0.011068,0.003491,-0.008081,0.000000,0.003491,-0.008727,0.109277,0.006981,-0.051813,-0.003491,0.071175,-0.001745,0.084974,-0.001745,0.111665,0.001745
1771203895.568,6186,1,1,0.0000,0.9990,0.0010,0.0000,0.0000,0.0000,0.0000,0.005564,0.024374,0.002967,0.006081,0.005392,0.000000,0.001745,-0.049774,-0.001745,0.062316,-0.003491,-0.073538,0.000000,-0.050099,0.001745,0.000963,0.000000,0.003491,-0.010472,0.096483,0.003491,-0.046712,-0.003491,0.015019,-0.001745,0.076383,0.000000,0.095871,0.001745
1771203895.668,6189,1,1,0.0001,0.9994,0.0004,0.0000,0.0000,0.0000,0.0000,0.006103,0.033302,0.001834,0.012023,0.012315,0.000000,0.003491,-0.157180,-0.001745,0.046153,-0.003491,-0.002892,0.000000,-0.037426,0.001745,0.021842,0.000000,0.003491,-0.008727,0.148643,0.001745,-0.030099,-0.003491,0.004976,-0.001745,0.056279,0.003491,0.179258,0.001745
1771203895.769,6192,1,1,0.0000,0.9996,0.0003,0.0000,0.0000,0.0000,0.0000,0.052400,0.047848,0.000359,0.001573,0.002069,0.000000,0.003491,0.001006,-0.001745,0.002609,-0.005236,0.295411,0.000000,0.006117,0.001745,0.318425,0.000000,0.000000,0.001745,0.035805,0.001745,0.025175,-0.003491,0.084859,-0.001745,-0.000741,0.000000,0.424848,0.000000
1771203895.869,6195,1,1,0.0000,0.9953,0.0046,0.0000,0.0000,0.0000,0.0000,0.036521,0.167154,0.000773,0.003066,0.010935,0.000000,0.003491,-0.037234,-0.001745,-0.006080,-0.005236,0.196360,0.000000,0.011316,0.001745,0.225346,0.000000,0.000000,0.000000,0.465315,0.001745,0.184170,-0.005236,0.847315,-0.003491,-0.159735,0.001745,0.503815,0.001745
1771203895.969,6198,1,1,0.0000,0.9878,0.0120,0.0001,0.0001,0.0000,0.0001,0.026121,0.186414,0.000283,0.001116,0.006286,-0.001745,0.003491,-0.090033,-0.001745,-0.002829,-0.005236,0.107590,0.003491,0.008065,0.001745,0.189065,-0.005236,0.000000,-0.006981,0.657100,0.000000,-0.099910,-0.001745,0.945728,0.000000,0.122599,0.000000,0.509793,0.001745
1771203896.069,6201,1,1,0.0001,0.9643,0.0353,0.0000,0.0001,0.0000,0.0002,0.025620,0.152395,0.000000,0.000000,0.000000,-0.001745,0.003491,-0.076754,-0.001745,-0.006859,-0.005236,0.115229,0.006981,0.012095,0.003491,0.166158,-0.005236,0.000000,0.001745,0.508420,0.020944,-0.115116,-0.003491,0.683873,-0.001745,0.169221,0.003491,0.423594,0.017453
1771203896.170,6204,1,1,0.0000,0.9217,0.0780,0.0000,0.0001,0.0000,0.0001,0.018822,0.124497,0.000112,0.002021,0.001587,0.000000,0.003491,-0.050702,-0.001745,0.007386,-0.005236,0.073189,0.006981,0.001341,0.001745,0.131733,-0.005236,0.000000,0.038397,0.469655,0.033161,-0.030035,-0.003491,0.421891,0.000000,0.092867,0.020944,0.387379,0.029671
1771203896.270,6207,1,1,0.0000,0.7896,0.2102,0.0000,0.0000,0.0000,0.0000,0.004186,0.109916,0.000546,0.006466,0.003632,0.000000,0.003491,-0.004937,-0.001745,0.013167,-0.005236,-0.040219,0.003491,-0.009676,0.001745,0.028343,-0.001745,-0.001745,0.066323,0.476325,0.050615,-0.000081,-0.008727,0.259883,0.008727,0.031497,0.034907,0.361041,0.029671
1771203896.371,6210,2,1,0.0000,0.3805,0.6195,0.0000,0.0000,0.0000,0.0000,0.004556,0.113863,0.000698,0.001970,0.000623,0.000000,0.001745,-0.013706,-0.001745,0.019661,-0.005236,0.006143,0.003491,-0.016170,0.001745,0.021885,0.000000,-0.003491,0.068068,0.457522,0.059341,-0.068521,-0.012217,0.254578,0.013963,0.073757,0.040143,0.369316,0.029671
1771203896.472,6213,2,2,0.0000,0.1962,0.8038,0.0000,0.0000,0.0000,0.0000,0.024368,0.094916,0.002911,0.002132,0.003571,-0.001745,0.001745,0.031512,-0.001745,0.006799,-0.005236,0.152693,0.001745,0.000182,0.001745,0.095999,0.000000,0.000000,0.075049,0.530361,0.066323,-0.175056,-0.012217,-0.914109,0.012217,0.162839,0.038397,0.224138,0.029671
1771203896.571,6216,2,2,0.0000,0.0982,0.9018,0.0000,0.0000,0.0000,0.0000,0.021250,0.140746,0.000978,0.008296,0.009873,-0.001745,0.001745,0.030803,-0.001745,0.003593,-0.005236,0.108187,0.001745,-0.000102,0.001745,0.107177,0.000000,0.000000,0.082030,0.514796,0.071558,0.215916,-0.010472,0.450218,0.006981,-0.235114,0.036652,0.281132,0.029671
1771203896.672,6219,2,2,0.0000,0.3521,0.6478,0.0000,0.0000,0.0000,0.0000,0.014148,0.134986,0.000533,0.000000,0.000515,0.000000,0.001745,0.038825,-0.001745,0.016514,-0.005236,0.019341,0.000000,-0.011278,0.001745,0.091608,0.000000,0.003491,0.085521,0.524630,0.071558,0.160337,-0.008727,0.459113,0.005236,-0.181281,0.036652,0.243619,0.029671
1771203896.774,6222,1,1,0.0001,0.5619,0.4380,0.0000,0.0001,0.0000,0.0000,0.017518,0.130884,0.001121,0.006104,0.002492,0.000000,0.001745,0.120231,-0.001745,0.029641,-0.003491,-0.101755,0.000000,-0.017424,0.001745,0.056851,0.000000,0.001745,0.087266,0.500952,0.071558,0.203497,-0.008727,0.387530,0.005236,-0.215714,0.036652,0.246504,0.029671
1771203896.871,6225,1,1,0.0001,0.5826,0.4170,0.0000,0.0002,0.0000,0.0000,0.022534,0.109317,0.004262,0.009988,0.005383,0.000000,0.001745,0.142505,-0.001745,0.009693,-0.003491,-0.025850,0.000000,0.006015,0.001745,0.108700,0.000000,0.001745,0.089012,0.425506,0.073304,0.147346,-0.005236,0.277644,0.005236,-0.149091,0.038397,0.223946,0.029671
1771203896.973,6228,1,1,0.0001,0.5230,0.4766,0.0000,0.0002,0.0000,0.0000,0.017983,0.103522,0.003933,0.015878,0.009738,-0.001745,0.001745,0.057497,-0.001745,0.000516,-0.005236,0.009412,0.000000,0.008210,0.001745,0.136667,0.000000,0.000000,0.087266,0.408404,0.090757,0.088947,-0.003491,0.258170,0.017453,-0.081965,0.040143,0.219712,0.031416
1771203897.073,6231,1,1,0.0001,0.5288,0.4708,0.0000,0.0002,0.0000,0.0000,0.019220,0.098343,0.000964,0.002758,0.003670,0.000000,0.001745,0.072622,-0.001745,0.009752,-0.005236,-0.051575,0.000000,-0.004516,0.001745,0.144770,0.000000,0.000000,0.089012,0.421555,0.101229,0.046380,-0.005236,0.220440,0.017453,-0.039399,0.040143,0.212487,0.031416
1771203897.173,6234,2,2,0.0000,0.3589,0.6408,0.0000,0.0001,0.0000,0.0000,0.005083,0.096428,0.001157,0.001594,0.003199,0.000000,0.001745,-0.025959,-0.001745,0.016636,-0.005236,-0.149889,0.000000,-0.013145,0.003491,0.039128,0.000000,0.000000,0.089012,0.463402,0.102974,0.027231,-0.005236,0.188085,0.017453,-0.018504,0.040143,0.197416,0.031416
1771203897.275,6237,2,2,0.0000,0.0891,0.9109,0.0000,0.0001,0.0000,0.0000,0.007196,0.091825,0.002590,0.004220,0.001951,0.000000,0.001745,-0.006165,-0.001745,-0.009277,-0.005236,-0.039619,0.000000,0.012767,0.000000,0.071836,0.000000,-0.001745,0.089012,0.459499,0.113446,0.039778,-0.006981,0.131259,0.017453,-0.034542,0.041888,0.178151,0.031416
1771203897.374,6240,2,2,0.0000,0.0058,0.9941,0.0000,0.0000,0.0000,0.0001,0.013660,0.089771,0.000228,0.001451,0.002252,0.000000,0.003491,0.017470,-0.001745,-0.026995,-0.005236,0.024540,0.000000,0.040958,0.000000,0.077467,0.000000,-0.003491,0.089012,0.428121,0.113446,0.036888,-0.005236,0.125031,0.015708,-0.033397,0.041888,0.181783,0.045379
1771203897.474,6243,2,2,0.0000,0.0095,0.9904,0.0000,0.0000,0.0000,0.0001,0.004194,0.082136,0.001326,0.004622,0.005497,0.000000,0.001745,-0.065952,-0.001745,0.004637,-0.003491,-0.000990,0.000000,0.004090,0.000000,0.039852,0.000000,-0.005236,0.087266,0.463371,0.113446,0.025597,-0.005236,0.069598,0.013963,-0.025597,0.040143,0.109411,0.062832
1771203897.574,6246,2,2,0.0000,0.0114,0.9885,0.0000,0.0000,0.0000,0.0001,0.003710,0.078527,0.001755,0.002494,0.003912,0.000000,0.001745,-0.090170,-0.001745,0.006753,-0.003491,0.001359,0.000000,-0.005008,0.000000,0.034659,0.000000,-0.005236,0.089012,0.467854,0.113446,-0.008893,-0.005236,0.042020,0.013963,0.008893,0.040143,0.090198,0.076794
1771203897.674,6249,2,2,0.0000,0.0169,0.9829,0.0000,0.0000,0.0001,0.0001,0.002962,0.075709,0.001021,0.002169,0.002372,0.000000,0.001745,-0.078323,-0.001745,0.007057,-0.003491,0.005550,0.000000,-0.003566,0.000000,0.021194,0.000000,-0.006981,0.087266,0.435382,0.113446,-0.022661,-0.006981,0.024143,0.013963,0.022661,0.036652,0.087726,0.087266
1771203897.774,6252,2,2,0.0000,0.0127,0.9872,0.0000,0.0000,0.0000,0.0001,0.000812,0.071985,0.001223,0.001380,0.001412,0.000000,0.003491,-0.031822,-0.001745,0.000263,-0.003491,0.002766,0.000000,0.003228,0.000000,-0.027538,0.000000,-0.006981,0.087266,0.398679,0.113446,-0.021830,-0.006981,0.018800,0.013963,0.023576,0.031416,0.084169,0.092502
1771203897.875,6255,2,2,0.0000,0.0071,0.9928,0.0000,0.0000,0.0000,0.0000,0.001906,0.073938,0.000477,0.001209,0.001338,0.000000,0.001745,-0.048121,-0.001745,-0.011578,-0.005236,0.004310,0.000000,0.016814,0.000000,-0.062038,0.000000,-0.006981,0.089012,0.454745,0.113446,-0.022297,-0.006981,-0.002537,0.013963,0.018806,0.031416,0.073364,0.092502
1771203897.975,6258,2,2,0.0000,0.0082,0.9918,0.0000,0.0000,0.0000,0.0000,0.002192,0.076088,0.000271,0.000510,0.003390,-0.001745,0.001745,-0.037067,-0.001745,-0.015422,-0.005236,0.002155,0.000000,0.022404,0.000000,-0.036878,0.000000,-0.006981,0.089012,0.525162,0.113446,0.013532,-0.006981,-0.067801,0.013963,-0.017023,0.031416,0.028792,0.097738
1771203898.075,6261,2,2,0.0000,0.0114,0.9885,0.0000,0.0000,0.0001,0.0000,0.001741,0.074021,0.000272,0.000516,0.001732,0.000000,0.003491,-0.050899,-0.001745,-0.007947,-0.003491,0.004218,0.000000,0.013183,0.000000,-0.009141,0.000000,-0.006981,0.087266,0.533332,0.113446,0.009340,-0.006981,-0.112916,0.013963,-0.012831,0.029671,-0.040162,0.101229
1771203898.175,6264,2,2,0.0000,0.0246,0.9749,0.0000,0.0000,0.0003,0.0001,0.005492,0.072765,0.000864,0.000732,0.001558,0.000000,0.000000,-0.023170,-0.001745,-0.001914,-0.003491,0.016292,0.000000,0.005404,0.000000,0.044213,0.000000,-0.006981,0.089012,0.512875,0.113446,0.014733,-0.005236,-0.109706,0.013963,-0.018223,0.027925,-0.045182,0.101229
1771203898.275,6267,2,2,0.0000,0.0514,0.9461,0.0000,0.0000,0.0021,0.0004,0.012334,0.073472,0.000271,0.002123,0.002114,0.000000,0.001745,0.005191,-0.001745,-0.004011,-0.003491,0.059966,0.000000,0.004011,0.000000,0.077094,0.000000,-0.006981,0.089012,0.519007,0.113446,0.017076,-0.006981,-0.076778,0.013963,-0.020566,0.027925,-0.025597,0.101229
1771203898.376,6270,2,2,0.0001,0.0466,0.9475,0.0000,0.0001,0.0052,0.0005,0.007285,0.075993,0.001240,0.000538,0.001058,0.000000,0.003491,0.003983,-0.001745,-0.002857,-0.003491,0.017232,0.000000,0.002857,0.000000,0.059860,0.000000,-0.006981,0.089012,0.519720,0.113446,0.046625,-0.006981,-0.073563,0.013963,-0.050116,0.027925,-0.016122,0.101229
1771203898.476,6273,2,2,0.0002,0.0322,0.9584,0.0000,0.0001,0.0088,0.0003,0.006213,0.078310,0.001084,0.000429,0.001511,-0.001745,0.003491,0.009661,-0.001745,-0.001582,-0.003491,-0.001811,0.000000,0.001582,0.000000,0.059825,0.000000,-0.006981,0.089012,0.531558,0.113446,0.062589,-0.006981,-0.118613,0.013963,-0.066080,0.027925,-0.046317,0.101229
1771203898.576,6276,2,2,0.0004,0.0380,0.9484,0.0000,0.0001,0.0128,0.0003,0.004489,0.075960,0.000734,0.000214,0.000546,0.000000,0.001745,-0.009020,-0.001745,-0.000512,-0.003491,-0.000167,0.000000,0.002257,0.000000,0.049863,0.000000,-0.006981,0.087266,0.510379,0.113446,0.057313,-0.006981,-0.129904,0.013963,-0.060804,0.027925,-0.059712,0.101229
1771203898.676,6279,2,2,0.0002,0.0429,0.9501,0.0000,0.0001,0.0067,0.0001,0.000428,0.073729,0.000326,0.000879,0.002580,0.000000,0.001745,-0.037672,-0.001745,0.001648,-0.003491,-0.002597,0.000000,-0.001648,0.001745,-0.012275,0.000000,-0.006981,0.089012,0.443830,0.113446,0.095340,-0.006981,-0.205532,0.013963,-0.098831,0.027925,-0.088724,0.101229
1771203898.776,6282,2,2,0.0002,0.2062,0.7918,0.0000,0.0000,0.0017,0.0000,0.002754,0.038418,0.000145,0.000613,0.002969,0.000000,0.001745,0.011432,-0.001745,-0.000648,-0.005236,0.000330,0.000000,0.000648,0.000000,0.018889,0.000000,-0.006981,0.089012,-0.052858,0.113446,0.115438,-0.006981,-0.390943,0.013963,-0.118929,0.027925,-0.168847,0.101229
1771203898.876,6285,2,2,0.0002,0.4840,0.5148,0.0000,0.0000,0.0010,0.0000,0.000291,0.040024,0.000251,0.000240,0.000696,0.000000,0.001745,-0.030396,-0.001745,0.001250,-0.005236,-0.010392,0.000000,0.000496,0.000000,-0.004035,0.000000,-0.006981,0.089012,-0.020285,0.113446,0.134712,-0.006981,-0.375757,0.013963,-0.138203,0.027925,-0.160693,0.101229
1771203898.977,6288,2,2,0.0000,0.2169,0.7825,0.0000,0.0000,0.0006,0.0000,0.000614,0.040911,0.000690,0.000835,0.012980,0.000000,0.001745,-0.066513,-0.001745,0.005621,-0.005236,-0.015407,0.000000,-0.003875,0.000000,-0.042655,0.000000,-0.006981,0.089012,0.015391,0.113446,0.129964,-0.006981,-0.379692,0.013963,-0.133455,0.027925,-0.180372,0.101229
1771203899.077,6291,2,2,0.0000,0.1026,0.8973,0.0000,0.0000,0.0000,0.0000,0.001655,0.056608,0.000864,0.001564,0.012331,0.000000,0.001745,-0.042681,-0.001745,-0.010733,-0.005236,0.002627,0.000000,0.014223,0.000000,0.001265,0.000000,-0.006981,0.089012,0.233547,0.113446,0.100179,-0.006981,-0.426017,0.013963,-0.105415,0.027925,-0.225738,0.101229
1771203899.177,6294,2,2,0.0000,0.0192,0.9808,0.0000,0.0000,0.0000,0.0000,0.006133,0.058476,0.001312,0.001525,0.005022,0.000000,0.001745,-0.046382,-0.001745,-0.018900,-0.003491,0.039880,0.000000,0.025881,0.000000,0.006085,0.000000,-0.006981,0.090757,0.275460,0.113446,0.075442,-0.008727,-0.410387,0.013963,-0.078933,0.026180,-0.304521,0.106465
1771203899.277,6297,2,2,0.0000,0.0108,0.9892,0.0000,0.0000,0.0000,0.0000,0.005969,0.057479,0.001828,0.001360,0.004776,0.000000,0.001745,-0.019166,-0.001745,-0.001575,-0.003491,0.030944,0.000000,0.010301,0.000000,0.028639,0.000000,-0.006981,0.090757,0.291898,0.113446,0.047040,-0.006981,-0.327658,0.013963,-0.048786,0.024435,-0.288261,0.108210
1771203899.378,6300,2,2,0.0000,0.0089,0.9911,0.0000,0.0000,0.0000,0.0000,0.010361,0.056274,0.000505,0.001361,0.001327,0.000000,0.001745,-0.025536,-0.001745,-0.001126,-0.005236,0.044147,0.000000,0.006362,0.000000,0.072076,0.000000,-0.006981,0.090757,0.289482,0.113446,0.033253,-0.006981,-0.318869,0.013963,-0.034999,0.024435,-0.278040,0.109956
1771203899.478,6303,2,2,0.0000,0.0040,0.9960,0.0000,0.0000,0.0000,0.0000,0.001181,0.055927,0.000473,0.001295,0.003512,-0.001745,0.001745,-0.043598,-0.001745,-0.001719,-0.003491,0.008962,0.000000,0.003465,0.000000,-0.035644,0.000000,-0.005236,0.090757,0.284290,0.113446,0.034284,-0.005236,-0.312897,0.013963,-0.037774,0.024435,-0.270314,0.109956
1771203899.578,6306,2,2,0.0000,0.0025,0.9975,0.0000,0.0000,0.0000,0.0000,0.001599,0.051058,0.000799,0.000367,0.002559,0.000000,0.000000,-0.054006,-0.001745,0.019194,-0.003491,-0.019294,0.000000,-0.015703,0.000000,-0.064807,0.000000,-0.006981,0.089012,0.235077,0.113446,0.026812,-0.005236,-0.242233,0.013963,-0.032048,0.024435,-0.193850,0.109956
1771203899.678,6309,2,2,0.0000,0.0028,0.9972,0.0000,0.0000,0.0000,0.0000,0.000903,0.048871,0.000711,0.000441,0.008580,0.000000,0.001745,-0.036542,-0.001745,0.009091,-0.003491,-0.021283,0.000000,-0.003855,0.000000,-0.038655,0.000000,-0.006981,0.089012,0.209136,0.113446,0.026508,-0.005236,-0.247575,0.013963,-0.029999,0.024435,-0.197360,0.109956
1771203899.778,6312,2,2,0.0000,0.0021,0.9978,0.0000,0.0000,0.0000,0.0000,0.000582,0.045583,0.000631,0.000854,0.001433,0.000000,0.001745,-0.037549,-0.001745,0.002978,-0.005236,-0.001427,0.000000,0.002258,0.000000,-0.009892,0.000000,-0.003491,0.089012,0.187287,0.113446,0.010640,-0.006981,-0.210341,0.013963,-0.015876,0.022689,-0.179779,0.109956
1771203899.878,6315,2,2,0.0000,0.0016,0.9983,0.0000,0.0000,0.0000,0.0000,0.017536,0.049823,0.001149,0.001030,0.003014,0.000000,0.003491,-0.015046,-0.001745,0.004258,-0.005236,0.037689,0.000000,-0.002513,0.000000,0.164990,0.000000,0.000000,0.089012,0.208699,0.113446,0.038368,-0.008727,-0.228198,0.013963,-0.045349,0.024435,-0.179538,0.109956
1771203899.979,6318,2,2,0.0000,0.0154,0.9845,0.0000,0.0000,0.0000,0.0000,0.009646,0.054294,0.000278,0.004846,0.048773,0.000000,0.001745,-0.038124,-0.001745,0.010552,-0.005236,0.040231,0.000000,-0.007062,0.000000,0.063222,0.000000,0.000000,0.089012,0.195475,0.113446,0.103498,-0.008727,-0.379245,0.013963,-0.112225,0.026180,-0.195066,0.109956
1771203900.079,6321,2,2,0.0000,0.0121,0.9879,0.0000,0.0000,0.0000,0.0000,0.010084,0.042064,0.000383,0.002762,0.011259,0.000000,0.001745,-0.001275,-0.001745,0.008214,-0.005236,0.062271,0.000000,-0.008214,0.000000,0.048779,0.000000,0.000000,0.089012,-0.074349,0.113446,0.153958,-0.006981,-0.336980,0.013963,-0.159194,0.024435,-0.186661,0.109956
1771203900.179,6324,2,2,0.0000,0.1958,0.8042,0.0000,0.0000,0.0000,0.0000,0.000610,0.042879,0.000543,0.001713,0.007862,0.000000,0.003491,-0.006715,-0.001745,0.003834,-0.003491,-0.002420,0.000000,-0.000344,0.000000,-0.060860,0.000000,0.000000,0.089012,0.039985,0.113446,0.123754,-0.008727,-0.202598,0.013963,-0.127245,0.024435,-0.183731,0.109956
1771203900.280,6327,2,2,0.0000,0.3142,0.6858,0.0000,0.0000,0.0000,0.0000,0.000522,0.043319,0.000678,0.000397,0.002288,0.000000,0.003491,-0.026532,-0.001745,-0.001029,-0.003491,-0.001937,0.000000,0.002774,0.000000,-0.026901,0.000000,0.000000,0.090757,0.059889,0.113446,0.107388,-0.008727,-0.174457,0.013963,-0.110879,0.024435,-0.177172,0.109956
1771203900.379,6330,2,2,0.0000,0.3892,0.6108,0.0000,0.0000,0.0000,0.0000,0.010058,0.038611,0.001021,0.000163,0.000808,0.000000,0.001745,-0.003735,-0.001745,-0.001844,-0.005236,0.034762,0.000000,0.005335,0.000000,0.078851,0.000000,0.000000,0.092502,0.033082,0.113446,0.075952,-0.012217,-0.087360,0.013963,-0.079443,0.024435,-0.114589,0.109956
1771203900.480,6333,1,1,0.0002,0.7731,0.2267,0.0000,0.0000,0.0000,0.0000,0.004432,0.035661,0.000427,0.000361,0.001194,0.000000,0.001745,-0.001997,-0.001745,0.007401,-0.003491,0.000825,0.000000,-0.005656,0.000000,0.043215,0.000000,0.000000,0.092502,-0.022094,0.113446,0.073628,-0.012217,-0.126760,0.013963,-0.077119,0.024435,-0.122974,0.109956
1771203900.580,6336,1,1,0.0000,0.9920,0.0080,0.0000,0.0000,0.0000,0.0000,0.003447,0.029445,0.000141,0.000556,0.009380,0.000000,0.001745,0.002104,-0.001745,-0.002213,-0.005236,0.003862,0.000000,0.005704,0.000000,0.027943,0.000000,0.000000,0.085521,-0.294759,0.090757,0.068850,-0.010472,-0.122888,0.008727,-0.063614,0.010472,-0.102773,0.089012
1771203900.680,6339,1,1,0.0000,0.9985,0.0015,0.0000,0.0000,0.0000,0.0000,0.008139,0.024857,0.000255,0.000488,0.015588,0.000000,0.001745,0.018839,-0.001745,-0.004231,-0.003491,0.012726,0.000000,0.002486,0.000000,0.061877,0.000000,0.000000,0.066323,-0.090630,0.061087,0.099319,-0.008727,-0.237798,0.005236,-0.087102,0.001745,-0.096681,0.064577
1771203900.782,6342,1,1,0.0000,0.9969,0.0031,0.0000,0.0000,0.0000,0.0000,0.011806,0.046935,0.001082,0.001743,0.021937,0.000000,0.001745,0.006827,-0.001745,0.013686,-0.003491,0.055831,0.000000,-0.011940,0.000000,0.063580,0.000000,0.000000,0.054105,0.352345,0.038397,0.066013,-0.006981,-0.166372,0.001745,-0.050305,0.000000,-0.096513,0.050615
1771203900.882,6345,1,1,0.0000,0.9849,0.0151,0.0000,0.0000,0.0000,0.0000,0.017697,0.052674,0.000454,0.000873,0.010944,0.000000,0.001745,0.016894,-0.001745,0.008181,-0.003491,0.089669,0.000000,-0.006435,0.000000,0.095878,0.000000,0.000000,0.050615,0.438554,0.027925,0.071360,-0.005236,-0.090397,0.001745,-0.053907,0.000000,-0.115261,0.041888
1771203900.984,6348,1,1,0.0000,0.9642,0.0358,0.0000,0.0000,0.0000,0.0000,0.007343,0.044438,0.001661,0.000907,0.004734,0.000000,0.001745,0.053615,-0.001745,0.030557,-0.003491,-0.022769,0.000000,-0.027067,0.000000,0.002198,0.000000,0.000000,0.043633,0.367676,0.013963,0.067839,-0.005236,-0.061450,0.003491,-0.048641,-0.001745,-0.069003,0.036652
1771203901.083,6351,1,1,0.0000,0.9960,0.0040,0.0000,0.0000,0.0000,0.0000,0.008632,0.020557,0.000415,0.001141,0.011439,0.000000,0.001745,0.057023,-0.001745,0.028805,-0.003491,-0.029095,0.000000,-0.020078,0.000000,0.016006,0.000000,0.000000,0.038397,0.123545,0.006981,0.041107,-0.005236,-0.042143,0.001745,-0.020163,-0.003491,-0.043060,0.034907
1771203901.182,6354,1,1,0.0000,0.9999,0.0001,0.0000,0.0000,0.0000,0.0000,0.005386,0.010133,0.000112,0.000876,0.029454,0.000000,0.003491,0.043626,-0.001745,0.017519,-0.005236,-0.012610,0.000000,-0.007047,0.000000,-0.006955,0.000000,0.000000,0.036652,-0.149736,0.005236,-0.020364,-0.005236,-0.029811,0.001745,0.044799,-0.003491,-0.023464,0.033161
1771203901.286,6357,1,1,0.0000,1.0000,0.0000,0.0000,0.0000,0.0000,0.0000,0.004803,0.024861,0.000936,0.004042,0.011409,0.000000,0.001745,0.044530,-0.001745,0.011357,-0.005236,-0.009687,0.000000,-0.002630,0.000000,-0.011401,0.000000,0.000000,0.029671,-0.404545,0.003491,-0.207573,0.000000,-0.091087,0.003491,0.232008,-0.001745,-0.011455,0.029671
1771203901.385,6360,1,1,0.0000,1.0000,0.0000,0.0000,0.0000,0.0000,0.0000,0.008250,0.016775,0.000558,0.007066,0.018997,0.000000,0.001745,0.090480,-0.001745,0.000071,-0.005236,0.005027,0.000000,0.001674,0.000000,-0.001252,0.000000,0.000000,0.024435,-0.461415,0.001745,-0.126252,-0.003491,-0.411371,0.000000,0.150686,-0.003491,-0.222584,0.024435
1771203901.483,6363,1,1,0.0000,1.0000,0.0000,0.0000,0.0000,0.0000,0.0000,0.013147,0.005236,0.000402,0.002219,0.028203,0.000000,0.001745,0.146071,-0.001745,0.002895,-0.005236,0.004708,0.000000,0.002341,0.000000,-0.001291,0.000000,-0.001745,0.024435,-1.248502,0.000000,0.018638,-0.001745,-0.878079,0.000000,0.005797,-0.001745,-1.239781,0.013963
1771203901.587,6366,1,1,0.0000,1.0000,0.0000,0.0000,0.0000,0.0000,0.0000,0.007300,0.004024,0.001294,0.000561,0.005055,0.000000,0.001745,0.074936,-0.001745,-0.003939,-0.003491,-0.000176,0.000000,0.010920,0.000000,-0.013876,0.000000,0.000000,0.020944,-0.911437,-0.003491,-0.011632,-0.001745,-0.809158,0.000000,0.022104,0.000000,-1.123938,0.005236
1771203901.686,6369,1,1,0.0000,1.0000,0.0000,0.0000,0.0000,0.0000,0.0000,0.005134,0.004218,0.001769,0.003358,0.006147,0.000000,0.003491,0.045658,-0.001745,-0.002510,-0.003491,0.002334,0.000000,0.006000,0.000000,0.004122,0.000000,-0.003491,0.020944,-0.669668,-0.003491,0.000367,-0.012217,-0.551277,0.000000,0.029304,-0.001745,-0.842780,0.000000
1771203901.786,6372,1,1,0.0000,1.0000,0.0000,0.0000,0.0000,0.0000,0.0000,0.005438,0.004218,0.000453,0.001423,0.004070,0.000000,0.003491,0.029581,-0.001745,-0.004566,-0.003491,0.011515,0.000000,0.008056,0.000000,0.012618,0.000000,-0.003491,0.019199,-0.536081,-0.001745,0.013635,-0.010472,-0.332440,0.000000,0.017781,-0.001745,-0.612324,0.000000
1771203901.884,6375,1,1,0.0000,1.0000,0.0000,0.0000,0.0000,0.0000,0.0000,0.016737,0.003993,0.001021,0.005698,0.001940,0.000000,0.003491,0.031830,-0.001745,-0.011670,-0.005236,0.043275,0.000000,0.011670,0.000000,0.110582,0.000000,-0.003491,0.019199,-0.300040,0.000000,0.028719,-0.008727,-0.144268,-0.001745,-0.002539,0.000000,-0.336396,0.000000
1771203901.987,6378,1,1,0.0000,1.0000,0.0000,0.0000,0.0000,0.0000,0.0000,0.017123,0.006624,0.000781,0.005371,0.002555,0.000000,0.001745,-0.088776,-0.001745,0.003484,-0.003491,0.117309,0.000000,0.001752,0.000000,0.081192,0.000000,-0.005236,0.017453,-0.131173,-0.001745,0.062040,-0.006981,-0.052088,-0.003491,-0.025388,0.000000,-0.191774,0.000000
1771203902.085,6381,1,1,0.0000,1.0000,0.0000,0.0000,0.0000,0.0000,0.0000,0.011124,0.018970,0.001000,0.006093,0.009970,0.000000,0.003491,-0.065954,-0.001745,0.003632,-0.005236,0.100413,0.000000,0.001604,0.000000,0.024352,0.000000,-0.005236,0.017453,0.133484,0.000000,0.070479,-0.008727,0.006223,-0.001745,-0.014628,0.000000,-0.030570,0.000000
1771203902.185,6384,1,1,0.0000,0.9998,0.0002,0.0000,0.0000,0.0000,0.0000,0.011159,0.043544,0.000962,0.003753,0.002145,-0.001745,0.006981,-0.021706,-0.001745,0.021518,-0.003491,0.102298,0.000000,-0.018027,0.000000,0.003104,0.000000,-0.006981,0.017453,0.384653,0.000000,0.043929,-0.008727,0.005939,-0.001745,0.018903,0.000000,0.051652,0.000000
1771203902.286,6387,1,1,0.0000,0.9991,0.0009,0.0000,0.0000,0.0000,0.0000,0.002680,0.027483,0.000258,0.000615,0.003333,0.000000,0.003491,-0.103707,-0.001745,0.028666,-0.003491,-0.010739,0.000000,-0.021684,0.000000,-0.052152,0.000000,-0.006981,0.017453,0.199991,0.000000,-0.028882,-0.008727,-0.102153,-0.001745,0.093460,0.000000,0.018894,0.000000
1771203902.387,6390,1,1,0.0000,0.9988,0.0011,0.0000,0.0000,0.0000,0.0000,0.000799,0.019796,0.001544,0.002192,0.001266,0.000000,0.003491,-0.116762,-0.001745,0.006094,-0.005236,-0.110607,0.000000,-0.000858,0.000000,-0.033369,0.000000,-0.006981,0.015708,0.100695,0.000000,-0.048988,-0.008727,-0.157924,-0.001745,0.110074,0.000000,0.011071,0.000000
1771203902.486,6393,1,1,0.0000,0.9993,0.0006,0.0000,0.0000,0.0000,0.0000,0.002176,0.024235,0.001089,0.001892,0.004975,-0.001745,0.003491,-0.063143,-0.001745,0.000088,-0.005236,-0.053946,0.000000,0.003402,0.000000,0.019132,0.000000,-0.005236,0.015708,0.106877,0.000000,-0.043177,-0.008727,-0.100547,-0.001745,0.095537,0.001745,0.070952,0.000000
1771203902.586,6396,1,1,0.0000,0.9998,0.0001,0.0000,0.0000,0.0000,0.0000,0.019045,0.012479,0.002903,0.002746,0.004782,0.000000,0.003491,-0.048713,-0.001745,-0.048736,-0.005236,0.080659,0.000000,0.052226,0.000000,0.092169,0.000000,-0.005236,0.015708,0.038725,0.000000,0.001069,-0.008727,-0.102307,-0.001745,0.044310,0.001745,0.048196,0.000000
1771203902.687,6399,1,1,0.0000,0.9999,0.0001,0.0000,0.0000,0.0000,0.0000,0.015218,0.005837,0.000904,0.002774,0.001762,0.000000,0.006981,-0.022610,-0.001745,-0.035112,-0.005236,0.083449,0.000000,0.042093,0.000000,0.050097,0.000000,-0.005236,0.012217,-0.037866,0.000000,0.017957,-0.008727,-0.097925,-0.003491,0.016950,0.001745,0.021172,0.000000
1771203902.787,6402,1,1,0.0000,0.9999,0.0001,0.0000,0.0000,0.0000,0.0000,0.005280,0.012180,0.001091,0.002020,0.006940,0.000000,0.003491,-0.023983,-0.001745,0.004549,-0.005236,0.049403,0.000000,0.004178,0.001745,-0.009950,0.000000,-0.005236,0.012217,-0.001075,0.000000,0.074473,-0.008727,-0.018074,-0.003491,-0.044802,0.001745,0.057721,0.000000
1771203902.887,6405,1,1,0.0000,0.9999,0.0001,0.0000,0.0000,0.0000,0.0000,0.000956,0.019181,0.001812,0.004269,0.002032,0.000000,0.001745,-0.013225,-0.001745,0.009729,-0.005236,-0.043815,0.000000,-0.004493,0.000000,-0.069100,-0.001745,-0.005236,0.012217,0.047179,0.000000,0.076055,-0.006981,0.031162,-0.003491,-0.039403,0.001745,0.061811,0.000000
1771203902.987,6408,1,1,0.0000,0.9999,0.0000,0.0000,0.0000,0.0000,0.0000,0.002052,0.014508,0.002423,0.001111,0.001552,0.000000,0.001745,0.017123,-0.001745,0.005752,-0.005236,-0.040730,0.000000,-0.000516,0.000000,-0.037813,0.000000,-0.003491,0.008727,0.083015,0.000000,0.068870,-0.006981,-0.001510,-0.001745,-0.028728,0.003491,0.009995,0.000000
1771203903.088,6411,1,1,0.0000,0.9999,0.0000,0.0000,0.0000,0.0000,0.0000,0.005110,0.023287,0.002245,0.002689,0.001471,0.000000,0.001745,0.056233,-0.001745,0.003338,-0.005236,-0.000727,0.000000,-0.001593,0.000000,-0.017266,0.000000,-0.003491,0.003491,0.186268,0.003491,0.067027,-0.006981,-0.002763,-0.003491,-0.026885,0.003491,0.015676,0.000000
1771203903.188,6414,1,1,0.0009,0.9988,0.0002,0.0001,0.0000,0.0000,0.0001,0.008478,0.022281,0.000933,0.005076,0.004491,0.000000,0.001745,0.061384,-0.001745,0.038606,-0.005236,-0.025710,0.000000,-0.029879,0.000000,-0.008403,0.000000,-0.003491,0.001745,0.155216,0.005236,0.054484,-0.006981,-0.006145,-0.003491,-0.007360,0.001745,0.048944,0.000000
1771203903.288,6417,1,1,0.0009,0.9986,0.0003,0.0001,0.0000,0.0000,0.0002,0.004300,0.034039,0.001341,0.001055,0.001757,0.000000,0.003491,-0.018165,-0.001745,0.047610,-0.005236,0.000504,0.000000,-0.035393,0.000000,-0.002594,0.000000,-0.003491,0.003491,0.141198,0.003491,0.030357,-0.005236,0.017394,-0.003491,0.015021,0.001745,0.195775,0.000000
1771203903.390,6420,1,1,0.0009,0.9978,0.0010,0.0001,0.0000,0.0000,0.0002,0.003729,0.059628,0.000290,0.002641,0.001694,0.000000,0.003491,-0.149397,-0.001745,0.041255,-0.005236,-0.002154,0.000000,-0.027293,0.000000,-0.056339,0.000000,-0.005236,0.003491,0.127487,0.003491,-0.014613,-0.005236,0.154358,-0.001745,0.049520,0.001745,0.375440,0.000000
1771203903.490,6423,1,1,0.0013,0.9944,0.0040,0.0001,0.0000,0.0000,0.0003,0.002442,0.085633,0.000493,0.001585,0.002984,-0.001745,0.003491,-0.100775,-0.001745,0.025812,-0.003491,-0.111427,0.000000,-0.006613,0.000000,-0.142741,0.000000,-0.003491,0.003491,0.327436,0.005236,-0.033269,-0.003491,0.194216,-0.001745,0.057703,0.001745,0.437769,0.000000
1771203903.590,6426,1,1,0.0007,0.9621,0.0366,0.0001,0.0002,0.0000,0.0003,0.002921,0.143493,0.000261,0.004060,0.004293,-0.001745,0.001745,-0.017529,-0.001745,0.033311,-0.005236,-0.046460,0.000000,-0.015858,0.000000,-0.105776,0.000000,-0.003491,0.003491,0.344526,0.003491,0.122511,-0.003491,0.798256,-0.003491,-0.101567,0.003491,0.446153,0.000000
1771203903.691,6429,1,1,0.0001,0.7640,0.2354,0.0000,0.0003,0.0000,0.0001,0.002819,0.176632,0.000753,0.001988,0.006885,-0.003491,0.001745,-0.007593,-0.001745,0.032087,-0.005236,-0.004877,0.000000,-0.011143,0.000000,-0.019171,0.000000,-0.001745,0.003491,0.312798,0.003491,0.243546,-0.001745,1.224699,-0.001745,-0.227838,0.003491,0.328068,0.000000
1771203903.791,6432,1,1,0.0000,0.6673,0.3326,0.0000,0.0001,0.0000,0.0000,0.018079,0.107543,0.000547,0.000867,0.002380,-0.001745,0.003491,0.015253,-0.001745,0.028763,-0.005236,0.065200,0.000000,-0.000837,0.000000,0.104246,0.000000,-0.001745,0.005236,0.252842,0.003491,0.062789,-0.001745,0.774867,-0.001745,-0.050572,0.003491,0.187801,0.000000
1771203903.891,6435,1,1,0.0000,0.7393,0.2607,0.0000,0.0000,0.0000,0.0000,0.007267,0.075473,0.000561,0.000626,0.002494,-0.001745,0.001745,-0.006246,-0.001745,0.024042,-0.005236,0.032229,0.000000,-0.003098,0.000000,0.029190,0.000000,0.000000,0.005236,0.340547,0.001745,0.032643,0.000000,0.409890,-0.001745,-0.020426,0.003491,0.112119,0.000000
1771203903.994,6438,1,1,0.0000,0.8028,0.1972,0.0000,0.0000,0.0000,0.0000,0.009244,0.078670,0.000902,0.001489,0.000863,-0.001745,0.001745,-0.049399,-0.001745,-0.023310,-0.005236,0.035024,0.000000,0.042509,0.000000,0.031647,0.000000,0.003491,0.005236,0.445447,0.013963,0.000301,0.005236,0.336636,0.015708,-0.002046,0.003491,0.114531,0.000000
1771203904.092,6441,1,1,0.0000,0.5099,0.4900,0.0000,0.0000,0.0000,0.0000,0.005432,0.080166,0.002077,0.003572,0.003260,-0.001745,0.001745,-0.050433,-0.001745,-0.007632,-0.005236,0.023087,0.000000,0.028576,0.000000,0.011769,0.000000,0.003491,0.003491,0.465737,0.036652,0.002563,0.006981,0.319581,0.027925,-0.004308,0.000000,0.088588,0.006981
1771203904.192,6444,1,1,0.0001,0.5533,0.4467,0.0000,0.0000,0.0000,0.0000,0.006521,0.085271,0.001567,0.007414,0.007346,-0.001745,0.001745,-0.040682,-0.001745,-0.027270,-0.005236,0.013451,0.000000,0.042978,0.000000,0.020079,0.000000,0.001745,0.001745,0.520084,0.055851,-0.005884,0.006981,0.316845,0.036652,0.000648,0.000000,0.075713,0.006981
1771203904.293,6447,1,1,0.0001,0.7252,0.2747,0.0000,0.0000,0.0000,0.0000,0.016197,0.080278,0.001809,0.012001,0.017247,-0.001745,0.001745,-0.013284,-0.001745,-0.040409,-0.005236,0.073261,0.000000,0.056117,0.000000,0.063240,0.000000,0.001745,0.000000,0.526141,0.066323,0.002491,0.006981,0.314277,0.038397,-0.007727,0.000000,-0.045265,0.006981
1771203904.394,6450,1,1,0.0001,0.7873,0.2125,0.0000,0.0000,0.0000,0.0000,0.016219,0.066756,0.000879,0.006073,0.005934,-0.001745,0.001745,-0.013528,-0.001745,-0.025931,-0.005236,0.063471,0.000000,0.045129,0.000000,0.084277,0.000000,0.001745,0.000000,0.414528,0.069813,0.000929,0.003491,0.263445,0.038397,-0.004420,0.003491,-0.102838,0.005236
1771203904.497,6453,1,1,0.0000,0.5920,0.4079,0.0000,0.0000,0.0000,0.0000,0.026317,0.090742,0.002567,0.009245,0.004686,-0.003491,0.001745,0.022143,-0.001745,0.016262,-0.005236,0.119214,0.000000,0.001191,0.000000,0.155247,0.000000,0.003491,-0.006981,0.308670,0.071558,-0.045934,-0.001745,0.451647,0.038397,0.040698,0.003491,0.167467,0.003491
1771203904.595,6456,2,2,0.0000,0.4034,0.5965,0.0000,0.0000,0.0000,0.0000,0.016250,0.090851,0.001074,0.009831,0.005703,-0.003491,0.001745,0.094791,-0.001745,0.008819,-0.005236,0.067371,0.000000,0.001653,0.001745,0.018869,0.000000,0.003491,-0.012217,0.269819,0.085521,-0.036684,-0.006981,0.437178,0.045379,0.029703,0.003491,0.212143,0.003491
1771203904.694,6459,2,2,0.0000,0.4728,0.5271,0.0000,0.0001,0.0000,0.0000,0.009734,0.098134,0.000776,0.005233,0.008017,-0.001745,0.001745,0.104845,-0.001745,0.006725,-0.005236,-0.050842,0.001745,-0.001489,0.001745,-0.063421,0.000000,0.001745,-0.020944,0.285922,0.101229,-0.079026,-0.012217,0.432064,0.050615,0.063318,0.003491,0.233983,0.005236
1771203904.799,6462,2,2,0.0000,0.4356,0.5643,0.0000,0.0001,0.0000,0.0000,0.010655,0.104187,0.002550,0.000708,0.006150,-0.001745,0.001745,0.042991,-0.001745,-0.011990,-0.005236,-0.003570,0.001745,0.018972,0.001745,0.060665,0.000000,0.001745,-0.019199,0.215862,0.102974,-0.147466,-0.010472,0.486141,0.050615,0.135249,0.003491,0.248934,0.005236
1771203904.894,6465,2,2,0.0000,0.0249,0.9750,0.0000,0.0000,0.0000,0.0000,0.010822,0.093999,0.000331,0.001178,0.004404,-0.001745,0.001745,-0.017556,-0.001745,0.000080,-0.005236,0.048151,0.000000,0.003410,0.003491,0.072984,0.000000,0.003491,-0.019199,0.218918,0.102974,-0.144806,-0.012217,0.396777,0.055851,0.130844,0.003491,0.210404,0.005236
1771203904.995,6468,2,2,0.0000,0.0096,0.9903,0.0000,0.0000,0.0000,0.0001,0.011831,0.076324,0.000455,0.001902,0.001551,-0.001745,0.001745,0.027723,-0.001745,0.003002,-0.005236,0.029618,0.000000,0.003979,0.005236,0.068924,0.001745,0.005236,-0.019199,0.241816,0.102974,-0.221300,-0.010472,0.112805,0.071558,0.210828,0.001745,0.161948,0.006981
1771203905.097,6471,2,2,0.0000,0.0502,0.9479,0.0000,0.0000,0.0014,0.0005,0.014543,0.068873,0.001312,0.000866,0.001101,-0.001745,0.001745,0.060755,-0.001745,0.002505,-0.005236,0.019222,0.000000,-0.002505,0.005236,0.083306,0.001745,0.008727,-0.019199,0.256027,0.102974,-0.240603,-0.006981,-0.023265,0.083776,0.228386,0.001745,0.137855,0.006981
1771203905.196,6474,2,2,0.0001,0.0339,0.9604,0.0000,0.0000,0.0050,0.0006,0.016848,0.091818,0.001053,0.001426,0.003886,-0.001745,0.001745,0.084831,-0.001745,0.022498,-0.005236,0.010334,-0.001745,-0.022498,0.005236,0.075790,0.001745,0.008727,-0.019199,0.317641,0.102974,-0.446000,-0.006981,-0.519092,0.095993,0.433783,0.000000,0.135717,0.006981
1771203905.296,6477,2,2,0.0001,0.0379,0.9482,0.0000,0.0001,0.0134,0.0003,0.011517,0.092233,0.000937,0.003313,0.015032,-0.001745,0.001745,0.052048,-0.001745,0.015409,-0.005236,-0.000827,-0.001745,-0.011918,0.003491,0.063771,0.001745,0.010472,-0.019199,0.344879,0.102974,-0.409127,-0.006981,-0.541429,0.102974,0.396910,0.000000,0.141600,0.006981
1771203905.398,6480,2,2,0.0001,0.0293,0.9603,0.0000,0.0001,0.0101,0.0002,0.009800,0.100008,0.000800,0.002797,0.008506,-0.001745,0.001745,0.034452,-0.001745,0.000969,-0.003491,0.000761,0.000000,0.002522,0.003491,0.073664,0.000000,0.010472,-0.019199,0.467554,0.102974,-0.391074,-0.005236,-0.614864,0.109956,0.378856,0.001745,0.121554,0.006981
1771203905.498,6483,2,2,0.0001,0.0259,0.9629,0.0000,0.0001,0.0106,0.0004,0.004619,0.112498,0.000117,0.003226,0.004839,-0.003491,0.001745,0.021615,-0.001745,0.001229,-0.005236,-0.020418,-0.001745,0.004007,0.003491,0.023340,0.000000,0.010472,-0.017453,0.628488,0.102974,-0.393061,-0.003491,-0.822056,0.116937,0.380844,0.000000,0.103277,0.006981
1771203905.599,6486,2,2,0.0001,0.0261,0.9590,0.0000,0.0002,0.0144,0.0003,0.003106,0.109511,0.000997,0.002436,0.000586,-0.001745,0.001745,0.028361,-0.001745,-0.000185,-0.005236,-0.020462,-0.001745,0.003675,0.003491,-0.040712,0.000000,0.008727,-0.017453,0.599663,0.104720,-0.366755,-0.005236,-0.791656,0.125664,0.354538,0.000000,0.113841,0.006981
1771203905.701,6489,2,2,0.0001,0.0459,0.9420,0.0000,0.0002,0.0115,0.0003,0.005801,0.098662,0.000179,0.003732,0.002667,-0.001745,0.000000,0.052824,-0.001745,-0.013294,-0.005236,-0.048830,-0.001745,0.015039,0.001745,-0.007478,0.000000,0.010472,-0.017453,0.534419,0.104720,-0.306296,-0.005236,-0.663858,0.129154,0.294079,0.000000,0.104115,0.006981
1771203905.799,6492,2,2,0.0000,0.0556,0.9442,0.0000,0.0001,0.0000,0.0000,0.014653,0.092810,0.000228,0.001723,0.003645,-0.001745,0.001745,0.056216,-0.001745,-0.014973,-0.005236,0.017252,-0.001745,0.018464,0.001745,0.080415,0.000000,0.012217,-0.017453,0.538455,0.104720,-0.261620,-0.005236,-0.585434,0.132645,0.247658,0.000000,0.071040,0.006981
1771203905.899,6495,2,2,0.0000,0.1476,0.8521,0.0000,0.0001,0.0000,0.0000,0.010447,0.082588,0.001063,0.003436,0.005405,-0.003491,0.001745,0.009413,-0.001745,-0.006741,-0.005236,0.010710,-0.001745,0.011977,0.001745,0.089770,0.000000,0.012217,-0.017453,0.579642,0.104720,-0.150985,-0.005236,-0.430528,0.136136,0.138768,0.000000,0.012596,0.006981
1771203906.001,6498,2,2,0.0000,0.0046,0.9954,0.0000,0.0000,0.0000,0.0000,0.011089,0.077841,0.000646,0.001699,0.002194,-0.003491,0.001745,-0.113819,-0.001745,0.020612,-0.005236,0.052131,-0.001745,-0.013631,0.001745,0.056839,0.000000,0.012217,-0.017453,0.565130,0.104720,-0.121126,-0.005236,-0.264719,0.136136,0.108909,0.000000,-0.049127,0.006981
1771203906.105,6501,2,2,0.0002,0.0429,0.9494,0.0000,0.0001,0.0070,0.0005,0.013526,0.077681,0.001275,0.003257,0.002543,-0.003491,0.001745,-0.028313,-0.001745,0.041416,-0.005236,0.056833,-0.001745,-0.030944,0.003491,0.058829,0.000000,0.010472,-0.017453,0.554921,0.104720,-0.127670,-0.008727,-0.186789,0.139626,0.115452,-0.003491,-0.085037,0.006981
1771203906.203,6504,2,2,0.0003,0.0350,0.9557,0.0000,0.0001,0.0087,0.0003,0.008507,0.075726,0.001226,0.001884,0.001311,-0.001745,0.003491,-0.044842,-0.001745,0.011704,-0.005236,0.029269,-0.001745,0.000513,0.001745,0.055366,0.000000,0.006981,-0.019199,0.578754,0.106465,-0.082115,-0.008727,-0.206162,0.139626,0.069898,-0.005236,-0.082700,0.006981
1771203906.302,6507,2,2,0.0002,0.0469,0.9469,0.0000,0.0001,0.0058,0.0001,0.008588,0.076800,0.000142,0.001966,0.003506,-0.001745,0.003491,-0.065456,-0.001745,0.006298,-0.005236,-0.001755,-0.001745,0.000683,0.001745,0.090841,0.000000,0.005236,-0.017453,0.619167,0.108210,0.042375,-0.008727,-0.121688,0.139626,-0.054592,-0.005236,-0.080605,0.006981
1771203906.402,6510,2,2,0.0001,0.0403,0.9567,0.0000,0.0000,0.0029,0.0001,0.008145,0.077080,0.000421,0.003149,0.001870,-0.003491,0.003491,-0.051803,-0.001745,0.006618,-0.005236,-0.010823,-0.001745,-0.001382,0.001745,0.085889,0.000000,0.005236,-0.017453,0.624613,0.111701,0.036805,-0.008727,-0.121991,0.139626,-0.049023,-0.006981,-0.117950,0.006981
1771203906.507,6513,2,2,0.0001,0.0331,0.9633,0.0000,0.0000,0.0034,0.0001,0.008554,0.077096,0.001516,0.000547,0.002956,-0.001745,0.003491,-0.062997,-0.001745,0.013011,-0.003491,0.001248,-0.001745,-0.011265,0.001745,0.083158,0.000000,0.005236,-0.017453,0.633828,0.111701,0.027773,-0.010472,-0.148299,0.139626,-0.039991,-0.005236,-0.171951,0.006981
1771203906.604,6516,2,2,0.0001,0.0383,0.9567,0.0000,0.0001,0.0048,0.0001,0.007467,0.079912,0.001482,0.003234,0.005591,-0.001745,0.000000,-0.042245,-0.001745,0.005167,-0.003491,-0.001333,-0.001745,-0.003421,0.001745,0.082694,0.000000,0.003491,-0.017453,0.675690,0.111701,-0.033668,-0.008727,-0.192045,0.139626,0.021451,-0.005236,-0.215877,0.006981
1771203906.707,6519,2,2,0.0000,0.0286,0.9685,0.0000,0.0000,0.0027,0.0002,0.014877,0.077320,0.002509,0.003232,0.002212,-0.001745,0.000000,0.096186,-0.001745,0.012213,-0.005236,-0.038909,-0.001745,-0.008722,0.003491,0.066631,0.000000,0.003491,-0.017453,0.657015,0.111701,-0.021241,-0.008727,-0.156029,0.139626,0.009023,-0.006981,-0.165795,0.006981
1771203906.807,6522,2,2,0.0000,0.0311,0.9666,0.0000,0.0000,0.0019,0.0003,0.007602,0.076438,0.000568,0.002922,0.002251,-0.001745,0.000000,-0.012458,-0.001745,0.004484,-0.005236,-0.003149,-0.001745,-0.002739,0.001745,0.084994,0.000000,0.003491,-0.017453,0.640617,0.111701,0.014845,-0.008727,-0.148831,0.139626,-0.027062,-0.006981,-0.172544,0.006981
1771203906.907,6525,2,2,0.0000,0.0352,0.9639,0.0000,0.0000,0.0005,0.0003,0.003640,0.078163,0.001846,0.006821,0.005429,-0.001745,0.001745,0.006680,-0.001745,-0.004493,-0.003491,0.008422,-0.001745,0.006238,0.001745,0.018848,0.000000,0.005236,-0.017453,0.644901,0.111701,-0.041725,-0.010472,-0.077120,0.139626,0.029508,-0.005236,-0.144696,0.006981
1771203907.008,6528,2,2,0.0000,0.0264,0.9729,0.0000,0.0000,0.0005,0.0002,0.004886,0.093177,0.001192,0.007486,0.011328,-0.001745,0.003491,0.018750,-0.001745,-0.017573,-0.005236,0.007030,-0.001745,0.024554,0.001745,0.003068,0.000000,0.003491,-0.017453,0.649757,0.111701,-0.218779,-0.010472,-0.079092,0.139626,0.206562,-0.006981,-0.070123,0.006981
1771203907.108,6531,2,2,0.0000,0.0280,0.9711,0.0000,0.0000,0.0008,0.0001,0.016115,0.093887,0.000575,0.002700,0.009999,-0.001745,0.001745,0.108175,-0.001745,-0.010180,-0.003491,0.066304,-0.001745,0.015416,0.001745,-0.090470,0.000000,0.003491,-0.017453,0.573255,0.111701,-0.243352,-0.010472,-0.122189,0.139626,0.231135,-0.006981,0.060452,0.006981
1771203907.208,6534,2,2,0.0000,0.0337,0.9642,0.0000,0.0000,0.0020,0.0001,0.009741,0.109351,0.000905,0.005556,0.018398,0.000000,0.001745,0.040454,-0.001745,-0.000508,-0.003491,0.067203,-0.001745,0.005744,0.001745,-0.037953,0.000000,0.003491,-0.017453,0.532201,0.111701,-0.152752,-0.010472,0.191846,0.139626,0.140535,-0.005236,0.185830,0.006981
1771203907.308,6537,2,2,0.0000,0.0324,0.9601,0.0000,0.0001,0.0072,0.0003,0.015866,0.116660,0.000468,0.004040,0.019136,0.000000,0.001745,0.016100,-0.001745,0.012963,-0.003491,0.109436,0.000000,-0.007727,0.001745,0.048402,0.000000,0.003491,-0.017453,0.541231,0.111701,-0.111580,-0.010472,0.287609,0.139626,0.099363,-0.006981,0.209924,0.006981
1771203907.408,6540,2,2,0.0001,0.0287,0.9485,0.0000,0.0002,0.0221,0.0005,0.010989,0.111901,0.000496,0.000764,0.004148,0.000000,0.003491,0.003072,-0.001745,0.002861,-0.005236,0.074306,0.000000,0.002375,0.003491,0.042268,0.000000,0.001745,-0.017453,0.490590,0.109956,-0.182297,-0.010472,0.202528,0.139626,0.170080,-0.008727,0.221307,0.006981
1771203907.509,6543,2,2,0.0004,0.0401,0.8751,0.0000,0.0005,0.0831,0.0008,0.013029,0.106714,0.001068,0.001390,0.002848,0.000000,0.003491,0.025021,-0.001745,0.003738,-0.005236,0.080780,0.000000,-0.001992,0.003491,0.039824,-0.001745,0.001745,-0.013963,0.467577,0.108210,-0.128955,-0.010472,0.236475,0.137881,0.123719,-0.006981,0.197985,0.006981
1771203907.609,6546,2,2,0.0005,0.0326,0.8146,0.0000,0.0006,0.1508,0.0009,0.024503,0.117455,0.001818,0.001462,0.003253,-0.001745,0.001745,0.062869,-0.001745,-0.013408,-0.005236,0.114458,0.001745,0.013408,0.005236,0.094577,-0.001745,0.001745,-0.015708,0.528996,0.108210,-0.071074,-0.012217,0.325125,0.136136,0.067584,-0.006981,0.234682,0.006981
1771203907.710,6549,2,2,0.0007,0.0266,0.6072,0.0000,0.0010,0.3636,0.0008,0.029465,0.125272,0.000385,0.001275,0.004410,0.000000,0.001745,0.060168,-0.001745,-0.018511,-0.005236,0.175041,0.005236,0.020256,0.006981,0.084155,-0.003491,0.003491,-0.013963,0.579721,0.108210,-0.071074,-0.012217,0.336882,0.136136,0.071074,-0.006981,0.260773,0.006981
1771203907.810,6552,2,2,0.0006,0.0471,0.6189,0.0000,0.0010,0.3316,0.0008,0.010644,0.116368,0.001472,0.002670,0.014339,0.000000,0.003491,0.002057,-0.001745,-0.021759,-0.005236,0.067969,0.006981,0.025250,0.005236,0.016746,-0.006981,0.001745,-0.013963,0.661252,0.108210,-0.043809,-0.012217,0.273618,0.136136,0.043809,-0.006981,0.164662,0.006981
1771203907.916,6555,2,2,0.0002,0.0389,0.9128,0.0000,0.0003,0.0474,0.0004,0.002924,0.106541,0.002109,0.001914,0.005824,0.000000,0.001745,-0.016156,-0.001745,-0.015587,-0.005236,-0.016624,0.003491,0.019077,0.005236,0.005543,-0.003491,0.001745,-0.013963,0.578794,0.109956,-0.038370,-0.012217,0.240462,0.136136,0.038370,-0.006981,0.166042,0.006981
1771203908.018,6558,2,2,0.0001,0.0519,0.9322,0.0000,0.0001,0.0156,0.0001,0.007038,0.093389,0.000302,0.001765,0.009317,0.000000,0.003491,-0.024893,-0.001745,0.002433,-0.005236,0.039908,0.003491,-0.000687,0.005236,0.029902,0.000000,0.001745,-0.013963,0.534839,0.109956,0.014317,-0.012217,0.147730,0.136136,-0.014317,-0.005236,0.168964,0.006981
1771203908.117,6561,2,2,0.0001,0.1663,0.8271,0.0000,0.0001,0.0065,0.0001,0.003836,0.081620,0.000277,0.004186,0.020026,-0.001745,0.001745,-0.033107,-0.001745,0.015144,-0.006981,0.022164,0.003491,-0.011653,0.003491,-0.009588,0.000000,0.001745,-0.013963,0.577713,0.111701,-0.022689,-0.012217,0.029819,0.136136,0.022689,-0.005236,0.092652,0.006981
1771203908.217,6564,2,2,0.0000,0.0932,0.9060,0.0000,0.0000,0.0008,0.0000,0.005496,0.084661,0.000818,0.002575,0.004573,0.000000,0.001745,-0.012277,-0.001745,0.009450,-0.005236,0.033174,0.003491,-0.007705,0.001745,0.016351,-0.001745,0.001745,-0.013963,0.706345,0.111701,-0.053024,-0.010472,-0.025069,0.136136,0.053024,-0.003491,-0.074748,0.006981
1771203908.314,6567,2,2,0.0000,0.0238,0.9755,0.0000,0.0000,0.0006,0.0001,0.011056,0.085008,0.000848,0.002364,0.002186,0.000000,0.000000,0.036728,-0.001745,0.009073,-0.005236,0.066083,0.003491,-0.007327,0.001745,0.015548,0.000000,0.001745,-0.013963,0.711765,0.113446,-0.050022,-0.008727,-0.045649,0.136136,0.050022,-0.003491,-0.085046,0.006981
1771203908.415,6570,2,2,0.0000,0.0338,0.9639,0.0000,0.0000,0.0020,0.0003,0.011882,0.085552,0.000583,0.006757,0.005410,0.000000,0.001745,0.038359,-0.001745,0.002792,-0.005236,0.083158,0.003491,0.000698,0.003491,0.008846,0.000000,0.001745,-0.013963,0.683980,0.113446,-0.086085,-0.008727,-0.103712,0.136136,0.084340,-0.003491,-0.104694,0.006981
1771203908.515,6573,2,2,0.0000,0.0206,0.9790,0.0000,0.0000,0.0002,0.0002,0.009578,0.085704,0.000030,0.003290,0.004648,0.000000,0.003491,0.052186,-0.001745,-0.000340,-0.005236,0.055427,0.001745,0.002085,0.000000,-0.015470,0.000000,0.001745,-0.013963,0.682528,0.113446,-0.089354,-0.008727,-0.100854,0.136136,0.087609,-0.001745,-0.110853,0.006981
1771203908.615,6576,2,2,0.0000,0.0116,0.9880,0.0000,0.0000,0.0002,0.0001,0.021309,0.085860,0.000396,0.002243,0.003220,0.000000,0.003491,-0.002191,-0.001745,-0.021723,-0.005236,0.119472,0.001745,0.019978,0.001745,0.109272,0.000000,0.001745,-0.013963,0.697620,0.113446,-0.076141,-0.006981,-0.092025,0.136136,0.074396,-0.001745,-0.121112,0.006981
1771203908.717,6579,2,2,0.0000,0.0122,0.9873,0.0000,0.0000,0.0002,0.0002,0.015147,0.082052,0.000404,0.001696,0.001846,0.000000,0.001745,0.006722,-0.001745,-0.012010,-0.005236,0.091940,0.001745,0.010265,0.003491,0.065857,0.000000,0.001745,-0.013963,0.687000,0.113446,-0.041057,-0.008727,-0.094072,0.136136,0.039312,-0.001745,-0.124758,0.006981
1771203908.817,6582,2,2,0.0000,0.0163,0.9833,0.0000,0.0000,0.0002,0.0002,0.019777,0.085381,0.000754,0.002948,0.007847,0.000000,0.001745,0.035109,-0.001745,-0.007457,-0.005236,0.108741,0.001745,0.005712,0.005236,0.079042,0.000000,0.003491,-0.013963,0.665932,0.113446,-0.100331,-0.008727,-0.121357,0.136136,0.098586,-0.001745,-0.082125,0.006981
1771203908.917,6585,2,2,0.0000,0.0133,0.9859,0.0000,0.0000,0.0006,0.0002,0.016364,0.086030,0.000000,0.000000,0.000000,0.000000,0.001745,0.019872,-0.001745,-0.010056,-0.005236,0.084173,0.001745,0.008311,0.005236,0.075292,0.000000,0.003491,-0.013963,0.677895,0.113446,-0.096161,-0.008727,-0.124304,0.136136,0.094415,-0.003491,-0.082258,0.006981
1771203909.018,6588,2,2,0.0000,0.0789,0.9184,0.0000,0.0000,0.0024,0.0003,0.004358,0.075661,0.000843,0.002288,0.033996,0.000000,0.001745,-0.068374,-0.001745,0.045315,-0.005236,-0.235725,0.001745,-0.045315,0.003491,-0.180152,0.000000,0.003491,-0.013963,0.571307,0.113446,-0.067762,-0.008727,-0.021038,0.136136,0.066017,-0.003491,0.010554,0.006981
1771203909.118,6591,2,2,0.0000,0.1380,0.8604,0.0000,0.0000,0.0014,0.0002,0.004109,0.077155,0.003974,0.004975,0.052144,0.000000,0.001745,-0.165538,-0.001745,0.045816,-0.005236,-0.137114,0.000000,-0.042326,0.001745,-0.084853,0.000000,0.001745,-0.013963,0.453822,0.113446,-0.046769,-0.008727,0.064533,0.136136,0.045024,-0.003491,0.104171,0.006981
1771203909.218,6594,2,2,0.0000,0.0112,0.9887,0.0000,0.0000,0.0001,0.0000,0.002800,0.090225,0.000372,0.000952,0.002890,0.000000,0.001745,-0.086099,-0.001745,0.030105,-0.005236,-0.086632,0.000000,-0.024869,0.001745,-0.072394,0.000000,0.001745,-0.013963,0.499592,0.113446,-0.009397,-0.008727,0.168432,0.136136,0.007651,-0.003491,0.148711,0.006981
1771203909.319,6597,2,2,0.0000,0.0109,0.9888,0.0000,0.0000,0.0002,0.0001,0.001949,0.098846,0.000547,0.000492,0.000974,0.000000,0.001745,-0.048375,-0.001745,0.019900,-0.003491,-0.035440,0.000000,-0.007682,0.001745,-0.034847,0.000000,0.000000,-0.013963,0.511080,0.115192,0.012901,-0.006981,0.232031,0.136136,-0.014646,-0.003491,0.171837,0.006981
1771203909.420,6600,2,2,0.0000,0.0223,0.9747,0.0000,0.0000,0.0029,0.0000,0.013655,0.105665,0.000236,0.000660,0.000485,0.000000,0.001745,-0.036822,-0.001745,-0.011412,-0.003491,0.091056,0.000000,0.016648,0.001745,0.052667,0.000000,0.003491,-0.013963,0.511518,0.116937,0.011146,-0.008727,0.275688,0.136136,-0.012891,-0.005236,0.206086,0.006981
1771203909.520,6603,2,2,0.0001,0.0478,0.9280,0.0000,0.0002,0.0237,0.0002,0.008347,0.093708,0.000385,0.001243,0.002422,0.000000,0.001745,-0.022894,-0.001745,0.000711,-0.005236,0.073803,0.000000,0.011507,0.001745,0.010654,0.000000,0.003491,-0.013963,0.326139,0.116937,0.001812,-0.008727,0.301557,0.136136,-0.003557,-0.003491,0.231444,0.006981
1771203909.621,6606,2,2,0.0000,0.0099,0.9898,0.0000,0.0001,0.0001,0.0000,0.001791,0.055330,0.000213,0.001581,0.001441,0.000000,0.001745,0.005186,-0.001745,0.012812,-0.005236,-0.278618,0.000000,-0.002340,0.001745,-0.210177,0.000000,0.001745,-0.012217,0.010068,0.116937,0.011295,-0.008727,0.211602,0.136136,-0.013041,-0.003491,0.169190,0.006981
1771203909.721,6609,2,2,0.0001,0.1479,0.8516,0.0000,0.0000,0.0002,0.0002,0.005833,0.030816,0.002392,0.002967,0.013109,0.000000,0.003491,0.030460,-0.001745,-0.025574,-0.003491,-1.287398,-0.001745,0.034301,0.001745,-1.293954,0.000000,0.000000,-0.012217,-0.774863,0.116937,-0.111480,-0.008727,-0.367114,0.136136,0.109735,-0.003491,-0.455308,0.006981
1771203909.821,6612,1,1,0.0000,0.5192,0.4799,0.0000,0.0000,0.0008,0.0001,0.004257,0.034077,0.000298,0.000275,0.001991,0.000000,0.003491,-0.054807,-0.001745,-0.033636,-0.003491,-1.251214,-0.005236,0.045853,0.001745,-1.162190,0.000000,0.001745,-0.012217,-0.841102,0.116937,-0.148870,-0.010472,-0.880106,0.136136,0.147124,-0.003491,-0.757938,0.006981
1771203909.925,6615,2,2,0.0000,0.4751,0.5249,0.0000,0.0000,0.0001,0.0000,0.002299,0.017020,0.000282,0.000485,0.003286,0.000000,0.001745,-0.113230,-0.001745,-0.010136,-0.005236,-1.086832,-0.001745,0.024099,0.001745,-0.969525,0.000000,-0.001745,0.000000,-0.449306,0.068068,-0.040181,-0.008727,-0.824349,0.085521,0.047162,-0.003491,-0.967364,0.003491
1771203910.026,6618,1,1,0.0000,0.5758,0.4241,0.0000,0.0000,0.0000,0.0000,0.001018,0.011151,0.000750,0.000211,0.007286,-0.001745,0.001745,-0.151959,-0.001745,0.005986,-0.005236,-0.753051,-0.001745,0.002741,0.001745,-0.619946,-0.001745,-0.001745,0.003491,-0.282627,0.041888,0.027346,-0.008727,-0.770709,0.057596,-0.009893,-0.001745,-0.855161,0.003491
1771203910.125,6621,1,1,0.0000,0.5266,0.4734,0.0000,0.0000,0.0000,0.0000,0.001850,0.007854,0.001120,0.000395,0.005738,0.000000,0.001745,-0.085495,-0.001745,-0.009981,-0.005236,-0.474211,-0.001745,0.018708,0.001745,-0.356601,-0.001745,-0.003491,0.005236,-0.093516,0.027925,0.013482,-0.006981,-0.504868,0.036652,0.009207,-0.001745,-0.583632,0.001745
1771203910.224,6624,1,1,0.0000,0.9632,0.0368,0.0000,0.0000,0.0000,0.0000,0.001727,0.010393,0.000368,0.000433,0.003251,-0.001745,0.001745,-0.135747,-0.001745,-0.008507,-0.005236,-0.220920,-0.001745,0.017233,0.001745,-0.148749,-0.003491,-0.001745,0.005236,0.055893,0.010472,-0.012970,-0.005236,-0.290445,0.017453,0.033913,-0.001745,-0.307014,0.001745
1771203910.322,6627,1,1,0.0000,0.9978,0.0022,0.0000,0.0000,0.0000,0.0000,0.001402,0.008929,0.000234,0.001051,0.000919,0.000000,0.001745,-0.116259,-0.001745,0.013328,-0.005236,-0.162028,-0.001745,-0.009838,0.001745,-0.095335,-0.003491,-0.001745,0.005236,0.061774,0.003491,0.003404,-0.005236,-0.263272,0.005236,0.026266,-0.001745,-0.270350,0.001745
1771203910.427,6630,1,1,0.0002,0.9994,0.0003,0.0000,0.0000,0.0000,0.0000,0.004640,0.002909,0.000262,0.001938,0.001834,-0.001745,0.001745,-0.046738,-0.001745,0.036805,-0.005236,-0.032420,-0.005236,-0.022843,0.001745,0.015390,-0.005236,-0.001745,0.003491,-0.069186,0.001745,0.000058,-0.005236,-0.206128,0.000000,0.027867,-0.001745,-0.255721,0.001745
1771203910.530,6633,1,1,0.0000,0.9999,0.0000,0.0000,0.0000,0.0000,0.0000,0.012312,0.007485,0.001015,0.017466,0.020992,-0.003491,0.003491,-0.058825,-0.001745,-0.004574,-0.005236,0.012393,-0.005236,0.027264,0.001745,0.102848,-0.003491,-0.001745,0.005236,-0.700666,0.000000,0.082840,-0.003491,-0.354741,0.000000,-0.056660,-0.001745,-0.495181,0.001745
1771203910.630,6636,1,1,0.0000,0.9999,0.0000,0.0000,0.0000,0.0000,0.0000,0.033792,0.009474,0.000467,0.002597,0.001409,-0.001745,0.001745,-0.013399,-0.001745,-0.025496,-0.005236,0.114050,-0.005236,0.049931,0.001745,0.238030,-0.005236,-0.001745,0.003491,-0.398719,0.000000,0.108447,-0.003491,-0.254513,0.000000,-0.078777,-0.001745,-0.364448,0.001745
1771203910.730,6639,1,1,0.0000,1.0000,0.0000,0.0000,0.0000,0.0000,0.0000,0.023184,0.006019,0.000000,0.000000,0.000000,-0.001745,0.001745,0.061622,-0.001745,-0.002626,-0.005236,0.086638,-0.005236,0.021825,0.001745,0.104637,-0.005236,-0.001745,0.003491,-0.137357,-0.003491,0.065247,-0.001745,-0.188297,0.000000,-0.032086,0.001745,-0.225538,0.001745
1771203910.833,6642,1,1,0.0000,0.9999,0.0001,0.0000,0.0000,0.0000,0.0000,0.014587,0.003385,0.000284,0.001436,0.001179,-0.001745,0.001745,0.116592,-0.001745,0.022530,-0.005236,-0.045689,-0.005236,-0.005077,0.001745,0.032427,-0.005236,-0.001745,0.003491,-0.094700,-0.001745,-0.005717,-0.003491,-0.179910,0.000000,0.035388,0.000000,-0.145171,0.001745
1771203910.936,6645,1,1,0.0000,0.9999,0.0000,0.0000,0.0000,0.0000,0.0000,0.004496,0.005387,0.001574,0.003722,0.002877,-0.003491,0.003491,-0.057170,-0.001745,0.048720,-0.005236,-0.041232,-0.005236,-0.024285,0.001745,-0.008754,-0.003491,-0.001745,0.001745,0.006256,-0.003491,-0.023483,0.000000,-0.088580,0.000000,0.054899,0.000000,-0.012034,0.001745
1771203911.037,6648,1,1,0.0000,0.9999,0.0001,0.0000,0.0000,0.0000,0.0000,0.009320,0.035294,0.000890,0.002245,0.002395,-0.001745,0.003491,-0.115956,-0.001745,0.051565,-0.005236,-0.043808,-0.005236,-0.020149,0.001745,0.055036,-0.005236,-0.001745,0.003491,0.059491,-0.001745,-0.002900,-0.001745,0.109143,-0.001745,0.039552,0.000000,0.210104,0.001745
1771203911.135,6651,1,1,0.0000,0.9995,0.0005,0.0000,0.0000,0.0000,0.0000,0.044003,0.052266,0.000884,0.001822,0.002619,-0.003491,0.000000,0.057560,-0.001745,0.025452,-0.005236,0.076232,-0.005236,0.012945,0.001745,0.354102,-0.003491,-0.001745,0.001745,0.163723,-0.001745,0.017951,-0.001745,0.191838,0.000000,0.013465,0.000000,0.236728,0.001745
1771203911.235,6654,1,1,0.0000,0.9965,0.0034,0.0001,0.0000,0.0000,0.0000,0.029815,0.029755,0.002098,0.002182,0.001966,-0.001745,0.001745,0.095238,-0.001745,0.010526,-0.005236,0.084982,-0.005236,0.017399,0.001745,0.146145,-0.005236,-0.001745,0.001745,0.118259,-0.001745,0.022450,-0.001745,0.092452,0.000000,0.001984,0.000000,0.120167,0.000000
1771203911.335,6657,1,1,0.0049,0.9834,0.0053,0.0043,0.0001,0.0001,0.0020,0.035221,0.033846,0.000477,0.001698,0.000708,-0.001745,0.003491,0.010588,-0.001745,-0.004282,-0.005236,0.221933,-0.005236,0.023481,0.001745,0.161420,-0.003491,-0.001745,0.001745,0.050916,-0.001745,0.008623,-0.001745,0.174816,-0.001745,0.008830,0.000000,0.161215,0.000000
1771203911.436,6660,1,1,0.0077,0.9780,0.0057,0.0068,0.0002,0.0001,0.0014,0.019487,0.012603,0.000409,0.002256,0.001820,-0.001745,0.001745,-0.074919,-0.001745,0.016509,-0.005236,0.113029,-0.005236,0.000945,0.001745,0.099869,-0.003491,-0.001745,0.001745,-0.006439,-0.001745,-0.008078,-0.001745,0.062565,-0.001745,0.023786,0.000000,0.063137,0.000000
1771203911.536,6663,1,1,0.0027,0.9921,0.0020,0.0029,0.0000,0.0001,0.0003,0.012676,0.012163,0.001351,0.006741,0.008344,-0.003491,0.001745,-0.003688,-0.001745,0.003257,-0.005236,0.070567,-0.005236,0.008961,0.003491,0.064095,-0.003491,-0.001745,0.001745,0.010563,-0.001745,-0.007752,-0.003491,0.024445,-0.001745,0.014733,0.000000,0.094470,0.000000
1771203911.636,6666,1,1,0.0002,0.9971,0.0025,0.0002,0.0000,0.0000,0.0000,0.009533,0.095874,0.000819,0.004440,0.013193,-0.003491,0.003491,-0.003337,-0.001745,-0.011041,-0.005236,0.033552,-0.005236,0.018022,0.003491,0.055844,-0.003491,0.000000,0.000000,0.078064,-0.001745,-0.117615,-0.001745,0.201544,-0.001745,0.126341,0.000000,0.744533,0.000000
1771203911.736,6669,1,1,0.0000,0.9656,0.0344,0.0000,0.0000,0.0000,0.0000,0.015252,0.119316,0.001943,0.001423,0.002133,-0.001745,0.001745,-0.003409,-0.001745,-0.047540,-0.005236,0.020240,-0.005236,0.058012,0.001745,0.101275,-0.003491,0.000000,0.000000,0.285743,-0.001745,0.019014,-0.001745,0.402774,-0.003491,-0.013778,0.001745,0.722516,0.000000
1771203911.837,6672,1,1,0.0000,0.8661,0.1339,0.0000,0.0000,0.0000,0.0000,0.009014,0.103671,0.001686,0.001094,0.000695,-0.001745,0.003491,0.001657,-0.001745,-0.002572,-0.005236,0.033296,-0.005236,0.021771,0.003491,0.044465,-0.003491,0.000000,0.000000,0.345869,-0.001745,0.041259,0.000000,0.354201,-0.001745,-0.036023,0.001745,0.500973,0.000000
1771203911.938,6675,2,1,0.0000,0.3139,0.6861,0.0000,0.0000,0.0000,0.0000,0.003278,0.193917,0.001577,0.000994,0.005316,-0.003491,0.001745,0.023627,-0.001745,0.011815,-0.005236,-0.011031,-0.005236,0.000403,0.001745,-0.006922,-0.003491,0.000000,0.000000,0.833639,0.000000,0.140603,-0.001745,0.821571,-0.001745,-0.133622,0.001745,0.529451,0.000000
1771203912.038,6678,2,2,0.0000,0.2411,0.7589,0.0000,0.0000,0.0000,0.0000,0.002417,0.145178,0.000704,0.000475,0.001742,-0.003491,0.003491,-0.008496,-0.001745,0.023774,-0.005236,-0.022250,-0.005236,-0.011557,0.001745,-0.004426,-0.003491,0.003491,0.005236,0.549305,0.006981,-0.006097,-0.001745,0.742537,-0.001745,0.018314,0.000000,0.414523,0.001745
1771203912.139,6681,2,2,0.0000,0.1863,0.8137,0.0000,0.0000,0.0000,0.0000,0.006045,0.180731,0.000267,0.001710,0.002689,-0.001745,0.003491,0.046774,-0.001745,0.002658,-0.005236,-0.045892,-0.005236,0.011305,0.003491,0.004825,-0.003491,0.003491,0.012217,0.614260,0.024435,-0.123427,0.000000,0.757509,0.000000,0.147862,0.005236,0.596779,0.006981
1771203912.239,6684,2,2,0.0000,0.2260,0.7739,0.0000,0.0001,0.0000,0.0000,0.007849,0.197842,0.000655,0.001847,0.002595,-0.001745,0.001745,0.028275,-0.001745,0.010886,-0.005236,-0.003277,-0.001745,-0.003904,0.001745,0.051540,-0.003491,0.003491,0.017453,0.629662,0.024435,-0.201610,0.005236,0.756144,0.012217,0.217318,0.006981,0.692442,0.008727
1771203912.339,6687,2,2,0.0000,0.2086,0.7912,0.0000,0.0002,0.0000,0.0000,0.004880,0.188897,0.000462,0.001249,0.001489,-0.001745,0.001745,0.021200,-0.001745,0.018919,-0.005236,0.003777,-0.005236,-0.004957,0.001745,0.011173,-0.003491,0.003491,0.026180,0.584349,0.026180,-0.255896,0.008727,0.666145,0.022689,0.266368,0.005236,0.648671,0.008727
1771203912.441,6690,2,2,0.0000,0.1957,0.8039,0.0000,0.0003,0.0000,0.0000,0.027059,0.135840,0.001215,0.002283,0.002942,-0.003491,0.001745,-0.044804,-0.001745,0.023968,-0.005236,0.207763,-0.005236,-0.011751,0.001745,0.089487,-0.003491,0.003491,0.034907,0.518240,0.036652,-0.169170,0.008727,0.488363,0.024435,0.176151,0.005236,0.325155,0.008727
1771203912.540,6693,2,2,0.0000,0.2927,0.7065,0.0001,0.0007,0.0001,0.0000,0.021966,0.095329,0.000980,0.010261,0.008566,-0.001745,0.003491,-0.024881,-0.001745,0.052251,-0.005236,0.172867,-0.001745,-0.029562,0.001745,0.033239,-0.003491,0.003491,0.036652,0.338244,0.052360,-0.110804,0.008727,0.338266,0.027925,0.114295,0.006981,0.208281,0.008727
1771203912.641,6696,1,1,0.0000,0.7291,0.2705,0.0001,0.0002,0.0000,0.0000,0.019495,0.054676,0.000883,0.004681,0.001430,-0.001745,0.001745,-0.003798,-0.001745,0.069644,-0.005236,0.160808,-0.001745,-0.046955,0.001745,-0.081517,-0.003491,0.003491,0.036652,0.259150,0.066323,-0.102194,0.008727,0.132452,0.029671,0.105685,0.005236,-0.009730,0.008727
1771203912.744,6699,1,1,0.0000,0.6594,0.3405,0.0000,0.0000,0.0000,0.0000,0.013459,0.053899,0.001026,0.004911,0.004188,-0.001745,0.001745,0.007995,-0.001745,0.071804,-0.005236,0.078216,-0.001745,-0.049115,0.001745,-0.181970,-0.003491,0.003491,0.036652,0.270909,0.071558,0.023756,0.005236,0.172466,0.029671,-0.018520,0.000000,0.026063,0.006981
1771203912.842,6702,2,2,0.0000,0.1861,0.8139,0.0000,0.0000,0.0000,0.0000,0.008520,0.054666,0.001264,0.002688,0.001758,-0.001745,0.001745,-0.038514,-0.001745,0.061465,-0.005236,0.037289,-0.001745,-0.038776,0.001745,-0.181503,-0.003491,0.003491,0.031416,0.248059,0.071558,0.041032,0.003491,0.194874,0.029671,-0.041032,0.000000,0.027166,0.005236
1771203912.945,6705,1,1,0.0000,0.8655,0.1345,0.0000,0.0000,0.0000,0.0000,0.007478,0.039084,0.000749,0.004492,0.003636,-0.001745,0.001745,-0.019819,-0.001745,0.066921,-0.005236,0.019320,-0.001745,-0.042486,0.001745,-0.072313,-0.003491,0.006981,0.022689,0.114706,0.071558,0.023357,0.006981,0.179102,0.036652,-0.023357,-0.003491,-0.012020,0.006981
1771203913.044,6708,1,1,0.0000,0.9924,0.0076,0.0000,0.0000,0.0000,0.0000,0.004434,0.030752,0.001024,0.005415,0.006421,-0.001745,0.001745,-0.009348,-0.001745,0.049712,-0.005236,-0.000974,-0.001745,-0.027023,0.001745,-0.001857,-0.003491,0.006981,0.008727,0.066160,0.071558,0.011962,0.005236,0.144294,0.047124,-0.010217,0.000000,-0.033030,0.006981
1771203913.143,6711,1,1,0.0000,0.9998,0.0002,0.0000,0.0000,0.0000,0.0000,0.006475,0.021093,0.002197,0.005557,0.006030,-0.001745,0.001745,0.006775,-0.001745,0.067438,-0.006981,-0.009723,-0.001745,-0.041258,0.001745,-0.049460,-0.003491,0.006981,-0.001745,0.055426,0.068068,0.001518,-0.003491,0.063531,0.052360,-0.001518,0.000000,-0.078809,0.005236
1771203913.244,6714,1,1,0.0000,0.9999,0.0001,0.0000,0.0000,0.0000,0.0000,0.005661,0.016489,0.001053,0.005542,0.004634,-0.001745,0.001745,-0.014785,-0.001745,0.064439,-0.006981,-0.006215,-0.001745,-0.036514,0.001745,-0.062589,-0.003491,0.006981,-0.001745,0.046169,0.062832,0.005476,-0.003491,0.017070,0.052360,-0.007221,0.001745,-0.050705,0.005236
1771203913.343,6717,1,1,0.0000,0.9999,0.0001,0.0000,0.0000,0.0000,0.0000,0.012236,0.017422,0.001099,0.001849,0.001550,-0.001745,0.001745,0.001580,-0.001745,0.051986,-0.006981,0.017443,-0.001745,-0.022315,0.001745,0.072335,-0.003491,0.003491,-0.001745,0.043418,0.055851,0.000596,-0.005236,0.048119,0.052360,-0.005832,-0.003491,-0.021770,0.005236
1771203913.444,6720,1,1,0.0000,0.9997,0.0003,0.0000,0.0000,0.0000,0.0000,0.013659,0.018780,0.003070,0.002921,0.000936,-0.001745,0.001745,0.096329,-0.001745,0.064090,-0.006981,-0.032736,-0.001745,-0.030929,0.001745,-0.003722,-0.003491,0.003491,-0.001745,0.028378,0.054105,0.018422,-0.005236,0.060408,0.052360,-0.016677,0.000000,0.002960,0.005236
1771203913.546,6723,1,1,0.0000,0.9988,0.0012,0.0000,0.0000,0.0000,0.0000,0.010089,0.012515,0.000913,0.000749,0.001689,-0.001745,0.001745,0.066900,-0.001745,0.050012,-0.006981,-0.049938,-0.001745,-0.016850,0.001745,0.000669,-0.003491,0.000000,0.001745,-0.009437,0.036652,0.004541,-0.005236,0.055929,0.043633,0.002440,0.000000,-0.013319,0.005236
1771203913.648,6726,1,1,0.0000,0.9991,0.0009,0.0000,0.0000,0.0000,0.0000,0.005734,0.010332,0.000521,0.000887,0.001605,-0.001745,0.001745,0.024997,-0.001745,0.025344,-0.006981,-0.008933,-0.001745,0.004327,0.001745,0.010649,-0.003491,0.000000,0.001745,0.004669,0.024435,-0.001133,-0.003491,0.053603,0.031416,0.002878,0.000000,-0.007753,0.005236
1771203913.748,6729,1,1,0.0000,0.9997,0.0003,0.0000,0.0000,0.0000,0.0000,0.016428,0.011261,0.000705,0.003354,0.002737,-0.001745,0.001745,-0.002003,-0.001745,0.037945,-0.006981,0.073615,-0.001745,-0.008274,0.001745,0.082085,-0.003491,0.000000,0.003491,-0.019229,0.012217,0.003444,-0.001745,0.077451,0.020944,0.000046,0.000000,0.014044,0.003491
1771203913.848,6732,1,1,0.0000,0.9999,0.0001,0.0000,0.0000,0.0000,0.0000,0.006655,0.006103,0.001088,0.005038,0.008522,-0.001745,0.001745,0.005932,-0.001745,0.045389,-0.006981,0.025045,-0.001745,-0.010483,0.001745,-0.014301,-0.003491,0.000000,0.005236,-0.097985,0.001745,0.009712,-0.001745,0.038955,0.010472,-0.006221,0.000000,0.003628,0.003491
1771203913.948,6735,1,1,0.0000,0.9999,0.0001,0.0000,0.0000,0.0000,0.0000,0.021248,0.018579,0.000890,0.007125,0.005785,-0.001745,0.001745,0.014515,-0.001745,0.046107,-0.006981,0.085688,-0.001745,-0.009455,0.001745,0.105177,-0.003491,0.000000,0.005236,-0.468777,0.000000,-0.208984,-0.001745,-0.695117,0.000000,0.214220,-0.001745,-0.334397,0.003491
1771203914.049,6738,1,1,0.0000,0.9999,0.0000,0.0000,0.0000,0.0000,0.0000,0.004446,0.002865,0.003578,0.014469,0.013994,-0.001745,0.001745,-0.014393,-0.001745,0.025999,-0.006981,0.018447,-0.001745,0.005417,0.001745,-0.008041,-0.003491,0.000000,0.005236,-0.573592,-0.001745,0.025650,-0.001745,-0.888025,-0.003491,-0.016923,0.000000,-1.406198,0.003491
1771203914.148,6741,1,1,0.0000,1.0000,0.0000,0.0000,0.0000,0.0000,0.0000,0.012142,0.003620,0.002054,0.004105,0.005952,-0.003491,0.001745,0.114287,-0.001745,0.019017,-0.006981,-0.079317,-0.001745,0.008909,0.001745,-0.049559,-0.003491,0.000000,0.003491,-0.446211,-0.003491,-0.025989,-0.001745,-0.975113,-0.001745,0.038207,-0.001745,-1.354138,0.001745
1771203914.249,6744,1,1,0.0000,1.0000,0.0000,0.0000,0.0000,0.0000,0.0000,0.008076,0.009326,0.000794,0.002882,0.002349,0.000000,0.001745,0.072482,-0.001745,0.000905,-0.005236,-0.018431,-0.001745,0.018293,0.003491,-0.015393,-0.003491,-0.001745,0.003491,-0.220922,-0.001745,-0.087474,-0.001745,-0.930093,-0.001745,0.106672,0.000000,-1.114590,0.001745
1771203914.349,6747,1,1,0.0000,1.0000,0.0000,0.0000,0.0000,0.0000,0.0000,0.003954,0.009307,0.002073,0.003720,0.005231,-0.001745,0.001745,0.026500,-0.001745,0.004819,-0.006981,-0.026644,-0.001745,0.010889,0.003491,-0.058674,-0.003491,-0.001745,0.005236,-0.136065,-0.001745,-0.085507,-0.001745,-0.647911,-0.003491,0.104705,0.000000,-0.873753,0.001745
1771203914.449,6750,1,1,0.0000,1.0000,0.0000,0.0000,0.0000,0.0000,0.0000,0.002198,0.004933,0.000719,0.004583,0.003463,-0.003491,0.001745,-0.030996,-0.001745,0.003347,-0.006981,-0.025987,-0.001745,0.007125,0.000000,0.014157,-0.003491,-0.001745,0.005236,-0.053787,-0.001745,-0.024289,-0.003491,-0.340571,-0.001745,0.048724,0.003491,-0.606101,0.001745
1771203914.549,6753,1,1,0.0000,1.0000,0.0000,0.0000,0.0000,0.0000,0.0000,0.002188,0.013353,0.000352,0.001750,0.001587,-0.001745,0.003491,-0.035238,-0.001745,0.015195,-0.006981,-0.025738,-0.001745,-0.006468,0.000000,0.007565,-0.003491,-0.001745,0.003491,0.113361,-0.003491,0.039890,-0.001745,-0.098496,-0.003491,-0.018947,0.001745,-0.287390,0.001745
1771203914.650,6756,1,1,0.0000,0.9996,0.0003,0.0000,0.0000,0.0000,0.0000,0.001450,0.244540,0.000646,0.006926,0.005219,-0.003491,0.003491,-0.036894,-0.001745,0.013904,-0.006981,-0.011511,-0.001745,-0.001686,0.000000,-0.027334,-0.003491,-0.001745,0.005236,0.879394,-0.001745,0.264847,-0.001745,0.892817,-0.003491,-0.238667,0.000000,0.890438,0.001745
1771203914.750,6759,1,1,0.0002,0.9946,0.0052,0.0000,0.0000,0.0000,0.0000,0.001164,0.206031,0.001104,0.001201,0.007070,-0.001745,0.001745,-0.186492,-0.001745,0.001302,-0.006981,-0.008071,-0.001745,0.010915,0.000000,-0.090545,-0.003491,0.001745,-0.003491,0.595273,0.022689,0.090110,-0.003491,0.722034,-0.003491,-0.060439,-0.003491,1.040526,0.000000
1771203914.857,6762,1,1,0.0002,0.9657,0.0338,0.0000,0.0001,0.0000,0.0001,0.002565,0.135362,0.001504,0.002067,0.003410,-0.001745,0.003491,-0.083331,-0.001745,-0.015069,-0.006981,-0.015442,-0.001745,0.027286,0.000000,-0.068229,-0.003491,0.010472,-0.026180,0.444785,0.041888,0.167675,-0.001745,0.391591,-0.003491,-0.139750,0.000000,0.567937,0.000000
1771203914.957,6765,1,1,0.0000,0.8866,0.1133,0.0000,0.0000,0.0000,0.0000,0.003645,0.066149,0.003253,0.001671,0.002265,-0.003491,0.003491,-0.028549,-0.001745,-0.000211,-0.006981,-0.004841,-0.001745,0.017664,0.000000,0.022589,-0.003491,0.010472,-0.036652,0.341481,0.048869,0.086326,-0.001745,0.164382,-0.005236,-0.058401,-0.001745,0.142259,0.000000
1771203915.054,6768,1,1,0.0000,0.9810,0.0190,0.0000,0.0000,0.0000,0.0000,0.002810,0.045767,0.001576,0.007582,0.007518,-0.003491,0.003491,-0.061935,-0.001745,-0.005858,-0.006981,0.001959,-0.001745,0.014584,0.000000,0.013687,-0.003491,0.008727,-0.040143,0.246953,0.045379,-0.000881,-0.003491,0.058497,0.000000,0.016589,0.003491,0.169573,0.000000
1771203915.154,6771,1,1,0.0000,0.9991,0.0009,0.0000,0.0000,0.0000,0.0000,0.006147,0.028307,0.000661,0.002166,0.001718,-0.001745,0.001745,-0.081831,-0.001745,0.013438,-0.006981,0.024081,-0.001745,-0.002966,0.001745,0.032751,-0.003491,0.001745,-0.027925,0.157213,0.034907,-0.034430,-0.001745,-0.052107,0.000000,0.046647,0.000000,0.099175,0.000000
1771203915.258,6774,1,1,0.0000,0.9998,0.0002,0.0000,0.0000,0.0000,0.0000,0.003551,0.014220,0.001183,0.001637,0.001812,-0.001745,0.003491,-0.035141,-0.001745,0.007979,-0.006981,-0.029650,-0.001745,0.000747,0.000000,0.030392,-0.003491,0.000000,-0.005236,0.032197,0.022689,-0.046940,-0.001745,-0.071691,-0.001745,0.062648,0.000000,0.053105,0.000000
1771203915.355,6777,1,1,0.0000,0.9999,0.0001,0.0000,0.0000,0.0000,0.0000,0.007193,0.008027,0.001091,0.009258,0.008462,-0.003491,0.003491,-0.020957,-0.001745,0.006566,-0.006981,0.023411,-0.001745,-0.001330,0.000000,0.052845,-0.003491,0.000000,0.000000,0.027499,0.008727,-0.044393,-0.001745,-0.094558,-0.001745,0.060101,0.000000,-0.022052,0.000000
1771203915.455,6780,1,1,0.0000,1.0000,0.0000,0.0000,0.0000,0.0000,0.0000,0.004235,0.004427,0.000394,0.002354,0.000834,-0.003491,0.003491,-0.005760,-0.001745,0.020340,-0.006981,0.011515,-0.001745,-0.011614,0.000000,0.015470,-0.003491,0.000000,0.000000,0.007855,0.003491,-0.022576,-0.003491,-0.193164,-0.001745,0.041775,0.000000,-0.188272,0.000000
1771203915.556,6783,1,1,0.0000,1.0000,0.0000,0.0000,0.0000,0.0000,0.0000,0.012763,0.007745,0.001119,0.003521,0.002384,-0.001745,0.003491,0.134878,-0.001745,0.014790,-0.006981,-0.008798,-0.001745,-0.004318,0.000000,-0.000664,-0.003491,0.000000,0.000000,-0.146580,0.005236,-0.066755,-0.003491,-0.346950,-0.001745,0.087699,0.000000,-0.260143,0.000000
1771203915.655,6786,1,1,0.0000,1.0000,0.0000,0.0000,0.0000,0.0000,0.0000,0.014687,0.005543,0.000209,0.001928,0.004931,-0.001745,0.001745,0.042778,-0.001745,0.001527,-0.006981,0.015950,-0.001745,0.007200,0.000000,0.107050,-0.003491,0.000000,0.000000,-0.130381,0.003491,-0.049060,-0.003491,-0.182851,-0.001745,0.063023,0.000000,-0.188347,0.000000
1771203915.756,6789,1,1,0.0000,0.9999,0.0000,0.0000,0.0000,0.0000,0.0000,0.014861,0.009283,0.000808,0.006286,0.005262,-0.001745,0.001745,0.046246,-0.001745,-0.001791,-0.006981,0.038959,-0.001745,0.005281,0.000000,0.086096,-0.003491,0.000000,0.000000,-0.088858,0.003491,-0.031416,-0.001745,-0.004528,-0.001745,0.041888,0.000000,0.066023,0.000000
1771203915.856,6792,1,1,0.0000,0.9998,0.0002,0.0000,0.0000,0.0000,0.0000,0.006747,0.053378,0.000997,0.006589,0.003953,-0.001745,0.003491,-0.021300,-0.001745,-0.008278,-0.006981,0.013593,-0.001745,0.015259,0.000000,0.048618,-0.003491,0.000000,0.001745,0.060213,0.003491,-0.002667,-0.001745,0.221185,-0.001745,0.013139,0.001745,0.339023,0.000000
1771203915.956,6795,1,1,0.0000,0.9996,0.0004,0.0000,0.0000,0.0000,0.0000,0.004550,0.021534,0.000548,0.004278,0.002039,0.000000,0.001745,-0.047513,-0.001745,0.019828,-0.006981,0.003200,-0.001745,-0.009356,0.000000,0.029821,-0.003491,0.000000,0.001745,-0.015207,0.003491,0.044793,-0.001745,0.055409,0.000000,-0.037812,0.001745,0.151226,0.000000
1771203916.056,6798,1,1,0.0000,0.9999,0.0001,0.0000,0.0000,0.0000,0.0000,0.001334,0.014939,0.000915,0.005107,0.002094,-0.001745,0.000000,-0.061370,-0.001745,0.016010,-0.006981,-0.017300,-0.001745,-0.003793,0.000000,-0.060132,-0.003491,0.000000,0.001745,-0.022185,0.001745,-0.027302,-0.001745,-0.034204,-0.003491,0.036029,0.001745,0.138009,0.000000
1771203916.157,6801,1,1,0.0000,0.9999,0.0001,0.0000,0.0000,0.0000,0.0000,0.002944,0.019536,0.000325,0.005524,0.005825,-0.001745,0.001745,-0.060264,-0.001745,-0.023111,-0.006981,-0.080516,-0.001745,0.033583,0.000000,-0.183059,-0.003491,0.000000,0.003491,-0.000133,0.000000,-0.043909,-0.003491,-0.026613,-0.001745,0.059616,0.001745,0.169576,0.000000
1771203916.257,6804,1,1,0.0000,0.9999,0.0001,0.0000,0.0000,0.0000,0.0000,0.005985,0.034202,0.000267,0.000460,0.001025,-0.003491,0.001745,0.016776,-0.001745,0.053296,-0.006981,-0.216841,-0.001745,-0.039333,0.000000,-0.440316,-0.003491,0.000000,0.001745,-0.093644,0.000000,-0.100285,-0.003491,0.113464,-0.001745,0.114248,0.001745,0.179224,0.000000
1771203916.358,6807,1,1,0.0000,0.9997,0.0003,0.0000,0.0000,0.0000,0.0000,0.006671,0.041944,0.001296,0.004508,0.007612,-0.003491,0.003491,-0.055477,-0.001745,0.076560,-0.006981,-0.156196,-0.001745,-0.059107,0.000000,-0.228714,-0.003491,0.000000,0.001745,0.167107,0.000000,-0.016155,-0.005236,0.153838,-0.001745,0.026627,0.001745,0.152264,0.000000
1771203916.458,6810,1,1,0.0000,0.9942,0.0058,0.0000,0.0000,0.0000,0.0000,0.005305,0.137403,0.002172,0.003459,0.004632,-0.003491,0.003491,-0.068546,-0.001745,0.060169,-0.006981,-0.172339,-0.001745,-0.044461,0.000000,-0.199668,-0.003491,0.000000,0.000000,0.702291,0.006981,0.138766,-0.003491,0.641487,-0.001745,-0.130039,0.003491,0.155822,0.000000
1771203916.559,6813,1,1,0.0000,0.9739,0.0261,0.0000,0.0000,0.0000,0.0000,0.003443,0.183244,0.000785,0.004225,0.004051,-0.003491,0.003491,-0.094489,-0.001745,0.037825,-0.006981,-0.098983,-0.001745,-0.009900,0.000000,-0.141118,-0.003491,0.000000,0.003491,0.748163,0.006981,0.157862,-0.003491,0.992123,-0.001745,-0.145645,0.001745,0.288559,0.000000
1771203916.659,6816,1,1,0.0001,0.9250,0.0749,0.0000,0.0000,0.0000,0.0001,0.015364,0.125124,0.000461,0.002310,0.002715,-0.003491,0.006981,-0.068340,-0.001745,-0.004940,-0.006981,-0.003479,-0.001745,0.036356,0.000000,0.141031,-0.003491,-0.001745,0.005236,0.525115,0.024435,0.081834,-0.003491,0.640847,0.006981,-0.060890,0.005236,0.203074,0.008727
1771203916.760,6819,1,1,0.0000,0.7349,0.2650,0.0000,0.0001,0.0000,0.0001,0.027012,0.121594,0.001909,0.004381,0.007964,-0.001745,0.008727,-0.088409,-0.001745,-0.007816,-0.006981,0.050494,-0.001745,0.033996,0.000000,0.230928,-0.003491,-0.003491,-0.008727,0.445769,0.036652,0.079392,-0.006981,0.670484,0.024435,-0.046231,0.019199,0.163995,0.019199
1771203916.861,6822,2,2,0.0000,0.3123,0.6876,0.0000,0.0000,0.0000,0.0000,0.041313,0.142166,0.000886,0.002723,0.003287,-0.003491,0.006981,-0.006481,-0.001745,-0.063017,-0.006981,0.076729,-0.001745,0.090942,0.000000,0.321098,-0.003491,-0.005236,-0.015708,0.480395,0.048869,0.060856,-0.006981,0.827980,0.040143,-0.018969,0.029671,0.193640,0.024435
1771203916.961,6825,2,2,0.0000,0.2953,0.7047,0.0000,0.0000,0.0000,0.0000,0.037909,0.140198,0.000311,0.002641,0.002446,-0.003491,0.006981,0.032610,-0.001745,-0.018184,-0.006981,0.181767,-0.001745,0.040873,0.000000,0.192675,-0.003491,-0.006981,-0.019199,0.548061,0.061087,-0.006477,-0.012217,0.688518,0.052360,0.039639,0.029671,0.238603,0.024435
1771203917.061,6828,2,2,0.0000,0.4344,0.5654,0.0000,0.0001,0.0000,0.0000,0.024399,0.159943,0.000918,0.004179,0.002065,-0.003491,0.006981,0.010291,-0.001745,-0.005398,-0.006981,0.150345,-0.001745,0.029832,0.000000,0.095341,-0.003491,-0.006981,-0.017453,0.571219,0.082030,-0.032659,-0.017453,0.706067,0.062832,0.053603,0.024435,0.403427,0.015708
1771203917.164,6831,1,1,0.0001,0.6713,0.3284,0.0000,0.0003,0.0000,0.0000,0.008566,0.158372,0.000231,0.006386,0.008262,-0.003491,0.003491,-0.019164,-0.001745,0.012227,-0.006981,0.080106,-0.001745,0.006972,0.000000,-0.106811,-0.003491,-0.006981,-0.017453,0.623218,0.090757,-0.011199,-0.017453,0.706960,0.071558,0.023417,0.024435,0.346155,0.013963
1771203917.266,6834,1,1,0.0001,0.7021,0.2975,0.0000,0.0003,0.0000,0.0000,0.009166,0.160756,0.000575,0.002551,0.002010,-0.001745,0.006981,-0.037454,-0.001745,0.014894,-0.006981,0.087301,-0.001745,0.000814,0.000000,-0.015247,-0.003491,-0.005236,-0.017453,0.648587,0.092502,0.009955,-0.022689,0.790521,0.071558,-0.002973,0.022689,0.281048,0.012217
1771203917.364,6837,1,1,0.0001,0.6770,0.3226,0.0000,0.0002,0.0000,0.0000,0.004168,0.160491,0.000559,0.004990,0.005722,-0.003491,0.003491,-0.006829,-0.001745,0.029237,-0.006981,0.017290,-0.001745,-0.011783,0.000000,-0.052814,-0.001745,-0.003491,-0.012217,0.666857,0.092502,-0.000452,-0.029671,0.800538,0.071558,0.002198,0.022689,0.255592,0.013963
1771203917.466,6840,1,1,0.0000,0.5605,0.4393,0.0000,0.0001,0.0000,0.0000,0.004655,0.150792,0.000856,0.003496,0.003977,-0.001745,0.003491,0.021347,-0.001745,0.031025,-0.006981,-0.034472,-0.001745,-0.006590,0.000000,-0.142122,-0.001745,0.000000,-0.005236,0.678290,0.090757,-0.046259,-0.033161,0.547402,0.071558,0.042768,0.022689,0.340338,0.015708
1771203917.568,6843,1,1,0.0000,0.5113,0.4885,0.0000,0.0001,0.0000,0.0000,0.017703,0.129693,0.001318,0.004377,0.004882,-0.003491,0.006981,0.087440,-0.001745,0.022688,-0.006981,0.014896,-0.001745,0.000001,0.000000,0.080426,-0.001745,0.000000,0.000000,0.659287,0.092502,-0.103841,-0.036652,0.245942,0.069813,0.091624,0.026180,0.348283,0.022689
1771203917.665,6846,2,2,0.0000,0.3462,0.6536,0.0000,0.0002,0.0000,0.0000,0.028076,0.118748,0.001329,0.007494,0.012210,-0.003491,0.006981,-0.015884,-0.001745,-0.000802,-0.006981,0.062077,-0.001745,0.026982,0.000000,0.240871,-0.001745,0.001745,0.001745,0.675830,0.092502,-0.165342,-0.045379,0.180678,0.069813,0.126944,0.031416,0.211137,0.033161
1771203917.765,6849,2,2,0.0000,0.1734,0.8264,0.0000,0.0002,0.0000,0.0000,0.012199,0.115882,0.000818,0.001707,0.002957,-0.003491,0.003491,-0.018074,-0.001745,0.012774,-0.006981,0.034656,-0.001745,0.006424,0.000000,0.089042,-0.001745,0.001745,0.001745,0.732522,0.099484,-0.143522,-0.052360,0.211664,0.069813,0.096398,0.036652,0.100416,0.040143
1771203917.865,6852,2,2,0.0000,0.0551,0.9448,0.0000,0.0001,0.0000,0.0000,0.006543,0.111551,0.000729,0.001614,0.003204,-0.003491,0.003491,-0.042629,-0.001745,0.006388,-0.006981,0.017178,-0.001745,0.005829,0.000000,0.045634,-0.001745,-0.001745,0.000000,0.755991,0.099484,-0.131158,-0.052360,0.155230,0.069813,0.080543,0.036652,0.092034,0.048869
1771203917.966,6855,2,2,0.0000,0.0659,0.9339,0.0000,0.0001,0.0000,0.0001,0.010825,0.093355,0.000634,0.003086,0.006212,-0.003491,0.003491,-0.016043,-0.001745,-0.016982,-0.006981,0.022488,-0.001745,0.023963,0.000000,0.079952,-0.001745,-0.003491,0.000000,0.842433,0.099484,-0.063155,-0.052360,-0.232524,0.069813,0.009050,0.036652,-0.008384,0.062832
1771203918.068,6858,2,2,0.0000,0.0624,0.9374,0.0000,0.0001,0.0000,0.0001,0.014438,0.097467,0.000690,0.003423,0.003178,-0.003491,0.006981,-0.056794,-0.001745,-0.017193,-0.006981,0.055814,-0.001745,0.029411,0.000000,0.081047,-0.001745,-0.006981,0.000000,0.864302,0.099484,-0.060038,-0.052360,-0.175580,0.069813,0.007678,0.033161,0.018368,0.076794
1771203918.167,6861,2,2,0.0000,0.0375,0.9622,0.0000,0.0001,0.0000,0.0002,0.017518,0.101586,0.000111,0.000641,0.001122,-0.006981,0.006981,-0.048816,-0.001745,0.017208,-0.006981,0.088899,-0.001745,-0.004991,0.000000,0.097124,-0.001745,-0.006981,0.000000,0.876856,0.099484,-0.070408,-0.054105,-0.196774,0.069813,0.016303,0.027925,0.036146,0.092502
1771203918.267,6864,2,2,0.0000,0.0254,0.9742,0.0000,0.0001,0.0000,0.0002,0.017873,0.103946,0.002541,0.006742,0.004359,-0.006981,0.003491,-0.004914,-0.001745,0.036103,-0.006981,0.071639,-0.001745,-0.022140,0.000000,0.103245,-0.001745,-0.006981,0.001745,0.899646,0.101229,-0.067562,-0.054105,-0.332722,0.069813,0.011711,0.026180,0.032307,0.104720
1771203918.367,6867,2,2,0.0000,0.0267,0.9731,0.0000,0.0000,0.0000,0.0002,0.006120,0.096612,0.001154,0.004720,0.005010,-0.003491,0.003491,0.018992,-0.001745,0.050959,-0.006981,-0.246873,-0.001745,-0.030015,0.000000,-0.595415,-0.001745,-0.006981,0.001745,0.848671,0.101229,-0.035761,-0.054105,-0.361632,0.069813,-0.023580,0.024435,-0.013327,0.113446
1771203918.469,6870,2,2,0.0000,0.0095,0.9904,0.0000,0.0000,0.0000,0.0000,0.014190,0.093654,0.000311,0.002536,0.003683,-0.003491,0.003491,0.102512,-0.001745,0.064274,-0.006981,-0.291185,-0.001745,-0.046820,0.000000,-0.368183,-0.001745,-0.006981,0.003491,0.802711,0.101229,-0.044258,-0.055851,-0.342473,0.069813,-0.022065,0.019199,-0.010222,0.127409
1771203918.570,6873,2,2,0.0000,0.0065,0.9935,0.0000,0.0000,0.0000,0.0000,0.010019,0.095219,0.000304,0.003387,0.007411,-0.006981,0.001745,0.062510,-0.001745,0.055972,-0.006981,-0.176058,-0.001745,-0.035028,0.000000,-0.205319,-0.001745,-0.006981,0.003491,0.814502,0.101229,-0.067654,-0.055851,-0.447138,0.069813,-0.002159,0.012217,-0.119641,0.141372
1771203918.672,6876,2,2,0.0000,0.0040,0.9960,0.0000,0.0000,0.0000,0.0000,0.009505,0.099918,0.000694,0.000842,0.003768,-0.003491,0.006981,0.039795,-0.001745,0.067278,-0.006981,-0.211305,-0.001745,-0.046334,0.000000,-0.166150,-0.001745,-0.006981,0.005236,0.859614,0.101229,-0.079351,-0.055851,-0.652210,0.069813,0.004302,0.008727,-0.228967,0.150098
1771203918.776,6879,2,2,0.0000,0.0040,0.9959,0.0000,0.0000,0.0000,0.0000,0.008377,0.101275,0.000454,0.000552,0.004162,-0.003491,0.003491,0.034876,-0.001745,0.062153,-0.006981,-0.187822,-0.001745,-0.041209,0.000000,-0.180516,-0.001745,-0.006981,0.003491,0.878451,0.101229,-0.063769,-0.055851,-0.662189,0.069813,-0.014771,0.006981,-0.250475,0.155334
1771203918.874,6882,2,2,0.0000,0.0058,0.9940,0.0000,0.0000,0.0001,0.0001,0.006358,0.101316,0.000111,0.000762,0.001752,-0.003491,0.003491,0.025570,-0.001745,0.047236,-0.006981,-0.101268,-0.001745,-0.021056,0.000000,-0.122635,-0.001745,-0.006981,0.003491,0.882429,0.101229,-0.018725,-0.055851,-0.728777,0.069813,-0.065051,0.003491,-0.311882,0.155334
1771203918.972,6885,2,2,0.0000,0.0110,0.9882,0.0000,0.0001,0.0006,0.0001,0.006533,0.104011,0.000261,0.000959,0.002661,-0.006981,0.006981,0.023814,-0.001745,0.047604,-0.006981,-0.108150,-0.001745,-0.010952,0.000000,-0.102584,-0.001745,-0.005236,0.000000,0.911280,0.101229,-0.020933,-0.057596,-0.754939,0.069813,-0.068079,0.003491,-0.299965,0.162316
1771203919.073,6888,2,2,0.0001,0.0243,0.9667,0.0000,0.0003,0.0082,0.0004,0.009892,0.108082,0.000319,0.000685,0.001210,-0.003491,0.003491,0.070112,-0.001745,0.045100,-0.006981,-0.094617,-0.001745,-0.006703,0.000000,-0.098353,-0.001745,-0.005236,0.005236,0.944426,0.106465,-0.019317,-0.057596,-0.784114,0.069813,-0.090638,0.006981,-0.292863,0.164061
1771203919.174,6891,2,2,0.0003,0.0449,0.8995,0.0000,0.0006,0.0540,0.0007,0.006748,0.101875,0.000553,0.001591,0.001953,-0.003491,0.003491,0.036150,-0.001745,0.041333,-0.006981,-0.089631,-0.001745,-0.002935,0.000000,-0.083260,-0.001745,-0.005236,0.003491,0.878669,0.106465,-0.063085,-0.057596,-0.872121,0.069813,-0.062579,0.000000,-0.278930,0.164061
1771203919.275,6894,2,2,0.0005,0.0559,0.8877,0.0000,0.0006,0.0546,0.0007,0.003524,0.101253,0.000686,0.002768,0.003948,-0.003491,0.001745,-0.035549,-0.001745,0.021718,-0.006981,0.002143,-0.001745,0.016679,0.000000,-0.014078,-0.001745,-0.005236,0.003491,0.867719,0.106465,-0.038888,-0.057596,-0.862457,0.069813,-0.097247,0.003491,-0.228417,0.164061
1771203919.375,6897,2,2,0.0002,0.0903,0.8423,0.0000,0.0004,0.0664,0.0004,0.018403,0.105120,0.000310,0.002147,0.018253,-0.003491,0.001745,-0.036905,-0.001745,0.027520,-0.006981,0.119121,-0.001745,0.000405,0.001745,0.070302,-0.001745,-0.005236,0.003491,0.914120,0.106465,-0.035132,-0.057596,-0.855326,0.069813,-0.107985,0.003491,-0.214002,0.164061
1771203919.475,6900,2,2,0.0001,0.0921,0.8755,0.0000,0.0001,0.0320,0.0002,0.011775,0.102068,0.000371,0.001209,0.013643,-0.003491,0.003491,-0.033128,-0.001745,0.035127,-0.006981,0.064689,-0.001745,-0.003711,0.000000,0.037988,-0.003491,-0.005236,0.003491,0.877497,0.106465,-0.023749,-0.059341,-0.566674,0.069813,-0.119368,0.003491,-0.190995,0.164061
1771203919.576,6903,2,2,0.0000,0.0254,0.9642,0.0000,0.0001,0.0101,0.0002,0.026370,0.108620,0.001432,0.001977,0.002804,-0.006981,0.001745,-0.119485,-0.001745,-0.004407,-0.006981,0.161864,-0.001745,0.037568,0.000000,0.115259,-0.001745,-0.005236,0.005236,0.938315,0.104720,0.021297,-0.061087,-0.386850,0.069813,-0.164414,0.000000,-0.194280,0.164061
1771203919.676,6906,2,2,0.0001,0.0308,0.9462,0.0000,0.0002,0.0223,0.0005,0.012331,0.113820,0.000462,0.000709,0.002550,-0.003491,0.001745,-0.102375,-0.001745,-0.005433,-0.006981,0.066741,-0.001745,0.035104,0.000000,0.044385,-0.001745,-0.005236,0.006981,0.965242,0.106465,0.053274,-0.062832,-0.264902,0.069813,-0.191155,0.000000,-0.197073,0.164061
1771203919.776,6909,2,2,0.0001,0.0357,0.9247,0.0000,0.0005,0.0385,0.0005,0.017078,0.114344,0.000603,0.000394,0.001678,-0.006981,0.001745,-0.060134,-0.001745,0.007840,-0.006981,0.054880,-0.001745,0.016595,0.000000,0.123881,-0.001745,-0.003491,0.006981,0.983070,0.108210,0.036503,-0.066323,-0.251601,0.069813,-0.177875,0.003491,-0.172666,0.164061
1771203919.876,6912,2,2,0.0000,0.0399,0.9556,0.0000,0.0009,0.0034,0.0003,0.025624,0.108625,0.000258,0.001598,0.007253,-0.006981,0.001745,0.044396,-0.001745,-0.010178,-0.006981,0.136090,-0.001745,0.025886,0.000000,0.099372,-0.001745,-0.001745,0.005236,0.938364,0.108210,0.016067,-0.064577,-0.421305,0.069813,-0.155693,0.001745,-0.172840,0.164061
1771203919.977,6915,2,2,0.0001,0.1372,0.8406,0.0001,0.0034,0.0180,0.0006,0.017279,0.107820,0.000101,0.002903,0.018099,-0.003491,0.001745,0.053093,-0.001745,0.000672,-0.006981,0.075209,-0.001745,0.011545,0.000000,0.065088,-0.001745,0.000000,0.005236,0.880061,0.108210,0.062969,-0.064577,-0.568923,0.069813,-0.202595,0.003491,-0.184690,0.164061
1771203920.077,6918,2,2,0.0004,0.0516,0.9141,0.0000,0.0007,0.0323,0.0009,0.009913,0.106401,0.001132,0.001697,0.002194,-0.003491,0.001745,-0.000423,-0.001745,-0.009309,-0.006981,0.057117,-0.001745,0.021526,0.000000,0.038566,-0.001745,0.000000,0.005236,0.841710,0.108210,0.087778,-0.064577,-0.550187,0.069813,-0.225659,0.001745,-0.161708,0.162316
1771203920.178,6921,2,2,0.0001,0.0280,0.9650,0.0000,0.0002,0.0062,0.0004,0.001018,0.103729,0.000266,0.000911,0.001285,-0.003491,0.003491,-0.012697,-0.001745,0.004000,-0.006981,-0.069366,-0.001745,0.004727,0.000000,-0.139269,-0.001745,0.000000,0.005236,0.792592,0.108210,0.103088,-0.066323,-0.706895,0.069813,-0.239224,0.003491,-0.239321,0.162316
1771203920.280,6924,2,2,0.0001,0.0370,0.9578,0.0000,0.0002,0.0047,0.0003,0.001853,0.087778,0.000492,0.000854,0.001341,-0.001745,0.003491,-0.034286,-0.001745,0.018742,-0.006981,-0.063564,-0.001745,-0.008270,0.000000,-0.091137,-0.001745,0.000000,0.005236,0.619309,0.108210,0.084958,-0.066323,-0.932490,0.069813,-0.222839,0.003491,-0.371882,0.162316
1771203920.381,6927,2,2,0.0003,0.1657,0.8253,0.0000,0.0002,0.0081,0.0004,0.001885,0.060000,0.000299,0.000496,0.002371,-0.001745,0.003491,-0.030150,-0.001745,0.019129,-0.006981,-0.055490,-0.001745,-0.001676,0.000000,-0.054848,-0.001745,0.000000,0.005236,0.291437,0.108210,0.081243,-0.066323,-0.937084,0.069813,-0.219124,0.001745,-0.446063,0.162316
1771203920.484,6930,2,2,0.0005,0.2533,0.7395,0.0000,0.0001,0.0063,0.0004,0.007766,0.059230,0.000567,0.000694,0.001439,-0.001745,0.003491,-0.031530,-0.001745,0.027848,-0.006981,-0.028915,-0.001745,-0.008649,0.000000,0.061859,-0.001745,0.000000,0.005236,0.294309,0.108210,0.067386,-0.068068,-0.911131,0.069813,-0.205267,0.003491,-0.496205,0.162316
1771203920.581,6933,2,2,0.0002,0.0834,0.9122,0.0000,0.0000,0.0039,0.0002,0.014330,0.055808,0.000104,0.000293,0.001148,-0.001745,0.001745,-0.055571,-0.001745,0.025048,-0.006981,0.052328,-0.001745,0.001132,0.000000,0.091712,-0.001745,0.000000,0.005236,0.252753,0.108210,0.067873,-0.066323,-0.874919,0.069813,-0.204009,0.001745,-0.460730,0.164061
1771203920.681,6936,2,2,0.0002,0.0569,0.9364,0.0000,0.0000,0.0062,0.0002,0.015463,0.047364,0.000170,0.000116,0.001105,-0.001745,0.001745,-0.001679,-0.001745,0.029131,-0.006981,0.069205,-0.001745,-0.006441,0.000000,0.085481,-0.001745,0.000000,0.006981,0.163930,0.108210,0.055376,-0.066323,-0.778853,0.069813,-0.191512,0.001745,-0.455326,0.162316
1771203920.781,6939,2,2,0.0001,0.0679,0.9275,0.0000,0.0000,0.0043,0.0001,0.013613,0.045179,0.001235,0.002379,0.006557,-0.001745,0.001745,0.045383,-0.001745,0.036567,-0.006981,0.020068,-0.001745,-0.010387,0.000000,0.059588,-0.001745,0.000000,0.005236,0.194826,0.108210,-0.004335,-0.066323,-0.833358,0.069813,-0.131801,0.001745,-0.462783,0.162316
1771203920.883,6942,2,2,0.0000,0.0887,0.9106,0.0000,0.0000,0.0006,0.0000,0.008664,0.050589,0.000414,0.004251,0.013612,-0.003491,0.003491,0.035971,-0.001745,0.040490,-0.006981,-0.022761,-0.001745,-0.005584,0.000000,0.024012,0.000000,0.000000,0.005236,0.258001,0.108210,-0.008794,-0.066323,-0.756538,0.069813,-0.127342,0.003491,-0.429764,0.162316
1771203920.982,6945,2,2,0.0000,0.0027,0.9973,0.0000,0.0000,0.0000,0.0000,0.008784,0.061684,0.000265,0.003557,0.010605,-0.003491,0.006981,-0.007690,-0.001745,0.025232,-0.006981,0.006444,-0.001745,0.002694,0.000000,0.064063,-0.001745,0.001745,0.003491,0.386676,0.108210,0.002721,-0.066323,-0.667269,0.069813,-0.137111,0.003491,-0.392908,0.164061
1771203921.085,6948,2,2,0.0000,0.0075,0.9925,0.0000,0.0000,0.0000,0.0000,0.004196,0.071609,0.001310,0.002459,0.004535,-0.003491,0.001745,-0.025426,-0.001745,0.027759,-0.006981,0.017186,-0.001745,0.003657,0.000000,-0.021717,-0.001745,0.001745,0.003491,0.460717,0.108210,0.047781,-0.068068,-0.739526,0.069813,-0.180426,0.003491,-0.409744,0.164061
1771203921.182,6951,2,2,0.0000,0.0088,0.9912,0.0000,0.0000,0.0000,0.0000,0.002036,0.063063,0.001126,0.002656,0.001770,-0.003491,0.001745,-0.019613,-0.001745,0.004853,-0.006981,-0.001787,-0.001745,0.017836,0.000000,-0.117406,-0.001745,0.000000,0.005236,0.382144,0.108210,0.027293,-0.069813,-0.822843,0.069813,-0.158193,0.001745,-0.498570,0.162316
1771203921.283,6954,2,2,0.0000,0.0135,0.9865,0.0000,0.0000,0.0000,0.0000,0.002820,0.055761,0.000623,0.001052,0.001550,-0.003491,0.003491,0.008501,-0.001745,0.021850,-0.006981,-0.112678,-0.001745,-0.004397,0.000000,-0.210062,-0.001745,0.001745,0.005236,0.286072,0.108210,0.032247,-0.069813,-0.825609,0.069813,-0.163147,0.001745,-0.520846,0.164061
1771203921.385,6957,2,2,0.0000,0.0163,0.9836,0.0000,0.0000,0.0000,0.0000,0.003563,0.054954,0.000248,0.000374,0.001479,-0.003491,0.003491,-0.001554,-0.001745,0.039262,-0.006981,-0.210119,-0.001745,-0.016572,0.000000,-0.234371,-0.001745,0.000000,0.006981,0.284686,0.108210,0.025700,-0.069813,-0.819811,0.069813,-0.154855,0.001745,-0.542117,0.162316
1771203921.485,6960,2,2,0.0000,0.0020,0.9980,0.0000,0.0000,0.0000,0.0000,0.004389,0.051469,0.000441,0.000191,0.003021,-0.003491,0.003491,0.002595,-0.001745,0.046588,-0.006981,-0.211883,-0.001745,-0.015172,0.000000,-0.234699,-0.001745,0.001745,0.005236,0.250772,0.108210,0.014303,-0.069813,-0.820945,0.069813,-0.145203,0.003491,-0.608326,0.164061
1771203921.589,6963,2,2,0.0000,0.0019,0.9981,0.0000,0.0000,0.0000,0.0000,0.003623,0.056699,0.000495,0.000694,0.003228,-0.003491,0.003491,-0.031581,-0.001745,0.039986,-0.006981,-0.126978,-0.001745,-0.005079,0.000000,-0.144440,-0.001745,0.000000,0.005236,0.309330,0.108210,0.021989,-0.069813,-0.827981,0.069813,-0.152888,0.001745,-0.591496,0.164061
1771203921.688,6966,2,2,0.0000,0.0016,0.9983,0.0000,0.0000,0.0000,0.0000,0.003928,0.064784,0.000580,0.000700,0.004572,-0.001745,0.003491,-0.081443,-0.001745,0.043640,-0.006981,-0.093797,-0.001745,-0.003498,0.000000,-0.124943,-0.001745,0.000000,0.005236,0.384744,0.108210,0.038366,-0.069813,-0.935655,0.069813,-0.169266,0.006981,-0.570207,0.164061
1771203921.784,6969,2,2,0.0000,0.0058,0.9942,0.0000,0.0000,0.0000,0.0000,0.005909,0.058968,0.000400,0.004703,0.024953,-0.001745,0.003491,-0.056226,-0.001745,0.009540,-0.006981,0.032515,-0.001745,0.025367,0.000000,-0.019996,-0.001745,0.000000,0.003491,0.355055,0.108210,-0.002217,-0.069813,-0.906072,0.069813,-0.128682,0.006981,-0.495822,0.164061
1771203921.890,6972,2,2,0.0000,0.0024,0.9976,0.0000,0.0000,0.0000,0.0000,0.007761,0.062908,0.000632,0.002977,0.004482,-0.003491,0.001745,-0.048204,-0.001745,0.017385,-0.006981,0.042721,-0.001745,0.008795,0.000000,0.022484,-0.001745,-0.001745,0.005236,0.405829,0.108210,-0.015753,-0.069813,-0.624442,0.069813,-0.113402,0.001745,-0.361886,0.164061
1771203921.988,6975,2,2,0.0000,0.0009,0.9991,0.0000,0.0000,0.0000,0.0000,0.007449,0.063252,0.001841,0.001829,0.001106,-0.001745,0.001745,-0.061529,-0.001745,0.029162,-0.006981,0.010783,-0.001745,-0.002982,0.000000,0.047696,-0.001745,0.000000,0.006981,0.393975,0.108210,0.012497,-0.071558,-0.659816,0.069813,-0.139906,0.003491,-0.355395,0.164061
1771203922.088,6978,2,2,0.0000,0.0686,0.9314,0.0000,0.0000,0.0000,0.0000,0.035583,0.059550,0.000589,0.004899,0.003458,-0.001745,0.001745,-0.063011,-0.001745,0.019567,-0.006981,0.104903,-0.001745,0.008358,0.000000,0.292422,-0.001745,0.000000,0.006981,0.360293,0.108210,-0.031843,-0.073304,-0.414543,0.071558,-0.093821,0.003491,-0.233828,0.164061
1771203922.190,6981,2,2,0.0000,0.4572,0.5427,0.0000,0.0000,0.0000,0.0000,0.026821,0.053673,0.000616,0.002650,0.002013,-0.001745,0.001745,0.022427,-0.001745,-0.010273,-0.006981,0.090073,-0.001745,0.038198,0.000000,0.169414,-0.001745,-0.001745,0.006981,0.291516,0.108210,-0.065689,-0.073304,-0.338320,0.069813,-0.061720,0.003491,-0.186686,0.164061
1771203922.290,6984,1,1,0.0001,0.6502,0.3496,0.0000,0.0001,0.0000,0.0000,0.006285,0.042201,0.000227,0.008090,0.008750,-0.003491,0.001745,-0.005363,-0.001745,-0.026393,-0.006981,0.016799,-0.001745,0.054318,0.000000,0.002556,-0.001745,0.001745,0.001745,0.155603,0.108210,-0.079219,-0.073304,-0.254408,0.071558,-0.044700,0.003491,-0.186894,0.164061
1771203922.391,6987,1,1,0.0001,0.8924,0.1075,0.0000,0.0000,0.0000,0.0000,0.002036,0.024813,0.000227,0.001285,0.001602,-0.003491,0.001745,-0.078116,-0.001745,0.017158,-0.006981,-0.006584,-0.001745,0.005532,0.000000,-0.090975,-0.001745,-0.003491,0.006981,0.049923,0.075049,-0.045823,-0.050615,-0.098972,0.050615,-0.039698,-0.001745,-0.055852,0.115192
1771203922.495,6990,1,1,0.0000,0.9939,0.0061,0.0000,0.0000,0.0000,0.0000,0.003594,0.026616,0.001597,0.002562,0.002707,-0.001745,0.001745,-0.048502,-0.001745,0.009021,-0.005236,0.006842,-0.001745,0.010177,0.000000,0.015337,-0.001745,0.000000,0.005236,0.105525,0.048869,-0.091695,-0.036652,-0.080920,0.038397,0.039335,0.000000,-0.039632,0.082030
1771203922.592,6993,1,1,0.0000,0.9890,0.0110,0.0000,0.0000,0.0000,0.0000,0.001776,0.023086,0.000456,0.001449,0.002719,-0.001745,0.000000,0.003392,-0.001745,0.017457,-0.006981,0.000467,-0.001745,-0.000004,0.000000,-0.019611,-0.001745,0.000000,0.003491,-0.084782,0.033161,-0.170565,-0.024435,-0.405911,0.033161,0.144385,0.000000,-0.063281,0.062832
1771203922.693,6996,2,2,0.0000,0.0968,0.9032,0.0000,0.0000,0.0000,0.0000,0.001600,0.008145,0.001130,0.001501,0.003893,-0.003491,0.003491,-0.074144,-0.001745,0.013157,-0.006981,-0.031723,-0.001745,0.002551,0.000000,-0.087003,-0.001745,0.000000,0.005236,-0.232765,0.017453,-0.013407,-0.013963,-0.682971,0.024435,-0.000555,0.000000,-0.742263,0.050615
1771203922.797,6999,1,2,0.0000,0.7945,0.2055,0.0000,0.0000,0.0000,0.0000,0.002688,0.007756,0.001044,0.002326,0.014861,-0.003491,0.003491,-0.124285,-0.001745,0.028768,-0.006981,-0.134017,-0.001745,-0.004333,0.000000,-0.234787,-0.001745,0.000000,0.005236,-0.238456,0.010472,0.021519,-0.010472,-0.805083,0.015708,-0.026755,0.000000,-0.795288,0.040143
1771203922.896,7002,1,1,0.0000,0.9989,0.0011,0.0000,0.0000,0.0000,0.0000,0.002094,0.007766,0.000867,0.006130,0.025115,-0.003491,0.001745,-0.083775,-0.001745,0.023385,-0.006981,-0.112121,-0.001745,-0.002441,0.000000,-0.158937,-0.003491,0.000000,0.006981,-0.900830,0.000000,0.049565,-0.006981,-1.112148,0.005236,-0.046074,0.000000,-1.314909,0.031416
1771203922.995,7005,1,1,0.0000,0.9997,0.0003,0.0000,0.0000,0.0000,0.0000,0.012808,0.003636,0.001259,0.001425,0.006401,-0.003491,0.001745,-0.012404,-0.001745,0.004773,-0.006981,-0.019791,-0.001745,0.017917,0.000000,0.129256,-0.003491,0.000000,0.005236,-1.102241,0.003491,0.001228,-0.003491,-1.073327,0.000000,0.009244,-0.001745,-1.185488,0.024435
1771203923.100,7008,1,1,0.0000,0.9998,0.0002,0.0000,0.0000,0.0000,0.0000,0.030724,0.002815,0.000210,0.001589,0.002936,-0.001745,0.003491,0.166032,-0.001745,-0.017021,-0.006981,-0.033396,-0.001745,0.030984,0.000000,0.168187,-0.001745,0.000000,0.005236,-0.808662,0.000000,-0.002369,-0.008727,-0.852119,0.000000,0.012841,0.000000,-0.940262,0.015708
1771203923.196,7011,1,1,0.0000,0.9999,0.0001,0.0000,0.0000,0.0000,0.0000,0.015987,0.005131,0.002746,0.004501,0.003555,-0.003491,0.003491,0.031920,-0.001745,-0.003968,-0.006981,0.026252,-0.001745,0.019676,0.000000,0.110508,-0.001745,-0.001745,0.005236,-0.170702,0.000000,0.049352,-0.005236,-0.531230,0.000000,-0.040625,0.001745,-0.647662,0.005236
1771203923.297,7014,1,1,0.0000,0.9999,0.0000,0.0000,0.0000,0.0000,0.0000,0.027904,0.018771,0.002266,0.000905,0.002843,-0.003491,0.001745,0.017033,-0.001745,0.016897,-0.006981,0.100564,-0.001745,-0.004680,0.000000,0.198614,-0.003491,-0.001745,0.005236,0.153309,0.000000,0.064962,-0.003491,-0.250270,0.000000,-0.045764,0.000000,-0.355404,0.001745
1771203923.399,7017,1,1,0.0000,0.9998,0.0001,0.0000,0.0000,0.0000,0.0000,0.008565,0.019297,0.000332,0.008134,0.010416,-0.001745,0.001745,-0.024491,-0.001745,-0.001019,-0.006981,0.033655,-0.001745,0.013236,0.000000,0.054146,-0.001745,-0.001745,0.005236,0.191420,0.000000,0.020767,-0.003491,-0.035993,0.000000,0.012394,0.000000,-0.118080,0.001745
1771203923.498,7020,1,1,0.0000,0.9998,0.0002,0.0000,0.0000,0.0000,0.0000,0.002143,0.025378,0.000439,0.001844,0.000188,-0.003491,0.001745,-0.092804,-0.001745,0.008290,-0.006981,0.008080,-0.001745,0.000437,0.000000,0.007168,-0.001745,-0.001745,0.005236,0.073496,0.000000,-0.012963,-0.005236,0.099061,-0.001745,0.046125,0.000000,0.078879,0.001745
1771203923.599,7023,1,1,0.0000,0.9998,0.0002,0.0000,0.0000,0.0000,0.0000,0.005289,0.024523,0.002065,0.004766,0.004743,-0.003491,0.003491,-0.077288,-0.001745,0.059977,-0.006981,-0.172782,-0.001745,-0.046015,0.000000,-0.217772,-0.001745,-0.003491,0.005236,0.052743,0.000000,-0.015015,-0.005236,0.067675,0.000000,0.056903,0.000000,0.109978,0.001745
1771203923.702,7026,1,1,0.0000,0.9998,0.0002,0.0000,0.0000,0.0000,0.0000,0.009325,0.044883,0.002421,0.005523,0.004668,-0.001745,0.003491,-0.159733,-0.001745,0.108413,-0.006981,-0.448846,-0.001745,-0.090960,0.000000,-0.523291,-0.001745,-0.003491,0.005236,0.157682,0.000000,-0.019878,-0.005236,0.089704,0.000000,0.061766,0.000000,0.222467,0.001745
1771203923.800,7029,1,1,0.0006,0.9984,0.0008,0.0001,0.0000,0.0000,0.0001,0.005027,0.034702,0.001716,0.001900,0.003574,-0.003491,0.003491,-0.145796,-0.001745,0.056834,-0.006981,-0.331513,-0.001745,-0.034144,-0.001745,-0.397760,-0.001745,-0.003491,0.005236,0.081222,0.000000,-0.013559,-0.005236,0.097075,0.000000,0.053702,0.000000,0.177446,0.001745
1771203923.903,7032,1,1,0.0004,0.9991,0.0004,0.0000,0.0000,0.0000,0.0001,0.005857,0.011372,0.002363,0.001769,0.001659,-0.003491,0.003491,-0.136020,-0.001745,0.066798,-0.006981,-0.203035,-0.001745,-0.033637,-0.001745,-0.241738,-0.001745,-0.001745,0.003491,-0.010752,0.000000,-0.006962,-0.005236,0.033519,0.000000,0.045359,0.000000,0.052353,0.001745
1771203924.001,7035,1,1,0.0005,0.9992,0.0002,0.0000,0.0000,0.0000,0.0001,0.005398,0.033102,0.001858,0.005117,0.003103,-0.006981,0.003491,-0.096805,-0.001745,0.061280,-0.006981,-0.109570,-0.001745,-0.022883,0.000000,-0.113617,-0.001745,-0.001745,0.005236,0.141482,0.000000,-0.003851,-0.005236,0.063529,-0.001745,0.037012,0.000000,0.148220,0.001745
1771203924.102,7038,1,1,0.0002,0.9981,0.0015,0.0000,0.0000,0.0000,0.0001,0.004848,0.114970,0.002762,0.005555,0.003378,-0.006981,0.003491,-0.100679,-0.001745,0.054687,-0.006981,-0.066538,-0.005236,-0.004073,-0.003491,-0.032768,-0.001745,-0.003491,0.003491,0.338339,0.000000,0.025033,-0.003491,0.383243,-0.001745,-0.011070,0.000000,0.627792,0.001745
1771203924.208,7041,1,1,0.0001,0.9849,0.0146,0.0001,0.0000,0.0000,0.0002,0.004654,0.144743,0.001692,0.006401,0.005926,-0.006981,0.001745,-0.081660,-0.001745,0.047385,-0.006981,-0.055978,-0.001745,0.006720,-0.001745,-0.139768,-0.001745,-0.003491,0.006981,0.365136,0.005236,0.032683,-0.005236,0.514131,-0.001745,-0.009994,0.001745,0.809261,0.001745
1771203924.311,7044,1,1,0.0001,0.8707,0.1287,0.0000,0.0002,0.0000,0.0003,0.004218,0.200298,0.001684,0.002125,0.002453,-0.006981,0.003491,-0.076047,-0.001745,0.039673,-0.006981,-0.053995,-0.005236,0.007451,-0.001745,-0.121928,-0.003491,-0.003491,0.006981,0.480838,0.006981,0.271264,-0.003491,1.010213,0.000000,-0.250320,0.001745,0.623813,0.001745
1771203924.418,7047,1,1,0.0000,0.7103,0.2896,0.0000,0.0000,0.0000,0.0000,0.005755,0.130251,0.001347,0.001061,0.007065,-0.008727,0.003491,-0.087394,-0.001745,0.065570,-0.006981,-0.113961,-0.001745,-0.014956,-0.003491,-0.150847,-0.003491,-0.001745,0.001745,0.377102,0.008727,0.020293,0.000000,0.739196,0.006981,-0.001094,0.001745,0.405473,0.001745
1771203924.511,7050,2,1,0.0000,0.3826,0.6174,0.0000,0.0000,0.0000,0.0000,0.005766,0.137561,0.000627,0.000842,0.005019,-0.006981,0.003491,-0.076628,-0.001745,0.065705,-0.006981,-0.067682,-0.001745,-0.009855,-0.001745,-0.049403,-0.003491,-0.005236,-0.012217,0.440099,0.024435,0.015688,0.001745,0.783894,0.038397,-0.008707,-0.008727,0.322043,0.024435
1771203924.613,7053,2,2,0.0000,0.3393,0.6607,0.0000,0.0000,0.0000,0.0000,0.005236,0.145877,0.000482,0.001075,0.002953,-0.006981,0.003491,-0.087065,-0.001745,0.056312,-0.006981,-0.068147,-0.001745,0.003030,-0.001745,-0.057323,-0.001745,-0.005236,-0.015708,0.494836,0.043633,0.021469,0.006981,0.725782,0.066323,-0.019724,-0.010472,0.325180,0.066323
1771203924.716,7056,2,2,0.0000,0.3686,0.6312,0.0000,0.0001,0.0000,0.0000,0.004739,0.158844,0.000441,0.000925,0.002246,-0.006981,0.000000,-0.081793,-0.001745,0.056867,-0.006981,-0.082876,-0.005236,-0.001016,-0.003491,-0.075588,-0.003491,-0.006981,-0.017453,0.547396,0.054105,0.081054,0.006981,0.656066,0.097738,-0.075818,-0.013963,0.365049,0.097738
1771203924.814,7059,2,2,0.0000,0.2542,0.7456,0.0000,0.0002,0.0000,0.0000,0.005257,0.153140,0.000890,0.000959,0.003100,-0.006981,0.001745,-0.038532,-0.001745,0.061343,-0.006981,-0.102043,-0.005236,-0.003747,-0.001745,-0.091150,-0.001745,-0.006981,-0.017453,0.558222,0.055851,0.084095,0.008727,0.569322,0.113446,-0.080604,-0.017453,0.338062,0.109956
1771203924.914,7062,2,2,0.0000,0.2517,0.7475,0.0000,0.0006,0.0001,0.0000,0.009341,0.137739,0.000382,0.003082,0.003778,-0.006981,0.003491,-0.038348,-0.001745,0.040747,-0.006981,-0.045528,-0.005236,0.016849,-0.001745,0.051004,-0.003491,-0.006981,-0.017453,0.583605,0.057596,0.070185,0.010472,0.444428,0.122173,-0.064949,-0.017453,0.250963,0.113446
1771203925.017,7065,2,2,0.0000,0.1177,0.8817,0.0000,0.0005,0.0001,0.0000,0.004846,0.141829,0.002986,0.004826,0.003623,-0.006981,0.003491,-0.026863,-0.001745,0.017472,-0.006981,-0.016143,-0.005236,0.026162,-0.001745,0.011031,-0.003491,-0.006981,-0.017453,0.643306,0.062832,0.051906,0.012217,0.521880,0.123918,-0.046670,-0.017453,0.172446,0.113446
1771203925.116,7068,2,2,0.0000,0.0823,0.9171,0.0000,0.0006,0.0001,0.0000,0.009408,0.149394,0.001688,0.005335,0.004282,-0.006981,0.003491,-0.042621,-0.001745,0.023304,-0.006981,0.053432,-0.001745,0.020329,-0.001745,0.012339,-0.001745,-0.005236,-0.017453,0.662721,0.075049,0.009341,0.006981,0.626706,0.123918,-0.000614,-0.012217,0.176315,0.111701
1771203925.216,7071,2,2,0.0000,0.1219,0.8772,0.0000,0.0008,0.0001,0.0000,0.029383,0.149211,0.002476,0.004856,0.006196,-0.006981,0.003491,-0.042721,-0.001745,0.022562,-0.006981,0.147341,-0.001745,0.012345,-0.001745,0.166852,-0.003491,-0.005236,-0.017453,0.687506,0.101229,-0.026654,0.000000,0.578614,0.123918,0.030145,-0.001745,0.159166,0.109956
1771203925.316,7074,2,2,0.0000,0.1367,0.8622,0.0000,0.0010,0.0001,0.0000,0.023670,0.139360,0.001553,0.001549,0.002091,-0.006981,0.001745,0.001702,-0.001745,0.027048,-0.006981,0.099123,-0.005236,0.006113,-0.001745,0.148307,-0.001745,-0.005236,-0.017453,0.718448,0.125664,-0.038745,-0.008727,0.445380,0.123918,0.040491,0.000000,0.108467,0.109956
1771203925.419,7077,2,2,0.0000,0.0618,0.9365,0.0000,0.0017,0.0001,0.0000,0.026331,0.141785,0.002012,0.006870,0.004643,-0.006981,0.003491,0.095867,-0.001745,0.005845,-0.006981,0.105273,-0.001745,0.022080,-0.001745,0.083423,-0.001745,-0.005236,-0.017453,0.738031,0.146608,-0.058362,-0.012217,0.418479,0.123918,0.058362,0.001745,0.104317,0.109956
1771203925.519,7080,2,2,0.0000,0.0165,0.9832,0.0000,0.0004,0.0000,0.0000,0.016333,0.136806,0.002079,0.003793,0.002546,-0.006981,0.003491,0.090372,-0.001745,-0.014352,-0.006981,0.061603,-0.005236,0.040532,-0.001745,-0.037349,-0.003491,-0.005236,-0.017453,0.761358,0.157080,-0.044297,-0.013963,0.367438,0.122173,0.044297,0.001745,0.077621,0.109956
1771203925.617,7083,2,2,0.0000,0.0178,0.9815,0.0000,0.0006,0.0000,0.0000,0.052195,0.131756,0.001111,0.001678,0.001486,-0.006981,0.003491,0.139745,-0.001745,-0.043301,-0.006981,0.217418,-0.001745,0.078207,0.000000,0.187482,-0.003491,-0.005236,-0.017453,0.770112,0.157080,-0.031713,-0.017453,0.332846,0.122173,0.028222,-0.001745,0.060683,0.109956
1771203925.718,7086,2,2,0.0000,0.0559,0.9358,0.0001,0.0076,0.0003,0.0004,0.054873,0.101429,0.002907,0.004197,0.001325,-0.006981,0.003491,0.116574,-0.001745,-0.034828,-0.006981,0.269724,-0.001745,0.064499,0.000000,0.204183,-0.001745,-0.005236,-0.017453,0.804274,0.162316,-0.021920,-0.020944,-0.001037,0.122173,0.018429,-0.003491,-0.057234,0.109956
1771203925.818,7089,2,2,0.0000,0.1070,0.8657,0.0002,0.0254,0.0005,0.0012,0.044114,0.106849,0.001576,0.003187,0.002672,-0.003491,0.001745,0.185210,-0.001745,0.001628,-0.006981,0.159446,-0.001745,0.031533,0.000000,0.149801,-0.003491,-0.005236,-0.017453,0.842048,0.174533,-0.036963,-0.024435,-0.003980,0.122173,0.033473,-0.005236,-0.099749,0.109956
1771203925.920,7092,2,2,0.0000,0.1113,0.8848,0.0000,0.0028,0.0001,0.0010,0.014215,0.104615,0.000731,0.002595,0.002591,-0.003491,0.001745,0.121003,-0.001745,0.033732,-0.006981,-0.002831,-0.001745,-0.009298,0.000000,0.014094,-0.001745,-0.005236,-0.017453,0.836880,0.183260,0.003109,-0.024435,-0.068792,0.122173,-0.008345,-0.003491,-0.180740,0.109956
1771203926.019,7095,2,2,0.0000,0.0192,0.9807,0.0000,0.0001,0.0000,0.0001,0.009547,0.107016,0.003022,0.005489,0.003878,-0.003491,0.003491,0.040989,-0.001745,0.034763,-0.006981,0.010337,-0.001745,-0.005092,0.001745,0.023235,0.000000,-0.005236,-0.017453,0.861214,0.186750,0.004096,-0.024435,-0.060869,0.122173,-0.009332,-0.005236,-0.177001,0.109956
1771203926.119,7098,2,2,0.0000,0.0117,0.9883,0.0000,0.0000,0.0000,0.0000,0.012065,0.111041,0.001328,0.002422,0.004701,-0.003491,0.001745,0.063555,-0.001745,0.047717,-0.006981,0.007901,-0.001745,-0.014555,0.001745,0.022115,-0.001745,-0.003491,-0.017453,0.834950,0.188496,0.076915,-0.024435,-0.066763,0.122173,-0.082151,-0.003491,-0.174050,0.109956
1771203926.219,7101,2,2,0.0000,0.0108,0.9892,0.0000,0.0000,0.0000,0.0000,0.008564,0.110308,0.000622,0.002582,0.003045,-0.003491,0.001745,0.057434,-0.001745,0.043593,-0.006981,-0.061663,-0.001745,-0.005196,-0.003491,-0.022642,-0.001745,-0.003491,-0.015708,0.800683,0.188496,0.102392,-0.022689,-0.134994,0.122173,-0.107628,-0.005236,-0.232403,0.109956
1771203926.319,7104,2,2,0.0000,0.0101,0.9899,0.0000,0.0000,0.0000,0.0000,0.007066,0.108287,0.000184,0.002819,0.005554,-0.003491,0.000000,0.051627,-0.001745,0.026161,-0.006981,-0.091453,-0.001745,0.007001,0.000000,-0.044865,-0.001745,-0.001745,-0.017453,0.806508,0.190241,0.070569,-0.024435,-0.133975,0.122173,-0.075805,-0.005236,-0.255229,0.109956
1771203926.420,7107,2,2,0.0000,0.0076,0.9924,0.0000,0.0000,0.0000,0.0000,0.004590,0.110345,0.000405,0.003079,0.007868,-0.003491,0.003491,0.008795,-0.001745,0.019598,-0.006981,-0.029755,-0.001745,0.008327,0.001745,0.013124,-0.001745,-0.001745,-0.015708,0.837132,0.190241,0.062888,-0.024435,-0.246916,0.123918,-0.068124,-0.005236,-0.255889,0.109956
1771203926.520,7110,2,2,0.0000,0.0050,0.9949,0.0000,0.0000,0.0000,0.0000,0.007461,0.116904,0.000556,0.001476,0.002425,-0.003491,0.003491,0.006117,-0.001745,0.016115,-0.006981,0.022188,-0.001745,0.004829,-0.001745,0.036796,-0.001745,-0.001745,-0.015708,0.892791,0.190241,0.087685,-0.024435,-0.760958,0.122173,-0.092921,-0.006981,-0.570955,0.109956
1771203926.623,7113,2,2,0.0000,0.0060,0.9939,0.0000,0.0000,0.0001,0.0001,0.018109,0.118097,0.001038,0.000615,0.003912,-0.003491,0.003491,-0.153488,-0.001745,0.010060,-0.006981,0.093902,-0.001745,0.009139,-0.003491,0.100719,-0.001745,-0.001745,-0.017453,0.903424,0.190241,0.091376,-0.024435,-0.607407,0.122173,-0.096612,-0.006981,-0.515668,0.109956
1771203926.724,7116,2,2,0.0000,0.0083,0.9913,0.0000,0.0001,0.0002,0.0001,0.006123,0.116253,0.000644,0.001817,0.004578,-0.003491,0.001745,-0.130110,-0.001745,0.008481,-0.006981,0.036651,-0.001745,0.005482,0.000000,0.021118,-0.001745,-0.003491,-0.017453,0.886494,0.190241,0.086168,-0.024435,-0.506073,0.122173,-0.091404,-0.006981,-0.517182,0.109956
1771203926.823,7119,2,2,0.0000,0.0062,0.9936,0.0000,0.0000,0.0001,0.0001,0.002296,0.117803,0.000648,0.001055,0.002306,-0.003491,0.001745,-0.068231,-0.001745,0.003121,-0.006981,0.013585,-0.001745,0.007351,0.001745,-0.064328,-0.001745,-0.003491,-0.015708,0.904140,0.190241,0.087131,-0.024435,-0.329922,0.122173,-0.092367,-0.006981,-0.468048,0.109956
1771203926.924,7122,2,2,0.0000,0.0281,0.9701,0.0000,0.0003,0.0013,0.0001,0.002099,0.122355,0.000727,0.000754,0.001035,-0.003491,0.003491,-0.042448,-0.001745,0.021694,-0.005236,-0.015483,-0.001745,-0.009476,0.000000,-0.053663,-0.001745,0.000000,-0.017453,0.913316,0.190241,0.132579,-0.024435,-0.364158,0.122173,-0.137815,-0.005236,-0.482840,0.109956
1771203927.024,7125,2,2,0.0000,0.0684,0.9305,0.0000,0.0005,0.0004,0.0001,0.001454,0.117761,0.000545,0.002229,0.003441,-0.003491,0.003491,-0.011952,-0.001745,0.010781,-0.006981,-0.021903,-0.001745,0.003181,0.000000,-0.013690,-0.001745,-0.001745,-0.017453,0.847740,0.190241,0.143026,-0.024435,-0.298812,0.122173,-0.148262,-0.006981,-0.464933,0.109956
1771203927.128,7128,2,2,0.0000,0.0427,0.9571,0.0000,0.0001,0.0000,0.0000,0.007243,0.113733,0.000420,0.001453,0.002387,-0.006981,0.001745,0.031588,-0.001745,0.028271,-0.006981,-0.003677,-0.001745,-0.010818,0.000000,0.025310,-0.001745,-0.001745,-0.017453,0.794515,0.190241,0.147909,-0.024435,-0.386540,0.122173,-0.153145,-0.006981,-0.487575,0.109956
1771203927.225,7131,4,2,0.0005,0.1919,0.2181,0.0071,0.5756,0.0053,0.0014,0.004583,0.123156,0.000141,0.001720,0.027210,-0.003491,0.001745,0.013888,-0.001745,0.022441,-0.006981,-0.002408,-0.001745,-0.003242,0.000000,0.016918,-0.001745,0.000000,-0.017453,0.903996,0.190241,0.151510,-0.024435,-0.466816,0.122173,-0.156746,-0.006981,-0.497987,0.109956
1771203927.325,7134,4,4,0.0021,0.0396,0.0634,0.0006,0.8926,0.0005,0.0012,0.012430,0.131436,0.000888,0.001589,0.003587,-0.003491,0.003491,0.084082,-0.001745,0.027481,-0.006981,-0.003433,-0.001745,-0.004792,0.000000,0.034105,-0.001745,-0.001745,-0.017453,0.998572,0.190241,0.156292,-0.024435,-0.447615,0.122173,-0.161528,-0.006981,-0.421814,0.109956
1771203927.425,7137,2,2,0.0000,0.0479,0.9512,0.0000,0.0006,0.0003,0.0001,0.015275,0.124321,0.000542,0.004200,0.014947,-0.006981,0.001745,0.054214,-0.001745,0.033952,-0.006981,0.030612,-0.001745,-0.007772,0.000000,0.062776,-0.001745,0.000000,-0.017453,0.955128,0.190241,0.114360,-0.022689,-0.301197,0.122173,-0.117851,-0.005236,-0.264269,0.109956
1771203927.527,7140,2,2,0.0000,0.0253,0.9744,0.0000,0.0002,0.0000,0.0001,0.006214,0.121104,0.000323,0.000847,0.002210,-0.006981,0.003491,0.012576,-0.001745,0.035184,-0.006981,0.023321,-0.001745,-0.007259,0.000000,-0.022104,-0.001745,-0.001745,-0.017453,0.924368,0.190241,0.104770,-0.022689,-0.054272,0.123918,-0.110006,-0.006981,-0.218608,0.109956
1771203927.626,7143,2,2,0.0000,0.0119,0.9878,0.0000,0.0003,0.0000,0.0000,0.003357,0.175746,0.000376,0.000339,0.001744,-0.006981,0.001745,-0.000396,-0.001745,0.030282,-0.005236,-0.012729,-0.001745,0.001134,0.000000,0.007122,-0.001745,-0.001745,-0.017453,0.877177,0.190241,0.066162,-0.022689,0.646470,0.122173,-0.071398,-0.006981,0.096776,0.109956
1771203927.726,7146,2,2,0.0000,0.0384,0.9603,0.0000,0.0011,0.0001,0.0000,0.002473,0.132199,0.000265,0.000379,0.006694,-0.003491,0.001745,-0.080707,-0.001745,0.022972,-0.006981,-0.006475,-0.001745,0.004953,0.000000,-0.019512,-0.001745,-0.001745,-0.013963,0.858904,0.190241,0.083758,-0.024435,0.221360,0.122173,-0.087249,-0.006981,-0.029916,0.109956
1771203927.826,7149,2,2,0.0000,0.1253,0.8741,0.0000,0.0004,0.0001,0.0001,0.002816,0.114103,0.000262,0.001840,0.009836,-0.006981,0.003491,0.003881,-0.001745,0.026426,-0.006981,-0.016688,-0.001745,-0.000246,0.000000,-0.068481,-0.003491,-0.001745,-0.015708,0.864679,0.191986,0.080442,-0.024435,-0.239765,0.122173,-0.085678,-0.006981,-0.234170,0.109956
1771203927.926,7152,2,2,0.0000,0.0904,0.9094,0.0000,0.0001,0.0000,0.0000,0.005581,0.115375,0.000166,0.002585,0.013301,-0.006981,0.003491,0.028978,-0.001745,0.034498,-0.005236,-0.038216,-0.001745,-0.003082,0.000000,-0.044649,0.000000,-0.001745,-0.013963,0.888900,0.191986,0.071490,-0.024435,-0.352220,0.122173,-0.076726,-0.008727,-0.334975,0.109956
1771203928.026,7155,2,2,0.0000,0.0494,0.9504,0.0000,0.0001,0.0000,0.0000,0.006314,0.119181,0.000215,0.000454,0.012686,-0.003491,0.003491,0.015682,-0.001745,0.037988,-0.006981,-0.036620,-0.001745,-0.004827,0.000000,0.018610,0.000000,0.000000,-0.013963,0.896275,0.191986,0.109786,-0.024435,-0.605626,0.122173,-0.115022,-0.008727,-0.522156,0.109956
1771203928.127,7158,2,2,0.0000,0.0284,0.9715,0.0000,0.0001,0.0000,0.0000,0.003864,0.118394,0.000380,0.000130,0.004235,-0.006981,0.003491,-0.001425,-0.001745,0.042872,-0.006981,-0.024087,-0.001745,-0.007965,0.000000,-0.001131,0.000000,-0.001745,-0.013963,0.862700,0.191986,0.132173,-0.024435,-0.304232,0.123918,-0.137409,-0.006981,-0.392648,0.109956
1771203928.227,7161,2,2,0.0000,0.0343,0.9655,0.0000,0.0001,0.0000,0.0000,0.003681,0.114648,0.000503,0.000288,0.007380,-0.006981,0.003491,-0.008226,-0.001745,0.034819,-0.006981,-0.028447,-0.001745,0.001833,0.000000,0.004034,0.000000,-0.001745,-0.015708,0.818731,0.191986,0.131189,-0.024435,-0.240100,0.123918,-0.136425,-0.006981,-0.354837,0.109956
1771203928.334,7164,2,2,0.0000,0.0322,0.9676,0.0000,0.0001,0.0000,0.0000,0.012782,0.119061,0.000270,0.001379,0.005798,-0.003491,0.001745,-0.011767,-0.001745,0.024802,-0.006981,0.032343,-0.001745,0.006614,0.000000,0.087879,0.000000,-0.001745,-0.015708,0.860630,0.191986,0.143990,-0.024435,-0.306690,0.122173,-0.149226,-0.008727,-0.365702,0.109956
1771203928.433,7167,2,2,0.0000,0.0552,0.9446,0.0000,0.0001,0.0000,0.0000,0.004078,0.121371,0.000197,0.001440,0.015919,-0.003491,0.003491,-0.038512,-0.001745,0.045448,-0.006981,-0.004871,-0.001745,-0.014032,0.000000,-0.020802,0.000000,-0.001745,-0.015708,0.879426,0.191986,0.151166,-0.024435,-0.375664,0.123918,-0.154657,-0.006981,-0.375705,0.109956
1771203928.537,7170,2,2,0.0000,0.0679,0.9320,0.0000,0.0001,0.0000,0.0000,0.003722,0.113329,0.000965,0.005076,0.021877,-0.003491,0.001745,-0.017582,-0.001745,0.042918,-0.006981,-0.004714,-0.001745,-0.008012,0.000000,-0.010859,0.000000,-0.003491,-0.015708,0.867137,0.191986,0.066954,-0.024435,-0.319412,0.123918,-0.072190,-0.006981,-0.369030,0.109956
1771203928.633,7173,2,2,0.0000,0.0235,0.9764,0.0000,0.0000,0.0000,0.0000,0.003683,0.109358,0.001613,0.001747,0.005079,-0.003491,0.001745,-0.012741,-0.001745,0.039289,-0.006981,-0.026201,-0.001745,-0.002637,-0.001745,0.003157,0.000000,-0.001745,-0.015708,0.845292,0.191986,-0.015433,-0.024435,0.029202,0.123918,0.010197,-0.006981,-0.277573,0.111701
1771203928.734,7176,2,2,0.0000,0.0163,0.9837,0.0000,0.0000,0.0000,0.0000,0.003501,0.110639,0.001455,0.002773,0.007001,-0.003491,0.001745,0.001295,-0.001745,0.038975,-0.006981,-0.062461,-0.001745,-0.002324,0.000000,-0.056547,0.000000,0.000000,-0.015708,0.832644,0.191986,-0.074399,-0.024435,-0.109503,0.123918,0.069163,-0.006981,-0.187139,0.109956
1771203928.834,7179,2,2,0.0000,0.0120,0.9880,0.0000,0.0000,0.0000,0.0000,0.003414,0.106165,0.000625,0.001845,0.002329,-0.003491,0.001745,0.000236,-0.001745,0.037244,-0.006981,-0.079483,-0.001745,-0.005828,0.001745,-0.100658,0.000000,-0.003491,-0.015708,0.784787,0.191986,-0.068565,-0.024435,-0.125911,0.122173,0.065074,-0.006981,-0.045596,0.109956
1771203928.935,7182,2,2,0.0000,0.0067,0.9933,0.0000,0.0000,0.0000,0.0000,0.003150,0.106266,0.000137,0.001092,0.004117,-0.006981,0.001745,-0.020258,-0.001745,0.036058,-0.006981,-0.048859,-0.001745,-0.002897,-0.001745,-0.039787,0.000000,-0.001745,-0.015708,0.740801,0.191986,-0.072593,-0.024435,-0.099736,0.122173,0.067357,-0.006981,0.042919,0.109956
1771203929.035,7185,2,2,0.0000,0.0062,0.9938,0.0000,0.0000,0.0000,0.0000,0.003221,0.111154,0.000298,0.001717,0.008954,-0.003491,0.001745,-0.021419,-0.001745,0.036908,-0.006981,-0.068307,-0.001745,-0.003747,-0.001745,-0.073037,0.000000,-0.001745,-0.015708,0.722888,0.191986,-0.037169,-0.024435,0.041907,0.122173,0.031933,-0.008727,0.113009,0.109956
1771203929.136,7188,2,2,0.0000,0.0100,0.9900,0.0000,0.0000,0.0000,0.0000,0.003383,0.099121,0.002353,0.002958,0.012995,-0.006981,0.003491,-0.015051,-0.001745,0.037103,-0.006981,-0.055187,-0.001745,-0.002196,0.000000,-0.047168,0.000000,-0.001745,-0.015708,0.748577,0.191986,-0.022000,-0.024435,-0.128948,0.122173,0.016764,-0.008727,-0.047621,0.109956
1771203929.238,7191,2,2,0.0000,0.0143,0.9856,0.0000,0.0000,0.0000,0.0000,0.003054,0.108681,0.000513,0.006543,0.022617,-0.006981,0.001745,-0.066342,-0.001745,0.028120,-0.006981,-0.135483,-0.001745,0.006787,0.000000,-0.116599,0.000000,-0.001745,-0.015708,0.803744,0.191986,0.074568,-0.024435,-0.199227,0.123918,-0.079804,-0.006981,-0.230205,0.109956
1771203929.338,7194,2,2,0.0000,0.0043,0.9957,0.0000,0.0000,0.0000,0.0000,0.003890,0.102222,0.000394,0.001615,0.001167,-0.003491,0.001745,-0.008669,-0.001745,0.044940,-0.006981,-0.053451,-0.001745,-0.013524,0.000000,-0.013682,0.000000,-0.003491,-0.015708,0.694331,0.191986,0.106473,-0.024435,-0.068140,0.123918,-0.111709,-0.008727,-0.143483,0.109956
1771203929.438,7197,2,2,0.0000,0.0049,0.9950,0.0000,0.0000,0.0000,0.0000,0.007158,0.103358,0.000096,0.001383,0.002538,-0.006981,0.001745,0.033372,-0.001745,0.050784,-0.005236,-0.012300,-0.001745,-0.012387,0.000000,-0.022507,0.000000,-0.001745,-0.015708,0.643362,0.191986,0.129379,-0.024435,0.041698,0.123918,-0.134615,-0.006981,-0.062947,0.109956
1771203929.538,7200,2,2,0.0000,0.0054,0.9945,0.0000,0.0000,0.0000,0.0000,0.006424,0.101853,0.000751,0.001410,0.003952,-0.006981,0.001745,-0.022944,-0.001745,0.028998,-0.006981,0.036951,-0.001745,0.009399,0.000000,-0.016960,0.000000,-0.001745,-0.015708,0.633071,0.191986,0.149699,-0.024435,0.015357,0.122173,-0.154935,-0.006981,-0.087283,0.109956
1771203929.638,7203,2,2,0.0000,0.0050,0.9949,0.0000,0.0000,0.0001,0.0000,0.004274,0.106179,0.001125,0.000671,0.004084,-0.003491,0.001745,0.006509,-0.001745,0.023794,-0.006981,0.011616,-0.001745,0.007622,0.000000,-0.018005,0.000000,-0.001745,-0.015708,0.692200,0.191986,0.157833,-0.024435,-0.018129,0.122173,-0.163069,-0.008727,-0.105161,0.109956
1771203929.739,7206,2,2,0.0000,0.0044,0.9954,0.0000,0.0000,0.0001,0.0000,0.006767,0.108995,0.001724,0.000858,0.002155,-0.003491,0.003491,0.051537,-0.001745,0.024958,-0.005236,-0.015530,-0.001745,0.001222,0.000000,-0.075477,0.000000,-0.001745,-0.015708,0.730810,0.191986,0.153019,-0.024435,-0.015208,0.122173,-0.158255,-0.008727,-0.107720,0.109956
1771203929.840,7209,2,2,0.0000,0.0074,0.9914,0.0000,0.0001,0.0009,0.0001,0.027803,0.115953,0.000961,0.001079,0.001860,-0.003491,0.003491,0.298732,-0.001745,0.025267,-0.006981,-0.035908,-0.001745,0.006148,0.000000,-0.057804,0.000000,-0.001745,-0.015708,0.671555,0.191986,0.116491,-0.024435,0.177535,0.123918,-0.121727,-0.008727,-0.077249,0.109956
1771203929.939,7212,2,2,0.0000,0.0183,0.9679,0.0000,0.0004,0.0129,0.0005,0.028681,0.109327,0.001963,0.000653,0.002103,-0.003491,0.001745,0.224380,-0.001745,-0.021345,-0.006981,-0.027704,-0.001745,0.047525,0.000000,0.070526,0.000000,-0.001745,-0.015708,0.682332,0.191986,0.114603,-0.024435,0.089134,0.123918,-0.119839,-0.008727,-0.097960,0.109956
1771203930.039,7215,2,2,0.0000,0.0251,0.9712,0.0000,0.0004,0.0029,0.0003,0.013150,0.104177,0.002142,0.000768,0.002931,-0.003491,0.003491,0.000466,-0.001745,-0.124168,-0.006981,-0.198933,-0.001745,0.153838,0.000000,-0.105127,0.000000,0.000000,-0.015708,0.702745,0.191986,0.123266,-0.024435,-0.001350,0.122173,-0.128502,-0.008727,-0.158908,0.109956
1771203930.139,7218,2,2,0.0000,0.0120,0.9874,0.0000,0.0001,0.0004,0.0001,0.045225,0.109069,0.003050,0.000783,0.003994,-0.006981,0.001745,0.247126,-0.001745,-0.035417,-0.008727,-0.311234,-0.001745,0.056361,0.005236,0.232236,-0.001745,-0.001745,-0.015708,0.742475,0.191986,0.142243,-0.024435,-0.114925,0.122173,-0.147479,-0.008727,-0.228223,0.109956
1771203930.243,7221,2,2,0.0000,0.0170,0.9800,0.0000,0.0002,0.0026,0.0003,0.057547,0.109641,0.004642,0.000941,0.006073,-0.003491,0.006981,0.613305,0.000000,-0.042350,-0.006981,-0.479085,-0.001745,0.066784,0.003491,-0.426417,0.000000,-0.001745,-0.015708,0.741787,0.191986,0.149792,-0.024435,-0.104933,0.122173,-0.155028,-0.008727,-0.219141,0.109956
1771203930.341,7224,2,2,0.0000,0.0235,0.9522,0.0001,0.0008,0.0225,0.0008,0.093808,0.112097,0.003074,0.001468,0.004924,-0.003491,0.003491,1.073045,0.000000,-0.022979,-0.006981,-0.535925,-0.001745,0.049159,0.000000,-0.195734,0.000000,-0.001745,-0.015708,0.766316,0.191986,0.152992,-0.024435,-0.099772,0.123918,-0.158228,-0.008727,-0.215996,0.109956
1771203930.442,7227,2,2,0.0002,0.0232,0.9323,0.0001,0.0005,0.0422,0.0015,0.079655,0.108266,0.004306,0.002407,0.006395,0.000000,0.003491,0.922143,0.000000,0.030229,-0.006981,-0.453139,-0.001745,-0.007540,0.000000,-0.153889,0.000000,-0.001745,-0.015708,0.732465,0.191986,0.140868,-0.024435,-0.038785,0.123918,-0.146104,-0.008727,-0.196273,0.109956
1771203930.544,7230,2,2,0.0000,0.0040,0.9954,0.0000,0.0000,0.0003,0.0003,0.041046,0.109640,0.005260,0.000109,0.006375,0.000000,0.001745,0.464632,0.001745,0.000286,-0.005236,-0.512331,-0.001745,0.024148,0.000000,-0.509249,-0.001745,-0.001745,-0.015708,0.747056,0.191986,0.144511,-0.024435,-0.039140,0.122173,-0.149747,-0.006981,-0.184399,0.109956
1771203930.645,7233,2,2,0.0000,0.0037,0.9961,0.0000,0.0000,0.0000,0.0002,0.025892,0.110317,0.003349,0.000840,0.003900,0.000000,0.006981,0.264163,0.001745,-0.009886,-0.005236,-0.255573,-0.001745,0.037811,0.000000,-0.425028,-0.003491,-0.001745,-0.015708,0.767725,0.191986,0.128042,-0.024435,0.003923,0.122173,-0.133278,-0.008727,-0.162009,0.109956
1771203930.748,7236,2,2,0.0000,0.0031,0.9968,0.0000,0.0000,0.0000,0.0001,0.067845,0.116296,0.007159,0.000632,0.007508,0.000000,0.001745,-0.134129,0.001745,0.088699,-0.003491,0.449649,-0.001745,-0.059029,0.000000,0.272303,-0.001745,-0.001745,-0.015708,0.746437,0.191986,0.118035,-0.024435,0.105224,0.123918,-0.123271,-0.008727,-0.103244,0.109956
1771203930.851,7239,2,2,0.0000,0.0062,0.9920,0.0000,0.0000,0.0010,0.0008,0.112131,0.117755,0.001811,0.001568,0.004035,0.000000,0.003491,-0.802806,0.001745,0.119377,-0.005236,0.852143,-0.005236,-0.096687,0.000000,0.368817,-0.001745,-0.001745,-0.015708,0.651007,0.191986,0.111990,-0.024435,0.215655,0.122173,-0.117226,-0.008727,0.010291,0.109956
1771203930.948,7242,2,2,0.0000,0.0147,0.9764,0.0000,0.0000,0.0067,0.0021,0.076605,0.113299,0.003912,0.001710,0.004367,0.000000,0.003491,-0.134800,0.001745,0.210937,-0.003491,0.545026,-0.005236,-0.189993,0.000000,0.158064,-0.001745,-0.001745,-0.015708,0.623606,0.191986,0.106050,-0.024435,0.205820,0.122173,-0.111286,-0.008727,-0.001435,0.109956
1771203931.048,7245,2,2,0.0001,0.0271,0.9392,0.0001,0.0002,0.0291,0.0042,0.120594,0.107393,0.001763,0.000553,0.003187,0.000000,0.000000,0.469627,0.001745,0.165065,-0.005236,0.516415,-0.001745,-0.145867,0.003491,0.290782,0.000000,-0.001745,-0.015708,0.621354,0.191986,0.091296,-0.024435,0.151945,0.122173,-0.096532,-0.008727,-0.034665,0.109956
1771203931.156,7248,2,2,0.0001,0.0149,0.9651,0.0000,0.0001,0.0148,0.0050,0.079445,0.105939,0.004535,0.000431,0.003845,0.000000,0.000000,-0.025367,0.001745,0.099392,-0.003491,0.568502,-0.001745,-0.083684,0.000000,0.283704,0.000000,-0.001745,-0.015708,0.594038,0.191986,0.094205,-0.024435,0.157165,0.123918,-0.099441,-0.006981,-0.042235,0.109956
1771203931.258,7251,2,2,0.0000,0.0071,0.9878,0.0000,0.0000,0.0012,0.0038,0.034976,0.110546,0.005839,0.001301,0.005654,0.000000,0.000000,0.090560,0.001745,0.080791,-0.001745,0.108574,-0.001745,-0.065083,0.000000,0.138042,0.000000,-0.001745,-0.015708,0.624155,0.191986,0.104193,-0.024435,0.174084,0.122173,-0.109429,-0.008727,-0.049628,0.109956
1771203931.359,7254,2,2,0.0000,0.0133,0.9858,0.0000,0.0000,0.0001,0.0008,0.017968,0.113273,0.003919,0.000535,0.006396,0.000000,0.000000,0.126067,0.001745,0.076495,0.000000,0.011306,-0.001745,-0.062532,-0.001745,-0.042685,0.000000,-0.001745,-0.015708,0.643584,0.191986,0.109086,-0.024435,0.182491,0.122173,-0.114322,-0.008727,-0.048099,0.109956
1771203931.457,7257,2,2,0.0000,0.0076,0.9923,0.0000,0.0000,0.0000,0.0000,0.014492,0.114638,0.003579,0.001080,0.002536,0.000000,0.000000,0.076637,0.001745,0.053418,-0.001745,0.042102,0.000000,-0.042946,0.000000,-0.032369,0.000000,-0.001745,-0.015708,0.672184,0.191986,0.103665,-0.024435,0.173944,0.123918,-0.108901,-0.008727,-0.069123,0.109956
1771203931.557,7260,2,2,0.0000,0.0043,0.9956,0.0000,0.0000,0.0000,0.0000,0.013607,0.110720,0.006833,0.000337,0.007128,0.000000,0.000000,0.110665,0.001745,0.037830,0.000000,0.013040,0.000000,-0.029103,0.000000,-0.021496,0.000000,-0.001745,-0.015708,0.683025,0.191986,0.107349,-0.024435,0.112404,0.123918,-0.112585,-0.006981,-0.096571,0.109956
1771203931.655,7263,2,2,0.0000,0.0065,0.9934,0.0000,0.0000,0.0001,0.0000,0.007818,0.111530,0.001485,0.000745,0.001185,0.000000,0.000000,0.079849,0.001745,0.009736,0.001745,-0.033008,0.000000,0.000736,0.000000,-0.000680,0.000000,-0.001745,-0.015708,0.694154,0.191986,0.102049,-0.024435,0.118047,0.122173,-0.105540,-0.008727,-0.094189,0.109956
1771203931.754,7266,2,2,0.0000,0.0092,0.9905,0.0000,0.0000,0.0003,0.0000,0.013666,0.111566,0.004238,0.000398,0.003947,0.000000,0.000000,0.013558,0.001745,0.010159,0.000000,0.035422,0.000000,-0.003177,0.001745,0.101361,0.000000,-0.001745,-0.015708,0.702958,0.191986,0.098240,-0.024435,0.111736,0.123918,-0.103476,-0.008727,-0.081515,0.109956
1771203931.855,7269,2,2,0.0000,0.0081,0.9914,0.0000,0.0000,0.0005,0.0000,0.003082,0.113268,0.003922,0.000450,0.003955,0.000000,0.000000,0.016295,0.001745,0.005712,0.000000,-0.022014,0.000000,0.001269,0.001745,0.010219,0.000000,-0.001745,-0.015708,0.709051,0.191986,0.110110,-0.024435,0.115945,0.122173,-0.115346,-0.008727,-0.053937,0.109956
1771203931.956,7272,2,2,0.0000,0.0122,0.9835,0.0000,0.0000,0.0041,0.0001,0.029999,0.112471,0.004123,0.000772,0.003878,0.000000,0.000000,0.222774,0.001745,-0.015407,0.000000,-0.017311,0.000000,0.022389,0.001745,0.111335,0.000000,-0.003491,-0.015708,0.695303,0.191986,0.108835,-0.024435,0.119655,0.123918,-0.114071,-0.008727,-0.059315,0.109956
1771203932.055,7275,2,2,0.0000,0.0181,0.9640,0.0000,0.0001,0.0175,0.0003,0.026736,0.112292,0.004441,0.000205,0.004646,0.000000,0.000000,0.127909,0.001745,0.011698,0.000000,0.058036,0.000000,-0.008207,0.000000,0.121441,0.000000,-0.001745,-0.015708,0.694106,0.191986,0.116813,-0.024435,0.112466,0.122173,-0.122049,-0.008727,-0.067605,0.109956
1771203932.156,7278,2,2,0.0000,0.0170,0.9708,0.0000,0.0001,0.0119,0.0002,0.011412,0.111225,0.004638,0.000249,0.004773,0.000000,0.000000,0.108809,0.001745,0.022894,0.000000,-0.035817,0.000000,-0.021149,0.003491,-0.116663,0.000000,-0.001745,-0.015708,0.685571,0.191986,0.121100,-0.024435,0.103919,0.122173,-0.124591,-0.008727,-0.068018,0.109956
1771203932.256,7281,2,2,0.0000,0.0164,0.9728,0.0000,0.0001,0.0105,0.0002,0.007012,0.111417,0.004114,0.000534,0.003318,0.000000,0.000000,0.049479,0.001745,0.029435,0.000000,-0.023379,0.000000,-0.027689,0.003491,-0.061239,0.000000,-0.001745,-0.015708,0.683411,0.191986,0.115418,-0.024435,0.112314,0.123918,-0.120654,-0.008727,-0.062686,0.109956
1771203932.361,7284,2,2,0.0000,0.0200,0.9719,0.0000,0.0001,0.0079,0.0001,0.017980,0.112602,0.005951,0.001425,0.005456,0.000000,0.000000,-0.020516,0.001745,0.020657,0.000000,0.066115,0.000000,-0.017166,0.003491,0.123751,0.000000,-0.001745,-0.015708,0.682378,0.191986,0.120184,-0.024435,0.124550,0.122173,-0.125420,-0.008727,-0.063093,0.109956
1771203932.458,7287,2,2,0.0000,0.0200,0.9756,0.0000,0.0001,0.0041,0.0002,0.018212,0.114785,0.005002,0.000885,0.004420,-0.012217,-0.005236,-0.270061,0.001745,0.046709,0.001745,0.061563,0.000000,-0.041473,0.005236,0.101545,0.000000,0.005236,-0.013963,0.688826,0.198968,0.127635,-0.024435,0.122881,0.123918,-0.132871,-0.010472,-0.057133,0.109956
1771203932.560,7290,2,2,0.0000,0.0141,0.9830,0.0000,0.0000,0.0027,0.0001,0.002219,0.114432,0.004573,0.000393,0.004494,0.000000,-0.005236,-0.209418,0.001745,0.008018,0.003491,0.011629,0.000000,-0.002782,0.001745,-0.017377,0.000000,0.000000,-0.013963,0.673436,0.197222,0.131749,-0.024435,0.136907,0.123918,-0.136985,-0.008727,-0.043500,0.109956
1771203932.659,7293,2,2,0.0000,0.0118,0.9867,0.0000,0.0000,0.0014,0.0001,0.001563,0.117164,0.002919,0.000690,0.002931,0.000000,-0.001745,-0.056625,0.001745,-0.010029,0.001745,-0.019261,0.000000,0.011774,0.003491,-0.037696,0.000000,0.000000,-0.013963,0.691808,0.198968,0.133142,-0.024435,0.149919,0.122173,-0.138378,-0.008727,-0.033945,0.109956
1771203932.759,7296,2,2,0.0000,0.0126,0.9861,0.0000,0.0000,0.0012,0.0001,0.003194,0.117798,0.009003,0.000597,0.008520,0.000000,0.000000,0.022374,0.001745,-0.008967,0.000000,-0.116073,0.000000,0.010713,0.003491,-0.054870,0.000000,0.000000,-0.013963,0.702999,0.197222,0.134791,-0.024435,0.144689,0.123918,-0.140027,-0.008727,-0.045740,0.109956
1771203932.860,7299,2,2,0.0000,0.0117,0.9870,0.0000,0.0000,0.0012,0.0001,0.003322,0.117998,0.003699,0.001258,0.004251,0.000000,-0.001745,0.020416,0.001745,-0.010723,0.003491,-0.038206,0.000000,0.010723,0.003491,-0.000826,0.000000,0.000000,-0.013963,0.714626,0.197222,0.131272,-0.024435,0.138984,0.123918,-0.136508,-0.008727,-0.065660,0.109956
1771203932.964,7302,2,2,0.0000,0.0135,0.9824,0.0000,0.0000,0.0039,0.0001,0.023856,0.119296,0.004090,0.000579,0.004050,0.000000,0.000000,0.153637,0.001745,0.049042,0.003491,0.022018,0.000000,-0.050787,0.001745,0.054595,0.000000,0.000000,-0.013963,0.734864,0.197222,0.124413,-0.024435,0.141180,0.123918,-0.129649,-0.008727,-0.071551,0.109956
1771203933.069,7305,2,2,0.0000,0.0230,0.9546,0.0000,0.0002,0.0219,0.0003,0.017520,0.119245,0.005900,0.000701,0.005950,0.000000,0.000000,0.130195,0.001745,0.037471,-0.001745,-0.004393,-0.001745,-0.033980,0.001745,0.039090,0.000000,0.000000,-0.013963,0.733454,0.198968,0.127631,-0.024435,0.137019,0.123918,-0.132867,-0.008727,-0.085611,0.109956
1771203933.169,7308,2,2,0.0000,0.0233,0.9632,0.0000,0.0001,0.0132,0.0002,0.008081,0.114115,0.004324,0.000432,0.005126,0.000000,0.000000,0.025910,0.001745,0.046856,-0.001745,0.003386,0.000000,-0.039875,0.003491,0.015580,0.000000,0.000000,-0.013963,0.683825,0.198968,0.122035,-0.024435,0.130682,0.123918,-0.127271,-0.008727,-0.085150,0.109956
1771203933.269,7311,2,2,0.0000,0.0152,0.9809,0.0000,0.0000,0.0037,0.0001,0.007022,0.114591,0.004580,0.000230,0.004151,-0.001745,0.000000,0.034692,0.001745,0.041555,0.003491,0.001033,0.000000,-0.034573,0.001745,-0.116094,0.000000,0.000000,-0.013963,0.698287,0.197222,0.128187,-0.024435,0.117523,0.123918,-0.133423,-0.008727,-0.090637,0.109956
1771203933.378,7314,2,2,0.0000,0.0164,0.9794,0.0000,0.0000,0.0041,0.0001,0.013925,0.113937,0.002653,0.000238,0.002731,0.000000,0.000000,0.048105,0.001745,0.003724,0.003491,0.071572,-0.001745,0.005002,0.001745,0.031719,0.000000,0.000000,-0.013963,0.681971,0.197222,0.131972,-0.024435,0.123955,0.122173,-0.137208,-0.008727,-0.084405,0.109956
1771203933.475,7317,2,2,0.0000,0.0314,0.9378,0.0000,0.0002,0.0302,0.0003,0.024529,0.114582,0.002199,0.000215,0.002151,0.000000,0.001745,0.026732,0.001745,-0.009356,-0.001745,0.064808,0.000000,0.021573,-0.001745,0.177743,0.000000,0.000000,-0.013963,0.660180,0.197222,0.135029,-0.024435,0.148678,0.123918,-0.140265,-0.008727,-0.080389,0.109956
1771203933.576,7320,2,2,0.0001,0.0501,0.8798,0.0000,0.0007,0.0688,0.0005,0.008965,0.113384,0.001872,0.000536,0.001707,0.000000,0.001745,0.009013,0.001745,0.014158,-0.001745,0.027751,0.000000,-0.008922,0.000000,0.053163,0.000000,0.000000,-0.013963,0.652892,0.198968,0.131147,-0.024435,0.143732,0.123918,-0.136383,-0.008727,-0.079205,0.109956
1771203933.678,7323,2,2,0.0001,0.0530,0.9140,0.0000,0.0004,0.0322,0.0003,0.009702,0.115569,0.001664,0.000683,0.004567,0.000000,0.000000,-0.020046,0.001745,0.031771,0.000000,0.050913,0.000000,-0.019554,0.001745,0.030254,0.000000,0.000000,-0.013963,0.669436,0.197222,0.129347,-0.024435,0.156950,0.123918,-0.134583,-0.008727,-0.075033,0.109956
1771203933.779,7326,2,2,0.0001,0.0719,0.8771,0.0000,0.0009,0.0496,0.0004,0.017514,0.113699,0.001006,0.000433,0.001278,0.000000,0.003491,-0.034725,0.001745,0.015359,-0.003491,0.100705,0.000000,-0.001396,0.000000,0.088867,0.000000,0.000000,-0.013963,0.664854,0.197222,0.134189,-0.024435,0.134244,0.123918,-0.139425,-0.008727,-0.076538,0.109956
1771203933.881,7329,2,2,0.0001,0.0953,0.8679,0.0000,0.0012,0.0351,0.0004,0.011945,0.114464,0.001547,0.001030,0.001207,0.000000,0.000000,-0.008585,0.001745,0.011933,0.000000,0.072558,0.000000,0.003775,0.001745,0.051582,0.000000,0.000000,-0.013963,0.660254,0.197222,0.125586,-0.024435,0.156631,0.123918,-0.130822,-0.008727,-0.069120,0.109956
1771203933.981,7332,2,2,0.0001,0.1047,0.8735,0.0000,0.0010,0.0203,0.0003,0.018912,0.113215,0.002335,0.001280,0.003180,0.000000,0.000000,0.077960,0.001745,0.007393,0.001745,0.070314,0.000000,0.001333,0.001745,0.064711,0.000000,0.000000,-0.013963,0.652038,0.198968,0.129144,-0.024435,0.144559,0.123918,-0.134380,-0.008727,-0.064496,0.109956
1771203934.079,7335,2,2,0.0001,0.1059,0.8796,0.0000,0.0009,0.0131,0.0003,0.014819,0.112973,0.002554,0.000389,0.002937,0.000000,0.000000,-0.099014,0.001745,0.016505,0.000000,0.116980,0.000000,-0.009524,0.001745,0.040855,0.000000,0.000000,-0.013963,0.643421,0.197222,0.137979,-0.024435,0.143175,0.123918,-0.143215,-0.008727,-0.066809,0.109956
1771203934.179,7338,2,2,0.0000,0.0600,0.9376,0.0000,0.0002,0.0020,0.0001,0.011501,0.112231,0.002553,0.001092,0.002511,0.000000,0.000000,-0.041109,0.001745,0.021727,0.000000,0.112793,0.000000,-0.009510,0.001745,-0.001324,0.000000,0.000000,-0.013963,0.645026,0.197222,0.121765,-0.024435,0.150625,0.122173,-0.127001,-0.008727,-0.068367,0.109956
1771203934.279,7341,2,2,0.0000,0.0534,0.9450,0.0000,0.0004,0.0011,0.0001,0.021758,0.114603,0.000641,0.000716,0.000793,0.000000,0.000000,-0.046172,0.001745,-0.007169,0.000000,0.151109,0.000000,0.017641,0.001745,0.088854,0.000000,0.000000,-0.013963,0.662704,0.197222,0.125964,-0.024435,0.155472,0.123918,-0.131200,-0.008727,-0.071429,0.109956
1771203934.380,7344,2,2,0.0000,0.0555,0.9420,0.0000,0.0008,0.0015,0.0001,0.020302,0.119377,0.000443,0.000293,0.000467,0.000000,0.000000,0.014790,0.001745,0.005003,0.000000,0.106727,0.000000,0.000233,0.001745,0.113381,0.000000,0.000000,-0.013963,0.661420,0.197222,0.117535,-0.024435,0.222479,0.123918,-0.122771,-0.006981,-0.048198,0.109956
1771203934.480,7347,2,2,0.0000,0.0453,0.9526,0.0000,0.0014,0.0006,0.0001,0.014869,0.121554,0.000955,0.000179,0.000922,0.000000,0.000000,0.035479,0.001745,0.003401,0.000000,0.069179,0.000000,0.000090,0.001745,0.066787,0.000000,0.000000,-0.013963,0.667618,0.198968,0.122598,-0.024435,0.235592,0.123918,-0.127834,-0.008727,-0.008407,0.109956
1771203934.582,7350,2,2,0.0000,0.0454,0.9531,0.0000,0.0010,0.0004,0.0001,0.011402,0.118462,0.001516,0.000475,0.001752,0.000000,0.000000,0.028764,0.001745,0.006225,0.000000,0.048031,0.000000,-0.002734,0.001745,0.050309,0.000000,0.000000,-0.013963,0.658839,0.197222,0.123202,-0.024435,0.208401,0.123918,-0.128438,-0.008727,-0.020231,0.109956
1771203934.682,7353,2,2,0.0000,0.0434,0.9553,0.0000,0.0009,0.0003,0.0001,0.018496,0.119033,0.000729,0.000217,0.001454,0.000000,0.000000,0.108975,0.001745,0.011881,0.000000,0.039031,0.003491,-0.004900,0.001745,0.055082,0.000000,0.000000,-0.013963,0.661992,0.198968,0.128867,-0.024435,0.204700,0.123918,-0.135848,-0.008727,-0.048329,0.109956
1771203934.782,7356,2,2,0.0000,0.0557,0.9421,0.0000,0.0016,0.0004,0.0001,0.016778,0.112663,0.000313,0.001041,0.000905,0.000000,0.000000,0.081338,0.001745,0.014711,0.000000,0.041139,0.000000,-0.004239,0.000000,0.062408,0.000000,0.000000,-0.013963,0.650365,0.198968,0.125292,-0.024435,0.143462,0.123918,-0.130528,-0.008727,-0.080728,0.109956
1771203934.883,7359,2,2,0.0000,0.1018,0.8964,0.0000,0.0014,0.0003,0.0002,0.011681,0.106477,0.001067,0.006855,0.007532,0.000000,0.000000,0.101968,0.001745,0.013391,0.000000,0.007040,0.000000,-0.004665,0.001745,0.014285,0.000000,0.000000,-0.013963,0.651848,0.198968,0.112245,-0.024435,0.080785,0.123918,-0.117481,-0.008727,-0.120555,0.109956
1771203934.984,7362,2,2,0.0000,0.0804,0.9188,0.0000,0.0005,0.0001,0.0002,0.008803,0.108727,0.000144,0.007997,0.004572,0.000000,0.000000,0.065750,0.001745,0.015208,0.000000,0.007493,0.000000,-0.004736,0.001745,0.013690,0.000000,0.000000,-0.013963,0.644276,0.198968,0.110013,-0.024435,0.117588,0.123918,-0.115249,-0.008727,-0.114324,0.109956
1771203935.086,7365,2,2,0.0000,0.0434,0.9563,0.0000,0.0002,0.0000,0.0001,0.011124,0.109599,0.000256,0.001114,0.002111,0.000000,0.000000,0.106218,0.001745,0.013834,0.000000,0.001270,0.000000,-0.001617,0.001745,0.008669,0.000000,0.000000,-0.013963,0.660808,0.197222,0.108009,-0.024435,0.115278,0.123918,-0.113245,-0.006981,-0.122484,0.109956
1771203935.183,7368,2,2,0.0000,0.0406,0.9591,0.0000,0.0002,0.0000,0.0001,0.012164,0.113935,0.000163,0.000966,0.006408,0.000000,0.000000,0.108475,0.001745,0.011809,0.000000,0.021782,0.000000,0.000409,0.001745,-0.005889,0.000000,0.000000,-0.013963,0.739046,0.197222,0.110170,-0.024435,0.086905,0.123918,-0.115406,-0.008727,-0.127603,0.109956
1771203935.284,7371,2,2,0.0000,0.0367,0.9628,0.0000,0.0003,0.0000,0.0001,0.012522,0.110822,0.000415,0.000327,0.001083,0.000000,0.000000,0.123778,0.001745,0.011085,0.000000,0.010778,0.000000,0.001132,0.001745,-0.038670,0.000000,0.000000,-0.013963,0.703396,0.197222,0.116723,-0.024435,0.078649,0.123918,-0.121959,-0.008727,-0.121732,0.109956
1771203935.384,7374,2,2,0.0000,0.0543,0.9447,0.0000,0.0007,0.0001,0.0002,0.011092,0.104774,0.000135,0.000482,0.000521,0.000000,0.000000,0.080355,0.001745,0.010434,0.000000,0.034731,0.000000,0.001784,0.000000,0.004060,0.000000,0.000000,-0.013963,0.698589,0.198968,0.122704,-0.024435,0.003155,0.123918,-0.127940,-0.008727,-0.124899,0.109956
1771203935.483,7377,2,2,0.0000,0.0685,0.9305,0.0000,0.0007,0.0001,0.0002,0.010658,0.108007,0.000108,0.000870,0.002777,0.000000,0.000000,0.066962,0.001745,0.011006,0.000000,0.042763,0.000000,0.001211,0.001745,0.002466,0.000000,0.000000,-0.013963,0.700066,0.197222,0.122553,-0.024435,0.042366,0.123918,-0.127789,-0.008727,-0.127969,0.109956
1771203935.584,7380,2,2,0.0000,0.0467,0.9527,0.0000,0.0003,0.0001,0.0001,0.010077,0.110967,0.001405,0.000246,0.003401,0.000000,0.000000,0.079153,0.001745,0.013333,0.000000,0.024942,0.000000,-0.001116,0.001745,-0.054830,0.000000,0.000000,-0.013963,0.758180,0.197222,0.071971,-0.024435,0.070355,0.123918,-0.077207,-0.008727,-0.135831,0.109956
1771203935.685,7383,2,2,0.0000,0.0291,0.9706,0.0000,0.0002,0.0000,0.0001,0.011626,0.116180,0.000809,0.001668,0.002913,0.000000,0.000000,0.121469,0.001745,0.013485,0.000000,0.001072,0.000000,-0.001268,0.001745,-0.067455,0.000000,0.000000,-0.013963,0.851796,0.197222,0.062124,-0.024435,0.049139,0.123918,-0.067360,-0.008727,-0.129966,0.109956
1771203935.788,7386,2,2,0.0000,0.0352,0.9642,0.0000,0.0004,0.0001,0.0001,0.009671,0.112796,0.000652,0.000586,0.002418,0.000000,0.000000,0.102084,0.001745,0.012189,0.000000,-0.003707,0.000000,0.000028,0.000000,-0.067665,0.000000,0.000000,-0.013963,0.852717,0.197222,0.066745,-0.024435,0.004744,0.122173,-0.071981,-0.008727,-0.104447,0.109956
1771203935.889,7389,2,2,0.0000,0.0588,0.9381,0.0000,0.0025,0.0003,0.0003,0.009181,0.113026,0.000330,0.000234,0.000545,0.000000,0.000000,0.091563,0.001745,0.016866,-0.001745,-0.010456,0.000000,-0.004649,0.000000,-0.108123,0.000000,0.000000,-0.012217,0.852679,0.197222,0.072536,-0.024435,-0.045232,0.123918,-0.077772,-0.008727,-0.111817,0.109956
1771203935.990,7392,2,2,0.0000,0.0433,0.9559,0.0000,0.0005,0.0002,0.0001,0.010686,0.113513,0.001449,0.000223,0.001188,0.000000,0.000000,0.111797,0.001745,0.014691,-0.003491,-0.030692,0.000000,-0.002473,0.000000,-0.053387,0.000000,0.000000,-0.013963,0.855475,0.198968,0.073837,-0.024435,-0.047605,0.123918,-0.079073,-0.008727,-0.110399,0.109956
1771203936.091,7395,2,2,0.0000,0.0429,0.9563,0.0000,0.0006,0.0002,0.0001,0.008763,0.114007,0.000133,0.000725,0.000895,0.000000,0.000000,0.088925,0.001745,0.014485,0.000000,-0.028063,0.000000,-0.000523,0.000000,-0.009032,0.000000,0.000000,-0.013963,0.858827,0.197222,0.078164,-0.024435,-0.061423,0.123918,-0.081654,-0.008727,-0.104955,0.109956
1771203936.189,7398,2,2,0.0000,0.0618,0.9373,0.0000,0.0006,0.0002,0.0001,0.008411,0.107911,0.000610,0.000546,0.002221,0.000000,0.001745,0.077818,0.001745,0.013180,0.000000,-0.026518,0.000000,0.000782,0.000000,0.005659,0.000000,0.000000,-0.013963,0.775638,0.197222,0.088204,-0.024435,-0.048119,0.123918,-0.093440,-0.008727,-0.097332,0.109956
1771203936.290,7401,2,2,0.0000,0.0756,0.9234,0.0000,0.0006,0.0002,0.0001,0.008196,0.103095,0.000155,0.000487,0.000735,0.000000,0.000000,0.078392,0.001745,0.012816,0.000000,-0.005335,0.000000,-0.000599,0.000000,0.005396,0.000000,0.000000,-0.013963,0.719047,0.197222,0.086997,-0.024435,-0.011275,0.123918,-0.090488,-0.008727,-0.106367,0.109956
1771203936.389,7404,2,2,0.0000,0.0801,0.9192,0.0000,0.0004,0.0001,0.0001,0.009069,0.099864,0.000233,0.000842,0.001179,0.000000,0.000000,0.094601,0.001745,0.012478,0.000000,-0.002535,0.000000,-0.002006,0.000000,-0.000463,0.000000,0.000000,-0.013963,0.667939,0.198968,0.097592,-0.024435,-0.014858,0.123918,-0.102828,-0.008727,-0.137821,0.109956
1771203936.489,7407,2,2,0.0000,0.0630,0.9366,0.0000,0.0002,0.0001,0.0001,0.008291,0.100094,0.000099,0.000230,0.000430,0.000000,0.000000,0.083507,0.001745,0.012891,0.000000,-0.017185,0.000000,-0.000674,0.000000,0.001349,0.000000,0.000000,-0.013963,0.666308,0.197222,0.103720,-0.024435,-0.004097,0.123918,-0.108956,-0.008727,-0.137777,0.109956
1771203936.590,7410,2,2,0.0000,0.0429,0.9569,0.0000,0.0001,0.0001,0.0001,0.009560,0.101397,0.001638,0.000362,0.001948,0.000000,0.000000,0.066225,0.001745,0.010777,0.000000,-0.027265,0.000000,0.001441,0.000000,0.034535,0.000000,0.000000,-0.013963,0.665739,0.198968,0.105193,-0.024435,0.012992,0.123918,-0.108684,-0.008727,-0.136766,0.109956
1771203936.690,7413,2,2,0.0000,0.0342,0.9656,0.0000,0.0001,0.0000,0.0001,0.005379,0.100862,0.000641,0.000858,0.000239,0.000000,0.000000,0.036298,0.001745,0.004221,0.000000,-0.002450,0.000000,0.004505,0.000000,0.017782,0.000000,0.000000,-0.013963,0.618786,0.197222,0.101937,-0.024435,0.056784,0.123918,-0.107173,-0.008727,-0.105549,0.111701
1771203936.791,7416,2,2,0.0000,0.0307,0.9691,0.0000,0.0001,0.0000,0.0001,0.008544,0.099224,0.001657,0.001832,0.002027,0.000000,0.000000,-0.007381,0.001745,0.007771,0.000000,0.049839,0.000000,-0.002535,0.000000,0.043176,0.000000,0.000000,-0.013963,0.607142,0.197222,0.096342,-0.024435,0.056113,0.123918,-0.101578,-0.008727,-0.089243,0.109956
1771203936.892,7419,2,2,0.0000,0.0233,0.9765,0.0000,0.0001,0.0000,0.0001,0.015125,0.099878,0.001557,0.000363,0.001638,0.000000,0.000000,-0.175718,0.001745,0.010578,-0.001745,0.098509,0.000000,-0.001851,0.000000,0.070662,0.000000,0.000000,-0.013963,0.613596,0.197222,0.096823,-0.024435,0.057021,0.123918,-0.102059,-0.008727,-0.090105,0.109956
1771203936.993,7422,2,2,0.0000,0.0208,0.9789,0.0000,0.0001,0.0001,0.0001,0.009817,0.103972,0.000096,0.000051,0.000415,0.000000,0.000000,-0.129516,0.001745,0.000793,0.000000,0.060641,0.000000,0.006188,0.000000,0.048435,0.000000,0.000000,-0.013963,0.613469,0.197222,0.097390,-0.024435,0.105706,0.123918,-0.102626,-0.008727,-0.085710,0.109956
1771203937.093,7425,2,2,0.0000,0.0258,0.9737,0.0000,0.0002,0.0002,0.0001,0.013467,0.103822,0.000401,0.000245,0.001741,0.000000,0.000000,-0.046171,0.001745,0.001138,0.000000,0.061007,0.000000,0.002353,0.000000,0.095355,0.000000,0.000000,-0.013963,0.622620,0.198968,0.098122,-0.024435,0.092281,0.123918,-0.101613,-0.008727,-0.101215,0.109956
1771203937.194,7428,2,2,0.0000,0.0377,0.9612,0.0000,0.0005,0.0004,0.0001,0.019403,0.105865,0.000192,0.001101,0.002509,0.000000,0.000000,-0.036823,0.001745,0.004984,0.000000,0.118334,0.000000,0.000252,0.000000,0.107520,0.000000,0.000000,-0.013963,0.654089,0.197222,0.119862,-0.024435,0.065327,0.123918,-0.125098,-0.008727,-0.126762,0.109956
1771203937.294,7431,2,2,0.0000,0.0476,0.9509,0.0000,0.0008,0.0005,0.0002,0.011318,0.103782,0.001085,0.000918,0.001295,0.000000,0.000000,-0.049275,0.001745,0.005807,0.000000,0.065913,0.000000,-0.002317,0.000000,0.062346,0.000000,0.000000,-0.013963,0.649044,0.197222,0.122910,-0.024435,0.042330,0.123918,-0.128146,-0.008727,-0.157508,0.109956
1771203937.395,7434,2,2,0.0000,0.0460,0.9532,0.0000,0.0004,0.0002,0.0001,0.006561,0.103965,0.001606,0.001149,0.003505,0.000000,0.000000,0.025609,0.001745,0.010969,0.000000,-0.005368,0.000000,-0.005733,0.000000,0.040407,0.000000,0.000000,-0.013963,0.694516,0.197222,0.121968,-0.024435,-0.002115,0.123918,-0.127204,-0.008727,-0.171299,0.109956
1771203937.496,7437,2,2,0.0000,0.0345,0.9651,0.0000,0.0002,0.0001,0.0001,0.015139,0.107311,0.000726,0.001263,0.000235,0.000000,0.000000,0.168135,0.001745,0.011791,0.000000,-0.090673,0.000000,-0.003064,0.000000,-0.034804,0.000000,0.000000,-0.013963,0.694486,0.198968,0.087374,-0.024435,0.073035,0.123918,-0.092610,-0.008727,-0.121484,0.109956
1771203937.595,7440,2,2,0.0000,0.0317,0.9679,0.0000,0.0003,0.0001,0.0001,0.021159,0.110388,0.001512,0.000393,0.000390,0.000000,0.000000,0.242450,0.001745,-0.000987,0.000000,-0.032349,0.000000,0.009714,0.000000,-0.035349,0.000000,0.000000,-0.013963,0.727501,0.198968,0.094575,-0.024435,0.069744,0.123918,-0.099811,-0.008727,-0.123227,0.109956
1771203937.695,7443,2,2,0.0000,0.0445,0.9541,0.0000,0.0008,0.0004,0.0001,0.017032,0.111317,0.000603,0.000181,0.000178,-0.001745,0.000000,0.190430,0.001745,-0.004115,0.000000,-0.002828,0.000000,0.011097,0.000000,0.001116,0.000000,0.000000,-0.013963,0.729117,0.197222,0.106898,-0.024435,0.068697,0.123918,-0.110389,-0.008727,-0.128324,0.109956
1771203937.794,7446,2,2,0.0000,0.0553,0.9428,0.0000,0.0013,0.0005,0.0002,0.013955,0.108522,0.000402,0.000795,0.000776,0.000000,0.000000,0.119371,0.001745,-0.008688,0.000000,-0.015089,0.000000,0.012178,0.000000,0.034168,0.000000,0.000000,-0.013963,0.735605,0.197222,0.113635,-0.024435,0.021923,0.123918,-0.118871,-0.008727,-0.145410,0.109956
1771203937.894,7449,2,2,0.0000,0.0695,0.9281,0.0000,0.0016,0.0006,0.0002,0.012220,0.107181,0.000397,0.000722,0.000529,0.000000,0.000000,0.079960,0.001745,-0.003080,0.000000,0.000525,0.000000,0.004825,0.000000,0.059587,0.000000,0.000000,-0.013963,0.730938,0.197222,0.106988,-0.024435,0.017153,0.123918,-0.112224,-0.008727,-0.150704,0.109956
1771203937.994,7452,2,2,0.0000,0.0748,0.9231,0.0000,0.0014,0.0004,0.0002,0.012261,0.104329,0.000792,0.000760,0.001658,0.000000,0.000000,0.090876,0.001745,0.001916,0.000000,0.032385,0.000000,-0.003661,0.000000,0.020204,0.000000,0.000000,-0.013963,0.717033,0.197222,0.075513,-0.024435,0.028303,0.123918,-0.079004,-0.008727,-0.125688,0.109956
1771203938.095,7455,2,2,0.0000,0.0645,0.9341,0.0000,0.0010,0.0003,0.0002,0.013770,0.106041,0.001692,0.000968,0.002244,0.000000,0.000000,0.119458,0.001745,0.001614,0.000000,0.027853,0.000000,0.000132,0.000000,0.014438,0.000000,0.000000,-0.013963,0.726570,0.198968,0.077947,-0.024435,0.033387,0.123918,-0.083183,-0.008727,-0.123194,0.111701
1771203938.195,7458,2,2,0.0000,0.0486,0.9504,0.0000,0.0006,0.0002,0.0001,0.012524,0.107425,0.000750,0.000487,0.000725,0.000000,0.000000,0.120369,0.001745,-0.004214,0.000000,0.010857,0.000000,0.004214,0.000000,0.013104,0.000000,0.000000,-0.013963,0.736117,0.198968,0.108476,-0.024435,0.011667,0.123918,-0.113712,-0.008727,-0.158888,0.109956
1771203938.295,7461,2,2,0.0000,0.0488,0.9501,0.0000,0.0007,0.0002,0.0001,0.010259,0.106846,0.000619,0.000326,0.000356,0.000000,0.000000,0.094673,0.001745,-0.001910,0.000000,0.008144,0.000000,0.001910,0.000000,0.016642,0.000000,0.000000,-0.013963,0.736631,0.197222,0.114422,-0.024435,0.000004,0.123918,-0.119658,-0.008727,-0.169523,0.109956
1771203938.395,7464,2,2,0.0000,0.0551,0.9438,0.0000,0.0007,0.0002,0.0001,0.010039,0.105651,0.000145,0.000187,0.000586,0.000000,0.000000,0.085800,0.001745,-0.000449,0.000000,0.009010,0.000000,0.000449,0.000000,0.023466,0.000000,0.000000,-0.013963,0.724503,0.197222,0.112216,-0.024435,-0.000120,0.123918,-0.117452,-0.008727,-0.174848,0.109956
1771203938.497,7467,2,2,0.0000,0.0650,0.9335,0.0000,0.0010,0.0003,0.0002,0.008989,0.108072,0.000343,0.000602,0.001230,0.000000,0.000000,0.098806,0.001745,0.007314,0.000000,-0.012082,0.000000,-0.009059,0.000000,-0.000795,0.000000,0.000000,-0.013963,0.746068,0.198968,0.117954,-0.024435,-0.004090,0.123918,-0.123190,-0.008727,-0.179110,0.109956
1771203938.596,7470,2,2,0.0000,0.0656,0.9318,0.0000,0.0019,0.0004,0.0002,0.001944,0.109150,0.000579,0.000922,0.000491,0.000000,0.000000,0.002828,0.001745,0.018070,0.000000,0.000685,0.000000,-0.012834,0.000000,-0.029855,0.000000,0.000000,-0.013963,0.756077,0.198968,0.120877,-0.024435,-0.006698,0.123918,-0.126113,-0.008727,-0.185209,0.109956
1771203938.696,7473,2,2,0.0009,0.1267,0.7604,0.0005,0.1036,0.0064,0.0014,0.004062,0.106051,0.000501,0.000957,0.001162,0.000000,0.000000,-0.034053,0.001745,0.018339,0.000000,0.028664,0.000000,-0.009612,0.000000,-0.003624,0.000000,0.000000,-0.013963,0.720298,0.197222,0.119472,-0.024435,-0.004839,0.123918,-0.124708,-0.008727,-0.190434,0.111701
1771203938.796,7476,2,2,0.0000,0.0772,0.9209,0.0000,0.0014,0.0002,0.0002,0.004517,0.109236,0.000188,0.001178,0.002479,0.000000,0.000000,-0.073295,0.001745,0.024381,0.000000,0.027315,0.000000,-0.008673,0.000000,0.000766,0.000000,0.000000,-0.013963,0.743357,0.197222,0.119935,-0.024435,0.016437,0.123918,-0.125171,-0.008727,-0.187665,0.109956
1771203938.896,7479,2,2,0.0000,0.0467,0.9530,0.0000,0.0002,0.0000,0.0000,0.001487,0.111422,0.000499,0.001087,0.002861,0.000000,0.000000,-0.008782,0.001745,0.016009,0.000000,-0.001264,0.000000,-0.000301,0.000000,0.000088,0.000000,0.000000,-0.013963,0.780988,0.198968,0.117136,-0.024435,0.006104,0.123918,-0.122372,-0.008727,-0.190681,0.109956
1771203938.997,7482,2,2,0.0000,0.0342,0.9656,0.0000,0.0001,0.0000,0.0000,0.002096,0.110740,0.001295,0.000583,0.002063,0.000000,0.001745,-0.031583,0.001745,0.016208,0.000000,0.005452,0.000000,-0.002246,0.000000,-0.013073,0.000000,0.000000,-0.013963,0.789554,0.198968,0.106233,-0.024435,0.000252,0.123918,-0.111469,-0.008727,-0.179225,0.109956
1771203939.097,7485,2,2,0.0000,0.0324,0.9674,0.0000,0.0001,0.0000,0.0000,0.002307,0.107938,0.002536,0.001343,0.002365,0.000000,0.000000,-0.080291,0.001745,0.023167,0.000000,0.002768,0.000000,-0.005713,0.000000,-0.115596,0.000000,0.000000,-0.013963,0.764910,0.198968,0.097501,-0.024435,-0.040196,0.123918,-0.102737,-0.008727,-0.182240,0.109956
1771203939.197,7488,2,2,0.0000,0.0396,0.9601,0.0000,0.0001,0.0000,0.0001,0.001814,0.106930,0.000948,0.001775,0.001110,-0.001745,0.000000,-0.100554,0.001745,0.016601,0.000000,0.000822,0.000000,0.002598,0.000000,-0.099526,0.000000,0.000000,-0.013963,0.749232,0.198968,0.101087,-0.024435,-0.042026,0.123918,-0.106323,-0.008727,-0.185887,0.109956
1771203939.297,7491,2,2,0.0000,0.0231,0.9769,0.0000,0.0000,0.0000,0.0000,0.001309,0.106797,0.000991,0.000986,0.002110,0.000000,0.000000,-0.062763,0.001745,0.011821,0.000000,-0.053000,0.000000,0.002142,0.000000,-0.062531,0.000000,0.000000,-0.013963,0.736142,0.198968,0.112579,-0.024435,-0.037755,0.123918,-0.117815,-0.008727,-0.178419,0.109956
1771203939.398,7494,2,2,0.0000,0.0216,0.9783,0.0000,0.0000,0.0000,0.0000,0.003412,0.106263,0.000295,0.001218,0.000957,0.000000,0.000000,0.028725,0.000000,0.002262,0.000000,-0.075814,0.000000,0.009955,0.000000,-0.119827,0.000000,0.000000,-0.013963,0.740314,0.197222,0.103743,-0.024435,-0.000806,0.123918,-0.107234,-0.008727,-0.172053,0.109956
1771203939.498,7497,2,2,0.0000,0.0254,0.9744,0.0000,0.0001,0.0001,0.0000,0.008380,0.107582,0.000618,0.000717,0.001431,0.000000,0.000000,0.093583,0.000000,0.002328,-0.001745,-0.047362,0.000000,0.004653,0.000000,-0.094196,0.000000,0.000000,-0.013963,0.730665,0.197222,0.083094,-0.024435,0.046123,0.123918,-0.088330,-0.008727,-0.163458,0.109956
1771203939.599,7500,2,2,0.0000,0.0311,0.9684,0.0000,0.0002,0.0001,0.0001,0.012136,0.111341,0.000283,0.000678,0.000900,0.000000,0.000000,0.139524,0.001745,0.004357,0.000000,-0.027604,0.000000,-0.000867,0.000000,-0.064173,0.000000,0.000000,-0.013963,0.727747,0.197222,0.095261,-0.024435,0.081988,0.123918,-0.100497,-0.008727,-0.122613,0.109956
1771203939.699,7503,2,2,0.0000,0.0347,0.9645,0.0000,0.0005,0.0002,0.0001,0.016397,0.116054,0.000552,0.000548,0.002269,0.000000,0.000000,0.182165,0.001745,0.007132,0.000000,0.005727,0.000000,-0.003642,0.000000,-0.045921,0.000000,0.000000,-0.013963,0.777181,0.197222,0.109478,-0.024435,0.074898,0.123918,-0.114714,-0.008727,-0.116667,0.109956
1771203939.799,7506,2,2,0.0000,0.0464,0.9517,0.0000,0.0013,0.0004,0.0001,0.017939,0.114449,0.000182,0.000864,0.001092,0.000000,0.000000,0.140614,0.001745,0.007457,0.000000,0.046762,0.000000,-0.003966,0.000000,0.018690,0.000000,0.000000,-0.013963,0.770214,0.198968,0.119372,-0.024435,0.050958,0.123918,-0.124608,-0.008727,-0.126475,0.109956
1771203939.899,7509,2,2,0.0000,0.0589,0.9390,0.0000,0.0015,0.0004,0.0001,0.012206,0.113180,0.000271,0.000283,0.000657,0.000000,0.000000,0.120006,0.001745,0.009596,0.000000,0.007460,0.000000,-0.002615,0.000000,0.007659,0.000000,0.000000,-0.013963,0.776377,0.198968,0.101535,-0.024435,0.045663,0.123918,-0.106771,-0.008727,-0.164554,0.111701
1771203940.004,7512,2,2,0.0000,0.0562,0.9425,0.0000,0.0010,0.0002,0.0001,0.009490,0.111616,0.000524,0.000462,0.000675,0.000000,0.000000,0.103376,0.001745,0.007230,0.000000,-0.005109,0.000000,0.001497,0.000000,0.000036,0.000000,0.000000,-0.013963,0.781210,0.197222,0.085184,-0.024435,0.041903,0.123918,-0.090420,-0.008727,-0.175404,0.109956
1771203940.100,7515,2,2,0.0000,0.0553,0.9437,0.0000,0.0007,0.0002,0.0001,0.008913,0.109300,0.000215,0.000302,0.000323,0.000000,0.000000,0.091106,0.001745,0.003187,0.000000,0.007083,0.000000,0.003795,-0.001745,0.000041,0.000000,0.000000,-0.013963,0.764114,0.197222,0.076664,-0.024435,0.041473,0.122173,-0.081900,-0.008727,-0.176198,0.109956
1771203940.201,7518,2,2,0.0000,0.0593,0.9400,0.0000,0.0005,0.0001,0.0001,0.006686,0.106405,0.000749,0.000250,0.001051,0.000000,0.000000,0.073250,0.001745,0.002946,0.000000,-0.008946,0.000000,0.002290,0.000000,-0.000884,0.000000,0.000000,-0.013963,0.757513,0.197222,0.076377,-0.024435,0.011870,0.123918,-0.079868,-0.008727,-0.201062,0.109956
1771203940.300,7521,2,2,0.0000,0.0564,0.9431,0.0000,0.0003,0.0001,0.0001,0.010357,0.104550,0.000802,0.000172,0.000796,0.000000,0.000000,0.112297,0.001745,-0.002295,0.000000,0.004452,0.000000,0.005785,0.000000,-0.001641,0.000000,0.000000,-0.013963,0.745866,0.198968,0.075897,-0.024435,-0.053328,0.123918,-0.081133,-0.008727,-0.231940,0.109956
1771203940.401,7524,2,2,0.0000,0.0528,0.9468,0.0000,0.0003,0.0001,0.0001,0.007392,0.105925,0.000653,0.000387,0.001638,0.000000,0.000000,0.074335,0.001745,0.006542,0.000000,0.001736,0.000000,-0.001306,0.000000,0.004345,0.000000,0.000000,-0.013963,0.738199,0.197222,0.101809,-0.024435,-0.043917,0.123918,-0.107045,-0.008727,-0.223869,0.109956
1771203940.502,7527,2,2,0.0000,0.0498,0.9498,0.0000,0.0003,0.0001,0.0001,0.006057,0.107539,0.000123,0.000524,0.001557,0.000000,0.000000,0.063640,0.001745,0.007003,-0.001745,-0.016689,0.000000,-0.003512,0.000000,0.000291,0.000000,0.000000,-0.013963,0.738774,0.197222,0.120599,-0.024435,-0.049389,0.123918,-0.125835,-0.008727,-0.227121,0.109956
1771203940.606,7530,2,2,0.0000,0.0476,0.9520,0.0000,0.0003,0.0001,0.0001,0.008960,0.109206,0.000374,0.001344,0.001708,0.000000,0.000000,0.103143,0.001745,0.002634,-0.001745,-0.016068,0.000000,-0.000888,0.000000,-0.026762,0.000000,0.000000,-0.013963,0.757271,0.198968,0.120364,-0.024435,-0.077740,0.123918,-0.125600,-0.008727,-0.253953,0.109956
1771203940.704,7533,2,2,0.0000,0.0401,0.9596,0.0000,0.0002,0.0001,0.0001,0.005519,0.109132,0.001706,0.000823,0.001593,0.000000,0.000000,0.056439,0.001745,0.001860,-0.001745,0.004551,0.000000,0.001631,0.000000,-0.019343,0.000000,0.000000,-0.013963,0.759831,0.197222,0.118653,-0.024435,-0.070974,0.123918,-0.123889,-0.008727,-0.235598,0.109956
1771203940.804,7536,2,2,0.0000,0.0392,0.9606,0.0000,0.0002,0.0000,0.0001,0.000582,0.108117,0.000451,0.000948,0.000733,0.000000,0.001745,-0.029905,0.001745,0.001055,-0.001745,-0.010712,0.000000,0.002436,0.000000,-0.008952,0.000000,0.000000,-0.013963,0.759402,0.197222,0.106911,-0.024435,-0.050330,0.123918,-0.112147,-0.006981,-0.201817,0.109956
1771203940.903,7539,2,2,0.0000,0.0419,0.9579,0.0000,0.0001,0.0000,0.0000,0.000933,0.107584,0.000841,0.001101,0.000323,0.000000,0.001745,-0.119316,0.001745,-0.002465,-0.001745,-0.052717,0.000000,0.007701,0.000000,-0.000928,0.000000,0.000000,-0.013963,0.748602,0.197222,0.111310,-0.024435,-0.046557,0.123918,-0.116546,-0.008727,-0.187313,0.109956
1771203941.003,7542,2,2,0.0000,0.0414,0.9585,0.0000,0.0001,0.0000,0.0000,0.000660,0.108027,0.000675,0.000719,0.001869,0.000000,0.001745,-0.072428,0.001745,-0.000934,-0.001745,-0.011967,0.000000,0.004425,0.000000,-0.004009,0.000000,0.000000,-0.013963,0.750501,0.198968,0.112983,-0.024435,-0.014214,0.123918,-0.118219,-0.008727,-0.159908,0.109956
1771203941.103,7545,2,2,0.0000,0.0337,0.9661,0.0000,0.0001,0.0000,0.0000,0.005897,0.109105,0.000253,0.000594,0.002390,0.000000,0.001745,-0.034735,0.001745,0.006132,-0.001745,0.027413,0.000000,-0.002642,0.000000,0.033723,0.000000,0.000000,-0.013963,0.753386,0.197222,0.090926,-0.024435,0.033851,0.123918,-0.096162,-0.008727,-0.133763,0.109956
1771203941.204,7548,2,2,0.0000,0.0380,0.9618,0.0000,0.0001,0.0000,0.0000,0.005760,0.107474,0.000498,0.002071,0.002408,0.000000,0.001745,-0.012064,0.001745,0.004240,-0.001745,0.031793,0.000000,-0.000749,-0.001745,0.029591,0.000000,0.000000,-0.013963,0.765588,0.197222,0.087296,-0.024435,0.005712,0.123918,-0.092532,-0.008727,-0.160215,0.109956
1771203941.305,7551,2,2,0.0000,0.0532,0.9466,0.0000,0.0002,0.0001,0.0001,0.010829,0.108160,0.000718,0.008200,0.008633,0.000000,0.003491,0.095294,0.001745,0.005227,-0.001745,0.019459,0.000000,0.000009,0.000000,0.004719,0.000000,0.000000,-0.013963,0.779504,0.197222,0.087317,-0.024435,-0.034469,0.123918,-0.092553,-0.008727,-0.180219,0.109956
1771203941.405,7554,2,2,0.0000,0.0497,0.9501,0.0000,0.0001,0.0000,0.0001,0.017545,0.107685,0.002204,0.004752,0.007714,0.000000,0.003491,0.183196,0.001745,0.010133,-0.001745,-0.049229,0.000000,-0.006642,0.000000,0.011974,0.000000,0.000000,-0.015708,0.764463,0.197222,0.096660,-0.022689,-0.085600,0.123918,-0.101896,-0.008727,-0.175420,0.109956
1771203941.505,7557,2,2,0.0000,0.0337,0.9662,0.0000,0.0001,0.0000,0.0001,0.012925,0.102126,0.000581,0.001756,0.003071,0.000000,0.001745,0.136635,0.001745,0.013248,-0.001745,-0.064838,0.000000,-0.004522,0.000000,0.001723,0.000000,0.000000,-0.013963,0.661165,0.198968,0.063386,-0.024435,0.068116,0.123918,-0.066877,-0.006981,-0.125000,0.109956
1771203941.606,7560,2,2,0.0000,0.0158,0.9841,0.0000,0.0000,0.0000,0.0001,0.007784,0.118131,0.000466,0.001224,0.003028,0.000000,0.001745,0.075894,0.001745,0.008901,-0.001745,-0.051764,0.000000,-0.001920,0.000000,0.005123,0.000000,0.000000,-0.013963,0.605532,0.197222,0.065213,-0.024435,0.284392,0.123918,-0.068703,-0.006981,0.031335,0.109956
1771203941.707,7563,2,2,0.0000,0.0120,0.9879,0.0000,0.0000,0.0000,0.0000,0.006879,0.116425,0.000750,0.001122,0.001727,0.000000,0.000000,0.057048,0.001745,0.012217,-0.001745,-0.034998,0.000000,-0.005236,0.000000,0.011536,0.000000,0.000000,-0.013963,0.599335,0.197222,0.092016,-0.024435,0.245039,0.123918,-0.097252,-0.008727,0.029614,0.109956
1771203941.809,7566,2,2,0.0000,0.0160,0.9838,0.0000,0.0001,0.0000,0.0000,0.013631,0.114347,0.000704,0.005590,0.005876,0.000000,0.001745,0.019467,0.001745,0.010610,-0.001745,0.097082,0.000000,-0.001883,0.000000,0.032918,0.000000,0.000000,-0.013963,0.585897,0.197222,0.088201,-0.024435,0.234080,0.123918,-0.091691,-0.008727,0.031139,0.111701
1771203941.909,7569,2,2,0.0000,0.0357,0.9641,0.0000,0.0001,0.0000,0.0001,0.008848,0.104803,0.000464,0.002930,0.006471,0.000000,0.003491,-0.031378,0.001745,0.009715,-0.001745,0.065331,0.000000,-0.000988,0.000000,0.025899,0.000000,0.000000,-0.012217,0.602220,0.198968,0.110053,-0.024435,0.112518,0.123918,-0.115289,-0.008727,-0.012702,0.109956
1771203942.010,7572,2,2,0.0000,0.0201,0.9797,0.0000,0.0001,0.0000,0.0001,0.002141,0.109586,0.001507,0.002745,0.001147,0.000000,0.001745,0.006425,0.001745,0.008399,-0.001745,-0.048465,0.000000,0.002073,0.000000,0.005299,0.000000,0.000000,-0.013963,0.659341,0.198968,0.123367,-0.024435,0.099485,0.123918,-0.128603,-0.008727,-0.095307,0.109956
1771203942.112,7575,2,2,0.0000,0.0114,0.9885,0.0000,0.0000,0.0000,0.0000,0.003945,0.112054,0.001584,0.004415,0.003606,0.000000,0.001745,0.026627,0.001745,0.017221,-0.001745,-0.024220,0.000000,-0.005004,0.000000,-0.010513,0.000000,0.000000,-0.013963,0.677580,0.197222,0.102753,-0.024435,0.133218,0.123918,-0.107989,-0.008727,-0.093784,0.109956
1771203942.214,7578,2,2,0.0000,0.0067,0.9933,0.0000,0.0000,0.0000,0.0000,0.009128,0.112142,0.002376,0.001659,0.001016,0.000000,0.001745,-0.040794,0.001745,0.004081,-0.001745,0.093831,0.000000,0.008136,0.000000,-0.001734,0.000000,-0.001745,-0.013963,0.682698,0.198968,0.100857,-0.024435,0.129308,0.123918,-0.106093,-0.008727,-0.097754,0.109956
1771203942.315,7581,2,2,0.0000,0.0078,0.9921,0.0000,0.0000,0.0000,0.0000,0.005693,0.111172,0.000466,0.000373,0.001918,0.000000,0.001745,-0.043069,0.001745,-0.000449,-0.001745,0.057396,0.000000,0.007430,0.000000,-0.006238,0.000000,-0.001745,-0.013963,0.689889,0.197222,0.097898,-0.024435,0.115186,0.123918,-0.101389,-0.008727,-0.103739,0.109956
1771203942.414,7584,2,2,0.0000,0.0135,0.9862,0.0000,0.0001,0.0001,0.0001,0.007562,0.110473,0.001451,0.000471,0.001797,0.000000,0.003491,-0.085644,0.001745,-0.040276,-0.001745,0.036507,0.000000,0.049003,0.000000,-0.034601,0.000000,0.000000,-0.013963,0.703561,0.197222,0.095234,-0.024435,0.095780,0.123918,-0.100470,-0.008727,-0.109429,0.109956
1771203942.514,7587,2,2,0.0000,0.0269,0.9725,0.0000,0.0003,0.0003,0.0001,0.008307,0.107755,0.001022,0.001279,0.001975,0.000000,0.001745,-0.227741,0.001745,-0.085723,-0.001745,-0.223706,0.000000,0.096195,0.000000,-0.184721,0.000000,-0.001745,-0.013963,0.728951,0.198968,0.097695,-0.024435,0.033571,0.123918,-0.102931,-0.008727,-0.130085,0.109956
1771203942.615,7590,2,2,0.0000,0.0349,0.9643,0.0000,0.0004,0.0003,0.0001,0.003767,0.111747,0.000818,0.000162,0.001691,0.000000,0.001745,-0.287012,0.001745,-0.029493,-0.001745,-0.326264,0.000000,0.041710,0.000000,-0.286487,0.000000,0.000000,-0.013963,0.761184,0.197222,0.097934,-0.024435,0.050745,0.123918,-0.103170,-0.006981,-0.123819,0.109956
1771203942.716,7593,2,2,0.0000,0.0450,0.9535,0.0000,0.0008,0.0005,0.0001,0.012636,0.112714,0.000476,0.000297,0.000620,0.000000,0.001745,-0.447278,0.001745,-0.130687,-0.001745,-0.272331,0.000000,0.148141,0.000000,-0.235878,0.000000,0.000000,-0.013963,0.760371,0.197222,0.094126,-0.024435,0.066978,0.123918,-0.099362,-0.008727,-0.117148,0.109956
1771203942.816,7596,2,2,0.0000,0.0495,0.9488,0.0000,0.0007,0.0009,0.0001,0.013229,0.112899,0.003888,0.000553,0.004456,0.000000,0.001745,0.078101,0.001745,-0.061453,-0.001745,-0.182393,0.000000,0.077161,0.000000,-0.219788,0.000000,0.000000,-0.013963,0.756510,0.197222,0.098061,-0.024435,0.069125,0.123918,-0.103297,-0.008727,-0.113021,0.109956
1771203942.918,7599,2,2,0.0000,0.0571,0.9403,0.0000,0.0007,0.0018,0.0002,0.005219,0.110333,0.000904,0.000669,0.000947,0.000000,0.001745,-0.123550,0.000000,-0.043429,-0.001745,-0.309702,0.000000,0.060882,0.000000,-0.319530,0.000000,0.000000,-0.013963,0.739324,0.197222,0.095959,-0.024435,0.057619,0.123918,-0.101195,-0.008727,-0.120030,0.109956
1771203943.018,7602,2,2,0.0000,0.0268,0.9730,0.0000,0.0001,0.0001,0.0000,0.007354,0.109262,0.001890,0.000545,0.001227,0.000000,0.001745,-0.116675,0.001745,-0.065563,-0.001745,-0.170763,0.000000,0.084761,0.000000,-0.150465,-0.001745,0.000000,-0.013963,0.744663,0.197222,0.095202,-0.024435,0.040178,0.123918,-0.100438,-0.008727,-0.145325,0.109956
1771203943.119,7605,2,2,0.0000,0.0147,0.9852,0.0000,0.0000,0.0000,0.0000,0.020641,0.107450,0.005614,0.000446,0.005356,0.000000,0.001745,0.130043,0.001745,-0.022491,-0.001745,-0.075356,0.000000,0.039944,0.003491,0.070728,0.000000,0.000000,-0.013963,0.748170,0.198968,0.097611,-0.024435,0.010781,0.123918,-0.102847,-0.008727,-0.164150,0.109956
1771203943.222,7608,2,2,0.0000,0.0083,0.9916,0.0000,0.0000,0.0000,0.0001,0.047193,0.106536,0.006367,0.001991,0.005680,0.000000,0.001745,0.526993,0.001745,-0.011394,-0.001745,-0.164031,0.000000,0.034083,0.001745,-0.057726,-0.001745,0.000000,-0.013963,0.738790,0.197222,0.105230,-0.024435,0.003320,0.123918,-0.110466,-0.008727,-0.166573,0.109956
1771203943.324,7611,2,2,0.0000,0.0074,0.9924,0.0000,0.0001,0.0001,0.0002,0.052404,0.109687,0.003502,0.004926,0.002566,0.000000,0.001745,0.598726,0.001745,-0.000454,-0.003491,-0.189948,0.000000,0.026634,0.000000,-0.101060,0.000000,0.000000,-0.013963,0.714918,0.197222,0.062308,-0.024435,0.107927,0.123918,-0.067544,-0.008727,-0.124083,0.109956
1771203943.424,7614,2,2,0.0000,0.0103,0.9895,0.0000,0.0001,0.0000,0.0002,0.028835,0.125810,0.003794,0.008828,0.013846,0.000000,0.003491,0.318090,0.001745,0.009684,-0.005236,-0.167703,0.000000,0.013005,-0.003491,-0.054492,-0.001745,0.000000,-0.013963,0.658990,0.198968,-0.020344,-0.024435,0.401020,0.123918,0.015108,-0.008727,0.001759,0.109956
1771203943.524,7617,2,2,0.0000,0.0037,0.9963,0.0000,0.0000,0.0000,0.0000,0.015060,0.137568,0.000915,0.009941,0.012129,0.000000,0.006981,0.133202,0.001745,0.038788,-0.003491,-0.145899,0.000000,-0.016099,0.000000,-0.251783,-0.001745,-0.001745,-0.013963,0.664328,0.197222,0.002653,-0.022689,0.517825,0.123918,-0.007889,-0.006981,0.034914,0.109956
1771203943.624,7620,2,2,0.0000,0.0021,0.9978,0.0000,0.0000,0.0000,0.0000,0.004434,0.158622,0.001444,0.011723,0.011815,0.000000,0.003491,-0.047154,0.001745,0.046222,-0.005236,-0.115982,-0.001745,-0.016551,0.001745,-0.070981,-0.001745,-0.003491,-0.013963,0.695994,0.197222,0.033554,-0.022689,0.708563,0.123918,-0.038790,-0.006981,0.034255,0.109956
1771203943.726,7623,2,2,0.0000,0.0020,0.9980,0.0000,0.0000,0.0000,0.0000,0.011162,0.160329,0.001033,0.002623,0.004004,0.000000,0.003491,0.013513,0.001745,0.036050,-0.005236,-0.028326,0.000000,0.000602,0.000000,0.078539,-0.003491,-0.001745,-0.013963,0.613972,0.197222,0.066110,-0.024435,0.809319,0.123918,-0.071346,-0.006981,0.003448,0.109956
1771203943.829,7626,2,2,0.0000,0.0035,0.9965,0.0000,0.0000,0.0000,0.0000,0.006804,0.172780,0.000516,0.001024,0.000932,0.000000,0.003491,0.002513,0.001745,0.048265,-0.003491,0.002933,-0.001745,-0.008122,0.000000,0.022699,-0.001745,0.000000,-0.017453,0.584502,0.197222,0.094730,-0.024435,0.963027,0.122173,-0.096475,-0.008727,-0.041897,0.111701
1771203943.933,7629,2,2,0.0000,0.0128,0.9867,0.0000,0.0003,0.0002,0.0000,0.015805,0.174750,0.001260,0.004088,0.003371,0.000000,0.006981,-0.011707,0.001745,0.040283,-0.005236,-0.005424,0.000000,0.005095,0.000000,0.135555,-0.001745,-0.001745,-0.017453,0.590794,0.197222,0.114098,-0.024435,0.961015,0.123918,-0.119334,-0.010472,-0.031076,0.109956
1771203944.033,7632,2,2,0.0000,0.0287,0.9678,0.0000,0.0025,0.0009,0.0001,0.019025,0.180864,0.000390,0.001953,0.002428,0.000000,0.008727,-0.001131,0.001745,0.039077,-0.005236,0.015041,0.000000,0.004557,0.000000,0.159152,-0.001745,-0.003491,-0.015708,0.641407,0.197222,0.149323,-0.024435,0.948542,0.123918,-0.154559,-0.012217,-0.073212,0.109956
1771203944.133,7635,2,2,0.0000,0.1500,0.8401,0.0000,0.0077,0.0020,0.0001,0.017883,0.099152,0.000278,0.000604,0.010281,0.000000,0.006981,0.032334,0.001745,0.029024,-0.005236,0.010807,0.000000,0.005883,0.000000,0.127821,-0.001745,-0.001745,-0.015708,0.502738,0.197222,-0.259477,-0.024435,-0.530798,0.123918,0.255987,-0.012217,-0.332310,0.109956
1771203944.233,7638,1,1,0.0000,0.8679,0.1309,0.0003,0.0004,0.0003,0.0001,0.015363,0.052425,0.000395,0.006295,0.009583,0.000000,0.006981,0.053589,0.001745,0.036924,-0.005236,0.019380,0.000000,-0.003762,0.000000,0.065733,-0.001745,-0.001745,-0.015708,-0.841857,0.197222,-0.201500,-0.024435,-1.747785,0.123918,0.198010,-0.012217,-2.009920,0.109956
1771203944.334,7641,1,1,0.0000,0.9841,0.0159,0.0000,0.0000,0.0000,0.0000,0.009750,0.038613,0.000240,0.000965,0.010529,0.000000,0.003491,0.026415,0.001745,0.035844,-0.005236,0.006833,0.000000,0.007790,0.000000,0.034880,-0.001745,-0.003491,-0.003491,-1.216608,0.146608,-0.130001,-0.024435,-1.628833,0.095993,0.133492,0.000000,-1.871682,0.087266
1771203944.434,7644,1,1,0.0000,0.9883,0.0117,0.0000,0.0000,0.0000,0.0000,0.005950,0.026012,0.000290,0.002281,0.004251,0.000000,0.003491,0.031019,0.001745,0.024437,-0.005236,-0.051523,0.000000,0.008724,0.000000,0.001980,-0.001745,-0.001745,0.000000,-0.974782,0.089012,-0.092227,-0.022689,-1.438373,0.059341,0.100954,0.000000,-1.616525,0.062832
1771203944.534,7647,1,1,0.0000,0.9986,0.0014,0.0000,0.0000,0.0000,0.0000,0.007390,0.017096,0.000187,0.000726,0.006294,0.000000,0.003491,0.042390,0.001745,0.036366,-0.005236,-0.033509,0.000000,-0.001460,0.000000,0.004688,-0.001745,-0.001745,0.001745,-0.861479,0.055851,-0.056800,-0.022689,-1.194449,0.033161,0.069017,0.000000,-1.364155,0.045379
1771203944.636,7650,1,1,0.0000,0.9999,0.0001,0.0000,0.0000,0.0000,0.0000,0.005637,0.009337,0.000703,0.000790,0.001880,0.000000,0.003491,0.017577,0.001745,0.033585,-0.005236,-0.020725,-0.001745,0.001321,0.000000,0.009927,-0.001745,-0.001745,0.001745,-0.600286,0.031416,-0.016048,-0.022689,-0.940994,0.013963,0.031756,0.000000,-1.123318,0.033161
1771203944.737,7653,1,1,0.0000,1.0000,0.0000,0.0000,0.0000,0.0000,0.0000,0.009314,0.007788,0.002795,0.009537,0.008337,0.000000,0.006981,0.013363,0.001745,0.019741,-0.005236,-0.032551,0.000000,0.013420,0.000000,0.056519,-0.001745,-0.003491,0.001745,-0.309841,0.012217,0.051563,-0.022689,-0.587880,0.005236,-0.037600,0.000000,-0.851959,0.022689
1771203944.837,7656,1,1,0.0000,1.0000,0.0000,0.0000,0.0000,0.0000,0.0000,0.002618,0.006480,0.001134,0.009746,0.014011,0.000000,0.006981,-0.035081,0.001745,0.006759,-0.005236,-0.065953,0.000000,0.015930,0.000000,-0.001842,-0.001745,-0.001745,0.001745,-0.112361,0.000000,0.065547,-0.020944,-0.328375,0.000000,-0.041112,0.000000,-0.599541,0.010472
1771203944.938,7659,1,1,0.0000,1.0000,0.0000,0.0000,0.0000,0.0000,0.0000,0.005188,0.005862,0.003845,0.011151,0.020735,0.000000,0.008727,0.008474,0.001745,0.043310,-0.005236,-0.058261,0.000000,-0.017130,0.000000,-0.262357,-0.001745,0.000000,0.000000,-0.014325,0.000000,0.068602,-0.015708,-0.233513,0.000000,-0.040677,0.000000,-0.395758,0.001745
1771203945.038,7662,1,1,0.0000,1.0000,0.0000,0.0000,0.0000,0.0000,0.0000,0.004072,0.019227,0.006180,0.011802,0.014656,0.000000,0.006981,-0.018300,0.001745,0.038894,-0.005236,-0.038453,0.000000,0.001248,0.000000,-0.124040,-0.001745,0.000000,0.001745,0.204540,-0.001745,0.017305,-0.008727,-0.154902,0.000000,0.007129,0.000000,-0.260481,0.000000
1771203945.138,7665,1,1,0.0000,1.0000,0.0000,0.0000,0.0000,0.0000,0.0000,0.006698,0.016241,0.006316,0.015634,0.012444,0.000000,0.006981,-0.250490,0.001745,0.004848,-0.003491,0.036739,0.000000,0.030058,0.000000,-0.037169,-0.001745,-0.001745,0.001745,0.136793,-0.001745,0.056357,-0.008727,-0.086974,0.000000,-0.037158,0.000000,-0.150392,0.000000
1771203945.239,7668,1,1,0.0000,1.0000,0.0000,0.0000,0.0000,0.0000,0.0000,0.036117,0.013529,0.003908,0.003685,0.001571,0.000000,0.006981,-0.217610,0.001745,-0.020696,-0.005236,0.119554,0.000000,0.050366,0.000000,0.254753,-0.003491,-0.001745,0.003491,-0.001639,-0.001745,0.039806,-0.006981,0.058420,0.000000,-0.013626,0.000000,0.060632,0.000000
1771203945.341,7671,1,1,0.0000,1.0000,0.0000,0.0000,0.0000,0.0000,0.0000,0.040694,0.002876,0.003658,0.004174,0.002056,0.000000,0.006981,-0.171661,0.001745,-0.016029,-0.005236,0.182649,0.000000,0.052681,0.000000,0.244273,-0.001745,-0.001745,0.003491,-0.064590,-0.003491,-0.004838,-0.005236,-0.007416,0.000000,0.031018,0.000000,-0.008524,0.000000
1771203945.445,7674,1,1,0.0000,1.0000,0.0000,0.0000,0.0000,0.0000,0.0000,0.021747,0.002676,0.004577,0.006004,0.008021,0.000000,0.006981,-0.254393,0.001745,0.000834,-0.005236,0.125754,0.000000,0.032327,0.000000,0.093318,-0.001745,-0.003491,0.001745,-0.036425,-0.001745,-0.002441,-0.003491,-0.025014,-0.001745,0.030366,-0.003491,-0.013998,0.000000
1771203945.545,7677,1,1,0.0000,1.0000,0.0000,0.0000,0.0000,0.0000,0.0000,0.015120,0.002909,0.003352,0.007874,0.006882,-0.001745,0.003491,-0.257929,0.001745,-0.000771,-0.003491,0.081004,0.000000,0.030442,0.000000,0.064758,-0.001745,-0.003491,0.003491,-0.156705,-0.001745,0.002490,-0.003491,-0.021205,-0.001745,0.028926,-0.001745,-0.011704,0.000000
1771203945.645,7680,1,1,0.0000,1.0000,0.0000,0.0000,0.0000,0.0000,0.0000,0.006844,0.025274,0.002089,0.006306,0.006153,-0.001745,0.006981,-0.298924,0.001745,-0.009438,-0.005236,0.037787,0.000000,0.035618,0.000000,-0.037684,0.000000,-0.001745,0.003491,-0.149686,-0.003491,0.137009,-0.003491,0.070176,-0.001745,-0.102102,0.001745,0.090863,0.000000
1771203945.746,7683,1,1,0.0000,1.0000,0.0000,0.0000,0.0000,0.0000,0.0000,0.005730,0.008091,0.000917,0.006456,0.006844,-0.001745,0.006981,-0.227221,0.001745,-0.005242,-0.005236,0.014742,0.000000,0.040148,0.000000,0.005144,0.000000,-0.001745,0.003491,-0.146842,-0.001745,0.073078,-0.001745,-0.005789,-0.001745,-0.032935,-0.001745,0.020522,0.000000
1771203945.846,7686,1,1,0.0000,1.0000,0.0000,0.0000,0.0000,0.0000,0.0000,0.011975,0.020423,0.001570,0.014310,0.017117,-0.003491,0.003491,-0.319480,0.001745,-0.026681,-0.005236,0.022974,0.000000,0.058097,0.000000,0.057388,0.000000,-0.001745,0.003491,0.042023,-0.001745,0.121346,-0.003491,0.042805,-0.001745,-0.072476,0.000000,0.035414,0.000000
1771203945.947,7689,1,1,0.0000,1.0000,0.0000,0.0000,0.0000,0.0000,0.0000,0.015401,0.034838,0.001440,0.015754,0.014844,-0.003491,0.006981,-0.123155,0.001745,-0.007616,-0.005236,0.022483,0.000000,0.044268,0.000000,0.109340,0.000000,-0.001745,0.003491,0.101376,-0.001745,0.092761,-0.001745,0.077413,-0.001745,-0.047382,-0.001745,0.143011,0.000000
1771203946.047,7692,1,1,0.0000,0.9999,0.0001,0.0000,0.0000,0.0000,0.0000,0.010322,0.051908,0.000850,0.005879,0.007149,-0.006981,0.008727,-0.045854,0.001745,0.008144,-0.005236,0.052016,0.000000,0.019781,0.000000,0.033452,0.000000,-0.003491,0.003491,0.115501,-0.001745,0.022543,-0.003491,0.144568,-0.001745,0.022835,0.000000,0.313957,0.000000
1771203946.147,7695,1,1,0.0000,0.9997,0.0003,0.0000,0.0000,0.0000,0.0000,0.004651,0.038282,0.001931,0.004397,0.006244,-0.006981,0.003491,-0.013432,0.001745,0.009896,-0.005236,0.026147,0.000000,0.014538,0.000000,-0.000468,0.000000,-0.003491,0.005236,0.057360,-0.001745,-0.016916,-0.003491,0.119951,-0.001745,0.060549,-0.003491,0.216289,0.000000
1771203946.247,7698,1,1,0.0000,0.9997,0.0003,0.0000,0.0000,0.0000,0.0000,0.009048,0.014496,0.001481,0.005422,0.004850,-0.006981,0.006981,0.059372,0.001745,0.011809,-0.005236,0.010163,0.000000,0.007389,0.000000,0.011114,0.000000,-0.003491,0.005236,0.033346,-0.001745,0.017936,-0.003491,0.050821,-0.001745,0.027443,-0.001745,0.039168,0.000000
1771203946.347,7701,1,1,0.0000,0.9999,0.0001,0.0000,0.0000,0.0000,0.0000,0.025267,0.009176,0.001365,0.004435,0.003458,-0.006981,0.006981,0.243481,0.001745,0.030207,-0.005236,-0.020958,0.000000,-0.012754,0.000000,0.020786,0.000000,0.006981,-0.012217,0.024681,0.001745,0.060850,-0.005236,0.015853,-0.001745,-0.024198,-0.001745,-0.050719,0.000000
1771203946.448,7704,1,1,0.0000,0.9999,0.0001,0.0000,0.0000,0.0000,0.0000,0.025103,0.023926,0.001519,0.007824,0.006086,-0.006981,0.006981,0.263022,0.001745,0.029485,-0.005236,-0.062354,0.000000,-0.001560,0.000000,-0.042464,0.000000,0.064577,-0.080285,0.128287,0.050615,0.041535,-0.005236,-0.034022,-0.001745,0.002098,-0.003491,-0.075073,0.000000
1771203946.549,7707,1,1,0.0000,0.9997,0.0003,0.0000,0.0000,0.0000,0.0000,0.030323,0.035095,0.000602,0.007236,0.006150,-0.006981,0.006981,0.231910,0.001745,0.021667,-0.005236,-0.066133,0.000000,0.009749,0.000000,0.091825,0.000000,0.118682,-0.123918,0.169815,0.099484,0.028391,-0.003491,-0.073585,-0.001745,0.004770,0.000000,-0.124565,0.000000
1771203946.651,7710,1,1,0.0000,0.9983,0.0017,0.0000,0.0000,0.0000,0.0000,0.016107,0.045182,0.001838,0.005289,0.005729,-0.006981,0.006981,0.128568,0.001745,0.020413,-0.005236,-0.059006,0.000000,0.004021,0.000000,0.031557,0.000000,0.157080,-0.139626,0.233013,0.123918,0.018943,-0.003491,0.008969,-0.001745,0.000255,-0.001745,-0.015358,0.000000
1771203946.756,7713,1,1,0.0000,0.9952,0.0048,0.0000,0.0000,0.0000,0.0000,0.008214,0.045357,0.001515,0.001720,0.002316,-0.003491,0.006981,0.067155,0.001745,0.022181,-0.005236,-0.032309,0.000000,0.000508,0.000000,-0.074685,0.000000,0.176278,-0.137881,0.198932,0.146608,0.022463,-0.001745,-0.039427,-0.001745,-0.001519,-0.003491,-0.020568,0.000000
1771203946.853,7716,1,1,0.0000,0.9941,0.0059,0.0000,0.0000,0.0000,0.0000,0.008183,0.048782,0.000282,0.007944,0.011064,-0.003491,0.006981,0.066778,0.001745,0.013350,-0.005236,-0.014629,0.000000,0.009340,0.000000,-0.053897,0.000000,0.176278,-0.137881,0.240497,0.151844,-0.006297,0.000000,-0.194677,-0.001745,0.015024,0.001745,-0.067030,0.000000
1771203946.953,7719,1,1,0.0000,0.9979,0.0021,0.0000,0.0000,0.0000,0.0000,0.012176,0.045775,0.000544,0.005843,0.008749,-0.003491,0.006981,0.119766,0.001745,0.017616,-0.005236,-0.010210,0.000000,-0.000162,0.000000,-0.032040,0.000000,0.176278,-0.137881,0.176459,0.158825,-0.022033,0.000000,-0.104812,-0.001745,0.037741,0.000000,-0.025251,0.000000
1771203947.055,7722,1,1,0.0000,0.9992,0.0008,0.0000,0.0000,0.0000,0.0000,0.006034,0.067412,0.002548,0.015256,0.012463,-0.003491,0.006981,0.046223,0.001745,0.014968,-0.005236,-0.035965,0.000000,0.002486,0.000000,-0.037752,0.000000,0.174533,-0.129154,0.312344,0.158825,-0.009994,0.000000,0.020535,-0.001745,0.037920,0.000000,0.104790,0.000000
1771203947.155,7725,1,1,0.0000,0.9985,0.0015,0.0000,0.0000,0.0000,0.0000,0.003307,0.083167,0.002218,0.003416,0.001784,-0.003491,0.008727,0.009836,0.001745,0.019246,-0.005236,-0.028188,0.000000,-0.000047,0.000000,0.000136,0.000000,0.136136,-0.087266,0.382122,0.151844,0.017241,-0.001745,0.078324,-0.001745,0.007193,0.001745,0.223403,0.000000
1771203947.258,7728,1,1,0.0000,0.9984,0.0016,0.0000,0.0000,0.0000,0.0000,0.005894,0.055688,0.000976,0.005840,0.005871,-0.006981,0.006981,-0.036955,0.001745,0.001913,-0.005236,-0.052904,0.000000,0.015540,0.000000,0.044547,0.000000,0.087266,-0.045379,0.269441,0.127409,-0.033403,-0.001745,0.010408,-0.001745,0.047365,0.000000,0.126366,0.000000
1771203947.358,7731,1,1,0.0000,0.9993,0.0007,0.0000,0.0000,0.0000,0.0000,0.002809,0.038613,0.002071,0.004710,0.006164,-0.003491,0.006981,-0.079016,0.001745,0.024979,-0.005236,-0.097709,0.000000,-0.011016,0.000000,-0.093024,0.000000,0.050615,-0.015708,0.229682,0.071558,0.006777,0.000000,0.009611,-0.001745,0.017658,0.000000,0.077454,0.000000
1771203947.459,7734,1,1,0.0000,0.9998,0.0002,0.0000,0.0000,0.0000,0.0000,0.004632,0.030584,0.000493,0.005252,0.005873,-0.006981,0.003491,-0.167822,0.001745,0.050352,-0.005236,-0.090299,0.000000,-0.025918,0.000000,-0.038049,0.000000,0.026180,-0.003491,0.135287,0.041888,0.068220,-0.003491,0.095438,-0.003491,-0.042040,0.000000,-0.133987,0.000000
1771203947.559,7737,1,1,0.0000,0.9999,0.0001,0.0000,0.0000,0.0000,0.0000,0.003345,0.023408,0.000508,0.004046,0.005878,-0.003491,0.008727,-0.086000,0.001745,0.007588,-0.005236,-0.048352,0.000000,0.022083,0.000000,-0.005688,0.000000,0.006981,0.000000,0.022641,0.019199,0.026006,0.000000,0.204151,-0.001745,0.001919,0.000000,-0.125643,0.000000
1771203947.660,7740,1,1,0.0000,0.9996,0.0004,0.0000,0.0000,0.0000,0.0000,0.005220,0.083872,0.000373,0.005040,0.008204,-0.003491,0.006981,-0.024087,0.001745,0.008045,-0.005236,0.034713,0.000000,0.011154,0.000000,-0.000126,0.000000,0.001745,0.000000,0.055162,0.003491,-0.083374,-0.001745,0.208424,-0.001745,0.113045,-0.001745,0.624596,0.000000
1771203947.764,7743,1,1,0.0000,0.9975,0.0025,0.0000,0.0000,0.0000,0.0000,0.001891,0.018889,0.003702,0.005304,0.003518,-0.006981,0.006981,-0.061570,0.001745,0.005713,-0.005236,-0.005667,0.000000,0.008250,0.000000,-0.076726,0.000000,0.000000,0.001745,-0.015195,0.000000,0.073400,0.000000,0.126518,-0.001745,-0.045475,-0.001745,0.025002,0.000000
1771203947.868,7746,1,1,0.0000,0.9999,0.0001,0.0000,0.0000,0.0000,0.0000,0.002218,0.010313,0.004385,0.018002,0.016146,-0.006981,0.006981,-0.128515,0.001745,0.017890,-0.005236,-0.048228,0.000000,-0.005673,0.000000,-0.046564,0.000000,0.000000,0.003491,-0.082581,0.000000,0.044426,-0.003491,0.026915,-0.001745,-0.019991,-0.001745,0.048922,0.000000
1771203947.968,7749,1,1,0.0000,1.0000,0.0000,0.0000,0.0000,0.0000,0.0000,0.001745,0.003312,0.002425,0.004708,0.009853,-0.006981,0.006981,-0.155472,0.001745,0.000470,-0.005236,-0.056742,0.000000,0.011747,0.000000,-0.234812,0.000000,0.000000,0.003491,0.011822,0.000000,0.012864,-0.003491,-0.079620,-0.001745,0.011571,0.000000,-0.125196,0.000000
1771203948.074,7752,1,1,0.0000,1.0000,0.0000,0.0000,0.0000,0.0000,0.0000,0.005244,0.006989,0.001809,0.003539,0.003483,-0.006981,0.006981,-0.181325,0.001745,0.054196,-0.005236,-0.040629,0.000000,-0.036742,0.000000,-0.302854,0.000000,0.000000,0.003491,0.064666,0.000000,0.014572,0.000000,-0.093329,-0.001745,0.001136,0.000000,-0.049187,0.000000
1771203948.174,7755,1,1,0.0000,1.0000,0.0000,0.0000,0.0000,0.0000,0.0000,0.017189,0.007549,0.004638,0.010366,0.007019,-0.006981,0.006981,0.150667,0.000000,0.048614,-0.005236,-0.035196,0.000000,-0.025925,0.000000,-0.136233,0.000000,-0.001745,0.005236,0.037884,-0.001745,0.047466,-0.001745,-0.159373,-0.001745,-0.026522,-0.001745,-0.186980,0.000000
1771203948.275,7758,1,1,0.0000,1.0000,0.0000,0.0000,0.0000,0.0000,0.0000,0.022570,0.002656,0.001442,0.003457,0.005782,-0.006981,0.006981,0.113905,0.000000,-0.040170,-0.005236,-0.035757,-0.001745,0.068095,0.000000,0.081861,0.000000,-0.001745,0.005236,-0.252357,0.000000,-0.003950,0.000000,-0.204301,-0.001745,0.026640,0.000000,-0.368296,0.000000
1771203948.380,7761,1,1,0.0000,1.0000,0.0000,0.0000,0.0000,0.0000,0.0000,0.021636,0.002182,0.001877,0.004107,0.013470,-0.006981,0.006981,0.167017,0.000000,-0.000204,-0.005236,-0.025929,0.000000,0.028130,0.000000,0.057505,-0.001745,-0.001745,0.005236,-0.437698,0.000000,0.014138,-0.001745,-0.243598,-0.001745,0.006806,0.000000,-0.422624,0.000000
1771203948.480,7764,1,1,0.0000,1.0000,0.0000,0.0000,0.0000,0.0000,0.0000,0.039617,0.002701,0.002103,0.002971,0.004237,-0.003491,0.006981,0.264364,0.000000,0.023960,-0.005236,-0.049762,0.000000,-0.003016,0.000000,0.180097,-0.001745,-0.003491,0.005236,-0.382991,0.000000,0.027176,-0.003491,-0.188108,-0.001745,-0.004487,0.000000,-0.376465,0.000000
1771203948.581,7767,1,1,0.0000,1.0000,0.0000,0.0000,0.0000,0.0000,0.0000,0.029303,0.003991,0.001753,0.006631,0.003485,-0.003491,0.006981,0.101424,0.000000,0.044116,-0.005236,-0.055446,0.000000,-0.014445,0.000000,0.199112,0.000000,-0.003491,0.005236,-0.234205,0.008727,-0.014733,0.000000,-0.194338,-0.001745,0.033931,0.000000,-0.245578,0.000000
1771203948.681,7770,1,1,0.0000,1.0000,0.0000,0.0000,0.0000,0.0000,0.0000,0.022932,0.004072,0.001864,0.008756,0.015971,-0.003491,0.006981,0.136505,0.000000,0.106618,-0.005236,0.025081,0.000000,-0.075202,0.000000,-0.005906,-0.003491,-0.008727,0.010472,-0.034496,0.012217,0.008079,-0.001745,-0.197548,-0.003491,0.018101,0.000000,-0.232757,0.000000
1771203948.781,7773,1,1,0.0000,1.0000,0.0000,0.0000,0.0000,0.0000,0.0000,0.018732,0.015275,0.000741,0.008738,0.010177,-0.006981,0.003491,0.129480,0.000000,0.090810,-0.005236,0.001003,0.000000,-0.066375,0.000000,-0.220778,-0.001745,-0.024435,0.012217,0.062108,0.036652,0.021218,-0.005236,-0.112200,-0.001745,0.008453,-0.001745,0.042649,0.000000
1771203948.882,7776,1,1,0.0000,1.0000,0.0000,0.0000,0.0000,0.0000,0.0000,0.007699,0.027361,0.003436,0.007477,0.007390,-0.003491,0.003491,0.012109,0.000000,0.053261,-0.005236,-0.010175,0.000000,-0.027081,0.000000,0.023522,-0.001745,-0.052360,0.013963,0.203137,0.062832,0.025108,-0.006981,-0.075806,-0.003491,0.008053,-0.003491,0.015243,0.000000
1771203948.984,7779,1,1,0.0000,0.9999,0.0001,0.0000,0.0000,0.0000,0.0000,0.010133,0.083281,0.003073,0.012375,0.015059,-0.003491,0.003491,-0.007862,0.000000,0.035995,-0.005236,-0.060172,0.000000,0.000657,0.000000,0.081449,-0.001745,-0.062832,0.012217,0.327453,0.071558,0.001400,-0.003491,0.082428,-0.001745,0.028270,-0.001745,0.476041,0.000000
1771203949.086,7782,1,1,0.0000,0.9986,0.0014,0.0000,0.0000,0.0000,0.0000,0.009135,0.076807,0.000999,0.005682,0.005801,-0.006981,0.003491,0.047980,0.000000,0.020756,-0.005236,-0.056762,0.000000,0.012405,0.000000,0.024989,-0.001745,-0.062832,0.012217,0.357282,0.073304,0.047958,-0.003491,0.191888,-0.003491,-0.016542,-0.001745,0.239040,0.000000
1771203949.185,7785,1,1,0.0000,0.9933,0.0067,0.0000,0.0000,0.0000,0.0000,0.007037,0.106335,0.000900,0.004096,0.007641,-0.003491,0.003491,0.027889,0.000000,0.009049,-0.005236,-0.021159,0.000000,0.022367,0.000000,0.021648,-0.001745,-0.057596,0.012217,0.340285,0.078540,-0.049424,-0.006981,0.217365,-0.001745,0.084331,-0.003491,0.543283,0.000000
1771203949.286,7788,1,1,0.0000,0.9876,0.0124,0.0000,0.0000,0.0000,0.0000,0.008419,0.069570,0.001214,0.005031,0.005169,-0.003491,0.006981,0.013541,0.000000,0.059240,-0.005236,0.021272,0.000000,-0.026079,0.000000,-0.067972,-0.001745,-0.045379,0.012217,0.290656,0.076794,-0.000324,-0.006981,0.173959,-0.001745,0.043958,-0.003491,0.237256,0.000000
1771203949.386,7791,1,1,0.0000,0.9820,0.0180,0.0000,0.0000,0.0000,0.0000,0.014720,0.079000,0.000225,0.002141,0.004778,-0.003491,0.006981,0.085791,0.000000,0.045618,-0.005236,0.038247,0.000000,-0.007221,0.000000,-0.028826,-0.001745,-0.038397,0.010472,0.234571,0.076794,-0.001884,-0.010472,0.200209,-0.001745,0.049008,-0.003491,0.376944,0.000000
1771203949.486,7794,1,1,0.0000,0.9838,0.0162,0.0000,0.0000,0.0000,0.0000,0.023404,0.042728,0.000684,0.007371,0.009673,-0.003491,0.006981,-0.009665,0.000000,-0.010662,-0.005236,0.063131,0.000000,0.047314,0.000000,0.163424,-0.001745,-0.038397,0.008727,0.097758,0.050615,0.003383,-0.008727,0.134215,0.000000,0.047231,-0.003491,0.170809,0.000000
1771203949.586,7797,1,1,0.0000,0.9981,0.0019,0.0000,0.0000,0.0000,0.0000,0.020065,0.022761,0.002054,0.006138,0.006133,-0.006981,0.006981,0.038257,0.000000,0.025884,-0.005236,0.117758,0.000000,0.002042,0.000000,0.049859,-0.001745,-0.038397,0.008727,0.060684,0.029671,0.045110,-0.010472,0.109070,0.000000,0.005505,-0.005236,0.014365,0.000000
1771203949.687,7800,1,1,0.0000,0.9999,0.0001,0.0000,0.0000,0.0000,0.0000,0.011215,0.016071,0.001567,0.011202,0.017370,-0.003491,0.006981,-0.024998,0.000000,0.046486,-0.005236,0.081107,0.000000,-0.011580,0.000000,-0.043281,-0.001745,-0.040143,0.008727,0.056434,0.012217,0.066011,-0.010472,0.049462,-0.001745,-0.004924,-0.005236,-0.029057,0.000000
1771203949.789,7803,1,1,0.0000,1.0000,0.0000,0.0000,0.0000,0.0000,0.0000,0.015999,0.011726,0.001867,0.012828,0.023926,-0.003491,0.006981,-0.042491,0.000000,0.070676,-0.005236,0.114326,0.000000,-0.032279,0.000000,-0.105343,-0.001745,-0.040143,0.008727,0.034376,0.003491,0.094117,-0.012217,-0.035539,-0.001745,-0.026049,-0.005236,-0.229304,0.000000
1771203949.893,7806,1,1,0.0000,1.0000,0.0000,0.0000,0.0000,0.0000,0.0000,0.005580,0.008074,0.002025,0.010328,0.034635,-0.006981,0.008727,-0.103603,0.000000,0.052939,-0.005236,0.005292,-0.001745,-0.011051,-0.001745,-0.158892,-0.001745,-0.040143,0.010472,-0.007517,0.003491,0.082919,-0.012217,-0.253315,-0.001745,-0.007870,-0.005236,-0.420731,0.000000
1771203949.993,7809,1,1,0.0000,1.0000,0.0000,0.0000,0.0000,0.0000,0.0000,0.004072,0.009752,0.001434,0.004440,0.016082,-0.006981,0.006981,-0.153058,0.000000,0.038262,-0.005236,-0.016381,0.000000,0.003626,-0.001745,-0.051303,-0.001745,-0.040143,0.010472,0.026272,0.003491,0.031384,-0.012217,-0.314251,-0.001745,0.045411,-0.005236,-0.132591,0.000000
1771203950.093,7812,1,1,0.0000,1.0000,0.0000,0.0000,0.0000,0.0000,0.0000,0.008480,0.007127,0.002600,0.008338,0.013627,-0.003491,0.006981,-0.055497,0.000000,0.030647,-0.005236,-0.005660,0.000000,0.007750,0.000000,0.056381,-0.001745,-0.040143,0.010472,-0.112128,0.000000,0.018596,-0.010472,-0.321330,0.000000,0.056453,-0.005236,-0.414994,0.000000
1771203950.196,7815,1,1,0.0000,1.0000,0.0000,0.0000,0.0000,0.0000,0.0000,0.004272,0.008602,0.001723,0.004902,0.032864,-0.003491,0.006981,-0.033732,0.000000,0.021688,-0.005236,-0.000250,0.000000,0.011473,0.000000,0.011125,-0.001745,-0.040143,0.012217,-0.240611,0.000000,-0.015956,-0.012217,-0.159468,-0.001745,0.091005,-0.005236,-0.269839,0.000000
1771203950.300,7818,1,1,0.0000,1.0000,0.0000,0.0000,0.0000,0.0000,0.0000,0.011109,0.009520,0.002042,0.004769,0.009638,-0.006981,0.006981,-0.120160,0.000000,0.004475,-0.005236,0.048813,0.000000,0.021705,0.000000,0.051336,-0.001745,-0.040143,0.012217,-0.133644,0.000000,-0.026978,-0.012217,-0.120398,-0.001745,0.102027,-0.003491,-0.381867,0.000000
1771203950.399,7821,1,1,0.0000,1.0000,0.0000,0.0000,0.0000,0.0000,0.0000,0.009184,0.006875,0.001197,0.003796,0.003118,-0.006981,0.008727,-0.006911,0.000000,0.016194,-0.005236,0.035737,0.000000,0.001259,-0.001745,0.048287,-0.001745,-0.038397,0.010472,-0.204521,0.001745,-0.003958,-0.010472,-0.350283,-0.001745,0.070281,-0.003491,-0.399160,0.000000
1771203950.499,7824,1,1,0.0000,1.0000,0.0000,0.0000,0.0000,0.0000,0.0000,0.016604,0.009630,0.001727,0.007851,0.014504,-0.006981,0.006981,0.124847,0.000000,0.030539,-0.005236,0.036877,0.000000,-0.007849,0.000000,-0.023197,-0.001745,-0.036652,0.008727,-0.109347,0.000000,-0.031787,-0.010472,-0.243379,0.000000,0.106836,-0.003491,-0.135335,0.000000
1771203950.599,7827,1,1,0.0000,1.0000,0.0000,0.0000,0.0000,0.0000,0.0000,0.011598,0.007709,0.000669,0.005857,0.005736,-0.003491,0.006981,0.103737,0.000000,-0.003074,-0.005236,0.002692,0.000000,0.025763,0.000000,-0.109996,-0.001745,-0.036652,0.006981,-0.047862,-0.001745,0.038881,-0.010472,-0.148049,-0.001745,0.046640,-0.003491,-0.052221,0.000000
1771203950.700,7830,1,1,0.0000,1.0000,0.0000,0.0000,0.0000,0.0000,0.0000,0.002951,0.007136,0.000695,0.004609,0.004609,-0.003491,0.006981,0.010980,0.000000,0.007074,-0.005236,-0.046016,0.000000,0.010379,0.000000,-0.144493,-0.001745,-0.036652,0.005236,-0.053367,0.000000,0.080397,-0.006981,-0.017498,-0.001745,-0.000112,-0.003491,-0.016554,0.000000
1771203950.803,7833,1,1,0.0000,1.0000,0.0000,0.0000,0.0000,0.0000,0.0000,0.004010,0.008666,0.001682,0.004885,0.002386,-0.006981,0.006981,0.030669,0.000000,0.005956,-0.005236,-0.165807,0.000000,0.004516,0.000000,-0.091320,-0.001745,-0.034907,0.003491,0.030593,-0.001745,0.069906,-0.005236,-0.028209,-0.001745,-0.003583,-0.003491,-0.043334,0.000000
1771203950.906,7836,1,1,0.0000,1.0000,0.0000,0.0000,0.0000,0.0000,0.0000,0.008722,0.016761,0.002288,0.004727,0.004370,-0.003491,0.008727,0.046701,0.000000,0.049240,-0.005236,-0.178894,0.000000,-0.031787,0.000000,-0.064620,-0.001745,-0.031416,0.005236,0.078131,-0.003491,0.077176,-0.005236,0.012886,-0.001745,-0.017834,-0.003491,0.027699,0.000000
1771203951.008,7839,1,1,0.0000,1.0000,0.0000,0.0000,0.0000,0.0000,0.0000,0.004038,0.026456,0.001686,0.002189,0.005359,-0.006981,0.006981,-0.020041,0.000000,0.041476,-0.005236,-0.110533,0.000000,-0.015296,0.000000,-0.051663,-0.001745,-0.031416,0.003491,0.122377,-0.001745,0.073561,-0.001745,0.004747,-0.001745,-0.012475,-0.001745,0.113294,0.000000
1771203951.112,7842,1,1,0.0000,0.9999,0.0001,0.0000,0.0000,0.0000,0.0000,0.007642,0.037090,0.000406,0.004560,0.005760,-0.003491,0.006981,0.032868,0.000000,0.051850,-0.005236,-0.058761,0.000000,-0.013453,0.000000,-0.053773,-0.001745,-0.029671,0.003491,0.091841,-0.003491,0.071031,0.000000,0.148508,-0.001745,-0.013435,-0.001745,0.130214,0.000000
1771203951.212,7845,1,1,0.0000,0.9994,0.0006,0.0000,0.0000,0.0000,0.0000,0.007454,0.081627,0.001567,0.007726,0.007135,-0.006981,0.006981,0.011711,0.000000,0.070751,-0.005236,-0.055679,0.000000,-0.027118,0.000000,-0.074257,-0.003491,-0.027925,0.005236,0.301728,-0.003491,0.071533,-0.001745,0.269792,-0.001745,-0.015682,-0.001745,0.331240,0.000000
1771203951.315,7848,1,1,0.0000,0.9944,0.0056,0.0000,0.0000,0.0000,0.0000,0.005930,0.188840,0.000800,0.001699,0.005179,-0.003491,0.003491,-0.009359,0.000000,0.067675,-0.005236,-0.008499,0.000000,-0.018806,0.000000,-0.036354,0.000000,-0.024435,-0.006981,1.009343,0.006981,0.002347,-0.001745,0.465011,-0.001745,0.048267,-0.003491,0.734131,0.000000
1771203951.415,7851,1,1,0.0000,0.9858,0.0142,0.0000,0.0000,0.0000,0.0000,0.005671,0.262491,0.001316,0.003911,0.009419,-0.003491,0.008727,-0.000851,0.000000,0.059331,-0.005236,-0.013819,0.000000,-0.006971,0.000000,-0.036112,0.000000,-0.024435,-0.008727,1.261296,0.000000,0.059210,-0.001745,1.262392,-0.001745,-0.017322,-0.003491,0.566989,0.000000
1771203951.515,7854,1,1,0.0000,0.9747,0.0253,0.0000,0.0000,0.0000,0.0000,0.004218,0.240690,0.001743,0.007787,0.007934,-0.003491,0.003491,-0.034463,0.000000,0.033177,-0.005236,-0.014941,0.000000,0.013947,0.000000,-0.002149,0.000000,-0.022689,0.000000,1.004575,0.000000,-0.052156,-0.001745,1.109197,-0.001745,0.088807,-0.001745,0.685698,0.000000
1771203951.615,7857,1,1,0.0000,0.8556,0.1443,0.0000,0.0000,0.0000,0.0000,0.006453,0.155138,0.004169,0.006983,0.002914,-0.003491,0.006981,0.003313,0.000000,0.063655,-0.005236,-0.061634,0.000000,-0.018276,0.000000,0.003485,0.000000,-0.022689,0.005236,0.768756,0.006981,0.000397,-0.003491,0.711226,-0.001745,0.034509,-0.001745,0.334548,0.000000
1771203951.716,7860,1,1,0.0000,0.6728,0.3272,0.0000,0.0000,0.0000,0.0000,0.033202,0.104467,0.003099,0.008219,0.005289,-0.003491,0.008727,0.159241,0.000000,0.043821,-0.005236,-0.000359,0.000000,0.005048,0.000000,0.181592,0.000000,-0.020944,0.008727,0.579566,0.008727,-0.037649,-0.001745,0.384708,0.001745,0.062084,0.000000,0.208044,0.000000
1771203951.816,7863,2,1,0.0000,0.4295,0.5704,0.0000,0.0000,0.0000,0.0000,0.055680,0.090558,0.005008,0.007629,0.005548,-0.006981,0.006981,0.314254,0.000000,-0.005355,-0.005236,0.076633,0.000000,0.043753,0.000000,0.226537,0.000000,-0.022689,0.012217,0.540958,0.048869,-0.088553,0.006981,0.246058,0.010472,0.092044,0.000000,0.129097,0.000000
1771203951.916,7866,2,2,0.0000,0.2855,0.7144,0.0000,0.0000,0.0000,0.0000,0.040337,0.079712,0.004023,0.007923,0.006533,-0.006981,0.006981,0.112188,0.000000,-0.034063,-0.005236,0.020866,0.000000,0.074206,0.000000,0.269804,0.000000,-0.020944,0.010472,0.545207,0.061087,-0.004059,0.001745,0.327561,0.010472,-0.002922,0.000000,-0.011183,0.000000
1771203952.017,7869,2,2,0.0000,0.1245,0.8755,0.0000,0.0000,0.0000,0.0000,0.023554,0.089899,0.009578,0.007074,0.007233,-0.003491,0.006981,0.240763,0.000000,0.005464,-0.005236,-0.543242,0.000000,0.029442,0.000000,-0.501056,0.000000,-0.020944,0.008727,0.595724,0.075049,0.013704,0.000000,0.373365,0.012217,-0.031157,0.000000,-0.070584,0.000000
1771203952.117,7872,2,2,0.0000,0.1364,0.8636,0.0000,0.0000,0.0000,0.0000,0.034536,0.091396,0.006353,0.004608,0.005002,-0.003491,0.006981,0.370793,0.000000,0.034828,-0.005236,-1.195998,0.000000,0.001824,0.000000,-1.840876,-0.001745,-0.020944,0.010472,0.629104,0.078540,0.017604,-0.001745,0.348817,0.012217,-0.038548,0.000000,-0.054154,0.000000
1771203952.217,7875,2,2,0.0000,0.1461,0.8539,0.0000,0.0000,0.0000,0.0000,0.018677,0.083103,0.006052,0.004754,0.008054,-0.006981,0.008727,0.151469,0.000000,-0.027279,-0.005236,-0.971335,0.000000,0.063931,0.000000,-1.440069,0.000000,-0.020944,0.012217,0.547901,0.083776,0.007684,-0.001745,0.333440,0.012217,-0.030373,0.000000,-0.038812,0.000000
1771203952.317,7878,2,2,0.0000,0.1001,0.8999,0.0000,0.0000,0.0000,0.0000,0.013764,0.079095,0.003706,0.003814,0.003930,-0.003491,0.008727,0.105335,0.000000,-0.009220,-0.005236,-0.656145,0.000000,0.051108,-0.001745,-0.992886,-0.001745,-0.022689,0.015708,0.509462,0.089012,-0.012179,0.000000,0.322744,0.012217,-0.005274,0.000000,-0.036228,0.000000
1771203952.418,7881,2,2,0.0000,0.0491,0.9509,0.0000,0.0000,0.0000,0.0000,0.005397,0.069509,0.003988,0.004095,0.004958,-0.003491,0.006981,0.021128,0.000000,0.032068,-0.005236,-0.081240,0.000000,0.004584,0.000000,-0.166610,-0.001745,-0.020944,0.017453,0.526893,0.090757,0.012672,0.000000,0.174117,0.012217,-0.023144,0.000000,-0.041095,0.000000
1771203952.518,7884,2,2,0.0000,0.0177,0.9823,0.0000,0.0000,0.0000,0.0000,0.004077,0.067381,0.002776,0.005261,0.003614,-0.003491,0.008727,-0.268879,0.000000,0.040203,-0.005236,-0.125937,0.000000,-0.001806,0.000000,-0.362617,-0.001745,-0.020944,0.020944,0.537883,0.092502,0.049559,0.001745,0.093722,0.012217,-0.056540,-0.001745,-0.024578,0.000000
1771203952.622,7887,2,2,0.0000,0.0071,0.9929,0.0000,0.0000,0.0000,0.0000,0.004707,0.055833,0.002635,0.002333,0.001537,-0.003491,0.008727,-0.049785,0.000000,-0.012849,-0.005236,-0.383687,-0.001745,0.047756,0.000000,-0.659231,-0.003491,-0.020944,0.020944,0.501535,0.094248,0.041046,0.000000,-0.076011,0.012217,-0.042792,0.000000,-0.014559,0.000000
1771203952.722,7890,2,2,0.0000,0.0009,0.9991,0.0000,0.0000,0.0000,0.0000,0.003927,0.055426,0.003524,0.001768,0.003375,-0.001745,0.006981,-0.165862,0.000000,0.014947,-0.005236,-0.134554,-0.001745,0.025196,0.000000,-0.411504,-0.001745,-0.022689,0.020944,0.481532,0.094248,-0.057913,-0.001745,-0.330147,0.012217,0.056168,-0.001745,-0.023604,0.000000
1771203952.823,7893,2,2,0.0000,0.0102,0.9898,0.0000,0.0000,0.0000,0.0000,0.016683,0.054794,0.001397,0.001448,0.004331,-0.001745,0.008727,-0.234340,0.000000,-0.032657,-0.003491,0.118674,-0.001745,0.072799,0.000000,-0.118248,-0.003491,-0.020944,0.020944,0.481681,0.094248,-0.050178,-0.001745,-0.433749,0.012217,0.048433,0.000000,-0.054735,0.000000
1771203952.928,7896,2,2,0.0000,0.0120,0.9879,0.0000,0.0000,0.0000,0.0000,0.035165,0.055631,0.009475,0.001249,0.012789,-0.003491,0.006981,0.007351,0.000000,-0.053305,-0.005236,0.046767,-0.001745,0.089957,0.000000,0.270917,-0.001745,-0.020944,0.020944,0.464832,0.092502,-0.078824,-0.003491,-0.491844,0.012217,0.077079,0.000000,-0.007104,0.000000
1771203953.028,7899,2,2,0.0000,0.0123,0.9872,0.0000,0.0000,0.0003,0.0002,0.107694,0.055837,0.012458,0.000711,0.012169,-0.003491,0.006981,0.264730,0.000000,-0.085003,-0.005236,0.168782,-0.001745,0.116419,0.003491,0.731920,-0.001745,-0.022689,0.020944,0.476706,0.092502,-0.069422,-0.001745,-0.528097,0.012217,0.067677,-0.001745,-0.013031,0.000000
1771203953.132,7902,2,2,0.0000,0.0160,0.9820,0.0000,0.0000,0.0018,0.0002,0.094422,0.057681,0.006796,0.001763,0.006817,-0.001745,0.003491,0.259097,0.000000,-0.193588,-0.003491,0.072592,-0.001745,0.214532,0.003491,0.579858,-0.001745,-0.020944,0.019199,0.507723,0.092502,-0.062278,-0.001745,-0.530905,0.012217,0.060533,-0.001745,-0.096715,0.000000
1771203953.232,7905,2,2,0.0000,0.0154,0.9844,0.0000,0.0000,0.0001,0.0001,0.005871,0.057092,0.001742,0.001879,0.001073,-0.001745,0.003491,0.021098,0.000000,-0.031897,-0.005236,-0.098137,-0.005236,0.042369,0.003491,-0.188087,-0.003491,-0.020944,0.019199,0.490632,0.092502,-0.074043,0.000000,-0.536271,0.012217,0.070552,-0.001745,-0.089644,0.000000
1771203953.333,7908,2,2,0.0000,0.0118,0.9882,0.0000,0.0000,0.0000,0.0000,0.019677,0.057081,0.005366,0.001496,0.005625,0.000000,0.000000,-0.117455,0.000000,0.158314,-0.001745,0.070827,-0.005236,-0.156569,0.006981,-0.209220,-0.001745,-0.020944,0.017453,0.446856,0.094248,-0.117683,0.000000,-0.687875,0.012217,0.114193,-0.001745,-0.139158,0.000000
1771203953.433,7911,2,2,0.0000,0.0053,0.9947,0.0000,0.0000,0.0000,0.0000,0.028898,0.059322,0.008125,0.000157,0.007186,0.001745,0.000000,0.123387,0.000000,0.102287,-0.005236,-0.000067,-0.005236,-0.104033,0.003491,0.115861,0.000000,-0.020944,0.017453,0.463324,0.094248,-0.128110,0.000000,-0.722280,0.012217,0.124620,-0.001745,-0.262051,0.000000
1771203953.533,7914,2,2,0.0000,0.0018,0.9982,0.0000,0.0000,0.0000,0.0000,0.013423,0.059343,0.009009,0.001702,0.008896,0.001745,0.001745,0.025926,0.000000,0.072594,0.000000,-0.094713,-0.001745,-0.081321,0.003491,0.055574,0.000000,-0.020944,0.013963,0.489646,0.092502,-0.105532,0.000000,-0.748368,0.012217,0.103787,-0.003491,-0.262123,0.000000
1771203953.633,7917,2,2,0.0000,0.0033,0.9967,0.0000,0.0000,0.0000,0.0000,0.004060,0.060773,0.001813,0.000393,0.002539,0.003491,-0.005236,-0.203565,0.000000,0.038244,0.003491,-0.050316,-0.001745,-0.060933,0.003491,-0.005767,-0.001745,-0.022689,0.012217,0.520424,0.092502,-0.095403,0.000000,-0.779827,0.012217,0.091912,-0.001745,-0.263549,0.000000
1771203953.734,7920,2,2,0.0000,0.0010,0.9990,0.0000,0.0000,0.0000,0.0000,0.009595,0.056765,0.004221,0.001014,0.005429,0.003491,-0.003491,-0.412656,-0.001745,0.104674,0.001745,-0.041957,-0.001745,-0.137835,0.005236,-0.076526,-0.001745,-0.020944,0.008727,0.486110,0.092502,-0.083373,0.000000,-0.788931,0.012217,0.081628,-0.001745,-0.279817,0.000000
1771203953.834,7923,2,2,0.0000,0.0008,0.9992,0.0000,0.0000,0.0000,0.0000,0.007493,0.051913,0.011624,0.001401,0.011681,0.003491,-0.005236,-0.184663,-0.001745,0.079442,0.003491,-0.254037,-0.005236,-0.112603,0.003491,-0.415479,-0.001745,-0.020944,0.005236,0.437581,0.094248,-0.075414,0.000000,-0.705037,0.012217,0.073669,-0.001745,-0.278896,0.000000
1771203953.935,7926,2,2,0.0000,0.0010,0.9990,0.0000,0.0000,0.0000,0.0000,0.001164,0.050514,0.006864,0.002508,0.005050,0.005236,-0.005236,-0.114132,-0.001745,-0.036560,0.003491,-0.165064,-0.001745,-0.003582,0.005236,-0.268541,-0.001745,-0.020944,0.003491,0.429830,0.092502,-0.069871,0.000000,-0.730810,0.012217,0.068126,-0.001745,-0.277271,0.000000
1771203954.040,7929,2,2,0.0000,0.0012,0.9988,0.0000,0.0000,0.0000,0.0000,0.003867,0.049415,0.007987,0.000732,0.007501,0.005236,-0.003491,-0.557136,-0.001745,-0.081307,0.003491,-0.122274,-0.005236,0.032438,0.005236,-0.257594,-0.001745,-0.020944,0.000000,0.449605,0.092502,-0.043886,0.000000,-0.733395,0.012217,0.038650,-0.001745,-0.292666,0.000000
1771203954.141,7932,2,2,0.0000,0.0012,0.9988,0.0000,0.0000,0.0000,0.0000,0.003882,0.049000,0.012451,0.001636,0.011495,0.005236,-0.005236,-0.442861,-0.001745,-0.024147,0.005236,0.030876,-0.005236,-0.022976,0.005236,-0.042990,-0.001745,-0.020944,-0.001745,0.427977,0.092502,-0.055298,0.005236,-0.756088,0.012217,0.050062,0.000000,-0.286588,0.000000
1771203954.241,7935,2,2,0.0000,0.0012,0.9988,0.0000,0.0000,0.0000,0.0000,0.036748,0.047598,0.001003,0.000622,0.001177,0.005236,-0.005236,-0.240698,-0.001745,-0.000994,0.005236,0.298314,-0.005236,-0.047875,0.005236,0.126950,-0.003491,-0.022689,-0.005236,0.409318,0.092502,-0.053644,0.006981,-0.761373,0.013963,0.048408,0.000000,-0.288670,0.000000
1771203954.343,7938,2,2,0.0000,0.0010,0.9990,0.0000,0.0000,0.0000,0.0000,0.092214,0.048036,0.006023,0.001904,0.005097,0.005236,-0.005236,0.514830,-0.001745,-0.006155,0.005236,0.205986,-0.001745,-0.037478,0.005236,0.370043,-0.001745,-0.022689,-0.008727,0.419771,0.094248,-0.046700,0.005236,-0.756945,0.015708,0.041464,0.000000,-0.291647,0.000000
1771203954.445,7941,2,2,0.0000,0.0015,0.9984,0.0000,0.0000,0.0001,0.0000,0.130446,0.047142,0.002842,0.001731,0.003854,0.005236,-0.003491,0.692955,-0.001745,0.065354,0.005236,0.407173,-0.005236,-0.114223,0.005236,0.384163,-0.001745,-0.020944,-0.008727,0.422237,0.092502,-0.038751,0.001745,-0.762356,0.015708,0.033515,0.000000,-0.282146,0.000000
1771203954.548,7944,2,2,0.0000,0.0018,0.9981,0.0000,0.0000,0.0001,0.0000,0.093311,0.043468,0.009537,0.001469,0.010888,0.005236,-0.012217,0.268984,-0.003491,0.112907,0.003491,0.406774,-0.001745,-0.158286,0.005236,0.317109,0.000000,-0.022689,-0.005236,0.382704,0.095993,-0.032452,-0.001745,-0.818870,0.015708,0.027216,0.000000,-0.277792,0.000000
1771203954.645,7947,2,2,0.0000,0.0010,0.9990,0.0000,0.0000,0.0000,0.0000,0.115268,0.047250,0.004394,0.000789,0.005049,0.006981,-0.019199,-0.320041,-0.006981,-0.045329,0.003491,0.848760,-0.005236,0.010422,0.005236,0.508325,0.000000,-0.024435,-0.001745,0.391832,0.115192,-0.049506,-0.001745,-0.879350,0.015708,0.044270,0.000000,-0.313310,0.000000
1771203954.746,7950,2,2,0.0000,0.0005,0.9994,0.0000,0.0000,0.0000,0.0000,0.095820,0.049312,0.005205,0.000468,0.005321,0.003491,-0.019199,-0.277475,-0.006981,-0.013352,0.005236,0.717977,0.000000,-0.018064,0.005236,0.417904,0.000000,-0.024435,-0.003491,0.398541,0.118682,-0.062308,0.001745,-0.898520,0.015708,0.057072,0.000000,-0.351253,0.000000
1771203954.850,7953,2,2,0.0000,0.0006,0.9992,0.0000,0.0000,0.0001,0.0000,0.127881,0.047404,0.003209,0.000324,0.004062,-0.003491,-0.034907,-0.018351,-0.005236,0.027791,0.003491,0.965819,0.003491,-0.052225,0.005236,0.527001,0.001745,-0.024435,-0.010472,0.370610,0.118682,-0.058606,0.008727,-0.862369,0.017453,0.053370,0.000000,-0.375519,0.000000
1771203954.950,7956,2,2,0.0000,0.0009,0.9988,0.0001,0.0000,0.0002,0.0000,0.130205,0.044958,0.001303,0.002085,0.002244,0.000000,-0.015708,0.064565,-0.003491,-0.007542,0.003491,0.846840,0.000000,-0.006421,0.005236,0.640580,0.001745,-0.024435,-0.012217,0.326418,0.118682,-0.073450,0.008727,-0.805370,0.017453,0.068214,0.000000,-0.318206,0.000000
1771203955.051,7959,2,2,0.0000,0.0017,0.9974,0.0003,0.0000,0.0006,0.0000,0.375717,0.041904,0.007372,0.000988,0.008541,0.001745,-0.006981,0.529132,1.391544,0.076888,0.003491,-0.359116,1.216013,-0.087360,0.003491,-0.275839,1.286297,-0.024435,-0.012217,0.283395,0.118682,-0.081570,0.006981,-0.736626,0.017453,0.076334,0.000000,-0.315847,0.000000
1771203955.151,7962,2,2,0.0000,0.0033,0.9937,0.0007,0.0000,0.0022,0.0000,0.300507,0.038917,0.000896,0.000976,0.001358,0.005236,-0.005236,0.265348,1.085293,0.082494,0.001745,-0.178744,1.014372,-0.084239,0.005236,-0.039685,1.146356,-0.024435,-0.012217,0.245958,0.118682,-0.081421,0.008727,-0.727856,0.017453,0.076185,-0.001745,-0.251733,0.000000
1771203955.251,7965,2,2,0.0000,0.0071,0.9803,0.0023,0.0001,0.0101,0.0000,0.224964,0.024861,0.001267,0.003452,0.003444,0.006981,-0.003491,0.173047,0.740010,0.069710,0.000000,-0.095738,0.762639,-0.067964,0.001745,0.017923,0.927512,-0.024435,-0.013963,0.041961,0.118682,-0.113249,0.012217,-0.535361,0.017453,0.108013,0.000000,-0.219774,0.000000
1771203955.354,7968,2,2,0.0000,0.0149,0.9522,0.0106,0.0001,0.0222,0.0001,0.152671,0.035565,0.001019,0.006958,0.005601,0.006981,0.001745,0.085423,0.476925,0.034686,0.000000,-0.042325,0.497756,-0.043412,-0.012217,0.027275,0.701257,-0.024435,-0.013963,-0.003908,0.118682,-0.036158,0.020944,0.237029,0.019199,0.030922,0.000000,-0.082839,0.000000
1771203955.455,7971,3,3,0.0000,0.0537,0.0199,0.9261,0.0000,0.0002,0.0000,0.107607,0.037409,0.007294,0.015231,0.012450,0.003491,0.010472,-0.039207,0.328695,0.028453,0.000000,0.029810,0.347450,-0.042415,-0.012217,0.057539,0.485379,-0.024435,-0.019199,0.126910,0.116937,-0.135245,0.047124,-0.369278,0.026180,0.130009,0.001745,-0.028808,0.000000
1771203955.557,7974,3,3,0.0000,0.1169,0.0239,0.8590,0.0000,0.0001,0.0001,0.080546,0.040987,0.006667,0.007867,0.004928,0.000000,0.012217,0.054911,0.166723,0.031406,0.000000,0.047199,0.222793,-0.048860,-0.017453,0.081756,0.349543,-0.015708,-0.001745,0.219632,0.078540,-0.085355,0.054105,-0.182947,0.020944,0.059175,-0.006981,0.047235,0.012217
1771203955.657,7977,1,3,0.0000,0.6626,0.0807,0.2563,0.0000,0.0001,0.0003,0.060229,0.048111,0.003109,0.002847,0.002024,0.003491,0.012217,0.123331,0.076293,0.015442,0.000000,-0.000313,0.098251,-0.041622,-0.019199,0.098401,0.295327,-0.006981,0.000000,0.212399,0.052360,-0.076093,0.062832,-0.077872,0.010472,0.032459,-0.012217,0.163172,0.043633
1771203955.759,7980,1,1,0.0000,0.8888,0.1086,0.0025,0.0000,0.0000,0.0001,0.059808,0.066770,0.004351,0.004752,0.003358,0.001745,0.006981,0.082672,0.050892,0.048748,0.001745,0.025724,0.103202,-0.073183,-0.019199,0.104663,0.291324,-0.003491,0.001745,0.145802,0.038397,-0.088274,0.068068,0.069118,0.005236,0.051622,-0.006981,0.346198,0.075049
1771203955.862,7983,3,3,0.0000,0.0395,0.0053,0.9537,0.0002,0.0003,0.0009,0.058334,0.086055,0.002770,0.002733,0.001476,0.003491,0.003491,0.058825,0.041740,0.049811,0.003491,0.068458,0.087481,-0.074246,-0.019199,0.107744,0.275474,-0.003491,0.001745,0.108963,0.026180,-0.058555,0.068068,0.253049,0.003491,0.037611,-0.010472,0.425346,0.108210
1771203955.967,7986,2,2,0.0000,0.0007,0.9992,0.0000,0.0000,0.0000,0.0000,0.049345,0.123380,0.002305,0.001185,0.001825,0.001745,0.003491,0.133651,0.039217,0.054073,0.005236,0.034465,0.039974,-0.069781,-0.012217,0.083668,0.196626,-0.001745,0.001745,0.100676,0.017453,0.101583,0.064577,0.592217,0.005236,-0.115546,-0.006981,0.457447,0.139626
1771203956.067,7989,2,2,0.0000,0.0018,0.9971,0.0000,0.0001,0.0001,0.0009,0.062036,0.143021,0.004358,0.003659,0.002351,0.000000,0.003491,0.139077,0.041044,0.056540,0.005236,0.100606,0.100190,-0.070503,-0.010472,0.098878,0.199369,-0.001745,0.001745,0.068959,0.010472,0.090634,0.075049,0.810727,0.019199,-0.102851,-0.003491,0.471917,0.167552
1771203956.167,7992,6,2,0.0000,0.0195,0.1151,0.0001,0.0013,0.0019,0.8621,0.071084,0.157141,0.003231,0.002386,0.002357,0.000000,0.000000,0.017567,0.121529,0.051195,0.005236,0.179379,0.138125,-0.058176,-0.006981,0.141462,0.198515,-0.001745,0.001745,0.039098,0.008727,0.070691,0.097738,0.929886,0.048869,-0.081163,-0.001745,0.500440,0.188496
1771203956.267,7995,6,6,0.0000,0.0280,0.0151,0.0008,0.0042,0.0005,0.9512,0.057238,0.153754,0.002376,0.001569,0.002500,0.000000,0.000000,0.124867,0.087784,0.053584,0.005236,0.127630,0.051972,-0.057075,-0.003491,0.112742,0.123045,-0.001745,0.003491,0.038725,0.006981,0.050006,0.099484,0.891939,0.073304,-0.058733,-0.003491,0.466438,0.214676
1771203956.373,7998,6,6,0.0000,0.0762,0.0235,0.0004,0.0097,0.0001,0.8900,0.054058,0.149114,0.001572,0.000727,0.001587,0.000000,0.000000,0.081911,0.085228,0.056684,0.006981,0.140592,0.055753,-0.056684,-0.003491,0.104484,0.117063,-0.001745,0.001745,0.022897,0.003491,0.036626,0.097738,0.924102,0.082030,-0.045352,-0.006981,0.393842,0.226893
1771203956.471,8001,6,6,0.0001,0.0922,0.0322,0.0002,0.0145,0.0001,0.8607,0.046024,0.158241,0.001947,0.000527,0.003225,0.000000,0.000000,0.080503,0.082795,0.052063,0.006981,0.085607,0.028834,-0.052063,-0.003491,0.098126,0.117381,-0.001745,0.001745,-0.061095,0.003491,0.055875,0.095993,1.016530,0.083776,-0.061111,-0.006981,0.414592,0.226893
1771203956.572,8004,6,6,0.0001,0.0424,0.0809,0.0000,0.0167,0.0006,0.8593,0.035758,0.162856,0.002488,0.004995,0.003988,0.000000,-0.001745,0.117185,0.068661,0.044448,0.006981,0.018507,-0.014419,-0.044448,-0.003491,0.068188,0.105129,-0.001745,0.001745,-0.057569,0.001745,0.099016,0.094248,1.015052,0.083776,-0.102507,-0.006981,0.423072,0.235619
1771203956.672,8007,2,6,0.0000,0.1637,0.6719,0.0000,0.0078,0.0001,0.1565,0.040777,0.156806,0.004300,0.002577,0.002394,0.000000,-0.005236,0.307055,0.016401,-0.158888,0.006981,-0.024863,-0.043445,0.158888,-0.003491,-0.324336,-0.180532,-0.001745,0.001745,-0.031282,0.001745,0.154171,0.092502,0.983188,0.083776,-0.150680,-0.005236,0.318449,0.246091
1771203956.773,8010,2,2,0.0000,0.2239,0.7211,0.0002,0.0524,0.0002,0.0022,0.033649,0.136117,0.001778,0.003369,0.002935,0.001745,-0.010472,0.316947,-0.053412,0.035344,0.006981,-0.130742,-0.166001,-0.035344,0.000000,0.006418,0.036347,-0.001745,0.003491,0.146157,0.001745,0.120107,0.082030,0.721271,0.082030,-0.114871,-0.006981,0.230476,0.246091
1771203956.882,8013,4,4,0.0001,0.0982,0.1010,0.0027,0.7969,0.0005,0.0005,0.043255,0.132029,0.002003,0.000965,0.003276,0.000000,-0.012217,0.323082,-0.093214,0.021005,0.003491,-0.045479,-0.074269,-0.024496,0.000000,0.083156,0.088331,-0.001745,0.003491,0.121738,0.001745,0.027601,0.085521,0.677264,0.083776,-0.025856,-0.006981,0.337119,0.246091
1771203956.982,8016,4,4,0.0000,0.0037,0.0107,0.0010,0.9844,0.0001,0.0001,0.064126,0.131020,0.001935,0.004356,0.002220,0.000000,-0.012217,0.287813,-0.098386,0.019427,0.001745,0.056953,0.028812,-0.028153,-0.001745,0.183359,0.191406,-0.001745,0.005236,-0.135018,0.001745,0.026338,0.109956,0.754948,0.087266,-0.029829,-0.005236,0.338918,0.247837
1771203957.086,8019,4,4,0.0001,0.0065,0.0388,0.0010,0.9533,0.0002,0.0002,0.059119,0.117636,0.003826,0.004510,0.005046,-0.001745,-0.008727,0.301475,-0.067293,0.005071,0.001745,0.052773,0.029300,-0.019033,-0.001745,0.149869,0.169189,-0.001745,0.006981,-0.036893,0.001745,0.007717,0.136136,0.710498,0.090757,-0.018189,0.003491,0.206470,0.247837
1771203957.186,8022,2,2,0.0001,0.0486,0.9376,0.0001,0.0122,0.0001,0.0014,0.059204,0.102982,0.004352,0.003786,0.002182,0.000000,-0.010472,0.288503,-0.035413,-0.014352,0.001745,0.049689,0.043543,-0.003101,0.003491,0.151926,0.171550,-0.001745,0.006981,0.070609,0.003491,0.020396,0.146608,0.468742,0.099484,-0.034358,0.006981,0.164659,0.247837
1771203957.286,8025,2,2,0.0000,0.0261,0.9701,0.0001,0.0020,0.0001,0.0016,0.255870,0.057520,0.002967,0.001439,0.001064,0.000000,-0.012217,0.831897,-0.802851,-0.001907,0.003491,1.001265,-0.970403,-0.006820,0.003491,1.230296,-1.150172,-0.001745,0.006981,0.064210,0.001745,0.061068,0.164061,0.029147,0.106465,-0.078521,0.008727,-0.007881,0.247837
1771203957.388,8028,4,4,0.0000,0.0057,0.0068,0.0086,0.9772,0.0016,0.0002,0.220099,0.064584,0.002982,0.001783,0.001366,0.000000,0.000000,0.594307,-0.500910,-0.003335,0.003491,0.848125,-0.663225,-0.017609,-0.012217,1.195265,-0.879646,-0.001745,0.005236,0.015600,0.001745,-0.027857,0.174533,0.150279,0.109956,0.013895,0.013963,0.041965,0.247837
1771203957.495,8031,4,4,0.0000,0.0037,0.0115,0.0062,0.9769,0.0016,0.0002,0.212322,0.074085,0.004114,0.002490,0.002603,0.003491,-0.012217,0.667128,-0.258309,0.009288,0.012217,0.751605,-0.380482,-0.016270,0.006981,1.097151,-0.640536,-0.003491,0.005236,0.117414,0.001745,-0.045080,0.174533,0.138599,0.113446,0.032863,0.012217,0.045125,0.247837
1771203957.593,8034,4,4,0.0000,0.0023,0.0051,0.0019,0.9892,0.0014,0.0001,0.209946,0.063390,0.003767,0.006293,0.002582,0.001745,-0.012217,0.629870,-0.193732,0.026148,0.015708,0.726870,-0.268781,-0.020912,0.010472,1.108544,-0.495674,-0.001745,0.006981,0.158554,0.001745,-0.047946,0.176278,-0.338915,0.120428,0.037474,0.010472,0.000906,0.247837
1771203957.694,8037,4,4,0.0000,0.0021,0.0029,0.0009,0.9928,0.0012,0.0000,0.206018,0.068138,0.003199,0.002130,0.003399,0.001745,-0.012217,0.563679,-0.136136,0.035584,0.015708,0.768056,-0.172788,-0.026857,0.010472,1.076968,-0.352556,-0.001745,0.006981,0.203625,0.001745,-0.045540,0.174533,-0.309245,0.120428,0.036814,0.010472,0.015217,0.247837
1771203957.797,8040,4,4,0.0000,0.0017,0.0014,0.0009,0.9941,0.0019,0.0000,0.196205,0.101647,0.002156,0.002127,0.000694,0.001745,-0.010472,0.402422,-0.090757,0.037433,0.015708,0.844609,-0.092502,-0.033942,0.008727,1.043822,-0.216421,-0.001745,0.006981,0.150488,0.000000,0.078756,0.169297,0.340026,0.120428,-0.082246,0.010472,0.095475,0.247837
1771203957.893,8043,4,4,0.0000,0.0005,0.0017,0.0004,0.9956,0.0018,0.0000,0.190359,0.148103,0.001814,0.001686,0.001205,0.001745,-0.005236,0.315610,-0.064577,0.024642,0.012217,0.892437,-0.041888,-0.029878,0.000000,1.037662,-0.144862,-0.001745,0.006981,0.205757,0.001745,0.108533,0.164061,0.633995,0.118682,-0.112024,0.008727,0.280917,0.247837
1771203957.997,8046,4,4,0.0000,0.0002,0.0018,0.0002,0.9961,0.0017,0.0000,0.180194,0.159068,0.002140,0.001471,0.002733,0.001745,-0.003491,0.191228,-0.034907,0.008171,0.012217,0.920096,0.003491,-0.013407,-0.003491,1.025386,-0.071558,-0.003491,0.005236,0.213988,0.001745,0.103775,0.151844,0.685651,0.118682,-0.107265,0.000000,0.380058,0.247837
1771203958.100,8049,4,4,0.0000,0.0001,0.0015,0.0001,0.9970,0.0012,0.0000,0.177389,0.143476,0.002469,0.002259,0.000320,0.001745,-0.003491,0.171617,-0.013963,0.006963,0.008727,0.890432,0.045379,-0.019181,-0.005236,1.003804,-0.015708,-0.001745,0.005236,0.193130,0.001745,0.095779,0.137881,0.563720,0.118682,-0.099270,-0.005236,0.357703,0.247837
1771203958.203,8052,4,4,0.0005,0.0009,0.0041,0.0007,0.6149,0.3789,0.0001,0.178974,0.124421,0.001311,0.004888,0.003930,0.001745,-0.003491,0.203501,-0.006981,0.017084,0.008727,0.839496,0.071558,-0.029302,-0.008727,0.979398,0.026180,-0.001745,0.006981,0.109246,0.001745,0.004630,0.123918,0.468066,0.118682,-0.008121,-0.008727,0.411942,0.247837
1771203958.299,8055,5,5,0.0007,0.0008,0.0030,0.0005,0.3073,0.6877,0.0000,0.182632,0.135513,0.001208,0.001291,0.001629,0.001745,-0.003491,0.175714,-0.001745,0.018186,0.008727,0.837359,0.094248,-0.030403,-0.008727,0.985795,0.069813,-0.001745,0.005236,0.008866,0.001745,-0.041361,0.111701,0.518921,0.118682,0.041361,-0.010472,0.570057,0.249582
1771203958.398,8058,5,5,0.0005,0.0004,0.0020,0.0005,0.2582,0.7383,0.0000,0.183715,0.154439,0.000473,0.001211,0.001810,0.003491,-0.005236,0.156379,-0.001745,0.019637,0.006981,0.825101,0.106465,-0.031854,-0.008727,0.987047,0.099484,-0.001745,0.006981,-0.002669,0.001745,0.058116,0.095993,0.738838,0.118682,-0.058116,-0.019199,0.583326,0.249582
1771203958.499,8061,5,5,0.0004,0.0004,0.0023,0.0005,0.3411,0.6553,0.0000,0.188061,0.168633,0.001840,0.002336,0.002399,0.001745,-0.006981,0.129951,0.000000,0.019791,0.008727,0.880332,0.109956,-0.032009,-0.008727,0.989295,0.116937,-0.001745,0.005236,0.025481,0.001745,0.127634,0.080285,0.846663,0.116937,-0.127634,-0.029671,0.570027,0.249582
1771203958.599,8064,4,4,0.0001,0.0003,0.0021,0.0005,0.9465,0.0504,0.0000,0.195734,0.154461,0.002633,0.003072,0.001776,0.003491,-0.006981,0.119831,0.000000,0.015779,0.006981,0.956996,0.108210,-0.026251,-0.012217,1.011860,0.125664,-0.001745,0.005236,0.027950,0.001745,0.076905,0.061087,0.767241,0.116937,-0.076905,-0.041888,0.548591,0.247837
1771203958.700,8067,4,4,0.0001,0.0010,0.0035,0.0008,0.9353,0.0593,0.0000,0.192652,0.121238,0.003512,0.005309,0.004465,0.005236,-0.008727,0.144357,0.003491,0.016207,0.005236,0.934724,0.108210,-0.024934,-0.012217,0.966950,0.127409,-0.001745,0.006981,0.096847,0.001745,-0.004819,0.050615,0.489645,0.115192,-0.000417,-0.047124,0.445995,0.247837
1771203958.804,8070,4,4,0.0001,0.0020,0.0071,0.0010,0.9014,0.0884,0.0001,0.194595,0.125688,0.005183,0.004303,0.002446,0.005236,-0.008727,0.108810,0.005236,0.009660,0.005236,0.962753,0.108210,-0.018387,-0.012217,0.999099,0.130900,-0.001745,0.005236,0.203862,0.001745,0.050530,0.045379,0.512060,0.116937,-0.054021,-0.054105,0.324668,0.247837
1771203958.903,8073,4,4,0.0000,0.0020,0.0260,0.0010,0.9587,0.0121,0.0002,0.199867,0.128611,0.003173,0.003587,0.000968,0.005236,-0.006981,0.207558,0.005236,0.017327,0.000000,0.868587,0.111701,-0.027799,-0.020944,1.034407,0.148353,-0.001745,0.005236,0.235700,0.001745,0.056809,0.041888,0.577017,0.116937,-0.060299,-0.061087,0.258422,0.249582
1771203959.006,8076,4,4,0.0000,0.0062,0.0695,0.0033,0.7406,0.1798,0.0005,0.205064,0.121201,0.002947,0.005014,0.002484,0.006981,-0.008727,0.382111,0.005236,0.026341,-0.005236,0.730209,0.122173,-0.042049,-0.027925,1.028889,0.158825,0.000000,0.005236,0.221987,0.001745,0.013092,0.038397,0.514630,0.118682,-0.016583,-0.066323,0.291062,0.249582
1771203959.106,8079,5,5,0.0000,0.0038,0.0238,0.0052,0.1734,0.7937,0.0001,0.283073,0.113287,0.004807,0.004943,0.003404,0.005236,-0.005236,-0.250927,0.798051,0.023366,-0.005236,-0.369402,1.106472,-0.039074,-0.029671,-0.132369,1.463746,0.000000,0.005236,0.184449,0.001745,0.002840,0.040143,0.559397,0.122173,-0.008076,-0.066323,0.193876,0.249582
1771203959.207,8082,4,5,0.0000,0.0092,0.0381,0.0100,0.4838,0.4586,0.0002,0.289422,0.117332,0.003468,0.002272,0.001111,0.005236,-0.003491,-0.263941,0.882625,0.007061,-0.005236,-0.378821,1.121354,-0.022769,-0.029671,-0.155549,1.456789,-0.001745,0.006981,0.204067,0.001745,0.030227,0.043633,0.589221,0.129154,-0.037208,-0.068068,0.155120,0.247837
1771203959.307,8085,4,4,0.0000,0.0005,0.0016,0.0003,0.9958,0.0017,0.0000,0.288423,0.145805,0.003522,0.006467,0.003170,0.006981,-0.001745,-0.260434,0.863291,-0.000577,-0.005236,-0.378253,1.129895,-0.018622,-0.029671,-0.145852,1.460905,-0.003491,0.005236,0.212119,0.001745,0.046418,0.057596,0.733878,0.141372,-0.051654,-0.062832,0.303462,0.247837
1771203959.408,8088,4,4,0.0000,0.0005,0.0015,0.0003,0.9962,0.0016,0.0000,0.287610,0.148386,0.003493,0.000914,0.003037,0.005236,-0.003491,-0.242960,0.809613,0.014163,-0.005236,-0.376883,1.159377,-0.035107,-0.029671,-0.136575,1.462930,-0.001745,0.005236,0.169220,0.001745,0.065813,0.076794,0.730010,0.151844,-0.072794,-0.050615,0.332136,0.247837
1771203959.508,8091,4,4,0.0000,0.0005,0.0015,0.0003,0.9961,0.0016,0.0000,0.283988,0.150374,0.004489,0.003671,0.003410,0.001745,-0.005236,-0.174630,0.801484,0.014290,0.000000,-0.393836,1.138919,-0.036979,-0.026180,-0.145597,1.451413,-0.001745,0.006981,-0.029276,0.001745,0.092724,0.101229,0.794284,0.160570,-0.099705,-0.034907,0.399112,0.247837
1771203959.611,8094,4,4,0.0000,0.0004,0.0014,0.0002,0.9966,0.0014,0.0000,0.286802,0.161867,0.002011,0.003851,0.001691,0.000000,-0.006981,-0.184407,0.808430,0.027606,0.003491,-0.409192,1.160984,-0.050296,-0.020944,-0.162867,1.441118,-0.001745,0.005236,-0.007474,0.001745,0.109512,0.127409,0.899999,0.164061,-0.116493,-0.013963,0.386610,0.247837
1771203959.710,8097,4,4,0.0000,0.0003,0.0012,0.0001,0.9970,0.0012,0.0000,0.275212,0.164258,0.001043,0.000955,0.002025,0.000000,-0.008727,-0.199720,0.799705,0.008370,0.006981,-0.513983,1.078579,-0.031059,-0.019199,-0.196195,1.408913,-0.001745,0.005236,0.033760,0.001745,0.077087,0.146608,0.893852,0.169297,-0.080578,-0.005236,0.397415,0.246091
1771203959.810,8100,4,4,0.0000,0.0005,0.0017,0.0001,0.9960,0.0018,0.0000,0.174514,0.166728,0.000753,0.000442,0.000826,0.000000,-0.008727,0.546561,0.006981,-0.029115,0.006981,0.294726,0.219911,0.004680,-0.019199,0.855502,0.158825,-0.001745,0.005236,0.046198,0.001745,0.085342,0.172788,0.867790,0.178024,-0.088833,0.003491,0.394034,0.246091
1771203959.913,8103,4,4,0.0000,0.0002,0.0013,0.0001,0.9972,0.0012,0.0000,0.180129,0.178204,0.000906,0.001879,0.000997,-0.001745,-0.010472,0.496329,0.006981,-0.001940,0.010472,0.437698,0.221657,-0.022495,-0.017453,0.829587,0.158825,-0.001745,0.005236,0.064393,0.001745,0.134437,0.190241,0.908089,0.188496,-0.137928,0.006981,0.392736,0.246091
1771203960.014,8106,4,4,0.0000,0.0001,0.0015,0.0001,0.9977,0.0006,0.0000,0.185923,0.197609,0.003316,0.002563,0.002120,-0.001745,-0.008727,0.431730,0.006981,0.007888,0.010472,0.545725,0.221657,-0.034068,-0.015708,0.847798,0.158825,-0.001745,0.005236,0.103932,0.001745,0.184637,0.212930,1.024775,0.188496,-0.189873,0.012217,0.389500,0.247837
1771203960.118,8109,4,4,0.0000,0.0001,0.0011,0.0001,0.9984,0.0002,0.0000,0.191338,0.204248,0.001806,0.002176,0.000467,-0.001745,-0.006981,0.515738,0.006981,0.023180,0.010472,0.474118,0.221657,-0.047615,-0.015708,0.885083,0.158825,-0.001745,0.005236,0.127029,0.000000,0.174882,0.218166,1.097532,0.188496,-0.176627,0.019199,0.374346,0.246091
1771203960.219,8112,4,4,0.0000,0.0001,0.0033,0.0001,0.9959,0.0005,0.0001,0.282365,0.218376,0.003154,0.002141,0.001524,-0.001745,-0.006981,-0.185007,0.800781,0.018497,0.010472,-0.477485,1.130152,-0.042932,-0.015708,-0.190964,1.428474,-0.001745,0.006981,0.098602,0.001745,0.206323,0.223402,1.268837,0.188496,-0.211559,0.020944,0.357342,0.247837
1771203960.316,8115,4,4,0.0000,0.0001,0.0076,0.0002,0.9912,0.0006,0.0004,0.280230,0.220879,0.002747,0.003142,0.002944,0.000000,-0.006981,-0.184414,0.794747,0.012076,0.010472,-0.483091,1.112939,-0.038256,-0.015708,-0.185048,1.432526,0.000000,0.005236,0.089370,0.001745,0.201713,0.239110,1.272488,0.188496,-0.205204,0.027925,0.376625,0.247837
1771203960.419,8118,4,4,0.0000,0.0001,0.0026,0.0005,0.9961,0.0003,0.0004,0.292124,0.220063,0.003667,0.003217,0.001552,0.000000,-0.006981,-0.242052,0.795990,0.000875,0.010472,-0.416240,1.207684,-0.027055,-0.013963,-0.134986,1.490467,-0.001745,0.006981,0.060112,0.001745,0.208332,0.242601,1.252054,0.188496,-0.211823,0.031416,0.401180,0.247837
1771203960.517,8121,4,4,0.0000,0.0002,0.0051,0.0006,0.9923,0.0003,0.0015,0.212427,0.217067,0.002204,0.002521,0.000935,0.000000,-0.006981,0.447493,0.005236,0.018727,0.010472,0.671784,0.221657,-0.044907,-0.013963,1.013184,0.160570,-0.001745,0.005236,0.030054,0.001745,0.232967,0.242601,1.231885,0.188496,-0.234712,0.031416,0.390826,0.249582
1771203960.615,8124,4,4,0.0000,0.0002,0.0117,0.0014,0.9719,0.0007,0.0140,0.206952,0.220552,0.002043,0.002029,0.000954,0.001745,-0.006981,0.435823,0.005236,0.021528,0.008727,0.629772,0.219911,-0.047708,-0.013963,1.000111,0.160570,-0.001745,0.006981,0.073957,0.001745,0.232366,0.240855,1.226840,0.188496,-0.234111,0.033161,0.392639,0.249582
1771203960.718,8127,4,4,0.0001,0.0003,0.0083,0.0025,0.9423,0.0012,0.0454,0.201301,0.219918,0.001037,0.002448,0.001678,0.000000,-0.006981,0.320202,0.005236,0.023099,0.008727,0.643021,0.219911,-0.049279,-0.015708,1.034851,0.160570,-0.001745,0.005236,0.113688,0.001745,0.190425,0.240855,1.218681,0.188496,-0.193916,0.033161,0.397146,0.249582
1771203960.818,8130,6,6,0.0000,0.0001,0.0003,0.0000,0.0001,0.0001,0.9994,0.204503,0.212590,0.002752,0.002782,0.000240,0.000000,-0.005236,0.325037,0.005236,0.019503,0.006981,0.671692,0.219911,-0.047429,-0.013963,1.045103,0.160570,-0.001745,0.006981,0.065647,0.001745,0.182249,0.239110,1.193861,0.185005,-0.183994,0.033161,0.391992,0.251327
1771203960.919,8133,6,6,0.0000,0.0000,0.0002,0.0000,0.0001,0.0001,0.9995,0.195496,0.214605,0.002081,0.001527,0.001459,0.000000,-0.005236,0.367815,0.005236,0.010032,0.005236,0.615498,0.219911,-0.037957,-0.015708,0.961656,0.160570,-0.001745,0.006981,0.052728,0.001745,0.170132,0.240855,1.197933,0.185005,-0.171877,0.033161,0.414450,0.272271
1771203961.015,8136,6,6,0.0000,0.0000,0.0002,0.0000,0.0001,0.0000,0.9997,0.299081,0.206647,0.002223,0.001797,0.000718,0.000000,-0.006981,-0.383964,0.859350,0.014974,0.006981,-0.371782,1.248254,-0.039408,-0.015708,-0.185627,1.459408,-0.001745,0.005236,0.097382,0.001745,0.170510,0.230383,1.114754,0.178024,-0.172256,0.033161,0.376299,0.272271
1771203961.115,8139,6,6,0.0000,0.0000,0.0001,0.0000,0.0001,0.0000,0.9997,0.292729,0.203244,0.001594,0.001471,0.001645,0.000000,-0.008727,-0.382209,0.888285,0.006726,0.006981,-0.385449,1.198724,-0.029416,-0.015708,-0.208091,1.412030,-0.001745,0.005236,0.086310,0.001745,0.181127,0.214676,1.100024,0.167552,-0.184617,0.033161,0.378571,0.270526
1771203961.216,8142,6,6,0.0000,0.0000,0.0001,0.0000,0.0001,0.0000,0.9998,0.294755,0.199430,0.000287,0.001655,0.001604,0.000000,-0.010472,-0.389109,0.916513,0.006169,0.005236,-0.396325,1.195932,-0.028858,-0.015708,-0.212441,1.413204,-0.001745,0.005236,0.068681,0.001745,0.206727,0.200713,1.064367,0.158825,-0.208472,0.029671,0.386665,0.270526
1771203961.319,8145,6,6,0.0000,0.0000,0.0001,0.0000,0.0001,0.0000,0.9998,0.297664,0.203019,0.000953,0.001447,0.001155,0.000000,-0.010472,-0.405972,0.935415,0.012917,0.005236,-0.382495,1.206092,-0.035606,-0.017453,-0.211142,1.412303,-0.001745,0.005236,0.057857,0.001745,0.203076,0.185005,1.104237,0.151844,-0.203076,0.022689,0.434017,0.270526
1771203961.417,8148,6,6,0.0000,0.0000,0.0001,0.0000,0.0001,0.0000,0.9998,0.291351,0.195446,0.001395,0.001532,0.001050,0.000000,-0.012217,-0.393844,0.913855,0.027776,0.006981,-0.399775,1.182996,-0.050465,-0.017453,-0.250345,1.364599,-0.001745,0.006981,0.055933,0.001745,0.211930,0.171042,1.089234,0.151844,-0.210185,0.012217,0.373900,0.270526
1771203961.520,8151,6,6,0.0000,0.0000,0.0001,0.0000,0.0001,0.0000,0.9998,0.266382,0.200376,0.002748,0.003331,0.000586,0.000000,-0.012217,-0.357601,0.822758,0.020265,0.005236,-0.567194,1.044650,-0.042954,-0.017453,-0.333165,1.303680,-0.001745,0.006981,0.048722,0.001745,0.194159,0.164061,1.187682,0.150098,-0.192414,0.008727,0.371813,0.270526
1771203961.620,8154,6,6,0.0000,0.0000,0.0003,0.0000,0.0001,0.0000,0.9995,0.144408,0.197091,0.004990,0.004581,0.001048,0.000000,-0.012217,0.392068,0.006981,0.033029,0.006981,0.270749,0.218166,-0.055718,-0.017453,0.644346,0.160570,-0.001745,0.005236,0.007091,0.001745,0.194217,0.164061,1.199421,0.148353,-0.192472,0.006981,0.367462,0.270526
1771203961.720,8157,6,6,0.0000,0.0001,0.0004,0.0000,0.0002,0.0001,0.9993,0.146451,0.195437,0.001074,0.002473,0.002165,0.000000,-0.012217,0.368490,0.006981,0.041138,0.005236,0.293453,0.218166,-0.063827,-0.017453,0.663379,0.160570,-0.001745,0.006981,0.031376,0.001745,0.222976,0.164061,1.174589,0.146608,-0.222976,0.003491,0.324636,0.268781
1771203961.821,8160,6,6,0.0000,0.0001,0.0004,0.0000,0.0002,0.0001,0.9992,0.145461,0.193619,0.001373,0.001644,0.000608,0.000000,-0.012217,0.362283,0.006981,0.043192,0.006981,0.268579,0.218166,-0.065882,-0.017453,0.678782,0.160570,-0.001745,0.005236,0.018245,0.001745,0.224708,0.164061,1.171140,0.148353,-0.233434,0.005236,0.315924,0.268781
1771203961.921,8163,6,6,0.0000,0.0001,0.0004,0.0000,0.0002,0.0001,0.9992,0.147630,0.196848,0.002960,0.003390,0.001486,0.000000,-0.012217,0.357324,0.006981,0.027939,0.006981,0.243038,0.219911,-0.054119,-0.020944,0.750563,0.158825,-0.001745,0.006981,0.021715,0.001745,0.226844,0.165806,1.198949,0.148353,-0.235571,0.006981,0.319509,0.265290
1771203962.022,8166,6,6,0.0000,0.0001,0.0004,0.0000,0.0002,0.0001,0.9992,0.147381,0.201083,0.002531,0.002385,0.000532,0.000000,-0.012217,0.355167,0.006981,0.033480,0.006981,0.236445,0.219911,-0.059660,-0.020944,0.749031,0.160570,-0.001745,0.006981,0.055129,0.001745,0.231652,0.167552,1.218445,0.148353,-0.240379,0.006981,0.314357,0.261799
1771203962.125,8169,6,6,0.0000,0.0001,0.0004,0.0000,0.0002,0.0001,0.9991,0.147791,0.199241,0.001612,0.002046,0.000530,0.000000,-0.010472,0.361218,0.006981,0.037455,0.008727,0.232582,0.219911,-0.063635,-0.020944,0.746047,0.160570,-0.001745,0.006981,0.049734,0.001745,0.236433,0.172788,1.189617,0.150098,-0.245160,0.008727,0.316466,0.258309
1771203962.224,8172,6,6,0.0000,0.0001,0.0004,0.0000,0.0003,0.0001,0.9991,0.145219,0.203786,0.001175,0.001193,0.000539,0.000000,-0.012217,0.355729,0.006981,0.038346,0.010472,0.230126,0.221657,-0.064526,-0.020944,0.718745,0.160570,-0.001745,0.006981,0.087455,0.001745,0.234933,0.178024,1.191914,0.150098,-0.243660,0.010472,0.328998,0.254818
1771203962.325,8175,6,6,0.0000,0.0001,0.0004,0.0000,0.0003,0.0001,0.9991,0.146031,0.207706,0.002412,0.002646,0.000887,0.000000,-0.012217,0.354672,0.006981,0.032480,0.010472,0.227530,0.235619,-0.058659,-0.020944,0.724051,0.160570,-0.001745,0.006981,0.066272,0.001745,0.238012,0.179769,1.207262,0.150098,-0.248484,0.012217,0.378790,0.251327
1771203962.423,8178,6,6,0.0000,0.0001,0.0005,0.0000,0.0003,0.0001,0.9990,0.144320,0.206257,0.001803,0.001158,0.000639,0.000000,-0.012217,0.332219,0.006981,0.007629,0.012217,0.232553,0.247837,-0.033809,-0.022689,0.731828,0.160570,-0.001745,0.006981,0.065980,0.001745,0.245953,0.179769,1.195461,0.151844,-0.254679,0.012217,0.372537,0.242601
1771203962.527,8181,6,6,0.0000,0.0001,0.0005,0.0000,0.0004,0.0001,0.9989,0.157464,0.191284,0.002220,0.003291,0.001625,0.000000,-0.012217,0.298287,0.006981,0.015148,0.012217,0.334991,0.258309,-0.041328,-0.024435,0.803062,0.160570,-0.001745,0.005236,0.057816,0.001745,0.259586,0.181514,1.070311,0.151844,-0.270058,0.012217,0.317772,0.237365
1771203962.627,8184,6,6,0.0000,0.0001,0.0005,0.0000,0.0006,0.0002,0.9986,0.157562,0.191235,0.001752,0.001940,0.000609,0.000000,-0.012217,0.290285,0.006981,0.019730,0.015708,0.320542,0.260054,-0.047655,-0.020944,0.816876,0.160570,-0.001745,0.005236,0.033821,0.001745,0.246756,0.205949,1.079885,0.151844,-0.257228,0.019199,0.314765,0.235619
1771203962.724,8187,6,6,0.0001,0.0002,0.0005,0.0001,0.0019,0.0007,0.9965,0.161965,0.187934,0.001460,0.002330,0.001138,0.000000,-0.012217,0.307730,0.006981,0.019362,0.020944,0.322055,0.261799,-0.047287,-0.017453,0.844142,0.160570,-0.001745,0.005236,0.038610,0.001745,0.222962,0.223402,1.044768,0.151844,-0.233434,0.031416,0.299607,0.235619
1771203962.824,8190,6,6,0.0005,0.0004,0.0007,0.0012,0.0119,0.0071,0.9782,0.165095,0.184217,0.002814,0.002545,0.000885,0.000000,-0.012217,0.404933,0.006981,-0.000595,0.024435,0.264549,0.274017,-0.027330,-0.017453,0.845655,0.160570,-0.001745,0.006981,0.053615,0.001745,0.211821,0.239110,0.965738,0.151844,-0.222293,0.043633,0.300497,0.235619
1771203962.925,8193,6,6,0.0006,0.0005,0.0006,0.0018,0.0238,0.0070,0.9658,0.173870,0.195889,0.002504,0.002844,0.001040,0.000000,-0.012217,0.412172,0.006981,-0.058310,0.026180,0.276396,0.294961,0.030384,-0.017453,0.878796,0.160570,-0.001745,0.006981,0.070804,0.001745,0.221218,0.261799,0.998413,0.151844,-0.229944,0.062832,0.339417,0.235619
1771203963.026,8196,6,6,0.0000,0.0001,0.0003,0.0000,0.0005,0.0001,0.9990,0.182842,0.205634,0.002366,0.002964,0.001116,-0.003491,-0.003491,0.416652,0.008727,-0.076358,0.052360,0.271710,0.301942,0.058905,0.001745,0.921489,0.160570,-0.001745,0.006981,0.086142,0.001745,0.200574,0.277507,1.061423,0.151844,-0.209301,0.075049,0.370724,0.235619
1771203963.128,8199,6,6,0.0000,0.0001,0.0002,0.0000,0.0002,0.0001,0.9995,0.186550,0.209319,0.002921,0.001952,0.001164,-0.008727,0.006981,0.438914,0.008727,-0.071287,0.078540,0.245415,0.301942,0.071287,0.012217,0.915750,0.158825,-0.001745,0.005236,0.067546,0.001745,0.180910,0.287979,1.078558,0.151844,-0.187891,0.083776,0.429080,0.225147
1771203963.229,8202,6,6,0.0003,0.0003,0.0003,0.0009,0.0346,0.0016,0.9621,0.191819,0.206522,0.002021,0.002628,0.002754,-0.008727,0.010472,0.460719,0.008727,-0.071244,0.111701,0.255352,0.301942,0.083461,0.027925,0.882701,0.158825,-0.001745,0.005236,0.110882,0.001745,0.178734,0.293215,1.045219,0.151844,-0.187461,0.083776,0.396422,0.211185
1771203963.329,8205,4,4,0.0009,0.0020,0.0018,0.0176,0.6331,0.0197,0.3250,0.188801,0.203716,0.001641,0.004966,0.003104,-0.012217,0.013963,0.510100,0.008727,-0.066703,0.141372,0.211277,0.300197,0.085902,0.040143,0.795112,0.158825,0.000000,0.012217,0.106206,0.005236,0.184278,0.294961,1.042499,0.151844,-0.193004,0.083776,0.361120,0.202458
1771203963.429,8208,4,4,0.0009,0.0017,0.0014,0.0127,0.5528,0.0122,0.4182,0.191269,0.202928,0.001685,0.002942,0.001483,-0.015708,0.024435,0.533328,0.010472,-0.068586,0.157080,0.188932,0.300197,0.094766,0.050615,0.776581,0.158825,-0.001745,0.024435,0.112205,0.006981,0.177071,0.294961,1.030231,0.151844,-0.191034,0.085521,0.352920,0.198968
1771203963.529,8211,6,6,0.0008,0.0016,0.0013,0.0089,0.4584,0.0085,0.5205,0.189223,0.199680,0.003539,0.001813,0.002225,-0.013963,0.026180,0.522242,0.010472,-0.127314,0.157080,0.106238,0.300197,0.155239,0.057596,0.776603,0.158825,-0.001745,0.024435,0.084552,0.006981,0.176271,0.294961,1.021112,0.151844,-0.184998,0.087266,0.349771,0.198968
1771203963.638,8214,4,4,0.0011,0.0022,0.0023,0.0162,0.8286,0.0136,0.1360,0.183337,0.201276,0.000933,0.003029,0.002178,-0.013963,0.026180,0.512968,0.010472,-0.119285,0.157080,0.035019,0.300197,0.147211,0.061087,0.791003,0.158825,-0.001745,0.024435,0.086228,0.005236,0.185286,0.289725,1.034725,0.150098,-0.188777,0.092502,0.348103,0.198968
1771203963.738,8217,4,4,0.0012,0.0020,0.0022,0.0153,0.8941,0.0119,0.0733,0.175377,0.202336,0.000679,0.001937,0.002496,-0.013963,0.033161,0.503154,0.010472,-0.074192,0.158825,-0.018151,0.300197,0.100372,0.061087,0.778428,0.158825,0.000000,0.036652,0.130109,0.006981,0.195707,0.286234,1.015156,0.146608,-0.199198,0.092502,0.319113,0.198968
1771203963.838,8220,4,4,0.0020,0.0017,0.0020,0.0172,0.9233,0.0127,0.0411,0.167768,0.202441,0.000692,0.000451,0.000165,-0.013963,0.040143,0.485399,0.010472,-0.078225,0.158825,-0.232444,0.300197,0.104405,0.059341,0.695613,0.158825,0.000000,0.040143,0.138478,0.006981,0.201554,0.284489,0.995717,0.146608,-0.205045,0.092502,0.323852,0.198968
1771203963.939,8223,4,4,0.0025,0.0016,0.0022,0.0242,0.9144,0.0187,0.0364,0.164538,0.207844,0.002193,0.000871,0.001239,-0.013963,0.041888,0.440254,0.010472,-0.086821,0.158825,-0.160445,0.300197,0.113001,0.061087,0.688159,0.160570,0.000000,0.040143,0.174767,0.006981,0.196951,0.286234,0.995867,0.146608,-0.200442,0.092502,0.355108,0.198968
1771203964.042,8226,4,4,0.0006,0.0010,0.0005,0.0292,0.8580,0.0228,0.0879,0.296624,0.219184,0.000865,0.000998,0.001042,-0.013963,0.045379,-0.286718,0.866167,-0.117165,0.158825,-0.883153,0.902905,0.143345,0.061087,-0.365348,1.381782,0.000000,0.040143,0.170909,0.006981,0.187666,0.286234,1.041998,0.146608,-0.192902,0.092502,0.458194,0.198968
1771203964.150,8229,6,6,0.0000,0.0000,0.0001,0.0000,0.0001,0.0000,0.9997,0.293877,0.217608,0.000567,0.001556,0.001662,-0.013963,0.048869,-0.222984,0.812887,-0.201710,0.158825,-0.950215,0.836908,0.227890,0.061087,-0.352605,1.380057,0.000000,0.040143,0.151374,0.006981,0.200390,0.286234,1.043777,0.146608,-0.205626,0.092502,0.444323,0.198968
1771203964.244,8232,6,6,0.0000,0.0000,0.0002,0.0000,0.0001,0.0000,0.9997,0.189726,0.214863,0.001121,0.002283,0.002485,-0.013963,0.048869,0.579784,0.010472,-0.229339,0.158825,-0.518995,0.300197,0.255519,0.061087,0.703135,0.158825,0.000000,0.040143,0.136100,0.006981,0.193774,0.286234,1.043642,0.146608,-0.199010,0.092502,0.433407,0.198968
1771203964.344,8235,6,6,0.0000,0.0000,0.0002,0.0000,0.0001,0.0000,0.9996,0.193099,0.209979,0.000965,0.001421,0.001146,-0.013963,0.048869,0.629608,0.010472,-0.236481,0.158825,-0.551549,0.300197,0.262661,0.061087,0.686642,0.158825,0.000000,0.040143,0.147385,0.006981,0.200662,0.286234,1.016729,0.146608,-0.204152,0.092502,0.383541,0.198968
1771203964.445,8238,6,6,0.0000,0.0000,0.0002,0.0000,0.0001,0.0000,0.9996,0.191815,0.207488,0.002779,0.002980,0.001921,-0.013963,0.048869,0.623370,0.010472,-0.242751,0.158825,-0.595656,0.300197,0.268931,0.061087,0.669456,0.160570,0.000000,0.040143,0.162476,0.006981,0.199732,0.284489,0.972956,0.146608,-0.201477,0.092502,0.384998,0.198968
1771203964.545,8241,6,6,0.0000,0.0000,0.0002,0.0000,0.0001,0.0001,0.9995,0.178721,0.207735,0.002806,0.001282,0.001770,-0.013963,0.048869,0.610683,0.010472,-0.195807,0.157080,-0.392336,0.300197,0.221987,0.061087,0.573708,0.160570,0.000000,0.040143,0.105493,0.006981,0.184087,0.280998,1.004901,0.143117,-0.185832,0.092502,0.435627,0.198968
1771203964.645,8244,6,6,0.0000,0.0001,0.0003,0.0000,0.0001,0.0001,0.9995,0.169323,0.224295,0.003714,0.004491,0.001357,-0.013963,0.048869,0.608718,0.010472,-0.088882,0.157080,-0.045313,0.298451,0.115062,0.061087,0.573313,0.158825,0.000000,0.040143,0.115670,0.006981,0.211895,0.265290,1.146846,0.139626,-0.213640,0.092502,0.473615,0.198968
1771203964.745,8247,6,6,0.0000,0.0001,0.0002,0.0000,0.0001,0.0001,0.9995,0.183904,0.220121,0.001549,0.000000,0.001598,-0.013963,0.048869,0.602733,0.010472,-0.049167,0.153589,0.172579,0.294961,0.075347,0.061087,0.628382,0.158825,-0.001745,0.040143,0.111492,0.008727,0.237730,0.242601,1.126451,0.136136,-0.239476,0.087266,0.451939,0.198968
1771203964.846,8250,6,6,0.0000,0.0001,0.0003,0.0000,0.0002,0.0001,0.9994,0.169244,0.205370,0.001274,0.001117,0.002573,-0.013963,0.048869,0.552104,0.010472,-0.028405,0.151844,0.132438,0.291470,0.056330,0.061087,0.567489,0.158825,-0.001745,0.040143,0.027062,0.012217,0.212323,0.228638,1.119582,0.132645,-0.214068,0.082030,0.410831,0.198968
1771203964.946,8253,6,6,0.0000,0.0001,0.0003,0.0000,0.0002,0.0001,0.9993,0.156971,0.196758,0.000701,0.001264,0.002363,-0.013963,0.048869,0.486889,0.010472,-0.044500,0.150098,0.046434,0.289725,0.072425,0.061087,0.558823,0.158825,-0.001745,0.040143,-0.008150,0.012217,0.200267,0.218166,1.097324,0.132645,-0.202012,0.075049,0.386314,0.198968
1771203965.047,8256,6,6,0.0000,0.0001,0.0004,0.0000,0.0003,0.0001,0.9991,0.144526,0.179361,0.001930,0.000942,0.001402,-0.013963,0.048869,0.472360,0.010472,-0.005521,0.146608,0.032933,0.289725,0.031701,0.061087,0.481729,0.158825,0.000000,0.041888,-0.208815,0.012217,0.151917,0.202458,0.978799,0.130900,-0.153662,0.071558,0.363624,0.198968
1771203965.148,8259,6,6,0.0001,0.0008,0.0007,0.0001,0.0008,0.0001,0.9974,0.100451,0.055739,0.002864,0.001761,0.003066,-0.013963,0.050615,0.367738,0.010472,-0.097648,0.143117,-1.100328,0.289725,0.123828,0.061087,-0.998456,0.158825,0.001745,0.048869,-1.107717,0.013963,-0.030078,0.185005,-0.303094,0.129154,0.030078,0.062832,-0.575670,0.197222
1771203965.249,8262,6,6,0.0050,0.0124,0.0006,0.0005,0.0013,0.0003,0.9798,0.073252,0.061064,0.001413,0.001443,0.003213,-0.013963,0.055851,-0.133963,0.010472,-0.133771,0.143117,-1.686199,0.289725,0.159951,0.061087,-1.812813,0.158825,0.001745,0.075049,-1.244091,0.020944,0.114921,0.153589,-0.913586,0.127409,-0.114921,0.050615,-1.754662,0.188496
1771203965.349,8265,1,6,0.0167,0.5860,0.0019,0.0009,0.0001,0.0018,0.3927,0.070725,0.058144,0.002629,0.001383,0.002471,-0.013963,0.073304,-0.337225,0.010472,-0.108683,0.143117,-1.643919,0.277507,0.134863,0.057596,-1.671909,0.151844,0.005236,0.122173,-1.518242,0.038397,0.109551,0.109956,-1.092901,0.120428,-0.107806,0.024435,-1.769809,0.167552
1771203965.450,8268,1,1,0.0000,0.9862,0.0049,0.0003,0.0000,0.0002,0.0084,0.064041,0.053988,0.005634,0.003727,0.002318,-0.017453,0.089012,-0.478428,0.010472,-0.096546,0.136136,-1.852098,0.246091,0.120981,0.048869,-1.901953,0.116937,0.006981,0.198968,-1.643576,0.064577,0.075383,0.075049,-1.348329,0.087266,-0.073637,0.010472,-1.891651,0.129154
1771203965.550,8271,1,1,0.0001,0.9786,0.0076,0.0067,0.0001,0.0003,0.0066,0.041172,0.034978,0.001589,0.001494,0.000880,-0.003491,0.048869,-0.057528,0.005236,-0.094380,0.075049,-1.696002,0.143117,0.110088,0.036652,-1.649433,0.075049,0.000000,0.143117,-1.404162,0.048869,0.034022,0.040143,-1.105359,0.062832,-0.021805,0.000000,-1.659629,0.090757
1771203965.650,8274,1,1,0.0000,0.9915,0.0040,0.0025,0.0000,0.0000,0.0020,0.027560,0.023287,0.001930,0.001458,0.002587,-0.001745,0.027925,-0.038596,0.003491,-0.070665,0.050615,-1.416325,0.087266,0.079392,0.033161,-1.345305,0.048869,0.000000,0.089012,-1.113682,0.024435,0.047316,0.015708,-0.836666,0.038397,-0.029863,0.000000,-1.380030,0.064577
1771203965.751,8277,1,1,0.0000,0.9987,0.0012,0.0001,0.0000,0.0000,0.0001,0.017322,0.016879,0.002558,0.002077,0.002891,0.000000,0.012217,-0.167713,0.003491,-0.054271,0.024435,-1.144019,0.052360,0.059507,0.031416,-1.104256,0.024435,-0.003491,0.068068,-0.841020,0.008727,0.047217,0.003491,-0.628710,0.024435,-0.012311,-0.001745,-1.156136,0.050615
1771203965.852,8280,1,1,0.0000,0.9998,0.0002,0.0000,0.0000,0.0000,0.0000,0.013561,0.012072,0.001829,0.001728,0.004438,0.000000,0.003491,-0.282692,0.003491,-0.070235,0.012217,-0.951540,0.033161,0.070235,0.029671,-0.890789,0.010472,-0.003491,0.057596,-0.581044,0.001745,0.027116,0.000000,-0.410426,0.005236,0.014772,-0.003491,-0.923662,0.038397
1771203965.953,8283,1,1,0.0000,0.9999,0.0001,0.0000,0.0000,0.0000,0.0000,0.006108,0.010677,0.002289,0.001972,0.001683,0.000000,0.000000,-0.147142,0.003491,-0.024423,0.001745,-0.615440,0.012217,0.022678,0.031416,-0.602365,0.001745,-0.005236,0.052360,-0.266433,0.001745,-0.000712,-0.001745,-0.347298,0.000000,0.042600,-0.003491,-0.728925,0.031416
1771203966.055,8286,1,1,0.0000,0.9999,0.0000,0.0000,0.0000,0.0000,0.0000,0.013780,0.009890,0.002434,0.003122,0.001627,0.000000,0.000000,0.110773,0.003491,0.017939,0.000000,-0.368888,0.003491,-0.021429,0.029671,-0.322908,0.000000,-0.005236,0.048869,-0.156511,0.000000,0.005295,-0.001745,-0.227253,0.000000,0.041829,-0.001745,-0.473221,0.022689
1771203966.157,8289,1,1,0.0000,0.9999,0.0000,0.0000,0.0000,0.0000,0.0000,0.013237,0.008727,0.002310,0.002449,0.000729,0.000000,0.000000,0.103537,0.003491,0.020396,0.000000,-0.244450,0.003491,-0.022141,0.027925,-0.184497,0.000000,-0.006981,0.045379,-0.227204,0.000000,0.022234,-0.001745,-0.111705,0.000000,0.024890,-0.001745,-0.304259,0.012217
1771203966.254,8292,1,1,0.0000,0.9999,0.0001,0.0000,0.0000,0.0000,0.0000,0.005294,0.007999,0.007324,0.009466,0.010098,0.000000,0.000000,0.030368,0.003491,-0.002723,0.000000,-0.232054,0.000000,-0.004259,0.029671,-0.165858,0.000000,-0.006981,0.043633,-0.229006,0.000000,0.013367,-0.001745,-0.067554,0.000000,0.033757,-0.001745,-0.195402,0.005236
1771203966.355,8295,1,1,0.0000,1.0000,0.0000,0.0000,0.0000,0.0000,0.0000,0.005758,0.007854,0.005531,0.017118,0.012764,0.000000,0.000000,-0.010320,0.003491,-0.041174,0.000000,-0.270357,0.000000,0.037684,0.027925,-0.252668,-0.001745,-0.006981,0.041888,-0.116779,0.000000,0.021395,-0.003491,-0.040527,-0.001745,0.029219,-0.001745,-0.129420,0.001745
1771203966.455,8298,1,1,0.0000,1.0000,0.0000,0.0000,0.0000,0.0000,0.0000,0.006391,0.016223,0.000879,0.007460,0.007632,0.000000,0.000000,-0.020036,0.003491,0.047027,0.000000,-0.188676,0.000000,-0.052263,0.026180,-0.297517,-0.003491,-0.006981,0.040143,0.087646,0.000000,-0.014526,-0.003491,-0.025188,-0.001745,0.065141,-0.001745,-0.133754,0.001745
1771203966.556,8301,1,1,0.0000,1.0000,0.0000,0.0000,0.0000,0.0000,0.0000,0.004960,0.028565,0.001270,0.000525,0.013608,0.000000,0.000000,-0.063400,0.003491,0.031599,0.000000,-0.105074,0.000000,-0.040326,0.024435,-0.151772,-0.001745,-0.006981,0.038397,0.209464,0.000000,-0.028592,-0.003491,-0.199129,-0.001745,0.094914,-0.001745,-0.243710,0.000000
1771203966.657,8304,1,1,0.0000,1.0000,0.0000,0.0000,0.0000,0.0000,0.0000,0.007531,0.018590,0.001593,0.001048,0.005132,0.000000,0.000000,0.017366,0.003491,-0.011753,0.000000,-0.064065,0.000000,0.004771,0.024435,0.040308,-0.001745,-0.008727,0.036652,0.113123,0.000000,0.023624,-0.003491,-0.149288,0.000000,0.049680,-0.001745,-0.175611,0.000000
1771203966.757,8307,1,1,0.0000,1.0000,0.0000,0.0000,0.0000,0.0000,0.0000,0.006979,0.009506,0.002397,0.004762,0.005325,0.000000,0.000000,0.026634,0.003491,-0.037917,0.000000,-0.072193,0.000000,0.030936,0.022689,-0.031718,-0.001745,-0.008727,0.034907,0.009356,0.000000,0.024580,-0.001745,-0.110648,0.000000,0.045233,-0.001745,-0.133702,0.000000
1771203966.857,8310,1,1,0.0000,1.0000,0.0000,0.0000,0.0000,0.0000,0.0000,0.016431,0.013763,0.008949,0.004620,0.003465,0.000000,0.000000,0.159443,0.003491,-0.018532,0.000000,-0.126054,0.000000,0.011551,0.022689,-0.045627,-0.001745,-0.006981,0.034907,0.030942,0.000000,0.052959,-0.001745,0.029499,0.000000,0.016854,-0.001745,-0.113412,0.000000
1771203966.958,8313,1,1,0.0000,1.0000,0.0000,0.0000,0.0000,0.0000,0.0000,0.010975,0.009523,0.004669,0.007041,0.003740,0.000000,0.000000,0.066219,0.003491,0.039298,0.000000,-0.100644,0.000000,-0.042789,0.022689,-0.021585,-0.001745,-0.006981,0.034907,0.011303,0.000000,0.030697,-0.003491,-0.000079,0.000000,0.037371,-0.001745,-0.095627,0.000000
1771203967.058,8316,1,1,0.0000,1.0000,0.0000,0.0000,0.0000,0.0000,0.0000,0.015078,0.008581,0.006229,0.007929,0.004019,0.000000,0.000000,0.101392,0.003491,0.055110,0.000000,-0.092575,0.000000,-0.058601,0.020944,-0.041741,-0.003491,-0.008727,0.033161,-0.038779,0.000000,0.031517,-0.003491,-0.058895,0.000000,0.038296,-0.001745,-0.107553,0.000000
1771203967.159,8319,1,1,0.0000,1.0000,0.0000,0.0000,0.0000,0.0000,0.0000,0.020942,0.008727,0.003297,0.003150,0.002759,0.000000,0.001745,0.138935,0.003491,0.080647,0.000000,-0.025362,0.000000,-0.080647,0.019199,0.007288,-0.001745,-0.008727,0.034907,-0.177284,0.000000,0.034110,-0.003491,-0.113862,0.000000,0.035703,-0.001745,-0.105767,0.000000
1771203967.260,8322,1,1,0.0000,1.0000,0.0000,0.0000,0.0000,0.0000,0.0000,0.019444,0.008581,0.004107,0.003605,0.001940,0.000000,0.000000,0.121776,0.003491,0.088868,0.000000,-0.041676,0.000000,-0.090613,0.019199,-0.049104,-0.001745,-0.008727,0.033161,-0.133358,0.000000,0.044672,-0.005236,-0.109739,-0.001745,0.025141,-0.003491,-0.102310,0.000000
1771203967.359,8325,1,1,0.0000,1.0000,0.0000,0.0000,0.0000,0.0000,0.0000,0.014316,0.008581,0.009239,0.008561,0.007363,0.001745,0.000000,0.070588,0.003491,0.078519,0.000000,-0.025179,0.000000,-0.080264,0.017453,-0.068604,-0.001745,-0.008727,0.033161,-0.096245,0.000000,0.055697,-0.005236,-0.098415,0.000000,0.014116,-0.001745,-0.100499,0.000000
1771203967.462,8328,1,1,0.0000,0.9999,0.0000,0.0000,0.0000,0.0000,0.0000,0.005506,0.009995,0.005669,0.010338,0.006992,0.000000,0.000000,-0.002109,0.003491,0.048623,0.000000,-0.017407,0.000000,-0.059095,0.013963,-0.093220,-0.001745,-0.008727,0.033161,-0.157890,0.000000,0.086780,-0.005236,-0.037831,0.000000,-0.013477,-0.001745,-0.100530,0.000000
1771203967.564,8331,1,1,0.0000,1.0000,0.0000,0.0000,0.0000,0.0000,0.0000,0.009253,0.014960,0.006156,0.011889,0.016265,0.000000,0.000000,0.021229,0.003491,0.027734,0.000000,0.044614,0.000000,-0.045187,0.013963,-0.116895,-0.003491,-0.008727,0.033161,-0.169997,0.000000,0.091286,-0.006981,0.055070,-0.001745,-0.007510,-0.003491,-0.073996,0.000000
1771203967.664,8334,1,1,0.0000,1.0000,0.0000,0.0000,0.0000,0.0000,0.0000,0.007331,0.019953,0.004923,0.002350,0.003473,0.000000,0.000000,-0.155689,0.001745,0.029826,0.000000,0.042444,0.000000,-0.047279,0.013963,-0.071527,-0.001745,-0.010472,0.033161,-0.155629,0.000000,0.081840,-0.006981,0.086557,0.000000,0.000190,-0.001745,0.037687,0.000000
1771203967.766,8337,1,1,0.0000,1.0000,0.0000,0.0000,0.0000,0.0000,0.0000,0.002730,0.015050,0.006351,0.011617,0.028278,0.000000,0.000000,-0.047768,0.001745,-0.010923,0.000000,-0.028002,0.000000,-0.006531,0.012217,0.018796,-0.003491,-0.008727,0.031416,-0.317621,0.000000,0.083942,-0.006981,0.048400,0.000000,0.001579,-0.003491,0.015258,0.000000
1771203967.867,8340,1,1,0.0000,1.0000,0.0000,0.0000,0.0000,0.0000,0.0000,0.019945,0.022176,0.008137,0.044282,0.071754,0.000000,0.000000,0.122949,0.001745,-0.037809,0.000000,-0.039054,0.000000,0.020356,0.010472,0.083823,-0.001745,-0.006981,0.027925,-0.204050,-0.001745,0.070555,0.000000,0.074323,0.000000,0.001004,-0.001745,0.092305,0.000000
1771203967.967,8343,1,1,0.0000,1.0000,0.0000,0.0000,0.0000,0.0000,0.0000,0.039495,0.014556,0.005593,0.017425,0.015407,0.000000,-0.001745,0.170014,0.001745,-0.023621,0.000000,0.104813,0.000000,0.002677,0.008727,0.185961,-0.001745,-0.005236,0.024435,-0.070217,0.000000,0.052635,-0.006981,0.064926,-0.001745,0.003215,0.000000,0.029458,0.000000
1771203968.068,8346,1,1,0.0000,0.9999,0.0001,0.0000,0.0000,0.0000,0.0000,0.017578,0.007049,0.003346,0.003141,0.005414,0.000000,0.000000,-0.027951,0.001745,-0.036835,0.000000,0.099088,0.000000,0.015891,0.008727,0.085484,-0.001745,-0.003491,0.022689,-0.013164,-0.001745,0.021244,-0.003491,0.012262,0.000000,0.025880,0.000000,0.002510,0.000000
1771203968.170,8349,1,1,0.0000,1.0000,0.0000,0.0000,0.0000,0.0000,0.0000,0.010520,0.011761,0.004457,0.003848,0.010688,0.001745,-0.003491,-0.345770,0.001745,-0.005794,0.001745,0.107496,0.000000,-0.018641,0.006981,0.006521,-0.003491,-0.006981,0.015708,0.021327,-0.003491,0.034796,-0.003491,-0.003794,-0.001745,0.010582,0.000000,0.058715,0.000000
1771203968.270,8352,1,1,0.0000,1.0000,0.0000,0.0000,0.0000,0.0000,0.0000,0.001309,0.025597,0.004243,0.003339,0.003168,0.003491,-0.003491,-0.286807,0.001745,-0.013192,0.001745,-0.122094,0.000000,-0.007752,0.008727,-0.183614,-0.001745,-0.006981,0.012217,-0.022915,-0.003491,0.060616,0.000000,0.041316,0.000000,-0.015237,0.000000,0.193014,0.000000
1771203968.370,8355,1,1,0.0000,1.0000,0.0000,0.0000,0.0000,0.0000,0.0000,0.001600,0.007854,0.001302,0.004515,0.005400,0.005236,-0.005236,-0.304200,0.001745,-0.001027,0.003491,-0.120363,-0.001745,-0.019917,0.008727,-0.092439,-0.001745,-0.005236,0.010472,-0.003700,-0.003491,0.013217,-0.001745,-0.006199,-0.001745,0.032162,0.000000,0.038402,0.000000
1771203968.473,8358,1,1,0.0000,1.0000,0.0000,0.0000,0.0000,0.0000,0.0000,0.004486,0.005656,0.001597,0.004816,0.004334,0.005236,-0.003491,-0.092128,0.001745,0.034637,0.003491,-0.037740,-0.001745,-0.064307,0.008727,-0.011203,-0.003491,-0.005236,0.006981,-0.013375,-0.005236,0.034595,-0.001745,0.002758,-0.001745,0.009038,0.000000,0.014502,0.000000
1771203968.572,8361,1,1,0.0000,1.0000,0.0000,0.0000,0.0000,0.0000,0.0000,0.019627,0.011009,0.000670,0.004369,0.009138,0.005236,-0.005236,0.199714,0.001745,0.018361,0.001745,-0.067720,-0.001745,-0.067230,0.008727,-0.012941,-0.003491,-0.006981,0.006981,-0.013777,-0.003491,0.021469,-0.003491,0.021304,0.000000,0.022164,0.000000,0.060192,0.000000
1771203968.675,8364,1,1,0.0000,1.0000,0.0000,0.0000,0.0000,0.0000,0.0000,0.024936,0.004276,0.000256,0.009245,0.012687,0.005236,-0.005236,0.252115,0.001745,0.001391,0.003491,-0.064321,-0.001745,-0.062478,0.008727,0.026526,-0.001745,-0.006981,0.006981,0.004183,-0.003491,0.019456,-0.003491,-0.000713,-0.001745,0.020686,0.000000,-0.020990,0.000000
1771203968.773,8367,1,1,0.0000,1.0000,0.0000,0.0000,0.0000,0.0000,0.0000,0.023997,0.007732,0.002619,0.002319,0.006353,0.005236,-0.005236,0.172047,0.001745,0.000190,0.001745,-0.056694,-0.001745,-0.063021,0.008727,0.098270,-0.001745,-0.006981,0.006981,0.012714,-0.003491,0.057996,-0.005236,0.015098,-0.001745,-0.017853,0.000000,-0.003818,0.000000
1771203968.872,8370,1,1,0.0000,1.0000,0.0000,0.0000,0.0000,0.0000,0.0000,0.015137,0.007778,0.002992,0.006166,0.030184,0.003491,-0.005236,-0.180598,0.001745,-0.020333,0.003491,-0.021020,-0.001745,-0.042498,0.008727,0.164195,-0.001745,-0.006981,0.006981,0.009618,-0.003491,0.076741,-0.003491,-0.001939,-0.003491,-0.029617,-0.001745,-0.175043,0.000000
1771203968.973,8373,1,1,0.0000,1.0000,0.0000,0.0000,0.0000,0.0000,0.0000,0.007688,0.007441,0.005737,0.003841,0.007731,0.005236,-0.005236,-0.084667,0.001745,-0.015983,0.001745,-0.010096,-0.001745,-0.045103,0.008727,0.074804,-0.001745,-0.006981,0.006981,0.031700,-0.001745,0.006542,-0.003491,-0.020168,-0.001745,0.044072,-0.001745,-0.159747,0.000000
1771203969.073,8376,1,1,0.0000,1.0000,0.0000,0.0000,0.0000,0.0000,0.0000,0.002750,0.005091,0.004163,0.010258,0.009308,0.003491,-0.005236,0.017287,0.001745,-0.036718,0.001745,-0.037677,-0.001745,-0.024369,0.008727,-0.030110,-0.001745,-0.006981,0.005236,-0.034293,-0.003491,0.000905,-0.001745,-0.020535,-0.001745,0.054946,0.000000,-0.104666,0.000000
1771203969.173,8379,1,1,0.0000,1.0000,0.0000,0.0000,0.0000,0.0000,0.0000,0.002866,0.004945,0.008914,0.024151,0.030013,0.005236,-0.005236,0.016944,0.001745,-0.041542,0.001745,-0.046763,-0.001745,-0.017800,0.008727,-0.056289,-0.001745,-0.006981,0.005236,-0.092000,-0.001745,0.014193,0.000000,-0.139019,-0.003491,0.039912,0.000000,-0.104753,0.000000
1771203969.274,8382,1,1,0.0000,1.0000,0.0000,0.0000,0.0000,0.0000,0.0000,0.003343,0.004764,0.007679,0.014641,0.011576,0.005236,-0.003491,-0.024080,0.001745,-0.078516,0.001745,-0.046109,-0.001745,0.022666,0.008727,-0.013753,-0.001745,-0.005236,0.005236,0.006557,-0.001745,0.012620,0.000000,-0.082839,-0.001745,0.032759,0.000000,-0.108527,0.000000
1771203969.374,8385,1,1,0.0000,1.0000,0.0000,0.0000,0.0000,0.0000,0.0000,0.001454,0.003927,0.006651,0.005585,0.002419,0.005236,-0.003491,-0.051005,0.001745,-0.033189,0.001745,-0.018882,-0.001745,-0.019171,0.008727,-0.064098,-0.001745,-0.006981,0.005236,-0.024889,-0.003491,0.015950,0.000000,-0.088710,-0.001745,0.025937,0.000000,-0.185521,0.000000
1771203969.474,8388,1,1,0.0000,1.0000,0.0000,0.0000,0.0000,0.0000,0.0000,0.001454,0.003782,0.003680,0.003993,0.003606,0.005236,-0.003491,-0.011711,0.001745,-0.022094,0.001745,-0.063275,-0.001745,-0.030266,0.008727,-0.112757,-0.001745,-0.005236,0.006981,-0.079693,-0.001745,0.037462,-0.001745,-0.144685,-0.001745,0.000935,0.000000,-0.167465,0.000000
1771203969.575,8391,1,1,0.0000,1.0000,0.0000,0.0000,0.0000,0.0000,0.0000,0.001309,0.003927,0.006502,0.009268,0.004087,0.003491,-0.003491,-0.072052,0.001745,-0.039299,0.001745,-0.042903,-0.001745,-0.013061,0.008727,-0.090604,-0.003491,-0.005236,0.005236,-0.091074,-0.001745,0.008936,-0.001745,-0.202524,-0.003491,0.032952,0.000000,-0.161967,0.000000
1771203969.675,8394,1,1,0.0000,1.0000,0.0000,0.0000,0.0000,0.0000,0.0000,0.001454,0.003661,0.008017,0.006893,0.002682,0.005236,-0.005236,-0.191926,0.000000,-0.042571,0.001745,-0.075894,-0.001745,-0.008043,0.010472,-0.068992,-0.001745,-0.005236,0.006981,-0.070078,-0.005236,-0.000304,0.000000,-0.132939,-0.001745,0.036956,0.000000,-0.128302,0.000000
1771203969.776,8397,1,1,0.0000,1.0000,0.0000,0.0000,0.0000,0.0000,0.0000,0.015681,0.006804,0.004858,0.002827,0.003216,0.005236,-0.003491,-0.161733,0.000000,-0.019681,0.001745,0.028636,-0.001745,-0.029188,0.008727,0.143832,-0.001745,-0.005236,0.006981,0.029286,-0.001745,0.036437,-0.005236,-0.114534,-0.001745,0.008941,0.000000,-0.118452,0.000000
1771203969.876,8400,1,1,0.0000,1.0000,0.0000,0.0000,0.0000,0.0000,0.0000,0.008750,0.004937,0.006728,0.002186,0.005154,0.005236,-0.005236,-0.099973,0.000000,-0.002470,0.001745,0.020729,-0.001745,-0.049890,0.008727,0.068563,-0.001745,-0.006981,0.006981,0.008629,-0.003491,0.014584,-0.001745,-0.096093,-0.001745,0.029049,0.000000,-0.118747,0.000000
1771203969.978,8403,1,1,0.0000,1.0000,0.0000,0.0000,0.0000,0.0000,0.0000,0.008546,0.013825,0.014754,0.010156,0.012634,0.005236,-0.003491,-0.136663,0.000000,0.020742,0.001745,0.029426,-0.001745,-0.078338,0.008727,0.036673,-0.003491,-0.006981,0.006981,0.115004,-0.001745,0.043913,-0.003491,-0.090923,-0.001745,-0.000279,0.000000,-0.072442,0.000000
1771203970.078,8406,1,1,0.0000,1.0000,0.0000,0.0000,0.0000,0.0000,0.0000,0.013762,0.010508,0.016524,0.022510,0.023332,0.005236,-0.005236,-0.048821,0.000000,0.015871,0.003491,0.027899,-0.001745,-0.078703,0.008727,0.103926,-0.001745,-0.006981,0.006981,0.061686,-0.001745,0.057429,-0.001745,-0.093441,-0.003491,-0.008559,0.000000,-0.073120,0.000000
1771203970.185,8409,1,1,0.0000,0.9998,0.0002,0.0000,0.0000,0.0000,0.0000,0.002459,0.095731,0.013011,0.021410,0.041430,0.005236,-0.003491,-0.175373,0.000000,0.013802,0.001745,-0.129361,-0.001745,-0.080124,0.008727,-0.023287,-0.001745,-0.006981,0.006981,0.041048,-0.001745,-0.024627,-0.001745,0.355005,-0.001745,0.076987,0.000000,0.668748,0.000000
1771203970.282,8412,1,1,0.0000,0.9994,0.0006,0.0000,0.0000,0.0000,0.0000,0.003791,0.150684,0.013955,0.038639,0.059161,0.005236,-0.005236,-0.348837,0.000000,0.029782,0.001745,-0.046601,-0.001745,-0.101340,0.008727,-0.304170,-0.001745,-0.006981,0.006981,-0.194436,-0.001745,-0.087324,-0.003491,0.591762,-0.003491,0.144920,0.000000,1.064547,0.000000
1771203970.385,8415,1,1,0.0000,0.9993,0.0007,0.0000,0.0000,0.0000,0.0000,0.189116,0.091917,0.026742,0.026049,0.073512,0.005236,-0.005236,0.628020,0.000000,0.087930,0.001745,0.476090,-0.001745,-0.155997,0.010472,1.059894,-0.001745,-0.006981,0.005236,-0.139546,-0.003491,0.104057,-0.003491,0.408696,-0.001745,-0.055187,0.000000,0.585012,0.000000
1771203970.484,8418,1,1,0.0000,0.9980,0.0019,0.0001,0.0000,0.0000,0.0000,0.206739,0.019351,0.020640,0.036174,0.049817,0.005236,-0.005236,0.814141,0.000000,0.032968,0.003491,0.757828,-0.001745,-0.090563,0.008727,0.858474,-0.001745,-0.006981,0.006981,-0.069580,-0.003491,0.189334,-0.005236,-0.043680,-0.003491,-0.145700,0.000000,0.035894,0.000000
1771203970.588,8421,1,1,0.0000,0.9929,0.0071,0.0000,0.0000,0.0000,0.0000,0.029585,0.034087,0.006887,0.015527,0.051660,0.003491,-0.005236,0.339307,0.000000,-0.016242,0.003491,-0.571799,-0.001745,-0.034373,0.008727,-0.498886,-0.001745,-0.006981,0.006981,0.225808,-0.001745,0.176260,-0.003491,-0.077457,-0.001745,-0.134372,0.000000,-0.098677,0.000000
1771203970.686,8424,1,1,0.0000,0.9908,0.0092,0.0000,0.0000,0.0000,0.0000,0.002718,0.014622,0.019048,0.013715,0.016666,0.005236,-0.005236,-0.269883,0.000000,0.011672,0.005236,-0.454453,-0.001745,-0.060541,0.010472,-0.432010,-0.003491,-0.006981,0.006981,0.080013,-0.001745,0.088466,-0.005236,-0.102743,-0.001745,-0.048324,-0.001745,-0.043692,0.000000
1771203970.786,8427,1,1,0.0000,0.9983,0.0017,0.0000,0.0000,0.0000,0.0000,0.001745,0.059084,0.002894,0.000000,0.069098,0.005236,-0.005236,-0.061847,0.000000,-0.023275,0.005236,-0.223116,-0.005236,-0.027340,0.010472,-0.065275,-0.001745,-0.006981,0.006981,0.634347,-0.003491,0.067673,-0.003491,-0.541026,-0.003491,-0.024040,-0.001745,-0.446645,0.000000
1771203970.886,8430,1,1,0.0000,0.9935,0.0064,0.0000,0.0000,0.0000,0.0000,0.011995,0.004218,0.001240,1.232853,1.526094,0.005236,-0.005236,0.124740,0.000000,-0.003200,0.003491,-0.195625,-0.001745,-0.045669,0.010472,-0.120399,-0.003491,-0.005236,0.006981,-0.242148,-0.003491,-0.001741,0.000000,-0.310795,0.000000,0.043629,-0.003491,-0.353271,0.000000
1771203970.986,8433,1,1,0.0000,0.9925,0.0075,0.0000,0.0000,0.0000,0.0000,0.025599,0.224332,0.010590,1.420747,1.463805,0.005236,-0.005236,0.204763,0.000000,-0.087189,0.005236,-0.038603,-0.001745,0.038320,0.010472,0.043162,-0.001745,-0.005236,0.006981,2.540141,-0.001745,0.144862,0.000000,-0.729547,0.000000,-0.095993,-0.001745,-0.675442,0.000000
1771203971.087,8436,1,1,0.0000,0.9988,0.0012,0.0000,0.0000,0.0000,0.0000,0.063289,0.032253,0.008847,0.008595,0.020507,0.005236,-0.005236,0.125701,0.000000,-0.051027,0.003491,0.169574,-0.001745,0.005649,0.008727,0.441096,-0.001745,-0.003491,0.006981,0.070955,-0.001745,0.032796,-0.005236,-0.017001,-0.001745,0.014328,-0.001745,0.261971,0.000000
1771203971.190,8439,1,1,0.0000,0.9996,0.0004,0.0000,0.0000,0.0000,0.0000,0.162280,0.016415,0.019356,0.002354,0.018936,0.005236,-0.005236,-0.010505,0.000000,-0.247813,0.005236,0.101703,-0.005236,0.207670,0.010472,1.617047,-0.001745,-0.003491,0.006981,-0.100821,-0.001745,0.030648,-0.003491,-0.046792,-0.001745,0.018221,-0.001745,0.141130,0.000000
1771203971.291,8442,1,1,0.0000,0.9967,0.0007,0.0023,0.0000,0.0000,0.0002,0.173060,0.013685,0.200733,0.005032,0.198155,0.003491,-0.005236,0.198674,0.001745,-0.028699,0.006981,1.555515,-0.005236,-0.002716,0.008727,0.301583,-0.003491,-0.005236,0.006981,-0.102956,-0.001745,0.026635,-0.003491,-0.047946,-0.001745,0.022235,-0.001745,0.108368,0.000000
1771203971.397,8445,1,1,0.0000,0.9984,0.0013,0.0001,0.0000,0.0000,0.0002,0.112107,0.020704,0.002946,0.007287,0.007994,0.005236,-0.005236,-0.880505,-0.001745,-0.221886,0.008727,0.442636,-0.006981,0.186980,0.008727,0.687746,0.005236,-0.003491,0.006981,-0.051601,-0.001745,-0.033475,-0.003491,-0.065983,-0.003491,0.082344,-0.001745,0.159118,0.000000
1771203971.493,8448,1,1,0.0000,0.9982,0.0018,0.0000,0.0000,0.0000,0.0000,0.091197,0.205715,0.006668,0.000000,0.006750,0.003491,-0.003491,-0.521736,0.000000,-0.061951,0.003491,0.586061,-0.001745,0.035772,0.006981,0.458567,0.000000,-0.005236,0.006981,2.335937,-0.003491,0.125663,-0.003491,-0.640535,-0.003491,-0.075049,-0.003491,-0.951204,0.000000
1771203971.592,8451,1,1,0.0000,0.9936,0.0063,0.0000,0.0000,0.0000,0.0001,0.062592,0.180408,0.009889,0.000000,0.010438,0.005236,-0.005236,-0.251921,0.000000,-0.062298,0.005236,0.292129,-0.005236,0.041354,0.006981,0.400172,0.000000,-0.005236,0.006981,2.063666,-0.001745,0.094248,-0.003491,-0.420624,-0.003491,-0.043633,-0.001745,-0.713840,0.000000
1771203971.693,8454,1,1,0.0002,0.9879,0.0101,0.0006,0.0000,0.0001,0.0012,0.259820,0.176779,1.430186,1.309747,0.303842,0.005236,-0.005236,2.786230,0.000000,0.315904,0.003491,-1.857030,-0.001745,-0.333358,0.006981,-2.359685,0.000000,-0.005236,0.006981,2.004411,0.005236,0.104715,-0.005236,-0.411878,-0.003491,-0.050610,-0.001745,-0.610846,0.000000
1771203971.794,8457,1,1,0.0008,0.9213,0.0240,0.0018,0.0000,0.0070,0.0451,0.227817,0.160046,0.537739,0.000000,0.523341,0.005236,-0.005236,2.531361,0.000000,0.184991,0.005236,-1.621399,-0.001745,-0.195463,0.006981,-2.110095,0.000000,-0.003491,0.008727,1.821069,0.003491,0.087264,-0.003491,-0.298450,-0.001745,-0.034905,-0.003491,-0.441559,0.000000
1771203971.897,8460,1,1,0.0000,0.9501,0.0331,0.0018,0.0000,0.0002,0.0148,0.199174,0.136920,0.008065,0.000000,0.007905,0.005236,-0.005236,2.259189,0.000000,0.113444,0.005236,-1.371745,-0.001745,-0.125661,0.006981,-1.842995,-0.001745,-0.003491,0.008727,1.559270,0.000000,0.075047,-0.003491,-0.207693,-0.001745,-0.012215,-0.001745,-0.284480,0.000000
1771203971.996,8463,1,1,0.0000,0.8723,0.1085,0.0052,0.0000,0.0003,0.0137,0.173274,0.115831,0.003740,0.000000,0.003773,0.005236,-0.005236,1.993779,0.000000,0.068054,0.005236,-1.130954,-0.001745,-0.088998,0.006981,-1.582956,-0.001745,-0.003491,0.008727,1.311433,0.001745,0.068066,-0.003491,-0.160569,-0.003491,-0.003489,-0.001745,-0.198959,0.000000
1771203972.096,8466,1,1,0.0001,0.6734,0.3146,0.0036,0.0001,0.0006,0.0075,0.149562,0.095323,0.002020,0.000000,0.001933,0.003491,-0.005236,1.737173,0.000000,0.041859,0.005236,-0.893515,-0.005236,-0.071530,0.006981,-1.329901,-0.001745,-0.003491,0.008727,1.068832,0.000000,0.066321,-0.003491,-0.130899,-0.001745,-0.001743,-0.001745,-0.150089,0.000000
1771203972.196,8469,1,1,0.0044,0.5789,0.4049,0.0021,0.0009,0.0012,0.0077,0.127171,0.087469,0.000836,0.000000,0.000846,0.003491,-0.005236,1.487659,0.000000,0.022680,0.005236,-0.654488,-0.001745,-0.066313,0.006981,-1.082015,-0.001745,-0.001745,0.008727,0.974585,0.001745,0.064575,-0.003491,-0.116936,-0.001745,0.000002,-0.001745,-0.125655,-0.001745
1771203972.299,8472,1,1,0.3252,0.4977,0.1412,0.0065,0.0068,0.0014,0.0212,0.106382,0.087615,0.000674,0.000000,0.000596,0.003491,-0.005236,1.255658,0.000000,0.006967,0.003491,-0.429253,-0.005236,-0.064563,0.006981,-0.851673,-0.003491,-0.001745,0.010472,0.976330,0.001745,0.062830,-0.003491,-0.113445,-0.001745,0.000002,-0.001745,-0.113438,0.000000
1771203972.396,8475,0,0,0.9389,0.0422,0.0051,0.0034,0.0047,0.0004,0.0051,0.086599,0.087760,0.000703,0.000000,0.000699,0.003491,-0.005236,1.019994,0.000000,0.001741,0.005236,-0.279222,-0.005236,-0.066319,0.008727,-0.610846,-0.001745,-0.001745,0.008727,0.976330,0.003491,0.062830,-0.003491,-0.113445,-0.001745,0.001747,-0.001745,-0.113438,-0.001745
1771203972.497,8478,0,0,0.9945,0.0023,0.0002,0.0006,0.0016,0.0002,0.0007,0.080203,0.087615,0.000000,0.000000,0.000000,0.001745,-0.006981,0.944983,0.001745,0.001741,0.003491,-0.197197,-0.005236,-0.066318,0.008727,-0.394416,-0.001745,-0.001745,0.008727,0.976330,0.001745,0.062830,-0.003491,-0.109955,-0.001745,0.001747,-0.001745,-0.113438,0.000000
1771203972.599,8481,0,0,0.9991,0.0002,0.0000,0.0001,0.0004,0.0000,0.0001,0.080057,0.087469,0.000000,0.000000,0.000000,0.001745,-0.006981,0.944983,0.001745,0.001741,0.003491,-0.148328,-0.005236,-0.064573,0.006981,-0.265261,-0.001745,-0.001745,0.008727,0.974585,0.001745,0.062830,-0.003491,-0.109955,-0.003491,0.001747,-0.001745,-0.113438,0.000000
1771203972.697,8484,0,0,0.8602,0.0511,0.0069,0.0019,0.0015,0.0028,0.0754,0.079906,0.087760,0.000000,0.000000,0.000000,0.001745,-0.006981,0.944906,0.001745,0.001745,0.001745,-0.120427,-0.001745,-0.066322,0.006981,-0.185005,-0.001745,-0.001745,0.008727,0.976324,0.003491,0.062832,-0.003491,-0.109955,-0.001745,0.001745,-0.001745,-0.113446,0.000000
1771203972.798,8487,0,0,0.9956,0.0016,0.0001,0.0003,0.0006,0.0002,0.0016,0.079906,0.087760,0.000000,0.000000,0.000000,0.001745,-0.006981,0.944906,0.001745,0.001745,0.001745,-0.102973,-0.005236,-0.066322,0.006981,-0.141372,-0.001745,-0.001745,0.010472,0.974578,0.001745,0.062832,-0.003491,-0.106464,-0.001745,0.003491,-0.001745,-0.113446,0.000000
1771203972.901,8490,0,0,0.9993,0.0001,0.0000,0.0000,0.0003,0.0000,0.0002,0.079906,0.087905,0.000000,0.000000,0.000000,0.001745,-0.006981,0.944906,0.001745,0.001745,0.001745,-0.099483,-0.005236,-0.064577,0.006981,-0.118682,-0.001745,-0.001745,0.010472,0.976324,0.001745,0.062832,-0.003491,-0.106464,-0.003491,0.003491,-0.001745,-0.113446,0.000000
1771203973.001,8493,0,0,0.9997,0.0000,0.0000,0.0000,0.0001,0.0000,0.0001,0.079760,0.087469,0.000000,0.000000,0.000000,0.001745,-0.006981,0.944906,0.001745,0.001745,0.001745,-0.094247,-0.005236,-0.064577,0.005236,-0.106465,-0.001745,-0.001745,0.008727,0.974578,0.001745,0.062832,-0.003491,-0.106464,-0.001745,0.001745,-0.001745,-0.113446,0.000000
1771203973.105,8496,0,0,0.9998,0.0000,0.0000,0.0000,0.0001,0.0000,0.0001,0.079760,0.088051,0.000000,0.000000,0.000000,0.001745,-0.006981,0.944906,0.001745,0.001745,0.001745,-0.090756,-0.006981,-0.064577,0.005236,-0.099484,-0.001745,-0.001745,0.010472,0.976324,0.003491,0.062832,-0.003491,-0.106464,-0.003491,0.003491,0.000000,-0.113446,0.000000
1771203973.205,8499,0,0,0.9998,0.0000,0.0000,0.0000,0.0001,0.0000,0.0001,0.079760,0.087760,0.000000,0.000000,0.000000,0.001745,-0.006981,0.944906,0.001745,0.001745,0.001745,-0.089011,-0.005236,-0.064577,0.005236,-0.097738,-0.003491,-0.001745,0.010472,0.976324,0.001745,0.062832,-0.003491,-0.106464,-0.001745,0.001745,-0.001745,-0.113446,0.000000
1771203973.305,8502,0,0,0.9998,0.0000,0.0000,0.0000,0.0001,0.0000,0.0001,0.079760,0.087760,0.000000,0.000000,0.000000,0.001745,-0.006981,0.944906,0.001745,0.001745,0.001745,-0.087266,-0.005236,-0.064577,0.005236,-0.095993,-0.001745,-0.001745,0.010472,0.974578,0.001745,0.062832,-0.003491,-0.106464,-0.001745,0.003491,-0.001745,-0.113446,0.000000
1771203973.409,8505,0,0,0.9998,0.0000,0.0000,0.0000,0.0001,0.0000,0.0001,0.079760,0.087760,0.000000,0.000000,0.000000,0.001745,-0.006981,0.944906,0.001745,0.001745,0.001745,-0.087266,-0.001745,-0.064577,0.005236,-0.097738,-0.001745,-0.001745,0.008727,0.976324,0.001745,0.062832,-0.003491,-0.106464,-0.001745,0.003491,-0.001745,-0.113446,0.000000
1771203973.508,8508,0,0,0.9997,0.0001,0.0000,0.0000,0.0002,0.0000,0.0000,0.079615,0.087614,0.000000,0.000000,0.000000,0.001745,-0.006981,0.944906,0.001745,-0.000000,0.001745,-0.083775,-0.005236,-0.064577,0.005236,-0.095993,-0.003491,-0.001745,0.010472,0.974578,0.001745,0.062832,-0.003491,-0.106464,-0.003491,0.001745,0.000000,-0.113446,0.000000
1771203973.605,8511,0,0,0.9999,0.0000,0.0000,0.0000,0.0001,0.0000,0.0001,0.079760,0.087760,0.000000,0.000000,0.000000,0.001745,-0.005236,0.944906,0.001745,0.001745,0.001745,-0.076794,-0.005236,-0.062832,0.005236,-0.083776,-0.001745,-0.001745,0.010472,0.976324,0.001745,0.061086,-0.001745,-0.102973,-0.003491,0.003491,-0.001745,-0.108210,0.000000
1771203973.705,8514,0,0,0.9999,0.0000,0.0000,0.0000,0.0001,0.0000,0.0001,0.079760,0.087469,0.000000,0.000000,0.000000,0.001745,-0.006981,0.944906,0.001745,0.001745,0.001745,-0.075048,-0.001745,-0.062832,0.005236,-0.078540,-0.001745,-0.001745,0.010472,0.976324,0.001745,0.057596,-0.001745,-0.097737,-0.003491,0.003491,-0.001745,-0.101229,0.000000
1771203973.805,8517,0,0,0.9999,0.0000,0.0000,0.0000,0.0001,0.0000,0.0001,0.079760,0.087324,0.000000,0.000000,0.000000,0.001745,-0.006981,0.944906,0.001745,0.001745,0.001745,-0.075048,-0.005236,-0.062832,0.005236,-0.078540,-0.001745,-0.001745,0.010472,0.974578,0.001745,0.057596,-0.001745,-0.097737,-0.003491,0.003491,-0.001745,-0.101229,0.000000
1771203973.906,8520,0,0,0.9999,0.0000,0.0000,0.0000,0.0001,0.0000,0.0001,0.079760,0.087614,0.000000,0.000000,0.000000,0.001745,-0.006981,0.944906,0.001745,0.001745,0.001745,-0.075048,-0.005236,-0.062832,0.005236,-0.078540,-0.003491,-0.001745,0.010472,0.976324,0.001745,0.059341,-0.001745,-0.097737,-0.003491,0.003491,-0.001745,-0.101229,0.000000
1771203974.007,8523,0,0,0.9999,0.0000,0.0000,0.0000,0.0001,0.0000,0.0001,0.079906,0.087469,0.000000,0.000000,0.000000,0.001745,-0.006981,0.944906,0.001745,0.001745,0.001745,-0.075048,-0.005236,-0.062832,0.006981,-0.078540,-0.001745,-0.001745,0.010472,0.976324,0.001745,0.057596,-0.001745,-0.097737,-0.005236,0.003491,-0.001745,-0.101229,0.000000
1771203974.106,8526,0,0,0.9999,0.0000,0.0000,0.0000,0.0001,0.0000,0.0001,0.079760,0.087469,0.000000,0.000000,0.000000,0.001745,-0.006981,0.944906,0.001745,0.001745,0.001745,-0.075048,-0.005236,-0.062832,0.005236,-0.078540,-0.001745,-0.001745,0.010472,0.974578,0.001745,0.059341,-0.001745,-0.097737,-0.003491,0.003491,-0.001745,-0.101229,0.000000
1771203974.207,8529,0,0,0.9999,0.0000,0.0000,0.0000,0.0001,0.0000,0.0001,0.079906,0.087614,0.000000,0.000000,0.000000,0.001745,-0.006981,0.944906,0.001745,0.001745,0.001745,-0.075048,-0.005236,-0.062832,0.006981,-0.078540,-0.001745,-0.001745,0.010472,0.976324,0.001745,0.057596,-0.001745,-0.097737,-0.003491,0.005236,-0.001745,-0.101229,0.000000
1771203974.307,8532,0,0,0.9991,0.0001,0.0000,0.0001,0.0006,0.0000,0.0000,0.079760,0.087469,0.000000,0.000000,0.000000,0.001745,-0.006981,0.944906,0.001745,0.001745,0.001745,-0.075048,-0.005236,-0.062832,0.005236,-0.078540,-0.001745,-0.001745,0.010472,0.976324,0.001745,0.057596,-0.001745,-0.097737,-0.005236,0.003491,-0.001745,-0.101229,0.000000
1771203974.408,8535,0,0,0.9991,0.0001,0.0000,0.0001,0.0006,0.0000,0.0000,0.079760,0.087614,0.000000,0.000000,0.000000,0.001745,-0.006981,0.944906,0.001745,0.001745,0.001745,-0.075048,-0.005236,-0.062832,0.005236,-0.078540,-0.001745,-0.001745,0.010472,0.976324,0.001745,0.057596,-0.001745,-0.097737,-0.005236,0.005236,-0.001745,-0.101229,0.000000
1771203974.507,8538,0,0,0.9991,0.0001,0.0000,0.0001,0.0006,0.0000,0.0000,0.079760,0.087614,0.000000,0.000000,0.000000,0.001745,-0.006981,0.944906,0.001745,0.001745,0.001745,-0.075048,-0.005236,-0.062832,0.005236,-0.078540,-0.001745,-0.001745,0.010472,0.976324,0.003491,0.057596,-0.001745,-0.097737,-0.005236,0.003491,-0.001745,-0.101229,0.000000
1771203974.608,8541,0,0,0.9991,0.0001,0.0000,0.0001,0.0006,0.0000,0.0000,0.079760,0.087614,0.000000,0.000000,0.000000,0.001745,-0.006981,0.944906,0.001745,0.001745,0.001745,-0.075048,-0.005236,-0.062832,0.005236,-0.078540,-0.001745,-0.001745,0.010472,0.976324,0.001745,0.059341,-0.001745,-0.097737,-0.003491,0.003491,-0.001745,-0.101229,0.000000
1771203974.708,8544,0,0,0.9991,0.0001,0.0000,0.0001,0.0006,0.0000,0.0000,0.079760,0.087469,0.000000,0.000000,0.000000,0.001745,-0.006981,0.944906,0.001745,0.001745,0.001745,-0.075048,-0.005236,-0.062832,0.005236,-0.078540,-0.001745,-0.001745,0.010472,0.976324,0.001745,0.057596,-0.001745,-0.097737,-0.003491,0.003491,-0.001745,-0.101229,0.000000
1771203974.808,8547,0,0,0.9991,0.0001,0.0000,0.0001,0.0006,0.0000,0.0000,0.079906,0.087469,0.000000,0.000000,0.000000,0.001745,-0.006981,0.944906,0.001745,0.001745,0.001745,-0.075048,-0.005236,-0.062832,0.006981,-0.078540,-0.001745,-0.001745,0.008727,0.976324,0.001745,0.057596,-0.001745,-0.097737,-0.003491,0.005236,-0.001745,-0.101229,0.000000
1771203974.908,8550,0,0,0.9991,0.0001,0.0000,0.0001,0.0006,0.0000,0.0000,0.079760,0.087324,0.000000,0.000000,0.000000,0.001745,-0.006981,0.944906,0.001745,0.001745,0.001745,-0.075048,-0.005236,-0.062832,0.005236,-0.078540,-0.001745,-0.001745,0.008727,0.974578,0.003491,0.057596,-0.001745,-0.097737,-0.003491,0.003491,-0.001745,-0.101229,0.000000
1771203975.009,8553,0,0,0.9991,0.0001,0.0000,0.0001,0.0006,0.0000,0.0000,0.079760,0.087469,0.000000,0.000000,0.000000,0.001745,-0.006981,0.944906,0.001745,0.001745,0.001745,-0.075048,-0.005236,-0.062832,0.005236,-0.078540,-0.001745,-0.001745,0.010472,0.974578,0.001745,0.059341,-0.001745,-0.097737,-0.003491,0.003491,-0.001745,-0.101229,0.000000
1771203975.109,8556,0,0,0.9991,0.0001,0.0000,0.0001,0.0006,0.0000,0.0000,0.079906,0.087614,0.000000,0.000000,0.000000,0.001745,-0.006981,0.944906,0.001745,0.001745,0.003491,-0.075048,-0.005236,-0.062832,0.005236,-0.078540,-0.001745,-0.001745,0.010472,0.974578,0.003491,0.057596,-0.001745,-0.097737,-0.005236,0.005236,-0.001745,-0.101229,0.000000
1771203975.210,8559,0,0,0.9991,0.0001,0.0000,0.0001,0.0006,0.0000,0.0000,0.079906,0.087469,0.000000,0.000000,0.000000,0.001745,-0.006981,0.944906,0.001745,0.001745,0.001745,-0.075048,-0.005236,-0.062832,0.006981,-0.078540,-0.001745,-0.001745,0.010472,0.974578,0.003491,0.057596,-0.001745,-0.097737,-0.003491,0.003491,-0.001745,-0.101229,-0.001745
1771203975.310,8562,0,0,0.9991,0.0001,0.0000,0.0001,0.0006,0.0000,0.0000,0.079760,0.087469,0.000000,0.000000,0.000000,0.001745,-0.006981,0.944906,0.001745,0.001745,0.001745,-0.075048,-0.005236,-0.062832,0.005236,-0.078540,-0.001745,-0.001745,0.008727,0.976324,0.001745,0.057596,-0.001745,-0.097737,-0.003491,0.005236,-0.001745,-0.101229,0.000000
1771203975.410,8565,0,0,0.9991,0.0001,0.0000,0.0001,0.0006,0.0000,0.0000,0.079760,0.087614,0.000000,0.000000,0.000000,0.001745,-0.006981,0.944906,0.001745,0.001745,0.001745,-0.075048,-0.005236,-0.062832,0.005236,-0.078540,-0.001745,-0.001745,0.010472,0.974578,0.001745,0.059341,-0.001745,-0.097737,-0.003491,0.005236,-0.001745,-0.101229,0.000000
1771203975.510,8568,0,0,0.9991,0.0001,0.0000,0.0001,0.0006,0.0000,0.0000,0.079760,0.087469,0.000000,0.000000,0.000000,0.001745,-0.006981,0.944906,0.001745,0.001745,0.001745,-0.075048,-0.005236,-0.062832,0.005236,-0.078540,-0.001745,-0.001745,0.010472,0.974578,0.001745,0.057596,-0.001745,-0.097737,-0.003491,0.005236,-0.001745,-0.101229,0.000000
1771203975.610,8571,0,0,0.9991,0.0001,0.0000,0.0001,0.0006,0.0000,0.0000,0.079760,0.087905,0.000000,0.000000,0.000000,0.001745,-0.006981,0.944906,0.001745,0.001745,0.001745,-0.075048,-0.005236,-0.062832,0.005236,-0.078540,-0.001745,-0.001745,0.010472,0.976324,0.003491,0.057596,-0.001745,-0.097737,-0.003491,0.006981,-0.001745,-0.101229,0.000000
1771203975.711,8574,0,0,0.9991,0.0001,0.0000,0.0001,0.0006,0.0000,0.0000,0.079906,0.087614,0.000000,0.000000,0.000000,0.001745,-0.006981,0.944906,0.001745,0.001745,0.001745,-0.075048,-0.005236,-0.062832,0.006981,-0.078540,-0.001745,-0.001745,0.010472,0.974578,0.001745,0.057596,-0.001745,-0.097737,-0.005236,0.006981,-0.001745,-0.101229,0.000000
1771203975.811,8577,0,0,0.9991,0.0001,0.0000,0.0001,0.0006,0.0000,0.0000,0.079760,0.087760,0.000000,0.000000,0.000000,0.001745,-0.006981,0.944906,0.001745,0.001745,0.001745,-0.075048,-0.005236,-0.062832,0.005236,-0.078540,-0.001745,-0.001745,0.010472,0.976324,0.001745,0.057596,-0.001745,-0.097737,-0.005236,0.006981,-0.001745,-0.101229,0.000000
1771203975.912,8580,0,0,0.9991,0.0001,0.0000,0.0001,0.0006,0.0000,0.0000,0.079760,0.087760,0.000000,0.000000,0.000000,0.001745,-0.006981,0.944906,0.001745,0.001745,0.001745,-0.075048,-0.005236,-0.062832,0.005236,-0.078540,-0.001745,-0.001745,0.010472,0.974578,0.001745,0.059341,-0.001745,-0.097737,-0.003491,0.006981,-0.001745,-0.101229,0.000000
1771203976.011,8583,0,0,0.9991,0.0001,0.0000,0.0001,0.0006,0.0000,0.0000,0.079760,0.087614,0.000000,0.000000,0.000000,0.001745,-0.006981,0.944906,0.001745,0.001745,0.001745,-0.075048,-0.005236,-0.062832,0.005236,-0.078540,-0.001745,-0.001745,0.010472,0.974578,0.001745,0.057596,-0.001745,-0.097737,-0.005236,0.006981,-0.001745,-0.101229,0.000000
1771203976.112,8586,0,0,0.9991,0.0001,0.0000,0.0001,0.0006,0.0000,0.0000,0.079906,0.087905,0.000000,0.000000,0.000000,0.001745,-0.006981,0.944906,0.001745,0.001745,0.001745,-0.075048,-0.005236,-0.062832,0.006981,-0.078540,-0.001745,-0.001745,0.010472,0.976324,0.001745,0.059341,-0.001745,-0.097737,-0.005236,0.006981,-0.001745,-0.101229,0.000000
1771203976.212,8589,0,0,0.9991,0.0001,0.0000,0.0001,0.0006,0.0000,0.0000,0.079760,0.087760,0.000000,0.000000,0.000000,0.001745,-0.006981,0.944906,0.001745,0.001745,0.001745,-0.075048,-0.005236,-0.062832,0.005236,-0.078540,-0.001745,-0.001745,0.010472,0.974578,0.003491,0.057596,-0.001745,-0.097737,-0.003491,0.006981,-0.001745,-0.101229,0.000000
1771203976.312,8592,0,0,0.9991,0.0001,0.0000,0.0001,0.0006,0.0000,0.0000,0.079906,0.087614,0.000000,0.000000,0.000000,0.001745,-0.006981,0.944906,0.001745,0.001745,0.001745,-0.075048,-0.005236,-0.062832,0.006981,-0.078540,-0.001745,-0.001745,0.010472,0.974578,0.001745,0.059341,-0.001745,-0.097737,-0.003491,0.005236,-0.001745,-0.101229,0.000000
1771203976.413,8595,0,0,0.9991,0.0001,0.0000,0.0001,0.0006,0.0000,0.0000,0.079906,0.087760,0.000000,0.000000,0.000000,0.001745,-0.006981,0.944906,0.001745,0.001745,0.001745,-0.075048,-0.005236,-0.062832,0.006981,-0.078540,-0.001745,-0.001745,0.010472,0.976324,0.001745,0.057596,-0.001745,-0.097737,-0.005236,0.006981,-0.001745,-0.101229,0.000000
1771203976.513,8598,0,0,0.9991,0.0001,0.0000,0.0001,0.0006,0.0000,0.0000,0.079760,0.087905,0.000000,0.000000,0.000000,0.001745,-0.006981,0.944906,0.001745,-0.000000,0.001745,-0.075048,-0.005236,-0.062832,0.006981,-0.078540,-0.001745,-0.001745,0.010472,0.974578,0.003491,0.059341,-0.001745,-0.097737,-0.005236,0.006981,-0.001745,-0.101229,0.000000
1771203976.614,8601,0,0,0.9991,0.0001,0.0000,0.0001,0.0006,0.0000,0.0000,0.079760,0.087614,0.000000,0.000000,0.000000,0.001745,-0.006981,0.944906,0.001745,0.001745,0.001745,-0.075048,-0.005236,-0.062832,0.005236,-0.078540,-0.001745,-0.003491,0.010472,0.974578,0.001745,0.057596,-0.001745,-0.097737,-0.003491,0.006981,-0.001745,-0.101229,0.000000
1771203976.713,8604,0,0,0.9991,0.0001,0.0000,0.0001,0.0006,0.0000,0.0000,0.079760,0.087614,0.000000,0.000000,0.000000,0.001745,-0.006981,0.944906,0.001745,0.001745,0.001745,-0.075048,-0.005236,-0.062832,0.005236,-0.078540,-0.001745,-0.001745,0.010472,0.974578,0.001745,0.057596,-0.001745,-0.097737,-0.003491,0.006981,-0.001745,-0.101229,0.000000
1771203976.814,8607,0,0,0.9991,0.0001,0.0000,0.0001,0.0006,0.0000,0.0000,0.079906,0.087614,0.000000,0.000000,0.000000,0.001745,-0.006981,0.944906,0.001745,0.001745,0.003491,-0.075048,-0.005236,-0.062832,0.005236,-0.078540,-0.001745,-0.001745,0.010472,0.974578,0.001745,0.057596,-0.001745,-0.097737,-0.003491,0.006981,-0.001745,-0.101229,0.000000
1771203976.914,8610,0,0,0.9991,0.0001,0.0000,0.0001,0.0006,0.0000,0.0000,0.079906,0.087760,0.000000,0.000000,0.000000,0.001745,-0.006981,0.944906,0.001745,0.001745,0.001745,-0.075048,-0.005236,-0.062832,0.006981,-0.078540,-0.001745,0.000000,0.010472,0.976324,0.001745,0.057596,-0.001745,-0.097737,-0.003491,0.006981,-0.001745,-0.101229,0.000000
1771203977.015,8613,0,0,0.9991,0.0001,0.0000,0.0001,0.0006,0.0001,0.0000,0.080051,0.087614,0.000000,0.000000,0.000000,0.001745,-0.006981,0.944906,0.001745,0.001745,0.003491,-0.075048,-0.005236,-0.062832,0.006981,-0.078540,-0.001745,0.000000,0.010472,0.974578,0.001745,0.057596,-0.001745,-0.097737,-0.005236,0.006981,-0.001745,-0.101229,0.000000
1771203977.115,8616,0,0,0.9991,0.0001,0.0000,0.0001,0.0006,0.0000,0.0000,0.079760,0.087760,0.000000,0.000000,0.000000,0.001745,-0.006981,0.944906,0.001745,0.001745,0.001745,-0.075048,-0.005236,-0.062832,0.005236,-0.078540,-0.001745,0.000000,0.010472,0.976324,0.001745,0.057596,-0.003491,-0.097737,-0.005236,0.006981,-0.001745,-0.101229,0.000000
1771203977.215,8619,0,0,0.9991,0.0001,0.0000,0.0001,0.0006,0.0000,0.0000,0.079906,0.087614,0.000000,0.000000,0.000000,0.001745,-0.006981,0.944906,0.001745,0.001745,0.001745,-0.075048,-0.005236,-0.062832,0.006981,-0.078540,-0.001745,0.000000,0.010472,0.974578,0.001745,0.057596,-0.001745,-0.097737,-0.005236,0.006981,-0.001745,-0.101229,0.000000
1771203977.315,8622,0,0,0.9991,0.0001,0.0000,0.0001,0.0006,0.0000,0.0000,0.079906,0.087905,0.000000,0.000000,0.000000,0.001745,-0.006981,0.944906,0.001745,0.001745,0.001745,-0.075048,-0.005236,-0.062832,0.006981,-0.078540,-0.001745,0.000000,0.010472,0.976324,0.003491,0.057596,-0.001745,-0.097737,-0.003491,0.006981,-0.001745,-0.101229,0.000000
1771203977.415,8625,0,0,0.9991,0.0001,0.0000,0.0001,0.0006,0.0000,0.0000,0.079906,0.087760,0.000000,0.000000,0.000000,0.001745,-0.006981,0.944906,0.001745,0.001745,0.001745,-0.075048,-0.005236,-0.062832,0.006981,-0.078540,-0.003491,0.000000,0.010472,0.976324,0.001745,0.057596,-0.001745,-0.097737,-0.003491,0.006981,-0.001745,-0.101229,0.000000
1771203977.516,8628,0,0,0.9991,0.0001,0.0000,0.0001,0.0006,0.0000,0.0000,0.079906,0.087760,0.000000,0.000000,0.000000,0.001745,-0.006981,0.944906,0.001745,0.001745,0.001745,-0.075048,-0.005236,-0.062832,0.006981,-0.078540,-0.003491,0.000000,0.010472,0.976324,0.001745,0.057596,-0.003491,-0.097737,-0.003491,0.006981,-0.001745,-0.101229,0.000000
1771203977.618,8631,0,0,0.9991,0.0001,0.0000,0.0001,0.0006,0.0000,0.0000,0.079760,0.087760,0.000000,0.000000,0.000000,0.001745,-0.006981,0.944906,0.001745,0.001745,0.001745,-0.075048,-0.005236,-0.062832,0.005236,-0.078540,-0.001745,0.000000,0.010472,0.976324,0.001745,0.057596,-0.001745,-0.097737,-0.003491,0.006981,-0.001745,-0.101229,-0.001745
1771203977.716,8634,0,0,0.9991,0.0001,0.0000,0.0001,0.0006,0.0000,0.0000,0.079760,0.087469,0.000000,0.000000,0.000000,0.001745,-0.006981,0.944906,0.001745,0.001745,0.001745,-0.075048,-0.005236,-0.062832,0.005236,-0.078540,-0.001745,0.000000,0.010472,0.974578,0.001745,0.057596,-0.001745,-0.097737,-0.003491,0.005236,-0.001745,-0.101229,0.000000
1771203977.816,8637,0,0,0.9991,0.0001,0.0000,0.0001,0.0006,0.0000,0.0000,0.079760,0.087760,0.000000,0.000000,0.000000,0.001745,-0.006981,0.944906,0.001745,0.001745,0.001745,-0.075048,-0.005236,-0.062832,0.005236,-0.078540,-0.001745,0.000000,0.010472,0.974578,0.001745,0.059341,-0.001745,-0.097737,-0.005236,0.006981,-0.001745,-0.101229,0.000000
1771203977.917,8640,0,0,0.9991,0.0001,0.0000,0.0001,0.0006,0.0000,0.0000,0.079760,0.087614,0.000000,0.000000,0.000000,0.001745,-0.006981,0.944906,0.001745,0.001745,0.001745,-0.075048,-0.005236,-0.062832,0.005236,-0.078540,-0.001745,0.000000,0.010472,0.974578,0.001745,0.057596,-0.001745,-0.097737,-0.003491,0.006981,-0.001745,-0.101229,0.000000
1771203978.017,8643,0,0,0.9991,0.0001,0.0000,0.0001,0.0006,0.0000,0.0000,0.079760,0.087614,0.000000,0.000000,0.000000,0.001745,-0.006981,0.944906,0.001745,0.001745,0.001745,-0.075048,-0.005236,-0.062832,0.005236,-0.078540,-0.001745,0.000000,0.010472,0.974578,0.001745,0.057596,-0.001745,-0.097737,-0.003491,0.006981,-0.001745,-0.101229,0.000000
1771203978.117,8646,0,0,0.9991,0.0001,0.0000,0.0001,0.0006,0.0000,0.0000,0.080051,0.087614,0.000000,0.000000,0.000000,0.001745,-0.006981,0.944906,0.001745,0.001745,0.003491,-0.075048,-0.005236,-0.062832,0.006981,-0.078540,-0.001745,0.000000,0.010472,0.974578,0.001745,0.057596,-0.001745,-0.097737,-0.003491,0.006981,-0.001745,-0.101229,0.000000
1771203978.217,8649,0,0,0.9991,0.0001,0.0000,0.0001,0.0006,0.0000,0.0000,0.079906,0.087760,0.000000,0.000000,0.000000,0.001745,-0.006981,0.944906,0.001745,0.001745,0.001745,-0.075048,-0.005236,-0.062832,0.006981,-0.078540,-0.001745,0.000000,0.010472,0.976324,0.001745,0.057596,-0.001745,-0.097737,-0.003491,0.006981,-0.001745,-0.101229,0.000000
1771203978.318,8652,0,0,0.9991,0.0001,0.0000,0.0001,0.0006,0.0000,0.0000,0.079906,0.087760,0.000000,0.000000,0.000000,0.001745,-0.006981,0.944906,0.001745,0.001745,0.001745,-0.075048,-0.005236,-0.062832,0.006981,-0.078540,-0.003491,0.000000,0.010472,0.976324,0.001745,0.057596,-0.001745,-0.097737,-0.003491,0.006981,-0.001745,-0.101229,0.000000
1771203978.418,8655,0,0,0.9991,0.0001,0.0000,0.0001,0.0006,0.0000,0.0000,0.079906,0.087905,0.000000,0.000000,0.000000,0.001745,-0.006981,0.944906,0.001745,0.001745,0.001745,-0.075048,-0.005236,-0.062832,0.006981,-0.078540,-0.001745,0.000000,0.010472,0.976324,0.001745,0.059341,-0.001745,-0.097737,-0.005236,0.006981,-0.001745,-0.101229,0.000000
1771203978.519,8658,0,0,0.9991,0.0001,0.0000,0.0001,0.0006,0.0000,0.0000,0.079760,0.087905,0.000000,0.000000,0.000000,0.001745,-0.006981,0.944906,0.001745,0.001745,0.001745,-0.075048,-0.005236,-0.062832,0.005236,-0.078540,-0.001745,0.000000,0.010472,0.976324,0.001745,0.059341,-0.001745,-0.097737,-0.005236,0.006981,-0.001745,-0.101229,0.000000
1771203978.619,8661,0,0,0.9991,0.0001,0.0000,0.0001,0.0006,0.0000,0.0000,0.079906,0.087905,0.000000,0.000000,0.000000,0.001745,-0.006981,0.944906,0.001745,0.001745,0.001745,-0.075048,-0.005236,-0.062832,0.006981,-0.078540,-0.001745,0.000000,0.010472,0.974578,0.003491,0.059341,-0.001745,-0.097737,-0.003491,0.006981,-0.001745,-0.101229,0.000000
1771203978.720,8664,0,0,0.9991,0.0001,0.0000,0.0001,0.0006,0.0001,0.0000,0.079906,0.087905,0.000000,0.000000,0.000000,0.001745,-0.006981,0.944906,0.001745,0.001745,0.001745,-0.075048,-0.005236,-0.062832,0.006981,-0.078540,-0.001745,0.000000,0.010472,0.976324,0.003491,0.057596,-0.001745,-0.097737,-0.003491,0.006981,-0.001745,-0.101229,0.000000
1771203978.819,8667,0,0,0.9991,0.0001,0.0000,0.0001,0.0006,0.0001,0.0000,0.079760,0.087905,0.000000,0.000000,0.000000,0.001745,-0.006981,0.944906,0.001745,0.001745,0.001745,-0.075048,-0.005236,-0.062832,0.005236,-0.078540,-0.001745,0.000000,0.010472,0.976324,0.001745,0.059341,-0.001745,-0.097737,-0.003491,0.006981,-0.001745,-0.101229,0.000000
1771203978.920,8670,0,0,0.9991,0.0001,0.0000,0.0001,0.0006,0.0000,0.0000,0.079906,0.087614,0.000000,0.000000,0.000000,0.001745,-0.006981,0.944906,0.001745,0.001745,0.003491,-0.075048,-0.005236,-0.062832,0.005236,-0.078540,-0.003491,0.000000,0.010472,0.976324,0.001745,0.057596,-0.001745,-0.097737,-0.005236,0.005236,-0.001745,-0.101229,0.000000
1771203979.020,8673,0,0,0.9991,0.0001,0.0000,0.0001,0.0006,0.0000,0.0000,0.079760,0.087760,0.000000,0.000000,0.000000,0.001745,-0.006981,0.944906,0.001745,0.001745,0.001745,-0.075048,-0.005236,-0.062832,0.005236,-0.078540,-0.003491,0.000000,0.010472,0.974578,0.003491,0.057596,-0.001745,-0.097737,-0.005236,0.006981,-0.001745,-0.101229,0.000000
1771203979.120,8676,0,0,0.9991,0.0001,0.0000,0.0001,0.0006,0.0000,0.0000,0.079906,0.087905,0.000000,0.000000,0.000000,0.001745,-0.006981,0.944906,0.001745,0.001745,0.003491,-0.075048,-0.005236,-0.062832,0.005236,-0.078540,-0.001745,0.000000,0.010472,0.976324,0.001745,0.059341,-0.001745,-0.097737,-0.005236,0.006981,-0.001745,-0.101229,0.000000
1771203979.220,8679,0,0,0.9991,0.0001,0.0000,0.0001,0.0006,0.0000,0.0000,0.079615,0.087905,0.000000,0.000000,0.000000,0.001745,-0.006981,0.944906,0.001745,-0.000000,0.001745,-0.075048,-0.005236,-0.062832,0.005236,-0.078540,-0.001745,0.000000,0.010472,0.976324,0.003491,0.057596,-0.001745,-0.097737,-0.003491,0.006981,-0.001745,-0.101229,0.000000
1771203979.321,8682,0,0,0.9991,0.0001,0.0000,0.0001,0.0006,0.0000,0.0000,0.079906,0.087760,0.000000,0.000000,0.000000,0.001745,-0.006981,0.944906,0.001745,0.001745,0.001745,-0.075048,-0.005236,-0.062832,0.006981,-0.078540,-0.001745,0.000000,0.010472,0.976324,0.001745,0.057596,-0.001745,-0.097737,-0.003491,0.006981,-0.001745,-0.101229,0.000000
1771203979.421,8685,0,0,0.9991,0.0001,0.0000,0.0001,0.0006,0.0001,0.0000,0.079760,0.087760,0.000000,0.000000,0.000000,0.001745,-0.006981,0.944906,0.001745,0.001745,0.001745,-0.075048,-0.005236,-0.062832,0.005236,-0.078540,-0.001745,0.000000,0.010472,0.976324,0.001745,0.057596,-0.001745,-0.097737,-0.003491,0.006981,-0.001745,-0.101229,0.000000
1771203979.521,8688,0,0,0.9991,0.0001,0.0000,0.0001,0.0006,0.0001,0.0000,0.079760,0.087760,0.000000,0.000000,0.000000,0.001745,-0.006981,0.944906,0.001745,0.001745,0.001745,-0.075048,-0.005236,-0.062832,0.005236,-0.078540,-0.001745,0.000000,0.010472,0.974578,0.001745,0.059341,-0.001745,-0.097737,-0.003491,0.006981,-0.001745,-0.101229,0.000000
