timestamp,frame,raw_pred,smooth_pred,prob_NoAct,prob_Loose,prob_UniL,prob_UniR,prob_TAsyL,prob_TAsyR,prob_TSym,R_err_mean,L_err_mean,R_trans_vel,L_trans_vel,rel_pos_rate_norm,R_joint_mean,L_joint_mean,R_err_raw_0,R_err_raw_1,R_err_raw_2,R_err_raw_3,R_err_raw_4,R_err_raw_5,R_err_raw_6,R_err_raw_7,R_err_raw_8,R_err_raw_9,R_err_raw_10,R_err_raw_11,L_err_raw_0,L_err_raw_1,L_err_raw_2,L_err_raw_3,L_err_raw_4,L_err_raw_5,L_err_raw_6,L_err_raw_7,L_err_raw_8,L_err_raw_9,L_err_raw_10,L_err_raw_11
1771635554.443,3,1,1,0.0023,0.9975,0.0001,0.0000,0.0000,0.0000,0.0001,0.000291,0.002417,0.000000,0.000000,0.000000,0.000000,0.000000,-0.021991,-0.092280,0.003005,0.000000,-0.175859,-0.002232,0.000486,0.000000,-0.220039,-0.028184,0.000000,0.000000,-0.195064,-0.053423,0.029010,0.000000,-0.242731,-0.129908,-0.018538,0.000000,-0.192015,-0.135937
1771635554.546,6,1,1,0.0026,0.9971,0.0000,0.0001,0.0000,0.0000,0.0001,0.090438,0.012723,0.000000,0.000000,0.000000,0.000000,0.000000,0.063278,0.219421,0.033664,-0.001745,0.375031,-0.052108,-0.031919,0.000000,0.393868,-0.002691,0.000000,0.000000,0.052260,0.063943,0.020900,0.000000,-0.053022,-0.086045,-0.013919,0.001745,0.013823,-0.049402
1771635554.648,9,1,1,0.0005,0.9969,0.0013,0.0010,0.0000,0.0000,0.0004,0.101159,0.193429,0.000000,0.000000,0.000000,0.000000,0.000000,0.113538,0.096220,-0.000309,-0.001745,0.407406,0.114455,0.005545,0.000000,0.347480,0.129269,0.000000,0.000000,0.206659,0.108190,-0.019318,0.000000,0.754231,0.420838,0.024554,0.000000,0.494774,0.311904
1771635554.749,12,1,1,0.0002,0.9905,0.0070,0.0019,0.0001,0.0000,0.0003,0.059119,0.112939,0.000000,0.000000,0.000000,0.000000,0.000000,0.068338,0.064231,0.037274,0.000000,0.217861,0.058750,-0.032038,0.000000,0.181478,0.081495,0.000000,0.000000,0.075780,0.058939,-0.016525,0.000000,0.414155,0.244440,0.020015,0.000000,0.311229,0.230706
1771635554.850,15,1,1,0.0006,0.9822,0.0158,0.0007,0.0002,0.0000,0.0004,0.007848,0.058310,0.000000,0.000000,0.000000,0.000000,0.000000,0.025688,0.048604,0.019881,0.000000,-0.077069,-0.046844,-0.007664,0.000000,-0.076043,-0.015623,0.000000,0.000000,0.004098,0.038928,-0.000582,0.000000,0.213472,0.133642,0.004073,0.000000,0.159896,0.145610
1771635554.950,18,1,1,0.0002,0.9902,0.0093,0.0002,0.0000,0.0000,0.0001,0.007592,0.004188,0.000000,0.000000,0.000000,0.000000,0.000000,-0.020899,0.048930,-0.029962,0.000000,-0.240892,-0.136119,0.042180,0.000000,-0.123525,-0.107476,0.000000,0.000000,0.002113,0.020204,-0.013837,0.000000,-0.117967,-0.040385,0.012091,0.000000,-0.083196,0.015853
1771635555.050,21,1,1,0.0000,0.9997,0.0003,0.0000,0.0000,0.0000,0.0000,0.004351,0.000202,0.000000,0.000000,0.000000,0.000000,0.000000,-0.078253,0.043482,0.000686,0.000000,-0.189382,-0.092612,0.008040,0.000000,-0.092530,-0.068929,0.000000,0.000000,-0.005600,0.001108,0.001317,0.000000,-0.132228,-0.078004,-0.001317,0.000000,-0.098106,-0.029681
1771635555.154,24,1,1,0.0000,0.9999,0.0000,0.0000,0.0000,0.0000,0.0000,0.003705,0.003434,0.000000,0.000000,0.000000,0.000000,0.000000,-0.074387,0.035464,-0.003765,0.000000,-0.182222,-0.072762,0.009001,0.000000,-0.203747,-0.106107,0.000000,0.000000,-0.001956,-0.000464,0.041206,0.000000,-0.269043,-0.170994,-0.037716,0.000000,-0.185995,-0.104716
1771635555.253,27,1,1,0.0000,0.9999,0.0000,0.0000,0.0000,0.0000,0.0000,0.003162,0.005278,0.000000,0.000000,0.000000,0.000000,0.000000,-0.130724,0.035613,-0.000591,0.000000,-0.134887,-0.053977,0.002336,0.000000,-0.120985,-0.074722,0.000000,0.000000,0.010549,0.002773,0.050018,0.000000,-0.282628,-0.196852,-0.043037,0.000000,-0.146639,-0.113559
1771635555.351,30,1,1,0.0002,0.9998,0.0000,0.0000,0.0000,0.0000,0.0000,0.003511,0.007778,0.000000,0.000000,0.000000,0.000000,0.000000,-0.095994,0.034217,0.007913,0.000000,-0.099502,-0.041718,-0.004422,0.000000,-0.089906,-0.053564,0.000000,0.000000,0.034620,0.031985,0.026734,0.000000,-0.215276,-0.155953,-0.016262,0.000000,-0.132361,-0.129133
1771635555.451,33,1,1,0.0123,0.9865,0.0005,0.0002,0.0000,0.0000,0.0006,0.004557,0.045309,0.000000,0.000000,0.000000,0.000000,0.000000,-0.069233,0.031645,0.023035,0.000000,-0.078040,-0.040002,-0.019544,0.000000,-0.037767,-0.027707,0.000000,0.000000,0.365142,0.092041,-0.009210,0.000000,-0.148641,-0.093443,0.019682,0.000000,0.066848,-0.086089
1771635555.559,36,1,1,0.0009,0.9956,0.0031,0.0001,0.0000,0.0000,0.0003,0.019701,0.180647,0.000000,0.000000,0.000000,0.000000,0.000000,-0.061466,0.036161,0.017393,0.000000,0.034402,-0.033911,-0.008666,0.000000,0.096724,0.051730,0.000000,0.000000,0.371405,0.209629,-0.148692,0.000000,0.136420,0.060628,0.152183,0.000000,0.727955,0.509545
1771635555.659,39,1,1,0.0002,0.9585,0.0304,0.0001,0.0001,0.0000,0.0107,0.006486,0.141351,0.000065,0.001650,0.002752,0.000000,0.000000,-0.056120,0.033980,0.010320,0.000000,-0.000996,-0.029421,-0.001594,0.000000,0.014758,0.018777,0.000000,0.000000,0.339908,0.106654,-0.194510,0.000000,-0.439269,-0.161371,0.194510,0.000000,0.630919,0.424222
1771635555.755,42,1,1,0.0000,0.9069,0.0925,0.0000,0.0000,0.0000,0.0006,0.006280,0.052419,0.000286,0.001030,0.002294,0.000000,0.000000,-0.059974,0.041428,-0.001393,0.000000,-0.000456,-0.023583,0.004884,0.000000,0.010615,0.018435,0.000000,0.000000,0.128087,0.044752,-0.072197,0.000000,-0.210073,-0.106462,0.072197,0.000000,0.145839,0.238153
1771635555.855,45,1,1,0.0000,0.9837,0.0163,0.0000,0.0000,0.0000,0.0000,0.005800,0.070045,0.000340,0.000644,0.001491,0.000000,0.000000,-0.056448,0.041901,0.002242,0.000000,0.004705,-0.018110,-0.000497,0.000000,0.009428,0.011319,0.000000,0.000000,-0.161255,-0.003602,0.086389,0.000000,0.499757,0.254392,-0.081153,0.000000,-0.200628,-0.131874
1771635555.956,48,1,1,0.0000,0.9990,0.0010,0.0000,0.0000,0.0000,0.0000,0.005028,0.019559,0.000230,0.000307,0.000895,0.000000,0.000000,-0.043152,0.033654,0.015539,0.000000,-0.008228,-0.015278,-0.012048,0.000000,-0.000024,0.011145,0.000000,0.000000,-0.107731,-0.104032,0.089256,0.000000,0.096552,0.047160,-0.082275,0.001745,-0.352449,-0.278645
1771635556.056,51,1,1,0.0000,0.9998,0.0002,0.0000,0.0000,0.0000,0.0000,0.002046,0.006076,0.000224,0.001331,0.001897,0.000000,0.000000,-0.118261,0.017930,0.006622,0.000000,-0.044107,-0.013747,-0.004877,0.000000,-0.062626,-0.028803,0.000000,0.000000,-0.298998,-0.065383,0.072907,0.000000,-0.041877,-0.042889,-0.069416,0.000000,-0.268804,-0.220448
1771635556.156,54,1,1,0.0000,0.9983,0.0017,0.0000,0.0000,0.0000,0.0000,0.001243,0.004906,0.000836,0.000465,0.001552,0.000000,0.000000,-0.080756,-0.006802,0.014919,0.000000,-0.044811,-0.010895,-0.011429,0.000000,-0.061324,-0.029380,0.000000,0.000000,-0.199037,-0.087971,0.058876,0.000000,-0.168625,-0.087157,-0.051895,0.000000,-0.322110,-0.248140
1771635556.256,57,1,1,0.0000,0.9989,0.0010,0.0000,0.0000,0.0000,0.0000,0.000774,0.004831,0.000226,0.000517,0.000653,0.000000,0.000000,-0.059615,-0.004095,0.009285,0.000000,-0.046200,-0.007476,-0.004049,0.000000,-0.065118,-0.026237,0.000000,0.000000,-0.136106,-0.077874,0.057971,0.000000,-0.102135,-0.062396,-0.054480,0.000000,-0.168028,-0.144692
1771635556.357,60,1,1,0.0001,0.9995,0.0004,0.0000,0.0000,0.0000,0.0000,0.000210,0.003076,0.002218,0.000234,0.002320,0.000000,0.000000,-0.143207,-0.031362,-0.000772,0.000000,-0.062779,-0.006195,0.002517,0.000000,-0.075090,-0.036248,0.000000,0.000000,-0.110868,-0.109412,0.036912,0.000000,-0.004386,-0.014923,-0.028185,0.000000,-0.091579,-0.100398
1771635556.457,63,1,1,0.0001,0.9998,0.0002,0.0000,0.0000,0.0000,0.0000,0.000227,0.010295,0.001109,0.000470,0.001527,0.000000,0.000000,-0.185496,-0.015871,0.002729,0.000000,-0.082518,-0.004486,-0.000983,0.000000,-0.068904,-0.027730,0.000000,0.000000,-0.262816,-0.111082,-0.002930,0.000000,0.053117,0.026962,0.013402,0.000000,0.030060,-0.002590
1771635556.557,66,1,1,0.0000,0.9998,0.0001,0.0000,0.0000,0.0000,0.0000,0.000171,0.023741,0.000163,0.000495,0.000375,0.000000,0.000000,-0.135459,-0.012219,-0.000306,0.000000,-0.080723,-0.003284,0.002052,0.000000,-0.069625,-0.025459,0.000000,0.000000,-0.156866,-0.065697,-0.014580,0.000000,0.100266,0.088139,0.019816,0.000000,0.040959,0.035710
1771635556.657,69,1,1,0.0000,0.9998,0.0001,0.0000,0.0000,0.0000,0.0000,0.004393,0.015160,0.000104,0.000700,0.001962,0.000000,0.000000,0.050211,-0.004553,-0.000759,0.000000,-0.067581,-0.003294,0.002505,0.000000,-0.065912,-0.023357,0.000000,0.000000,-0.114035,-0.044817,-0.003631,0.000000,0.056632,0.052757,0.005376,0.000000,0.029641,0.037519
1771635556.758,72,1,1,0.0000,0.9999,0.0001,0.0000,0.0000,0.0000,0.0000,0.001670,0.008850,0.000780,0.000767,0.005115,0.000000,0.000000,-0.037023,-0.009267,-0.018299,0.000000,-0.071054,-0.003737,0.020045,0.000000,-0.072291,-0.023107,0.000000,0.000000,-0.120012,-0.033876,-0.017897,0.000000,0.024433,0.034421,0.014406,0.001745,-0.003525,0.031192
1771635556.859,75,1,1,0.0000,0.9999,0.0000,0.0000,0.0000,0.0000,0.0000,0.000387,0.008309,0.000563,0.001028,0.001732,0.000000,0.000000,-0.160933,-0.028094,0.004646,0.000000,-0.130905,-0.006740,-0.001156,0.000000,-0.101824,-0.045688,0.000000,0.000000,-0.129361,-0.026983,0.008043,0.000000,0.012416,0.042645,-0.006297,0.000000,-0.001661,0.036610
1771635556.961,78,1,1,0.0000,0.9999,0.0000,0.0000,0.0000,0.0000,0.0000,0.002841,0.014832,0.001536,0.000142,0.001876,0.000000,0.000000,-0.096224,-0.023136,0.031996,0.000000,-0.118125,0.002101,-0.030251,0.000000,-0.080178,-0.039328,0.000000,0.000000,-0.097068,-0.026152,0.014517,0.000000,0.037372,0.067986,-0.014517,0.000000,0.001795,0.056315
1771635557.060,81,1,1,0.0000,0.9999,0.0000,0.0000,0.0000,0.0000,0.0000,0.000920,0.009623,0.001655,0.000807,0.004719,0.000000,0.000000,-0.066783,-0.014683,0.011035,0.000000,-0.086303,-0.002866,-0.002308,0.000000,-0.075679,-0.038679,0.000000,0.000000,-0.091968,-0.017737,0.008574,0.000000,0.011857,0.042402,-0.006829,0.000000,-0.005777,0.052646
1771635557.159,84,1,1,0.0000,0.9999,0.0000,0.0000,0.0000,0.0000,0.0000,0.002319,0.007813,0.001591,0.000774,0.003407,0.000000,0.000000,0.025492,-0.007873,0.002336,0.000000,-0.062713,-0.001562,-0.000591,0.000000,-0.077678,-0.037537,0.000000,0.000000,-0.080322,0.005981,-0.003892,0.000000,0.001762,0.028352,0.005637,0.000000,-0.007532,0.052030
1771635557.260,87,1,1,0.0000,0.9999,0.0000,0.0000,0.0000,0.0000,0.0000,0.004580,0.017259,0.001466,0.001335,0.002327,0.000000,0.000000,-0.034814,0.022332,-0.027388,0.000000,-0.025927,-0.004896,0.032624,0.000000,-0.068748,-0.034334,0.000000,0.000000,0.114253,0.015443,-0.001065,0.000000,0.000982,0.015688,0.004556,0.000000,-0.002304,0.056188
1771635557.359,90,1,1,0.0000,0.9999,0.0000,0.0000,0.0000,0.0000,0.0000,0.002084,0.010207,0.000858,0.000586,0.003738,0.000000,0.000000,-0.017901,0.013143,-0.004879,0.000000,-0.017234,-0.005489,0.011860,0.000000,-0.064068,-0.032529,0.000000,0.000000,0.048011,0.002888,0.007745,0.000000,-0.002331,0.006342,-0.007745,0.001745,-0.006707,0.055753
1771635557.460,93,1,1,0.0025,0.9972,0.0001,0.0001,0.0000,0.0000,0.0002,0.001732,0.007895,0.000265,0.000263,0.001085,0.000000,0.000000,0.007148,0.008397,0.004252,0.000000,-0.012649,-0.003784,0.000984,0.000000,-0.061942,-0.028914,0.000000,0.000000,0.038541,-0.009342,-0.002137,0.000000,-0.002833,0.002851,0.002137,0.000000,-0.010087,0.051216
1771635557.560,96,1,1,0.0046,0.9950,0.0001,0.0001,0.0000,0.0000,0.0002,0.003547,0.004751,0.000139,0.000686,0.001016,0.000000,0.000000,-0.005815,0.007298,0.003918,0.000000,0.031349,-0.004700,-0.000427,0.000000,-0.058631,-0.026945,0.000000,0.000000,0.047651,-0.017197,-0.009359,0.000000,-0.039362,-0.015831,0.009359,0.000000,-0.178659,-0.096304
1771635557.663,99,1,1,0.0053,0.9942,0.0001,0.0001,0.0000,0.0000,0.0003,0.009291,0.013750,0.000443,0.000612,0.000678,0.000000,0.000000,-0.000652,0.004368,0.003654,0.000000,0.035719,-0.003327,-0.001909,0.000000,0.047654,0.020095,0.000000,0.000000,0.102159,-0.007154,-0.061101,0.000000,-0.107740,-0.058503,0.062846,0.000000,-0.180317,-0.140638
1771635557.761,102,1,1,0.0050,0.9942,0.0002,0.0002,0.0000,0.0000,0.0004,0.016798,0.007520,0.001250,0.000186,0.002704,0.000000,0.000000,0.045485,0.002760,0.009741,0.000000,0.049644,0.000491,-0.007995,0.000000,0.037514,0.055940,0.000000,0.000000,0.033316,-0.000284,-0.055180,0.000000,-0.228035,-0.143179,0.056926,0.000000,-0.295889,-0.252054
1771635557.861,105,1,1,0.0014,0.9972,0.0001,0.0009,0.0000,0.0000,0.0004,0.044197,0.006988,0.001270,0.000720,0.003946,0.000000,0.000000,0.061176,-0.038197,-0.185852,0.000000,0.087292,0.045528,0.192833,0.000000,0.043571,0.099960,0.000000,0.000000,-0.078690,0.008819,-0.069806,0.000000,-0.190022,-0.140316,0.075042,0.000000,-0.190925,-0.209608
1771635557.962,108,1,1,0.0031,0.9942,0.0002,0.0018,0.0000,0.0000,0.0006,0.018714,0.004073,0.001494,0.000226,0.002428,0.000000,0.000000,-0.506944,-0.124861,-0.147093,-0.006981,0.033595,0.036894,0.150584,0.003491,-0.053479,-0.042572,0.000000,0.000000,-0.109216,0.020290,-0.023354,0.000000,-0.124260,-0.091016,0.028590,0.000000,-0.129834,-0.137039
1771635558.061,111,1,1,0.0046,0.9899,0.0003,0.0047,0.0000,0.0001,0.0004,0.012173,0.003059,0.000736,0.000748,0.012061,0.000000,0.000000,-0.296457,-0.087058,-0.097919,-0.003491,0.018121,0.017817,0.104900,0.005236,-0.049602,-0.025133,0.000000,0.000000,-0.056687,0.026674,-0.004798,0.000000,-0.069816,-0.060353,0.010034,0.000000,-0.076577,-0.096029
1771635558.162,114,1,1,0.0065,0.9904,0.0003,0.0025,0.0000,0.0000,0.0002,0.005804,0.008515,0.000166,0.000458,0.001188,0.000000,0.000000,-0.138605,-0.073500,-0.057003,-0.001745,-0.002265,0.003915,0.063985,0.001745,-0.012382,-0.015176,0.000000,0.000000,0.078264,0.020144,0.003774,0.000000,-0.029774,-0.015701,-0.000283,0.000000,-0.076629,-0.054234
1771635558.262,117,1,1,0.0052,0.9931,0.0002,0.0013,0.0000,0.0000,0.0002,0.011004,0.012673,0.000251,0.001132,0.001202,0.000000,0.000000,-0.062732,-0.059229,-0.035299,-0.001745,0.006820,0.002871,0.044026,0.000000,0.038092,0.040245,0.000000,0.000000,0.138104,0.006587,0.007386,0.000000,-0.035146,-0.015393,-0.003895,0.000000,-0.071140,-0.042323
1771635558.362,120,1,1,0.0031,0.9939,0.0001,0.0027,0.0000,0.0000,0.0002,0.048906,0.005709,0.000310,0.001976,0.006287,0.000000,0.000000,-0.028131,-0.051356,-0.088727,-0.001745,0.155666,0.095117,0.102690,0.001745,0.129386,0.102268,0.000000,0.000000,0.064709,-0.000684,0.000507,0.000000,-0.033997,-0.009918,-0.000507,0.000000,-0.003146,0.003289
1771635558.463,123,1,1,0.0027,0.9907,0.0001,0.0061,0.0000,0.0001,0.0003,0.030757,0.006342,0.001013,0.003451,0.005705,0.000000,0.000000,0.026953,-0.050787,-0.058932,-0.001745,0.065184,0.053945,0.071149,0.001745,0.075552,0.074558,0.000000,0.000000,0.024779,-0.003575,-0.005578,0.000000,-0.027860,-0.002623,0.007323,0.000000,0.015750,0.028258
1771635558.563,126,1,1,0.0059,0.9795,0.0003,0.0136,0.0000,0.0003,0.0004,0.022747,0.005095,0.001170,0.001369,0.001493,0.000000,0.000000,0.040744,-0.045721,-0.033380,-0.001745,0.057127,0.046861,0.043852,0.000000,0.035955,0.048425,-0.001745,0.000000,-0.399079,-0.051471,-0.049273,0.000000,-0.035963,-0.005516,0.047527,0.000000,-0.012188,0.013612
1771635558.663,129,1,1,0.0058,0.9711,0.0004,0.0220,0.0000,0.0003,0.0004,0.018063,0.005008,0.000539,0.001696,0.001993,0.000000,0.000000,0.075992,-0.043669,-0.041391,-0.001745,0.014407,0.022673,0.053608,0.000000,0.011220,0.038854,0.001745,0.000000,-0.388832,-0.083075,-0.061838,0.000000,-0.245487,-0.092149,0.058347,0.000000,-0.135811,-0.069413
1771635558.766,132,1,1,0.0013,0.9802,0.0004,0.0178,0.0000,0.0001,0.0002,0.008695,0.006276,0.005009,0.002106,0.004290,0.000000,0.000000,0.043214,-0.037062,-0.017548,-0.001745,-0.129183,-0.056456,0.033256,0.000000,-0.015509,0.027866,0.000000,0.000000,-0.317628,-0.153045,-0.073566,0.000000,-0.213163,-0.061113,0.075311,0.000000,-0.157869,-0.119842
1771635558.865,135,1,1,0.0002,0.9967,0.0003,0.0027,0.0000,0.0000,0.0000,0.002519,0.004644,0.001138,0.004003,0.003330,-0.001745,0.000000,-0.028635,-0.028794,0.003557,0.000000,-0.088830,-0.041763,0.012151,-0.001745,-0.041138,0.014522,0.000000,0.000000,-0.318488,-0.088618,-0.053981,0.000000,-0.164899,-0.045884,0.055727,0.000000,-0.135718,-0.099527
1771635558.965,138,1,1,0.0000,0.9998,0.0001,0.0001,0.0000,0.0000,0.0000,0.005031,0.002519,0.001087,0.004952,0.004138,0.000000,0.000000,-0.119004,-0.025103,-0.041452,-0.001745,-0.071532,-0.029598,0.051924,0.000000,-0.034184,0.008446,0.000000,0.000000,-0.217202,-0.056432,-0.035469,0.000000,-0.128188,-0.042918,0.028487,0.001745,-0.102597,-0.079213
1771635559.066,141,1,1,0.0000,1.0000,0.0000,0.0000,0.0000,0.0000,0.0000,0.003292,0.000863,0.002676,0.004945,0.002002,-0.001745,0.000000,-0.088933,-0.023298,-0.022570,-0.003491,-0.049797,-0.018505,0.033042,0.000000,-0.027707,0.006456,0.000000,0.000000,-0.113487,-0.019982,0.008607,0.000000,-0.067221,-0.042450,-0.017334,0.001745,-0.092150,-0.069167
1771635559.167,144,1,1,0.0000,1.0000,0.0000,0.0000,0.0000,0.0000,0.0000,0.003850,0.002164,0.004304,0.004655,0.003445,-0.001745,0.000000,-0.094624,-0.020127,-0.024084,-0.001745,-0.059092,-0.014832,0.045028,0.000000,-0.032401,0.001168,0.001745,0.000000,-0.076289,-0.011127,0.022480,0.000000,-0.041042,-0.041549,-0.029461,0.001745,-0.068946,-0.054820
1771635559.267,147,1,1,0.0000,1.0000,0.0000,0.0000,0.0000,0.0000,0.0000,0.020949,0.001909,0.002110,0.009256,0.007652,-0.001745,0.001745,-0.072918,-0.017318,-0.023145,-0.005236,0.101015,0.083764,0.044089,0.000000,0.012125,0.008649,0.000000,0.000000,-0.302714,-0.009149,-0.022911,0.000000,-0.024409,-0.041622,0.019421,0.003491,-0.022500,-0.029444
1771635559.367,150,1,1,0.0000,1.0000,0.0000,0.0000,0.0000,0.0000,0.0000,0.039250,0.007989,0.004043,0.005822,0.003365,-0.003491,0.000000,0.071368,-0.022283,0.001112,-0.001745,0.084294,0.051623,0.021577,0.000000,0.137882,0.103140,0.000000,0.000000,-0.188618,-0.005344,-0.087550,0.001745,0.008317,-0.040894,0.082314,0.003491,-0.009404,-0.030310
1771635559.467,153,1,1,0.0000,0.9999,0.0000,0.0000,0.0000,0.0000,0.0000,0.029794,0.032110,0.004265,0.004004,0.006871,-0.003491,0.000000,0.053182,-0.028710,0.021090,-0.001745,0.078776,0.065428,-0.005382,0.001745,0.069594,0.067713,0.000000,0.000000,-0.051203,0.019370,-0.005381,0.000000,0.133096,0.045635,0.007126,0.001745,0.098058,0.080294
1771635559.568,156,1,1,0.0000,0.9999,0.0001,0.0000,0.0000,0.0000,0.0000,0.011525,0.017930,0.002293,0.008612,0.006902,-0.003491,0.001745,-0.073376,-0.042323,0.029384,-0.001745,0.022128,0.033500,-0.006695,0.000000,0.007077,0.044464,0.000000,0.000000,0.032710,0.007964,0.012455,-0.001745,0.060797,0.016267,-0.012455,0.003491,0.027593,0.053888
1771635559.668,159,1,1,0.0000,0.9999,0.0000,0.0000,0.0000,0.0000,0.0000,0.005498,0.014157,0.006593,0.006305,0.005277,0.000000,0.000000,-0.104888,-0.042389,0.037754,-0.001745,-0.034107,0.014333,-0.023791,0.000000,-0.046916,0.013890,0.001745,0.000000,0.012161,-0.000232,-0.086856,-0.001745,0.014925,0.002023,0.086856,0.001745,0.004628,0.045797
1771635559.768,162,1,1,0.0000,1.0000,0.0000,0.0000,0.0000,0.0000,0.0000,0.004995,0.009304,0.003977,0.003904,0.001970,0.000000,0.000000,0.045269,-0.041204,0.011347,-0.001745,-0.057854,-0.001796,-0.002620,-0.001745,-0.052082,0.003327,0.000000,0.000000,0.030330,0.000958,-0.042399,-0.001745,-0.013445,-0.010028,0.038909,0.001745,-0.038513,0.039708
1771635559.868,165,1,1,0.0000,1.0000,0.0000,0.0000,0.0000,0.0000,0.0000,0.000986,0.012135,0.002939,0.006046,0.005906,-0.001745,0.001745,-0.087799,-0.050398,0.010084,-0.003491,-0.073864,-0.009103,-0.003103,0.000000,-0.067247,-0.017253,-0.001745,0.000000,0.072505,-0.000007,0.049742,-0.001745,-0.008364,-0.005692,-0.046251,0.001745,-0.074189,0.021627
1771635559.969,168,1,1,0.0000,1.0000,0.0000,0.0000,0.0000,0.0000,0.0000,0.000975,0.003523,0.006170,0.005442,0.001878,0.000000,0.001745,-0.090989,-0.049505,-0.004722,-0.001745,-0.145667,-0.058340,0.009958,-0.003491,-0.113314,-0.036699,0.000000,0.000000,-0.016507,-0.001053,0.023502,0.000000,0.001479,-0.003223,-0.018266,0.001745,-0.066922,0.015547
1771635560.069,171,1,1,0.0000,1.0000,0.0000,0.0000,0.0000,0.0000,0.0000,0.000873,0.002238,0.006897,0.006472,0.006114,0.000000,0.000000,-0.086877,-0.045176,0.000368,-0.001745,-0.093279,-0.038041,0.008358,0.001745,-0.096159,-0.035148,0.000000,0.000000,-0.066287,0.000764,-0.005938,-0.003491,-0.004875,-0.002113,0.009429,0.001745,-0.067368,0.014922
1771635560.170,174,1,1,0.0000,1.0000,0.0000,0.0000,0.0000,0.0000,0.0000,0.000873,0.006408,0.002890,0.003329,0.005585,-0.001745,0.001745,-0.100517,-0.040734,0.004715,-0.003491,-0.046928,-0.017552,0.004012,0.000000,-0.029966,-0.019167,0.001745,0.000000,-0.098785,0.001653,0.053000,-0.001745,-0.006226,-0.003238,-0.046019,0.001745,-0.064217,0.018753
1771635560.269,177,1,1,0.0000,1.0000,0.0000,0.0000,0.0000,0.0000,0.0000,0.012614,0.013963,0.001486,0.002334,0.003040,-0.001745,0.000000,-0.097306,-0.039820,0.057078,-0.001745,-0.020906,-0.009023,-0.051842,0.000000,0.062371,0.031913,0.001745,0.000000,-0.085957,0.006203,0.136852,-0.001745,-0.051895,-0.025869,-0.131616,0.001745,-0.063493,0.021014
1771635560.369,180,1,1,0.0000,1.0000,0.0000,0.0000,0.0000,0.0000,0.0000,0.008081,0.007741,0.001655,0.006077,0.005498,0.000000,0.000000,-0.085635,-0.041811,0.048843,-0.001745,-0.013486,-0.002760,-0.045353,0.001745,0.018946,0.027431,0.000000,0.000000,-0.092665,0.005572,0.063283,0.000000,-0.063062,-0.034206,-0.056302,0.001745,-0.058716,0.022290
1771635560.470,183,1,1,0.0000,1.0000,0.0000,0.0000,0.0000,0.0000,0.0000,0.006752,0.002232,0.001513,0.002261,0.001369,0.000000,0.000000,-0.083571,-0.050397,0.041445,-0.001745,-0.001232,0.002236,-0.032719,0.001745,0.012283,0.023310,0.000000,0.000000,-0.136792,0.008153,-0.013392,0.000000,-0.133170,-0.055504,0.016882,0.001745,-0.176853,-0.070405
1771635560.570,186,1,1,0.0000,1.0000,0.0000,0.0000,0.0000,0.0000,0.0000,0.004226,0.004404,0.005025,0.002928,0.004469,-0.001745,0.000000,-0.093321,-0.049964,0.036058,-0.003491,-0.003953,0.002058,-0.020350,0.000000,-0.005844,0.012599,0.001745,0.000000,-0.154758,0.034366,-0.011496,0.001745,-0.135982,-0.050969,0.011496,0.003491,-0.114480,-0.061002
1771635560.670,189,1,1,0.0000,1.0000,0.0000,0.0000,0.0000,0.0000,0.0000,0.006032,0.002262,0.002931,0.001950,0.002815,-0.001745,0.000000,-0.097808,-0.058396,-0.046203,-0.003491,-0.013139,-0.000208,0.072383,-0.001745,-0.044845,-0.014264,0.000000,0.000000,-0.114383,0.018165,0.007238,0.000000,-0.168629,-0.048711,-0.008983,0.001745,-0.138340,-0.058162
1771635560.770,192,1,1,0.0000,1.0000,0.0000,0.0000,0.0000,0.0000,0.0000,0.006629,0.003694,0.005165,0.002451,0.002845,-0.001745,0.001745,-0.111288,-0.077473,-0.050445,-0.005236,-0.009691,0.004670,0.073135,-0.001745,-0.123441,-0.064239,0.000000,0.000000,-0.097671,0.006408,0.036177,0.000000,-0.141469,-0.040330,-0.037922,0.001745,-0.106606,-0.058983
1771635560.871,195,1,1,0.0000,1.0000,0.0000,0.0000,0.0000,0.0000,0.0000,0.004108,0.001935,0.002454,0.002042,0.001374,0.000000,0.001745,-0.100207,-0.069433,-0.021366,-0.005236,-0.041363,-0.000301,0.047546,-0.001745,-0.069411,-0.032579,0.000000,0.000000,-0.088404,0.002284,0.019196,0.000000,-0.131808,-0.038112,-0.022687,0.001745,-0.086070,-0.047870
1771635560.971,198,1,1,0.0000,1.0000,0.0000,0.0000,0.0000,0.0000,0.0000,0.002634,0.011339,0.003381,0.002559,0.001869,0.000000,0.001745,-0.062960,-0.059740,0.008761,-0.005236,-0.037488,0.000193,0.020910,0.000000,-0.058756,-0.024436,0.001745,0.000000,-0.082011,-0.002640,0.088528,0.000000,-0.105389,-0.038250,-0.097255,0.003491,-0.008641,0.042309
1771635561.071,201,1,1,0.0000,1.0000,0.0000,0.0000,0.0000,0.0000,0.0000,0.004134,0.006191,0.002667,0.004253,0.004376,0.000000,0.000000,-0.065619,-0.054993,0.047865,-0.003491,-0.040263,-0.000503,-0.025175,0.001745,-0.050798,-0.009050,0.001745,0.000000,-0.071359,-0.003507,0.054256,0.000000,-0.004070,-0.036132,-0.068219,0.001745,-0.025205,0.016550
1771635561.172,204,1,1,0.0000,1.0000,0.0000,0.0000,0.0000,0.0000,0.0000,0.002745,0.003576,0.000615,0.003615,0.003880,-0.001745,0.001745,-0.052685,-0.052146,0.031200,-0.003491,-0.047666,-0.005553,-0.003274,-0.001745,-0.096137,-0.012484,0.003491,0.000000,-0.081627,-0.003215,-0.046797,0.001745,0.004838,-0.034421,0.031089,0.001745,-0.030444,-0.006812
1771635561.272,207,1,1,0.0000,1.0000,0.0000,0.0000,0.0000,0.0000,0.0000,0.001943,0.011956,0.001643,0.001458,0.001344,-0.001745,0.000000,-0.017256,-0.048963,0.023315,-0.005236,-0.046182,-0.002102,-0.000625,0.000000,-0.063470,-0.008396,0.001745,0.000000,-0.103886,-0.005337,0.043818,0.000000,0.082840,-0.003611,-0.064762,0.003491,0.009148,0.002434
1771635561.372,210,1,1,0.0000,1.0000,0.0000,0.0000,0.0000,0.0000,0.0000,0.005177,0.010351,0.001048,0.003422,0.004667,0.000000,0.001745,0.031381,-0.048718,-0.011037,-0.003491,-0.038373,0.000510,0.028490,-0.001745,-0.048210,-0.004461,0.003491,0.000000,-0.099676,-0.049160,-0.054814,0.001745,0.023973,-0.008306,0.039106,0.003491,0.023898,0.028504
1771635561.472,213,1,1,0.0000,1.0000,0.0000,0.0000,0.0000,0.0000,0.0000,0.007593,0.015699,0.001352,0.002410,0.012391,-0.001745,0.001745,0.002039,-0.050222,-0.048201,-0.005236,-0.002155,0.020601,0.062164,-0.001745,-0.008026,0.004561,0.001745,0.000000,-0.129461,-0.059881,-0.159796,0.001745,-0.042186,-0.010826,0.147578,0.001745,0.009018,0.026552
1771635561.574,216,1,1,0.0000,1.0000,0.0000,0.0000,0.0000,0.0000,0.0000,0.003421,0.011970,0.002402,0.003602,0.004531,0.000000,0.001745,0.007488,-0.054888,0.013318,-0.003491,-0.005639,0.008816,0.005880,0.000000,-0.021498,0.003798,0.000000,0.000000,-0.151151,-0.055622,-0.129943,0.001745,-0.089689,-0.026709,0.115980,0.001745,-0.002917,0.024164
1771635561.674,219,1,1,0.0000,1.0000,0.0000,0.0000,0.0000,0.0000,0.0000,0.004704,0.008962,0.000774,0.006490,0.005658,-0.001745,0.000000,-0.003571,-0.055284,0.056443,-0.001745,-0.020083,-0.003722,-0.038990,0.000000,-0.041462,-0.001270,0.003491,0.000000,-0.170460,-0.040155,-0.079048,0.001745,-0.027678,-0.020232,0.063340,0.003491,0.008436,0.027037
1771635561.774,222,1,1,0.0006,0.9992,0.0001,0.0000,0.0000,0.0000,0.0001,0.003760,0.006393,0.000648,0.001164,0.001457,0.000000,0.000000,-0.083603,-0.055275,0.045121,-0.001745,-0.029492,-0.004093,-0.029413,0.000000,-0.047898,-0.002593,0.000000,0.000000,-0.128497,-0.029221,-0.036326,0.000000,0.027804,-0.000206,0.024109,0.001745,-0.007020,0.023063
1771635561.874,225,1,1,0.0007,0.9991,0.0001,0.0000,0.0000,0.0000,0.0001,0.003646,0.000578,0.003830,0.001677,0.001706,0.000000,0.000000,-0.107610,-0.056390,0.043748,-0.001745,-0.029212,-0.002720,-0.024549,-0.001745,-0.047795,-0.004334,0.000000,0.000000,-0.063367,-0.026693,0.003442,0.001745,-0.087415,-0.007186,-0.017404,0.001745,-0.091492,-0.007262
1771635561.975,228,1,1,0.0008,0.9990,0.0001,0.0000,0.0000,0.0000,0.0001,0.001891,0.000666,0.001543,0.000227,0.001706,0.000000,0.000000,-0.085583,-0.073043,0.015682,-0.003491,-0.028547,-0.003357,0.007007,-0.003491,-0.041012,-0.000335,0.000000,0.000000,-0.001465,-0.025182,-0.018459,0.000000,-0.118888,-0.021150,0.004496,0.003491,-0.081489,-0.038207
1771635562.075,231,1,1,0.0006,0.9992,0.0001,0.0001,0.0000,0.0000,0.0001,0.014917,0.000641,0.001477,0.004469,0.005001,0.000000,0.000000,-0.015200,-0.066638,0.010391,-0.001745,-0.028113,-0.003861,0.010552,0.000000,0.062302,0.095760,0.000000,0.000000,-0.005675,-0.023252,0.004205,0.000000,-0.158313,-0.020946,-0.014677,0.003491,-0.098929,-0.049010
1771635562.179,234,1,1,0.0004,0.9994,0.0001,0.0001,0.0000,0.0000,0.0001,0.004622,0.003518,0.002714,0.001912,0.002033,0.000000,0.000000,-0.011395,-0.065909,0.005779,-0.003491,-0.039879,-0.005676,0.008184,-0.005236,-0.000948,0.041506,0.000000,0.000000,-0.014002,-0.021406,0.040467,0.000000,-0.161039,-0.016117,-0.052684,0.001745,-0.110786,-0.056772
1771635562.278,237,1,1,0.0007,0.9991,0.0001,0.0000,0.0000,0.0000,0.0001,0.003262,0.001351,0.001191,0.001589,0.004446,0.000000,0.000000,-0.015995,-0.058143,0.002440,-0.003491,-0.028133,0.000333,0.004542,-0.005236,-0.004371,0.031831,0.000000,0.000000,-0.001670,-0.012104,0.012716,0.000000,-0.124871,-0.013799,-0.030169,0.003491,-0.087304,-0.058176
1771635562.378,240,1,1,0.0005,0.9994,0.0001,0.0000,0.0000,0.0000,0.0001,0.003273,0.004658,0.000356,0.004260,0.008113,0.000000,0.001745,0.007575,-0.057280,0.002294,-0.001745,-0.032327,-0.001088,0.002942,-0.001745,-0.004617,0.024715,0.000000,0.000000,0.031221,0.004818,-0.037314,0.000000,-0.121715,-0.009143,0.018116,0.001745,-0.126381,-0.091550
1771635562.479,243,1,1,0.0003,0.9996,0.0000,0.0000,0.0000,0.0000,0.0000,0.001846,0.004512,0.001582,0.001459,0.003678,0.000000,0.001745,-0.006359,-0.061752,0.005635,-0.003491,-0.035317,-0.001757,-0.002144,0.000000,-0.008636,0.014774,0.001745,0.000000,0.008273,0.025876,0.016506,0.000000,-0.110711,-0.008951,-0.035704,0.001745,-0.092738,-0.067451
1771635562.581,246,1,1,0.0003,0.9996,0.0000,0.0000,0.0000,0.0000,0.0000,0.002421,0.011118,0.001247,0.004183,0.004363,0.000000,0.003491,0.013294,-0.063196,0.001383,-0.001745,-0.031191,-0.000800,0.002108,0.001745,-0.009237,0.007028,0.003491,0.000000,-0.034620,0.117593,0.010587,0.000000,-0.095633,-0.011215,-0.031531,0.001745,-0.112148,-0.065581
1771635562.681,249,1,1,0.0005,0.9994,0.0001,0.0000,0.0000,0.0000,0.0001,0.012922,0.019202,0.000882,0.001851,0.001544,0.000000,0.003491,0.110722,-0.059145,-0.023780,-0.003491,-0.005208,0.003984,0.030762,-0.001745,-0.007215,0.006100,0.003491,0.000000,0.034029,0.156541,-0.008730,0.000000,-0.017563,-0.015765,-0.013959,0.003491,0.016086,0.016788
1771635562.781,252,1,1,0.0007,0.9989,0.0002,0.0000,0.0000,0.0000,0.0001,0.010266,0.032171,0.001682,0.001036,0.001409,-0.001745,0.001745,0.043328,-0.051911,-0.051808,-0.001745,-0.011054,0.001359,0.069262,0.000000,-0.002735,0.007494,0.001745,0.000000,0.072730,0.203226,-0.013729,0.000000,-0.022212,-0.016762,-0.003724,0.003491,0.026873,0.077992
1771635562.881,255,1,1,0.0012,0.9979,0.0006,0.0001,0.0000,0.0000,0.0002,0.005464,0.036061,0.001159,0.002067,0.000943,0.000000,0.001745,-0.013108,-0.049322,-0.029836,-0.003491,-0.024734,-0.000554,0.049035,0.000000,0.005472,0.009321,0.003491,-0.001745,0.064229,0.265470,0.012259,0.000000,0.013712,-0.004533,-0.022731,0.005236,0.012910,0.055419
1771635562.982,258,1,1,0.0011,0.9975,0.0011,0.0001,0.0000,0.0000,0.0002,0.003373,0.031800,0.001261,0.004018,0.003677,0.000000,0.001745,-0.041815,-0.045948,-0.006896,-0.003491,-0.030740,-0.002048,0.034821,0.000000,-0.004334,0.003909,0.003491,0.000000,-0.010739,0.234122,0.041569,0.001745,0.040892,0.006947,-0.064259,0.005236,-0.001319,0.047601
1771635563.082,261,1,1,0.0014,0.9977,0.0007,0.0001,0.0000,0.0000,0.0002,0.002327,0.019628,0.000924,0.003602,0.003169,0.000000,0.003491,-0.057673,-0.046163,0.024428,-0.003491,-0.024209,-0.000774,0.000006,0.000000,-0.011409,-0.001628,0.005236,-0.001745,-0.083094,0.158281,0.019372,0.000000,0.003873,-0.000038,-0.054278,0.005236,-0.004423,0.043541
1771635563.182,264,1,1,0.0012,0.9984,0.0003,0.0000,0.0000,0.0000,0.0001,0.003872,0.023824,0.001308,0.002542,0.001464,0.000000,0.001745,-0.101196,-0.046338,0.044720,-0.003491,-0.018914,-0.000833,-0.018540,0.000000,-0.019390,-0.018577,0.003491,-0.001745,0.134556,0.101252,-0.017570,0.000000,-0.064021,-0.027914,-0.022572,0.005236,-0.009897,0.041355
1771635563.282,267,1,1,0.0006,0.9991,0.0002,0.0000,0.0000,0.0000,0.0001,0.008694,0.021601,0.001005,0.002698,0.006529,0.000000,0.003491,-0.168413,-0.048963,0.043046,-0.003491,0.040686,0.017101,-0.013376,0.000000,-0.008816,-0.008969,0.005236,-0.003491,0.109500,0.031020,-0.097298,0.001745,-0.084692,-0.029018,0.064136,0.006981,-0.000129,0.040592
1771635563.382,270,1,1,0.0007,0.9990,0.0001,0.0000,0.0000,0.0000,0.0001,0.007768,0.013901,0.001083,0.003580,0.003774,-0.001745,0.003491,-0.147233,-0.056215,0.033380,-0.003491,0.021614,0.025634,0.001527,0.000000,0.007573,-0.001939,0.005236,-0.003491,-0.037526,-0.021380,-0.068868,0.000000,-0.079179,-0.029187,0.035707,0.006981,0.057188,0.061699
1771635563.483,273,1,1,0.0007,0.9991,0.0001,0.0000,0.0000,0.0000,0.0001,0.003352,0.023820,0.000513,0.001448,0.005451,0.000000,0.003491,-0.095342,-0.057242,0.036730,-0.003491,-0.008783,-0.002058,-0.003569,0.000000,-0.024527,-0.022743,0.003491,-0.003491,-0.005613,-0.045953,0.043072,0.000000,0.081573,-0.028929,-0.076234,0.006981,0.061672,0.089054
1771635563.583,276,1,1,0.0005,0.9989,0.0004,0.0000,0.0000,0.0000,0.0001,0.004853,0.050699,0.001113,0.001957,0.010240,0.000000,0.003491,-0.067387,-0.050204,0.054748,-0.003491,-0.096694,-0.079804,-0.026823,0.000000,-0.112741,-0.079867,0.003491,-0.001745,0.057130,-0.058613,0.158090,0.000000,0.155863,0.045545,-0.194742,0.006981,0.085999,0.095286
1771635563.683,279,1,1,0.0002,0.9964,0.0032,0.0000,0.0000,0.0000,0.0001,0.003719,0.091356,0.001138,0.004535,0.007178,-0.001745,0.006981,-0.102686,-0.033121,0.037646,-0.005236,-0.062731,-0.041208,-0.007975,0.000000,-0.066722,-0.046563,0.001745,-0.001745,0.718326,-0.073874,0.136293,0.000000,0.071886,0.009594,-0.167709,0.005236,0.063552,0.089634
1771635563.784,282,1,1,0.0007,0.9902,0.0088,0.0001,0.0000,0.0000,0.0002,0.003149,0.066876,0.001591,0.000626,0.000883,-0.001745,0.001745,-0.089512,-0.026617,0.036042,-0.005236,-0.052037,-0.029417,-0.002881,0.000000,-0.056054,-0.040127,0.000000,-0.003491,0.413132,-0.078420,0.087817,0.000000,0.060365,0.007065,-0.113997,0.003491,0.082214,0.148425
1771635563.883,285,1,1,0.0002,0.9302,0.0693,0.0000,0.0001,0.0000,0.0002,0.004455,0.089747,0.001023,0.000491,0.001482,0.000000,0.001745,-0.100021,-0.026287,0.051715,-0.005236,-0.031235,-0.006061,-0.013318,0.000000,-0.041184,-0.030411,0.001745,-0.003491,0.003039,0.110568,0.043671,0.001745,0.226372,0.169997,-0.069851,0.003491,0.240056,0.276283
1771635563.984,288,1,1,0.0000,0.7385,0.2614,0.0000,0.0001,0.0000,0.0000,0.005733,0.104318,0.000681,0.000667,0.011662,-0.001745,0.001745,-0.132214,-0.026019,0.029384,-0.005236,0.006155,0.025994,0.005523,0.000000,-0.037944,-0.028607,0.003491,-0.003491,-0.300825,0.275483,-0.021060,0.001745,0.342969,0.258163,-0.005120,0.006981,0.159885,0.203097
1771635564.084,291,2,2,0.0000,0.1957,0.8042,0.0000,0.0000,0.0000,0.0000,0.013070,0.189025,0.000711,0.001514,0.002659,-0.001745,0.001745,-0.089506,-0.027554,-0.020224,-0.005236,0.043903,0.043783,0.053386,0.000000,0.014024,-0.010454,0.003491,-0.003491,0.005203,0.313244,0.040644,0.003491,0.621621,0.318710,-0.059843,0.006981,0.550128,0.404782
1771635564.185,294,2,2,0.0000,0.2002,0.7998,0.0000,0.0000,0.0000,0.0000,0.006198,0.171010,0.000427,0.001449,0.006951,-0.001745,0.003491,-0.080129,-0.030261,0.004254,-0.005236,0.015085,0.026131,0.025416,0.000000,-0.007282,-0.007500,0.000000,0.000000,0.372324,0.171038,0.142372,0.000000,0.580080,0.353490,-0.149353,0.008727,0.252722,0.171366
1771635564.286,297,2,2,0.0000,0.3553,0.6446,0.0000,0.0000,0.0000,0.0000,0.002169,0.261338,0.000266,0.000630,0.001541,-0.001745,0.001745,-0.075262,-0.032470,0.004124,-0.005236,-0.014526,0.003333,0.016820,0.000000,-0.011415,-0.009783,0.001745,-0.003491,0.351066,0.253383,0.073541,-0.005236,0.931964,0.737016,-0.087504,0.010472,0.496882,0.279986
1771635564.386,300,1,1,0.0000,0.6383,0.3614,0.0000,0.0003,0.0000,0.0000,0.001647,0.274358,0.000095,0.000383,0.001204,-0.001745,0.001745,-0.085231,-0.033955,0.000448,-0.005236,-0.015947,0.000571,0.017005,0.000000,-0.010489,-0.007770,0.003491,-0.005236,0.324075,0.235385,0.046256,-0.010472,0.996042,0.781729,-0.063709,0.012217,0.537779,0.355326
1771635564.489,303,1,1,0.0001,0.6869,0.3107,0.0001,0.0018,0.0004,0.0000,0.005695,0.261042,0.001060,0.001201,0.001279,-0.001745,0.001745,-0.088819,-0.033603,-0.050878,-0.003491,-0.019610,0.000011,0.066586,0.000000,-0.011960,-0.007640,0.000000,-0.006981,0.363481,0.201991,0.040491,-0.013963,0.958879,0.710673,-0.057945,0.022689,0.500214,0.334083
1771635564.588,306,1,1,0.0001,0.6609,0.3356,0.0001,0.0025,0.0007,0.0000,0.006966,0.250744,0.000703,0.003355,0.002321,-0.003491,0.001745,-0.092184,-0.023821,-0.055132,-0.005236,-0.015206,0.004030,0.076076,0.001745,-0.013791,-0.006087,0.003491,-0.008727,0.360032,0.211727,-0.021357,-0.013963,0.923852,0.680469,0.005650,0.024435,0.488341,0.310935
1771635564.687,309,1,1,0.0001,0.6578,0.3315,0.0002,0.0087,0.0016,0.0001,0.003098,0.234115,0.001939,0.007316,0.004469,-0.003491,0.001745,-0.070735,-0.011489,-0.016230,-0.005236,-0.016290,-0.002174,0.035429,-0.001745,-0.015099,-0.009384,0.005236,-0.008727,0.413425,0.213694,-0.092016,-0.013963,0.870865,0.620615,0.079799,0.024435,0.402615,0.178695
1771635564.789,312,1,1,0.0001,0.6733,0.3089,0.0002,0.0156,0.0018,0.0002,0.002500,0.218512,0.002263,0.003683,0.002313,-0.001745,0.001745,-0.058198,-0.008559,0.028252,-0.003491,-0.018041,-0.011014,-0.000327,-0.003491,-0.087951,-0.088906,0.005236,-0.008727,0.409755,0.228317,0.008119,-0.008727,0.871797,0.595497,-0.016845,0.024435,0.338707,0.140282
1771635564.890,315,1,1,0.0001,0.7572,0.2162,0.0003,0.0243,0.0017,0.0002,0.004088,0.208338,0.000776,0.003959,0.002656,-0.001745,0.001745,-0.028504,-0.005549,0.047314,-0.005236,-0.000022,-0.000977,-0.022880,0.000000,-0.053827,-0.040656,0.005236,-0.008727,0.396298,0.214670,-0.009098,-0.005236,0.795006,0.553631,0.002117,0.024435,0.350342,0.158320
1771635564.991,318,1,1,0.0000,0.7739,0.1719,0.0002,0.0524,0.0012,0.0004,0.006366,0.204662,0.000782,0.004903,0.005861,-0.003491,0.006981,0.008955,0.015208,0.039051,-0.003491,0.003758,0.002441,-0.011126,0.000000,-0.050709,-0.034595,0.003491,-0.010472,0.385673,0.191510,0.001249,-0.003491,0.789995,0.558134,-0.008230,0.024435,0.336390,0.165071
1771635565.091,321,1,1,0.0000,0.6162,0.2703,0.0000,0.1123,0.0007,0.0005,0.004541,0.199024,0.001524,0.004942,0.003970,-0.003491,0.003491,-0.030010,0.021325,0.018094,-0.003491,-0.001634,-0.001229,0.011577,0.000000,-0.055261,-0.034340,0.005236,-0.012217,0.292602,0.153789,0.019200,-0.005236,0.781558,0.554876,-0.026181,0.024435,0.340594,0.216000
1771635565.191,324,2,2,0.0000,0.0536,0.9450,0.0000,0.0014,0.0000,0.0000,0.005493,0.159334,0.000985,0.003617,0.006601,-0.001745,0.001745,0.028476,0.016494,0.000822,-0.003491,-0.012740,-0.002668,0.018377,-0.001745,-0.130561,-0.071071,0.005236,-0.012217,0.401159,0.128389,0.016654,-0.005236,0.589727,0.363221,-0.027126,0.024435,0.267839,0.115347
1771635565.291,327,2,2,0.0000,0.0507,0.9488,0.0000,0.0005,0.0000,0.0000,0.005959,0.150091,0.000439,0.001855,0.002603,-0.003491,0.006981,0.028650,0.014928,0.012938,-0.003491,-0.017090,-0.000585,0.008006,-0.001745,-0.070610,-0.042691,0.005236,-0.013963,0.477814,0.063108,0.029457,-0.008727,0.577909,0.318535,-0.043419,0.024435,0.224046,0.080555
1771635565.396,330,2,2,0.0000,0.0326,0.9671,0.0000,0.0003,0.0000,0.0000,0.008063,0.155154,0.000310,0.003123,0.002850,-0.003491,0.003491,-0.002223,0.013958,-0.047044,-0.005236,-0.004545,0.004563,0.061007,-0.001745,0.013736,-0.011255,0.005236,-0.015708,0.476393,0.079949,0.027537,-0.008727,0.589241,0.333734,-0.041500,0.024435,0.235204,0.090118
1771635565.492,333,2,2,0.0000,0.0259,0.9738,0.0000,0.0003,0.0000,0.0000,0.011186,0.157312,0.000237,0.001342,0.000594,-0.001745,0.003491,-0.035190,0.010594,-0.034452,-0.003491,0.006715,0.006551,0.051905,0.000000,0.034481,0.020498,0.006981,-0.015708,0.495270,0.083355,0.034117,-0.008727,0.585480,0.332704,-0.048080,0.026180,0.233221,0.090430
1771635565.592,336,2,2,0.0000,0.0267,0.9730,0.0000,0.0003,0.0000,0.0000,0.009330,0.146219,0.002880,0.003696,0.005764,-0.003491,0.006981,-0.064940,0.013395,-0.013513,-0.003491,0.022374,0.010253,0.037948,0.000000,0.001613,0.019396,0.006981,-0.015708,0.553649,0.079010,0.091498,-0.008727,0.504552,0.240223,-0.105461,0.026180,0.183291,0.069250
1771635565.692,339,2,2,0.0000,0.0184,0.9814,0.0000,0.0002,0.0000,0.0000,0.008665,0.154406,0.002108,0.003495,0.004813,-0.003491,0.003491,-0.052613,0.022529,0.076966,-0.005236,0.000991,-0.002129,-0.052531,0.000000,-0.051794,-0.017948,0.005236,-0.015708,0.543549,0.081366,0.085428,-0.008727,0.540709,0.274460,-0.095900,0.026180,0.201630,0.094314
1771635565.792,342,2,2,0.0000,0.0108,0.9890,0.0000,0.0001,0.0000,0.0000,0.010997,0.180082,0.001432,0.003510,0.002995,-0.001745,0.003491,0.029617,0.030196,0.068655,-0.003491,-0.029349,-0.004914,-0.049456,-0.003491,-0.052740,-0.015247,0.006981,-0.017453,0.504512,0.087673,0.082241,-0.008727,0.643561,0.394372,-0.090968,0.026180,0.246419,0.169041
1771635565.896,345,2,2,0.0000,0.0124,0.9873,0.0000,0.0003,0.0000,0.0000,0.009935,0.195835,0.001506,0.003426,0.002678,0.000000,0.003491,0.007883,0.027515,0.055405,-0.003491,-0.030265,-0.000398,-0.043187,0.000000,-0.028764,0.024930,0.006981,-0.015708,0.517382,0.104903,0.045071,-0.008727,0.737815,0.509875,-0.052052,0.026180,0.242721,0.159089
1771635565.996,348,2,2,0.0000,0.0112,0.9882,0.0000,0.0005,0.0000,0.0000,0.006388,0.207169,0.002257,0.002973,0.001120,0.000000,0.003491,0.004396,0.016061,0.037975,-0.005236,-0.053728,-0.001901,-0.020522,0.003491,-0.026690,0.011249,0.005236,-0.015708,0.499177,0.116330,-0.009043,-0.010472,0.775480,0.539913,0.002062,0.026180,0.306967,0.214677
1771635566.097,351,2,2,0.0000,0.0118,0.9877,0.0000,0.0004,0.0000,0.0000,0.002036,0.208719,0.002442,0.002869,0.001607,0.000000,0.001745,-0.014556,-0.000986,0.018400,-0.005236,-0.117572,-0.007097,0.004289,0.000000,-0.045461,-0.003588,0.006981,-0.015708,0.487192,0.114596,-0.035122,-0.010472,0.733047,0.530660,0.028141,0.026180,0.322400,0.255428
1771635566.197,354,2,2,0.0000,0.0088,0.9908,0.0000,0.0003,0.0000,0.0000,0.007241,0.240214,0.006030,0.007287,0.003505,0.000000,0.000000,-0.191840,-0.005338,0.023800,-0.003491,-0.044714,-0.010063,-0.009837,0.000000,0.026280,0.036808,0.006981,-0.017453,0.378730,0.131895,-0.048208,-0.010472,0.822472,0.615132,0.041226,0.026180,0.477888,0.382060
1771635566.297,357,2,2,0.0000,0.0256,0.9740,0.0000,0.0003,0.0000,0.0000,0.004367,0.170497,0.003288,0.004242,0.006198,0.000000,0.000000,-0.101065,-0.007874,0.028973,-0.005236,-0.014096,-0.002109,-0.013265,0.001745,-0.004629,0.021683,0.005236,-0.017453,0.457957,0.112637,0.023775,-0.010472,0.545940,0.314848,-0.027266,0.026180,0.317806,0.241581
1771635566.397,360,2,2,0.0000,0.0181,0.9818,0.0000,0.0001,0.0000,0.0000,0.002259,0.174282,0.002441,0.003427,0.001705,0.000000,0.000000,-0.022697,-0.016729,0.025364,-0.003491,-0.092050,-0.039211,-0.004420,0.001745,-0.062074,-0.037281,0.005236,-0.017453,0.573688,0.104140,0.042390,-0.010472,0.514102,0.273620,-0.045880,0.027925,0.311243,0.239047
1771635566.501,363,2,2,0.0000,0.0119,0.9880,0.0000,0.0001,0.0000,0.0000,0.006689,0.184007,0.003372,0.002585,0.000892,0.000000,0.000000,-0.041701,-0.015000,-0.042785,-0.003491,-0.013464,0.002198,0.061984,0.003491,0.009339,0.003251,0.005236,-0.017453,0.542296,0.108414,0.045167,-0.010472,0.582478,0.304270,-0.048657,0.027925,0.345527,0.246772
1771635566.599,366,2,2,0.0000,0.0148,0.9849,0.0000,0.0002,0.0000,0.0000,0.008850,0.192743,0.001914,0.002599,0.003890,0.000000,0.000000,-0.034876,-0.017608,-0.082055,-0.005236,-0.009708,0.001977,0.099508,0.000000,-0.002879,0.004715,0.005236,-0.015708,0.532696,0.127980,0.021950,-0.010472,0.660771,0.331178,-0.025441,0.027925,0.363395,0.241787
1771635566.700,369,2,2,0.0000,0.0145,0.9850,0.0000,0.0005,0.0000,0.0000,0.005820,0.217800,0.002702,0.004450,0.007413,0.000000,0.000000,-0.000209,-0.020996,-0.034523,-0.005236,-0.003980,0.014593,0.051976,0.000000,-0.002079,0.003266,0.005236,-0.017453,0.460250,0.174199,-0.089052,-0.010472,0.744461,0.467581,0.085562,0.027925,0.395357,0.253029
1771635566.801,372,2,2,0.0000,0.0177,0.9816,0.0000,0.0006,0.0000,0.0000,0.001770,0.197979,0.002449,0.003465,0.003109,0.000000,0.000000,-0.003844,-0.040697,-0.002036,-0.003491,-0.100073,-0.012833,0.019489,0.001745,-0.065734,-0.021599,0.003491,-0.017453,0.452162,0.163501,-0.065767,-0.010472,0.647832,0.394333,0.062276,0.027925,0.374961,0.249268
1771635566.901,375,2,2,0.0000,0.0239,0.9756,0.0000,0.0004,0.0000,0.0000,0.001454,0.184123,0.001628,0.002670,0.004453,0.000000,0.000000,-0.060403,-0.036851,0.007591,-0.005236,-0.062741,-0.021375,0.009863,0.000000,-0.063484,-0.036866,0.003491,-0.017453,0.455915,0.163613,0.008823,-0.010472,0.633483,0.366354,-0.012314,0.027925,0.324055,0.225816
1771635567.004,378,2,2,0.0000,0.0215,0.9781,0.0000,0.0003,0.0000,0.0000,0.001336,0.184530,0.002174,0.005672,0.006193,0.000000,0.000000,-0.120078,-0.035383,0.016028,-0.005236,-0.063408,-0.029952,-0.005556,0.000000,-0.079149,-0.063321,0.005236,-0.017453,0.458738,0.164306,-0.001655,-0.010472,0.638989,0.378249,-0.000091,0.027925,0.321915,0.219004
1771635567.105,381,2,2,0.0000,0.0200,0.9798,0.0000,0.0003,0.0000,0.0000,0.002854,0.183514,0.001437,0.001932,0.002646,0.000000,0.001745,-0.099969,-0.019407,-0.027270,-0.005236,-0.056045,-0.020158,0.032506,0.000000,-0.040333,-0.027887,0.003491,-0.015708,0.491003,0.160746,0.017152,-0.010472,0.631421,0.384035,-0.020643,0.027925,0.282513,0.203881
1771635567.206,384,2,2,0.0000,0.0190,0.9807,0.0000,0.0002,0.0000,0.0000,0.003460,0.178100,0.001340,0.002770,0.002192,0.000000,0.001745,-0.071928,0.000418,-0.027139,-0.003491,-0.049505,-0.012255,0.039357,0.000000,-0.009183,-0.011225,0.003491,-0.015708,0.490445,0.157754,0.013245,-0.010472,0.615837,0.378903,-0.014991,0.027925,0.258828,0.190769
1771635567.306,387,2,2,0.0000,0.0185,0.9813,0.0000,0.0002,0.0000,0.0000,0.013311,0.167160,0.002359,0.003828,0.003626,0.000000,0.000000,-0.016624,0.003972,-0.003531,-0.005236,0.000419,-0.001598,0.015748,0.000000,0.098600,0.040996,0.005236,-0.015708,0.528041,0.135669,0.027410,-0.010472,0.523196,0.327323,-0.030901,0.027925,0.244411,0.186704
1771635567.405,390,2,2,0.0000,0.0156,0.9840,0.0000,0.0003,0.0000,0.0000,0.018602,0.175874,0.002208,0.005122,0.004821,-0.001745,0.001745,0.065161,-0.000786,-0.007023,-0.005236,0.028910,0.010304,0.017495,0.000000,0.051370,0.048236,0.003491,-0.015708,0.539985,0.130580,0.028999,-0.010472,0.550430,0.326500,-0.032489,0.027925,0.279753,0.222828
1771635567.505,393,2,2,0.0000,0.0152,0.9844,0.0000,0.0004,0.0000,0.0000,0.005683,0.168656,0.002038,0.004691,0.003582,0.000000,0.000000,-0.000516,-0.000020,0.065438,-0.001745,-0.002578,0.001012,-0.054966,0.001745,-0.130333,-0.085432,0.003491,-0.015708,0.544505,0.101519,0.050922,-0.010472,0.491817,0.247284,-0.052667,0.027925,0.320573,0.235840
1771635567.613,396,2,2,0.0000,0.0112,0.9886,0.0000,0.0002,0.0000,0.0000,0.005464,0.172114,0.003837,0.003012,0.003600,0.000000,0.000000,0.019774,0.009349,0.036447,-0.005236,-0.140526,-0.020268,-0.029466,0.000000,-0.082611,-0.046752,0.005236,-0.017453,0.556694,0.095391,0.052863,-0.012217,0.504909,0.261025,-0.052863,0.027925,0.322383,0.238940
1771635567.706,399,2,2,0.0000,0.0152,0.9845,0.0000,0.0003,0.0000,0.0000,0.009356,0.168695,0.001997,0.001048,0.002390,-0.001745,0.000000,0.093064,0.005530,0.013675,-0.001745,-0.043707,-0.004811,-0.008439,0.000000,-0.065207,-0.040916,0.003491,-0.015708,0.619868,0.079224,0.059760,-0.010472,0.499202,0.237130,-0.059760,0.027925,0.298409,0.199330
1771635567.806,402,2,2,0.0000,0.0156,0.9841,0.0000,0.0003,0.0000,0.0000,0.012458,0.168343,0.002650,0.002590,0.005125,0.000000,0.000000,0.130644,-0.055493,0.018850,-0.003491,-0.044924,-0.012134,-0.011869,0.000000,-0.010790,-0.021804,0.005236,-0.017453,0.642629,0.082469,0.074438,-0.010472,0.501645,0.206408,-0.074438,0.029671,0.299080,0.178542
1771635567.907,405,2,2,0.0000,0.0175,0.9819,0.0000,0.0005,0.0000,0.0000,0.010770,0.166285,0.000616,0.001236,0.001724,0.000000,0.000000,0.086551,-0.077072,0.042687,-0.001745,-0.049992,-0.036536,-0.035706,0.000000,-0.012876,-0.025192,0.006981,-0.017453,0.636017,0.096376,0.077383,-0.010472,0.494257,0.176767,-0.077383,0.029671,0.299034,0.178940
1771635568.007,408,2,2,0.0000,0.0166,0.9827,0.0000,0.0006,0.0001,0.0000,0.008517,0.172956,0.001075,0.000939,0.000583,0.000000,0.000000,0.045583,-0.057161,0.032063,-0.001745,-0.045065,-0.022858,-0.023336,0.000000,0.024556,-0.007688,0.005236,-0.017453,0.611453,0.134094,0.073008,-0.012217,0.528131,0.207946,-0.071262,0.029671,0.299463,0.186476
1771635568.107,411,2,2,0.0000,0.0163,0.9829,0.0000,0.0007,0.0001,0.0000,0.004116,0.182027,0.001028,0.001388,0.002692,0.000000,0.000000,0.019640,-0.049740,0.028262,-0.001745,-0.045887,-0.019088,-0.014299,0.000000,0.001485,-0.008792,0.005236,-0.017453,0.603471,0.125817,0.064989,-0.012217,0.583493,0.285442,-0.063243,0.029671,0.296733,0.189470
1771635568.208,414,2,2,0.0000,0.0164,0.9828,0.0000,0.0007,0.0001,0.0000,0.007163,0.181291,0.002063,0.002185,0.002778,0.000000,0.000000,0.001817,-0.043888,0.084139,-0.003491,-0.064067,-0.029136,-0.066686,0.000000,-0.004483,-0.007743,0.005236,-0.017453,0.626259,0.127661,0.045385,-0.012217,0.597225,0.294990,-0.043640,0.029671,0.269930,0.179140
1771635568.308,417,2,2,0.0000,0.0269,0.9723,0.0000,0.0007,0.0001,0.0000,0.003400,0.162968,0.000685,0.004080,0.003572,0.000000,0.001745,-0.013876,-0.037043,0.039051,-0.003491,-0.116139,-0.050368,-0.019853,0.000000,-0.016649,-0.007899,0.005236,-0.017453,0.628316,0.120342,0.051164,-0.012217,0.513240,0.267307,-0.049419,0.029671,0.183630,0.156708
1771635568.411,420,2,2,0.0000,0.0229,0.9765,0.0000,0.0006,0.0000,0.0000,0.002687,0.166746,0.000824,0.001648,0.001477,0.000000,0.001745,-0.033554,-0.035482,0.030493,-0.001745,-0.089285,-0.038845,-0.007804,0.000000,-0.017577,-0.006583,0.005236,-0.019199,0.635105,0.103240,0.056087,-0.010472,0.531736,0.283773,-0.054341,0.029671,0.194250,0.161855
1771635568.513,423,2,2,0.0000,0.0338,0.9656,0.0000,0.0005,0.0000,0.0000,0.002200,0.134294,0.000569,0.000853,0.000597,-0.001745,0.000000,-0.034978,-0.032111,0.026402,-0.001745,-0.077230,-0.034270,-0.000222,0.000000,-0.014608,-0.000063,0.006981,-0.020944,0.631957,0.048855,0.076175,-0.008727,0.379538,0.218886,-0.072684,0.033161,0.066656,0.149323
1771635568.613,426,2,2,0.0000,0.3519,0.6477,0.0000,0.0003,0.0000,0.0000,0.003240,0.074932,0.000315,0.001280,0.001078,0.000000,0.000000,-0.040138,-0.029588,0.033200,-0.001745,-0.074731,-0.035791,-0.007020,0.000000,-0.009562,0.005682,0.006981,-0.036652,0.623939,-0.011837,0.089861,-0.006981,0.131120,-0.059541,-0.084625,0.036652,-0.078570,0.010637
1771635568.710,429,1,1,0.0000,0.9785,0.0213,0.0000,0.0000,0.0000,0.0000,0.002726,0.009042,0.000682,0.000641,0.001133,0.000000,0.001745,-0.038285,-0.030101,0.028841,-0.001745,-0.105684,-0.052536,-0.002661,0.000000,-0.011250,0.002129,0.008727,-0.036652,-0.240381,-0.356290,-0.054402,-0.003491,-0.123149,-0.040754,0.059638,0.040143,-0.487575,-0.271610
1771635568.810,432,1,1,0.0000,0.9957,0.0043,0.0000,0.0000,0.0000,0.0000,0.002461,0.011878,0.000231,0.000350,0.005262,0.000000,0.000000,-0.021690,-0.029598,0.027200,-0.003491,-0.082991,-0.047015,-0.001020,0.000000,-0.010940,0.002331,0.000000,-0.015708,-0.161320,-0.344984,-0.119850,-0.001745,-0.798582,-0.498341,0.126831,0.015708,-0.886771,-0.458727
1771635568.911,435,1,1,0.0000,0.9992,0.0008,0.0000,0.0000,0.0000,0.0000,0.004798,0.001601,0.000160,0.001083,0.000400,0.000000,0.000000,0.023872,-0.027862,0.031156,-0.001745,-0.116114,-0.065257,-0.004976,0.000000,-0.012173,0.002551,0.000000,-0.003491,-0.084866,-0.359748,-0.015726,-0.001745,-0.520112,-0.311816,0.017471,0.001745,-0.668123,-0.305725
1771635569.011,438,1,1,0.0000,0.9999,0.0001,0.0000,0.0000,0.0000,0.0000,0.004767,0.004753,0.000329,0.000483,0.003995,0.000000,0.000000,0.006650,-0.026266,0.050551,-0.003491,-0.094686,-0.051113,-0.020880,0.000000,-0.039192,-0.002000,0.000000,-0.001745,-0.078080,-0.339471,0.046559,-0.001745,-0.457923,-0.144856,-0.037832,0.010472,-0.580514,-0.141015
1771635569.112,441,1,1,0.0000,1.0000,0.0000,0.0000,0.0000,0.0000,0.0000,0.004282,0.005669,0.000203,0.000203,0.001866,0.000000,0.000000,-0.003857,-0.020608,0.051386,-0.003491,-0.080680,-0.042303,-0.018225,0.000000,-0.034733,-0.002984,0.000000,0.000000,-0.071242,-0.248127,0.062793,-0.001745,-0.307370,-0.098822,-0.047085,0.005236,-0.402833,-0.102168
1771635569.213,444,1,1,0.0000,1.0000,0.0000,0.0000,0.0000,0.0000,0.0000,0.003182,0.004285,0.000289,0.001206,0.001385,0.000000,0.000000,-0.010787,-0.011485,0.038182,-0.001745,-0.061985,-0.033001,-0.001530,0.000000,-0.040470,-0.004510,0.000000,0.000000,-0.071660,-0.162988,0.047934,-0.001745,-0.217659,-0.068871,-0.025245,0.003491,-0.262947,-0.087497
1771635569.312,447,1,1,0.0000,1.0000,0.0000,0.0000,0.0000,0.0000,0.0000,0.003039,0.003552,0.000453,0.002172,0.002293,0.000000,0.000000,-0.036366,-0.012501,0.029572,-0.003491,-0.002742,0.006794,0.000099,0.000000,-0.043892,-0.003631,0.000000,0.000000,-0.075429,-0.101146,0.039137,0.000000,-0.161770,-0.052611,-0.007721,0.003491,-0.184544,-0.082387
1771635569.413,450,1,1,0.0000,1.0000,0.0000,0.0000,0.0000,0.0000,0.0000,0.002561,0.002036,0.000736,0.003327,0.004886,0.000000,0.000000,-0.047919,-0.012188,0.030737,-0.003491,-0.010997,-0.002563,-0.001066,0.000000,-0.067347,-0.015979,0.000000,0.000000,-0.098677,-0.065073,0.006496,-0.001745,-0.126659,-0.046529,0.014448,0.003491,-0.127145,-0.100947
1771635569.513,453,1,1,0.0000,1.0000,0.0000,0.0000,0.0000,0.0000,0.0000,0.002611,0.004467,0.001199,0.001468,0.000950,0.000000,0.000000,-0.094114,-0.017261,0.017749,-0.005236,0.004500,0.000655,0.008431,0.000000,-0.054996,-0.021111,0.000000,0.000000,-0.090855,-0.009812,-0.036154,-0.001745,-0.105792,-0.043306,0.050116,0.003491,-0.009766,-0.121401
1771635569.613,456,1,1,0.0000,1.0000,0.0000,0.0000,0.0000,0.0000,0.0000,0.004840,0.003511,0.001523,0.001921,0.006727,0.000000,0.000000,-0.066509,-0.015326,0.017664,-0.003491,0.020184,0.001870,0.006770,0.000000,0.011593,-0.012044,0.000000,0.000000,-0.088549,0.000262,-0.024419,-0.001745,-0.073020,-0.042564,0.038382,0.003491,-0.001496,-0.111977
1771635569.713,459,1,1,0.0000,1.0000,0.0000,0.0000,0.0000,0.0000,0.0000,0.012184,0.002530,0.002079,0.002039,0.003105,0.000000,0.001745,-0.062916,-0.000022,-0.026163,-0.003491,0.066203,0.030810,0.043616,0.000000,-0.004341,0.003838,0.000000,0.000000,-0.092782,0.012904,0.009351,-0.001745,-0.060524,-0.040033,0.004612,0.003491,-0.002787,-0.095313
1771635569.813,462,1,1,0.0000,1.0000,0.0000,0.0000,0.0000,0.0000,0.0000,0.017015,0.002858,0.001066,0.002782,0.003767,0.000000,0.003491,-0.105823,0.067592,-0.041824,-0.001745,0.039908,0.028669,0.064514,0.000000,-0.024256,-0.021130,0.000000,0.000000,-0.107360,0.016838,0.011531,-0.001745,-0.059555,-0.040425,0.002432,0.003491,-0.009353,-0.080249
1771635569.915,465,1,1,0.0000,1.0000,0.0000,0.0000,0.0000,0.0000,0.0000,0.012907,0.002484,0.001507,0.004352,0.003345,-0.001745,0.001745,-0.206346,0.065572,-0.024860,-0.003491,0.021103,0.018914,0.047549,0.000000,-0.099078,-0.087534,0.000000,0.000000,-0.209605,0.009686,-0.002055,-0.001745,-0.051914,-0.038714,0.010782,0.001745,0.007592,-0.076918
1771635570.017,468,1,1,0.0000,1.0000,0.0000,0.0000,0.0000,0.0000,0.0000,0.011792,0.006789,0.000676,0.004848,0.003689,0.000000,0.001745,-0.356117,0.059269,-0.012010,-0.003491,0.016401,0.022407,0.041681,0.000000,-0.054761,-0.046253,-0.001745,0.000000,-0.222649,0.050511,-0.009612,-0.001745,-0.045078,-0.036308,0.021829,0.001745,0.007382,-0.080403
1771635570.116,471,1,1,0.0000,1.0000,0.0000,0.0000,0.0000,0.0000,0.0000,0.009212,0.003129,0.004068,0.006209,0.004592,0.000000,0.001745,-0.227375,0.051441,-0.001924,-0.001745,-0.000717,0.024022,0.033340,0.000000,-0.062663,-0.038345,0.000000,0.000000,-0.128881,0.030072,-0.000494,-0.003491,-0.025606,-0.035552,0.005730,0.001745,-0.004202,-0.072561
1771635570.217,474,1,1,0.0000,1.0000,0.0000,0.0000,0.0000,0.0000,0.0000,0.006591,0.001986,0.002641,0.005877,0.005530,0.000000,0.001745,-0.129089,0.046398,0.004647,-0.001745,-0.006279,0.008256,0.018042,0.000000,-0.064066,-0.026881,0.000000,0.000000,-0.124849,0.015102,0.005045,-0.001745,-0.000344,-0.032474,0.001937,0.001745,-0.006986,-0.069462
1771635570.317,477,1,1,0.0001,0.9997,0.0000,0.0001,0.0000,0.0000,0.0000,0.011636,0.008443,0.002072,0.009113,0.008644,0.000000,0.003491,0.054937,0.044144,0.029050,-0.003491,0.000426,0.007587,-0.016833,0.000000,-0.059404,-0.013835,0.000000,0.000000,-0.113310,0.009433,-0.032349,-0.001745,0.011922,-0.031706,0.039330,0.000000,0.040629,-0.071748
1771635570.417,480,1,1,0.0000,0.9999,0.0000,0.0000,0.0000,0.0000,0.0000,0.007736,0.004806,0.003467,0.005178,0.006656,0.000000,0.001745,-0.000652,0.040498,0.050152,-0.001745,-0.009692,0.000432,-0.037935,0.000000,-0.091911,-0.016891,0.000000,0.000000,-0.026026,0.036856,-0.000857,-0.003491,0.008708,-0.030063,0.007838,0.000000,0.004264,-0.070767
1771635570.518,483,1,1,0.0000,0.9999,0.0000,0.0000,0.0000,0.0000,0.0000,0.005901,0.002460,0.002143,0.007790,0.008669,0.000000,0.001745,0.003444,0.037429,0.026119,-0.001745,-0.001414,0.000333,-0.012156,0.001745,-0.075236,-0.023467,-0.001745,0.000000,-0.057264,0.010854,0.018661,-0.001745,-0.007682,-0.028339,-0.013425,0.000000,-0.004373,-0.070181
1771635570.619,486,1,1,0.0000,1.0000,0.0000,0.0000,0.0000,0.0000,0.0000,0.006157,0.007465,0.001420,0.007498,0.007451,0.000000,0.001745,-0.000853,0.046942,0.025197,-0.001745,-0.015052,-0.009864,-0.009489,0.000000,-0.093238,-0.033005,-0.001745,0.000000,-0.116429,0.005568,0.033130,0.000000,-0.000222,-0.031373,-0.026149,0.000000,0.050879,-0.092593
1771635570.720,489,1,1,0.0000,1.0000,0.0000,0.0000,0.0000,0.0000,0.0000,0.006554,0.014940,0.001655,0.006554,0.008784,0.000000,0.001745,0.002817,0.050033,0.024054,-0.003491,-0.011140,-0.003886,-0.010092,0.000000,-0.068955,-0.028104,-0.001745,0.001745,-0.103358,-0.002796,0.003221,0.000000,0.068715,-0.063209,0.005506,0.000000,0.100092,-0.089880
1771635570.821,492,1,1,0.0000,1.0000,0.0000,0.0000,0.0000,0.0000,0.0000,0.005710,0.005128,0.001461,0.004087,0.004893,0.000000,0.001745,-0.015765,0.050165,0.016615,-0.001745,-0.026526,-0.005083,-0.004397,0.000000,-0.092862,-0.038342,-0.001745,0.000000,-0.100244,-0.003015,-0.000877,0.000000,0.015667,-0.049756,0.009603,-0.001745,0.036270,-0.087541
1771635570.921,495,1,1,0.0000,1.0000,0.0000,0.0000,0.0000,0.0000,0.0000,0.003906,0.003735,0.001525,0.002689,0.003046,0.000000,0.000000,-0.003431,0.040425,0.006448,-0.001745,-0.040214,-0.008158,-0.001212,0.000000,-0.070475,-0.035337,0.000000,0.000000,-0.104623,-0.001110,-0.028823,0.000000,-0.002046,-0.041227,0.035805,0.000000,0.009013,-0.078037
1771635571.021,498,1,1,0.0000,1.0000,0.0000,0.0000,0.0000,0.0000,0.0000,0.002924,0.001920,0.001129,0.005296,0.005421,0.000000,0.000000,0.002231,0.031113,0.001233,-0.003491,-0.043101,-0.003849,0.000512,0.000000,-0.075366,-0.033710,0.000000,0.000000,-0.111438,-0.002634,-0.019549,0.000000,-0.059489,-0.020891,0.023040,0.000000,-0.026268,-0.082281
1771635571.121,501,1,1,0.0000,1.0000,0.0000,0.0000,0.0000,0.0000,0.0000,0.005295,0.000705,0.001091,0.005491,0.006093,0.000000,0.000000,0.036934,0.023219,-0.003389,-0.001745,-0.039811,-0.001898,0.003389,0.000000,-0.055711,-0.029798,-0.001745,0.000000,-0.125126,0.002251,-0.006213,0.000000,-0.050154,-0.022695,0.006213,0.000000,-0.032250,-0.045045
1771635571.224,504,1,1,0.0000,1.0000,0.0000,0.0000,0.0000,0.0000,0.0000,0.031834,0.005094,0.002694,0.005509,0.009002,0.000000,0.000000,0.159463,-0.002695,-0.136460,-0.001745,0.049973,0.027443,0.141696,0.000000,-0.009808,0.003428,-0.001745,0.000000,-0.011161,0.000076,0.015008,0.000000,-0.009885,-0.041467,-0.018498,0.000000,-0.009955,0.046044
1771635571.322,507,1,1,0.0000,1.0000,0.0000,0.0000,0.0000,0.0000,0.0000,0.020017,0.025538,0.004556,0.004484,0.009254,0.000000,0.000000,0.125499,-0.066522,-0.089658,-0.005236,-0.002216,0.006337,0.093148,0.005236,0.006529,0.003451,0.000000,0.000000,-0.039048,0.007597,0.046780,0.000000,0.078163,-0.039414,-0.046780,0.000000,0.099708,0.074208
1771635571.423,510,1,1,0.0000,1.0000,0.0000,0.0000,0.0000,0.0000,0.0000,0.011573,0.001879,0.001653,0.004810,0.004567,0.000000,0.000000,0.040351,-0.085784,-0.095034,-0.001745,-0.083576,-0.051490,0.096779,0.001745,-0.002062,-0.002593,0.000000,0.000000,-0.193574,0.006777,-0.000281,0.000000,0.012005,-0.033553,0.003772,0.000000,-0.025480,-0.004456
1771635571.528,513,1,1,0.0000,1.0000,0.0000,0.0000,0.0000,0.0000,0.0000,0.010340,0.008112,0.001811,0.004567,0.007268,0.000000,0.000000,0.059674,-0.071696,-0.046756,-0.001745,-0.061053,-0.029339,0.048501,0.001745,0.013170,0.000993,0.000000,0.000000,-0.164942,0.000924,-0.019352,0.000000,-0.016119,-0.021128,0.017607,0.000000,0.015342,0.063472
1771635571.625,516,1,1,0.0000,1.0000,0.0000,0.0000,0.0000,0.0000,0.0000,0.008579,0.009059,0.001654,0.005134,0.006913,0.000000,0.000000,0.038936,-0.051667,0.038568,-0.001745,-0.043662,-0.004003,-0.035078,0.001745,0.000790,0.022906,0.000000,0.000000,-0.012320,-0.009312,-0.076582,0.000000,-0.100007,-0.030928,0.074836,0.000000,-0.021116,0.033866
1771635571.728,519,1,1,0.0000,1.0000,0.0000,0.0000,0.0000,0.0000,0.0000,0.013254,0.009315,0.001497,0.007212,0.008959,0.000000,0.000000,0.017028,-0.016162,-0.046407,-0.001745,0.058202,0.032973,0.042916,0.001745,-0.005405,0.006184,-0.001745,0.001745,-0.011675,-0.029134,-0.088377,0.000000,-0.149262,-0.028589,0.084886,0.000000,-0.025576,0.025149
1771635571.827,522,1,1,0.0000,1.0000,0.0000,0.0000,0.0000,0.0000,0.0000,0.009403,0.002867,0.000523,0.005514,0.005705,0.000000,0.000000,-0.000012,0.019050,0.002900,-0.001745,0.051285,0.037856,-0.002900,0.001745,-0.069030,-0.020302,-0.001745,0.000000,-0.030135,-0.014930,-0.043127,0.000000,-0.044319,-0.024504,0.032655,0.001745,-0.072374,-0.017995
1771635571.928,525,1,1,0.0000,1.0000,0.0000,0.0000,0.0000,0.0000,0.0000,0.019256,0.000145,0.000814,0.010534,0.010194,0.000000,0.000000,0.020148,0.021559,0.020204,-0.001745,0.100242,0.067176,-0.021949,0.001745,-0.042375,-0.012330,0.000000,0.000000,-0.099173,-0.002994,-0.000918,0.001745,-0.013681,-0.026290,-0.007809,0.000000,-0.058765,-0.013711
1771635572.031,528,1,1,0.0000,1.0000,0.0000,0.0000,0.0000,0.0000,0.0000,0.031533,0.053387,0.001770,0.000871,0.003022,0.000000,0.000000,0.000166,0.017443,-0.006469,-0.001745,0.102351,0.075594,0.004723,0.001745,0.136940,0.039436,0.003491,0.000000,-0.097221,0.003379,0.080362,0.001745,0.299743,0.171990,-0.087344,0.000000,0.041064,0.038865
1771635572.131,531,1,1,0.0000,0.9999,0.0001,0.0000,0.0000,0.0000,0.0000,0.014832,0.017462,0.001739,0.007691,0.006882,0.000000,0.000000,-0.017295,0.017261,0.090872,-0.003491,0.009247,0.039944,-0.092617,0.001745,-0.042802,0.018911,0.001745,-0.001745,0.002021,-0.015710,0.025814,0.001745,0.090826,0.060054,-0.032795,0.001745,-0.014571,0.025588
1771635572.231,534,1,1,0.0000,0.9994,0.0006,0.0000,0.0000,0.0000,0.0000,0.006029,0.074531,0.000553,0.003317,0.004482,0.000000,0.000000,-0.096191,0.018589,0.041001,-0.001745,-0.010552,0.011012,-0.044492,0.001745,-0.058550,-0.001080,0.001745,-0.001745,-0.048216,0.013585,0.064193,0.001745,0.300453,0.221008,-0.078155,0.001745,0.121002,0.168894
1771635572.332,537,1,1,0.0000,0.9954,0.0046,0.0000,0.0000,0.0000,0.0000,0.005033,0.065740,0.000274,0.005231,0.008655,0.000000,0.000000,-0.064484,0.022319,0.034573,-0.001745,-0.012314,0.001761,-0.041554,0.001745,-0.062258,-0.012811,0.001745,0.000000,0.339293,0.031638,0.042687,0.001745,0.132574,0.105216,-0.058395,0.003491,0.054086,0.076406
1771635572.434,540,1,1,0.0000,0.9773,0.0227,0.0000,0.0000,0.0000,0.0000,0.003019,0.098478,0.000566,0.001629,0.003289,0.000000,0.000000,-0.055490,0.019354,0.015132,-0.001745,-0.050811,-0.027587,-0.027350,0.001745,-0.057902,-0.020703,0.001745,-0.001745,0.351300,0.023256,0.015355,0.001745,0.240018,0.189877,-0.032808,0.003491,0.177595,0.177351
1771635572.534,543,1,1,0.0000,0.9387,0.0613,0.0000,0.0000,0.0000,0.0000,0.001533,0.057545,0.001153,0.003456,0.002419,0.000000,0.000000,-0.056807,0.014907,-0.011886,-0.001745,-0.063086,-0.018802,-0.002077,0.003491,-0.066383,-0.018795,0.001745,0.000000,0.269823,0.044307,-0.014530,0.003491,0.118273,0.102869,-0.008159,0.001745,0.056137,0.092146
1771635572.638,546,1,1,0.0000,0.9732,0.0268,0.0000,0.0000,0.0000,0.0000,0.001403,0.032432,0.001321,0.001025,0.003615,0.000000,0.000000,-0.071911,0.015088,-0.001045,-0.001745,-0.076109,-0.005382,-0.004191,0.001745,-0.091337,-0.015987,0.001745,0.000000,0.230530,0.027387,0.060684,0.003491,0.000524,0.022581,-0.079883,0.003491,-0.095048,0.038747
1771635572.738,549,1,1,0.0000,0.9958,0.0042,0.0000,0.0000,0.0000,0.0000,0.003496,0.021810,0.001860,0.001925,0.002337,0.000000,0.000000,-0.066662,0.019350,0.018232,-0.001745,-0.056411,0.002626,-0.021722,0.001745,-0.071664,-0.010047,0.003491,-0.001745,0.124358,0.043304,0.034761,0.001745,-0.075425,-0.022534,-0.053960,0.003491,-0.045912,0.050570
1771635572.838,552,1,1,0.0000,0.9996,0.0004,0.0000,0.0000,0.0000,0.0000,0.009276,0.020230,0.001382,0.007722,0.007468,0.000000,0.000000,-0.053967,0.021013,0.023595,-0.001745,-0.008952,0.024194,-0.032321,0.001745,0.010754,0.030007,0.003491,-0.003491,0.065182,0.103546,0.017711,0.001745,-0.051408,-0.006769,-0.040400,0.003491,-0.068892,0.047598
1771635572.938,555,1,1,0.0000,0.9999,0.0001,0.0000,0.0000,0.0000,0.0000,0.004550,0.016984,0.000516,0.000463,0.002530,0.000000,0.000000,-0.047187,0.021755,0.007992,-0.001745,-0.007948,0.007642,-0.021954,0.003491,-0.015496,0.013721,0.001745,-0.003491,-0.009022,0.151889,-0.006328,0.001745,-0.039213,0.000257,-0.023342,0.001745,-0.061886,0.046431
1771635573.035,558,1,1,0.0000,0.9999,0.0001,0.0000,0.0000,0.0000,0.0000,0.002702,0.015097,0.000513,0.000521,0.001218,0.000000,0.000000,-0.053818,0.019016,-0.027372,-0.001745,-0.041391,-0.013981,0.011664,0.001745,-0.034880,-0.005473,0.003491,-0.001745,-0.100737,0.121461,-0.011066,0.003491,-0.037013,0.000346,-0.008132,0.003491,-0.060051,0.048885
1771635573.135,561,1,1,0.0000,0.9999,0.0001,0.0000,0.0000,0.0000,0.0000,0.001599,0.011613,0.000399,0.000821,0.000459,0.000000,0.000000,-0.049823,0.015436,-0.010728,-0.001745,-0.037530,-0.007274,0.003747,0.000000,-0.043549,-0.009693,0.001745,-0.003491,-0.087132,0.077769,-0.005755,0.003491,-0.035379,0.002540,-0.006463,0.001745,-0.054477,0.052069
1771635573.238,564,1,1,0.0000,0.9998,0.0001,0.0000,0.0000,0.0000,0.0000,0.001784,0.034520,0.001749,0.000914,0.001640,0.000000,0.000000,-0.044569,0.017486,0.000435,-0.001745,-0.027067,-0.000413,-0.003926,0.003491,-0.038687,-0.002646,0.003491,-0.003491,0.000449,0.250645,-0.015986,0.003491,-0.009454,0.018827,0.010750,0.001745,0.000129,0.124712
1771635573.337,567,1,1,0.0000,0.9966,0.0034,0.0000,0.0000,0.0000,0.0000,0.010459,0.129431,0.000904,0.002871,0.013399,0.000000,0.000000,-0.024475,0.015736,0.011499,-0.001745,0.016669,0.011932,-0.016735,0.003491,0.026948,0.039237,0.003491,-0.003491,0.073212,0.606981,0.088733,0.003491,0.124133,0.140379,-0.100950,0.001745,0.211067,0.299940
1771635573.438,570,1,1,0.0000,0.9783,0.0217,0.0000,0.0000,0.0000,0.0000,0.004004,0.095904,0.001391,0.000912,0.005245,0.000000,0.000000,-0.051280,0.011231,0.002836,-0.001745,-0.002920,0.006302,-0.008072,0.003491,-0.001978,0.024188,0.003491,-0.001745,0.159671,0.257080,0.179066,0.001745,0.048797,0.058837,-0.193028,0.003491,0.254526,0.184146
1771635573.537,573,1,1,0.0000,0.8635,0.1364,0.0000,0.0000,0.0000,0.0000,0.002767,0.111441,0.000530,0.001402,0.005789,0.000000,0.000000,-0.055639,0.011049,-0.014752,0.000000,-0.006453,0.000871,0.007771,0.003491,-0.013224,0.010023,0.001745,-0.003491,0.113920,0.121643,0.094788,0.003491,0.318509,0.179618,-0.110496,0.003491,0.299812,0.200275
1771635573.638,576,1,1,0.0000,0.5941,0.4058,0.0000,0.0000,0.0000,0.0000,0.003482,0.103219,0.000380,0.001625,0.000833,0.000000,0.000000,-0.056478,0.012118,-0.031857,-0.001745,-0.021798,0.001652,0.023130,0.003491,-0.039090,0.001397,0.001745,-0.003491,0.141483,0.020158,0.094401,0.003491,0.289529,0.122025,-0.104873,0.005236,0.352341,0.208214
1771635573.738,579,2,2,0.0000,0.2480,0.7519,0.0000,0.0000,0.0000,0.0000,0.006096,0.098245,0.001180,0.001653,0.001250,0.000000,0.000000,-0.048494,0.012937,-0.016456,-0.001745,0.018132,0.030821,0.005984,0.003491,-0.027972,0.001784,-0.001745,0.012217,0.113390,0.021343,0.032718,0.005236,0.289919,0.185686,-0.044935,0.008727,0.301053,0.208647
1771635573.838,582,2,2,0.0000,0.2673,0.7326,0.0000,0.0000,0.0000,0.0000,0.003324,0.086077,0.000431,0.000384,0.000745,0.000000,0.000000,0.012963,0.011877,-0.010862,-0.003491,-0.006885,0.007676,0.003881,0.003491,-0.030834,-0.003953,-0.006981,-0.001745,0.153419,0.030265,0.019711,-0.010472,0.235802,0.151053,-0.035418,-0.003491,0.264822,0.177854
1771635573.938,585,2,2,0.0001,0.2350,0.7647,0.0000,0.0001,0.0000,0.0000,0.001872,0.084684,0.000168,0.000378,0.000305,0.000000,0.000000,-0.007895,0.013180,-0.005067,-0.001745,-0.005962,0.004217,0.001576,0.003491,-0.031942,-0.005940,-0.006981,-0.001745,0.166241,0.031761,-0.001423,-0.010472,0.246654,0.161815,-0.021267,-0.003491,0.258855,0.150882
1771635574.043,588,2,2,0.0000,0.1351,0.8646,0.0000,0.0002,0.0000,0.0000,0.003039,0.097290,0.000156,0.000549,0.000511,0.000000,0.000000,0.010678,0.015500,-0.006803,-0.001745,-0.007239,-0.001321,0.006803,0.003491,-0.030659,-0.002959,-0.006981,-0.003491,0.189168,0.035035,-0.013227,-0.008727,0.317482,0.174216,-0.014698,-0.003491,0.298108,0.153468
1771635574.139,591,2,2,0.0000,0.1310,0.8686,0.0000,0.0003,0.0000,0.0000,0.002931,0.100425,0.000122,0.000675,0.000471,0.000000,0.000000,0.011250,0.015793,-0.004642,-0.001745,-0.017352,-0.003518,0.002897,0.005236,-0.033790,-0.003804,-0.006981,-0.005236,0.202163,0.038634,-0.022958,-0.008727,0.305806,0.171737,-0.011949,-0.003491,0.324773,0.161982
1771635574.243,594,2,2,0.0000,0.1322,0.8673,0.0000,0.0004,0.0001,0.0000,0.002046,0.102912,0.000398,0.002251,0.002451,0.000000,0.000000,-0.003629,0.014395,-0.008415,-0.001745,-0.040866,-0.013355,0.006670,0.003491,-0.039028,-0.005937,-0.006981,-0.003491,0.182812,0.038183,-0.047123,-0.006981,0.306630,0.172799,0.006980,-0.001745,0.350504,0.177034
1771635574.340,597,2,2,0.0000,0.1450,0.8544,0.0000,0.0004,0.0001,0.0000,0.001964,0.101465,0.000550,0.003440,0.003375,0.000000,0.000000,-0.000864,0.014912,-0.006916,-0.001745,-0.041148,-0.006389,0.003426,0.005236,-0.045177,-0.006455,-0.006981,-0.001745,0.175403,0.035385,-0.056153,-0.008727,0.307002,0.173506,0.012519,0.000000,0.338698,0.175064
1771635574.440,600,2,2,0.0000,0.1161,0.8837,0.0000,0.0002,0.0000,0.0000,0.002927,0.105274,0.000497,0.001213,0.001827,0.000000,0.000000,0.002860,0.014595,-0.015920,-0.001745,-0.086710,-0.028221,0.012429,0.005236,-0.046809,-0.008365,-0.006981,0.000000,0.181757,0.034043,-0.060796,-0.008727,0.330757,0.207325,0.015417,0.000000,0.321627,0.172368
1771635574.541,603,2,2,0.0000,0.0416,0.9584,0.0000,0.0001,0.0000,0.0000,0.004434,0.112627,0.000454,0.002780,0.005116,0.000000,0.000000,0.003584,0.005727,-0.050877,-0.001745,-0.093907,-0.048854,0.040405,0.003491,-0.048166,-0.011697,-0.006981,0.000000,0.179839,0.033588,-0.113082,-0.008727,0.343106,0.228435,0.069449,0.000000,0.324306,0.172807
1771635574.642,606,2,2,0.0000,0.0157,0.9843,0.0000,0.0000,0.0000,0.0000,0.004278,0.153585,0.000507,0.008728,0.006641,0.000000,0.000000,-0.000967,-0.000354,-0.000153,-0.001745,0.047846,-0.010316,-0.013810,0.003491,-0.022373,-0.005870,-0.006981,-0.001745,0.150122,0.053771,-0.362295,-0.006981,0.374125,0.345884,0.318662,0.001745,0.408898,0.189810
1771635574.742,609,2,2,0.0000,0.0093,0.9907,0.0000,0.0000,0.0000,0.0000,0.013659,0.166576,0.000606,0.002395,0.002456,0.000000,0.000000,0.029730,-0.006162,0.018841,-0.001745,0.052093,0.041847,-0.039785,0.005236,0.009978,0.006180,-0.005236,-0.006981,-0.003153,0.076800,-0.378202,-0.006981,0.461715,0.376057,0.339804,0.001745,0.493104,0.249682
1771635574.843,612,2,2,0.0000,0.0434,0.9529,0.0000,0.0026,0.0009,0.0002,0.002010,0.159267,0.000663,0.004157,0.003420,0.000000,0.000000,0.001462,-0.014742,0.001257,-0.001745,-0.001232,0.016160,-0.022201,0.005236,-0.023289,-0.006843,-0.006981,-0.008727,0.076425,0.150078,-0.306973,-0.005236,0.595803,0.459488,0.272067,0.003491,0.248079,0.105775
1771635574.943,615,2,2,0.0000,0.0146,0.9845,0.0000,0.0007,0.0001,0.0000,0.000965,0.219962,0.002773,0.001730,0.002321,0.000000,0.000000,-0.005677,-0.014902,-0.011000,-0.001745,0.003476,0.004572,-0.004708,0.003491,-0.005717,0.000042,-0.005236,-0.006981,0.000065,0.148199,-0.078502,-0.005236,0.861118,0.681253,0.048832,0.005236,0.520935,0.373903
1771635575.044,618,2,2,0.0000,0.0187,0.9801,0.0000,0.0010,0.0001,0.0000,0.008768,0.203818,0.003217,0.004816,0.004230,0.000000,0.000000,-0.000365,-0.019655,-0.035468,-0.001745,-0.002620,-0.008601,0.023250,0.003491,0.061707,0.016768,-0.006981,-0.008727,-0.129984,0.195252,-0.134879,-0.005236,0.704932,0.627264,0.112190,0.005236,0.456183,0.344763
1771635575.144,621,2,2,0.0000,0.0401,0.9578,0.0000,0.0019,0.0002,0.0000,0.007313,0.177749,0.000714,0.001562,0.002748,0.001745,0.000000,-0.001099,-0.024879,-0.052754,-0.001745,-0.008833,-0.013258,0.037046,0.003491,0.027373,0.018099,-0.005236,-0.008727,-0.120201,0.198737,-0.234511,-0.005236,0.594190,0.427051,0.211822,0.005236,0.447901,0.248045
1771635575.245,624,2,2,0.0000,0.0475,0.9504,0.0000,0.0019,0.0002,0.0000,0.017038,0.165167,0.000223,0.004897,0.005622,0.000000,0.000000,-0.053092,-0.026153,0.020039,-0.001745,0.088383,0.009060,-0.044473,0.005236,0.047317,0.034424,-0.005236,-0.008727,0.001403,0.197795,-0.252931,-0.006981,0.509309,0.407377,0.233732,0.005236,0.393923,0.233234
1771635575.345,627,2,2,0.0000,0.0251,0.9726,0.0000,0.0021,0.0001,0.0000,0.020143,0.192139,0.000630,0.003056,0.004287,0.000000,0.000000,-0.035386,-0.029172,-0.005635,-0.001745,0.075519,0.049893,-0.018799,0.003491,0.066350,0.046459,-0.005236,-0.008727,-0.002412,0.196444,-0.236072,-0.006981,0.726377,0.534076,0.222110,0.006981,0.392448,0.227237
1771635575.445,630,2,2,0.0000,0.0240,0.9712,0.0000,0.0045,0.0002,0.0000,0.012895,0.192103,0.000351,0.002815,0.003889,0.000000,0.000000,-0.058687,-0.037842,-0.012227,-0.003491,0.038763,0.035118,-0.001736,0.003491,0.033697,0.043669,-0.005236,-0.008727,0.016016,0.197935,-0.321943,-0.006981,0.632405,0.499884,0.311471,0.006981,0.396747,0.243794
1771635575.546,633,2,2,0.0000,0.0196,0.9767,0.0000,0.0035,0.0002,0.0000,0.009775,0.205747,0.000776,0.004276,0.005553,0.000000,0.000000,-0.043340,-0.037430,-0.009585,-0.001745,0.018055,0.026718,0.000858,0.003491,0.025733,0.042441,-0.003491,-0.008727,0.128957,0.191543,-0.271356,-0.006981,0.643886,0.626479,0.264375,0.006981,0.354365,0.252375
1771635575.648,636,2,2,0.0000,0.0182,0.9784,0.0000,0.0032,0.0002,0.0000,0.005663,0.229100,0.000110,0.003473,0.001945,0.000000,0.000000,-0.039822,-0.036791,-0.014497,0.000000,0.004775,0.011477,0.004025,0.005236,0.007156,0.035287,-0.006981,-0.008727,0.184438,0.161459,-0.218009,-0.006981,0.855063,0.697280,0.214518,0.006981,0.363281,0.266182
1771635575.750,639,2,2,0.0000,0.0274,0.9691,0.0000,0.0033,0.0001,0.0000,0.002741,0.229111,0.000209,0.002248,0.003950,0.001745,0.000000,-0.045670,-0.041353,-0.014438,0.000000,-0.017668,-0.001147,0.005711,0.003491,-0.003326,0.021950,-0.006981,-0.008727,0.182594,0.134659,-0.209941,-0.006981,0.843095,0.686150,0.206450,0.006981,0.412439,0.276964
1771635575.850,642,2,2,0.0000,0.0426,0.9542,0.0000,0.0031,0.0001,0.0000,0.003924,0.201991,0.000699,0.003561,0.004353,0.000000,0.000000,-0.047895,-0.046295,-0.054069,0.000000,-0.162608,-0.081499,0.043597,0.003491,-0.105920,-0.025828,-0.005236,-0.008727,0.024348,0.134905,-0.206541,-0.008727,0.765104,0.618965,0.204796,0.005236,0.398537,0.272005
1771635575.950,645,2,2,0.0000,0.0445,0.9534,0.0000,0.0021,0.0001,0.0000,0.001027,0.196327,0.000231,0.002678,0.004370,0.000000,0.000000,-0.016072,-0.042816,-0.029778,0.000000,-0.151650,-0.072137,0.008834,0.003491,-0.095965,-0.025510,-0.006981,-0.008727,0.081379,0.132253,-0.207584,-0.010472,0.726387,0.603030,0.205838,0.005236,0.374632,0.227175
1771635576.050,648,2,2,0.0000,0.0360,0.9625,0.0000,0.0014,0.0000,0.0000,0.000591,0.196182,0.000000,0.000000,0.000000,0.000000,0.000000,-0.016072,-0.037580,-0.022797,0.000000,-0.097545,-0.042467,0.003598,0.003491,-0.064549,-0.016784,-0.006981,-0.012217,0.081379,0.132253,-0.207584,-0.008727,0.724641,0.601284,0.205838,0.006981,0.374632,0.227175
1771635576.151,651,2,2,0.0000,0.0699,0.9296,0.0000,0.0005,0.0000,0.0000,0.002187,0.147162,0.000565,0.006474,0.004592,0.000000,0.000000,-0.025955,-0.031544,-0.043701,0.000000,-0.135270,-0.071090,0.022757,0.003491,-0.086344,-0.027948,-0.006981,-0.012217,0.120000,0.105119,-0.239029,-0.010472,0.475063,0.413403,0.237284,0.005236,0.257932,0.151911
1771635576.251,654,2,2,0.0000,0.0245,0.9754,0.0000,0.0001,0.0000,0.0000,0.000436,0.175641,0.000990,0.003073,0.003406,0.000000,0.000000,-0.050315,-0.020741,-0.018824,0.000000,-0.098021,-0.050430,-0.012592,0.005236,-0.061868,-0.020085,-0.006981,-0.012217,0.123626,0.108331,-0.275315,-0.010472,0.577008,0.461789,0.273570,0.005236,0.330935,0.227192
1771635576.352,657,2,2,0.0000,0.0274,0.9725,0.0000,0.0001,0.0000,0.0000,0.000291,0.151329,0.000812,0.005148,0.002185,0.000000,0.000000,-0.050705,-0.019444,-0.008467,0.000000,-0.077479,-0.039214,-0.007241,0.003491,-0.048087,-0.013769,-0.005236,-0.012217,0.224282,0.071762,-0.269726,-0.010472,0.443945,0.255297,0.267981,0.006981,0.330435,0.215268
1771635576.452,660,2,2,0.0000,0.1891,0.8108,0.0000,0.0001,0.0000,0.0000,0.001444,0.087027,0.000687,0.005240,0.004385,0.001745,0.000000,-0.050168,-0.014613,0.010351,0.000000,-0.030113,-0.019628,-0.020823,0.005236,-0.047215,-0.009242,-0.006981,-0.012217,0.235781,0.065466,-0.205501,-0.012217,0.272673,0.079658,0.203755,0.003491,0.161492,0.022007
1771635576.552,663,2,2,0.0000,0.3819,0.6181,0.0000,0.0000,0.0000,0.0000,0.002836,0.073178,0.001811,0.002045,0.003794,0.001745,0.000000,-0.065950,-0.004840,0.028802,0.000000,-0.057298,-0.020844,-0.046255,0.003491,-0.054406,-0.010759,-0.008727,-0.013963,0.240977,0.054963,-0.198551,-0.012217,0.236406,0.031387,0.196806,0.003491,0.114100,-0.037829
1771635576.654,666,2,2,0.0000,0.4905,0.5094,0.0000,0.0000,0.0000,0.0000,0.003396,0.073738,0.001212,0.002098,0.000850,0.001745,-0.001745,-0.056609,-0.005808,0.035513,0.000000,-0.060021,-0.020472,-0.065184,0.003491,-0.048211,-0.009228,-0.008727,-0.015708,0.231277,0.055392,-0.207615,-0.012217,0.244278,0.021703,0.207615,0.005236,0.119352,-0.074930
1771635576.753,669,2,2,0.0000,0.2382,0.7617,0.0000,0.0000,0.0000,0.0000,0.003276,0.085044,0.001615,0.003133,0.004553,0.001745,0.000000,-0.035623,-0.009124,0.032325,0.000000,-0.077457,-0.046977,-0.063741,0.005236,-0.045832,-0.018035,-0.008727,-0.015708,0.174118,0.057108,-0.209851,-0.012217,0.352608,0.075215,0.209851,0.003491,0.148143,-0.057632
1771635576.853,672,2,2,0.0000,0.0754,0.9245,0.0000,0.0000,0.0000,0.0000,0.003471,0.075422,0.000967,0.006022,0.005568,0.001745,0.000000,0.018301,-0.013076,0.018118,0.000000,-0.081431,-0.045821,-0.054770,0.003491,-0.055243,-0.031223,-0.006981,-0.015708,0.178229,0.051184,-0.207926,-0.012217,0.261871,0.054790,0.207926,0.003491,0.147568,-0.031142
1771635576.953,675,2,2,0.0000,0.0287,0.9712,0.0000,0.0000,0.0000,0.0000,0.008356,0.092327,0.000965,0.001767,0.000980,0.001745,0.000000,-0.008308,-0.021340,0.033542,0.000000,0.025869,0.018209,-0.075430,0.005236,-0.016312,0.015670,-0.008727,-0.015708,0.172217,0.047688,-0.243225,-0.012217,0.321975,0.111304,0.243225,0.003491,0.184723,0.023306
1771635577.057,678,2,2,0.0000,0.0087,0.9913,0.0000,0.0000,0.0000,0.0000,0.007340,0.101958,0.001318,0.002007,0.001673,0.001745,-0.001745,-0.075166,-0.021990,0.014182,0.000000,-0.017278,-0.000061,-0.054325,0.005236,0.022628,0.044287,-0.008727,-0.015708,0.173166,0.042381,-0.253482,-0.012217,0.371252,0.151533,0.253482,0.005236,0.192688,0.033755
1771635577.158,681,2,2,0.0000,0.0048,0.9951,0.0000,0.0000,0.0000,0.0000,0.015845,0.079005,0.001032,0.001156,0.001134,0.001745,0.000000,-0.069037,-0.020378,0.079303,0.000000,0.041408,0.026993,-0.122936,0.005236,0.002529,0.032924,-0.008727,-0.015708,0.155367,0.036594,-0.240362,-0.012217,0.228807,0.052785,0.240362,0.003491,0.188924,0.041729
1771635577.258,684,2,2,0.0000,0.0073,0.9926,0.0000,0.0000,0.0000,0.0001,0.031531,0.064998,0.000934,0.001323,0.001170,0.003491,0.000000,-0.091057,-0.024811,0.063734,0.003491,0.125046,0.083540,-0.096895,0.005236,0.038111,0.055722,-0.008727,-0.015708,0.168988,0.030635,-0.179940,-0.012217,0.185160,0.003182,0.179940,0.003491,0.168296,0.040287
1771635577.358,687,2,2,0.0000,0.0054,0.9943,0.0000,0.0000,0.0001,0.0002,0.028685,0.090516,0.000722,0.002233,0.002636,0.001745,0.000000,-0.062106,-0.046231,0.073757,0.000000,0.062918,0.064644,-0.099937,0.005236,0.055814,0.080109,-0.008727,-0.015708,0.202938,0.028043,-0.201033,-0.012217,0.311438,0.113210,0.201033,0.003491,0.172741,0.053293
1771635577.458,690,2,2,0.0000,0.0079,0.9916,0.0000,0.0000,0.0002,0.0003,0.016728,0.093424,0.000947,0.003611,0.001461,0.000000,0.000000,-0.027282,-0.048135,0.015649,0.000000,0.052776,0.046127,-0.043574,0.005236,0.031620,0.049324,-0.008727,-0.015708,0.206513,0.022357,-0.221700,-0.012217,0.330244,0.104682,0.221700,0.003491,0.180791,0.051313
1771635577.562,693,2,2,0.0001,0.0144,0.9824,0.0000,0.0001,0.0024,0.0007,0.009459,0.127035,0.000698,0.002463,0.002386,0.001745,0.000000,-0.011307,-0.047455,0.008407,0.000000,0.021027,0.029487,-0.043313,0.003491,0.008769,0.040581,-0.008727,-0.015708,0.182721,0.025590,-0.274985,-0.012217,0.447882,0.163921,0.274985,0.003491,0.339457,0.086370
1771635577.663,696,2,2,0.0001,0.0261,0.9536,0.0000,0.0002,0.0194,0.0006,0.004553,0.122654,0.000543,0.001252,0.001484,0.001745,-0.001745,-0.000112,-0.054024,-0.007837,0.000000,-0.002616,0.015915,-0.025324,0.005236,-0.006240,0.031734,-0.008727,-0.015708,0.166680,0.030828,-0.272542,-0.012217,0.406909,0.141796,0.274287,0.003491,0.330718,0.117134
1771635577.764,699,2,2,0.0000,0.0229,0.9690,0.0000,0.0001,0.0080,0.0001,0.003199,0.117437,0.001016,0.000927,0.001097,0.001745,0.000000,-0.001203,-0.050119,-0.004644,0.000000,-0.005855,0.004728,-0.019791,0.003491,-0.004855,0.028428,-0.008727,-0.015708,0.166157,0.035897,-0.260273,-0.012217,0.391689,0.105558,0.260273,0.003491,0.331060,0.115120
1771635577.864,702,2,2,0.0000,0.0264,0.9705,0.0000,0.0000,0.0030,0.0000,0.014290,0.097254,0.002399,0.001294,0.001781,0.001745,0.000000,-0.008018,-0.043419,0.034557,0.000000,0.033140,0.046137,-0.057246,0.005236,0.005730,0.044937,-0.008727,-0.015708,0.170998,0.033348,-0.233033,-0.012217,0.286133,0.012879,0.233033,0.003491,0.317938,0.109227
1771635577.964,705,2,2,0.0000,0.0471,0.9482,0.0000,0.0001,0.0046,0.0001,0.006042,0.100935,0.000841,0.001849,0.002549,0.001745,0.000000,-0.002699,-0.043165,0.014051,0.000000,0.000773,0.019523,-0.041976,0.003491,-0.006757,0.032925,-0.008727,-0.015708,0.190811,0.032058,-0.234187,-0.012217,0.313941,0.034166,0.234187,0.003491,0.304852,0.097718
1771635578.064,708,2,2,0.0000,0.0515,0.9423,0.0000,0.0002,0.0059,0.0001,0.003864,0.103541,0.000819,0.001183,0.000786,0.001745,-0.001745,-0.009160,-0.046893,-0.037116,0.000000,-0.014273,0.007959,0.000464,0.005236,-0.003513,0.030965,-0.008727,-0.015708,0.198398,0.032891,-0.235552,-0.012217,0.310994,0.035249,0.235552,0.003491,0.308383,0.117529
1771635578.164,711,2,2,0.0000,0.0474,0.9446,0.0000,0.0003,0.0075,0.0002,0.002879,0.113395,0.000612,0.002227,0.002092,0.001745,-0.001745,-0.009020,-0.046743,-0.024492,0.000000,-0.074999,-0.020057,0.000057,0.005236,-0.001228,0.027515,-0.008727,-0.015708,0.199297,0.032828,-0.303874,-0.012217,0.322578,0.051560,0.303874,0.003491,0.319405,0.127710
1771635578.265,714,2,2,0.0001,0.0450,0.9425,0.0000,0.0003,0.0118,0.0001,0.003559,0.116317,0.000497,0.001078,0.000563,0.001745,-0.001745,-0.000143,-0.059031,-0.030865,0.001745,-0.107394,-0.052303,0.011667,0.003491,-0.001852,0.024061,-0.008727,-0.015708,0.188051,0.038452,-0.237448,-0.012217,0.355591,0.130709,0.237448,0.003491,0.313384,0.128685
1771635578.367,717,2,2,0.0001,0.0818,0.9059,0.0000,0.0006,0.0115,0.0002,0.004643,0.107204,0.000164,0.001211,0.001136,0.001745,-0.003491,-0.028981,-0.066765,-0.003734,0.000000,-0.066763,-0.024753,-0.008483,0.005236,0.013342,0.035388,-0.008727,-0.015708,0.177129,0.040894,-0.188550,-0.012217,0.343954,0.117413,0.188550,0.003491,0.281823,0.133198
1771635578.465,720,2,2,0.0002,0.2440,0.7449,0.0000,0.0013,0.0093,0.0003,0.003615,0.080868,0.000657,0.000973,0.003359,0.001745,-0.001745,-0.103495,-0.055983,-0.006205,0.000000,-0.053028,-0.013536,-0.004267,0.005236,0.004346,0.032047,-0.008727,-0.015708,0.170173,0.041536,-0.170858,-0.012217,0.182038,0.002634,0.170858,0.003491,0.266478,0.133211
1771635578.575,723,2,2,0.0001,0.3051,0.6935,0.0000,0.0003,0.0009,0.0002,0.001115,0.085987,0.000701,0.003036,0.002622,0.001745,-0.001745,-0.079436,-0.050563,-0.016870,0.000000,-0.086975,-0.060297,0.006398,0.005236,-0.047719,-0.043203,-0.008727,-0.015708,0.172158,0.041936,-0.176118,-0.012217,0.212545,0.024691,0.176118,0.003491,0.266275,0.134629
1771635578.671,726,2,2,0.0000,0.0107,0.9893,0.0000,0.0000,0.0000,0.0000,0.001805,0.156518,0.001153,0.002009,0.001724,0.001745,-0.001745,-0.053970,-0.049433,-0.023409,0.000000,-0.058498,-0.027221,0.014683,0.005236,-0.035656,-0.021275,-0.008727,-0.015708,0.143565,0.069480,-0.289636,-0.012217,0.493401,0.309374,0.291381,0.003491,0.333695,0.233833
1771635578.771,729,2,2,0.0000,0.0061,0.9938,0.0000,0.0000,0.0000,0.0000,0.008132,0.145128,0.000762,0.001758,0.001328,0.003491,0.000000,0.022045,-0.049898,-0.082519,0.000000,-0.049525,-0.014220,0.066811,0.005236,-0.023753,-0.012152,-0.008727,-0.015708,0.150152,0.068262,-0.255303,-0.012217,0.458724,0.277239,0.255303,0.003491,0.316193,0.212168
1771635578.871,732,2,2,0.0000,0.0228,0.9767,0.0000,0.0003,0.0001,0.0001,0.012702,0.115797,0.000579,0.000936,0.001472,0.001745,-0.001745,-0.000547,-0.047553,-0.044083,0.001745,-0.030010,0.001261,0.024885,0.005236,0.046228,0.071318,-0.008727,-0.015708,0.173461,0.065039,-0.222362,-0.012217,0.339002,0.165293,0.222362,0.003491,0.249207,0.171711
1771635578.972,735,2,2,0.0000,0.0626,0.9353,0.0000,0.0013,0.0006,0.0001,0.004649,0.112311,0.001022,0.002229,0.001639,0.001745,0.000000,-0.007482,-0.045607,-0.019868,0.000000,-0.036292,-0.002147,0.004160,0.005236,0.006385,0.038265,-0.008727,-0.015708,0.176688,0.065387,-0.207688,-0.012217,0.338454,0.122415,0.207688,0.003491,0.264963,0.168647
1771635579.072,738,2,2,0.0000,0.1593,0.8401,0.0000,0.0003,0.0001,0.0001,0.000770,0.086221,0.000973,0.003737,0.002322,0.003491,-0.001745,-0.008147,-0.043569,0.000515,0.000000,-0.037580,-0.002385,-0.019713,0.005236,-0.058951,-0.012874,-0.008727,-0.015708,0.184564,0.064142,-0.134210,-0.012217,0.259051,0.032697,0.134210,0.003491,0.253724,0.102769
1771635579.172,741,2,2,0.0000,0.4295,0.5703,0.0000,0.0000,0.0000,0.0001,0.004011,0.064711,0.000568,0.001767,0.001577,0.003491,-0.003491,-0.006483,-0.031593,0.036239,0.000000,-0.030058,0.003164,-0.055437,0.005236,-0.063977,-0.012956,-0.008727,-0.015708,0.199008,0.062421,-0.049086,-0.012217,0.100255,-0.130646,0.049086,0.003491,0.254431,0.107844
1771635579.272,744,2,2,0.0000,0.2974,0.7025,0.0000,0.0000,0.0000,0.0001,0.002736,0.077527,0.000567,0.001286,0.001244,0.003491,-0.001745,-0.005940,-0.015632,0.020320,0.001745,-0.027276,0.002044,-0.043009,0.005236,-0.089207,-0.039289,-0.008727,-0.015708,0.201812,0.066389,-0.070955,-0.012217,0.215770,-0.064331,0.070955,0.003491,0.264179,0.107733
1771635579.373,747,2,2,0.0000,0.0246,0.9754,0.0000,0.0000,0.0000,0.0000,0.001318,0.076244,0.001152,0.002758,0.001865,0.003491,-0.001745,0.006631,-0.007800,-0.021401,0.000000,-0.028948,-0.001356,0.000458,0.005236,-0.103911,-0.064665,-0.008727,-0.015708,0.210673,0.064116,-0.086858,-0.012217,0.227701,-0.018123,0.086858,0.003491,0.250432,0.071651
1771635579.474,750,2,2,0.0000,0.0069,0.9931,0.0000,0.0000,0.0000,0.0000,0.001061,0.070657,0.000798,0.001081,0.000871,0.001745,-0.001745,-0.001010,-0.007350,0.007492,0.000000,-0.033472,-0.001266,-0.021455,0.003491,-0.099431,-0.041841,-0.008727,-0.015708,0.212119,0.064380,-0.073669,-0.012217,0.195081,-0.029413,0.073669,0.003491,0.230393,0.068751
1771635579.574,753,2,2,0.0000,0.0034,0.9966,0.0000,0.0000,0.0000,0.0000,0.001872,0.092507,0.000821,0.000959,0.001480,0.001745,-0.001745,0.008166,-0.004939,0.009058,0.000000,-0.074185,-0.008361,-0.031747,0.003491,-0.103864,-0.046162,-0.008727,-0.022689,0.213396,0.084887,-0.121497,-0.024435,0.297422,0.023365,0.123242,-0.005236,0.259046,0.108730
1771635579.676,756,2,2,0.0000,0.0040,0.9960,0.0000,0.0000,0.0000,0.0000,0.002883,0.087265,0.000757,0.000830,0.000690,0.003491,-0.001745,0.023303,-0.004635,0.002573,0.000000,-0.053845,-0.002867,-0.032243,0.005236,-0.070926,-0.036281,-0.006981,-0.024435,0.172144,0.090508,-0.140800,-0.029671,0.235391,-0.002761,0.137309,0.000000,0.285747,0.126081
1771635579.776,759,2,2,0.0000,0.0366,0.9633,0.0000,0.0000,0.0001,0.0001,0.002189,0.027473,0.000518,0.001561,0.001646,0.001745,-0.001745,0.013979,-0.003980,0.005310,0.000000,-0.052762,-0.003241,-0.036726,0.005236,-0.061580,-0.029443,-0.010472,-0.022689,-0.075564,0.053792,-0.223117,-0.033161,-0.454847,-0.407153,0.223117,-0.001745,-0.175753,0.052771
1771635579.879,762,1,2,0.0001,0.7043,0.2953,0.0000,0.0000,0.0001,0.0002,0.000436,0.004878,0.000392,0.001229,0.001319,0.001745,-0.001745,-0.000214,-0.004095,-0.000311,0.000000,-0.053443,-0.002467,-0.034596,0.003491,-0.050474,-0.025159,-0.010472,-0.022689,-0.289819,-0.237989,-0.060279,-0.033161,-0.639848,-0.450825,0.058534,-0.001745,-0.503774,-0.316144
1771635579.982,765,1,1,0.0000,0.8739,0.1260,0.0000,0.0000,0.0000,0.0001,0.000582,0.023705,0.000019,0.002413,0.001512,0.001745,-0.001745,-0.005738,-0.003656,-0.008250,0.000000,-0.048429,-0.000846,-0.023166,0.005236,-0.045462,-0.025462,-0.005236,-0.027925,-0.617184,-0.299474,-0.282710,-0.033161,-0.578467,-0.396367,0.284455,-0.003491,-0.623342,-0.422085
1771635580.081,768,1,1,0.0000,0.9555,0.0444,0.0000,0.0000,0.0000,0.0000,0.001255,0.011247,0.000750,0.002214,0.001063,0.001745,-0.001745,-0.003615,-0.005185,-0.008517,0.000000,-0.016374,0.008074,-0.017663,0.005236,-0.008655,-0.019701,0.000000,-0.036652,-0.720464,-0.322593,-0.117508,-0.015708,-0.665262,-0.445571,0.134962,-0.020944,-0.661866,-0.345651
1771635580.182,771,1,1,0.0000,0.9848,0.0152,0.0000,0.0000,0.0000,0.0000,0.008970,0.008960,0.001725,0.001109,0.002485,0.003491,-0.001745,0.001722,-0.006011,-0.029179,0.000000,0.010069,0.006643,0.008235,0.005236,0.062365,0.009879,-0.005236,-0.006981,-0.658794,-0.283002,-0.070873,0.005236,-0.544462,-0.346898,0.102289,-0.020944,-0.575158,-0.272270
1771635580.286,774,1,1,0.0000,0.9916,0.0083,0.0000,0.0000,0.0000,0.0000,0.002265,0.006911,0.001132,0.000890,0.001741,0.001745,-0.001745,0.002240,-0.007256,-0.012165,0.000000,0.001067,0.004534,-0.005288,0.005236,0.007447,0.004912,-0.001745,-0.001745,-0.281671,-0.171079,-0.049775,0.000000,-0.404263,-0.273652,0.082936,-0.013963,-0.386723,-0.206749
1771635580.386,777,1,1,0.0000,0.9948,0.0051,0.0000,0.0000,0.0000,0.0000,0.007827,0.004967,0.001167,0.000651,0.001105,0.001745,-0.001745,-0.005035,-0.013395,-0.002613,0.000000,0.014669,0.011666,-0.006114,0.005236,0.028546,0.032067,-0.001745,0.000000,-0.203759,-0.118817,-0.033420,0.001745,-0.253066,-0.177303,0.057854,-0.010472,-0.249169,-0.144934
1771635580.486,780,1,1,0.0000,0.9992,0.0007,0.0000,0.0000,0.0000,0.0000,0.004580,0.004707,0.000570,0.001812,0.001895,0.001745,-0.001745,-0.017466,-0.018756,0.015049,0.000000,-0.002038,0.003133,-0.022031,0.005236,0.004128,0.025671,-0.001745,0.000000,-0.032881,-0.096735,-0.028561,0.000000,-0.136025,-0.104962,0.056487,-0.003491,-0.146300,-0.104202
1771635580.586,783,1,1,0.0000,0.9997,0.0002,0.0000,0.0000,0.0000,0.0000,0.008457,0.004703,0.001551,0.002153,0.001417,0.000000,-0.001745,-0.046638,-0.015165,0.039994,0.000000,0.017354,0.014279,-0.060937,0.005236,0.004475,0.020144,-0.001745,0.000000,-0.053127,-0.073084,-0.025018,0.000000,-0.122054,-0.116894,0.056434,0.000000,-0.120762,-0.101282
1771635580.692,786,1,1,0.0000,0.9998,0.0001,0.0000,0.0000,0.0000,0.0000,0.011733,0.002327,0.000766,0.000453,0.000173,0.001745,-0.001745,-0.062722,-0.011098,0.025920,0.000000,0.059888,0.035896,-0.050354,0.003491,0.000079,0.013778,-0.001745,0.000000,-0.003648,-0.051883,0.006978,0.000000,-0.080823,-0.068560,0.020948,0.000000,-0.069620,-0.079990
1771635580.790,789,1,1,0.0000,0.9999,0.0001,0.0000,0.0000,0.0000,0.0000,0.008613,0.001170,0.000480,0.001187,0.000807,0.003491,-0.001745,-0.070660,-0.008294,0.069493,0.000000,0.003197,0.014665,-0.100909,0.005236,-0.003870,0.007271,-0.001745,0.000000,-0.011614,-0.038918,-0.000080,0.000000,-0.053429,-0.047749,0.014042,0.000000,-0.054165,-0.071170
1771635580.891,792,1,1,0.0000,0.9999,0.0001,0.0000,0.0000,0.0000,0.0000,0.004312,0.004129,0.001702,0.000985,0.002735,0.003491,-0.001745,-0.088283,0.005173,0.037841,0.000000,-0.122400,-0.009310,-0.064021,0.005236,-0.068231,-0.007182,-0.001745,0.000000,0.042568,-0.028503,0.001213,0.000000,-0.054930,-0.037155,0.005768,0.000000,-0.043711,-0.060201
1771635580.991,795,1,1,0.0000,0.9999,0.0000,0.0000,0.0000,0.0000,0.0000,0.001598,0.002095,0.003632,0.003516,0.007455,0.001745,-0.001745,-0.077571,0.011264,0.002675,0.000000,-0.142158,-0.032554,-0.032346,0.003491,-0.108667,-0.043551,-0.001745,0.000000,0.019534,-0.041007,-0.002121,0.000000,-0.072428,-0.042423,0.005612,0.000000,-0.048247,-0.065261
1771635581.098,798,1,1,0.0000,1.0000,0.0000,0.0000,0.0000,0.0000,0.0000,0.003347,0.000266,0.006942,0.007836,0.010240,0.001745,-0.001745,-0.053262,0.007985,-0.050891,0.000000,-0.070668,-0.010996,0.021220,0.005236,0.003982,-0.013913,-0.001745,0.000000,-0.307098,-0.028624,-0.001447,0.000000,-0.091368,-0.041720,0.003193,0.000000,-0.049720,-0.067379
1771635581.197,801,1,1,0.0000,1.0000,0.0000,0.0000,0.0000,0.0000,0.0000,0.008151,0.012732,0.009420,0.008777,0.017589,0.003491,-0.001745,-0.133805,0.025546,-0.084484,0.000000,-0.049837,-0.005316,0.065286,0.003491,-0.044687,-0.022071,-0.001745,0.000000,-0.210335,-0.067436,-0.016940,0.000000,0.065201,0.055110,0.020431,0.000000,0.012037,-0.040348
1771635581.298,804,1,1,0.0000,1.0000,0.0000,0.0000,0.0000,0.0000,0.0000,0.011105,0.000979,0.008896,0.004521,0.004900,0.003491,-0.001745,-0.152622,0.027555,-0.116173,-0.001745,-0.039478,-0.006971,0.098720,0.003491,-0.114443,-0.074708,0.000000,0.000000,-0.156946,-0.085856,0.000354,0.000000,-0.001801,0.008256,0.003137,0.000000,-0.012876,-0.052193
1771635581.398,807,1,1,0.0000,0.9998,0.0001,0.0001,0.0000,0.0000,0.0000,0.009282,0.003970,0.009935,0.003618,0.009572,0.000000,0.001745,0.059245,0.039628,0.005535,-0.006981,-0.143648,-0.065795,-0.024733,0.005236,-0.146719,-0.077430,0.000000,0.000000,-0.116572,-0.074430,0.002542,0.000000,0.021879,0.020528,0.000948,0.001745,-0.003362,-0.048603
1771635581.498,810,1,1,0.0000,0.9999,0.0000,0.0000,0.0000,0.0000,0.0000,0.005784,0.009814,0.005502,0.001297,0.004419,0.003491,0.000000,-0.085712,0.060682,-0.014903,0.000000,-0.076887,-0.029709,-0.002551,0.005236,-0.068800,-0.036529,-0.003491,0.001745,-0.088127,-0.054882,0.012266,0.000000,0.051324,0.042415,-0.008775,0.000000,0.010015,-0.040070
1771635581.598,813,1,1,0.0000,0.9999,0.0000,0.0000,0.0000,0.0000,0.0000,0.088123,0.016778,0.003459,0.001184,0.002788,0.003491,-0.001745,-0.047590,0.076624,0.193153,0.000000,0.059955,0.063940,-0.207116,0.005236,0.305914,0.349164,-0.001745,0.000000,-0.021401,-0.039868,0.035730,0.000000,0.007520,0.017662,-0.028749,0.000000,0.129331,0.011092
1771635581.698,816,1,1,0.0000,0.9999,0.0000,0.0000,0.0000,0.0000,0.0000,0.077608,0.036247,0.005677,0.001006,0.005437,0.000000,0.000000,0.408268,0.370770,0.145280,0.006981,-0.075348,-0.217806,-0.159242,-0.001745,-0.167589,-0.296861,-0.003491,0.000000,-0.025012,-0.028340,0.023138,0.000000,0.107830,0.055857,-0.009175,0.000000,0.145351,0.102788
1771635581.799,819,1,1,0.0000,0.9997,0.0002,0.0001,0.0000,0.0000,0.0001,0.079517,0.022049,0.002880,0.001060,0.006034,0.001745,0.000000,0.327541,0.355429,0.260765,0.000000,-0.114099,-0.111901,-0.272983,0.008727,-0.039017,-0.075727,-0.001745,0.000000,-0.033168,-0.002447,0.011377,0.000000,0.069770,0.061289,-0.000905,0.001745,0.058017,0.062391
1771635581.899,822,1,1,0.0000,0.9995,0.0004,0.0001,0.0000,0.0000,0.0000,0.049545,0.018911,0.004275,0.000824,0.004425,0.003491,0.000000,0.228051,0.190673,0.163976,0.001745,-0.078300,-0.066374,-0.170957,0.005236,0.001367,-0.011408,0.000000,0.000000,-0.023459,-0.000046,-0.018304,0.000000,0.059843,0.062052,0.025285,-0.001745,0.025184,0.054564
1771635581.999,825,1,1,0.0000,0.9995,0.0004,0.0001,0.0000,0.0000,0.0000,0.025340,0.010373,0.001321,0.000535,0.004112,0.001745,0.000000,0.048288,0.132643,0.114417,0.001745,-0.123472,-0.051503,-0.121399,0.005236,-0.130474,-0.041477,0.000000,0.000000,-0.015920,-0.011108,-0.006518,0.000000,0.027360,0.040405,0.013500,0.000000,-0.025092,0.043209
1771635582.099,828,1,1,0.0000,0.9998,0.0001,0.0000,0.0000,0.0000,0.0000,0.018382,0.008713,0.001208,0.000238,0.001311,0.001745,0.000000,-0.024759,0.141851,0.073498,0.000000,-0.113959,-0.045178,-0.076989,0.003491,-0.087542,-0.054354,0.000000,0.000000,-0.015065,-0.033232,-0.020827,0.000000,0.010898,0.030590,0.027809,0.003491,-0.029665,0.031772
1771635582.199,831,1,1,0.0000,1.0000,0.0000,0.0000,0.0000,0.0000,0.0000,0.020953,0.011870,0.004306,0.000268,0.004342,0.001745,0.000000,0.084066,0.112034,0.050103,0.000000,-0.085840,-0.038597,-0.051848,0.003491,-0.058934,-0.039251,0.000000,0.000000,-0.014262,-0.048207,-0.055047,0.000000,0.015078,0.030489,0.062028,0.001745,-0.029203,0.033103
1771635582.300,834,1,1,0.0000,0.9999,0.0000,0.0000,0.0000,0.0000,0.0000,0.182054,0.007857,0.001163,0.000689,0.001945,0.001745,0.000000,1.236367,-0.911062,-0.092841,0.000000,0.307759,-0.188496,0.096331,0.001745,0.540703,-0.373500,0.000000,0.000000,-0.013381,-0.033136,-0.026712,0.000000,0.005057,0.025633,0.033693,0.000000,-0.029684,0.029905
1771635582.400,837,1,1,0.0000,0.9992,0.0003,0.0005,0.0000,0.0000,0.0000,0.106223,0.005265,0.001725,0.001139,0.001653,0.001745,-0.001745,0.789953,-0.645772,-0.025374,-0.003491,0.164295,-0.118682,0.023629,0.006981,0.288067,-0.219911,0.000000,0.000000,-0.012695,-0.021027,-0.009769,0.000000,0.001746,0.013429,0.020241,0.000000,-0.028600,0.027761
1771635582.500,840,1,1,0.0000,0.9974,0.0020,0.0006,0.0000,0.0000,0.0000,0.004507,0.003804,0.006568,0.000360,0.006356,0.001745,0.000000,-0.830622,-0.401426,-0.047099,-0.003491,-0.312735,-0.080285,0.048844,0.003491,-0.218752,-0.134390,0.000000,0.000000,-0.014652,-0.009901,-0.005291,0.000000,-0.003648,0.005888,0.008781,0.000000,-0.021056,0.030973
1771635582.600,843,1,1,0.0000,0.9983,0.0017,0.0000,0.0000,0.0000,0.0000,0.031780,0.003431,0.006116,0.000364,0.006057,0.001745,0.000000,0.216111,-0.246091,-0.087010,-0.003491,-0.103890,-0.057596,0.092246,0.003491,0.067769,-0.085521,0.000000,0.000000,-0.013990,-0.006000,-0.000558,0.000000,-0.018864,0.003320,0.005794,0.000000,-0.019314,0.032057
1771635582.701,846,1,1,0.0000,0.9999,0.0001,0.0000,0.0000,0.0000,0.0000,0.029935,0.003827,0.004063,0.000412,0.003671,0.001745,0.000000,0.061592,-0.157080,-0.292389,0.000000,-0.114058,-0.045379,0.295880,0.000000,-0.307579,-0.059341,0.000000,0.000000,-0.016092,-0.003025,-0.001903,0.000000,-0.018531,0.001952,0.003648,0.000000,-0.008781,0.040325
1771635582.801,849,1,1,0.0000,1.0000,0.0000,0.0000,0.0000,0.0000,0.0000,0.021008,0.003739,0.002513,0.000785,0.002606,0.003491,-0.001745,-0.852174,-0.102974,-0.248608,0.003491,-0.187745,-0.040143,0.245117,0.000000,-0.249223,-0.043633,0.000000,0.000000,-0.017337,0.001576,-0.000709,0.000000,-0.020892,0.000531,0.000709,0.000000,-0.008065,0.042052
1771635582.901,852,1,1,0.0000,1.0000,0.0000,0.0000,0.0000,0.0000,0.0000,0.008000,0.003925,0.003286,0.000649,0.002599,0.001745,0.000000,-0.659265,-0.071558,-0.025579,-0.005236,0.070421,-0.036652,0.022089,0.001745,-0.240498,-0.036652,0.000000,0.000000,-0.019445,0.005890,-0.000693,0.000000,-0.028780,-0.004894,0.000693,0.000000,-0.006936,0.040511
1771635583.003,855,1,1,0.0000,1.0000,0.0000,0.0000,0.0000,0.0000,0.0000,0.015025,0.005045,0.006265,0.001644,0.005151,0.000000,0.000000,-0.525492,-0.054105,0.142525,-0.005236,0.036027,-0.034907,-0.147761,0.001745,-0.146543,-0.031416,0.000000,0.000000,-0.026893,0.002236,0.016796,0.000000,-0.027524,-0.003724,-0.016796,0.000000,-0.004030,0.041506
1771635583.103,858,1,1,0.0000,1.0000,0.0000,0.0000,0.0000,0.0000,0.0000,0.011083,0.007472,0.003456,0.001581,0.002996,0.001745,0.000000,-0.275275,-0.048869,0.126564,0.000000,0.002945,-0.033161,-0.131800,0.001745,-0.108666,-0.029671,0.000000,0.000000,-0.028618,0.001086,0.048257,0.000000,-0.030189,-0.013011,-0.044766,0.000000,-0.003539,0.040327
1771635583.203,861,1,1,0.0000,1.0000,0.0000,0.0000,0.0000,0.0000,0.0000,0.018891,0.006682,0.003575,0.000482,0.003109,0.001745,0.000000,0.117084,-0.047124,0.077638,0.000000,0.004601,-0.031416,-0.079383,0.001745,0.023880,-0.026180,0.000000,0.000000,-0.026931,-0.000385,0.040596,0.000000,-0.032137,-0.013417,-0.037105,0.000000,-0.000636,0.039588
1771635583.304,864,1,1,0.0000,1.0000,0.0000,0.0000,0.0000,0.0000,0.0000,0.079629,0.007472,0.003270,0.000356,0.003389,0.001745,0.000000,0.022941,-0.045379,0.085250,-0.003491,0.512302,-0.029671,-0.086995,0.000000,0.333309,-0.026180,0.000000,0.000000,-0.030649,-0.000189,0.034751,0.000000,-0.030216,-0.006270,-0.029515,0.000000,0.009345,0.045572
1771635583.405,867,1,1,0.0000,0.9999,0.0000,0.0000,0.0000,0.0000,0.0000,0.028757,0.006569,0.004146,0.001037,0.003097,0.001745,0.000000,-0.237952,-0.043633,-0.013684,0.001745,0.195205,-0.024435,0.010193,0.000000,0.136189,-0.024435,0.000000,0.000000,-0.030282,-0.002244,0.033778,0.000000,-0.030399,-0.004238,-0.021561,0.000000,-0.002831,0.045048
1771635583.506,870,1,1,0.0000,0.9999,0.0001,0.0000,0.0000,0.0000,0.0000,0.019153,0.006124,0.002016,0.001564,0.001494,0.001745,0.000000,-0.174320,-0.043633,0.002117,-0.003491,0.129102,-0.022689,-0.003862,0.001745,0.095124,-0.022689,0.000000,0.000000,-0.039306,-0.001641,0.024726,0.000000,-0.011112,-0.001428,-0.009018,0.000000,0.004568,0.044190
1771635583.607,873,1,1,0.0000,1.0000,0.0000,0.0000,0.0000,0.0000,0.0000,0.018059,0.006292,0.002683,0.002609,0.001533,0.001745,0.000000,-0.090908,-0.043633,-0.024533,0.000000,0.121185,-0.019199,0.024533,0.003491,0.065756,-0.019199,0.000000,0.000000,-0.074809,-0.000356,0.008788,0.000000,0.000026,0.001306,0.001684,0.000000,0.017445,0.046253
1771635583.707,876,1,1,0.0000,1.0000,0.0000,0.0000,0.0000,0.0000,0.0000,0.028682,0.008180,0.003143,0.002591,0.001328,0.000000,0.000000,0.107473,-0.043633,-0.009644,0.000000,0.082177,-0.013963,0.014880,0.001745,0.137914,-0.013963,0.000000,0.000000,-0.080779,-0.000150,-0.024163,0.000000,0.004736,0.009986,0.032889,0.000000,0.002536,0.048018
1771635583.808,879,1,1,0.0000,0.9999,0.0000,0.0000,0.0000,0.0000,0.0000,0.025656,0.005076,0.005252,0.003730,0.001497,0.000000,0.000000,0.152039,-0.043633,0.051548,0.000000,0.035830,-0.008727,-0.048057,0.001745,0.066709,-0.010472,0.000000,0.000000,-0.078576,-0.000835,-0.002296,0.000000,-0.000992,0.003084,0.009277,0.000000,-0.007102,0.048553
1771635583.912,882,1,1,0.0000,0.9999,0.0000,0.0000,0.0000,0.0000,0.0000,0.011984,0.005187,0.004365,0.004382,0.004086,0.001745,0.000000,0.121111,-0.041888,0.020954,0.000000,-0.065808,-0.005236,-0.017463,0.000000,-0.113566,-0.006981,0.000000,0.000000,-0.077243,-0.000255,-0.006418,0.000000,-0.002625,0.002079,0.011654,0.000000,-0.018472,0.048511
1771635584.010,885,1,1,0.0000,0.9999,0.0000,0.0000,0.0000,0.0000,0.0000,0.012718,0.008021,0.003926,0.002937,0.001419,0.000000,0.001745,-0.003966,-0.041888,0.010451,0.000000,-0.013587,-0.001745,-0.003469,-0.001745,0.140422,-0.003491,0.000000,0.000000,0.030503,0.006028,0.007293,0.000000,-0.019406,-0.000819,-0.007293,0.000000,-0.020499,0.052428
1771635584.112,888,1,1,0.0000,1.0000,0.0000,0.0000,0.0000,0.0000,0.0000,0.004707,0.007782,0.003804,0.005806,0.001566,0.000000,0.000000,-0.091647,-0.041888,0.028967,0.000000,-0.026172,-0.001745,-0.021985,-0.001745,0.027515,-0.003491,0.000000,0.000000,-0.007171,-0.002095,0.034146,0.000000,-0.045946,-0.004266,-0.034146,0.001745,-0.023388,0.057492
1771635584.212,891,1,1,0.0000,1.0000,0.0000,0.0000,0.0000,0.0000,0.0000,0.012761,0.007617,0.002780,0.002258,0.001763,0.000000,0.001745,-0.058893,-0.041888,0.141549,0.000000,-0.117863,-0.001745,-0.129331,-0.003491,0.009838,-0.003491,0.000000,0.000000,-0.006393,-0.018099,0.013346,0.000000,-0.056371,-0.009454,-0.009856,0.000000,-0.021020,0.078061
1771635584.317,894,1,1,0.0000,1.0000,0.0000,0.0000,0.0000,0.0000,0.0000,0.029703,0.006662,0.002107,0.001390,0.002522,0.000000,0.000000,-0.142032,-0.040143,0.069266,-0.001745,0.212461,-0.001745,-0.057049,-0.003491,0.074706,-0.003491,0.000000,0.000000,-0.063209,-0.015798,0.008748,0.000000,-0.050718,-0.006632,-0.007003,0.000000,-0.016831,0.071190
1771635584.417,897,1,1,0.0000,0.9999,0.0000,0.0000,0.0000,0.0000,0.0001,0.030127,0.006287,0.000943,0.000895,0.001192,0.000000,0.000000,0.161296,-0.040143,0.005651,0.000000,0.113497,-0.001745,0.008312,-0.001745,0.072769,-0.003491,0.000000,0.000000,-0.055002,-0.020009,-0.008884,0.000000,-0.049459,-0.005707,0.007139,0.001745,-0.015688,0.066556
1771635584.516,900,1,1,0.0000,0.9998,0.0000,0.0001,0.0000,0.0000,0.0001,0.050700,0.005467,0.000958,0.000470,0.001357,0.000000,0.000000,0.529403,-0.040143,0.007093,-0.005236,0.059555,-0.001745,0.005124,-0.005236,0.007224,-0.003491,0.000000,0.000000,-0.022021,-0.022838,-0.000720,0.000000,-0.050049,-0.005304,0.000720,0.001745,-0.013663,0.063134
1771635584.619,903,1,1,0.0000,0.9998,0.0000,0.0001,0.0000,0.0000,0.0001,0.057835,0.007026,0.001831,0.001196,0.002410,0.000000,0.000000,0.246358,-0.038397,-0.042519,-0.001745,0.350360,-0.001745,0.052991,0.000000,0.044313,-0.003491,0.000000,0.000000,-0.013480,-0.018492,0.006772,0.000000,-0.057011,-0.003045,-0.003282,0.001745,0.006269,0.069523
1771635584.719,906,1,1,0.0000,0.9999,0.0000,0.0000,0.0000,0.0000,0.0000,0.046464,0.006346,0.000671,0.003848,0.004710,0.000000,0.000000,-0.126244,-0.036652,-0.063927,-0.003491,0.305256,-0.001745,0.076145,0.003491,0.172680,-0.003491,0.000000,0.000000,-0.010604,-0.018176,0.005307,0.000000,-0.091845,-0.007875,-0.003562,0.001745,-0.003830,0.069095
1771635584.821,909,1,1,0.0000,0.9999,0.0000,0.0000,0.0000,0.0000,0.0000,0.021033,0.005749,0.001559,0.005483,0.005829,0.000000,0.001745,-0.034156,-0.036652,-0.038299,-0.003491,0.119788,0.000000,0.052261,-0.001745,0.078604,-0.003491,0.000000,0.000000,-0.018102,-0.014773,-0.000395,0.000000,-0.058775,-0.001167,0.000395,0.001745,-0.008508,0.066845
1771635584.921,912,1,1,0.0000,1.0000,0.0000,0.0000,0.0000,0.0000,0.0000,0.012905,0.006685,0.000576,0.004871,0.005007,0.000000,0.001745,0.030374,-0.034907,0.000192,-0.003491,0.057524,-0.001745,0.020752,-0.008727,0.044268,-0.003491,0.000000,-0.001745,-0.066360,-0.008414,-0.003183,0.000000,-0.042580,0.008026,0.003183,0.001745,-0.013555,0.067269
1771635585.022,915,1,1,0.0000,1.0000,0.0000,0.0000,0.0000,0.0000,0.0000,0.004937,0.013549,0.001650,0.001330,0.002848,0.000000,0.003491,0.025372,-0.033161,0.030380,-0.001745,-0.291416,-0.001745,-0.011182,-0.005236,-0.065522,-0.003491,0.000000,0.000000,-0.108481,-0.003643,-0.066296,0.000000,0.003421,0.024972,0.062806,0.001745,-0.010286,0.069644
1771635585.122,918,1,1,0.0000,1.0000,0.0000,0.0000,0.0000,0.0000,0.0000,0.018289,0.008045,0.000291,0.000590,0.001627,0.000000,0.001745,0.090066,-0.033161,0.068416,-0.001745,0.059240,0.000000,-0.049217,-0.001745,-0.025501,-0.003491,0.000000,0.000000,-0.102075,-0.001305,-0.024718,0.000000,-0.009960,0.006802,0.017737,0.001745,-0.009530,0.070252
1771635585.223,921,1,1,0.0000,1.0000,0.0000,0.0000,0.0000,0.0000,0.0000,0.056706,0.006401,0.000346,0.000685,0.001809,0.000000,0.001745,0.532858,-0.033161,0.105127,-0.001745,0.036085,0.000000,-0.085929,-0.003491,0.004655,-0.003491,0.000000,0.000000,-0.096772,-0.000753,-0.010884,0.000000,-0.010904,0.002460,0.005648,0.001745,-0.011966,0.066962
1771635585.327,924,1,1,0.0000,0.9999,0.0001,0.0001,0.0000,0.0000,0.0000,0.050059,0.008225,0.004117,0.001031,0.003582,0.000000,0.006981,0.416370,-0.029671,0.060421,-0.001745,-0.009760,0.000000,-0.034241,-0.003491,0.116940,-0.003491,0.001745,0.000000,-0.097165,-0.000030,-0.005796,0.000000,0.011648,0.012067,0.004051,0.003491,-0.012510,0.065695
1771635585.429,927,1,1,0.0000,0.9993,0.0002,0.0005,0.0000,0.0000,0.0000,0.028628,0.009996,0.003136,0.000723,0.002473,0.000000,0.003491,0.211695,-0.024435,0.110070,-0.001745,0.018275,0.000000,-0.085635,0.000000,-0.182756,-0.003491,0.000000,0.000000,-0.087792,-0.000343,-0.005459,0.000000,0.024645,0.018827,0.003714,0.003491,-0.003259,0.069277
1771635585.529,930,1,1,0.0000,0.9996,0.0002,0.0002,0.0000,0.0000,0.0000,0.030438,0.007408,0.001216,0.000610,0.001692,0.000000,0.003491,0.283170,-0.017453,0.078598,-0.001745,-0.088502,0.000000,-0.052419,-0.001745,-0.196162,-0.003491,0.000000,0.000000,-0.084946,-0.001103,-0.004328,0.000000,0.005776,0.008567,0.002582,0.001745,0.000577,0.069652
1771635585.625,933,1,1,0.0000,0.9995,0.0002,0.0003,0.0000,0.0000,0.0000,0.032002,0.007235,0.004856,0.000699,0.004057,0.000000,0.006981,0.259767,-0.008727,0.117271,-0.003491,-0.276717,0.000000,-0.096327,0.000000,-0.168009,-0.003491,0.000000,0.000000,-0.085258,-0.000080,-0.001032,0.000000,0.008384,0.006774,0.001032,0.001745,-0.000122,0.068888
1771635585.726,936,1,1,0.0000,0.9997,0.0001,0.0001,0.0000,0.0000,0.0000,0.022177,0.020471,0.000819,0.001421,0.001182,0.000000,0.006981,0.182715,-0.005236,0.076427,-0.001745,-0.332837,0.000000,-0.045011,0.000000,-0.133277,-0.003491,0.000000,0.000000,-0.093146,0.002466,-0.017456,0.000000,0.051626,0.029498,0.017456,0.001745,0.046819,0.096044
1771635585.828,939,1,1,0.0000,0.9998,0.0001,0.0000,0.0000,0.0000,0.0000,0.021169,0.031191,0.001173,0.000331,0.001265,0.000000,0.006981,0.188325,-0.001745,0.058716,-0.001745,-0.161817,0.000000,-0.029046,0.000000,-0.075506,-0.003491,0.000000,0.000000,-0.091265,0.003511,-0.043191,0.000000,0.080759,0.066804,0.039700,0.001745,0.068214,0.113555
1771635585.927,942,1,1,0.0000,0.9996,0.0003,0.0000,0.0000,0.0000,0.0000,0.015683,0.021133,0.000473,0.000524,0.000468,0.000000,0.006981,0.124296,-0.001745,0.056915,-0.003491,-0.102603,0.000000,-0.013281,0.000000,-0.002204,-0.003491,0.000000,0.000000,-0.086165,0.002734,-0.010970,0.000000,0.054991,0.067679,0.005734,0.001745,0.030288,0.090420
1771635586.027,945,1,1,0.0001,0.9992,0.0005,0.0001,0.0000,0.0000,0.0000,0.013172,0.019093,0.000614,0.001292,0.001205,0.000000,0.006981,0.098242,-0.001745,0.044572,-0.001745,-0.074829,0.000000,0.004297,0.000000,0.003977,-0.003491,0.000000,0.000000,-0.082938,0.000940,0.002960,0.000000,0.039996,0.055166,-0.006450,0.003491,0.024737,0.101832
1771635586.127,948,1,1,0.0001,0.9995,0.0002,0.0001,0.0000,0.0000,0.0001,0.011129,0.021981,0.001528,0.000355,0.001118,0.000000,0.003491,-0.364564,-0.001745,-0.079949,-0.001745,0.006481,0.000000,0.123582,0.000000,-0.000802,-0.003491,0.000000,0.000000,-0.077500,0.007096,0.004677,0.000000,0.059509,0.061075,-0.011658,0.003491,0.026813,0.101107
1771635586.227,951,1,1,0.0000,0.9995,0.0002,0.0002,0.0000,0.0000,0.0001,0.041251,0.016646,0.001091,0.000310,0.001561,0.000000,0.003491,-0.395276,0.000000,-0.066732,-0.005236,0.287410,0.000000,0.103384,0.006981,0.093746,-0.003491,0.000000,0.000000,-0.065218,0.015961,0.006974,0.000000,0.033513,0.050967,-0.012210,0.003491,0.006954,0.081889
1771635586.327,954,1,1,0.0000,0.9990,0.0010,0.0000,0.0000,0.0000,0.0000,0.008366,0.014962,0.000774,0.000130,0.000748,0.000000,0.003491,-1.008028,-0.001745,-0.031768,-0.001745,-0.150775,0.000000,0.061439,0.001745,0.033722,-0.003491,0.000000,0.000000,-0.047730,0.018688,0.032275,0.000000,0.010985,0.039004,-0.034021,0.003491,0.000177,0.074928
1771635586.428,957,1,1,0.0000,0.9996,0.0003,0.0000,0.0000,0.0000,0.0000,0.004680,0.012043,0.003011,0.000357,0.002755,0.000000,0.003491,-0.872786,0.000000,-0.016021,-0.001745,-0.152621,0.000000,0.052673,-0.001745,-0.000935,-0.003491,0.000000,0.000000,-0.054898,0.009996,0.023331,0.000000,0.002476,0.032109,-0.026822,0.005236,-0.001455,0.071366
1771635586.529,960,1,1,0.0000,0.9999,0.0000,0.0000,0.0000,0.0000,0.0000,0.003983,0.009034,0.000841,0.000283,0.000973,0.000000,0.003491,-0.743219,0.000000,-0.007651,-0.001745,-0.093001,0.000000,0.044303,-0.003491,-0.017235,-0.003491,0.000000,0.000000,-0.054121,0.001911,0.006395,0.000000,0.000004,0.025521,-0.011631,0.005236,-0.003461,0.069339
1771635586.631,963,1,1,0.0000,1.0000,0.0000,0.0000,0.0000,0.0000,0.0000,0.003494,0.007471,0.000671,0.000355,0.000847,0.000000,0.001745,-0.505182,0.000000,-0.001784,-0.001745,-0.061864,0.000000,0.040181,-0.001745,-0.032507,-0.003491,0.000000,0.000000,-0.055374,0.001489,0.002911,0.000000,-0.006379,0.014567,-0.004657,0.005236,-0.007302,0.065454
1771635586.731,966,1,1,0.0000,0.9999,0.0000,0.0000,0.0000,0.0000,0.0000,0.084398,0.006312,0.000831,0.000526,0.001052,0.000000,0.003491,0.480647,0.000000,-0.067009,-0.001745,0.217441,0.000000,0.105406,0.000000,0.205791,-0.003491,0.000000,0.000000,-0.059558,0.001055,-0.007048,0.000000,-0.027748,-0.004018,0.005302,0.005236,-0.014719,0.064146
1771635586.832,969,1,1,0.0000,0.9992,0.0006,0.0001,0.0000,0.0000,0.0000,0.026004,0.005522,0.002276,0.001017,0.001300,0.000000,0.003491,0.174927,-0.001745,-0.037425,-0.001745,-0.070065,0.000000,0.072331,0.000000,0.061297,-0.003491,0.000000,0.000000,-0.085105,0.002151,0.002582,0.000000,-0.039783,-0.027789,-0.002582,0.003491,-0.025867,0.058038
1771635586.933,972,1,1,0.0000,0.9985,0.0012,0.0003,0.0000,0.0000,0.0000,0.026737,0.005446,0.000424,0.000472,0.000916,0.000000,0.003491,0.270198,-0.001745,0.047158,-0.001745,-0.004908,0.000000,-0.015742,0.000000,-0.007858,-0.003491,0.000000,0.000000,-0.088256,0.001472,0.006916,0.000000,-0.072577,-0.046887,-0.012152,0.003491,-0.031134,0.053471
1771635587.036,975,1,1,0.0001,0.9992,0.0001,0.0006,0.0000,0.0000,0.0001,0.032284,0.005545,0.000715,0.000210,0.000995,0.000000,0.003491,0.234117,-0.001745,0.051445,-0.001745,0.098355,0.000000,-0.013047,-0.001745,-0.025397,-0.003491,0.000000,0.000000,-0.082706,-0.007204,0.012992,0.000000,-0.068445,-0.037862,-0.014737,0.003491,-0.041799,0.050056
1771635587.137,978,1,1,0.0133,0.9206,0.0011,0.0631,0.0000,0.0008,0.0010,0.013622,0.004483,0.000402,0.000625,0.000506,0.000000,0.003491,0.050459,-0.001745,0.104845,-0.003491,0.004667,0.000000,-0.069938,0.000000,-0.144838,-0.003491,0.000000,0.000000,-0.080133,-0.007490,-0.002101,0.000000,-0.050525,-0.026674,-0.001389,0.003491,-0.042994,0.050302
1771635587.237,981,1,1,0.0080,0.9788,0.0009,0.0118,0.0000,0.0002,0.0002,0.004817,0.005979,0.000360,0.000409,0.000644,0.000000,0.003491,-0.013889,-0.001745,0.054308,-0.001745,-0.011696,0.000000,-0.019401,0.000000,-0.013859,-0.003491,0.000000,0.000000,-0.071268,-0.014613,-0.017613,0.000000,-0.046116,-0.012212,0.017613,0.003491,-0.043401,0.050648
1771635587.338,984,1,1,0.0027,0.9769,0.0002,0.0199,0.0000,0.0001,0.0002,0.054943,0.004185,0.001501,0.000774,0.001724,0.000000,0.008727,0.168425,-0.001745,0.040149,-0.001745,0.212670,0.000000,-0.001752,0.000000,0.229348,-0.003491,0.000000,0.000000,-0.059979,-0.018780,-0.000032,0.000000,-0.052235,-0.007451,0.001777,0.003491,-0.051134,0.044951
1771635587.438,987,1,1,0.0006,0.8824,0.0001,0.1165,0.0000,0.0001,0.0003,0.053078,0.008667,0.000204,0.001182,0.001397,0.000000,0.006981,0.349343,-0.001745,0.040620,-0.001745,0.078340,0.000000,-0.003968,0.000000,0.161646,-0.003491,0.000000,0.000000,-0.059935,-0.008645,-0.053346,0.000000,-0.036769,0.003042,0.048110,0.005236,-0.043949,0.047617
1771635587.539,990,1,1,0.0007,0.6512,0.0002,0.3472,0.0000,0.0004,0.0004,0.053668,0.007113,0.001850,0.001127,0.001402,0.000000,0.003491,0.368742,-0.001745,0.090529,-0.001745,0.054379,0.000000,-0.060858,0.000000,0.126874,-0.003491,0.000000,0.000000,-0.060804,-0.004674,-0.022811,0.000000,-0.019971,0.013674,0.015830,0.003491,-0.028566,0.052359
1771635587.639,993,3,1,0.0009,0.4883,0.0005,0.5091,0.0000,0.0006,0.0005,0.046211,0.009372,0.002861,0.000898,0.002191,0.000000,0.003491,0.309738,0.000000,0.131111,-0.001745,0.034369,0.000000,-0.103185,0.000000,0.075820,-0.001745,0.000000,0.000000,-0.060914,-0.002115,-0.007504,0.000000,0.009261,0.023565,0.004014,0.003491,-0.004843,0.072132
1771635587.739,996,3,3,0.0009,0.2715,0.0007,0.7257,0.0000,0.0007,0.0004,0.053466,0.008050,0.001824,0.000287,0.002214,0.000000,0.003491,0.394922,0.000000,0.097707,-0.001745,0.023244,0.000000,-0.073272,0.000000,0.122230,-0.001745,0.000000,0.000000,-0.057923,-0.002052,0.009958,0.000000,0.000043,0.013629,-0.011704,0.003491,-0.006333,0.069478
1771635587.841,999,3,3,0.0005,0.0984,0.0003,0.9002,0.0000,0.0004,0.0002,0.064757,0.007077,0.001126,0.000426,0.001399,0.000000,0.008727,0.529445,0.000000,0.059779,-0.001745,0.095525,0.000000,-0.024872,0.000000,0.083613,-0.001745,0.000000,0.000000,-0.058170,-0.003004,0.000245,0.000000,0.000771,0.007559,-0.003736,0.005236,-0.004183,0.071108
1771635587.941,1002,3,3,0.0001,0.0289,0.0001,0.9707,0.0000,0.0002,0.0001,0.078013,0.007237,0.002850,0.000296,0.003112,0.000000,0.008727,0.453975,0.000000,0.042135,0.008727,0.240288,0.000000,-0.001992,0.000000,0.182302,-0.001745,0.000000,0.000000,-0.059400,-0.003290,0.000901,0.000000,0.000587,0.006721,-0.000901,0.005236,-0.002648,0.073394
1771635588.047,1005,3,3,0.0000,0.0165,0.0000,0.9835,0.0000,0.0001,0.0000,0.142719,0.006930,0.002352,0.000482,0.002016,0.000000,0.006981,0.409283,0.000000,-0.128466,0.013963,0.952287,-0.005236,0.170354,0.000000,0.159760,-0.001745,0.000000,0.000000,-0.060932,-0.003311,-0.000132,0.000000,-0.000332,0.005956,-0.001614,0.003491,-0.003442,0.073709
1771635588.151,1008,3,3,0.0000,0.0245,0.0000,0.9755,0.0000,0.0000,0.0000,0.146226,0.006699,0.002807,0.001370,0.001361,0.000000,0.003491,-0.068326,0.000000,-0.264853,0.024435,1.263533,-0.008727,0.299760,0.000000,0.163495,-0.001745,0.000000,0.000000,-0.062385,-0.003215,0.000327,0.000000,-0.001348,0.003828,-0.002072,0.005236,-0.005245,0.070996
1771635588.248,1011,3,3,0.0000,0.0637,0.0000,0.9363,0.0000,0.0000,0.0000,0.188485,0.006296,0.007746,0.001569,0.005175,0.000000,0.006981,-0.169129,0.000000,-0.325246,0.031416,1.479373,-0.006981,0.353171,0.000000,0.390876,-0.001745,0.000000,0.000000,-0.064647,-0.002554,-0.002960,0.000000,-0.006362,0.001319,0.004705,0.003491,-0.015564,0.066041
1771635588.349,1014,3,3,0.0000,0.0529,0.0000,0.9471,0.0000,0.0000,0.0000,0.213470,0.010021,0.003764,0.003035,0.002141,0.000000,0.003491,-0.359698,0.001745,-0.381169,0.010472,1.569191,-0.001745,0.412584,0.000000,0.564158,-0.001745,0.000000,0.000000,-0.067793,-0.004439,0.077699,0.000000,-0.108336,-0.062500,-0.079444,0.003491,-0.072769,0.039066
1771635588.450,1017,3,3,0.0000,0.1069,0.0000,0.8931,0.0000,0.0000,0.0000,0.247081,0.007947,0.009491,0.002260,0.006541,0.000000,0.003491,-0.256959,0.001745,-0.357788,0.003491,1.893768,-0.001745,0.390949,0.000000,0.671533,-0.001745,0.000000,0.000000,-0.072150,0.001350,0.042654,0.000000,-0.059615,-0.037927,-0.044399,0.003491,-0.050208,0.047874
1771635588.549,1020,3,3,0.0000,0.1146,0.0000,0.8853,0.0000,0.0000,0.0000,0.249723,0.005776,0.001752,0.001114,0.000557,0.000000,0.006981,-0.546400,0.001745,-0.421684,0.000000,1.836289,-0.001745,0.456591,-0.001745,0.695065,-0.003491,0.000000,0.000000,-0.090042,0.011519,0.052559,0.000000,-0.071915,-0.053508,-0.054305,0.005236,-0.094305,-0.014357
1771635588.649,1023,3,3,0.0000,0.1029,0.0000,0.8971,0.0000,0.0000,0.0000,0.260153,0.006801,0.005255,0.002177,0.003362,0.000000,0.006981,-0.530936,0.001745,-0.436959,0.000000,1.832898,-0.001745,0.471865,0.000000,0.808346,0.000000,0.000000,0.000000,-0.102853,0.009371,0.067001,0.000000,-0.135332,-0.094549,-0.072237,0.005236,-0.108157,-0.038605
1771635588.749,1026,3,3,0.0000,0.0891,0.0000,0.9109,0.0000,0.0000,0.0000,0.259320,0.003791,0.005370,0.003160,0.002059,0.000000,0.008727,-0.527905,0.001745,-0.470070,0.000000,1.810376,-0.001745,0.504977,0.000000,0.786021,0.000000,0.000000,0.000000,-0.100436,0.004349,0.035905,0.000000,-0.088898,-0.062176,-0.037650,0.005236,-0.121802,-0.067820
1771635588.853,1029,3,3,0.0000,0.1254,0.0000,0.8746,0.0000,0.0000,0.0000,0.201228,0.001100,0.004689,0.001799,0.003218,0.000000,0.008727,-0.473118,0.001745,-0.364070,0.000000,1.495930,-0.001745,0.398976,0.001745,0.507617,0.000000,0.000000,0.000000,-0.103343,0.003472,0.006234,0.000000,-0.069285,-0.044089,-0.009725,0.003491,-0.086440,-0.071465
1771635588.950,1032,3,3,0.0000,0.2593,0.0000,0.7406,0.0000,0.0000,0.0000,0.218367,0.000889,0.002915,0.001129,0.001399,0.000000,0.003491,-0.466892,0.001745,-0.379481,0.000000,1.613175,-0.001745,0.414388,0.000000,0.587605,0.000000,0.000000,0.000000,-0.103733,0.003777,0.003405,0.000000,-0.044863,-0.034322,-0.003405,0.003491,-0.055128,-0.058047
1771635589.050,1035,3,3,0.0000,0.2419,0.0000,0.7581,0.0000,0.0000,0.0000,0.220341,0.002087,0.002741,0.002000,0.002589,0.000000,0.001745,-0.443364,0.001745,-0.382877,0.000000,1.634610,-0.001745,0.416038,-0.001745,0.589953,0.000000,0.000000,0.000000,-0.101127,0.002499,0.017313,0.000000,-0.049553,-0.028756,-0.015567,0.005236,-0.057939,-0.057478
1771635589.151,1038,3,3,0.0000,0.1836,0.0000,0.8164,0.0000,0.0000,0.0000,0.206156,0.001032,0.001746,0.000721,0.002146,0.000000,0.003491,-0.199442,0.001745,-0.370842,0.000000,1.523836,-0.001745,0.405749,0.000000,0.539049,0.000000,0.001745,0.000000,-0.091257,0.001909,0.002941,0.000000,-0.055320,-0.026707,0.000550,0.005236,-0.070161,-0.063249
1771635589.252,1041,3,3,0.0001,0.4286,0.0001,0.5711,0.0000,0.0001,0.0000,0.053894,0.002014,0.009650,0.001109,0.009143,0.000000,0.003491,-0.468643,0.001745,-0.401217,0.000000,0.205365,-0.001745,0.436123,0.000000,-0.338992,0.000000,0.000000,0.000000,-0.087592,0.000529,0.020151,0.000000,-0.080661,-0.032743,-0.020151,0.003491,-0.078311,-0.068224
1771635589.351,1044,1,1,0.0003,0.9590,0.0004,0.0402,0.0000,0.0000,0.0000,0.037905,0.000625,0.004687,0.001061,0.003892,0.000000,0.008727,-0.558108,0.001745,-0.355808,0.000000,0.053674,-0.001745,0.390715,0.000000,-0.242038,0.000000,0.000000,0.000000,-0.081386,0.000962,0.003044,0.000000,-0.063399,-0.025660,-0.004789,0.003491,-0.069682,-0.072507
1771635589.455,1047,1,1,0.0001,0.9990,0.0003,0.0007,0.0000,0.0000,0.0000,0.017490,0.000427,0.006739,0.000327,0.006865,0.000000,0.006981,-0.511299,0.001745,-0.178465,-0.005236,-0.157513,-0.001745,0.194173,0.006981,-0.238348,0.000000,0.000000,0.000000,-0.081820,-0.003175,0.001629,0.000000,-0.106989,-0.032394,-0.001629,0.003491,-0.102552,-0.098835
1771635589.552,1050,1,1,0.0000,0.9996,0.0001,0.0003,0.0000,0.0000,0.0000,0.006976,0.000928,0.003541,0.000594,0.002874,0.000000,0.001745,-0.632626,0.000000,-0.061026,0.000000,-0.116068,-0.001745,0.073243,0.008727,-0.084365,0.000000,0.000000,0.000000,-0.081801,-0.002478,0.007645,0.000000,-0.116354,-0.057277,-0.009391,0.003491,-0.097513,-0.106627
1771635589.653,1053,1,1,0.0000,0.9999,0.0000,0.0000,0.0000,0.0000,0.0000,0.004477,0.000724,0.001615,0.000411,0.002810,0.000000,0.001745,-0.269654,0.000000,-0.038015,0.001745,-0.376469,-0.001745,0.046742,0.003491,-0.413956,0.000000,0.001745,0.000000,-0.083133,-0.005122,0.003454,0.000000,-0.077278,-0.038276,-0.003454,0.003491,-0.065779,-0.085374
1771635589.752,1056,1,1,0.0000,1.0000,0.0000,0.0000,0.0000,0.0000,0.0000,0.001207,0.000874,0.001307,0.001144,0.001080,0.000000,0.001745,-0.164493,0.000000,0.010997,0.000000,-0.237215,0.000000,-0.005761,0.001745,-0.201188,0.000000,0.000000,0.000000,-0.081209,-0.014240,-0.009022,0.000000,-0.002421,0.001466,0.005531,0.003491,-0.008129,-0.039636
1771635589.853,1059,1,1,0.0000,1.0000,0.0000,0.0000,0.0000,0.0000,0.0000,0.005007,0.000436,0.001850,0.000455,0.001423,0.001745,-0.001745,-0.540741,0.000000,-0.015350,-0.001745,-0.066663,0.000000,0.022331,0.001745,0.034259,0.000000,0.000000,0.000000,-0.078718,-0.013062,-0.001229,0.000000,-0.015954,-0.003520,-0.002261,0.005236,-0.015430,-0.044943
1771635589.953,1062,1,1,0.0000,1.0000,0.0000,0.0000,0.0000,0.0000,0.0000,0.031151,0.000291,0.002382,0.000443,0.001640,0.000000,0.000000,-0.319654,-0.001745,-0.001962,-0.001745,0.181414,0.000000,0.007198,0.001745,0.183453,0.000000,0.000000,0.000000,-0.077989,-0.004714,-0.003222,0.000000,-0.010901,-0.003192,-0.000268,0.003491,-0.013009,-0.045532
1771635590.053,1065,1,1,0.0000,1.0000,0.0000,0.0000,0.0000,0.0000,0.0000,0.026636,0.000393,0.001941,0.001373,0.001028,0.000000,0.001745,-0.247579,-0.001745,-0.124131,0.000000,0.075286,0.000000,0.124131,0.000000,0.118472,0.000000,0.000000,0.000000,-0.069927,-0.002961,-0.004720,0.000000,-0.006004,-0.001746,0.001229,0.003491,-0.014336,-0.047204
1771635590.153,1068,1,1,0.0000,0.9999,0.0000,0.0000,0.0000,0.0000,0.0000,0.060834,0.000833,0.002061,0.000897,0.001389,0.000000,0.000000,-0.169788,-0.001745,-0.095800,-0.001745,0.289635,0.000000,0.099290,0.001745,0.339336,0.000000,0.000000,0.000000,-0.059505,-0.015365,-0.004757,0.000000,-0.007627,-0.001515,0.006502,0.003491,-0.022582,-0.055477
1771635590.253,1071,1,1,0.0000,0.9999,0.0000,0.0000,0.0000,0.0000,0.0000,0.029394,0.006957,0.000890,0.000364,0.000109,0.000000,0.000000,-0.114469,-0.001745,-0.048537,-0.001745,0.131168,0.000000,0.055519,0.005236,0.160808,0.000000,0.000000,0.000000,-0.053761,-0.013825,-0.033487,0.000000,0.013321,0.008427,0.029996,0.005236,0.026498,-0.040420
1771635590.354,1074,1,1,0.0000,0.9999,0.0000,0.0000,0.0000,0.0000,0.0000,0.013362,0.007077,0.001115,0.000772,0.001519,0.000000,0.000000,0.044817,-0.001745,0.046568,-0.003491,-0.044233,0.000000,-0.034350,0.000000,0.068960,0.000000,0.000000,0.000000,-0.049761,-0.007052,-0.020761,0.000000,0.038668,0.015857,0.017271,0.003491,0.009634,-0.027544
1771635590.455,1077,1,1,0.0000,0.9999,0.0000,0.0000,0.0000,0.0000,0.0000,0.013499,0.027179,0.002159,0.003248,0.002369,0.000000,0.000000,0.027526,-0.001745,0.030616,-0.001745,0.052656,0.000000,-0.009672,-0.006981,0.051185,0.000000,0.000000,0.000000,-0.049676,-0.002506,-0.057544,0.000000,0.102879,0.092832,0.052308,0.003491,0.049997,0.024638
1771635590.556,1080,1,1,0.0000,0.9999,0.0000,0.0000,0.0000,0.0000,0.0000,0.040683,0.023112,0.002018,0.000835,0.001495,-0.001745,0.001745,0.161434,-0.001745,-0.020015,-0.001745,0.216249,0.000000,0.035723,-0.001745,0.073040,0.000000,0.000000,0.000000,-0.047555,-0.002750,-0.064975,0.000000,0.080772,0.082603,0.057993,0.003491,0.022817,0.029671
1771635590.656,1083,1,1,0.0000,0.9996,0.0003,0.0001,0.0000,0.0000,0.0000,0.038764,0.015317,0.000973,0.000497,0.001664,-0.001745,0.001745,0.182045,-0.001745,-0.027608,-0.003491,0.167435,0.000000,0.048552,-0.001745,0.065387,0.000000,0.000000,0.000000,-0.040844,-0.003791,-0.044939,0.000000,0.043161,0.060662,0.037957,0.003491,0.005161,0.033377
1771635590.756,1086,1,1,0.0000,0.9985,0.0013,0.0001,0.0000,0.0000,0.0000,0.024939,0.012831,0.002440,0.000122,0.002935,-0.001745,0.003491,0.132146,-0.001745,-0.004478,-0.003491,0.095820,0.000000,0.027167,-0.003491,0.040638,0.000000,0.000000,0.000000,-0.028201,-0.005077,-0.023669,0.000000,0.019026,0.042794,0.013197,0.003491,0.027182,0.048289
1771635590.856,1089,1,1,0.0001,0.9979,0.0018,0.0002,0.0000,0.0000,0.0000,0.010106,0.012651,0.003219,0.001181,0.002061,-0.001745,0.003491,0.046792,-0.001745,0.001104,-0.005236,0.043065,0.000000,0.026821,-0.003491,-0.023707,0.000000,0.000000,0.000000,-0.018271,-0.008174,-0.002100,0.000000,0.008076,0.034853,-0.003136,0.005236,0.029752,0.073891
1771635590.956,1092,1,1,0.0000,0.9988,0.0008,0.0004,0.0000,0.0000,0.0000,0.046209,0.012155,0.002294,0.000869,0.001690,-0.003491,0.006981,0.403673,-0.001745,0.143854,-0.005236,-0.052317,0.000000,-0.119419,-0.003491,-0.117204,0.000000,0.000000,0.000000,-0.008673,-0.012647,0.014636,0.000000,0.008110,0.033955,-0.014636,0.003491,0.009567,0.076103
1771635591.056,1095,1,1,0.0000,0.9998,0.0001,0.0001,0.0000,0.0000,0.0000,0.023198,0.009598,0.002290,0.000383,0.002204,0.000000,0.008727,0.189718,-0.001745,0.079937,-0.005236,-0.201465,0.000000,-0.053757,-0.003491,-0.138160,0.000000,0.000000,0.000000,-0.004224,-0.005444,0.004755,0.000000,0.002345,0.028509,-0.004755,0.003491,0.002552,0.073530
1771635591.157,1098,1,1,0.0000,0.9999,0.0000,0.0001,0.0000,0.0000,0.0000,0.021744,0.011609,0.003294,0.001052,0.003411,0.000000,0.006981,0.134192,-0.001745,0.119755,-0.005236,-0.163621,0.000000,-0.093575,-0.003491,-0.144863,0.000000,0.000000,0.000000,-0.002758,-0.003346,0.005699,0.000000,0.003947,0.026791,-0.005699,0.003491,0.008210,0.091165
1771635591.257,1101,1,1,0.0000,0.9999,0.0001,0.0000,0.0000,0.0000,0.0000,0.009455,0.009926,0.001429,0.001847,0.000926,0.000000,0.003491,-0.114810,-0.001745,0.057733,-0.003491,0.052242,0.000000,-0.028063,-0.001745,-0.065318,0.000000,0.000000,0.000000,-0.005854,-0.002907,0.030180,-0.001745,-0.003224,0.015003,-0.031925,0.005236,-0.005112,0.068687
1771635591.358,1104,1,1,0.0000,0.9999,0.0001,0.0000,0.0000,0.0000,0.0000,0.005583,0.005747,0.000763,0.000407,0.000470,-0.001745,0.008727,-0.056216,-0.001745,0.057080,-0.003491,0.001194,0.000000,-0.020428,-0.001745,-0.048409,0.000000,0.000000,0.000000,-0.005628,-0.001348,0.004663,0.000000,-0.003018,0.003513,-0.006409,0.005236,-0.010917,0.055548
1771635591.458,1107,1,1,0.0000,1.0000,0.0000,0.0000,0.0000,0.0000,0.0000,0.004829,0.003467,0.000944,0.000537,0.000888,0.000000,0.006981,-0.051093,-0.001745,0.050961,-0.005236,-0.143407,0.000000,-0.005583,0.000000,-0.068610,0.000000,0.000000,0.000000,-0.007529,0.000185,0.003241,0.000000,-0.037835,-0.027962,-0.004986,0.003491,-0.032441,0.034686
1771635591.558,1110,1,1,0.0000,1.0000,0.0000,0.0000,0.0000,0.0000,0.0000,0.007017,0.004143,0.000964,0.000711,0.001271,0.000000,0.006981,-0.074338,-0.001745,0.077219,-0.005236,-0.252183,0.000000,-0.030096,-0.001745,-0.239402,0.000000,0.000000,0.000000,-0.007141,0.001639,0.011265,0.000000,-0.056589,-0.028644,-0.011265,0.003491,-0.039592,0.033327
1771635591.658,1113,1,1,0.0000,0.9999,0.0000,0.0000,0.0000,0.0000,0.0000,0.033165,0.003322,0.000817,0.000944,0.001240,0.000000,0.003491,0.294552,-0.001745,0.056484,-0.003491,-0.023969,0.000000,-0.011106,-0.003491,0.043448,0.000000,0.000000,0.000000,-0.009910,0.002802,0.002874,0.000000,-0.072295,-0.028180,-0.002874,0.003491,-0.053873,0.030698
1771635591.759,1116,1,1,0.0000,0.9997,0.0000,0.0003,0.0000,0.0000,0.0000,0.201322,0.003311,0.002352,0.000245,0.002413,0.000000,0.003491,0.226565,-0.001745,-0.169119,-0.003491,1.141647,0.000000,0.211007,-0.003491,0.833150,0.000000,0.000000,0.000000,-0.010822,0.003308,0.013134,0.000000,-0.063658,-0.033341,-0.011389,0.005236,-0.062979,0.018051
1771635591.859,1119,1,1,0.0000,0.9992,0.0002,0.0006,0.0000,0.0000,0.0000,0.177704,0.001637,0.002397,0.000486,0.001659,0.000000,0.006981,0.213895,-0.001745,-0.218578,-0.003491,0.921502,0.000000,0.249994,-0.003491,0.740072,0.000000,0.000000,0.000000,-0.011924,0.002065,0.009561,0.000000,-0.066916,-0.045729,-0.007816,0.003491,-0.067401,0.004524
1771635591.961,1122,1,1,0.0000,0.9936,0.0011,0.0054,0.0000,0.0000,0.0000,0.098128,0.001523,0.001347,0.000738,0.001374,0.000000,0.006981,0.113735,-0.001745,0.045447,-0.005236,0.735214,0.001745,-0.024503,0.000000,0.274409,0.000000,0.000000,0.000000,-0.015829,0.004172,0.005735,0.000000,-0.054052,-0.039876,-0.003989,0.005236,-0.058054,0.003135
1771635592.059,1125,1,1,0.0001,0.9643,0.0026,0.0329,0.0000,0.0002,0.0000,0.060812,0.003170,0.001154,0.000294,0.001425,0.000000,-0.008727,0.138666,0.008727,-0.008305,-0.005236,0.508174,0.017453,0.024013,-0.001745,0.032717,0.000000,0.000000,0.000000,-0.019447,0.001832,0.032720,0.000000,-0.053587,-0.038453,-0.029229,0.003491,-0.057742,-0.001343
1771635592.159,1128,1,1,0.0013,0.5782,0.0029,0.4166,0.0000,0.0007,0.0003,0.090225,0.002089,0.000161,0.001262,0.001086,0.000000,-0.017453,0.230743,0.012217,0.045929,-0.005236,0.724130,0.043633,-0.023240,-0.003491,0.026045,0.000000,0.000000,0.000000,-0.027811,0.003001,0.018576,0.000000,-0.051301,-0.031747,-0.016831,0.003491,-0.059343,-0.003906
1771635592.260,1131,3,3,0.0007,0.2493,0.0007,0.7486,0.0000,0.0005,0.0002,0.083708,0.000878,0.000245,0.000559,0.000976,0.000000,-0.027925,0.272551,0.012217,0.026124,-0.005236,0.626075,0.052360,-0.005180,-0.005236,0.015167,0.000000,0.000000,0.000000,-0.030204,0.003386,0.003658,0.000000,-0.057420,-0.037282,-0.001913,0.003491,-0.074817,-0.033663
1771635592.361,1134,3,3,0.0003,0.1368,0.0002,0.8624,0.0000,0.0002,0.0001,0.098162,0.001647,0.001193,0.000573,0.001186,0.000000,-0.038397,0.266788,0.012217,-0.144825,-0.010472,0.633214,0.059341,0.167514,-0.001745,0.038866,0.000000,0.000000,0.000000,-0.036706,0.005301,0.009223,0.000000,-0.092798,-0.067373,-0.007478,0.005236,-0.100492,-0.066958
1771635592.461,1137,3,3,0.0001,0.0669,0.0001,0.9329,0.0000,0.0001,0.0000,0.120034,0.001174,0.000386,0.001650,0.001898,0.000000,-0.045379,0.251981,0.012217,-0.133334,-0.010472,0.698916,0.064577,0.147297,-0.001745,0.265417,0.000000,0.000000,0.000000,-0.038234,0.006311,0.002539,0.000000,-0.074510,-0.046326,-0.000794,0.005236,-0.079098,-0.067244
1771635592.563,1140,3,3,0.0001,0.0435,0.0000,0.9563,0.0000,0.0001,0.0000,0.103371,0.000658,0.002321,0.002103,0.001118,-0.001745,-0.047124,0.175364,0.012217,-0.093852,-0.010472,0.726061,0.069813,0.102579,-0.001745,0.154420,0.000000,0.000000,0.000000,-0.038733,0.001250,0.003150,0.000000,-0.079496,-0.040750,-0.001405,0.003491,-0.071892,-0.067070
1771635592.663,1143,3,3,0.0001,0.0423,0.0000,0.9575,0.0000,0.0001,0.0000,0.097075,0.000855,0.005921,0.001880,0.004197,-0.001745,-0.048869,0.169721,0.012217,-0.085538,-0.010472,0.721131,0.069813,0.090774,-0.001745,0.101239,0.000000,0.000000,0.000000,-0.042137,0.004164,-0.000865,0.000000,-0.063491,-0.036014,0.002610,0.003491,-0.064566,-0.066097
1771635592.763,1146,3,3,0.0001,0.0257,0.0000,0.9742,0.0000,0.0001,0.0000,0.096969,0.002164,0.007326,0.000426,0.006516,0.000000,-0.050615,0.230363,0.012217,-0.049383,-0.010472,0.694256,0.069813,0.052873,-0.003491,0.104110,0.000000,0.000000,0.000000,-0.049536,0.009891,0.012587,0.000000,-0.051265,-0.028664,-0.010841,0.003491,-0.048487,-0.061059
1771635592.865,1149,3,3,0.0001,0.0191,0.0000,0.9807,0.0000,0.0001,0.0000,0.087532,0.015194,0.001397,0.000750,0.001012,0.000000,-0.054105,0.204356,0.012217,-0.037045,-0.012217,0.647166,0.069813,0.040535,-0.003491,0.076298,0.000000,0.000000,0.000000,-0.051495,0.002456,-0.033081,0.000000,0.044905,0.042429,0.034826,0.003491,0.032545,0.021672
1771635592.964,1152,3,3,0.0001,0.0121,0.0000,0.9877,0.0000,0.0000,0.0000,0.106828,0.011372,0.003725,0.002753,0.001394,0.000000,-0.062832,0.194711,0.012217,-0.130364,-0.012217,0.730833,0.069813,0.133855,-0.003491,0.140510,0.000000,0.000000,0.000000,-0.033473,-0.004495,-0.029682,0.000000,0.043019,0.046177,0.031427,0.003491,0.006082,0.006271
1771635593.064,1155,3,3,0.0000,0.0102,0.0000,0.9897,0.0000,0.0000,0.0000,0.137776,0.005178,0.003485,0.002249,0.001251,0.000000,-0.066323,0.174770,0.012217,-0.137818,-0.012217,0.954639,0.069813,0.141309,-0.003491,0.300560,0.000000,0.000000,0.000000,-0.012699,-0.003009,-0.003441,0.000000,0.016957,0.032665,0.001695,0.003491,0.000017,0.007316
1771635593.165,1158,3,3,0.0000,0.0179,0.0000,0.9821,0.0000,0.0000,0.0000,0.154056,0.005757,0.001387,0.000936,0.000721,0.000000,-0.073304,0.197960,0.012217,-0.283156,-0.012217,0.889305,0.069813,0.284901,-0.003491,0.394478,0.000000,0.000000,0.000000,-0.025083,0.002151,0.034428,0.000000,0.003054,0.019446,-0.036173,0.003491,-0.002744,0.006516
1771635593.265,1161,3,3,0.0000,0.0341,0.0000,0.9659,0.0000,0.0000,0.0000,0.157146,0.004261,0.003373,0.002519,0.001721,0.000000,-0.076794,0.179110,0.012217,-0.295001,-0.012217,0.911173,0.069813,0.296746,-0.005236,0.416694,0.000000,0.000000,0.000000,-0.039531,0.002762,0.039874,0.000000,-0.008651,-0.004335,-0.041619,0.003491,-0.003846,0.005006
1771635593.365,1164,3,3,0.0002,0.0582,0.0000,0.9415,0.0000,0.0001,0.0000,0.071576,0.001994,0.004033,0.001755,0.002414,0.000000,-0.083776,0.111615,0.012217,0.032126,-0.012217,0.623640,0.069813,-0.032126,-0.001745,0.009502,0.000000,0.000000,0.000000,-0.054535,-0.000515,0.020436,0.000000,-0.069821,-0.037035,-0.022181,0.003491,-0.037192,-0.007468
1771635593.470,1167,3,3,0.0002,0.0500,0.0000,0.9497,0.0000,0.0001,0.0000,0.086589,0.001281,0.004256,0.001176,0.003127,0.000000,-0.087266,0.129956,0.012217,-0.033456,-0.013963,0.663483,0.069813,0.033456,-0.005236,0.130137,0.000000,0.000000,0.000000,-0.052574,-0.005075,0.011878,0.000000,-0.090102,-0.041959,-0.017114,0.003491,-0.104777,-0.053091
1771635593.567,1170,3,3,0.0001,0.0251,0.0000,0.9747,0.0000,0.0000,0.0000,0.090979,0.004567,0.004675,0.001550,0.002156,0.000000,-0.089012,0.180985,0.012217,-0.062777,-0.012217,0.661716,0.069813,0.061031,-0.001745,0.105988,0.000000,0.000000,0.000000,-0.051641,-0.001824,0.051317,0.000000,-0.109959,-0.059369,-0.053062,0.003491,-0.103923,-0.076530
1771635593.667,1173,3,3,0.0000,0.0142,0.0000,0.9858,0.0000,0.0000,0.0000,0.096092,0.005426,0.006389,0.003396,0.005252,0.000000,-0.089012,0.292542,0.012217,-0.034698,-0.017453,0.649260,0.069813,0.032953,0.000000,0.096322,0.000000,0.000000,0.000000,-0.054849,0.002924,0.056955,0.000000,-0.089514,-0.050141,-0.060446,0.005236,-0.084536,-0.070930
1771635593.767,1176,3,3,0.0001,0.0136,0.0000,0.9863,0.0000,0.0000,0.0000,0.091642,0.004695,0.004002,0.001387,0.002428,0.000000,-0.090757,0.242838,0.012217,-0.042726,-0.020944,0.652522,0.069813,0.039235,-0.001745,0.083078,0.000000,0.000000,0.000000,-0.069034,0.019621,0.031478,0.000000,-0.069699,-0.036628,-0.036714,0.005236,-0.069429,-0.069192
1771635593.867,1179,3,3,0.0001,0.0154,0.0000,0.9845,0.0000,0.0000,0.0000,0.088056,0.001931,0.003478,0.001320,0.001925,0.000000,-0.094248,0.209295,0.012217,-0.042686,-0.022689,0.650034,0.069813,0.039195,0.000000,0.076121,0.000000,0.000000,0.000000,-0.079236,0.005144,0.014540,0.000000,-0.062952,-0.029918,-0.023267,0.003491,-0.063702,-0.068005
1771635593.967,1182,3,3,0.0001,0.0148,0.0000,0.9851,0.0000,0.0001,0.0000,0.097366,0.001084,0.002283,0.001073,0.000823,0.000000,-0.097738,0.209103,0.012217,-0.034124,-0.024435,0.757226,0.069813,0.028888,-0.006981,0.091147,0.000000,0.000000,0.000000,-0.084396,0.003631,0.004146,0.000000,-0.059337,-0.019216,-0.005891,0.005236,-0.060396,-0.060920
1771635594.067,1185,3,3,0.0001,0.0162,0.0000,0.9836,0.0000,0.0001,0.0000,0.099004,0.000710,0.003089,0.001219,0.002369,0.000000,-0.101229,0.215824,0.012217,-0.037065,-0.026180,0.741799,0.069813,0.031829,-0.001745,0.116561,0.000000,0.000000,0.000000,-0.084302,0.001527,0.003499,0.000000,-0.056623,-0.006838,-0.006990,0.003491,-0.049992,-0.042254
1771635594.167,1188,3,3,0.0001,0.0150,0.0000,0.9848,0.0000,0.0000,0.0000,0.109674,0.000826,0.004024,0.002374,0.002854,0.000000,-0.108210,0.246023,0.012217,-0.026407,-0.027925,0.706005,0.069813,0.021171,-0.001745,0.260855,0.000000,0.000000,0.000000,-0.086078,0.002438,0.003978,0.000000,-0.057998,-0.003837,-0.003978,0.003491,-0.047213,-0.040746
1771635594.268,1191,3,3,0.0000,0.0152,0.0000,0.9847,0.0000,0.0000,0.0000,0.107804,0.000881,0.011786,0.002271,0.009044,0.000000,-0.111701,0.227971,0.012217,-0.021422,-0.029671,0.701289,0.069813,0.016186,-0.001745,0.266177,0.000000,0.000000,0.000000,-0.083522,0.002040,0.005036,0.000000,-0.068748,-0.007013,-0.006781,0.003491,-0.051086,-0.042704
1771635594.370,1194,3,3,0.0000,0.0106,0.0000,0.9894,0.0000,0.0000,0.0000,0.113417,0.001222,0.004748,0.001564,0.002944,0.000000,-0.111701,0.250009,0.012217,-0.022305,-0.029671,0.703521,0.069813,0.017069,-0.003491,0.308377,0.000000,0.000000,0.000000,-0.083347,0.001574,0.007855,0.000000,-0.080830,-0.014867,-0.007855,0.005236,-0.054913,-0.044731
1771635594.469,1197,3,3,0.0000,0.0115,0.0000,0.9884,0.0000,0.0000,0.0000,0.110552,0.002974,0.005234,0.002201,0.005037,0.000000,-0.113446,0.270384,0.012217,-0.022165,-0.033161,0.617285,0.069813,0.016929,0.000000,0.339990,0.000000,0.000000,0.000000,-0.084702,0.003102,0.029097,0.000000,-0.110883,-0.034605,-0.027352,0.003491,-0.081112,-0.061688
1771635594.569,1200,3,3,0.0000,0.0147,0.0000,0.9852,0.0000,0.0000,0.0000,0.097839,0.003485,0.007214,0.001636,0.005025,0.000000,-0.116937,0.240243,0.012217,0.001983,-0.034907,0.532156,0.069813,-0.008965,0.000000,0.317662,0.000000,0.000000,0.000000,-0.092097,0.009752,0.028578,0.000000,-0.092934,-0.039896,-0.030323,0.003491,-0.068862,-0.060217
1771635594.670,1203,3,3,0.0000,0.0122,0.0000,0.9877,0.0000,0.0000,0.0000,0.098966,0.002515,0.006643,0.001007,0.005322,0.000000,-0.120428,0.171199,0.012217,-0.032804,-0.036652,0.571146,0.069813,0.024077,-0.001745,0.339138,0.000000,0.000000,0.000000,-0.087649,0.006711,0.018236,0.000000,-0.079329,-0.036377,-0.019981,0.005236,-0.081438,-0.064396
1771635594.772,1206,3,3,0.0000,0.0097,0.0000,0.9902,0.0000,0.0000,0.0000,0.115859,0.000927,0.003916,0.001239,0.002539,0.001745,-0.122173,0.372181,0.012217,-0.050789,-0.038397,0.559254,0.069813,0.043808,-0.001745,0.331288,0.000000,0.001745,0.000000,-0.083326,0.002504,0.003379,0.000000,-0.068363,-0.027364,-0.003379,0.003491,-0.086549,-0.077065
1771635594.873,1209,3,3,0.0001,0.0119,0.0000,0.9880,0.0000,0.0000,0.0000,0.100506,0.000524,0.003492,0.001614,0.002943,0.001745,-0.120428,0.401295,0.012217,0.007576,-0.040143,0.493275,0.069813,-0.014558,-0.001745,0.220151,0.000000,0.000000,0.000000,-0.079413,-0.000530,-0.001057,0.000000,-0.065977,-0.021274,0.002802,0.003491,-0.070543,-0.072667
1771635594.973,1212,3,3,0.0001,0.0137,0.0000,0.9861,0.0000,0.0000,0.0000,0.098590,0.000639,0.002965,0.001532,0.002847,0.001745,-0.125664,0.381752,0.012217,-0.003739,-0.043633,0.481535,0.069813,-0.004988,-0.001745,0.236012,0.000000,0.000000,0.000000,-0.079491,-0.002602,-0.004180,0.000000,-0.064846,-0.013121,0.004180,0.003491,-0.071480,-0.088705
1771635595.073,1215,3,3,0.0001,0.0154,0.0000,0.9845,0.0000,0.0000,0.0000,0.099230,0.004098,0.004702,0.001504,0.004291,0.001745,-0.125664,0.319095,0.012217,0.016246,-0.045379,0.545938,0.069813,-0.024972,0.000000,0.225708,0.000000,0.000000,0.000000,-0.081609,-0.003602,-0.042194,0.000000,-0.063888,-0.007784,0.045684,0.003491,-0.058886,-0.085570
1771635595.174,1218,3,3,0.0001,0.0147,0.0000,0.9852,0.0000,0.0000,0.0000,0.094050,0.002878,0.002788,0.000627,0.002193,-0.003491,-0.102974,0.309817,0.010472,-0.057526,-0.027925,0.491452,0.064577,0.057526,0.006981,0.186028,0.001745,0.000000,0.000000,-0.080863,-0.007407,-0.027303,0.000000,-0.045221,0.005484,0.025558,0.003491,-0.040200,-0.060396
1771635595.274,1221,3,3,0.0001,0.0143,0.0000,0.9856,0.0000,0.0000,0.0000,0.101148,0.002099,0.008127,0.000828,0.006615,0.000000,-0.089012,0.323340,0.012217,-0.120253,-0.031416,0.507678,0.062832,0.115017,-0.001745,0.187457,0.005236,0.000000,0.000000,-0.079799,-0.014296,-0.017349,0.000000,-0.030638,0.011331,0.010368,0.003491,-0.035843,-0.059313
1771635595.374,1224,3,3,0.0001,0.0112,0.0000,0.9887,0.0000,0.0000,0.0000,0.104381,0.004381,0.003087,0.000867,0.002866,0.001745,-0.087266,0.306149,0.012217,-0.136128,-0.029671,0.480650,0.062832,0.130892,-0.005236,0.252846,0.005236,0.000000,0.000000,-0.078098,-0.006694,-0.031178,0.000000,-0.005259,0.019652,0.029433,0.003491,-0.001976,-0.051599
1771635595.475,1227,3,3,0.0001,0.0127,0.0000,0.9872,0.0000,0.0000,0.0000,0.107094,0.001581,0.002971,0.001319,0.002520,0.001745,-0.085521,0.474818,0.012217,-0.105962,-0.029671,0.421836,0.062832,0.098980,-0.003491,0.205712,0.006981,0.000000,0.000000,-0.078659,-0.005648,-0.000852,0.000000,-0.002321,0.012052,-0.000894,0.003491,0.003428,-0.029091
1771635595.575,1230,3,3,0.0001,0.0167,0.0000,0.9830,0.0000,0.0001,0.0000,0.100180,0.001821,0.002028,0.001391,0.001457,0.001745,-0.085521,0.450467,0.012217,-0.101359,-0.029671,0.403365,0.062832,0.096123,0.000000,0.168427,0.006981,0.000000,0.000000,-0.074582,-0.004082,-0.002233,0.000000,0.006479,0.009655,0.002233,0.003491,-0.004223,-0.031802
1771635595.676,1233,3,3,0.0003,0.0212,0.0000,0.9783,0.0000,0.0001,0.0000,0.089989,0.000832,0.001611,0.000959,0.001037,0.003491,-0.085521,0.442886,0.012217,-0.090118,-0.027925,0.311785,0.062832,0.083137,0.000000,0.156541,0.006981,0.000000,0.000000,-0.069996,-0.003472,0.002592,0.000000,-0.000265,0.003898,-0.004337,0.003491,-0.004906,-0.032117
1771635595.777,1236,3,3,0.0003,0.0206,0.0000,0.9789,0.0000,0.0001,0.0000,0.090199,0.001209,0.001698,0.000287,0.001823,0.003491,-0.085521,0.405877,0.012217,-0.121870,-0.029671,0.318842,0.062832,0.116634,-0.001745,0.155511,0.006981,0.000000,0.000000,-0.067400,-0.002548,0.007949,0.000000,0.001265,0.001806,-0.007949,0.003491,-0.006106,-0.032776
1771635595.878,1239,3,3,0.0004,0.0181,0.0000,0.9814,0.0000,0.0001,0.0000,0.104465,0.008069,0.001509,0.000442,0.001456,0.001745,-0.085521,0.241299,0.012217,-0.128271,-0.027925,0.406005,0.062832,0.123035,0.000000,0.399459,0.006981,0.001745,0.000000,-0.066904,-0.001206,0.012880,0.000000,0.043898,0.028753,-0.012880,0.003491,0.006066,-0.021644
1771635595.978,1242,3,3,0.0004,0.0205,0.0000,0.9790,0.0000,0.0001,0.0000,0.096910,0.002129,0.001619,0.000476,0.001556,0.003491,-0.085521,0.218504,0.012217,-0.082739,-0.027925,0.453697,0.062832,0.077503,0.001745,0.325951,0.006981,0.000000,0.000000,-0.064227,-0.000356,0.006331,0.000000,0.006601,0.009129,-0.006331,0.003491,-0.003775,-0.022583
1771635596.080,1245,3,3,0.0008,0.0250,0.0000,0.9740,0.0000,0.0002,0.0000,0.079349,0.002928,0.000405,0.000536,0.001174,0.001745,-0.085521,0.249667,0.012217,-0.057267,-0.027925,0.445949,0.062832,0.052031,0.000000,0.120760,0.006981,0.000000,0.000000,-0.064417,-0.000748,0.001944,0.000000,0.007535,0.011983,-0.001944,0.003491,0.010181,-0.005873
1771635596.179,1248,3,3,0.0010,0.0263,0.0000,0.9724,0.0000,0.0002,0.0000,0.084818,0.001106,0.001004,0.000369,0.001719,0.003491,-0.087266,0.244731,0.012217,-0.064932,-0.027925,0.456219,0.062832,0.059696,0.001745,0.169901,0.006981,0.000000,0.000000,-0.064742,0.003790,0.003014,0.000000,-0.001584,0.002983,-0.003014,0.003491,-0.008618,-0.012174
1771635596.279,1251,3,3,0.0013,0.0309,0.0000,0.9675,0.0000,0.0002,0.0000,0.079098,0.001171,0.000996,0.000270,0.001187,0.001745,-0.085521,0.249625,0.012217,-0.045489,-0.027925,0.461017,0.062832,0.038508,0.001745,0.114505,0.006981,0.000000,0.000000,-0.071354,0.003743,0.006819,0.000000,-0.007220,-0.002455,-0.006819,0.003491,-0.039341,-0.027967
1771635596.380,1254,3,3,0.0020,0.0596,0.0000,0.9378,0.0000,0.0004,0.0001,0.038899,0.000470,0.002272,0.000393,0.002242,0.003491,-0.085521,0.262093,0.012217,-0.109670,-0.027925,0.014738,0.062832,0.102689,0.001745,-0.034544,0.006981,0.000000,0.000000,-0.071818,0.000853,0.001292,0.000000,-0.011714,-0.002663,-0.001292,0.003491,-0.039735,-0.029123
1771635596.484,1257,3,3,0.0035,0.0796,0.0000,0.9163,0.0000,0.0004,0.0002,0.046186,0.000596,0.000328,0.000392,0.000035,0.000000,-0.085521,0.426731,0.012217,-0.048959,-0.027925,-1.378086,0.062832,0.043723,0.001745,-1.016651,0.006981,0.000000,0.000000,-0.072862,-0.000531,-0.003664,0.000000,-0.010190,0.000002,0.003664,0.003491,-0.036438,-0.024717
1771635596.588,1260,3,3,0.0056,0.1455,0.0001,0.8478,0.0000,0.0007,0.0003,0.039129,0.001321,0.001397,0.000344,0.001639,0.001745,-0.085521,0.266570,0.012217,0.117451,-0.027925,-1.682497,0.062832,-0.124432,0.001745,-1.365163,0.006981,0.000000,0.000000,-0.073283,-0.000302,-0.006665,0.000000,-0.001306,0.007441,0.004920,0.003491,-0.024960,-0.021161
1771635596.684,1263,3,3,0.0074,0.2066,0.0001,0.7843,0.0000,0.0011,0.0005,0.030961,0.000837,0.000566,0.000266,0.000665,0.001745,-0.085521,0.210650,0.012217,0.075362,-0.027925,-1.726692,0.062832,-0.080598,0.001745,-1.475534,0.006981,0.000000,0.000000,-0.073070,-0.002782,0.002551,0.000000,-0.013026,0.002252,-0.002551,0.005236,-0.033922,-0.023703
1771635596.786,1266,3,3,0.0039,0.1850,0.0001,0.8092,0.0000,0.0012,0.0005,0.033505,0.001066,0.002081,0.000558,0.002353,0.003491,-0.085521,0.301397,0.012217,0.011646,-0.027925,-1.714247,0.062832,-0.018628,0.003491,-1.454406,0.006981,0.000000,0.000000,-0.074387,-0.001171,0.009296,0.000000,-0.021948,-0.001069,-0.007551,0.003491,-0.044512,-0.026439
1771635596.886,1269,3,3,0.0025,0.1524,0.0001,0.8430,0.0000,0.0014,0.0006,0.030537,0.000689,0.000517,0.000355,0.000785,0.003491,-0.085521,0.266572,0.012217,0.012604,-0.027925,-1.774915,0.062832,-0.017840,0.001745,-1.523534,0.006981,0.000000,0.000000,-0.078329,0.001774,0.003009,0.000000,-0.021017,-0.001785,-0.004754,0.003491,-0.041182,-0.024430
1771635596.985,1272,3,3,0.0026,0.1650,0.0002,0.8287,0.0001,0.0026,0.0008,0.017997,0.000571,0.000389,0.000473,0.000335,0.003491,-0.085521,0.126948,0.012217,-0.004701,-0.027925,-1.904509,0.062832,-0.002280,0.003491,-1.581497,0.006981,0.000000,0.000000,-0.080766,0.000152,0.001465,0.000000,-0.025363,-0.003892,-0.003211,0.005236,-0.040451,-0.023290
1771635597.086,1275,1,3,0.0028,0.5413,0.0013,0.4497,0.0001,0.0037,0.0011,0.007127,0.001400,0.000570,0.000582,0.000720,0.001745,-0.085521,-0.068844,0.012217,-0.003013,-0.027925,-2.040170,0.062832,-0.003968,0.001745,-1.816578,0.006981,0.000000,0.000000,-0.085029,0.000647,-0.012659,0.000000,-0.025750,-0.004194,0.010914,0.005236,-0.038408,-0.022992
1771635597.186,1278,1,1,0.0008,0.8864,0.0012,0.1090,0.0001,0.0018,0.0007,0.006801,0.000699,0.000733,0.000165,0.000745,0.001745,-0.082030,0.009667,0.010472,-0.009109,-0.022689,-2.047169,0.052360,0.005618,0.001745,-1.858218,0.000000,0.000000,0.000000,-0.088557,0.003157,-0.000569,0.000000,-0.029895,-0.005399,-0.001177,0.005236,-0.036516,-0.023480
1771635597.287,1281,1,1,0.0001,0.9884,0.0003,0.0109,0.0000,0.0001,0.0002,0.004643,0.001395,0.001070,0.000254,0.001025,0.003491,-0.054105,-0.190961,0.005236,0.005098,-0.003491,-1.790124,0.038397,-0.008589,0.003491,-1.655107,0.000000,0.000000,0.000000,-0.086939,0.004929,0.006577,0.000000,-0.047338,-0.019322,-0.008322,0.005236,-0.036166,-0.025435
1771635597.386,1284,1,1,0.0000,0.9995,0.0001,0.0004,0.0000,0.0000,0.0000,0.002909,0.003720,0.001711,0.000804,0.000883,0.001745,-0.038397,-0.104738,0.003491,-0.003258,0.000000,-1.552626,0.024435,-0.000232,0.005236,-1.399106,0.000000,0.000000,0.000000,-0.091233,0.004507,0.034891,0.000000,-0.069792,-0.033338,-0.036637,0.005236,-0.036065,-0.027662
1771635597.490,1287,1,1,0.0000,0.9999,0.0001,0.0000,0.0000,0.0000,0.0000,0.001314,0.001587,0.000362,0.000997,0.000907,0.001745,-0.029671,-0.044275,0.003491,-0.001804,0.000000,-1.274745,0.005236,0.000058,0.005236,-1.141067,-0.001745,0.000000,0.000000,-0.090705,0.000125,0.015433,0.000000,-0.068389,-0.027844,-0.015433,0.003491,-0.036223,-0.031766
1771635597.590,1290,1,1,0.0000,0.9999,0.0001,0.0000,0.0000,0.0000,0.0000,0.003461,0.000850,0.001344,0.001213,0.000627,0.001745,-0.020944,-0.179581,0.003491,-0.032809,0.000000,-1.020078,0.001745,0.029318,0.005236,-0.707641,-0.001745,0.000000,0.000000,-0.090022,-0.000435,0.006715,0.000000,-0.086313,-0.031734,-0.001479,0.003491,-0.040629,-0.041850
1771635597.691,1293,1,1,0.0000,0.9999,0.0000,0.0000,0.0000,0.0000,0.0000,0.006346,0.000613,0.003414,0.000209,0.003102,0.001745,-0.017453,-0.497394,0.003491,-0.079646,0.000000,-0.658609,0.000000,0.065683,0.005236,-0.266546,-0.001745,0.000000,0.000000,-0.088906,-0.000991,0.003864,0.000000,-0.069520,-0.028206,-0.002118,0.003491,-0.041658,-0.047031
1771635597.792,1296,1,1,0.0000,0.9999,0.0000,0.0000,0.0000,0.0000,0.0000,0.003112,0.002387,0.005630,0.002145,0.005216,0.003491,-0.013963,-0.298749,0.003491,-0.046065,0.001745,-0.372592,0.000000,0.023376,0.005236,-0.080022,-0.001745,0.000000,0.000000,-0.089297,-0.000446,0.025154,0.000000,-0.063487,-0.030426,-0.025154,0.003491,-0.042893,-0.053306
1771635597.892,1299,1,1,0.0000,0.9999,0.0000,0.0000,0.0000,0.0000,0.0000,0.001451,0.000862,0.007045,0.002802,0.007170,0.003491,-0.010472,-0.087599,0.000000,-0.040096,0.001745,-0.229920,0.000000,0.008680,0.003491,-0.107777,-0.001745,0.000000,0.000000,-0.087602,-0.000060,-0.005109,0.000000,-0.001171,-0.019243,0.005109,0.005236,-0.021750,-0.050419
1771635597.991,1302,1,1,0.0000,0.9989,0.0002,0.0008,0.0000,0.0000,0.0001,0.001726,0.001320,0.007810,0.002118,0.007032,0.001745,-0.005236,-0.724459,0.000000,-0.046897,0.001745,-0.089487,0.000000,0.013735,0.003491,-0.095351,-0.001745,0.000000,0.000000,-0.084967,-0.006754,0.010599,0.000000,-0.037254,-0.026838,-0.007108,0.005236,-0.018976,-0.053804
1771635598.091,1305,1,1,0.0000,0.9995,0.0004,0.0001,0.0000,0.0000,0.0000,0.000903,0.001103,0.008010,0.005175,0.006563,0.003491,-0.001745,-0.464606,0.000000,-0.033528,-0.001745,-0.102465,0.000000,0.003857,0.003491,-0.082675,-0.003491,0.000000,0.000000,-0.081259,-0.003670,0.009740,0.000000,-0.047456,-0.029537,-0.009740,0.003491,-0.020234,-0.059406
1771635598.191,1308,1,1,0.0000,0.9998,0.0002,0.0000,0.0000,0.0000,0.0000,0.000998,0.000438,0.005814,0.004603,0.003267,0.003491,-0.005236,-0.289147,0.000000,-0.012367,0.001745,0.001507,0.000000,-0.017303,0.005236,-0.047322,-0.001745,0.000000,0.000000,-0.086478,-0.000951,-0.000023,0.000000,-0.060858,-0.027447,0.001768,0.003491,-0.028161,-0.063964
1771635598.291,1311,1,1,0.0000,0.9999,0.0001,0.0000,0.0000,0.0000,0.0000,0.001758,0.001007,0.003321,0.001321,0.001833,0.003491,0.000000,-0.202817,0.000000,-0.031568,0.001745,-0.028120,0.000000,0.012370,0.003491,-0.027954,-0.001745,0.000000,0.000000,-0.088633,0.001987,-0.004867,0.000000,-0.056198,-0.015538,0.006613,0.003491,-0.033104,-0.064239
1771635598.393,1314,1,1,0.0000,0.9999,0.0001,0.0000,0.0000,0.0000,0.0000,0.019732,0.001091,0.005725,0.001462,0.004730,0.003491,0.000000,-0.158837,0.000000,-0.095221,0.000000,-0.016009,0.000000,0.067296,0.005236,0.160757,-0.001745,0.000000,0.000000,-0.091311,0.003747,-0.005856,0.000000,-0.052237,-0.005018,0.005856,0.003491,-0.033048,-0.063270
1771635598.492,1317,1,1,0.0000,1.0000,0.0000,0.0000,0.0000,0.0000,0.0000,0.011182,0.001033,0.006120,0.002486,0.007701,0.003491,0.000000,-0.126865,0.000000,-0.046666,-0.003491,0.043582,0.000000,0.015250,0.005236,0.066624,-0.001745,0.000000,0.000000,-0.090968,0.002225,-0.003193,0.000000,-0.048279,-0.002726,0.004938,0.005236,-0.032484,-0.062736
1771635598.594,1320,1,1,0.0000,1.0000,0.0000,0.0000,0.0000,0.0000,0.0000,0.034982,0.000519,0.008302,0.002943,0.004909,0.003491,-0.001745,0.329606,0.000000,0.083198,0.000000,-0.212792,0.000000,-0.114614,0.003491,-0.235084,-0.001745,0.000000,0.000000,-0.090386,0.000915,-0.005318,0.000000,-0.067786,-0.007391,0.001828,0.003491,-0.033827,-0.065170
1771635598.694,1323,1,1,0.0000,1.0000,0.0000,0.0000,0.0000,0.0000,0.0000,0.015292,0.000802,0.006094,0.001398,0.005849,0.001745,-0.001745,0.071680,0.000000,0.106586,0.000000,-0.089389,0.000000,-0.138002,0.003491,-0.161755,-0.001745,0.000000,0.000000,-0.089527,0.001073,-0.008553,0.000000,-0.086997,-0.006935,0.005063,0.003491,-0.033472,-0.065161
1771635598.794,1326,1,1,0.0000,0.9999,0.0000,0.0001,0.0000,0.0000,0.0000,0.069665,0.000940,0.005293,0.001400,0.004033,0.000000,0.000000,0.777251,0.000000,0.053494,0.001745,-0.151046,0.000000,-0.081419,0.003491,-0.170560,-0.003491,0.000000,0.000000,-0.084741,0.000588,-0.008948,0.000000,-0.074128,-0.009400,0.005457,0.005236,-0.033875,-0.066672
1771635598.894,1329,1,1,0.0000,0.9997,0.0000,0.0002,0.0000,0.0000,0.0000,0.029789,0.005668,0.005694,0.000759,0.005431,0.000000,0.000000,0.267186,0.000000,0.086797,0.000000,-0.130672,-0.001745,-0.112977,0.003491,-0.124675,-0.003491,0.000000,0.000000,-0.078472,0.002132,-0.057158,0.000000,-0.041809,-0.002627,0.062393,0.003491,-0.030729,-0.068034
1771635598.995,1332,1,1,0.0000,0.9998,0.0000,0.0001,0.0000,0.0000,0.0000,0.003388,0.007143,0.004057,0.000289,0.003902,0.000000,0.000000,-0.104428,0.000000,0.037168,0.001745,-0.123537,-0.001745,-0.059857,0.001745,-0.144508,-0.003491,0.000000,0.000000,-0.072793,0.000796,-0.018440,-0.001745,0.030441,0.021502,0.020186,0.001745,0.011044,-0.064607
1771635599.097,1335,1,1,0.0000,0.9999,0.0000,0.0000,0.0000,0.0000,0.0000,0.003030,0.007248,0.005177,0.001192,0.004755,0.000000,0.001745,-0.129339,0.000000,0.032870,-0.005236,-0.286571,-0.001745,-0.055559,0.001745,-0.130610,-0.003491,0.000000,0.000000,-0.065249,0.003300,-0.011539,0.000000,0.026904,0.040624,0.009794,0.001745,0.004604,-0.052782
1771635599.195,1338,1,1,0.0000,1.0000,0.0000,0.0000,0.0000,0.0000,0.0000,0.002982,0.014854,0.003667,0.001761,0.002648,0.001745,0.000000,-0.169868,0.000000,0.032289,-0.001745,-0.140905,-0.001745,-0.049742,0.001745,-0.112840,-0.003491,0.000000,0.000000,-0.061831,0.015939,0.023540,0.000000,0.037946,0.051206,-0.025285,0.003491,0.035783,0.010348
1771635599.296,1341,1,1,0.0000,1.0000,0.0000,0.0000,0.0000,0.0000,0.0000,0.001851,0.021954,0.004439,0.001529,0.002584,0.001745,0.000000,-0.404573,0.000000,0.018726,-0.001745,-0.117164,-0.005236,-0.036179,0.001745,-0.106299,-0.005236,0.000000,0.000000,-0.045951,0.013757,0.008438,0.000000,0.061868,0.075636,-0.008438,0.001745,0.054672,0.047329
1771635599.397,1344,1,1,0.0000,0.9993,0.0000,0.0000,0.0000,0.0000,0.0007,0.002376,0.017550,0.004077,0.001034,0.003610,0.003491,0.000000,-0.251646,-0.001745,0.023272,-0.001745,-0.103597,-0.005236,-0.038980,0.001745,-0.102324,-0.003491,0.000000,0.000000,-0.032756,0.005112,-0.004326,0.000000,0.066261,0.070940,0.000835,0.001745,0.019179,0.046522
1771635599.496,1347,1,1,0.0000,0.9994,0.0000,0.0000,0.0000,0.0000,0.0006,0.001668,0.017061,0.006172,0.002632,0.003646,0.000000,0.000000,-0.172291,0.000000,0.018273,-0.003491,-0.087445,-0.001745,-0.030490,0.001745,-0.077568,-0.005236,0.000000,0.000000,-0.030778,0.000948,-0.024219,0.000000,0.061388,0.067485,0.022473,0.001745,0.004784,0.045912
1771635599.597,1350,1,1,0.0000,0.9992,0.0000,0.0000,0.0000,0.0000,0.0008,0.006138,0.018093,0.003455,0.002459,0.001926,0.000000,0.000000,-0.110677,0.000000,-0.077142,-0.005236,-0.036558,-0.005236,0.073651,0.000000,-0.076824,-0.003491,0.000000,0.000000,-0.029975,0.001232,-0.054958,0.000000,0.041511,0.075742,0.049722,0.001745,-0.000930,0.047159
1771635599.697,1353,1,1,0.0000,0.9999,0.0000,0.0000,0.0000,0.0000,0.0001,0.055275,0.020267,0.002734,0.001306,0.001744,0.000000,0.000000,0.149323,0.000000,-0.237651,0.003491,0.182232,-0.005236,0.237651,-0.001745,0.090607,-0.005236,0.000000,0.000000,-0.027844,0.000860,-0.067765,0.000000,0.036394,0.068596,0.066020,0.001745,0.011755,0.057837
1771635599.797,1356,1,1,0.0000,0.9999,0.0000,0.0000,0.0000,0.0000,0.0001,0.028645,0.012941,0.002943,0.001028,0.001913,-0.001745,0.000000,0.117058,0.000000,-0.107803,-0.005236,0.055677,-0.005236,0.111294,0.001745,0.057970,-0.005236,0.000000,0.000000,-0.025060,0.001955,-0.032758,0.000000,0.010954,0.046365,0.031013,0.003491,0.002440,0.059074
1771635599.897,1359,1,1,0.0000,0.9995,0.0000,0.0000,0.0000,0.0000,0.0005,0.083959,0.008544,0.002758,0.001493,0.001113,-0.003491,0.003491,0.156705,0.000000,-0.077035,-0.003491,0.320242,-0.001745,0.082271,0.001745,0.443055,-0.005236,0.000000,0.000000,-0.025638,0.002348,-0.018402,0.000000,-0.001361,0.025017,0.009675,0.003491,0.003846,0.058147
1771635599.997,1362,1,1,0.0000,0.9959,0.0000,0.0000,0.0000,0.0000,0.0040,0.093095,0.004568,0.001757,0.002076,0.000909,-0.003491,0.001745,0.053514,0.000000,-0.016844,-0.005236,0.452060,-0.001745,0.025570,0.000000,0.584246,-0.005236,0.000000,0.000000,-0.024986,0.000709,-0.002115,0.000000,-0.024659,-0.009055,0.000370,0.003491,-0.000903,0.050246
1771635600.097,1365,1,1,0.0000,0.9942,0.0001,0.0000,0.0000,0.0000,0.0057,0.060198,0.002307,0.001293,0.001608,0.000460,0.000000,0.001745,0.016745,0.000000,0.030074,-0.005236,0.360483,-0.001745,-0.016111,0.000000,0.313331,-0.005236,0.000000,0.000000,-0.026377,-0.008628,0.006899,0.000000,-0.074623,-0.030835,-0.008645,0.001745,-0.005896,0.019040
1771635600.198,1368,1,1,0.0000,0.9965,0.0000,0.0000,0.0000,0.0000,0.0034,0.049741,0.001199,0.001538,0.000968,0.000738,-0.001745,0.001745,-0.175722,0.000000,0.137194,-0.005236,0.241868,-0.001745,-0.117996,0.000000,0.216089,-0.003491,0.000000,0.000000,-0.031391,-0.009551,-0.014386,0.000000,-0.134819,-0.079269,0.012641,0.001745,-0.063308,-0.047039
1771635600.298,1371,1,1,0.0001,0.9972,0.0000,0.0000,0.0000,0.0000,0.0026,0.047907,0.002931,0.000266,0.000862,0.001006,-0.001745,0.001745,0.087075,0.000000,0.109964,-0.003491,0.222985,-0.001745,-0.094256,-0.001745,0.153111,-0.003491,0.000000,0.000000,-0.041907,-0.019530,0.033429,-0.001745,-0.084719,-0.052550,-0.035174,0.001745,-0.056175,-0.036806
1771635600.399,1374,1,1,0.0000,0.9998,0.0000,0.0002,0.0000,0.0000,0.0000,0.053537,0.001442,0.000519,0.001074,0.001631,-0.001745,0.003491,0.138667,-0.001745,0.104452,-0.005236,0.152407,-0.001745,-0.088744,0.000000,0.243427,-0.003491,0.000000,0.000000,-0.036033,-0.020981,0.015562,0.000000,-0.064430,-0.040293,-0.015562,0.001745,-0.047471,-0.023186
1771635600.498,1377,1,1,0.0000,0.9993,0.0002,0.0005,0.0000,0.0000,0.0000,0.048689,0.008814,0.000827,0.001075,0.001400,-0.003491,0.003491,0.285356,-0.001745,0.183058,-0.003491,-0.130980,-0.001745,-0.165605,0.001745,0.110615,-0.003491,0.000000,0.000000,-0.036766,-0.013734,0.016518,0.000000,0.056072,0.024587,-0.014773,0.003491,-0.033720,0.005104
1771635600.599,1380,1,1,0.0000,0.9987,0.0003,0.0010,0.0000,0.0000,0.0000,0.054459,0.007984,0.001197,0.001019,0.003088,-0.001745,0.006981,0.420231,-0.001745,0.166355,-0.005236,-0.006040,-0.001745,-0.143666,-0.001745,0.059937,-0.003491,0.000000,0.000000,-0.028544,-0.011160,0.017572,0.000000,0.035972,0.034312,-0.008845,0.001745,-0.033290,0.006207
1771635600.699,1383,1,1,0.0000,0.9966,0.0005,0.0028,0.0000,0.0000,0.0000,0.085179,0.010723,0.002470,0.002399,0.003357,-0.003491,0.006981,0.453235,0.000000,0.067638,-0.005236,0.436403,0.005236,-0.043203,-0.001745,0.052653,-0.003491,0.000000,0.000000,-0.031480,-0.008503,-0.014110,0.000000,0.042277,0.053995,0.021091,0.001745,-0.031312,0.009563
1771635600.799,1386,1,1,0.0000,0.9933,0.0003,0.0064,0.0000,0.0000,0.0000,0.160818,0.007346,0.001457,0.001216,0.001791,0.003491,-0.001745,0.750413,0.012217,0.177051,0.006981,0.633368,0.020944,-0.142144,0.000000,0.325355,-0.003491,0.000000,0.000000,-0.031925,-0.009533,-0.012526,0.000000,0.019368,0.043202,0.014271,0.001745,-0.032599,0.009569
1771635600.899,1389,1,1,0.0000,0.9749,0.0004,0.0247,0.0000,0.0000,0.0000,0.146305,0.005069,0.003327,0.001607,0.002726,0.005236,0.001745,0.908736,0.024435,0.119764,-0.006981,0.460447,0.047124,-0.081367,0.006981,0.175951,0.005236,0.000000,0.000000,-0.031465,-0.009204,-0.003052,0.000000,0.005793,0.036105,0.004797,0.001745,-0.032419,0.012392
1771635601.001,1392,1,1,0.0000,0.8449,0.0004,0.1546,0.0000,0.0001,0.0000,0.134355,0.007363,0.008606,0.002178,0.006244,0.005236,0.001745,0.906858,0.036652,0.085334,-0.006981,0.446546,0.055851,-0.045191,0.008727,0.060081,0.005236,0.000000,0.000000,-0.029757,-0.006375,-0.010344,0.000000,0.016448,0.041428,0.010344,0.001745,-0.028436,0.018396
1771635601.102,1395,1,1,0.0000,0.5880,0.0003,0.4116,0.0000,0.0001,0.0000,0.132732,0.021690,0.004341,0.001543,0.002805,0.003491,0.000000,0.899655,0.040143,-0.040715,-0.005236,0.442592,0.059341,0.091329,0.005236,0.047505,0.003491,0.000000,0.000000,-0.024904,-0.002846,-0.085770,0.000000,0.045672,0.059490,0.082280,0.001745,0.022747,0.048344
1771635601.201,1398,3,3,0.0000,0.0871,0.0000,0.9128,0.0000,0.0000,0.0000,0.151951,0.013662,0.005461,0.001524,0.004111,0.005236,-0.005236,0.848338,0.043633,-0.086764,0.000000,0.679942,0.061087,0.130398,-0.005236,0.051287,0.003491,0.000000,0.000000,-0.016527,-0.001955,-0.052474,0.000000,0.009674,0.041456,0.050729,0.001745,0.005926,0.054418
1771635601.301,1401,3,3,0.0000,0.0399,0.0000,0.9600,0.0000,0.0000,0.0000,0.160454,0.009279,0.007146,0.001755,0.005406,0.003491,-0.003491,0.795955,0.047124,-0.064562,0.000000,0.776301,0.064577,0.101214,-0.003491,0.136786,0.000000,0.000000,0.000000,-0.014839,0.003663,-0.016722,0.000000,0.000725,0.034976,0.013231,0.001745,0.001582,0.055432
1771635601.402,1404,3,3,0.0000,0.0416,0.0000,0.9583,0.0000,0.0000,0.0000,0.168452,0.018007,0.007368,0.002200,0.005585,0.003491,-0.005236,0.810095,0.054105,-0.140951,0.000000,0.791247,0.083776,0.177603,-0.005236,0.101111,0.000000,0.000000,0.000000,-0.014417,0.004392,0.058964,0.000000,-0.006235,0.025385,-0.058964,0.001745,0.027012,0.098584
1771635601.502,1407,3,3,0.0000,0.0223,0.0000,0.9776,0.0000,0.0000,0.0000,0.194421,0.015771,0.005121,0.002107,0.002271,0.003491,-0.008727,0.763010,0.055851,-0.155439,-0.003491,1.053120,0.092502,0.193837,-0.005236,0.171242,0.000000,0.000000,0.000000,-0.011059,0.006871,0.091314,0.000000,-0.021587,0.015722,-0.091314,0.003491,-0.003247,0.071854
1771635601.606,1410,3,3,0.0000,0.0416,0.0000,0.9583,0.0000,0.0000,0.0000,0.184030,0.011432,0.003692,0.001866,0.001325,0.005236,-0.010472,0.648630,0.059341,-0.168615,0.000000,0.990497,0.097738,0.207012,-0.003491,0.199908,0.000000,0.000000,0.000000,-0.004142,0.002106,0.097705,0.000000,-0.067917,-0.031652,-0.095960,0.001745,-0.054619,0.035628
1771635601.706,1413,3,3,0.0000,0.0580,0.0000,0.9419,0.0000,0.0000,0.0000,0.156325,0.007231,0.009578,0.002528,0.005931,0.000000,0.000000,0.563340,0.059341,-0.109906,-0.005236,0.860626,0.095993,0.139576,-0.001745,0.157025,0.000000,0.000000,0.000000,-0.003656,0.021870,0.054510,0.000000,-0.064827,-0.049882,-0.051020,0.001745,-0.062892,0.008645
1771635601.807,1416,3,3,0.0000,0.0568,0.0000,0.9431,0.0000,0.0000,0.0000,0.124234,0.005081,0.007660,0.003065,0.004946,0.000000,0.001745,0.460409,0.052360,-0.032456,-0.005236,0.707888,0.071558,0.058636,-0.003491,0.138207,0.000000,0.000000,0.000000,-0.010636,0.017351,0.035362,0.000000,-0.046660,-0.032072,-0.030126,0.000000,-0.060218,0.008259
1771635601.907,1419,3,3,0.0000,0.0441,0.0000,0.9558,0.0000,0.0000,0.0000,0.115279,0.000889,0.006146,0.002005,0.005069,0.000000,0.001745,0.324371,0.043633,-0.088277,-0.003491,0.694360,0.052360,0.109221,-0.001745,0.157657,0.000000,0.000000,0.000000,-0.003433,0.005433,0.004854,0.000000,-0.042762,-0.018213,0.000382,0.000000,-0.085804,-0.000028
1771635602.008,1422,3,3,0.0000,0.0259,0.0000,0.9740,0.0000,0.0000,0.0000,0.103313,0.000034,0.008484,0.003190,0.005177,0.000000,0.003491,0.241847,0.038397,-0.089156,-0.005236,0.580406,0.043633,0.106609,-0.005236,0.225373,0.000000,0.000000,0.000000,-0.001766,-0.002863,0.000402,0.000000,-0.038601,-0.008470,-0.000402,0.000000,-0.086009,-0.024952
1771635602.108,1425,3,3,0.0000,0.0072,0.0000,0.9927,0.0000,0.0000,0.0000,0.114971,0.000639,0.001365,0.002779,0.004970,0.001745,0.001745,0.105215,0.033161,-0.125268,-0.003491,0.761094,0.027925,0.139230,0.000000,0.309537,0.000000,0.000000,0.000000,0.000535,-0.017243,0.005383,0.000000,-0.062721,-0.019049,-0.003638,0.001745,-0.090857,-0.059514
1771635602.208,1428,3,3,0.0001,0.0299,0.0000,0.9699,0.0000,0.0000,0.0000,0.094747,0.000207,0.005366,0.003648,0.001933,0.000000,0.001745,-0.003806,0.027925,-0.160619,-0.005236,0.646614,0.015708,0.167600,0.001745,0.275620,0.000000,0.000000,0.000000,-0.002132,-0.008282,0.000735,0.000000,-0.052214,-0.012529,-0.000735,0.001745,-0.071456,-0.056608
1771635602.309,1431,1,3,0.0016,0.7088,0.0001,0.2892,0.0000,0.0001,0.0001,0.013005,0.000426,0.003362,0.001658,0.003409,0.001745,0.003491,-0.495616,0.026180,-0.100212,-0.001745,-0.780173,0.010472,0.108938,0.005236,-0.555262,0.000000,0.000000,0.000000,-0.006462,-0.000771,0.003363,0.000000,-0.037477,-0.003331,-0.001618,0.001745,-0.032801,-0.000485
1771635602.409,1434,1,1,0.0006,0.9823,0.0001,0.0169,0.0000,0.0000,0.0001,0.016128,0.008153,0.002542,0.002812,0.003603,0.001745,0.003491,-0.794452,0.022689,-0.155140,-0.001745,-0.700266,-0.001745,0.165612,0.000000,-0.491454,-0.003491,0.000000,0.000000,-0.003606,0.002699,0.023322,0.000000,-0.004280,0.025997,-0.021576,0.001745,0.012372,0.031701
1771635602.509,1437,1,1,0.0000,0.9980,0.0002,0.0018,0.0000,0.0000,0.0000,0.014560,0.008327,0.011738,0.003004,0.009681,-0.001745,0.003491,-0.218430,0.019199,0.148538,-0.003491,-0.953371,0.000000,-0.143302,0.003491,-0.818384,0.000000,0.000000,0.000000,-0.006580,0.001880,0.055652,0.000000,-0.015196,0.011920,-0.050416,0.001745,-0.010907,0.028732
1771635602.609,1440,1,1,0.0000,0.9996,0.0001,0.0003,0.0000,0.0000,0.0001,0.135986,0.006921,0.002458,0.000631,0.002781,-0.003491,0.001745,-0.265979,1.391053,0.033049,-0.001745,-0.903493,0.098091,-0.024322,0.003491,-0.708107,0.104409,0.000000,0.000000,-0.007721,0.002096,0.039005,0.000000,-0.016017,0.005547,-0.033770,0.001745,-0.005857,0.034659
1771635602.710,1443,1,1,0.0000,0.9995,0.0000,0.0003,0.0000,0.0000,0.0002,0.040489,0.012599,0.001626,0.000913,0.002601,0.000000,0.001745,0.466675,-0.191986,0.002926,0.000000,-0.402493,-0.036652,0.009291,0.005236,-0.029718,-0.073304,-0.001745,0.000000,-0.011793,0.002448,-0.015583,0.000000,0.012006,0.029309,0.020819,0.001745,0.015665,0.069199
1771635602.809,1446,1,1,0.0000,0.9999,0.0000,0.0001,0.0000,0.0000,0.0001,0.004198,0.007519,0.004273,0.001120,0.003447,0.000000,0.000000,-0.579907,-0.118682,0.048628,-0.003491,-0.235148,-0.027925,-0.043392,0.001745,-0.009667,-0.048869,0.000000,0.000000,-0.019375,0.002726,-0.002303,0.000000,0.000108,0.018990,0.002303,0.001745,-0.002072,0.064358
1771635602.910,1449,1,1,0.0000,0.9999,0.0000,0.0000,0.0000,0.0000,0.0000,0.000582,0.005915,0.001434,0.000565,0.001120,0.000000,0.000000,-0.912147,-0.076794,0.005120,-0.003491,-0.215301,-0.022689,0.000116,0.001745,-0.081765,-0.036652,0.000000,0.000000,-0.030772,0.006368,-0.009464,0.000000,-0.001792,0.012014,0.007719,0.001745,-0.019889,0.043137
1771635603.012,1452,1,1,0.0000,0.9999,0.0000,0.0000,0.0000,0.0000,0.0000,0.053006,0.002885,0.001287,0.000689,0.001166,0.000000,0.001745,-0.495343,-0.055851,-0.178473,0.001745,-0.199987,-0.020944,0.181963,0.001745,0.448875,-0.033161,0.000000,0.000000,-0.039857,-0.000171,-0.004185,0.000000,-0.001884,0.006173,0.002440,0.001745,-0.029108,0.024259
1771635603.111,1455,1,1,0.0000,0.9998,0.0000,0.0001,0.0000,0.0000,0.0000,0.044014,0.002234,0.010839,0.000471,0.010846,0.000000,0.000000,-0.454743,-0.043633,-0.113167,-0.001745,0.256835,-0.015708,0.114912,0.006981,0.149443,-0.026180,0.000000,0.000000,-0.041504,0.001414,0.002359,0.000000,-0.006019,-0.000733,-0.000613,0.001745,-0.033973,0.021295
1771635603.210,1458,1,1,0.0000,0.9998,0.0000,0.0002,0.0000,0.0000,0.0000,0.010242,0.002297,0.002666,0.000667,0.001461,0.000000,0.000000,-0.269843,-0.036652,-0.048263,0.000000,0.065910,-0.012217,0.053499,0.003491,-0.021182,-0.024435,0.000000,0.000000,-0.042050,0.000179,0.000599,0.000000,-0.005444,0.000387,0.002891,0.001745,-0.032929,0.021761
1771635603.310,1461,1,1,0.0000,0.9989,0.0000,0.0011,0.0000,0.0000,0.0000,0.162702,0.002173,0.002260,0.000980,0.002402,0.000000,0.000000,1.049332,-0.036652,-0.019341,-0.001745,0.394532,-0.010472,0.028068,0.003491,0.477006,-0.017453,0.000000,0.000000,-0.040972,-0.001576,-0.001783,0.000000,-0.004142,0.000898,0.003528,0.001745,-0.036626,0.019906
1771635603.411,1464,1,1,0.0000,0.9968,0.0001,0.0031,0.0000,0.0000,0.0000,0.124393,0.001699,0.001809,0.000501,0.001509,0.000000,0.000000,0.899269,-0.033161,0.081756,-0.001745,0.270767,-0.006981,-0.074774,0.000000,0.240931,-0.008727,0.000000,0.000000,-0.044249,-0.002871,0.002242,0.000000,-0.004885,0.001351,0.001249,0.001745,-0.047254,0.013799
1771635603.511,1467,1,1,0.0000,0.9937,0.0002,0.0061,0.0000,0.0000,0.0000,0.078738,0.000957,0.002432,0.000473,0.002295,0.000000,0.000000,0.426962,-0.031416,0.098069,0.000000,0.235067,-0.005236,-0.091088,0.000000,0.184758,-0.003491,0.000000,0.000000,-0.041249,-0.003528,0.011483,-0.001745,-0.023749,-0.004246,-0.011483,0.000000,-0.071499,-0.001776
1771635603.611,1470,1,1,0.0000,0.9989,0.0002,0.0009,0.0000,0.0000,0.0000,0.032343,0.000658,0.003445,0.000735,0.002978,0.000000,0.000000,-0.561587,-0.027925,-0.023612,-0.005236,0.122938,-0.001745,0.028848,0.000000,0.236331,-0.003491,0.000000,0.000000,-0.037902,-0.003688,0.006152,0.000000,-0.022787,-0.006641,-0.004407,0.001745,-0.065742,-0.012527
1771635603.711,1473,1,1,0.0000,0.9996,0.0003,0.0000,0.0000,0.0000,0.0000,0.001118,0.000763,0.004549,0.000334,0.004328,0.000000,0.000000,-0.231403,-0.024435,-0.002942,-0.003491,-0.051465,-0.001745,0.011668,0.001745,-0.164432,-0.003491,0.000000,0.000000,-0.030793,-0.002512,0.007406,0.000000,-0.027205,-0.005744,-0.007406,0.001745,-0.057537,-0.011136
1771635603.814,1476,1,1,0.0000,0.9999,0.0001,0.0000,0.0000,0.0000,0.0000,0.010551,0.000402,0.003941,0.000643,0.003350,0.000000,0.001745,0.081266,-0.022689,0.040112,-0.003491,-0.292892,-0.005236,-0.029640,0.003491,-0.328088,-0.003491,0.000000,0.000000,-0.009495,-0.002335,0.002928,0.000000,-0.016441,-0.002983,-0.001183,0.001745,-0.010121,0.000152
1771635603.912,1479,1,1,0.0000,1.0000,0.0000,0.0000,0.0000,0.0000,0.0000,0.242917,0.001901,0.004893,0.001713,0.005134,0.000000,0.000000,0.238799,-0.017453,0.010533,-0.001745,1.475560,-0.001745,0.001684,0.001745,1.186679,-0.003491,0.000000,0.000000,-0.006878,-0.002686,-0.008177,0.000000,-0.000482,-0.000061,0.009923,0.001745,-0.000470,0.011149
1771635604.012,1482,1,1,0.0000,0.9998,0.0000,0.0002,0.0000,0.0000,0.0000,0.208513,0.003881,0.003854,0.001149,0.003945,0.000000,0.000000,0.126973,-0.013963,-0.218391,-0.003491,1.432224,-0.006981,0.234099,-0.003491,0.708857,-0.005236,0.000000,0.000000,-0.009931,-0.002788,-0.005937,0.000000,0.003993,-0.001851,0.009427,0.001745,0.013756,0.017645
1771635604.112,1485,1,1,0.0000,0.9984,0.0002,0.0014,0.0000,0.0000,0.0000,0.020987,0.002661,0.001761,0.000600,0.002392,0.000000,0.000000,0.167514,-0.012217,0.080840,0.000000,-0.259443,-0.001745,-0.075604,0.003491,-0.670856,-0.001745,0.000000,0.000000,-0.009155,-0.002716,-0.003922,0.000000,-0.001098,-0.003537,0.005667,0.001745,0.005754,0.018770
1771635604.212,1488,1,1,0.0000,0.9981,0.0004,0.0015,0.0000,0.0000,0.0000,0.027155,0.001758,0.015088,0.000632,0.015182,0.000000,0.001745,0.183559,-0.005236,0.140555,-0.005236,-0.476830,-0.005236,-0.131829,0.000000,-0.546243,-0.001745,0.000000,0.000000,-0.009564,-0.001583,-0.001550,0.000000,-0.009197,-0.016613,0.003295,0.001745,-0.001937,0.016060
1771635604.313,1491,1,1,0.0000,0.9982,0.0012,0.0006,0.0000,0.0000,0.0000,0.029072,0.001599,0.008614,0.001057,0.008216,0.000000,0.001745,0.269062,0.000000,0.078057,0.000000,-0.433458,-0.005236,-0.067585,0.000000,-0.415594,-0.001745,0.000000,0.000000,-0.007187,-0.002598,0.001769,0.000000,-0.008372,-0.007700,-0.000024,0.001745,-0.014624,0.015670
1771635604.414,1494,1,1,0.0000,0.9983,0.0016,0.0000,0.0000,0.0000,0.0000,0.044909,0.001648,0.003011,0.000708,0.002746,0.000000,0.000000,0.161378,0.000000,0.064357,0.000000,-0.241484,-0.001745,-0.055631,0.003491,0.309686,0.000000,0.000000,0.000000,-0.036061,-0.001145,0.000882,0.000000,-0.006785,-0.003932,0.000863,0.001745,-0.022538,0.016288
1771635604.514,1497,1,1,0.0000,0.9993,0.0002,0.0004,0.0000,0.0000,0.0000,0.163509,0.006068,0.002994,0.000494,0.005180,0.000000,0.000000,-0.004233,1.059940,-0.123694,0.000000,-0.157029,0.207282,0.135911,-0.005236,0.003413,0.555561,0.000000,0.000000,-0.035273,-0.000532,-0.012317,0.000000,-0.002546,0.003981,0.012317,0.001745,-0.006276,0.054770
1771635604.614,1500,1,1,0.0000,0.9988,0.0003,0.0009,0.0000,0.0000,0.0000,0.108667,0.005837,0.001812,0.000405,0.002656,0.000000,0.000000,-0.074347,0.806151,-0.148722,-0.001745,-0.143712,0.096929,0.159194,-0.005236,-0.203363,0.241727,0.000000,0.000000,-0.036885,0.000882,-0.006551,0.000000,-0.002007,0.007502,0.010041,0.001745,-0.009433,0.049878
1771635604.714,1503,1,1,0.0000,0.9990,0.0003,0.0006,0.0000,0.0000,0.0000,0.041751,0.005840,0.006532,0.000505,0.006724,0.000000,0.000000,-0.520989,0.485304,0.009278,-0.005236,-0.373465,-0.030026,0.002940,0.003491,-0.299576,-0.015204,0.000000,0.000000,-0.037561,0.002331,-0.002253,0.000000,-0.001119,0.005974,0.005744,0.001745,-0.008539,0.054284
1771635604.814,1506,1,1,0.0000,0.9990,0.0007,0.0002,0.0000,0.0000,0.0000,0.018824,0.006556,0.004947,0.000825,0.005586,0.000000,0.000000,-0.746275,0.171501,-0.039791,0.000000,-0.192056,-0.027771,0.043282,0.001745,-0.148705,0.009355,0.000000,0.000000,-0.036411,0.002088,0.005821,0.000000,-0.000098,0.009261,-0.005821,0.001745,-0.007188,0.059753
1771635604.915,1509,1,1,0.0000,0.9989,0.0010,0.0000,0.0000,0.0000,0.0000,0.008974,0.006945,0.006735,0.000997,0.006601,0.000000,0.000000,-0.825931,-0.137398,0.104196,-0.003491,-0.300348,-0.018364,-0.100705,0.003491,-0.528827,-0.077483,0.000000,0.000000,-0.032041,0.000170,0.004855,0.000000,0.000472,0.007230,-0.006600,0.001745,-0.006148,0.068870
1771635605.015,1512,1,1,0.0000,0.9997,0.0003,0.0000,0.0000,0.0000,0.0000,0.051762,0.008410,0.009323,0.001529,0.008295,0.000000,0.000000,0.505566,-0.267183,0.033109,0.001745,-0.412883,0.078976,-0.029618,0.001745,-0.595211,-0.298004,0.000000,0.000000,-0.030554,-0.000435,0.009670,0.000000,-0.000237,0.007324,-0.007925,0.001745,0.000333,0.081845
1771635605.116,1515,1,1,0.0000,0.9999,0.0001,0.0000,0.0000,0.0000,0.0000,0.005040,0.007821,0.004888,0.000648,0.004855,0.000000,0.000000,-0.056362,-0.209733,0.027357,-0.003491,-0.225855,0.029631,-0.029103,0.003491,-0.287567,-0.119147,0.000000,0.000000,-0.026050,-0.006247,0.012355,0.000000,-0.002949,0.000667,-0.008864,0.001745,-0.005092,0.079090
1771635605.218,1518,1,1,0.0000,1.0000,0.0000,0.0000,0.0000,0.0000,0.0000,0.002774,0.006658,0.003012,0.001064,0.002761,0.000000,-0.001745,-0.244356,-0.123285,0.025421,-0.001745,-0.162089,0.006122,-0.030657,0.001745,-0.137257,-0.012585,0.000000,0.000000,-0.025636,-0.004296,0.013136,0.000000,-0.009325,-0.012752,-0.011391,0.001745,-0.012253,0.065010
1771635605.318,1521,1,1,0.0000,1.0000,0.0000,0.0000,0.0000,0.0000,0.0000,0.002226,0.003973,0.002614,0.001507,0.002767,0.000000,0.000000,-0.156852,-0.080859,0.026708,-0.003491,-0.051528,-0.016429,-0.033689,0.000000,-0.064772,-0.012195,0.000000,0.000000,-0.028152,-0.001197,0.003876,0.000000,-0.008140,-0.007470,-0.003876,0.001745,-0.035140,0.042058
1771635605.418,1524,1,1,0.0000,1.0000,0.0000,0.0000,0.0000,0.0000,0.0000,0.052738,0.007442,0.003596,0.001394,0.003824,0.000000,0.000000,-0.356930,-0.053922,0.078639,-0.001745,0.172067,-0.054357,-0.082129,0.000000,0.212845,0.169308,0.000000,0.000000,-0.028626,0.000565,-0.029872,0.000000,0.012227,0.001355,0.028127,0.001745,-0.028595,0.045285
1771635605.521,1527,1,1,0.0000,0.9999,0.0000,0.0000,0.0000,0.0000,0.0000,0.040837,0.007357,0.004306,0.000681,0.003156,0.000000,0.000000,-0.186211,-0.032760,0.057872,0.000000,0.111803,-0.042409,-0.057872,0.000000,0.190560,0.129809,0.000000,0.000000,-0.028944,0.003065,-0.019406,0.000000,0.010690,0.002488,0.024642,0.001745,-0.014722,0.045659
1771635605.619,1530,1,1,0.0000,0.9999,0.0000,0.0000,0.0000,0.0000,0.0000,0.019168,0.014676,0.000666,0.000515,0.000744,0.000000,0.000000,-0.198149,-0.036536,0.035920,-0.001745,0.023936,-0.042954,-0.027194,0.000000,0.093953,0.076208,0.000000,0.000000,-0.031306,0.003948,-0.031546,0.000000,0.051542,0.030876,0.036782,0.001745,-0.001930,0.051214
1771635605.720,1533,1,1,0.0000,0.9999,0.0000,0.0000,0.0000,0.0000,0.0000,0.010153,0.012482,0.002951,0.000290,0.002678,0.000000,0.000000,-0.109408,-0.012413,-0.010621,0.000000,0.003022,-0.040831,0.019347,0.000000,0.050745,0.048726,0.000000,0.000000,-0.034621,0.002789,-0.011609,0.000000,0.021454,0.037137,0.022081,0.001745,-0.004179,0.064583
1771635605.820,1536,1,1,0.0000,1.0000,0.0000,0.0000,0.0000,0.0000,0.0000,0.010330,0.010184,0.002774,0.000291,0.002494,-0.001745,0.000000,-0.005346,0.031017,0.059697,0.000000,0.033247,-0.033499,-0.043989,-0.001745,-0.082197,-0.051223,0.000000,0.000000,-0.033863,0.001392,-0.006622,0.000000,0.005215,0.034329,0.010113,0.003491,-0.003017,0.067666
1771635605.921,1539,1,1,0.0000,1.0000,0.0000,0.0000,0.0000,0.0000,0.0000,0.024901,0.011416,0.002677,0.001202,0.001592,-0.001745,0.001745,0.082958,0.027254,0.037377,0.000000,0.004477,-0.027920,-0.011197,-0.003491,0.104457,0.040538,0.000000,0.000000,-0.021193,-0.002491,-0.004836,0.000000,0.005690,0.036636,0.006581,0.001745,0.013029,0.073314
1771635606.021,1542,1,1,0.0000,1.0000,0.0000,0.0000,0.0000,0.0000,0.0000,0.030174,0.013074,0.004070,0.001656,0.004555,-0.003491,0.001745,0.199066,0.024464,0.068461,-0.001745,-0.002324,-0.021909,-0.030063,-0.003491,0.028972,0.039378,0.000000,0.000000,-0.015911,-0.003222,0.001509,0.000000,0.003328,0.035133,0.001982,0.001745,0.031674,0.081520
1771635606.122,1545,1,1,0.0000,0.9999,0.0000,0.0000,0.0000,0.0000,0.0000,0.032439,0.011980,0.001885,0.002824,0.004867,-0.001745,0.003491,0.205118,0.024974,-0.006054,-0.001745,0.068908,0.008853,0.046196,-0.001745,0.007144,0.024580,0.000000,0.000000,-0.042123,-0.007057,0.014328,0.000000,-0.037355,0.001629,-0.009092,0.001745,0.031170,0.094882
1771635606.224,1548,1,1,0.0000,0.9999,0.0001,0.0000,0.0000,0.0000,0.0000,0.026180,0.007378,0.004166,0.003235,0.001111,-0.003491,0.003491,0.167429,0.026453,0.004002,-0.003491,0.016295,0.000417,0.037886,-0.003491,0.022803,0.035388,-0.001745,0.000000,-0.045166,-0.005335,0.004642,0.000000,-0.048801,-0.019809,0.000594,0.001745,-0.002546,0.081558
1771635606.323,1551,1,1,0.0000,0.9999,0.0001,0.0000,0.0000,0.0000,0.0000,0.028655,0.006593,0.003462,0.000504,0.002517,-0.001745,0.006981,0.110846,0.021664,0.016631,-0.005236,-0.011779,-0.006943,0.023512,-0.001745,0.059787,0.104442,0.000000,0.000000,-0.049820,-0.002427,0.001882,0.000000,-0.050505,-0.014702,-0.001882,0.001745,-0.007389,0.075489
1771635606.424,1554,1,1,0.0000,0.9999,0.0000,0.0000,0.0000,0.0000,0.0000,0.024494,0.010542,0.001960,0.000450,0.001107,-0.001745,0.003491,0.070360,0.016222,0.032751,-0.003491,-0.004539,-0.004195,0.005647,-0.001745,0.066551,0.098904,0.000000,0.000000,-0.047408,-0.006548,0.050645,0.000000,-0.143991,-0.076600,-0.047155,0.001745,-0.008298,0.074117
1771635606.525,1557,1,1,0.0000,0.9999,0.0001,0.0000,0.0000,0.0000,0.0000,0.017715,0.008259,0.001652,0.000465,0.002275,-0.003491,0.006981,-0.085280,0.014918,-0.008591,-0.005236,-0.007008,-0.002581,0.046988,-0.003491,0.070458,0.073238,0.000000,0.000000,-0.032849,-0.007891,0.070441,0.000000,-0.127260,-0.074272,-0.063459,0.001745,-0.052637,0.026917
1771635606.627,1560,1,1,0.0000,0.9999,0.0000,0.0000,0.0000,0.0000,0.0000,0.017199,0.005400,0.003501,0.001712,0.002295,-0.001745,0.003491,0.011019,0.028335,-0.000675,-0.005236,0.018045,0.000801,0.042563,-0.001745,0.039063,0.063076,0.000000,0.000000,-0.030086,-0.005604,0.023525,0.000000,-0.072411,-0.043032,-0.011308,0.001745,-0.041453,0.039536
1771635606.726,1563,1,1,0.0000,0.9998,0.0000,0.0002,0.0000,0.0000,0.0000,0.069640,0.006980,0.002827,0.002704,0.001004,-0.001745,0.006981,0.253143,0.174609,0.063376,-0.005236,0.111443,0.042344,-0.019742,-0.001745,0.084364,0.099423,0.000000,0.000000,-0.013927,-0.004136,-0.035577,0.000000,-0.024034,0.006852,0.042559,0.001745,-0.057183,0.032605
1771635606.825,1566,1,1,0.0000,0.9991,0.0001,0.0008,0.0000,0.0000,0.0000,0.140200,0.013648,0.003324,0.001995,0.004101,-0.003491,0.006981,0.229130,0.165694,0.077098,-0.005236,0.319368,0.153418,-0.028228,-0.001745,0.393240,0.337466,0.000000,0.000000,-0.015198,-0.002965,-0.080586,0.000000,-0.008530,0.037518,0.091058,0.001745,-0.049591,0.033458
1771635606.925,1569,1,1,0.0000,0.9983,0.0003,0.0015,0.0000,0.0000,0.0000,0.132747,0.007043,0.002988,0.000792,0.003177,-0.003491,0.008727,0.297294,0.211915,0.216858,-0.005236,0.311102,0.186951,-0.166243,0.000000,0.177871,0.182247,0.000000,0.000000,-0.013616,-0.000907,-0.037295,-0.001745,-0.029576,0.010025,0.039040,0.001745,-0.049642,0.033705
1771635607.027,1572,1,1,0.0000,0.9700,0.0010,0.0290,0.0000,0.0000,0.0000,0.172103,0.003288,0.003074,0.000858,0.002908,-0.006981,0.010472,0.195819,0.235975,0.029351,-0.003491,0.548065,0.393574,0.005556,0.000000,0.354690,0.291736,0.000000,0.000000,-0.012527,-0.000081,-0.003029,0.000000,-0.050074,-0.010527,0.003029,0.001745,-0.046614,0.034687
1771635607.126,1575,1,1,0.0000,0.8880,0.0004,0.1116,0.0000,0.0001,0.0000,0.184239,0.004652,0.003368,0.000976,0.002473,-0.001745,-0.006981,0.008089,0.438225,-0.030445,-0.008727,0.588845,0.476008,0.060116,-0.001745,0.345188,0.294392,0.000000,0.000000,-0.009610,0.002274,0.016774,0.000000,-0.046596,-0.016535,-0.018519,0.003491,-0.044453,0.033288
1771635607.226,1578,1,1,0.0000,0.7412,0.0001,0.2586,0.0000,0.0001,0.0000,0.160766,0.004603,0.002365,0.001260,0.001983,-0.003491,-0.012217,0.088865,0.370198,-0.002007,-0.024435,0.495840,0.367423,0.021205,0.003491,0.325669,0.256495,0.000000,0.000000,-0.007872,0.002779,0.004019,-0.001745,-0.046573,-0.015189,-0.004019,0.001745,0.008152,0.038537
1771635607.326,1581,1,1,0.0000,0.6819,0.0001,0.3179,0.0000,0.0001,0.0000,0.153322,0.018720,0.003124,0.001477,0.001932,-0.001745,-0.013963,0.105016,0.385269,-0.009676,-0.036652,0.497304,0.347274,0.014912,0.001745,0.279102,0.209237,0.000000,0.000000,-0.005401,0.003114,-0.008971,0.000000,-0.003690,-0.008866,0.010717,0.001745,0.099614,0.109446
1771635607.426,1584,1,1,0.0000,0.5532,0.0001,0.4466,0.0000,0.0001,0.0000,0.160385,0.024659,0.002963,0.001431,0.001838,-0.001745,-0.015708,0.061146,0.396945,-0.095662,-0.045379,0.528577,0.394019,0.097407,0.000000,0.252321,0.194210,0.000000,0.000000,-0.005283,0.004370,-0.053569,0.000000,0.026171,-0.000378,0.053569,0.001745,0.084533,0.125521
1771635607.527,1587,3,3,0.0000,0.3360,0.0001,0.6638,0.0000,0.0001,0.0000,0.157148,0.035741,0.006920,0.001434,0.005887,0.000000,-0.017453,0.127172,0.327476,-0.058945,-0.050615,0.542598,0.323818,0.055454,0.005236,0.275874,0.228146,0.000000,0.000000,-0.006959,0.022932,-0.022121,0.000000,0.137616,0.091728,0.022121,0.003491,0.051892,0.099107
1771635607.631,1590,3,3,0.0001,0.2776,0.0001,0.7221,0.0000,0.0001,0.0000,0.101406,0.019952,0.006401,0.001590,0.003632,-0.001745,-0.017453,0.386604,0.173020,-0.027327,-0.054105,0.311295,0.056242,0.015109,0.006981,0.163248,0.104376,0.000000,0.000000,-0.015688,0.019152,0.016338,0.000000,0.053770,0.040223,-0.018083,0.003491,0.020996,0.085459
1771635607.728,1593,3,3,0.0001,0.1664,0.0001,0.8333,0.0000,0.0001,0.0000,0.119801,0.009424,0.006985,0.003509,0.005588,0.000000,-0.015708,0.360425,0.189587,0.066184,-0.062832,0.386996,0.119755,-0.078402,0.005236,0.188291,0.121136,0.000000,0.000000,-0.017783,0.008006,-0.002829,0.000000,-0.014698,0.017478,0.002829,0.003491,0.001726,0.079560
1771635607.830,1596,3,3,0.0001,0.1443,0.0001,0.8554,0.0000,0.0001,0.0000,0.099494,0.012433,0.002566,0.001275,0.001843,0.000000,-0.017453,0.209849,0.220305,0.021722,-0.062832,0.375596,0.117181,-0.033939,0.005236,0.132063,0.111977,0.000000,0.000000,-0.011443,0.002748,-0.038579,-0.001745,-0.000859,0.017277,0.036834,0.001745,0.003502,0.087089
1771635607.929,1599,3,3,0.0001,0.0662,0.0000,0.9336,0.0000,0.0001,0.0000,0.111561,0.011840,0.005865,0.000295,0.005589,0.001745,-0.017453,0.217518,0.218081,0.028439,-0.066323,0.382634,0.165494,-0.044147,0.005236,0.178096,0.141483,0.000000,0.000000,-0.009122,-0.001392,-0.014156,-0.001745,-0.017927,0.007493,0.012410,0.003491,0.005496,0.113187
1771635608.028,1602,3,3,0.0000,0.0338,0.0000,0.9661,0.0000,0.0000,0.0000,0.117389,0.008756,0.005697,0.000493,0.004599,0.001745,-0.017453,0.324201,0.214025,0.026474,-0.069813,0.378221,0.155172,-0.040437,0.003491,0.166915,0.138423,0.000000,0.000000,-0.012231,0.000499,-0.012734,-0.001745,-0.062495,0.001314,0.010988,0.001745,-0.002021,0.090530
1771635608.129,1605,3,3,0.0001,0.0311,0.0000,0.9688,0.0000,0.0000,0.0000,0.097834,0.011553,0.003716,0.002093,0.004514,0.003491,-0.017453,0.517568,0.168867,0.009650,-0.069813,0.315864,0.037398,-0.023613,0.003491,0.084207,0.033477,0.000000,0.000000,-0.044003,0.012160,-0.033746,-0.001745,-0.045926,-0.018986,0.035491,0.001745,0.014727,0.074511
1771635608.229,1608,3,3,0.0001,0.0238,0.0000,0.9760,0.0000,0.0001,0.0000,0.086412,0.011839,0.002808,0.001376,0.001496,0.003491,-0.017453,0.381031,0.174103,0.106914,-0.071558,0.277022,0.029017,-0.124367,0.001745,0.051611,0.012007,0.000000,0.000000,-0.040938,0.007469,-0.013294,-0.001745,-0.023663,-0.000910,0.015039,0.001745,0.043439,0.074381
1771635608.329,1611,3,3,0.0001,0.0429,0.0000,0.9569,0.0000,0.0001,0.0000,0.088359,0.021736,0.008081,0.000767,0.007778,0.003491,-0.017453,0.432884,0.171864,0.069978,-0.071558,0.283351,0.035193,-0.089176,0.001745,0.045820,0.015984,0.000000,0.000000,-0.034390,0.002307,-0.002803,-0.001745,0.077922,0.076840,0.004548,0.003491,0.020446,0.075277
1771635608.430,1614,3,3,0.0001,0.0357,0.0000,0.9640,0.0000,0.0001,0.0000,0.080952,0.019649,0.005811,0.000633,0.004933,0.005236,-0.017453,0.414869,0.148537,-0.058035,-0.073304,0.283452,0.031678,0.035346,0.001745,0.042107,0.008455,0.000000,0.000000,0.004556,-0.003294,0.027818,-0.001745,0.074045,0.059593,-0.029564,0.001745,-0.008707,0.068029
1771635608.530,1617,3,3,0.0001,0.0184,0.0000,0.9814,0.0000,0.0001,0.0000,0.076354,0.015899,0.002898,0.001864,0.002929,0.005236,-0.017453,0.444057,0.070984,-0.021886,-0.073304,0.289778,0.036691,-0.004294,0.001745,0.054937,0.012820,0.000000,0.000000,-0.006261,0.000138,0.062848,-0.001745,0.025452,0.036599,-0.062848,0.001745,-0.030017,0.064002
1771635608.630,1620,3,3,0.0001,0.0078,0.0000,0.9921,0.0000,0.0000,0.0000,0.111682,0.012123,0.003740,0.000644,0.003414,0.005236,-0.017453,0.495237,0.080409,-0.060364,-0.075049,0.347602,0.065127,0.030694,0.001745,0.201867,0.112265,0.000000,0.000000,-0.046767,0.004964,0.068288,-0.001745,-0.010043,0.015794,-0.064797,0.001745,-0.072534,0.054687
1771635608.732,1623,3,3,0.0000,0.0069,0.0000,0.9931,0.0000,0.0000,0.0000,0.116869,0.006655,0.005281,0.000661,0.005178,0.005236,-0.017453,0.497411,0.079526,-0.069847,-0.075049,0.373639,0.125016,0.034941,0.003491,0.167907,0.115258,0.000000,0.000000,-0.047851,0.002720,0.058524,-0.001745,-0.064213,-0.047271,-0.051542,0.001745,-0.063194,0.016869
1771635608.831,1626,3,3,0.0000,0.0070,0.0000,0.9929,0.0000,0.0000,0.0000,0.123829,0.007303,0.003361,0.000460,0.003067,0.005236,-0.017453,0.532305,0.072006,-0.112726,-0.075049,0.411835,0.119298,0.072584,0.001745,0.163982,0.106962,0.000000,0.000000,-0.042736,-0.002270,0.083924,-0.001745,-0.065994,-0.048532,-0.075197,0.001745,-0.087993,0.001962
1771635608.933,1629,3,3,0.0001,0.0099,0.0000,0.9900,0.0000,0.0000,0.0000,0.120749,0.005103,0.002131,0.001091,0.001059,0.005236,-0.017453,0.549494,0.052461,-0.105209,-0.075049,0.397720,0.124820,0.061576,0.003491,0.150362,0.103836,0.000000,0.000000,-0.044353,-0.003692,0.059395,-0.001745,-0.044617,-0.034353,-0.047177,0.001745,-0.096350,0.000092
1771635609.033,1632,3,3,0.0001,0.0150,0.0000,0.9849,0.0000,0.0000,0.0000,0.109542,0.005780,0.002945,0.001714,0.001308,0.006981,-0.017453,0.587887,0.038226,-0.116149,-0.075049,0.350053,0.115763,0.070770,0.003491,0.092097,0.049238,0.000000,0.000000,-0.043755,-0.002764,0.067614,-0.001745,-0.043087,-0.029167,-0.055396,0.001745,-0.083389,-0.007365
1771635609.133,1635,3,3,0.0001,0.0189,0.0000,0.9809,0.0000,0.0001,0.0000,0.103382,0.003970,0.004553,0.001535,0.002492,0.006981,-0.017453,0.604327,0.018167,-0.165121,-0.075049,0.296570,0.089879,0.117997,0.003491,0.073421,0.029756,0.000000,0.000000,-0.046110,-0.004273,0.045890,-0.001745,-0.041536,-0.024601,-0.033673,0.001745,-0.057529,-0.007882
1771635609.238,1638,3,3,0.0001,0.0154,0.0000,0.9845,0.0000,0.0000,0.0000,0.106115,0.005640,0.003187,0.001775,0.001556,0.008727,-0.017453,0.596956,0.022629,-0.154240,-0.075049,0.317519,0.091685,0.107117,0.003491,0.085060,0.040193,0.000000,0.000000,-0.051089,-0.002296,0.065938,-0.001745,-0.068190,-0.056339,-0.050230,0.001745,-0.048582,-0.006889
1771635609.334,1641,3,3,0.0001,0.0122,0.0000,0.9877,0.0000,0.0000,0.0000,0.126221,0.017924,0.000513,0.002011,0.003408,0.008727,-0.017453,0.597595,0.021825,-0.158179,-0.075049,0.353537,0.118016,0.107564,0.003491,0.189243,0.114651,-0.001745,0.000000,-0.048146,-0.001291,-0.118830,-0.001745,-0.039712,-0.009082,0.139774,0.001745,0.017620,0.055946
1771635609.434,1644,3,3,0.0000,0.0129,0.0000,0.9870,0.0000,0.0000,0.0000,0.131665,0.011473,0.001541,0.001289,0.001288,0.008727,-0.017453,0.567015,0.021711,-0.202069,-0.075049,0.365984,0.162526,0.151454,0.003491,0.176119,0.122950,0.000000,0.000000,-0.044785,-0.002467,-0.006631,-0.001745,-0.022817,0.034096,0.020594,0.005236,0.012250,0.065505
1771635609.535,1647,3,3,0.0001,0.0181,0.0000,0.9818,0.0000,0.0000,0.0000,0.124807,0.010729,0.005023,0.000851,0.003603,0.010472,-0.017453,0.531601,0.022311,-0.196432,-0.075049,0.359196,0.148578,0.145817,0.005236,0.164378,0.110091,0.000000,0.000000,-0.038426,-0.002760,0.074759,-0.001745,-0.081741,-0.041143,-0.066032,0.003491,-0.011071,0.050495
1771635609.635,1650,3,3,0.0000,0.0181,0.0000,0.9818,0.0000,0.0000,0.0000,0.117417,0.010944,0.007368,0.003451,0.004035,0.008727,-0.017453,0.537096,-0.000363,-0.197788,-0.075049,0.337195,0.129529,0.147173,0.005236,0.149408,0.094636,0.000000,0.000000,-0.041255,-0.001765,0.048237,-0.001745,-0.056007,-0.017752,-0.030784,0.001745,-0.003789,0.081345
1771635609.737,1653,3,3,0.0001,0.0176,0.0000,0.9823,0.0000,0.0000,0.0000,0.120258,0.009245,0.004616,0.003843,0.001331,0.008727,-0.017453,0.564534,-0.024685,-0.188935,-0.075049,0.340258,0.132371,0.138320,0.005236,0.153041,0.100605,0.000000,0.000000,-0.042414,-0.001439,0.038818,-0.001745,-0.041811,-0.005725,-0.010893,0.000000,-0.003402,0.072124
1771635609.837,1656,3,3,0.0001,0.0177,0.0000,0.9822,0.0000,0.0001,0.0000,0.120529,0.010046,0.001763,0.002621,0.001763,0.006981,-0.017453,0.574630,-0.021529,-0.178668,-0.075049,0.340165,0.129026,0.128053,0.005236,0.153506,0.108746,0.000000,0.000000,-0.023524,0.000072,0.058492,-0.001745,-0.051302,-0.016755,-0.027076,0.000000,-0.021621,0.061986
1771635609.937,1659,3,3,0.0001,0.0194,0.0000,0.9804,0.0000,0.0001,0.0000,0.124754,0.008023,0.001757,0.001744,0.002089,0.008727,-0.019199,0.610924,-0.024981,-0.179443,-0.075049,0.343342,0.129595,0.128828,0.005236,0.156207,0.114186,0.000000,0.000000,-0.032014,0.002982,0.038344,-0.001745,-0.014341,-0.007763,-0.003438,0.000000,-0.021640,0.054949
1771635610.039,1662,3,3,0.0001,0.0231,0.0000,0.9768,0.0000,0.0001,0.0000,0.143114,0.007417,0.002933,0.000676,0.003579,0.008727,-0.019199,0.608751,-0.027257,-0.396794,-0.075049,0.337548,0.128557,0.346179,0.003491,0.165293,0.118825,0.000000,0.000000,-0.036344,0.004534,0.011408,-0.001745,0.010870,-0.000342,0.013027,0.000000,-0.019744,0.049170
1771635610.139,1665,3,3,0.0001,0.0306,0.0000,0.9692,0.0000,0.0001,0.0000,0.112238,0.013676,0.003536,0.000444,0.002793,0.008727,-0.020944,0.535428,-0.056306,-0.161115,-0.075049,0.316826,0.104974,0.110501,0.005236,0.164131,0.101034,0.000000,0.000000,-0.048657,0.005776,-0.035446,-0.001745,0.035814,0.017926,0.047663,0.000000,0.007221,0.049718
1771635610.240,1668,3,3,0.0007,0.0530,0.0000,0.9462,0.0000,0.0001,0.0000,0.087937,0.006180,0.001045,0.000368,0.000826,0.008727,-0.020944,0.606458,-0.046979,-0.139967,-0.075049,0.250273,-0.000855,0.089352,0.005236,0.080177,0.015025,0.000000,0.000000,-0.050658,0.004737,0.067676,-0.003491,-0.035397,-0.024796,-0.058949,0.001745,-0.070604,-0.015424
1771635610.339,1671,3,3,0.0004,0.0360,0.0000,0.9634,0.0000,0.0001,0.0000,0.092925,0.003097,0.002380,0.001258,0.001252,0.008727,-0.020944,0.623936,-0.047114,-0.267386,-0.075049,0.163151,-0.001773,0.216771,0.005236,0.079930,0.017346,0.000000,0.000000,-0.058927,0.004810,0.032349,-0.003491,-0.064036,-0.041411,-0.014896,0.000000,-0.078108,-0.026653
1771635610.443,1674,3,3,0.0013,0.1239,0.0000,0.8745,0.0000,0.0002,0.0001,0.046987,0.006215,0.003094,0.000911,0.002605,0.006981,-0.026180,0.539016,-0.181844,-0.063227,-0.075049,-0.676901,-0.629735,0.014358,0.003491,-0.615528,-0.555678,0.000000,0.000000,-0.061254,0.002744,0.071839,-0.003491,-0.122327,-0.059064,-0.040423,0.000000,-0.116239,-0.063198
1771635610.541,1677,3,3,0.0021,0.3554,0.0001,0.6419,0.0000,0.0002,0.0003,0.028799,0.003790,0.003201,0.002164,0.001276,0.006981,-0.027925,0.318951,-0.215612,-0.065031,-0.075049,-1.067548,-0.754184,0.014417,0.005236,-0.842411,-0.683171,-0.001745,0.000000,-0.064913,0.003854,0.041622,-0.001745,-0.083772,-0.048123,-0.006716,0.000000,-0.073396,-0.056330
1771635610.641,1680,1,1,0.0008,0.7458,0.0002,0.2528,0.0000,0.0001,0.0003,0.010400,0.008581,0.008353,0.002312,0.006356,0.006981,-0.027925,0.114329,-0.219920,-0.036525,-0.075049,-1.274318,-0.696808,-0.014089,0.003491,-1.248978,-0.924453,0.000000,0.000000,-0.065388,-0.000288,-0.060456,-0.001745,-0.009852,-0.016676,0.093617,0.000000,0.009353,-0.048586
1771635610.741,1683,1,1,0.0001,0.9804,0.0007,0.0187,0.0000,0.0000,0.0001,0.000000,0.023119,0.002144,0.002483,0.006053,0.000000,-0.012217,-0.074397,-0.211563,-0.016834,-0.061087,-1.101856,-0.540632,-0.016327,-0.003491,-1.045026,-0.756411,-0.001745,0.000000,-0.064397,-0.008518,-0.100774,-0.001745,0.075870,0.055366,0.121718,0.000000,0.024472,-0.023210
1771635610.843,1686,1,1,0.0000,0.9991,0.0008,0.0001,0.0000,0.0000,0.0000,0.001402,0.013691,0.003519,0.001526,0.002146,0.000000,-0.001745,-0.411362,-0.199299,-0.030781,-0.040143,-0.919860,-0.320209,0.016819,0.000000,-0.972216,-0.522001,-0.001745,0.000000,-0.060233,-0.048475,-0.076361,-0.001745,0.026786,0.045440,0.092068,0.000000,-0.000239,-0.020398
1771635610.945,1689,1,1,0.0000,0.9998,0.0002,0.0000,0.0000,0.0000,0.0000,0.008382,0.007826,0.001231,0.002299,0.003278,0.001745,-0.003491,-0.329061,-0.266220,-0.107570,-0.013963,-0.786641,-0.177013,0.098844,0.000000,-0.906171,-0.185493,0.000000,0.000000,-0.055630,-0.042408,-0.040371,-0.001745,0.007315,0.031830,0.052589,0.000000,0.002173,-0.020856
1771635611.047,1692,1,1,0.0000,0.9999,0.0001,0.0000,0.0000,0.0000,0.0000,0.020446,0.004934,0.003049,0.001046,0.002063,0.001745,-0.003491,0.215948,-0.225430,-0.031152,-0.010472,-0.571045,-0.108614,0.025916,0.001745,-0.618331,-0.158929,0.000000,0.000000,-0.056043,-0.035717,-0.018336,-0.001745,0.003678,0.021566,0.032299,0.000000,0.001670,-0.013003
1771635611.147,1695,1,1,0.0000,1.0000,0.0000,0.0000,0.0000,0.0000,0.0000,0.010231,0.004216,0.004297,0.000986,0.003385,0.003491,-0.001745,0.075727,-0.133617,0.041815,-0.005236,-0.332645,-0.066685,-0.041815,0.001745,-0.358193,-0.120839,-0.003491,0.000000,-0.055631,-0.036289,-0.006261,-0.001745,-0.000804,0.014457,0.018478,0.000000,0.006926,0.010728
1771635611.247,1698,1,1,0.0000,1.0000,0.0000,0.0000,0.0000,0.0000,0.0000,0.008826,0.004798,0.003619,0.001332,0.001497,0.001745,0.000000,0.042648,-0.072496,0.059770,-0.001745,-0.178902,-0.055026,-0.059770,0.001745,-0.070579,-0.154232,-0.001745,0.000000,-0.054908,-0.031878,-0.002834,-0.001745,0.007069,0.022588,0.008070,0.000000,0.003512,0.016343
1771635611.348,1701,1,1,0.0000,1.0000,0.0000,0.0000,0.0000,0.0000,0.0000,0.016266,0.004950,0.004319,0.001371,0.003024,0.000000,0.001745,0.048524,-0.039753,0.055170,0.000000,-0.067710,-0.046601,-0.058661,0.001745,0.088004,-0.082385,-0.001745,0.000000,-0.053370,-0.024281,-0.020170,-0.003491,-0.000077,0.012980,0.023661,0.000000,0.006733,0.016024
1771635611.448,1704,1,1,0.0000,0.9999,0.0000,0.0000,0.0000,0.0000,0.0000,0.040582,0.002567,0.007741,0.001962,0.006155,0.000000,0.001745,-0.179829,-0.029942,0.033690,0.000000,0.104517,-0.057883,-0.038926,0.001745,0.254911,0.090370,-0.001745,0.000000,-0.060980,-0.013323,-0.009959,-0.001745,-0.003367,0.006005,0.016940,0.000000,-0.019829,0.007853
1771635611.549,1707,1,1,0.0000,0.9999,0.0000,0.0001,0.0000,0.0000,0.0000,0.025801,0.009066,0.005309,0.003368,0.017391,0.001745,0.000000,-0.096815,0.051523,0.036152,0.000000,0.107802,-0.097895,-0.043133,0.001745,0.091074,0.019571,-0.001745,0.000000,-0.096229,-0.013231,0.108789,-0.001745,-0.462087,-0.264518,-0.100063,0.000000,-0.468364,-0.395492
1771635611.649,1710,1,1,0.0000,0.9999,0.0000,0.0000,0.0000,0.0000,0.0000,0.023647,0.005427,0.002038,0.004091,0.005869,0.001745,0.000000,-0.194318,0.067996,0.013290,0.001745,0.109443,-0.090016,-0.028998,0.001745,0.077794,0.010003,-0.003491,0.000000,-0.108591,-0.069382,0.065128,-0.003491,-0.322340,-0.188914,-0.051165,0.000000,-0.390677,-0.267848
1771635611.750,1713,1,1,0.0000,1.0000,0.0000,0.0000,0.0000,0.0000,0.0000,0.004954,0.014398,0.006867,0.003122,0.006205,0.001745,0.000000,-0.103132,0.050602,-0.004525,0.001745,-0.042627,-0.058886,-0.007693,0.000000,0.005354,-0.002706,-0.001745,0.000000,-0.111793,-0.077402,0.172782,-0.003491,-0.257914,-0.150661,-0.157074,0.000000,-0.275429,-0.205534
1771635611.851,1716,1,1,0.0000,1.0000,0.0000,0.0000,0.0000,0.0000,0.0000,0.006898,0.005811,0.005367,0.004654,0.009677,0.000000,0.000000,-0.061153,0.063935,0.013606,0.003491,-0.088078,-0.021332,-0.027568,0.001745,-0.053415,-0.037400,-0.001745,0.000000,-0.051835,-0.053993,0.069734,-0.001745,-0.280891,-0.132246,-0.048790,-0.001745,-0.325842,-0.233939
1771635611.950,1719,1,1,0.0000,1.0000,0.0000,0.0000,0.0000,0.0000,0.0000,0.010883,0.004359,0.000430,0.001707,0.009904,0.001745,0.000000,-0.110586,0.110548,-0.028724,0.000000,-0.042096,-0.037268,0.006034,0.003491,-0.005115,0.008782,-0.001745,0.000000,-0.092587,-0.052860,-0.024388,-0.001745,-0.173422,-0.090963,0.052313,0.000000,-0.176853,-0.129834
1771635612.051,1722,1,1,0.0000,1.0000,0.0000,0.0000,0.0000,0.0000,0.0000,0.016640,0.004154,0.002017,0.001746,0.005631,0.001745,-0.001745,-0.091455,0.062270,-0.017028,0.000000,0.051806,-0.057651,-0.007406,0.003491,0.050899,0.029468,-0.001745,0.000000,-0.072943,-0.051722,0.049849,-0.001745,-0.175896,-0.066871,-0.028905,0.000000,-0.267993,-0.121628
1771635612.153,1725,1,1,0.0000,1.0000,0.0000,0.0000,0.0000,0.0000,0.0000,0.020488,0.006572,0.003087,0.003857,0.008320,0.001745,-0.001745,-0.080476,0.048946,-0.074139,0.000000,0.020733,-0.055827,0.056685,0.001745,0.061767,0.054236,-0.003491,0.000000,-0.072869,-0.083581,0.078866,-0.001745,-0.216939,-0.053931,-0.049196,0.000000,-0.213031,-0.102662
1771635612.252,1728,1,1,0.0000,1.0000,0.0000,0.0000,0.0000,0.0000,0.0000,0.005935,0.004496,0.002899,0.002456,0.000633,0.001745,-0.001745,-0.021305,0.042203,0.023784,0.000000,-0.070141,-0.042596,-0.037746,0.003491,-0.323555,-0.158051,-0.003491,0.001745,-0.070784,-0.058661,0.052203,-0.001745,-0.155443,-0.047007,-0.012061,0.000000,-0.153033,-0.086128
1771635612.351,1731,1,1,0.0000,1.0000,0.0000,0.0000,0.0000,0.0000,0.0000,0.013044,0.003636,0.001467,0.003620,0.003601,0.003491,0.000000,0.112208,0.037336,-0.006090,0.000000,-0.075439,-0.028231,-0.016599,0.003491,-0.144699,-0.076899,-0.001745,0.000000,-0.065933,-0.045652,0.037145,-0.003491,-0.054521,-0.038794,0.006488,0.000000,-0.136309,-0.073838
1771635612.452,1734,1,1,0.0000,1.0000,0.0000,0.0000,0.0000,0.0000,0.0000,0.020864,0.002763,0.001524,0.002309,0.009738,0.003491,0.000000,0.027647,0.027874,-0.171861,0.001745,-0.064878,-0.031919,0.161389,0.001745,0.026480,-0.016905,0.000000,0.000000,-0.058912,-0.042549,0.011962,-0.001745,-0.057943,-0.037152,0.021199,0.000000,-0.112770,-0.068305
1771635612.552,1737,1,1,0.0000,1.0000,0.0000,0.0000,0.0000,0.0000,0.0000,0.006898,0.002182,0.006688,0.001867,0.004503,0.001745,0.000000,-0.257010,0.032464,0.045079,-0.001745,-0.044083,-0.038194,-0.066023,0.003491,-0.063309,-0.012458,-0.001745,0.000000,-0.046789,-0.042211,0.018140,-0.001745,-0.064881,-0.036081,0.008040,0.000000,-0.099346,-0.063709
1771635612.652,1740,1,1,0.0000,1.0000,0.0000,0.0000,0.0000,0.0000,0.0000,0.014236,0.002678,0.005321,0.000981,0.004904,0.001745,-0.001745,-0.100818,0.033809,0.130046,0.000000,-0.008891,-0.041166,-0.152736,0.005236,-0.046562,-0.007129,-0.006981,0.001745,-0.073012,-0.056752,0.014429,-0.001745,-0.092326,-0.036097,0.008260,-0.001745,0.000901,0.006796
1771635612.755,1743,1,1,0.0000,1.0000,0.0000,0.0000,0.0000,0.0000,0.0000,0.006511,0.002943,0.002571,0.003216,0.001735,0.003491,0.000000,-0.073313,0.035969,0.033432,0.000000,-0.024023,-0.037398,-0.059611,0.005236,-0.015648,-0.003794,-0.003491,0.001745,-0.062161,-0.042056,-0.001735,-0.001745,-0.030260,-0.027403,0.015698,-0.001745,0.017870,-0.004037
1771635612.853,1746,1,1,0.0000,0.9999,0.0000,0.0000,0.0000,0.0000,0.0000,0.062771,0.028558,0.001266,0.002145,0.001873,0.003491,0.000000,0.197031,0.037091,-0.082055,0.000000,-0.020646,-0.036948,0.054129,0.005236,0.235432,0.220841,-0.005236,0.001745,-0.073524,0.014842,-0.075725,-0.003491,0.079264,0.032811,0.093179,-0.005236,0.087312,0.033538
1771635612.954,1749,1,1,0.0000,0.9998,0.0002,0.0000,0.0000,0.0000,0.0000,0.023021,0.008111,0.004615,0.001770,0.003359,0.003491,0.000000,-0.211858,0.043492,-0.043101,0.000000,0.094366,-0.045668,0.020412,0.005236,0.044763,0.064495,-0.003491,0.001745,-0.057945,0.012057,0.026983,-0.001745,0.020669,0.005798,-0.007784,0.000000,0.014060,0.016014
1771635613.054,1752,1,1,0.0000,0.9997,0.0002,0.0001,0.0000,0.0000,0.0000,0.026848,0.008597,0.002449,0.008261,0.008450,0.003491,0.000000,-0.118402,0.074302,0.060801,0.003491,0.059676,-0.030757,-0.081745,0.005236,0.048379,0.066797,-0.003491,0.003491,-0.021686,0.006278,0.044565,-0.001745,0.005274,0.003516,-0.021875,-0.001745,0.014612,0.025431
1771635613.155,1755,1,1,0.0000,0.9999,0.0001,0.0000,0.0000,0.0000,0.0000,0.010049,0.007921,0.006925,0.004403,0.005194,0.003491,0.000000,-0.099424,0.049589,0.025932,0.000000,-0.005856,-0.036499,-0.046876,0.005236,-0.021126,0.036343,-0.003491,0.001745,-0.007138,0.002217,0.027147,-0.001745,0.030841,0.014160,0.000778,0.000000,-0.033898,0.018166
1771635613.257,1758,1,1,0.0000,0.9999,0.0000,0.0000,0.0000,0.0000,0.0000,0.007164,0.005015,0.011798,0.002652,0.010290,0.003491,0.000000,-0.071848,0.029545,-0.014861,0.000000,0.033570,-0.035540,-0.007828,0.005236,-0.007145,0.014129,-0.003491,0.001745,0.031746,-0.000777,0.014605,-0.001745,-0.014178,-0.005571,0.009829,0.000000,-0.038523,0.002258
1771635613.354,1761,1,1,0.0000,1.0000,0.0000,0.0000,0.0000,0.0000,0.0000,0.009797,0.016425,0.018440,0.002342,0.012687,0.001745,-0.001745,0.059863,0.029147,-0.041989,0.000000,0.002277,-0.029508,0.021045,0.003491,-0.254666,-0.112777,-0.003491,0.001745,0.044047,0.022982,-0.060689,-0.001745,-0.010376,-0.006519,0.081633,0.000000,0.035305,0.011387
1771635613.455,1764,1,1,0.0000,0.9998,0.0001,0.0000,0.0000,0.0000,0.0000,0.012930,0.017397,0.008120,0.007298,0.004978,0.001745,0.000000,-0.006746,0.003322,0.053293,0.000000,0.037863,0.035869,-0.065511,0.003491,0.011441,0.008131,-0.003491,0.001745,0.059647,0.007582,0.139796,-0.003491,-0.024660,-0.010198,-0.117106,0.000000,-0.172542,-0.010011
1771635613.555,1767,1,1,0.0000,0.9999,0.0001,0.0000,0.0000,0.0000,0.0000,0.004250,0.007342,0.009510,0.001094,0.006846,0.003491,-0.001745,-0.013198,-0.019304,0.038120,-0.001745,-0.015301,0.007650,-0.046846,0.001745,-0.064545,-0.006268,-0.003491,0.001745,0.001253,0.007033,0.078073,-0.001745,-0.044830,-0.011278,-0.051893,-0.003491,-0.092923,-0.010243
1771635613.655,1770,1,1,0.0000,0.9999,0.0001,0.0000,0.0000,0.0000,0.0000,0.001112,0.006670,0.001606,0.001451,0.003710,0.001745,0.000000,-0.012426,-0.012772,-0.020437,0.000000,-0.014905,0.003378,0.008220,0.000000,-0.092830,-0.029099,-0.003491,0.001745,-0.033727,0.022985,0.055312,-0.001745,-0.036668,-0.011629,-0.022150,0.000000,-0.087716,-0.020097
1771635613.756,1773,1,1,0.0000,1.0000,0.0000,0.0000,0.0000,0.0000,0.0000,0.010759,0.003806,0.005179,0.002214,0.004424,0.000000,0.000000,0.031097,-0.012283,0.005543,0.000000,-0.017767,-0.001188,-0.021251,0.006981,0.073263,0.012228,-0.003491,0.001745,-0.037797,0.003954,0.039978,-0.003491,-0.045127,-0.013300,-0.001581,0.000000,-0.086420,-0.022031
1771635613.856,1776,1,1,0.0000,1.0000,0.0000,0.0000,0.0000,0.0000,0.0000,0.013162,0.068031,0.004266,0.000923,0.003733,0.001745,0.000000,0.041151,0.007491,0.102323,-0.001745,-0.131437,-0.065578,-0.123267,0.005236,-0.101656,-0.028557,-0.003491,0.001745,-0.094187,0.010726,-0.005150,-0.001745,0.256476,0.134205,0.038311,0.000000,0.227840,0.147073
1771635613.956,1779,1,1,0.0000,0.9999,0.0001,0.0000,0.0000,0.0000,0.0000,0.004629,0.088474,0.002371,0.002809,0.005859,0.001745,0.000000,-0.017914,0.038543,0.006538,0.005236,-0.077505,-0.038581,-0.030973,0.003491,-0.018211,-0.008979,-0.003491,0.003491,-0.157639,0.059099,-0.136691,0.000000,0.343024,0.179525,0.161126,-0.003491,0.201269,0.114160
1771635614.057,1782,1,1,0.0000,0.9999,0.0001,0.0000,0.0000,0.0000,0.0000,0.007876,0.038785,0.001713,0.010298,0.007945,0.003491,0.000000,-0.205520,0.075635,0.010257,0.000000,-0.071790,-0.034304,-0.025965,0.003491,-0.009489,0.001645,-0.003491,0.003491,-0.148651,0.049195,-0.034032,-0.003491,0.110892,0.084124,0.056722,0.000000,0.087977,0.073021
1771635614.158,1785,1,1,0.0000,0.9999,0.0001,0.0000,0.0000,0.0000,0.0000,0.017793,0.031266,0.004565,0.005616,0.007633,0.001745,-0.001745,-0.164223,0.061964,-0.007334,0.005236,-0.070617,-0.033460,-0.013610,0.003491,0.094005,0.047077,-0.003491,0.001745,-0.024538,0.020295,0.025962,-0.003491,0.077748,0.068031,-0.005018,0.000000,0.098053,0.083363
1771635614.259,1788,1,1,0.0000,1.0000,0.0000,0.0000,0.0000,0.0000,0.0000,0.023882,0.044601,0.037095,0.012439,0.032065,0.003491,0.000000,-0.437039,0.059122,-0.107743,0.001745,0.023233,-0.010159,0.093780,0.003491,0.051333,0.050388,-0.003491,0.001745,-0.053885,0.004142,-0.058417,-0.003491,0.090827,0.069352,0.075870,0.000000,0.198671,0.094599
1771635614.359,1791,1,1,0.0000,0.9998,0.0001,0.0001,0.0000,0.0000,0.0000,0.087279,0.030310,0.034236,0.024927,0.027913,0.003491,0.000000,0.260231,0.083264,-0.026964,-0.003491,0.165146,0.074035,0.014747,0.005236,0.309545,0.131653,-0.001745,0.001745,-0.092697,-0.000164,-0.024424,-0.003491,0.107953,0.070721,0.043622,0.001745,0.064956,0.072981
1771635614.460,1794,1,1,0.0000,0.9995,0.0002,0.0003,0.0000,0.0000,0.0000,0.080846,0.016879,0.048723,0.023222,0.037577,0.003491,0.000000,0.131698,0.077062,0.140899,-0.001745,0.129636,0.023247,-0.153117,0.003491,0.229942,0.230680,-0.003491,0.001745,-0.081369,0.006157,-0.007552,-0.003491,-0.021060,0.041521,0.028496,0.000000,0.021732,0.102894
1771635614.563,1797,1,1,0.0000,0.9984,0.0005,0.0011,0.0000,0.0000,0.0001,0.042670,0.008914,0.064734,0.024316,0.045358,0.001745,0.000000,0.164770,0.193389,0.054676,0.001745,-0.087878,0.053674,-0.065148,0.005236,-0.150020,0.036806,-0.001745,0.003491,-0.083307,0.012758,-0.008292,-0.005236,-0.197014,-0.002395,0.025745,0.000000,-0.009362,0.064978
1771635614.663,1800,1,1,0.0000,0.9954,0.0045,0.0000,0.0000,0.0000,0.0001,0.025013,0.025717,0.006336,0.012864,0.019326,0.003491,0.000000,0.209153,-0.048872,0.084020,0.000000,-0.544404,-0.123383,-0.094492,0.003491,-0.698198,-0.430436,-0.001745,0.001745,-0.043486,0.004233,0.030574,-0.005236,0.063884,0.071632,-0.014866,0.000000,-0.010255,0.136539
1771635614.764,1803,1,1,0.0000,0.9963,0.0037,0.0000,0.0000,0.0000,0.0000,0.006629,0.015269,0.006948,0.010670,0.028280,0.003491,0.000000,-0.251324,-0.062785,0.072568,-0.001745,-0.303453,-0.072162,-0.084785,0.003491,-0.414860,-0.193485,-0.001745,0.001745,-0.042346,0.019351,0.123915,-0.003491,-0.084429,0.012141,-0.108207,0.000000,-0.208185,0.026079
1771635614.865,1806,1,1,0.0000,0.9950,0.0050,0.0000,0.0000,0.0000,0.0000,0.002663,0.018341,0.014674,0.011774,0.011000,0.001745,0.000000,-0.151374,-0.053693,0.026717,0.000000,-0.176686,-0.025421,-0.040680,0.003491,-0.231323,-0.114274,-0.001745,0.003491,0.056090,0.029665,0.130850,-0.003491,-0.250956,-0.144083,-0.109906,0.000000,-0.318099,-0.024598
1771635614.965,1809,1,1,0.0000,0.9980,0.0020,0.0000,0.0000,0.0000,0.0000,0.002525,0.012916,0.005072,0.010490,0.011414,0.001745,0.000000,-0.064401,-0.034850,0.021992,0.001745,-0.119717,0.001323,-0.039445,0.003491,-0.182940,-0.083878,-0.003491,0.001745,0.049634,0.010230,0.093382,-0.003491,-0.183246,-0.067290,-0.072438,0.000000,-0.208635,-0.024826
1771635615.065,1812,1,1,0.0000,0.9991,0.0009,0.0000,0.0000,0.0000,0.0000,0.016373,0.009716,0.007177,0.009024,0.004834,0.001745,0.000000,0.191242,-0.037161,-0.005641,0.000000,-0.106233,-0.001312,-0.011812,0.003491,-0.175724,-0.079140,-0.001745,0.001745,0.040402,-0.000800,0.074441,-0.001745,-0.224740,-0.048540,-0.050006,-0.001745,-0.143117,-0.003664
1771635615.165,1815,1,1,0.0000,0.9998,0.0002,0.0000,0.0000,0.0000,0.0000,0.228848,0.022333,0.005780,0.010068,0.013437,0.001745,-0.001745,0.122842,0.169601,-0.058621,0.000000,0.524452,0.296772,0.039422,0.003491,0.869964,0.717886,-0.001745,0.001745,0.199635,0.002343,0.062487,-0.001745,-0.131166,-0.036532,-0.036307,0.001745,-0.122952,0.000046
1771635615.265,1818,1,1,0.0000,0.9999,0.0001,0.0000,0.0000,0.0000,0.0000,0.127643,0.011554,0.016804,0.008177,0.039235,0.003491,0.000000,0.004627,0.092860,-0.157496,0.000000,0.114508,0.096009,0.145278,0.003491,0.626656,0.444795,-0.001745,0.001745,0.078461,-0.002404,0.058443,-0.003491,-0.220014,-0.103834,-0.028773,0.000000,-0.179106,-0.034027
1771635615.370,1821,1,1,0.0000,0.9953,0.0019,0.0023,0.0000,0.0000,0.0004,0.114238,0.027857,0.062947,0.017893,0.072911,0.001745,0.000000,-0.221777,0.070829,-0.414386,0.000000,0.013584,0.044852,0.403914,0.003491,0.446351,0.386092,-0.001745,0.001745,0.242884,0.041944,0.042473,-0.001745,-0.208757,-0.102014,-0.007566,0.005236,-0.317206,-0.243445
1771635615.470,1824,1,1,0.0000,0.9946,0.0043,0.0001,0.0000,0.0000,0.0010,0.107578,0.062999,0.015129,0.022539,0.028731,0.003491,0.000000,-0.229526,0.179579,-0.168251,-0.005236,0.081711,0.140542,0.156033,0.005236,0.352361,0.371978,-0.001745,0.001745,0.252486,0.046971,0.026609,0.000000,0.244131,-0.058332,0.010043,0.000000,0.174006,-0.097362
1771635615.570,1827,1,1,0.0000,0.9927,0.0058,0.0000,0.0000,0.0000,0.0015,0.082357,0.017235,0.009317,0.005371,0.013404,0.003491,0.000000,-0.125338,0.094534,-0.098932,-0.005236,0.179109,0.138883,0.091950,0.005236,0.239027,0.236052,-0.001745,0.000000,0.015616,-0.117931,-0.057664,-0.001745,0.026637,0.027124,0.087335,-0.001745,0.039632,0.010478
1771635615.671,1830,1,1,0.0000,0.9850,0.0146,0.0000,0.0000,0.0000,0.0005,0.065564,0.013245,0.010045,0.004959,0.022090,0.001745,0.000000,-0.096506,0.076302,-0.008487,-0.001745,0.233932,0.163860,0.001505,0.005236,0.149994,0.154195,-0.001745,0.001745,0.015827,-0.094647,0.139618,-0.001745,-0.201074,-0.056995,-0.109948,0.001745,-0.172728,-0.228743
1771635615.772,1833,1,1,0.0001,0.9946,0.0031,0.0000,0.0000,0.0000,0.0022,0.165941,0.136706,0.000000,0.000000,0.000000,0.001745,0.000000,1.579398,-0.675439,0.404913,-0.003491,-0.925015,-0.380545,-0.404913,0.005236,-1.544613,-0.903144,0.000000,0.001745,1.464200,-0.467748,0.172786,-0.001745,-0.581191,-0.144914,-0.148351,0.001745,-0.446801,-0.112508
1771635615.871,1836,1,1,0.0001,0.9224,0.0687,0.0021,0.0000,0.0002,0.0065,0.127975,0.108054,0.026438,0.000000,0.026506,0.001745,0.000000,1.289621,-0.427573,0.240839,-0.003491,-0.685902,-0.230434,-0.239094,0.003491,-1.279271,-0.636009,-0.001745,0.001745,1.179711,-0.277507,0.115190,-0.001745,-0.371751,-0.097790,-0.083774,0.000000,-0.287976,-0.091564
1771635615.972,1839,1,1,0.0001,0.8626,0.1322,0.0003,0.0000,0.0001,0.0047,0.096998,0.083765,0.004377,0.000000,0.004792,0.001745,0.000000,1.012138,-0.256547,0.146599,0.000000,-0.446759,-0.143137,-0.146599,0.003491,-1.020978,-0.382974,0.000000,0.003491,0.917912,-0.169297,0.083774,-0.001745,-0.251323,-0.071611,-0.050613,0.000000,-0.202455,-0.079346
1771635616.072,1842,1,1,0.0010,0.7908,0.2053,0.0001,0.0000,0.0001,0.0026,0.070089,0.059766,0.003324,0.000000,0.003632,0.001745,0.000000,0.741594,-0.162294,0.094242,0.000000,-0.294959,-0.097832,-0.099478,0.003491,-0.776633,-0.232970,0.000000,0.001745,0.652622,-0.102974,0.062830,-0.001745,-0.179765,-0.057648,-0.027924,0.000000,-0.151840,-0.072365
1771635616.172,1845,1,1,0.0965,0.8235,0.0737,0.0005,0.0002,0.0002,0.0054,0.046242,0.038822,0.000888,0.000000,0.001022,0.001745,0.000000,0.486843,-0.101220,0.062829,0.000000,-0.205900,-0.071702,-0.071555,0.003491,-0.548002,-0.149189,0.000000,0.001745,0.408276,-0.059341,0.055849,-0.001745,-0.141368,-0.050667,-0.010470,0.000000,-0.125660,-0.068874
1771635616.274,1848,0,0,0.9168,0.0809,0.0005,0.0002,0.0000,0.0001,0.0015,0.029512,0.026169,0.002724,0.000000,0.002778,0.001745,0.000000,0.298295,-0.064535,0.050608,0.000000,-0.151830,-0.055885,-0.055844,0.003491,-0.342077,-0.096791,0.000000,0.001745,0.261668,-0.036651,0.050613,-0.001745,-0.123914,-0.045431,-0.005234,0.000000,-0.113443,-0.067129
1771635616.376,1851,0,0,0.9978,0.0020,0.0000,0.0000,0.0000,0.0000,0.0002,0.020940,0.019479,0.000406,0.000000,0.000391,0.001745,0.000000,0.202415,-0.043556,0.045373,0.000000,-0.127400,-0.048941,-0.050609,0.001745,-0.235610,-0.068853,0.000000,0.003491,0.177892,-0.017453,0.050613,-0.001745,-0.109952,-0.043685,0.000002,0.001745,-0.113443,-0.067129
1771635616.474,1854,1,1,0.0000,0.9992,0.0008,0.0000,0.0000,0.0000,0.0000,0.016425,0.015406,0.002813,0.000000,0.002808,0.001745,0.000000,0.150005,-0.027920,0.043610,0.000000,-0.113383,-0.043762,-0.043610,0.001745,-0.172732,-0.054860,0.000000,0.001745,0.136004,-0.003490,0.047122,-0.001745,-0.104716,-0.043685,0.000002,0.000000,-0.113443,-0.067129
1771635616.574,1857,1,1,0.0000,0.9999,0.0001,0.0000,0.0000,0.0000,0.0000,0.014238,0.013224,0.001456,0.000000,0.001501,0.001745,0.000000,0.123749,-0.012180,0.043612,0.000000,-0.106412,-0.041895,-0.041867,0.001745,-0.137836,-0.049748,0.000000,0.001745,0.108079,-0.001745,0.047122,-0.001745,-0.104716,-0.041940,0.000002,0.001745,-0.113443,-0.067129
1771635616.674,1860,1,1,0.0000,0.9999,0.0001,0.0000,0.0000,0.0000,0.0000,0.013364,0.012497,0.003286,0.000000,0.003277,0.001745,0.000000,0.114993,-0.005220,0.041879,0.000000,-0.102901,-0.040134,-0.041879,0.001745,-0.120390,-0.046140,0.000000,0.001745,0.101098,0.000000,0.045377,-0.001745,-0.104716,-0.041940,0.000002,0.001745,-0.113443,-0.065384
1771635616.774,1863,1,1,0.0000,0.9999,0.0001,0.0000,0.0000,0.0000,0.0000,0.012502,0.012061,0.001439,0.000000,0.001465,0.001745,0.000000,0.104666,-0.001716,0.041869,0.000000,-0.101198,-0.038446,-0.040124,0.001745,-0.113415,-0.044480,0.000000,0.001745,0.095862,-0.001745,0.045377,-0.001745,-0.104716,-0.041940,0.000002,0.001745,-0.113443,-0.065384
1771635616.875,1866,1,1,0.3942,0.5824,0.0016,0.0200,0.0007,0.0004,0.0007,0.012062,0.012061,0.004830,0.000000,0.004766,0.001745,0.000000,0.101126,-0.001735,0.040126,0.000000,-0.101217,-0.038445,-0.040126,0.001745,-0.113431,-0.044485,0.000000,0.003491,0.094117,-0.001745,0.045377,-0.001745,-0.104716,-0.041940,0.000002,0.001745,-0.113443,-0.065384
1771635616.976,1869,1,0,0.0088,0.9899,0.0004,0.0007,0.0000,0.0000,0.0002,0.011912,0.011916,0.000468,0.000000,0.000504,0.001745,0.000000,0.099330,-0.001736,0.040126,0.000000,-0.099477,-0.038492,-0.038381,0.001745,-0.113427,-0.042677,0.000000,0.001745,0.094117,0.000000,0.045377,-0.001745,-0.104716,-0.041940,0.000002,0.001745,-0.113443,-0.065384
1771635617.076,1872,1,1,0.0000,1.0000,0.0000,0.0000,0.0000,0.0000,0.0000,0.011766,0.011916,0.001491,0.000000,0.001511,0.001745,0.000000,0.097567,-0.001744,0.040140,0.000000,-0.099449,-0.038454,-0.038395,0.001745,-0.113419,-0.042706,0.000000,0.001745,0.094117,0.000000,0.045377,-0.001745,-0.104716,-0.041940,0.000002,0.001745,-0.113443,-0.065384
1771635617.176,1875,1,1,0.0000,0.9999,0.0000,0.0000,0.0000,0.0000,0.0000,0.011764,0.011916,0.000098,0.000000,0.000099,0.001745,0.000000,0.097543,-0.001663,0.040130,0.000000,-0.099444,-0.038387,-0.038385,0.001745,-0.113382,-0.042624,0.000000,0.001745,0.094117,0.000000,0.045377,-0.001745,-0.104716,-0.041940,0.000002,0.001745,-0.113443,-0.065384
1771635617.275,1878,0,0,0.9997,0.0002,0.0000,0.0000,0.0000,0.0000,0.0000,0.011623,0.011770,0.002444,0.000000,0.002660,0.001745,0.000000,0.095861,-0.001727,0.040126,0.000000,-0.099439,-0.038468,-0.038381,0.001745,-0.113400,-0.042606,0.000000,0.001745,0.092371,0.000000,0.045377,-0.001745,-0.104716,-0.040195,0.000002,0.001745,-0.113443,-0.065384
1771635617.376,1881,1,0,0.0449,0.9514,0.0008,0.0017,0.0001,0.0001,0.0010,0.011479,0.011770,0.001224,0.000000,0.001344,0.000000,0.000000,0.095839,0.000025,0.040137,0.000000,-0.097721,-0.038511,-0.038392,0.001745,-0.113438,-0.042689,0.000000,0.001745,0.092371,0.000000,0.045377,-0.001745,-0.104716,-0.040195,0.000002,0.001745,-0.113443,-0.065384
1771635617.476,1884,1,1,0.0001,0.9997,0.0001,0.0000,0.0000,0.0000,0.0000,0.011477,0.011770,0.000908,0.000000,0.000960,0.000000,0.000000,0.095815,0.000030,0.040132,0.000000,-0.097686,-0.038487,-0.038386,0.001745,-0.113432,-0.042696,0.000000,0.001745,0.092371,0.000000,0.045377,-0.001745,-0.104716,-0.040195,0.000002,0.001745,-0.113443,-0.063638
1771635617.577,1887,1,1,0.0058,0.9927,0.0003,0.0007,0.0000,0.0000,0.0005,0.011475,0.011770,0.000810,0.000000,0.000857,0.000000,0.000000,0.095815,0.000007,0.040134,0.000000,-0.097723,-0.038446,-0.036644,0.001745,-0.113441,-0.042704,0.000000,0.001745,0.092371,0.000000,0.045377,-0.001745,-0.104716,-0.040195,0.000002,0.001745,-0.113443,-0.063638
1771635617.677,1890,1,1,0.0064,0.9920,0.0003,0.0008,0.0000,0.0000,0.0005,0.011487,0.011770,0.001093,0.000000,0.001201,0.000000,0.000000,0.095928,0.000046,0.040120,0.000000,-0.097730,-0.036758,-0.038374,0.001745,-0.113420,-0.042679,0.000000,0.001745,0.092371,0.000000,0.045377,-0.001745,-0.104716,-0.040195,0.000002,0.001745,-0.113443,-0.063638
1771635617.777,1893,1,1,0.0074,0.9910,0.0003,0.0008,0.0000,0.0000,0.0005,0.011476,0.011916,0.000749,0.000000,0.000788,0.000000,0.000000,0.095829,0.000006,0.040131,0.000000,-0.097715,-0.036704,-0.038386,0.001745,-0.113434,-0.042637,0.000000,0.003491,0.092371,0.000000,0.045377,-0.001745,-0.104716,-0.040195,0.000002,0.001745,-0.113443,-0.063638
1771635617.877,1896,1,1,0.0089,0.9894,0.0003,0.0008,0.0000,0.0000,0.0005,0.011481,0.011916,0.000000,0.000000,0.000000,0.000000,0.000000,0.095874,0.000029,0.040128,0.000000,-0.097687,-0.036775,-0.036638,0.001745,-0.113402,-0.042608,0.000000,0.003491,0.092371,0.000000,0.045377,-0.001745,-0.104716,-0.040195,0.000002,0.001745,-0.113443,-0.063638
1771635617.978,1899,1,1,0.0132,0.9849,0.0004,0.0009,0.0000,0.0000,0.0006,0.011481,0.011625,0.000000,0.000000,0.000000,0.000000,0.000000,0.095874,0.000029,0.040128,0.000000,-0.095942,-0.036775,-0.036638,0.001745,-0.113402,-0.042608,0.000000,0.001745,0.092371,0.000000,0.043631,-0.001745,-0.104716,-0.040195,0.000002,0.001745,-0.113443,-0.063638
1771635618.078,1902,1,1,0.0185,0.9794,0.0004,0.0010,0.0000,0.0000,0.0007,0.011481,0.011625,0.000000,0.000000,0.000000,0.000000,0.000000,0.095874,0.000029,0.040128,0.000000,-0.094196,-0.036775,-0.036638,0.001745,-0.113402,-0.042608,0.000000,0.001745,0.092371,0.000000,0.043631,-0.001745,-0.104716,-0.040195,0.000002,0.001745,-0.113443,-0.063638
1771635618.179,1905,1,1,0.0112,0.9636,0.0004,0.0213,0.0000,0.0001,0.0034,0.011480,0.011625,1.251148,0.832042,0.756968,0.000000,0.000000,0.095867,0.000001,0.040143,0.000000,-0.094247,-0.036707,-0.036652,0.001745,-0.113446,-0.042693,0.000000,0.001745,0.092377,0.000000,0.043633,-0.001745,-0.104719,-0.040198,0.000000,0.001745,-0.113446,-0.063637
1771635618.279,1908,1,1,0.0028,0.9942,0.0003,0.0012,0.0000,0.0000,0.0015,0.011480,0.011625,0.000000,0.000000,0.000000,0.000000,0.000000,0.095867,0.000001,0.040143,0.000000,-0.092502,-0.036707,-0.036652,0.001745,-0.113446,-0.042693,0.000000,0.001745,0.092377,0.000000,0.043633,-0.001745,-0.104719,-0.040198,0.000000,0.001745,-0.113446,-0.063637
1771635618.380,1911,1,1,0.0014,0.9976,0.0001,0.0003,0.0000,0.0000,0.0005,0.011480,0.011625,0.000000,0.000000,0.000000,0.000000,0.000000,0.095867,0.000001,0.040143,0.000000,-0.092502,-0.036707,-0.036652,0.001745,-0.113446,-0.042693,0.000000,0.001745,0.092377,0.000000,0.043633,-0.001745,-0.104719,-0.040198,0.000000,0.001745,-0.113446,-0.063637
1771635618.481,1914,1,1,0.0027,0.9967,0.0001,0.0002,0.0000,0.0000,0.0004,0.011334,0.011625,0.000000,0.000000,0.000000,0.000000,0.000000,0.095867,0.000001,0.038397,0.000000,-0.092502,-0.036707,-0.036652,0.001745,-0.113446,-0.042693,0.000000,0.001745,0.092377,0.000000,0.043633,-0.001745,-0.104719,-0.040198,0.000000,0.001745,-0.113446,-0.063637
1771635618.581,1917,1,1,0.0075,0.9917,0.0001,0.0002,0.0000,0.0000,0.0005,0.011480,0.011625,0.000000,0.000000,0.000000,0.000000,0.000000,0.095867,0.000001,0.040143,0.000000,-0.092502,-0.036707,-0.036652,0.001745,-0.113446,-0.042693,0.000000,0.001745,0.092377,0.000000,0.043633,-0.001745,-0.104719,-0.040198,0.000000,0.001745,-0.113446,-0.063637
1771635618.682,1920,1,1,0.0148,0.9839,0.0002,0.0003,0.0000,0.0000,0.0008,0.011334,0.011625,0.000000,0.000000,0.000000,0.000000,0.000000,0.095867,0.000001,0.038397,0.000000,-0.092502,-0.036707,-0.036652,0.001745,-0.113446,-0.042693,0.000000,0.001745,0.092377,0.000000,0.043633,-0.001745,-0.104719,-0.040198,0.000000,0.001745,-0.113446,-0.063637
1771635618.782,1923,1,1,0.0236,0.9744,0.0003,0.0006,0.0000,0.0000,0.0011,0.011189,0.011625,0.000000,0.000000,0.000000,0.000000,0.000000,0.094122,0.000001,0.038397,0.000000,-0.092502,-0.036707,-0.036652,0.001745,-0.113446,-0.042693,0.000000,0.001745,0.092377,0.000000,0.043633,-0.001745,-0.104719,-0.040198,0.000000,0.001745,-0.113446,-0.061892
1771635618.884,1926,1,1,0.0368,0.9605,0.0005,0.0009,0.0000,0.0000,0.0013,0.011480,0.011625,0.000000,0.000000,0.000000,0.000000,0.000000,0.095867,0.000001,0.038397,0.000000,-0.090756,-0.036707,-0.036652,0.003491,-0.113446,-0.042693,0.000000,0.001745,0.092377,0.000000,0.043633,-0.001745,-0.104719,-0.040198,0.000000,0.001745,-0.113446,-0.061892
1771635618.982,1929,1,1,0.0975,0.8986,0.0007,0.0013,0.0001,0.0001,0.0016,0.011189,0.011625,0.000000,0.000000,0.000000,0.000000,0.000000,0.094122,0.000001,0.038397,0.000000,-0.090756,-0.036707,-0.036652,0.001745,-0.113446,-0.042693,0.000000,0.001745,0.092377,0.000000,0.043633,-0.001745,-0.104719,-0.040198,0.000000,0.001745,-0.113446,-0.061892
1771635619.082,1932,0,0,0.9762,0.0221,0.0001,0.0011,0.0002,0.0001,0.0001,0.011189,0.010898,0.000000,0.000000,0.000000,0.000000,0.000000,0.094122,0.000001,0.038397,0.000000,-0.087266,-0.036707,-0.036652,0.001745,-0.111701,-0.040948,0.000000,0.001745,0.085396,0.000000,0.041888,-0.001745,-0.095992,-0.040198,0.000000,0.001745,-0.101229,-0.060146
1771635619.182,1935,0,0,0.9943,0.0053,0.0000,0.0003,0.0001,0.0000,0.0001,0.011043,0.010752,0.000000,0.000000,0.000000,0.000000,0.000000,0.092376,0.000001,0.038397,0.000000,-0.087266,-0.034962,-0.036652,0.001745,-0.108210,-0.040948,0.000000,0.001745,0.083650,0.000000,0.041888,-0.001745,-0.094247,-0.038453,0.000000,0.001745,-0.101229,-0.058401
1771635619.282,1938,0,0,0.9944,0.0049,0.0000,0.0004,0.0002,0.0001,0.0001,0.011043,0.010752,0.000000,0.000000,0.000000,0.000000,0.000000,0.092376,0.000001,0.038397,0.000000,-0.087266,-0.034962,-0.036652,0.001745,-0.108210,-0.040948,0.000000,0.001745,0.083650,0.000000,0.041888,-0.001745,-0.094247,-0.038453,0.000000,0.001745,-0.101229,-0.058401
1771635619.382,1941,0,0,0.9934,0.0055,0.0000,0.0005,0.0003,0.0001,0.0001,0.011043,0.010752,0.000000,0.000000,0.000000,0.000000,0.000000,0.092376,0.000001,0.038397,0.000000,-0.087266,-0.034962,-0.036652,0.001745,-0.108210,-0.040948,0.000000,0.001745,0.083650,0.000000,0.041888,-0.001745,-0.094247,-0.038453,0.000000,0.001745,-0.101229,-0.060146
1771635619.484,1944,0,0,0.9932,0.0056,0.0000,0.0006,0.0003,0.0001,0.0001,0.011043,0.010752,0.000000,0.000000,0.000000,0.000000,0.000000,0.092376,0.000001,0.038397,0.000000,-0.087266,-0.034962,-0.036652,0.001745,-0.108210,-0.040948,0.000000,0.001745,0.083650,0.000000,0.041888,-0.001745,-0.094247,-0.038453,0.000000,0.001745,-0.101229,-0.058401
1771635619.583,1947,0,0,0.9928,0.0060,0.0000,0.0006,0.0003,0.0001,0.0001,0.011043,0.011043,0.000000,0.000000,0.000000,0.000000,0.000000,0.092376,0.000001,0.038397,0.000000,-0.087266,-0.034962,-0.036652,0.001745,-0.108210,-0.040948,0.000000,0.003491,0.083650,0.000000,0.041888,-0.001745,-0.094247,-0.038453,0.000000,0.003491,-0.101229,-0.060146
1771635619.683,1950,0,0,0.9920,0.0067,0.0000,0.0007,0.0003,0.0001,0.0001,0.011043,0.010898,0.000000,0.000000,0.000000,0.000000,0.000000,0.092376,0.000001,0.038397,0.000000,-0.087266,-0.034962,-0.036652,0.001745,-0.108210,-0.040948,0.000000,0.003491,0.083650,0.000000,0.041888,-0.001745,-0.094247,-0.038453,0.000000,0.001745,-0.101229,-0.060146
1771635619.784,1953,0,0,0.9945,0.0048,0.0000,0.0004,0.0002,0.0001,0.0001,0.011043,0.010752,0.000000,0.000000,0.000000,0.000000,0.000000,0.092376,0.000001,0.038397,0.000000,-0.087266,-0.034962,-0.036652,0.001745,-0.108210,-0.040948,0.000000,0.001745,0.083650,0.000000,0.041888,-0.001745,-0.094247,-0.038453,0.000000,0.001745,-0.101229,-0.060146
1771635619.884,1956,0,0,0.9956,0.0037,0.0000,0.0004,0.0002,0.0001,0.0001,0.011043,0.010752,0.000000,0.000000,0.000000,0.000000,0.000000,0.092376,0.000001,0.038397,0.000000,-0.087266,-0.034962,-0.036652,0.001745,-0.108210,-0.040948,0.000000,0.001745,0.083650,0.000000,0.041888,-0.001745,-0.094247,-0.038453,0.000000,0.001745,-0.101229,-0.060146
1771635619.984,1959,0,0,0.9955,0.0038,0.0000,0.0004,0.0002,0.0001,0.0001,0.011043,0.010752,0.000000,0.000000,0.000000,0.000000,0.000000,0.092376,0.000001,0.038397,0.000000,-0.087266,-0.034962,-0.036652,0.001745,-0.108210,-0.040948,0.000000,0.001745,0.083650,0.000000,0.041888,-0.001745,-0.094247,-0.038453,0.000000,0.001745,-0.101229,-0.058401
1771635620.084,1962,0,0,0.9955,0.0038,0.0000,0.0004,0.0002,0.0001,0.0001,0.011043,0.010898,0.000000,0.000000,0.000000,0.000000,0.000000,0.092376,0.000001,0.038397,0.000000,-0.087266,-0.034962,-0.036652,0.001745,-0.108210,-0.040948,0.000000,0.003491,0.083650,0.000000,0.041888,-0.001745,-0.094247,-0.038453,0.000000,0.001745,-0.101229,-0.058401
1771635620.187,1965,0,0,0.9954,0.0039,0.0000,0.0004,0.0002,0.0001,0.0001,0.011043,0.010607,0.000000,0.000000,0.000000,0.000000,0.000000,0.092376,0.000001,0.038397,0.000000,-0.087266,-0.034962,-0.036652,0.001745,-0.108210,-0.040948,0.000000,0.001745,0.081905,0.000000,0.041888,-0.001745,-0.094247,-0.038453,0.000000,0.001745,-0.101229,-0.058401
1771635620.288,1968,0,0,0.9955,0.0038,0.0000,0.0004,0.0002,0.0001,0.0001,0.011043,0.010752,0.000000,0.000000,0.000000,0.000000,0.000000,0.092376,0.000001,0.038397,0.000000,-0.087266,-0.034962,-0.036652,0.001745,-0.108210,-0.040948,0.000000,0.001745,0.083650,0.000000,0.041888,-0.001745,-0.094247,-0.038453,0.000000,0.001745,-0.101229,-0.058401
1771635620.388,1971,0,0,0.9956,0.0037,0.0000,0.0004,0.0002,0.0001,0.0001,0.011043,0.010607,0.000000,0.000000,0.000000,0.000000,0.000000,0.092376,0.000001,0.038397,0.000000,-0.087266,-0.034962,-0.036652,0.001745,-0.108210,-0.040948,0.000000,0.001745,0.081905,0.000000,0.041888,-0.001745,-0.094247,-0.038453,0.000000,0.001745,-0.101229,-0.058401
1771635620.489,1974,0,0,0.9957,0.0036,0.0000,0.0004,0.0002,0.0001,0.0001,0.011043,0.010752,0.000000,0.000000,0.000000,0.000000,0.000000,0.092376,0.000001,0.038397,0.000000,-0.087266,-0.034962,-0.036652,0.001745,-0.108210,-0.040948,0.000000,0.001745,0.083650,0.000000,0.041888,-0.001745,-0.094247,-0.038453,0.000000,0.001745,-0.101229,-0.060146
1771635620.589,1977,0,0,0.9957,0.0036,0.0000,0.0004,0.0002,0.0001,0.0001,0.011043,0.010752,0.000000,0.000000,0.000000,0.000000,0.000000,0.092376,0.000001,0.038397,0.000000,-0.087266,-0.034962,-0.036652,0.001745,-0.108210,-0.040948,0.000000,0.001745,0.083650,0.000000,0.041888,-0.001745,-0.094247,-0.038453,0.000000,0.001745,-0.101229,-0.058401
1771635620.689,1980,0,0,0.9956,0.0037,0.0000,0.0004,0.0002,0.0001,0.0001,0.011043,0.010752,0.000000,0.000000,0.000000,0.000000,0.000000,0.092376,0.000001,0.038397,0.000000,-0.087266,-0.036707,-0.036652,0.001745,-0.108210,-0.040948,0.000000,0.001745,0.083650,0.000000,0.041888,-0.001745,-0.094247,-0.038453,0.000000,0.001745,-0.101229,-0.060146
1771635620.790,1983,0,0,0.9956,0.0037,0.0000,0.0004,0.0002,0.0001,0.0001,0.011043,0.010752,0.000000,0.000000,0.000000,0.000000,0.000000,0.092376,0.000001,0.038397,0.000000,-0.087266,-0.034962,-0.036652,0.001745,-0.108210,-0.040948,0.000000,0.001745,0.083650,0.000000,0.041888,-0.001745,-0.094247,-0.038453,0.000000,0.001745,-0.101229,-0.060146
1771635620.890,1986,0,0,0.9956,0.0037,0.0000,0.0004,0.0002,0.0001,0.0001,0.011043,0.010752,0.000000,0.000000,0.000000,0.000000,0.000000,0.092376,0.000001,0.038397,0.000000,-0.087266,-0.034962,-0.036652,0.001745,-0.108210,-0.040948,0.000000,0.001745,0.083650,0.000000,0.041888,-0.001745,-0.094247,-0.038453,0.000000,0.001745,-0.101229,-0.060146
1771635620.990,1989,0,0,0.9956,0.0037,0.0000,0.0004,0.0002,0.0001,0.0001,0.011043,0.010752,0.000000,0.000000,0.000000,0.000000,0.000000,0.092376,0.000001,0.038397,0.000000,-0.087266,-0.034962,-0.036652,0.001745,-0.108210,-0.040948,0.000000,0.001745,0.083650,0.000000,0.041888,-0.001745,-0.094247,-0.038453,0.000000,0.001745,-0.101229,-0.058401
1771635621.090,1992,0,0,0.9956,0.0037,0.0000,0.0004,0.0002,0.0001,0.0001,0.011043,0.010752,0.000000,0.000000,0.000000,0.000000,0.000000,0.092376,0.000001,0.038397,0.000000,-0.087266,-0.034962,-0.036652,0.001745,-0.108210,-0.040948,0.000000,0.001745,0.083650,0.000000,0.041888,-0.001745,-0.094247,-0.038453,0.000000,0.001745,-0.101229,-0.060146
1771635621.190,1995,0,0,0.9956,0.0037,0.0000,0.0004,0.0002,0.0001,0.0001,0.011043,0.010752,0.000000,0.000000,0.000000,0.000000,0.000000,0.092376,0.000001,0.038397,0.000000,-0.087266,-0.034962,-0.036652,0.001745,-0.108210,-0.040948,0.000000,0.001745,0.083650,0.000000,0.041888,-0.001745,-0.094247,-0.038453,0.000000,0.001745,-0.101229,-0.058401
1771635621.291,1998,0,0,0.9956,0.0037,0.0000,0.0004,0.0002,0.0001,0.0001,0.011043,0.010898,0.000000,0.000000,0.000000,0.000000,0.000000,0.092376,0.000001,0.038397,0.000000,-0.087266,-0.034962,-0.036652,0.001745,-0.108210,-0.040948,0.000000,0.003491,0.083650,0.000000,0.041888,-0.001745,-0.094247,-0.038453,0.000000,0.001745,-0.101229,-0.058401
1771635621.391,2001,0,0,0.9956,0.0037,0.0000,0.0004,0.0002,0.0001,0.0001,0.011043,0.010752,0.000000,0.000000,0.000000,0.000000,0.000000,0.092376,0.000001,0.038397,0.000000,-0.087266,-0.034962,-0.036652,0.001745,-0.108210,-0.040948,0.000000,0.001745,0.083650,0.000000,0.041888,-0.001745,-0.094247,-0.038453,0.000000,0.001745,-0.101229,-0.058401
1771635621.491,2004,0,0,0.9956,0.0037,0.0000,0.0004,0.0002,0.0001,0.0001,0.011043,0.010752,0.000000,0.000000,0.000000,0.000000,0.000000,0.092376,0.000001,0.038397,0.000000,-0.087266,-0.034962,-0.036652,0.001745,-0.108210,-0.040948,0.000000,0.001745,0.083650,0.000000,0.041888,-0.001745,-0.094247,-0.038453,0.000000,0.001745,-0.101229,-0.058401
1771635621.592,2007,0,0,0.9956,0.0037,0.0000,0.0004,0.0002,0.0001,0.0001,0.011043,0.010752,0.000000,0.000000,0.000000,0.000000,0.000000,0.092376,0.000001,0.038397,0.000000,-0.087266,-0.034962,-0.036652,0.001745,-0.108210,-0.040948,0.000000,0.001745,0.083650,0.000000,0.041888,-0.001745,-0.094247,-0.038453,0.000000,0.001745,-0.101229,-0.058401
1771635621.692,2010,0,0,0.9956,0.0037,0.0000,0.0004,0.0002,0.0001,0.0001,0.011043,0.010898,0.000000,0.000000,0.000000,0.000000,0.000000,0.092376,0.000001,0.038397,0.000000,-0.087266,-0.034962,-0.036652,0.001745,-0.108210,-0.040948,0.000000,0.003491,0.083650,0.000000,0.041888,-0.001745,-0.094247,-0.038453,0.000000,0.001745,-0.101229,-0.058401
1771635621.793,2013,0,0,0.9956,0.0037,0.0000,0.0004,0.0002,0.0001,0.0001,0.011189,0.010752,0.000000,0.000000,0.000000,0.000000,0.000000,0.092376,0.000001,0.038397,0.000000,-0.087266,-0.034962,-0.036652,0.003491,-0.108210,-0.040948,0.000000,0.001745,0.083650,0.000000,0.041888,-0.001745,-0.094247,-0.038453,0.000000,0.001745,-0.101229,-0.060146
1771635621.893,2016,0,0,0.9956,0.0037,0.0000,0.0004,0.0002,0.0001,0.0001,0.011043,0.010752,0.000000,0.000000,0.000000,0.000000,0.000000,0.092376,0.000001,0.038397,0.000000,-0.087266,-0.034962,-0.036652,0.001745,-0.108210,-0.040948,0.000000,0.001745,0.083650,0.000000,0.041888,-0.001745,-0.094247,-0.038453,0.000000,0.001745,-0.101229,-0.060146
1771635621.993,2019,0,0,0.9956,0.0037,0.0000,0.0004,0.0002,0.0001,0.0001,0.011043,0.010752,0.000000,0.000000,0.000000,0.000000,0.000000,0.092376,0.000001,0.038397,0.000000,-0.087266,-0.034962,-0.036652,0.001745,-0.108210,-0.040948,0.000000,0.001745,0.083650,0.000000,0.041888,-0.001745,-0.094247,-0.038453,0.000000,0.001745,-0.101229,-0.060146
1771635622.093,2022,0,0,0.9956,0.0037,0.0000,0.0004,0.0002,0.0001,0.0001,0.011043,0.010752,0.000000,0.000000,0.000000,0.000000,0.000000,0.092376,0.000001,0.038397,0.000000,-0.087266,-0.034962,-0.036652,0.001745,-0.108210,-0.040948,0.000000,0.001745,0.083650,0.000000,0.041888,-0.001745,-0.094247,-0.038453,0.000000,0.001745,-0.101229,-0.060146
1771635622.193,2025,0,0,0.9956,0.0037,0.0000,0.0004,0.0002,0.0001,0.0001,0.011043,0.010898,0.000000,0.000000,0.000000,0.000000,0.000000,0.092376,0.000001,0.038397,0.000000,-0.087266,-0.034962,-0.036652,0.001745,-0.108210,-0.040948,0.000000,0.003491,0.083650,0.000000,0.041888,-0.001745,-0.094247,-0.038453,0.000000,0.001745,-0.101229,-0.058401
1771635622.294,2028,0,0,0.9956,0.0037,0.0000,0.0004,0.0002,0.0001,0.0001,0.011043,0.010752,0.000000,0.000000,0.000000,0.000000,0.000000,0.092376,0.000001,0.038397,0.000000,-0.087266,-0.034962,-0.036652,0.001745,-0.108210,-0.040948,0.000000,0.001745,0.083650,0.000000,0.041888,-0.001745,-0.094247,-0.038453,0.000000,0.001745,-0.101229,-0.058401
1771635622.394,2031,0,0,0.9956,0.0037,0.0000,0.0004,0.0002,0.0001,0.0001,0.011043,0.010752,0.000000,0.000000,0.000000,0.000000,0.000000,0.092376,0.000001,0.038397,0.000000,-0.087266,-0.034962,-0.036652,0.001745,-0.108210,-0.040948,0.000000,0.001745,0.083650,0.000000,0.041888,-0.001745,-0.094247,-0.038453,0.000000,0.001745,-0.101229,-0.058401
1771635622.494,2034,0,0,0.9956,0.0037,0.0000,0.0004,0.0002,0.0001,0.0001,0.011043,0.010752,0.000000,0.000000,0.000000,0.000000,0.000000,0.092376,0.000001,0.038397,0.000000,-0.087266,-0.034962,-0.036652,0.001745,-0.108210,-0.040948,0.000000,0.001745,0.083650,0.000000,0.041888,-0.001745,-0.094247,-0.038453,0.000000,0.001745,-0.101229,-0.058401
1771635622.595,2037,0,0,0.9956,0.0037,0.0000,0.0004,0.0002,0.0001,0.0001,0.011043,0.010752,0.000000,0.000000,0.000000,0.000000,0.000000,0.092376,0.000001,0.038397,0.000000,-0.087266,-0.034962,-0.036652,0.001745,-0.108210,-0.040948,0.000000,0.001745,0.083650,0.000000,0.041888,-0.001745,-0.094247,-0.038453,0.000000,0.001745,-0.101229,-0.060146
1771635622.694,2040,0,0,0.9956,0.0037,0.0000,0.0004,0.0002,0.0001,0.0001,0.011043,0.010898,0.000000,0.000000,0.000000,0.000000,0.000000,0.092376,0.000001,0.038397,0.000000,-0.087266,-0.034962,-0.036652,0.001745,-0.108210,-0.040948,0.000000,0.003491,0.083650,0.000000,0.041888,-0.001745,-0.094247,-0.038453,0.000000,0.001745,-0.101229,-0.058401
1771635622.795,2043,0,0,0.9956,0.0037,0.0000,0.0004,0.0002,0.0001,0.0001,0.011043,0.010752,0.000000,0.000000,0.000000,0.000000,0.000000,0.092376,0.000001,0.038397,0.000000,-0.087266,-0.034962,-0.036652,0.001745,-0.108210,-0.040948,0.000000,0.001745,0.083650,0.000000,0.041888,-0.001745,-0.094247,-0.038453,0.000000,0.001745,-0.101229,-0.058401
1771635622.895,2046,0,0,0.9956,0.0037,0.0000,0.0004,0.0002,0.0001,0.0001,0.011043,0.010752,0.000000,0.000000,0.000000,0.000000,0.000000,0.092376,0.000001,0.038397,0.000000,-0.087266,-0.034962,-0.036652,0.001745,-0.108210,-0.040948,0.000000,0.001745,0.083650,0.000000,0.041888,-0.001745,-0.094247,-0.038453,0.000000,0.001745,-0.101229,-0.058401
1771635622.995,2049,0,0,0.9956,0.0037,0.0000,0.0004,0.0002,0.0001,0.0001,0.011043,0.010898,0.000000,0.000000,0.000000,0.000000,0.000000,0.092376,0.000001,0.038397,0.000000,-0.087266,-0.034962,-0.036652,0.001745,-0.108210,-0.040948,0.000000,0.003491,0.083650,0.000000,0.041888,-0.001745,-0.094247,-0.038453,0.000000,0.001745,-0.101229,-0.060146
1771635623.095,2052,0,0,0.9956,0.0037,0.0000,0.0004,0.0002,0.0001,0.0001,0.011043,0.010752,0.000000,0.000000,0.000000,0.000000,0.000000,0.092376,0.000001,0.038397,0.000000,-0.087266,-0.034962,-0.036652,0.001745,-0.108210,-0.040948,0.000000,0.001745,0.083650,0.000000,0.041888,-0.001745,-0.094247,-0.038453,0.000000,0.001745,-0.101229,-0.058401
1771635623.196,2055,0,0,0.9956,0.0037,0.0000,0.0004,0.0002,0.0001,0.0001,0.011043,0.010752,0.000000,0.000000,0.000000,0.000000,0.000000,0.092376,0.000001,0.038397,0.000000,-0.087266,-0.034962,-0.036652,0.001745,-0.108210,-0.040948,0.000000,0.001745,0.083650,0.000000,0.041888,-0.001745,-0.094247,-0.038453,0.000000,0.001745,-0.101229,-0.058401
1771635623.296,2058,0,0,0.9956,0.0037,0.0000,0.0004,0.0002,0.0001,0.0001,0.011043,0.010752,0.000000,0.000000,0.000000,0.000000,0.000000,0.092376,0.000001,0.038397,0.000000,-0.087266,-0.034962,-0.036652,0.001745,-0.108210,-0.040948,0.000000,0.001745,0.083650,0.000000,0.041888,-0.001745,-0.094247,-0.038453,0.000000,0.001745,-0.101229,-0.058401
1771635623.396,2061,0,0,0.9956,0.0037,0.0000,0.0004,0.0002,0.0001,0.0001,0.011043,0.010752,0.000000,0.000000,0.000000,0.000000,0.000000,0.092376,0.000001,0.038397,0.000000,-0.087266,-0.034962,-0.036652,0.001745,-0.108210,-0.040948,0.000000,0.001745,0.083650,0.000000,0.041888,-0.001745,-0.094247,-0.038453,0.000000,0.001745,-0.101229,-0.058401
1771635623.497,2064,0,0,0.9956,0.0037,0.0000,0.0004,0.0002,0.0001,0.0001,0.011043,0.010752,0.000000,0.000000,0.000000,0.000000,0.000000,0.092376,0.000001,0.038397,0.000000,-0.087266,-0.034962,-0.036652,0.001745,-0.108210,-0.042693,0.000000,0.001745,0.083650,0.000000,0.041888,-0.001745,-0.094247,-0.038453,0.000000,0.001745,-0.101229,-0.060146
1771635623.597,2067,0,0,0.9956,0.0037,0.0000,0.0004,0.0002,0.0001,0.0001,0.011043,0.010752,0.000000,0.000000,0.000000,0.000000,0.000000,0.092376,0.000001,0.038397,0.000000,-0.087266,-0.034962,-0.036652,0.001745,-0.108210,-0.040948,0.000000,0.001745,0.083650,0.000000,0.041888,-0.001745,-0.094247,-0.038453,0.000000,0.001745,-0.101229,-0.060146
1771635623.697,2070,0,0,0.9956,0.0037,0.0000,0.0004,0.0002,0.0001,0.0001,0.011043,0.010752,0.000000,0.000000,0.000000,0.000000,0.000000,0.092376,0.000001,0.038397,0.000000,-0.087266,-0.034962,-0.036652,0.001745,-0.108210,-0.040948,0.000000,0.001745,0.083650,0.000000,0.041888,-0.001745,-0.094247,-0.038453,0.000000,0.001745,-0.101229,-0.058401
1771635623.798,2073,0,0,0.9956,0.0037,0.0000,0.0004,0.0002,0.0001,0.0001,0.011043,0.010752,0.000000,0.000000,0.000000,0.000000,0.000000,0.092376,0.000001,0.038397,0.000000,-0.087266,-0.034962,-0.036652,0.001745,-0.108210,-0.040948,0.000000,0.001745,0.083650,0.000000,0.041888,-0.001745,-0.094247,-0.038453,0.000000,0.001745,-0.101229,-0.060146
1771635623.898,2076,0,0,0.9956,0.0037,0.0000,0.0004,0.0002,0.0001,0.0001,0.011043,0.010752,0.000000,0.000000,0.000000,0.000000,0.000000,0.092376,0.000001,0.038397,0.000000,-0.087266,-0.034962,-0.036652,0.001745,-0.108210,-0.040948,0.000000,0.001745,0.083650,0.000000,0.041888,-0.001745,-0.094247,-0.038453,0.000000,0.001745,-0.101229,-0.060146
1771635623.999,2079,0,0,0.9956,0.0037,0.0000,0.0004,0.0002,0.0001,0.0001,0.011043,0.010752,0.000000,0.000000,0.000000,0.000000,0.000000,0.092376,0.000001,0.038397,0.000000,-0.087266,-0.034962,-0.036652,0.001745,-0.108210,-0.040948,0.000000,0.001745,0.083650,0.000000,0.041888,-0.001745,-0.094247,-0.038453,0.000000,0.001745,-0.101229,-0.058401
1771635624.099,2082,0,0,0.9956,0.0037,0.0000,0.0004,0.0002,0.0001,0.0001,0.011043,0.010752,0.000000,0.000000,0.000000,0.000000,0.000000,0.092376,0.000001,0.038397,0.000000,-0.087266,-0.034962,-0.036652,0.001745,-0.108210,-0.040948,0.000000,0.001745,0.083650,0.000000,0.041888,-0.001745,-0.094247,-0.038453,0.000000,0.001745,-0.101229,-0.058401
1771635624.199,2085,0,0,0.9956,0.0037,0.0000,0.0004,0.0002,0.0001,0.0001,0.011043,0.010752,0.000000,0.000000,0.000000,0.000000,0.000000,0.092376,0.000001,0.038397,0.000000,-0.087266,-0.034962,-0.036652,0.001745,-0.108210,-0.040948,0.000000,0.001745,0.083650,0.000000,0.041888,-0.001745,-0.094247,-0.038453,0.000000,0.001745,-0.101229,-0.058401
1771635624.299,2088,0,0,0.9956,0.0037,0.0000,0.0004,0.0002,0.0001,0.0001,0.011043,0.010752,0.000000,0.000000,0.000000,0.000000,0.000000,0.092376,0.000001,0.038397,0.000000,-0.087266,-0.034962,-0.036652,0.001745,-0.108210,-0.040948,0.000000,0.001745,0.083650,0.000000,0.041888,-0.001745,-0.094247,-0.038453,0.000000,0.001745,-0.101229,-0.060146
1771635624.399,2091,0,0,0.9956,0.0037,0.0000,0.0004,0.0002,0.0001,0.0001,0.011043,0.010752,0.000000,0.000000,0.000000,0.000000,0.000000,0.092376,0.000001,0.038397,0.000000,-0.087266,-0.034962,-0.036652,0.001745,-0.108210,-0.040948,0.000000,0.001745,0.083650,0.000000,0.041888,-0.001745,-0.094247,-0.038453,0.000000,0.001745,-0.101229,-0.058401
1771635624.499,2094,0,0,0.9956,0.0037,0.0000,0.0004,0.0002,0.0001,0.0001,0.011043,0.010607,0.000000,0.000000,0.000000,0.000000,0.000000,0.092376,0.000001,0.038397,0.000000,-0.087266,-0.034962,-0.036652,0.001745,-0.108210,-0.040948,0.000000,0.001745,0.081905,0.000000,0.041888,-0.001745,-0.094247,-0.038453,0.000000,0.001745,-0.101229,-0.058401
1771635624.599,2097,0,0,0.9956,0.0037,0.0000,0.0004,0.0002,0.0001,0.0001,0.011043,0.010752,0.000000,0.000000,0.000000,0.000000,0.000000,0.092376,0.000001,0.038397,0.000000,-0.087266,-0.034962,-0.036652,0.001745,-0.108210,-0.040948,0.000000,0.001745,0.083650,0.000000,0.041888,-0.001745,-0.094247,-0.038453,0.000000,0.001745,-0.101229,-0.058401
1771635624.700,2100,0,0,0.9956,0.0037,0.0000,0.0004,0.0002,0.0001,0.0001,0.011043,0.010752,0.000000,0.000000,0.000000,0.000000,0.000000,0.092376,0.000001,0.038397,0.000000,-0.087266,-0.034962,-0.036652,0.001745,-0.108210,-0.040948,0.000000,0.001745,0.083650,0.000000,0.041888,-0.001745,-0.094247,-0.038453,0.000000,0.001745,-0.101229,-0.060146
1771635624.800,2103,0,0,0.9956,0.0037,0.0000,0.0004,0.0002,0.0001,0.0001,0.011043,0.010752,0.000000,0.000000,0.000000,0.000000,0.000000,0.092376,0.000001,0.038397,0.000000,-0.087266,-0.034962,-0.036652,0.001745,-0.108210,-0.040948,0.000000,0.001745,0.083650,0.000000,0.041888,-0.001745,-0.094247,-0.038453,0.000000,0.001745,-0.101229,-0.058401
1771635624.901,2106,0,0,0.9956,0.0037,0.0000,0.0004,0.0002,0.0001,0.0001,0.011043,0.010752,0.000000,0.000000,0.000000,0.000000,0.000000,0.092376,0.000001,0.038397,0.000000,-0.087266,-0.034962,-0.036652,0.001745,-0.108210,-0.040948,0.000000,0.001745,0.083650,0.000000,0.041888,-0.001745,-0.094247,-0.038453,0.000000,0.001745,-0.101229,-0.058401
1771635625.001,2109,0,0,0.9956,0.0037,0.0000,0.0004,0.0002,0.0001,0.0001,0.011043,0.010752,0.000000,0.000000,0.000000,0.000000,0.000000,0.092376,0.000001,0.038397,0.000000,-0.087266,-0.034962,-0.036652,0.001745,-0.108210,-0.040948,0.000000,0.001745,0.083650,0.000000,0.041888,-0.001745,-0.094247,-0.038453,0.000000,0.001745,-0.101229,-0.060146
1771635625.101,2112,0,0,0.9956,0.0037,0.0000,0.0004,0.0002,0.0001,0.0001,0.011043,0.010752,0.000000,0.000000,0.000000,0.000000,0.000000,0.092376,0.000001,0.038397,0.000000,-0.087266,-0.036707,-0.036652,0.001745,-0.108210,-0.040948,0.000000,0.001745,0.083650,0.000000,0.041888,-0.001745,-0.094247,-0.038453,0.000000,0.001745,-0.101229,-0.058401
1771635625.203,2115,0,0,0.9956,0.0037,0.0000,0.0004,0.0002,0.0001,0.0001,0.011043,0.010752,0.000000,0.000000,0.000000,0.000000,0.000000,0.092376,0.000001,0.038397,0.000000,-0.087266,-0.034962,-0.036652,0.001745,-0.108210,-0.040948,0.000000,0.001745,0.083650,0.000000,0.041888,-0.001745,-0.094247,-0.038453,0.000000,0.001745,-0.101229,-0.058401
1771635625.302,2118,0,0,0.9956,0.0037,0.0000,0.0004,0.0002,0.0001,0.0001,0.011043,0.010752,0.000000,0.000000,0.000000,0.000000,0.000000,0.092376,0.000001,0.038397,0.000000,-0.087266,-0.034962,-0.036652,0.001745,-0.108210,-0.040948,0.000000,0.001745,0.083650,0.000000,0.041888,-0.001745,-0.094247,-0.038453,0.000000,0.001745,-0.101229,-0.058401
1771635625.402,2121,0,0,0.9956,0.0037,0.0000,0.0004,0.0002,0.0001,0.0001,0.011043,0.010752,0.000000,0.000000,0.000000,0.000000,0.000000,0.092376,0.000001,0.038397,0.000000,-0.087266,-0.034962,-0.036652,0.001745,-0.108210,-0.040948,0.000000,0.001745,0.083650,0.000000,0.041888,-0.001745,-0.094247,-0.038453,0.000000,0.001745,-0.101229,-0.058401
1771635625.503,2124,0,0,0.9956,0.0037,0.0000,0.0004,0.0002,0.0001,0.0001,0.011043,0.010752,0.000000,0.000000,0.000000,0.000000,0.000000,0.092376,0.000001,0.038397,0.000000,-0.087266,-0.034962,-0.036652,0.001745,-0.108210,-0.040948,0.000000,0.001745,0.083650,0.000000,0.041888,-0.001745,-0.094247,-0.038453,0.000000,0.001745,-0.101229,-0.058401
1771635625.603,2127,0,0,0.9956,0.0037,0.0000,0.0004,0.0002,0.0001,0.0001,0.011043,0.010898,0.000000,0.000000,0.000000,0.000000,0.000000,0.092376,0.000001,0.038397,0.000000,-0.087266,-0.034962,-0.036652,0.001745,-0.108210,-0.040948,0.000000,0.003491,0.083650,0.000000,0.041888,-0.001745,-0.094247,-0.038453,0.000000,0.001745,-0.101229,-0.060146
1771635625.703,2130,0,0,0.9956,0.0037,0.0000,0.0004,0.0002,0.0001,0.0001,0.011189,0.010752,0.000000,0.000000,0.000000,0.000000,0.000000,0.092376,0.000001,0.038397,0.000000,-0.087266,-0.034962,-0.036652,0.003491,-0.108210,-0.040948,0.000000,0.001745,0.083650,0.000000,0.041888,-0.001745,-0.094247,-0.038453,0.000000,0.001745,-0.101229,-0.060146
1771635625.803,2133,0,0,0.9956,0.0037,0.0000,0.0004,0.0002,0.0001,0.0001,0.011043,0.010898,0.000000,0.000000,0.000000,0.000000,0.000000,0.092376,0.000001,0.038397,0.000000,-0.087266,-0.034962,-0.036652,0.001745,-0.108210,-0.040948,0.000000,0.003491,0.083650,0.000000,0.041888,-0.001745,-0.094247,-0.038453,0.000000,0.001745,-0.101229,-0.058401
1771635625.903,2136,0,0,0.9956,0.0037,0.0000,0.0004,0.0002,0.0001,0.0001,0.011043,0.010898,0.000000,0.000000,0.000000,0.000000,0.000000,0.092376,0.000001,0.038397,0.000000,-0.087266,-0.034962,-0.036652,0.001745,-0.108210,-0.040948,0.000000,0.003491,0.083650,0.000000,0.041888,-0.001745,-0.094247,-0.038453,0.000000,0.001745,-0.101229,-0.058401
1771635626.004,2139,0,0,0.9956,0.0037,0.0000,0.0004,0.0002,0.0001,0.0001,0.011043,0.010898,0.000000,0.000000,0.000000,0.000000,0.000000,0.092376,0.000001,0.038397,0.000000,-0.087266,-0.034962,-0.036652,0.001745,-0.108210,-0.040948,0.000000,0.003491,0.083650,0.000000,0.041888,-0.001745,-0.094247,-0.038453,0.000000,0.001745,-0.101229,-0.060146
1771635626.104,2142,0,0,0.9956,0.0037,0.0000,0.0004,0.0002,0.0001,0.0001,0.011043,0.011043,0.000000,0.000000,0.000000,0.000000,0.000000,0.092376,0.000001,0.038397,0.000000,-0.087266,-0.034962,-0.036652,0.001745,-0.108210,-0.040948,0.000000,0.005236,0.083650,0.000000,0.041888,-0.001745,-0.094247,-0.038453,0.000000,0.001745,-0.101229,-0.058401
1771635626.204,2145,0,0,0.9956,0.0037,0.0000,0.0004,0.0002,0.0001,0.0001,0.011043,0.010898,0.000000,0.000000,0.000000,0.000000,0.000000,0.092376,0.000001,0.038397,0.000000,-0.087266,-0.034962,-0.036652,0.001745,-0.108210,-0.040948,0.000000,0.003491,0.083650,0.000000,0.041888,-0.001745,-0.094247,-0.038453,0.000000,0.001745,-0.101229,-0.060146
1771635626.304,2148,0,0,0.9956,0.0037,0.0000,0.0004,0.0002,0.0001,0.0001,0.011043,0.010898,0.000000,0.000000,0.000000,0.000000,0.000000,0.092376,0.000001,0.038397,0.000000,-0.087266,-0.034962,-0.036652,0.001745,-0.108210,-0.040948,0.000000,0.003491,0.083650,0.000000,0.041888,-0.001745,-0.094247,-0.038453,0.000000,0.001745,-0.101229,-0.058401
1771635626.404,2151,0,0,0.9956,0.0037,0.0000,0.0004,0.0002,0.0001,0.0001,0.011043,0.011043,0.000000,0.000000,0.000000,0.000000,0.000000,0.092376,0.000001,0.038397,0.000000,-0.087266,-0.034962,-0.036652,0.001745,-0.108210,-0.040948,0.000000,0.005236,0.083650,0.000000,0.041888,-0.001745,-0.094247,-0.038453,0.000000,0.001745,-0.101229,-0.060146
1771635626.505,2154,0,0,0.9956,0.0037,0.0000,0.0004,0.0002,0.0001,0.0001,0.011043,0.011043,0.000000,0.000000,0.000000,0.000000,0.000000,0.092376,0.000001,0.038397,0.000000,-0.087266,-0.034962,-0.036652,0.001745,-0.108210,-0.040948,0.000000,0.005236,0.083650,0.000000,0.041888,-0.001745,-0.094247,-0.038453,0.000000,0.001745,-0.101229,-0.060146
1771635626.605,2157,0,0,0.9956,0.0037,0.0000,0.0004,0.0002,0.0001,0.0001,0.011043,0.011043,0.000000,0.000000,0.000000,0.000000,0.000000,0.092376,0.000001,0.038397,0.000000,-0.087266,-0.034962,-0.036652,0.001745,-0.108210,-0.040948,0.000000,0.005236,0.083650,0.000000,0.041888,-0.001745,-0.094247,-0.038453,0.000000,0.001745,-0.101229,-0.060146
1771635626.706,2160,0,0,0.9956,0.0037,0.0000,0.0004,0.0002,0.0001,0.0001,0.011043,0.010898,0.000000,0.000000,0.000000,0.000000,0.000000,0.092376,0.000001,0.038397,0.000000,-0.087266,-0.034962,-0.036652,0.001745,-0.108210,-0.040948,0.000000,0.003491,0.083650,0.000000,0.041888,-0.001745,-0.094247,-0.038453,0.000000,0.001745,-0.101229,-0.058401
1771635626.806,2163,0,0,0.9956,0.0037,0.0000,0.0004,0.0002,0.0001,0.0001,0.011043,0.010898,0.000000,0.000000,0.000000,0.000000,0.000000,0.092376,0.000001,0.038397,0.000000,-0.087266,-0.034962,-0.036652,0.001745,-0.108210,-0.040948,0.000000,0.003491,0.083650,0.000000,0.041888,-0.001745,-0.094247,-0.038453,0.000000,0.001745,-0.101229,-0.058401
1771635626.906,2166,0,0,0.9956,0.0037,0.0000,0.0004,0.0002,0.0001,0.0001,0.011043,0.011043,0.000000,0.000000,0.000000,0.000000,0.000000,0.092376,0.000001,0.038397,0.000000,-0.087266,-0.034962,-0.036652,0.001745,-0.108210,-0.040948,0.000000,0.005236,0.083650,0.000000,0.041888,-0.001745,-0.094247,-0.038453,0.000000,0.001745,-0.101229,-0.058401
1771635627.006,2169,0,0,0.9956,0.0037,0.0000,0.0004,0.0002,0.0001,0.0001,0.011043,0.010898,0.000000,0.000000,0.000000,0.000000,0.000000,0.092376,0.000001,0.038397,0.000000,-0.087266,-0.034962,-0.036652,0.001745,-0.108210,-0.040948,0.000000,0.003491,0.083650,0.000000,0.041888,-0.001745,-0.094247,-0.038453,0.000000,0.001745,-0.101229,-0.060146
1771635627.107,2172,0,0,0.9956,0.0037,0.0000,0.0004,0.0002,0.0001,0.0001,0.011043,0.010752,0.000000,0.000000,0.000000,0.000000,0.000000,0.092376,0.000001,0.038397,0.000000,-0.087266,-0.034962,-0.036652,0.001745,-0.108210,-0.040948,0.000000,0.003491,0.081905,0.000000,0.041888,-0.001745,-0.094247,-0.038453,0.000000,0.001745,-0.101229,-0.060146
1771635627.207,2175,0,0,0.9956,0.0037,0.0000,0.0004,0.0002,0.0001,0.0001,0.011043,0.010752,0.000000,0.000000,0.000000,0.000000,0.000000,0.092376,0.000001,0.038397,0.000000,-0.087266,-0.034962,-0.036652,0.001745,-0.108210,-0.040948,0.000000,0.001745,0.083650,0.000000,0.041888,-0.001745,-0.094247,-0.038453,0.000000,0.001745,-0.101229,-0.060146
1771635627.307,2178,0,0,0.9956,0.0037,0.0000,0.0004,0.0002,0.0001,0.0001,0.011043,0.010898,0.000000,0.000000,0.000000,0.000000,0.000000,0.092376,0.000001,0.038397,0.000000,-0.087266,-0.034962,-0.036652,0.001745,-0.108210,-0.040948,0.000000,0.003491,0.083650,0.000000,0.041888,-0.001745,-0.094247,-0.038453,0.000000,0.001745,-0.101229,-0.058401
1771635627.407,2181,0,0,0.9956,0.0037,0.0000,0.0004,0.0002,0.0001,0.0001,0.011043,0.011043,0.000000,0.000000,0.000000,0.000000,0.000000,0.092376,0.000001,0.038397,0.000000,-0.087266,-0.034962,-0.036652,0.001745,-0.108210,-0.040948,0.000000,0.005236,0.083650,0.000000,0.041888,-0.001745,-0.094247,-0.038453,0.000000,0.001745,-0.101229,-0.058401
1771635627.507,2184,0,0,0.9956,0.0037,0.0000,0.0004,0.0002,0.0001,0.0001,0.011043,0.011043,0.000000,0.000000,0.000000,0.000000,0.000000,0.092376,0.000001,0.038397,0.000000,-0.087266,-0.034962,-0.036652,0.001745,-0.108210,-0.040948,0.000000,0.005236,0.083650,0.000000,0.041888,-0.001745,-0.094247,-0.038453,0.000000,0.001745,-0.101229,-0.058401
1771635627.607,2187,0,0,0.9956,0.0037,0.0000,0.0004,0.0002,0.0001,0.0001,0.011043,0.010898,0.000000,0.000000,0.000000,0.000000,0.000000,0.092376,0.000001,0.038397,0.000000,-0.087266,-0.034962,-0.036652,0.001745,-0.108210,-0.040948,0.000000,0.003491,0.083650,0.000000,0.041888,-0.001745,-0.094247,-0.038453,0.000000,0.001745,-0.101229,-0.060146
1771635627.708,2190,0,0,0.9956,0.0037,0.0000,0.0004,0.0002,0.0001,0.0001,0.011043,0.010898,0.000000,0.000000,0.000000,0.000000,0.000000,0.092376,0.000001,0.038397,0.000000,-0.087266,-0.034962,-0.036652,0.001745,-0.108210,-0.040948,0.000000,0.003491,0.083650,0.000000,0.041888,-0.001745,-0.094247,-0.038453,0.000000,0.001745,-0.101229,-0.058401
1771635627.808,2193,0,0,0.9956,0.0037,0.0000,0.0004,0.0002,0.0001,0.0001,0.011043,0.010752,0.000000,0.000000,0.000000,0.000000,0.000000,0.092376,0.000001,0.038397,0.000000,-0.087266,-0.034962,-0.036652,0.001745,-0.108210,-0.040948,0.000000,0.001745,0.083650,0.000000,0.041888,-0.001745,-0.094247,-0.038453,0.000000,0.001745,-0.101229,-0.060146
1771635627.908,2196,0,0,0.9956,0.0037,0.0000,0.0004,0.0002,0.0001,0.0001,0.011043,0.010752,0.000000,0.000000,0.000000,0.000000,0.000000,0.092376,0.000001,0.038397,0.000000,-0.087266,-0.034962,-0.036652,0.001745,-0.108210,-0.040948,0.000000,0.003491,0.081905,0.000000,0.041888,-0.001745,-0.094247,-0.038453,0.000000,0.001745,-0.101229,-0.058401
1771635628.009,2199,0,0,0.9956,0.0037,0.0000,0.0004,0.0002,0.0001,0.0001,0.011043,0.010752,0.000000,0.000000,0.000000,0.000000,0.000000,0.092376,0.000001,0.038397,0.000000,-0.087266,-0.034962,-0.036652,0.001745,-0.108210,-0.040948,0.000000,0.001745,0.083650,0.000000,0.041888,-0.001745,-0.094247,-0.038453,0.000000,0.001745,-0.101229,-0.058401
1771635628.109,2202,0,0,0.9956,0.0037,0.0000,0.0004,0.0002,0.0001,0.0001,0.011043,0.010752,0.000000,0.000000,0.000000,0.000000,0.000000,0.092376,0.000001,0.038397,0.000000,-0.087266,-0.034962,-0.036652,0.001745,-0.108210,-0.040948,0.000000,0.001745,0.083650,0.000000,0.041888,-0.001745,-0.094247,-0.038453,0.000000,0.001745,-0.101229,-0.058401
1771635628.209,2205,0,0,0.9956,0.0037,0.0000,0.0004,0.0002,0.0001,0.0001,0.011043,0.010752,0.000000,0.000000,0.000000,0.000000,0.000000,0.092376,0.000001,0.038397,0.000000,-0.087266,-0.034962,-0.036652,0.001745,-0.108210,-0.040948,0.000000,0.001745,0.083650,0.000000,0.041888,-0.001745,-0.094247,-0.038453,0.000000,0.001745,-0.101229,-0.060146
1771635628.309,2208,0,0,0.9956,0.0037,0.0000,0.0004,0.0002,0.0001,0.0001,0.011043,0.010752,0.000000,0.000000,0.000000,0.000000,0.000000,0.092376,0.000001,0.038397,0.000000,-0.087266,-0.034962,-0.036652,0.001745,-0.108210,-0.040948,0.000000,0.001745,0.083650,0.000000,0.041888,-0.001745,-0.094247,-0.038453,0.000000,0.001745,-0.101229,-0.058401
1771635628.410,2211,0,0,0.9956,0.0037,0.0000,0.0004,0.0002,0.0001,0.0001,0.011043,0.010752,0.000000,0.000000,0.000000,0.000000,0.000000,0.092376,0.000001,0.038397,0.000000,-0.087266,-0.034962,-0.036652,0.001745,-0.108210,-0.040948,0.000000,0.001745,0.083650,0.000000,0.041888,-0.001745,-0.094247,-0.038453,0.000000,0.001745,-0.101229,-0.058401
1771635628.510,2214,0,0,0.9956,0.0037,0.0000,0.0004,0.0002,0.0001,0.0001,0.011043,0.010752,0.000000,0.000000,0.000000,0.000000,0.000000,0.092376,0.000001,0.038397,0.000000,-0.087266,-0.034962,-0.036652,0.001745,-0.108210,-0.040948,0.000000,0.001745,0.083650,0.000000,0.041888,-0.001745,-0.094247,-0.038453,0.000000,0.001745,-0.101229,-0.060146
1771635628.610,2217,0,0,0.9956,0.0037,0.0000,0.0004,0.0002,0.0001,0.0001,0.011043,0.010752,0.000000,0.000000,0.000000,0.000000,0.000000,0.092376,0.000001,0.038397,0.000000,-0.087266,-0.034962,-0.036652,0.001745,-0.108210,-0.040948,0.000000,0.001745,0.083650,0.000000,0.041888,-0.001745,-0.094247,-0.038453,0.000000,0.001745,-0.101229,-0.058401
1771635628.711,2220,0,0,0.9956,0.0037,0.0000,0.0004,0.0002,0.0001,0.0001,0.011043,0.010752,0.000000,0.000000,0.000000,0.000000,0.000000,0.092376,0.000001,0.038397,0.000000,-0.087266,-0.034962,-0.036652,0.001745,-0.108210,-0.040948,0.000000,0.001745,0.083650,0.000000,0.041888,-0.001745,-0.094247,-0.038453,0.000000,0.001745,-0.101229,-0.060146
1771635628.811,2223,0,0,0.9956,0.0037,0.0000,0.0004,0.0002,0.0001,0.0001,0.011043,0.010752,0.000000,0.000000,0.000000,0.000000,0.000000,0.092376,0.000001,0.038397,0.000000,-0.087266,-0.034962,-0.036652,0.001745,-0.108210,-0.040948,0.000000,0.001745,0.083650,0.000000,0.041888,-0.001745,-0.094247,-0.038453,0.000000,0.001745,-0.101229,-0.058401
1771635628.911,2226,0,0,0.9956,0.0037,0.0000,0.0004,0.0002,0.0001,0.0001,0.011043,0.010607,0.000000,0.000000,0.000000,0.000000,0.000000,0.092376,0.000001,0.038397,0.000000,-0.087266,-0.034962,-0.036652,0.001745,-0.108210,-0.040948,0.000000,0.001745,0.081905,0.000000,0.041888,-0.001745,-0.094247,-0.038453,0.000000,0.001745,-0.101229,-0.060146
1771635629.011,2229,0,0,0.9956,0.0037,0.0000,0.0004,0.0002,0.0001,0.0001,0.011043,0.010898,0.000000,0.000000,0.000000,0.000000,0.000000,0.092376,0.000001,0.038397,0.000000,-0.087266,-0.034962,-0.036652,0.001745,-0.108210,-0.040948,0.000000,0.003491,0.083650,0.000000,0.041888,-0.001745,-0.094247,-0.038453,0.000000,0.001745,-0.101229,-0.058401
1771635629.111,2232,0,0,0.9956,0.0037,0.0000,0.0004,0.0002,0.0001,0.0001,0.011043,0.010898,0.000000,0.000000,0.000000,0.000000,0.000000,0.092376,0.000001,0.038397,0.000000,-0.087266,-0.034962,-0.036652,0.001745,-0.108210,-0.040948,0.000000,0.003491,0.083650,0.000000,0.041888,-0.001745,-0.094247,-0.038453,0.000000,0.001745,-0.101229,-0.058401
1771635629.211,2235,0,0,0.9956,0.0037,0.0000,0.0004,0.0002,0.0001,0.0001,0.011043,0.010898,0.000000,0.000000,0.000000,0.000000,0.000000,0.092376,0.000001,0.038397,0.000000,-0.087266,-0.034962,-0.036652,0.001745,-0.108210,-0.040948,0.000000,0.003491,0.083650,0.000000,0.041888,-0.001745,-0.094247,-0.038453,0.000000,0.001745,-0.101229,-0.058401
1771635629.312,2238,0,0,0.9956,0.0037,0.0000,0.0004,0.0002,0.0001,0.0001,0.011043,0.010898,0.000000,0.000000,0.000000,0.000000,0.000000,0.092376,0.000001,0.038397,0.000000,-0.087266,-0.034962,-0.036652,0.001745,-0.108210,-0.040948,0.000000,0.003491,0.083650,0.000000,0.041888,-0.001745,-0.094247,-0.038453,0.000000,0.001745,-0.101229,-0.060146
1771635629.412,2241,0,0,0.9956,0.0037,0.0000,0.0004,0.0002,0.0001,0.0001,0.011043,0.010898,0.000000,0.000000,0.000000,0.000000,0.000000,0.092376,0.000001,0.038397,0.000000,-0.087266,-0.034962,-0.036652,0.001745,-0.108210,-0.040948,0.000000,0.003491,0.083650,0.000000,0.041888,-0.001745,-0.094247,-0.038453,0.000000,0.001745,-0.101229,-0.058401
1771635629.513,2244,0,0,0.9956,0.0037,0.0000,0.0004,0.0002,0.0001,0.0001,0.011043,0.010898,0.000000,0.000000,0.000000,0.000000,0.000000,0.092376,0.000001,0.038397,0.000000,-0.087266,-0.034962,-0.036652,0.001745,-0.108210,-0.040948,0.000000,0.003491,0.083650,0.000000,0.041888,-0.001745,-0.094247,-0.038453,0.000000,0.001745,-0.101229,-0.058401
1771635629.613,2247,0,0,0.9956,0.0037,0.0000,0.0004,0.0002,0.0001,0.0001,0.011043,0.010898,0.000000,0.000000,0.000000,0.000000,0.000000,0.092376,0.000001,0.038397,0.000000,-0.087266,-0.034962,-0.036652,0.001745,-0.108210,-0.040948,0.000000,0.003491,0.083650,0.000000,0.041888,-0.001745,-0.094247,-0.038453,0.000000,0.001745,-0.101229,-0.060146
1771635629.713,2250,0,0,0.9956,0.0037,0.0000,0.0004,0.0002,0.0001,0.0001,0.011043,0.011043,0.000000,0.000000,0.000000,0.000000,0.000000,0.092376,0.000001,0.038397,0.000000,-0.087266,-0.034962,-0.036652,0.001745,-0.108210,-0.040948,0.000000,0.005236,0.083650,0.000000,0.041888,-0.001745,-0.094247,-0.038453,0.000000,0.001745,-0.101229,-0.060146
1771635629.814,2253,0,0,0.9956,0.0037,0.0000,0.0004,0.0002,0.0001,0.0001,0.011043,0.011189,0.000000,0.000000,0.000000,0.000000,0.000000,0.092376,0.000001,0.038397,0.000000,-0.087266,-0.034962,-0.036652,0.001745,-0.108210,-0.040948,0.000000,0.006981,0.083650,0.000000,0.041888,-0.001745,-0.094247,-0.038453,0.000000,0.001745,-0.101229,-0.060146
1771635629.913,2256,0,0,0.9956,0.0037,0.0000,0.0004,0.0002,0.0001,0.0001,0.011043,0.010898,0.000000,0.000000,0.000000,0.000000,0.000000,0.092376,0.000001,0.038397,0.000000,-0.087266,-0.034962,-0.036652,0.001745,-0.108210,-0.040948,0.000000,0.003491,0.083650,0.000000,0.041888,-0.001745,-0.094247,-0.038453,0.000000,0.001745,-0.101229,-0.058401
1771635630.014,2259,0,0,0.9956,0.0037,0.0000,0.0004,0.0002,0.0001,0.0001,0.011043,0.010898,0.000000,0.000000,0.000000,0.000000,0.000000,0.092376,0.000001,0.038397,0.000000,-0.087266,-0.034962,-0.036652,0.001745,-0.108210,-0.040948,0.000000,0.003491,0.083650,0.000000,0.041888,-0.001745,-0.094247,-0.038453,0.000000,0.001745,-0.101229,-0.058401
1771635630.114,2262,0,0,0.9956,0.0037,0.0000,0.0004,0.0002,0.0001,0.0001,0.011043,0.011043,0.000000,0.000000,0.000000,0.000000,0.000000,0.092376,0.000001,0.038397,0.000000,-0.087266,-0.034962,-0.036652,0.001745,-0.108210,-0.040948,0.000000,0.005236,0.083650,0.000000,0.041888,-0.001745,-0.094247,-0.038453,0.000000,0.001745,-0.101229,-0.058401
