timestamp,frame,raw_pred,smooth_pred,prob_NoAct,prob_Loose,prob_UniL,prob_UniR,prob_TAsyL,prob_TAsyR,prob_TSym,R_err_mean,L_err_mean,R_trans_vel,L_trans_vel,rel_pos_rate_norm,R_joint_mean,L_joint_mean,R_err_raw_0,R_err_raw_1,R_err_raw_2,R_err_raw_3,R_err_raw_4,R_err_raw_5,R_err_raw_6,R_err_raw_7,R_err_raw_8,R_err_raw_9,R_err_raw_10,R_err_raw_11,L_err_raw_0,L_err_raw_1,L_err_raw_2,L_err_raw_3,L_err_raw_4,L_err_raw_5,L_err_raw_6,L_err_raw_7,L_err_raw_8,L_err_raw_9,L_err_raw_10,L_err_raw_11
1772127025.342,3,2,2,0.0001,0.0934,0.9062,0.0000,0.0000,0.0003,0.0000,0.030859,0.042846,0.000581,0.000520,0.001185,0.001745,-0.003491,-0.081825,0.032611,-0.099324,0.076794,0.137522,0.061677,-0.003650,0.003491,0.032926,0.023548,-0.005236,0.005236,0.037835,0.004093,-0.097861,0.087266,0.180340,0.119147,0.033284,-0.001745,0.040149,0.006808
1772127025.443,6,2,2,0.0000,0.0908,0.9089,0.0000,0.0000,0.0002,0.0000,0.029513,0.039604,0.000317,0.002861,0.002536,0.001745,-0.003491,-0.087408,0.031857,-0.106521,0.076794,0.125834,0.048563,0.003546,0.005236,0.034953,0.025621,-0.005236,0.008727,0.012849,0.003951,-0.092749,0.101229,0.192602,0.124374,0.028171,-0.001745,0.003344,-0.000085
1772127025.543,9,2,2,0.0000,0.0116,0.9883,0.0000,0.0000,0.0001,0.0000,0.026834,0.039524,0.004821,0.004225,0.003540,0.001745,-0.003491,-0.044678,0.027608,-0.108388,0.076794,0.117069,0.047620,-0.001568,0.005236,0.023960,0.021981,-0.006981,0.008727,-0.029835,0.007522,-0.066509,0.129154,0.201477,0.125471,0.001932,-0.003491,-0.079347,-0.019800
1772127025.644,12,2,2,0.0000,0.0063,0.9936,0.0000,0.0000,0.0000,0.0000,0.043508,0.044204,0.004131,0.009527,0.005081,0.001745,-0.003491,0.075908,0.021135,-0.062601,0.076794,0.196304,0.097023,-0.049100,0.005236,0.024680,0.023265,-0.006981,0.008727,-0.072741,0.028817,-0.102483,0.141372,0.194422,0.120951,0.036160,-0.003491,-0.050085,-0.058131
1772127025.745,15,2,2,0.0000,0.0010,0.9990,0.0000,0.0000,0.0000,0.0000,0.032055,0.082013,0.005150,0.006574,0.004451,0.001745,-0.003491,0.029599,0.018490,-0.087132,0.076794,0.167183,0.085617,-0.024569,0.005236,-0.078708,-0.005234,-0.006981,0.008727,-0.104474,0.014620,-0.161382,0.143117,0.257359,0.139453,0.093314,-0.003491,0.187615,0.139952
1772127025.845,18,2,2,0.0000,0.0190,0.9809,0.0000,0.0000,0.0000,0.0000,0.030814,0.062137,0.001952,0.005772,0.005198,0.003491,-0.005236,-0.036071,0.019245,-0.106455,0.075049,0.169600,0.097142,-0.010482,0.005236,-0.050497,-0.036559,-0.006981,0.008727,-0.151961,0.009585,-0.210706,0.141372,0.248760,0.137630,0.139148,-0.003491,0.039791,0.020636
1772127025.947,21,2,2,0.0000,0.1506,0.8483,0.0007,0.0000,0.0001,0.0002,0.023316,0.050872,0.001657,0.001652,0.003417,0.003491,-0.005236,-0.077120,0.029329,-0.063507,0.057596,0.112716,0.073166,-0.023759,0.003491,-0.028809,-0.017838,-0.005236,0.008727,-0.280816,0.012392,-0.159144,0.118682,0.236859,0.132253,0.101548,-0.003491,-0.038578,-0.033728
1772127026.047,24,2,2,0.0000,0.2362,0.7625,0.0005,0.0000,0.0002,0.0005,0.015710,0.041531,0.002109,0.003644,0.001179,0.003491,-0.005236,-0.058934,0.033220,-0.029124,0.043633,0.059010,0.043930,-0.045925,0.005236,-0.025680,-0.010258,-0.005236,0.010472,-0.295729,0.013729,-0.110288,0.083776,0.201916,0.113100,0.075381,-0.005236,-0.027050,-0.019290
1772127026.148,27,2,2,0.0001,0.2107,0.7881,0.0006,0.0000,0.0003,0.0002,0.015473,0.038120,0.002375,0.003201,0.002590,0.003491,-0.005236,-0.045716,0.031281,-0.016817,0.036652,0.042703,0.031812,-0.052996,0.005236,0.033881,0.000624,-0.006981,0.008727,-0.324879,0.021299,-0.073975,0.055851,0.196073,0.113732,0.061758,-0.006981,-0.025904,-0.016756
1772127026.249,30,1,2,0.0000,0.9531,0.0468,0.0000,0.0000,0.0000,0.0001,0.011660,0.033231,0.002019,0.001448,0.001151,0.005236,-0.003491,-0.063935,0.031392,0.007507,0.034907,0.024987,0.012756,-0.068594,0.005236,0.014677,0.003226,-0.006981,0.010472,-0.323740,0.023748,-0.061742,0.029671,0.169702,0.101696,0.063488,-0.006981,-0.031084,-0.017892
1772127026.349,33,1,1,0.0000,0.9953,0.0047,0.0000,0.0000,0.0000,0.0000,0.005876,0.031794,0.001210,0.003401,0.004868,0.005236,-0.005236,-0.073044,0.028629,-0.025045,0.031416,-0.011510,-0.025763,-0.029061,0.005236,-0.026699,-0.004931,-0.006981,0.008727,-0.282732,0.017916,-0.038902,0.010472,0.152797,0.093839,0.052865,-0.005236,0.044914,-0.001695
1772127026.449,36,1,1,0.0000,0.9984,0.0016,0.0000,0.0000,0.0000,0.0000,0.006698,0.020473,0.000101,0.001280,0.000725,0.005236,-0.003491,-0.058485,0.029535,-0.064809,0.029671,-0.008513,-0.012880,0.010704,0.005236,-0.023120,-0.001684,-0.006981,0.010472,-0.173809,0.006453,-0.003727,0.001745,0.085071,0.064798,0.033398,-0.005236,0.028970,0.014774
1772127026.549,39,1,1,0.0000,0.9997,0.0003,0.0000,0.0000,0.0000,0.0000,0.005711,0.017247,0.000443,0.000827,0.002084,0.005236,-0.005236,-0.052198,0.031874,-0.043949,0.027925,-0.008003,-0.004239,-0.004920,0.003491,-0.022911,-0.004388,-0.005236,0.010472,-0.121314,0.001704,-0.005678,0.000000,0.059313,0.055250,0.042330,-0.005236,0.012573,0.025320
1772127026.650,42,1,1,0.0000,0.9999,0.0001,0.0000,0.0000,0.0000,0.0000,0.005920,0.014458,0.000650,0.000847,0.000899,0.003491,-0.003491,-0.045005,0.032512,-0.048291,0.027925,-0.006310,-0.003821,0.001167,0.005236,-0.019317,0.000710,-0.006981,0.010472,-0.095555,-0.000766,-0.012900,-0.001745,0.036779,0.042642,0.054787,-0.005236,0.002884,0.025931
1772127026.750,45,1,1,0.0000,0.9999,0.0000,0.0000,0.0000,0.0000,0.0000,0.005505,0.013051,0.001656,0.000800,0.003056,0.003491,-0.003491,-0.045410,0.030806,-0.042240,0.026180,-0.008362,-0.001402,0.000352,0.005236,-0.020185,-0.000762,-0.006981,0.010472,-0.077630,-0.003500,0.008634,-0.001745,0.028073,0.051547,0.033254,-0.003491,-0.012643,0.024637
1772127026.850,48,1,1,0.0000,0.9999,0.0000,0.0000,0.0000,0.0000,0.0000,0.006505,0.015219,0.001877,0.002024,0.003946,0.003491,-0.005236,-0.084643,0.032185,-0.049366,0.026180,-0.008374,-0.001180,0.010969,0.005236,-0.024416,-0.002379,-0.006981,0.010472,-0.069053,-0.003775,0.006920,-0.003491,0.047771,0.059506,0.033223,-0.005236,-0.004146,0.024733
1772127026.951,51,1,1,0.0000,0.9999,0.0000,0.0000,0.0000,0.0000,0.0000,0.006056,0.013507,0.004446,0.002634,0.002210,0.003491,-0.005236,-0.095190,0.037509,-0.044096,0.026180,-0.004653,0.000253,-0.001282,0.005236,-0.022309,-0.002500,-0.006981,0.010472,-0.076361,-0.020530,0.010187,-0.003491,0.037639,0.050146,0.028210,-0.005236,-0.005462,0.025436
1772127027.051,54,1,1,0.0000,0.9999,0.0000,0.0000,0.0000,0.0000,0.0000,0.020036,0.005855,0.005484,0.004187,0.001602,0.005236,-0.005236,-0.071467,0.042012,-0.072001,0.026180,0.060502,0.035226,0.024877,0.005236,0.030397,0.010767,-0.006981,0.010472,-0.109921,-0.011993,0.007960,-0.001745,-0.114160,-0.016029,0.026947,-0.005236,-0.009726,0.024877
1772127027.152,57,1,1,0.0000,0.9999,0.0000,0.0000,0.0000,0.0000,0.0000,0.011812,0.004070,0.003073,0.003485,0.005072,0.003491,-0.003491,-0.078569,0.033408,-0.077238,0.024435,0.019484,0.017043,0.028369,0.005236,0.005722,0.004554,-0.006981,0.010472,-0.099874,-0.006090,-0.005201,-0.001745,-0.053144,-0.036041,0.038362,-0.003491,-0.051578,-0.005821
1772127027.252,60,1,1,0.0000,0.9999,0.0000,0.0000,0.0000,0.0000,0.0000,0.007066,0.013142,0.006528,0.008747,0.015805,0.005236,-0.003491,-0.170070,0.016459,-0.075316,0.022689,-0.065692,-0.025590,0.035173,0.005236,-0.011384,-0.000691,-0.006981,0.010472,-0.139391,-0.008567,-0.094887,-0.001745,-0.036857,-0.016161,0.140265,-0.005236,-0.012100,0.006971
1772127027.352,63,1,1,0.0000,1.0000,0.0000,0.0000,0.0000,0.0000,0.0000,0.015467,0.005882,0.006471,0.005003,0.020371,0.005236,-0.003491,-0.163241,0.039748,-0.002727,0.017453,0.047886,0.014184,-0.037415,0.005236,0.025160,0.030697,-0.006981,0.010472,-0.058607,-0.018680,0.022194,-0.003491,-0.062406,-0.008028,0.014458,-0.003491,-0.080107,0.023460
1772127027.452,66,1,1,0.0000,1.0000,0.0000,0.0000,0.0000,0.0000,0.0000,0.007990,0.012541,0.003094,0.005780,0.015276,0.005236,-0.003491,0.000004,0.052213,-0.037897,0.013963,-0.007929,0.007426,-0.002246,0.005236,-0.008627,0.011806,-0.006981,0.010472,0.085489,-0.029477,0.024260,-0.003491,-0.033457,-0.004629,0.008901,-0.005236,-0.040155,0.021371
1772127027.552,69,1,1,0.0000,1.0000,0.0000,0.0000,0.0000,0.0000,0.0000,0.007403,0.007879,0.000616,0.001945,0.002143,0.005236,-0.003491,-0.002209,0.047921,-0.056624,0.010472,-0.028709,0.002749,0.016481,0.003491,-0.028774,0.002492,-0.005236,0.008727,0.023913,-0.021987,0.025851,-0.003491,-0.025744,0.000667,0.003820,-0.003491,-0.008427,0.031566
1772127027.653,72,1,1,0.0000,1.0000,0.0000,0.0000,0.0000,0.0000,0.0000,0.022053,0.021653,0.002058,0.000222,0.007621,0.005236,-0.005236,0.098621,0.037082,-0.018201,0.006981,0.050780,0.032037,-0.018451,0.005236,0.022316,0.006342,-0.006981,0.008727,-0.065944,-0.012161,0.092584,-0.001745,-0.018193,0.000756,-0.062913,-0.003491,0.061173,0.096602
1772127027.753,75,1,1,0.0000,1.0000,0.0000,0.0000,0.0000,0.0000,0.0000,0.017827,0.013440,0.001830,0.001434,0.002373,0.005236,-0.003491,0.025542,0.028885,-0.060964,0.003491,0.019053,0.017031,0.024312,0.003491,0.069177,0.017712,-0.005236,0.008727,-0.086732,-0.004433,0.052815,-0.001745,-0.015864,-0.000116,-0.019653,-0.003491,0.021126,0.078615
1772127027.853,78,1,1,0.0000,1.0000,0.0000,0.0000,0.0000,0.0000,0.0000,0.010631,0.009869,0.000368,0.003444,0.005454,0.005236,-0.005236,0.011901,0.020836,-0.063190,0.003491,0.009903,0.009356,0.021302,0.005236,0.028707,0.011599,-0.003491,0.008727,-0.077344,0.007582,0.045199,-0.003491,-0.016340,-0.001765,-0.006802,-0.003491,-0.019740,0.056923
1772127027.953,81,1,1,0.0000,1.0000,0.0000,0.0000,0.0000,0.0000,0.0000,0.003924,0.011584,0.001478,0.004675,0.005988,0.003491,-0.003491,-0.002280,0.010963,0.005028,0.003491,0.010388,0.005863,-0.045171,0.005236,-0.001422,0.002625,-0.003491,0.008727,-0.070663,0.033283,0.066156,-0.003491,-0.018389,-0.005000,-0.026013,-0.003491,-0.042273,0.030847
1772127028.053,84,1,1,0.0000,1.0000,0.0000,0.0000,0.0000,0.0000,0.0000,0.001543,0.010837,0.003327,0.004526,0.004719,0.003491,-0.003491,-0.003726,0.007479,-0.015764,0.003491,0.000566,-0.001559,-0.019143,0.003491,-0.001071,-0.000839,-0.003491,0.008727,-0.067791,0.045304,0.043295,-0.001745,-0.003353,-0.000280,-0.003152,-0.003491,-0.027769,0.032723
1772127028.154,87,1,1,0.0000,1.0000,0.0000,0.0000,0.0000,0.0000,0.0000,0.001403,0.006654,0.001584,0.005900,0.007103,0.003491,-0.003491,-0.024133,0.004672,-0.029616,0.003491,-0.124457,-0.058418,0.001691,0.003491,-0.043594,-0.012499,-0.003491,0.008727,-0.072108,0.036217,0.002110,-0.001745,-0.005312,-0.004076,0.032797,-0.003491,-0.173293,-0.070847
1772127028.254,90,1,1,0.0000,1.0000,0.0000,0.0000,0.0000,0.0000,0.0000,0.003159,0.008021,0.004179,0.005096,0.009402,0.003491,-0.003491,-0.031177,-0.018688,-0.057111,0.005236,-0.075302,-0.045616,0.025695,0.003491,-0.022492,-0.004664,-0.001745,0.006981,-0.021108,0.021295,-0.011539,-0.003491,0.019153,0.004123,0.044700,-0.003491,-0.077694,-0.049050
1772127028.354,93,1,1,0.0000,1.0000,0.0000,0.0000,0.0000,0.0000,0.0000,0.000873,0.009442,0.002984,0.006219,0.003874,0.005236,-0.003491,-0.044970,-0.079799,-0.038219,0.003491,-0.029495,-0.021215,-0.000178,0.001745,-0.008719,-0.001833,-0.001745,0.005236,-0.088609,0.011013,-0.067388,-0.001745,-0.141310,-0.114627,0.097059,-0.003491,-0.067196,-0.077646
1772127028.455,96,1,1,0.0000,1.0000,0.0000,0.0000,0.0000,0.0000,0.0000,0.004099,0.004802,0.003997,0.000849,0.003927,0.001745,-0.003491,-0.125060,-0.048835,0.039546,0.003491,-0.030329,-0.010696,-0.070962,0.001745,-0.000637,0.002660,-0.003491,0.006981,-0.064314,0.006925,-0.014046,-0.001745,-0.042939,-0.044458,0.043717,-0.001745,-0.044656,-0.067034
1772127028.555,99,1,1,0.0000,1.0000,0.0000,0.0000,0.0000,0.0000,0.0000,0.005755,0.006456,0.005345,0.003771,0.004866,0.001745,-0.003491,-0.085533,-0.039632,0.062074,0.003491,-0.204432,-0.070275,-0.088253,0.001745,-0.106435,-0.005565,-0.003491,0.005236,-0.057273,0.001450,0.061472,-0.001745,0.005385,0.003932,-0.037037,-0.001745,-0.024530,-0.049579
1772127028.655,102,1,1,0.0000,1.0000,0.0000,0.0000,0.0000,0.0000,0.0000,0.002648,0.006798,0.001176,0.000723,0.001325,0.001745,-0.003491,-0.088478,-0.035413,-0.050969,0.005236,-0.126871,-0.068403,0.023043,0.001745,-0.088370,-0.058013,-0.001745,0.005236,0.003769,-0.085633,0.040752,0.000000,0.008992,0.022830,-0.012827,-0.001745,-0.016641,-0.028446
1772127028.755,105,1,1,0.0000,1.0000,0.0000,0.0000,0.0000,0.0000,0.0000,0.000436,0.007346,0.001414,0.004703,0.004716,0.000000,0.000000,-0.069990,-0.027154,-0.021528,0.003491,-0.024203,-0.043547,-0.002907,0.001745,-0.065917,-0.042592,-0.001745,0.005236,0.018418,-0.042231,-0.016550,-0.001745,0.007117,0.014647,0.042730,-0.003491,-0.014246,-0.028729
1772127028.856,108,1,1,0.0000,1.0000,0.0000,0.0000,0.0000,0.0000,0.0000,0.002560,0.013346,0.002347,0.002226,0.007462,0.003491,-0.001745,-0.025574,-0.018234,-0.046431,0.001745,-0.047988,-0.033114,0.023742,0.001745,-0.057519,-0.041826,-0.003491,0.005236,0.123460,-0.026691,0.003565,-0.001745,-0.002954,0.005280,0.022615,-0.001745,-0.010679,-0.026986
1772127028.956,111,1,1,0.0000,1.0000,0.0000,0.0000,0.0000,0.0000,0.0000,0.005075,0.011876,0.002854,0.002717,0.003378,0.001745,-0.001745,0.047754,-0.013966,-0.037575,0.001745,-0.038123,-0.018244,0.007905,0.001745,-0.010492,-0.024795,-0.003491,0.005236,0.104534,0.010856,0.020655,-0.001745,-0.007707,0.001227,-0.003201,-0.001745,-0.012248,-0.028247
1772127029.057,114,1,1,0.0000,1.0000,0.0000,0.0000,0.0000,0.0000,0.0000,0.040542,0.016891,0.002122,0.006289,0.005698,0.001745,-0.001745,0.227400,-0.015655,-0.031242,0.001745,0.101646,0.033635,-0.000174,0.001745,0.088482,0.030100,-0.003491,0.003491,0.084662,0.070612,0.043923,-0.001745,-0.036467,-0.018406,-0.029961,0.000000,-0.024006,-0.031844
1772127029.158,117,1,1,0.0000,1.0000,0.0000,0.0000,0.0000,0.0000,0.0000,0.021986,0.013243,0.002133,0.000919,0.002484,0.001745,-0.001745,0.067551,-0.019041,0.072624,0.003491,0.052996,0.026096,-0.097059,0.001745,0.025677,0.011910,-0.003491,0.005236,0.022461,0.060976,0.070237,-0.001745,-0.021112,-0.004665,-0.047548,0.000000,-0.030382,-0.034020
1772127029.259,120,1,1,0.0000,0.9999,0.0000,0.0000,0.0000,0.0000,0.0000,0.018351,0.010188,0.001360,0.001494,0.000400,0.001745,-0.001745,0.183668,-0.020247,0.024887,0.003491,-0.006608,0.002793,-0.042340,0.001745,-0.025824,0.001884,-0.003491,0.005236,0.008959,0.052886,0.055177,-0.003491,-0.005437,-0.001474,-0.030742,0.000000,-0.027341,-0.033963
1772127029.359,123,1,1,0.0000,1.0000,0.0000,0.0000,0.0000,0.0000,0.0000,0.013596,0.011833,0.001445,0.001095,0.001197,0.001745,-0.001745,0.138037,-0.022107,0.018133,0.001745,-0.003261,-0.003323,-0.039077,0.003491,-0.019991,-0.004332,-0.003491,0.005236,0.031172,0.043956,0.061637,-0.001745,-0.006753,-0.003085,-0.035457,0.000000,-0.024686,-0.033582
1772127029.460,126,1,1,0.0000,1.0000,0.0000,0.0000,0.0000,0.0000,0.0000,0.004307,0.017057,0.001124,0.001657,0.000756,0.001745,-0.001745,0.030811,-0.028893,0.015642,0.001745,-0.016776,-0.014270,-0.040077,0.001745,-0.027707,-0.025781,-0.003491,0.005236,0.103638,0.034452,0.043932,-0.001745,0.017423,-0.002617,-0.016007,0.000000,-0.018595,-0.033894
1772127029.560,129,1,1,0.0000,0.9999,0.0000,0.0000,0.0000,0.0000,0.0000,0.001888,0.014892,0.002415,0.001302,0.001746,0.001745,0.000000,0.015282,-0.041664,0.002139,0.001745,-0.000947,-0.008586,-0.033555,0.001745,-0.024112,-0.014647,-0.003491,0.005236,0.117233,0.026926,0.014886,-0.001745,0.001383,-0.003169,0.013039,0.000000,-0.014789,-0.034773
1772127029.661,132,1,1,0.0000,0.9999,0.0000,0.0000,0.0000,0.0000,0.0000,0.001143,0.012253,0.000652,0.000981,0.001228,0.001745,0.000000,0.006833,-0.063144,-0.003365,0.001745,-0.000133,-0.010383,-0.019325,0.001745,0.001651,-0.002558,-0.003491,0.003491,0.058334,0.023833,-0.027053,-0.003491,0.011633,-0.002714,0.049742,0.000000,-0.013099,-0.036301
1772127029.761,135,1,1,0.0000,0.9999,0.0000,0.0000,0.0000,0.0000,0.0000,0.002271,0.009206,0.000932,0.000699,0.000865,0.001745,0.000000,-0.001181,-0.065204,0.021689,0.001745,0.000325,-0.009112,-0.040888,0.001745,-0.003849,-0.001281,-0.003491,0.003491,0.037742,0.024155,0.019433,-0.001745,0.025646,-0.002457,-0.008961,0.000000,-0.015113,-0.045341
1772127029.861,138,1,1,0.0000,0.9999,0.0000,0.0000,0.0000,0.0000,0.0000,0.000914,0.009244,0.000124,0.000397,0.000668,0.001745,0.000000,-0.027321,-0.056663,-0.000403,0.001745,0.005736,-0.003054,-0.020541,0.001745,-0.001603,-0.001605,-0.003491,0.003491,0.038471,0.020945,-0.023218,-0.001745,0.024803,-0.004798,0.023218,0.000000,-0.016474,-0.049949
1772127029.961,141,1,1,0.0001,0.9999,0.0000,0.0000,0.0000,0.0000,0.0000,0.001045,0.008521,0.000769,0.000520,0.001045,0.001745,0.000000,-0.029491,-0.046920,0.000282,0.003491,0.005275,-0.004131,-0.017736,0.001745,-0.006145,-0.003031,-0.003491,0.003491,0.035857,0.023797,-0.010678,0.003491,0.027611,0.002565,0.003697,0.001745,-0.018330,-0.055548
1772127030.062,144,1,1,0.0000,0.9999,0.0000,0.0000,0.0000,0.0000,0.0000,0.001038,0.017476,0.001183,0.001651,0.003582,0.001745,0.000000,-0.078454,-0.043001,-0.012022,0.001745,0.007220,-0.001844,-0.001941,0.001745,-0.028234,-0.045742,-0.003491,0.005236,0.154086,0.024437,0.022468,0.003491,-0.019464,-0.030996,-0.029449,0.000000,-0.034933,-0.067644
1772127030.162,147,1,1,0.0000,0.9999,0.0000,0.0000,0.0000,0.0000,0.0001,0.002126,0.009318,0.000281,0.001187,0.002205,0.001745,0.000000,-0.008761,-0.047062,-0.010218,0.003491,0.020274,-0.002205,-0.007235,0.000000,-0.025319,-0.034710,-0.003491,0.003491,0.074045,0.029047,-0.003043,0.005236,-0.044384,-0.040905,-0.002193,0.000000,-0.053639,-0.079491
1772127030.262,150,1,1,0.0000,0.9999,0.0000,0.0000,0.0000,0.0000,0.0001,0.003945,0.006182,0.001149,0.000546,0.001185,0.001745,0.000000,-0.013888,-0.052697,-0.011098,0.001745,0.042099,-0.002175,-0.002864,0.001745,-0.023875,-0.027819,-0.003491,0.003491,0.043138,0.020568,-0.007425,0.006981,-0.006701,-0.024833,-0.001301,0.000000,-0.031810,-0.070735
1772127030.362,153,1,1,0.0000,0.9998,0.0000,0.0001,0.0000,0.0000,0.0001,0.001088,0.005755,0.001430,0.000919,0.001595,0.001745,0.000000,-0.082420,-0.045703,-0.018297,0.006981,-0.000055,-0.010125,0.004334,0.000000,-0.110479,-0.056838,-0.003491,0.003491,0.009082,0.024056,-0.014160,0.008727,0.018272,-0.001774,0.003688,0.001745,-0.025765,-0.060615
1772127030.462,156,1,1,0.0000,0.9998,0.0000,0.0000,0.0000,0.0000,0.0001,0.002160,0.007349,0.000430,0.000433,0.000393,0.000000,0.000000,-0.051686,-0.034288,-0.026060,0.006981,0.013820,-0.007347,0.005116,0.000000,-0.059562,-0.039389,-0.003491,0.003491,0.016530,0.019669,-0.014362,0.008727,0.037147,0.002226,0.000399,0.000000,-0.021016,-0.058823
1772127030.563,159,1,1,0.0000,0.9999,0.0000,0.0001,0.0000,0.0000,0.0000,0.003122,0.011794,0.001166,0.000536,0.001579,0.000000,0.000000,-0.036081,-0.034991,-0.038942,0.006981,0.015971,-0.005783,0.014507,0.000000,-0.050470,-0.030444,-0.003491,0.003491,0.063108,0.013139,0.018047,0.008727,0.033909,0.001109,-0.033755,0.000000,-0.011389,-0.049788
1772127030.663,162,1,1,0.0000,0.9999,0.0000,0.0001,0.0000,0.0000,0.0000,0.006421,0.014169,0.000849,0.000714,0.004805,0.000000,0.000000,-0.024993,-0.035327,-0.099677,0.006981,0.008792,-0.013819,0.061280,0.000000,-0.049987,-0.025242,-0.003491,0.005236,0.085328,0.009449,0.014171,0.008727,0.044449,0.002663,-0.029879,0.000000,-0.010672,-0.049161
1772127030.763,165,1,1,0.0000,0.9999,0.0000,0.0001,0.0000,0.0000,0.0000,0.030354,0.037410,0.000636,0.003858,0.002499,0.000000,0.000000,0.310328,-0.036492,-0.104530,0.006981,-0.019773,-0.032272,0.046934,0.000000,-0.065601,-0.024534,-0.003491,0.005236,0.210254,0.015616,0.044907,0.008727,0.148807,0.015369,-0.069342,0.000000,-0.001162,-0.048872
1772127030.864,168,1,1,0.0000,0.9997,0.0001,0.0001,0.0000,0.0000,0.0001,0.045001,0.098573,0.004242,0.000353,0.007748,0.000000,0.000000,0.469097,-0.028688,0.014380,0.006981,0.049554,-0.026708,-0.071976,0.000000,-0.013803,-0.012082,-0.001745,0.005236,0.045935,0.016325,0.007019,0.006981,0.400083,0.198506,-0.038435,0.000000,0.288030,0.214765
1772127030.965,171,1,1,0.0000,0.9985,0.0009,0.0006,0.0000,0.0000,0.0000,0.100172,0.070342,0.000372,0.000593,0.022797,0.000000,0.000000,0.197341,0.060658,0.003983,0.006981,0.269919,0.043269,-0.052852,0.001745,0.335379,0.282790,0.000000,0.005236,-0.065892,0.012979,-0.003080,0.006981,0.358601,0.163112,-0.024845,0.000000,0.170197,0.127000
1772127031.067,174,1,1,0.0000,0.9349,0.0583,0.0065,0.0000,0.0001,0.0001,0.053278,0.065379,0.000540,0.000203,0.003596,0.000000,0.000000,0.026462,0.061591,0.016414,0.000000,0.213752,0.052220,-0.060047,0.000000,0.143473,0.125420,0.000000,0.001745,-0.088776,0.012271,-0.011848,0.006981,0.338751,0.158612,-0.003860,0.000000,0.124071,0.142119
1772127031.166,177,1,1,0.0000,0.6581,0.3333,0.0082,0.0000,0.0001,0.0001,0.033284,0.049222,0.000293,0.000162,0.002792,0.000000,0.000000,-0.075140,0.068924,0.001758,-0.005236,0.140348,0.024069,-0.038410,0.001745,0.079931,0.082635,0.000000,0.001745,-0.061902,0.009509,-0.023223,0.005236,0.262644,0.121543,0.004024,0.001745,0.072018,0.112202
1772127031.271,180,1,1,0.0000,0.6401,0.3569,0.0028,0.0000,0.0001,0.0001,0.026374,0.036283,0.000082,0.000123,0.007275,0.000000,0.000000,-0.078153,0.069963,0.047351,0.000000,0.079298,0.007590,-0.071786,0.000000,0.047521,0.064769,0.000000,0.001745,-0.042127,0.005666,-0.055917,0.005236,0.184770,0.087983,0.027992,0.001745,0.032299,0.087959
1772127031.368,183,1,1,0.0000,0.7058,0.2929,0.0007,0.0000,0.0003,0.0002,0.017057,0.023132,0.000383,0.000248,0.001763,0.000000,0.000000,-0.051863,0.057842,0.033669,0.000000,0.039815,0.003203,-0.047632,0.000000,0.022416,0.047735,0.000000,0.001745,-0.020562,-0.008167,-0.048310,0.005236,0.115130,0.068367,0.008167,0.001745,0.002585,0.074608
1772127031.470,186,1,1,0.0000,0.9855,0.0143,0.0001,0.0000,0.0000,0.0000,0.021517,0.013149,0.000972,0.001073,0.002393,0.000000,0.000000,-0.045551,0.052190,0.020311,0.000000,0.082765,0.022309,-0.029037,0.000000,0.034927,0.045699,0.000000,0.003491,0.012413,-0.009807,-0.026376,0.008727,0.036016,0.025801,-0.013766,0.001745,-0.046609,0.069597
1772127031.569,189,1,1,0.0000,0.9996,0.0003,0.0000,0.0000,0.0000,0.0000,0.036917,0.007362,0.001252,0.002710,0.005305,0.000000,0.000000,-0.065935,0.050467,-0.019719,0.000000,0.120951,0.082017,0.016229,0.000000,0.077892,0.095452,0.000000,0.003491,0.058372,-0.003591,0.017750,0.006981,-0.073187,-0.055379,-0.043930,0.001745,-0.154930,-0.037879
1772127031.670,192,1,1,0.0000,0.9999,0.0001,0.0000,0.0000,0.0000,0.0000,0.025035,0.011536,0.003956,0.002305,0.002434,0.000000,0.000000,-0.035698,0.051857,-0.024684,0.000000,0.074649,0.054746,0.021193,0.000000,0.043213,0.054765,0.000000,0.003491,0.122319,0.001417,0.002473,0.006981,-0.102617,-0.080228,-0.021672,0.001745,-0.191947,-0.117331
1772127031.770,195,1,1,0.0000,0.9998,0.0001,0.0001,0.0000,0.0000,0.0000,0.021177,0.012096,0.013738,0.007519,0.008752,0.000000,0.000000,-0.029471,0.042197,-0.064231,0.001745,0.038030,0.038060,0.062486,0.000000,0.026042,0.045565,0.000000,0.003491,0.086250,-0.004425,0.046688,0.006981,-0.092698,-0.096946,-0.062396,0.001745,-0.169919,-0.128607
1772127031.870,198,1,1,0.0000,0.9998,0.0001,0.0001,0.0000,0.0000,0.0000,0.019494,0.019350,0.013686,0.013625,0.007113,0.000000,0.000000,-0.046503,0.034664,-0.041962,0.006981,0.053648,0.044835,0.027999,0.000000,0.018070,0.047733,0.000000,0.003491,0.044452,-0.062449,-0.010122,0.008727,0.078579,-0.023809,-0.007332,0.000000,0.096952,-0.013073
1772127031.970,201,1,1,0.0000,0.9999,0.0001,0.0000,0.0000,0.0000,0.0000,0.018934,0.032560,0.019001,0.014201,0.003229,0.000000,-0.001745,-0.011214,0.033557,-0.043596,0.010472,0.069204,0.064111,0.012180,0.000000,0.000046,0.037638,0.000000,0.003491,0.019929,-0.032343,-0.028175,0.006981,0.154706,0.070196,0.005486,0.000000,0.078723,0.051209
1772127032.070,204,1,1,0.0000,0.9999,0.0001,0.0000,0.0000,0.0000,0.0000,0.024938,0.047570,0.003135,0.003459,0.005362,0.000000,0.000000,-0.023979,0.034236,-0.067975,0.024435,0.104883,0.085556,0.026087,0.001745,-0.002405,0.022316,0.000000,0.003491,0.007550,-0.043817,-0.081381,0.010472,0.215369,0.108473,0.044729,0.000000,0.108570,0.072191
1772127032.170,207,1,1,0.0000,0.9999,0.0000,0.0000,0.0000,0.0000,0.0000,0.032755,0.038056,0.001653,0.003004,0.004250,0.000000,-0.001745,-0.063952,0.036127,-0.054485,0.040143,0.148303,0.099563,-0.001365,0.005236,0.022572,0.041113,0.000000,0.005236,0.005672,-0.022708,-0.069545,0.024435,0.199166,0.102769,0.011949,0.003491,0.063666,0.040293
1772127032.272,210,1,1,0.0000,1.0000,0.0000,0.0000,0.0000,0.0000,0.0000,0.062430,0.032025,0.002437,0.003099,0.003086,0.000000,-0.001745,-0.048439,0.056144,-0.049386,0.054105,0.244095,0.145122,-0.009955,0.008727,0.118927,0.122034,0.000000,0.003491,0.001132,-0.007500,-0.037779,0.050615,0.173415,0.076884,-0.026798,0.010472,0.046479,0.021818
1772127032.372,213,1,1,0.0000,0.9999,0.0000,0.0001,0.0000,0.0000,0.0000,0.072947,0.021769,0.002699,0.006005,0.015191,0.000000,0.000000,-0.034295,0.053724,-0.067926,0.062832,0.272623,0.170606,0.006840,0.013963,0.155688,0.139083,0.000000,0.003491,0.007458,0.002176,-0.048945,0.068068,0.105780,0.060293,-0.020868,0.013963,-0.099496,-0.036785
1772127032.472,216,1,1,0.0000,0.9998,0.0001,0.0001,0.0000,0.0000,0.0000,0.072695,0.036254,0.001116,0.003204,0.002011,0.000000,0.000000,-0.031145,0.050548,-0.063388,0.064577,0.274231,0.176904,-0.004680,0.017453,0.150389,0.138241,0.000000,0.005236,0.005021,0.001108,-0.061961,0.085521,0.190906,0.092194,-0.009597,0.013963,0.041098,-0.003711
1772127032.572,219,1,1,0.0000,0.9991,0.0008,0.0001,0.0000,0.0000,0.0000,0.073551,0.090193,0.001133,0.000871,0.005038,0.000000,-0.001745,-0.030283,0.050300,-0.062181,0.068068,0.277272,0.180887,-0.005887,0.019199,0.148902,0.137981,0.000000,0.005236,0.002011,-0.028299,-0.114152,0.090757,0.386411,0.200857,0.039103,0.015708,0.255430,0.086804
1772127032.672,222,1,1,0.0000,0.9508,0.0475,0.0015,0.0000,0.0001,0.0000,0.072148,0.088824,0.001290,0.001568,0.001496,0.000000,0.000000,-0.052622,0.050325,-0.088208,0.069813,0.283518,0.177623,0.013159,0.019199,0.127601,0.124541,0.000000,0.005236,-0.013129,-0.021885,-0.103494,0.092502,0.390339,0.196338,0.017972,0.012217,0.256341,0.094947
1772127032.772,225,2,2,0.0000,0.3230,0.6738,0.0029,0.0000,0.0001,0.0001,0.068458,0.085100,0.001155,0.000542,0.002117,0.000000,-0.001745,-0.041478,0.045954,-0.078959,0.071558,0.272964,0.167770,-0.003071,0.017453,0.123730,0.122064,0.000000,0.005236,-0.010623,-0.004346,-0.103173,0.092502,0.383680,0.192495,0.014161,0.012217,0.234721,0.086190
1772127032.874,228,2,2,0.0000,0.2127,0.7838,0.0032,0.0000,0.0002,0.0001,0.060804,0.062654,0.000616,0.001335,0.001332,0.000000,-0.001745,-0.012380,0.039385,-0.074219,0.071558,0.226789,0.137200,-0.007811,0.017453,0.120350,0.116910,0.000000,0.005236,0.022298,0.013447,-0.093379,0.092502,0.292681,0.149523,0.002622,0.008727,0.119811,0.044999
1772127032.974,231,2,2,0.0000,0.1330,0.8646,0.0020,0.0000,0.0001,0.0002,0.059553,0.060086,0.004021,0.003476,0.002124,0.000000,-0.001745,0.023804,0.033738,-0.070915,0.071558,0.215793,0.123756,-0.012861,0.017453,0.118545,0.109991,0.000000,0.006981,0.070910,0.033062,-0.086243,0.092502,0.248909,0.132284,-0.004514,0.008727,0.081424,0.046239
1772127033.074,234,2,2,0.0000,0.0451,0.9543,0.0005,0.0000,0.0000,0.0001,0.063016,0.074108,0.006223,0.004818,0.001643,0.001745,-0.001745,-0.020671,0.005123,-0.016336,0.071558,0.219440,0.128104,-0.065695,0.017453,0.170883,0.141884,0.000000,0.006981,0.076637,0.056214,-0.055252,0.092502,0.257178,0.132151,-0.038996,0.006981,0.184024,0.076626
1772127033.177,237,2,2,0.0000,0.0281,0.9711,0.0007,0.0000,0.0000,0.0001,0.064398,0.089342,0.006044,0.002758,0.001664,0.001745,-0.001745,0.058993,-0.001495,0.010367,0.075049,0.186014,0.126333,-0.094143,0.019199,0.153798,0.141282,0.000000,0.006981,0.134511,0.051990,-0.053088,0.092502,0.259967,0.132224,-0.039415,0.006981,0.232082,0.154869
1772127033.278,240,2,2,0.0000,0.0272,0.9709,0.0017,0.0000,0.0000,0.0001,0.074656,0.100522,0.004603,0.002002,0.002223,0.001745,-0.001745,0.120528,-0.041763,0.043823,0.073304,0.192447,0.127042,-0.145052,0.024435,0.157486,0.155063,-0.001745,0.006981,0.152195,0.052132,-0.044357,0.094248,0.324356,0.143375,-0.048146,0.006981,0.249080,0.176920
1772127033.377,243,2,2,0.0000,0.0147,0.9837,0.0015,0.0000,0.0000,0.0001,0.092977,0.109205,0.001651,0.001439,0.003614,0.001745,-0.001745,0.055237,-0.037327,0.004652,0.073304,0.257116,0.185580,-0.114607,0.036652,0.264951,0.236481,0.000000,0.006981,0.152723,0.053559,-0.067712,0.094248,0.360305,0.165993,-0.030026,0.006981,0.279880,0.189785
1772127033.490,246,2,2,0.0000,0.0140,0.9836,0.0022,0.0000,0.0000,0.0002,0.086109,0.108865,0.005074,0.002314,0.002699,0.001745,-0.001745,0.040557,-0.038098,-0.005658,0.073304,0.260714,0.178605,-0.099062,0.038397,0.240206,0.199776,0.000000,0.005236,0.164163,0.060304,-0.058910,0.094248,0.354310,0.164418,-0.040573,0.003491,0.270196,0.190022
1772127033.590,249,2,2,0.0000,0.0080,0.9909,0.0007,0.0000,0.0002,0.0002,0.089303,0.114439,0.000377,0.002998,0.002579,0.001745,-0.001745,0.034418,-0.039681,-0.014921,0.073304,0.263527,0.184609,-0.086308,0.041888,0.245292,0.226852,0.000000,0.006981,0.180635,0.062216,-0.064390,0.094248,0.369965,0.172014,-0.033349,0.003491,0.287469,0.196252
1772127033.689,252,3,2,0.0000,0.0082,0.0571,0.7416,0.0009,0.0000,0.1923,0.095517,0.123395,0.002294,0.005045,0.003390,0.001745,-0.001745,0.024135,-0.041322,-0.033060,0.073304,0.283131,0.197585,-0.066424,0.041888,0.279673,0.244737,0.000000,0.006981,0.153333,0.063512,-0.083778,0.095993,0.395522,0.189785,-0.017452,0.003491,0.342243,0.229881
1772127033.798,255,6,6,0.0000,0.0012,0.0003,0.0001,0.0000,0.0000,0.9983,0.101008,0.118768,0.029904,0.021990,0.017514,0.001745,-0.001745,0.005247,-0.029274,-0.041363,0.073304,0.358216,0.209247,-0.058121,0.041888,0.290920,0.231524,0.000000,0.006981,0.143507,0.066607,-0.084685,0.095993,0.389104,0.187766,-0.014799,0.003491,0.312528,0.219236
1772127033.893,258,6,6,0.0000,0.0127,0.0007,0.0003,0.0002,0.0001,0.9860,0.105442,0.040454,0.028086,0.010895,0.014437,0.001745,0.000000,-0.084999,0.055490,-0.197469,0.073304,0.340879,0.194189,0.096239,0.043633,0.273701,0.186120,0.000000,0.008727,0.228177,0.064447,0.052533,0.097738,0.030331,-0.028311,-0.153762,0.003491,-0.088079,-0.050102
1772127033.994,261,6,6,0.0000,0.0480,0.0007,0.0005,0.0003,0.0001,0.9503,0.066226,0.052290,0.009108,0.006284,0.008055,0.001745,0.000000,-0.160111,0.098973,-0.136470,0.075049,0.306211,0.120098,0.036986,0.043633,0.065141,0.046877,0.000000,0.008727,-0.047526,0.064992,-0.058913,0.102974,0.336138,0.082810,-0.044061,0.003491,0.028347,-0.043483
1772127034.093,264,1,6,0.0003,0.6131,0.0034,0.0006,0.0006,0.0003,0.3817,0.038365,0.044709,0.002011,0.002893,0.005452,0.001745,-0.003491,-0.167006,0.103381,-0.078926,0.073304,0.152609,0.087450,-0.018813,0.041888,-0.016160,-0.005382,0.000000,0.008727,-0.059337,0.064538,-0.058773,0.101229,0.286920,0.071599,-0.038966,0.003491,-0.010427,-0.119316
1772127034.194,267,1,1,0.0003,0.8543,0.0038,0.0005,0.0003,0.0003,0.1406,0.041237,0.039512,0.002383,0.005246,0.005497,0.003491,-0.001745,-0.193441,0.097355,-0.095265,0.073304,0.179704,0.093891,0.006253,0.040143,0.000703,-0.001699,-0.001745,0.008727,-0.048117,0.058952,-0.067446,0.094248,0.243537,0.068676,-0.021566,-0.001745,-0.045016,-0.113680
1772127034.294,270,1,1,0.0001,0.9642,0.0009,0.0003,0.0001,0.0001,0.0343,0.041523,0.021151,0.005486,0.006575,0.005083,0.003491,-0.003491,-0.115229,0.062039,-0.075720,0.057596,0.158772,0.073273,0.005907,0.034907,0.079668,0.022627,-0.003491,0.010472,0.006507,0.025633,-0.034345,0.048869,0.122751,0.039582,-0.007543,-0.003491,-0.025235,-0.085774
1772127034.397,273,1,1,0.0000,0.9969,0.0002,0.0001,0.0000,0.0000,0.0028,0.022976,0.010794,0.003002,0.002865,0.004119,0.003491,-0.003491,-0.182546,-0.018016,-0.077183,0.043633,0.089973,0.040500,0.019587,0.033161,0.033785,0.011585,-0.005236,0.010472,0.003590,0.009570,-0.014499,0.013963,0.061988,0.025918,0.004027,-0.005236,-0.015827,-0.078496
1772127034.499,276,1,1,0.0000,0.9997,0.0001,0.0000,0.0000,0.0000,0.0002,0.008646,0.008589,0.004953,0.001391,0.003926,0.001745,-0.003491,-0.186332,-0.020763,-0.023303,0.036652,0.032188,-0.026822,-0.022075,0.033161,-0.018627,-0.024737,-0.003491,0.010472,0.017068,0.007859,-0.008977,0.001745,0.037961,0.013753,0.014213,-0.003491,-0.008074,-0.071927
1772127034.596,279,1,1,0.0000,1.0000,0.0000,0.0000,0.0000,0.0000,0.0000,0.007284,0.005791,0.004070,0.000899,0.003880,0.001745,-0.005236,-0.077808,0.009677,0.009666,0.034907,-0.046707,-0.019258,-0.041082,0.031416,-0.012557,-0.014668,-0.003491,0.010472,0.025256,0.006383,0.003358,0.000000,0.014355,0.006047,0.003623,-0.003491,-0.003832,-0.067534
1772127034.698,282,1,1,0.0000,0.9999,0.0000,0.0000,0.0000,0.0000,0.0000,0.008498,0.008749,0.001146,0.000862,0.002468,0.001745,-0.003491,-0.066646,0.010486,0.025170,0.031416,-0.090762,-0.045870,-0.058332,0.033161,-0.162053,-0.114790,-0.003491,0.010472,-0.070081,0.016634,-0.009620,0.000000,0.046221,0.007505,0.014856,-0.003491,0.009302,-0.039780
1772127034.799,285,1,1,0.0000,0.9998,0.0000,0.0000,0.0000,0.0000,0.0002,0.006233,0.008059,0.001257,0.003786,0.003110,0.001745,-0.005236,-0.051403,0.012887,0.000824,0.027925,-0.053022,-0.020854,-0.042712,0.031416,-0.069308,-0.051237,-0.003491,0.010472,-0.033164,0.023639,-0.002362,-0.001745,0.034929,0.010698,0.014579,-0.003491,0.002393,-0.033029
1772127034.901,288,1,1,0.0000,0.9999,0.0000,0.0000,0.0000,0.0000,0.0000,0.023233,0.011158,0.003705,0.002741,0.008748,0.001745,-0.005236,0.093853,0.051929,0.073670,0.026180,-0.042731,-0.007905,-0.112067,0.031416,-0.038540,-0.017841,-0.005236,0.010472,0.029301,0.032550,0.057238,-0.003491,-0.163045,0.004340,-0.045021,-0.003491,-0.200079,-0.033006
1772127034.998,291,1,1,0.0000,0.9999,0.0000,0.0001,0.0000,0.0000,0.0000,0.014488,0.008994,0.009564,0.007079,0.006373,0.001745,-0.005236,0.069978,0.015730,-0.010448,0.024435,-0.086582,0.030548,-0.024459,0.031416,-0.069909,-0.012103,-0.003491,0.010472,0.010257,0.028951,0.058253,-0.001745,-0.358850,-0.125551,-0.039055,-0.005236,-0.282279,-0.140922
1772127035.097,294,1,1,0.0000,0.9999,0.0000,0.0000,0.0000,0.0000,0.0000,0.012269,0.011823,0.002630,0.005908,0.003626,0.003491,-0.005236,-0.009239,0.013928,-0.017969,0.020944,-0.032054,0.044051,-0.016938,0.029671,0.023976,0.011172,-0.003491,0.010472,-0.058394,0.039994,0.091407,-0.003491,-0.206318,-0.105997,-0.063481,-0.003491,-0.170475,-0.110948
1772127035.198,297,1,1,0.0000,0.9999,0.0000,0.0000,0.0000,0.0000,0.0000,0.005502,0.008655,0.012128,0.007363,0.008248,0.001745,-0.001745,0.002386,0.014766,-0.020640,0.017453,-0.174120,-0.007599,-0.007285,0.029671,-0.154630,-0.039123,-0.003491,0.010472,-0.078207,0.033896,0.059487,-0.001745,-0.123712,-0.061928,-0.028071,-0.003491,-0.130064,-0.098318
1772127035.299,300,1,1,0.0000,1.0000,0.0000,0.0000,0.0000,0.0000,0.0000,0.004395,0.006412,0.004337,0.003012,0.001542,0.003491,-0.003491,-0.045634,0.010357,-0.024930,0.010472,-0.092333,-0.027839,0.000495,0.027925,-0.045964,-0.019505,-0.003491,0.008727,-0.047155,0.021665,-0.004659,-0.001745,-0.006912,-0.034941,0.046547,-0.003491,-0.081634,-0.082721
1772127035.399,303,1,1,0.0000,1.0000,0.0000,0.0000,0.0000,0.0000,0.0000,0.004514,0.006813,0.002640,0.003118,0.001504,0.001745,-0.003491,-0.028413,-0.020175,-0.026842,0.005236,0.009868,-0.007841,0.011134,0.026180,-0.036850,-0.037883,-0.001745,0.006981,-0.047671,-0.001116,0.053782,-0.001745,-0.007027,-0.006941,-0.011894,-0.003491,0.020996,-0.054494
1772127035.499,306,1,1,0.0000,1.0000,0.0000,0.0000,0.0000,0.0000,0.0000,0.004608,0.004335,0.001769,0.000832,0.001040,0.001745,-0.001745,-0.020967,-0.027204,-0.043075,0.005236,-0.010018,-0.003123,0.025622,0.022689,-0.026939,-0.045664,-0.003491,0.006981,-0.062947,0.002949,0.042088,-0.001745,-0.009050,-0.006876,-0.000201,-0.001745,-0.000294,-0.039080
1772127035.599,309,1,1,0.0000,1.0000,0.0000,0.0000,0.0000,0.0000,0.0000,0.005381,0.006570,0.003055,0.000437,0.002939,0.001745,-0.001745,0.016297,-0.026104,-0.037197,0.003491,0.000531,0.006204,0.019744,0.001745,0.014820,-0.009919,-0.001745,0.006981,-0.098678,0.002869,0.044317,-0.001745,-0.008065,-0.004525,-0.002429,-0.001745,0.024673,-0.012675
1772127035.700,312,1,1,0.0000,1.0000,0.0000,0.0000,0.0000,0.0000,0.0000,0.005671,0.006004,0.002171,0.001911,0.002614,0.001745,-0.001745,0.000003,-0.052334,-0.036709,0.003491,0.004379,0.013415,0.012274,0.008727,0.024012,-0.009561,-0.003491,0.006981,-0.068779,-0.004267,0.029221,-0.001745,0.005715,-0.000418,0.009177,-0.001745,0.020950,-0.008694
1772127035.801,315,1,1,0.0000,1.0000,0.0000,0.0000,0.0000,0.0000,0.0000,0.000873,0.003607,0.003078,0.000448,0.002661,0.000000,0.001745,-0.013777,-0.032750,-0.008297,0.003491,-0.024612,-0.006939,-0.012647,0.005236,-0.073983,-0.041896,0.000000,0.006981,-0.071185,-0.000625,0.036300,-0.001745,-0.010457,-0.004126,-0.003139,-0.001745,-0.000903,-0.007086
1772127035.900,318,1,1,0.0000,1.0000,0.0000,0.0000,0.0000,0.0000,0.0000,0.000873,0.003533,0.000994,0.000778,0.001158,-0.001745,0.003491,-0.012645,-0.031315,-0.007680,0.000000,-0.100853,-0.016186,-0.004537,0.006981,-0.031809,-0.022291,-0.001745,0.006981,-0.087377,-0.000086,0.035409,-0.003491,-0.043652,-0.026982,-0.000503,-0.001745,-0.024978,-0.017350
1772127036.002,321,1,1,0.0000,1.0000,0.0000,0.0000,0.0000,0.0000,0.0000,0.000582,0.003211,0.002094,0.000973,0.001415,0.001745,0.000000,-0.021085,-0.032061,-0.000969,-0.003491,-0.134314,-0.037340,-0.007758,0.005236,-0.041321,-0.019026,-0.001745,0.005236,-0.056111,0.000014,0.033279,-0.001745,-0.041421,-0.020307,-0.000117,-0.001745,-0.019320,-0.013683
1772127036.102,324,1,1,0.0000,0.9999,0.0000,0.0000,0.0000,0.0000,0.0000,0.003833,0.003563,0.002314,0.000820,0.002443,0.001745,0.000000,-0.020865,-0.088631,-0.049490,-0.003491,-0.157777,-0.061077,0.040763,0.003491,-0.047821,-0.020838,-0.001745,0.005236,-0.066476,0.002336,0.035190,-0.001745,-0.052333,-0.027981,-0.003774,0.000000,-0.022341,-0.019384
1772127036.203,327,1,1,0.0000,1.0000,0.0000,0.0000,0.0000,0.0000,0.0000,0.002011,0.003617,0.000753,0.000947,0.000426,0.001745,-0.001745,-0.024159,-0.083197,-0.032856,-0.005236,-0.179016,-0.093976,0.018893,0.003491,-0.153231,-0.072986,-0.001745,0.003491,-0.051054,0.003909,0.036010,-0.001745,-0.052225,-0.023296,-0.002849,0.000000,-0.021009,-0.017690
1772127036.303,330,1,1,0.0000,1.0000,0.0000,0.0000,0.0000,0.0000,0.0000,0.004917,0.004499,0.009177,0.001264,0.008043,0.001745,-0.001745,-0.019602,-0.056343,-0.034075,-0.005236,-0.172444,-0.093340,0.030584,0.003491,0.023181,-0.041482,-0.001745,0.005236,-0.054328,0.001236,0.047519,-0.001745,-0.057677,-0.024395,-0.012613,0.000000,-0.023912,-0.026072
1772127036.404,333,1,1,0.0000,0.9999,0.0000,0.0000,0.0000,0.0000,0.0000,0.013952,0.003718,0.011393,0.006279,0.002852,0.001745,0.000000,-0.036350,-0.016083,-0.053347,-0.003491,-0.006897,-0.026248,0.051602,0.003491,0.075164,0.035425,-0.001745,0.005236,-0.034978,0.000731,0.038651,-0.001745,-0.061095,-0.020453,-0.000254,0.000000,-0.028472,-0.029606
1772127036.505,336,1,1,0.0000,0.9999,0.0000,0.0000,0.0000,0.0000,0.0000,0.003472,0.005622,0.007881,0.006255,0.003369,0.001745,-0.003491,-0.077795,0.023153,0.002222,-0.005236,-0.040399,-0.035344,-0.005713,0.003491,-0.026608,0.011056,-0.001745,0.005236,-0.020581,-0.005025,0.002897,-0.001745,0.006258,0.022803,0.030264,0.000000,-0.023743,-0.028147
1772127036.605,339,1,1,0.0000,1.0000,0.0000,0.0000,0.0000,0.0000,0.0000,0.002555,0.007945,0.005029,0.001549,0.003519,0.001745,-0.001745,-0.032921,0.007746,0.009274,-0.005236,-0.044773,-0.035075,-0.005783,0.003491,0.001299,0.007111,-0.001745,0.003491,-0.004248,-0.024064,-0.015951,-0.001745,0.025026,0.029935,0.036895,0.000000,-0.023720,-0.026206
1772127036.707,342,1,1,0.0000,1.0000,0.0000,0.0000,0.0000,0.0000,0.0000,0.049275,0.013246,0.001539,0.001852,0.002917,-0.017453,0.043633,0.087436,-0.014744,0.046922,0.013963,0.122156,0.043908,-0.046922,0.003491,0.174125,0.055668,-0.001745,0.005236,0.006654,-0.023920,-0.010921,-0.001745,0.062812,0.033358,0.037101,0.000000,0.013787,-0.024034
1772127036.809,345,1,1,0.0000,1.0000,0.0000,0.0000,0.0000,0.0000,0.0000,0.046192,0.010715,0.002895,0.000580,0.002958,-0.036652,0.068068,0.043465,-0.027889,0.026330,0.005236,0.118196,0.045155,-0.017604,-0.008727,0.179332,0.068525,-0.001745,0.005236,0.008213,-0.017595,-0.014960,-0.001745,0.029330,0.029112,0.046376,0.000000,0.010313,-0.012373
1772127036.910,348,1,1,0.0000,0.9999,0.0000,0.0001,0.0000,0.0000,0.0000,0.058774,0.032540,0.001430,0.000688,0.002305,-0.040143,0.075049,0.414137,-0.024808,-0.002939,-0.012217,-0.179733,-0.137695,0.009920,0.008727,0.141871,0.055584,-0.001745,0.005236,0.140296,-0.006552,-0.023447,-0.001745,0.033183,0.034642,0.056608,0.000000,0.075805,0.044713
1772127037.010,351,1,1,0.0000,0.9999,0.0000,0.0001,0.0000,0.0000,0.0000,0.065033,0.089030,0.000904,0.000926,0.005943,-0.050615,0.087266,0.443528,-0.021556,0.242618,-0.036652,-0.092640,-0.133159,-0.230401,0.006981,-0.005257,-0.097654,-0.001745,0.003491,0.241651,0.022850,-0.046892,-0.001745,0.232085,0.038325,0.081798,0.000000,0.309168,0.138994
1772127037.110,354,1,1,0.0000,0.9995,0.0002,0.0003,0.0000,0.0000,0.0000,0.097650,0.047866,0.001598,0.000843,0.006744,-0.047124,0.083776,-0.083541,0.068414,0.158922,-0.036652,0.242884,0.111025,-0.143214,0.003491,0.319924,0.183367,-0.001745,0.003491,0.153322,0.009359,-0.030491,-0.001745,0.095800,0.043206,0.058416,0.003491,0.106223,0.101079
1772127037.211,357,1,1,0.0001,0.9959,0.0003,0.0036,0.0000,0.0000,0.0000,0.075897,0.036098,0.003129,0.001727,0.003785,-0.041888,0.075049,-0.097187,0.060684,0.116323,-0.041888,0.104581,0.053963,-0.128540,0.006981,0.301198,0.191986,-0.003491,0.005236,0.133993,0.007089,-0.027167,0.000000,0.054176,0.037637,0.049856,0.000000,0.059768,0.085427
1772127037.311,360,1,1,0.0001,0.9966,0.0003,0.0030,0.0000,0.0000,0.0000,0.054543,0.029768,0.001136,0.000786,0.002227,-0.029671,0.045379,0.003990,0.060500,0.117072,-0.069813,0.009578,0.036630,-0.118817,0.006981,0.236848,0.137533,-0.006981,0.005236,0.143364,0.019499,-0.011792,0.000000,0.025573,0.026446,0.036227,0.000000,0.031712,0.069164
1772127037.412,363,1,1,0.0001,0.9981,0.0002,0.0015,0.0000,0.0000,0.0000,0.049588,0.027591,0.000915,0.000332,0.001460,-0.013963,0.026180,-0.018672,0.063798,0.124971,-0.092502,-0.058200,0.022840,-0.114499,0.006981,0.210734,0.139556,-0.008727,0.015708,0.174361,0.026556,-0.001368,0.000000,-0.000935,0.010981,0.018821,0.000000,0.014955,0.069708
1772127037.513,366,1,1,0.0003,0.9919,0.0031,0.0046,0.0000,0.0000,0.0001,0.047188,0.028556,0.000724,0.000325,0.001066,-0.003491,0.010472,-0.055838,0.063028,0.127551,-0.108210,-0.101506,0.011639,-0.106607,0.006981,0.188082,0.158503,-0.006981,0.033161,0.175983,0.033997,0.000477,0.000000,-0.002210,0.004275,0.006504,0.000000,0.013517,0.074753
1772127037.613,369,1,1,0.0009,0.9890,0.0034,0.0065,0.0000,0.0000,0.0002,0.043630,0.028449,0.000495,0.000377,0.000592,-0.001745,0.006981,-0.029510,0.068738,0.117402,-0.120428,-0.120195,0.009654,-0.087732,0.006981,0.180426,0.133380,-0.008727,0.043633,0.177662,0.035129,0.001302,0.000000,-0.004122,-0.001850,0.002189,0.000000,0.004422,0.077052
1772127037.715,372,1,1,0.0008,0.9944,0.0001,0.0042,0.0000,0.0000,0.0005,0.036066,0.028111,0.000315,0.001180,0.001897,-0.001745,0.000000,-0.026574,0.058532,0.116592,-0.120428,-0.118867,0.002779,-0.079940,0.006981,0.149405,0.098507,-0.008727,0.043633,0.182377,0.035124,-0.001108,0.000000,-0.002874,-0.002331,0.002854,0.000000,0.001519,0.071829
1772127037.818,375,1,1,0.0013,0.9270,0.0011,0.0663,0.0001,0.0000,0.0043,0.032620,0.028342,0.000745,0.002221,0.002642,-0.001745,0.003491,-0.028771,0.051728,0.103343,-0.120428,-0.122042,-0.000893,-0.059709,0.006981,0.136448,0.089454,-0.008727,0.043633,0.197682,0.022090,0.000082,0.000000,-0.005812,-0.005374,0.001664,0.000000,0.008424,0.066527
1772127037.918,378,1,1,0.0001,0.9923,0.0005,0.0050,0.0000,0.0000,0.0022,0.016198,0.030644,0.002425,0.003606,0.002319,-0.003491,0.001745,-0.022227,0.047893,0.099638,-0.120428,-0.120552,0.003720,-0.056005,0.006981,0.034393,-0.029076,-0.008727,0.043633,0.216280,0.014502,0.018649,0.000000,-0.039684,-0.011175,-0.016904,0.000000,0.006703,0.067960
1772127038.021,381,1,1,0.0000,0.9981,0.0016,0.0001,0.0000,0.0000,0.0002,0.011330,0.039832,0.003667,0.005124,0.009184,0.000000,0.000000,-0.138526,0.049790,0.079190,-0.116937,-0.133178,-0.007085,-0.033811,0.006981,-0.004874,-0.040164,-0.008727,0.045379,0.268616,0.015674,0.101812,0.000000,-0.177797,-0.036517,-0.093085,0.000000,-0.122918,0.046500
1772127038.117,384,1,1,0.0000,0.9990,0.0010,0.0000,0.0000,0.0000,0.0000,0.010948,0.034477,0.002279,0.001555,0.011144,0.000000,0.000000,-0.104336,0.061037,0.061173,-0.101229,-0.113922,-0.006996,-0.015794,0.006981,0.002187,-0.012864,-0.008727,0.043633,0.276811,0.017786,0.066175,0.000000,-0.160343,-0.067953,-0.055703,0.000000,-0.094968,0.009317
1772127038.220,387,1,1,0.0000,0.9997,0.0003,0.0000,0.0000,0.0000,0.0000,0.011952,0.032713,0.002801,0.000945,0.001675,0.000000,0.000000,-0.091343,0.065395,0.051997,-0.054105,-0.074973,-0.003466,-0.020581,0.006981,0.013401,0.005655,-0.006981,0.040143,0.253767,0.023173,0.060996,0.000000,-0.134680,-0.065037,-0.047034,0.000000,-0.074163,0.014473
1772127038.319,390,1,1,0.0000,0.9995,0.0002,0.0000,0.0000,0.0000,0.0002,0.028350,0.030051,0.004555,0.005107,0.002433,0.000000,0.000000,-0.061412,0.058752,0.047627,-0.031416,0.017023,0.005156,-0.033664,0.017453,0.119230,0.074956,-0.003491,0.038397,0.232885,0.024303,0.049537,0.000000,-0.092239,-0.052068,-0.033829,0.000000,-0.056657,0.015494
1772127038.419,393,1,1,0.0000,0.9991,0.0008,0.0000,0.0000,0.0000,0.0001,0.030313,0.025289,0.010323,0.009280,0.002222,0.000000,0.000000,-0.196371,0.074993,0.044469,-0.010472,-0.021624,0.001738,-0.053196,0.055851,0.112246,0.074455,-0.003491,0.038397,0.187318,0.027408,0.037798,0.000000,-0.073451,-0.050677,-0.016854,0.000000,-0.050661,0.012541
1772127038.519,396,1,1,0.0000,0.9992,0.0007,0.0001,0.0000,0.0000,0.0000,0.031969,0.011757,0.005526,0.002489,0.003806,0.000000,0.000000,-0.109963,0.057225,0.001522,-0.001745,0.008404,0.020875,-0.013740,0.045379,0.142132,0.108095,-0.003491,0.027925,0.069463,0.024495,0.012270,0.000000,-0.041527,-0.039963,0.006928,0.000000,-0.070924,-0.036194
1772127038.619,399,1,1,0.0000,0.9996,0.0003,0.0001,0.0000,0.0000,0.0000,0.009559,0.015890,0.002071,0.001147,0.001306,0.000000,0.000000,-0.098254,0.046309,0.017786,-0.001745,-0.119371,-0.104439,-0.036985,0.050615,-0.071761,-0.046670,0.000000,0.022689,0.017718,0.016654,-0.074660,0.008727,0.053728,-0.030540,0.071169,0.000000,-0.048136,-0.033674
1772127038.719,402,1,1,0.0000,0.9999,0.0001,0.0000,0.0000,0.0000,0.0000,0.028531,0.019679,0.000361,0.003954,0.006413,0.001745,-0.001745,-0.121769,0.041894,-0.006820,0.000000,0.048371,0.016125,-0.012379,0.052360,0.111905,0.069968,0.000000,0.015708,-0.048704,0.001622,-0.073591,0.010472,0.142859,0.018079,0.047411,0.000000,-0.003037,-0.042761
1772127038.819,405,1,1,0.0000,0.9999,0.0000,0.0000,0.0000,0.0000,0.0000,0.025568,0.013082,0.001639,0.000454,0.001122,0.001745,-0.001745,-0.102290,0.039769,-0.038333,0.000000,0.007474,-0.002511,0.015643,0.055851,0.116994,0.069341,0.000000,0.010472,-0.077024,-0.002055,-0.080305,0.012217,0.087644,0.008237,0.038417,0.000000,-0.008010,-0.060192
1772127038.919,408,1,1,0.0000,0.9999,0.0000,0.0000,0.0000,0.0000,0.0000,0.024045,0.016586,0.000669,0.002308,0.002845,0.001745,-0.003491,-0.084478,0.034340,-0.032516,0.000000,0.003931,0.002434,0.004591,0.059341,0.113968,0.068191,0.000000,0.005236,-0.074280,-0.010744,-0.104999,0.012217,0.104135,0.030045,0.047403,0.000000,-0.006037,-0.060321
1772127039.021,411,1,1,0.0000,0.9999,0.0000,0.0000,0.0000,0.0000,0.0000,0.020785,0.025782,0.000281,0.001813,0.000675,0.000000,-0.003491,-0.128213,0.032481,-0.037033,0.001745,-0.001814,0.002301,0.003872,0.062832,0.080746,0.065444,0.000000,0.006981,-0.079904,-0.024868,-0.162936,0.012217,0.142783,0.059512,0.087887,0.000000,-0.000179,-0.070856
1772127039.120,414,1,1,0.0000,0.9999,0.0000,0.0000,0.0000,0.0000,0.0000,0.021380,0.017183,0.000357,0.000396,0.000688,0.001745,-0.003491,-0.085487,0.031968,-0.040182,0.001745,-0.010491,0.001224,0.001785,0.062832,0.098557,0.056705,0.000000,0.006981,-0.043845,-0.014734,-0.148944,0.013963,0.097140,0.031665,0.056441,0.000000,-0.002450,-0.084880
1772127039.222,417,1,1,0.0000,0.9999,0.0000,0.0000,0.0000,0.0000,0.0000,0.021763,0.016016,0.000295,0.000963,0.000909,0.001745,0.000000,-0.076369,0.026107,-0.030688,0.003491,-0.012207,-0.000591,-0.004219,0.062832,0.114470,0.052506,0.000000,0.006981,-0.058105,-0.009037,-0.152510,0.012217,0.092441,0.022023,0.056517,-0.001745,0.002018,-0.088057
1772127039.324,420,1,1,0.0000,0.9999,0.0000,0.0000,0.0000,0.0000,0.0000,0.022653,0.011059,0.000508,0.000473,0.000666,0.000000,0.000000,-0.141600,0.007607,-0.022448,0.003491,-0.017057,-0.007934,-0.014204,0.068068,0.132199,0.060466,0.000000,0.005236,-0.047341,-0.004406,-0.125975,0.012217,0.079332,0.007680,0.028236,-0.001745,-0.003163,-0.083636
1772127039.424,423,1,1,0.0000,0.9999,0.0000,0.0000,0.0000,0.0000,0.0000,0.014192,0.006589,0.000905,0.000657,0.001993,0.001745,-0.003491,-0.104923,0.002375,-0.019682,0.001745,-0.090544,-0.078010,-0.013479,0.071558,0.092874,-0.011034,0.000000,0.005236,-0.030004,-0.001904,-0.117078,0.013963,0.045716,0.001797,0.012358,-0.001745,-0.013889,-0.079310
1772127039.524,426,1,1,0.0001,0.9999,0.0000,0.0001,0.0000,0.0000,0.0000,0.016605,0.007515,0.000606,0.001893,0.002295,0.003491,-0.003491,-0.095942,-0.001908,0.005300,0.003491,-0.058538,-0.052433,-0.034970,0.069813,0.092476,0.024689,0.000000,0.003491,-0.013680,-0.004236,-0.120934,0.012217,0.059916,0.005325,0.009233,0.000000,-0.005503,-0.074166
1772127039.625,429,1,1,0.0001,0.9998,0.0000,0.0001,0.0000,0.0000,0.0000,0.027552,0.014677,0.002548,0.003423,0.001845,0.003491,-0.003491,-0.076704,-0.011937,-0.016469,0.005236,-0.032472,0.008557,-0.016693,0.069813,0.121349,0.122178,0.000000,0.005236,-0.026624,-0.016049,-0.144660,0.013963,0.109780,0.004830,0.029468,0.000000,0.012847,-0.073788
1772127039.726,432,1,1,0.0009,0.9965,0.0001,0.0020,0.0000,0.0000,0.0006,0.026331,0.011046,0.005364,0.004280,0.003434,0.003491,-0.001745,-0.075179,-0.014612,-0.046908,0.003491,-0.013266,0.007891,0.017237,0.069813,0.116669,0.097384,0.000000,0.003491,0.058882,-0.004558,-0.128377,0.013963,0.014751,-0.000478,0.014930,0.000000,0.026538,-0.027386
1772127039.825,435,1,1,0.0000,0.9915,0.0003,0.0068,0.0000,0.0000,0.0013,0.047553,0.048398,0.002371,0.002122,0.001910,0.003491,-0.001745,-0.074282,-0.012314,-0.063611,0.005236,0.109691,0.074649,0.009506,0.071558,0.180980,0.115525,0.000000,0.005236,0.165368,-0.005301,-0.060152,0.013963,0.042313,0.027269,-0.049804,0.000000,0.138291,0.188338
1772127039.928,438,1,1,0.0000,0.9906,0.0002,0.0081,0.0000,0.0000,0.0011,0.037907,0.014936,0.002592,0.002705,0.000404,0.000000,0.001745,-0.064440,-0.002917,-0.037268,0.003491,0.050944,0.044593,-0.016837,0.073304,0.162562,0.118251,-0.001745,0.005236,0.127701,0.002022,-0.024501,0.013963,0.029250,0.001058,-0.066256,-0.001745,-0.129696,-0.029961
1772127040.027,441,1,1,0.0000,0.9939,0.0002,0.0049,0.0000,0.0000,0.0011,0.034625,0.019403,0.002478,0.000563,0.002127,-0.003491,0.008727,-0.069925,0.009573,-0.023156,0.003491,0.027803,0.022053,-0.036185,0.073304,0.159376,0.111178,0.000000,0.005236,0.172891,0.005244,-0.048713,0.013963,0.032571,-0.008337,-0.019355,-0.001745,-0.018326,0.002937
1772127040.128,444,1,1,0.0000,0.9863,0.0002,0.0124,0.0000,0.0000,0.0010,0.031181,0.022991,0.000729,0.001728,0.003063,0.003491,0.000000,-0.039493,0.031911,-0.005193,0.005236,-0.000295,0.005681,-0.052403,0.071558,0.145853,0.110440,0.000000,0.003491,0.206210,0.020737,-0.032951,0.022689,0.018098,-0.031380,-0.017664,0.000000,-0.015866,0.004662
1772127040.230,447,1,1,0.0000,0.9997,0.0000,0.0001,0.0000,0.0000,0.0001,0.033558,0.014451,0.003861,0.002931,0.001578,0.003491,-0.003491,-0.054494,0.043271,0.021417,0.003491,-0.032501,-0.013188,-0.080758,0.071558,0.156539,0.102934,0.000000,0.003491,0.123191,0.013566,-0.036914,0.033161,-0.007839,-0.032353,-0.003229,0.000000,-0.025740,-0.005727
1772127040.328,450,1,1,0.0000,0.9996,0.0001,0.0002,0.0000,0.0000,0.0000,0.025406,0.062471,0.005987,0.007149,0.005652,0.003491,-0.001745,-0.050652,0.038025,0.027591,0.003491,-0.115801,-0.067037,-0.102640,0.071558,0.108522,0.052198,0.000000,0.005236,0.065407,0.011119,-0.059760,0.036652,0.152007,0.013311,0.021363,0.000000,0.276574,0.167982
1772127040.428,453,1,1,0.0000,0.9993,0.0005,0.0003,0.0000,0.0000,0.0000,0.027398,0.037336,0.004490,0.007910,0.008404,0.003491,-0.003491,-0.053616,0.027962,0.010337,0.003491,-0.044775,-0.029464,-0.097604,0.071558,0.138526,0.073406,0.000000,0.000000,0.036179,-0.063500,-0.033231,0.036652,0.105839,0.045026,-0.017384,0.000000,0.104204,0.120137
1772127040.530,456,1,1,0.0000,0.9997,0.0002,0.0001,0.0000,0.0000,0.0000,0.036719,0.018951,0.002054,0.001847,0.002479,0.001745,-0.001745,-0.031760,-0.006669,-0.016634,0.005236,0.002876,0.034435,-0.075868,0.069813,0.181001,0.145524,0.000000,0.006981,-0.047580,-0.013690,-0.104149,0.036652,0.088333,0.026205,0.067497,0.001745,-0.025355,-0.023203
1772127040.629,459,1,1,0.0000,0.9999,0.0000,0.0001,0.0000,0.0000,0.0000,0.041183,0.018999,0.002787,0.002806,0.003043,0.003491,-0.001745,0.037339,-0.006983,0.001005,0.005236,-0.034722,0.016430,-0.090017,0.069813,0.186714,0.174166,0.000000,0.005236,-0.131610,-0.002564,-0.085088,0.036652,0.122928,0.019971,0.043200,-0.001745,-0.025704,-0.052046
1772127040.730,462,1,1,0.0000,0.9999,0.0000,0.0001,0.0000,0.0000,0.0000,0.034554,0.039576,0.001890,0.004029,0.003450,0.005236,-0.003491,0.007188,-0.005723,-0.005082,0.005236,-0.038826,0.007563,-0.083930,0.069813,0.173462,0.146152,-0.001745,0.005236,-0.217353,0.015023,-0.173204,0.036652,0.174206,0.108993,0.134807,-0.001745,-0.009566,-0.048335
1772127040.829,465,1,1,0.0000,0.9999,0.0000,0.0001,0.0000,0.0000,0.0000,0.043549,0.013164,0.007319,0.005423,0.005412,0.005236,-0.003491,-0.002271,-0.002650,0.005081,0.005236,0.010380,0.020952,-0.090602,0.069813,0.246598,0.159288,-0.001745,0.005236,-0.145466,0.045319,-0.035709,0.036652,0.026700,0.039770,0.004293,0.000000,-0.085432,-0.081096
1772127040.932,468,1,1,0.0000,0.9999,0.0000,0.0001,0.0000,0.0000,0.0000,0.044410,0.014471,0.002013,0.003885,0.002238,0.003491,-0.003491,-0.050094,-0.002003,-0.003989,0.003491,0.011774,0.033346,-0.076296,0.068068,0.240792,0.171961,0.000000,0.003491,0.065157,0.039222,0.041351,0.024435,-0.084774,-0.082552,-0.062295,0.000000,-0.080770,-0.088709
1772127041.029,471,1,1,0.0000,0.9999,0.0000,0.0001,0.0000,0.0000,0.0000,0.024983,0.015778,0.003197,0.002573,0.000949,0.003491,-0.003491,-0.073879,0.009252,-0.002664,0.003491,-0.047006,0.011507,-0.068895,0.061087,0.112421,0.098546,-0.001745,0.005236,0.051506,0.060635,0.066722,0.005236,-0.109568,-0.077648,-0.070212,0.000000,-0.056051,-0.077012
1772127041.129,474,1,1,0.0000,0.9999,0.0000,0.0000,0.0000,0.0000,0.0000,0.016859,0.020247,0.002571,0.003252,0.000981,0.005236,-0.003491,-0.051815,0.049492,0.000510,0.003491,-0.051642,0.002940,-0.061596,0.054105,0.046300,0.040239,-0.003491,0.010472,0.066496,0.081089,0.079675,0.003491,-0.138433,-0.074293,-0.074439,0.001745,-0.103072,-0.081399
1772127041.230,477,1,1,0.0000,1.0000,0.0000,0.0000,0.0000,0.0000,0.0000,0.014096,0.014153,0.001154,0.001245,0.001821,0.005236,-0.005236,-0.021363,0.061256,0.004382,0.005236,-0.041685,0.001847,-0.061977,0.050615,0.002493,0.038091,0.000000,0.012217,0.044810,0.063323,0.049490,0.000000,-0.096852,-0.045838,-0.039018,0.000000,-0.083945,-0.088153
1772127041.331,480,1,1,0.0000,1.0000,0.0000,0.0000,0.0000,0.0000,0.0000,0.015730,0.015291,0.001122,0.000749,0.002205,0.005236,-0.005236,-0.057788,0.083950,0.012978,0.005236,-0.092436,-0.000365,-0.070574,0.050615,-0.045144,0.030744,-0.001745,0.008727,0.045399,0.070174,0.059189,0.000000,-0.163123,-0.079322,-0.041736,0.000000,-0.131727,-0.108361
1772127041.430,483,1,1,0.0000,1.0000,0.0000,0.0000,0.0000,0.0000,0.0000,0.015009,0.013454,0.001062,0.000563,0.002286,0.005236,-0.003491,-0.033020,0.051001,0.020426,0.005236,-0.046377,0.014032,-0.079767,0.050615,-0.016349,0.033562,0.000000,0.006981,0.063167,0.050342,0.040954,-0.001745,-0.101739,-0.054418,-0.016519,0.000000,-0.080781,-0.092035
1772127041.534,486,1,1,0.0000,1.0000,0.0000,0.0000,0.0000,0.0000,0.0000,0.015736,0.009696,0.000618,0.001673,0.002162,0.005236,-0.005236,0.046520,0.035363,0.000068,0.005236,-0.026774,0.015409,-0.054173,0.050615,-0.008498,0.030384,0.000000,0.005236,0.044882,0.037800,0.028431,0.000000,-0.061672,-0.037861,-0.002251,0.000000,-0.062155,-0.081779
1772127041.633,489,1,1,0.0000,0.9999,0.0000,0.0001,0.0000,0.0000,0.0000,0.044685,0.009091,0.004726,0.001595,0.008632,0.005236,-0.003491,0.093727,0.039926,-0.141090,0.005236,0.009533,0.052567,0.092221,0.048869,0.098517,0.090385,0.000000,0.005236,0.008913,0.032836,0.009416,0.000000,0.037672,-0.002586,0.015018,0.000000,-0.048202,-0.076577
1772127041.732,492,1,1,0.0000,0.9999,0.0000,0.0001,0.0000,0.0000,0.0000,0.007542,0.013205,0.004772,0.001307,0.005342,0.005236,-0.005236,-0.120102,0.035348,0.001047,0.003491,-0.323827,-0.117946,-0.042935,0.045379,-0.311420,-0.136433,0.000000,0.006981,-0.191673,0.033338,-0.018785,0.000000,0.038582,0.039831,0.039729,0.000000,-0.045900,-0.072546
1772127041.832,495,1,1,0.0000,0.9999,0.0000,0.0001,0.0000,0.0000,0.0000,0.028074,0.007306,0.006839,0.001460,0.003680,0.005236,-0.003491,0.281034,-0.240564,-0.029974,0.005236,-0.317073,-0.123152,-0.011914,0.045379,-0.217056,-0.098118,0.000000,0.006981,-0.084673,0.058096,0.002014,0.000000,-0.229222,0.006881,0.013694,0.000000,-0.224045,-0.090308
1772127041.934,498,1,1,0.0000,0.9999,0.0000,0.0000,0.0000,0.0000,0.0000,0.005583,0.008761,0.004543,0.002213,0.005243,0.005236,-0.005236,-0.040365,-0.191559,-0.053031,0.005236,-0.096381,-0.045464,0.011143,0.045379,-0.092662,-0.050930,0.000000,0.005236,-0.063391,0.050473,0.049420,0.000000,-0.127522,-0.062194,-0.030221,0.000000,-0.201125,-0.158816
1772127042.033,501,1,1,0.0000,0.9998,0.0002,0.0000,0.0000,0.0000,0.0000,0.007603,0.010743,0.009953,0.011450,0.030156,0.005236,-0.005236,-0.121746,-0.124069,-0.048360,0.005236,-0.063908,0.035381,-0.002255,0.045379,-0.143427,-0.044229,0.000000,0.006981,-0.146989,0.030470,-0.070517,-0.001745,-0.197079,-0.065394,0.091461,0.000000,-0.146957,-0.115289
1772127042.134,504,1,1,0.0000,0.9999,0.0001,0.0000,0.0000,0.0000,0.0000,0.007924,0.021514,0.006590,0.021977,0.028623,0.003491,-0.005236,-0.067608,-0.090242,-0.040094,0.005236,-0.028797,0.042730,-0.012266,0.043633,-0.192719,-0.082007,0.000000,0.006981,-0.455924,-0.076593,-0.200437,0.000000,0.026318,-0.029257,0.223126,0.001745,-0.001427,-0.075930
1772127042.234,507,1,1,0.0000,0.9999,0.0001,0.0000,0.0000,0.0000,0.0000,0.012424,0.037182,0.001894,0.008252,0.010678,0.003491,-0.005236,0.084056,-0.063271,-0.028288,0.006981,-0.053689,0.012676,-0.018836,0.041888,-0.211665,-0.115731,0.000000,0.006981,-0.400703,-0.164073,-0.041097,-0.003491,0.054606,0.068661,0.065531,0.000000,0.165044,0.085363
1772127042.336,510,1,1,0.0000,0.9999,0.0001,0.0000,0.0000,0.0000,0.0000,0.013591,0.005291,0.001443,0.004921,0.018082,0.005236,-0.006981,0.113622,-0.060660,-0.047726,0.003491,-0.178576,-0.096529,0.000602,0.040143,-0.180409,-0.114667,-0.003491,0.008727,-0.426116,-0.136737,-0.010695,-0.001745,-0.211126,0.014401,0.040366,-0.001745,-0.171460,-0.027587
1772127042.435,513,1,1,0.0000,0.9999,0.0001,0.0000,0.0000,0.0000,0.0000,0.007761,0.015149,0.002414,0.005367,0.008043,0.005236,-0.005236,0.044267,-0.093802,-0.043877,0.005236,-0.346884,-0.180728,-0.006738,0.038397,-0.351884,-0.224750,-0.019199,0.033161,-0.031148,-0.076817,-0.124197,-0.005236,-0.201288,-0.057295,0.148632,-0.001745,-0.196377,-0.068019
1772127042.536,516,1,1,0.0000,1.0000,0.0000,0.0000,0.0000,0.0000,0.0000,0.003927,0.027391,0.000770,0.001725,0.003804,0.005236,-0.005236,-0.009731,-0.115309,-0.013425,0.003491,-0.266082,-0.126782,-0.035444,0.038397,-0.298180,-0.122750,-0.029671,0.047124,0.203510,-0.045494,-0.055374,-0.005236,-0.166714,-0.055066,0.078063,0.000000,-0.164948,-0.097941
1772127042.637,519,1,1,0.0000,1.0000,0.0000,0.0000,0.0000,0.0000,0.0000,0.003927,0.024975,0.001261,0.001335,0.002493,0.005236,-0.005236,-0.032103,-0.078963,-0.007611,0.005236,-0.206920,-0.101829,-0.041258,0.036652,-0.219425,-0.063115,-0.027925,0.041888,0.195157,-0.029551,0.023508,-0.003491,0.025314,0.013835,-0.002564,0.000000,-0.008879,-0.053943
1772127042.737,522,1,1,0.0000,0.9999,0.0000,0.0000,0.0000,0.0000,0.0000,0.003782,0.014251,0.002074,0.001681,0.004346,0.005236,-0.005236,-0.022156,-0.064247,-0.027009,0.003491,-0.082096,-0.061338,-0.021860,0.036652,-0.124443,-0.063023,-0.022689,0.036652,0.091221,-0.021701,0.043136,-0.001745,-0.026221,-0.001128,-0.013466,-0.001745,-0.033089,-0.035422
1772127042.838,525,1,1,0.0000,0.9999,0.0000,0.0000,0.0000,0.0000,0.0000,0.013836,0.005381,0.001055,0.002836,0.005534,0.005236,-0.005236,0.106883,-0.062234,-0.016218,0.005236,0.011331,0.000700,-0.032651,0.036652,-0.051501,-0.067539,-0.017453,0.036652,-0.099671,-0.007957,0.015554,-0.001745,-0.120322,-0.042609,0.012371,0.000000,-0.072790,-0.045205
1772127042.938,528,1,1,0.0000,0.9999,0.0000,0.0000,0.0000,0.0000,0.0000,0.008629,0.005236,0.000619,0.001216,0.000987,0.005236,-0.005236,0.056427,-0.052034,-0.028514,0.005236,-0.013034,-0.005974,-0.020355,0.036652,-0.038415,-0.056411,-0.013963,0.036652,-0.071742,-0.006415,0.025442,-0.001745,-0.082448,-0.031054,0.000737,0.000000,-0.053934,-0.039844
1772127043.038,531,1,1,0.0000,0.9999,0.0000,0.0000,0.0000,0.0000,0.0000,0.005492,0.005236,0.000778,0.000570,0.001721,0.005236,-0.005236,0.022275,-0.047042,-0.014920,0.003491,-0.038822,-0.006018,-0.033950,0.034907,-0.036715,-0.044739,-0.012217,0.034907,-0.059781,-0.004646,0.020302,-0.003491,-0.028161,-0.014062,0.007623,0.000000,-0.008864,-0.017431
1772127043.138,534,1,1,0.0000,0.9999,0.0000,0.0001,0.0000,0.0000,0.0000,0.003714,0.005622,0.001531,0.001217,0.000714,0.005236,-0.005236,0.000930,-0.045391,-0.013463,0.003491,-0.038270,-0.004475,-0.035406,0.034907,-0.030115,-0.038277,-0.012217,0.034907,-0.051230,-0.003886,0.009134,-0.003491,-0.011808,0.004630,0.018791,-0.001745,-0.003633,-0.001260
1772127043.240,537,1,1,0.0000,0.9999,0.0000,0.0001,0.0000,0.0000,0.0000,0.003636,0.005403,0.001395,0.000523,0.003072,0.005236,-0.005236,-0.032117,-0.044563,-0.012125,0.003491,-0.060028,-0.007402,-0.036744,0.034907,-0.027201,-0.035227,-0.012217,0.034907,-0.039833,-0.003669,0.005313,-0.003491,-0.015190,0.002007,0.022613,0.000000,-0.009311,-0.005141
1772127043.340,540,1,1,0.0000,0.9999,0.0000,0.0001,0.0000,0.0000,0.0000,0.003782,0.005636,0.007473,0.005772,0.005119,0.005236,-0.005236,-0.132257,-0.043249,-0.014416,0.005236,-0.081101,-0.014403,-0.034454,0.034907,-0.031610,-0.036552,-0.012217,0.034907,-0.042282,-0.003308,0.006021,-0.003491,-0.014038,0.004800,0.021904,-0.001745,-0.006393,-0.002135
1772127043.440,543,1,1,0.0000,0.9999,0.0000,0.0000,0.0000,0.0000,0.0000,0.003636,0.031175,0.002284,0.002202,0.001945,0.003491,-0.005236,-0.079258,-0.046958,-0.016107,0.005236,-0.106073,-0.027286,-0.032762,0.034907,-0.052586,-0.040424,-0.012217,0.034907,-0.084259,-0.001880,0.005805,-0.005236,0.100625,0.063596,0.020375,0.000000,0.098643,0.050154
1772127043.541,546,1,1,0.0000,1.0000,0.0000,0.0000,0.0000,0.0000,0.0000,0.006059,0.015495,0.002282,0.002472,0.001911,0.005236,-0.005236,-0.065994,-0.046724,-0.010226,0.005236,-0.187235,-0.071737,-0.038643,0.033161,-0.199557,0.029078,-0.012217,0.034907,-0.117081,-0.001877,0.006135,-0.003491,0.032691,0.029583,0.020045,0.000000,0.023001,0.039578
1772127043.641,549,1,1,0.0000,1.0000,0.0000,0.0000,0.0000,0.0000,0.0000,0.007764,0.012197,0.003437,0.004373,0.013111,0.005236,-0.005236,-0.353779,-0.050602,-0.029482,0.005236,-0.182546,-0.064364,-0.019387,0.033161,-0.182146,0.049529,-0.012217,0.034907,-0.097933,0.003753,0.014619,-0.005236,0.017110,0.015176,0.011561,0.000000,0.010288,0.038952
1772127043.742,552,1,1,0.0000,1.0000,0.0000,0.0000,0.0000,0.0000,0.0000,0.004482,0.028354,0.002172,0.002370,0.001607,0.003491,-0.005236,-0.167416,-0.044872,-0.011312,0.005236,-0.127067,-0.052020,-0.037558,0.031416,-0.119542,0.013642,-0.010472,0.033161,-0.013570,0.002074,0.019515,-0.005236,0.078356,0.040117,0.004920,0.000000,0.087693,0.074408
1772127043.842,555,1,1,0.0000,1.0000,0.0000,0.0000,0.0000,0.0000,0.0000,0.003554,0.017899,0.001651,0.001051,0.002700,0.005236,-0.003491,-0.101112,-0.023971,-0.003957,0.005236,-0.139936,-0.045033,-0.044912,0.031416,-0.106162,0.000759,-0.001745,0.022689,-0.107880,-0.010297,0.028001,-0.005236,0.033901,0.040584,-0.003566,0.000000,0.024623,0.064990
1772127043.942,558,1,1,0.0000,1.0000,0.0000,0.0000,0.0000,0.0000,0.0000,0.010202,0.011903,0.000712,0.000990,0.002067,0.005236,-0.005236,0.082282,-0.011909,-0.005109,0.003491,-0.110892,-0.041569,-0.043760,0.031416,-0.096769,-0.008086,0.017453,-0.013963,-0.099331,-0.020383,0.008683,-0.003491,0.005468,0.017999,0.019242,0.000000,0.009187,0.064808
1772127044.042,561,1,1,0.0000,1.0000,0.0000,0.0000,0.0000,0.0000,0.0000,0.011679,0.009585,0.000337,0.000706,0.000582,0.005236,-0.005236,0.100007,-0.015263,-0.007797,0.003491,-0.098208,-0.041469,-0.042818,0.031416,-0.068556,-0.028141,0.033161,-0.038397,-0.093615,-0.018593,0.017518,-0.005236,-0.022756,-0.003134,0.006917,0.000000,-0.018681,0.057421
1772127044.143,564,1,1,0.0000,0.9999,0.0000,0.0000,0.0000,0.0000,0.0000,0.011996,0.010489,0.000513,0.000390,0.002426,0.005236,-0.005236,0.102062,-0.014308,-0.016155,0.005236,-0.078101,-0.041554,-0.034459,0.031416,-0.043701,-0.038496,0.047124,-0.052360,-0.043005,-0.008060,0.033669,-0.005236,-0.054637,-0.029876,-0.007489,0.000000,-0.048690,0.045076
1772127044.243,567,1,1,0.0000,0.9999,0.0000,0.0000,0.0000,0.0000,0.0000,0.008296,0.012034,0.001193,0.000309,0.001453,0.005236,-0.005236,0.059414,-0.014790,-0.012769,0.005236,-0.017849,-0.041747,-0.036101,0.029671,-0.036904,-0.037832,0.062832,-0.059341,-0.005602,-0.001063,0.039051,-0.005236,-0.055686,-0.025608,-0.005890,-0.001745,-0.047704,0.042523
1772127044.343,570,1,1,0.0000,0.9999,0.0000,0.0001,0.0000,0.0000,0.0000,0.029606,0.015929,0.003697,0.000369,0.003708,0.005236,-0.003491,0.060118,-0.013867,-0.003812,0.003491,0.154055,0.012353,-0.048548,0.029671,0.090355,-0.082751,0.080285,-0.062832,0.011609,0.006712,0.054421,-0.003491,-0.068062,-0.028637,-0.014278,0.000000,-0.049260,0.038126
1772127044.444,573,1,1,0.0000,0.9999,0.0000,0.0000,0.0000,0.0000,0.0000,0.010761,0.019900,0.002005,0.002387,0.002935,0.005236,-0.005236,0.034138,-0.012174,-0.001854,0.003491,0.036743,-0.004575,-0.048761,0.029671,0.019853,-0.060242,0.089012,-0.069813,0.039335,0.008627,0.059621,-0.005236,-0.050639,-0.014526,-0.007262,-0.001745,-0.034034,0.042203
1772127044.543,576,1,1,0.0000,1.0000,0.0000,0.0000,0.0000,0.0000,0.0000,0.003309,0.025364,0.002026,0.010395,0.009157,0.005236,-0.003491,-0.004686,-0.012426,-0.004912,0.003491,-0.034562,-0.012071,-0.047448,0.029671,0.001306,-0.049418,0.095993,-0.076794,-0.013189,0.010156,0.050592,-0.003491,0.044669,0.026587,0.000023,-0.003491,0.008616,0.067731
1772127044.644,579,1,1,0.0000,1.0000,0.0000,0.0000,0.0000,0.0000,0.0000,0.003751,0.015638,0.002388,0.019086,0.029352,0.003491,-0.003491,-0.182432,-0.013212,0.008354,0.003491,-0.067981,-0.035497,-0.058969,0.029671,-0.077580,-0.022460,0.087266,-0.071558,-0.029417,0.006870,0.039146,-0.005236,-0.015713,-0.007693,0.011468,-0.001745,-0.122250,0.042910
1772127044.744,582,1,1,0.0000,1.0000,0.0000,0.0000,0.0000,0.0000,0.0000,0.003721,0.049739,0.000729,0.007810,0.012230,0.003491,-0.005236,-0.079391,-0.012251,0.002409,0.005236,0.003851,-0.028300,-0.063496,0.029671,-0.058691,-0.021385,0.038397,-0.024435,0.362009,0.031781,-0.003793,-0.005236,0.038736,0.018658,0.052663,-0.003491,-0.004593,0.054624
1772127044.844,585,1,1,0.0000,0.9999,0.0001,0.0000,0.0000,0.0000,0.0000,0.016425,0.021755,0.000422,0.003086,0.007421,0.005236,-0.005236,-0.051100,-0.010110,-0.019650,0.005236,0.115755,0.041202,-0.041437,0.029671,-0.053591,-0.023099,0.012217,-0.005236,0.143229,0.005785,-0.002247,-0.003491,-0.090196,-0.031982,0.047626,-0.003491,-0.027253,0.052202
1772127044.944,588,1,1,0.0000,1.0000,0.0000,0.0000,0.0000,0.0000,0.0000,0.008308,0.013002,0.000491,0.001441,0.002402,0.005236,-0.005236,-0.053711,-0.011640,-0.030948,0.003491,0.048479,0.014565,-0.030139,0.027925,-0.038884,-0.026890,0.003491,0.000000,0.047798,0.005233,-0.002605,-0.005236,-0.006918,-0.002869,0.047983,-0.003491,-0.024063,0.051514
1772127045.044,591,1,1,0.0000,1.0000,0.0000,0.0000,0.0000,0.0000,0.0000,0.003054,0.012311,0.000478,0.001387,0.000867,0.005236,-0.005236,-0.052489,-0.013917,-0.022641,0.003491,-0.113564,-0.040213,-0.034955,0.027925,-0.039695,-0.028521,0.000000,0.003491,0.027384,0.001051,0.005255,-0.005236,-0.012591,-0.001655,0.036633,-0.001745,0.018069,0.055845
1772127045.144,594,1,1,0.0000,0.9999,0.0000,0.0000,0.0000,0.0000,0.0000,0.002909,0.012808,0.000755,0.003127,0.003831,0.005236,-0.005236,-0.123481,-0.013507,-0.023828,0.003491,-0.101948,-0.047988,-0.035514,0.026180,-0.058968,-0.025507,0.000000,0.006981,0.006490,0.000037,0.001480,-0.005236,-0.012073,-0.001768,0.036917,-0.003491,0.032375,0.069416
1772127045.245,597,1,1,0.0000,0.9999,0.0000,0.0000,0.0000,0.0000,0.0000,0.002909,0.010837,0.001083,0.001083,0.004454,0.005236,-0.005236,-0.089804,-0.011713,-0.016875,0.003491,-0.125355,-0.057471,-0.044212,0.026180,-0.102293,-0.004734,-0.001745,0.006981,0.016291,-0.000572,0.020324,-0.005236,-0.029870,0.000069,0.019819,-0.001745,0.000102,0.066453
1772127045.345,600,1,1,0.0000,0.9998,0.0000,0.0001,0.0000,0.0000,0.0001,0.002909,0.011433,0.001458,0.005660,0.003905,0.005236,-0.003491,-0.042329,-0.012653,-0.017489,0.003491,-0.063331,-0.041604,-0.043598,0.026180,-0.089480,-0.006403,-0.003491,0.006981,0.017427,-0.007819,0.027239,-0.005236,-0.057444,-0.004887,0.011158,-0.003491,0.001651,0.072744
1772127045.446,603,1,1,0.0000,0.9998,0.0000,0.0001,0.0000,0.0000,0.0001,0.004893,0.014519,0.000873,0.001283,0.002055,0.005236,-0.005236,-0.023464,-0.016467,-0.015245,0.003491,0.023808,-0.000366,-0.042351,0.026180,-0.050484,-0.019404,-0.005236,0.006981,0.054453,-0.005424,0.034213,-0.005236,-0.045610,-0.000664,0.004185,-0.003491,0.002896,0.071502
1772127045.546,606,1,1,0.0000,0.9998,0.0000,0.0002,0.0000,0.0000,0.0000,0.002909,0.017005,0.001567,0.010188,0.011609,0.005236,-0.005236,-0.004911,-0.019870,-0.009402,0.003491,-0.007310,-0.008266,-0.049939,0.026180,-0.051435,-0.024356,-0.003491,0.006981,0.018628,-0.001158,0.036199,-0.003491,0.036125,0.036805,0.002198,-0.003491,-0.013770,0.067126
1772127045.647,609,1,1,0.0000,0.9998,0.0001,0.0001,0.0000,0.0000,0.0000,0.003340,0.010682,0.001271,0.008509,0.008394,0.005236,-0.005236,0.005177,-0.019008,-0.009444,0.003491,-0.115034,-0.025505,-0.049897,0.026180,-0.077974,-0.015639,-0.005236,0.006981,-0.070915,0.008677,0.028421,-0.003491,-0.003968,0.008381,0.009976,-0.005236,-0.035182,0.065751
1772127045.758,612,1,1,0.0000,0.9999,0.0001,0.0000,0.0000,0.0000,0.0000,0.003010,0.011132,0.000733,0.009324,0.014809,0.005236,-0.005236,-0.003588,-0.018741,-0.010256,0.003491,-0.096287,-0.040876,-0.047339,0.024435,-0.097585,0.002961,-0.003491,0.006981,-0.122105,0.020745,-0.006948,-0.003491,-0.037305,-0.053171,0.045345,-0.003491,-0.037608,0.060518
1772127045.850,615,1,1,0.0000,0.9999,0.0001,0.0000,0.0000,0.0000,0.0000,0.002618,0.008350,0.002559,0.003008,0.007206,0.003491,-0.005236,-0.013378,-0.020477,-0.009904,0.003491,-0.061080,-0.033085,-0.047692,0.024435,-0.089283,-0.001965,-0.003491,0.008727,-0.189515,0.014922,0.012195,-0.005236,-0.105611,-0.071534,0.027948,-0.005236,-0.067114,0.036403
1772127045.950,618,1,1,0.0000,0.9999,0.0001,0.0000,0.0000,0.0000,0.0000,0.004250,0.003997,0.001604,0.003719,0.004476,0.003491,-0.003491,-0.002770,-0.030693,-0.013401,0.005236,0.017840,-0.001248,-0.044195,0.024435,-0.051550,-0.015304,-0.003491,0.008727,-0.153953,0.002588,0.028050,-0.005236,-0.095837,-0.061374,0.008602,-0.005236,-0.110848,-0.014808
1772127046.050,621,1,1,0.0000,0.9999,0.0000,0.0000,0.0000,0.0000,0.0000,0.006769,0.003580,0.001177,0.001910,0.002645,0.005236,-0.003491,0.007639,-0.030782,-0.008916,0.003491,0.026902,0.013528,-0.048680,0.024435,-0.031834,-0.035467,-0.005236,0.006981,-0.095844,0.002823,0.026146,-0.005236,-0.064141,-0.042577,0.007015,-0.005236,-0.077244,-0.015725
1772127046.150,624,1,1,0.0000,0.9999,0.0000,0.0000,0.0000,0.0000,0.0000,0.028143,0.005545,0.000496,0.003241,0.003654,0.003491,-0.003491,0.074359,-0.046961,-0.009780,0.003491,0.139184,0.086654,-0.047816,0.024435,0.006103,-0.046035,-0.005236,0.008727,-0.043776,0.003368,0.054451,-0.005236,-0.034754,-0.023850,-0.019544,-0.005236,-0.068110,-0.018500
1772127046.250,627,1,1,0.0000,0.9999,0.0000,0.0001,0.0000,0.0000,0.0000,0.012591,0.009947,0.000433,0.005483,0.007479,0.003491,-0.005236,0.039107,-0.051987,-0.005462,0.005236,0.046254,0.034314,-0.048643,0.022689,-0.001433,-0.046851,-0.005236,0.008727,0.026843,0.001743,0.053852,-0.005236,0.010975,0.017221,-0.004983,-0.003491,-0.031626,-0.014187
1772127046.351,630,1,1,0.0000,0.9998,0.0000,0.0001,0.0000,0.0000,0.0000,0.005192,0.005155,0.000177,0.007371,0.013911,0.003491,-0.005236,0.021722,-0.052193,-0.001797,0.003491,-0.013169,0.012660,-0.052308,0.020944,-0.004663,-0.046924,-0.005236,0.008727,-0.005418,0.000773,0.036079,-0.005236,-0.004980,-0.000182,0.016281,-0.003491,-0.012698,-0.003867
1772127046.450,633,1,1,0.0000,1.0000,0.0000,0.0000,0.0000,0.0000,0.0000,0.002327,0.006590,0.001204,0.003462,0.001738,0.003491,-0.005236,-0.001493,-0.049213,-0.000037,0.003491,-0.068804,-0.013452,-0.055814,0.020944,-0.014804,-0.038979,-0.005236,0.008727,-0.045030,-0.003975,0.013899,-0.005236,-0.005592,-0.000654,0.034970,-0.005236,-0.004189,0.021483
1772127046.551,636,1,1,0.0000,1.0000,0.0000,0.0000,0.0000,0.0000,0.0000,0.002473,0.022570,0.000373,0.003178,0.005588,0.003491,-0.005236,-0.015848,-0.045992,-0.005944,0.005236,-0.046045,-0.011828,-0.049907,0.020944,-0.012725,-0.038930,-0.005236,0.008727,-0.029229,-0.022111,-0.017284,-0.003491,-0.020268,-0.002229,0.067899,-0.003491,0.100277,0.093941
1772127046.651,639,1,1,0.0000,1.0000,0.0000,0.0000,0.0000,0.0000,0.0000,0.002473,0.014128,0.000563,0.002086,0.001718,0.003491,-0.005236,-0.055758,-0.043139,-0.004140,0.005236,-0.072163,-0.029542,-0.049965,0.020944,-0.010209,-0.040114,-0.005236,0.008727,-0.012179,-0.014023,0.000822,-0.005236,-0.017991,0.001207,0.046302,-0.003491,0.040588,0.071885
1772127046.752,642,1,1,0.0000,1.0000,0.0000,0.0000,0.0000,0.0000,0.0000,0.002473,0.009325,0.000558,0.001468,0.005088,0.005236,-0.003491,-0.060273,-0.029148,-0.011170,0.003491,-0.068804,-0.024336,-0.041190,0.020944,-0.003231,-0.044131,-0.005236,0.008727,-0.063471,-0.007466,0.008861,-0.005236,0.004301,0.025928,0.038263,-0.005236,-0.133538,0.025820
1772127046.852,645,1,1,0.0000,1.0000,0.0000,0.0000,0.0000,0.0000,0.0000,0.005270,0.005951,0.001133,0.001065,0.003969,0.005236,-0.003491,-0.063125,-0.028571,-0.019712,0.003491,-0.043284,-0.010662,-0.032648,0.020944,0.033570,-0.004785,-0.005236,0.008727,-0.029813,-0.003764,-0.008936,-0.003491,-0.006666,0.010112,0.052569,-0.003491,-0.101404,-0.031758
1772127046.952,648,1,1,0.0000,1.0000,0.0000,0.0000,0.0000,0.0000,0.0000,0.002327,0.005515,0.000301,0.002506,0.003342,0.005236,-0.005236,-0.014942,-0.017414,-0.014112,0.003491,-0.177570,-0.056085,-0.036502,0.019199,-0.011328,-0.017222,-0.005236,0.008727,-0.042968,-0.003193,-0.007002,-0.003491,-0.009986,0.005075,0.052380,-0.003491,-0.080030,-0.028762
1772127047.052,651,1,1,0.0000,1.0000,0.0000,0.0000,0.0000,0.0000,0.0000,0.003724,0.004892,0.000340,0.003308,0.002883,0.005236,-0.005236,0.016764,-0.014271,-0.015186,0.003491,-0.098565,-0.033884,-0.035429,0.019199,-0.010255,-0.015628,-0.005236,0.008727,-0.087513,-0.003556,-0.001106,-0.005236,-0.055543,-0.002513,0.049975,-0.005236,-0.122772,-0.057096
1772127047.153,654,1,1,0.0000,1.0000,0.0000,0.0000,0.0000,0.0000,0.0000,0.007222,0.037282,0.000375,0.004581,0.004326,0.005236,-0.005236,0.056641,0.000354,-0.015016,0.005236,-0.086265,-0.032651,-0.035599,0.019199,-0.010074,-0.013363,-0.005236,0.008727,0.207623,0.117380,0.015758,-0.003491,0.033295,0.041957,0.022639,-0.003491,-0.056953,-0.046305
1772127047.253,657,1,1,0.0000,0.9998,0.0001,0.0000,0.0000,0.0000,0.0001,0.005087,0.173044,0.001738,0.004812,0.007789,0.003491,-0.003491,0.030312,0.004550,-0.012197,0.003491,-0.145147,-0.063417,-0.036672,0.019199,-0.068056,-0.024425,-0.005236,0.008727,0.739633,0.282537,0.111908,-0.003491,0.274486,0.050812,-0.071765,-0.003491,0.386374,0.222051
1772127047.354,660,1,1,0.0000,0.9973,0.0026,0.0000,0.0000,0.0000,0.0000,0.005632,0.205890,0.000629,0.002653,0.012684,0.003491,-0.003491,0.043149,-0.012510,-0.011631,0.003491,-0.159293,-0.074836,-0.037238,0.017453,-0.126592,-0.009589,-0.003491,0.006981,1.234826,-0.333358,-0.094061,0.000000,0.047506,-0.230383,0.132458,-0.005236,1.048903,-0.315905
1772127047.454,663,1,1,0.0000,0.9136,0.0864,0.0000,0.0000,0.0000,0.0000,0.003077,0.151443,0.000557,0.000845,0.003983,0.005236,-0.003491,0.009003,-0.018905,-0.008831,0.005236,-0.114743,-0.055427,-0.040038,0.017453,-0.095773,-0.021488,-0.006981,0.012217,0.942132,-0.188496,-0.058726,-0.003491,0.056679,-0.144862,0.084906,-0.003491,0.721382,-0.198968
1772127047.556,666,1,1,0.0000,0.6507,0.3493,0.0000,0.0000,0.0000,0.0000,0.002036,0.113818,0.001432,0.001783,0.003602,0.005236,-0.005236,-0.021368,-0.016561,-0.021916,0.001745,-0.091828,-0.046467,-0.025208,0.017453,-0.096849,-0.017362,-0.001745,0.008727,0.324409,-0.120428,0.146318,-0.005236,0.436561,-0.092502,-0.121883,-0.001745,0.449804,-0.129154
1772127047.655,669,1,1,0.0000,0.8314,0.1685,0.0000,0.0000,0.0000,0.0000,0.002036,0.054887,0.000303,0.000163,0.001177,0.003491,-0.005236,-0.021933,-0.014639,-0.013231,0.003491,-0.037183,-0.034898,-0.035638,0.017453,-0.086497,-0.019656,-0.003491,0.010472,0.201661,-0.066323,0.075631,-0.003491,0.094326,-0.068068,-0.051196,-0.001745,0.276554,-0.089012
1772127047.756,672,1,1,0.0000,0.9615,0.0385,0.0000,0.0000,0.0000,0.0000,0.002254,0.031822,0.000061,0.002176,0.002291,0.003491,-0.003491,-0.047680,-0.009641,0.002608,0.003491,-0.049197,-0.033969,-0.054967,0.017453,-0.088541,-0.017987,-0.001745,0.012217,0.114729,-0.041888,0.038176,-0.003491,0.038769,-0.048869,-0.013741,0.000000,0.177977,-0.064577
1772127047.856,675,1,1,0.0000,0.9955,0.0045,0.0000,0.0000,0.0000,0.0000,0.002732,0.023055,0.000387,0.000510,0.003406,0.005236,-0.003491,-0.056081,0.004269,0.002330,0.003491,-0.035904,-0.019868,-0.052944,0.017453,-0.064423,-0.020867,-0.001745,0.010472,0.095169,-0.022689,-0.030043,-0.001745,-0.024924,-0.038397,0.056223,0.000000,0.114801,-0.050615
1772127047.957,678,1,1,0.0000,0.9996,0.0004,0.0000,0.0000,0.0000,0.0000,0.002616,0.014314,0.000199,0.000982,0.003750,0.003491,-0.005236,-0.045129,0.007547,0.002897,0.000000,-0.038798,-0.021862,-0.053511,0.017453,-0.068214,-0.020730,-0.001745,0.012217,0.090121,-0.006981,0.005833,-0.001745,-0.000324,-0.031416,0.015111,0.000000,0.048488,-0.038397
1772127048.058,681,1,1,0.0000,0.9997,0.0003,0.0000,0.0000,0.0000,0.0000,0.002686,0.025150,0.000430,0.000673,0.002035,0.003491,-0.005236,-0.018148,0.011283,-0.006114,0.001745,-0.038393,-0.021380,-0.046246,0.015708,-0.058677,-0.023348,-0.003491,0.012217,0.201740,0.000000,0.022491,0.001745,0.063602,-0.024435,-0.015510,0.000000,-0.031749,-0.033161
1772127048.158,684,1,1,0.0000,0.9996,0.0004,0.0000,0.0000,0.0000,0.0000,0.004466,0.028259,0.001383,0.000673,0.002700,0.003491,-0.003491,0.014654,0.017995,-0.010435,0.001745,-0.037954,-0.021911,-0.040179,0.015708,-0.043201,-0.027221,-0.005236,0.012217,0.221439,0.005236,0.006655,0.003491,0.090068,-0.019199,-0.010145,0.000000,-0.002213,-0.031416
1772127048.257,687,1,1,0.0000,0.9600,0.0400,0.0000,0.0000,0.0000,0.0000,0.035236,0.034059,0.014514,0.000623,0.014371,0.003491,-0.003491,0.067046,0.110376,-0.139170,0.001745,0.070011,-0.016155,0.090301,0.015708,0.064158,-0.018138,-0.005236,0.008727,0.243375,0.006981,-0.004472,0.003491,0.145150,-0.012217,0.000981,0.000000,-0.005351,-0.024435
1772127048.357,690,1,1,0.0000,0.8675,0.1324,0.0000,0.0000,0.0000,0.0000,0.045717,0.032788,0.004161,0.000394,0.003867,0.005236,-0.005236,0.215632,0.079545,0.036198,0.001745,0.038784,0.018481,-0.079831,0.013963,0.099099,0.039921,-0.005236,0.003491,0.237728,0.006981,-0.007695,0.005236,0.137929,-0.006981,-0.004523,0.000000,0.002087,-0.020944
1772127048.458,693,1,1,0.0000,0.7454,0.2546,0.0000,0.0000,0.0000,0.0000,0.029903,0.032159,0.004455,0.000655,0.004842,0.003491,-0.001745,0.152039,0.085198,0.025074,0.000000,0.016281,0.010859,-0.072197,0.012217,0.040822,0.012856,-0.005236,0.000000,0.230218,0.006981,-0.011418,0.006981,0.136509,-0.003491,0.000946,0.000000,0.004272,-0.012217
1772127048.558,696,1,1,0.0000,0.7442,0.2557,0.0000,0.0000,0.0000,0.0000,0.022495,0.029926,0.003136,0.000098,0.002777,0.003491,-0.001745,0.078305,0.144277,0.027402,0.000000,-0.006760,0.000369,-0.078017,0.010472,0.003122,0.002498,-0.005236,0.000000,0.207723,0.008727,-0.017914,0.006981,0.123392,-0.003491,0.005697,0.000000,0.006588,-0.005236
1772127048.658,699,1,1,0.0000,0.8478,0.1522,0.0000,0.0000,0.0000,0.0000,0.014416,0.027670,0.002399,0.000139,0.002744,0.001745,-0.003491,-0.059752,0.157771,-0.033480,0.001745,0.001325,0.001579,-0.017135,0.006981,-0.001286,0.001840,-0.005236,0.000000,0.193106,0.008727,-0.020479,0.008727,0.105877,-0.005236,0.003026,0.001745,0.010837,-0.003491
1772127048.758,702,1,1,0.0000,0.9892,0.0106,0.0001,0.0000,0.0001,0.0000,0.015387,0.027015,0.000792,0.000177,0.001121,0.001745,-0.003491,-0.138888,0.170747,-0.012778,0.003491,-0.002882,-0.000307,-0.034346,0.006981,-0.005289,0.001675,-0.005236,0.000000,0.191020,0.008727,-0.023299,0.008727,0.103132,-0.003491,0.002355,0.001745,0.008471,-0.003491
1772127048.859,705,1,1,0.0000,0.9997,0.0002,0.0000,0.0000,0.0000,0.0000,0.016132,0.028678,0.000629,0.000350,0.001125,0.001745,-0.001745,0.038323,0.138158,-0.012290,0.001745,0.004803,-0.002047,-0.026107,0.005236,-0.005046,0.003571,-0.005236,0.000000,0.208255,0.008727,-0.023209,0.008727,0.106891,-0.003491,0.002265,0.001745,0.007522,-0.003491
1772127048.959,708,1,1,0.0000,0.9999,0.0000,0.0001,0.0000,0.0000,0.0000,0.282737,0.030164,0.000294,0.000294,0.000573,0.000000,-0.001745,1.518177,-0.603884,-0.289881,0.001745,0.601755,-0.188496,0.256720,0.001745,1.012704,-0.158825,-0.005236,0.000000,0.209083,0.008727,-0.021285,0.008727,0.126002,-0.003491,0.000341,0.001745,0.007340,-0.003491
1772127049.060,711,1,1,0.0000,0.9997,0.0001,0.0002,0.0000,0.0000,0.0000,0.121022,0.033530,0.000197,0.000374,0.000750,0.001745,-0.001745,0.246794,0.214370,-0.098289,-0.001745,0.059244,0.019313,0.059892,0.005236,0.516258,0.329417,-0.005236,0.000000,0.215521,0.008727,-0.018076,0.008727,0.167325,-0.003491,-0.002868,0.001745,0.000317,-0.003491
1772127049.159,714,1,1,0.0001,0.9992,0.0003,0.0004,0.0000,0.0000,0.0000,0.079057,0.032714,0.001946,0.000161,0.001857,0.001745,0.000000,0.138463,0.106956,-0.106016,0.000000,0.146996,0.030207,0.074600,0.003491,0.278106,0.168122,-0.005236,0.000000,0.210925,0.008727,-0.026925,0.008727,0.155908,-0.003491,0.005981,0.001745,0.000561,-0.003491
1772127049.260,717,1,1,0.0005,0.9973,0.0003,0.0019,0.0000,0.0000,0.0001,0.021778,0.033058,0.002094,0.000305,0.003762,0.001745,0.003491,0.095967,-0.028438,-0.059563,0.001745,0.090910,0.032354,0.031638,0.003491,-0.118425,-0.122365,-0.005236,0.000000,0.215241,0.008727,-0.021857,0.008727,0.164006,-0.003491,-0.002578,-0.001745,-0.007659,-0.003491
1772127049.360,720,1,1,0.0000,0.9995,0.0004,0.0000,0.0000,0.0000,0.0000,0.003551,0.032919,0.003251,0.000425,0.004534,0.003491,0.024435,0.005427,-0.095605,-0.037187,0.001745,-0.130430,-0.028562,0.004025,0.003491,-0.009757,-0.006162,-0.005236,0.001745,0.215419,0.008727,-0.017528,0.006981,0.162152,-0.003491,-0.005161,0.000000,-0.010925,-0.003491
1772127049.462,723,1,1,0.0000,0.9997,0.0003,0.0000,0.0000,0.0000,0.0000,0.003795,0.033077,0.001352,0.000713,0.002678,0.003491,0.024435,-0.016784,-0.143865,-0.045542,0.001745,-0.070548,-0.032086,0.010635,0.005236,-0.022846,-0.003489,-0.005236,0.000000,0.220629,0.008727,0.000138,0.006981,0.160446,-0.001745,-0.015846,0.000000,-0.046898,-0.003491
1772127049.562,726,1,1,0.0000,0.9998,0.0002,0.0000,0.0000,0.0000,0.0000,0.003463,0.025374,0.001529,0.001986,0.001134,0.001745,0.006981,0.024276,-0.113580,-0.024181,0.001745,-0.015798,-0.021217,-0.017707,0.005236,-0.017408,0.001576,-0.005236,0.000000,0.129890,0.008727,0.000428,0.005236,0.160207,-0.001745,-0.010900,0.000000,-0.017296,-0.003491
1772127049.662,729,1,1,0.0000,0.9999,0.0001,0.0000,0.0000,0.0000,0.0000,0.011512,0.013432,0.006741,0.003524,0.007459,0.001745,0.000000,0.048667,-0.068802,0.075539,0.001745,-0.004409,-0.011085,-0.108700,0.005236,-0.011884,0.005214,-0.003491,-0.001745,-0.006619,0.006981,0.001305,0.005236,0.147662,-0.001745,-0.010032,0.000000,-0.051115,-0.003491
1772127049.763,732,1,1,0.0000,0.9999,0.0001,0.0000,0.0000,0.0000,0.0000,0.020730,0.013709,0.007032,0.009593,0.004226,0.001745,0.000000,-0.018600,-0.047798,0.160097,0.001745,0.049797,0.024883,-0.186277,0.005236,-0.014415,0.005256,-0.003491,0.001745,0.029592,0.003491,0.001429,0.006981,0.121264,-0.001745,-0.010155,0.000000,-0.034560,-0.003491
1772127049.863,735,1,1,0.0000,0.9998,0.0001,0.0000,0.0000,0.0000,0.0000,0.027916,0.008865,0.002039,0.003331,0.001696,0.001745,0.000000,-0.040833,-0.034565,0.147959,0.000000,0.053912,0.071207,-0.161922,0.003491,-0.000396,0.056672,-0.003491,0.005236,-0.034603,0.003491,-0.015193,0.005236,0.080719,-0.001745,0.011703,0.000000,-0.043703,-0.003491
1772127049.963,738,1,1,0.0000,0.9999,0.0001,0.0001,0.0000,0.0000,0.0000,0.027645,0.011072,0.003223,0.002543,0.000913,0.000000,0.008727,-0.052595,-0.026119,0.085953,0.001745,0.091746,0.054571,-0.098171,0.003491,0.035699,0.049802,-0.003491,0.006981,0.001144,0.005236,-0.001317,0.012217,0.107291,-0.001745,-0.002173,0.000000,-0.016534,-0.003491
1772127050.064,741,1,1,0.0000,0.9999,0.0000,0.0001,0.0000,0.0000,0.0000,0.031788,0.016863,0.002132,0.000794,0.001371,-0.001745,0.010472,-0.013759,-0.022517,0.045679,0.000000,0.098236,0.074067,-0.057896,0.003491,0.073942,0.075566,-0.005236,0.006981,0.030225,0.005236,0.012739,0.010472,0.116452,-0.003491,-0.016230,0.000000,0.020251,-0.003491
1772127050.164,744,1,1,0.0000,0.9999,0.0000,0.0001,0.0000,0.0000,0.0000,0.024411,0.021776,0.000930,0.000109,0.000367,-0.006981,0.017453,0.050291,-0.022171,-0.019665,-0.015708,0.069824,0.041675,0.005703,0.003491,0.051614,0.052883,-0.003491,0.006981,0.122145,0.003491,-0.010880,0.012217,0.081094,-0.001745,0.003899,0.000000,0.031485,-0.003491
1772127050.264,747,1,1,0.0000,0.9999,0.0000,0.0000,0.0000,0.0000,0.0000,0.026005,0.101726,0.001865,0.000510,0.006454,-0.010472,0.036652,0.083210,-0.024390,-0.052955,-0.050615,0.127600,0.003429,0.026775,0.005236,0.029157,-0.044537,-0.003491,0.000000,0.673584,0.005236,0.042322,0.013963,0.306975,-0.001745,-0.049303,0.000000,0.178634,-0.003491
1772127050.365,750,1,1,0.0000,0.9989,0.0011,0.0000,0.0000,0.0000,0.0000,0.029427,0.086263,0.001839,0.001973,0.005250,-0.012217,0.043633,0.019492,-0.020920,-0.048655,-0.071558,0.216924,0.006906,0.012004,0.001745,0.052419,-0.024558,-0.006981,-0.001745,0.674367,0.031416,0.033403,0.012217,0.209873,-0.001745,-0.050857,-0.001745,0.073877,-0.003491
1772127050.465,753,1,1,0.0000,0.9931,0.0069,0.0000,0.0000,0.0000,0.0000,0.029891,0.076327,0.002664,0.000834,0.003555,-0.019199,0.054105,0.021128,0.006773,-0.084090,-0.073304,0.208247,0.000176,0.038712,0.001745,0.027812,-0.018502,-0.006981,0.000000,0.643241,0.048869,0.012368,0.012217,0.156161,-0.001745,-0.043784,0.003491,0.039572,-0.003491
1772127050.566,756,1,1,0.0000,0.9496,0.0504,0.0000,0.0000,0.0000,0.0000,0.019971,0.072497,0.008606,0.000121,0.008655,-0.020944,0.054105,0.009089,0.017461,-0.084041,-0.075049,0.130807,-0.010240,0.026445,0.001745,-0.011824,-0.034167,-0.006981,0.001745,0.632185,0.057596,0.000944,0.012217,0.127388,0.000000,-0.028870,0.000000,0.037891,-0.003491
1772127050.666,759,1,1,0.0000,0.8892,0.1108,0.0000,0.0000,0.0000,0.0000,0.015943,0.072448,0.002306,0.000529,0.004637,-0.019199,0.050615,-0.009467,0.043060,-0.167460,-0.064577,-0.124396,-0.131009,0.095901,0.001745,-0.026005,-0.022214,-0.006981,0.003491,0.664587,0.062832,-0.004385,0.013963,0.112962,0.000000,-0.011323,0.001745,0.009794,-0.003491
1772127050.767,762,1,1,0.0000,0.8847,0.1152,0.0000,0.0000,0.0000,0.0001,0.012983,0.075979,0.002047,0.000309,0.002381,-0.012217,0.043633,-0.011470,0.046027,-0.115001,-0.026180,-0.040566,-0.066044,0.064386,0.001745,-0.055177,-0.028692,-0.006981,0.005236,0.704179,0.066323,-0.031549,0.012217,0.107952,0.000000,0.014096,0.001745,-0.030312,-0.003491
1772127050.868,765,1,1,0.0000,0.7536,0.2462,0.0000,0.0000,0.0000,0.0001,0.012249,0.080680,0.004727,0.001546,0.003784,-0.006981,0.043633,-0.026893,0.044719,-0.100523,-0.005236,-0.058614,-0.047383,0.056889,0.001745,-0.092240,-0.022780,-0.005236,0.008727,0.668665,0.066323,-0.133941,0.013963,0.109702,0.001745,0.099034,0.000000,-0.184904,-0.003491
1772127050.968,768,2,1,0.0000,0.4501,0.5497,0.0000,0.0000,0.0000,0.0001,0.007977,0.075671,0.006561,0.002110,0.010538,-0.001745,0.041888,-0.024384,0.040443,0.011653,0.000000,-0.066903,-0.039206,-0.048305,0.001745,-0.248184,-0.198088,-0.005236,0.010472,0.646473,0.066323,-0.137435,0.013963,0.085744,0.003491,0.081585,0.000000,-0.166386,-0.003491
1772127051.067,771,2,2,0.0000,0.4654,0.5345,0.0000,0.0000,0.0000,0.0000,0.032615,0.064292,0.002652,0.002234,0.003981,0.000000,0.020944,-0.013178,0.034995,0.028692,0.005236,0.225704,0.074066,-0.068834,0.001745,-0.119896,-0.094858,-0.005236,0.010472,0.615106,0.066323,-0.097978,0.017453,0.027003,0.005236,0.029910,0.000000,-0.129803,-0.003491
1772127051.167,774,2,2,0.0000,0.4015,0.5984,0.0000,0.0000,0.0001,0.0001,0.043620,0.063499,0.001918,0.001835,0.002340,0.000000,0.006981,0.001537,0.036436,-0.002884,0.013963,0.225300,0.109971,-0.042494,0.001745,0.106665,0.020838,-0.006981,0.010472,0.600513,0.071558,-0.091366,0.029671,0.031715,0.008727,0.009335,0.000000,-0.132808,-0.003491
1772127051.267,777,2,2,0.0000,0.0842,0.9158,0.0000,0.0000,0.0000,0.0000,0.065087,0.067905,0.000913,0.001352,0.003546,0.000000,0.003491,0.005320,0.038324,0.049570,0.024435,0.252877,0.159732,-0.101930,0.003491,0.132359,0.111441,-0.005236,0.010472,0.645543,0.071558,-0.091386,0.041888,0.036673,0.008727,-0.002862,0.000000,-0.138080,-0.003491
1772127051.367,780,2,2,0.0000,0.0296,0.9703,0.0000,0.0000,0.0000,0.0000,0.167685,0.103594,0.000534,0.001580,0.014240,0.000000,0.001745,-0.140300,0.061608,0.084288,0.059341,0.491237,0.333573,-0.150610,0.001745,0.531181,0.447497,-0.005236,0.010472,0.452049,0.071558,-0.088395,0.052360,0.422252,0.008727,-0.012834,0.000000,0.225705,-0.003491
1772127051.467,783,2,2,0.0000,0.0038,0.9959,0.0000,0.0000,0.0002,0.0000,0.135804,0.105376,0.002058,0.002275,0.009186,0.000000,0.000000,-0.126987,0.095219,0.023256,0.076794,0.490123,0.321802,-0.105286,0.008727,0.319059,0.294664,-0.005236,0.012217,-0.030933,0.071558,-0.080906,0.069813,0.679161,0.008727,-0.025559,0.001745,0.421290,-0.003491
1772127051.568,786,2,2,0.0000,0.0022,0.9976,0.0000,0.0000,0.0001,0.0000,0.171985,0.152186,0.003988,0.002137,0.006540,0.000000,0.000000,-0.144610,0.132619,-0.133134,0.076794,0.483570,0.378986,0.044122,0.022689,0.462547,0.462495,-0.003491,0.020944,-0.239113,0.071558,-0.078132,0.083776,0.896152,0.006981,-0.030078,0.000000,0.746815,-0.003491
1772127051.668,789,2,2,0.0000,0.0043,0.9953,0.0001,0.0000,0.0001,0.0002,0.316923,0.166975,0.003681,0.006300,0.004958,0.000000,0.000000,0.619326,-0.436332,-0.121695,0.075049,1.530066,-0.366519,0.027447,0.024435,1.526748,-0.516617,-0.008727,0.034907,-0.278330,0.082030,-0.106380,0.083776,0.995220,0.000000,-0.003576,0.000000,0.807767,-0.003491
1772127051.768,792,2,2,0.0000,0.0067,0.9921,0.0005,0.0000,0.0004,0.0002,0.266204,0.203521,0.002609,0.002361,0.006701,0.000000,0.000000,0.339629,-0.265290,0.036347,0.062832,1.434077,-0.200713,-0.109651,0.017453,1.304104,-0.289725,-0.008727,0.038397,-0.424129,0.095993,-0.126762,0.085521,1.234153,0.000000,0.016806,0.000000,0.971380,-0.003491
1772127051.868,795,2,2,0.0000,0.0213,0.9465,0.0219,0.0009,0.0088,0.0006,0.223199,0.198050,0.000222,0.001628,0.012521,0.001745,0.022689,0.236304,-0.160570,-0.021435,0.026180,1.283169,-0.104720,-0.036161,-0.001745,1.108300,-0.157080,-0.008727,0.052360,-0.442532,0.111701,-0.091866,0.085521,1.194767,0.000000,-0.018090,0.000000,0.932256,-0.003491
1772127051.969,798,2,2,0.0000,0.0286,0.8874,0.0679,0.0012,0.0135,0.0013,0.203276,0.199197,0.000716,0.001619,0.002601,0.013963,0.101229,0.122133,-0.104720,0.007895,0.041888,1.158054,-0.050615,-0.068982,-0.012217,0.994150,-0.062832,-0.008727,0.075049,-0.441588,0.123918,-0.100755,0.083776,1.175937,0.000000,-0.009200,0.000000,0.931689,-0.003491
1772127052.069,801,2,2,0.0001,0.0289,0.8516,0.0994,0.0011,0.0176,0.0012,0.192011,0.208642,0.000332,0.002038,0.008782,0.031416,0.171042,0.067825,-0.085521,0.007484,0.040143,1.097709,-0.010472,-0.077297,-0.010472,0.888510,-0.012217,0.000000,0.102974,-0.454666,0.129154,-0.104084,0.082030,1.179097,0.000000,-0.005872,0.000000,1.010447,-0.003491
1772127052.170,804,2,2,0.0001,0.0288,0.8100,0.1397,0.0012,0.0181,0.0022,0.184007,0.211944,0.000098,0.001397,0.001816,0.052360,0.211185,-0.013426,-0.073304,0.017503,0.022689,1.089292,0.012217,-0.099533,-0.012217,0.792368,0.010472,0.005236,0.134390,-0.443270,0.127409,-0.107338,0.075049,1.175159,0.000000,-0.002618,0.000000,1.026088,-0.003491
1772127052.270,807,2,2,0.0001,0.0302,0.8001,0.1486,0.0013,0.0165,0.0033,0.194178,0.220905,0.000937,0.000928,0.002098,0.064577,0.230383,-0.020191,-0.061087,-0.042475,0.010472,1.225311,0.024435,-0.050027,-0.012217,0.740049,0.034907,0.008727,0.134390,-0.437899,0.127409,-0.133082,0.075049,1.184510,0.000000,0.023126,0.000000,1.097648,-0.003491
1772127052.371,810,2,2,0.0001,0.0312,0.8024,0.1334,0.0011,0.0251,0.0067,0.203909,0.234463,0.001200,0.001147,0.001016,0.064577,0.239110,0.022213,-0.043633,-0.044957,0.006981,1.261012,0.036652,-0.045800,-0.010472,0.765744,0.050615,0.008727,0.132645,-0.507069,0.127409,-0.171369,0.075049,1.238835,0.000000,0.061413,0.000000,1.169483,-0.003491
1772127052.471,813,2,2,0.0002,0.0365,0.7870,0.0758,0.0008,0.0824,0.0174,0.193912,0.232097,0.002483,0.001294,0.003965,0.064577,0.253073,-0.023644,-0.024435,-0.046361,0.005236,1.196628,0.047124,-0.042651,-0.008727,0.702707,0.057596,0.006981,0.129154,-0.479318,0.129154,-0.166857,0.075049,1.236579,0.000000,0.056901,0.000000,1.151340,-0.003491
1772127052.571,816,2,2,0.0003,0.0486,0.7182,0.0640,0.0008,0.1243,0.0439,0.186828,0.229411,0.001178,0.003523,0.002029,0.062832,0.253073,-0.023615,-0.017453,-0.051086,0.003491,1.155751,0.050615,-0.036180,0.000000,0.653344,0.062832,0.003491,0.122173,-0.355174,0.129154,-0.164776,0.075049,1.235931,0.000000,0.054820,0.000000,1.132316,-0.003491
1772127052.671,819,2,2,0.0002,0.0705,0.7381,0.0472,0.0006,0.0790,0.0644,0.176387,0.224381,0.000963,0.002218,0.003581,0.062832,0.253073,0.007196,-0.010472,-0.057869,0.005236,1.110931,0.050615,-0.024162,0.000000,0.563933,0.062832,0.003491,0.113446,-0.324926,0.129154,-0.156635,0.075049,1.233785,0.000000,0.046679,0.000000,1.090967,-0.003491
1772127052.771,822,6,2,0.0000,0.0447,0.2163,0.0355,0.0031,0.0005,0.6998,0.177592,0.204925,0.001951,0.002338,0.008215,0.062832,0.267035,0.135351,0.000000,-0.025582,0.005236,1.032187,0.050615,-0.052958,-0.006981,0.515016,0.062832,0.001745,0.104720,-0.308665,0.129154,-0.142305,0.075049,1.151518,0.000000,0.032349,0.000000,0.964563,-0.003491
1772127052.875,825,6,6,0.0000,0.0315,0.1497,0.0174,0.0021,0.0002,0.7990,0.183359,0.179215,0.004020,0.000901,0.002563,0.062832,0.274017,0.219424,0.012217,-0.036071,0.003491,1.006524,0.050615,-0.044214,-0.008727,0.504872,0.066323,0.000000,0.097738,-0.326747,0.129154,-0.077194,0.076794,0.995349,0.000000,-0.032762,0.001745,0.849803,-0.003491
1772127052.972,828,6,6,0.0000,0.0005,0.0267,0.0061,0.0021,0.0001,0.9645,0.284542,0.176121,0.003817,0.005798,0.003733,0.062832,0.286234,-0.437004,0.696092,-0.027054,0.003491,-0.066719,1.189102,-0.051486,-0.008727,-0.468680,1.176759,0.000000,0.092502,-0.335292,0.129154,-0.091914,0.076794,0.968977,0.000000,-0.018041,0.001745,0.844276,-0.003491
1772127053.072,831,6,6,0.0000,0.0046,0.3150,0.0451,0.0307,0.0003,0.6044,0.282363,0.176223,0.001108,0.006022,0.007383,0.061087,0.282743,-0.385525,0.708301,-0.042790,0.001745,-0.109539,1.172924,-0.034004,0.001745,-0.489023,1.159808,-0.001745,0.089012,-0.373355,0.129154,-0.094368,0.075049,0.977318,0.000000,-0.017333,0.000000,0.844145,-0.003491
1772127053.172,834,6,6,0.0000,0.0037,0.1792,0.0327,0.0174,0.0003,0.7668,0.185305,0.176310,0.003110,0.002458,0.004736,0.059341,0.286234,0.405058,0.019199,-0.039509,0.006981,0.816361,0.080285,-0.023323,0.005236,0.478647,0.066323,0.001745,0.097738,-0.364670,0.134390,-0.097077,0.075049,0.975540,0.000000,-0.016369,0.001745,0.829507,-0.003491
1772127053.273,837,6,6,0.0000,0.0040,0.1761,0.0180,0.0099,0.0003,0.7916,0.269061,0.184839,0.003418,0.006051,0.002883,0.055851,0.286234,-0.286182,0.720809,-0.000198,0.006981,-0.260655,1.055211,-0.045181,0.003491,-0.551024,1.100157,0.005236,0.132645,-0.356191,0.155334,-0.091570,0.062832,1.014444,0.000000,-0.016641,0.001745,0.845837,-0.003491
1772127053.373,840,6,6,0.0000,0.0023,0.1781,0.0152,0.0168,0.0003,0.7872,0.269739,0.211343,0.004785,0.001736,0.007563,0.052360,0.286234,-0.267890,0.720446,-0.006196,0.008727,-0.256658,1.068030,-0.030456,0.003491,-0.566677,1.097577,0.010472,0.158825,-0.355726,0.155334,-0.138505,0.047124,1.178504,0.000000,0.032040,0.001745,0.952073,-0.003491
1772127053.473,843,6,6,0.0000,0.0010,0.0275,0.0025,0.0046,0.0002,0.9643,0.273153,0.207051,0.000987,0.001907,0.000918,0.045379,0.286234,-0.246623,0.722930,-0.006125,0.012217,-0.188632,1.101231,-0.021800,0.003491,-0.560268,1.106358,0.012217,0.176278,-0.360011,0.155334,-0.119425,0.038397,1.139558,0.000000,0.016450,0.001745,0.944635,-0.003491
1772127053.573,846,6,6,0.0000,0.0007,0.0085,0.0005,0.0013,0.0001,0.9889,0.275096,0.210123,0.004629,0.006721,0.001508,0.041888,0.286234,-0.238333,0.729225,0.006141,0.012217,-0.186486,1.103833,-0.030576,0.003491,-0.551833,1.118124,0.012217,0.176278,-0.357184,0.155334,-0.113921,0.036652,1.182054,0.000000,0.012692,0.001745,0.944508,-0.003491
1772127053.674,849,6,6,0.0000,0.0007,0.0107,0.0005,0.0018,0.0003,0.9860,0.274457,0.205882,0.002802,0.003815,0.001860,0.036652,0.282743,-0.219296,0.750097,-0.020401,0.012217,-0.220697,1.093425,-0.000543,0.003491,-0.560600,1.114853,0.012217,0.176278,-0.361938,0.157080,-0.077829,0.036652,1.159677,0.000000,-0.023400,0.001745,0.926932,-0.003491
1772127053.774,852,6,6,0.0000,0.0006,0.0087,0.0003,0.0014,0.0002,0.9887,0.275633,0.204384,0.003106,0.002588,0.001565,0.029671,0.286234,-0.220745,0.762493,-0.023624,0.012217,-0.230159,1.091772,0.007916,0.003491,-0.561871,1.113802,0.012217,0.176278,-0.305736,0.155334,-0.087625,0.036652,1.145887,0.000000,-0.015350,0.001745,0.924497,-0.005236
1772127053.875,855,6,6,0.0000,0.0008,0.0097,0.0004,0.0016,0.0002,0.9874,0.286112,0.192547,0.003955,0.002734,0.002821,0.024435,0.286234,-0.216976,0.781925,-0.030662,0.012217,-0.210909,1.135440,0.014954,0.003491,-0.495544,1.174646,0.012217,0.176278,-0.327036,0.164061,-0.097528,0.036652,1.053618,0.000000,-0.005447,0.003491,0.864252,-0.003491
1772127053.974,858,6,6,0.0000,0.0009,0.0121,0.0004,0.0020,0.0003,0.9844,0.310934,0.193482,0.004502,0.003837,0.002516,0.017453,0.282743,-0.211425,0.797428,0.047127,0.012217,-0.083906,1.241500,-0.061090,0.003491,-0.358434,1.329247,0.012217,0.176278,-0.353042,0.167552,-0.102125,0.036652,1.053950,0.000000,-0.000850,0.001745,0.873389,-0.003491
1772127054.076,861,6,6,0.0000,0.0007,0.0133,0.0003,0.0016,0.0004,0.9837,0.304525,0.193781,0.009468,0.006563,0.007815,0.012217,0.282743,-0.100288,0.798989,0.024085,0.012217,-0.119044,1.221949,-0.036302,0.001745,-0.392837,1.300360,0.012217,0.176278,-0.374925,0.167552,-0.096974,0.036652,1.055080,0.000000,-0.000765,0.003491,0.874106,-0.003491
1772127054.175,864,6,6,0.0000,0.0005,0.0104,0.0003,0.0013,0.0002,0.9873,0.307094,0.205831,0.005831,0.004185,0.001937,0.010472,0.282743,-0.127175,0.799187,0.053317,0.013963,-0.118865,1.220129,-0.063789,0.001745,-0.396959,1.303570,0.012217,0.176278,-0.385147,0.167552,-0.166286,0.036652,1.110623,0.000000,0.066802,0.001745,0.898100,-0.003491
1772127054.276,867,6,6,0.0000,0.0005,0.0113,0.0002,0.0011,0.0003,0.9866,0.312371,0.207908,0.007511,0.003170,0.003598,0.008727,0.282743,-0.180860,0.792136,0.043990,0.015708,-0.064719,1.296243,-0.052717,0.001745,-0.395938,1.307160,0.012217,0.176278,-0.389862,0.167552,-0.141673,0.034907,1.130209,0.000000,0.045680,0.001745,0.926311,-0.003491
1772127054.377,870,6,6,0.0000,0.0005,0.0118,0.0002,0.0012,0.0003,0.9860,0.309365,0.206569,0.006976,0.003972,0.004036,0.006981,0.282743,-0.188782,0.784485,0.054463,0.017453,-0.093177,1.266227,-0.063190,0.001745,-0.440920,1.298277,0.012217,0.176278,-0.404622,0.167552,-0.136996,0.034907,1.127542,0.000000,0.037512,0.003491,0.919333,-0.003491
1772127054.477,873,6,6,0.0000,0.0006,0.0129,0.0003,0.0016,0.0003,0.9842,0.305876,0.201928,0.003443,0.005411,0.007328,0.006981,0.282743,-0.194998,0.783726,0.028190,0.019199,-0.158924,1.254206,-0.035171,0.001745,-0.443142,1.293717,0.012217,0.176278,-0.396147,0.167552,-0.083176,0.034907,1.125443,0.000000,-0.014562,0.003491,0.903245,-0.003491
1772127054.577,876,6,6,0.0000,0.0004,0.0058,0.0002,0.0011,0.0001,0.9923,0.213529,0.198622,0.003009,0.004461,0.002218,0.005236,0.282743,0.624664,0.069813,-0.001179,0.020944,0.798726,0.092502,-0.002312,0.001745,0.599657,0.066323,0.012217,0.176278,-0.175032,0.167552,-0.086331,0.034907,1.114826,0.000000,-0.009662,0.001745,0.875941,-0.003491
1772127054.677,879,6,6,0.0000,0.0005,0.0056,0.0003,0.0009,0.0001,0.9927,0.200158,0.206545,0.002342,0.002476,0.003061,0.006981,0.282743,0.720747,0.069813,-0.027456,0.022689,0.625707,0.092502,0.022220,0.003491,0.488675,0.066323,0.012217,0.176278,-0.155180,0.167552,-0.082321,0.033161,1.134236,0.000000,-0.015417,0.001745,0.953350,-0.003491
1772127054.778,882,6,6,0.0000,0.0008,0.0081,0.0005,0.0012,0.0001,0.9893,0.193835,0.208057,0.002045,0.002443,0.001826,0.006981,0.282743,0.650978,0.069813,-0.060665,0.022689,0.620069,0.092502,0.057175,0.001745,0.453255,0.068068,0.012217,0.176278,-0.168311,0.167552,-0.071638,0.031416,1.141726,0.000000,-0.024355,0.000000,0.967492,-0.003491
1772127054.878,885,6,6,0.0000,0.0007,0.0082,0.0005,0.0009,0.0001,0.9896,0.189491,0.219034,0.003803,0.003581,0.003372,0.006981,0.282743,0.615560,0.069813,-0.030137,0.022689,0.626626,0.090757,0.026646,0.003491,0.460518,0.068068,0.012217,0.176278,-0.214506,0.167552,-0.064243,0.029671,1.199554,0.000000,-0.030005,0.003491,1.039642,-0.003491
1772127054.980,888,6,6,0.0000,0.0009,0.0104,0.0007,0.0009,0.0001,0.9870,0.191931,0.214252,0.002516,0.004338,0.003400,0.006981,0.282743,0.650095,0.069813,-0.021025,0.022689,0.619904,0.092502,0.015789,0.003491,0.472839,0.066323,0.012217,0.176278,-0.188004,0.167552,-0.055234,0.027925,1.159893,0.000000,-0.039014,0.001745,1.025411,-0.003491
1772127055.079,891,6,6,0.0000,0.0011,0.0103,0.0007,0.0011,0.0001,0.9867,0.223807,0.202237,0.002358,0.001092,0.001707,0.006981,0.282743,0.671989,0.069813,0.018039,0.022689,0.765083,0.090757,-0.023275,0.006981,0.682543,0.068068,0.012217,0.176278,-0.126533,0.167552,-0.020378,0.024435,1.053056,0.000000,-0.070379,0.001745,0.991562,-0.003491
1772127055.180,894,6,6,0.0000,0.0010,0.0108,0.0005,0.0016,0.0002,0.9859,0.291904,0.204439,0.002871,0.001661,0.001101,0.006981,0.282743,-0.112500,0.772646,-0.004732,0.022689,-0.267803,1.142166,-0.000504,0.006981,-0.407884,1.268638,0.012217,0.176278,-0.104641,0.167552,-0.013427,0.022689,1.077172,0.000000,-0.079076,0.003491,0.993871,-0.003491
1772127055.280,897,6,6,0.0000,0.0009,0.0118,0.0004,0.0020,0.0003,0.9846,0.290699,0.207070,0.002811,0.002960,0.005136,0.006981,0.282743,-0.119782,0.771704,-0.001148,0.022689,-0.291476,1.138540,-0.000597,0.006981,-0.419771,1.258746,0.012217,0.176278,-0.110975,0.167552,-0.005122,0.020944,1.109349,0.000000,-0.085635,0.003491,0.995007,-0.003491
1772127055.380,900,6,6,0.0000,0.0008,0.0110,0.0004,0.0022,0.0003,0.9853,0.291345,0.207346,0.000966,0.002356,0.001888,0.006981,0.280998,-0.124079,0.772526,-0.032176,0.022689,-0.306035,1.136925,0.032176,0.005236,-0.445521,1.238614,0.012217,0.176278,-0.127520,0.167552,-0.025043,0.019199,1.116886,0.000000,-0.069204,0.003491,0.992527,-0.003491
1772127055.481,903,6,6,0.0000,0.0016,0.0209,0.0007,0.0040,0.0005,0.9724,0.294610,0.188544,0.000932,0.000549,0.012556,0.005236,0.280998,-0.153838,0.773260,-0.057574,0.024435,-0.303129,1.145833,0.055829,0.006981,-0.448817,1.242749,0.012217,0.176278,-0.289077,0.167552,-0.038502,0.020944,1.065645,0.000000,-0.055746,0.001745,0.818148,-0.003491
1772127055.581,906,6,6,0.0000,0.0011,0.0144,0.0005,0.0031,0.0004,0.9805,0.296293,0.194934,0.001464,0.001251,0.000874,0.005236,0.280998,-0.147112,0.771456,-0.069885,0.026180,-0.301737,1.150289,0.069885,0.006981,-0.443672,1.244489,0.012217,0.176278,-0.250258,0.167552,-0.039322,0.022689,1.085252,0.000000,-0.056671,0.001745,0.873472,-0.005236
1772127055.681,909,6,6,0.0000,0.0012,0.0138,0.0005,0.0034,0.0003,0.9807,0.295772,0.188535,0.000980,0.000547,0.000686,0.005236,0.280998,-0.122248,0.772606,-0.063077,0.027925,-0.307536,1.150566,0.061331,0.006981,-0.429263,1.243616,0.012217,0.176278,-0.248446,0.167552,-0.046086,0.022689,1.011140,0.000000,-0.049908,0.001745,0.870799,-0.003491
1772127055.782,912,6,6,0.0000,0.0013,0.0140,0.0006,0.0036,0.0003,0.9802,0.298988,0.189653,0.001359,0.001055,0.001353,0.005236,0.280998,-0.124596,0.783969,-0.060029,0.027925,-0.302900,1.156036,0.060029,0.006981,-0.367426,1.266681,0.012217,0.176278,-0.112039,0.167552,-0.055923,0.024435,1.017531,0.000000,-0.040070,0.003491,0.874330,-0.003491
1772127055.882,915,6,6,0.0000,0.0013,0.0138,0.0006,0.0039,0.0003,0.9800,0.300948,0.189046,0.000750,0.000702,0.000937,0.006981,0.280998,-0.129236,0.790175,-0.059986,0.026180,-0.300410,1.164112,0.059986,0.006981,-0.366061,1.275967,0.012217,0.179769,-0.099282,0.167552,-0.058369,0.024435,1.006679,0.000000,-0.035878,0.001745,0.876161,-0.003491
1772127055.982,918,6,6,0.0000,0.0014,0.0145,0.0006,0.0044,0.0004,0.9786,0.302007,0.188092,0.000424,0.001254,0.001504,0.006981,0.280998,-0.141412,0.790276,-0.067444,0.026180,-0.300598,1.167596,0.067444,0.006981,-0.365219,1.277623,0.012217,0.179769,-0.109557,0.169297,-0.059557,0.022689,0.998422,0.000000,-0.034690,0.001745,0.872961,-0.003491
1772127056.082,921,6,6,0.0000,0.0015,0.0146,0.0007,0.0047,0.0004,0.9781,0.303878,0.187199,0.000856,0.001648,0.001232,0.006981,0.279253,-0.142118,0.789898,-0.075837,0.026180,-0.304171,1.179026,0.075837,0.006981,-0.368538,1.282383,0.012217,0.179769,-0.122175,0.169297,-0.077562,0.022689,0.999197,0.000000,-0.014940,0.001745,0.861475,-0.003491
1772127056.183,924,6,6,0.0000,0.0015,0.0153,0.0007,0.0047,0.0004,0.9775,0.303397,0.187917,0.001292,0.003407,0.003280,0.006981,0.279253,-0.139969,0.789831,-0.075100,0.026180,-0.307383,1.179220,0.075100,0.006981,-0.378627,1.277219,0.012217,0.179769,-0.129293,0.169297,-0.103679,0.022689,0.997488,0.000000,0.009431,0.003491,0.860626,-0.003491
1772127056.283,927,6,6,0.0000,0.0014,0.0154,0.0006,0.0044,0.0004,0.9777,0.303508,0.186992,0.002344,0.001190,0.002308,0.006981,0.280998,-0.146674,0.790320,-0.077218,0.026180,-0.300522,1.186231,0.075473,0.006981,-0.389157,1.268927,0.012217,0.178024,-0.215034,0.167552,-0.094272,0.022689,0.992925,0.000000,0.000024,0.001745,0.868728,-0.003491
1772127056.383,930,6,6,0.0000,0.0013,0.0150,0.0006,0.0038,0.0004,0.9789,0.304022,0.191769,0.001438,0.002382,0.003955,0.006981,0.279253,-0.158219,0.812782,-0.032202,0.026180,-0.247267,1.213992,0.030457,0.006981,-0.385345,1.271635,0.012217,0.178024,-0.222646,0.167552,-0.090199,0.022689,0.999347,0.000000,-0.002303,0.001745,0.919654,-0.003491
1772127056.483,933,6,6,0.0000,0.0012,0.0162,0.0005,0.0037,0.0005,0.9779,0.309000,0.193259,0.002891,0.000572,0.002636,0.006981,0.279253,-0.154919,0.816458,-0.068367,0.026180,-0.252372,1.217997,0.068367,0.006981,-0.370613,1.285786,0.012217,0.178024,-0.225019,0.167552,-0.087846,0.022689,1.016513,0.000000,-0.008147,0.001745,0.920372,-0.003491
1772127056.584,936,6,6,0.0000,0.0015,0.0210,0.0006,0.0045,0.0005,0.9718,0.317647,0.195591,0.001480,0.003073,0.008189,0.006981,0.279253,-0.173952,0.832440,-0.049415,0.026180,-0.221288,1.262878,0.047670,0.006981,-0.319619,1.349382,0.012217,0.179769,-0.283581,0.167552,-0.096741,0.022689,1.039093,0.000000,0.004239,0.001745,0.919790,-0.005236
1772127056.684,939,6,6,0.0000,0.0009,0.0153,0.0004,0.0030,0.0004,0.9799,0.319412,0.197748,0.004187,0.006058,0.001917,0.006981,0.279253,-0.185391,0.809825,-0.090349,0.026180,-0.226702,1.264662,0.092095,0.006981,-0.322358,1.346969,0.012217,0.179769,-0.282626,0.167552,-0.106644,0.022689,1.052626,0.000000,0.010651,0.001745,0.925728,-0.003491
1772127056.785,942,6,6,0.0000,0.0009,0.0175,0.0004,0.0028,0.0004,0.9779,0.317874,0.202616,0.003343,0.005082,0.005836,0.008727,0.279253,-0.197894,0.717013,-0.094360,0.026180,-0.157817,1.331753,0.096105,0.006981,-0.323467,1.348473,0.012217,0.178024,-0.162027,0.167552,-0.107059,0.020944,1.110705,0.000000,0.009320,0.001745,0.930890,-0.003491
1772127056.884,945,6,6,0.0000,0.0009,0.0165,0.0004,0.0026,0.0004,0.9793,0.315356,0.199773,0.003109,0.002166,0.001368,0.008727,0.279253,-0.189046,0.731561,-0.080806,0.026180,-0.189408,1.312080,0.080806,0.006981,-0.357009,1.338691,0.012217,0.176278,-0.200856,0.165806,-0.025973,0.020944,1.093409,0.000000,-0.071765,0.001745,0.926882,-0.003491
1772127056.985,948,6,6,0.0000,0.0004,0.0129,0.0003,0.0015,0.0004,0.9846,0.305397,0.232805,0.005795,0.003123,0.003510,0.008727,0.279253,-0.139883,0.722018,-0.039566,0.020944,-0.209535,1.272937,0.037821,0.006981,-0.394566,1.316084,0.012217,0.176278,-0.211604,0.164061,-0.010854,0.020944,1.202897,0.000000,-0.085139,0.005236,1.212027,-0.003491
1772127057.085,951,6,6,0.0000,0.0006,0.0180,0.0003,0.0020,0.0004,0.9786,0.297132,0.236274,0.002284,0.002540,0.012714,0.008727,0.279253,-0.122082,0.721158,-0.036438,0.020944,-0.254085,1.205074,0.038184,0.006981,-0.398607,1.285267,0.012217,0.164061,-0.191130,0.165806,-0.037747,0.026180,1.215520,0.000000,-0.058246,0.003491,1.248009,-0.005236
1772127057.185,954,6,6,0.0000,0.0004,0.0112,0.0002,0.0013,0.0003,0.9865,0.297237,0.238335,0.003042,0.001210,0.001979,0.008727,0.277507,-0.128749,0.718668,-0.062297,0.022689,-0.279204,1.212571,0.065788,0.006981,-0.448953,1.253914,0.012217,0.164061,-0.167974,0.169297,-0.040577,0.031416,1.221665,0.000000,-0.057161,0.005236,1.256122,-0.003491
1772127057.287,957,6,6,0.0000,0.0004,0.0096,0.0002,0.0012,0.0002,0.9883,0.292152,0.241289,0.001277,0.001829,0.001581,0.008727,0.279253,-0.141871,0.715362,-0.133453,0.022689,-0.396226,1.176873,0.135198,0.006981,-0.562124,1.160745,0.012217,0.171042,-0.164332,0.172788,-0.043717,0.033161,1.224767,0.000000,-0.055767,0.005236,1.276251,-0.003491
1772127057.386,960,6,6,0.0000,0.0003,0.0107,0.0002,0.0011,0.0003,0.9873,0.291564,0.243453,0.006571,0.002722,0.005219,0.006981,0.279253,-0.194021,0.715179,-0.125642,0.020944,-0.381195,1.176659,0.129133,0.006981,-0.542119,1.163636,0.013963,0.176278,-0.165832,0.179769,-0.050795,0.029671,1.237094,0.000000,-0.046944,0.003491,1.281166,-0.003491
1772127057.488,963,6,6,0.0000,0.0004,0.0108,0.0003,0.0014,0.0003,0.9869,0.296039,0.243981,0.000997,0.000492,0.002046,0.006981,0.279253,-0.206673,0.719488,-0.170609,0.022689,-0.377908,1.177672,0.174100,0.006981,-0.537496,1.165301,0.015708,0.176278,-0.300197,0.179769,-0.053980,0.031416,1.241424,0.000000,-0.040268,0.003491,1.279685,-0.003491
1772127057.588,966,6,6,0.0000,0.0004,0.0114,0.0003,0.0015,0.0003,0.9861,0.304461,0.243526,0.000676,0.001477,0.000648,0.006981,0.279253,-0.249193,0.729887,-0.243827,0.022689,-0.369438,1.192666,0.247317,0.006981,-0.530101,1.167760,0.017453,0.183260,-0.273373,0.179769,-0.052684,0.029671,1.234254,0.000000,-0.041564,0.003491,1.274419,-0.003491
1772127057.687,969,6,6,0.0000,0.0005,0.0119,0.0003,0.0018,0.0003,0.9853,0.305395,0.234539,0.000306,0.001182,0.000183,0.006981,0.279253,-0.259527,0.737437,-0.234802,0.022689,-0.367198,1.202041,0.238293,0.006981,-0.527506,1.171068,0.017453,0.185005,-0.250524,0.179769,-0.044755,0.029671,1.180219,0.000000,-0.049493,0.003491,1.218856,-0.003491
1772127057.787,972,6,6,0.0000,0.0006,0.0145,0.0004,0.0022,0.0003,0.9820,0.305373,0.232488,0.000327,0.000703,0.004393,0.008727,0.279253,-0.266155,0.736922,-0.223840,0.022689,-0.363222,1.205603,0.227330,0.006981,-0.524012,1.176967,0.017453,0.185005,-0.256869,0.179769,-0.037411,0.029671,1.176797,0.000000,-0.058582,0.003491,1.197664,-0.003491
1772127057.888,975,6,6,0.0000,0.0003,0.0066,0.0003,0.0011,0.0002,0.9915,0.204327,0.234437,0.001279,0.004031,0.003880,0.008727,0.279253,0.488115,0.085521,-0.159343,0.022689,0.702701,0.097738,0.162833,0.006981,0.527547,0.069813,0.017453,0.185005,-0.318109,0.179769,-0.032886,0.029671,1.185149,0.000000,-0.064853,0.003491,1.212706,-0.003491
1772127057.988,978,6,6,0.0000,0.0005,0.0077,0.0004,0.0011,0.0002,0.9901,0.201610,0.232128,0.000822,0.003009,0.003821,0.008727,0.279253,0.405720,0.085521,-0.176516,0.022689,0.686353,0.097738,0.180007,0.005236,0.578258,0.069813,0.017453,0.185005,-0.333141,0.179769,-0.020234,0.029671,1.165978,0.000000,-0.075760,0.003491,1.204174,-0.003491
1772127058.089,981,6,6,0.0000,0.0006,0.0084,0.0005,0.0012,0.0002,0.9891,0.200350,0.223550,0.002556,0.001666,0.004536,0.008727,0.279253,0.424713,0.085521,-0.186713,0.022689,0.672985,0.097738,0.190204,0.006981,0.545578,0.069813,0.017453,0.186750,-0.338995,0.179769,-0.043021,0.031416,1.130370,0.000000,-0.052972,0.003491,1.133349,-0.003491
1772127058.189,984,6,6,0.0000,0.0008,0.0104,0.0006,0.0009,0.0002,0.9871,0.171103,0.225723,0.003245,0.001854,0.003732,0.006981,0.280998,0.433038,0.085521,-0.165155,0.022689,0.522127,0.101229,0.166901,0.006981,0.356957,0.069813,0.017453,0.186750,-0.374869,0.179769,-0.048705,0.031416,1.140888,0.000000,-0.045543,0.003491,1.148912,-0.005236
1772127058.289,987,6,6,0.0000,0.0016,0.0252,0.0013,0.0012,0.0002,0.9706,0.141935,0.226216,0.002677,0.002647,0.004017,0.006981,0.280998,0.398967,0.085521,-0.163036,0.020944,0.411660,0.102974,0.164781,0.006981,0.153594,0.069813,0.017453,0.188496,-0.383873,0.181514,-0.039105,0.031416,1.140944,0.000000,-0.056888,0.003491,1.151283,-0.003491
1772127058.390,990,6,6,0.0000,0.0064,0.2539,0.0041,0.0029,0.0006,0.7320,0.110325,0.232388,0.005068,0.002968,0.008016,0.006981,0.280998,0.378682,0.085521,-0.146441,0.020944,0.219329,0.104720,0.149932,0.006981,-0.134423,0.069813,0.017453,0.193732,-0.322182,0.185005,-0.029640,0.031416,1.161039,0.000000,-0.066353,0.003491,1.196519,-0.003491
1772127058.490,993,6,6,0.0000,0.0023,0.1759,0.0026,0.0021,0.0003,0.8167,0.104451,0.236480,0.005864,0.002252,0.006511,0.008727,0.280998,-0.033065,0.085521,-0.199075,0.020944,0.474885,0.102974,0.202566,0.006981,-0.126693,0.069813,0.017453,0.202458,-0.308044,0.191986,-0.033080,0.029671,1.184888,0.000000,-0.057677,0.003491,1.207813,-0.003491
1772127058.591,996,6,6,0.0000,0.0005,0.1150,0.0024,0.0027,0.0000,0.8793,0.151631,0.241251,0.001320,0.000814,0.001926,0.006981,0.282743,0.174240,0.087266,-0.166658,0.020944,0.631822,0.104720,0.164913,0.005236,0.270896,0.069813,0.017453,0.202458,-0.343668,0.195477,-0.036396,0.027925,1.227888,0.000000,-0.061342,0.005236,1.218570,-0.003491
1772127058.694,999,6,6,0.0000,0.0012,0.1796,0.0016,0.0030,0.0001,0.8145,0.295940,0.241480,0.001148,0.000905,0.002081,0.008727,0.282743,-0.428185,0.811523,-0.190939,0.022689,-0.348886,1.156386,0.190939,0.005236,-0.659721,1.073040,0.017453,0.205949,-0.361150,0.195477,-0.033365,0.027925,1.223840,0.000000,-0.062628,0.005236,1.221875,-0.003491
1772127058.791,1002,6,6,0.0000,0.0021,0.2676,0.0038,0.0032,0.0005,0.7229,0.301817,0.241800,0.002037,0.000613,0.002298,0.008727,0.280998,-0.435243,0.838644,-0.186528,0.022689,-0.315964,1.182619,0.186528,0.006981,-0.650148,1.094618,0.017453,0.209440,-0.286776,0.195477,-0.021041,0.027925,1.226067,0.000000,-0.076697,0.005236,1.220000,-0.003491
1772127058.891,1005,2,2,0.0001,0.0037,0.6598,0.0040,0.0019,0.0029,0.3276,0.303550,0.241675,0.000452,0.000312,0.000610,0.008727,0.280998,-0.451604,0.836151,-0.213024,0.024435,-0.301687,1.196106,0.216515,0.005236,-0.658445,1.074437,0.017453,0.209440,-0.294362,0.195477,-0.021068,0.027925,1.227238,0.000000,-0.073180,0.003491,1.219079,-0.003491
1772127058.991,1008,6,6,0.0001,0.0127,0.4704,0.0025,0.0012,0.0078,0.5054,0.276463,0.241076,0.000195,0.001265,0.001737,0.005236,0.253073,-0.392734,0.776561,-0.168339,0.019199,-0.253868,1.142370,0.177066,0.001745,-0.644856,0.942304,0.017453,0.205949,-0.296494,0.193732,-0.019335,0.022689,1.229954,0.000000,-0.069677,-0.003491,1.223131,-0.003491
1772127059.098,1011,6,6,0.0001,0.0153,0.2308,0.0017,0.0009,0.0089,0.7423,0.226044,0.242390,0.001793,0.004026,0.003734,-0.006981,0.239110,-0.173881,0.641106,-0.060351,0.005236,-0.153016,0.974092,0.062097,0.006981,-0.494624,0.783912,0.017453,0.209440,-0.293592,0.195477,-0.046220,0.020944,1.230144,0.000000,-0.044537,0.005236,1.229985,-0.005236
1772127059.194,1014,6,6,0.0000,0.0086,0.0921,0.0017,0.0009,0.0025,0.8941,0.179937,0.241110,0.004131,0.003487,0.002241,-0.006981,0.239110,-0.008464,0.515947,-0.046934,0.003491,-0.116340,0.739892,0.050425,0.003491,-0.361840,0.606883,0.017453,0.209440,-0.329836,0.195477,-0.061713,0.019199,1.233078,0.000000,-0.027298,0.003491,1.215186,-0.003491
1772127059.295,1017,6,6,0.0001,0.0063,0.1614,0.0060,0.0024,0.0017,0.8220,0.153359,0.237343,0.004661,0.004109,0.002033,-0.006981,0.239110,0.077265,0.420464,0.049769,-0.001745,-0.224708,0.542783,-0.044533,0.003491,-0.225841,0.507420,0.017453,0.209440,-0.415067,0.195477,-0.056861,0.015708,1.228912,0.000000,-0.028660,0.003491,1.177632,-0.003491
1772127059.395,1020,6,6,0.0002,0.0016,0.4540,0.0175,0.0095,0.0046,0.5127,0.134390,0.233450,0.004117,0.002188,0.002224,-0.006981,0.239110,0.172284,0.361686,0.070158,-0.001745,-0.184324,0.353812,-0.064922,0.003491,-0.121030,0.412136,0.017453,0.207694,-0.524497,0.195477,-0.063800,0.012217,1.221883,0.000000,-0.016486,0.003491,1.143186,-0.003491
1772127059.496,1023,2,2,0.0004,0.0012,0.7092,0.0195,0.0168,0.0310,0.2219,0.155795,0.234175,0.001410,0.001747,0.002512,-0.006981,0.239110,0.297069,0.334356,0.081204,-0.001745,-0.009204,0.387507,-0.075968,0.003491,0.054401,0.472406,0.017453,0.207694,-0.513920,0.195477,-0.068278,0.010472,1.215446,0.000000,-0.003280,0.003491,1.160065,-0.005236
1772127059.595,1026,2,2,0.0004,0.0015,0.6396,0.0253,0.0174,0.0216,0.2940,0.125710,0.233548,0.001235,0.002484,0.003449,-0.006981,0.237365,0.284944,0.283798,0.042630,0.000000,0.016639,0.261819,-0.040885,0.000000,0.066298,0.315033,0.017453,0.211185,-0.491906,0.193732,-0.049026,0.006981,1.210944,0.000000,-0.008570,-0.003491,1.162279,-0.003491
1772127059.699,1029,6,6,0.0001,0.0021,0.2353,0.0123,0.0047,0.0030,0.7425,0.092263,0.235352,0.002342,0.001025,0.003428,-0.006981,0.204204,0.230235,0.218714,0.042464,-0.001745,0.007734,0.154538,-0.040718,0.000000,0.058277,0.190986,0.017453,0.209440,-0.449662,0.193732,-0.047782,0.010472,1.222157,0.000000,-0.013304,0.003491,1.167477,-0.003491
1772127059.799,1032,6,6,0.0002,0.0081,0.4602,0.0112,0.0161,0.0215,0.4826,0.077221,0.241608,0.000963,0.001883,0.003040,-0.001745,0.188496,0.203264,0.187829,-0.003714,-0.001745,0.004950,0.113310,0.012441,0.000000,0.066154,0.150206,0.017453,0.207694,-0.425665,0.193732,-0.049650,0.010472,1.272426,0.000000,-0.009692,0.003491,1.194032,-0.005236
1772127059.901,1035,6,6,0.0001,0.0094,0.1546,0.0218,0.0274,0.0217,0.7650,0.071447,0.241072,0.000594,0.002385,0.002890,-0.001745,0.183260,0.184915,0.161250,-0.002464,-0.001745,0.005323,0.098445,0.016426,0.000000,0.063509,0.144230,0.017453,0.204204,-0.317658,0.195477,-0.049064,0.012217,1.269294,0.000000,-0.015513,0.003491,1.190724,-0.003491
1772127060.006,1038,5,6,0.0002,0.0052,0.0774,0.0197,0.1670,0.4576,0.2729,0.074326,0.222240,0.000671,0.003770,0.003271,-0.006981,0.176278,0.162991,0.147813,-0.001004,-0.001745,0.011474,0.108253,0.013221,0.000000,0.085062,0.186817,0.017453,0.202458,-0.396977,0.195477,-0.045329,0.012217,1.185659,0.000000,-0.019248,0.005236,1.048384,-0.003491
1772127060.107,1041,5,5,0.0000,0.0001,0.0031,0.0010,0.0658,0.9223,0.0076,0.070201,0.218585,0.000482,0.000417,0.000229,-0.003491,0.172788,0.162955,0.133770,-0.008558,-0.001745,0.008786,0.100978,0.015540,0.000000,0.075735,0.171855,0.017453,0.202458,-0.419639,0.193732,-0.048105,0.012217,1.129526,0.000000,-0.014727,0.003491,1.064139,-0.003491
1772127060.206,1044,5,5,0.0000,0.0001,0.0015,0.0002,0.1173,0.8783,0.0026,0.070417,0.214681,0.002372,0.000398,0.002552,-0.003491,0.167552,0.187956,0.130503,-0.005416,-0.001745,0.009720,0.095593,0.010652,0.000000,0.074529,0.168499,0.017453,0.202458,-0.405926,0.193732,-0.050158,0.012217,1.111868,0.000000,-0.010928,0.003491,1.034948,-0.003491
1772127060.307,1047,5,5,0.0000,0.0000,0.0013,0.0002,0.1586,0.8381,0.0017,0.066603,0.215003,0.001317,0.001259,0.002456,-0.003491,0.171042,0.191187,0.132003,0.013619,0.000000,0.000966,0.049933,-0.011874,0.000000,0.076516,0.163963,0.017453,0.204204,-0.429571,0.195477,-0.031616,0.012217,1.115054,0.000000,-0.031215,0.003491,1.032140,-0.003491
1772127060.407,1050,5,5,0.0000,0.0000,0.0018,0.0003,0.2356,0.7617,0.0006,0.051109,0.206417,0.001196,0.001134,0.002248,-0.003491,0.171042,0.175444,0.130564,-0.010591,-0.001745,-0.055008,-0.031267,0.010591,0.000000,0.045461,0.080211,0.017453,0.204204,-0.498574,0.193732,-0.026399,0.012217,1.065770,0.000000,-0.036433,0.003491,0.980140,-0.003491
1772127060.508,1053,5,5,0.0000,0.0001,0.0024,0.0007,0.2032,0.7929,0.0007,0.043373,0.204476,0.001774,0.000812,0.001946,-0.003491,0.171042,0.082649,0.132412,-0.008783,-0.001745,-0.060032,-0.024602,0.008783,0.000000,0.041496,0.084100,0.017453,0.204204,-0.539104,0.193732,-0.029288,0.012217,1.058873,0.000000,-0.031798,0.003491,0.963748,-0.003491
1772127060.608,1056,5,5,0.0002,0.0000,0.0004,0.0001,0.0022,0.9961,0.0009,0.053542,0.205416,0.001757,0.000553,0.002519,-0.003491,0.176278,0.105813,0.154606,-0.006656,-0.003491,-0.029027,0.038463,0.006656,0.000000,0.057013,0.103670,0.017453,0.204204,-0.550960,0.195477,-0.024775,0.012217,1.061246,0.000000,-0.036312,0.005236,0.969163,-0.003491
1772127060.708,1059,4,5,0.0000,0.0000,0.0020,0.0008,0.9898,0.0072,0.0002,0.043349,0.205977,0.001376,0.001418,0.002667,-0.006981,0.188496,0.042503,0.150132,-0.076068,0.000000,-0.034036,0.032378,0.076068,0.000000,-0.086860,0.030605,0.017453,0.204204,-0.549955,0.195477,-0.025495,0.012217,1.062153,0.000000,-0.035592,0.003491,0.976724,-0.003491
1772127060.808,1062,4,4,0.0000,0.0000,0.0024,0.0003,0.9955,0.0016,0.0002,0.038894,0.209680,0.000476,0.000397,0.001735,-0.003491,0.191986,-0.078525,0.149351,0.036726,0.000000,-0.003104,0.044000,-0.036726,0.000000,-0.043570,0.044668,0.017453,0.204204,-0.561530,0.195477,-0.025971,0.012217,1.085710,0.000000,-0.035116,0.003491,0.997609,-0.003491
1772127060.911,1065,4,4,0.0000,0.0001,0.0060,0.0010,0.9905,0.0020,0.0004,0.045441,0.213338,0.000763,0.000882,0.001605,0.000000,0.209440,-0.086506,0.135238,0.050593,-0.001745,0.024069,0.063685,-0.050593,0.000000,-0.030992,0.062263,0.019199,0.205949,-0.571305,0.195477,-0.039143,0.012217,1.114117,0.000000,-0.021944,0.005236,1.007856,-0.003491
1772127061.011,1068,5,5,0.0004,0.0000,0.0006,0.0001,0.0039,0.9938,0.0011,0.044607,0.221513,0.000507,0.000218,0.000759,0.000000,0.219911,-0.094065,0.136120,0.067994,0.000000,0.004729,0.055444,-0.067994,0.000000,-0.051902,0.051083,0.022689,0.205949,-0.568014,0.195477,-0.041707,0.012217,1.146041,0.000000,-0.021125,0.003491,1.072293,-0.003491
1772127061.112,1071,5,5,0.0034,0.0001,0.0036,0.0126,0.0234,0.9498,0.0072,0.234570,0.226938,0.000506,0.000066,0.004154,0.000000,0.228638,0.567966,-0.581195,0.062199,0.000000,1.020506,-1.041962,-0.062199,0.000000,0.935531,-1.005310,0.027925,0.205949,-0.583155,0.193732,-0.054869,0.012217,1.181265,0.000000,-0.006217,0.003491,1.098674,-0.003491
1772127061.214,1074,4,5,0.0000,0.0016,0.2794,0.0142,0.6896,0.0109,0.0043,0.042470,0.233039,0.002097,0.000067,0.002170,0.000000,0.230383,-0.109650,0.138691,0.100106,0.000000,-0.081776,-0.008634,-0.100106,0.000000,-0.080717,0.040459,0.033161,0.211185,-0.604795,0.193732,-0.056101,0.012217,1.232990,0.000000,-0.004986,0.003491,1.109695,-0.003491
1772127061.324,1077,4,4,0.0000,0.0010,0.3146,0.0144,0.6388,0.0266,0.0046,0.231491,0.237792,0.001190,0.001044,0.002593,0.000000,0.237365,0.668949,-0.581195,0.152828,0.000000,0.863516,-1.041962,-0.152828,0.000000,0.855237,-1.005310,0.040143,0.214676,-0.595981,0.195477,-0.058440,0.010472,1.252127,0.000000,-0.000901,0.003491,1.137114,-0.003491
1772127061.418,1080,2,2,0.0001,0.0024,0.7522,0.0392,0.0933,0.0490,0.0638,0.252334,0.254234,0.005486,0.000582,0.005642,0.000000,0.246091,0.780158,-0.581195,0.157458,0.000000,0.893497,-1.041962,-0.157458,0.000000,0.950801,-1.005310,0.055851,0.237365,-0.520214,0.195477,-0.090682,0.008727,1.303229,0.000000,0.029596,0.003491,1.217079,-0.003491
1772127061.520,1083,2,2,0.0002,0.0025,0.3874,0.2180,0.0336,0.1682,0.1901,0.200637,0.256753,0.001483,0.000877,0.001950,-0.003491,0.247837,0.657553,-0.354302,0.044502,0.000000,0.706746,-0.809833,-0.042756,0.000000,0.751002,-0.773181,0.059341,0.239110,-0.518458,0.195477,-0.100072,0.010472,1.317863,0.000000,0.038985,0.003491,1.216296,-0.003491
1772127061.618,1086,3,3,0.0003,0.0020,0.2186,0.3854,0.0299,0.2127,0.1511,0.158798,0.258174,0.001393,0.000087,0.001497,0.015708,0.242601,0.657583,-0.193732,-0.011351,0.008727,0.522261,-0.556760,0.018333,0.000000,0.440359,-0.497419,0.057596,0.239110,-0.528453,0.195477,-0.097478,0.015708,1.326081,0.000000,0.034646,0.005236,1.224233,-0.005236
1772127061.719,1089,3,3,0.0004,0.0012,0.1386,0.5352,0.0375,0.2054,0.0817,0.148954,0.232462,0.001092,0.000274,0.001727,0.041888,0.226893,0.651138,-0.097738,0.020181,0.006981,0.473442,-0.382227,-0.014945,0.000000,0.366922,-0.268781,0.024435,0.239110,-0.415681,0.155334,-0.094643,0.027925,1.218104,0.000000,0.028321,0.003491,1.092825,-0.003491
1772127061.820,1092,3,3,0.0003,0.0009,0.0722,0.6907,0.0638,0.0919,0.0802,0.229942,0.186388,0.000552,0.000222,0.000506,0.062832,0.225147,-0.096461,0.734376,0.038688,0.010472,-0.433655,0.746761,-0.029961,0.000000,-0.453338,0.941023,0.015708,0.228638,-0.216101,0.113446,-0.067952,0.024435,0.992709,0.005236,0.015592,0.003491,0.837407,-0.003491
1772127061.919,1095,3,3,0.0005,0.0019,0.0586,0.6066,0.1399,0.1081,0.0846,0.231060,0.151825,0.001011,0.000200,0.002171,0.066323,0.205949,-0.083698,0.756462,0.049921,0.012217,-0.479725,0.719240,-0.028977,0.000000,-0.482810,0.962604,0.005236,0.228638,-0.100238,0.087266,-0.049811,0.027925,0.857554,0.006981,0.006178,0.005236,0.596888,-0.003491
1772127062.020,1098,5,5,0.0056,0.0133,0.4035,0.0210,0.0430,0.4859,0.0277,0.232610,0.126487,0.001517,0.001192,0.009629,0.068068,0.185005,-0.091412,0.773465,0.091800,0.017453,-0.621966,0.691908,-0.058639,0.001745,-0.629290,0.961879,0.003491,0.230383,-0.037386,0.082030,-0.031905,0.033161,0.748738,0.006981,0.003980,0.008727,0.393370,0.006981
1772127062.120,1101,5,5,0.0097,0.0157,0.2896,0.0128,0.1328,0.5219,0.0175,0.120348,0.121848,0.001050,0.000755,0.003937,0.068068,0.171042,-0.658039,0.609911,-0.099364,0.019199,-1.212721,0.194247,0.146488,0.003491,-1.485264,0.231734,-0.003491,0.228638,0.005923,0.080285,-0.012476,0.033161,0.710145,0.012217,0.000259,0.008727,0.368856,0.013963
1772127062.221,1104,5,5,0.0011,0.0008,0.0488,0.0010,0.1024,0.8449,0.0008,0.117056,0.125224,0.002179,0.000292,0.002593,0.066323,0.165806,-0.566904,0.672995,0.111249,0.019199,-1.577429,0.027185,-0.060635,0.003491,-1.492443,0.338419,-0.006981,0.228638,0.054709,0.080285,-0.010281,0.033161,0.700231,0.019199,0.001554,0.008727,0.363966,0.012217
1772127062.325,1107,5,5,0.0000,0.0001,0.0585,0.0001,0.0326,0.9084,0.0002,0.108156,0.126502,0.005853,0.000851,0.005355,0.068068,0.165806,-0.529042,0.580668,0.071367,0.019199,-1.571810,0.055430,-0.020752,0.003491,-1.507745,0.333844,-0.006981,0.228638,0.074217,0.080285,-0.009551,0.031416,0.694559,0.026180,0.006060,0.008727,0.359217,0.008727
1772127062.421,1110,2,5,0.0000,0.0022,0.4679,0.0002,0.0949,0.4341,0.0007,0.107030,0.124019,0.017017,0.000591,0.018166,0.068068,0.165806,-0.506426,0.520360,0.090415,0.019199,-1.596667,0.059187,-0.039801,0.003491,-1.552271,0.357836,-0.006981,0.228638,0.068540,0.080285,-0.017459,0.029671,0.690488,0.029671,0.015714,0.008727,0.329515,0.006981
1772127062.522,1113,5,2,0.0003,0.0019,0.4664,0.0004,0.0466,0.4815,0.0028,0.106314,0.122831,0.003415,0.001467,0.003789,0.061087,0.174533,-0.393895,0.518735,0.085020,0.017453,-1.490217,0.075584,-0.032660,0.003491,-1.483525,0.339866,-0.006981,0.228638,0.062567,0.078540,-0.017004,0.026180,0.687424,0.036652,0.018749,0.008727,0.321254,0.005236
1772127062.624,1116,2,2,0.0006,0.0017,0.7023,0.0003,0.0123,0.2674,0.0153,0.072706,0.121974,0.003038,0.001091,0.002075,0.012217,0.176278,-0.103657,0.326152,0.053839,0.003491,-1.164053,0.101498,-0.018932,0.001745,-1.194504,0.197250,-0.006981,0.228638,0.055795,0.078540,-0.017384,0.026180,0.677816,0.045379,0.019130,0.008727,0.323485,0.000000
1772127062.723,1119,2,2,0.0002,0.0015,0.6095,0.0001,0.0021,0.3794,0.0073,0.051644,0.121442,0.000863,0.000465,0.001827,0.000000,0.176278,-0.074007,0.230135,0.018652,0.003491,-0.873038,0.067298,0.005783,0.000000,-0.914353,0.118091,-0.010472,0.235619,0.043456,0.078540,-0.014390,0.022689,0.666033,0.059341,0.017881,0.008727,0.325017,-0.005236
1772127062.831,1122,2,5,0.0000,0.0034,0.7918,0.0000,0.0003,0.2035,0.0011,0.028621,0.120504,0.002019,0.002425,0.001751,-0.015708,0.176278,-0.002958,0.085215,0.030759,0.000000,-0.644130,0.039526,-0.009815,0.000000,-0.743115,0.011672,-0.012217,0.240855,0.070276,0.078540,0.031521,0.017453,0.629926,0.069813,-0.024540,0.008727,0.298940,-0.012217
1772127062.928,1125,2,2,0.0001,0.0097,0.9421,0.0000,0.0002,0.0477,0.0002,0.026652,0.118557,0.001044,0.000740,0.005151,-0.036652,0.174533,0.034406,0.065301,0.035431,0.000000,-0.480428,-0.021331,-0.014487,0.000000,-0.495603,0.010157,-0.012217,0.249582,0.091714,0.078540,0.032804,0.013963,0.608758,0.073304,-0.020586,0.008727,0.265295,-0.015708
1772127063.026,1128,2,2,0.0006,0.0137,0.9819,0.0001,0.0003,0.0034,0.0001,0.056658,0.109602,0.000927,0.000211,0.002351,-0.040143,0.157080,0.256227,0.214511,0.048822,0.000000,-0.293384,-0.041238,-0.027878,0.000000,-0.306802,0.003257,-0.012217,0.258309,0.079378,0.078540,-0.026055,0.010472,0.543723,0.076794,0.038273,0.008727,0.221005,-0.026180
1772127063.128,1131,2,2,0.0003,0.0345,0.9544,0.0007,0.0018,0.0077,0.0007,0.326336,0.094420,0.000831,0.000169,0.001187,-0.043633,0.151844,1.350778,-0.429351,0.074771,-0.001745,1.100470,-0.338594,-0.059063,0.001745,1.236430,-0.291470,-0.015708,0.258309,0.062630,0.080285,-0.034253,0.008727,0.491017,0.080285,0.046471,0.008727,0.096591,-0.033161
1772127063.230,1134,2,2,0.0000,0.0491,0.9243,0.0012,0.0023,0.0228,0.0003,0.265995,0.103392,0.000604,0.000192,0.000977,-0.047124,0.151844,0.728871,-0.244346,-0.082291,0.003491,1.270738,-0.205949,0.099745,-0.003491,0.937256,-0.176278,-0.019199,0.256563,0.151363,0.080285,-0.036270,0.006981,0.487886,0.082030,0.050233,0.008727,0.116637,-0.040143
1772127063.330,1137,2,2,0.0000,0.0575,0.8893,0.0045,0.0017,0.0468,0.0002,0.213254,0.102646,0.002841,0.001613,0.004463,-0.047124,0.151844,0.619226,-0.134390,-0.061980,0.000000,1.032399,-0.129154,0.077688,0.001745,0.676151,-0.111701,-0.026180,0.258309,0.132387,0.080285,-0.043063,0.006981,0.485249,0.083776,0.057025,0.008727,0.119012,-0.048869
1772127063.435,1140,2,2,0.0000,0.0230,0.7379,0.0181,0.0010,0.2198,0.0002,0.169947,0.106449,0.004153,0.002237,0.005793,-0.052360,0.185005,0.582328,-0.066323,-0.063806,-0.005236,0.788377,-0.078540,0.074278,0.000000,0.409372,-0.068068,-0.036652,0.258309,0.189438,0.082030,-0.032908,0.005236,0.481043,0.085521,0.046870,0.008727,0.120210,-0.050615
1772127063.536,1143,5,5,0.0000,0.0000,0.0058,0.0002,0.0001,0.9938,0.0000,0.192669,0.116421,0.007425,0.003063,0.009589,-0.050615,0.186750,0.552183,-0.020944,-0.096380,-0.005236,0.955328,-0.047124,0.106852,0.000000,0.510911,-0.038397,-0.045379,0.258309,0.197896,0.080285,-0.022280,0.006981,0.530569,0.085521,0.036243,0.008727,0.192521,-0.050615
1772127063.638,1146,5,5,0.0000,0.0000,0.0031,0.0001,0.0036,0.9931,0.0000,0.242105,0.128895,0.001206,0.003006,0.004489,-0.054105,0.198968,-0.160495,0.763121,-0.019138,0.005236,-0.255232,1.115607,0.019138,0.003491,-0.595839,0.799701,-0.045379,0.256563,0.265698,0.082030,0.018724,0.006981,0.579677,0.085521,-0.006507,0.008727,0.242819,-0.050615
1772127063.737,1149,5,5,0.0000,0.0000,0.0021,0.0001,0.0033,0.9945,0.0000,0.166229,0.133304,0.004325,0.000975,0.003900,-0.059341,0.207694,0.479166,0.003491,0.011088,0.006981,1.094530,0.017453,-0.018070,0.001745,0.172599,-0.012217,-0.048869,0.258309,0.279938,0.082030,0.009977,0.005236,0.576265,0.085521,0.003985,0.008727,0.289664,-0.050615
1772127063.837,1152,5,5,0.0000,0.0000,0.0021,0.0001,0.0038,0.9939,0.0000,0.162606,0.134915,0.001968,0.002039,0.000531,-0.071558,0.225147,0.408840,0.005236,-0.002055,0.006981,1.031281,0.040143,-0.008417,0.005236,0.228405,-0.003491,-0.064577,0.258309,0.307768,0.083776,0.010000,0.005236,0.575777,0.085521,0.003962,0.008727,0.279909,-0.050615
1772127063.937,1155,5,5,0.0000,0.0000,0.0023,0.0001,0.0058,0.9918,0.0000,0.132437,0.136760,0.000332,0.000838,0.000860,-0.080285,0.242601,0.381694,0.006981,-0.165711,0.005236,0.690374,0.059341,0.153493,0.006981,0.042539,0.000000,-0.075049,0.258309,0.325687,0.082030,0.011698,0.005236,0.579293,0.085521,0.002265,0.008727,0.282355,-0.050615
1772127064.037,1158,5,5,0.0000,0.0000,0.0256,0.0000,0.0006,0.9737,0.0001,0.147674,0.138814,0.001744,0.001243,0.000780,-0.087266,0.253073,0.373577,0.006981,-0.103456,0.005236,0.870564,0.075049,0.089493,0.006981,0.091134,0.000000,-0.083776,0.258309,0.334493,0.085521,0.015270,0.005236,0.587049,0.085521,-0.001308,0.008727,0.285643,-0.050615
1772127064.137,1161,4,5,0.0004,0.0003,0.0093,0.0412,0.7668,0.1814,0.0007,0.198003,0.138197,0.002377,0.001287,0.002600,-0.089012,0.253073,0.382115,0.006981,-0.021499,0.006981,1.174920,0.083776,0.009282,0.006981,0.448436,0.003491,-0.085521,0.258309,0.329782,0.085521,0.006540,0.006981,0.588258,0.085521,0.007423,0.008727,0.281302,-0.050615
1772127064.239,1164,4,4,0.0003,0.0006,0.0074,0.1980,0.7671,0.0248,0.0017,0.188704,0.139038,0.002400,0.001172,0.003320,-0.089012,0.253073,0.394394,0.005236,-0.057305,0.005236,1.102844,0.089012,0.050323,0.006981,0.352114,0.005236,-0.085521,0.256563,0.333602,0.085521,-0.006855,0.006981,0.589754,0.085521,0.020818,0.008727,0.280964,-0.050615
1772127064.338,1167,5,4,0.0003,0.0004,0.0169,0.0121,0.4101,0.5593,0.0009,0.219280,0.138584,0.000791,0.000636,0.001040,-0.089012,0.253073,0.403124,0.005236,-0.070822,0.006981,1.157016,0.092502,0.069077,0.010472,0.626896,0.006981,-0.085521,0.254818,0.331003,0.083776,-0.015502,0.005236,0.586535,0.085521,0.029464,0.008727,0.277933,-0.050615
1772127064.438,1170,5,5,0.0001,0.0001,0.0079,0.0018,0.0517,0.9382,0.0002,0.232195,0.138119,0.000629,0.001483,0.002325,-0.089012,0.253073,0.411203,0.005236,-0.180142,0.006981,1.173164,0.092502,0.181887,0.010472,0.644842,0.006981,-0.087266,0.253073,0.321160,0.083776,-0.019743,0.006981,0.585587,0.085521,0.033706,0.008727,0.278894,-0.050615
1772127064.539,1173,5,5,0.0002,0.0005,0.0201,0.0069,0.2677,0.7037,0.0008,0.209365,0.138568,0.002281,0.002438,0.006400,-0.095993,0.261799,0.325364,0.005236,-0.207786,0.003491,1.149293,0.092502,0.207786,0.010472,0.449449,0.006981,-0.090757,0.251327,0.318012,0.083776,-0.032847,0.006981,0.582620,0.085521,0.046809,0.008727,0.279042,-0.050615
1772127064.639,1176,4,4,0.0004,0.0018,0.0288,0.0131,0.8443,0.1091,0.0026,0.151420,0.138178,0.002091,0.003805,0.006936,-0.102974,0.275762,0.017912,0.006981,-0.287247,0.000000,1.122668,0.092502,0.283757,0.010472,-0.366901,0.006981,-0.101229,0.253073,0.291259,0.087266,-0.060726,0.005236,0.576713,0.085521,0.074689,0.008727,0.275648,-0.050615
1772127064.739,1179,4,4,0.0001,0.0022,0.0102,0.0077,0.9726,0.0051,0.0021,0.306754,0.138965,0.004856,0.006808,0.009038,-0.113446,0.307178,-0.390906,1.003147,-0.110548,0.000000,-0.205148,1.318031,0.103567,0.012217,-0.617771,0.936902,-0.108210,0.253073,0.293224,0.089012,-0.083850,0.003491,0.572954,0.085521,0.096068,0.008727,0.265508,-0.050615
1772127064.839,1182,4,4,0.0001,0.0028,0.0077,0.0316,0.9454,0.0098,0.0026,0.321581,0.132770,0.001355,0.003454,0.006966,-0.116937,0.315905,-0.389312,1.065045,-0.053168,0.000000,-0.203502,1.342213,0.049678,0.012217,-0.479873,1.073910,-0.123918,0.260054,0.290670,0.094248,-0.019876,0.005236,0.571707,0.085521,0.033838,0.008727,0.243242,-0.050615
1772127064.940,1185,4,4,0.0003,0.0056,0.0083,0.0631,0.8874,0.0321,0.0032,0.324727,0.131902,0.001624,0.000879,0.003605,-0.123918,0.319395,-0.377052,1.068297,-0.062361,0.003491,-0.233981,1.370507,0.060615,0.012217,-0.512424,1.062197,-0.141372,0.258309,0.276311,0.094248,-0.034252,0.005236,0.568097,0.085521,0.048215,0.008727,0.238161,-0.050615
1772127065.040,1188,4,4,0.0004,0.0103,0.0079,0.1271,0.7535,0.0976,0.0032,0.293811,0.132734,0.010019,0.002684,0.011778,-0.132645,0.319395,-0.388489,1.030079,-0.109040,0.003491,-0.251296,1.302935,0.110785,0.012217,-0.879849,0.746828,-0.162316,0.258309,0.297989,0.094248,-0.038094,0.005236,0.554851,0.085521,0.052056,0.008727,0.235870,-0.050615
1772127065.140,1191,4,4,0.0002,0.0123,0.0102,0.0697,0.7978,0.1071,0.0026,0.203970,0.119675,0.008698,0.004739,0.005702,-0.144862,0.319395,0.472767,0.006981,0.046921,0.003491,0.950910,0.092502,-0.043430,0.012217,0.535476,0.006981,-0.176278,0.258309,0.290898,0.094248,-0.018891,0.005236,0.461196,0.085521,0.032853,0.008727,0.199117,-0.050615
1772127065.241,1194,4,4,0.0001,0.0188,0.0067,0.0097,0.9569,0.0073,0.0005,0.136826,0.098466,0.008098,0.014898,0.016550,-0.146608,0.317650,0.373562,0.006981,0.002465,0.003491,0.749650,0.092502,0.001026,0.012217,0.077127,0.005236,-0.181514,0.258309,0.245598,0.094248,-0.007519,0.005236,0.337178,0.085521,0.021482,0.008727,0.125288,-0.050615
1772127065.341,1197,4,4,0.0009,0.0599,0.0146,0.0113,0.9078,0.0037,0.0017,0.121471,0.050111,0.001707,0.007399,0.008294,-0.146608,0.317650,0.195714,0.005236,-0.083583,0.003491,0.735037,0.090757,0.088819,0.013963,-0.417940,0.006981,-0.179769,0.258309,0.101368,0.099484,-0.027749,0.005236,0.000976,0.085521,0.041712,0.008727,-0.114819,-0.050615
1772127065.441,1200,4,4,0.0004,0.1656,0.1189,0.2889,0.3778,0.0461,0.0023,0.122850,0.057500,0.001681,0.002576,0.022265,-0.146608,0.319395,0.153818,0.005236,-0.074219,0.000000,0.806345,0.090757,0.077710,0.013963,-0.288075,0.006981,-0.179769,0.258309,0.159344,0.099484,-0.059412,0.005236,-0.087634,0.085521,0.073375,0.008727,-0.286061,-0.050615
1772127065.549,1203,4,4,0.0001,0.0269,0.1229,0.2856,0.4440,0.1198,0.0006,0.129674,0.088270,0.000973,0.002867,0.010418,-0.148353,0.319395,0.069164,0.006981,-0.057937,0.000000,0.994404,0.090757,0.056192,0.013963,-0.088416,0.005236,-0.181514,0.260054,0.331734,0.099484,-0.053818,0.005236,0.095027,0.085521,0.067780,0.008727,0.105680,-0.050615
1772127065.644,1206,4,4,0.0000,0.0116,0.0769,0.1165,0.7469,0.0478,0.0002,0.127203,0.118807,0.000861,0.004158,0.002868,-0.148353,0.321141,0.062971,0.006981,-0.055904,-0.001745,0.967742,0.092502,0.055904,0.013963,-0.125998,0.005236,-0.186750,0.261799,0.527065,0.099484,-0.072582,0.005236,0.129032,0.085521,0.086545,0.008727,0.222276,-0.050615
1772127065.745,1209,4,4,0.0000,0.0038,0.0328,0.0236,0.9081,0.0315,0.0002,0.126626,0.140509,0.000474,0.004531,0.007850,-0.146608,0.340339,0.045223,0.006981,-0.060422,-0.005236,0.958338,0.090757,0.058677,0.013963,-0.191492,0.005236,-0.186750,0.260054,0.506288,0.097738,0.038075,0.005236,0.412102,0.085521,-0.024112,0.008727,0.272369,-0.050615
1772127065.846,1212,4,4,0.0001,0.0022,0.0259,0.0066,0.9121,0.0529,0.0002,0.130243,0.136666,0.001721,0.001548,0.004141,-0.146608,0.357792,0.043882,0.006981,-0.091180,-0.008727,0.951378,0.092502,0.091180,0.013963,-0.192158,0.005236,-0.186750,0.260054,0.482014,0.097738,0.097927,0.005236,0.328843,0.085521,-0.083965,0.008727,0.273935,-0.050615
1772127065.947,1215,4,4,0.0004,0.0023,0.0425,0.0066,0.5609,0.3856,0.0017,0.127263,0.144557,0.000692,0.001653,0.002460,-0.148353,0.361283,0.004747,0.006981,-0.097423,-0.008727,0.945022,0.092502,0.097423,0.013963,-0.202902,0.005236,-0.186750,0.261799,0.696132,0.097738,0.054725,0.006981,0.320001,0.085521,-0.040762,0.008727,0.203056,-0.050615
1772127066.050,1218,5,5,0.0001,0.0000,0.0010,0.0001,0.0016,0.9972,0.0001,0.101585,0.144283,0.000175,0.000980,0.001853,-0.148353,0.359538,-0.010227,0.006981,-0.109330,-0.008727,0.633212,0.090757,0.109330,0.013963,-0.215733,0.005236,-0.186750,0.260054,0.783190,0.097738,-0.031110,0.005236,0.312899,0.085521,0.045073,0.008727,0.132964,-0.050615
1772127066.147,1221,5,5,0.0003,0.0000,0.0007,0.0001,0.0014,0.9971,0.0003,0.138100,0.112907,0.000561,0.000941,0.002076,-0.146608,0.359538,0.136364,0.005236,-0.096171,-0.005236,0.941208,0.092502,0.101407,0.015708,-0.085324,0.005236,-0.186750,0.254818,0.752756,0.095993,0.028323,0.005236,0.123504,0.085521,-0.014360,0.008727,-0.136390,-0.050615
1772127066.249,1224,5,5,0.0005,0.0001,0.0012,0.0003,0.0023,0.9947,0.0009,0.126086,0.116967,0.000941,0.000480,0.001505,-0.146608,0.356047,0.092891,0.005236,-0.066815,0.000000,0.862887,0.092502,0.075542,0.022689,-0.073470,0.005236,-0.185005,0.240855,0.711812,0.089012,0.026796,0.005236,0.235642,0.085521,-0.012833,0.008727,-0.122868,-0.050615
1772127066.348,1227,5,5,0.0004,0.0004,0.0152,0.0012,0.0028,0.9742,0.0058,0.309726,0.112738,0.004293,0.000569,0.005301,-0.146608,0.356047,-0.383757,0.880412,0.000837,0.001745,-0.196884,1.435658,0.011380,0.026180,-0.563501,1.004450,-0.176278,0.226893,0.658848,0.087266,0.067300,0.005236,0.213068,0.085521,-0.053337,0.008727,-0.337400,-0.050615
1772127066.448,1230,5,5,0.0002,0.0008,0.0082,0.0027,0.0040,0.9829,0.0013,0.322189,0.102324,0.002406,0.000749,0.009611,-0.146608,0.356047,-0.392228,1.009460,-0.009730,0.003491,-0.174344,1.443780,0.020202,0.026180,-0.606601,1.007104,-0.169297,0.219911,0.643793,0.089012,0.047761,0.005236,0.127928,0.085521,-0.033798,0.008727,-0.295976,-0.050615
1772127066.550,1233,5,5,0.0001,0.0004,0.0060,0.0017,0.0102,0.9812,0.0005,0.322003,0.090148,0.001827,0.003709,0.005514,-0.146608,0.357792,-0.366002,1.004243,-0.025743,0.003491,-0.198903,1.436004,0.036215,0.027925,-0.610277,0.998359,-0.169297,0.221657,0.625915,0.089012,0.045709,0.005236,-0.254825,0.085521,-0.031747,0.008727,-0.616807,-0.050615
1772127066.650,1236,5,5,0.0000,0.0002,0.0053,0.0009,0.0105,0.9829,0.0001,0.334596,0.083158,0.004673,0.003365,0.008543,-0.146608,0.357792,-0.370236,1.030630,-0.023259,0.006981,-0.164332,1.480845,0.035477,0.029671,-0.512849,1.073752,-0.169297,0.221657,0.558432,0.089012,0.029314,0.005236,-0.117990,0.085521,-0.015352,0.008727,-0.034104,-0.050615
1772127066.751,1239,5,5,0.0000,0.0003,0.0083,0.0020,0.0188,0.9704,0.0002,0.337737,0.118682,0.001060,0.001457,0.001200,-0.148353,0.359538,-0.303602,1.031308,0.002732,0.008727,-0.168920,1.474141,0.011230,0.029671,-0.404177,1.135493,-0.169297,0.221657,0.570337,0.089012,-0.028256,0.005236,0.247764,0.085521,0.042219,0.008727,0.153710,-0.050615
1772127066.852,1242,5,5,0.0000,0.0002,0.0084,0.0005,0.0215,0.9693,0.0001,0.354483,0.114299,0.001424,0.002355,0.002403,-0.148353,0.359538,-0.220926,1.053984,0.060006,0.012217,-0.117791,1.493423,-0.044298,0.036652,-0.305734,1.237980,-0.169297,0.221657,0.495495,0.089012,-0.040376,0.005236,0.169557,0.085521,0.054339,0.008727,0.242046,-0.050615
1772127066.952,1245,5,5,0.0000,0.0100,0.0393,0.0058,0.0225,0.9184,0.0040,0.348335,0.129285,0.002108,0.003232,0.002442,-0.148353,0.359538,-0.222469,1.043235,0.058297,0.012217,-0.265722,1.465661,-0.040844,0.041888,-0.340180,1.199180,-0.169297,0.223402,0.472144,0.089012,-0.096865,0.005236,0.325479,0.085521,0.110828,0.008727,0.231070,-0.050615
1772127067.052,1248,5,5,0.0000,0.0156,0.0665,0.0075,0.0294,0.8724,0.0086,0.345433,0.133448,0.001676,0.001556,0.001340,-0.150098,0.359538,-0.211216,1.044065,0.047140,0.019199,-0.260478,1.426505,-0.027941,0.048869,-0.337870,1.199884,-0.169297,0.223402,0.427905,0.089012,-0.105242,0.005236,0.410769,0.085521,0.119205,0.008727,0.231595,-0.050615
1772127067.152,1251,5,5,0.0000,0.0001,0.0096,0.0024,0.0192,0.9687,0.0001,0.344664,0.137421,0.001067,0.000872,0.004025,-0.151844,0.361283,-0.202429,1.042565,0.045568,0.022689,-0.266991,1.410005,-0.026369,0.054105,-0.339400,1.199757,-0.171042,0.223402,0.431923,0.089012,-0.095395,0.005236,0.471557,0.085521,0.109358,0.008727,0.224317,-0.050615
1772127067.253,1254,5,5,0.0001,0.0002,0.0134,0.0068,0.0511,0.9284,0.0002,0.357822,0.133577,0.001138,0.001304,0.000937,-0.151844,0.361283,-0.215775,1.045351,0.118148,0.027925,-0.244249,1.426288,-0.100695,0.059341,-0.302040,1.255523,-0.172788,0.223402,0.395774,0.089012,-0.111513,0.005236,0.511165,0.085521,0.125475,0.008727,0.158615,-0.050615
1772127067.354,1257,5,5,0.0001,0.0003,0.0151,0.0169,0.0976,0.8697,0.0003,0.352216,0.130859,0.001305,0.000407,0.003548,-0.151844,0.361283,-0.239186,1.046366,0.069905,0.033161,-0.266198,1.415575,-0.050706,0.062832,-0.316520,1.237469,-0.172788,0.223402,0.354891,0.089012,-0.086218,0.005236,0.544766,0.085521,0.100180,0.008727,0.158571,-0.050615
1772127067.454,1260,5,5,0.0002,0.0006,0.0197,0.0537,0.1996,0.7257,0.0006,0.354335,0.131224,0.001074,0.000316,0.002401,-0.151844,0.361283,-0.279464,1.086102,0.060148,0.038397,-0.277368,1.405827,-0.042695,0.068068,-0.321143,1.232193,-0.172788,0.223402,0.354399,0.089012,-0.070421,0.005236,0.571441,0.085521,0.084384,0.008727,0.152573,-0.050615
1772127067.557,1263,5,5,0.0003,0.0011,0.0209,0.1659,0.3241,0.4867,0.0010,0.355421,0.131428,0.001550,0.001850,0.002351,-0.151844,0.359538,-0.303509,1.095938,0.148738,0.040143,-0.290593,1.369438,-0.129539,0.071558,-0.380960,1.179695,-0.172788,0.223402,0.364303,0.089012,-0.055333,0.005236,0.574340,0.085521,0.069296,0.008727,0.157303,-0.050615
1772127067.658,1266,4,5,0.0006,0.0088,0.0086,0.3942,0.5536,0.0332,0.0010,0.191873,0.103847,0.001949,0.001975,0.013807,-0.151844,0.359538,-0.360626,1.068856,0.083493,0.041888,-1.616469,0.352532,-0.064294,0.071558,-1.489628,0.324615,-0.171042,0.221657,0.808872,0.089012,0.027144,0.005236,-0.372417,0.085521,-0.013181,0.008727,-0.201502,-0.050615
1772127067.763,1269,4,4,0.0003,0.0283,0.0380,0.0556,0.8396,0.0343,0.0040,0.150875,0.109753,0.006814,0.000963,0.006621,-0.151844,0.359538,-0.338098,0.834676,0.117040,0.041888,-1.948677,0.275588,-0.096096,0.071558,-1.919697,0.110208,-0.171042,0.219911,0.894667,0.089012,0.011949,0.005236,-0.425843,0.085521,0.002014,0.008727,-0.394950,-0.050615
1772127067.858,1272,4,4,0.0001,0.0127,0.1956,0.0495,0.4266,0.3110,0.0044,0.151748,0.104587,0.001931,0.000278,0.001035,-0.151844,0.357792,-0.324207,0.758922,0.138907,0.048869,-1.837363,0.281524,-0.117963,0.076794,-1.791758,0.158169,-0.162316,0.212930,0.829301,0.087266,-0.012104,0.005236,-0.680492,0.085521,0.026067,0.008727,-0.485242,-0.050615
1772127067.958,1275,4,4,0.0004,0.0022,0.0275,0.0533,0.5420,0.3742,0.0005,0.148236,0.100302,0.001152,0.000658,0.001808,-0.150098,0.357792,-0.208522,0.656296,0.149419,0.054105,-1.819744,0.293590,-0.130220,0.082030,-1.733421,0.185594,-0.139626,0.197222,0.796017,0.087266,-0.007923,0.006981,-0.812571,0.085521,0.021886,0.008727,-0.573764,-0.050615
1772127068.063,1278,4,4,0.0002,0.0065,0.0617,0.0410,0.7841,0.1057,0.0008,0.144281,0.097691,0.000627,0.000981,0.001410,-0.150098,0.356047,-0.173299,0.634308,0.122317,0.059341,-1.822136,0.292225,-0.103118,0.087266,-1.745114,0.179874,-0.125664,0.188496,0.771923,0.087266,-0.009415,0.006981,-0.782398,0.085521,0.023377,0.008727,-0.551234,-0.050615
1772127068.158,1281,4,4,0.0002,0.0058,0.0258,0.0193,0.8903,0.0579,0.0007,0.136762,0.095736,0.000414,0.000231,0.000752,-0.150098,0.356047,-0.191146,0.606211,0.104770,0.059341,-1.825895,0.291111,-0.085572,0.087266,-1.820633,0.136396,-0.118682,0.188496,0.748565,0.087266,-0.009310,0.006981,-0.784211,0.085521,0.023273,0.008727,-0.543044,-0.050615
1772127068.258,1284,4,4,0.0002,0.0054,0.0195,0.0164,0.8859,0.0720,0.0006,0.106232,0.093604,0.001270,0.000168,0.001398,-0.150098,0.356047,-0.081624,0.409910,0.101873,0.059341,-1.992475,0.220997,-0.082675,0.087266,-2.050464,0.039347,-0.111701,0.188496,0.705113,0.089012,-0.023692,0.006981,-0.794852,0.087266,0.037655,0.008727,-0.532291,-0.050615
1772127068.358,1287,4,4,0.0004,0.0076,0.0330,0.0157,0.7962,0.1458,0.0014,0.104759,0.091711,0.000838,0.000501,0.001292,-0.150098,0.356047,-0.076093,0.394723,0.085672,0.059341,-2.070981,0.201225,-0.066473,0.087266,-2.112446,0.072828,-0.108210,0.188496,0.683591,0.089012,-0.024236,0.006981,-0.862757,0.085521,0.038199,0.008727,-0.532685,-0.050615
1772127068.458,1290,4,4,0.0014,0.0096,0.0479,0.0218,0.5280,0.3859,0.0054,0.104402,0.089305,0.000820,0.000674,0.001513,-0.150098,0.356047,-0.034232,0.401496,0.084225,0.059341,-2.046747,0.204897,-0.066771,0.087266,-2.094248,0.059549,-0.108210,0.188496,0.645165,0.089012,-0.033795,0.006981,-0.956540,0.085521,0.047758,0.008727,-0.540052,-0.050615
1772127068.562,1293,5,5,0.0012,0.0043,0.0436,0.0045,0.0834,0.8529,0.0100,0.099806,0.088503,0.000268,0.000729,0.000808,-0.150098,0.356047,-0.029460,0.391129,0.044540,0.059341,-2.090648,0.193984,-0.028832,0.087266,-2.121179,0.065366,-0.108210,0.190241,0.650092,0.089012,-0.017504,0.006981,-0.981127,0.085521,0.031466,0.008727,-0.570610,-0.050615
1772127068.659,1296,5,5,0.0007,0.0006,0.0076,0.0009,0.0038,0.9804,0.0061,0.101907,0.087923,0.000437,0.000092,0.000468,-0.150098,0.356047,-0.030647,0.390929,0.068942,0.059341,-2.020624,0.200451,-0.054980,0.087266,-2.101807,0.059909,-0.108210,0.190241,0.647561,0.087266,-0.014820,0.006981,-1.038005,0.085521,0.028782,0.008727,-0.639515,-0.050615
1772127068.759,1299,5,5,0.0005,0.0001,0.0021,0.0002,0.0005,0.9928,0.0039,0.101578,0.083473,0.000784,0.000445,0.000716,-0.148353,0.356047,-0.028888,0.383577,0.074229,0.059341,-2.026871,0.204616,-0.062012,0.087266,-2.096816,0.053863,-0.108210,0.188496,0.597795,0.087266,-0.014670,0.005236,-0.964875,0.085521,0.028633,0.008727,-0.615551,-0.050615
1772127068.859,1302,5,5,0.0002,0.0001,0.0024,0.0001,0.0003,0.9916,0.0053,0.096599,0.083062,0.003870,0.000879,0.002555,-0.148353,0.354302,-0.072898,0.379747,0.025311,0.059341,-2.027586,0.207502,-0.014839,0.085521,-2.094453,0.047463,-0.108210,0.190241,0.605785,0.087266,0.006228,0.005236,-0.796933,0.085521,0.007735,0.008727,-0.548692,-0.050615
1772127068.963,1305,5,5,0.0001,0.0001,0.0029,0.0001,0.0004,0.9907,0.0056,0.101153,0.084921,0.002675,0.001717,0.004839,-0.146608,0.354302,-0.122297,0.391911,0.055583,0.057596,-1.974164,0.234190,-0.045111,0.085521,-2.080512,0.034732,-0.108210,0.188496,0.624181,0.087266,-0.005668,0.005236,-0.765953,0.085521,0.019630,0.008727,-0.493357,-0.050615
1772127069.068,1308,5,5,0.0001,0.0001,0.0012,0.0000,0.0003,0.9964,0.0019,0.100557,0.087648,0.001190,0.001857,0.002079,-0.143117,0.350811,-0.181916,0.397717,0.047350,0.059341,-1.996997,0.227753,-0.036878,0.087266,-2.089331,0.036448,-0.106465,0.188496,0.660827,0.087266,0.004501,0.006981,-1.108638,0.085521,0.009462,0.008727,-0.874680,-0.050615
1772127069.171,1311,5,5,0.0001,0.0001,0.0026,0.0001,0.0005,0.9920,0.0046,0.099231,0.088330,0.002059,0.001901,0.002243,-0.139626,0.345575,-0.239114,0.397190,-0.032679,0.057596,-2.078630,0.216738,0.048387,0.087266,-2.103653,0.038022,-0.097738,0.188496,0.669001,0.087266,0.010674,0.006981,-1.055763,0.085521,0.003289,0.008727,-0.820902,-0.050615
1772127069.270,1314,5,5,0.0003,0.0037,0.1011,0.0006,0.0020,0.7446,0.1476,0.098433,0.089040,0.002222,0.000979,0.001615,-0.137881,0.340339,-0.232732,0.365941,0.005152,0.059341,-2.214952,0.188608,0.012301,0.087266,-2.240478,0.122243,-0.087266,0.183260,0.679063,0.087266,0.017663,0.006981,-0.921327,0.085521,-0.003700,0.008727,-0.817436,-0.050615
1772127069.370,1317,5,5,0.0003,0.0082,0.1404,0.0010,0.0020,0.6372,0.2109,0.096638,0.072241,0.000501,0.000383,0.000988,-0.137881,0.331613,-0.243054,0.341336,0.009259,0.059341,-2.267064,0.189749,0.011685,0.087266,-2.274503,0.129412,-0.078540,0.181514,0.426887,0.087266,0.066503,0.010472,-0.942624,0.085521,-0.052541,0.008727,-0.829286,-0.050615
1772127069.470,1320,6,6,0.1416,0.2476,0.0068,0.0789,0.1570,0.0565,0.3115,0.094642,0.040167,0.000345,0.001210,0.003552,-0.134390,0.328122,-0.360306,0.282639,-0.007014,0.059341,-2.303505,0.196175,0.029704,0.089012,-2.301306,0.150710,-0.073304,0.181514,0.042697,0.087266,0.064059,0.012217,-1.006182,0.085521,-0.050096,0.008727,-1.038918,-0.050615
1772127069.572,1323,1,1,0.0731,0.3172,0.0022,0.2524,0.2265,0.0507,0.0779,0.094163,0.035763,0.000303,0.001444,0.005106,-0.132645,0.326377,-0.514338,0.283840,0.009954,0.061087,-2.291989,0.196204,0.014481,0.089012,-2.294958,0.148999,-0.069813,0.179769,-0.186107,0.087266,0.052160,0.012217,-1.235117,0.087266,-0.039943,0.010472,-1.301798,-0.050615
1772127069.672,1326,1,1,0.0895,0.5135,0.0014,0.2238,0.0732,0.0288,0.0699,0.064514,0.025985,0.000479,0.000335,0.000285,-0.109956,0.228638,-0.360537,0.179761,0.004786,0.055851,-2.047517,0.124960,0.019648,0.064577,-2.050437,0.095950,-0.050615,0.120428,-0.230474,0.052360,0.058742,0.010472,-1.106868,0.064577,-0.043034,0.005236,-1.265750,-0.043633
1772127069.772,1329,1,1,0.0500,0.8237,0.0006,0.0509,0.0049,0.0031,0.0667,0.039137,0.016986,0.000184,0.000622,0.000894,-0.057596,0.127409,-0.204644,0.112023,0.000588,0.024435,-1.773285,0.082867,0.009884,0.048869,-1.774480,0.063569,-0.036652,0.076794,-0.123757,0.036652,0.041517,0.001745,-0.807873,0.043633,-0.024064,0.003491,-1.028965,-0.038397
1772127069.873,1332,1,1,0.0106,0.9557,0.0001,0.0143,0.0001,0.0000,0.0191,0.024566,0.010326,0.000178,0.000390,0.001391,-0.036652,0.075049,-0.140996,0.073352,-0.003537,0.010472,-1.501723,0.052614,0.005283,0.036652,-1.504226,0.041368,-0.024435,0.050615,-0.094245,0.013963,0.027922,0.001745,-0.499710,0.026180,-0.006978,0.003491,-0.757493,-0.038397
1772127069.973,1335,1,1,0.0074,0.9755,0.0001,0.0088,0.0000,0.0000,0.0082,0.016932,0.006179,0.000322,0.000240,0.000061,-0.024435,0.054105,-0.087155,0.055397,-0.006844,0.003491,-1.230505,0.029002,0.006844,0.031416,-1.240626,0.022928,-0.012217,0.036652,-0.064984,0.005236,0.020047,0.000000,-0.261941,0.008727,-0.002593,0.003491,-0.497919,-0.038397
1772127070.073,1338,1,1,0.0056,0.9807,0.0001,0.0076,0.0000,0.0000,0.0061,0.011713,0.003994,0.001066,0.001043,0.001037,-0.017453,0.045379,-0.051337,0.041005,0.013418,0.003491,-0.964127,0.007575,-0.013418,0.026180,-0.978121,0.003512,-0.005236,0.027925,-0.048224,0.000000,0.014767,0.000000,-0.177498,0.001745,-0.002550,0.003491,-0.305995,-0.038397
1772127070.174,1341,1,1,0.0030,0.9888,0.0001,0.0045,0.0000,0.0000,0.0035,0.008610,0.002834,0.000324,0.000183,0.000478,-0.010472,0.036652,-0.049965,0.038092,0.000655,0.003491,-0.716595,-0.000865,-0.002401,0.024435,-0.736652,-0.000368,0.000000,0.020944,-0.037186,0.000000,0.009572,0.000000,-0.129293,0.000000,-0.002591,0.003491,-0.186254,-0.038397
1772127070.274,1344,1,1,0.0011,0.9947,0.0001,0.0023,0.0000,0.0000,0.0019,0.007727,0.002389,0.000658,0.000300,0.000818,-0.006981,0.034907,-0.047835,0.036822,0.000053,0.003491,-0.475888,-0.000643,-0.003544,0.017453,-0.494093,-0.000877,-0.001745,0.013963,-0.036154,0.000000,0.009465,0.000000,-0.105282,0.000000,-0.002483,0.005236,-0.132509,-0.038397
1772127070.374,1347,1,1,0.0004,0.9979,0.0001,0.0007,0.0000,0.0000,0.0009,0.007850,0.001077,0.000150,0.000404,0.000462,-0.003491,0.033161,-0.025451,0.040157,0.006922,0.001745,-0.302005,-0.001728,-0.010412,0.012217,-0.315714,-0.008454,-0.001745,0.006981,-0.032111,0.000000,0.002456,0.000000,-0.082644,0.000000,-0.000711,0.003491,-0.086514,-0.038397
1772127070.475,1350,0,0,0.9963,0.0034,0.0000,0.0001,0.0000,0.0000,0.0001,0.007130,0.003378,0.001337,0.000892,0.000580,-0.006981,0.033161,-0.021677,0.042266,0.003156,0.000000,-0.207907,-0.002330,-0.003156,0.006981,-0.218236,-0.007294,-0.001745,0.005236,-0.007903,0.000000,-0.028321,0.000000,-0.175989,0.000000,0.031811,0.003491,-0.095212,-0.038397
1772127070.577,1353,0,0,0.9941,0.0055,0.0000,0.0002,0.0000,0.0000,0.0002,0.006839,0.002626,0.001809,0.001903,0.002711,-0.003491,0.031416,-0.036654,0.039818,0.007346,0.000000,-0.145374,-0.002701,-0.009091,0.003491,-0.157313,-0.007310,-0.001745,0.005236,0.008797,0.000000,-0.010502,0.000000,-0.139228,0.000000,0.013992,0.003491,-0.108681,-0.038397
1772127070.677,1356,0,0,0.9918,0.0077,0.0000,0.0002,0.0000,0.0000,0.0002,0.008839,0.002863,0.001937,0.000896,0.000459,-0.003491,0.029671,-0.020684,0.039756,0.033151,0.000000,-0.098011,-0.006288,-0.033151,0.003491,-0.131491,-0.006630,-0.001745,0.005236,-0.006881,0.000000,0.027372,-0.001745,-0.103385,0.000000,-0.022136,0.001745,-0.103252,-0.038397
1772127070.780,1359,0,0,0.9746,0.0242,0.0002,0.0005,0.0000,0.0000,0.0005,0.008625,0.005573,0.002493,0.001195,0.002405,-0.003491,0.013963,0.006861,0.042392,0.036793,0.000000,-0.081374,-0.008134,-0.036793,0.003491,-0.114912,-0.012240,-0.001745,0.003491,0.018501,0.000000,0.043135,0.000000,-0.074208,0.000000,-0.030917,0.001745,-0.087781,-0.038397
1772127070.880,1362,0,0,0.6212,0.3682,0.0036,0.0022,0.0002,0.0001,0.0045,0.009670,0.021591,0.005037,0.004136,0.003900,-0.001745,0.006981,-0.215505,0.057362,0.048201,0.000000,-0.069141,-0.008589,-0.049946,0.003491,-0.105935,-0.015876,-0.001745,0.003491,0.041279,0.000000,0.042020,0.000000,0.122285,0.000000,-0.022821,0.001745,0.048273,-0.038397
1772127070.981,1365,1,1,0.0004,0.9717,0.0265,0.0000,0.0000,0.0001,0.0013,0.008143,0.089115,0.002042,0.002206,0.001479,-0.001745,0.003491,-0.233103,0.065471,0.027006,0.000000,-0.071103,-0.008518,-0.028752,0.001745,-0.099048,-0.017469,-0.001745,0.003491,0.031751,0.000000,0.117936,-0.001745,0.559222,0.000000,-0.093501,0.001745,0.355237,-0.038397
1772127071.082,1368,1,1,0.0000,0.9920,0.0079,0.0000,0.0000,0.0000,0.0000,0.008183,0.036704,0.000968,0.002235,0.001445,0.000000,0.000000,-0.153921,0.084242,0.012213,0.000000,-0.068804,-0.010236,-0.015704,0.001745,-0.047383,-0.032950,-0.001745,0.000000,0.006135,0.000000,0.014786,0.000000,0.226122,0.000000,0.007904,0.001745,0.183759,-0.038397
1772127071.183,1371,1,1,0.0000,0.9989,0.0011,0.0000,0.0000,0.0000,0.0000,0.009022,0.019087,0.000723,0.001809,0.002268,0.000000,0.000000,-0.060004,0.041501,0.061209,0.000000,0.003814,-0.008236,-0.064700,0.001745,-0.021096,-0.057858,-0.003491,-0.005236,-0.067605,0.000000,0.000335,0.000000,0.113776,0.000000,0.011882,0.001745,0.101306,-0.038397
1772127071.284,1374,1,1,0.0000,0.9996,0.0004,0.0000,0.0000,0.0000,0.0000,0.016921,0.005804,0.002560,0.002210,0.002287,-0.001745,0.000000,0.045626,0.046239,0.072660,0.000000,0.036777,-0.001628,-0.072660,0.001745,-0.003055,-0.057684,-0.001745,-0.012217,-0.156448,0.000000,0.003949,-0.001745,-0.008568,0.000000,0.003032,0.001745,0.060925,-0.038397
1772127071.385,1377,1,1,0.0000,0.9999,0.0001,0.0000,0.0000,0.0000,0.0000,0.021311,0.006198,0.001108,0.000277,0.003249,-0.012217,0.020944,0.044709,0.067380,0.045199,0.000000,0.034036,0.004821,-0.045199,0.001745,0.036895,-0.066998,0.000000,-0.012217,-0.203867,0.000000,0.038289,0.000000,-0.107701,0.000000,-0.029562,0.001745,0.034344,-0.038397
1772127071.485,1380,1,1,0.0000,0.9999,0.0000,0.0000,0.0000,0.0000,0.0000,0.022643,0.003308,0.002353,0.000255,0.003841,-0.012217,0.024435,0.046113,0.087252,0.035104,0.000000,0.028572,0.010023,-0.031614,0.001745,0.038475,-0.078752,0.003491,-0.012217,-0.153012,0.000000,-0.025730,0.000000,-0.089836,0.000000,0.034457,0.001745,-0.005346,-0.038397
1772127071.587,1383,1,1,0.0000,0.9999,0.0000,0.0001,0.0000,0.0000,0.0000,0.036319,0.001479,0.000373,0.000656,0.001635,-0.013963,0.027925,0.080644,0.094638,0.049975,0.000000,0.070138,0.023849,-0.046485,0.001745,0.086915,-0.022215,0.001745,-0.013963,-0.079772,0.000000,-0.007275,0.000000,-0.073748,0.000000,0.014256,0.001745,-0.043611,-0.038397
1772127071.686,1386,1,1,0.0000,0.9999,0.0000,0.0001,0.0000,0.0000,0.0000,0.031319,0.000873,0.000739,0.000509,0.000734,-0.012217,0.026180,0.134859,0.078168,0.049215,0.000000,0.030112,0.012361,-0.047470,0.001745,0.043182,-0.014198,0.003491,-0.024435,-0.061361,0.000000,0.000553,0.000000,-0.072205,0.000000,0.004683,0.001745,-0.039176,-0.038397
1772127071.787,1389,1,1,0.0000,0.9999,0.0000,0.0001,0.0000,0.0000,0.0000,0.036979,0.002485,0.000413,0.000219,0.000821,-0.013963,0.026180,0.204227,0.124273,0.046594,0.000000,0.009647,0.003142,-0.043104,0.001745,0.027943,-0.002305,0.003491,-0.040143,-0.011711,0.000000,-0.022835,0.000000,-0.067833,0.000000,0.024580,0.001745,-0.045477,-0.038397
1772127071.886,1392,1,1,0.0000,0.9999,0.0000,0.0001,0.0000,0.0000,0.0000,0.061027,0.028119,0.000822,0.000812,0.001810,-0.013963,0.026180,0.247178,0.155937,0.049552,0.000000,0.054722,0.008678,-0.047807,0.001745,0.124069,0.064256,0.005236,-0.043633,0.319201,0.000000,-0.007761,0.000000,-0.054871,0.000000,0.011252,0.001745,-0.045740,-0.038397
1772127071.987,1395,1,1,0.0000,0.9997,0.0000,0.0003,0.0000,0.0000,0.0000,0.113376,0.030652,0.000492,0.001769,0.002391,-0.015708,0.029671,0.512005,0.231953,0.095932,0.000000,0.146997,0.003492,-0.094187,0.003491,0.221564,0.115403,0.005236,-0.047124,0.302927,0.000000,0.057920,0.000000,-0.048263,0.000000,-0.054430,0.001745,-0.042337,-0.038397
1772127072.090,1398,1,1,0.0000,0.9991,0.0001,0.0008,0.0000,0.0000,0.0000,0.090226,0.122822,0.001577,0.001877,0.003563,-0.029671,0.054105,0.508884,0.207008,0.070511,0.003491,0.073812,0.000602,-0.063530,0.001745,0.105607,0.056944,-0.003491,-0.043633,0.962235,0.015708,-0.133099,0.000000,0.096309,0.000000,0.134844,0.001745,0.263017,-0.038397
1772127072.189,1401,1,1,0.0000,0.9933,0.0002,0.0063,0.0000,0.0000,0.0001,0.141856,0.187969,0.004180,0.000789,0.003399,-0.034907,0.064577,0.331148,0.203708,-0.003108,0.000000,0.465212,0.072316,0.008344,0.001745,0.454709,0.100509,-0.005236,-0.043633,1.099075,0.027925,0.024142,-0.001745,0.707994,0.000000,-0.024142,0.003491,0.392997,-0.038397
1772127072.289,1404,1,1,0.0000,0.9476,0.0009,0.0510,0.0001,0.0000,0.0004,0.072552,0.136083,0.002276,0.000396,0.003354,-0.036652,0.066323,0.169524,0.184840,-0.054546,-0.005236,0.174475,0.038858,0.066763,0.001745,0.139687,0.028414,-0.005236,-0.045379,1.134055,0.033161,-0.002154,-0.001745,0.305519,0.000000,0.005645,0.003491,0.151126,-0.038397
1772127072.389,1407,1,1,0.0002,0.9505,0.0175,0.0300,0.0001,0.0002,0.0015,0.043514,0.111857,0.000000,0.000000,0.000000,-0.034907,0.078540,0.203619,0.140523,-0.017962,-0.001745,-0.032214,0.019079,0.026689,0.000000,0.048991,0.004728,-0.005236,-0.043633,0.997470,0.040143,-0.012898,0.000000,0.199965,0.000000,0.009407,0.005236,0.090066,-0.038397
1772127072.489,1410,1,1,0.0000,0.8512,0.1439,0.0034,0.0000,0.0001,0.0014,0.059234,0.117505,0.001415,0.000079,0.001312,-0.034907,0.092502,0.241337,0.129667,-0.007987,-0.001745,0.040873,0.125685,0.014968,0.001745,0.032982,0.031049,-0.005236,-0.043633,1.001529,0.043633,-0.007136,0.000000,0.300957,0.000000,0.005391,0.003491,0.055058,-0.038397
1772127072.590,1413,1,1,0.0000,0.5931,0.4056,0.0005,0.0000,0.0001,0.0007,0.042387,0.121248,0.000405,0.001778,0.001023,-0.034907,0.095993,0.084747,0.148711,-0.006192,-0.001745,0.001573,0.064592,0.014919,0.001745,0.017381,0.078979,-0.005236,-0.043633,0.858005,0.045379,-0.020325,0.000000,0.312227,0.000000,0.020325,0.005236,0.213809,-0.038397
1772127072.690,1416,1,1,0.0000,0.5136,0.4853,0.0004,0.0000,0.0000,0.0006,0.039071,0.112932,0.000669,0.000805,0.001347,-0.034907,0.095993,0.070920,0.173254,-0.001297,-0.003491,-0.000477,0.056520,0.006533,0.001745,0.002781,0.061101,-0.005236,-0.041888,0.858298,0.045379,0.047983,0.000000,0.245312,0.000000,-0.047983,0.005236,0.152982,-0.036652
1772127072.790,1419,2,2,0.0000,0.3386,0.6603,0.0005,0.0000,0.0001,0.0006,0.037262,0.102966,0.000477,0.000705,0.001220,-0.034907,0.097738,0.084194,0.172878,0.000210,-0.001745,-0.016558,0.040414,0.001536,0.001745,-0.010385,0.048424,-0.005236,-0.040143,0.881528,0.047124,0.036778,0.000000,0.159014,0.000000,-0.033287,0.005236,0.105917,-0.036652
1772127072.891,1422,2,2,0.0000,0.1818,0.8171,0.0004,0.0000,0.0002,0.0006,0.039132,0.099175,0.000660,0.000348,0.000171,-0.034907,0.099484,0.076466,0.163393,0.002144,-0.001745,-0.014651,0.056191,-0.003890,0.001745,-0.011732,0.070155,-0.008727,-0.040143,0.842762,0.050615,0.043787,0.000000,0.127594,0.000000,-0.040296,0.003491,0.121851,-0.036652
1772127072.991,1425,2,2,0.0001,0.1029,0.8936,0.0005,0.0000,0.0011,0.0018,0.061213,0.101485,0.001063,0.000467,0.001445,-0.034907,0.101229,0.122308,0.155751,-0.025372,0.000000,0.095568,0.102501,0.025372,0.003491,0.049209,0.079133,-0.010472,-0.040143,0.850816,0.059341,0.040344,0.000000,0.126905,0.000000,-0.040344,0.003491,0.136925,-0.036652
1772127073.091,1428,2,2,0.0001,0.0435,0.9490,0.0005,0.0000,0.0045,0.0024,0.099232,0.105224,0.003042,0.000213,0.002655,-0.036652,0.101229,0.257472,0.160686,-0.026829,0.000000,0.184284,0.161442,0.028574,0.001745,0.158335,0.137013,-0.010472,-0.040143,0.853930,0.062832,0.029329,0.000000,0.122699,0.000000,-0.027584,0.003491,0.190410,-0.036652
1772127073.191,1431,2,2,0.0001,0.0132,0.9585,0.0002,0.0000,0.0273,0.0006,0.097644,0.111589,0.002155,0.001153,0.003031,-0.036652,0.101229,0.212347,0.160454,0.009604,-0.001745,0.199577,0.167397,-0.007858,0.001745,0.163951,0.155426,-0.010472,-0.040143,0.844268,0.062832,0.025337,0.000000,0.126924,0.000000,-0.025337,0.003491,0.276216,-0.036652
1772127073.301,1434,2,2,0.0000,0.0037,0.9726,0.0001,0.0000,0.0227,0.0008,0.324822,0.108690,0.001615,0.002279,0.002801,-0.034907,0.101229,0.909417,-0.553269,-0.025288,0.000000,1.428009,-0.570723,0.027034,0.003491,1.428687,-0.518363,-0.010472,-0.040143,0.825423,0.062832,0.013920,0.000000,0.123144,0.000000,-0.013920,0.005236,0.273726,-0.036652
1772127073.400,1437,2,2,0.0000,0.0103,0.9239,0.0004,0.0001,0.0633,0.0019,0.327068,0.104617,0.002637,0.001637,0.003826,-0.036652,0.101229,1.005067,-0.342085,0.065853,0.000000,1.330112,-0.354302,-0.062362,0.001745,1.420804,-0.319395,-0.012217,-0.038397,0.826094,0.069813,0.018337,0.000000,0.069419,0.000000,-0.018337,0.003491,0.268253,-0.036652
1772127073.496,1440,5,5,0.0001,0.0006,0.0164,0.0014,0.0263,0.9545,0.0007,0.264942,0.105772,0.001174,0.001045,0.001599,-0.034907,0.101229,0.855455,-0.186750,-0.014680,-0.003491,1.050614,-0.204204,0.014680,0.001745,1.155579,-0.186750,-0.012217,-0.040143,0.832385,0.075049,0.002357,0.000000,0.083921,0.000000,-0.002357,0.005236,0.270316,-0.036652
1772127073.597,1443,1,1,0.0001,0.4537,0.2237,0.0136,0.1206,0.0011,0.1871,0.232587,0.106222,0.000918,0.001340,0.001109,-0.019199,0.068068,0.785247,-0.076794,-0.008666,0.027925,1.020125,-0.087266,0.013902,0.001745,0.874034,-0.101229,-0.012217,-0.041888,0.827652,0.078540,0.015111,0.000000,0.079643,0.000000,-0.015111,0.005236,0.268478,-0.036652
1772127073.700,1446,1,1,0.0002,0.3514,0.2270,0.0250,0.0844,0.0010,0.3109,0.212077,0.096293,0.002192,0.001055,0.001428,-0.015708,0.059341,0.720170,-0.027925,0.000002,0.057596,0.968486,-0.027925,0.020942,0.010472,0.707910,-0.040143,-0.012217,-0.041888,0.806633,0.078540,0.005148,0.000000,0.074497,0.000000,-0.003403,0.005236,0.185467,-0.036652
1772127073.798,1449,6,6,0.0000,0.0810,0.0534,0.0042,0.0190,0.0002,0.8422,0.208044,0.085642,0.001474,0.001338,0.002454,-0.015708,0.059341,0.713753,-0.001745,0.010685,0.061087,0.936781,0.005236,0.012004,0.015708,0.681930,0.000000,-0.013963,-0.040143,0.744246,0.078540,0.001651,0.000000,0.075501,0.000000,0.001839,0.005236,0.120686,-0.034907
1772127073.898,1452,1,6,0.0001,0.6465,0.0665,0.0426,0.2082,0.0018,0.0342,0.218911,0.079262,0.002140,0.002426,0.004076,-0.017453,0.059341,0.712496,0.006981,0.019598,0.068068,0.945156,0.024435,0.004836,0.020944,0.737157,0.027925,-0.015708,-0.040143,0.769615,0.080285,-0.007613,0.000000,-0.045761,0.000000,0.005868,0.003491,0.091887,-0.033161
1772127073.999,1455,2,1,0.0002,0.2099,0.2525,0.1854,0.2438,0.0538,0.0543,0.228750,0.079015,0.001501,0.002602,0.003671,-0.015708,0.057596,0.655923,0.006981,0.041194,0.069813,1.043923,0.038397,-0.009778,0.024435,0.763110,0.043633,-0.013963,-0.041888,0.849454,0.087266,0.007973,0.000000,-0.041797,0.000000,-0.006228,0.003491,-0.008154,-0.033161
1772127074.100,1458,4,2,0.0002,0.0303,0.3134,0.0770,0.3200,0.2251,0.0340,0.226649,0.104105,0.001737,0.002537,0.005498,-0.015708,0.057596,0.642635,0.006981,0.012484,0.069813,1.026077,0.050615,0.022423,0.024435,0.752627,0.054105,-0.015708,-0.041888,1.141316,0.085521,0.008791,0.000000,-0.099113,0.000000,-0.005300,0.003491,0.010145,-0.031416
1772127074.200,1461,4,4,0.0002,0.0020,0.0803,0.0735,0.4946,0.3462,0.0034,0.207777,0.127557,0.003124,0.002082,0.002666,-0.015708,0.057596,0.615977,0.006981,-0.003927,0.068068,1.015401,0.050615,0.038833,0.024435,0.552589,0.062832,-0.015708,-0.041888,1.376275,0.085521,0.065403,0.000000,-0.391088,0.000000,-0.063657,0.003491,-0.190361,-0.031416
1772127074.302,1464,4,4,0.0003,0.0008,0.0153,0.0634,0.7395,0.1802,0.0005,0.151504,0.126180,0.003360,0.002108,0.004577,-0.017453,0.061087,0.584450,0.010472,-0.001118,0.069813,0.744433,0.059341,0.037770,0.024435,0.152949,0.073304,-0.015708,-0.041888,1.359636,0.087266,0.063768,0.000000,-0.349716,0.000000,-0.062023,0.003491,-0.170469,-0.029671
1772127074.402,1467,4,4,0.0001,0.0055,0.1085,0.0066,0.7492,0.1289,0.0011,0.093054,0.132923,0.001157,0.001573,0.001532,-0.015708,0.061087,0.436504,0.012217,-0.008036,0.071558,0.314320,0.068068,0.046433,0.024435,-0.286341,0.082030,-0.013963,-0.041888,1.418625,0.087266,0.085692,0.000000,-0.349348,0.000000,-0.083946,0.003491,-0.205303,-0.027925
1772127074.502,1470,4,4,0.0003,0.0075,0.1918,0.0024,0.7151,0.0817,0.0012,0.093803,0.132986,0.001312,0.002834,0.003995,-0.017453,0.061087,0.401217,0.012217,0.022982,0.071558,0.357899,0.075049,0.015415,0.024435,-0.226765,0.083776,-0.013963,-0.048869,1.400585,0.087266,0.104487,0.000000,-0.374210,0.000000,-0.102742,0.003491,-0.200879,-0.027925
1772127074.602,1473,4,4,0.0000,0.0013,0.0223,0.0015,0.9646,0.0099,0.0003,0.089662,0.131807,0.007383,0.003195,0.007426,-0.017453,0.062832,0.409508,0.012217,0.042676,0.071558,0.290405,0.078540,-0.004279,0.024435,-0.264827,0.083776,-0.013963,-0.054105,1.380757,0.092502,0.103183,0.000000,-0.364731,0.000000,-0.101438,0.005236,-0.199980,-0.026180
1772127074.705,1476,4,4,0.0000,0.0003,0.0053,0.0015,0.9900,0.0025,0.0003,0.285950,0.131352,0.000920,0.002994,0.002811,-0.017453,0.066323,-0.250637,0.818701,-0.009567,0.071558,-0.018587,1.291453,0.044473,0.024435,-0.469184,1.114461,-0.012217,-0.055851,1.373119,0.094248,0.105367,0.000000,-0.348133,0.000000,-0.103622,0.003491,-0.186770,-0.026180
1772127074.804,1479,4,4,0.0000,0.0006,0.0030,0.0048,0.9885,0.0021,0.0009,0.270266,0.132150,0.001742,0.001588,0.001640,-0.017453,0.069813,-0.197151,0.810080,0.014835,0.071558,-0.063331,1.222241,0.014836,0.024435,-0.580870,1.015395,-0.012217,-0.054105,1.381388,0.094248,0.104928,0.000000,-0.347192,0.000000,-0.103183,0.005236,-0.186528,-0.024435
1772127074.904,1482,4,4,0.0003,0.0031,0.0043,0.0258,0.9574,0.0058,0.0034,0.280800,0.128662,0.001186,0.002149,0.002363,-0.015708,0.075049,-0.188048,0.820238,0.028697,0.071558,-0.061476,1.266438,-0.004263,0.024435,-0.529692,1.083187,-0.012217,-0.052360,1.340754,0.095993,0.101962,0.000000,-0.347134,0.000000,-0.100217,0.005236,-0.185351,-0.024435
1772127075.005,1485,4,4,0.0011,0.0126,0.0103,0.1016,0.8254,0.0397,0.0093,0.273586,0.127216,0.003564,0.003355,0.001975,-0.017453,0.076794,-0.186185,0.822185,0.009150,0.071558,-0.099145,1.241848,0.008303,0.024435,-0.617056,1.028761,-0.013963,-0.050615,1.338681,0.097738,0.083197,0.000000,-0.329651,0.000000,-0.079706,0.006981,-0.186678,-0.024435
1772127075.108,1488,5,5,0.0000,0.0006,0.0075,0.0008,0.0077,0.9823,0.0011,0.300907,0.125442,0.020503,0.004637,0.020514,-0.017453,0.076794,-0.148193,0.826359,0.094808,0.073304,-0.100536,1.256645,-0.079100,0.024435,-0.409304,1.258539,-0.019199,-0.048869,1.339779,0.095993,0.062547,0.000000,-0.305029,0.000000,-0.060802,0.006981,-0.190506,-0.022689
1772127075.207,1491,5,5,0.0000,0.0001,0.0052,0.0001,0.0021,0.9925,0.0001,0.301948,0.131480,0.008989,0.005498,0.015877,-0.017453,0.076794,-0.121202,0.811886,0.102461,0.083776,-0.059269,1.308623,-0.086754,0.026180,-0.446552,1.213661,-0.022689,-0.047124,1.412724,0.095993,0.063804,0.000000,-0.307345,0.000000,-0.062058,0.005236,-0.203947,-0.020944
1772127075.308,1494,5,5,0.0000,0.0000,0.0028,0.0001,0.0010,0.9961,0.0000,0.279475,0.130122,0.000908,0.002382,0.002586,-0.015708,0.075049,-0.152259,0.788610,0.053792,0.102974,-0.077758,1.253972,-0.036338,0.038397,-0.658150,1.040904,-0.031416,-0.047124,1.386631,0.095993,0.071859,0.000000,-0.322535,0.000000,-0.070113,0.006981,-0.235273,-0.020944
1772127075.412,1497,5,5,0.0000,0.0000,0.0015,0.0001,0.0010,0.9974,0.0000,0.269850,0.126908,0.004139,0.003449,0.004436,-0.013963,0.073304,-0.267663,0.784760,0.025804,0.144862,-0.199749,1.121649,-0.001369,0.080285,-0.675563,1.007534,-0.031416,-0.047124,1.348019,0.095993,0.073644,0.000000,-0.443179,0.000000,-0.071899,0.005236,-0.325136,-0.020944
1772127075.509,1500,5,5,0.0000,0.0000,0.0015,0.0000,0.0008,0.9976,0.0000,0.266397,0.130528,0.004774,0.001538,0.005864,-0.006981,0.054105,-0.381262,0.796681,-0.030556,0.186750,-0.380034,0.955591,0.089897,0.125664,-0.714217,0.988075,-0.031416,-0.045379,1.367279,0.095993,0.096087,0.000000,-0.506888,0.000000,-0.094342,0.006981,-0.417209,-0.019199
1772127075.612,1503,5,5,0.0000,0.0000,0.0010,0.0001,0.0009,0.9979,0.0000,0.239895,0.132364,0.002861,0.001310,0.003819,-0.006981,0.045379,0.428234,0.024435,0.082178,0.212930,1.189158,0.102974,0.020797,0.153589,0.456751,0.162316,-0.031416,-0.041888,1.424340,0.106465,0.050581,0.000000,-0.532287,0.000000,-0.048836,0.006981,-0.461753,-0.019199
1772127075.708,1506,5,5,0.0000,0.0000,0.0008,0.0001,0.0010,0.9982,0.0000,0.230768,0.129974,0.003897,0.001118,0.005149,-0.006981,0.057596,0.379633,0.027925,0.124221,0.219911,1.120395,0.104720,0.001443,0.158825,0.398268,0.176278,-0.017453,-0.036652,1.314311,0.095993,0.069103,0.054105,-0.487355,0.019199,-0.058631,0.006981,-0.464950,-0.015708
1772127075.808,1509,5,5,0.0000,0.0000,0.0007,0.0001,0.0016,0.9976,0.0000,0.265791,0.131495,0.002077,0.002893,0.003841,-0.006981,0.057596,0.334461,0.027925,0.082739,0.219911,1.398690,0.108210,0.042924,0.155334,0.587166,0.174533,-0.022689,-0.033161,1.290232,0.097738,0.078271,0.087266,-0.474972,0.020944,-0.071290,0.003491,-0.471959,-0.013963
1772127075.908,1512,5,5,0.0000,0.0000,0.0011,0.0001,0.0031,0.9957,0.0000,0.282061,0.130737,0.001293,0.000491,0.003007,-0.006981,0.059341,0.327754,0.029671,0.124296,0.218166,1.450643,0.108210,-0.000377,0.153589,0.738529,0.174533,-0.022689,-0.024435,1.267399,0.099484,0.076293,0.099484,-0.443369,0.020944,-0.069312,0.005236,-0.474342,-0.012217
1772127076.010,1515,5,5,0.0000,0.0000,0.0016,0.0003,0.0072,0.9909,0.0000,0.280936,0.129046,0.001327,0.000932,0.001664,-0.003491,0.066323,0.333261,0.041888,0.153161,0.214676,1.422449,0.108210,-0.029243,0.151844,0.703146,0.176278,-0.022689,-0.012217,1.252532,0.099484,0.070870,0.097738,-0.427951,0.020944,-0.069124,0.006981,-0.467128,-0.012217
1772127076.111,1518,5,5,0.0000,0.0000,0.0018,0.0006,0.0167,0.9808,0.0000,0.270285,0.128259,0.001335,0.001775,0.002967,-0.003491,0.082030,0.287431,0.062832,0.132548,0.204204,1.368485,0.109956,-0.012120,0.143117,0.678284,0.174533,-0.022689,-0.005236,1.240765,0.099484,0.073191,0.097738,-0.430136,0.020944,-0.071446,0.006981,-0.463183,-0.010472
1772127076.212,1521,5,5,0.0001,0.0000,0.0020,0.0009,0.0271,0.9699,0.0000,0.253268,0.129710,0.000968,0.001721,0.002153,-0.003491,0.099484,0.267290,0.087266,0.136540,0.191986,1.206495,0.109956,-0.017858,0.132645,0.631280,0.176278,-0.022689,0.000000,1.235255,0.099484,0.097861,0.097738,-0.430260,0.020944,-0.096116,0.005236,-0.430911,-0.008727
1772127076.313,1524,5,5,0.0001,0.0000,0.0028,0.0018,0.0535,0.9416,0.0000,0.249236,0.129738,0.000824,0.001556,0.002368,-0.003491,0.108210,0.257356,0.102974,0.134538,0.190241,1.197721,0.109956,-0.015855,0.127409,0.587898,0.174533,-0.022689,0.003491,1.224360,0.099484,0.103857,0.097738,-0.442987,0.020944,-0.102111,0.006981,-0.431775,-0.008727
1772127076.413,1527,5,5,0.0004,0.0001,0.0044,0.0072,0.1505,0.8373,0.0001,0.246131,0.129919,0.000346,0.001715,0.002603,-0.001745,0.118682,0.257416,0.118682,0.134632,0.190241,1.174175,0.109956,-0.017695,0.120428,0.556578,0.172788,-0.022689,0.008727,1.225131,0.097738,0.103512,0.095993,-0.451309,0.020944,-0.101766,0.006981,-0.432155,-0.006981
1772127076.513,1530,5,5,0.0008,0.0002,0.0080,0.0352,0.4386,0.5169,0.0002,0.244801,0.130881,0.000526,0.000394,0.000758,0.000000,0.125664,0.248524,0.127409,0.138544,0.190241,1.159940,0.109956,-0.023352,0.113446,0.556343,0.167552,-0.022689,0.012217,1.231685,0.099484,0.103263,0.095993,-0.444172,0.020944,-0.101517,0.006981,-0.420605,-0.005236
1772127076.614,1533,4,4,0.0007,0.0002,0.0067,0.0635,0.7307,0.1978,0.0003,0.243018,0.129822,0.003308,0.004809,0.006398,0.000000,0.129154,0.251263,0.134390,0.139980,0.190241,1.134363,0.109956,-0.026534,0.109956,0.552846,0.164061,-0.022689,0.012217,1.216816,0.097738,0.107168,0.095993,-0.436800,0.020944,-0.105423,0.006981,-0.410137,-0.005236
1772127076.715,1536,4,4,0.0003,0.0003,0.0046,0.0848,0.8514,0.0583,0.0004,0.245670,0.127644,0.005164,0.009987,0.010788,0.000000,0.134390,0.225570,0.137881,0.145175,0.188496,1.166646,0.109956,-0.031729,0.106465,0.571148,0.162316,-0.022689,0.027925,1.173734,0.097738,0.108408,0.095993,-0.381840,0.020944,-0.106663,0.006981,-0.399225,-0.005236
1772127076.814,1539,4,4,0.0001,0.0007,0.0014,0.0491,0.9445,0.0040,0.0002,0.260833,0.123095,0.002575,0.009040,0.006506,0.001745,0.148353,0.237556,0.141372,0.133162,0.178024,1.216156,0.109956,-0.019715,0.101229,0.708852,0.153589,-0.022689,0.054105,1.077388,0.099484,0.127478,0.094248,-0.311442,0.017453,-0.125733,0.006981,-0.283754,-0.005236
1772127076.914,1542,4,4,0.0000,0.0013,0.0013,0.0188,0.9775,0.0010,0.0001,0.262019,0.130029,0.001860,0.004192,0.007284,0.003491,0.181514,0.292421,0.157080,0.138443,0.164061,1.218145,0.109956,-0.026742,0.094248,0.669673,0.115192,-0.020944,0.092502,1.133389,0.106465,0.128511,0.082030,-0.344622,0.012217,-0.126766,0.005236,-0.296988,-0.005236
1772127077.014,1545,4,4,0.0000,0.0010,0.0013,0.0200,0.9761,0.0014,0.0001,0.258696,0.134571,0.001943,0.004056,0.002082,0.008727,0.223402,0.296417,0.171042,0.139244,0.143117,1.178016,0.109956,-0.031033,0.094248,0.668627,0.071558,-0.022689,0.139626,1.170287,0.122173,0.109464,0.059341,-0.334686,0.006981,-0.107719,0.006981,-0.285409,-0.005236
1772127077.114,1548,4,4,0.0000,0.0010,0.0015,0.0155,0.9807,0.0012,0.0001,0.240106,0.138984,0.001443,0.004856,0.004526,0.010472,0.265290,0.330137,0.179769,0.134670,0.122173,0.985609,0.109956,-0.026459,0.094248,0.621029,0.027925,-0.022689,0.200713,1.160180,0.146608,0.111434,0.038397,-0.241750,0.005236,-0.107944,0.005236,-0.141448,-0.005236
1772127077.215,1551,4,4,0.0000,0.0045,0.0050,0.0159,0.9738,0.0005,0.0003,0.244952,0.138332,0.001047,0.002388,0.003426,0.012217,0.317650,0.383083,0.185005,0.142452,0.092502,0.970697,0.109956,-0.034242,0.094248,0.619397,0.012217,-0.019199,0.239110,1.123865,0.165806,0.096292,0.022689,-0.246093,0.005236,-0.092802,0.006981,-0.214138,-0.005236
1772127077.318,1554,4,4,0.0000,0.0065,0.0105,0.0127,0.9693,0.0004,0.0006,0.211955,0.141519,0.001967,0.001399,0.001331,0.015708,0.366519,0.359898,0.198968,0.083240,0.078540,0.871798,0.099484,0.000536,0.083776,0.376263,0.008727,-0.012217,0.249582,1.141534,0.188496,0.094178,0.013963,-0.247502,0.005236,-0.088942,0.005236,-0.217626,-0.005236
1772127077.416,1557,4,4,0.0000,0.0046,0.0081,0.0098,0.9767,0.0003,0.0004,0.209175,0.138148,0.000548,0.001465,0.000821,0.020944,0.403171,0.293130,0.207694,0.033379,0.073304,0.872702,0.090757,0.032944,0.075049,0.400039,0.006981,-0.008727,0.253073,1.143957,0.197222,0.049563,0.005236,-0.235807,0.005236,-0.047818,0.003491,-0.215211,-0.005236
1772127077.515,1560,4,4,0.0000,0.0023,0.0058,0.0070,0.9846,0.0002,0.0001,0.193422,0.141355,0.000845,0.001723,0.001972,0.024435,0.404916,0.292188,0.211185,0.003688,0.071558,0.793894,0.085521,0.046927,0.073304,0.309958,0.003491,-0.006981,0.260054,1.173704,0.197222,0.053060,0.001745,-0.241755,0.005236,-0.051315,0.005236,-0.199084,-0.005236
1772127077.616,1563,4,4,0.0000,0.0012,0.0040,0.0039,0.9907,0.0001,0.0001,0.193135,0.143877,0.001549,0.003536,0.005008,0.029671,0.404916,0.305244,0.211185,-0.000864,0.068068,0.776105,0.080285,0.047988,0.071558,0.319108,0.003491,-0.006981,0.261799,1.179520,0.197222,0.077513,0.000000,-0.188411,0.005236,-0.075767,0.005236,-0.059363,-0.005236
1772127077.716,1566,4,4,0.0000,0.0006,0.0041,0.0021,0.9930,0.0001,0.0001,0.204043,0.153885,0.000480,0.002022,0.003150,0.029671,0.404916,0.332977,0.211185,-0.004290,0.066323,0.812128,0.078540,0.046178,0.069813,0.393290,0.003491,-0.008727,0.263545,1.261394,0.200713,0.080371,0.000000,0.031865,0.005236,-0.078626,0.003491,-0.009304,-0.005236
1772127077.816,1569,4,4,0.0000,0.0007,0.0023,0.0020,0.9949,0.0001,0.0001,0.229441,0.147062,0.001150,0.001535,0.001093,0.029671,0.403171,0.348443,0.211185,0.021807,0.066323,1.012232,0.076794,0.018336,0.069813,0.492029,0.003491,-0.008727,0.298451,1.194870,0.205949,0.053612,-0.001745,0.001395,0.005236,-0.051867,0.005236,-0.025610,-0.005236
1772127077.916,1572,4,4,0.0000,0.0007,0.0011,0.0019,0.9962,0.0001,0.0000,0.238463,0.138527,0.000491,0.002518,0.004768,0.029671,0.401426,0.377300,0.209440,0.047412,0.066323,1.032212,0.076794,-0.007269,0.069813,0.547680,0.003491,-0.001745,0.300197,1.130474,0.205949,0.008063,0.000000,0.007172,0.005236,-0.006317,0.005236,-0.092783,-0.005236
1772127078.019,1575,4,4,0.0000,0.0011,0.0010,0.0019,0.9959,0.0001,0.0001,0.238243,0.136555,0.004960,0.002409,0.006737,0.029671,0.399680,0.373433,0.209440,0.065214,0.066323,1.028503,0.076794,-0.023326,0.069813,0.536551,0.003491,0.000000,0.298451,1.057011,0.204204,0.063295,0.000000,0.005226,0.005236,-0.061550,0.005236,-0.109717,-0.005236
1772127078.117,1578,4,4,0.0000,0.0017,0.0013,0.0020,0.9947,0.0001,0.0001,0.232537,0.141982,0.005786,0.002141,0.007984,0.027925,0.396190,0.312511,0.209440,0.062845,0.066323,1.031199,0.078540,-0.019212,0.069813,0.532171,0.003491,0.000000,0.296706,1.092014,0.204204,0.074433,0.000000,0.027699,0.005236,-0.072688,0.003491,-0.169136,-0.005236
1772127078.218,1581,4,4,0.0000,0.0018,0.0013,0.0020,0.9947,0.0001,0.0001,0.208922,0.139536,0.002138,0.000635,0.001560,0.029671,0.392699,0.031327,0.207694,0.020725,0.068068,1.042837,0.078540,0.024654,0.071558,0.535801,0.003491,0.001745,0.294961,1.073186,0.204204,0.062462,0.000000,0.029143,0.005236,-0.060717,0.003491,-0.239235,-0.005236
1772127078.319,1584,4,4,0.0000,0.0027,0.0016,0.0024,0.9931,0.0001,0.0001,0.212682,0.133857,0.002155,0.000533,0.002824,0.027925,0.389208,0.066988,0.204204,0.004576,0.069813,1.056110,0.078540,0.040802,0.071558,0.538968,0.003491,0.001745,0.263545,1.011628,0.198968,0.064212,0.000000,0.057459,0.005236,-0.062467,0.003491,-0.148908,-0.005236
1772127078.422,1587,4,4,0.0000,0.0043,0.0016,0.0028,0.9908,0.0003,0.0002,0.241338,0.125390,0.007534,0.000791,0.007709,0.027925,0.387463,0.395657,0.193732,0.098113,0.071558,1.056912,0.078540,-0.052734,0.071558,0.511110,0.003491,0.001745,0.212930,0.938942,0.181514,0.081454,0.015708,0.058426,0.010472,-0.077963,0.003491,-0.105591,-0.005236
1772127078.518,1590,4,4,0.0000,0.0049,0.0016,0.0035,0.9891,0.0005,0.0003,0.235810,0.124984,0.006198,0.001452,0.006069,0.027925,0.385718,0.333481,0.193732,0.093248,0.071558,1.061571,0.078540,-0.047870,0.071558,0.508899,0.003491,0.001745,0.202458,0.920159,0.179769,0.084480,0.026180,0.071060,0.010472,-0.077499,0.003491,-0.050334,-0.005236
1772127078.619,1593,4,4,0.0000,0.0053,0.0018,0.0044,0.9876,0.0006,0.0003,0.238039,0.124288,0.001987,0.000989,0.002437,0.027925,0.385718,0.323644,0.193732,0.051166,0.069813,1.119579,0.078540,-0.005787,0.071558,0.531304,0.003491,0.001745,0.193732,0.896941,0.179769,0.095089,0.036652,0.073560,0.010472,-0.086363,0.003491,-0.059353,-0.005236
1772127078.719,1596,4,4,0.0001,0.0052,0.0019,0.0053,0.9866,0.0007,0.0003,0.236813,0.123727,0.001441,0.001878,0.002936,0.027925,0.385718,0.300320,0.193732,0.014838,0.071558,1.123578,0.078540,0.030540,0.071558,0.539957,0.003491,0.001745,0.188496,0.891109,0.179769,0.117202,0.041888,0.050557,0.010472,-0.108475,0.003491,-0.053847,-0.005236
1772127078.820,1599,4,4,0.0001,0.0054,0.0022,0.0063,0.9847,0.0010,0.0003,0.235049,0.119434,0.000813,0.000864,0.000741,0.027925,0.385718,0.275218,0.193732,0.017130,0.069813,1.122352,0.078540,0.028249,0.071558,0.546857,0.003491,0.001745,0.185005,0.886894,0.179769,0.116965,0.048869,-0.047503,0.010472,-0.108239,0.003491,-0.054892,-0.005236
1772127078.920,1602,4,4,0.0001,0.0057,0.0031,0.0090,0.9804,0.0014,0.0004,0.232542,0.120291,0.000308,0.001290,0.003258,0.027925,0.385718,0.249920,0.193732,0.019880,0.071558,1.102153,0.078540,0.025499,0.071558,0.560526,0.003491,0.001745,0.183260,0.886380,0.179769,0.126015,0.050615,-0.095793,0.010472,-0.117288,0.005236,-0.056163,-0.005236
1772127079.020,1605,4,4,0.0001,0.0099,0.0208,0.0065,0.9548,0.0071,0.0007,0.081385,0.118288,0.007280,0.001788,0.007207,0.027925,0.385718,-0.345779,0.193732,-0.045600,0.071558,0.053116,0.078540,0.090978,0.071558,-0.571552,0.003491,0.001745,0.179769,0.850415,0.179769,0.134452,0.059341,-0.095619,0.010472,-0.125726,0.003491,-0.011665,-0.005236
1772127079.120,1608,4,4,0.0000,0.0023,0.1163,0.0022,0.8684,0.0106,0.0001,0.080759,0.162936,0.002197,0.001499,0.001842,0.027925,0.385718,-0.278266,0.193732,-0.092952,0.069813,-0.414745,0.078540,0.138331,0.071558,-0.507350,0.003491,0.003491,0.167552,0.798410,0.179769,0.097349,0.078540,0.289700,0.010472,-0.088623,0.003491,0.326465,-0.005236
1772127079.221,1611,4,4,0.0000,0.0005,0.0264,0.0003,0.9706,0.0022,0.0000,0.077797,0.141624,0.003084,0.000854,0.002943,0.027925,0.387463,-0.183068,0.193732,0.101043,0.069813,-0.890013,0.078540,-0.055665,0.071558,-0.854779,0.003491,0.003491,0.158825,0.671907,0.179769,0.099744,0.092502,0.226167,0.010472,-0.091017,0.003491,0.253121,-0.005236
1772127079.323,1614,4,4,0.0000,0.0008,0.0538,0.0003,0.9382,0.0068,0.0001,0.079011,0.129747,0.001312,0.001110,0.000750,0.027925,0.387463,-0.183149,0.193732,0.115604,0.069813,-0.948574,0.078540,-0.070226,0.071558,-0.996384,0.003491,0.003491,0.155334,0.604854,0.178024,0.062801,0.095993,0.247203,0.010472,-0.054074,0.003491,0.195298,-0.005236
1772127079.424,1617,4,4,0.0005,0.0028,0.1055,0.0012,0.7496,0.1390,0.0015,0.078297,0.110667,0.001423,0.000601,0.003575,0.027925,0.387463,-0.135507,0.193732,0.107047,0.069813,-1.390134,0.078540,-0.061668,0.071558,-1.365706,0.003491,0.005236,0.153589,0.689393,0.178024,0.063397,0.095993,0.120886,0.010472,-0.054670,0.003491,0.007520,-0.005236
1772127079.526,1620,5,5,0.0004,0.0003,0.0123,0.0001,0.0088,0.9766,0.0015,0.077071,0.102911,0.000765,0.000757,0.000237,0.027925,0.389208,-0.264126,0.193732,0.090580,0.069813,-1.558237,0.078540,-0.045202,0.071558,-1.655844,0.003491,0.003491,0.155334,0.692670,0.178024,0.059873,0.094248,0.031330,0.010472,-0.051147,0.003491,0.005996,-0.005236
1772127079.626,1623,5,5,0.0002,0.0001,0.0023,0.0000,0.0012,0.9953,0.0008,0.074581,0.104250,0.000490,0.000441,0.000725,0.029671,0.392699,-0.340478,0.183260,0.065939,0.069813,-1.707221,0.078540,-0.020560,0.071558,-1.839256,0.003491,0.003491,0.155334,0.666771,0.178024,0.064798,0.092502,0.047745,0.010472,-0.056071,0.003491,0.028372,-0.005236
1772127079.726,1626,5,5,0.0001,0.0000,0.0008,0.0000,0.0004,0.9983,0.0004,0.072792,0.106609,0.002445,0.000358,0.002671,0.031416,0.404916,-0.282371,0.165806,0.047967,0.069813,-1.779292,0.078540,-0.002589,0.071558,-1.956900,0.003491,0.003491,0.155334,0.662171,0.178024,0.031754,0.092502,0.055676,0.010472,-0.024772,0.003491,0.086391,-0.005236
1772127079.827,1629,5,5,0.0000,0.0000,0.0004,0.0000,0.0003,0.9990,0.0002,0.072998,0.110328,0.003004,0.000426,0.002789,0.029671,0.404916,-0.170069,0.164061,0.053924,0.069813,-1.789022,0.078540,-0.008546,0.071558,-1.965409,0.003491,0.003491,0.155334,0.665730,0.178024,0.019180,0.090757,0.073653,0.010472,-0.012199,0.003491,0.123803,-0.005236
1772127079.927,1632,5,5,0.0000,0.0000,0.0003,0.0000,0.0002,0.9992,0.0002,0.074380,0.110495,0.001134,0.000081,0.003000,0.031416,0.404916,-0.144971,0.164061,0.068770,0.069813,-1.819842,0.078540,-0.023391,0.071558,-1.990729,0.003491,0.003491,0.155334,0.673324,0.178024,0.019935,0.087266,0.068565,0.010472,-0.011208,0.003491,0.126040,-0.005236
1772127080.030,1635,5,5,0.0001,0.0000,0.0003,0.0000,0.0003,0.9992,0.0002,0.074042,0.107920,0.001327,0.000275,0.001024,0.038397,0.404916,-0.133407,0.164061,0.057726,0.069813,-1.826390,0.078540,-0.012347,0.071558,-1.998148,0.003491,0.003491,0.157080,0.675733,0.178024,0.008392,0.085521,0.047053,0.010472,-0.001411,0.005236,0.124044,-0.005236
1772127080.128,1638,5,5,0.0001,0.0000,0.0004,0.0000,0.0004,0.9988,0.0003,0.074340,0.107697,0.000201,0.000240,0.001007,0.048869,0.404916,-0.062379,0.164061,0.054320,0.069813,-1.812671,0.076794,-0.008941,0.071558,-1.997365,0.001745,0.003491,0.157080,0.680063,0.176278,-0.001476,0.082030,0.044205,0.010472,0.008458,0.003491,0.126800,-0.005236
1772127080.228,1641,5,5,0.0043,0.0053,0.0775,0.0009,0.0299,0.8749,0.0072,0.075119,0.105981,0.000950,0.000473,0.001490,0.057596,0.404916,-0.056938,0.164061,0.056688,0.068068,-1.779397,0.076794,-0.011309,0.071558,-1.995573,0.001745,0.003491,0.158825,0.670114,0.176278,-0.013520,0.080285,0.031883,0.010472,0.020501,0.005236,0.114683,-0.005236
1772127080.334,1644,5,5,0.0013,0.0003,0.0024,0.0002,0.0042,0.9894,0.0022,0.075621,0.099234,0.000538,0.000119,0.001973,0.061087,0.404916,-0.067052,0.164061,0.057474,0.069813,-1.780432,0.076794,-0.012095,0.071558,-1.993885,0.001745,0.003491,0.158825,0.670628,0.176278,-0.005233,0.078540,0.011779,0.010472,0.012214,0.003491,0.065093,-0.005236
1772127080.431,1647,5,5,0.0004,0.0001,0.0005,0.0001,0.0012,0.9972,0.0006,0.074904,0.100070,0.000992,0.000361,0.001428,0.062832,0.404916,-0.140219,0.165806,0.038745,0.069813,-1.706530,0.076794,0.006634,0.071558,-1.981939,0.001745,0.001745,0.158825,0.665627,0.178024,-0.006070,0.078540,0.009602,0.010472,0.013051,0.003491,0.081457,-0.005236
1772127080.530,1650,5,5,0.0011,0.0002,0.0011,0.0002,0.0028,0.9923,0.0024,0.074758,0.103812,0.001718,0.000366,0.001969,0.062832,0.404916,-0.157578,0.165806,0.045177,0.069813,-1.710084,0.076794,0.000202,0.069813,-1.954047,0.001745,0.001745,0.162316,0.657752,0.176278,0.011529,0.075049,0.027881,0.010472,-0.004548,0.003491,0.119235,-0.005236
1772127080.627,1653,5,5,0.0016,0.0003,0.0022,0.0002,0.0041,0.9835,0.0080,0.075049,0.104861,0.002608,0.000609,0.001505,0.062832,0.404916,-0.174608,0.167552,0.043767,0.069813,-1.710442,0.076794,0.001611,0.071558,-1.935762,0.001745,0.001745,0.162316,0.651960,0.176278,0.011072,0.075049,0.044155,0.010472,-0.004091,0.003491,0.121791,-0.005236
1772127080.729,1656,5,5,0.0222,0.0130,0.0275,0.0068,0.0292,0.7240,0.1773,0.075369,0.111217,0.002562,0.001256,0.005216,0.062832,0.404916,-0.389155,0.167552,0.049213,0.069813,-1.709218,0.076794,-0.003834,0.071558,-1.938485,0.001745,0.003491,0.164061,0.736870,0.176278,0.101639,0.071558,0.032354,0.010472,-0.094658,0.003491,0.034389,-0.005236
1772127080.828,1659,5,5,0.0051,0.0063,0.0294,0.0024,0.0121,0.8439,0.1009,0.074904,0.102533,0.002715,0.002655,0.002157,0.062832,0.403171,-0.403569,0.167552,0.033451,0.069813,-1.785570,0.076794,0.011927,0.071558,-1.981437,0.001745,0.001745,0.164061,0.747367,0.176278,0.055428,0.071558,-0.373501,0.010472,-0.048447,0.003491,-0.234490,-0.005236
1772127080.930,1662,5,5,0.0168,0.0101,0.0348,0.0051,0.0205,0.7339,0.1789,0.074758,0.106889,0.001198,0.001218,0.002517,0.062832,0.401426,-0.393618,0.167552,0.031517,0.069813,-1.769956,0.076794,0.013861,0.071558,-1.977188,0.001745,0.001745,0.164061,0.763058,0.176278,0.092003,0.071558,-0.290474,0.010472,-0.085022,0.003491,-0.194220,-0.005236
1772127081.032,1665,5,5,0.0287,0.0120,0.0294,0.0091,0.0441,0.6658,0.2109,0.074467,0.126534,0.000537,0.001486,0.004203,0.061087,0.399680,-0.427666,0.167552,0.036239,0.069813,-1.754412,0.076794,0.009139,0.071558,-1.973088,0.001745,0.001745,0.164061,0.752513,0.176278,0.125644,0.071558,0.064791,0.010472,-0.116917,0.003491,0.147856,-0.005236
1772127081.129,1668,5,5,0.0301,0.0105,0.0235,0.0121,0.0768,0.6890,0.1580,0.074467,0.115725,0.000280,0.001000,0.000893,0.061087,0.399680,-0.453086,0.164061,0.037604,0.071558,-1.751884,0.078540,0.007774,0.071558,-1.972793,0.001745,0.001745,0.164061,0.744634,0.176278,0.120112,0.071558,0.011856,0.012217,-0.111385,0.003491,0.082742,-0.005236
1772127081.229,1671,5,5,0.0537,0.0114,0.0276,0.0170,0.1003,0.6351,0.1550,0.074322,0.110600,0.000779,0.000542,0.001383,0.059341,0.396190,-0.447200,0.162316,0.040392,0.069813,-1.762617,0.078540,0.008478,0.073304,-1.977861,0.003491,0.001745,0.164061,0.721814,0.176278,0.101967,0.073304,0.004257,0.012217,-0.093240,0.003491,0.068071,-0.005236
1772127081.329,1674,5,5,0.1235,0.0147,0.0322,0.0196,0.0969,0.5053,0.2077,0.074322,0.112474,0.000127,0.000198,0.000682,0.059341,0.396190,-0.449448,0.162316,0.017671,0.071558,-1.759702,0.078540,0.031198,0.073304,-1.975391,0.001745,0.001745,0.164061,0.688362,0.176278,0.081708,0.071558,0.067555,0.012217,-0.072982,0.003491,0.082707,-0.005236
1772127081.430,1677,6,5,0.1973,0.0190,0.0287,0.0228,0.1194,0.2913,0.3216,0.074467,0.115047,0.000227,0.001010,0.001423,0.059341,0.396190,-0.429647,0.162316,0.020760,0.071558,-1.761560,0.078540,0.029855,0.073304,-1.980346,0.001745,0.001745,0.164061,0.671247,0.176278,0.064163,0.071558,0.107399,0.012217,-0.055436,0.003491,0.108407,-0.005236
1772127081.533,1680,4,4,0.0004,0.0010,0.0022,0.0019,0.9639,0.0135,0.0171,0.074322,0.114323,0.001198,0.001002,0.001313,0.059341,0.396190,-0.349057,0.162316,0.034861,0.071558,-1.754517,0.078540,0.014008,0.073304,-1.975809,0.001745,0.001745,0.164061,0.664938,0.176278,0.058056,0.071558,0.104925,0.012217,-0.049329,0.003491,0.114605,-0.005236
1772127081.631,1683,4,4,0.0000,0.0003,0.0010,0.0007,0.9925,0.0025,0.0029,0.074322,0.117393,0.000451,0.000513,0.000601,0.059341,0.396190,-0.326462,0.162316,0.040670,0.071558,-1.752153,0.078540,0.008199,0.073304,-1.979403,0.001745,0.001745,0.164061,0.646216,0.176278,0.040107,0.073304,0.129119,0.012217,-0.031380,0.003491,0.162179,-0.005236
1772127081.731,1686,4,4,0.0000,0.0002,0.0007,0.0006,0.9956,0.0014,0.0014,0.074322,0.106308,0.000575,0.000552,0.002167,0.059341,0.396190,-0.344680,0.162316,0.036630,0.071558,-1.750292,0.078540,0.012239,0.073304,-1.979575,0.001745,0.001745,0.164061,0.637592,0.176278,0.040847,0.073304,0.012846,0.012217,-0.032120,0.003491,0.153310,-0.005236
1772127081.832,1689,4,4,0.0001,0.0005,0.0011,0.0009,0.9916,0.0028,0.0030,0.074467,0.105774,0.001815,0.000810,0.002478,0.059341,0.396190,-0.345448,0.162316,0.035301,0.071558,-1.751789,0.078540,0.015314,0.073304,-1.979023,0.001745,0.001745,0.164061,0.626202,0.176278,0.048662,0.073304,0.005842,0.012217,-0.041680,0.003491,0.157483,-0.005236
1772127081.933,1692,4,4,0.0000,0.0003,0.0008,0.0005,0.9955,0.0014,0.0014,0.074467,0.105249,0.001849,0.000509,0.002487,0.059341,0.396190,-0.480491,0.162316,0.038044,0.071558,-1.755808,0.078540,0.012571,0.073304,-1.978907,0.001745,0.001745,0.162316,0.616287,0.176278,0.059483,0.073304,-0.010269,0.012217,-0.050757,0.003491,0.157861,-0.005236
1772127082.033,1695,5,4,0.0412,0.0225,0.0226,0.0128,0.0668,0.4551,0.3790,0.076681,0.090510,0.001568,0.000943,0.002175,0.059341,0.396190,-0.595533,0.162316,0.077181,0.071558,-1.759042,0.078540,-0.026567,0.073304,-1.989042,0.001745,0.001745,0.162316,0.609465,0.176278,0.042450,0.075049,-0.010937,0.012217,-0.033724,0.005236,0.001363,-0.005236
1772127082.133,1698,5,5,0.1004,0.0214,0.0243,0.0167,0.0575,0.5198,0.2599,0.075431,0.090124,0.001123,0.001430,0.004005,0.059341,0.396190,-0.960226,0.162316,0.062173,0.071558,-1.987736,0.078540,-0.011559,0.073304,-2.233077,0.001745,0.001745,0.160570,0.594611,0.172788,0.050927,0.078540,-0.065491,0.013963,-0.042200,0.003491,0.004854,-0.005236
1772127082.235,1701,5,5,0.1320,0.0239,0.0176,0.0170,0.0586,0.5130,0.2379,0.074678,0.089542,0.001736,0.000317,0.004483,0.059341,0.396190,-0.981771,0.162316,0.053147,0.071558,-2.280519,0.078540,-0.004278,0.073304,-2.427734,0.001745,0.003491,0.158825,0.534205,0.171042,0.047489,0.080285,-0.042902,0.015708,-0.038763,0.003491,0.059964,-0.005236
1772127082.338,1704,5,5,0.0462,0.0252,0.0142,0.0117,0.0604,0.5634,0.2789,0.074322,0.087486,0.003825,0.000453,0.004351,0.057596,0.396190,-0.719295,0.162316,0.032723,0.071558,-2.259911,0.078540,0.017892,0.073304,-2.400591,0.001745,0.001745,0.157080,0.541358,0.169297,0.044049,0.082030,-0.047385,0.015708,-0.035322,0.003491,0.035074,-0.005236
1772127082.439,1707,5,5,0.0398,0.0260,0.0126,0.0104,0.0684,0.6114,0.2315,0.074176,0.086059,0.001115,0.000205,0.000978,0.057596,0.396190,-0.754253,0.162316,0.031403,0.071558,-2.299585,0.078540,0.017466,0.073304,-2.441775,0.001745,0.001745,0.157080,0.527382,0.169297,0.035938,0.082030,-0.007944,0.017453,-0.027211,0.003491,0.038292,-0.005236
1772127082.540,1710,5,5,0.0319,0.0282,0.0136,0.0093,0.0878,0.4323,0.3968,0.074383,0.089896,0.001258,0.001472,0.001724,0.055851,0.396190,-0.721207,0.162316,0.053090,0.071558,-2.294667,0.078540,-0.002475,0.073304,-2.445587,0.001745,0.003491,0.158825,0.521824,0.171042,0.033778,0.082030,0.042286,0.017453,-0.025051,0.003491,0.044529,-0.005236
1772127082.642,1713,6,6,0.0344,0.0344,0.0136,0.0095,0.1032,0.2782,0.5268,0.074411,0.090939,0.001835,0.001085,0.003109,0.055851,0.396190,-0.658822,0.162316,0.051684,0.073304,-2.297915,0.078540,-0.002815,0.073304,-2.454004,0.001745,0.001745,0.158825,0.519642,0.169297,0.037457,0.082030,0.055700,0.017453,-0.028730,0.003491,0.045633,-0.005236
1772127082.744,1716,6,6,0.0502,0.0362,0.0118,0.0100,0.0909,0.2191,0.5818,0.074289,0.091108,0.001902,0.001463,0.001941,0.055851,0.396190,-0.595441,0.162316,0.050224,0.073304,-2.307445,0.078540,-0.001355,0.073304,-2.455970,0.001745,0.001745,0.157080,0.517498,0.169297,0.044004,0.082030,0.052295,0.017453,-0.035278,0.003491,0.048409,-0.005236
1772127082.844,1719,6,6,0.0544,0.0390,0.0107,0.0082,0.0991,0.1550,0.6337,0.074031,0.096997,0.000319,0.000280,0.000322,0.055851,0.396190,-0.603656,0.162316,0.048779,0.071558,-2.304234,0.078540,0.000090,0.073304,-2.452107,0.001745,0.003491,0.158825,0.505390,0.171042,0.040763,0.082030,0.081501,0.017453,-0.032036,0.003491,0.099973,-0.005236
1772127082.945,1722,6,6,0.0448,0.0369,0.0095,0.0061,0.1069,0.1007,0.6951,0.074666,0.099466,0.000241,0.000065,0.000269,0.055851,0.396190,-0.591626,0.162316,0.056484,0.071558,-2.300711,0.078540,-0.005869,0.073304,-2.449709,0.001745,0.003491,0.158825,0.499757,0.171042,0.055128,0.083776,0.086759,0.019199,-0.046401,0.003491,0.112128,-0.005236
1772127083.046,1725,6,6,0.0300,0.0344,0.0088,0.0050,0.1144,0.0681,0.7393,0.074641,0.096210,0.000710,0.000878,0.001965,0.055851,0.396190,-0.583266,0.162316,0.056185,0.071558,-2.292259,0.078540,-0.007316,0.073304,-2.445952,0.001745,0.005236,0.158825,0.498136,0.171042,0.033135,0.083776,0.079802,0.019199,-0.024408,0.003491,0.101875,-0.005236
1772127083.147,1728,6,6,0.0199,0.0313,0.0079,0.0041,0.1066,0.0471,0.7831,0.074810,0.095542,0.000859,0.000463,0.000889,0.055851,0.394444,-0.564228,0.162316,0.059961,0.071558,-2.287524,0.078540,-0.011092,0.073304,-2.444728,0.001745,0.003491,0.158825,0.496720,0.171042,0.031994,0.083776,0.073318,0.024435,-0.023267,0.003491,0.099414,-0.005236
1772127083.248,1731,6,6,0.0114,0.0271,0.0094,0.0041,0.1748,0.0524,0.7209,0.075416,0.095278,0.001134,0.001108,0.000807,0.055851,0.396190,-0.557493,0.162316,0.063745,0.073304,-2.238761,0.078540,-0.014875,0.073304,-2.435633,0.001745,0.005236,0.158825,0.491322,0.171042,0.029832,0.083776,0.077554,0.024435,-0.021105,0.003491,0.097825,-0.005236
1772127083.348,1734,6,6,0.0092,0.0275,0.0098,0.0041,0.1767,0.0500,0.7226,0.077445,0.093585,0.000940,0.000499,0.001880,0.055851,0.396190,-0.309171,0.162316,0.088093,0.073304,-2.206479,0.078540,-0.039224,0.073304,-2.424828,0.001745,0.003491,0.158825,0.476208,0.171042,0.026245,0.083776,0.080102,0.024435,-0.017518,0.003491,0.095404,-0.005236
1772127083.448,1737,6,6,0.0058,0.0282,0.0088,0.0049,0.1383,0.0243,0.7897,0.095766,0.090748,0.002583,0.002113,0.002983,0.055851,0.396190,0.219341,0.162316,0.088604,0.073304,-0.906926,0.078540,-0.039735,0.073304,-1.555368,0.001745,0.005236,0.158825,0.478107,0.171042,0.028893,0.083776,0.069300,0.024435,-0.018421,0.003491,0.065875,-0.005236
1772127083.548,1740,6,6,0.0030,0.0361,0.0119,0.0062,0.1396,0.0183,0.7848,0.130096,0.087781,0.002325,0.001684,0.003086,0.055851,0.394444,0.466744,0.162316,0.256650,0.071558,-0.132320,0.078540,-0.206035,0.073304,-0.221244,0.001745,0.005236,0.151844,0.483116,0.171042,0.032914,0.087266,0.048713,0.029671,-0.027678,0.003491,0.040084,-0.005236
1772127083.649,1743,6,6,0.0047,0.0634,0.0139,0.0087,0.1258,0.0164,0.7671,0.101185,0.082946,0.001616,0.000758,0.003175,0.055851,0.396190,0.212141,0.162316,0.122728,0.071558,0.039851,0.078540,-0.073859,0.073304,-0.130051,0.001745,0.003491,0.144862,0.494262,0.171042,0.033623,0.085521,0.019638,0.029671,-0.026641,0.003491,0.009747,-0.005236
1772127083.749,1746,6,6,0.0090,0.0854,0.0124,0.0120,0.1296,0.0187,0.7327,0.122589,0.083617,0.001023,0.000825,0.001415,0.055851,0.394444,0.375901,0.162316,0.257406,0.071558,-0.760172,0.078540,-0.206791,0.073304,-1.016383,0.001745,0.003491,0.141372,0.503597,0.171042,0.036033,0.087266,0.016310,0.029671,-0.029051,0.003491,0.011137,-0.005236
1772127083.849,1749,6,6,0.0102,0.1091,0.0143,0.0114,0.1218,0.0360,0.6972,0.078182,0.081925,0.004560,0.000617,0.005635,0.055851,0.394444,-0.085519,0.162316,0.100421,0.071558,-1.574419,0.078540,-0.049806,0.073304,-1.785954,0.001745,0.003491,0.141372,0.504221,0.172788,0.031858,0.085521,-0.035527,0.029671,-0.024877,0.005236,0.008944,-0.005236
1772127083.950,1752,6,6,0.0113,0.0824,0.0194,0.0165,0.2121,0.1182,0.5401,0.078492,0.081961,0.000432,0.001239,0.001830,0.055851,0.394444,-0.003531,0.162316,0.102404,0.073304,-2.068219,0.078540,-0.053535,0.073304,-2.288693,0.001745,0.003491,0.139626,0.502554,0.172788,0.033349,0.083776,-0.017792,0.029671,-0.024623,0.005236,0.013046,-0.005236
1772127084.050,1755,4,6,0.0108,0.0400,0.0169,0.0136,0.3903,0.1426,0.3857,0.077473,0.084743,0.000594,0.000413,0.004171,0.055851,0.394444,-0.214718,0.162316,0.090177,0.073304,-1.967720,0.078540,-0.041308,0.073304,-2.241534,0.001745,0.003491,0.137881,0.483409,0.171042,0.021780,0.083776,0.052976,0.029671,-0.014798,0.005236,0.027660,-0.005236
1772127084.151,1758,4,4,0.0057,0.0198,0.0139,0.0066,0.5166,0.1174,0.3201,0.077216,0.083116,0.001318,0.000942,0.002149,0.054105,0.394444,-0.090376,0.162316,0.088830,0.073304,-1.988958,0.078540,-0.038215,0.073304,-2.249806,0.001745,0.003491,0.136136,0.486741,0.171042,0.012102,0.083776,0.039659,0.029671,-0.001630,0.006981,0.027793,-0.005236
1772127084.251,1761,4,4,0.0037,0.0102,0.0093,0.0038,0.7079,0.0718,0.1933,0.076771,0.083679,0.000357,0.001785,0.001859,0.054105,0.394444,-0.100932,0.162316,0.083495,0.073304,-2.007195,0.078540,-0.034626,0.073304,-2.249937,0.001745,0.003491,0.132645,0.495291,0.171042,0.014867,0.085521,0.040009,0.029671,-0.004395,0.005236,0.026370,-0.001745
1772127084.352,1764,4,4,0.0018,0.0051,0.0061,0.0019,0.8396,0.0455,0.1001,0.076787,0.087585,0.000961,0.000172,0.001281,0.054105,0.394444,-0.094819,0.162316,0.083687,0.073304,-2.000892,0.078540,-0.034818,0.073304,-2.247106,0.001745,0.003491,0.132645,0.505424,0.171042,0.016409,0.083776,0.070430,0.029671,-0.007682,0.005236,0.032893,0.000000
1772127084.452,1767,4,4,0.0008,0.0021,0.0035,0.0010,0.9289,0.0278,0.0358,0.076202,0.090768,0.000257,0.000307,0.002946,0.054105,0.394444,-0.107570,0.162316,0.076669,0.073304,-1.979427,0.078540,-0.027800,0.073304,-2.237998,0.001745,0.003491,0.132645,0.509473,0.171042,0.034771,0.085521,0.075365,0.029671,-0.026045,0.006981,0.040252,0.000000
1772127084.552,1770,4,4,0.0003,0.0007,0.0016,0.0005,0.9745,0.0127,0.0097,0.081247,0.092061,0.000357,0.000224,0.001236,0.054105,0.394444,0.032201,0.162316,0.105002,0.073304,-1.701892,0.078540,-0.056133,0.073304,-2.055047,0.001745,0.003491,0.132645,0.516180,0.171042,0.036947,0.083776,0.077811,0.029671,-0.026475,0.006981,0.046188,0.000000
1772127084.653,1773,4,4,0.0001,0.0004,0.0010,0.0004,0.9863,0.0066,0.0051,0.100419,0.093240,0.002496,0.000310,0.002960,0.054105,0.394444,0.316161,0.162316,0.051109,0.073304,-1.232478,0.078540,-0.000494,0.073304,-1.700797,0.001745,0.003491,0.130900,0.534737,0.171042,0.040900,0.083776,0.073754,0.029671,-0.032173,0.006981,0.043626,0.000000
1772127084.753,1776,4,4,0.0002,0.0012,0.0024,0.0011,0.9670,0.0117,0.0165,0.129010,0.092484,0.004371,0.000373,0.004575,0.054105,0.394444,0.641790,0.162316,0.068574,0.073304,-0.973753,0.078540,-0.016214,0.073304,-1.260499,0.001745,0.003491,0.130900,0.531192,0.171042,0.053834,0.083776,0.060025,0.029671,-0.045107,0.005236,0.040641,0.000000
1772127084.855,1779,4,4,0.0016,0.0118,0.0129,0.0059,0.7489,0.0292,0.1897,0.146928,0.090703,0.001011,0.000083,0.001918,0.054105,0.394444,0.783271,0.162316,0.142107,0.073304,-0.818825,0.078540,-0.091492,0.073304,-0.818124,0.001745,0.003491,0.130900,0.527803,0.171042,0.041960,0.083776,0.057911,0.029671,-0.033233,0.005236,0.036642,0.000000
1772127084.955,1782,6,6,0.0047,0.0450,0.0273,0.0106,0.3925,0.0261,0.4937,0.150579,0.088434,0.000702,0.000154,0.002168,0.054105,0.394444,0.835809,0.162316,0.133382,0.073304,-0.834270,0.078540,-0.082768,0.073304,-0.783159,0.001745,0.003491,0.129154,0.535843,0.171042,0.044276,0.083776,0.044437,0.029671,-0.035549,0.006981,0.012535,0.000000
1772127085.060,1785,6,6,0.0051,0.1085,0.0231,0.0099,0.1043,0.0129,0.7361,0.085214,0.088318,0.000682,0.000194,0.000567,0.054105,0.394444,-0.196088,0.162316,0.183065,0.073304,-1.498193,0.078540,-0.132450,0.075049,-1.698288,0.001745,0.003491,0.129154,0.533030,0.171042,0.038022,0.083776,0.049824,0.029671,-0.029295,0.005236,0.016572,0.000000
1772127085.160,1788,6,6,0.0024,0.1232,0.0291,0.0100,0.0701,0.0337,0.7316,0.083317,0.089521,0.005152,0.000703,0.006054,0.054105,0.394444,-0.206237,0.162316,0.162048,0.073304,-1.728686,0.078540,-0.111433,0.073304,-2.236276,0.001745,0.003491,0.130900,0.530115,0.171042,0.037224,0.083776,0.063529,0.029671,-0.031988,0.006981,0.017524,0.000000
1772127085.260,1791,6,6,0.0015,0.0987,0.0402,0.0089,0.0404,0.0713,0.7389,0.074322,0.089402,0.000838,0.001190,0.001456,0.054105,0.394444,-0.253345,0.162316,0.033483,0.073304,-2.032012,0.078540,0.018877,0.073304,-2.253114,0.003491,0.003491,0.129154,0.527259,0.171042,0.042508,0.083776,0.060086,0.029671,-0.033781,0.006981,0.018854,0.000000
1772127085.361,1794,6,6,0.0025,0.0395,0.0208,0.0056,0.0329,0.0349,0.8638,0.074176,0.087873,0.000693,0.000870,0.000677,0.054105,0.394444,-0.228111,0.162316,0.034825,0.073304,-2.148970,0.078540,0.017535,0.073304,-2.367004,0.001745,0.003491,0.127409,0.514134,0.171042,0.032611,0.083776,0.064593,0.029671,-0.023884,0.005236,0.022520,0.000000
1772127085.461,1797,6,6,0.0050,0.0321,0.0135,0.0053,0.0639,0.0286,0.8516,0.074176,0.087296,0.000887,0.001351,0.002657,0.054105,0.394444,-0.396427,0.162316,0.041721,0.073304,-2.208549,0.078540,0.010639,0.073304,-2.391850,0.001745,0.003491,0.125664,0.508633,0.169297,0.027376,0.083776,0.069648,0.029671,-0.018649,0.006981,0.023017,0.000000
1772127085.562,1800,6,6,0.0067,0.0348,0.0138,0.0062,0.1688,0.0555,0.7142,0.074176,0.088017,0.001695,0.000167,0.002653,0.054105,0.394444,-0.590018,0.162316,0.033156,0.073304,-2.196893,0.078540,0.019204,0.073304,-2.396807,0.001745,0.003491,0.125664,0.516347,0.169297,0.038530,0.083776,0.064800,0.027925,-0.029803,0.005236,0.021139,0.000000
1772127085.662,1803,6,6,0.0061,0.0260,0.0139,0.0061,0.3786,0.1080,0.4612,0.074031,0.087969,0.000958,0.000714,0.000971,0.054105,0.394444,-0.663922,0.162316,0.030774,0.073304,-2.195400,0.078540,0.019840,0.073304,-2.383539,0.001745,0.000000,0.125664,0.510949,0.169297,0.032749,0.083776,0.064039,0.029671,-0.024023,0.003491,0.035993,0.000000
1772127085.762,1806,4,4,0.0044,0.0147,0.0108,0.0041,0.5690,0.1023,0.2948,0.074176,0.088083,0.001152,0.000348,0.002454,0.054105,0.394444,-0.673245,0.162316,0.035400,0.073304,-2.197568,0.078540,0.016960,0.073304,-2.381050,0.001745,0.003491,0.125664,0.504996,0.169297,0.032795,0.085521,0.066827,0.029671,-0.025813,0.003491,0.035249,0.000000
1772127085.863,1809,4,4,0.0023,0.0085,0.0085,0.0024,0.7068,0.0765,0.1951,0.074176,0.087448,0.000984,0.000680,0.001248,0.054105,0.394444,-0.716978,0.162316,0.037451,0.073304,-2.230858,0.078540,0.013164,0.073304,-2.385239,0.003491,0.003491,0.125664,0.504001,0.169297,0.025761,0.085521,0.066532,0.029671,-0.018780,0.005236,0.034206,0.000000
1772127085.963,1812,4,4,0.0013,0.0045,0.0052,0.0016,0.8591,0.0506,0.0777,0.074176,0.077355,0.001018,0.000453,0.003710,0.054105,0.394444,-0.749042,0.162316,0.034862,0.073304,-2.350380,0.078540,0.017498,0.073304,-2.513071,0.001745,0.001745,0.125664,0.497657,0.169297,0.015212,0.085521,-0.054433,0.029671,-0.009976,0.003491,-0.034742,0.000000
1772127086.064,1815,4,4,0.0006,0.0018,0.0027,0.0008,0.9365,0.0311,0.0265,0.074031,0.079524,0.000960,0.001266,0.002222,0.054105,0.394444,-0.751488,0.162316,0.043924,0.073304,-2.353570,0.078540,0.006690,0.073304,-2.524052,0.001745,0.001745,0.125664,0.499963,0.169297,0.033704,0.087266,-0.117160,0.029671,-0.028468,0.006981,-0.052740,0.000000
1772127086.163,1818,4,4,0.0009,0.0024,0.0033,0.0009,0.9188,0.0399,0.0338,0.074031,0.079461,0.000501,0.000705,0.003466,0.054105,0.394444,-0.736195,0.162316,0.047984,0.073304,-2.350873,0.078540,0.002631,0.073304,-2.522014,0.001745,0.001745,0.125664,0.498809,0.169297,0.037593,0.085521,-0.106865,0.029671,-0.032357,0.005236,-0.050503,0.000000
1772127086.270,1821,6,6,0.1112,0.0557,0.0092,0.0096,0.1073,0.0781,0.6289,0.074176,0.082054,0.000291,0.000401,0.001092,0.054105,0.394444,-0.703439,0.162316,0.051031,0.073304,-2.350150,0.078540,0.001329,0.073304,-2.524568,0.001745,0.001745,0.125664,0.510473,0.169297,0.055300,0.087266,-0.117705,0.029671,-0.046573,0.005236,-0.052834,0.000000
1772127086.372,1824,6,6,0.0725,0.0466,0.0087,0.0072,0.1193,0.0586,0.6870,0.077233,0.082404,0.000200,0.000534,0.001207,0.054105,0.394444,-0.657211,0.162316,0.089035,0.073304,-2.322152,0.078540,-0.038421,0.073304,-2.524281,0.001745,0.000000,0.129154,0.512001,0.169297,0.056222,0.085521,-0.111440,0.029671,-0.047495,0.006981,-0.047501,0.000000
1772127086.468,1827,4,4,0.0053,0.0096,0.0079,0.0031,0.7415,0.0703,0.1623,0.077160,0.084619,0.000191,0.000820,0.004166,0.054105,0.394444,-0.647429,0.162316,0.088159,0.073304,-2.304743,0.078540,-0.037545,0.073304,-2.524090,0.001745,0.000000,0.127409,0.510291,0.169297,0.086256,0.087266,-0.114859,0.029671,-0.079275,0.005236,-0.091343,0.000000
1772127086.572,1830,4,4,0.0073,0.0135,0.0083,0.0048,0.7210,0.0846,0.1606,0.076747,0.076513,0.000404,0.000958,0.003427,0.054105,0.392699,-0.645961,0.160570,0.086692,0.073304,-2.311139,0.078540,-0.036078,0.073304,-2.528801,0.001745,0.001745,0.122173,0.428318,0.165806,0.077939,0.087266,-0.111281,0.029671,-0.069212,0.005236,-0.076989,0.000000
1772127086.672,1833,4,4,0.0078,0.0144,0.0083,0.0048,0.6948,0.0840,0.1861,0.076090,0.075488,0.000999,0.000827,0.002247,0.054105,0.394444,-0.632292,0.162316,0.073580,0.073304,-2.319113,0.078540,-0.022965,0.073304,-2.536485,0.003491,0.000000,0.122173,0.415107,0.165806,0.078857,0.087266,-0.082201,0.031416,-0.070130,0.005236,-0.033337,0.000000
1772127086.772,1836,4,4,0.0153,0.0300,0.0128,0.0081,0.4768,0.1208,0.3362,0.075227,0.082173,0.000909,0.000564,0.005140,0.054105,0.394444,-0.627000,0.162316,0.064971,0.073304,-2.340357,0.078540,-0.012611,0.073304,-2.535173,0.001745,0.000000,0.122173,0.424659,0.165806,0.104007,0.087266,-0.084547,0.031416,-0.095281,0.005236,0.045511,0.000000
1772127086.872,1839,4,4,0.0026,0.0054,0.0061,0.0022,0.8295,0.0695,0.0847,0.074643,0.083719,0.000248,0.000744,0.000930,0.054105,0.392699,-0.630068,0.162316,0.059708,0.073304,-2.379203,0.078540,-0.009093,0.073304,-2.534914,0.001745,0.000000,0.122173,0.474392,0.165806,0.090627,0.087266,-0.092542,0.034907,-0.081900,0.005236,0.024220,0.000000
1772127086.973,1842,4,4,0.0019,0.0041,0.0054,0.0016,0.8624,0.0543,0.0704,0.074149,0.084288,0.000364,0.000584,0.001028,0.054105,0.394444,-0.631575,0.162316,0.052026,0.073304,-2.384924,0.078540,-0.001412,0.073304,-2.535552,0.001745,0.000000,0.122173,0.484070,0.165806,0.086584,0.087266,-0.088385,0.036652,-0.077858,0.003491,0.025410,0.000000
1772127087.073,1845,4,4,0.0011,0.0024,0.0037,0.0011,0.9172,0.0425,0.0321,0.074282,0.083718,0.000582,0.000204,0.001396,0.054105,0.394444,-0.634422,0.162316,0.053624,0.073304,-2.386015,0.078540,-0.003009,0.073304,-2.535077,0.001745,0.000000,0.122173,0.468592,0.165806,0.084879,0.087266,-0.041956,0.036652,-0.076152,0.003491,0.035760,0.000000
1772127087.173,1848,4,4,0.0018,0.0043,0.0054,0.0018,0.8609,0.0637,0.0621,0.075210,0.082551,0.001547,0.000911,0.003605,0.054105,0.394444,-0.645990,0.160570,0.066509,0.073304,-2.382994,0.078540,-0.015895,0.073304,-2.526612,0.001745,0.000000,0.122173,0.462934,0.165806,0.077801,0.087266,-0.053346,0.036652,-0.069074,0.003491,0.034490,0.000000
1772127087.273,1851,4,4,0.0043,0.0111,0.0093,0.0036,0.7053,0.1026,0.1637,0.076048,0.080944,0.001170,0.000483,0.005047,0.054105,0.394444,-0.677349,0.162316,0.074821,0.073304,-2.361624,0.078540,-0.024207,0.073304,-2.486631,0.001745,0.000000,0.123918,0.455224,0.165806,0.050621,0.089012,-0.014841,0.036652,-0.043639,0.005236,0.044857,0.000000
1772127087.377,1854,4,4,0.0076,0.0153,0.0095,0.0064,0.6466,0.1328,0.1818,0.076425,0.077203,0.001048,0.002466,0.004555,0.054105,0.392699,-0.703387,0.162316,0.081087,0.073304,-2.351311,0.078540,-0.028727,0.073304,-2.490880,0.001745,0.000000,0.123918,0.461144,0.165806,0.046411,0.089012,-0.309695,0.036652,-0.039429,0.003491,-0.372355,0.000000
1772127087.474,1857,4,4,0.0141,0.0312,0.0085,0.0168,0.5912,0.1662,0.1719,0.076788,0.036263,0.000993,0.001354,0.009584,0.054105,0.394444,-0.700519,0.162316,0.081952,0.073304,-2.335380,0.078540,-0.029592,0.073304,-2.488748,0.003491,0.000000,0.123918,-0.312842,0.165806,0.012781,0.092502,-1.017850,0.036652,-0.002309,0.003491,-0.998322,0.000000
1772127087.576,1860,4,4,0.0002,0.0082,0.0003,0.0949,0.7876,0.1079,0.0009,0.076074,0.037451,0.002358,0.013156,0.018560,0.054105,0.394444,-0.692266,0.162316,0.075130,0.073304,-2.336134,0.078540,-0.022770,0.073304,-2.489053,0.001745,0.000000,0.122173,-0.636897,0.165806,-0.020060,0.092502,-2.044137,0.036652,0.028787,0.003491,-2.226271,0.000000
1772127087.678,1863,4,4,0.0001,0.0115,0.0002,0.4482,0.4578,0.0816,0.0005,0.077344,0.035925,0.000837,0.005162,0.008504,0.054105,0.392699,-0.686439,0.162316,0.092120,0.073304,-2.320824,0.078540,-0.041506,0.073304,-2.470496,0.001745,0.000000,0.122173,-0.430999,0.165806,0.001032,0.092502,-1.947931,0.036652,0.009440,0.003491,-2.181632,0.000000
1772127087.778,1866,3,3,0.0002,0.0107,0.0005,0.5459,0.3496,0.0916,0.0015,0.075560,0.036194,0.001454,0.006694,0.007279,0.054105,0.394444,-0.674491,0.162316,0.068956,0.073304,-2.307888,0.078540,-0.018342,0.073304,-2.452897,0.001745,0.000000,0.120428,-0.515741,0.164061,0.018939,0.090757,-1.980511,0.036652,-0.008467,0.003491,-2.231598,0.000000
1772127087.879,1869,4,4,0.0004,0.0118,0.0010,0.3540,0.4908,0.1401,0.0019,0.075445,0.021526,0.000135,0.001227,0.003530,0.054105,0.394444,-0.681362,0.162316,0.067580,0.073304,-2.309096,0.078540,-0.016965,0.073304,-2.454588,0.001745,0.000000,0.075049,-0.313464,0.101229,0.003220,0.050615,-1.746928,0.020944,0.003762,0.003491,-1.983717,0.000000
1772127087.982,1872,4,4,0.0004,0.0164,0.0008,0.3710,0.5050,0.1042,0.0022,0.075579,0.012978,0.000621,0.001615,0.004285,0.052360,0.394444,-0.679883,0.160570,0.072685,0.073304,-2.310134,0.078540,-0.022070,0.073304,-2.456310,0.001745,0.000000,0.045379,-0.178734,0.059341,0.017854,0.024435,-1.488683,0.006981,-0.017854,0.001745,-1.728979,0.000000
1772127088.081,1875,3,3,0.0003,0.0170,0.0001,0.8015,0.1404,0.0399,0.0007,0.076616,0.009206,0.000501,0.000405,0.004187,0.054105,0.394444,-0.681938,0.162316,0.079889,0.073304,-2.309452,0.078540,-0.029275,0.073304,-2.466400,0.003491,0.000000,0.034907,-0.190758,0.043633,0.012733,0.012217,-1.225202,0.005236,-0.012733,0.001745,-1.467142,0.000000
1772127088.181,1878,3,3,0.0002,0.0115,0.0000,0.9672,0.0162,0.0048,0.0002,0.076289,0.005463,0.000295,0.001265,0.001933,0.052360,0.392699,-0.677188,0.162316,0.079459,0.073304,-2.313708,0.078540,-0.027099,0.073304,-2.481344,0.003491,0.000000,0.026180,-0.129837,0.026180,0.009703,0.001745,-0.985446,0.000000,-0.000977,0.001745,-1.224519,0.000000
1772127088.282,1881,3,3,0.0001,0.0159,0.0000,0.9796,0.0032,0.0011,0.0001,0.076431,0.004803,0.001118,0.003412,0.001189,0.052360,0.394444,-0.676607,0.162316,0.081157,0.073304,-2.325789,0.078540,-0.028797,0.073304,-2.483321,0.001745,0.000000,0.024435,-0.190994,0.012217,0.019243,0.000000,-0.750807,0.000000,-0.008771,0.001745,-0.978467,0.000000
1772127088.382,1884,3,3,0.0000,0.0204,0.0000,0.9777,0.0003,0.0015,0.0000,0.076778,0.003835,0.001247,0.004741,0.007927,0.054105,0.394444,-0.685249,0.162316,0.083584,0.073304,-2.348590,0.078540,-0.032969,0.073304,-2.499752,0.001745,0.000000,0.020944,-0.179077,0.003491,0.021582,0.000000,-0.555503,-0.001745,-0.004128,0.000000,-0.748059,0.000000
1772127088.482,1887,3,3,0.0002,0.0297,0.0000,0.9376,0.0003,0.0321,0.0002,0.076639,0.003200,0.000517,0.000228,0.001624,0.054105,0.394444,-0.729944,0.160570,0.083654,0.073304,-2.360030,0.078540,-0.033040,0.073304,-2.512886,0.001745,0.000000,0.019199,-0.316452,0.000000,0.012404,0.000000,-0.378060,-0.003491,0.005050,0.001745,-0.514161,0.000000
1772127088.583,1890,3,3,0.0010,0.0591,0.0002,0.7274,0.0006,0.2109,0.0008,0.077288,0.002763,0.000215,0.000234,0.000408,0.054105,0.392699,-0.742063,0.162316,0.091444,0.073304,-2.362865,0.078540,-0.039084,0.073304,-2.515415,0.001745,0.000000,0.017453,-0.182872,0.000000,0.012499,0.000000,-0.231564,-0.001745,0.001463,0.001745,-0.315239,-0.001745
1772127088.683,1893,5,3,0.0043,0.1250,0.0007,0.4306,0.0010,0.4357,0.0028,0.077495,0.002473,0.000336,0.000508,0.000842,0.052360,0.394444,-0.758229,0.160570,0.092182,0.073304,-2.388877,0.078540,-0.041567,0.075049,-2.536089,0.003491,-0.001745,0.017453,-0.214903,0.000000,0.007980,0.000000,-0.174556,-0.003491,0.004237,0.000000,-0.212222,-0.001745
1772127088.783,1896,3,3,0.0039,0.3948,0.0003,0.5764,0.0004,0.0210,0.0032,0.077561,0.002036,0.000338,0.000188,0.001165,0.054105,0.394444,-0.775264,0.162316,0.092969,0.073304,-2.400001,0.078540,-0.040609,0.073304,-2.540802,0.001745,0.000000,0.015708,-0.172757,0.000000,0.005179,0.000000,-0.149765,-0.001745,0.003548,0.000000,-0.158173,-0.001745
1772127088.883,1899,3,3,0.0493,0.2034,0.0005,0.7238,0.0007,0.0118,0.0104,0.077922,0.002059,0.000414,0.000978,0.001014,0.054105,0.394444,-0.773050,0.162316,0.097304,0.073304,-2.398019,0.078540,-0.044944,0.073304,-2.539030,0.001745,0.000000,0.013963,-0.160424,0.000000,-0.000273,0.000000,-0.125182,-0.001745,0.008999,0.001745,-0.130170,-0.001745
1772127088.983,1902,3,3,0.3458,0.1086,0.0004,0.5227,0.0009,0.0041,0.0174,0.077584,0.001600,0.000499,0.000571,0.000738,0.054105,0.392699,-0.772472,0.162316,0.095001,0.073304,-2.400864,0.078540,-0.044386,0.073304,-2.539038,0.001745,-0.001745,0.012217,-0.117339,-0.001745,0.000738,0.000000,-0.112847,-0.003491,0.006243,0.000000,-0.116295,-0.001745
1772127089.083,1905,3,3,0.0547,0.1514,0.0002,0.7769,0.0007,0.0005,0.0156,0.077019,0.001471,0.000280,0.000667,0.000690,0.052360,0.392699,-0.776083,0.162316,0.089964,0.073304,-2.399585,0.078540,-0.037604,0.073304,-2.537626,0.001745,-0.001745,0.012217,-0.086613,-0.001745,-0.000204,0.000000,-0.088474,-0.001745,0.005440,0.000000,-0.101563,-0.001745
1772127089.184,1908,0,3,0.7765,0.0746,0.0002,0.1382,0.0005,0.0001,0.0100,0.077250,0.001600,0.000404,0.000737,0.001020,0.054105,0.394444,-0.776137,0.162316,0.089239,0.073304,-2.358914,0.078540,-0.036879,0.073304,-2.507626,0.001745,-0.001745,0.012217,-0.055380,-0.001745,0.002347,0.000000,-0.063561,-0.001745,0.004635,0.000000,-0.076033,-0.001745
1772127089.294,1911,3,3,0.3761,0.2209,0.0002,0.3918,0.0007,0.0001,0.0102,0.073046,0.002379,0.000347,0.000609,0.000995,0.041888,0.378736,-0.744519,0.150098,0.092896,0.073304,-2.318555,0.068068,-0.037045,0.071558,-2.478036,0.000000,-0.003491,0.012217,0.007605,-0.001745,0.004359,0.000000,-0.041677,-0.001745,0.004367,0.000000,-0.052227,-0.001745
1772127089.385,1914,0,0,0.9964,0.0021,0.0000,0.0010,0.0000,0.0000,0.0004,0.040220,0.008785,0.001422,0.000414,0.000874,0.034907,0.167552,-0.463870,0.083776,0.055039,0.043633,-2.036452,0.045379,-0.027113,0.050615,-2.197733,0.001745,-0.003491,0.010472,0.088944,-0.001745,0.006004,0.000000,-0.033592,-0.003491,-0.000768,0.000000,-0.038064,-0.001745
1772127089.487,1917,0,0,0.9951,0.0029,0.0000,0.0009,0.0000,0.0000,0.0010,0.028169,0.016952,0.002771,0.001059,0.002844,0.024435,0.109956,-0.290115,0.061087,0.032592,0.033161,-1.750504,0.029671,-0.011648,0.045379,-1.914271,0.001745,-0.001745,0.010472,0.173968,-0.001745,0.018982,0.000000,-0.031897,-0.001745,-0.010255,0.000000,-0.039466,-0.001745
1772127089.591,1920,0,0,0.9881,0.0092,0.0001,0.0010,0.0000,0.0000,0.0014,0.017017,0.010595,0.002845,0.002887,0.004000,0.020944,0.057596,-0.192397,0.041888,0.000602,0.024435,-1.446123,0.010472,0.006380,0.041888,-1.598950,0.000000,-0.001745,0.010472,0.097672,-0.001745,0.018992,0.000000,-0.030766,-0.003491,-0.001539,0.000000,-0.038277,-0.001745
1772127089.687,1923,0,0,0.9822,0.0166,0.0001,0.0004,0.0000,0.0000,0.0006,0.011958,0.007446,0.000365,0.000783,0.001000,0.017453,0.031416,-0.169673,0.029671,-0.002122,0.019199,-1.192933,0.003491,0.002122,0.040143,-1.333637,0.000000,-0.001745,0.008727,0.059446,-0.001745,0.021176,0.000000,-0.034867,-0.001745,-0.003722,0.000000,-0.045637,-0.001745
1772127089.788,1926,0,0,0.9848,0.0145,0.0001,0.0002,0.0000,0.0000,0.0003,0.007999,0.006730,0.000685,0.000358,0.000571,0.013963,0.012217,-0.122147,0.017453,-0.002236,0.012217,-0.939421,0.000000,-0.003000,0.040143,-1.072825,-0.001745,-0.001745,0.008727,0.046319,-0.001745,0.025716,0.000000,-0.044733,-0.001745,-0.003026,0.000000,-0.064676,-0.001745
1772127089.889,1929,0,0,0.9833,0.0161,0.0001,0.0002,0.0000,0.0000,0.0003,0.005397,0.005391,0.001141,0.000613,0.002503,0.010472,0.001745,-0.121001,0.006981,0.000181,0.006981,-0.696862,0.000000,-0.005417,0.038397,-0.832566,-0.003491,-0.001745,0.008727,0.028619,-0.001745,0.027349,0.000000,-0.046417,-0.003491,-0.004660,0.000000,-0.063250,-0.001745
1772127089.989,1932,0,0,0.9834,0.0160,0.0001,0.0002,0.0000,0.0000,0.0003,0.004509,0.003376,0.000567,0.000709,0.001725,0.008727,0.000000,-0.083719,0.003491,-0.001621,0.005236,-0.458018,0.000000,-0.007106,0.036652,-0.588913,-0.001745,-0.001745,0.008727,0.002114,-0.001745,0.028136,0.000000,-0.051079,-0.001745,0.001535,0.000000,-0.066594,-0.001745
1772127090.091,1935,0,0,0.9886,0.0111,0.0000,0.0001,0.0000,0.0000,0.0002,0.003927,0.003200,0.000536,0.000225,0.000306,0.005236,0.000000,-0.070369,0.003491,-0.000822,0.001745,-0.300999,0.000000,-0.007904,0.036652,-0.386156,-0.001745,-0.001745,0.008727,-0.003975,-0.001745,0.027964,0.000000,-0.053579,-0.003491,0.001707,0.000000,-0.068029,-0.001745
1772127090.191,1938,0,0,0.9897,0.0099,0.0000,0.0002,0.0000,0.0000,0.0002,0.004029,0.003425,0.000633,0.001171,0.001669,0.005236,0.000000,-0.059837,0.003491,0.001229,0.001745,-0.209066,-0.001745,-0.009956,0.036652,-0.261070,-0.001745,-0.001745,0.006981,0.004677,-0.001745,0.029436,0.000000,-0.055959,-0.001745,-0.001511,0.000000,-0.072324,-0.001745
1772127090.291,1941,0,0,0.9926,0.0071,0.0000,0.0001,0.0000,0.0000,0.0001,0.003867,0.003579,0.000254,0.000425,0.000649,0.003491,0.000000,-0.023333,0.003491,0.002765,0.001745,-0.160161,0.000000,-0.011492,0.034907,-0.192173,-0.001745,-0.001745,0.006981,0.007268,-0.001745,0.028702,0.000000,-0.061115,-0.003491,-0.000777,0.000000,-0.079873,-0.001745
1772127090.391,1944,0,0,0.9940,0.0058,0.0000,0.0001,0.0000,0.0000,0.0001,0.003738,0.003327,0.000577,0.000793,0.000842,0.005236,0.000000,0.001219,0.003491,-0.000828,0.001745,-0.130629,0.000000,-0.007899,0.033161,-0.150957,-0.001745,-0.001745,0.006981,0.000875,-0.001745,0.032072,0.000000,-0.061965,-0.003491,-0.004146,0.000000,-0.079280,-0.001745
1772127090.491,1947,0,0,0.9934,0.0063,0.0000,0.0001,0.0000,0.0000,0.0001,0.003954,0.003532,0.001111,0.000590,0.000860,0.005236,0.000000,0.007300,0.003491,-0.005187,0.001745,-0.109149,0.000000,-0.000049,0.029671,-0.123490,-0.003491,-0.001745,0.006981,-0.004978,-0.001745,0.035407,0.000000,-0.059982,-0.001745,-0.003992,0.000000,-0.073184,-0.001745
1772127090.592,1950,0,0,0.9880,0.0114,0.0001,0.0002,0.0000,0.0000,0.0002,0.004929,0.003345,0.002637,0.001419,0.001442,0.005236,0.000000,0.019001,0.003491,-0.002208,0.001745,-0.094740,0.000000,-0.004773,0.029671,-0.113788,-0.001745,-0.003491,0.006981,-0.040736,-0.001745,0.029869,0.000000,-0.021667,-0.003491,0.003292,0.000000,-0.021418,-0.001745
1772127090.692,1953,0,0,0.9802,0.0191,0.0001,0.0002,0.0000,0.0000,0.0003,0.005659,0.005942,0.001445,0.001077,0.000820,0.003491,0.000000,0.031261,0.003491,-0.000062,0.001745,-0.092047,0.000000,-0.008664,0.027925,-0.114512,-0.001745,-0.001745,0.006981,0.024760,-0.001745,0.039562,-0.001745,-0.004797,-0.003491,-0.004656,0.000000,-0.009353,-0.001745
1772127090.798,1956,0,0,0.8682,0.1281,0.0009,0.0009,0.0001,0.0000,0.0018,0.005558,0.013974,0.006476,0.003311,0.002035,0.003491,0.000000,0.025876,0.003491,-0.014641,0.003491,-0.065214,-0.001745,0.004169,0.026180,-0.109961,-0.003491,-0.001745,0.006981,0.047358,-0.001745,0.027103,0.000000,0.028951,-0.003491,0.011294,0.000000,0.046000,-0.001745
1772127090.898,1959,1,1,0.0048,0.9885,0.0049,0.0002,0.0000,0.0001,0.0015,0.003507,0.013056,0.004834,0.002116,0.003970,0.005236,0.000000,0.007179,0.003491,-0.012454,0.001745,-0.030129,-0.001745,-0.004999,0.024435,-0.073508,-0.001745,-0.001745,0.006981,0.062103,-0.001745,0.054614,0.000000,0.017577,-0.003491,-0.017962,0.000000,0.015399,-0.001745
1772127091.002,1962,1,1,0.0000,0.9989,0.0010,0.0000,0.0000,0.0000,0.0001,0.003754,0.011479,0.006191,0.004388,0.006986,0.005236,0.000000,0.011887,0.003491,-0.000557,0.001745,-0.022516,-0.001745,-0.016896,0.022689,-0.057867,-0.003491,-0.001745,0.006981,0.029894,-0.001745,0.024625,0.000000,0.035933,-0.003491,0.019008,0.000000,0.021312,-0.001745
1772127091.102,1965,1,1,0.0000,0.9998,0.0001,0.0000,0.0000,0.0000,0.0000,0.002940,0.009778,0.001988,0.001873,0.002422,0.003491,0.000000,-0.017094,0.003491,0.007358,0.001745,-0.029633,-0.001745,-0.024811,0.019199,-0.064804,-0.001745,-0.003491,0.006981,0.056990,-0.001745,-0.014235,0.000000,0.002403,-0.001745,0.049142,0.000000,0.001817,-0.001745
1772127091.204,1968,1,1,0.0000,0.9999,0.0001,0.0000,0.0000,0.0000,0.0001,0.001891,0.016665,0.000435,0.000949,0.000404,0.003491,-0.001745,-0.019678,0.001745,-0.012191,0.001745,-0.026657,-0.005236,-0.008753,0.015708,-0.061808,-0.003491,-0.003491,0.006981,0.142793,-0.001745,-0.011771,0.000000,-0.004209,-0.003491,0.050169,0.000000,0.000038,-0.001745
1772127091.305,1971,1,1,0.0000,0.9998,0.0000,0.0000,0.0000,0.0000,0.0001,0.001600,0.014969,0.000427,0.000236,0.002128,0.003491,-0.001745,-0.018352,0.000000,-0.013477,0.001745,-0.002295,-0.005236,-0.003977,0.013963,-0.047048,-0.003491,-0.003491,0.006981,0.077844,-0.001745,0.026210,-0.001745,0.009245,-0.001745,0.006951,0.000000,0.052392,-0.003491
1772127091.405,1974,1,1,0.0000,0.9998,0.0000,0.0000,0.0000,0.0000,0.0001,0.001745,0.020619,0.000127,0.001599,0.001436,0.005236,-0.001745,-0.016234,0.000000,-0.013269,0.003491,-0.008811,-0.005236,-0.002439,0.012217,-0.035624,-0.001745,-0.001745,0.005236,0.063976,-0.001745,0.038624,0.000000,0.056060,-0.003491,-0.008954,0.000000,0.083536,-0.001745
1772127091.505,1977,1,1,0.0000,0.9998,0.0000,0.0001,0.0000,0.0000,0.0001,0.001018,0.015342,0.000085,0.000945,0.002070,0.003491,-0.001745,-0.029776,0.000000,-0.013861,0.001745,-0.010853,-0.005236,-0.001847,0.006981,-0.035349,-0.001745,-0.001745,0.006981,0.068280,-0.001745,0.077917,0.000000,0.009965,-0.001745,-0.036029,0.000000,0.020958,-0.001745
1772127091.608,1980,1,1,0.0000,0.9998,0.0000,0.0001,0.0000,0.0000,0.0001,0.000873,0.008670,0.000948,0.002630,0.000806,0.003491,-0.001745,-0.059595,0.000000,-0.011734,0.001745,-0.009959,-0.005236,-0.003974,0.005236,-0.033892,-0.003491,-0.001745,0.006981,0.036539,-0.001745,0.059081,0.000000,-0.003041,-0.003491,-0.008466,0.000000,0.001444,-0.001745
1772127091.708,1983,1,1,0.0000,0.9998,0.0000,0.0001,0.0000,0.0000,0.0001,0.000873,0.004586,0.002018,0.006573,0.004088,0.005236,-0.001745,-0.098288,0.000000,-0.006688,0.001745,-0.008155,-0.005236,-0.009020,0.003491,-0.031274,-0.001745,-0.001745,0.006981,-0.001076,-0.001745,0.048046,0.000000,-0.003396,-0.003491,-0.004413,0.000000,-0.006669,-0.003491
1772127091.811,1986,1,1,0.0000,0.9997,0.0000,0.0001,0.0000,0.0000,0.0001,0.001050,0.031007,0.001023,0.004070,0.002062,0.003491,-0.001745,-0.077031,0.000000,0.003868,0.001745,-0.006470,-0.005236,-0.016085,0.003491,-0.034370,-0.003491,0.000000,0.006981,0.261125,-0.001745,0.048758,0.000000,0.028688,-0.001745,-0.003379,0.000000,0.026529,-0.001745
1772127091.911,1989,1,1,0.0000,0.9997,0.0001,0.0001,0.0000,0.0000,0.0001,0.001827,0.037142,0.000872,0.005580,0.003689,0.003491,-0.001745,-0.085543,0.000000,0.014945,0.000000,-0.011261,-0.005236,-0.035889,0.003491,-0.076536,-0.003491,0.000000,0.005236,0.110820,-0.001745,0.049679,0.000000,0.124466,-0.003491,0.000935,-0.001745,0.154562,-0.001745
1772127092.011,1992,1,1,0.0000,0.9998,0.0001,0.0001,0.0000,0.0000,0.0001,0.004214,0.013201,0.001128,0.003348,0.002322,0.003491,-0.001745,-0.088149,0.000000,0.040100,0.001745,-0.015733,-0.005236,-0.075007,0.005236,-0.088359,-0.003491,0.000000,0.006981,-0.552735,-0.001745,0.061268,-0.001745,0.038698,-0.003491,-0.008908,-0.001745,0.051463,-0.001745
1772127092.111,1995,1,1,0.0000,0.9998,0.0001,0.0001,0.0000,0.0000,0.0001,0.004039,0.009124,0.002787,0.004908,0.004462,0.003491,-0.001745,-0.073187,0.000000,0.039739,0.001745,-0.014649,-0.005236,-0.076391,0.003491,-0.084858,-0.003491,0.000000,0.006981,-0.164023,-0.001745,0.073752,-0.001745,0.010742,-0.001745,-0.012665,-0.001745,0.018016,-0.001745
1772127092.211,1998,1,1,0.0000,0.9998,0.0001,0.0001,0.0000,0.0000,0.0001,0.001820,0.040950,0.004211,0.001158,0.003362,0.003491,-0.003491,-0.059268,0.000000,0.013110,0.001745,-0.004855,-0.005236,-0.058489,0.003491,-0.077170,-0.003491,0.000000,0.006981,0.157905,-0.001745,0.060859,-0.001745,0.107410,-0.003491,-0.001518,-0.001745,0.158244,-0.001745
1772127092.311,2001,1,1,0.0000,0.9998,0.0001,0.0001,0.0000,0.0000,0.0000,0.002175,0.017914,0.003200,0.000346,0.002617,0.003491,-0.001745,-0.050836,0.000000,-0.001124,0.001745,0.017372,-0.005236,-0.047745,0.003491,-0.060031,-0.005236,-0.001745,0.006981,0.066420,0.000000,0.054395,-0.001745,0.033363,-0.001745,-0.000290,0.000000,0.053808,-0.001745
1772127092.411,2004,1,1,0.0000,0.9997,0.0001,0.0001,0.0000,0.0000,0.0001,0.000727,0.010697,0.006172,0.000475,0.005950,0.003491,-0.001745,-0.050894,0.000000,-0.013738,0.001745,-0.000194,-0.005236,-0.028150,0.003491,-0.043327,-0.003491,0.000000,0.006981,0.037921,0.000000,0.049360,-0.001745,0.009984,-0.003491,0.003000,0.001745,0.019376,-0.001745
1772127092.514,2007,1,1,0.0000,0.9998,0.0001,0.0001,0.0000,0.0000,0.0000,0.007116,0.009223,0.002486,0.000840,0.001839,0.003491,-0.001745,-0.037374,0.000000,-0.003391,0.003491,0.004206,-0.005236,-0.029770,0.003491,0.070710,-0.003491,0.000000,0.006981,0.043308,0.000000,0.045071,-0.001745,0.005886,-0.003491,0.003798,0.000000,0.005627,-0.001745
1772127092.614,2010,1,1,0.0000,0.9999,0.0000,0.0001,0.0000,0.0000,0.0000,0.050713,0.006400,0.001456,0.001267,0.002124,0.003491,-0.001745,0.175355,0.000000,0.005938,0.000000,0.219130,-0.005236,-0.044336,0.003491,0.201150,-0.003491,-0.001745,0.006981,0.022694,0.000000,0.036867,-0.001745,-0.008076,-0.003491,0.010257,0.000000,-0.013067,-0.003491
1772127092.718,2013,1,1,0.0000,0.9999,0.0000,0.0001,0.0000,0.0000,0.0000,0.053565,0.003927,0.005296,0.001793,0.006664,0.005236,-0.001745,0.264842,0.000000,-0.000823,0.001745,0.176305,-0.005236,-0.041065,0.003491,0.191163,-0.003491,0.000000,0.006981,-0.372027,0.000000,0.037539,-0.001745,-0.049156,-0.001745,0.002604,0.000000,-0.093640,-0.001745
1772127092.819,2016,1,1,0.0000,0.9999,0.0000,0.0001,0.0000,0.0000,0.0000,0.031949,0.003927,0.002343,0.001013,0.002740,0.003491,-0.001745,0.187666,0.000000,0.004060,0.001745,0.092372,-0.005236,-0.042457,0.001745,0.092306,-0.005236,0.000000,0.006981,-0.335191,0.000000,0.038734,-0.001745,-0.060394,-0.003491,0.001408,0.000000,-0.123469,-0.001745
1772127092.918,2019,1,1,0.0000,0.9999,0.0000,0.0001,0.0000,0.0000,0.0000,0.030227,0.004066,0.002735,0.001028,0.003448,0.003491,0.000000,0.161149,0.000000,-0.003678,0.001745,0.096197,-0.001745,-0.034719,0.001745,0.098401,-0.005236,0.000000,0.006981,-0.293537,0.000000,0.041810,-0.003491,-0.074403,-0.001745,-0.001667,0.000000,-0.139816,-0.001745
1772127093.018,2022,1,1,0.0000,0.9999,0.0000,0.0000,0.0000,0.0000,0.0000,0.014601,0.005261,0.001295,0.001634,0.003197,0.000000,0.001745,0.073697,0.000000,0.005170,0.001745,0.042771,-0.005236,-0.034840,0.001745,0.048334,-0.003491,0.000000,0.005236,-0.157161,0.000000,0.057894,-0.001745,-0.062878,-0.003491,-0.012515,0.000000,-0.100024,-0.001745
1772127093.118,2025,1,1,0.0000,1.0000,0.0000,0.0000,0.0000,0.0000,0.0000,0.007141,0.004764,0.000679,0.000491,0.000923,0.000000,0.003491,0.046412,0.000000,0.005496,0.000000,0.010383,-0.005236,-0.035167,0.001745,0.018171,-0.005236,0.000000,0.006981,-0.043040,0.000000,0.050188,-0.001745,-0.066102,-0.001745,-0.003064,-0.001745,-0.095291,-0.001745
1772127093.219,2028,1,1,0.0000,1.0000,0.0000,0.0000,0.0000,0.0000,0.0000,0.003403,0.022149,0.001434,0.000671,0.001618,0.000000,0.001745,0.037345,0.000000,-0.010465,0.000000,-0.017752,-0.005236,-0.013969,0.001745,-0.002895,-0.003491,0.000000,0.006981,0.214370,0.000000,0.044435,-0.001745,-0.041740,-0.003491,-0.000802,0.000000,-0.008649,-0.001745
1772127093.323,2031,1,1,0.0000,1.0000,0.0000,0.0000,0.0000,0.0000,0.0000,0.002327,0.012925,0.001140,0.000866,0.001677,0.000000,0.000000,0.018455,0.000000,0.004233,0.003491,-0.014098,-0.001745,-0.016450,0.001745,-0.014701,-0.003491,0.000000,0.006981,0.104491,0.000000,0.042461,-0.001745,-0.035223,-0.001745,0.001173,0.000000,-0.005308,-0.001745
1772127093.424,2034,1,1,0.0000,1.0000,0.0000,0.0000,0.0000,0.0000,0.0000,0.000600,0.010098,0.001596,0.000732,0.001641,0.000000,0.000000,0.002753,0.000000,0.001630,0.000000,-0.008019,-0.005236,-0.012102,0.001745,0.001074,-0.003491,0.000000,0.006981,0.046340,0.000000,0.043066,-0.001745,0.024221,-0.003491,0.000567,0.000000,-0.000092,-0.003491
1772127093.524,2037,1,1,0.0000,1.0000,0.0000,0.0000,0.0000,0.0000,0.0000,0.001747,0.009299,0.003014,0.001184,0.002957,0.000000,0.001745,-0.125003,0.000000,0.011259,0.000000,0.006213,-0.001745,-0.018241,0.001745,-0.001845,-0.003491,0.000000,0.005236,-0.016969,0.000000,0.047222,-0.001745,0.042905,-0.001745,-0.005334,0.000000,0.016230,-0.001745
1772127093.631,2040,1,1,0.0000,1.0000,0.0000,0.0000,0.0000,0.0000,0.0000,0.001835,0.008978,0.000818,0.001553,0.007107,0.000000,0.001745,-0.143286,0.000000,0.018531,0.000000,-0.025051,-0.001745,-0.022022,0.001745,-0.069492,-0.003491,-0.001745,0.006981,-0.007678,0.000000,0.045863,-0.001745,0.023349,-0.001745,-0.002230,0.000000,0.031548,-0.003491
1772127093.727,2043,1,1,0.0000,1.0000,0.0000,0.0000,0.0000,0.0000,0.0000,0.001070,0.026720,0.001437,0.007987,0.011566,0.000000,0.001745,-0.132470,0.000000,0.009349,0.000000,-0.016629,-0.001745,-0.016330,0.001745,-0.054089,-0.003491,0.000000,0.005236,0.187711,0.000000,0.052921,-0.001745,0.060567,-0.001745,-0.007542,0.000000,0.014203,-0.001745
1772127093.830,2046,1,1,0.0000,1.0000,0.0000,0.0000,0.0000,0.0000,0.0000,0.004176,0.019163,0.002292,0.010469,0.014359,0.000000,0.003491,-0.089881,0.000000,0.011634,0.000000,0.033246,-0.001745,-0.022106,0.001745,-0.019436,-0.005236,-0.001745,0.006981,0.171220,-0.001745,0.027078,-0.001745,0.009870,-0.003491,0.014810,0.000000,-0.059019,-0.003491
1772127093.931,2049,1,1,0.0000,1.0000,0.0000,0.0000,0.0000,0.0000,0.0000,0.020733,0.012623,0.000635,0.006896,0.006252,0.000000,0.003491,0.002389,0.000000,0.005285,0.000000,0.046645,-0.001745,-0.012267,0.001745,0.189235,-0.005236,-0.001745,0.006981,0.100866,-0.001745,0.017674,-0.001745,-0.080694,-0.003491,0.022468,0.003491,-0.129694,-0.001745
1772127094.031,2052,1,1,0.0000,1.0000,0.0000,0.0000,0.0000,0.0000,0.0000,0.018864,0.011780,0.000236,0.004363,0.006794,0.001745,0.000000,0.054283,0.000000,0.012774,0.000000,0.074027,-0.005236,-0.021500,0.001745,0.081797,-0.003491,-0.001745,0.005236,0.092171,-0.001745,0.027879,-0.001745,0.010789,-0.001745,0.005283,0.000000,-0.024184,-0.001745
1772127094.132,2055,1,1,0.0000,1.0000,0.0000,0.0000,0.0000,0.0000,0.0000,0.008995,0.007156,0.000309,0.004257,0.008033,0.001745,0.000000,0.029461,0.000000,0.009278,0.000000,0.031403,-0.001745,-0.021495,0.001745,0.034303,-0.003491,-0.001745,0.005236,0.022769,-0.003491,0.057871,-0.001745,-0.036934,-0.003491,-0.021219,0.000000,-0.078195,-0.001745
1772127094.232,2058,1,1,0.0000,1.0000,0.0000,0.0000,0.0000,0.0000,0.0000,0.002330,0.003875,0.000223,0.002278,0.002808,0.001745,0.000000,0.011618,0.000000,0.005782,0.000000,0.007072,-0.005236,-0.012763,0.001745,-0.004784,-0.003491,-0.001745,0.005236,-0.012372,0.000000,0.041269,-0.001745,-0.062423,-0.001745,-0.001127,-0.001745,-0.067108,-0.001745
1772127094.342,2061,1,1,0.0000,1.0000,0.0000,0.0000,0.0000,0.0000,0.0000,0.001842,0.020163,0.000370,0.001013,0.001730,0.001745,0.000000,0.014836,0.000000,0.003775,0.000000,-0.006212,-0.001745,-0.010757,0.001745,-0.025879,-0.003491,0.000000,0.003491,-0.090696,0.000000,-0.064766,0.000000,0.087280,-0.001745,0.099673,-0.003491,0.051509,-0.001745
1772127094.438,2064,1,1,0.0000,1.0000,0.0000,0.0000,0.0000,0.0000,0.0000,0.001837,0.009664,0.000286,0.001270,0.001644,0.001745,0.000000,0.015333,0.000000,0.003220,0.000000,-0.059153,-0.001745,-0.006711,0.001745,-0.062160,-0.003491,0.000000,0.003491,-0.085235,0.000000,0.002915,-0.001745,0.047560,-0.003491,0.021520,0.000000,0.040481,-0.001745
1772127094.540,2067,1,1,0.0000,1.0000,0.0000,0.0000,0.0000,0.0000,0.0000,0.001865,0.002486,0.001302,0.005103,0.007110,0.001745,0.000000,0.009021,0.000000,0.009868,0.000000,-0.043816,-0.001745,-0.011614,0.001745,-0.076907,-0.003491,0.000000,0.005236,-0.079251,0.000000,0.015576,-0.001745,-0.076406,-0.001745,0.007113,0.001745,0.000159,-0.001745
1772127094.640,2070,1,1,0.0000,1.0000,0.0000,0.0000,0.0000,0.0000,0.0000,0.001110,0.004344,0.001272,0.003640,0.003325,0.001745,0.000000,0.003159,0.000000,0.004929,0.000000,-0.043473,-0.001745,-0.006674,0.003491,-0.106407,-0.003491,-0.001745,0.005236,-0.026108,0.003491,0.043403,-0.001745,-0.049847,-0.003491,-0.020714,0.000000,-0.026097,-0.001745
1772127094.737,2073,1,1,0.0000,1.0000,0.0000,0.0000,0.0000,0.0000,0.0000,0.002415,0.067208,0.000827,0.006530,0.004540,0.000000,0.001745,-0.059713,0.000000,-0.027240,0.000000,-0.040681,-0.001745,0.023750,0.003491,-0.087273,-0.003491,-0.003491,0.006981,0.131584,0.001745,0.082450,-0.001745,0.132518,-0.001745,-0.049289,0.000000,0.451219,-0.001745
1772127094.841,2076,1,1,0.0000,0.9999,0.0000,0.0000,0.0000,0.0000,0.0000,0.002472,0.024665,0.001264,0.004792,0.004017,0.001745,0.000000,-0.131746,0.000000,-0.027921,0.000000,-0.031415,-0.001745,0.024430,0.003491,-0.076358,-0.003491,-0.003491,0.006981,0.051497,0.001745,0.042142,-0.001745,0.059979,-0.001745,-0.007235,0.000000,0.133633,-0.001745
1772127094.938,2079,1,1,0.0000,1.0000,0.0000,0.0000,0.0000,0.0000,0.0000,0.003578,0.009413,0.000603,0.004858,0.008686,0.000000,0.000000,-0.260210,0.000000,-0.046426,0.000000,-0.017381,-0.001745,0.041190,0.001745,-0.074078,-0.003491,-0.003491,0.003491,0.034359,0.000000,-0.033736,0.000000,-0.008294,-0.001745,0.061662,0.000000,0.013447,-0.001745
1772127095.040,2082,1,1,0.0000,0.9999,0.0000,0.0000,0.0000,0.0000,0.0000,0.000811,0.002618,0.000446,0.001353,0.001180,0.000000,0.000000,-0.154750,0.000000,-0.013219,0.000000,-0.010196,-0.001745,0.007983,0.001745,-0.072771,-0.003491,-0.003491,0.006981,-0.013708,-0.001745,0.013117,-0.003491,-0.000768,-0.001745,0.011317,0.000000,-0.082004,-0.001745
1772127095.139,2085,1,1,0.0000,0.9999,0.0000,0.0000,0.0000,0.0000,0.0000,0.000602,0.018487,0.000245,0.000633,0.003770,0.000000,0.000000,-0.104886,0.000000,-0.008965,0.000000,-0.008134,-0.001745,0.005475,0.001745,-0.070055,-0.003491,-0.003491,0.005236,-0.006748,-0.001745,0.050502,-0.001745,0.166109,-0.001745,-0.027813,0.000000,-0.053467,-0.001745
1772127095.239,2088,1,1,0.0000,0.9999,0.0000,0.0000,0.0000,0.0000,0.0000,0.000873,0.010337,0.000253,0.000549,0.000799,0.000000,0.000000,-0.063069,0.000000,0.010472,0.000000,-0.007942,-0.001745,-0.012217,0.000000,-0.071288,-0.003491,-0.003491,0.005236,-0.011673,-0.003491,0.044029,-0.001745,0.074780,-0.003491,-0.009122,0.000000,-0.049925,-0.001745
1772127095.342,2091,1,1,0.0000,0.9999,0.0000,0.0000,0.0000,0.0000,0.0000,0.001938,0.007153,0.000178,0.000495,0.001764,0.000000,0.000000,-0.017815,0.000000,0.019761,0.000000,-0.007405,-0.001745,-0.019761,0.003491,-0.072410,-0.003491,-0.003491,0.005236,0.002708,0.000000,0.041714,-0.001745,0.036182,-0.003491,-0.001571,0.000000,-0.047006,-0.001745
1772127095.443,2094,1,1,0.0000,0.9999,0.0000,0.0000,0.0000,0.0000,0.0001,0.000977,0.004702,0.001441,0.000542,0.001518,0.000000,0.000000,-0.018674,0.000000,0.009976,0.000000,-0.001300,-0.001745,-0.011721,0.001745,-0.065985,-0.003491,-0.003491,0.005236,-0.011001,0.000000,0.037966,-0.001745,0.013228,-0.001745,-0.003059,0.000000,-0.026525,-0.001745
1772127095.542,2097,1,1,0.0000,0.9998,0.0000,0.0001,0.0000,0.0000,0.0001,0.000430,0.003229,0.001010,0.000158,0.000724,0.000000,0.000000,-0.023807,0.000000,0.003419,0.000000,-0.006205,-0.005236,-0.005164,0.001745,-0.069093,-0.003491,-0.003491,0.005236,-0.009149,0.000000,0.033517,-0.001745,-0.020841,-0.001745,-0.000356,0.000000,-0.030824,-0.001745
1772127095.642,2100,1,1,0.0000,0.9999,0.0000,0.0001,0.0000,0.0000,0.0000,0.000335,0.003064,0.002418,0.000590,0.003048,0.000000,0.000000,-0.100849,0.000000,0.002277,0.000000,-0.001247,-0.001745,-0.005768,0.001745,-0.055425,-0.005236,-0.003491,0.005236,-0.006253,0.000000,0.031533,-0.001745,-0.066752,-0.001745,-0.000117,0.000000,-0.014343,-0.001745
1772127095.747,2103,1,1,0.0000,0.9999,0.0000,0.0001,0.0000,0.0000,0.0000,0.006130,0.004977,0.000560,0.001026,0.001326,0.000000,0.000000,-0.101599,0.000000,0.015891,0.000000,0.000495,-0.001745,-0.019381,0.003491,0.053688,-0.003491,-0.003491,0.005236,-0.006541,0.000000,0.025545,-0.001745,-0.068931,-0.001745,0.004126,0.000000,0.024814,-0.001745
1772127095.846,2106,1,1,0.0000,0.9999,0.0000,0.0001,0.0000,0.0000,0.0000,0.005171,0.002523,0.001531,0.001838,0.003467,0.000000,0.000000,-0.031964,0.000000,-0.008346,0.000000,-0.005616,-0.001745,0.004855,0.001745,0.055448,-0.003491,-0.003491,0.003491,-0.028698,0.000000,0.010783,-0.001745,-0.065267,-0.003491,0.010161,0.000000,0.005836,-0.003491
1772127095.952,2109,1,1,0.0000,0.9999,0.0000,0.0000,0.0000,0.0000,0.0000,0.015383,0.004723,0.004425,0.001461,0.004009,-0.003491,0.003491,-0.036590,-0.001745,-0.006130,0.000000,0.013650,-0.001745,0.006130,0.001745,0.159579,-0.005236,-0.003491,0.003491,-0.111536,0.000000,-0.042712,-0.001745,-0.100817,-0.001745,0.053184,0.000000,-0.000041,-0.001745
1772127096.051,2112,1,1,0.0000,0.9999,0.0000,0.0000,0.0000,0.0000,0.0000,0.010549,0.006022,0.001509,0.001198,0.002059,0.000000,0.001745,-0.201251,-0.003491,0.003612,0.000000,0.032372,-0.005236,-0.003612,0.001745,0.087111,-0.003491,-0.003491,0.003491,-0.190601,0.000000,-0.050881,-0.001745,-0.079418,-0.001745,0.063099,0.000000,0.005680,-0.001745
1772127096.149,2115,1,1,0.0000,0.9999,0.0000,0.0000,0.0000,0.0000,0.0000,0.002608,0.004050,0.001349,0.000786,0.001542,0.000000,0.000000,-0.225660,-0.005236,0.026808,0.000000,0.002741,-0.001745,-0.026808,0.001745,-0.146272,-0.005236,-0.003491,0.005236,-0.141788,0.000000,-0.032893,-0.001745,-0.145224,-0.003491,0.041619,0.001745,-0.013098,-0.001745
1772127096.248,2118,1,1,0.0000,0.9999,0.0000,0.0000,0.0000,0.0000,0.0000,0.004509,0.002574,0.000250,0.001752,0.001247,0.000000,0.001745,-0.358818,-0.006981,-0.002507,0.000000,0.046365,-0.001745,0.004252,0.001745,-0.056435,-0.003491,-0.003491,0.005236,-0.077551,0.000000,-0.013437,-0.001745,-0.092860,-0.003491,0.025655,0.000000,-0.023161,-0.001745
1772127096.349,2121,1,1,0.0000,0.9999,0.0000,0.0000,0.0000,0.0000,0.0000,0.012180,0.003319,0.002134,0.000580,0.001702,0.000000,0.001745,-0.201778,-0.006981,-0.003602,0.000000,0.075104,-0.005236,0.003602,0.001745,0.063965,-0.003491,-0.003491,0.003491,-0.044877,0.000000,0.034588,-0.001745,-0.064149,-0.003491,-0.025861,0.001745,-0.023695,-0.001745
1772127096.451,2124,1,1,0.0001,0.9998,0.0000,0.0001,0.0000,0.0000,0.0001,0.016927,0.009566,0.001352,0.002188,0.001489,-0.001745,0.003491,-0.134973,-0.006981,0.009450,0.000000,0.091810,-0.001745,-0.007705,0.001745,0.096633,-0.003491,-0.003491,0.003491,0.062416,0.000000,0.048890,-0.001745,-0.038131,-0.001745,-0.034927,0.000000,-0.021765,-0.001745
1772127096.552,2127,1,1,0.0000,0.9999,0.0000,0.0001,0.0000,0.0000,0.0000,0.016925,0.009119,0.001647,0.001458,0.002644,-0.003491,0.008727,-0.123657,-0.006981,0.003389,0.000000,0.095503,-0.001745,-0.003389,0.001745,0.093740,-0.003491,-0.003491,0.003491,0.060864,0.000000,0.043331,-0.001745,-0.043226,-0.001745,-0.022387,0.001745,-0.024735,-0.001745
1772127096.652,2130,1,1,0.0000,0.9998,0.0000,0.0001,0.0000,0.0000,0.0000,0.003314,0.009116,0.000621,0.000412,0.001298,-0.006981,0.008727,-0.145490,-0.006981,-0.009766,0.001745,0.014292,-0.001745,0.013257,0.001745,-0.009987,-0.003491,-0.001745,0.003491,0.079719,0.000000,0.021648,-0.001745,-0.043435,-0.001745,0.004532,0.000000,-0.036089,-0.003491
1772127096.752,2133,1,1,0.0001,0.9998,0.0000,0.0001,0.0000,0.0000,0.0001,0.002984,0.013317,0.000852,0.000368,0.001786,-0.006981,0.008727,-0.209186,-0.006981,-0.020104,0.000000,-0.045213,-0.001745,0.025340,0.001745,-0.052358,-0.003491,0.000000,0.003491,0.135541,-0.001745,0.020778,-0.001745,-0.048440,-0.001745,-0.001579,0.000000,-0.052712,-0.001745
1772127096.854,2136,1,1,0.0001,0.9998,0.0000,0.0001,0.0000,0.0000,0.0001,0.001105,0.008034,0.000739,0.001234,0.001322,-0.003491,0.008727,-0.249295,-0.006981,-0.001044,0.000000,-0.043336,-0.001745,0.004534,0.000000,-0.086404,-0.003491,0.000000,0.003491,0.075638,0.000000,0.017281,-0.001745,-0.040533,-0.001745,-0.001573,0.000000,-0.051924,-0.001745
1772127096.954,2139,1,1,0.0001,0.9998,0.0000,0.0000,0.0000,0.0000,0.0001,0.001155,0.006024,0.001026,0.000406,0.001511,-0.003491,0.006981,-0.187692,-0.006981,0.006883,0.000000,-0.033987,-0.001745,-0.005138,0.000000,-0.061053,-0.003491,0.000000,0.003491,0.051445,0.000000,0.015608,-0.001745,-0.037261,-0.001745,-0.003391,0.001745,-0.053043,-0.001745
1772127097.055,2142,1,1,0.0001,0.9998,0.0000,0.0000,0.0000,0.0000,0.0001,0.000582,0.003550,0.000531,0.000173,0.000852,-0.003491,0.001745,-0.154972,-0.006981,0.003039,0.000000,-0.016731,-0.001745,0.000452,0.001745,-0.048717,-0.003491,0.000000,0.003491,0.027764,0.000000,-0.006106,-0.001745,-0.063357,-0.003491,0.011342,0.000000,-0.141268,-0.001745
1772127097.160,2145,1,1,0.0001,0.9998,0.0000,0.0001,0.0000,0.0000,0.0001,0.007132,0.001407,0.001055,0.000594,0.001187,0.000000,0.001745,-0.131256,-0.006981,0.011008,0.000000,0.070847,-0.001745,-0.011008,0.000000,0.001982,-0.003491,0.000000,0.001745,-0.026547,0.000000,-0.013397,-0.001745,-0.114304,-0.003491,0.015142,0.000000,-0.116427,-0.001745
1772127097.261,2148,1,1,0.0002,0.9995,0.0000,0.0001,0.0000,0.0000,0.0001,0.003437,0.000909,0.000585,0.002100,0.001141,0.000000,0.001745,-0.140347,-0.006981,0.004812,0.000000,0.034682,-0.001745,-0.004812,0.000000,-0.002568,-0.003491,0.000000,0.003491,-0.021807,0.000000,-0.007412,-0.001745,-0.053474,-0.003491,0.007412,0.000000,-0.086650,-0.003491
1772127097.360,2151,1,1,0.0002,0.9994,0.0000,0.0002,0.0000,0.0000,0.0002,0.000170,0.000844,0.000347,0.001801,0.001821,0.000000,0.000000,-0.140379,-0.006981,0.002044,0.000000,-0.029439,-0.001745,-0.003789,0.000000,-0.008113,-0.003491,0.000000,0.001745,0.004224,0.000000,0.004164,-0.001745,-0.019290,-0.001745,-0.002419,0.000000,-0.062345,-0.001745
1772127097.462,2154,1,1,0.0000,0.9998,0.0000,0.0001,0.0000,0.0000,0.0001,0.000047,0.017342,0.000484,0.000748,0.001050,0.000000,0.000000,-0.119921,-0.006981,0.000562,0.000000,-0.066264,-0.001745,-0.000562,0.000000,-0.011810,-0.003491,0.000000,0.001745,0.146100,0.000000,0.058515,-0.001745,-0.011023,-0.001745,-0.056769,0.001745,-0.061937,-0.001745
1772127097.561,2157,1,1,0.0000,0.9998,0.0000,0.0001,0.0000,0.0000,0.0001,0.002456,0.036127,0.003167,0.000809,0.002379,0.000000,0.000000,-0.020131,-0.006981,-0.008918,0.000000,-0.053542,-0.001745,0.008918,0.000000,0.020557,-0.003491,0.000000,0.003491,0.091049,0.000000,-0.109063,0.000000,0.076800,-0.001745,0.117790,0.000000,0.144390,-0.001745
1772127097.662,2160,1,1,0.0000,0.9998,0.0000,0.0001,0.0000,0.0000,0.0001,0.050659,0.035232,0.001867,0.002159,0.002194,0.000000,0.000000,0.056054,-0.006981,-0.017195,0.000000,0.177646,-0.001745,0.022431,0.000000,0.351782,-0.003491,0.000000,0.003491,0.225308,0.000000,-0.080934,-0.001745,0.058175,-0.001745,0.082679,0.000000,0.053127,-0.001745
1772127097.762,2163,1,1,0.0000,0.9997,0.0000,0.0002,0.0000,0.0000,0.0001,0.048216,0.017056,0.002880,0.002941,0.001554,0.000000,0.000000,0.168643,-0.006981,0.011301,0.000000,0.135038,-0.001745,-0.006065,0.000000,0.263606,-0.003491,0.000000,0.001745,-0.424820,0.000000,-0.103413,-0.001745,0.039044,-0.001745,0.105159,0.000000,0.058718,-0.001745
1772127097.862,2166,1,1,0.0000,0.9996,0.0000,0.0003,0.0000,0.0000,0.0001,0.048790,0.025583,0.003799,0.002380,0.001628,0.000000,0.000000,0.098633,-0.006981,0.004509,0.000000,0.125509,-0.001745,0.000727,0.001745,0.354352,-0.003491,0.000000,0.001745,-0.204177,-0.001745,-0.124047,0.000000,0.032668,-0.001745,0.124047,0.001745,0.146789,-0.001745
1772127097.964,2169,1,1,0.0000,0.9989,0.0000,0.0010,0.0000,0.0000,0.0001,0.054114,0.040508,0.000839,0.003296,0.004107,0.000000,0.000000,0.347612,-0.006981,-0.008314,0.000000,0.090940,-0.001745,0.011805,0.000000,0.199015,-0.003491,0.000000,0.003491,0.260983,0.000000,-0.023345,-0.001745,0.098543,-0.001745,0.021600,0.003491,0.097993,-0.001745
1772127098.063,2172,1,1,0.0000,0.9996,0.0001,0.0003,0.0000,0.0000,0.0000,0.037094,0.020902,0.001625,0.000794,0.001838,0.000000,0.000000,0.172224,-0.006981,-0.002753,0.000000,0.125802,-0.001745,0.004499,0.000000,0.142609,-0.003491,0.000000,0.003491,0.084199,0.000000,-0.016476,0.001745,0.069915,-0.001745,0.011240,0.001745,0.078484,-0.001745
1772127098.164,2175,1,1,0.0000,0.9998,0.0001,0.0001,0.0000,0.0000,0.0000,0.026304,0.016135,0.001756,0.000934,0.002120,0.000000,0.000000,0.118781,-0.005236,0.003858,0.000000,0.086816,-0.001745,-0.002112,0.000000,0.106199,-0.003491,0.000000,0.001745,0.071067,0.000000,-0.052623,0.000000,0.042977,-0.001745,0.043897,0.001745,0.032192,-0.003491
1772127098.265,2178,1,1,0.0000,0.9999,0.0000,0.0000,0.0000,0.0000,0.0000,0.021322,0.008515,0.001287,0.000545,0.001188,0.000000,0.000000,0.091467,-0.005236,-0.005409,0.000000,0.074238,-0.001745,0.005409,0.000000,0.084744,-0.003491,0.000000,0.001745,0.060627,0.000000,-0.019375,0.003491,0.025009,-0.001745,0.007158,0.003491,0.000659,-0.001745
1772127098.365,2181,1,1,0.0000,0.9999,0.0000,0.0000,0.0000,0.0000,0.0000,0.015187,0.009199,0.001453,0.000296,0.001126,0.000000,0.000000,-0.055264,-0.005236,-0.004794,0.000000,0.071386,-0.001745,0.003049,0.000000,0.107812,-0.003491,0.000000,0.001745,0.086095,0.000000,-0.001155,0.001745,0.019054,-0.001745,-0.007572,0.001745,-0.013407,-0.001745
1772127098.465,2184,1,1,0.0000,0.9999,0.0000,0.0000,0.0000,0.0000,0.0000,0.016546,0.007483,0.000611,0.000463,0.000967,0.000000,0.000000,-0.122894,-0.005236,-0.001804,0.000000,0.100228,-0.001745,0.005294,0.000000,0.093028,-0.003491,0.000000,0.001745,0.071121,0.000000,-0.006523,0.001745,0.012156,-0.001745,0.001287,0.001745,-0.019300,-0.001745
1772127098.570,2187,1,1,0.0000,0.9999,0.0000,0.0000,0.0000,0.0000,0.0000,0.012630,0.004385,0.000398,0.002443,0.002299,0.000000,0.000000,-0.086707,-0.003491,-0.001905,0.000000,0.084023,-0.001745,0.001905,0.000000,0.065630,-0.003491,0.000000,0.001745,-0.300224,0.000000,0.046337,0.001745,0.001047,-0.001745,-0.049827,0.001745,-0.039935,-0.001745
1772127098.667,2190,1,1,0.0001,0.9998,0.0000,0.0001,0.0000,0.0000,0.0000,0.017903,0.004769,0.000228,0.000541,0.001408,0.000000,0.000000,-0.064667,-0.005236,0.003103,0.000000,0.101338,-0.001745,-0.001358,0.000000,0.110397,-0.003491,0.000000,0.001745,-0.125514,0.003491,0.048505,0.001745,-0.021829,-0.001745,-0.050251,0.001745,-0.121180,-0.001745
1772127098.766,2193,1,1,0.0012,0.9976,0.0000,0.0009,0.0000,0.0000,0.0003,0.010732,0.017939,0.000245,0.002509,0.002398,0.000000,0.000000,-0.017128,-0.003491,-0.000744,0.000000,0.063326,-0.001745,0.002489,0.000000,0.062967,-0.003491,0.000000,0.001745,0.172119,0.000000,0.039658,0.000000,-0.017039,-0.001745,-0.039658,0.001745,-0.075874,-0.001745
1772127098.868,2196,1,1,0.0002,0.9955,0.0001,0.0021,0.0000,0.0000,0.0021,0.017195,0.018216,0.001894,0.000393,0.001674,0.000000,0.000000,0.063757,-0.003491,-0.006110,0.000000,0.062602,-0.001745,0.007855,0.000000,0.072127,-0.003491,0.000000,0.001745,0.189292,0.000000,0.024065,0.000000,-0.016598,-0.001745,-0.022320,0.003491,-0.069904,-0.001745
1772127098.971,2199,1,1,0.0003,0.9939,0.0000,0.0038,0.0000,0.0000,0.0020,0.048620,0.002235,0.001372,0.001593,0.002690,0.000000,0.000000,0.411059,-0.003491,-0.052418,0.000000,0.045891,0.000000,0.054163,0.000000,0.072328,-0.003491,0.000000,0.001745,0.004434,0.000000,0.018898,0.000000,-0.034455,-0.001745,-0.018898,0.001745,-0.066715,-0.001745
1772127099.069,2202,1,1,0.0003,0.9782,0.0000,0.0193,0.0000,0.0000,0.0022,0.044907,0.004054,0.002116,0.000482,0.002131,0.000000,0.000000,0.465070,-0.003491,0.045666,-0.001745,-0.056748,0.000000,-0.042175,0.000000,0.028152,0.000000,0.000000,0.001745,-0.103980,0.000000,0.043414,0.001745,-0.040954,-0.001745,-0.045159,0.001745,-0.096218,-0.001745
1772127099.168,2205,1,1,0.0004,0.9805,0.0000,0.0180,0.0000,0.0000,0.0011,0.033606,0.001760,0.000872,0.000308,0.001059,0.000000,0.000000,0.358253,-0.003491,0.045018,0.000000,-0.064317,0.000000,-0.036291,0.000000,-0.018620,0.000000,0.000000,0.003491,-0.076073,0.000000,0.015886,0.000000,-0.064041,-0.001745,-0.019376,0.001745,-0.103595,-0.001745
1772127099.269,2208,1,1,0.0049,0.8460,0.0002,0.1441,0.0001,0.0000,0.0048,0.016679,0.006293,0.000845,0.003236,0.003009,0.000000,0.003491,0.157276,0.000000,0.039384,0.000000,-0.075396,0.000000,-0.028912,0.000000,-0.050059,0.000000,0.000000,0.001745,0.069986,0.000000,-0.003788,0.000000,-0.052559,-0.001745,0.002043,0.001745,-0.075444,-0.001745
1772127099.370,2211,1,1,0.0014,0.8943,0.0003,0.1004,0.0000,0.0000,0.0036,0.021633,0.014821,0.001703,0.001152,0.003061,0.000000,0.008727,0.183569,0.001745,0.065552,0.000000,-0.113156,0.000000,-0.056825,0.000000,-0.066228,0.000000,0.000000,0.001745,0.105681,0.000000,-0.028316,0.000000,-0.044318,-0.001745,0.030062,0.001745,0.038623,-0.001745
1772127099.472,2214,1,1,0.0004,0.9732,0.0003,0.0235,0.0000,0.0000,0.0025,0.017169,0.021013,0.001761,0.001357,0.001773,0.000000,0.006981,0.163453,0.003491,0.032099,0.000000,-0.118173,0.000000,-0.021627,0.000000,-0.159650,0.000000,0.000000,0.001745,0.228629,0.000000,-0.012613,-0.001745,-0.044616,-0.001745,0.012613,0.001745,0.007425,-0.001745
1772127099.572,2217,1,1,0.4537,0.5360,0.0030,0.0016,0.0001,0.0001,0.0054,0.017259,0.014197,0.000463,0.000734,0.000939,0.000000,0.006981,0.146171,0.005236,0.048720,0.000000,-0.062531,0.000000,-0.031267,0.000000,-0.046761,0.000000,0.000000,0.001745,0.154196,0.000000,-0.001812,-0.001745,-0.045290,-0.003491,0.005302,0.001745,0.007377,-0.001745
1772127099.673,2220,1,1,0.0341,0.9599,0.0020,0.0006,0.0000,0.0000,0.0033,0.015371,0.013364,0.001417,0.000716,0.001161,0.000000,0.006981,0.126605,0.005236,0.045634,0.000000,-0.040606,0.000000,-0.024690,0.000000,-0.017614,0.000000,0.000000,0.003491,0.151643,0.000000,0.002107,-0.003491,-0.045150,-0.001745,0.001384,0.001745,-0.000113,-0.001745
1772127099.773,2223,1,1,0.0004,0.9978,0.0006,0.0001,0.0000,0.0000,0.0010,0.013723,0.006873,0.000931,0.000277,0.000951,0.000000,0.006981,0.119573,0.005236,0.029400,0.003491,-0.018189,0.000000,-0.006710,0.000000,-0.005086,0.000000,0.000000,0.001745,0.078780,0.000000,-0.000210,-0.001745,-0.046211,-0.001745,0.000210,0.001745,-0.001024,-0.001745
1772127099.874,2226,1,1,0.0000,0.9994,0.0001,0.0001,0.0000,0.0000,0.0004,0.016652,0.003956,0.000460,0.000242,0.000164,0.000000,0.006981,0.165965,0.005236,0.021639,0.000000,-0.005254,0.000000,-0.002441,0.000000,-0.001010,0.000000,0.000000,0.001745,0.041002,0.000000,-0.002980,-0.001745,-0.046080,-0.001745,0.002980,0.001745,-0.003685,-0.001745
1772127099.974,2229,1,1,0.0000,0.9997,0.0000,0.0001,0.0000,0.0000,0.0002,0.010820,0.003923,0.000262,0.000410,0.000495,0.000000,0.006981,0.082701,0.003491,0.021528,0.000000,0.013705,0.000000,-0.000584,0.000000,0.001437,0.000000,0.000000,0.001745,0.035838,0.000000,-0.007752,-0.001745,-0.040430,0.000000,0.007752,0.001745,-0.001626,-0.001745
1772127100.073,2232,1,1,0.0000,0.9997,0.0000,0.0001,0.0000,0.0000,0.0001,0.013544,0.003862,0.000190,0.000628,0.000605,0.000000,0.006981,0.057571,0.003491,0.007843,0.000000,0.063182,0.000000,0.009610,0.000000,0.013850,0.000000,0.000000,0.001745,0.037768,0.000000,-0.005083,-0.001745,-0.032731,-0.003491,0.005083,0.001745,-0.004284,-0.001745
1772127100.180,2235,1,1,0.0001,0.9996,0.0000,0.0002,0.0000,0.0000,0.0001,0.008172,0.004404,0.000201,0.000906,0.000250,0.000000,0.006981,0.037866,0.005236,0.006492,0.000000,0.029502,0.000000,0.002235,0.000000,0.009747,0.000000,0.000000,0.001745,0.039167,0.000000,-0.008458,-0.001745,0.001731,-0.001745,0.008458,0.001745,-0.005124,-0.001745
1772127100.278,2238,1,1,0.0006,0.9987,0.0000,0.0004,0.0000,0.0000,0.0003,0.005544,0.006348,0.000140,0.000759,0.000649,0.000000,0.006981,0.029464,0.003491,0.004431,0.000000,0.015255,0.000000,0.002550,0.000000,0.004355,0.000000,0.000000,0.001745,0.046769,0.000000,0.002242,-0.001745,0.010980,-0.001745,-0.003987,0.000000,0.014443,-0.001745
1772127100.378,2241,1,1,0.0041,0.9940,0.0000,0.0010,0.0000,0.0000,0.0009,0.004744,0.004249,0.000537,0.000364,0.000388,0.000000,0.006981,0.031648,0.005236,0.003242,0.000000,0.006086,0.000000,0.003739,0.000000,-0.001994,0.000000,0.000000,0.001745,0.041206,0.000000,0.001918,-0.001745,0.000526,-0.001745,-0.000173,0.003491,0.002107,-0.001745
1772127100.478,2244,1,1,0.0117,0.9848,0.0001,0.0014,0.0000,0.0000,0.0018,0.003727,0.003929,0.000510,0.000068,0.000607,0.000000,0.006981,0.030692,0.003491,0.003559,0.000000,-0.010132,0.000000,-0.000068,0.000000,-0.004725,0.000000,0.000000,0.001745,0.038850,0.000000,0.003057,-0.001745,-0.003087,-0.001745,-0.001312,0.003491,-0.000704,-0.001745
1772127100.578,2247,1,1,0.0004,0.9974,0.0004,0.0007,0.0000,0.0000,0.0012,0.008915,0.004147,0.006355,0.004457,0.002644,0.000000,0.006981,0.091268,0.005236,0.002137,0.000000,-0.059162,0.000000,0.001354,0.000000,-0.021466,0.000000,0.000000,0.001745,0.042312,0.001745,-0.000466,-0.001745,-0.010462,-0.001745,0.002211,0.001745,-0.009327,-0.001745
1772127100.679,2250,1,1,0.0000,0.9997,0.0002,0.0000,0.0000,0.0000,0.0001,0.003948,0.003326,0.001363,0.004025,0.002152,0.000000,0.006981,0.006527,0.003491,-0.028634,0.000000,-0.018169,0.000000,0.030379,0.000000,-0.007491,0.000000,0.000000,0.003491,0.028487,0.000000,0.006186,-0.001745,-0.011500,-0.001745,-0.006186,0.001745,-0.019827,-0.001745
1772127100.779,2253,1,1,0.0001,0.9987,0.0010,0.0000,0.0000,0.0000,0.0002,0.002389,0.002765,0.001085,0.001413,0.000365,0.000000,0.001745,-0.192189,0.003491,-0.008987,0.000000,0.009211,0.000000,0.014223,0.000000,-0.040011,0.000000,0.000000,0.000000,0.024089,0.000000,0.007348,-0.001745,-0.007478,-0.001745,-0.003857,0.001745,-0.016336,-0.001745
1772127100.883,2256,1,1,0.0000,0.9997,0.0001,0.0000,0.0000,0.0000,0.0001,0.004937,0.003827,0.000750,0.000717,0.000458,0.000000,0.000000,-0.163706,0.003491,-0.019427,0.000000,0.032841,0.000000,0.022918,0.000000,-0.012073,0.000000,-0.001745,0.003491,0.032525,0.000000,0.008168,-0.003491,-0.000300,-0.001745,-0.002932,0.001745,-0.013729,-0.003491
1772127100.980,2259,1,1,0.0000,0.9998,0.0001,0.0000,0.0000,0.0000,0.0001,0.001665,0.005714,0.000437,0.002612,0.001772,0.000000,0.000000,-0.101201,0.003491,-0.003495,-0.001745,0.007763,0.000000,0.008731,0.000000,-0.004136,0.000000,0.000000,0.001745,0.045000,0.000000,0.012092,-0.001745,0.007981,-0.003491,-0.006856,0.001745,-0.014398,-0.001745
1772127101.081,2262,1,1,0.0000,0.9998,0.0000,0.0000,0.0000,0.0000,0.0001,0.002364,0.005682,0.000825,0.000435,0.000484,0.000000,0.000000,-0.065684,0.003491,0.000378,0.000000,0.012535,0.000000,0.001368,0.000000,0.010596,0.000000,0.000000,0.001745,0.035109,0.001745,0.027835,-0.001745,-0.003638,-0.001745,-0.019108,0.001745,-0.020916,-0.001745
1772127101.182,2265,1,1,0.0000,0.9998,0.0000,0.0001,0.0000,0.0000,0.0001,0.004497,0.005162,0.000737,0.000742,0.000333,0.000000,0.000000,-0.032404,0.003491,-0.000052,0.000000,0.032220,0.000000,0.000052,0.000000,0.018206,0.000000,0.000000,0.001745,0.038191,0.000000,0.020261,-0.001745,-0.007810,-0.001745,-0.008044,0.001745,-0.021342,-0.001745
1772127101.285,2268,1,1,0.0000,0.9998,0.0000,0.0001,0.0000,0.0000,0.0001,0.003990,0.005683,0.000332,0.000113,0.000452,0.000000,0.000000,0.005401,0.003491,0.007182,0.000000,0.025522,0.000000,-0.007182,0.000000,0.006288,0.000000,0.000000,0.001745,0.046901,0.001745,0.016062,-0.001745,-0.008453,-0.001745,-0.003844,0.001745,-0.019168,-0.001745
1772127101.384,2271,1,1,0.0000,0.9999,0.0000,0.0001,0.0000,0.0000,0.0000,0.008623,0.005534,0.000570,0.000502,0.000499,0.000000,0.000000,0.069890,0.003491,0.024200,0.000000,0.005895,0.000000,-0.020710,0.000000,-0.026715,0.000000,0.000000,0.001745,0.055936,0.003491,0.001444,-0.001745,-0.006387,-0.001745,0.002047,0.001745,-0.006408,-0.001745
1772127101.488,2274,1,1,0.0000,0.9998,0.0000,0.0001,0.0000,0.0000,0.0000,0.008743,0.012396,0.001038,0.000443,0.001380,0.000000,0.000000,0.081799,0.003491,0.019630,0.000000,-0.002307,0.000000,-0.010903,0.000000,-0.015898,0.000000,0.000000,0.001745,0.108933,0.001745,0.004495,-0.003491,0.018037,-0.001745,-0.001004,0.001745,0.012052,-0.001745
1772127101.586,2277,1,1,0.0000,0.9998,0.0000,0.0001,0.0000,0.0000,0.0001,0.020748,0.076155,0.000583,0.000247,0.002954,0.000000,0.000000,0.186333,0.003491,0.059156,0.000000,-0.005555,0.000000,-0.045194,0.000000,-0.019869,0.000000,0.000000,0.001745,0.469043,0.005236,0.113417,-0.001745,0.264499,-0.001745,-0.109926,0.001745,0.058173,-0.003491
1772127101.686,2280,1,1,0.0000,0.9987,0.0011,0.0000,0.0000,0.0000,0.0001,0.048114,0.170551,0.001267,0.000517,0.004628,-0.001745,0.012217,0.419207,0.010472,-0.008649,0.000000,0.033756,0.000000,0.020866,0.000000,0.080850,0.000000,-0.001745,0.010472,0.413571,0.017453,0.106579,0.000000,0.842049,-0.001745,-0.097852,0.001745,0.654738,-0.001745
1772127101.786,2283,1,1,0.0000,0.9839,0.0156,0.0004,0.0000,0.0000,0.0001,0.095339,0.114369,0.000173,0.000313,0.001423,-0.001745,0.033161,0.381021,0.013963,-0.040764,0.000000,0.318453,0.000000,0.051236,0.001745,0.344484,0.000000,-0.003491,0.010472,0.324477,0.029671,0.030740,-0.001745,0.622663,0.000000,-0.023759,0.001745,0.352665,-0.001745
1772127101.886,2286,1,1,0.0000,0.8617,0.1346,0.0034,0.0000,0.0000,0.0002,0.062469,0.076221,0.001284,0.000492,0.002193,-0.001745,0.054105,0.297957,0.022689,-0.017603,0.000000,0.164138,0.000000,0.029820,0.000000,0.180922,0.000000,-0.005236,0.006981,0.382912,0.036652,0.019295,0.000000,0.252738,-0.001745,-0.019295,0.003491,0.212580,-0.001745
1772127101.986,2289,1,1,0.0000,0.7626,0.2311,0.0059,0.0000,0.0001,0.0003,0.047715,0.063727,0.000356,0.000239,0.000169,0.000000,0.059341,0.295380,0.050615,-0.005034,0.000000,0.097282,0.000000,0.017251,0.003491,0.049224,0.000000,-0.005236,0.008727,0.428971,0.050615,0.018221,0.001745,0.115139,0.001745,-0.011239,0.003491,0.136066,-0.001745
1772127102.089,2292,1,1,0.0000,0.8075,0.1904,0.0018,0.0000,0.0000,0.0003,0.043747,0.053201,0.000700,0.000104,0.001373,0.000000,0.071558,0.285497,0.068068,-0.039175,0.000000,0.051937,0.000000,0.047902,0.000000,-0.017904,0.000000,-0.005236,0.008727,0.387420,0.059341,0.009664,0.001745,0.085673,0.001745,-0.004428,0.003491,0.080605,-0.001745
1772127102.189,2295,1,1,0.0000,0.7629,0.2366,0.0002,0.0000,0.0001,0.0001,0.034479,0.043742,0.000467,0.000151,0.000705,0.001745,0.073304,0.256046,0.071558,-0.002373,0.000000,-0.007630,0.000000,0.011099,0.000000,-0.070649,0.000000,-0.005236,0.006981,0.400980,0.061087,0.003827,0.005236,0.008303,0.003491,-0.002081,0.001745,0.033248,-0.001745
1772127102.289,2298,2,1,0.0000,0.4667,0.5330,0.0001,0.0000,0.0002,0.0001,0.032718,0.051844,0.000308,0.001621,0.001534,0.000000,0.071558,0.228285,0.075049,-0.010736,0.000000,-0.020377,0.000000,0.017718,0.000000,-0.072518,0.000000,-0.005236,0.005236,0.463489,0.061087,0.004283,0.003491,0.033810,0.003491,-0.002538,0.001745,0.045497,-0.001745
1772127102.389,2301,2,2,0.0000,0.1275,0.8723,0.0000,0.0000,0.0001,0.0000,0.032692,0.050267,0.001609,0.002101,0.001819,0.000000,0.071558,0.232992,0.082030,-0.002118,0.000000,0.000110,0.000000,0.005608,0.000000,-0.031320,0.000000,-0.003491,0.005236,0.481235,0.061087,0.002701,0.001745,0.027789,0.001745,-0.000956,0.001745,0.019917,-0.001745
1772127102.489,2304,2,2,0.0000,0.0198,0.9802,0.0000,0.0000,0.0000,0.0000,0.048718,0.048730,0.002885,0.002611,0.002583,0.000000,0.075049,0.232291,0.085521,-0.014989,0.000000,0.110078,0.000000,0.014989,0.000000,0.066682,0.000000,-0.006981,0.005236,0.496974,0.071558,0.006184,0.000000,0.001315,0.001745,-0.004439,0.001745,-0.077339,-0.001745
1772127102.589,2307,2,2,0.0000,0.0036,0.9964,0.0000,0.0000,0.0000,0.0000,0.051486,0.054505,0.000937,0.003157,0.003505,0.000000,0.075049,0.229788,0.085521,-0.026417,0.000000,0.141376,0.000000,0.028162,0.001745,0.056190,0.000000,-0.005236,0.006981,0.503902,0.071558,0.005602,0.000000,0.056390,0.001745,-0.003857,0.003491,0.004395,-0.001745
1772127102.689,2310,2,2,0.0000,0.0008,0.9992,0.0000,0.0000,0.0000,0.0000,0.068614,0.058866,0.007694,0.003250,0.008787,0.000000,0.076794,0.223870,0.085521,0.003150,0.000000,0.219465,0.000000,0.003832,0.001745,0.208993,0.000000,-0.005236,0.008727,0.509623,0.073304,-0.003793,0.000000,0.094219,0.001745,0.007284,0.001745,0.009750,-0.001745
1772127102.789,2313,2,2,0.0000,0.0004,0.9996,0.0000,0.0000,0.0000,0.0000,0.050025,0.063169,0.003591,0.001691,0.005004,0.000000,0.076794,0.127965,0.085521,0.002038,0.000000,0.179883,0.000000,0.003198,0.001745,0.123158,0.000000,-0.006981,0.008727,0.525845,0.080285,-0.019002,0.000000,0.099696,0.001745,0.022492,0.001745,0.017499,-0.001745
1772127102.890,2316,2,2,0.0000,0.0002,0.9998,0.0000,0.0000,0.0000,0.0000,0.027149,0.072323,0.003083,0.001342,0.003525,0.000000,0.078540,0.155734,0.087266,-0.000762,0.000000,-0.113663,0.000000,0.004252,0.000000,-0.129590,0.000000,-0.006981,0.013963,0.603194,0.101229,0.004948,0.000000,0.110270,0.001745,-0.001458,0.001745,0.030784,-0.001745
1772127102.990,2319,2,2,0.0000,0.0001,0.9999,0.0000,0.0000,0.0000,0.0000,0.030880,0.082522,0.009009,0.002397,0.008155,-0.003491,0.080285,0.193363,0.087266,-0.007897,0.000000,-0.053259,0.000000,0.009642,0.000000,-0.042078,0.000000,-0.006981,0.024435,0.594010,0.115192,-0.016071,0.000000,0.148352,0.001745,0.019562,0.003491,0.083471,-0.001745
1772127103.090,2322,2,2,0.0000,0.0001,0.9999,0.0000,0.0000,0.0000,0.0000,0.035756,0.085119,0.005793,0.002111,0.003674,-0.003491,0.080285,0.251574,0.087266,0.009945,-0.003491,-0.022738,0.000000,-0.006454,0.000000,-0.020386,0.000000,-0.006981,0.031416,0.609504,0.125664,-0.013224,0.000000,0.163200,0.001745,0.016714,0.001745,0.071436,-0.001745
1772127103.190,2325,2,2,0.0000,0.0002,0.9998,0.0000,0.0000,0.0000,0.0000,0.041233,0.090954,0.006547,0.001898,0.006916,-0.001745,0.082030,0.305083,0.094248,0.010079,0.000000,-0.005718,0.000000,-0.008334,0.000000,0.003357,0.000000,-0.006981,0.047124,0.649041,0.144862,-0.014302,0.000000,0.159345,0.001745,0.017793,0.003491,0.068051,-0.001745
1772127103.290,2328,2,2,0.0000,0.0207,0.9790,0.0001,0.0000,0.0001,0.0001,0.058132,0.095110,0.005128,0.002739,0.003946,-0.003491,0.101229,0.328928,0.095993,0.034902,0.000000,0.001969,0.000000,-0.033157,0.000000,0.134559,0.000000,-0.005236,0.066323,0.662371,0.162316,-0.014172,0.000000,0.158203,0.001745,0.017662,0.003491,0.069204,-0.001745
1772127103.391,2331,2,2,0.0000,0.0191,0.9804,0.0001,0.0000,0.0001,0.0001,0.037387,0.099125,0.003202,0.001955,0.003670,-0.006981,0.113446,0.194806,0.095993,0.021026,0.000000,-0.096043,0.000000,-0.014045,0.000000,0.023377,0.000000,-0.003491,0.092502,0.674174,0.188496,-0.012967,0.000000,0.145833,0.001745,0.016458,0.003491,0.066803,-0.001745
1772127103.491,2334,2,2,0.0000,0.0097,0.9899,0.0001,0.0000,0.0002,0.0001,0.028145,0.102168,0.002102,0.003143,0.002936,-0.006981,0.125664,0.094469,0.095993,-0.007540,0.000000,-0.025478,-0.005236,0.011031,0.000000,0.010586,0.000000,0.000000,0.104720,0.701903,0.202458,-0.011902,0.000000,0.135757,0.001745,0.015393,0.003491,0.060553,-0.001745
1772127103.591,2337,2,2,0.0000,0.0102,0.9889,0.0001,0.0000,0.0004,0.0003,0.032005,0.105812,0.002211,0.003138,0.003129,-0.008727,0.137881,0.133330,0.095993,-0.015110,0.000000,-0.007795,0.000000,0.015110,0.001745,-0.027914,0.000000,0.003491,0.101229,0.755035,0.198968,-0.010057,0.000000,0.133340,0.001745,0.013548,0.003491,0.058897,-0.001745
1772127103.692,2340,2,2,0.0002,0.0179,0.9784,0.0003,0.0000,0.0021,0.0011,0.020960,0.104562,0.001407,0.001441,0.001755,-0.012217,0.139626,-0.003922,0.095993,-0.015901,0.000000,-0.069119,0.000000,0.012410,0.003491,-0.132838,0.000000,0.005236,0.101229,0.744417,0.198968,-0.009937,0.000000,0.132364,0.001745,0.013428,0.005236,0.052121,-0.001745
1772127103.792,2343,2,2,0.0003,0.0237,0.9642,0.0003,0.0001,0.0097,0.0018,0.028608,0.106224,0.001560,0.001857,0.002771,-0.033161,0.137881,0.088617,0.076794,0.036518,0.001745,-0.428060,-0.001745,-0.041754,0.001745,-0.476757,0.000000,0.005236,0.101229,0.745883,0.198968,-0.034637,0.000000,0.134468,0.001745,0.038128,0.005236,0.043790,-0.001745
1772127103.892,2346,2,2,0.0007,0.0260,0.9359,0.0003,0.0001,0.0346,0.0024,0.033995,0.106641,0.002008,0.001502,0.002025,-0.041888,0.137881,0.189599,0.062832,0.012390,0.001745,-0.240908,-0.001745,-0.017626,0.003491,-0.281596,0.000000,0.003491,0.097738,0.749539,0.198968,-0.042424,0.000000,0.135927,0.001745,0.045915,0.003491,0.042875,-0.001745
1772127103.992,2349,2,2,0.0004,0.0219,0.9107,0.0003,0.0001,0.0653,0.0013,0.049685,0.106700,0.004375,0.002693,0.007474,-0.041888,0.137881,0.389233,0.054105,0.009759,0.001745,-0.008722,-0.001745,-0.016740,0.003491,-0.051954,0.000000,0.006981,0.092502,0.756306,0.198968,-0.041931,0.000000,0.135037,0.001745,0.045422,0.005236,0.038198,-0.001745
1772127104.092,2352,2,2,0.0006,0.0186,0.9019,0.0002,0.0002,0.0774,0.0011,0.040226,0.103582,0.002267,0.002443,0.002472,-0.041888,0.137881,0.284404,0.052360,0.002836,0.003491,-0.033484,-0.001745,-0.009817,0.001745,-0.057978,0.000000,0.006981,0.089012,0.730575,0.198968,-0.043008,0.000000,0.129448,0.001745,0.046499,0.003491,0.036269,-0.001745
1772127104.193,2355,2,2,0.0009,0.0191,0.9334,0.0002,0.0003,0.0445,0.0016,0.043485,0.101244,0.002910,0.003539,0.004506,-0.041888,0.136136,0.320691,0.052360,0.007397,0.001745,-0.033341,-0.001745,-0.012633,0.003491,-0.043748,0.000000,0.005236,0.089012,0.713481,0.198968,-0.036588,0.000000,0.127527,0.001745,0.040079,0.005236,0.033645,-0.001745
1772127104.293,2358,2,2,0.0000,0.0089,0.9887,0.0001,0.0000,0.0018,0.0005,0.074532,0.102633,0.009500,0.008010,0.007843,-0.041888,0.137881,0.455079,0.052360,0.024447,0.001745,0.007083,-0.001745,-0.033174,0.005236,0.210554,0.000000,0.005236,0.092502,0.705238,0.200713,-0.033463,0.000000,0.127732,0.001745,0.036954,0.003491,0.057989,-0.001745
1772127104.393,2361,2,2,0.0000,0.0027,0.9969,0.0000,0.0000,0.0003,0.0000,0.080385,0.101789,0.005665,0.007777,0.007239,-0.041888,0.137881,0.512832,0.052360,0.016532,0.001745,0.074721,-0.001745,-0.030495,0.003491,0.165055,0.000000,0.006981,0.101229,0.657014,0.204204,-0.034246,0.000000,0.126127,0.001745,0.037737,0.003491,0.082939,-0.001745
1772127104.493,2364,2,2,0.0000,0.0005,0.9995,0.0000,0.0000,0.0000,0.0000,0.055870,0.103798,0.009716,0.003603,0.009094,-0.041888,0.137881,0.376222,0.052360,0.015764,0.001745,-0.029403,-0.001745,-0.038453,0.005236,0.081235,0.000000,0.005236,0.106465,0.637806,0.205949,-0.034931,0.000000,0.133005,0.001745,0.038422,0.005236,0.111718,-0.001745
1772127104.593,2367,2,2,0.0000,0.0002,0.9998,0.0000,0.0000,0.0000,0.0000,0.084763,0.108729,0.010628,0.001799,0.010363,-0.043633,0.139626,0.340280,0.052360,0.056213,0.001745,0.084370,-0.001745,-0.080648,0.003491,0.339076,0.000000,0.005236,0.106465,0.575136,0.209440,-0.035617,0.000000,0.200959,0.001745,0.039107,0.003491,0.163163,-0.001745
1772127104.694,2370,2,2,0.0000,0.0004,0.9996,0.0000,0.0000,0.0000,0.0000,0.071804,0.108006,0.002540,0.001630,0.004138,-0.043633,0.141372,0.433219,0.052360,0.034319,0.001745,0.062948,-0.001745,-0.051772,0.003491,0.132191,0.000000,0.005236,0.106465,0.572384,0.209440,-0.039374,0.000000,0.200397,0.001745,0.042865,0.005236,0.152300,-0.001745
1772127104.794,2373,2,2,0.0000,0.0025,0.9975,0.0000,0.0000,0.0000,0.0000,0.043588,0.103608,0.002361,0.001540,0.005176,-0.040143,0.134390,0.316033,0.052360,0.016782,0.000000,-0.138298,-0.006981,-0.034236,0.003491,-0.152861,0.000000,0.005236,0.099484,0.580400,0.207694,-0.058447,0.000000,0.201468,0.001745,0.061937,0.003491,0.081836,-0.001745
1772127104.897,2376,2,2,0.0000,0.0091,0.9906,0.0000,0.0000,0.0001,0.0001,0.026628,0.102947,0.000963,0.000928,0.003088,-0.026180,0.101229,0.156506,0.048869,-0.023408,0.001745,-0.082372,-0.001745,0.005955,0.005236,-0.123154,0.000000,0.003491,0.092502,0.598899,0.198968,-0.055342,0.000000,0.204374,0.001745,0.058833,0.003491,0.073063,-0.001745
1772127104.995,2379,2,2,0.0000,0.0254,0.9741,0.0000,0.0000,0.0002,0.0002,0.015647,0.099474,0.007075,0.001732,0.006321,-0.015708,0.075049,-0.092461,0.041888,-0.030427,0.000000,0.040399,-0.005236,0.026936,0.003491,-0.048625,0.000000,0.000000,0.087266,0.575452,0.185005,-0.085717,0.000000,0.204149,0.001745,0.089208,0.003491,0.047376,-0.001745
1772127105.098,2382,2,2,0.0000,0.0267,0.9727,0.0001,0.0000,0.0002,0.0003,0.014021,0.096026,0.004760,0.003442,0.003709,0.000000,0.036652,-0.053461,0.033161,-0.026516,0.000000,0.062702,-0.001745,0.019535,0.001745,0.014456,0.000000,0.001745,0.082030,0.562062,0.172788,-0.075592,0.003491,0.203933,0.003491,0.079083,0.003491,0.040194,-0.001745
1772127105.198,2385,2,2,0.0000,0.0259,0.9730,0.0002,0.0000,0.0003,0.0005,0.029865,0.098204,0.002277,0.002279,0.003679,-0.010472,0.041888,-0.000139,0.024435,0.001481,0.001745,0.145678,-0.001745,-0.008462,0.003491,0.139661,0.000000,0.000000,0.083776,0.575110,0.172788,-0.063809,0.000000,0.209795,0.005236,0.067299,0.003491,0.060954,-0.001745
1772127105.297,2388,2,2,0.0001,0.0338,0.9634,0.0004,0.0000,0.0008,0.0015,0.009938,0.100993,0.001990,0.002022,0.002537,-0.012217,0.050615,-0.016498,0.024435,0.005415,0.001745,0.031807,-0.001745,-0.007160,0.005236,-0.038808,0.000000,0.000000,0.089012,0.580623,0.172788,-0.063904,0.000000,0.211660,0.005236,0.067395,0.003491,0.081706,-0.001745
1772127105.399,2391,2,2,0.0004,0.0328,0.9607,0.0004,0.0000,0.0032,0.0025,0.011325,0.103080,0.000861,0.000354,0.000601,-0.024435,0.068068,0.036966,0.019199,-0.006432,0.001745,-0.052206,-0.001745,0.004687,0.005236,-0.039366,0.000000,0.001745,0.108210,0.576165,0.169297,-0.060083,0.000000,0.213254,0.005236,0.063574,0.003491,0.095987,-0.001745
1772127105.498,2394,2,2,0.0007,0.0294,0.9512,0.0003,0.0001,0.0150,0.0033,0.012904,0.101366,0.001869,0.000924,0.001538,-0.033161,0.073304,0.056026,0.012217,-0.009815,0.001745,-0.037691,-0.001745,0.008070,0.003491,-0.025662,0.000000,0.001745,0.113446,0.566571,0.167552,-0.060792,0.000000,0.201207,0.005236,0.064282,0.005236,0.091111,-0.001745
1772127105.599,2397,2,2,0.0005,0.0267,0.9573,0.0003,0.0001,0.0130,0.0023,0.032448,0.097276,0.002265,0.002755,0.000611,-0.036652,0.075049,0.261453,0.010472,0.006636,0.001745,-0.012372,-0.001745,-0.006636,0.005236,0.028790,0.000000,0.001745,0.118682,0.556040,0.164061,-0.061089,0.000000,0.163028,0.005236,0.064580,0.005236,0.088700,-0.001745
1772127105.699,2400,2,2,0.0002,0.0152,0.9770,0.0001,0.0000,0.0065,0.0008,0.025998,0.095270,0.002667,0.001276,0.002134,-0.036652,0.076794,0.202423,0.010472,0.003837,0.001745,-0.011609,-0.001745,-0.007328,0.003491,0.013218,0.000000,0.001745,0.122173,0.553094,0.162316,-0.080416,0.000000,0.152705,0.005236,0.083907,0.005236,0.056828,-0.001745
1772127105.800,2403,2,2,0.0004,0.0120,0.9844,0.0001,0.0001,0.0026,0.0005,0.022902,0.090199,0.000679,0.000985,0.001560,-0.041888,0.083776,0.175338,0.010472,-0.000291,0.001745,-0.050018,-0.001745,-0.003199,0.003491,-0.120160,0.000000,0.005236,0.123918,0.545831,0.160570,-0.073618,0.000000,0.113568,0.005236,0.077109,0.003491,0.047427,-0.001745
1772127105.900,2406,2,2,0.0002,0.0107,0.9870,0.0001,0.0000,0.0011,0.0008,0.042614,0.087042,0.002209,0.005117,0.003572,-0.050615,0.101229,0.173353,0.010472,0.002682,0.003491,-0.018160,0.000000,-0.002682,0.005236,0.214905,0.000000,0.006981,0.132645,0.527871,0.162316,-0.073169,0.000000,0.098352,0.005236,0.076660,0.003491,0.030958,-0.001745
1772127106.000,2409,2,2,0.0000,0.0042,0.9951,0.0001,0.0000,0.0004,0.0002,0.092820,0.086880,0.005036,0.005241,0.005407,-0.059341,0.115192,0.416042,0.010472,0.015462,0.003491,0.201782,0.000000,-0.015462,0.005236,0.346167,0.000000,0.008727,0.150098,0.513692,0.167552,-0.034320,0.000000,0.091736,0.005236,0.037811,0.005236,0.062470,-0.001745
1772127106.101,2412,2,2,0.0000,0.0016,0.9980,0.0000,0.0000,0.0003,0.0000,0.075605,0.090824,0.004314,0.004450,0.009389,-0.059341,0.134390,0.660143,0.012217,0.029268,0.001745,0.066007,0.000000,-0.029268,0.003491,-0.277737,0.000000,0.008727,0.164061,0.528411,0.183260,-0.007291,0.000000,0.078458,0.003491,0.010782,0.003491,0.109204,-0.001745
1772127106.201,2415,2,2,0.0000,0.0010,0.9989,0.0000,0.0000,0.0001,0.0000,0.161903,0.098242,0.009244,0.001832,0.010208,-0.059341,0.143117,0.552890,0.012217,-0.051906,0.001745,0.510207,0.000000,0.050160,0.003491,0.667263,0.001745,0.008727,0.171042,0.509312,0.198968,0.004820,0.000000,0.083353,0.003491,-0.001329,0.003491,0.195698,-0.001745
1772127106.301,2418,2,2,0.0000,0.0020,0.9973,0.0000,0.0000,0.0006,0.0000,0.087080,0.093791,0.001667,0.001103,0.004789,-0.061087,0.151844,0.491400,0.012217,-0.003917,0.001745,0.173138,-0.001745,0.003917,0.005236,0.205458,0.000000,0.010472,0.172788,0.528890,0.198968,0.004101,0.000000,0.077559,0.003491,-0.000611,0.003491,0.125739,-0.001745
1772127106.401,2421,2,2,0.0000,0.0016,0.9981,0.0000,0.0000,0.0003,0.0000,0.036388,0.096346,0.000841,0.000792,0.001098,-0.059341,0.183260,0.184409,0.012217,-0.051534,0.003491,-0.182890,-0.001745,0.048044,0.005236,-0.240793,0.000000,0.013963,0.185005,0.542730,0.198968,-0.022632,0.000000,0.078491,0.003491,0.026123,0.005236,0.102151,-0.001745
1772127106.501,2424,2,2,0.0000,0.0012,0.9984,0.0000,0.0000,0.0005,0.0000,0.038478,0.100525,0.000850,0.000707,0.001293,-0.061087,0.185005,0.215888,0.013963,-0.041648,0.003491,-0.056154,-0.001745,0.038157,0.005236,-0.077203,0.000000,0.024435,0.204204,0.536698,0.198968,-0.025281,0.000000,0.088321,0.003491,0.028771,0.003491,0.117928,-0.001745
1772127106.602,2427,2,2,0.0000,0.0019,0.9967,0.0000,0.0000,0.0014,0.0000,0.032454,0.105143,0.001026,0.000856,0.000647,-0.061087,0.185005,0.176773,0.013963,-0.013705,0.003491,-0.024899,0.000000,0.006724,0.003491,-0.053054,0.000000,0.040143,0.218166,0.548331,0.202458,-0.025979,0.000000,0.101291,0.003491,0.029470,0.003491,0.114873,-0.001745
1772127106.702,2430,2,2,0.0000,0.0075,0.9913,0.0000,0.0000,0.0010,0.0001,0.034752,0.109845,0.000523,0.003192,0.003708,-0.059341,0.185005,0.208202,0.013963,0.001122,0.003491,-0.014732,-0.001745,-0.004613,0.005236,-0.027349,0.000000,0.061087,0.219911,0.553724,0.216421,-0.046343,0.000000,0.109281,0.003491,0.049833,0.003491,0.100900,-0.001745
1772127106.802,2433,2,2,0.0005,0.0156,0.9782,0.0003,0.0001,0.0037,0.0016,0.044114,0.109213,0.000366,0.003450,0.003392,-0.061087,0.185005,0.223024,0.013963,0.002458,0.003491,-0.005952,-0.001745,-0.002458,0.005236,0.096187,0.000000,0.073304,0.233874,0.625979,0.226893,0.003690,0.000000,0.077502,0.003491,-0.000199,0.003491,0.062336,-0.001745
1772127106.902,2436,2,2,0.0021,0.0323,0.9172,0.0008,0.0006,0.0420,0.0051,0.038002,0.114030,0.000444,0.001578,0.002046,-0.061087,0.185005,0.221564,0.024435,0.016292,0.003491,-0.053041,-0.001745,-0.014547,0.005236,-0.029535,0.000000,0.087266,0.247837,0.625824,0.233874,0.015676,0.000000,0.082832,0.003491,-0.012185,0.003491,0.068074,-0.001745
1772127107.003,2439,2,2,0.0034,0.0459,0.7585,0.0009,0.0015,0.1840,0.0056,0.041571,0.120297,0.000206,0.001949,0.001873,-0.061087,0.185005,0.260484,0.031416,0.014969,0.001745,-0.044407,-0.001745,-0.016714,0.005236,-0.032568,0.000000,0.092502,0.265290,0.631160,0.232129,0.010604,0.000000,0.094193,0.003491,-0.007113,0.003491,0.110702,-0.001745
1772127107.103,2442,2,2,0.0003,0.0200,0.8181,0.0012,0.0024,0.1529,0.0050,0.179206,0.126062,0.008644,0.003159,0.008560,-0.062832,0.186750,0.944563,0.034907,0.064895,0.003491,0.318026,0.000000,-0.070131,0.005236,0.590865,0.001745,0.090757,0.294961,0.622221,0.232129,0.001505,0.000000,0.128916,0.003491,0.001986,0.003491,0.133285,-0.001745
1772127107.203,2445,2,2,0.0004,0.0171,0.7205,0.0024,0.0031,0.2538,0.0027,0.117955,0.114694,0.005432,0.004961,0.010337,-0.061087,0.185005,0.691522,0.034907,-0.013505,0.001745,0.198918,0.003491,0.004778,0.005236,0.289864,0.000000,0.090757,0.296706,0.607992,0.230383,-0.000477,0.000000,0.115487,0.003491,0.003967,0.005236,0.022310,-0.001745
1772127107.303,2448,2,2,0.0003,0.0207,0.8878,0.0007,0.0028,0.0869,0.0008,0.047629,0.113483,0.000356,0.005512,0.004427,-0.055851,0.183260,0.281497,0.034907,0.064903,0.001745,-0.466768,-0.001745,-0.073629,0.005236,-0.422152,-0.001745,0.087266,0.294961,0.609132,0.226893,-0.004170,0.000000,0.090992,0.003491,0.007661,0.003491,0.037911,-0.001745
1772127107.403,2451,2,2,0.0000,0.0113,0.9818,0.0000,0.0019,0.0048,0.0002,0.053870,0.113386,0.001752,0.002936,0.002615,-0.054105,0.185005,0.345482,0.034907,0.072324,0.003491,-0.219865,0.000000,-0.079305,0.003491,-0.110810,0.001745,0.083776,0.294961,0.620718,0.214676,-0.005097,0.000000,0.092561,0.003491,0.008587,0.005236,0.036633,-0.001745
1772127107.503,2454,2,2,0.0008,0.0315,0.7063,0.0002,0.2411,0.0179,0.0023,0.048458,0.112376,0.001004,0.003867,0.003920,-0.054105,0.185005,0.322849,0.033161,0.030014,0.005236,-0.182573,-0.001745,-0.042231,0.005236,-0.079110,0.000000,0.078540,0.293215,0.622762,0.212930,-0.006657,0.000000,0.088367,0.003491,0.010147,0.003491,0.035569,-0.001745
1772127107.604,2457,4,4,0.0030,0.0101,0.1579,0.0001,0.5867,0.1769,0.0653,0.047795,0.107240,0.003780,0.002209,0.007698,-0.054105,0.183260,0.292878,0.033161,0.053774,0.005236,-0.384985,-0.001745,-0.069482,0.005236,-0.475084,-0.001745,0.076794,0.293215,0.615540,0.212930,-0.006649,0.000000,0.037603,0.003491,0.010140,0.003491,0.033675,-0.001745
1772127107.704,2460,4,4,0.0071,0.0055,0.0542,0.0002,0.8506,0.0437,0.0386,0.050802,0.104679,0.000443,0.000846,0.001256,-0.050615,0.179769,0.280617,0.033161,-0.000058,0.006981,0.091340,-0.001745,-0.022631,0.006981,0.010774,-0.003491,0.075049,0.293215,0.609303,0.209440,-0.003202,0.000000,0.020190,0.001745,0.006692,0.005236,0.035271,-0.001745
1772127107.804,2463,4,4,0.0078,0.0016,0.0106,0.0005,0.9579,0.0076,0.0140,0.079438,0.106311,0.000627,0.000670,0.001402,-0.050615,0.178024,0.339975,0.033161,-0.068943,0.006981,0.219430,-0.001745,0.032291,0.008727,0.134667,-0.001745,0.075049,0.289725,0.638773,0.200713,-0.001352,0.000000,0.020615,0.001745,0.004842,0.005236,0.039028,-0.001745
1772127107.905,2466,4,4,0.0250,0.0038,0.0284,0.0020,0.8300,0.0167,0.0940,0.086036,0.104054,0.000202,0.002568,0.002731,-0.050615,0.178024,0.346529,0.033161,-0.092199,0.005236,0.269317,-0.001745,0.045075,0.006981,0.148113,-0.001745,0.075049,0.277507,0.629297,0.188496,-0.001471,0.000000,0.025286,0.001745,0.004962,0.003491,0.042812,-0.001745
1772127108.006,2469,4,4,0.0012,0.0009,0.0020,0.0014,0.9931,0.0011,0.0003,0.097969,0.101684,0.002169,0.001591,0.001696,-0.043633,0.178024,0.341019,0.033161,-0.106879,0.005236,0.358792,-0.001745,0.056264,0.006981,0.196148,-0.001745,0.075049,0.274017,0.604383,0.178024,-0.001446,0.000000,0.027792,0.001745,0.004936,0.003491,0.050774,-0.001745
1772127108.107,2472,4,4,0.0010,0.0147,0.0113,0.0220,0.9478,0.0029,0.0002,0.177256,0.100945,0.011449,0.000936,0.010026,-0.036652,0.176278,0.584980,0.033161,-0.079907,0.006981,0.619094,-0.001745,0.025802,0.008727,0.672045,-0.001745,0.073304,0.275762,0.611142,0.169297,0.002744,0.000000,0.025259,0.001745,0.000746,0.003491,0.047852,-0.001745
1772127108.207,2475,4,4,0.0013,0.0295,0.0533,0.2361,0.6453,0.0335,0.0009,0.170590,0.100616,0.008542,0.002603,0.009384,-0.033161,0.176278,0.561539,0.033161,-0.051616,0.006981,0.649326,-0.001745,-0.002489,0.008727,0.611071,-0.001745,0.071558,0.275762,0.610698,0.160570,-0.003638,0.000000,0.034595,0.001745,0.007128,0.005236,0.040100,-0.001745
1772127108.308,2478,5,3,0.0003,0.0587,0.4168,0.0577,0.0040,0.4600,0.0025,0.228487,0.106279,0.000443,0.001972,0.003670,-0.024435,0.172788,0.564006,0.033161,-0.111542,0.005236,1.028362,-0.001745,0.055691,0.008727,0.873868,-0.001745,0.069813,0.274017,0.604231,0.157080,-0.010713,0.003491,0.105369,0.001745,0.014203,0.005236,0.040160,-0.001745
1772127108.411,2481,5,5,0.0001,0.0054,0.0340,0.0299,0.0103,0.9176,0.0027,0.234457,0.103499,0.001159,0.001611,0.001592,-0.013963,0.153589,0.557559,0.031416,-0.090071,0.006981,1.075286,-0.001745,0.034220,0.008727,0.945701,-0.001745,0.068068,0.254818,0.583193,0.157080,-0.018247,0.012217,0.098967,0.005236,0.025229,0.005236,0.031941,-0.001745
1772127108.509,2484,5,5,0.0001,0.0021,0.0156,0.0023,0.0095,0.9691,0.0014,0.227665,0.095357,0.001902,0.000958,0.001748,-0.006981,0.143117,0.586230,0.033161,-0.068472,0.006981,1.069376,-0.005236,0.010876,0.010472,0.871761,-0.001745,0.062832,0.237365,0.619084,0.151844,-0.011441,0.026180,0.011107,0.008727,0.023658,0.003491,-0.061152,-0.001745
1772127108.609,2487,2,2,0.0002,0.2450,0.4729,0.0252,0.0963,0.0584,0.1021,0.224281,0.097336,0.005045,0.001025,0.005294,0.000000,0.122173,0.592108,0.033161,-0.062564,0.006981,1.074957,-0.001745,0.003223,0.008727,0.850038,-0.001745,0.062832,0.237365,0.624646,0.153589,-0.007329,0.034907,0.024680,0.008727,0.016055,0.005236,-0.054925,-0.001745
1772127108.709,2490,5,2,0.0001,0.0600,0.3577,0.0137,0.0540,0.4838,0.0307,0.207244,0.096813,0.000770,0.000663,0.000699,0.000000,0.090757,0.513476,0.033161,-0.042067,0.005236,1.070588,-0.001745,-0.005057,0.008727,0.764984,-0.003491,0.062832,0.237365,0.622372,0.153589,-0.004052,0.034907,0.027435,0.008727,0.007543,0.006981,-0.052469,-0.001745
1772127108.809,2493,6,6,0.0000,0.0347,0.0450,0.0011,0.0049,0.0002,0.9141,0.139798,0.096750,0.001115,0.000321,0.001494,0.000000,0.045379,0.317253,0.029671,-0.029357,0.003491,0.791772,-0.001745,-0.005550,0.008727,0.481282,0.000000,0.062832,0.230383,0.620987,0.153589,-0.010814,0.038397,0.028288,0.008727,0.010814,0.006981,-0.059858,-0.001745
1772127108.912,2496,5,6,0.0000,0.0000,0.0006,0.0000,0.0013,0.9981,0.0000,0.179702,0.097997,0.000623,0.000886,0.000868,0.000000,0.024435,-0.548730,0.853520,-0.015940,0.005236,-0.269257,0.556276,-0.006750,0.008727,-0.449263,0.708231,0.062832,0.228638,0.616084,0.151844,-0.022749,0.043633,0.032737,0.008727,0.026240,0.005236,-0.069627,-0.001745
1772127109.012,2499,5,5,0.0000,0.0000,0.0025,0.0000,0.0004,0.9970,0.0000,0.037086,0.097357,0.000409,0.001053,0.001297,0.000000,0.012217,0.201753,0.024435,-0.002283,0.005236,0.140400,-0.001745,-0.013425,0.012217,0.047029,0.001745,0.062832,0.225147,0.613484,0.153589,0.020182,0.048869,0.028474,0.008727,-0.016691,0.006981,-0.068561,-0.001745
1772127109.119,2502,2,5,0.0000,0.0022,0.8200,0.0000,0.0004,0.1772,0.0001,0.017869,0.081950,0.001362,0.001282,0.003088,0.000000,0.013963,-0.806291,0.024435,-0.162066,0.006981,-0.172681,-0.001745,0.151594,0.012217,-0.472226,0.005236,0.062832,0.223402,0.375731,0.153589,0.098034,0.052360,-0.278553,0.010472,-0.094543,0.006981,-0.269684,-0.001745
1772127109.221,2505,2,2,0.0000,0.0039,0.9593,0.0000,0.0000,0.0367,0.0001,0.008142,0.084887,0.002585,0.001956,0.002681,0.001745,0.001745,-0.524316,0.020944,-0.066284,0.005236,-0.608204,-0.006981,0.057557,0.010472,-0.616823,0.000000,0.062832,0.223402,0.448409,0.153589,-0.055369,0.055851,-0.387627,0.010472,0.058859,0.005236,-0.360640,-0.001745
1772127109.320,2508,2,2,0.0000,0.0039,0.9761,0.0000,0.0000,0.0199,0.0000,0.002909,0.086213,0.004951,0.001227,0.004553,0.001745,-0.001745,-0.356167,0.017453,-0.001528,0.005236,-0.544996,-0.001745,-0.005454,0.010472,-0.489043,0.000000,0.062832,0.223402,0.500873,0.151844,-0.022297,0.055851,-0.436804,0.010472,0.022297,0.006981,-0.327863,-0.001745
1772127109.425,2511,2,2,0.0000,0.0083,0.9907,0.0000,0.0000,0.0010,0.0000,0.004129,0.086920,0.009378,0.000971,0.010263,0.001745,-0.003491,-0.115700,0.013963,-0.026859,0.005236,-0.248751,-0.001745,0.018132,0.010472,-0.252980,0.000000,0.062832,0.225147,0.498202,0.151844,-0.036945,0.055851,-0.419801,0.010472,0.033454,0.005236,-0.305733,-0.001745
1772127109.531,2514,2,2,0.0000,0.0127,0.9867,0.0000,0.0000,0.0006,0.0000,0.003431,0.087309,0.003631,0.000961,0.004231,0.001745,-0.003491,-0.307275,0.012217,-0.034189,0.005236,-0.209506,-0.005236,0.011500,0.010472,-0.642627,0.000000,0.062832,0.225147,0.464675,0.153589,-0.071652,0.057596,-0.412620,0.010472,0.069907,0.003491,-0.292854,-0.001745
1772127109.630,2517,2,2,0.0003,0.1438,0.8555,0.0000,0.0001,0.0003,0.0000,0.006746,0.046994,0.003612,0.002131,0.007632,0.001745,-0.001745,-0.266766,0.006981,-0.082695,0.005236,-0.837379,-0.001745,0.056515,0.010472,-1.075571,0.000000,0.062832,0.223402,-0.018347,0.153589,-0.045565,0.062832,-0.502032,0.010472,0.043820,0.006981,-0.398074,-0.001745
1772127109.741,2520,2,2,0.0001,0.3467,0.6529,0.0001,0.0001,0.0002,0.0000,0.004812,0.049616,0.002643,0.002609,0.042918,0.003491,-0.005236,-0.075566,0.003491,-0.071703,0.003491,-0.792618,-0.005236,0.036797,0.010472,-0.852694,-0.003491,0.062832,0.223402,-1.319057,0.153589,0.077026,0.062832,-1.966700,0.010472,-0.078771,0.005236,-2.025726,-0.001745
1772127109.844,2523,2,2,0.0000,0.1145,0.8853,0.0000,0.0000,0.0001,0.0000,0.017962,0.044202,0.001234,0.000965,0.003731,0.003491,-0.003491,0.193079,0.003491,-0.043409,0.003491,-0.555088,-0.001745,0.001521,0.010472,-0.635952,-0.001745,0.062832,0.225147,-0.907143,0.155334,-0.006829,0.068068,-1.814306,0.010472,0.005083,0.003491,-1.819451,-0.001745
1772127109.943,2526,2,2,0.0001,0.0614,0.9381,0.0000,0.0001,0.0001,0.0002,0.008519,0.046705,0.000834,0.000238,0.001323,0.003491,-0.005236,0.081281,0.003491,-0.034051,0.003491,-0.357191,-0.001745,-0.011328,0.010472,-0.421838,-0.001745,0.062832,0.223402,-1.106756,0.155334,0.026390,0.076794,-1.870451,0.010472,-0.026390,0.005236,-1.910889,-0.001745
1772127110.050,2529,2,2,0.0002,0.1595,0.8391,0.0001,0.0001,0.0003,0.0006,0.005580,0.047088,0.000679,0.001582,0.003598,0.003491,-0.005236,0.046011,0.003491,-0.023365,0.003491,-0.252612,-0.005236,-0.023759,0.010472,-0.268071,-0.001745,0.062832,0.223402,-1.123259,0.153589,0.030988,0.078540,-1.883124,0.010472,-0.027497,0.005236,-1.939610,-0.001745
1772127110.161,2532,1,2,0.0001,0.5279,0.4716,0.0000,0.0000,0.0002,0.0002,0.001745,0.045505,0.000635,0.000838,0.000675,0.003491,-0.005236,-0.009214,0.003491,-0.024261,0.003491,-0.195986,-0.005236,-0.021117,0.010472,-0.186011,-0.001745,0.062832,0.221657,-1.095122,0.153589,0.013738,0.078540,-1.888560,0.010472,-0.008502,0.005236,-1.939732,-0.001745
1772127110.258,2535,1,1,0.0000,0.7850,0.2147,0.0000,0.0000,0.0001,0.0001,0.001745,0.036116,0.000294,0.000961,0.004896,0.001745,-0.005236,-0.047946,0.003491,-0.020677,0.005236,-0.146272,-0.005236,-0.024702,0.010472,-0.142439,-0.001745,0.050615,0.181514,-0.905437,0.125664,0.011022,0.057596,-1.799522,0.003491,-0.009277,0.003491,-1.846322,-0.001745
1772127110.367,2538,1,1,0.0000,0.9566,0.0433,0.0000,0.0000,0.0000,0.0000,0.001309,0.022303,0.000945,0.001124,0.000679,0.001745,-0.005236,-0.072509,0.003491,-0.031171,0.001745,-0.119347,-0.005236,-0.014207,0.008727,-0.121535,-0.001745,0.034907,0.106465,-0.516091,0.078540,0.011077,0.029671,-1.536777,0.003491,-0.007587,0.003491,-1.588361,-0.001745
1772127110.469,2541,1,1,0.0000,0.9923,0.0077,0.0000,0.0000,0.0000,0.0000,0.001600,0.012045,0.000224,0.000515,0.000692,0.003491,-0.005236,-0.047480,0.003491,-0.027968,0.003491,-0.095979,-0.005236,-0.017410,0.008727,-0.107492,-0.001745,0.012217,0.064577,-0.245201,0.048869,0.006654,0.006981,-1.243317,0.001745,-0.001418,0.003491,-1.298289,-0.001745
1772127110.573,2544,1,1,0.0000,0.9992,0.0008,0.0000,0.0000,0.0000,0.0000,0.001600,0.007325,0.000129,0.000743,0.001135,0.003491,-0.005236,-0.048838,0.003491,-0.028424,0.003491,-0.086280,-0.005236,-0.016954,0.008727,-0.107517,-0.001745,0.003491,0.047124,-0.142885,0.029671,0.004126,0.000000,-0.991928,0.000000,-0.002381,0.003491,-1.049245,-0.001745
1772127110.678,2547,1,1,0.0000,0.9998,0.0001,0.0000,0.0000,0.0000,0.0000,0.001745,0.005204,0.000578,0.000456,0.000127,0.005236,-0.005236,-0.055790,0.003491,-0.029140,0.003491,-0.079889,-0.005236,-0.016238,0.008727,-0.106777,-0.003491,0.001745,0.036652,-0.069285,0.012217,0.008346,0.000000,-0.747851,0.000000,-0.004855,0.003491,-0.810727,-0.001745
1772127110.783,2550,1,1,0.0000,0.9999,0.0001,0.0000,0.0000,0.0000,0.0000,0.001745,0.003782,0.000144,0.000218,0.000139,0.005236,-0.005236,-0.039866,0.003491,-0.030322,0.003491,-0.073626,-0.005236,-0.015057,0.008727,-0.107311,-0.001745,0.000000,0.027925,-0.039848,0.003491,0.009759,0.000000,-0.520572,0.000000,0.000713,0.003491,-0.584363,-0.001745
1772127110.878,2553,1,1,0.0000,0.9999,0.0000,0.0000,0.0000,0.0000,0.0000,0.001600,0.003200,0.000280,0.001314,0.001466,0.005236,-0.005236,-0.014532,0.003491,-0.031369,0.001745,-0.068200,-0.005236,-0.014009,0.008727,-0.106541,-0.001745,0.000000,0.022689,-0.038979,0.000000,0.010025,-0.001745,-0.320748,-0.001745,0.000446,0.005236,-0.359675,-0.001745
1772127110.983,2556,1,1,0.0000,0.9999,0.0000,0.0000,0.0000,0.0000,0.0000,0.002242,0.002535,0.001718,0.001524,0.001046,0.003491,-0.005236,0.009450,0.003491,-0.030533,0.001745,-0.067123,-0.005236,-0.014846,0.008727,-0.106476,-0.001745,0.000000,0.019199,-0.154112,0.000000,0.011217,0.000000,-0.219592,-0.003491,-0.002491,0.000000,-0.244533,-0.001745
1772127111.087,2559,1,1,0.0000,0.9999,0.0000,0.0000,0.0000,0.0000,0.0000,0.006353,0.002192,0.002663,0.000921,0.006474,0.005236,-0.005236,0.057041,0.003491,-0.028526,0.001745,-0.065142,-0.005236,-0.016853,0.008727,-0.105847,-0.001745,0.000000,0.013963,-0.089554,0.000000,-0.001869,0.000000,-0.161999,-0.001745,0.010596,0.001745,-0.177539,-0.001745
1772127111.195,2562,1,1,0.0000,0.9999,0.0000,0.0000,0.0000,0.0000,0.0000,0.005449,0.001164,0.008153,0.001231,0.008262,0.003491,-0.005236,0.046186,0.003491,-0.014317,0.003491,-0.055477,-0.005236,-0.031061,0.008727,-0.103685,-0.001745,0.000000,0.012217,-0.189345,0.000000,0.000306,0.000000,-0.131964,-0.001745,0.001439,0.000000,-0.139063,-0.001745
1772127111.295,2565,1,1,0.0000,1.0000,0.0000,0.0000,0.0000,0.0000,0.0000,0.003627,0.001329,0.001160,0.000607,0.002178,0.003491,-0.005236,0.021564,0.003491,-0.049882,0.001745,-0.024742,-0.005236,0.004503,0.008727,-0.057238,-0.003491,0.000000,0.010472,-0.221211,0.000000,0.005473,0.000000,-0.119103,-0.003491,-0.003728,0.000000,-0.116339,-0.001745
1772127111.397,2568,1,1,0.0000,1.0000,0.0000,0.0000,0.0000,0.0000,0.0000,0.004329,0.001076,0.000765,0.000676,0.001017,0.005236,-0.005236,0.005782,0.003491,-0.062304,0.001745,0.020511,-0.005236,0.006453,0.008727,-0.017904,-0.001745,0.000000,0.006981,-0.159178,0.000000,0.005931,0.000000,-0.114139,-0.001745,-0.002440,0.000000,-0.106509,-0.001745
1772127111.499,2571,1,1,0.0000,1.0000,0.0000,0.0000,0.0000,0.0000,0.0000,0.001745,0.001170,0.001639,0.000421,0.001647,0.005236,-0.005236,-0.011673,0.003491,-0.047921,0.003491,-0.002542,-0.005236,-0.016656,0.008727,-0.026604,-0.001745,0.000000,0.005236,-0.120376,0.000000,0.008809,0.000000,-0.111851,-0.003491,-0.007064,0.000000,-0.103801,-0.001745
1772127111.604,2574,1,1,0.0000,1.0000,0.0000,0.0000,0.0000,0.0000,0.0000,0.001745,0.002598,0.000299,0.001215,0.002400,0.005236,-0.005236,-0.003994,0.003491,-0.046831,0.003491,-0.013409,-0.005236,-0.017746,0.008727,-0.040665,-0.003491,0.000000,0.005236,0.019739,-0.001745,0.006205,0.000000,-0.111416,-0.001745,-0.004460,0.000000,-0.101312,-0.001745
1772127111.711,2577,1,1,0.0000,1.0000,0.0000,0.0000,0.0000,0.0000,0.0000,0.001454,0.001925,0.000470,0.000342,0.000602,0.005236,-0.005236,-0.007798,0.003491,-0.042866,0.000000,-0.011931,-0.005236,-0.021712,0.008727,-0.037381,-0.001745,0.000000,0.003491,0.010949,0.000000,0.008658,0.000000,-0.109145,-0.003491,-0.005168,0.000000,-0.098681,-0.001745
1772127111.808,2580,1,1,0.0000,0.9999,0.0000,0.0000,0.0000,0.0000,0.0000,0.001600,0.001759,0.000528,0.000508,0.000736,0.005236,-0.005236,-0.030077,0.003491,-0.039778,0.001745,-0.013266,-0.005236,-0.024799,0.008727,-0.042496,-0.001745,0.000000,0.003491,0.004672,-0.001745,0.012945,0.000000,-0.105307,-0.001745,-0.004218,0.000000,-0.095783,-0.001745
1772127111.913,2583,1,1,0.0014,0.9983,0.0000,0.0001,0.0000,0.0000,0.0002,0.001600,0.004900,0.000722,0.001359,0.000230,0.005236,-0.005236,-0.055495,0.003491,-0.041712,0.001745,-0.018838,-0.005236,-0.022865,0.008727,-0.053068,-0.003491,0.000000,0.003491,0.034782,0.000000,0.020529,0.000000,-0.087507,-0.003491,-0.006566,0.000000,-0.074998,-0.001745
1772127112.010,2586,1,1,0.0000,0.9999,0.0000,0.0001,0.0000,0.0000,0.0000,0.020962,0.098809,0.005106,0.006071,0.041159,0.003491,-0.005236,-0.523818,0.003491,-0.076495,0.001745,0.154081,-0.005236,0.011918,0.008727,0.068095,-0.001745,0.000000,0.003491,-0.456312,-0.001745,0.118619,0.000000,0.511245,-0.001745,-0.104657,0.000000,0.552355,-0.001745
1772127112.118,2589,1,1,0.0000,0.9791,0.0135,0.0072,0.0001,0.0000,0.0000,0.283388,0.303428,0.015323,0.007059,0.067778,0.005236,-0.005236,0.192541,0.003491,0.099727,0.003491,1.663077,-0.005236,-0.166049,0.008727,1.424363,-0.003491,0.000000,0.003491,0.262727,0.000000,0.106057,0.000000,1.534103,-0.001745,-0.076386,0.000000,1.734757,-0.001745
1772127112.225,2592,1,1,0.0001,0.8748,0.0990,0.0252,0.0008,0.0000,0.0000,0.243323,0.273022,0.015440,0.013772,0.028042,0.006981,-0.003491,0.469638,0.003491,-0.007229,0.001745,1.311714,-0.005236,-0.062584,0.008727,1.117582,-0.003491,0.000000,0.000000,0.614229,-0.003491,0.058784,-0.003491,1.259927,-0.003491,-0.023877,0.003491,1.339838,-0.003491
1772127112.324,2595,1,1,0.0000,0.9421,0.0507,0.0071,0.0001,0.0000,0.0000,0.221466,0.230218,0.013836,0.007156,0.009577,0.003491,-0.003491,0.548708,0.003491,0.094831,0.000000,1.023401,-0.006981,-0.155918,0.008727,0.974948,-0.003491,-0.019199,0.036652,0.401473,0.017453,0.026869,0.000000,0.992202,-0.001745,0.008037,0.000000,1.279924,-0.003491
1772127112.422,2598,1,1,0.0000,0.9627,0.0246,0.0126,0.0000,0.0000,0.0000,0.128266,0.150883,0.004759,0.001159,0.002569,0.003491,-0.003491,0.162300,0.003491,0.042820,0.005236,0.598671,-0.001745,-0.096925,0.006981,0.716207,-0.005236,-0.013963,0.029671,0.152481,0.005236,-0.012617,-0.006981,0.638931,-0.001745,0.044033,0.000000,0.940242,-0.003491
1772127112.528,2601,1,1,0.0000,0.9691,0.0162,0.0147,0.0000,0.0000,0.0000,0.065812,0.007316,0.005428,0.002357,0.011695,0.003491,-0.008727,-0.091285,0.001745,-0.000746,0.005236,0.342668,-0.005236,-0.060341,0.006981,0.429622,-0.003491,-0.013963,0.031416,-0.172317,0.006981,0.049389,-0.012217,-0.451300,-0.001745,-0.016228,-0.005236,-0.292213,-0.005236
1772127112.638,2604,1,1,0.0000,0.9970,0.0028,0.0002,0.0000,0.0000,0.0000,0.006694,0.007160,0.011411,0.008376,0.035978,0.003491,-0.008727,-0.109882,0.001745,-0.019203,0.005236,0.062869,-0.005236,-0.036648,0.006981,-0.028207,-0.005236,-0.012217,0.033161,-0.156906,0.005236,-0.002140,-0.012217,-0.196114,-0.001745,0.047518,-0.005236,-0.249661,-0.005236
1772127112.737,2607,1,1,0.0000,0.9997,0.0003,0.0000,0.0000,0.0000,0.0000,0.011680,0.006690,0.004711,0.010386,0.041538,0.003491,-0.008727,-0.501115,0.001745,-0.130546,0.005236,0.037534,-0.005236,0.085167,0.006981,-0.303870,-0.003491,-0.012217,0.029671,-0.683801,-0.001745,0.003715,-0.008727,-0.435284,-0.001745,0.046899,-0.003491,-0.398621,-0.003491
1772127112.845,2610,1,1,0.0000,0.9994,0.0006,0.0000,0.0000,0.0000,0.0000,0.001799,0.007272,0.021205,0.013019,0.013952,0.003491,-0.008727,-1.195161,0.001745,0.002394,0.005236,-0.887718,-0.005236,-0.039046,0.008727,-1.248651,-0.003491,-0.012217,0.031416,-0.412105,0.001745,0.013906,-0.012217,-0.369944,-0.001745,0.040200,-0.005236,-0.382395,-0.003491
1772127112.947,2613,1,1,0.0000,0.9996,0.0004,0.0000,0.0000,0.0000,0.0000,0.002333,0.006836,0.014732,0.010455,0.027134,0.006981,-0.012217,-0.474982,0.001745,-0.047197,0.003491,-0.783296,-0.005236,0.008800,0.006981,-0.821255,-0.005236,-0.012217,0.027925,-0.310241,0.001745,0.006357,-0.012217,-0.541548,-0.001745,0.046002,-0.006981,-0.631104,-0.005236
1772127113.053,2616,1,1,0.0000,0.9999,0.0001,0.0000,0.0000,0.0000,0.0000,0.002668,0.007580,0.003767,0.003987,0.001770,0.006981,-0.006981,-0.293076,0.001745,0.009330,0.006981,-0.514489,-0.001745,-0.045982,0.006981,-0.559530,-0.003491,-0.013963,0.026180,-0.139131,-0.003491,-0.010676,-0.013963,-0.349631,-0.001745,0.064781,-0.003491,-0.421220,-0.005236
1772127113.153,2619,1,1,0.0000,0.9999,0.0001,0.0000,0.0000,0.0000,0.0000,0.002036,0.007418,0.007284,0.002817,0.003398,0.006981,-0.006981,-0.212747,0.001745,-0.017605,0.006981,-0.393230,-0.001745,-0.020792,0.008727,-0.421133,-0.003491,-0.013963,0.026180,-0.088752,-0.003491,0.023815,-0.013963,-0.220323,-0.001745,0.039016,-0.003491,-0.266953,-0.005236
1772127113.257,2622,1,1,0.0000,0.9999,0.0001,0.0000,0.0000,0.0000,0.0000,0.001309,0.007563,0.000614,0.001276,0.000708,0.005236,-0.005236,-0.138450,0.000000,-0.021938,0.003491,-0.243200,-0.005236,-0.004242,0.006981,-0.262673,-0.003491,-0.015708,0.026180,-0.062389,0.000000,0.021662,-0.013963,-0.199772,-0.003491,0.042915,-0.003491,-0.225134,-0.003491
1772127113.363,2625,1,1,0.0000,0.9999,0.0000,0.0000,0.0000,0.0000,0.0000,0.019289,0.007563,0.000798,0.000248,0.000733,0.005236,-0.005236,-0.074579,0.000000,-0.021583,0.003491,0.215760,-0.005236,-0.004596,0.006981,-0.151084,-0.003491,-0.015708,0.024435,-0.049041,0.000000,0.016459,-0.013963,-0.163403,-0.001745,0.049863,-0.003491,-0.171258,-0.003491
1772127113.467,2628,1,1,0.0000,0.9999,0.0000,0.0000,0.0000,0.0000,0.0000,0.005958,0.007563,0.001531,0.000979,0.000878,0.005236,-0.003491,-0.039335,0.000000,-0.003498,0.003491,0.055788,-0.005236,-0.024427,0.006981,-0.106593,-0.003491,-0.015708,0.024435,-0.042955,0.000000,0.014397,-0.012217,-0.125726,-0.001745,0.051925,-0.003491,-0.125340,-0.003491
1772127113.569,2631,1,1,0.0000,0.9999,0.0000,0.0000,0.0000,0.0000,0.0000,0.006272,0.007563,0.000632,0.001750,0.001444,0.005236,-0.003491,-0.042976,0.000000,0.017869,0.003491,0.041685,-0.005236,-0.045795,0.006981,-0.101411,-0.003491,-0.015708,0.024435,-0.038275,-0.001745,0.018294,-0.012217,-0.109078,-0.001745,0.048028,-0.003491,-0.111576,-0.005236
