timestamp,frame,raw_pred,smooth_pred,prob_NoAct,prob_Loose,prob_UniL,prob_UniR,prob_TAsyL,prob_TAsyR,prob_TSym,R_err_mean,L_err_mean,R_trans_vel,L_trans_vel,rel_pos_rate_norm,R_joint_mean,L_joint_mean,R_err_raw_0,R_err_raw_1,R_err_raw_2,R_err_raw_3,R_err_raw_4,R_err_raw_5,R_err_raw_6,R_err_raw_7,R_err_raw_8,R_err_raw_9,R_err_raw_10,R_err_raw_11,L_err_raw_0,L_err_raw_1,L_err_raw_2,L_err_raw_3,L_err_raw_4,L_err_raw_5,L_err_raw_6,L_err_raw_7,L_err_raw_8,L_err_raw_9,L_err_raw_10,L_err_raw_11
1771633648.430,3,0,0,0.9977,0.0022,0.0000,0.0001,0.0000,0.0000,0.0001,0.011043,0.007116,0.000000,0.000000,0.000000,0.000000,0.000000,0.092376,0.000001,0.040143,0.000000,-0.094247,-0.036707,-0.005236,0.000000,-0.109956,-0.042693,0.000000,0.000000,0.081905,0.000000,0.001745,0.000000,-0.102974,-0.038453,0.000000,0.001745,-0.109956,-0.060146
1771633648.530,6,0,0,0.9977,0.0022,0.0000,0.0001,0.0000,0.0000,0.0001,0.011043,0.007116,0.000000,0.000000,0.000000,0.000000,0.000000,0.092376,0.000001,0.040143,0.000000,-0.094247,-0.036707,-0.005236,0.000000,-0.109956,-0.042693,0.000000,0.000000,0.081905,0.000000,0.001745,0.000000,-0.102974,-0.038453,0.000000,0.001745,-0.109956,-0.061892
1771633648.631,9,0,0,0.9977,0.0022,0.0000,0.0001,0.0000,0.0000,0.0001,0.010898,0.007116,0.000000,0.000000,0.000000,0.000000,0.000000,0.092376,0.000001,0.038397,0.000000,-0.094247,-0.036707,-0.005236,0.000000,-0.109956,-0.042693,0.000000,0.000000,0.081905,0.000000,0.001745,0.000000,-0.102974,-0.038453,0.000000,0.001745,-0.109956,-0.061892
1771633648.731,12,0,0,0.9977,0.0022,0.0000,0.0001,0.0000,0.0000,0.0001,0.011043,0.007116,0.000000,0.000000,0.000000,0.000000,0.000000,0.092376,0.000001,0.040143,0.000000,-0.094247,-0.036707,-0.005236,0.000000,-0.109956,-0.042693,0.000000,0.000000,0.081905,0.000000,0.001745,0.000000,-0.102974,-0.038453,0.000000,0.001745,-0.109956,-0.061892
1771633648.831,15,0,0,0.9977,0.0022,0.0000,0.0001,0.0000,0.0000,0.0001,0.011043,0.007116,0.000000,0.000000,0.000000,0.000000,0.000000,0.092376,0.000001,0.040143,0.000000,-0.094247,-0.036707,-0.005236,0.000000,-0.109956,-0.042693,0.000000,0.000000,0.081905,0.000000,0.001745,0.000000,-0.102974,-0.038453,0.000000,0.001745,-0.109956,-0.060146
1771633648.933,18,0,0,0.9977,0.0022,0.0000,0.0001,0.0000,0.0000,0.0001,0.011043,0.007116,0.000000,0.000000,0.000000,0.000000,0.000000,0.092376,0.000001,0.040143,0.000000,-0.094247,-0.036707,-0.005236,0.000000,-0.109956,-0.042693,0.000000,0.000000,0.081905,0.000000,0.001745,0.000000,-0.102974,-0.038453,0.000000,0.001745,-0.109956,-0.060146
1771633649.032,21,0,0,0.9977,0.0022,0.0000,0.0001,0.0000,0.0000,0.0001,0.011043,0.007116,0.000000,0.000000,0.000000,0.000000,0.000000,0.092376,0.000001,0.040143,0.000000,-0.094247,-0.036707,-0.005236,0.000000,-0.109956,-0.042693,0.000000,0.000000,0.081905,0.000000,0.001745,0.000000,-0.102974,-0.038453,0.000000,0.001745,-0.109956,-0.061892
1771633649.133,24,0,0,0.9977,0.0022,0.0000,0.0001,0.0000,0.0000,0.0001,0.011043,0.007116,0.000000,0.000000,0.000000,0.000000,0.000000,0.092376,0.000001,0.040143,0.000000,-0.094247,-0.036707,-0.005236,0.000000,-0.109956,-0.042693,0.000000,0.000000,0.081905,0.000000,0.001745,0.000000,-0.102974,-0.038453,0.000000,0.001745,-0.109956,-0.061892
1771633649.233,27,0,0,0.9977,0.0022,0.0000,0.0001,0.0000,0.0000,0.0001,0.011043,0.007116,0.000000,0.000000,0.000000,0.000000,0.000000,0.092376,0.000001,0.040143,0.000000,-0.094247,-0.036707,-0.005236,0.000000,-0.109956,-0.042693,0.000000,0.000000,0.081905,0.000000,0.001745,0.000000,-0.102974,-0.038453,0.000000,0.001745,-0.109956,-0.060146
1771633649.333,30,0,0,0.9977,0.0022,0.0000,0.0001,0.0000,0.0000,0.0001,0.011043,0.007116,0.000000,0.000000,0.000000,0.000000,0.000000,0.092376,0.000001,0.040143,0.000000,-0.094247,-0.036707,-0.005236,0.000000,-0.109956,-0.042693,0.000000,0.000000,0.081905,0.000000,0.001745,0.000000,-0.102974,-0.038453,0.000000,0.001745,-0.109956,-0.060146
1771633649.434,33,0,0,0.9977,0.0022,0.0000,0.0001,0.0000,0.0000,0.0001,0.011043,0.007116,0.000000,0.000000,0.000000,0.000000,0.000000,0.092376,0.000001,0.040143,0.000000,-0.094247,-0.036707,-0.005236,0.000000,-0.109956,-0.042693,0.000000,0.000000,0.081905,0.000000,0.001745,0.000000,-0.102974,-0.038453,0.000000,0.001745,-0.109956,-0.061892
1771633649.534,36,0,0,0.9977,0.0022,0.0000,0.0001,0.0000,0.0000,0.0001,0.011043,0.007116,0.000000,0.000000,0.000000,0.000000,0.000000,0.092376,0.000001,0.040143,0.000000,-0.094247,-0.036707,-0.005236,0.000000,-0.109956,-0.042693,0.000000,0.000000,0.081905,0.000000,0.001745,0.000000,-0.102974,-0.038453,0.000000,0.001745,-0.109956,-0.061892
1771633649.634,39,0,0,0.9977,0.0022,0.0000,0.0001,0.0000,0.0000,0.0001,0.011043,0.007116,0.000000,0.000000,0.000000,0.000000,0.000000,0.092376,0.000001,0.040143,0.000000,-0.094247,-0.036707,-0.005236,0.000000,-0.109956,-0.042693,0.000000,0.000000,0.081905,0.000000,0.001745,0.000000,-0.102974,-0.038453,0.000000,0.001745,-0.109956,-0.061892
1771633649.734,42,0,0,0.9977,0.0022,0.0000,0.0001,0.0000,0.0000,0.0001,0.011043,0.007116,0.000000,0.000000,0.000000,0.000000,0.000000,0.092376,0.000001,0.040143,0.000000,-0.094247,-0.036707,-0.005236,0.000000,-0.109956,-0.042693,0.000000,0.000000,0.081905,0.000000,0.001745,0.000000,-0.102974,-0.040198,0.000000,0.001745,-0.109956,-0.061892
1771633649.835,45,0,0,0.9977,0.0022,0.0000,0.0001,0.0000,0.0000,0.0001,0.011043,0.007116,0.000000,0.000000,0.000000,0.000000,0.000000,0.092376,0.000001,0.040143,0.000000,-0.094247,-0.036707,-0.005236,0.000000,-0.109956,-0.042693,0.000000,0.000000,0.081905,0.000000,0.001745,0.000000,-0.102974,-0.038453,0.000000,0.001745,-0.109956,-0.060146
1771633649.935,48,0,0,0.9977,0.0022,0.0000,0.0001,0.0000,0.0000,0.0001,0.011043,0.007116,0.000000,0.000000,0.000000,0.000000,0.000000,0.092376,0.000001,0.040143,0.000000,-0.094247,-0.036707,-0.005236,0.000000,-0.109956,-0.042693,0.000000,0.000000,0.081905,0.000000,0.001745,0.000000,-0.102974,-0.038453,0.000000,0.001745,-0.109956,-0.061892
1771633650.035,51,0,0,0.9977,0.0022,0.0000,0.0001,0.0000,0.0000,0.0001,0.011043,0.007116,0.000000,0.000000,0.000000,0.000000,0.000000,0.092376,0.000001,0.040143,0.000000,-0.094247,-0.036707,-0.005236,0.000000,-0.109956,-0.042693,0.000000,0.000000,0.081905,0.000000,0.001745,0.000000,-0.102974,-0.038453,0.000000,0.001745,-0.109956,-0.061892
1771633650.135,54,0,0,0.9977,0.0022,0.0000,0.0001,0.0000,0.0000,0.0001,0.011043,0.007116,0.000000,0.000000,0.000000,0.000000,0.000000,0.092376,0.000001,0.040143,0.000000,-0.094247,-0.036707,-0.005236,0.000000,-0.109956,-0.042693,0.000000,0.000000,0.081905,0.000000,0.001745,0.000000,-0.102974,-0.040198,0.000000,0.001745,-0.109956,-0.061892
1771633650.235,57,0,0,0.9977,0.0022,0.0000,0.0001,0.0000,0.0000,0.0001,0.011043,0.007116,0.000000,0.000000,0.000000,0.000000,0.000000,0.092376,0.000001,0.040143,0.000000,-0.095992,-0.036707,-0.005236,0.000000,-0.109956,-0.042693,0.000000,0.000000,0.081905,0.000000,0.001745,0.000000,-0.102974,-0.040198,0.000000,0.001745,-0.109956,-0.061892
1771633650.336,60,0,0,0.9977,0.0022,0.0000,0.0001,0.0000,0.0000,0.0001,0.011043,0.007116,0.000000,0.000000,0.000000,0.000000,0.000000,0.092376,0.000001,0.040143,0.000000,-0.094247,-0.036707,-0.005236,0.000000,-0.109956,-0.042693,0.000000,0.000000,0.081905,0.000000,0.001745,0.000000,-0.102974,-0.040198,0.000000,0.001745,-0.109956,-0.060146
1771633650.436,63,0,0,0.9977,0.0022,0.0000,0.0001,0.0000,0.0000,0.0001,0.011043,0.007116,0.000000,0.000000,0.000000,0.000000,0.000000,0.092376,0.000001,0.040143,0.000000,-0.094247,-0.036707,-0.005236,0.000000,-0.109956,-0.042693,0.000000,0.000000,0.081905,0.000000,0.001745,0.000000,-0.102974,-0.040198,0.000000,0.001745,-0.109956,-0.061892
1771633650.536,66,0,0,0.9977,0.0022,0.0000,0.0001,0.0000,0.0000,0.0001,0.011043,0.007116,0.000000,0.000000,0.000000,0.000000,0.000000,0.092376,0.000001,0.040143,0.000000,-0.094247,-0.036707,-0.005236,0.000000,-0.109956,-0.042693,0.000000,0.000000,0.081905,0.000000,0.001745,0.000000,-0.102974,-0.038453,0.000000,0.001745,-0.109956,-0.061892
1771633650.637,69,0,0,0.9977,0.0022,0.0000,0.0001,0.0000,0.0000,0.0001,0.011043,0.007116,0.000000,0.000000,0.000000,0.000000,0.000000,0.092376,0.000001,0.040143,0.000000,-0.094247,-0.036707,-0.005236,0.000000,-0.109956,-0.042693,0.000000,0.000000,0.081905,0.000000,0.001745,0.000000,-0.102974,-0.040198,0.000000,0.001745,-0.109956,-0.060146
1771633650.737,72,0,0,0.9977,0.0022,0.0000,0.0001,0.0000,0.0000,0.0001,0.011043,0.007116,0.000000,0.000000,0.000000,0.000000,0.000000,0.092376,0.000001,0.040143,0.000000,-0.094247,-0.036707,-0.005236,0.000000,-0.109956,-0.042693,0.000000,0.000000,0.081905,0.000000,0.001745,0.000000,-0.102974,-0.038453,0.000000,0.001745,-0.109956,-0.061892
1771633650.837,75,0,0,0.9977,0.0022,0.0000,0.0001,0.0000,0.0000,0.0001,0.011043,0.007116,0.000000,0.000000,0.000000,0.000000,0.000000,0.092376,0.000001,0.040143,0.000000,-0.094247,-0.036707,-0.005236,0.000000,-0.109956,-0.042693,0.000000,0.000000,0.081905,0.000000,0.001745,0.000000,-0.102974,-0.038453,0.000000,0.001745,-0.109956,-0.061892
1771633650.937,78,0,0,0.9977,0.0022,0.0000,0.0001,0.0000,0.0000,0.0001,0.011043,0.007116,0.000000,0.000000,0.000000,0.000000,0.000000,0.092376,0.000001,0.040143,0.000000,-0.094247,-0.036707,-0.005236,0.000000,-0.109956,-0.042693,0.000000,0.000000,0.081905,0.000000,0.001745,0.000000,-0.102974,-0.038453,0.000000,0.001745,-0.109956,-0.061892
1771633651.039,81,0,0,0.9977,0.0022,0.0000,0.0001,0.0000,0.0000,0.0001,0.011043,0.007116,0.000000,0.000000,0.000000,0.000000,0.000000,0.092376,0.000001,0.040143,0.000000,-0.094247,-0.036707,-0.005236,0.000000,-0.109956,-0.042693,0.000000,0.000000,0.081905,0.000000,0.001745,0.000000,-0.102974,-0.038453,0.000000,0.001745,-0.109956,-0.060146
1771633651.138,84,0,0,0.9977,0.0022,0.0000,0.0001,0.0000,0.0000,0.0001,0.011043,0.007116,0.000000,0.000000,0.000000,0.000000,0.000000,0.092376,0.000001,0.040143,0.000000,-0.094247,-0.036707,-0.005236,0.000000,-0.109956,-0.042693,0.000000,0.000000,0.081905,0.000000,0.001745,0.000000,-0.102974,-0.038453,0.000000,0.001745,-0.109956,-0.061892
1771633651.238,87,0,0,0.9977,0.0022,0.0000,0.0001,0.0000,0.0000,0.0001,0.011043,0.007116,0.000000,0.000000,0.000000,0.000000,0.000000,0.092376,0.000001,0.040143,0.000000,-0.094247,-0.036707,-0.005236,0.000000,-0.109956,-0.042693,0.000000,0.000000,0.081905,0.000000,0.001745,0.000000,-0.102974,-0.038453,0.000000,0.001745,-0.109956,-0.060146
1771633651.339,90,0,0,0.9977,0.0022,0.0000,0.0001,0.0000,0.0000,0.0001,0.011043,0.007116,0.000000,0.000000,0.000000,0.000000,0.000000,0.092376,0.000001,0.040143,0.000000,-0.094247,-0.036707,-0.005236,0.000000,-0.109956,-0.042693,0.000000,0.000000,0.081905,0.000000,0.001745,0.000000,-0.102974,-0.038453,0.000000,0.001745,-0.109956,-0.061892
1771633651.439,93,0,0,0.9977,0.0022,0.0000,0.0001,0.0000,0.0000,0.0001,0.011043,0.007116,0.000000,0.000000,0.000000,0.000000,0.000000,0.092376,0.000001,0.040143,0.000000,-0.094247,-0.036707,-0.005236,0.000000,-0.109956,-0.042693,0.000000,0.000000,0.081905,0.000000,0.001745,0.000000,-0.102974,-0.038453,0.000000,0.001745,-0.109956,-0.060146
1771633651.539,96,0,0,0.9977,0.0022,0.0000,0.0001,0.0000,0.0000,0.0001,0.011043,0.007116,0.000000,0.000000,0.000000,0.000000,0.000000,0.092376,0.000001,0.040143,0.000000,-0.094247,-0.036707,-0.005236,0.000000,-0.109956,-0.042693,0.000000,0.000000,0.081905,0.000000,0.001745,0.000000,-0.102974,-0.038453,0.000000,0.001745,-0.109956,-0.061892
1771633651.639,99,0,0,0.9977,0.0022,0.0000,0.0001,0.0000,0.0000,0.0001,0.011043,0.007116,0.000000,0.000000,0.000000,0.000000,0.000000,0.092376,0.000001,0.040143,0.000000,-0.094247,-0.036707,-0.005236,0.000000,-0.109956,-0.042693,0.000000,0.000000,0.081905,0.000000,0.001745,0.000000,-0.102974,-0.038453,0.000000,0.001745,-0.109956,-0.060146
1771633651.739,102,0,0,0.9977,0.0022,0.0000,0.0001,0.0000,0.0000,0.0001,0.011043,0.007116,0.000000,0.000000,0.000000,0.000000,0.000000,0.092376,0.000001,0.040143,0.000000,-0.094247,-0.036707,-0.005236,0.000000,-0.109956,-0.042693,0.000000,0.000000,0.081905,0.000000,0.001745,0.000000,-0.102974,-0.038453,0.000000,0.001745,-0.109956,-0.061892
1771633651.839,105,0,0,0.9977,0.0022,0.0000,0.0001,0.0000,0.0000,0.0001,0.011043,0.007116,0.000000,0.000000,0.000000,0.000000,0.000000,0.092376,0.000001,0.040143,0.000000,-0.094247,-0.036707,-0.005236,0.000000,-0.109956,-0.042693,0.000000,0.000000,0.081905,0.000000,0.001745,0.000000,-0.102974,-0.038453,0.000000,0.001745,-0.109956,-0.061892
1771633651.940,108,0,0,0.9977,0.0022,0.0000,0.0001,0.0000,0.0000,0.0001,0.011043,0.007116,0.000000,0.000000,0.000000,0.000000,0.000000,0.092376,0.000001,0.040143,0.000000,-0.094247,-0.036707,-0.005236,0.000000,-0.109956,-0.042693,0.000000,0.000000,0.081905,0.000000,0.001745,0.000000,-0.102974,-0.038453,0.000000,0.001745,-0.109956,-0.061892
1771633652.040,111,0,0,0.9977,0.0022,0.0000,0.0001,0.0000,0.0000,0.0001,0.011043,0.007116,0.000000,0.000000,0.000000,0.000000,0.000000,0.092376,0.000001,0.040143,0.000000,-0.094247,-0.036707,-0.005236,0.000000,-0.109956,-0.042693,0.000000,0.000000,0.081905,0.000000,0.001745,0.000000,-0.102974,-0.040198,0.000000,0.001745,-0.109956,-0.061892
1771633652.140,114,0,0,0.9977,0.0022,0.0000,0.0001,0.0000,0.0000,0.0001,0.011043,0.007116,0.000000,0.000000,0.000000,0.000000,0.000000,0.092376,0.000001,0.040143,0.000000,-0.094247,-0.036707,-0.005236,0.000000,-0.109956,-0.042693,0.000000,0.000000,0.081905,0.000000,0.001745,0.000000,-0.102974,-0.038453,0.000000,0.001745,-0.109956,-0.060146
1771633652.240,117,0,0,0.9977,0.0022,0.0000,0.0001,0.0000,0.0000,0.0001,0.011043,0.007116,0.000000,0.000000,0.000000,0.000000,0.000000,0.092376,0.000001,0.040143,0.000000,-0.094247,-0.036707,-0.005236,0.000000,-0.109956,-0.042693,0.000000,0.000000,0.081905,0.000000,0.001745,0.000000,-0.102974,-0.038453,0.000000,0.001745,-0.109956,-0.060146
1771633652.341,120,0,0,0.9977,0.0022,0.0000,0.0001,0.0000,0.0000,0.0001,0.011043,0.007116,0.000000,0.000000,0.000000,0.000000,0.000000,0.092376,0.000001,0.040143,0.000000,-0.094247,-0.036707,-0.005236,0.000000,-0.109956,-0.042693,0.000000,0.000000,0.081905,0.000000,0.001745,0.000000,-0.102974,-0.038453,0.000000,0.001745,-0.108210,-0.061892
1771633652.441,123,0,0,0.9977,0.0022,0.0000,0.0001,0.0000,0.0000,0.0001,0.010898,0.007116,0.000000,0.000000,0.000000,0.000000,0.000000,0.092376,0.000001,0.038397,0.000000,-0.094247,-0.036707,-0.005236,0.000000,-0.109956,-0.042693,0.000000,0.000000,0.081905,0.000000,0.001745,0.000000,-0.102974,-0.038453,0.000000,0.001745,-0.109956,-0.061892
1771633652.541,126,0,0,0.9977,0.0022,0.0000,0.0001,0.0000,0.0000,0.0001,0.011043,0.007116,0.000000,0.000000,0.000000,0.000000,0.000000,0.092376,0.000001,0.040143,0.000000,-0.094247,-0.036707,-0.005236,0.000000,-0.109956,-0.042693,0.000000,0.000000,0.081905,0.000000,0.001745,0.000000,-0.102974,-0.038453,0.000000,0.001745,-0.109956,-0.061892
1771633652.641,129,0,0,0.9977,0.0022,0.0000,0.0001,0.0000,0.0000,0.0001,0.011043,0.007116,0.000000,0.000000,0.000000,0.000000,0.000000,0.092376,0.000001,0.040143,0.000000,-0.094247,-0.036707,-0.005236,0.000000,-0.109956,-0.042693,0.000000,0.000000,0.081905,0.000000,0.001745,0.000000,-0.102974,-0.038453,0.000000,0.001745,-0.109956,-0.060146
1771633652.742,132,0,0,0.9977,0.0022,0.0000,0.0001,0.0000,0.0000,0.0001,0.011043,0.007116,0.000000,0.000000,0.000000,0.000000,0.000000,0.092376,0.000001,0.040143,0.000000,-0.094247,-0.036707,-0.005236,0.000000,-0.109956,-0.042693,0.000000,0.000000,0.081905,0.000000,0.001745,0.000000,-0.102974,-0.038453,0.000000,0.001745,-0.109956,-0.060146
1771633652.842,135,0,0,0.9977,0.0022,0.0000,0.0001,0.0000,0.0000,0.0001,0.011043,0.007116,0.000000,0.000000,0.000000,0.000000,0.000000,0.092376,0.000001,0.040143,0.000000,-0.094247,-0.036707,-0.005236,0.000000,-0.109956,-0.042693,0.000000,0.000000,0.081905,0.000000,0.001745,0.000000,-0.102974,-0.038453,0.000000,0.001745,-0.109956,-0.060146
1771633652.942,138,0,0,0.9977,0.0022,0.0000,0.0001,0.0000,0.0000,0.0001,0.011043,0.007116,0.000000,0.000000,0.000000,0.000000,0.000000,0.092376,0.000001,0.040143,0.000000,-0.094247,-0.036707,-0.005236,0.000000,-0.109956,-0.042693,0.000000,0.000000,0.081905,0.000000,0.001745,0.000000,-0.102974,-0.038453,0.000000,0.001745,-0.109956,-0.061892
1771633653.042,141,0,0,0.9977,0.0022,0.0000,0.0001,0.0000,0.0000,0.0001,0.011043,0.007116,0.000000,0.000000,0.000000,0.000000,0.000000,0.092376,0.000001,0.040143,0.000000,-0.094247,-0.036707,-0.005236,0.000000,-0.109956,-0.042693,0.000000,0.000000,0.081905,0.000000,0.001745,0.000000,-0.102974,-0.038453,0.000000,0.001745,-0.109956,-0.061892
1771633653.144,144,0,0,0.9977,0.0022,0.0000,0.0001,0.0000,0.0000,0.0001,0.011043,0.007116,0.000000,0.000000,0.000000,0.000000,0.000000,0.092376,0.000001,0.040143,0.000000,-0.094247,-0.036707,-0.005236,0.000000,-0.109956,-0.042693,0.000000,0.000000,0.081905,0.000000,0.001745,0.000000,-0.102974,-0.038453,0.000000,0.001745,-0.109956,-0.060146
1771633653.244,147,0,0,0.9977,0.0022,0.0000,0.0001,0.0000,0.0000,0.0001,0.011043,0.007116,0.000000,0.000000,0.000000,0.000000,0.000000,0.092376,0.000001,0.040143,0.000000,-0.094247,-0.036707,-0.005236,0.000000,-0.109956,-0.042693,0.000000,0.000000,0.081905,0.000000,0.001745,0.000000,-0.102974,-0.040198,0.000000,0.001745,-0.109956,-0.061892
1771633653.344,150,0,0,0.9977,0.0022,0.0000,0.0001,0.0000,0.0000,0.0001,0.011043,0.007116,0.000000,0.000000,0.000000,0.000000,0.000000,0.092376,0.000001,0.040143,0.000000,-0.094247,-0.036707,-0.005236,0.000000,-0.109956,-0.042693,0.000000,0.000000,0.081905,0.000000,0.001745,0.000000,-0.102974,-0.040198,0.000000,0.001745,-0.109956,-0.060146
1771633653.445,153,0,0,0.9977,0.0022,0.0000,0.0001,0.0000,0.0000,0.0001,0.011043,0.007116,0.000000,0.000000,0.000000,0.000000,0.000000,0.092376,0.000001,0.040143,0.000000,-0.094247,-0.036707,-0.005236,0.000000,-0.109956,-0.042693,0.000000,0.000000,0.081905,0.000000,0.001745,0.000000,-0.102974,-0.038453,0.000000,0.001745,-0.109956,-0.060146
1771633653.545,156,0,0,0.9977,0.0022,0.0000,0.0001,0.0000,0.0000,0.0001,0.011043,0.007116,0.000000,0.000000,0.000000,0.000000,0.000000,0.092376,0.000001,0.040143,0.000000,-0.094247,-0.036707,-0.005236,0.000000,-0.109956,-0.042693,0.000000,0.000000,0.081905,0.000000,0.001745,0.000000,-0.102974,-0.038453,0.000000,0.001745,-0.108210,-0.061892
1771633653.645,159,0,0,0.9977,0.0022,0.0000,0.0001,0.0000,0.0000,0.0001,0.011043,0.007116,0.000000,0.000000,0.000000,0.000000,0.000000,0.092376,0.000001,0.040143,0.000000,-0.094247,-0.036707,-0.005236,0.000000,-0.109956,-0.042693,0.000000,0.000000,0.081905,0.000000,0.001745,0.000000,-0.102974,-0.038453,0.000000,0.001745,-0.108210,-0.061892
1771633653.746,162,0,0,0.9977,0.0022,0.0000,0.0001,0.0000,0.0000,0.0001,0.011043,0.007116,0.000000,0.000000,0.000000,0.000000,0.000000,0.092376,0.000001,0.040143,0.000000,-0.094247,-0.036707,-0.005236,0.000000,-0.109956,-0.042693,0.000000,0.000000,0.081905,0.000000,0.001745,0.000000,-0.102974,-0.040198,0.000000,0.001745,-0.109956,-0.061892
1771633653.846,165,0,0,0.9977,0.0022,0.0000,0.0001,0.0000,0.0000,0.0001,0.011043,0.007116,0.000000,0.000000,0.000000,0.000000,0.000000,0.092376,0.000001,0.040143,0.000000,-0.094247,-0.036707,-0.005236,0.000000,-0.109956,-0.042693,0.000000,0.000000,0.081905,0.000000,0.001745,0.000000,-0.102974,-0.038453,0.000000,0.001745,-0.109956,-0.061892
1771633653.946,168,0,0,0.9977,0.0022,0.0000,0.0001,0.0000,0.0000,0.0001,0.011043,0.007116,0.000000,0.000000,0.000000,0.000000,0.000000,0.092376,0.000001,0.040143,0.000000,-0.094247,-0.038453,-0.005236,0.000000,-0.109956,-0.042693,0.000000,0.000000,0.081905,0.000000,0.001745,0.000000,-0.102974,-0.038453,0.000000,0.001745,-0.109956,-0.061892
1771633654.047,171,0,0,0.9977,0.0022,0.0000,0.0001,0.0000,0.0000,0.0001,0.011043,0.007116,0.000000,0.000000,0.000000,0.000000,0.000000,0.092376,0.000001,0.040143,0.000000,-0.094247,-0.036707,-0.005236,0.000000,-0.109956,-0.042693,0.000000,0.000000,0.081905,0.000000,0.001745,0.000000,-0.102974,-0.038453,0.000000,0.001745,-0.109956,-0.061892
1771633654.147,174,0,0,0.9977,0.0022,0.0000,0.0001,0.0000,0.0000,0.0001,0.011043,0.007116,0.000000,0.000000,0.000000,0.000000,0.000000,0.092376,0.000001,0.040143,0.000000,-0.095992,-0.036707,-0.005236,0.000000,-0.109956,-0.042693,0.000000,0.000000,0.081905,0.000000,0.001745,0.000000,-0.102974,-0.038453,0.000000,0.001745,-0.109956,-0.061892
1771633654.248,177,0,0,0.9977,0.0022,0.0000,0.0001,0.0000,0.0000,0.0001,0.011043,0.007116,0.000000,0.000000,0.000000,0.000000,0.000000,0.092376,0.000001,0.040143,0.000000,-0.094247,-0.036707,-0.005236,0.000000,-0.109956,-0.042693,0.000000,0.000000,0.081905,0.000000,0.001745,0.000000,-0.102974,-0.038453,0.000000,0.001745,-0.109956,-0.060146
1771633654.348,180,0,0,0.9977,0.0022,0.0000,0.0001,0.0000,0.0000,0.0001,0.011043,0.007116,0.000000,0.000000,0.000000,0.000000,0.000000,0.092376,0.000001,0.040143,0.000000,-0.094247,-0.036707,-0.005236,0.000000,-0.109956,-0.042693,0.000000,0.000000,0.081905,0.000000,0.001745,0.000000,-0.102974,-0.038453,0.000000,0.001745,-0.109956,-0.061892
1771633654.448,183,0,0,0.9977,0.0022,0.0000,0.0001,0.0000,0.0000,0.0001,0.011043,0.007116,0.000000,0.000000,0.000000,0.000000,0.000000,0.092376,0.000001,0.040143,0.000000,-0.094247,-0.036707,-0.005236,0.000000,-0.109956,-0.042693,0.000000,0.000000,0.081905,0.000000,0.001745,0.000000,-0.102974,-0.038453,0.000000,0.001745,-0.109956,-0.061892
1771633654.548,186,0,0,0.9977,0.0022,0.0000,0.0001,0.0000,0.0000,0.0001,0.010898,0.007116,0.000000,0.000000,0.000000,0.000000,0.000000,0.092376,0.000001,0.038397,0.000000,-0.095992,-0.036707,-0.005236,0.000000,-0.109956,-0.042693,0.000000,0.000000,0.081905,0.000000,0.001745,0.000000,-0.102974,-0.038453,0.000000,0.001745,-0.109956,-0.061892
1771633654.648,189,0,0,0.9977,0.0022,0.0000,0.0001,0.0000,0.0000,0.0001,0.011043,0.007116,0.000000,0.000000,0.000000,0.000000,0.000000,0.092376,0.000001,0.040143,0.000000,-0.094247,-0.036707,-0.005236,0.000000,-0.109956,-0.042693,0.000000,0.000000,0.081905,0.000000,0.001745,0.000000,-0.102974,-0.038453,0.000000,0.001745,-0.109956,-0.060146
1771633654.750,192,0,0,0.9977,0.0022,0.0000,0.0001,0.0000,0.0000,0.0001,0.011043,0.007116,0.000000,0.000000,0.000000,0.000000,0.000000,0.092376,0.000001,0.040143,0.000000,-0.094247,-0.038453,-0.005236,0.000000,-0.109956,-0.042693,0.000000,0.000000,0.081905,0.000000,0.001745,0.000000,-0.102974,-0.038453,0.000000,0.001745,-0.109956,-0.061892
1771633654.849,195,0,0,0.9977,0.0022,0.0000,0.0001,0.0000,0.0000,0.0001,0.011043,0.007116,0.000000,0.000000,0.000000,0.000000,0.000000,0.092376,0.000001,0.040143,0.000000,-0.094247,-0.036707,-0.005236,0.000000,-0.109956,-0.042693,0.000000,0.000000,0.081905,0.000000,0.001745,0.000000,-0.102974,-0.038453,0.000000,0.001745,-0.109956,-0.061892
1771633654.950,198,0,0,0.9977,0.0022,0.0000,0.0001,0.0000,0.0000,0.0001,0.011043,0.007116,0.000000,0.000000,0.000000,0.000000,0.000000,0.092376,0.000001,0.040143,0.000000,-0.094247,-0.036707,-0.005236,0.000000,-0.109956,-0.042693,0.000000,0.000000,0.081905,0.000000,0.001745,0.000000,-0.102974,-0.038453,0.000000,0.001745,-0.109956,-0.061892
1771633655.050,201,0,0,0.9977,0.0022,0.0000,0.0001,0.0000,0.0000,0.0001,0.011043,0.007116,0.000000,0.000000,0.000000,0.000000,0.000000,0.092376,0.000001,0.040143,0.000000,-0.094247,-0.036707,-0.005236,0.000000,-0.109956,-0.042693,0.000000,0.000000,0.081905,0.000000,0.001745,0.000000,-0.102974,-0.038453,0.000000,0.001745,-0.109956,-0.061892
1771633655.150,204,0,0,0.9977,0.0022,0.0000,0.0001,0.0000,0.0000,0.0001,0.011043,0.007116,0.000000,0.000000,0.000000,0.000000,0.000000,0.092376,0.000001,0.040143,0.000000,-0.094247,-0.036707,-0.005236,0.000000,-0.109956,-0.042693,0.000000,0.000000,0.081905,0.000000,0.001745,0.000000,-0.102974,-0.038453,0.000000,0.001745,-0.109956,-0.061892
1771633655.250,207,0,0,0.9977,0.0022,0.0000,0.0001,0.0000,0.0000,0.0001,0.011043,0.007116,0.000000,0.000000,0.000000,0.000000,0.000000,0.092376,0.000001,0.040143,0.000000,-0.094247,-0.036707,-0.005236,0.000000,-0.109956,-0.042693,0.000000,0.000000,0.081905,0.000000,0.001745,0.000000,-0.102974,-0.038453,0.000000,0.001745,-0.109956,-0.061892
1771633655.350,210,0,0,0.9977,0.0022,0.0000,0.0001,0.0000,0.0000,0.0001,0.011043,0.007116,0.000000,0.000000,0.000000,0.000000,0.000000,0.092376,0.000001,0.040143,0.000000,-0.094247,-0.036707,-0.005236,0.000000,-0.109956,-0.042693,0.000000,0.000000,0.081905,0.000000,0.001745,0.000000,-0.102974,-0.038453,0.000000,0.001745,-0.109956,-0.061892
1771633655.450,213,0,0,0.9977,0.0022,0.0000,0.0001,0.0000,0.0000,0.0001,0.011189,0.007116,0.000000,0.000000,0.000000,0.000000,0.000000,0.094122,0.000001,0.040143,0.000000,-0.094247,-0.036707,-0.005236,0.000000,-0.109956,-0.042693,0.000000,0.000000,0.081905,0.000000,0.001745,0.000000,-0.102974,-0.038453,0.000000,0.001745,-0.109956,-0.060146
1771633655.550,216,0,0,0.9977,0.0022,0.0000,0.0001,0.0000,0.0000,0.0001,0.010898,0.007116,0.000000,0.000000,0.000000,0.000000,0.000000,0.092376,0.000001,0.038397,0.000000,-0.094247,-0.036707,-0.005236,0.000000,-0.109956,-0.042693,0.000000,0.000000,0.081905,0.000000,0.001745,0.000000,-0.102974,-0.038453,0.000000,0.001745,-0.109956,-0.061892
1771633655.651,219,0,0,0.9977,0.0022,0.0000,0.0001,0.0000,0.0000,0.0001,0.011043,0.007116,0.000000,0.000000,0.000000,0.000000,0.000000,0.092376,0.000001,0.040143,0.000000,-0.094247,-0.036707,-0.005236,0.000000,-0.109956,-0.042693,0.000000,0.000000,0.081905,0.000000,0.001745,0.000000,-0.102974,-0.038453,0.000000,0.001745,-0.109956,-0.060146
1771633655.751,222,0,0,0.9977,0.0022,0.0000,0.0001,0.0000,0.0000,0.0001,0.011043,0.007116,0.000000,0.000000,0.000000,0.000000,0.000000,0.092376,0.000001,0.040143,0.000000,-0.094247,-0.036707,-0.005236,0.000000,-0.109956,-0.042693,0.000000,0.000000,0.081905,0.000000,0.001745,0.000000,-0.102974,-0.038453,0.000000,0.001745,-0.109956,-0.060146
1771633655.852,225,0,0,0.9977,0.0022,0.0000,0.0001,0.0000,0.0000,0.0001,0.011043,0.007116,0.000000,0.000000,0.000000,0.000000,0.000000,0.092376,0.000001,0.040143,0.000000,-0.094247,-0.036707,-0.005236,0.000000,-0.109956,-0.042693,0.000000,0.000000,0.081905,0.000000,0.001745,0.000000,-0.102974,-0.038453,0.000000,0.001745,-0.109956,-0.061892
1771633655.951,228,0,0,0.9977,0.0022,0.0000,0.0001,0.0000,0.0000,0.0001,0.011043,0.007116,0.000000,0.000000,0.000000,0.000000,0.000000,0.092376,0.000001,0.040143,0.000000,-0.094247,-0.036707,-0.005236,0.000000,-0.109956,-0.042693,0.000000,0.000000,0.081905,0.000000,0.001745,0.000000,-0.102974,-0.038453,0.000000,0.001745,-0.109956,-0.061892
1771633656.052,231,0,0,0.9977,0.0022,0.0000,0.0001,0.0000,0.0000,0.0001,0.011043,0.007116,0.000000,0.000000,0.000000,0.000000,0.000000,0.092376,0.000001,0.040143,0.000000,-0.095992,-0.036707,-0.005236,0.000000,-0.109956,-0.042693,0.000000,0.000000,0.081905,0.000000,0.001745,0.000000,-0.102974,-0.038453,0.000000,0.001745,-0.109956,-0.061892
1771633656.152,234,0,0,0.9977,0.0022,0.0000,0.0001,0.0000,0.0000,0.0001,0.011043,0.007116,0.000000,0.000000,0.000000,0.000000,0.000000,0.092376,0.000001,0.040143,0.000000,-0.094247,-0.036707,-0.005236,0.000000,-0.109956,-0.042693,0.000000,0.000000,0.081905,0.000000,0.001745,0.000000,-0.102974,-0.040198,0.000000,0.001745,-0.109956,-0.061892
1771633656.253,237,0,0,0.9977,0.0022,0.0000,0.0001,0.0000,0.0000,0.0001,0.011043,0.007116,0.000000,0.000000,0.000000,0.000000,0.000000,0.092376,0.000001,0.040143,0.000000,-0.094247,-0.036707,-0.005236,0.000000,-0.109956,-0.042693,0.000000,0.000000,0.081905,0.000000,0.001745,0.000000,-0.102974,-0.038453,0.000000,0.001745,-0.109956,-0.061892
1771633656.352,240,0,0,0.9977,0.0022,0.0000,0.0001,0.0000,0.0000,0.0001,0.011043,0.007116,0.000000,0.000000,0.000000,0.000000,0.000000,0.092376,0.000001,0.040143,0.000000,-0.095992,-0.036707,-0.005236,0.000000,-0.109956,-0.042693,0.000000,0.000000,0.081905,0.000000,0.001745,0.000000,-0.102974,-0.038453,0.000000,0.001745,-0.109956,-0.060146
1771633656.452,243,0,0,0.9977,0.0022,0.0000,0.0001,0.0000,0.0000,0.0001,0.011043,0.007116,0.000000,0.000000,0.000000,0.000000,0.000000,0.092376,0.000001,0.040143,0.000000,-0.094247,-0.036707,-0.005236,0.000000,-0.109956,-0.042693,0.000000,0.000000,0.081905,0.000000,0.001745,0.000000,-0.102974,-0.038453,0.000000,0.001745,-0.109956,-0.060146
1771633656.553,246,0,0,0.9977,0.0022,0.0000,0.0001,0.0000,0.0000,0.0001,0.011043,0.007116,0.000000,0.000000,0.000000,0.000000,0.000000,0.092376,0.000001,0.040143,0.000000,-0.094247,-0.036707,-0.005236,0.000000,-0.109956,-0.042693,0.000000,0.000000,0.081905,0.000000,0.001745,0.000000,-0.102974,-0.038453,0.000000,0.001745,-0.109956,-0.060146
1771633656.653,249,0,0,0.9977,0.0022,0.0000,0.0001,0.0000,0.0000,0.0001,0.011043,0.007116,0.000000,0.000000,0.000000,0.000000,0.000000,0.092376,0.000001,0.040143,0.000000,-0.094247,-0.036707,-0.005236,0.000000,-0.109956,-0.042693,0.000000,0.000000,0.081905,0.000000,0.001745,0.000000,-0.102974,-0.040198,0.000000,0.001745,-0.109956,-0.060146
1771633656.753,252,0,0,0.9977,0.0022,0.0000,0.0001,0.0000,0.0000,0.0001,0.011043,0.007116,0.000000,0.000000,0.000000,0.000000,0.000000,0.092376,0.000001,0.040143,0.000000,-0.094247,-0.036707,-0.005236,0.000000,-0.109956,-0.042693,0.000000,0.000000,0.081905,0.000000,0.001745,0.000000,-0.102974,-0.040198,0.000000,0.001745,-0.109956,-0.060146
1771633656.853,255,0,0,0.9977,0.0022,0.0000,0.0001,0.0000,0.0000,0.0001,0.011043,0.007116,0.000000,0.000000,0.000000,0.000000,0.000000,0.092376,0.000001,0.040143,0.000000,-0.094247,-0.036707,-0.005236,0.000000,-0.109956,-0.042693,0.000000,0.000000,0.081905,0.000000,0.001745,0.000000,-0.102974,-0.038453,0.000000,0.001745,-0.109956,-0.061892
1771633656.954,258,0,0,0.9977,0.0022,0.0000,0.0001,0.0000,0.0000,0.0001,0.011043,0.007116,0.000000,0.000000,0.000000,0.000000,0.000000,0.092376,0.000001,0.040143,0.000000,-0.094247,-0.036707,-0.005236,0.000000,-0.109956,-0.042693,0.000000,0.000000,0.081905,0.000000,0.001745,0.000000,-0.102974,-0.038453,0.000000,0.001745,-0.109956,-0.061892
1771633657.054,261,0,0,0.9977,0.0022,0.0000,0.0001,0.0000,0.0000,0.0001,0.011043,0.007116,0.000000,0.000000,0.000000,0.000000,0.000000,0.092376,0.000001,0.040143,0.000000,-0.094247,-0.036707,-0.005236,0.000000,-0.109956,-0.042693,0.000000,0.000000,0.081905,0.000000,0.001745,0.000000,-0.102974,-0.038453,0.000000,0.001745,-0.109956,-0.061892
1771633657.154,264,0,0,0.9977,0.0022,0.0000,0.0001,0.0000,0.0000,0.0001,0.010898,0.007116,0.000000,0.000000,0.000000,0.000000,0.000000,0.092376,0.000001,0.038397,0.000000,-0.094247,-0.036707,-0.005236,0.000000,-0.109956,-0.042693,0.000000,0.000000,0.081905,0.000000,0.001745,0.000000,-0.102974,-0.038453,0.000000,0.001745,-0.109956,-0.061892
1771633657.254,267,0,0,0.9977,0.0022,0.0000,0.0001,0.0000,0.0000,0.0001,0.011043,0.007116,0.000000,0.000000,0.000000,0.000000,0.000000,0.092376,0.000001,0.040143,0.000000,-0.094247,-0.036707,-0.005236,0.000000,-0.109956,-0.042693,0.000000,0.000000,0.081905,0.000000,0.001745,0.000000,-0.102974,-0.038453,0.000000,0.001745,-0.109956,-0.060146
1771633657.354,270,0,0,0.9977,0.0022,0.0000,0.0001,0.0000,0.0000,0.0001,0.011043,0.007116,0.000000,0.000000,0.000000,0.000000,0.000000,0.092376,0.000001,0.040143,0.000000,-0.094247,-0.036707,-0.005236,0.000000,-0.109956,-0.042693,0.000000,0.000000,0.081905,0.000000,0.001745,0.000000,-0.102974,-0.038453,0.000000,0.001745,-0.109956,-0.061892
1771633657.455,273,0,0,0.9977,0.0022,0.0000,0.0001,0.0000,0.0000,0.0001,0.011043,0.007116,0.000000,0.000000,0.000000,0.000000,0.000000,0.092376,0.000001,0.040143,0.000000,-0.094247,-0.036707,-0.005236,0.000000,-0.109956,-0.042693,0.000000,0.000000,0.081905,0.000000,0.001745,0.000000,-0.102974,-0.038453,0.000000,0.001745,-0.109956,-0.061892
1771633657.564,276,0,0,0.8555,0.1293,0.0011,0.0039,0.0002,0.0001,0.0100,0.098588,0.118606,0.000000,0.000000,0.000000,0.000000,0.000000,-2.012347,0.521029,-0.378759,0.005236,0.083948,0.067765,0.415411,0.000000,0.089663,-0.090580,0.000000,0.000000,-2.051124,0.251942,-0.525709,0.001745,0.302808,0.043771,0.527455,-0.001745,0.295552,-0.108191
1771633657.666,279,1,1,0.2539,0.6352,0.0078,0.0258,0.0008,0.0002,0.0762,0.060694,0.068108,0.000000,0.000000,0.000000,0.000000,0.000000,-1.646199,0.356318,-0.218662,0.006981,0.040036,0.027226,0.246587,0.000000,0.051177,-0.061134,0.000000,0.000000,-1.736144,0.138159,-0.285197,0.000000,0.143723,0.015397,0.288687,0.001745,0.229587,-0.071148
1771633657.765,282,1,1,0.0162,0.9213,0.0067,0.0089,0.0003,0.0001,0.0466,0.034990,0.042657,0.000000,0.000000,0.000000,0.000000,0.000000,-1.265235,0.192350,-0.136179,0.000000,0.009939,0.010492,0.148396,0.000000,0.058699,-0.043649,0.000000,0.000000,-1.455686,0.088093,-0.168814,0.000000,0.075960,0.005007,0.170559,0.001745,0.170515,-0.013932
1771633657.867,285,1,1,0.0002,0.9911,0.0017,0.0005,0.0000,0.0000,0.0064,0.019698,0.030590,0.000000,0.000000,0.000000,0.000000,0.000000,-1.000347,0.132313,-0.081912,-0.001745,-0.002785,0.002699,0.092384,0.000000,0.008984,-0.039688,0.000000,0.000000,-1.198144,0.058724,-0.108873,0.000000,0.056118,-0.003734,0.107128,0.001745,0.139649,0.003718
1771633657.978,288,1,1,0.0000,0.9983,0.0003,0.0001,0.0000,0.0000,0.0013,0.013932,0.010447,0.000000,0.000000,0.000000,0.000000,0.000000,-0.689846,0.089626,-0.056661,0.000000,-0.002954,-0.000678,0.063642,0.000000,0.013920,-0.026606,0.000000,0.000000,-0.913664,0.039032,-0.059570,0.000000,0.026767,-0.012296,0.057824,0.001745,-0.059000,-0.023524
1771633658.086,291,1,1,0.0000,0.9994,0.0001,0.0001,0.0000,0.0000,0.0005,0.014848,0.005731,0.000000,0.000000,0.000000,0.000000,0.000000,-0.414130,0.077455,-0.005294,0.000000,-0.003365,-0.004845,0.007039,0.000000,0.044822,0.048865,0.000000,0.000000,-0.650665,0.024938,-0.039844,0.000000,0.003992,-0.008028,0.038098,0.001745,-0.033172,-0.044241
1771633658.189,294,1,1,0.0000,0.9996,0.0001,0.0001,0.0000,0.0000,0.0002,0.106618,0.070804,0.000000,0.000000,0.000000,0.000000,0.000000,-0.500891,0.382948,0.037330,0.000000,0.191618,-0.030694,-0.032094,0.000000,0.436917,0.230604,0.000000,0.000000,-0.377952,0.178640,-0.039684,0.000000,0.287826,0.019249,0.034448,0.001745,0.205556,0.122183
1771633658.294,297,1,1,0.0000,0.9985,0.0008,0.0003,0.0000,0.0000,0.0005,0.170320,0.159578,0.000000,0.000000,0.000000,0.000000,0.000000,-0.067948,0.218210,0.087537,0.000000,0.626613,0.165716,-0.084046,0.000000,0.597269,0.348500,0.000000,0.000000,-0.147136,0.268121,-0.021139,0.000000,0.731546,0.363648,0.017648,0.001745,0.333296,0.198938
1771633658.401,300,1,1,0.0000,0.9916,0.0016,0.0062,0.0000,0.0000,0.0006,0.118145,0.142487,0.000000,0.000000,0.000000,0.000000,0.000000,-0.000565,0.115490,0.089469,0.000000,0.431613,0.140410,-0.084233,0.000000,0.372585,0.268177,0.000000,0.000000,0.178440,0.175456,0.005766,0.000000,0.568343,0.290793,-0.007511,0.001745,0.284509,0.204789
1771633658.504,303,1,1,0.0001,0.9016,0.0116,0.0858,0.0001,0.0000,0.0007,0.083011,0.082462,0.000000,0.000000,0.000000,0.000000,0.000000,0.077537,0.078950,0.046022,0.000000,0.297082,0.107028,-0.042532,0.000000,0.236790,0.152723,0.000000,0.000000,0.069547,0.088522,0.039542,0.000000,0.321129,0.178776,-0.041287,0.001745,0.152986,0.137298
1771633658.609,306,1,1,0.0004,0.7077,0.0479,0.2425,0.0002,0.0002,0.0009,0.054119,0.051833,0.000000,0.000000,0.000000,0.000000,0.000000,0.007168,0.051017,-0.014462,0.000000,0.147944,0.089777,0.017952,0.000000,0.166019,0.169547,0.000000,0.000000,0.028971,0.056701,0.043427,0.000000,0.186331,0.106708,-0.043427,0.001745,0.092420,0.105698
1771633658.707,309,1,1,0.0012,0.8166,0.0714,0.1096,0.0001,0.0003,0.0008,0.021044,0.025791,0.000000,0.000000,0.000000,0.000000,0.000000,0.088001,0.020037,0.096622,-0.003491,-0.263665,-0.110129,-0.094877,0.000000,-0.203700,0.047870,0.000000,0.000000,-0.035993,0.010832,0.037187,0.000000,0.098048,0.073816,-0.033696,0.001745,0.003777,0.084090
1771633658.815,312,1,1,0.0000,0.9759,0.0233,0.0006,0.0000,0.0000,0.0001,0.002723,0.001788,0.000000,0.000000,0.000000,0.000000,0.000000,0.000932,0.007455,0.024283,0.000000,-0.247054,-0.157274,-0.017302,0.000000,-0.313177,-0.222028,0.000000,0.000000,-0.234810,-0.087236,0.019716,0.000000,-0.144071,-0.062963,-0.012734,0.001745,-0.156290,-0.021325
1771633658.927,315,1,1,0.0000,0.9996,0.0004,0.0000,0.0000,0.0000,0.0000,0.017681,0.000642,0.000000,0.000000,0.000000,0.000000,0.000000,0.150286,-0.011399,0.061881,0.000000,-0.202520,-0.115525,-0.053155,0.000000,-0.119608,-0.070153,0.000000,0.000000,-0.175164,-0.112979,0.007709,0.000000,-0.087825,-0.046693,-0.005963,0.000000,-0.128357,-0.049863
1771633659.026,318,1,1,0.0000,0.9999,0.0001,0.0000,0.0000,0.0000,0.0001,0.008024,0.000212,0.000000,0.000000,0.000000,0.000000,0.000000,0.026036,-0.010153,0.070257,0.000000,-0.238548,-0.120792,-0.063276,0.000000,-0.159478,-0.064154,0.000000,0.000000,-0.159998,-0.116736,0.002543,0.000000,-0.170559,-0.090024,-0.002543,0.000000,-0.192417,-0.109016
1771633659.134,321,1,1,0.0000,0.9998,0.0000,0.0000,0.0000,0.0000,0.0001,0.003248,0.000499,0.000000,0.000000,0.000000,0.000000,0.000000,-0.088746,-0.030086,0.038980,0.000000,-0.216380,-0.084195,-0.031998,0.000000,-0.208839,-0.125560,0.000000,0.000000,-0.226876,-0.073066,-0.004242,0.000000,-0.225292,-0.139263,0.005987,0.000000,-0.241770,-0.178719
1771633659.237,324,1,1,0.0000,0.9999,0.0000,0.0001,0.0000,0.0000,0.0000,0.002422,0.000400,0.000000,0.000000,0.000000,0.000000,0.000000,-0.055932,-0.117533,0.029058,0.000000,-0.196492,-0.060564,-0.020332,0.000000,-0.238214,-0.166555,0.000000,0.000000,-0.188492,-0.082625,-0.004806,0.000000,-0.329625,-0.217320,0.004806,0.000000,-0.235035,-0.177371
1771633659.339,327,1,1,0.0000,0.9998,0.0000,0.0001,0.0000,0.0000,0.0001,0.002449,0.000650,0.000000,0.000000,0.000000,0.000000,0.000000,-0.043140,-0.070012,0.029385,0.000000,-0.143281,-0.047567,-0.015423,0.000000,-0.133913,-0.086806,0.000000,0.000000,-0.176425,-0.061661,-0.006050,0.000000,-0.273524,-0.168427,0.006050,0.001745,-0.232539,-0.165840
1771633659.452,330,1,1,0.0000,0.9998,0.0000,0.0001,0.0000,0.0000,0.0001,0.002688,0.002292,0.000000,0.000000,0.000000,0.000000,0.000000,-0.036041,-0.049714,0.032262,0.000000,-0.103086,-0.040462,-0.011318,0.000000,-0.077192,-0.056362,0.000000,0.000000,-0.226285,-0.074431,-0.025756,0.000000,-0.234730,-0.136753,0.027501,0.000000,-0.212315,-0.152038
1771633659.554,333,1,1,0.0001,0.9998,0.0000,0.0001,0.0000,0.0000,0.0001,0.002396,0.000260,0.000000,0.000000,0.000000,0.000000,0.000000,0.014785,-0.062950,0.009401,0.000000,-0.082281,-0.036794,0.004562,0.000000,-0.070026,-0.050858,0.000000,0.000000,-0.187436,-0.064290,-0.001374,0.000000,-0.220991,-0.099028,0.003120,0.000000,-0.203361,-0.113793
1771633659.663,336,1,1,0.0002,0.9995,0.0000,0.0002,0.0000,0.0000,0.0001,0.036080,0.004683,0.000000,0.000000,0.000000,0.000000,0.000000,0.065378,-0.039649,-0.005406,0.000000,0.150842,-0.039437,0.012387,0.000000,0.204355,-0.011187,0.000000,0.000000,-0.149315,-0.038087,-0.000915,0.000000,0.018505,-0.044798,0.002660,0.000000,0.035030,-0.088223
1771633659.770,339,1,1,0.0030,0.9941,0.0000,0.0016,0.0000,0.0000,0.0012,0.058741,0.103439,0.000000,0.000000,0.000000,0.000000,0.000000,0.011162,0.024223,-0.013823,0.000000,0.213599,0.058070,0.020805,0.000000,0.236239,0.140789,0.000000,0.000000,0.345270,0.281628,0.077562,0.000000,0.155776,0.077300,-0.075817,0.000000,0.181122,0.122617
1771633659.880,342,1,1,0.1644,0.7333,0.0171,0.0054,0.0006,0.0004,0.0788,0.041150,0.104406,0.000000,0.000000,0.000000,0.000000,0.000000,0.055944,0.083154,-0.026498,0.000000,0.082500,0.008787,0.036970,0.000000,0.128939,0.097507,0.000000,0.000000,0.459520,0.254732,0.048024,0.000000,0.169314,0.095201,-0.044533,0.000000,0.137266,0.088816
1771633659.983,345,1,1,0.0003,0.9637,0.0230,0.0003,0.0000,0.0001,0.0126,0.024765,0.057455,0.000000,0.000000,0.000000,0.000000,0.000000,-0.093321,0.100952,-0.052881,0.000000,-0.025923,-0.027980,0.065098,0.000000,0.074033,0.057093,0.000000,0.000000,0.257547,0.105529,0.078120,0.000000,0.066212,0.045896,-0.074629,0.000000,0.067572,0.068588
1771633660.079,348,1,1,0.0000,0.9981,0.0015,0.0000,0.0000,0.0000,0.0004,0.011581,0.011817,0.000000,0.000000,0.000000,0.000000,0.000000,-0.057194,0.097753,-0.029003,0.000000,-0.109100,-0.060004,0.041220,0.000000,-0.103008,-0.026608,0.000000,0.000000,-0.051860,-0.145616,0.017507,0.000000,0.017754,0.025844,-0.012271,0.000000,0.026321,0.054382
1771633660.194,351,1,1,0.0000,0.9997,0.0002,0.0000,0.0000,0.0000,0.0001,0.005658,0.012644,0.000000,0.000000,0.000000,0.000000,0.000000,-0.035929,0.009767,0.058131,0.000000,-0.282379,-0.020230,-0.045914,0.000000,-0.247246,-0.145372,0.000000,0.000000,-0.142358,-0.101041,-0.070913,0.000000,0.010135,0.018139,0.070913,0.001745,-0.002359,0.050791
1771633660.296,354,1,1,0.0000,0.9998,0.0001,0.0000,0.0000,0.0000,0.0001,0.084217,0.047686,0.000000,0.000000,0.000000,0.000000,0.000000,-0.060847,0.034448,0.078995,0.000000,0.390184,0.011158,-0.072013,0.000000,0.289216,0.206603,0.000000,0.000000,0.093330,-0.044571,-0.030542,0.000000,0.199298,0.111629,0.032287,0.000000,0.061062,0.074621
1771633660.406,357,1,1,0.0000,0.9993,0.0005,0.0000,0.0000,0.0000,0.0002,0.031299,0.033774,0.000000,0.000000,0.000000,0.000000,0.000000,-0.101011,0.036319,-0.008637,0.000000,0.157099,0.054355,0.015618,0.000000,0.059652,0.052549,0.000000,0.000000,0.057126,-0.035366,0.014341,0.000000,0.116143,0.096909,-0.012596,0.000000,0.042127,0.078639
1771633660.511,360,1,1,0.0000,0.9997,0.0002,0.0001,0.0000,0.0000,0.0001,0.017071,0.005283,0.000000,0.000000,0.000000,0.000000,0.000000,0.193044,-0.082446,-0.003082,-0.005236,-0.247164,-0.109305,0.011809,0.000000,-0.172229,-0.079066,0.000000,0.000000,-0.153704,-0.157654,-0.005466,0.000000,-0.047468,0.053189,0.008957,0.000000,-0.139842,0.001246
1771633660.612,363,1,1,0.0000,0.9999,0.0000,0.0000,0.0000,0.0000,0.0000,0.046753,0.025842,0.000000,0.000000,0.000000,0.000000,0.000000,0.072589,-0.037208,0.067174,-0.003491,0.105508,-0.049223,-0.063684,0.000000,0.198302,0.117466,0.000000,0.000000,0.002509,0.122831,-0.004408,0.000000,0.005188,0.036221,0.004408,0.000000,0.086686,0.052259
1771633660.713,366,1,1,0.0000,0.9959,0.0034,0.0001,0.0000,0.0000,0.0006,0.019353,0.079115,0.000000,0.000000,0.000000,0.000000,0.000000,0.018171,-0.023772,0.023604,0.000000,0.075006,0.026103,-0.016623,0.000000,0.046762,0.042592,0.000000,0.000000,0.123918,0.117162,-0.021056,0.000000,0.201563,0.151889,0.019311,0.000000,0.165112,0.170422
1771633660.820,369,1,1,0.0000,0.9879,0.0119,0.0001,0.0000,0.0000,0.0001,0.007438,0.022077,0.000000,0.000000,0.000000,0.000000,0.000000,0.035048,-0.016700,0.001390,0.000000,0.002879,0.005248,0.005592,0.000000,0.011790,0.027306,0.000000,0.000000,0.062060,0.061540,0.000419,0.000000,-0.046087,0.025767,0.003072,0.000000,0.029654,0.082414
1771633660.927,372,1,1,0.0000,0.9939,0.0060,0.0000,0.0000,0.0000,0.0000,0.002318,0.068749,0.000000,0.000000,0.000000,0.000000,0.000000,0.012277,-0.006367,0.008905,0.000000,-0.057538,-0.015840,-0.005414,0.000000,-0.021308,0.006638,0.000000,0.000000,0.438827,0.162822,0.162591,0.000000,-0.030787,-0.076833,-0.160846,0.000000,0.017927,0.042820
1771633661.031,375,1,1,0.0000,0.9698,0.0301,0.0000,0.0000,0.0000,0.0001,0.005265,0.062422,0.000000,0.000000,0.000000,0.000000,0.000000,0.035321,-0.007211,0.018488,0.000000,-0.048893,-0.009147,-0.011507,0.000000,-0.011782,0.009372,0.000000,0.000000,0.329671,0.174588,0.097999,0.000000,-0.075328,-0.087791,-0.091017,0.000000,0.081342,0.065465
1771633661.139,378,1,1,0.0000,0.9324,0.0674,0.0001,0.0000,0.0000,0.0002,0.005549,0.096216,0.000043,0.000790,0.004984,0.000000,0.000000,-0.004330,-0.013347,0.007323,0.000000,-0.048208,-0.004777,-0.000341,0.000000,0.011734,0.047531,0.000000,0.000000,0.315234,0.096342,0.023087,0.000000,0.091786,-0.034687,-0.017851,0.001745,0.327129,0.299270
1771633661.243,381,1,1,0.0000,0.9736,0.0262,0.0001,0.0000,0.0000,0.0001,0.003468,0.020426,0.000641,0.001923,0.005688,0.000000,0.000000,-0.165070,-0.004654,-0.005898,0.000000,-0.050802,-0.003086,0.011134,0.000000,0.002050,0.028433,0.000000,0.000000,-0.162256,0.019321,0.220608,0.000000,-0.004012,-0.011033,-0.217117,0.001745,-0.327214,0.003442
1771633661.340,384,1,1,0.0000,0.9993,0.0006,0.0000,0.0000,0.0000,0.0000,0.004768,0.005954,0.000342,0.000698,0.001171,0.000000,0.000000,-0.083712,0.027836,-0.011185,0.000000,-0.056982,-0.006170,0.012931,0.000000,-0.007234,0.016448,0.000000,0.000000,-0.367090,-0.126261,-0.066216,0.000000,-0.133201,-0.045092,0.071452,-0.003491,-0.104667,-0.042067
1771633661.440,387,1,1,0.0000,0.9998,0.0001,0.0000,0.0000,0.0000,0.0000,0.007053,0.002958,0.000780,0.001079,0.002179,0.000000,0.000000,-0.064312,0.043447,-0.022229,0.000000,-0.057140,-0.005691,0.030955,0.000000,-0.004740,0.010232,0.000000,0.000000,-0.582776,-0.248170,-0.030263,0.000000,-0.069734,-0.012788,0.035499,0.000000,-0.164357,-0.071501
1771633661.540,390,1,1,0.0000,0.9999,0.0001,0.0000,0.0000,0.0000,0.0000,0.014060,0.002183,0.000800,0.000360,0.001019,0.000000,0.000000,-0.024261,0.056566,-0.047712,0.000000,-0.052837,-0.001466,0.061675,0.000000,0.029239,0.021236,0.000000,0.000000,-0.321207,-0.147481,-0.022708,0.000000,-0.079385,-0.011905,0.026198,0.000000,-0.185302,-0.142601
1771633661.641,393,1,1,0.0000,0.9999,0.0000,0.0000,0.0000,0.0000,0.0000,0.016857,0.003126,0.000288,0.000347,0.000588,0.000000,0.000000,0.005188,0.056298,-0.028097,0.000000,-0.053232,-0.003067,0.045551,0.000000,0.051027,0.044225,0.000000,0.000000,-0.210687,-0.099879,-0.032274,0.000000,-0.115182,-0.063239,0.037510,0.000000,-0.137600,-0.130911
1771633661.741,396,1,1,0.0000,0.9999,0.0000,0.0001,0.0000,0.0000,0.0000,0.012820,0.002204,0.000570,0.000273,0.000747,0.000000,0.000000,-0.007031,0.048615,-0.027342,0.000000,-0.044654,-0.002718,0.043049,0.000000,0.025419,0.036760,0.000000,0.000000,-0.158596,-0.066524,-0.022952,0.000000,-0.070783,-0.037873,0.026442,0.000000,-0.093591,-0.099902
1771633661.841,399,1,1,0.0000,0.9999,0.0000,0.0001,0.0000,0.0000,0.0000,0.024074,0.001186,0.000759,0.000891,0.001339,0.000000,0.000000,0.153675,0.060186,-0.032002,0.000000,-0.084812,-0.044329,0.049456,0.000000,0.006211,0.019360,0.000000,0.000000,-0.117141,-0.047722,-0.008997,0.000000,-0.057428,-0.030738,0.014233,0.000000,-0.073760,-0.083957
1771633661.942,402,1,1,0.0000,0.9999,0.0000,0.0001,0.0000,0.0000,0.0000,0.013115,0.004151,0.000774,0.000973,0.001247,0.000000,0.000000,0.066828,0.048518,-0.022839,0.000000,-0.072049,-0.040785,0.042038,0.000000,-0.002760,-0.022585,0.000000,0.000000,-0.075466,-0.038116,0.012108,0.000000,-0.019324,0.003435,-0.006872,0.000000,0.034265,-0.003961
1771633662.042,405,1,1,0.0000,0.9999,0.0000,0.0001,0.0000,0.0000,0.0000,0.013563,0.002041,0.001678,0.000737,0.002907,0.000000,0.000000,0.097020,0.037417,-0.005636,0.000000,-0.034242,-0.029693,0.028326,0.000000,-0.024231,-0.058277,0.000000,0.000000,0.001813,-0.031221,0.010280,0.000000,-0.002715,0.012398,-0.010280,0.000000,-0.005655,-0.022483
1771633662.142,408,1,1,0.0000,0.9999,0.0000,0.0000,0.0000,0.0000,0.0000,0.002272,0.001021,0.000845,0.002230,0.002654,0.000000,0.000000,-0.074459,0.009809,0.007751,0.000000,-0.047527,-0.028036,0.009703,0.000000,-0.068866,-0.053600,0.000000,0.000000,-0.065346,-0.026347,0.008765,0.000000,-0.007355,0.001747,-0.008765,0.001745,-0.024645,-0.027689
1771633662.245,411,1,1,0.0000,0.9999,0.0000,0.0000,0.0000,0.0000,0.0000,0.004164,0.000465,0.002479,0.002131,0.005381,0.000000,0.000000,-0.036151,-0.017311,0.049970,0.000000,-0.135324,-0.033707,-0.032517,0.000000,-0.065537,-0.037890,0.000000,0.000000,-0.103268,-0.023138,-0.001238,0.000000,-0.006449,0.004339,0.001238,0.000000,-0.080875,-0.080167
1771633662.343,414,1,1,0.0000,1.0000,0.0000,0.0000,0.0000,0.0000,0.0000,0.005383,0.001774,0.002279,0.002718,0.006828,0.000000,0.000000,-0.008688,-0.102770,0.064598,0.000000,-0.126759,-0.037492,-0.052381,0.000000,-0.217889,-0.088466,0.000000,0.000000,-0.083472,0.000420,-0.013884,0.000000,-0.010079,-0.000349,0.020865,0.000000,-0.053545,-0.073773
1771633662.443,417,1,1,0.0000,1.0000,0.0000,0.0000,0.0000,0.0000,0.0000,0.006079,0.001346,0.004555,0.003808,0.009077,0.000000,0.000000,-0.049592,-0.067365,0.072948,0.000000,-0.089151,-0.033713,-0.062476,0.000000,-0.072519,-0.043169,0.000000,0.000000,-0.066795,0.010432,-0.000480,0.000000,-0.011449,-0.001747,0.003971,0.001745,-0.045777,-0.071762
1771633662.543,420,1,1,0.0000,1.0000,0.0000,0.0000,0.0000,0.0000,0.0000,0.003676,0.000573,0.001054,0.000762,0.002049,0.000000,0.000000,-0.042756,-0.046620,0.044107,0.000000,-0.093873,-0.030915,-0.031890,0.000000,-0.098367,-0.037990,0.000000,0.000000,-0.053625,0.004003,-0.001127,0.000000,-0.010494,-0.004973,0.002872,0.000000,-0.047336,-0.075615
1771633662.643,423,1,1,0.0000,1.0000,0.0000,0.0000,0.0000,0.0000,0.0000,0.003898,0.000547,0.004682,0.001697,0.005940,0.000000,0.000000,-0.062884,0.020990,0.024045,0.001745,-0.085190,-0.029447,-0.010083,0.000000,-0.100388,-0.056252,0.001745,0.000000,-0.029430,0.001513,-0.001561,0.000000,-0.012950,-0.006684,0.001561,0.001745,-0.047025,-0.084750
1771633662.743,426,1,1,0.0000,0.9999,0.0001,0.0000,0.0000,0.0000,0.0000,0.004844,0.000916,0.001800,0.002810,0.006156,0.000000,0.000000,-0.101679,0.029819,-0.016086,0.000000,-0.089202,-0.029453,0.028304,-0.001745,-0.092097,-0.076749,0.001745,0.000000,-0.001917,0.005762,0.001661,0.000000,-0.011639,-0.004604,0.001830,0.000000,-0.043192,-0.086295
1771633662.847,429,1,1,0.0000,0.9999,0.0000,0.0000,0.0000,0.0000,0.0000,0.006707,0.003864,0.000980,0.002205,0.004994,0.000000,0.000000,-0.122353,0.024807,-0.043457,-0.003491,-0.077254,-0.027786,0.055674,0.000000,-0.057943,-0.050437,0.001745,0.000000,0.043638,-0.000962,-0.000979,0.000000,-0.012856,-0.003730,0.000979,0.000000,-0.042689,-0.083921
1771633662.944,432,1,1,0.0000,0.9999,0.0000,0.0001,0.0000,0.0000,0.0000,0.012969,0.001392,0.001057,0.002090,0.002411,0.000000,0.000000,-0.077094,0.087996,-0.053670,-0.001745,-0.074385,-0.024295,0.067632,0.000000,-0.056278,-0.042279,0.001745,0.000000,0.010537,-0.053392,-0.002681,0.000000,-0.014532,-0.005026,0.004426,0.000000,-0.043458,-0.083037
1771633663.045,435,1,1,0.0000,0.9999,0.0000,0.0001,0.0000,0.0000,0.0000,0.008854,0.001719,0.001637,0.002488,0.001246,0.000000,0.000000,-0.026868,0.058754,-0.037018,0.000000,-0.071616,-0.020450,0.047490,0.000000,-0.049314,-0.038879,0.001745,0.000000,-0.045083,-0.039898,-0.015388,0.000000,-0.015191,-0.003488,0.018879,0.000000,-0.045688,-0.085650
1771633663.144,438,1,1,0.0000,0.9999,0.0000,0.0000,0.0000,0.0000,0.0000,0.004975,0.000680,0.002136,0.001767,0.002632,0.000000,0.000000,0.032355,-0.042975,0.027340,0.000000,-0.064993,-0.018658,-0.013378,0.000000,-0.171737,-0.097943,0.000000,0.000000,-0.085581,-0.033379,-0.004673,0.000000,-0.014940,-0.001372,0.008164,0.000000,-0.047122,-0.084222
1771633663.244,441,1,1,0.0000,0.9999,0.0000,0.0000,0.0000,0.0000,0.0000,0.003677,0.001151,0.000469,0.000815,0.001050,0.000000,0.000000,-0.027160,-0.105815,0.044124,0.000000,-0.093211,-0.015041,-0.033652,0.000000,-0.137195,-0.070662,0.000000,0.000000,-0.082604,-0.049851,0.013809,0.000000,-0.028074,-0.005596,-0.010318,0.000000,-0.099936,-0.099785
1771633663.344,444,1,1,0.0000,0.9999,0.0000,0.0000,0.0000,0.0000,0.0000,0.011673,0.000295,0.002765,0.001777,0.001309,0.000000,0.000000,-0.036418,-0.062726,0.036199,0.000000,-0.075941,-0.013592,-0.025727,0.000000,0.043588,0.060293,0.000000,0.000000,-0.087071,-0.073426,0.003537,0.000000,-0.051740,-0.024462,-0.001792,0.000000,-0.083748,-0.104019
1771633663.450,447,1,1,0.0000,0.9999,0.0000,0.0000,0.0000,0.0000,0.0000,0.008258,0.000857,0.000615,0.001415,0.001415,0.000000,0.000000,-0.027580,-0.025933,-0.017595,0.000000,-0.059187,-0.009739,0.031557,0.000000,0.024611,0.042925,0.000000,0.000000,-0.008376,-0.046955,0.010287,0.000000,-0.054836,-0.027299,-0.005051,0.000000,-0.072016,-0.092034
1771633663.546,450,1,1,0.0000,0.9999,0.0000,0.0001,0.0000,0.0000,0.0000,0.014414,0.000402,0.001859,0.001964,0.000995,0.000000,0.000000,-0.003722,0.051053,0.028294,-0.001745,0.007475,0.005011,-0.017822,0.003491,0.040040,0.037610,0.000000,0.000000,-0.041460,-0.038372,0.004820,0.000000,-0.060710,-0.019968,-0.003074,0.000000,-0.063855,-0.080908
1771633663.647,453,1,1,0.0000,0.9999,0.0000,0.0001,0.0000,0.0000,0.0000,0.013501,0.002264,0.004447,0.005192,0.004560,0.000000,0.000000,0.045824,0.063414,-0.011826,0.000000,-0.007626,-0.001815,0.025789,0.001745,0.006305,0.018929,0.000000,0.000000,-0.042029,-0.029563,-0.028909,0.000000,-0.051030,-0.011569,0.025418,0.001745,-0.043840,-0.069345
1771633663.748,456,1,1,0.0000,0.9998,0.0000,0.0001,0.0000,0.0000,0.0000,0.006945,0.000706,0.003325,0.004247,0.007200,0.000000,0.000000,0.000506,0.051669,0.029425,0.000000,-0.008339,-0.003077,-0.013717,0.001745,-0.024503,-0.020026,0.000000,0.000000,-0.090941,-0.090197,-0.008473,0.001745,-0.040813,-0.004039,0.006727,0.000000,-0.049687,-0.072058
1771633663.849,459,1,1,0.0000,0.9997,0.0002,0.0000,0.0000,0.0000,0.0000,0.004438,0.006130,0.005258,0.002515,0.006349,0.000000,0.000000,-0.052261,0.040603,0.012652,0.000000,-0.006138,-0.002919,-0.000435,0.000000,-0.029762,-0.012526,0.001745,0.000000,-0.219592,-0.077631,-0.071810,0.000000,-0.059293,-0.006877,0.071810,0.000000,-0.048624,-0.065848
1771633663.949,462,1,1,0.0000,0.9999,0.0001,0.0000,0.0000,0.0000,0.0000,0.010343,0.004591,0.005751,0.004674,0.006863,0.000000,0.000000,-0.042121,0.039464,-0.076501,0.000000,0.001170,-0.002457,0.083482,0.000000,-0.156940,-0.107584,0.000000,0.000000,-0.194399,-0.053096,-0.056840,0.000000,-0.200219,-0.110126,0.055095,0.000000,-0.053817,-0.067855
1771633664.049,465,1,1,0.0000,0.9999,0.0001,0.0000,0.0000,0.0000,0.0000,0.025887,0.006189,0.004773,0.003947,0.008354,0.000000,0.000000,0.004164,0.024478,0.018897,0.000000,-0.006347,-0.003811,-0.011915,0.000000,0.144820,0.118290,-0.001745,0.000000,-0.094480,-0.047887,0.074267,0.000000,-0.070288,-0.024072,-0.072521,0.000000,-0.039825,-0.056698
1771633664.150,468,1,1,0.0000,1.0000,0.0000,0.0000,0.0000,0.0000,0.0000,0.008414,0.006518,0.001858,0.004601,0.003412,-0.001745,0.000000,-0.049735,-0.003125,0.020345,0.000000,-0.006582,-0.003923,-0.006382,-0.001745,0.038588,0.042032,0.000000,0.000000,0.020566,-0.043649,0.057650,0.000000,-0.069895,-0.021536,-0.054160,0.000000,-0.045412,-0.060248
1771633664.250,471,1,1,0.0000,0.9999,0.0000,0.0000,0.0000,0.0000,0.0000,0.008537,0.004531,0.001925,0.005633,0.006776,0.000000,0.000000,-0.116544,-0.012042,0.014411,0.000000,-0.004352,-0.003231,-0.003939,0.000000,0.038234,0.049803,0.000000,0.000000,-0.013413,-0.040056,-0.052626,0.000000,-0.054886,-0.016615,0.054371,0.000000,-0.011236,-0.060106
1771633664.350,474,1,1,0.0000,0.9999,0.0001,0.0001,0.0000,0.0000,0.0000,0.002904,0.012497,0.004248,0.004858,0.009561,0.000000,0.000000,-0.082256,-0.002051,0.006924,0.000000,0.003803,-0.002784,-0.001688,-0.003491,0.008401,0.015723,0.000000,0.000000,-0.037341,-0.035395,-0.053209,0.000000,0.042283,0.016967,0.051463,0.000000,0.039249,-0.057968
1771633664.450,477,1,1,0.0000,0.9999,0.0000,0.0001,0.0000,0.0000,0.0000,0.009806,0.014214,0.001064,0.004480,0.002807,0.000000,0.000000,-0.069941,0.002080,0.020218,0.000000,0.078480,0.004812,-0.014982,-0.001745,0.007484,0.004603,0.001745,-0.003491,-0.066602,-0.033360,0.001320,0.000000,0.063839,0.053951,-0.004810,0.001745,0.047969,-0.009215
1771633664.550,480,1,1,0.0000,0.9999,0.0000,0.0000,0.0000,0.0000,0.0000,0.011606,0.014917,0.001031,0.001927,0.002239,0.000000,0.000000,-0.077733,0.000044,-0.015528,0.000000,0.067459,0.034145,0.024255,0.000000,0.013371,-0.004840,0.001745,0.000000,-0.098252,-0.031231,-0.005756,0.000000,0.042518,0.032522,-0.002971,0.001745,0.089665,0.010803
1771633664.651,483,1,1,0.0000,0.9999,0.0000,0.0000,0.0000,0.0000,0.0000,0.005742,0.015321,0.002297,0.002457,0.003686,0.000000,0.000000,-0.068495,0.030399,0.017184,0.000000,0.014959,0.006364,-0.013693,0.000000,-0.098756,-0.075368,0.001745,0.000000,-0.078119,-0.012115,-0.023968,0.001745,0.071211,0.061036,0.016987,0.001745,0.021034,0.008351
1771633664.751,486,1,1,0.0000,1.0000,0.0000,0.0000,0.0000,0.0000,0.0000,0.004702,0.007010,0.001747,0.003526,0.007013,0.000000,0.000000,-0.090563,0.043356,-0.001494,0.000000,0.000583,0.004013,0.008476,0.000000,-0.066504,-0.046907,0.001745,-0.005236,-0.083779,-0.016801,-0.020141,0.000000,0.012465,0.026610,0.011414,0.001745,0.005928,0.024205
1771633664.852,489,1,1,0.0000,1.0000,0.0000,0.0000,0.0000,0.0000,0.0000,0.006122,0.003003,0.000554,0.002566,0.002115,0.000000,0.000000,-0.106367,0.068227,0.001768,0.000000,-0.014118,-0.001715,0.003468,0.000000,-0.077470,-0.050526,0.001745,0.000000,-0.082255,-0.018362,-0.039524,0.000000,-0.135032,-0.083035,0.030798,0.003491,-0.112825,-0.056979
1771633664.953,492,1,1,0.0000,1.0000,0.0000,0.0000,0.0000,0.0000,0.0000,0.005908,0.012334,0.000628,0.001674,0.000853,0.000000,0.000000,-0.165640,0.067406,0.000422,0.000000,-0.015053,-0.001131,0.003069,0.000000,-0.086306,-0.064185,0.001745,0.000000,-0.073264,-0.002287,-0.060525,0.000000,0.079567,0.011581,0.043071,0.001745,0.010295,-0.019923
1771633665.053,495,1,1,0.0000,1.0000,0.0000,0.0000,0.0000,0.0000,0.0000,0.005317,0.009375,0.002472,0.005493,0.004485,0.000000,0.000000,-0.099399,0.049133,-0.011176,0.000000,-0.057931,-0.011695,0.014666,0.000000,-0.158439,-0.116675,0.001745,0.000000,-0.055162,-0.000503,-0.009682,0.001745,0.044052,0.048391,-0.006026,0.001745,0.007079,0.007736
1771633665.154,498,1,1,0.0000,1.0000,0.0000,0.0000,0.0000,0.0000,0.0000,0.006163,0.007833,0.001103,0.002387,0.001233,0.000000,0.000000,0.028082,0.040633,0.001528,0.000000,-0.058635,-0.025587,0.003708,-0.001745,-0.077469,-0.058772,0.001745,0.000000,-0.093184,0.000157,-0.106056,0.001745,-0.102680,-0.018329,0.088602,0.001745,-0.167968,-0.047630
1771633665.253,501,1,1,0.0000,0.9999,0.0000,0.0000,0.0000,0.0000,0.0000,0.011425,0.006008,0.000474,0.003532,0.003023,0.000000,0.000000,0.025372,0.023014,-0.018975,0.000000,-0.051885,-0.019341,0.020721,0.000000,0.052205,0.015793,0.001745,0.000000,-0.120949,0.002946,-0.081368,0.001745,-0.154329,-0.070810,0.063914,0.001745,-0.113589,-0.065435
1771633665.354,504,1,1,0.0000,0.9999,0.0000,0.0000,0.0000,0.0000,0.0000,0.029496,0.003428,0.002591,0.002805,0.006131,0.000000,0.000000,0.085512,-0.059083,-0.036612,0.000000,0.074894,0.051412,0.041848,0.000000,0.051187,0.049093,0.001745,-0.001745,-0.107629,0.002615,-0.050733,0.003491,-0.078135,-0.033307,0.029789,0.003491,-0.036784,-0.014621
1771633665.457,507,1,1,0.0000,0.9999,0.0000,0.0000,0.0000,0.0000,0.0000,0.016111,0.006634,0.001059,0.001989,0.001288,0.000000,0.000000,0.180442,-0.021462,0.012893,0.000000,-0.085002,-0.020181,-0.007657,0.000000,-0.032531,-0.005242,0.001745,0.000000,-0.110952,0.027239,-0.069268,0.001745,-0.070799,-0.022603,0.046579,0.001745,-0.025207,0.000552
1771633665.555,510,1,1,0.0000,0.9999,0.0000,0.0000,0.0000,0.0000,0.0000,0.009710,0.059864,0.004536,0.002710,0.002692,0.000000,0.000000,0.083400,-0.009007,0.005544,0.000000,-0.010981,0.002475,-0.000308,0.000000,0.013853,0.011248,0.001745,0.000000,-0.108555,0.055953,-0.004919,0.001745,0.203045,0.192758,-0.012534,0.001745,0.127215,0.134160
1771633665.655,513,1,1,0.0000,0.9996,0.0002,0.0000,0.0000,0.0000,0.0001,0.005175,0.111123,0.001117,0.003232,0.004568,0.000000,0.000000,0.003037,-0.002887,0.035889,0.000000,-0.012579,0.008933,-0.030653,0.000000,0.003503,0.010739,0.001745,0.000000,-0.104039,0.095046,0.182887,0.001745,0.351408,0.311502,-0.196849,0.001745,0.168612,0.218789
1771633665.756,516,1,1,0.0000,0.9990,0.0009,0.0000,0.0000,0.0000,0.0001,0.008063,0.052959,0.001597,0.001378,0.002258,0.000000,0.000000,-0.187435,0.000110,0.025289,0.000000,-0.019608,0.001580,-0.011326,0.000000,0.024456,0.045327,0.001745,0.000000,-0.098167,0.103756,0.103343,0.001745,0.113166,0.124139,-0.112069,0.001745,0.062833,0.123031
1771633665.859,519,1,1,0.0000,0.9990,0.0009,0.0000,0.0000,0.0000,0.0001,0.014815,0.051376,0.000745,0.002247,0.002634,0.000000,0.000000,-0.051457,-0.021095,0.013004,0.000000,-0.010686,0.005893,0.002704,0.000000,0.078013,0.078161,0.000000,0.000000,-0.091904,0.125789,0.054856,0.001745,0.095971,0.112899,-0.063583,0.003491,0.072754,0.149007
1771633665.959,522,1,1,0.0000,0.9979,0.0020,0.0000,0.0000,0.0000,0.0001,0.007321,0.049185,0.002240,0.000653,0.002830,0.000000,0.000000,0.011562,-0.047613,0.010137,0.000000,-0.011744,0.002834,-0.001410,0.000000,0.023152,0.040164,0.001745,0.000000,-0.087920,0.124700,0.066908,0.001745,0.092506,0.096116,-0.070399,0.001745,0.066816,0.137932
1771633666.059,525,1,1,0.0000,0.9977,0.0023,0.0000,0.0000,0.0000,0.0000,0.010117,0.035936,0.001160,0.000970,0.002196,0.000000,0.000000,0.058901,-0.029359,0.028284,0.000000,-0.008627,0.003375,-0.019557,0.000000,0.001876,0.028971,0.001745,0.000000,-0.094628,0.079352,0.037450,0.001745,0.073276,0.081543,-0.044431,0.001745,0.045682,0.108694
1771633666.159,528,1,1,0.0000,0.9982,0.0017,0.0000,0.0000,0.0000,0.0000,0.015436,0.023307,0.000482,0.003236,0.003829,0.000000,0.000000,0.060878,-0.021774,0.025280,0.000000,0.039041,0.024107,-0.007827,0.000000,0.002064,0.033865,0.003491,0.000000,-0.068741,0.074045,0.034981,0.001745,0.043394,0.056231,-0.041962,0.001745,0.008902,0.055147
1771633666.260,531,1,1,0.0000,0.9995,0.0005,0.0000,0.0000,0.0000,0.0000,0.013300,0.009188,0.000411,0.001637,0.003127,0.000000,0.000000,0.024930,-0.014557,0.020105,0.000000,0.054408,0.032536,-0.000906,0.000000,0.000723,0.026892,0.001745,0.000000,-0.113812,0.046152,0.048435,0.000000,-0.009626,-0.002275,-0.055417,0.003491,-0.074804,0.010434
1771633666.360,534,1,1,0.0000,0.9999,0.0001,0.0000,0.0000,0.0000,0.0000,0.016079,0.003319,0.001021,0.000432,0.001172,0.000000,0.000000,0.005862,-0.011007,0.035342,0.000000,0.038837,0.031776,-0.019634,0.000000,0.034976,0.046156,0.001745,0.000000,-0.108161,0.030609,0.002239,0.001745,-0.004606,-0.010051,-0.007475,0.003491,-0.074839,-0.043426
1771633666.462,537,1,1,0.0000,0.9999,0.0000,0.0000,0.0000,0.0000,0.0000,0.006666,0.003796,0.002413,0.000626,0.006680,0.000000,0.000000,-0.002969,-0.006052,0.020944,0.000000,0.004190,0.009605,-0.001745,0.000000,0.010939,0.034308,0.001745,0.000000,0.017687,0.019975,0.001299,0.000000,0.003099,-0.002781,-0.003044,0.001745,-0.058211,-0.032339
1771633666.560,540,1,1,0.0000,0.9999,0.0000,0.0000,0.0000,0.0000,0.0000,0.003747,0.003069,0.000646,0.002309,0.001350,0.000000,0.000000,0.001857,-0.000483,0.019275,0.000000,-0.032712,-0.010424,-0.001821,0.000000,-0.001324,0.023837,0.001745,0.000000,-0.019380,0.007383,-0.029445,-0.003491,-0.132857,-0.047712,0.027700,0.000000,-0.206397,-0.101827
1771633666.660,543,1,1,0.0000,0.9999,0.0000,0.0000,0.0000,0.0000,0.0000,0.020277,0.002164,0.000885,0.001579,0.001402,0.000000,0.000000,0.002604,0.002268,-0.089729,0.000000,0.023703,0.009880,0.105437,0.000000,0.074283,0.025154,0.001745,0.000000,-0.053630,0.003874,-0.023844,-0.001745,-0.056178,-0.033917,0.018608,0.001745,-0.148685,-0.117943
1771633666.761,546,1,1,0.0000,0.9999,0.0000,0.0000,0.0000,0.0000,0.0000,0.010593,0.005532,0.000883,0.000354,0.000879,0.000000,0.000000,-0.000442,-0.000344,-0.036617,0.000000,0.007484,0.011261,0.054070,0.001745,0.026221,0.026333,0.001745,0.000000,0.016312,0.041398,-0.008679,0.000000,-0.037775,-0.025011,0.005188,0.001745,-0.099610,-0.093115
1771633666.861,549,1,1,0.0000,0.9999,0.0000,0.0000,0.0000,0.0000,0.0000,0.005224,0.065633,0.003214,0.000794,0.000344,0.000000,0.000000,-0.010613,0.003929,-0.028228,0.000000,-0.049525,-0.003419,0.045681,0.000000,-0.021452,0.013075,0.001745,0.000000,0.450577,0.054810,0.085493,0.000000,0.009486,-0.011098,-0.088983,0.001745,0.098958,0.084777
1771633666.965,552,1,1,0.0000,0.9993,0.0007,0.0000,0.0000,0.0000,0.0000,0.004714,0.090250,0.000077,0.001677,0.002422,0.000000,0.000000,-0.009049,0.033647,0.022917,0.000000,-0.055096,-0.019045,-0.005464,0.000000,-0.081703,-0.038534,0.001745,0.000000,0.360590,0.192858,0.137149,-0.003491,0.141488,0.010292,-0.137149,0.003491,0.122368,0.113019
1771633667.061,555,1,1,0.0000,0.9977,0.0023,0.0000,0.0000,0.0000,0.0000,0.008279,0.073396,0.000135,0.000704,0.002203,0.000000,0.000000,-0.030280,0.042491,0.056855,0.000000,-0.044635,-0.007359,-0.042893,0.000000,-0.072072,-0.040924,0.001745,0.001745,0.117206,0.306284,0.205174,-0.010472,0.108016,0.011501,-0.191212,0.001745,0.053248,0.074088
1771633667.162,558,1,1,0.0000,0.9643,0.0357,0.0000,0.0000,0.0000,0.0000,0.004889,0.173819,0.000453,0.000979,0.004569,0.000000,0.000000,-0.020557,0.035974,0.013422,0.000000,-0.043155,-0.003260,0.009267,0.000000,-0.047807,-0.025878,0.005236,-0.012217,0.186130,0.414262,0.086255,-0.024435,0.491368,0.281626,-0.051349,0.000000,0.327071,0.293883
1771633667.268,561,1,1,0.0000,0.9314,0.0685,0.0000,0.0000,0.0000,0.0001,0.006736,0.188706,0.000632,0.002003,0.002677,0.000000,0.000000,-0.025901,0.036352,-0.021789,0.000000,-0.043745,-0.000115,0.044479,0.000000,-0.042661,-0.006943,0.003491,-0.015708,0.161986,0.366518,0.030279,-0.027925,0.698535,0.351934,-0.005844,0.005236,0.370115,0.276381
1771633667.366,564,1,1,0.0000,0.8830,0.1167,0.0000,0.0000,0.0000,0.0002,0.007072,0.177248,0.000982,0.001238,0.001162,0.000000,0.000000,-0.018384,0.034975,-0.024771,0.000000,-0.046127,-0.000180,0.045715,0.000000,-0.033154,0.004169,0.000000,-0.013963,0.160354,0.326861,-0.004463,-0.034907,0.673837,0.314358,0.028897,0.005236,0.358383,0.259046
1771633667.465,567,1,1,0.0000,0.7209,0.2786,0.0000,0.0000,0.0000,0.0004,0.005865,0.186324,0.000529,0.000865,0.001348,0.000000,0.000000,-0.018100,0.032505,-0.009338,-0.001745,-0.043416,0.000318,0.035518,0.000000,-0.033078,0.002035,0.000000,-0.012217,0.168332,0.276706,0.009253,-0.043633,0.738389,0.341488,0.006455,0.000000,0.415301,0.279967
1771633667.565,570,1,1,0.0000,0.6134,0.3861,0.0000,0.0000,0.0000,0.0005,0.005167,0.181530,0.000999,0.001612,0.000879,0.000000,0.000000,-0.016614,0.038719,-0.000596,0.000000,-0.049206,-0.009632,0.023286,0.000000,-0.048142,-0.019632,0.000000,-0.012217,0.180457,0.269661,0.004393,-0.045379,0.726484,0.306370,0.004334,0.001745,0.404103,0.280818
1771633667.666,573,2,1,0.0000,0.4804,0.5190,0.0000,0.0000,0.0000,0.0005,0.007907,0.175624,0.000683,0.001663,0.001144,0.000000,0.000000,-0.079063,0.068708,0.007388,0.000000,-0.067095,-0.021293,0.018792,0.000000,-0.073178,-0.033061,0.000000,-0.012217,0.186988,0.193542,-0.003582,-0.045379,0.738453,0.306645,0.008818,0.003491,0.394202,0.275346
1771633667.766,576,2,2,0.0000,0.1928,0.8070,0.0000,0.0000,0.0000,0.0002,0.007940,0.210529,0.000667,0.001573,0.001196,0.000000,0.001745,-0.127628,0.074339,0.014637,0.000000,-0.072278,-0.021681,0.004562,0.000000,-0.066948,-0.031921,0.003491,-0.012217,0.201851,0.185515,-0.018265,-0.045379,0.927414,0.473428,0.018265,0.003491,0.430607,0.282289
1771633667.866,579,2,2,0.0000,0.0445,0.9554,0.0000,0.0000,0.0000,0.0001,0.007390,0.221781,0.000303,0.004330,0.005163,0.000000,0.000000,-0.112172,0.061692,0.026991,0.000000,-0.068831,-0.016903,-0.004301,0.000000,-0.086591,-0.068415,0.001745,-0.012217,0.243742,0.249727,-0.027737,-0.045379,0.957168,0.480938,0.025991,0.006981,0.418032,0.277046
1771633667.968,582,2,2,0.0000,0.0248,0.9751,0.0000,0.0000,0.0000,0.0001,0.007560,0.236152,0.000426,0.002446,0.002509,0.000000,0.000000,-0.111336,0.055375,0.031849,0.000000,-0.063669,-0.009210,-0.010905,0.003491,-0.068437,-0.051896,0.003491,-0.012217,0.444346,0.227004,-0.057924,-0.043633,0.988177,0.499694,0.054433,0.006981,0.377159,0.232534
1771633668.070,585,2,2,0.0000,0.0195,0.9804,0.0000,0.0000,0.0000,0.0000,0.007005,0.229873,0.002239,0.003581,0.001686,0.000000,0.001745,-0.234848,0.046783,0.030293,-0.001745,-0.141449,-0.022949,-0.005859,0.005236,-0.146415,-0.061563,0.003491,-0.012217,0.270802,0.268406,-0.143545,-0.045379,0.993222,0.499502,0.140054,0.006981,0.372466,0.203546
1771633668.171,588,2,2,0.0000,0.0325,0.9674,0.0000,0.0000,0.0000,0.0000,0.006215,0.238016,0.001050,0.001973,0.002655,0.000000,0.001745,-0.255538,0.050148,0.012392,0.000000,-0.118706,-0.033816,0.010297,0.000000,-0.127529,-0.082399,0.003491,-0.012217,0.258262,0.287411,-0.149352,-0.045379,1.042903,0.525496,0.145862,0.006981,0.377807,0.207982
1771633668.270,591,2,2,0.0000,0.0718,0.9281,0.0000,0.0000,0.0001,0.0000,0.006135,0.236758,0.000616,0.004833,0.002010,0.000000,0.000000,-0.148282,0.049127,-0.005294,0.000000,-0.088553,-0.041205,0.024493,-0.003491,-0.102904,-0.080251,0.003491,-0.012217,0.247964,0.285034,-0.137735,-0.045379,1.048273,0.529574,0.134244,0.006981,0.376354,0.209186
1771633668.370,594,2,2,0.0000,0.1075,0.8924,0.0000,0.0000,0.0001,0.0000,0.004593,0.234492,0.000954,0.002615,0.008851,0.000000,0.000000,-0.141704,0.039746,-0.001410,0.000000,-0.075347,-0.031827,0.015373,0.000000,-0.077663,-0.053099,0.003491,-0.012217,0.217070,0.285950,-0.135250,-0.043633,1.045157,0.524101,0.131759,0.006981,0.383268,0.216131
1771633668.473,597,2,2,0.0001,0.0425,0.9537,0.0000,0.0004,0.0031,0.0001,0.003808,0.227440,0.000612,0.004818,0.005191,0.000000,0.000000,-0.112641,0.036296,-0.000668,0.000000,-0.065311,-0.027569,0.009395,0.000000,-0.072308,-0.045522,0.005236,-0.013963,0.132093,0.267080,-0.126665,-0.045379,1.041536,0.514157,0.123174,0.006981,0.409254,0.229773
1771633668.570,600,2,2,0.0002,0.0547,0.9413,0.0000,0.0005,0.0032,0.0001,0.004338,0.224599,0.000349,0.004036,0.005004,0.000000,0.000000,-0.068159,0.036098,-0.007235,-0.001745,-0.057676,-0.022846,0.015961,0.000000,-0.067744,-0.039882,0.001745,-0.012217,0.169976,0.262486,-0.125116,-0.045379,1.035285,0.456973,0.121626,0.006981,0.412432,0.227680
1771633668.670,603,2,2,0.0002,0.0645,0.9319,0.0000,0.0006,0.0027,0.0001,0.017046,0.217204,0.000597,0.006483,0.007443,0.000000,0.001745,0.162633,0.033193,0.005121,0.000000,-0.050600,-0.019975,0.001860,0.000000,-0.066476,-0.037505,0.001745,-0.013963,0.199656,0.240943,-0.128952,-0.043633,0.972423,0.418562,0.125461,0.006981,0.412802,0.227876
1771633668.770,606,2,2,0.0002,0.0623,0.9345,0.0000,0.0006,0.0022,0.0001,0.005236,0.204340,0.000737,0.005666,0.005492,0.000000,0.000000,0.032799,0.026540,0.001737,0.000000,-0.013474,-0.013500,0.001753,0.000000,-0.052625,-0.031416,0.003491,-0.013963,0.231319,0.152671,-0.127809,-0.045379,0.914124,0.380410,0.124319,0.006981,0.411784,0.226983
1771633668.872,609,2,2,0.0003,0.0850,0.9118,0.0000,0.0006,0.0022,0.0001,0.004375,0.198164,0.000532,0.003598,0.006071,0.000000,0.000000,0.032019,0.015246,0.005149,0.000000,-0.020362,-0.009740,0.000086,0.000000,-0.011057,-0.005658,0.003491,-0.013963,0.256712,0.133361,-0.123020,-0.045379,0.908009,0.354098,0.119529,0.006981,0.394880,0.200907
1771633668.971,612,2,2,0.0005,0.1285,0.8685,0.0000,0.0009,0.0014,0.0001,0.012197,0.142590,0.001053,0.006224,0.008909,0.000000,0.000000,0.038097,0.007745,0.000891,0.000000,0.030791,0.001694,0.004345,0.000000,0.033280,0.029522,0.003491,-0.013963,0.269386,0.063547,-0.045587,-0.045379,0.728176,0.200957,0.043842,0.006981,0.279094,0.115606
1771633669.071,615,2,2,0.0006,0.1498,0.8478,0.0000,0.0008,0.0008,0.0001,0.011488,0.155746,0.001196,0.004281,0.008712,0.000000,0.000000,0.064882,-0.000847,0.011812,0.000000,0.017977,0.004099,-0.010067,0.003491,0.017045,0.018547,0.005236,-0.015708,0.250118,0.080475,-0.065952,-0.043633,0.764250,0.240271,0.064206,0.006981,0.315746,0.141665
1771633669.172,618,2,2,0.0005,0.1166,0.8816,0.0000,0.0006,0.0006,0.0001,0.008604,0.156979,0.001500,0.002792,0.001849,0.000000,0.001745,0.019156,-0.002495,-0.010018,0.000000,0.015556,0.022865,0.022235,0.003491,0.009154,0.009040,0.003491,-0.013963,0.178293,0.078991,-0.069602,-0.043633,0.766281,0.269256,0.067857,0.006981,0.360912,0.151680
1771633669.272,621,2,2,0.0003,0.0925,0.9062,0.0000,0.0005,0.0005,0.0001,0.002604,0.182668,0.002610,0.001909,0.005317,0.000000,0.001745,0.002087,-0.001767,-0.005160,0.000000,-0.004681,0.005063,0.020868,0.000000,-0.000792,0.001486,0.003491,-0.013963,0.190397,0.053612,-0.118294,-0.043633,0.771408,0.275727,0.118294,0.008727,0.536698,0.233666
1771633669.374,624,2,2,0.0001,0.0727,0.9260,0.0000,0.0004,0.0007,0.0001,0.002813,0.208629,0.001857,0.001821,0.003143,0.000000,0.000000,0.007202,0.000148,-0.003081,0.000000,-0.004045,0.004769,0.020534,0.000000,-0.004004,0.001105,0.003491,-0.013963,0.169680,0.037242,-0.218820,-0.043633,0.816758,0.313481,0.218820,0.006981,0.589063,0.348035
1771633669.475,627,2,2,0.0001,0.0540,0.9444,0.0000,0.0005,0.0009,0.0001,0.014989,0.231126,0.001462,0.004666,0.005888,0.000000,0.000000,0.015579,0.000297,-0.000675,0.000000,0.073018,0.021815,0.012892,0.000000,0.045810,0.010454,0.001745,-0.013963,0.132403,0.036687,-0.205697,-0.043633,0.875655,0.372623,0.205697,0.008727,0.698266,0.441705
1771633669.574,630,2,2,0.0001,0.0355,0.9623,0.0000,0.0007,0.0013,0.0001,0.034231,0.225605,0.000875,0.003308,0.001962,0.000000,0.001745,0.001989,-0.000599,-0.092721,0.000000,0.026422,0.021962,0.106684,0.000000,0.133567,0.118399,0.001745,-0.013963,0.144581,0.034525,-0.184915,-0.043633,0.865092,0.363033,0.184915,0.008727,0.666132,0.438510
1771633669.675,633,2,2,0.0000,0.0257,0.9720,0.0000,0.0006,0.0016,0.0001,0.012448,0.222150,0.001505,0.002449,0.001078,0.000000,0.001745,0.002998,-0.003136,-0.009226,-0.001745,0.020419,0.017916,0.023188,0.005236,0.035758,0.042121,0.001745,-0.013963,0.162585,0.031662,-0.146353,-0.045379,0.862523,0.365942,0.146353,0.008727,0.652165,0.434100
1771633669.776,636,2,2,0.0000,0.0208,0.9773,0.0000,0.0004,0.0014,0.0001,0.005760,0.220663,0.003363,0.003219,0.001328,0.000000,0.003491,-0.179338,-0.006132,0.021592,-0.001745,-0.000576,0.004271,-0.009375,0.005236,0.004689,0.029842,0.000000,-0.013963,0.196613,0.020854,-0.147636,-0.043633,0.845775,0.368534,0.147636,0.008727,0.625958,0.433864
1771633669.876,639,2,2,0.0000,0.0235,0.9747,0.0000,0.0005,0.0011,0.0001,0.004158,0.215469,0.002557,0.001687,0.004187,0.000000,0.001745,-0.282178,-0.000846,0.046023,-0.003491,-0.087438,0.002126,-0.023333,0.000000,-0.103365,-0.013534,0.000000,-0.013963,0.181232,0.023744,-0.096976,-0.043633,0.845598,0.376297,0.096976,0.008727,0.618771,0.434281
1771633669.976,642,2,2,0.0001,0.0266,0.9713,0.0000,0.0005,0.0013,0.0001,0.007079,0.212701,0.001889,0.001593,0.001008,0.000000,0.001745,-0.162243,0.001884,0.079664,-0.001745,-0.060862,0.001659,-0.049994,0.000000,-0.059621,-0.003949,0.000000,-0.013963,0.155949,0.021644,-0.115982,-0.043633,0.837105,0.372947,0.117727,0.008727,0.605573,0.432738
1771633670.076,645,2,2,0.0001,0.0293,0.9686,0.0000,0.0008,0.0011,0.0001,0.023318,0.207735,0.000974,0.005345,0.008171,0.000000,0.001745,-0.067178,-0.001882,0.076447,-0.003491,-0.034154,0.005715,-0.050267,0.003491,0.082584,0.109834,0.000000,-0.013963,0.137125,0.019563,-0.103269,-0.045379,0.810085,0.366345,0.105015,0.008727,0.609477,0.436483
1771633670.177,648,2,2,0.0001,0.0273,0.9710,0.0000,0.0006,0.0009,0.0001,0.011311,0.191458,0.001733,0.003108,0.003935,0.000000,0.003491,-0.022932,-0.008504,0.056538,-0.001745,0.004151,0.011305,-0.026867,0.000000,0.015114,0.045128,0.001745,-0.019199,0.147244,0.014088,-0.061468,-0.043633,0.705594,0.268959,0.059723,0.012217,0.627165,0.460764
1771633670.277,651,2,2,0.0001,0.0291,0.9692,0.0000,0.0007,0.0009,0.0001,0.017920,0.205368,0.002355,0.001745,0.001619,0.000000,0.001745,0.026694,-0.005713,0.045956,-0.001745,0.026223,0.005045,-0.011049,0.000000,0.056266,0.053108,0.001745,-0.019199,0.178571,0.013494,-0.044027,-0.045379,0.761065,0.278150,0.044027,0.013963,0.682889,0.490509
1771633670.377,654,2,2,0.0001,0.0266,0.9715,0.0000,0.0007,0.0012,0.0001,0.024567,0.212619,0.001522,0.002001,0.001405,0.000000,0.000000,-0.002258,-0.007522,0.003682,-0.001745,0.004719,0.006961,0.034716,0.000000,0.103226,0.141499,0.000000,-0.017453,0.160871,0.021482,-0.106341,-0.045379,0.778141,0.309058,0.104595,0.020944,0.670106,0.486229
1771633670.481,657,2,2,0.0001,0.0226,0.9750,0.0000,0.0007,0.0016,0.0001,0.022132,0.208885,0.000858,0.001481,0.000359,0.000000,0.000000,-0.008371,-0.004214,0.009088,-0.001745,0.022187,0.021435,0.025819,-0.001745,0.091575,0.095483,0.000000,-0.017453,0.193659,0.020030,-0.101654,-0.045379,0.764413,0.284978,0.103400,0.017453,0.657297,0.465390
1771633670.577,660,2,2,0.0001,0.0231,0.9743,0.0000,0.0006,0.0018,0.0001,0.004482,0.206887,0.000653,0.002396,0.001377,0.000000,0.001745,-0.008468,-0.001939,0.008034,-0.001745,-0.084707,-0.009510,0.016401,-0.001745,-0.038556,0.027608,-0.003491,-0.017453,0.206111,0.021250,-0.111842,-0.045379,0.764055,0.262017,0.115333,0.015708,0.636205,0.461966
1771633670.678,663,2,2,0.0001,0.0310,0.9669,0.0000,0.0006,0.0014,0.0000,0.005061,0.182572,0.001987,0.002123,0.003117,0.000000,0.001745,0.007683,-0.005216,-0.030359,-0.001745,-0.039047,-0.006200,0.051303,-0.001745,-0.042275,-0.024462,0.000000,-0.019199,0.323003,0.018968,-0.093549,-0.047124,0.740187,0.190288,0.095295,0.017453,0.505144,0.300529
1771633670.778,666,2,2,0.0002,0.0422,0.9560,0.0000,0.0005,0.0010,0.0000,0.004181,0.177358,0.003361,0.002082,0.002101,0.000000,0.001745,-0.005467,-0.004127,-0.023991,-0.001745,-0.025778,-0.000575,0.048426,0.000000,-0.064683,-0.041047,0.000000,-0.017453,0.326287,0.022300,-0.075321,-0.047124,0.724791,0.179504,0.078812,0.017453,0.480355,0.298788
1771633670.879,669,2,2,0.0001,0.0399,0.9590,0.0000,0.0004,0.0005,0.0000,0.004050,0.173662,0.005522,0.002124,0.004576,0.000000,0.001745,0.013842,0.006837,0.002245,-0.001745,-0.008214,-0.004817,0.023935,0.000000,-0.075702,-0.082309,0.001745,-0.017453,0.325080,0.020317,-0.073412,-0.047124,0.708983,0.171717,0.076903,0.017453,0.471065,0.290685
1771633670.979,672,2,2,0.0003,0.0584,0.9398,0.0000,0.0006,0.0009,0.0001,0.004009,0.172946,0.000528,0.003127,0.003654,0.000000,0.000000,-0.004599,0.023669,0.001125,-0.003491,-0.005723,-0.004169,0.023310,-0.003491,-0.061360,-0.067799,0.000000,-0.017453,0.317075,0.019989,-0.074680,-0.047124,0.707282,0.170015,0.078170,0.017453,0.473463,0.291904
1771633671.080,675,2,2,0.0003,0.0476,0.9509,0.0000,0.0005,0.0007,0.0001,0.003543,0.177520,0.001581,0.004404,0.003646,0.000000,0.001745,-0.021933,0.018291,-0.003278,-0.003491,-0.007211,-0.011525,0.022476,0.000000,-0.075405,-0.073508,0.000000,-0.017453,0.316108,0.016699,-0.132217,-0.047124,0.707250,0.169679,0.135708,0.017453,0.476288,0.291050
1771633671.180,678,2,2,0.0001,0.0333,0.9656,0.0000,0.0004,0.0005,0.0000,0.005690,0.172294,0.003631,0.002258,0.001517,0.000000,0.003491,-0.028825,0.014782,-0.029060,-0.001745,-0.006535,-0.006702,0.048258,0.001745,-0.057964,-0.055399,0.000000,-0.017453,0.321030,0.004813,-0.117956,-0.047124,0.696452,0.145032,0.121446,0.017453,0.475181,0.286120
1771633671.284,681,2,2,0.0002,0.0528,0.9457,0.0000,0.0005,0.0007,0.0001,0.005392,0.168123,0.002386,0.003056,0.001042,0.000000,0.001745,-0.035731,0.016591,-0.021938,-0.003491,-0.005333,-0.003734,0.046372,0.000000,-0.053651,-0.046470,0.000000,-0.017453,0.333815,0.002144,-0.118254,-0.047124,0.687517,0.128576,0.121744,0.017453,0.466933,0.259288
1771633671.381,684,2,2,0.0001,0.0485,0.9504,0.0000,0.0004,0.0005,0.0000,0.005737,0.166139,0.002593,0.002927,0.001510,0.000000,0.001745,0.012409,0.013588,-0.011427,-0.003491,-0.019370,-0.008805,0.041097,0.000000,-0.051040,-0.040315,0.000000,-0.017453,0.329441,-0.002827,-0.089869,-0.047124,0.690220,0.133475,0.093359,0.017453,0.466893,0.262832
1771633671.485,687,2,2,0.0002,0.0506,0.9482,0.0000,0.0005,0.0004,0.0001,0.005683,0.178310,0.003247,0.005318,0.003594,0.000000,0.000000,0.016574,0.011832,-0.008368,-0.001745,-0.069995,-0.033495,0.039784,0.000000,-0.050371,-0.033171,0.000000,-0.017453,0.328054,-0.000833,-0.097350,-0.048869,0.699030,0.137779,0.100841,0.017453,0.545622,0.310937
1771633671.582,690,2,2,0.0001,0.0456,0.9532,0.0000,0.0005,0.0005,0.0001,0.003283,0.183647,0.002517,0.005205,0.003266,0.000000,0.001745,-0.024812,0.010209,0.027445,-0.003491,-0.063858,-0.031669,-0.001265,0.000000,-0.094479,-0.035829,0.001745,-0.017453,0.324904,0.000260,-0.139337,-0.048869,0.709317,0.165957,0.142828,0.017453,0.534191,0.307109
1771633671.683,693,2,2,0.0001,0.0440,0.9545,0.0000,0.0006,0.0006,0.0001,0.007851,0.179631,0.001172,0.002871,0.003223,0.000000,0.001745,-0.039439,0.011874,0.080591,-0.003491,-0.094586,-0.029805,-0.057902,0.000000,-0.147738,-0.069903,0.000000,-0.017453,0.284612,-0.011180,-0.134305,-0.050615,0.704316,0.169381,0.137795,0.017453,0.531628,0.310390
1771633671.783,696,2,2,0.0002,0.0503,0.9481,0.0000,0.0006,0.0007,0.0001,0.010212,0.153449,0.002390,0.000251,0.001912,0.000000,0.001745,-0.039205,0.009206,0.050672,-0.001745,0.003052,-0.013185,-0.031473,0.000000,0.039068,0.018802,0.000000,-0.017453,0.301283,-0.016579,-0.030857,-0.050615,0.583018,0.092640,0.034347,0.015708,0.505234,0.309161
1771633671.883,699,2,2,0.0001,0.0366,0.9620,0.0000,0.0007,0.0005,0.0001,0.045589,0.161383,0.003186,0.000757,0.003840,0.000000,0.001745,0.144321,-0.030397,-0.014497,0.000000,0.013841,0.022865,0.031950,0.000000,0.160707,0.171637,0.000000,-0.017453,0.298139,-0.014385,-0.080115,-0.050615,0.605491,0.113115,0.083606,0.015708,0.505990,0.314542
1771633671.986,702,2,2,0.0002,0.0252,0.9729,0.0000,0.0007,0.0009,0.0000,0.018659,0.163301,0.000811,0.001260,0.001642,0.000000,0.001745,0.064216,-0.041053,0.021019,-0.001745,-0.004478,0.003203,-0.003566,0.000000,0.061230,0.072500,0.000000,-0.017453,0.289492,-0.014298,-0.091896,-0.050615,0.607919,0.119441,0.095387,0.015708,0.506283,0.325378
1771633672.084,705,2,2,0.0004,0.0251,0.9722,0.0000,0.0007,0.0016,0.0001,0.014852,0.161738,0.000297,0.000367,0.000268,0.000000,0.000000,0.035603,-0.038979,0.013829,-0.001745,-0.003643,0.007194,-0.005102,0.000000,0.051179,0.070419,0.000000,-0.017453,0.286252,-0.010343,-0.076789,-0.050615,0.599940,0.115473,0.080280,0.015708,0.506874,0.336330
1771633672.184,708,2,2,0.0004,0.0216,0.9753,0.0000,0.0007,0.0020,0.0001,0.014870,0.167390,0.000472,0.000890,0.000612,0.000000,0.000000,0.018997,-0.030804,0.015158,-0.001745,-0.003958,0.009483,-0.004686,0.000000,0.052603,0.082205,0.000000,-0.017453,0.284594,-0.007546,-0.085802,-0.050615,0.617574,0.139283,0.089292,0.015708,0.517301,0.344924
1771633672.284,711,2,2,0.0003,0.0182,0.9780,0.0000,0.0007,0.0027,0.0001,0.013402,0.171333,0.000640,0.000585,0.001245,0.000000,0.000000,0.009434,-0.022964,0.011548,-0.001745,0.005525,0.010822,-0.001076,0.000000,0.051668,0.071825,0.000000,-0.017453,0.279450,-0.005393,-0.095847,-0.050615,0.624094,0.158804,0.099337,0.015708,0.525675,0.352934
1771633672.385,714,2,2,0.0003,0.0191,0.9769,0.0000,0.0006,0.0029,0.0001,0.011495,0.166115,0.000919,0.000464,0.002298,0.000000,0.000000,0.027578,-0.025861,0.025912,-0.001745,-0.018899,0.001898,-0.011950,0.000000,0.025598,0.056955,0.000000,-0.017453,0.277551,-0.005818,-0.095175,-0.050615,0.596364,0.136166,0.098666,0.015708,0.516661,0.352270
1771633672.485,717,2,2,0.0003,0.0191,0.9783,0.0000,0.0005,0.0018,0.0000,0.007189,0.162541,0.002345,0.000444,0.001783,0.000000,0.000000,0.002379,-0.025844,-0.000924,-0.001745,-0.011923,0.005138,0.020122,0.000000,0.011021,0.047607,0.000000,-0.017453,0.277399,-0.005493,-0.081032,-0.050615,0.586636,0.127511,0.084523,0.015708,0.506838,0.351874
1771633672.587,720,2,2,0.0005,0.0237,0.9731,0.0000,0.0006,0.0020,0.0001,0.011208,0.162640,0.000306,0.001525,0.002122,0.000000,0.000000,-0.019954,-0.012972,0.000071,-0.001745,0.006459,0.005318,0.017382,0.000000,0.042581,0.062686,0.000000,-0.017453,0.277592,-0.005118,-0.081230,-0.050615,0.584706,0.125527,0.084721,0.015708,0.508929,0.354503
1771633672.685,723,2,2,0.0004,0.0221,0.9748,0.0000,0.0005,0.0021,0.0001,0.006699,0.167122,0.001313,0.001100,0.000521,0.000000,0.000000,-0.015046,-0.004793,0.000106,-0.001745,-0.001397,0.000790,0.006875,0.000000,0.020480,0.052132,0.000000,-0.017453,0.271205,0.001166,-0.083402,-0.050615,0.585778,0.128374,0.086893,0.015708,0.531914,0.384422
1771633672.785,726,2,2,0.0005,0.0240,0.9718,0.0000,0.0006,0.0030,0.0001,0.009128,0.168327,0.001603,0.000648,0.001732,0.000000,0.000000,-0.018780,-0.001215,0.016098,-0.001745,-0.004436,0.000904,-0.012608,0.000000,0.014915,0.077616,0.000000,-0.017453,0.258580,-0.000649,-0.087763,-0.050615,0.586136,0.131325,0.091253,0.015708,0.550627,0.386291
1771633672.886,729,2,2,0.0005,0.0242,0.9705,0.0000,0.0006,0.0040,0.0001,0.008235,0.178203,0.001007,0.001223,0.000763,0.000000,0.000000,-0.022102,0.010443,0.026478,-0.001745,-0.007370,-0.000101,-0.017751,0.000000,0.005628,0.056276,0.000000,-0.017453,0.271142,-0.001272,-0.097471,-0.050615,0.594345,0.131723,0.100961,0.015708,0.617050,0.407506
1771633672.990,732,2,2,0.0002,0.0205,0.9754,0.0000,0.0004,0.0033,0.0001,0.005413,0.178699,0.003206,0.000688,0.002350,0.000000,0.000000,-0.026958,0.009833,0.055121,-0.001745,-0.060442,-0.021566,-0.037668,0.000000,-0.080034,-0.022202,0.000000,-0.017453,0.276805,-0.016516,-0.098762,-0.050615,0.590398,0.127219,0.102253,0.015708,0.604134,0.427870
1771633673.086,735,2,2,0.0002,0.0231,0.9731,0.0000,0.0004,0.0030,0.0001,0.005583,0.187288,0.001196,0.002149,0.000680,0.000000,0.001745,-0.027752,0.014050,0.048899,-0.001745,-0.057998,-0.020505,-0.031446,0.000000,-0.040293,0.002298,0.000000,-0.017453,0.288805,-0.021011,-0.097241,-0.050615,0.615450,0.135883,0.100732,0.015708,0.633239,0.457640
1771633673.186,738,2,2,0.0002,0.0244,0.9727,0.0000,0.0004,0.0023,0.0001,0.003315,0.191574,0.002457,0.002414,0.001289,0.000000,0.000000,-0.023484,0.019740,0.015862,-0.001745,-0.052541,-0.013752,0.003336,0.000000,-0.031226,0.000843,0.000000,-0.017453,0.307510,-0.026431,-0.099413,-0.050615,0.627943,0.148848,0.102904,0.015708,0.635231,0.460743
1771633673.287,741,2,2,0.0002,0.0293,0.9679,0.0000,0.0004,0.0021,0.0001,0.003764,0.195007,0.001139,0.003445,0.001591,0.000000,0.000000,-0.004198,0.014901,0.021108,-0.001745,-0.053139,-0.007180,-0.001910,0.000000,-0.011249,0.009163,0.000000,-0.017453,0.313835,-0.030930,-0.094115,-0.050615,0.628449,0.153518,0.097606,0.015708,0.653675,0.477289
1771633673.391,744,2,2,0.0001,0.0276,0.9704,0.0000,0.0003,0.0015,0.0001,0.003713,0.207363,0.003941,0.003038,0.003177,0.000000,0.000000,-0.152604,0.018374,0.015051,-0.001745,-0.057549,-0.003644,0.009383,0.001745,-0.062205,-0.011448,0.000000,-0.017453,0.339332,-0.034680,-0.087078,-0.050615,0.709492,0.211737,0.090569,0.015708,0.648993,0.472524
1771633673.488,747,2,2,0.0001,0.0241,0.9740,0.0000,0.0003,0.0014,0.0000,0.005727,0.207341,0.003964,0.002273,0.001629,0.000000,0.000000,-0.060243,0.016268,-0.031511,-0.003491,-0.053377,-0.002615,0.052455,0.000000,-0.029333,-0.010996,-0.001745,-0.017453,0.347690,-0.043456,-0.099536,-0.050615,0.691481,0.213100,0.103027,0.015708,0.647893,0.469190
1771633673.592,750,2,2,0.0002,0.0430,0.9545,0.0000,0.0004,0.0019,0.0001,0.005907,0.197548,0.000836,0.001386,0.001003,0.000000,0.000000,0.048778,-0.001202,0.011177,-0.001745,-0.051029,-0.002605,0.008022,0.000000,-0.002751,0.002905,0.000000,-0.017453,0.350041,-0.042199,-0.091740,-0.050615,0.683959,0.198350,0.095230,0.015708,0.601424,0.425861
1771633673.688,753,2,2,0.0003,0.0536,0.9435,0.0000,0.0005,0.0020,0.0001,0.006886,0.193357,0.000727,0.001724,0.001927,0.000000,0.001745,0.048510,0.003627,0.005841,-0.003491,-0.046966,-0.006388,0.004631,0.000000,0.010638,0.007635,0.000000,-0.017453,0.355568,-0.041205,-0.093699,-0.050615,0.693740,0.201435,0.097190,0.015708,0.570960,0.385678
1771633673.788,756,2,2,0.0003,0.0548,0.9424,0.0000,0.0005,0.0020,0.0001,0.003828,0.193013,0.001821,0.001682,0.003099,0.000000,0.000000,0.024460,0.009995,0.008798,-0.001745,-0.034502,-0.003564,-0.000071,0.000000,-0.028512,0.002687,0.000000,-0.017453,0.354584,-0.036864,-0.094206,-0.050615,0.693985,0.200552,0.097697,0.015708,0.570524,0.383107
1771633673.889,759,2,2,0.0003,0.0546,0.9422,0.0000,0.0005,0.0022,0.0001,0.005474,0.191256,0.001044,0.000217,0.001072,0.000000,0.000000,-0.144158,0.048575,0.017118,-0.001745,-0.030397,-0.000972,-0.001410,-0.001745,-0.091831,-0.079909,0.000000,-0.019199,0.349811,-0.026251,-0.094158,-0.050615,0.691614,0.196120,0.097648,0.015708,0.564855,0.379321
1771633673.989,762,2,2,0.0003,0.0521,0.9448,0.0000,0.0005,0.0021,0.0001,0.009246,0.187202,0.000291,0.000622,0.000613,0.000000,0.001745,-0.077570,0.039160,0.048353,-0.001745,0.013982,0.007711,-0.030900,0.000000,-0.039841,-0.034856,0.000000,-0.017453,0.351924,-0.024114,-0.083366,-0.050615,0.681419,0.178613,0.086856,0.015708,0.558836,0.373071
1771633674.089,765,2,2,0.0006,0.0574,0.9391,0.0000,0.0006,0.0023,0.0001,0.008984,0.173367,0.000608,0.000234,0.001175,0.000000,0.001745,-0.063743,0.038904,0.043692,-0.003491,0.011561,0.011903,-0.017512,0.000000,-0.008771,-0.000039,0.000000,-0.017453,0.353494,-0.018906,-0.032116,-0.050615,0.624389,0.116577,0.035606,0.015708,0.560318,0.374306
1771633674.190,768,2,2,0.0006,0.0493,0.9472,0.0000,0.0006,0.0022,0.0001,0.011034,0.174799,0.000645,0.000212,0.001488,0.000000,0.003491,-0.054384,0.039795,0.046859,-0.001745,0.024946,0.017313,-0.011952,0.000000,-0.007361,-0.004585,0.000000,-0.017453,0.351255,-0.013222,-0.048940,-0.050615,0.632126,0.122431,0.052430,0.015708,0.555771,0.367867
1771633674.294,771,2,2,0.0007,0.0453,0.9508,0.0000,0.0006,0.0026,0.0001,0.007447,0.171281,0.000175,0.000732,0.000777,0.000000,0.001745,-0.047396,0.042985,0.030603,-0.001745,0.001293,0.003203,0.009539,0.000000,-0.014531,-0.006440,0.000000,-0.017453,0.359127,-0.010982,-0.040995,-0.050615,0.626490,0.112832,0.044486,0.015708,0.539718,0.357013
1771633674.392,774,2,2,0.0007,0.0458,0.9503,0.0000,0.0006,0.0024,0.0001,0.007443,0.161485,0.000580,0.000472,0.000776,0.000000,0.000000,-0.062027,0.044938,0.043214,-0.001745,-0.006852,0.001169,-0.006562,0.000000,-0.054639,-0.025599,0.000000,-0.017453,0.366710,-0.011106,-0.017406,-0.050615,0.590081,0.079457,0.020896,0.015708,0.520916,0.344055
1771633674.492,777,2,2,0.0008,0.0458,0.9507,0.0000,0.0006,0.0022,0.0001,0.008098,0.157957,0.000654,0.000995,0.000544,0.000000,0.000000,-0.075288,0.057032,0.012076,-0.003491,-0.041832,-0.012906,0.028067,0.000000,-0.059266,-0.051073,0.000000,-0.017453,0.373927,-0.009959,-0.017609,-0.050615,0.585286,0.071755,0.021100,0.015708,0.503188,0.324524
1771633674.592,780,2,2,0.0013,0.0662,0.9301,0.0000,0.0007,0.0016,0.0001,0.007193,0.127666,0.000425,0.003558,0.001945,0.000000,0.001745,-0.064326,0.051407,0.030199,-0.003491,-0.056417,-0.020438,0.002962,0.000000,-0.066240,-0.055478,0.001745,-0.017453,0.380763,-0.011492,-0.000398,-0.050615,0.522229,0.021801,0.003889,0.015708,0.342620,0.243234
1771633674.692,783,2,2,0.0029,0.2251,0.7703,0.0000,0.0008,0.0008,0.0001,0.006834,0.074373,0.000539,0.000722,0.003713,0.000000,0.003491,-0.061798,0.047102,0.023786,-0.003491,-0.019672,-0.000717,0.004139,0.003491,-0.026565,-0.025621,0.000000,-0.017453,0.333743,-0.134459,0.011832,-0.050615,0.392092,-0.039138,-0.008341,0.015708,0.078792,0.060308
1771633674.792,786,1,1,0.0026,0.7361,0.2604,0.0004,0.0003,0.0002,0.0001,0.020757,0.017724,0.001183,0.000764,0.002543,0.000000,0.001745,-0.039641,0.043596,0.022301,-0.005236,0.030244,0.009214,0.003879,0.001745,0.102077,0.034277,0.000000,-0.017453,0.031401,-0.306373,-0.065809,-0.050615,0.096281,-0.203683,0.069299,0.015708,-0.154162,-0.123967
1771633674.893,789,1,1,0.0009,0.9770,0.0209,0.0011,0.0000,0.0000,0.0001,0.024966,0.003533,0.001234,0.002627,0.003526,0.000000,0.001745,0.004854,0.035098,0.015952,-0.005236,0.026759,0.017298,0.006737,0.000000,0.095821,0.095329,-0.003491,-0.006981,-0.021366,-0.245568,-0.026684,-0.043633,-0.029221,-0.203501,0.037156,0.005236,-0.160874,-0.140225
1771633674.993,792,1,1,0.0004,0.9974,0.0016,0.0004,0.0000,0.0000,0.0001,0.017473,0.004094,0.000439,0.000585,0.001594,0.000000,0.001745,-0.001296,0.030821,0.030589,-0.005236,0.004842,0.010679,-0.006155,-0.001745,0.057442,0.073561,-0.003491,0.000000,-0.095218,-0.163283,-0.026445,-0.029671,-0.522420,-0.470780,0.043898,0.005236,-0.520877,-0.441772
1771633675.093,795,1,1,0.0004,0.9978,0.0011,0.0003,0.0000,0.0000,0.0004,0.012993,0.005167,0.000412,0.000496,0.001738,0.000000,0.001745,-0.003892,0.022468,0.061586,-0.003491,-0.000431,0.002149,-0.031915,0.000000,0.018965,0.049004,-0.001745,0.000000,-0.164060,-0.228991,0.058515,-0.019199,-0.553542,-0.384528,-0.041061,0.003491,-0.640339,-0.447210
1771633675.197,798,1,1,0.0001,0.9993,0.0003,0.0002,0.0000,0.0000,0.0001,0.008420,0.002962,0.000610,0.001662,0.002401,0.000000,0.001745,-0.006216,0.019685,0.067778,-0.005236,-0.007867,-0.000154,-0.041598,0.000000,-0.103531,0.011828,-0.001745,0.000000,-0.207722,-0.166972,0.035544,-0.012217,-0.419497,-0.216226,-0.016346,0.000000,-0.541124,-0.210496
1771633675.293,801,1,1,0.0001,0.9996,0.0001,0.0001,0.0000,0.0000,0.0001,0.006006,0.002711,0.000628,0.001968,0.001626,0.000000,0.003491,-0.126091,0.024168,0.044408,-0.003491,-0.042817,-0.012088,-0.019973,0.000000,-0.143797,-0.091742,-0.001745,0.001745,-0.156160,-0.179144,0.030792,-0.003491,-0.301481,-0.133532,-0.008103,0.000000,-0.384526,-0.123482
1771633675.394,804,1,1,0.0001,0.9996,0.0000,0.0001,0.0000,0.0000,0.0001,0.006968,0.003031,0.000459,0.002831,0.001901,0.000000,0.001745,-0.082097,0.039562,0.042303,-0.003491,-0.084603,-0.037672,-0.007397,0.000000,-0.098122,-0.068542,-0.001745,0.001745,-0.105413,-0.116860,0.034625,-0.003491,-0.221929,-0.085000,-0.010190,0.000000,-0.247806,-0.100818
1771633675.494,807,1,1,0.0002,0.9995,0.0000,0.0001,0.0000,0.0000,0.0001,0.007628,0.003599,0.001325,0.002013,0.002095,0.000000,0.001745,-0.077839,0.058377,0.008260,-0.003491,-0.140310,-0.051188,0.023156,0.000000,-0.077021,-0.053136,-0.001745,0.000000,-0.083472,-0.057322,0.043185,-0.003491,-0.147378,-0.064714,-0.013515,0.000000,-0.041298,-0.110277
1771633675.594,810,1,1,0.0000,0.9998,0.0000,0.0001,0.0000,0.0000,0.0001,0.005972,0.042068,0.000539,0.006204,0.006401,0.000000,0.001745,-0.047618,0.045245,0.024678,-0.003491,-0.066551,-0.031654,-0.001989,0.000000,-0.049783,-0.033885,-0.001745,0.001745,-0.058812,0.050469,0.051918,-0.003491,0.138736,-0.054094,-0.008285,0.000000,0.261944,-0.015380
1771633675.694,813,1,1,0.0000,0.9998,0.0001,0.0000,0.0000,0.0000,0.0001,0.016485,0.057018,0.000751,0.011281,0.001332,0.000000,0.003491,0.042122,0.019899,0.037366,-0.001745,-0.027691,-0.014920,-0.011186,0.000000,0.049113,0.045831,0.000000,0.000000,0.000882,0.034465,-0.029274,-0.003491,0.196810,0.038876,0.055454,0.000000,0.285049,0.072678
1771633675.795,816,1,1,0.0000,0.9996,0.0001,0.0000,0.0000,0.0000,0.0003,0.031877,0.053367,0.000884,0.006133,0.006031,0.000000,0.001745,0.113964,-0.017534,-0.052051,-0.001745,0.002760,0.026200,0.081721,-0.001745,0.069520,0.086619,0.000000,0.000000,0.030808,0.015233,-0.016533,-0.001745,0.152428,0.026199,0.030496,0.001745,0.272382,0.111110
1771633675.895,819,1,1,0.0000,0.9997,0.0001,0.0001,0.0000,0.0000,0.0001,0.013490,0.033209,0.001915,0.007566,0.008087,0.000000,0.000000,0.057189,-0.017962,0.005951,-0.003491,-0.014060,0.003661,0.016739,0.000000,0.029475,0.048862,0.001745,0.000000,0.036440,-0.010231,-0.046298,-0.001745,0.069363,0.004389,0.053280,0.001745,0.151577,0.079973
1771633675.995,822,1,1,0.0000,0.9998,0.0002,0.0001,0.0000,0.0000,0.0000,0.001552,0.036976,0.001347,0.008761,0.017920,0.000000,0.001745,-0.095221,-0.006894,0.003899,-0.001745,-0.017249,0.001900,0.008318,0.000000,-0.032016,0.002758,0.000000,0.000000,0.006233,-0.009088,-0.112655,-0.001745,0.159783,0.025729,0.117891,0.000000,0.075399,0.058679
1771633676.096,825,1,1,0.0000,0.9999,0.0001,0.0000,0.0000,0.0000,0.0000,0.005949,0.033367,0.001287,0.004495,0.007506,0.000000,0.001745,-0.154547,-0.000198,-0.056001,-0.001745,-0.014506,0.003170,0.062982,0.003491,-0.152312,-0.113659,0.000000,0.000000,0.043550,-0.006678,-0.050077,-0.001745,0.119125,0.070653,0.055313,0.001745,0.042515,0.067504
1771633676.197,828,1,1,0.0000,0.9999,0.0001,0.0000,0.0000,0.0000,0.0000,0.004942,0.033139,0.003628,0.003394,0.003950,0.000000,0.001745,-0.130345,0.028307,-0.015292,-0.001745,-0.022920,-0.007209,0.029255,0.000000,-0.157864,-0.128802,0.005236,-0.001745,0.048435,-0.007277,-0.056862,-0.001745,0.075747,0.048904,0.056862,0.001745,0.068000,0.092744
1771633676.296,831,1,1,0.0000,0.9999,0.0001,0.0000,0.0000,0.0000,0.0000,0.006460,0.043819,0.003431,0.003820,0.005909,0.000000,0.001745,-0.083049,0.051623,-0.006699,-0.001745,-0.171256,-0.062489,0.024153,0.000000,-0.131935,-0.072764,0.000000,0.000000,0.023185,-0.003761,-0.089822,-0.001745,0.129646,0.107876,0.089822,0.001745,0.070049,0.103500
1771633676.396,834,1,1,0.0000,0.9990,0.0010,0.0000,0.0000,0.0000,0.0000,0.005204,0.046859,0.000832,0.004717,0.009691,0.000000,0.001745,-0.043702,0.046743,0.003053,-0.001745,-0.080435,-0.034617,0.010910,0.000000,-0.081254,-0.049588,0.000000,0.000000,-0.026769,-0.001080,-0.059407,0.000000,0.200957,0.185418,0.057662,0.001745,0.033081,0.083445
1771633676.496,837,1,1,0.0000,0.9997,0.0003,0.0000,0.0000,0.0000,0.0000,0.004612,0.010277,0.002051,0.003024,0.002558,0.000000,0.000000,-0.021666,0.041384,0.003872,-0.001745,-0.064080,-0.026358,0.010091,-0.001745,-0.048707,-0.033073,0.000000,0.000000,-0.035871,0.003051,-0.016176,-0.001745,0.026034,0.032891,0.012686,0.003491,-0.003762,0.045171
1771633676.600,840,1,1,0.0000,0.9999,0.0001,0.0000,0.0000,0.0000,0.0000,0.031671,0.009652,0.000931,0.003458,0.002874,0.000000,0.001745,0.002115,0.037366,-0.014023,-0.001745,0.093180,0.031054,0.021004,0.000000,0.104531,0.089057,0.000000,0.000000,-0.047031,0.037816,0.003242,0.000000,0.031417,0.021295,-0.006733,0.001745,-0.024088,0.020308
1771633676.697,843,1,1,0.0000,0.9999,0.0000,0.0000,0.0000,0.0000,0.0000,0.032085,0.031823,0.002039,0.002930,0.002692,0.000000,0.001745,0.050485,0.019423,-0.025345,-0.001745,0.085290,0.053280,0.037563,0.000000,0.079984,0.057247,0.001745,0.000000,0.035005,0.021001,0.058306,0.000000,0.022587,0.032810,-0.063542,0.003491,0.069412,0.137516
1771633676.798,846,1,1,0.0000,0.9999,0.0001,0.0001,0.0000,0.0000,0.0000,0.015986,0.025618,0.001455,0.003392,0.016228,0.000000,0.000000,0.017037,0.019355,-0.003141,-0.001745,0.033657,0.027374,0.017103,0.000000,0.035990,0.041318,0.000000,-0.001745,-0.013718,0.012388,0.065565,0.000000,0.028428,0.039953,-0.069056,0.003491,0.029674,0.127916
1771633676.898,849,1,1,0.0000,0.9999,0.0001,0.0000,0.0000,0.0000,0.0000,0.006398,0.027436,0.000861,0.002397,0.005967,0.000000,0.000000,-0.007781,0.020914,-0.009707,-0.001745,-0.012408,0.002727,0.018434,0.000000,0.006057,0.028650,0.000000,0.000000,-0.032783,0.016140,-0.005654,0.000000,0.006085,0.061203,0.002163,0.003491,0.091273,0.148879
1771633676.999,852,1,1,0.0000,0.9999,0.0000,0.0000,0.0000,0.0000,0.0000,0.003062,0.014894,0.000692,0.003369,0.005488,0.000000,0.001745,-0.043382,0.024524,0.007997,-0.001745,-0.093265,-0.020403,0.002475,0.000000,-0.073682,-0.028920,0.000000,0.000000,-0.069603,0.044246,-0.005759,0.000000,-0.010666,0.032499,0.004013,0.003491,0.005776,0.088706
1771633677.102,855,1,1,0.0000,1.0000,0.0000,0.0000,0.0000,0.0000,0.0000,0.004180,0.021214,0.000399,0.002365,0.003381,0.000000,0.000000,0.016484,0.021027,0.012649,-0.001745,-0.036463,-0.002723,-0.003922,0.000000,-0.040747,-0.003188,0.000000,0.000000,-0.124943,0.080102,-0.043599,0.000000,0.000584,0.060325,0.040109,0.003491,-0.028880,0.069958
1771633677.202,858,1,1,0.0000,1.0000,0.0000,0.0000,0.0000,0.0000,0.0000,0.006105,0.016324,0.000104,0.002512,0.003051,0.000000,0.000000,-0.002122,0.020864,0.050656,-0.001745,-0.208191,-0.053448,-0.041929,0.001745,-0.129084,-0.028131,0.000000,0.000000,-0.082704,0.071491,-0.028588,0.000000,-0.002694,0.036455,0.023352,0.003491,-0.032837,0.061102
1771633677.303,861,1,1,0.0000,1.0000,0.0000,0.0000,0.0000,0.0000,0.0000,0.008664,0.012647,0.000653,0.002742,0.001711,0.000000,0.000000,-0.005737,0.023428,0.080537,-0.001745,-0.110490,-0.052632,-0.068320,0.000000,-0.103101,-0.048263,0.001745,0.000000,-0.044236,0.047407,-0.013444,0.000000,0.000915,0.027157,0.006463,0.005236,-0.022684,0.062846
1771633677.404,864,1,1,0.0000,1.0000,0.0000,0.0000,0.0000,0.0000,0.0000,0.009212,0.009846,0.000909,0.002770,0.003034,0.000000,0.000000,-0.041269,0.024442,0.086105,-0.001745,-0.080545,-0.033361,-0.072142,0.000000,-0.078915,-0.038010,0.000000,0.000000,-0.042108,0.045689,0.000751,0.000000,0.010138,0.003335,-0.005987,0.005236,-0.022217,0.053007
1771633677.504,867,1,1,0.0000,1.0000,0.0000,0.0000,0.0000,0.0000,0.0000,0.005551,0.014830,0.000415,0.001702,0.001906,-0.001745,0.000000,-0.181380,0.024747,0.041865,-0.001745,-0.057214,-0.003972,-0.022666,0.000000,-0.065239,-0.033193,0.001745,0.000000,-0.033827,0.051558,-0.038961,0.000000,0.009372,0.004432,0.035470,0.003491,0.015916,0.055973
1771633677.604,870,1,1,0.0000,1.0000,0.0000,0.0000,0.0000,0.0000,0.0000,0.005265,0.016496,0.000289,0.001446,0.001741,0.000000,0.001745,-0.098293,0.019761,-0.007180,-0.001745,-0.022160,0.011802,0.029869,0.000000,-0.054275,-0.026307,0.000000,-0.001745,0.030925,0.064389,-0.013610,0.000000,0.030433,-0.000148,0.008374,0.005236,0.004112,0.054489
1771633677.704,873,1,1,0.0000,1.0000,0.0000,0.0000,0.0000,0.0000,0.0000,0.002052,0.015211,0.000598,0.001158,0.002810,0.000000,0.000000,-0.072292,-0.006277,0.024628,-0.001745,-0.020190,-0.001380,-0.008920,0.000000,-0.024829,-0.003619,0.003491,-0.005236,0.029628,0.049018,0.000389,0.000000,0.047902,0.000320,-0.005625,0.005236,-0.001593,0.046551
1771633677.804,876,1,1,0.0000,1.0000,0.0000,0.0000,0.0000,0.0000,0.0000,0.002350,0.010963,0.000898,0.002099,0.002392,0.000000,0.000000,-0.041651,-0.005811,0.007069,-0.001745,-0.020695,-0.000620,0.008639,0.000000,0.000384,0.012111,0.003491,-0.005236,0.009472,0.046249,-0.031407,0.000000,0.017879,-0.001611,0.027916,0.005236,-0.013806,0.021317
1771633677.905,879,1,1,0.0000,1.0000,0.0000,0.0000,0.0000,0.0000,0.0000,0.010031,0.039108,0.000691,0.003755,0.001397,0.000000,0.000000,-0.024616,-0.010221,0.004939,-0.001745,-0.020450,-0.000533,0.007278,0.000000,0.065672,0.042478,0.003491,-0.001745,-0.020672,0.065279,-0.051781,0.000000,0.072073,0.024080,0.043055,0.005236,0.136212,0.119876
1771633678.005,882,1,1,0.0000,0.9999,0.0000,0.0000,0.0000,0.0000,0.0000,0.004462,0.034145,0.000491,0.003187,0.006224,0.000000,0.000000,-0.001539,-0.003786,-0.001979,-0.001745,-0.022095,-0.001769,0.007215,0.000000,0.021359,0.024974,0.003491,-0.003491,0.005116,0.065260,0.038632,0.000000,0.080754,0.025643,-0.047358,0.006981,0.066292,0.117574
1771633678.105,885,1,1,0.0000,0.9999,0.0000,0.0000,0.0000,0.0000,0.0000,0.004113,0.046984,0.000922,0.000882,0.001708,0.000000,0.000000,-0.064497,-0.001351,0.011045,-0.001745,-0.022985,-0.000265,-0.005809,0.000000,0.007236,0.031076,0.003491,-0.001745,0.036341,0.092371,0.041151,0.001745,0.092644,0.086600,-0.053368,0.005236,0.054675,0.149550
1771633678.206,888,1,1,0.0000,0.9999,0.0000,0.0000,0.0000,0.0000,0.0000,0.004868,0.036408,0.004520,0.002301,0.008744,0.000000,0.000000,-0.212651,0.010379,0.021957,-0.001745,-0.022700,0.002751,-0.006249,0.000000,-0.003035,0.023332,0.003491,-0.001745,-0.019106,0.058317,0.040256,0.000000,0.042789,0.099154,-0.054218,0.005236,0.040145,0.147506
1771633678.306,891,1,1,0.0000,1.0000,0.0000,0.0000,0.0000,0.0000,0.0000,0.007587,0.035150,0.000154,0.000695,0.004903,0.000000,0.001745,-0.166424,0.031164,0.031719,-0.003491,-0.018170,0.007886,-0.010775,0.000000,-0.005110,0.018531,0.003491,-0.003491,0.013815,0.044506,0.039409,0.000000,0.021015,0.067138,-0.058608,0.005236,0.046051,0.181139
1771633678.406,894,1,1,0.0000,0.9998,0.0001,0.0000,0.0000,0.0000,0.0001,0.009605,0.038503,0.000777,0.001344,0.002179,0.000000,0.000000,-0.109785,0.053809,0.041094,-0.001745,-0.009610,0.010248,-0.013169,0.000000,-0.048143,0.010112,0.003491,0.000000,0.095224,0.038690,0.131772,0.000000,0.000683,0.049737,-0.150970,0.005236,0.022564,0.114639
1771633678.507,897,1,1,0.0000,0.9995,0.0001,0.0001,0.0000,0.0000,0.0004,0.007442,0.039218,0.001447,0.004729,0.003063,0.000000,0.000000,-0.076388,0.035332,0.046690,-0.001745,-0.013170,0.001067,-0.010038,0.000000,-0.041747,0.006220,0.000000,0.005236,0.183711,0.056910,0.073538,0.001745,0.000821,0.045407,-0.090992,0.005236,0.005643,0.092365
1771633678.607,900,1,1,0.0000,0.9986,0.0011,0.0000,0.0000,0.0000,0.0002,0.007637,0.081360,0.000880,0.001421,0.000899,0.000000,0.001745,-0.046438,0.031664,0.049843,-0.001745,-0.011342,0.001969,-0.006210,0.000000,-0.035988,0.006425,-0.003491,0.005236,0.524099,0.037680,0.222313,0.000000,-0.049968,-0.033756,-0.236276,0.006981,0.063310,0.116698
1771633678.707,903,1,1,0.0000,0.9340,0.0659,0.0000,0.0000,0.0000,0.0001,0.008040,0.128368,0.000618,0.002509,0.004640,0.000000,0.001745,-0.047874,0.029102,0.055504,-0.001745,-0.012841,0.001895,-0.010126,0.001745,-0.037357,0.006485,0.000000,-0.001745,0.206876,0.226274,0.132359,0.001745,0.265396,0.197273,-0.142831,0.005236,0.261193,0.244069
1771633678.807,906,1,1,0.0000,0.6926,0.3072,0.0000,0.0000,0.0000,0.0001,0.007230,0.107343,0.000810,0.000531,0.001471,0.000000,0.000000,-0.054935,0.030506,0.050491,-0.001745,-0.015942,0.000442,-0.006858,0.000000,-0.038947,0.005321,0.000000,0.005236,0.136350,0.175703,0.063105,0.001745,0.296618,0.285243,-0.063105,0.000000,0.167069,0.157048
1771633678.907,909,2,1,0.0000,0.4935,0.5061,0.0000,0.0000,0.0000,0.0003,0.007406,0.124340,0.001136,0.002197,0.001854,0.000000,0.003491,-0.027396,0.030700,0.051046,-0.001745,-0.017323,0.001504,-0.002177,-0.003491,-0.047299,0.002130,0.003491,0.006981,0.053187,0.164175,0.029517,0.006981,0.457042,0.330104,-0.020790,0.008727,0.221980,0.209890
1771633679.008,912,2,2,0.0000,0.4620,0.5376,0.0001,0.0000,0.0000,0.0003,0.006485,0.109360,0.000801,0.004695,0.003575,0.000000,0.001745,-0.018980,0.028704,0.016433,-0.001745,-0.015511,-0.000378,0.028946,0.000000,-0.045747,0.001993,0.001745,0.012217,0.028257,0.119994,0.017336,0.006981,0.415482,0.305913,-0.003373,0.008727,0.178759,0.216912
1771633679.109,915,2,2,0.0000,0.3410,0.6585,0.0001,0.0000,0.0000,0.0004,0.005635,0.173492,0.001370,0.002163,0.003676,0.000000,0.001745,-0.013964,0.027479,0.032312,-0.003491,-0.018346,-0.002663,0.002594,0.003491,-0.045983,-0.000262,0.000000,0.012217,0.004830,0.119168,-0.058842,0.008727,0.615109,0.423014,0.069314,0.008727,0.436826,0.383975
1771633679.208,918,2,2,0.0000,0.4012,0.5982,0.0001,0.0000,0.0000,0.0005,0.013309,0.171320,0.001321,0.001715,0.005408,0.000000,0.001745,0.015518,0.005334,0.034874,-0.001745,-0.011426,-0.002699,0.001778,-0.003491,0.083445,0.017015,-0.003491,0.019199,0.022017,0.156397,-0.094405,0.010472,0.558679,0.393235,0.103132,0.006981,0.409265,0.376462
1771633679.309,921,1,1,0.0000,0.5378,0.4614,0.0002,0.0000,0.0000,0.0006,0.038418,0.200329,0.000617,0.002075,0.004849,0.000000,0.001745,0.194425,-0.051990,0.021906,-0.001745,0.032410,0.000864,0.007765,-0.005236,0.098420,0.103481,-0.003491,0.029671,-0.040265,0.230008,-0.132511,0.012217,0.573539,0.469972,0.141238,0.008727,0.481742,0.456833
1771633679.409,924,1,1,0.0000,0.5788,0.4204,0.0002,0.0000,0.0000,0.0006,0.019447,0.170567,0.000489,0.002912,0.008604,0.000000,0.001745,0.069153,-0.026533,0.045829,-0.001745,0.012358,0.006954,-0.014413,0.000000,0.041911,0.055411,-0.003491,0.029671,0.045921,0.139060,-0.140895,-0.006981,0.609101,0.404386,0.156603,0.015708,0.341157,0.305192
1771633679.509,927,2,2,0.0000,0.4461,0.5530,0.0001,0.0000,0.0000,0.0007,0.014346,0.158375,0.000258,0.002185,0.000712,0.000000,0.001745,0.032978,-0.019293,-0.017888,-0.001745,0.006419,0.009353,0.054540,0.001745,0.021398,0.043972,-0.003491,0.029671,0.069500,0.133384,-0.098625,-0.017453,0.593826,0.356601,0.131786,0.040143,0.303736,0.241850
1771633679.609,930,2,2,0.0000,0.3306,0.6687,0.0001,0.0000,0.0000,0.0006,0.006256,0.156053,0.000448,0.001286,0.001578,0.000000,0.000000,0.007865,-0.016485,-0.002831,-0.003491,0.000792,0.003035,0.034247,0.000000,0.002891,0.026239,-0.006981,0.033161,0.084470,0.113073,-0.048835,-0.027925,0.621856,0.352932,0.090723,0.059341,0.302430,0.214648
1771633679.709,933,2,2,0.0000,0.1273,0.8722,0.0001,0.0000,0.0001,0.0004,0.003105,0.166567,0.000518,0.000570,0.000445,0.000000,0.003491,0.005824,-0.008490,0.006937,-0.003491,-0.000763,0.000415,0.019243,-0.005236,-0.003120,0.001354,-0.006981,0.033161,0.103847,0.107484,-0.082634,-0.027925,0.658222,0.384063,0.126267,0.073304,0.301272,0.211190
1771633679.809,936,2,2,0.0000,0.1047,0.8948,0.0001,0.0000,0.0001,0.0003,0.005328,0.168703,0.000571,0.000895,0.000784,0.000000,0.001745,0.030693,-0.012380,0.000151,-0.003491,0.004387,0.002156,0.019048,-0.001745,0.004657,0.001099,-0.006981,0.036652,0.064357,0.117241,-0.066673,-0.027925,0.686623,0.432149,0.113797,0.076794,0.296228,0.200593
1771633679.910,939,2,2,0.0000,0.1222,0.8771,0.0001,0.0000,0.0002,0.0004,0.004261,0.175650,0.001017,0.000885,0.000530,0.000000,0.001745,0.021360,-0.007876,0.022865,-0.003491,0.000883,0.002537,-0.003666,0.001745,-0.044637,-0.014651,-0.006981,0.036652,-0.007135,0.164051,-0.089946,-0.027925,0.642095,0.425598,0.137070,0.085521,0.370447,0.246365
1771633680.010,942,2,2,0.0007,0.2097,0.7831,0.0002,0.0003,0.0038,0.0023,0.003780,0.150463,0.001212,0.000772,0.000518,0.000000,0.000000,-0.055604,0.009806,-0.007586,-0.001745,-0.003539,0.001794,0.033766,-0.001745,-0.062301,-0.043273,-0.006981,0.036652,0.009763,0.154081,-0.044753,-0.027925,0.486910,0.307068,0.093622,0.083776,0.348874,0.284815
1771633680.110,945,2,2,0.0019,0.0834,0.8994,0.0000,0.0011,0.0139,0.0002,0.006153,0.149185,0.000681,0.001057,0.000515,0.000000,0.001745,-0.105801,0.038446,-0.011502,-0.001745,-0.005972,0.001195,0.032446,-0.001745,-0.072240,-0.042125,-0.006981,0.036652,-0.011715,0.160796,0.003548,-0.026180,0.468409,0.297560,0.048811,0.083776,0.355646,0.335023
1771633680.212,948,2,2,0.0008,0.0329,0.9626,0.0000,0.0006,0.0030,0.0001,0.007260,0.172846,0.000396,0.000404,0.002044,0.000000,0.006981,-0.097391,0.046317,-0.009391,-0.003491,-0.025787,-0.010995,0.033826,0.000000,-0.097142,-0.091101,-0.006981,0.036652,-0.004352,0.160614,-0.074289,-0.026180,0.467531,0.304716,0.130140,0.083776,0.478353,0.412371
1771633680.314,951,2,2,0.0006,0.0277,0.9657,0.0000,0.0006,0.0051,0.0002,0.005467,0.174020,0.000749,0.001475,0.000381,0.000000,0.001745,-0.078258,0.037000,-0.000674,-0.003491,-0.035490,-0.005491,0.025108,0.001745,-0.059636,-0.047816,-0.006981,0.036652,0.003281,0.160460,-0.165756,-0.024435,0.421694,0.298576,0.223352,0.083776,0.459796,0.400653
1771633680.414,954,2,2,0.0006,0.0305,0.9632,0.0000,0.0006,0.0048,0.0001,0.004752,0.178621,0.000796,0.002403,0.001627,0.000000,0.000000,-0.102999,0.033954,-0.000379,-0.003491,-0.053800,-0.013340,0.023068,-0.001745,-0.051724,-0.037803,-0.006981,0.036652,0.051439,0.151770,-0.190042,-0.026180,0.402383,0.296487,0.251128,0.083776,0.470548,0.399266
1771633680.514,957,2,2,0.0005,0.0318,0.9635,0.0000,0.0006,0.0036,0.0001,0.004684,0.171524,0.001658,0.000403,0.001028,0.000000,0.003491,-0.077140,0.025954,-0.011054,-0.003491,-0.058167,-0.013011,0.026762,0.000000,-0.049008,-0.033536,-0.006981,0.036652,0.070939,0.153232,-0.194637,-0.026180,0.336330,0.258919,0.253978,0.083776,0.470398,0.394063
1771633680.614,960,2,2,0.0008,0.0417,0.9539,0.0000,0.0007,0.0029,0.0001,0.005901,0.151612,0.000161,0.000300,0.000492,0.000000,0.003491,-0.059007,0.019670,-0.023211,-0.001745,-0.068484,-0.016201,0.044155,0.003491,-0.059516,-0.036373,-0.006981,0.036652,0.080723,0.153668,-0.154666,-0.026180,0.279487,0.181430,0.214007,0.083776,0.432137,0.357468
1771633680.715,963,2,2,0.0017,0.0958,0.9001,0.0000,0.0008,0.0014,0.0001,0.003740,0.114111,0.002216,0.000918,0.001762,0.000000,0.001745,-0.085438,0.016954,0.009391,-0.001745,-0.030417,-0.002856,0.016789,0.000000,-0.050217,-0.027298,-0.006981,0.036652,0.090391,0.187436,-0.103213,-0.026180,0.160814,0.060450,0.162554,0.083776,0.323212,0.264048
1771633680.815,966,2,2,0.0013,0.0658,0.9314,0.0000,0.0005,0.0009,0.0001,0.004011,0.142525,0.000602,0.000413,0.000634,0.000000,0.000000,-0.053696,0.018665,0.029467,-0.003491,-0.029749,-0.002176,-0.006778,-0.001745,-0.047442,-0.022494,-0.006981,0.036652,0.083717,0.181682,-0.159037,-0.026180,0.170130,0.086679,0.218378,0.083776,0.473998,0.375285
1771633680.915,969,2,2,0.0013,0.0479,0.9487,0.0000,0.0005,0.0013,0.0003,0.005553,0.139843,0.000856,0.001947,0.001030,-0.001745,0.001745,-0.039153,0.019087,0.044503,-0.003491,-0.024807,0.001296,-0.014833,0.000000,-0.050480,-0.019751,-0.006981,0.036652,0.068559,0.181089,-0.155619,-0.026180,0.175553,0.134707,0.214960,0.083776,0.434528,0.348296
1771633681.015,972,2,2,0.0036,0.0617,0.9292,0.0001,0.0009,0.0037,0.0008,0.005451,0.134981,0.000383,0.000310,0.000430,0.000000,0.003491,-0.035356,0.023202,0.031638,-0.003491,-0.017006,0.005555,0.001524,-0.005236,-0.049623,-0.015810,-0.005236,0.036652,0.057758,0.127923,-0.158320,-0.026180,0.176291,0.136169,0.217661,0.083776,0.430840,0.352698
1771633681.116,975,2,2,0.0061,0.0631,0.9179,0.0002,0.0014,0.0097,0.0017,0.004946,0.139024,0.000395,0.000250,0.000203,0.000000,0.001745,-0.036328,0.021589,0.035556,-0.003491,-0.019146,0.000461,-0.002394,0.000000,-0.047919,-0.015307,-0.005236,0.036652,0.049921,0.130995,-0.173237,-0.026180,0.182490,0.158359,0.232578,0.083776,0.433405,0.360109
1771633681.216,978,2,2,0.0074,0.0649,0.9035,0.0003,0.0019,0.0200,0.0021,0.005626,0.127628,0.001437,0.000554,0.002208,0.000000,0.003491,-0.037108,0.022330,0.038201,-0.005236,-0.021358,-0.001548,-0.003295,0.003491,-0.053656,-0.021032,-0.006981,0.036652,0.047642,0.135622,-0.309738,-0.026180,-0.284012,0.067412,0.369079,0.083776,0.422582,0.368776
1771633681.319,981,2,2,0.0155,0.1577,0.8125,0.0004,0.0022,0.0102,0.0016,0.005632,0.106208,0.000692,0.000071,0.003059,0.000000,0.003491,-0.036926,0.019857,0.044238,-0.005236,-0.027594,-0.004252,-0.009331,0.000000,-0.067004,-0.037053,-0.006981,0.036652,0.172657,0.171411,-0.267086,-0.026180,-0.705226,-0.526167,0.326428,0.083776,0.277923,0.205651
1771633681.420,984,2,2,0.0059,0.0943,0.8936,0.0002,0.0010,0.0034,0.0015,0.005761,0.116048,0.000297,0.001375,0.000804,-0.001745,0.003491,-0.034159,0.018232,0.047403,-0.003491,-0.029130,-0.002146,-0.007261,-0.003491,-0.059981,-0.032871,-0.005236,0.036652,0.218630,0.177161,-0.307758,-0.026180,-0.794261,-0.560108,0.367099,0.083776,0.289995,0.219260
1771633681.520,987,2,2,0.0023,0.0469,0.9456,0.0001,0.0006,0.0027,0.0017,0.006129,0.149153,0.000313,0.000979,0.002925,0.000000,0.003491,-0.033571,0.021207,0.048847,-0.003491,-0.037213,-0.005723,-0.006959,-0.003491,-0.077426,-0.044615,-0.006981,0.033161,0.209320,0.215170,-0.103414,-0.026180,0.165134,0.105904,0.162755,0.083776,0.464370,0.350251
1771633681.620,990,2,2,0.0074,0.0782,0.9031,0.0004,0.0013,0.0072,0.0025,0.006120,0.099666,0.000442,0.001433,0.001277,0.000000,0.003491,-0.037148,0.021759,0.044695,-0.003491,-0.037507,-0.002935,-0.001062,0.003491,-0.062992,-0.042538,-0.006981,0.029671,0.180825,0.200201,0.014502,-0.026180,-0.013265,-0.094626,0.044839,0.083776,0.349895,0.292287
1771633681.720,993,2,2,0.0123,0.1225,0.8558,0.0005,0.0013,0.0048,0.0029,0.006039,0.097999,0.000455,0.000569,0.000258,0.000000,0.003491,-0.043568,0.022408,0.046568,-0.005236,-0.038087,-0.003156,-0.002935,0.000000,-0.057077,-0.038097,-0.006981,0.026180,0.180760,0.192254,-0.070298,-0.026180,0.004111,-0.080316,0.129639,0.083776,0.305776,0.253498
1771633681.820,996,2,2,0.0041,0.0724,0.9182,0.0003,0.0006,0.0025,0.0019,0.006471,0.112055,0.000179,0.000311,0.003199,0.000000,0.006981,-0.056724,0.023544,0.042877,-0.005236,-0.039633,-0.004095,0.004247,-0.003491,-0.055588,-0.037189,-0.006981,0.024435,0.180638,0.183579,-0.239917,-0.026180,-0.487818,-0.398798,0.295768,0.083776,0.319007,0.257460
1771633681.921,999,2,2,0.0017,0.0436,0.9504,0.0002,0.0004,0.0026,0.0011,0.005811,0.117346,0.001296,0.000635,0.004273,0.000000,0.003491,-0.068307,0.026098,0.023488,-0.003491,-0.047007,-0.003875,0.016655,0.000000,-0.059912,-0.034879,-0.006981,0.024435,0.150444,0.177332,-0.102822,-0.026180,0.156231,0.058711,0.158672,0.083776,0.334450,0.264106
1771633682.022,1002,2,2,0.0040,0.0705,0.9188,0.0003,0.0007,0.0044,0.0013,0.005371,0.108007,0.000516,0.001313,0.001670,0.000000,0.003491,-0.059294,0.027801,0.028271,-0.003491,-0.047044,-0.002138,0.003145,0.001745,-0.054213,-0.030647,-0.005236,0.024435,0.159890,0.174320,-0.083174,-0.026180,0.108355,0.022453,0.139024,0.083776,0.325495,0.258339
1771633682.122,1005,2,2,0.0032,0.0446,0.9383,0.0003,0.0009,0.0102,0.0026,0.004870,0.154082,0.000306,0.000648,0.001456,0.000000,0.003491,-0.055319,0.025273,0.023470,-0.003491,-0.046206,-0.001041,0.006201,0.000000,-0.038090,-0.011996,-0.006981,0.024435,0.156437,0.174985,-0.153731,-0.026180,0.214270,0.111290,0.209581,0.083776,0.475613,0.398602
1771633682.222,1008,2,2,0.0057,0.0532,0.8671,0.0005,0.0025,0.0660,0.0049,0.005620,0.156917,0.001161,0.002238,0.001491,0.000000,0.006981,0.004197,0.018397,-0.011690,-0.003491,-0.047259,-0.002184,0.037870,-0.003491,-0.019995,-0.003105,-0.005236,0.024435,0.172034,0.177835,-0.143256,-0.026180,0.265388,0.138772,0.199106,0.083776,0.450194,0.371465
1771633682.322,1011,2,2,0.0044,0.0556,0.8286,0.0004,0.0035,0.1039,0.0035,0.009304,0.158538,0.000722,0.002702,0.001068,0.000000,0.003491,-0.027734,0.015713,-0.062242,-0.003491,-0.052207,-0.002219,0.091913,-0.001745,-0.016361,0.000527,-0.006981,0.024435,0.171845,0.171629,-0.035004,-0.026180,0.351967,0.194744,0.089109,0.083776,0.448506,0.366450
1771633682.423,1014,2,2,0.0047,0.1096,0.8523,0.0002,0.0029,0.0295,0.0008,0.005387,0.124890,0.001197,0.003235,0.001444,0.000000,0.003491,-0.096689,0.013817,-0.017670,-0.003491,-0.050204,-0.000981,0.047340,0.000000,-0.036059,-0.010758,-0.006981,0.024435,0.119802,0.146436,-0.132930,-0.026180,0.317686,0.178607,0.187035,0.083776,0.278544,0.162356
1771633682.523,1017,2,2,0.0026,0.1286,0.8635,0.0001,0.0014,0.0036,0.0003,0.004921,0.122166,0.000658,0.004926,0.008155,0.000000,0.003491,-0.071658,0.017437,-0.006708,-0.003491,-0.060180,-0.006426,0.032888,0.005236,-0.069964,-0.049680,-0.006981,0.031416,0.091918,0.124045,-0.113421,-0.026180,0.286182,0.178758,0.167527,0.083776,0.307995,0.194379
1771633682.623,1020,2,2,0.0014,0.0793,0.9169,0.0000,0.0006,0.0014,0.0002,0.003984,0.142217,0.001002,0.001518,0.005706,0.000000,0.000000,-0.075962,0.021625,0.000587,-0.003491,-0.053398,-0.001951,0.023847,0.001745,-0.053381,-0.031423,-0.006981,0.036652,0.053534,0.130797,-0.120893,-0.024435,0.378778,0.308080,0.176743,0.083776,0.322854,0.215389
1771633682.726,1023,2,2,0.0015,0.0575,0.9378,0.0001,0.0007,0.0020,0.0004,0.003512,0.133966,0.001641,0.002098,0.002439,0.000000,0.003491,-0.040802,0.021197,0.001690,-0.003491,-0.052330,-0.003966,0.015763,0.000000,-0.042120,-0.015959,-0.006981,0.036652,0.022212,0.133676,-0.016637,-0.024435,0.405056,0.308334,0.072487,0.085521,0.327149,0.216505
1771633682.826,1026,2,2,0.0029,0.0757,0.9165,0.0001,0.0009,0.0033,0.0006,0.002898,0.125521,0.001474,0.001423,0.002346,0.000000,0.001745,-0.048036,0.022562,0.001658,-0.001745,-0.049000,-0.004396,0.008814,0.000000,-0.037404,-0.011603,-0.006981,0.036652,0.027557,0.146392,-0.036252,-0.024435,0.371498,0.293097,0.092103,0.083776,0.245840,0.209341
1771633682.926,1029,2,2,0.0052,0.1145,0.8749,0.0002,0.0013,0.0029,0.0010,0.017848,0.115169,0.001176,0.002880,0.003444,0.000000,0.003491,-0.160852,0.010427,-0.073052,-0.001745,-0.022232,0.012437,0.085269,0.000000,0.090209,0.012339,-0.006981,0.040143,0.014378,0.190667,-0.049795,-0.024435,0.346384,0.268275,0.105645,0.083776,0.203852,0.128908
1771633683.026,1032,2,2,0.0050,0.0985,0.8916,0.0002,0.0010,0.0025,0.0012,0.005517,0.109738,0.000417,0.000763,0.003089,0.000000,0.001745,-0.138113,0.012517,-0.004242,-0.001745,-0.004872,0.025847,0.018205,0.003491,-0.052613,0.004399,-0.006981,0.050615,-0.003454,0.217154,-0.052687,-0.022689,0.324387,0.259769,0.108538,0.083776,0.165414,0.107203
1771633683.130,1035,2,2,0.0035,0.0898,0.9028,0.0002,0.0007,0.0017,0.0013,0.004211,0.104197,0.003943,0.002343,0.003018,0.000000,0.001745,-0.108477,0.013896,0.024059,-0.001745,-0.011420,0.005597,-0.011842,0.005236,-0.134947,-0.033537,-0.006981,0.066323,-0.007121,0.223184,-0.042581,-0.019199,0.293785,0.236236,0.100177,0.083776,0.142879,0.103998
1771633683.228,1038,2,2,0.0045,0.0899,0.9012,0.0003,0.0006,0.0016,0.0019,0.003416,0.101609,0.001300,0.001668,0.000635,0.000000,0.001745,-0.087837,0.014955,0.016026,-0.001745,-0.006515,0.003026,-0.005554,0.005236,-0.048115,-0.013873,-0.006981,0.076794,-0.027812,0.227465,-0.047661,-0.013963,0.270739,0.214845,0.103512,0.083776,0.140848,0.101332
1771633683.327,1041,2,2,0.0025,0.0759,0.9179,0.0003,0.0004,0.0009,0.0022,0.009357,0.101232,0.002450,0.003967,0.001744,-0.001745,0.001745,0.033868,0.014524,0.018946,-0.001745,0.006805,0.003364,-0.008474,0.000000,0.001563,0.031469,-0.006981,0.078540,-0.067967,0.297923,-0.059811,-0.008727,0.203860,0.140350,0.112170,0.082030,0.195330,0.104584
1771633683.430,1044,2,2,0.0022,0.0634,0.9307,0.0003,0.0003,0.0008,0.0022,0.011312,0.093734,0.000795,0.002879,0.001840,0.000000,0.001745,0.018349,0.013865,0.031916,-0.001745,0.006622,0.009523,-0.019699,0.001745,0.008951,0.043023,-0.006981,0.082030,-0.048126,0.292918,-0.025232,-0.006981,0.187645,0.130889,0.082828,0.082030,0.169518,0.096951
1771633683.528,1047,2,2,0.0019,0.0751,0.9195,0.0005,0.0003,0.0005,0.0021,0.024109,0.083895,0.000362,0.004012,0.005215,0.000000,0.001745,0.033799,0.013297,0.025575,-0.001745,0.066936,0.028421,-0.004631,0.000000,0.060360,0.059176,-0.006981,0.080285,0.009270,0.296056,0.016326,-0.005236,0.183767,0.127733,0.044761,0.080285,0.107145,0.061108
1771633683.628,1050,2,2,0.0004,0.0235,0.9739,0.0002,0.0001,0.0003,0.0016,0.037631,0.105059,0.000436,0.003907,0.007333,0.000000,0.001745,0.111403,0.011380,0.034948,-0.001745,0.047780,0.026706,-0.022731,0.000000,0.106163,0.111446,-0.006981,0.078540,0.023578,0.279305,0.006418,-0.006981,0.227620,0.190847,0.047687,0.076794,0.229496,0.100418
1771633683.729,1053,2,2,0.0002,0.0125,0.9859,0.0001,0.0001,0.0005,0.0007,0.025655,0.102425,0.000687,0.004534,0.004652,0.000000,0.001745,0.109373,0.011793,0.046956,-0.003491,0.015128,0.010605,-0.032993,0.000000,0.042963,0.069291,-0.006981,0.075049,0.058948,0.241251,-0.015619,-0.006981,0.222862,0.173747,0.064488,0.073304,0.221691,0.097762
1771633683.828,1056,2,2,0.0004,0.0174,0.9798,0.0002,0.0001,0.0016,0.0006,0.014116,0.104214,0.001276,0.003015,0.001289,0.000000,0.001745,0.048726,0.010861,-0.000519,-0.001745,-0.041001,-0.004339,0.014481,0.000000,0.032835,0.060739,-0.006981,0.073304,0.096098,0.211001,-0.055266,-0.006981,0.217792,0.169258,0.098899,0.062832,0.218939,0.102446
1771633683.929,1059,2,2,0.0004,0.0259,0.9704,0.0002,0.0001,0.0025,0.0006,0.005921,0.101436,0.000276,0.002579,0.001270,0.000000,0.003491,-0.189743,0.013160,0.054396,-0.001745,-0.048754,-0.026740,-0.035197,0.000000,-0.188223,-0.153689,-0.005236,0.073304,0.107781,0.206092,-0.035602,-0.006981,0.202149,0.146744,0.070509,0.050615,0.236408,0.123631
1771633684.029,1062,2,2,0.0011,0.0379,0.9535,0.0004,0.0002,0.0055,0.0014,0.009107,0.103178,0.000616,0.003034,0.002707,0.000000,0.001745,-0.129613,0.053986,0.053553,-0.001745,-0.192802,-0.107621,-0.034354,0.000000,-0.110535,-0.071711,-0.006981,0.071558,0.116411,0.210827,-0.032152,-0.006981,0.191819,0.134702,0.061823,0.041888,0.253522,0.155589
1771633684.129,1065,2,2,0.0019,0.0470,0.9410,0.0005,0.0003,0.0075,0.0018,0.007568,0.091818,0.000430,0.002427,0.002093,0.000000,0.000000,-0.135169,0.042093,0.048722,-0.001745,-0.108805,-0.067788,-0.027778,0.000000,-0.071110,-0.042145,-0.006981,0.069813,0.121562,0.220487,0.005499,-0.006981,0.161864,0.091732,0.015445,0.033161,0.236315,0.145941
1771633684.229,1068,2,2,0.0021,0.0714,0.9208,0.0005,0.0002,0.0037,0.0012,0.008312,0.075257,0.000331,0.004171,0.004403,0.000000,0.001745,-0.124906,0.043988,0.054006,-0.001745,-0.085748,-0.044400,-0.029572,0.000000,-0.060930,-0.033194,-0.005236,0.071558,0.118062,0.222194,0.023626,-0.006981,0.082514,-0.001092,-0.011408,0.019199,0.219235,0.146695
1771633684.330,1071,2,2,0.0007,0.0628,0.9348,0.0002,0.0001,0.0009,0.0005,0.007467,0.070422,0.000894,0.001201,0.005770,0.000000,0.000000,-0.098095,0.039011,0.050596,-0.001745,-0.076213,-0.035244,-0.020925,0.000000,-0.051707,-0.023212,-0.005236,0.071558,0.230657,0.221742,0.057896,-0.005236,0.045583,-0.014803,-0.054405,0.006981,0.132311,0.078334
1771633684.430,1074,2,2,0.0002,0.0247,0.9747,0.0001,0.0000,0.0002,0.0002,0.009060,0.064341,0.001391,0.003517,0.002332,0.000000,0.000000,-0.069379,0.022495,0.051624,-0.001745,-0.071464,-0.027685,-0.013227,0.000000,-0.009637,0.034596,-0.005236,0.068068,0.225990,0.222771,0.077584,-0.005236,0.047342,-0.014739,-0.079329,0.003491,0.089996,0.036853
1771633684.530,1077,2,2,0.0000,0.0116,0.9881,0.0000,0.0000,0.0001,0.0001,0.008245,0.057067,0.000903,0.002930,0.008081,0.000000,0.000000,-0.006100,0.019650,0.048206,-0.001745,-0.034132,-0.018086,-0.008064,0.000000,-0.002237,0.031079,-0.005236,0.066323,0.106711,0.265148,0.075111,-0.005236,0.031352,-0.018627,-0.075111,0.000000,0.092223,0.047933
1771633684.633,1080,2,2,0.0000,0.0064,0.9934,0.0000,0.0000,0.0001,0.0000,0.006271,0.063935,0.001869,0.003047,0.004637,0.000000,0.001745,-0.002547,0.019131,0.039699,-0.001745,-0.018786,-0.008199,-0.004793,0.000000,-0.011486,0.014676,-0.005236,0.066323,0.076765,0.269897,0.095990,-0.005236,-0.036887,-0.120326,-0.099480,-0.001745,0.162243,0.095998
1771633684.733,1083,2,2,0.0000,0.0041,0.9956,0.0000,0.0000,0.0002,0.0000,0.005130,0.064582,0.001494,0.001750,0.001663,0.000000,0.001745,-0.003000,0.019163,0.034305,-0.001745,-0.017287,-0.001444,0.002347,-0.001745,-0.015054,0.003999,-0.003491,0.066323,0.033206,0.266588,0.119432,-0.005236,-0.044258,-0.121372,-0.122923,-0.001745,0.184343,0.105098
1771633684.834,1086,2,2,0.0000,0.0071,0.9926,0.0001,0.0000,0.0002,0.0000,0.005183,0.070158,0.000396,0.007556,0.010971,0.000000,0.000000,-0.011401,0.014894,0.022897,-0.001745,-0.020540,-0.001645,0.010264,0.000000,0.003988,0.010152,-0.003491,0.066323,0.073124,0.231542,0.164734,-0.005236,-0.236373,-0.281101,-0.168225,0.000000,0.194376,0.111802
1771633684.934,1089,2,2,0.0000,0.0077,0.9921,0.0001,0.0000,0.0001,0.0001,0.005731,0.063146,0.002437,0.006639,0.006713,0.000000,0.001745,-0.013857,0.008663,0.030888,-0.001745,-0.018228,0.000426,-0.002963,0.001745,0.008026,0.017280,-0.003491,0.064577,0.060064,0.236538,0.116675,-0.005236,-0.157043,-0.165535,-0.121911,-0.001745,0.174791,0.105105
1771633685.034,1092,2,2,0.0000,0.0165,0.9831,0.0001,0.0000,0.0001,0.0001,0.004096,0.047922,0.004007,0.004955,0.008381,0.000000,0.000000,-0.024244,0.013628,0.030977,-0.001745,-0.038539,-0.005021,-0.001307,0.001745,-0.017758,0.002798,-0.003491,0.062832,0.053849,0.149646,-0.004634,-0.003491,0.004000,0.041148,-0.000602,-0.003491,0.155036,0.108558
1771633685.134,1095,2,2,0.0000,0.0074,0.9923,0.0000,0.0000,0.0002,0.0001,0.006555,0.077343,0.000977,0.001461,0.000691,0.000000,0.001745,-0.058744,0.005796,0.022220,-0.001745,-0.002524,0.036207,0.012686,-0.001745,-0.022008,-0.001089,-0.001745,0.055851,0.026613,0.083994,-0.047153,-0.005236,0.033405,-0.000824,0.041917,-0.005236,0.400000,0.286333
1771633685.234,1098,2,2,0.0000,0.0087,0.9909,0.0001,0.0000,0.0002,0.0001,0.031127,0.068677,0.001599,0.001806,0.004445,0.000000,0.000000,-0.112119,0.000329,-0.012892,-0.001745,0.134495,0.087031,0.040817,-0.001745,0.064529,0.046324,0.000000,0.045379,0.135954,0.069753,-0.028436,-0.003491,0.019275,0.027122,0.021455,-0.006981,0.281458,0.223726
1771633685.336,1101,2,2,0.0001,0.0122,0.9873,0.0001,0.0000,0.0002,0.0001,0.016290,0.060763,0.000215,0.002421,0.002661,0.000000,0.000000,-0.095601,-0.002753,-0.001775,-0.003491,0.063631,0.077192,0.022718,0.000000,0.007746,0.024195,0.000000,0.029671,0.108652,0.070544,0.000183,-0.001745,0.018444,0.026900,-0.008910,-0.010472,0.274645,0.200113
1771633685.435,1104,2,2,0.0000,0.0043,0.9954,0.0000,0.0000,0.0002,0.0001,0.018081,0.077604,0.000400,0.000927,0.001194,-0.001745,0.000000,-0.082891,-0.023253,-0.008172,-0.001745,0.044121,0.056222,0.029116,0.000000,0.039930,0.047581,0.001745,0.015708,0.087768,0.072522,-0.064312,0.000000,0.036145,0.035898,0.053840,-0.010472,0.382061,0.245555
1771633685.535,1107,2,2,0.0000,0.0034,0.9963,0.0000,0.0000,0.0002,0.0001,0.012863,0.068263,0.001216,0.002098,0.000743,0.000000,0.001745,-0.054593,-0.039960,0.005896,-0.003491,0.015137,0.035637,0.011557,0.000000,0.031705,0.052675,0.003491,0.006981,0.066903,0.072526,-0.024248,-0.001745,0.030482,0.037296,0.013776,-0.010472,0.351332,0.236368
1771633685.636,1110,2,2,0.0000,0.0062,0.9934,0.0000,0.0000,0.0003,0.0000,0.001990,0.067220,0.000813,0.001840,0.003542,0.000000,0.003491,-0.051399,-0.026160,0.007739,-0.003491,-0.047709,-0.002117,0.002733,0.000000,-0.035448,0.009921,0.003491,0.001745,0.115860,0.094964,-0.013900,-0.001745,0.045716,0.067976,0.003428,-0.010472,0.275950,0.197509
1771633685.735,1113,2,2,0.0000,0.0027,0.9969,0.0000,0.0000,0.0003,0.0001,0.004133,0.098937,0.000576,0.002819,0.003388,0.000000,0.001745,-0.048801,-0.018812,0.037851,-0.003491,-0.034795,-0.018965,-0.025634,0.000000,-0.016454,0.010001,0.003491,0.000000,0.186817,0.088184,0.042113,0.000000,0.071113,0.077593,-0.052585,-0.010472,0.391349,0.326586
1771633685.836,1116,2,2,0.0000,0.0049,0.9943,0.0000,0.0000,0.0005,0.0002,0.002962,0.100162,0.003204,0.002727,0.002310,0.000000,0.001745,0.003303,-0.001874,0.024572,-0.003491,-0.028957,-0.002547,-0.003628,0.000000,-0.018999,0.005926,0.003491,-0.001745,0.194983,0.086661,0.025599,0.000000,0.086872,0.075998,-0.036071,-0.010472,0.394112,0.334230
1771633685.936,1119,2,2,0.0001,0.0422,0.9558,0.0002,0.0000,0.0008,0.0009,0.004309,0.100627,0.007421,0.002717,0.006806,0.000000,0.001745,-0.017368,0.013863,-0.013416,-0.003491,-0.056025,-0.008420,0.036105,0.000000,-0.029570,-0.014138,0.005236,0.000000,0.182985,0.098020,0.095007,0.000000,0.080235,0.003899,-0.105479,-0.010472,0.407079,0.335057
1771633686.036,1122,2,2,0.0000,0.1750,0.8244,0.0001,0.0000,0.0003,0.0002,0.007268,0.090000,0.001897,0.001704,0.002107,0.000000,0.001745,-0.016522,0.057731,-0.012029,-0.001745,-0.058257,-0.003205,0.027737,0.000000,-0.070911,-0.020611,0.003491,0.000000,0.161866,0.145184,0.076227,0.000000,0.023591,-0.051586,-0.086699,-0.010472,0.352247,0.317398
1771633686.136,1125,2,2,0.0000,0.1798,0.8194,0.0001,0.0000,0.0005,0.0003,0.015986,0.087789,0.000832,0.001014,0.001486,0.000000,0.001745,0.082358,0.058741,-0.024558,-0.001745,-0.047082,-0.002055,0.048993,0.000000,-0.052996,-0.014631,0.005236,0.000000,0.146213,0.158896,0.075965,0.000000,0.029678,-0.045609,-0.082947,-0.010472,0.337535,0.299940
1771633686.236,1128,2,2,0.0005,0.0439,0.9514,0.0004,0.0001,0.0025,0.0011,0.011049,0.086340,0.000261,0.004249,0.004093,0.000000,0.001745,0.039569,0.045958,-0.006403,-0.001745,-0.010955,0.009243,0.034329,0.001745,-0.050205,-0.011729,0.003491,0.000000,0.146991,0.160267,0.109333,0.000000,0.031414,-0.039637,-0.118060,-0.010472,0.305000,0.279580
1771633686.337,1131,2,2,0.0001,0.0234,0.9751,0.0002,0.0000,0.0007,0.0003,0.007440,0.078568,0.002301,0.003864,0.011810,0.000000,0.000000,0.022851,0.041995,0.003542,-0.003491,-0.078168,-0.017532,0.020892,0.000000,-0.106596,-0.060960,0.003491,-0.001745,0.107117,0.154198,0.026512,0.000000,0.036065,-0.007675,-0.036984,-0.015708,0.333640,0.281799
1771633686.437,1134,2,2,0.0001,0.0153,0.9841,0.0001,0.0000,0.0003,0.0001,0.008337,0.068573,0.003285,0.007860,0.011330,0.000000,0.003491,-0.043759,0.021763,-0.059084,-0.001745,-0.067593,-0.024431,0.073047,0.001745,-0.056360,-0.036768,0.003491,-0.005236,0.112515,0.122372,0.002432,0.000000,0.034295,-0.013541,-0.012904,-0.015708,0.322490,0.225280
1771633686.538,1137,2,2,0.0000,0.0315,0.9678,0.0004,0.0000,0.0002,0.0001,0.001608,0.072190,0.003409,0.009800,0.013565,0.000000,0.001745,-0.077735,0.003585,0.009151,-0.001745,-0.055346,-0.012980,0.004811,0.000000,-0.017398,-0.016130,0.003491,0.000000,0.075179,0.200857,0.083123,0.000000,0.030413,0.009622,-0.091850,-0.015708,0.267953,0.195645
1771633686.638,1140,2,2,0.0000,0.0207,0.9789,0.0001,0.0000,0.0002,0.0001,0.005104,0.062215,0.000424,0.004149,0.007270,0.000000,0.001745,-0.136169,0.001699,0.057799,-0.001745,-0.050093,-0.003946,-0.045581,-0.001745,-0.018601,-0.001341,0.000000,0.005236,-0.058620,0.185616,-0.008761,0.000000,0.076108,0.105380,0.003525,-0.008727,0.209072,0.161644
1771633686.741,1143,2,2,0.0000,0.0245,0.9751,0.0002,0.0000,0.0001,0.0001,0.005316,0.076743,0.001088,0.004266,0.013887,0.000000,0.003491,-0.170571,0.003885,0.044154,-0.001745,-0.043549,0.002679,-0.024956,0.003491,-0.011437,0.006092,-0.003491,0.012217,-0.034019,0.182240,-0.087266,0.000000,0.117779,0.127643,0.085520,0.000000,0.234309,0.161206
1771633686.838,1146,2,2,0.0000,0.0261,0.9734,0.0001,0.0000,0.0002,0.0001,0.005270,0.057627,0.001893,0.003156,0.002865,0.000000,0.000000,-0.117109,0.002256,0.036772,-0.001745,-0.005140,0.005347,-0.010592,0.001745,0.002378,0.014744,-0.005236,0.012217,-0.013167,0.184277,-0.121167,0.000000,0.149204,0.121179,0.119421,0.003491,0.101735,-0.052490
1771633686.939,1149,2,2,0.0001,0.0380,0.9613,0.0002,0.0000,0.0003,0.0001,0.004571,0.055547,0.001082,0.001718,0.001952,0.000000,0.000000,-0.076374,0.000519,0.006117,-0.001745,-0.006648,0.001331,0.020063,-0.001745,0.014468,0.012354,-0.006981,0.012217,-0.025187,0.187024,-0.067101,0.000000,0.168550,0.115899,0.061865,-0.003491,0.121010,-0.008687
1771633687.039,1152,2,2,0.0001,0.0647,0.9345,0.0002,0.0000,0.0003,0.0001,0.003527,0.038329,0.001192,0.001318,0.002155,0.000000,0.000000,-0.078295,-0.025860,-0.003672,-0.001745,-0.022693,-0.009012,0.028107,-0.001745,0.006839,0.007375,-0.005236,0.010472,0.006513,0.186036,-0.054952,0.000000,0.148126,0.051154,0.044480,-0.012217,0.013168,-0.117365
1771633687.139,1155,2,2,0.0001,0.1138,0.8856,0.0001,0.0000,0.0003,0.0001,0.006730,0.040196,0.001242,0.001104,0.001003,-0.001745,0.001745,-0.069586,-0.027251,-0.037259,-0.001745,-0.044698,-0.019182,0.056457,0.000000,0.015483,0.007080,0.000000,0.001745,0.036383,0.185210,-0.059613,0.000000,0.137630,0.057161,0.047396,-0.017453,0.016831,-0.106255
1771633687.239,1158,2,2,0.0001,0.2091,0.7905,0.0001,0.0000,0.0003,0.0001,0.002300,0.039265,0.000754,0.003071,0.003389,0.000000,0.000000,-0.058729,-0.026048,0.000969,-0.003491,-0.043276,-0.009882,0.019975,0.000000,0.003054,0.003605,0.000000,0.001745,0.028649,0.183000,-0.096534,0.000000,0.116467,0.052805,0.084317,-0.017453,0.004198,-0.111791
1771633687.339,1161,2,2,0.0000,0.4794,0.5203,0.0000,0.0000,0.0002,0.0000,0.004873,0.041413,0.002396,0.003535,0.005188,0.000000,0.000000,-0.034540,-0.022952,0.058479,-0.001745,-0.059387,-0.013682,-0.044516,0.000000,-0.045816,-0.024741,-0.005236,0.005236,0.035760,0.179927,-0.092258,0.000000,0.118095,0.073299,0.080041,-0.017453,0.004593,-0.112211
1771633687.440,1164,2,2,0.0000,0.1175,0.8824,0.0000,0.0000,0.0001,0.0000,0.002293,0.085477,0.000887,0.003238,0.005020,0.000000,0.000000,-0.048010,-0.006325,0.026779,-0.001745,-0.039634,0.000735,-0.011071,0.000000,-0.019167,-0.010489,-0.006981,0.006981,0.041406,0.195479,-0.152929,0.000000,0.196687,0.180685,0.140712,-0.017453,0.217004,0.046771
1771633687.540,1167,2,2,0.0000,0.0474,0.9524,0.0000,0.0000,0.0001,0.0001,0.031388,0.074984,0.001700,0.004483,0.008235,0.000000,0.001745,-0.084016,0.010270,0.047260,-0.003491,0.067380,0.062449,-0.024571,0.001745,0.076469,0.109337,-0.003491,0.003491,0.091881,0.198420,-0.126900,0.000000,0.177048,0.122805,0.114683,-0.017453,0.164707,0.026770
1771633687.640,1170,2,2,0.0000,0.0449,0.9548,0.0000,0.0000,0.0001,0.0001,0.027596,0.091733,0.001639,0.005049,0.004866,0.000000,0.000000,0.157924,0.000715,0.030621,-0.001745,0.005285,0.023679,-0.009677,-0.003491,0.044072,0.068852,0.000000,0.001745,0.081227,0.202186,-0.082969,0.000000,0.119009,0.129074,0.070751,-0.017453,0.291080,0.205720
1771633687.740,1173,2,2,0.0000,0.1318,0.8674,0.0002,0.0000,0.0001,0.0004,0.006624,0.062443,0.002970,0.006601,0.007402,0.000000,0.000000,0.037586,0.000860,0.037484,-0.003491,-0.028793,0.003562,-0.013050,-0.001745,-0.262921,-0.133915,-0.005236,0.005236,0.090672,0.191684,-0.084503,0.000000,-0.019982,-0.028990,0.072286,-0.017453,0.218181,0.171259
1771633687.841,1176,2,2,0.0000,0.2256,0.7734,0.0004,0.0000,0.0003,0.0003,0.004340,0.056676,0.002569,0.002953,0.003743,0.000000,0.000000,-0.052260,0.003083,-0.022821,0.000000,-0.060575,-0.013999,0.049001,0.000000,-0.074474,-0.048612,0.000000,-0.003491,0.089710,0.141240,-0.055463,0.000000,-0.009272,-0.003655,0.044991,-0.017453,0.237994,0.166177
1771633687.941,1179,2,2,0.0000,0.2284,0.7709,0.0001,0.0000,0.0003,0.0003,0.013042,0.072556,0.001774,0.001224,0.001856,0.000000,0.000000,-0.005404,0.000829,0.026560,-0.001745,-0.045229,-0.009121,-0.005616,0.001745,0.043946,0.083422,0.001745,-0.006981,0.153380,0.134369,-0.070608,0.000000,0.051229,0.020018,0.060136,-0.017453,0.279811,0.169985
1771633688.041,1182,1,1,0.0000,0.8500,0.1499,0.0000,0.0000,0.0000,0.0001,0.025907,0.063481,0.004355,0.002797,0.004433,0.000000,0.000000,0.027901,-0.043798,0.006915,-0.003491,-0.054384,-0.015201,0.012284,0.001745,0.135375,0.126665,0.005236,-0.012217,0.166442,0.109170,-0.065579,0.000000,0.003169,-0.007349,0.055107,-0.017453,0.264768,0.157882
1771633688.141,1185,1,1,0.0000,0.5489,0.4509,0.0000,0.0000,0.0001,0.0001,0.069729,0.060883,0.001663,0.002910,0.007094,0.000000,0.000000,0.023553,-0.070673,-0.087286,0.000000,-0.040461,-0.002376,0.108230,0.000000,0.381219,0.323742,0.005236,-0.012217,0.093273,0.103991,0.081253,0.000000,0.018874,0.002592,-0.102197,-0.024435,0.249942,0.175433
1771633688.241,1188,1,1,0.0000,0.7774,0.2225,0.0000,0.0000,0.0000,0.0000,0.009693,0.043835,0.002507,0.001162,0.011863,0.000000,0.000000,-0.119941,-0.040856,0.116320,-0.003491,-0.163229,-0.018543,-0.095376,0.000000,-0.276446,-0.156391,0.006981,-0.012217,0.119258,0.094988,0.139567,0.000000,-0.049845,-0.008384,-0.174474,-0.033161,0.074206,0.091017
1771633688.342,1191,1,1,0.0000,0.8215,0.1784,0.0000,0.0000,0.0000,0.0000,0.003589,0.046990,0.002967,0.002243,0.003381,0.000000,0.000000,-0.110826,-0.041300,0.043063,-0.003491,-0.084547,-0.009978,-0.027355,0.000000,-0.117594,-0.061263,0.006981,-0.012217,0.117000,0.068772,0.165295,0.000000,-0.097827,-0.042920,-0.221146,-0.038397,0.103075,0.102756
1771633688.442,1194,1,1,0.0000,0.9770,0.0230,0.0000,0.0000,0.0000,0.0000,0.016260,0.018341,0.002490,0.006382,0.001929,0.000000,0.001745,0.140999,-0.133695,0.052370,-0.003491,-0.255155,-0.061119,-0.029681,0.000000,-0.490080,-0.229909,0.006981,-0.013963,0.100679,-0.126657,0.112436,0.000000,-0.553371,-0.434867,-0.171777,-0.038397,-0.383139,-0.175941
1771633688.543,1197,1,1,0.0000,0.9983,0.0016,0.0000,0.0000,0.0000,0.0000,0.020058,0.002423,0.008613,0.007814,0.016334,0.000000,0.000000,0.206272,-0.112331,0.034420,-0.003491,-0.417893,-0.132515,-0.004749,0.000000,-0.550444,-0.320157,0.003491,-0.005236,-0.054491,-0.203998,-0.058750,0.000000,-0.490198,-0.298096,0.025589,-0.015708,-0.560086,-0.451832
1771633688.643,1200,1,1,0.0000,0.9997,0.0003,0.0000,0.0000,0.0000,0.0000,0.024535,0.000145,0.003533,0.001403,0.004241,0.000000,0.000000,0.238932,-0.139595,0.055493,-0.001745,-0.398719,-0.047254,-0.029313,0.000000,-0.388925,-0.238618,0.000000,0.001745,-0.300546,-0.154741,-0.012721,0.000000,-0.337910,-0.306444,-0.009968,-0.003491,-0.294950,-0.325216
1771633688.744,1203,1,1,0.0000,0.9998,0.0001,0.0000,0.0000,0.0000,0.0000,0.008101,0.000779,0.002689,0.003392,0.006160,0.000000,0.000000,0.054124,-0.110249,-0.015166,0.000000,-0.215807,-0.054358,0.043091,-0.001745,-0.067040,-0.073539,0.000000,0.000000,-0.306106,-0.089364,-0.021563,0.000000,-0.222133,-0.180885,0.009346,0.000000,-0.211252,-0.207294
1771633688.844,1206,1,1,0.0000,0.9998,0.0001,0.0000,0.0000,0.0000,0.0000,0.016551,0.000821,0.003796,0.001217,0.003287,0.000000,0.001745,-0.169136,-0.076659,-0.009316,0.000000,0.069395,-0.080062,0.033751,-0.001745,0.093717,-0.003398,0.000000,0.000000,-0.172126,-0.054640,0.009856,0.000000,-0.104949,-0.098258,-0.018582,0.000000,-0.026007,-0.011848
1771633688.945,1209,1,1,0.0000,0.9999,0.0001,0.0000,0.0000,0.0000,0.0000,0.021927,0.009897,0.003321,0.001266,0.005205,0.000000,0.001745,-0.086735,-0.054954,-0.022266,0.000000,0.126191,-0.004712,0.039719,0.001745,0.066088,0.027630,0.000000,0.000000,-0.073841,-0.034486,0.002880,0.000000,0.045221,0.026487,-0.006371,0.001745,0.042427,-0.003828
1771633689.046,1212,1,1,0.0000,0.9999,0.0001,0.0000,0.0000,0.0000,0.0000,0.008384,0.018673,0.003011,0.002482,0.003355,0.000000,0.000000,-0.370061,-0.053678,0.021333,-0.003491,0.058332,-0.010907,0.003102,0.000000,0.017837,-0.007201,0.000000,0.000000,-0.000571,-0.020423,-0.005617,0.000000,0.027702,0.017016,0.002127,0.003491,0.096795,0.076939
1771633689.146,1215,1,1,0.0000,0.9999,0.0000,0.0000,0.0000,0.0000,0.0000,0.003761,0.008495,0.001638,0.001752,0.001888,0.000000,0.001745,-0.201637,-0.071591,-0.023987,-0.001745,0.000205,-0.033550,0.043185,-0.001745,-0.005938,-0.038178,0.000000,0.000000,-0.024790,-0.008284,0.010395,0.000000,-0.004981,-0.001104,-0.012141,0.003491,0.039110,0.048943
1771633689.248,1218,1,1,0.0000,0.9999,0.0000,0.0000,0.0000,0.0000,0.0000,0.004512,0.003541,0.003036,0.001759,0.001883,0.000000,0.003491,-0.088759,-0.052516,0.013473,-0.003491,0.003358,-0.028058,0.007471,-0.001745,0.026348,-0.013353,0.000000,0.000000,-0.039913,-0.000943,-0.000700,0.000000,-0.018926,-0.029186,0.002446,0.001745,0.008347,0.029958
1771633689.349,1221,1,1,0.0000,0.9999,0.0000,0.0000,0.0000,0.0000,0.0000,0.016905,0.003332,0.008011,0.001865,0.007036,0.000000,0.003491,-0.004497,-0.011784,0.049572,-0.003491,0.055943,0.034477,-0.030373,0.003491,0.032010,0.023879,0.000000,0.000000,-0.106826,0.000663,0.009055,0.000000,-0.021084,-0.013720,-0.009055,0.001745,-0.004848,0.028526
1771633689.453,1224,1,1,0.0000,1.0000,0.0000,0.0000,0.0000,0.0000,0.0000,0.010877,0.007481,0.001698,0.002238,0.003122,-0.001745,0.003491,-0.070853,0.009471,0.031560,-0.001745,0.030908,0.021184,-0.005380,0.000000,0.007916,0.025990,0.000000,0.000000,-0.149821,0.007043,-0.006498,0.000000,-0.003548,0.045965,0.004753,0.003491,-0.007002,0.028524
1771633689.552,1227,1,1,0.0000,1.0000,0.0000,0.0000,0.0000,0.0000,0.0000,0.033020,0.025121,0.001672,0.001551,0.002311,0.000000,0.001745,0.256409,0.010114,0.065572,-0.001745,0.029874,0.014476,-0.032411,0.000000,0.001165,0.016887,0.000000,0.000000,-0.044787,0.030285,0.015821,0.000000,0.122370,0.099929,-0.017566,0.003491,-0.004315,0.029552
1771633689.648,1230,1,1,0.0000,0.9999,0.0000,0.0000,0.0000,0.0000,0.0000,0.016264,0.025151,0.001263,0.001417,0.003676,0.000000,0.003491,0.109297,0.021752,0.056994,-0.001745,-0.007230,0.000555,-0.023833,0.000000,-0.009003,0.003075,0.000000,0.000000,-0.029478,0.032836,-0.003616,0.000000,0.064304,0.093893,0.003616,0.001745,0.042800,0.062613
1771633689.748,1233,1,1,0.0000,1.0000,0.0000,0.0000,0.0000,0.0000,0.0000,0.020700,0.016940,0.001975,0.001906,0.001736,0.000000,0.001745,0.110094,0.107399,0.023004,-0.003491,-0.002790,0.001233,0.004921,0.000000,-0.048583,-0.009502,-0.001745,0.000000,-0.017418,0.023226,0.013594,0.000000,0.026212,0.051694,-0.011848,0.001745,0.021884,0.064923
1771633689.849,1236,1,1,0.0000,0.9999,0.0000,0.0000,0.0000,0.0000,0.0000,0.023247,0.011155,0.001568,0.000805,0.002889,0.000000,0.003491,0.195944,0.038028,0.041307,-0.003491,-0.009310,0.000191,-0.011637,0.000000,-0.043979,-0.001374,0.000000,0.000000,-0.012187,0.023753,0.031706,0.000000,-0.016373,0.012094,-0.028216,0.000000,0.002189,0.064123
1771633689.950,1239,1,1,0.0000,0.9999,0.0000,0.0000,0.0000,0.0000,0.0000,0.019515,0.016318,0.007012,0.000712,0.005803,0.000000,0.001745,0.167611,-0.015862,0.064823,-0.001745,-0.080000,-0.015988,-0.029916,0.000000,-0.084412,-0.008823,0.000000,0.000000,-0.009727,0.018357,0.109107,0.000000,-0.143815,-0.139426,-0.100381,0.003491,-0.007853,0.064866
1771633690.049,1242,1,1,0.0000,0.9999,0.0000,0.0001,0.0000,0.0000,0.0000,0.028573,0.012575,0.001344,0.000474,0.003430,0.000000,0.000000,0.093573,-0.010070,0.014658,-0.003491,0.086632,0.027671,0.016758,-0.001745,0.066937,0.036651,-0.001745,0.000000,-0.025461,0.012748,0.065447,0.000000,-0.078722,-0.067520,-0.054975,0.003491,-0.015968,0.069209
1771633690.150,1245,1,1,0.0000,0.9999,0.0000,0.0001,0.0000,0.0000,0.0000,0.036781,0.012982,0.000755,0.001138,0.001559,0.000000,0.003491,0.056450,-0.011066,0.021583,-0.001745,0.030495,0.055317,0.006343,-0.001745,0.123185,0.144509,0.001745,0.000000,-0.083878,0.009344,0.019686,0.000000,-0.017952,-0.021507,-0.010959,0.001745,0.004640,0.118629
1771633690.250,1248,1,1,0.0001,0.9993,0.0000,0.0006,0.0000,0.0000,0.0000,0.049023,0.009158,0.003107,0.000604,0.003920,0.000000,0.001745,0.018995,-0.009517,0.006985,-0.003491,0.139064,0.124097,0.012214,0.000000,0.132914,0.152267,0.000000,0.000000,-0.063710,0.008447,0.016336,0.000000,-0.019710,-0.020243,-0.009355,0.003491,-0.007486,0.081628
1771633690.350,1251,1,1,0.0003,0.9982,0.0000,0.0014,0.0000,0.0000,0.0001,0.023634,0.007625,0.001484,0.003553,0.001914,0.000000,0.001745,-0.003055,-0.007024,-0.020673,-0.001745,0.055019,0.062453,0.029400,0.000000,0.054175,0.080813,0.000000,0.000000,-0.045406,0.001320,0.014977,0.000000,-0.036993,-0.039688,-0.009741,0.001745,-0.010805,0.073457
1771633690.450,1254,1,1,0.0016,0.9872,0.0001,0.0094,0.0000,0.0000,0.0018,0.011954,0.008596,0.001298,0.000302,0.001249,0.000000,0.001745,-0.026939,-0.004424,0.036542,0.000000,-0.055356,0.040213,-0.019089,0.001745,0.006082,0.057119,0.000000,0.000000,-0.047340,0.000536,0.031485,0.000000,-0.064267,-0.070036,-0.017522,0.001745,-0.015808,0.069387
1771633690.550,1257,1,1,0.0006,0.9983,0.0000,0.0008,0.0000,0.0000,0.0003,0.007193,0.008548,0.000367,0.000444,0.001298,0.000000,0.003491,-0.018870,-0.000687,0.039471,0.000000,-0.069274,0.002235,-0.018527,0.000000,-0.019628,0.041115,0.000000,0.000000,-0.050292,0.000105,0.036710,0.000000,-0.082217,-0.070109,-0.017512,0.003491,-0.038327,0.062267
1771633690.651,1260,1,1,0.0001,0.9983,0.0001,0.0008,0.0000,0.0000,0.0007,0.015742,0.007973,0.000666,0.000223,0.000772,0.000000,0.001745,0.051112,0.052014,0.084030,0.000000,-0.105132,-0.065168,-0.059595,0.000000,-0.066128,-0.004221,0.000000,0.000000,-0.051781,0.001948,0.037122,0.000000,-0.058899,-0.050984,-0.014433,0.003491,-0.044021,0.053111
1771633690.751,1263,1,1,0.0001,0.9996,0.0000,0.0002,0.0000,0.0000,0.0000,0.047125,0.007353,0.001529,0.000506,0.001452,0.000000,0.000000,0.113661,0.294300,0.080100,0.000000,-0.070857,-0.039113,-0.053920,0.000000,0.029739,0.047702,0.000000,0.000000,-0.055891,0.003903,0.033720,0.000000,-0.052655,-0.043250,-0.007540,0.001745,-0.046482,0.048864
1771633690.851,1266,1,1,0.0005,0.9950,0.0000,0.0043,0.0000,0.0000,0.0002,0.069398,0.007174,0.001670,0.000467,0.001618,0.000000,0.001745,0.034320,0.264806,0.072559,0.000000,0.101572,-0.021523,-0.051615,0.000000,0.224429,0.133342,0.000000,0.000000,-0.060970,0.005360,0.032930,0.000000,-0.049256,-0.036677,-0.006750,0.001745,-0.045718,0.046049
1771633690.951,1269,1,1,0.0020,0.8095,0.0000,0.1876,0.0001,0.0000,0.0008,0.078822,0.006842,0.000956,0.000469,0.001219,0.000000,0.001745,0.002895,0.186400,0.136056,-0.001745,0.159104,0.073007,-0.115112,0.000000,0.208750,0.177906,0.000000,0.000000,-0.059862,0.005882,0.029333,0.000000,-0.047977,-0.033162,-0.004899,0.003491,-0.044947,0.043397
1771633691.052,1272,1,1,0.0028,0.6969,0.0001,0.2989,0.0001,0.0000,0.0013,0.056438,0.005483,0.003036,0.000814,0.002150,0.000000,0.008727,0.033543,0.145785,0.128752,-0.001745,0.057713,0.031692,-0.109553,0.008727,0.140366,0.121947,0.000000,0.000000,-0.066707,0.006159,0.022341,0.000000,-0.050920,-0.029115,-0.003142,0.001745,-0.048153,0.035549
1771633691.152,1275,1,1,0.0065,0.6823,0.0002,0.3080,0.0002,0.0000,0.0027,0.028690,0.004332,0.001432,0.000871,0.001144,0.000000,0.008727,0.002788,0.142883,0.084258,0.000000,0.040074,0.020465,-0.065059,0.008727,0.036359,-0.058208,0.000000,0.000000,-0.060402,0.003206,0.013037,0.000000,-0.055588,-0.027780,-0.000820,0.001745,-0.047618,0.033998
1771633691.253,1278,1,1,0.0042,0.6688,0.0001,0.3243,0.0001,0.0000,0.0024,0.064894,0.004183,0.001615,0.000960,0.001334,0.000000,0.008727,0.048545,0.138446,0.045990,-0.001745,0.242637,0.109083,-0.023301,0.006981,0.150819,0.027501,0.000000,0.000000,-0.062934,0.002747,-0.004273,0.000000,-0.020768,-0.000700,0.007764,0.001745,-0.035810,0.037935
1771633691.356,1281,1,1,0.0066,0.7833,0.0001,0.2074,0.0002,0.0000,0.0024,0.063489,0.013788,0.000618,0.001004,0.001035,0.000000,0.008727,0.043241,0.143418,0.043970,-0.003491,0.155250,0.115694,-0.017790,0.006981,0.157469,0.087123,0.000000,0.000000,-0.064274,0.002497,-0.048094,0.000000,0.022733,0.037725,0.051585,0.003491,-0.016194,0.047428
1771633691.453,1284,0,1,0.9045,0.0800,0.0002,0.0134,0.0001,0.0000,0.0017,0.066766,0.008060,0.000357,0.000360,0.000737,0.000000,0.008727,0.043042,0.156802,-0.022513,-0.001745,0.163724,0.132405,0.048693,0.006981,0.156239,0.084576,0.000000,0.000000,-0.056963,0.002601,-0.014395,0.000000,0.005121,0.023799,0.017886,0.003491,-0.017825,0.043823
1771633691.554,1287,3,0,0.0063,0.4799,0.0001,0.5111,0.0004,0.0000,0.0022,0.089084,0.006039,0.000556,0.000255,0.000652,0.000000,0.006981,-0.047621,0.247765,0.014455,-0.003491,0.240717,0.162132,0.016961,0.003491,0.232978,0.143528,0.000000,0.000000,-0.056585,0.002311,-0.003279,0.000000,-0.000077,0.017724,0.003279,0.003491,-0.014706,0.045661
1771633691.654,1290,0,0,0.8966,0.0812,0.0002,0.0205,0.0001,0.0000,0.0015,0.069659,0.006266,0.001998,0.000279,0.002015,0.000000,0.006981,0.009940,0.205512,-0.010498,-0.005236,0.167333,0.126172,0.029697,0.003491,0.164466,0.122313,0.000000,0.000000,-0.057763,0.001471,-0.003606,0.000000,0.004382,0.016345,0.000115,0.003491,-0.009190,0.049389
1771633691.755,1293,0,0,0.7189,0.1924,0.0003,0.0851,0.0004,0.0000,0.0028,0.112661,0.006424,0.000187,0.000582,0.000403,0.000000,0.006981,0.049845,0.199308,-0.037569,-0.005236,0.303602,0.265344,0.053277,0.005236,0.252689,0.215652,0.000000,0.000000,-0.071728,0.001960,0.004109,0.000000,0.001799,0.011302,-0.004109,0.001745,-0.005403,0.056171
1771633691.860,1296,0,0,0.5602,0.2471,0.0004,0.1867,0.0007,0.0001,0.0048,0.113136,0.007146,0.001565,0.000419,0.001637,0.000000,0.000000,0.084487,0.212835,-0.017017,-0.005236,0.297449,0.223733,0.037961,0.005236,0.272297,0.223631,0.000000,0.000000,-0.074224,0.000136,0.007240,0.000000,-0.000219,0.008549,-0.007240,0.001745,-0.001307,0.068075
1771633691.956,1299,0,0,0.4352,0.2690,0.0004,0.2884,0.0009,0.0001,0.0060,0.111365,0.006653,0.001751,0.001147,0.001736,0.000000,0.003491,0.127847,0.210723,-0.009611,-0.005236,0.323589,0.226343,0.030555,0.005236,0.222153,0.186442,0.000000,0.000000,-0.066149,-0.003316,0.003829,0.000000,-0.006866,0.004644,-0.003829,0.001745,-0.002232,0.069616
1771633692.057,1302,0,0,0.3796,0.2701,0.0003,0.3418,0.0011,0.0001,0.0071,0.114388,0.008396,0.001410,0.000642,0.000754,0.000000,-0.003491,0.164471,0.207103,-0.000807,-0.006981,0.332319,0.232916,0.021751,0.005236,0.231448,0.177410,0.000000,0.000000,-0.065793,-0.004921,-0.009447,0.000000,-0.001173,0.016494,0.011193,0.001745,-0.001685,0.071321
1771633692.157,1305,3,3,0.1921,0.3409,0.0004,0.4581,0.0012,0.0002,0.0072,0.124723,0.007322,0.004387,0.001293,0.003381,0.000000,0.000000,0.158525,0.209398,0.000296,-0.006981,0.352723,0.284661,0.015412,0.006981,0.257547,0.211129,0.000000,0.000000,-0.076863,-0.005570,-0.007867,0.000000,-0.003180,0.014621,0.007867,0.001745,-0.005884,0.063634
1771633692.257,1308,3,3,0.2093,0.3590,0.0003,0.4239,0.0013,0.0001,0.0060,0.126699,0.007089,0.000796,0.000806,0.001315,0.000000,-0.001745,0.157661,0.216827,-0.001100,-0.006981,0.375198,0.276423,0.011572,0.006981,0.262782,0.212948,0.000000,0.000000,-0.066100,-0.010226,0.003758,0.000000,-0.001762,0.017081,-0.003758,0.001745,-0.004825,0.062489
1771633692.361,1311,3,3,0.3057,0.3397,0.0003,0.3463,0.0013,0.0001,0.0064,0.120417,0.013522,0.000922,0.000789,0.000613,0.000000,0.000000,0.177059,0.210639,-0.000440,-0.010472,0.358977,0.262636,0.007422,0.005236,0.228838,0.194197,0.000000,0.000000,-0.057456,-0.004408,-0.006833,0.000000,0.038932,0.051070,0.008579,0.003491,-0.002729,0.060190
1771633692.462,1314,0,0,0.5264,0.2398,0.0004,0.2243,0.0011,0.0001,0.0080,0.106413,0.008859,0.000512,0.000365,0.000166,0.000000,0.000000,0.186227,0.202341,0.016916,-0.010472,0.303738,0.213672,-0.011680,0.006981,0.194314,0.152771,0.000000,0.000000,-0.049754,-0.008122,-0.001870,0.000000,0.008404,0.034052,0.001870,0.001745,-0.000391,0.060242
1771633692.562,1317,0,0,0.4909,0.2487,0.0003,0.2511,0.0011,0.0001,0.0078,0.118152,0.008439,0.001185,0.001112,0.000268,0.000000,-0.001745,0.150571,0.198227,-0.016976,-0.010472,0.386268,0.301309,0.022212,0.006981,0.196535,0.155720,0.000000,0.000000,-0.049680,-0.004438,0.001760,0.000000,0.001587,0.030227,-0.000014,0.001745,0.005759,0.060186
1771633692.664,1320,3,0,0.2357,0.3417,0.0004,0.4145,0.0013,0.0001,0.0063,0.121649,0.008420,0.001031,0.000597,0.003899,0.003491,-0.005236,0.143269,0.185714,-0.051335,-0.012217,0.428793,0.286522,0.061807,0.006981,0.191288,0.151924,0.000000,0.000000,-0.027746,-0.004481,-0.003424,0.000000,-0.000747,0.030582,0.005169,0.001745,0.004727,0.058817
1771633692.763,1323,3,3,0.0762,0.4209,0.0003,0.4979,0.0012,0.0001,0.0034,0.144406,0.006779,0.000419,0.000888,0.000713,0.000000,-0.006981,0.151814,0.185152,-0.024514,-0.012217,0.500874,0.356044,0.038477,0.006981,0.281821,0.211714,0.000000,0.000000,0.014127,-0.000456,-0.005849,0.000000,0.010398,0.028983,0.004103,0.001745,-0.002089,0.021991
1771633692.865,1326,1,1,0.0790,0.5464,0.0002,0.3708,0.0012,0.0001,0.0023,0.152356,0.007102,0.001271,0.001146,0.001287,0.001745,-0.006981,0.185364,0.184248,-0.010265,-0.013963,0.501135,0.360098,0.027718,0.006981,0.301620,0.259362,0.000000,0.000000,-0.021906,0.002066,-0.002938,0.000000,0.029906,0.029242,0.004684,0.001745,0.000092,0.017494
1771633692.967,1329,1,1,0.0785,0.6385,0.0005,0.2775,0.0018,0.0001,0.0031,0.143682,0.021877,0.000974,0.000247,0.000838,0.000000,-0.006981,0.208769,0.185765,-0.000764,-0.020944,0.466251,0.315480,0.019962,0.008727,0.288267,0.230960,0.000000,0.000000,-0.013447,0.001412,-0.012208,0.000000,0.051444,0.088428,0.010463,0.001745,0.035590,0.073444
1771633693.069,1332,1,1,0.1095,0.6656,0.0007,0.2174,0.0025,0.0003,0.0040,0.138440,0.016690,0.000521,0.000793,0.000762,0.001745,-0.006981,0.215244,0.183879,-0.001261,-0.022689,0.435337,0.299772,0.009987,0.008727,0.283914,0.222676,0.000000,0.000000,-0.011732,-0.004981,-0.003544,-0.001745,0.032756,0.059405,0.003544,0.003491,0.024217,0.076867
1771633693.169,1335,1,1,0.1322,0.6144,0.0008,0.2452,0.0030,0.0005,0.0040,0.129375,0.018692,0.000535,0.000485,0.001491,0.000000,-0.006981,0.247816,0.167194,-0.037346,-0.022689,0.351004,0.224256,0.047818,0.008727,0.284912,0.220771,0.000000,0.000000,0.042460,-0.006088,-0.013571,0.000000,0.035743,0.071799,0.011826,0.003491,-0.014731,0.058983
1771633693.266,1338,1,1,0.3742,0.4971,0.0006,0.1199,0.0023,0.0008,0.0051,0.111539,0.008931,0.000571,0.000933,0.000921,0.001745,-0.006981,0.257595,0.159670,-0.018771,-0.024435,0.248603,0.131335,0.027498,0.008727,0.284345,0.218947,0.000000,0.000000,0.006734,-0.009548,0.005504,0.000000,0.007903,0.048800,-0.008995,0.003491,-0.015630,0.034741
1771633693.368,1341,0,0,0.7859,0.1776,0.0002,0.0327,0.0006,0.0002,0.0028,0.101946,0.004360,0.000255,0.000439,0.000457,0.001745,-0.006981,0.256040,0.155517,-0.015346,-0.022689,0.221123,0.108085,0.025818,0.008727,0.255509,0.190789,0.000000,0.000000,0.000583,-0.005866,0.004841,0.000000,0.000984,0.032907,-0.003096,0.001745,-0.035809,0.011264
1771633693.467,1344,0,0,0.9423,0.0470,0.0000,0.0092,0.0001,0.0000,0.0014,0.079990,0.004037,0.000550,0.000402,0.000593,0.001745,0.000000,0.260847,0.148143,-0.012736,-0.022689,0.103054,0.020649,0.023208,0.008727,0.222560,0.170943,0.000000,0.000000,-0.000583,-0.003767,-0.012301,0.000000,0.000932,0.033467,0.012301,0.001745,-0.055342,-0.005262
1771633693.567,1347,0,0,0.9707,0.0207,0.0000,0.0075,0.0001,0.0000,0.0010,0.074628,0.001702,0.000397,0.000535,0.000547,0.000000,0.003491,0.264111,0.148425,-0.054442,-0.024435,-0.043026,-0.060986,0.066659,0.008727,0.229162,0.174965,0.000000,0.000000,-0.001881,-0.001221,0.007365,0.000000,-0.008240,0.011319,-0.007365,0.001745,-0.050448,-0.015757
1771633693.667,1350,0,0,0.9819,0.0113,0.0000,0.0058,0.0000,0.0000,0.0009,0.071850,0.001816,0.001121,0.000653,0.000816,-0.006981,0.015708,0.269854,0.145595,-0.028409,-0.017453,-0.035038,-0.083596,0.049353,0.008727,0.211347,0.161617,0.000000,0.000000,-0.005988,-0.000477,0.006326,0.000000,-0.002607,0.011974,-0.004580,0.003491,-0.045083,-0.014396
1771633693.768,1353,0,0,0.9619,0.0209,0.0000,0.0158,0.0001,0.0000,0.0012,0.117620,0.000895,0.000917,0.000791,0.001747,-0.006981,0.033161,0.261816,0.149651,0.045273,-0.008727,0.350851,0.151921,-0.017347,0.008727,0.243181,0.166862,0.000000,0.000000,-0.006125,0.000553,0.000825,0.000000,-0.005946,0.006698,0.000920,0.001745,-0.041931,-0.013330
1771633693.873,1356,0,0,0.8929,0.0494,0.0001,0.0553,0.0002,0.0000,0.0021,0.106704,0.002655,0.001159,0.001130,0.000597,-0.001745,0.024435,0.248252,0.192414,0.055666,-0.010472,0.211685,0.134172,-0.038213,0.008727,0.235743,0.169353,0.000000,0.000000,0.013306,0.001451,-0.008193,0.000000,-0.002755,0.003668,0.009938,0.003491,-0.050979,-0.015321
1771633693.973,1359,0,0,0.4498,0.1797,0.0002,0.3646,0.0008,0.0001,0.0047,0.121647,0.001422,0.002728,0.000997,0.004064,0.001745,0.020944,0.215739,0.257205,0.068641,-0.010472,0.333644,0.221660,-0.056423,0.008727,0.178284,0.153179,0.000000,0.000000,-0.033850,-0.000064,-0.013577,0.000000,-0.061067,-0.036602,0.015322,0.001745,-0.082551,-0.039128
1771633694.069,1362,3,3,0.2685,0.2186,0.0002,0.5051,0.0010,0.0002,0.0064,0.116443,0.000277,0.003709,0.001114,0.002205,0.001745,0.001745,0.192911,0.240755,0.010609,-0.010472,0.359392,0.248106,0.003354,0.008727,0.178704,0.151266,0.000000,0.000000,-0.055606,0.000941,-0.000639,0.000000,-0.038222,-0.034666,0.000639,0.001745,-0.055009,-0.036101
1771633694.170,1365,3,3,0.2750,0.2105,0.0003,0.5027,0.0011,0.0002,0.0103,0.096838,0.005869,0.002169,0.000796,0.000614,0.001745,-0.001745,0.274853,0.219824,-0.037796,-0.012217,0.334888,0.193923,0.050013,0.008727,0.078079,-0.015963,0.000000,0.000000,-0.075702,-0.001589,-0.070432,0.000000,-0.021403,-0.019087,0.068687,0.001745,-0.047031,-0.038525
1771633694.270,1368,3,3,0.3493,0.1784,0.0005,0.4460,0.0012,0.0003,0.0243,0.073057,0.011590,0.002472,0.000901,0.000741,0.000000,-0.001745,0.274465,0.217629,0.005194,-0.012217,0.164396,0.124817,0.001787,0.008727,0.063032,0.016635,0.000000,0.000000,-0.064288,-0.002401,-0.048999,0.000000,0.047527,0.040808,0.047253,0.003491,-0.038899,-0.038853
1771633694.371,1371,3,3,0.1495,0.2002,0.0005,0.6080,0.0012,0.0005,0.0401,0.072058,0.001517,0.007030,0.001008,0.005496,0.000000,0.000000,0.272031,0.218203,-0.004779,-0.012217,0.186083,0.111278,0.010014,0.008727,0.047409,0.010956,0.000000,0.000000,-0.093303,-0.005370,-0.006158,0.000000,-0.043386,0.012040,0.002667,0.003491,-0.039108,-0.037548
1771633694.471,1374,3,3,0.0272,0.1569,0.0002,0.7915,0.0008,0.0003,0.0231,0.078728,0.001431,0.003509,0.000972,0.003245,0.000000,-0.001745,0.255023,0.220755,-0.006561,-0.012217,0.201620,0.112394,0.011797,0.006981,0.110476,0.025693,0.000000,0.000000,-0.079875,-0.005068,0.015431,0.000000,-0.045347,-0.014565,-0.018921,0.001745,-0.039165,-0.032488
1771633694.571,1377,3,3,0.0094,0.1444,0.0001,0.8286,0.0008,0.0002,0.0165,0.083509,0.016167,0.001579,0.000250,0.001365,0.001745,-0.003491,0.260038,0.215940,-0.007800,-0.012217,0.209383,0.115922,0.011291,0.006981,0.120128,0.060685,0.000000,0.000000,-0.070646,-0.002380,0.076807,0.000000,-0.023893,0.007190,-0.076807,0.001745,0.028025,0.080236
1771633694.673,1380,3,3,0.0038,0.1263,0.0002,0.8557,0.0007,0.0002,0.0132,0.069350,0.010622,0.001987,0.001357,0.003238,0.000000,0.000000,0.265603,0.197340,0.045307,-0.012217,0.103280,0.056826,-0.041816,0.008727,0.097152,0.057964,0.000000,0.000000,-0.075602,0.001162,-0.011921,0.000000,0.001283,0.042525,0.017157,0.001745,0.002138,0.061449
1771633694.771,1383,3,3,0.0013,0.0786,0.0001,0.9090,0.0004,0.0001,0.0104,0.065806,0.009770,0.004158,0.001456,0.003367,0.000000,-0.003491,0.280429,0.197161,0.055745,-0.012217,0.101434,0.042600,-0.054000,0.008727,0.068753,0.034817,0.000000,0.000000,-0.062202,0.014182,0.005886,0.000000,-0.001502,0.033368,-0.000650,0.001745,-0.004180,0.062053
1771633694.872,1386,3,3,0.0007,0.0419,0.0001,0.9471,0.0003,0.0001,0.0099,0.063677,0.009037,0.003054,0.002713,0.001730,0.000000,-0.001745,0.298030,0.192508,0.068668,-0.012217,0.093169,0.022952,-0.065177,0.006981,0.063007,0.018813,0.000000,0.000000,-0.072935,0.006801,0.002026,0.000000,0.001107,0.035550,-0.002026,0.001745,-0.007187,0.061217
1771633694.974,1389,3,3,0.0003,0.0235,0.0001,0.9663,0.0002,0.0001,0.0095,0.078241,0.005979,0.005437,0.002712,0.004197,0.000000,-0.001745,0.290182,0.190889,0.063896,-0.012217,0.175612,0.108154,-0.060405,0.008727,0.072253,0.029183,0.000000,0.000000,-0.078648,0.002471,0.007542,0.000000,-0.012126,0.003863,-0.007542,0.001745,-0.011780,0.056127
1771633695.073,1392,3,3,0.0001,0.0127,0.0001,0.9807,0.0001,0.0001,0.0062,0.074369,0.005444,0.006858,0.003161,0.005254,0.000000,-0.001745,0.290074,0.186444,0.006810,-0.012217,0.175141,0.102234,-0.003319,0.006981,0.085647,0.039094,0.000000,0.000000,-0.071987,0.002951,0.007244,0.000000,-0.014912,-0.001955,-0.005498,0.001745,-0.016034,0.053387
1771633695.173,1395,3,3,0.0001,0.0144,0.0002,0.9739,0.0001,0.0001,0.0113,0.068585,0.011313,0.006390,0.002289,0.003628,0.001745,-0.003491,0.384759,0.173053,0.029174,-0.012217,0.125505,0.014296,-0.025683,0.006981,0.065000,0.022503,0.000000,0.000000,-0.069130,0.000298,0.059488,0.000000,-0.004264,0.005135,-0.052506,0.001745,0.000185,0.068902
1771633695.276,1398,3,3,0.0001,0.0148,0.0002,0.9777,0.0001,0.0003,0.0068,0.050774,0.012333,0.004170,0.001842,0.005457,0.000000,-0.001745,0.386017,0.121304,0.094984,-0.012217,-0.021752,-0.054603,-0.091493,0.006981,-0.073353,-0.036474,0.000000,0.000000,-0.071579,-0.003547,0.006446,0.000000,0.011388,0.022657,0.002281,0.001745,0.019075,0.084406
1771633695.376,1401,3,3,0.0001,0.0217,0.0002,0.9680,0.0001,0.0003,0.0096,0.047322,0.008322,0.005444,0.002767,0.003383,0.000000,-0.001745,0.379206,0.105698,-0.009747,-0.012217,0.060996,-0.006338,0.014983,0.006981,-0.039518,-0.030913,0.000000,0.000000,-0.050658,-0.003375,0.013126,0.000000,-0.043152,-0.016497,-0.007890,0.001745,0.009642,0.075356
1771633695.479,1404,3,3,0.0001,0.0216,0.0002,0.9605,0.0000,0.0002,0.0174,0.043878,0.009374,0.007260,0.002019,0.004924,0.000000,-0.003491,0.288497,0.127159,0.002204,-0.012217,0.063140,0.037273,0.001287,0.006981,-0.000455,-0.001701,0.000000,0.000000,-0.066316,-0.003895,0.059506,0.000000,-0.060066,-0.053118,-0.052525,0.001745,-0.045808,0.051239
1771633695.577,1407,3,3,0.0000,0.0056,0.0000,0.9907,0.0000,0.0000,0.0036,0.086176,0.006730,0.007776,0.001854,0.004998,0.003491,-0.001745,0.109350,0.158135,-0.056960,-0.012217,0.255351,0.240487,0.062196,0.006981,0.112808,0.085308,0.000000,0.000000,-0.059927,-0.002836,0.034189,0.000000,-0.030714,-0.026533,-0.025462,0.001745,-0.033194,0.044823
1771633695.675,1410,3,3,0.0000,0.0033,0.0000,0.9961,0.0000,0.0001,0.0006,0.114683,0.007087,0.006518,0.001630,0.006137,0.000000,-0.001745,0.119292,0.196105,-0.073137,-0.012217,0.406528,0.332849,0.076628,0.006981,0.135345,0.102470,0.000000,0.000000,-0.060549,-0.003991,0.035575,0.000000,-0.033049,-0.040648,-0.019867,0.003491,-0.030998,0.045977
1771633695.777,1413,3,3,0.0000,0.0026,0.0000,0.9972,0.0000,0.0001,0.0002,0.104033,0.006352,0.005258,0.002514,0.003975,0.000000,-0.001745,0.161229,0.187096,-0.127176,-0.012217,0.326969,0.299130,0.132412,0.006981,0.089102,0.045482,0.000000,0.000000,-0.058465,-0.001835,0.033645,0.000000,-0.022409,-0.027789,-0.010956,0.003491,-0.030159,0.039094
1771633695.876,1416,3,3,0.0000,0.0027,0.0000,0.9969,0.0000,0.0001,0.0002,0.091195,0.010010,0.001452,0.001175,0.000907,0.000000,-0.001745,0.228193,0.188444,-0.103357,-0.013963,0.279711,0.252179,0.106848,0.005236,0.033732,-0.012033,0.000000,0.000000,-0.063246,-0.001765,-0.024809,0.000000,0.030680,0.004785,0.040517,0.001745,0.001907,0.040480
1771633695.977,1419,3,3,0.0000,0.0031,0.0000,0.9963,0.0000,0.0003,0.0002,0.088785,0.010438,0.004065,0.000368,0.003757,0.000000,-0.003491,0.226175,0.188322,-0.128386,-0.015708,0.240971,0.230332,0.133622,0.003491,0.042510,-0.007423,0.000000,0.000000,-0.075696,-0.000483,-0.033854,0.000000,0.039502,0.036196,0.046071,0.003491,-0.026562,-0.024954
1771633696.078,1422,3,3,0.0000,0.0027,0.0000,0.9965,0.0000,0.0006,0.0001,0.080646,0.018483,0.009442,0.000168,0.008995,0.000000,-0.001745,0.257061,0.128911,-0.134305,-0.015708,0.212862,0.183358,0.139541,0.003491,0.042524,-0.036549,0.000000,0.000000,-0.067073,0.002436,-0.068650,0.000000,0.050737,0.086012,0.079122,0.003491,-0.019549,-0.005922
1771633696.186,1425,3,3,0.0000,0.0024,0.0001,0.9958,0.0000,0.0017,0.0001,0.076104,0.015092,0.011265,0.000661,0.010660,0.000000,-0.001745,0.228500,0.141764,-0.086330,-0.017453,0.227435,0.180021,0.089820,0.003491,0.042212,-0.024457,0.000000,0.000000,-0.059418,0.002507,-0.041845,0.000000,0.057607,0.068669,0.048826,0.003491,-0.008366,-0.004591
1771633696.283,1428,3,3,0.0000,0.0011,0.0000,0.9984,0.0000,0.0005,0.0000,0.087292,0.007809,0.014873,0.001527,0.013950,-0.001745,0.000000,0.207568,0.158811,-0.065710,-0.015708,0.196657,0.175986,0.070946,0.003491,0.146668,0.087382,0.000000,0.000000,-0.057702,0.002158,-0.020187,0.000000,0.020372,0.040515,0.027168,0.003491,-0.013541,-0.011975
1771633696.379,1431,3,3,0.0000,0.0022,0.0000,0.9973,0.0000,0.0005,0.0000,0.068756,0.003545,0.008242,0.001994,0.006559,-0.001745,0.000000,0.195572,0.215271,-0.000654,-0.015708,0.183029,0.093973,0.004144,0.003491,0.083862,0.045734,0.000000,0.000000,-0.056675,0.001826,-0.002602,0.000000,0.007793,0.025077,0.006093,0.001745,-0.012147,-0.012539
1771633696.480,1434,3,3,0.0000,0.0042,0.0000,0.9949,0.0000,0.0007,0.0001,0.042960,0.002956,0.005564,0.001478,0.005340,-0.001745,0.000000,0.290471,0.133106,0.061174,-0.017453,0.024325,0.002949,-0.054192,0.003491,-0.061523,-0.079975,0.000000,0.000000,-0.054422,0.003885,0.002949,0.000000,0.000986,0.025909,-0.001203,0.001745,-0.010681,-0.010466
1771633696.582,1437,3,3,0.0000,0.0117,0.0001,0.9860,0.0000,0.0019,0.0002,0.037620,0.003816,0.006028,0.000712,0.005879,-0.001745,0.000000,0.312865,0.082549,0.022736,-0.019199,0.033295,-0.022501,-0.015755,0.000000,-0.023943,-0.069329,0.000000,0.000000,-0.048844,0.002576,0.020790,0.000000,-0.009363,0.020681,-0.020790,0.001745,-0.015290,-0.012063
1771633696.679,1440,3,3,0.0001,0.0128,0.0001,0.9845,0.0000,0.0020,0.0005,0.045026,0.003054,0.003683,0.002419,0.002057,0.000000,0.000000,0.356450,0.069944,0.027694,-0.020944,0.048159,-0.012568,-0.020712,0.000000,0.038070,-0.027548,0.000000,0.000000,-0.042727,0.003764,0.015945,0.000000,-0.004389,0.015199,-0.010709,0.001745,-0.030627,-0.024960
1771633696.780,1443,3,3,0.0001,0.0195,0.0000,0.9773,0.0000,0.0023,0.0008,0.046986,0.002087,0.002489,0.001853,0.002031,0.000000,0.000000,0.365135,0.058782,0.050390,-0.020944,0.052380,-0.011119,-0.043408,0.001745,0.035405,-0.029934,0.000000,0.000000,-0.038226,0.001782,0.001816,0.000000,-0.001518,0.016275,0.001674,0.003491,-0.027423,-0.022941
1771633696.879,1446,3,3,0.0001,0.4582,0.0001,0.5411,0.0000,0.0002,0.0003,0.045991,0.001961,0.002040,0.001098,0.004265,0.000000,0.000000,0.372694,0.047010,0.047596,-0.020944,0.053244,-0.011407,-0.040614,0.000000,0.031348,-0.030937,0.000000,0.000000,-0.037072,0.002861,0.001106,0.000000,0.000754,0.016431,0.000639,0.001745,-0.026699,-0.025666
1771633696.980,1449,1,1,0.0001,0.5853,0.0000,0.4142,0.0000,0.0000,0.0003,0.047299,0.016146,0.002975,0.001067,0.003950,0.000000,0.000000,0.392135,0.047271,0.039006,-0.020944,0.064271,-0.009541,-0.032025,0.000000,0.024906,-0.037089,0.000000,0.000000,-0.041440,0.026331,-0.004005,0.000000,0.086549,0.069977,0.005751,0.000000,0.005145,-0.022661
1771633697.080,1452,3,3,0.0000,0.1643,0.0000,0.8351,0.0000,0.0000,0.0005,0.071630,0.013787,0.005004,0.001125,0.005058,0.000000,0.000000,0.367634,0.100709,0.032408,-0.019199,0.234375,0.087924,-0.007974,-0.003491,0.036513,-0.010989,0.000000,0.000000,-0.043251,0.017399,-0.013393,-0.001745,0.049409,0.066922,0.013393,0.003491,0.014831,-0.015121
1771633697.183,1455,3,3,0.0000,0.0774,0.0000,0.9222,0.0000,0.0000,0.0003,0.070683,0.012142,0.003859,0.000180,0.003607,-0.001745,0.000000,0.292989,0.156053,0.008752,-0.019199,0.214715,0.121665,0.015683,-0.003491,0.037720,0.000624,0.000000,0.000000,-0.044328,0.012675,-0.004389,0.000000,0.041191,0.061171,0.002643,0.001745,0.016677,0.009602
1771633697.280,1458,3,3,0.0000,0.0514,0.0000,0.9483,0.0001,0.0000,0.0002,0.117027,0.005485,0.002576,0.002122,0.001859,-0.001745,0.000000,0.183951,0.169938,-0.088527,-0.019199,0.338373,0.302543,0.111217,-0.003491,0.130553,0.167750,0.000000,0.000000,-0.045138,0.005148,0.003635,0.000000,-0.006867,0.050272,-0.003635,0.003491,-0.012568,0.003269
1771633697.380,1461,3,3,0.0000,0.0182,0.0000,0.9815,0.0000,0.0000,0.0003,0.082353,0.003548,0.006105,0.000798,0.006257,-0.001745,0.000000,0.201032,0.166671,-0.056046,-0.019199,0.198566,0.170925,0.076990,-0.003491,0.105340,0.068707,0.000000,0.000000,-0.045028,0.002738,0.017432,0.000000,-0.023034,0.020661,-0.017432,0.001745,-0.059619,-0.012158
1771633697.482,1464,3,3,0.0000,0.0104,0.0001,0.9890,0.0000,0.0000,0.0004,0.070873,0.003804,0.003877,0.001607,0.006421,-0.003491,0.000000,0.218607,0.167177,-0.042512,-0.019199,0.142005,0.107535,0.059966,-0.003491,0.100627,0.054558,0.000000,0.000000,-0.049033,0.000395,-0.009662,0.000000,-0.004205,0.032100,0.011407,0.001745,-0.021490,-0.003352
1771633697.582,1467,3,3,0.0000,0.0074,0.0001,0.9922,0.0000,0.0001,0.0002,0.047083,0.004372,0.005029,0.001174,0.005316,-0.003491,0.000000,0.178993,0.169712,0.012874,-0.019199,0.007191,0.036658,0.004579,-0.003491,0.092983,0.062000,0.000000,0.000000,-0.051471,0.000159,0.000710,-0.001745,-0.000852,0.030607,0.001035,0.001745,0.008066,0.010136
1771633697.681,1470,3,3,0.0000,0.0377,0.0004,0.9615,0.0000,0.0002,0.0002,0.037809,0.004184,0.003312,0.000339,0.004098,-0.001745,0.000000,0.109194,0.186110,-0.006840,-0.019199,0.013870,0.022664,0.027784,-0.003491,0.037207,0.056881,0.000000,0.000000,-0.053400,0.001820,-0.002922,0.000000,0.002852,0.033334,0.004667,0.001745,-0.005525,0.005785
1771633697.782,1473,3,3,0.0000,0.0360,0.0002,0.9635,0.0000,0.0000,0.0002,0.044907,0.002490,0.007096,0.000353,0.007615,-0.001745,0.000000,0.163929,0.112520,-0.037811,-0.019199,0.111770,0.036368,0.058755,-0.003491,0.037037,0.018502,0.000000,0.000000,-0.060550,0.003172,0.012978,-0.001745,-0.007407,0.011981,-0.012978,0.001745,-0.013610,-0.004420
1771633697.882,1476,3,3,0.0002,0.0249,0.0001,0.9739,0.0000,0.0001,0.0008,0.038067,0.001787,0.003743,0.000837,0.003631,0.000000,0.000000,0.204673,0.011010,-0.069643,-0.017453,0.067647,0.047815,0.088841,-0.003491,0.036815,-0.076351,0.000000,0.000000,-0.061768,0.003539,0.006086,0.000000,-0.004756,0.008324,-0.002595,0.003491,-0.020558,-0.013530
1771633697.983,1479,3,3,0.0001,0.0151,0.0000,0.9842,0.0000,0.0000,0.0005,0.132570,0.001804,0.001471,0.001089,0.002096,-0.001745,0.000000,0.272361,0.034405,-0.198993,-0.019199,0.396152,0.296549,0.218191,-0.003491,0.225179,0.148009,0.000000,0.000000,-0.060638,0.004166,0.006160,0.000000,-0.002490,0.007830,-0.006160,0.003491,-0.018134,-0.008998
1771633698.083,1482,3,3,0.0000,0.0165,0.0000,0.9832,0.0000,0.0000,0.0001,0.129475,0.001324,0.003020,0.000349,0.002431,-0.001745,0.000000,0.182361,0.086330,-0.178540,-0.019199,0.395875,0.329157,0.199484,-0.003491,0.222925,0.137568,0.000000,0.000000,-0.062772,0.000879,0.001880,0.000000,-0.002434,0.009635,-0.000134,0.003491,-0.028551,-0.012516
1771633698.183,1485,3,3,0.0000,0.0202,0.0001,0.9794,0.0000,0.0000,0.0002,0.077183,0.001802,0.005973,0.000559,0.005299,-0.001745,0.000000,0.191753,0.089696,-0.029478,-0.019199,0.095604,0.147666,0.048677,-0.003491,0.205424,0.147371,0.000000,0.000000,-0.067849,0.003633,-0.001958,0.000000,0.000364,0.012175,0.003703,0.001745,-0.029207,-0.015685
1771633698.284,1488,3,3,0.0000,0.0102,0.0001,0.9894,0.0000,0.0001,0.0002,0.084333,0.002148,0.003179,0.001086,0.003004,-0.001745,0.000000,0.186013,0.097638,-0.074249,-0.019199,0.197734,0.197429,0.093448,-0.003491,0.123766,0.115973,0.000000,0.000000,-0.064848,0.002500,0.002721,0.000000,0.000585,0.016477,-0.002721,0.003491,-0.026505,-0.013394
1771633698.385,1491,3,3,0.0000,0.0038,0.0000,0.9959,0.0000,0.0001,0.0001,0.096574,0.001588,0.002534,0.001710,0.001804,-0.001745,0.001745,0.167828,0.152306,-0.113845,-0.017453,0.284888,0.262961,0.134789,-0.003491,0.086577,0.067795,0.000000,0.000000,-0.057590,0.000061,0.003494,0.000000,-0.001390,0.013756,-0.001749,0.001745,-0.024410,-0.012936
1771633698.488,1494,3,3,0.0000,0.0033,0.0000,0.9963,0.0000,0.0002,0.0002,0.087364,0.000723,0.001349,0.001116,0.000795,-0.001745,0.000000,0.170324,0.163892,-0.144352,-0.019199,0.261993,0.244205,0.163551,-0.005236,0.022873,0.021532,0.000000,0.000000,-0.057015,-0.003704,0.000122,0.000000,-0.003609,0.005061,-0.000122,0.003491,-0.025735,-0.018006
1771633698.587,1497,3,3,0.0000,0.0046,0.0000,0.9947,0.0000,0.0004,0.0002,0.076984,0.002826,0.002608,0.000454,0.001921,-0.001745,0.000000,0.207346,0.172802,-0.111447,-0.019199,0.187547,0.210181,0.130646,-0.003491,0.007409,0.007879,0.000000,0.000000,-0.054127,-0.002319,0.026857,-0.001745,-0.003295,0.003562,-0.028602,0.003491,-0.029037,-0.020090
1771633698.688,1500,3,3,0.0000,0.0042,0.0000,0.9950,0.0000,0.0005,0.0002,0.082052,0.002542,0.002784,0.000772,0.003298,-0.001745,0.001745,0.247773,0.168039,-0.061490,-0.017453,0.227377,0.225818,0.080689,-0.005236,0.018226,0.014960,0.000000,0.000000,-0.072145,-0.001014,0.025163,0.000000,-0.001878,0.001851,-0.021673,0.003491,-0.045542,-0.024049
1771633698.789,1503,3,3,0.0000,0.0026,0.0000,0.9967,0.0000,0.0004,0.0002,0.090231,0.000810,0.002446,0.001743,0.002716,-0.001745,0.000000,0.250298,0.154891,-0.072458,-0.017453,0.263293,0.280909,0.091657,-0.005236,0.019766,0.021961,0.000000,0.000000,-0.070640,0.001237,0.003337,0.000000,-0.010068,0.001498,0.001899,0.001745,-0.094113,-0.039314
1771633698.889,1506,3,3,0.0000,0.0014,0.0000,0.9980,0.0000,0.0005,0.0000,0.110715,0.000942,0.005795,0.000587,0.005278,-0.001745,0.000000,0.288125,0.114524,-0.074558,-0.019199,0.258202,0.268704,0.093756,-0.005236,0.179698,0.125574,0.000000,0.000000,-0.065230,0.001606,0.006205,0.000000,-0.039322,-0.006078,-0.002715,0.003491,-0.067683,-0.048572
1771633698.990,1509,3,3,0.0000,0.0013,0.0000,0.9978,0.0000,0.0007,0.0001,0.097386,0.001989,0.001879,0.000499,0.001690,-0.001745,0.000000,0.248891,0.073162,-0.082566,-0.017453,0.252358,0.243399,0.103510,-0.003491,0.145957,0.101352,0.000000,0.000000,-0.065116,0.005862,0.016260,0.000000,-0.032531,-0.018706,-0.009279,0.001745,-0.048322,-0.045008
1771633699.096,1512,3,3,0.0000,0.0027,0.0000,0.9961,0.0000,0.0010,0.0001,0.085515,0.000757,0.004500,0.001493,0.003789,-0.001745,0.000000,0.227719,0.016865,-0.075066,-0.019199,0.226988,0.215965,0.094265,-0.005236,0.142393,0.101984,0.000000,0.000000,-0.059612,0.003084,0.004257,0.000000,-0.013201,-0.007637,-0.000766,0.001745,-0.014063,-0.025721
1771633699.196,1515,3,3,0.0000,0.0042,0.0001,0.9938,0.0000,0.0016,0.0003,0.077301,0.013789,0.002156,0.001135,0.002180,-0.001745,0.000000,0.262788,0.007380,-0.055155,-0.019199,0.217163,0.153229,0.074353,-0.005236,0.139270,0.073426,0.000000,0.000000,-0.061005,0.002343,-0.071729,0.000000,0.037417,0.048738,0.075219,0.001745,-0.000101,-0.022029
1771633699.293,1518,3,3,0.0001,0.0157,0.0002,0.9781,0.0000,0.0052,0.0006,0.060339,0.002383,0.004482,0.002664,0.003627,-0.001745,0.001745,0.305822,-0.009647,-0.044034,-0.019199,0.129005,0.081917,0.063233,-0.003491,0.124727,0.017622,0.000000,0.000000,-0.057259,-0.003180,0.005987,0.000000,0.002696,0.018166,-0.005987,0.001745,-0.006464,-0.025467
1771633699.394,1521,3,3,0.0000,0.0021,0.0000,0.9974,0.0000,0.0004,0.0001,0.106540,0.006364,0.004631,0.002926,0.003926,0.000000,0.001745,0.299642,-0.007729,-0.090460,-0.019199,0.248574,0.214875,0.109659,-0.005236,0.258045,0.145940,0.000000,0.000000,-0.057450,-0.017677,0.060862,0.000000,-0.143270,-0.115024,-0.059117,0.001745,0.013759,-0.018535
1771633699.495,1524,3,3,0.0000,0.0028,0.0000,0.9968,0.0000,0.0002,0.0002,0.104829,0.007474,0.005316,0.003342,0.002359,-0.001745,0.001745,0.277626,-0.008498,-0.093608,-0.019199,0.248696,0.238649,0.112807,-0.005236,0.237514,0.140914,0.000000,0.000000,-0.056364,-0.036046,0.084639,0.000000,-0.135907,-0.121295,-0.075912,0.001745,0.003303,-0.005763
1771633699.597,1527,3,3,0.0000,0.0037,0.0000,0.9959,0.0000,0.0002,0.0002,0.094705,0.003671,0.008435,0.003343,0.005177,-0.003491,0.003491,0.289333,-0.003706,-0.042919,-0.019199,0.188110,0.161637,0.060372,-0.006981,0.248640,0.184872,0.000000,0.000000,-0.054727,-0.019698,0.040558,0.000000,-0.090696,-0.086474,-0.033577,0.003491,-0.022646,-0.022236
1771633699.697,1530,3,3,0.0000,0.0018,0.0000,0.9979,0.0000,0.0001,0.0001,0.101037,0.001309,0.004452,0.006984,0.003092,-0.003491,0.003491,0.394052,-0.008732,-0.006675,-0.019199,0.129012,0.117512,0.024128,-0.005236,0.350234,0.194010,0.000000,0.000000,-0.051858,-0.009326,0.007959,0.000000,-0.001998,-0.023811,0.004258,0.003491,-0.047927,-0.051608
1771633699.798,1533,3,3,0.0000,0.0008,0.0000,0.9990,0.0000,0.0001,0.0001,0.110662,0.002609,0.003520,0.004362,0.001267,-0.003491,0.001745,0.414104,-0.010261,-0.033114,-0.019199,0.186251,0.137924,0.050567,-0.005236,0.329827,0.207532,0.000000,0.000000,-0.039544,-0.002046,0.029558,-0.001745,-0.066653,-0.124891,-0.022577,0.001745,-0.163159,-0.163606
1771633699.898,1536,3,3,0.0000,0.0012,0.0000,0.9987,0.0000,0.0001,0.0001,0.113130,0.002526,0.008672,0.002405,0.006024,-0.003491,0.006981,0.473050,-0.016159,-0.002990,-0.019199,0.181549,0.127768,0.020443,-0.005236,0.329257,0.218506,0.000000,0.001745,-0.037617,0.006963,0.019858,0.000000,-0.109102,-0.110695,-0.011132,0.001745,-0.115785,-0.140345
1771633699.999,1539,3,3,0.0000,0.0014,0.0000,0.9985,0.0000,0.0000,0.0000,0.217654,0.002563,0.003576,0.001268,0.004825,-0.003491,0.003491,0.470888,-0.015684,-0.150300,-0.019199,0.487880,0.392549,0.169498,-0.005236,0.633349,0.454188,0.000000,0.000000,-0.042231,0.012271,0.018486,-0.001745,-0.074756,-0.060583,-0.004523,0.000000,-0.068318,-0.071583
1771633700.099,1542,3,3,0.0000,0.0022,0.0000,0.9977,0.0000,0.0000,0.0000,0.194244,0.002128,0.003572,0.000506,0.003821,-0.006981,0.003491,0.460647,0.099450,-0.079363,-0.019199,0.458212,0.356417,0.096816,-0.006981,0.500647,0.355242,0.000000,0.000000,-0.049724,0.004815,0.017224,0.000000,-0.060702,-0.044833,-0.003262,0.003491,-0.054774,-0.058326
1771633700.199,1545,3,3,0.0000,0.0080,0.0000,0.9919,0.0000,0.0001,0.0000,0.179937,0.001262,0.001580,0.000315,0.001501,-0.006981,0.003491,0.428181,0.184051,-0.027140,-0.019199,0.479034,0.358294,0.044593,-0.006981,0.406927,0.254669,0.000000,0.000000,-0.053259,0.001020,0.010635,0.000000,-0.073069,-0.037301,-0.005399,0.003491,-0.057000,-0.060138
1771633700.299,1548,3,3,0.0000,0.0380,0.0000,0.9618,0.0000,0.0001,0.0000,0.218948,0.002124,0.006239,0.001697,0.004772,-0.006981,0.008727,0.442557,0.359142,-0.108150,-0.019199,0.539258,0.410726,0.127349,-0.008727,0.456769,0.282847,0.000000,0.000000,-0.042037,0.001692,0.020308,0.000000,-0.103060,-0.060581,-0.009836,0.003491,-0.113131,-0.096915
1771633700.400,1551,3,3,0.0000,0.2354,0.0000,0.7639,0.0000,0.0005,0.0001,0.111642,0.001527,0.011190,0.003929,0.007927,-0.001745,0.000000,0.375440,0.310375,-0.027907,-0.019199,0.064540,0.089600,0.045360,-0.005236,0.186406,0.267981,0.000000,0.000000,-0.027263,0.004358,0.011821,-0.001745,-0.063971,-0.038723,0.000396,0.001745,-0.073535,-0.082452
1771633700.500,1554,3,3,0.0000,0.1437,0.0000,0.8556,0.0000,0.0005,0.0001,0.141056,0.001119,0.006282,0.003505,0.002517,-0.003491,0.006981,0.351053,0.306085,-0.033263,-0.020944,0.233612,0.175831,0.047225,-0.006981,0.305124,0.266760,0.000000,0.000000,-0.027830,0.002150,0.000304,0.000000,0.000806,-0.020277,0.008422,0.001745,-0.072065,-0.098788
1771633700.601,1557,3,3,0.0000,0.2964,0.0000,0.7021,0.0000,0.0012,0.0002,0.119739,0.016018,0.007409,0.001703,0.006230,-0.001745,0.003491,0.331917,0.310453,-0.007238,-0.019199,0.204304,0.172561,0.021201,-0.006981,0.155203,0.237737,0.000000,0.000000,-0.002725,0.003092,-0.014771,0.000000,0.047614,0.043235,0.018262,0.001745,0.073962,0.004305
1771633700.700,1560,3,3,0.0000,0.3712,0.0000,0.6269,0.0000,0.0016,0.0002,0.135327,0.030004,0.007709,0.001928,0.006534,-0.001745,0.000000,0.371834,0.314754,0.043113,-0.020944,0.166961,0.158893,-0.027405,-0.006981,0.294478,0.273890,0.000000,0.000000,-0.005888,0.000532,-0.012377,0.000000,0.115431,0.113542,0.017613,0.001745,0.060107,0.051073
1771633700.801,1563,3,3,0.0000,0.2615,0.0000,0.7380,0.0000,0.0004,0.0001,0.198158,0.013787,0.011324,0.002823,0.007864,-0.003491,0.006981,0.322063,0.320369,0.003296,-0.020944,0.404898,0.343984,0.010667,-0.006981,0.492814,0.472829,0.000000,0.000000,-0.009833,-0.002468,-0.039504,0.000000,0.057470,0.064981,0.041249,0.001745,-0.117693,-0.068266
1771633700.901,1566,3,3,0.0001,0.2180,0.0000,0.7815,0.0001,0.0003,0.0001,0.197489,0.010790,0.002412,0.001874,0.004228,-0.003491,0.003491,0.314050,0.321953,-0.007109,-0.020944,0.398113,0.331552,0.017581,-0.005236,0.513144,0.469989,0.000000,0.000000,-0.009415,-0.001987,-0.026688,0.000000,0.036378,0.062923,0.026688,0.003491,-0.044063,-0.031297
1771633701.001,1569,3,3,0.0000,0.2147,0.0000,0.7850,0.0000,0.0002,0.0000,0.192367,0.026427,0.007324,0.002414,0.008977,-0.006981,0.003491,0.323413,0.294724,-0.023638,-0.020944,0.379267,0.304361,0.034110,-0.006981,0.505967,0.463073,0.000000,0.000000,-0.010568,-0.015518,0.049522,0.000000,0.027306,0.061928,-0.047776,0.003491,0.087743,0.087131
1771633701.101,1572,3,3,0.0001,0.2538,0.0000,0.7454,0.0001,0.0005,0.0001,0.150854,0.011492,0.003517,0.001862,0.002202,-0.006981,0.001745,0.348608,0.239150,-0.071666,-0.019199,0.331635,0.133905,0.083883,-0.006981,0.413092,0.258234,0.000000,0.000000,-0.006767,-0.006498,0.031666,0.000000,-0.028033,-0.000519,-0.022939,0.003491,0.033597,0.069150
1771633701.204,1575,3,3,0.0002,0.2594,0.0000,0.7395,0.0001,0.0006,0.0002,0.161119,0.009456,0.001493,0.002261,0.002116,-0.001745,0.006981,0.291930,0.250262,-0.070007,-0.019199,0.359985,0.174145,0.080479,-0.006981,0.470743,0.298899,0.001745,0.000000,-0.012942,-0.002598,0.037970,0.000000,-0.036853,-0.017722,-0.024008,0.003491,0.010350,0.059919
1771633701.303,1578,3,3,0.0002,0.2395,0.0000,0.7595,0.0001,0.0005,0.0002,0.170441,0.006881,0.002546,0.001894,0.002478,-0.003491,0.003491,0.151386,0.320021,-0.075699,-0.019199,0.428519,0.229987,0.084426,-0.006981,0.515702,0.311756,0.000000,0.000000,-0.015187,-0.001493,0.027382,0.000000,-0.023916,-0.002490,-0.006438,0.003491,-0.000584,0.051703
1771633701.402,1581,3,3,0.0002,0.2071,0.0000,0.7920,0.0001,0.0004,0.0001,0.169982,0.001978,0.000691,0.001490,0.002253,-0.003491,0.003491,0.148896,0.328397,-0.076769,-0.019199,0.411399,0.233136,0.087241,-0.005236,0.513372,0.313854,0.000000,0.000000,-0.009274,-0.000613,0.019842,0.000000,-0.021574,0.000404,-0.004134,0.003491,-0.094766,-0.026558
1771633701.502,1584,3,3,0.0002,0.2047,0.0000,0.7944,0.0001,0.0004,0.0001,0.183867,0.001390,0.000900,0.000581,0.001336,-0.003491,0.003491,0.151769,0.331170,-0.075252,-0.019199,0.420240,0.244183,0.085724,-0.005236,0.600841,0.368984,0.000000,0.000000,-0.009400,0.003217,0.001243,0.000000,-0.018121,0.002990,0.005739,0.003491,-0.072433,-0.041862
1771633701.605,1587,3,3,0.0002,0.2101,0.0000,0.7891,0.0001,0.0004,0.0001,0.185302,0.000956,0.001628,0.000446,0.001728,-0.003491,0.003491,0.214625,0.329960,-0.072332,-0.020944,0.420131,0.242582,0.082804,-0.005236,0.574245,0.355791,0.000000,0.000000,-0.008240,0.002988,-0.004498,-0.001745,-0.019666,0.000490,0.006244,0.001745,-0.069973,-0.054913
1771633701.704,1590,3,3,0.0002,0.2015,0.0000,0.7978,0.0001,0.0004,0.0001,0.187296,0.001078,0.001519,0.000840,0.001745,-0.003491,0.003491,0.241860,0.315832,-0.076217,-0.019199,0.439864,0.245230,0.086689,-0.005236,0.570499,0.344091,0.000000,0.000000,-0.006080,0.004315,0.005133,0.000000,-0.019222,-0.000123,-0.003387,0.003491,-0.075530,-0.059958
1771633701.807,1593,3,3,0.0001,0.1984,0.0000,0.8010,0.0001,0.0003,0.0001,0.198119,0.001072,0.001836,0.000341,0.001693,-0.003491,0.006981,0.246537,0.287135,-0.092491,-0.019199,0.494440,0.320580,0.102963,-0.005236,0.570306,0.348480,0.000000,0.000000,0.000657,0.003429,0.007039,0.000000,-0.025410,-0.001942,-0.007039,0.001745,-0.080461,-0.071258
1771633701.907,1596,3,3,0.0001,0.1966,0.0000,0.8029,0.0001,0.0002,0.0001,0.219599,0.001054,0.002849,0.000340,0.002761,-0.003491,0.003491,0.313076,0.267618,-0.080807,-0.019199,0.487452,0.363586,0.089534,-0.005236,0.572734,0.537696,0.000000,0.000000,-0.000251,0.002167,0.006993,0.000000,-0.040499,-0.007796,-0.005247,0.003491,-0.066294,-0.069479
1771633702.008,1599,3,3,0.0001,0.1896,0.0000,0.8099,0.0001,0.0003,0.0001,0.193600,0.000420,0.002424,0.000691,0.002410,-0.003491,0.006981,0.220538,0.269863,0.003248,-0.019199,0.431950,0.372364,0.007224,-0.005236,0.510398,0.500633,0.000000,0.000000,-0.000562,-0.000609,0.003294,0.000000,-0.049420,-0.004976,-0.003294,0.001745,-0.024441,-0.014486
1771633702.109,1602,3,3,0.0002,0.2821,0.0000,0.7165,0.0001,0.0007,0.0002,0.147656,0.018200,0.002106,0.000243,0.002440,-0.001745,0.000000,0.105504,0.384605,-0.048592,-0.019199,0.373879,0.386075,0.059064,-0.005236,0.197215,0.265531,0.000000,0.000000,-0.014888,-0.000038,-0.044995,0.000000,0.031726,0.090213,0.046741,0.003491,0.016711,0.029519
1771633702.209,1605,3,3,0.0002,0.2828,0.0000,0.7158,0.0001,0.0008,0.0002,0.152779,0.020703,0.004058,0.000151,0.004332,-0.003491,0.003491,0.117204,0.376775,-0.059610,-0.019199,0.392975,0.428153,0.070082,-0.005236,0.194081,0.250583,0.000000,0.000000,-0.023781,0.000243,-0.038119,0.000000,0.044209,0.078460,0.036374,0.001745,0.029727,0.057681
1771633702.311,1608,3,3,0.0003,0.2483,0.0000,0.7503,0.0002,0.0007,0.0002,0.173223,0.013486,0.000657,0.000244,0.000871,-0.003491,0.006981,0.105832,0.375589,-0.062386,-0.019199,0.542873,0.458613,0.072858,-0.008727,0.242846,0.273080,0.001745,0.000000,-0.023338,0.000172,-0.017839,0.000000,0.022831,0.054967,0.014349,0.003491,0.007038,0.057237
1771633702.411,1611,3,3,0.0003,0.2157,0.0000,0.7833,0.0001,0.0005,0.0001,0.184550,0.009458,0.000432,0.000600,0.000909,-0.003491,0.006981,0.106958,0.360880,-0.123056,-0.019199,0.553701,0.514838,0.135273,-0.008727,0.257662,0.278311,0.000000,0.000000,-0.026295,0.000070,-0.006541,-0.001745,0.008846,0.043296,0.003051,0.003491,-0.001071,0.054737
1771633702.512,1614,3,3,0.0003,0.2284,0.0000,0.7704,0.0001,0.0006,0.0002,0.166905,0.008614,0.002104,0.000597,0.001955,-0.006981,0.006981,0.132518,0.277028,-0.097303,-0.019199,0.500725,0.442906,0.111265,-0.006981,0.254856,0.276576,0.000000,0.000000,-0.025326,-0.000668,0.023396,0.000000,-0.006273,0.025490,-0.026886,0.003491,-0.006042,0.050991
1771633702.616,1617,3,3,0.0001,0.2156,0.0000,0.7832,0.0001,0.0009,0.0001,0.182815,0.006898,0.006240,0.001443,0.006707,-0.006981,0.008727,0.109170,0.284614,-0.089033,-0.020944,0.812961,0.701395,0.101250,-0.008727,0.080299,0.095370,0.000000,0.000000,-0.026205,-0.001732,0.026477,0.000000,-0.062841,-0.012879,-0.028223,0.005236,-0.012174,0.051057
1771633702.713,1620,3,3,0.0001,0.1326,0.0000,0.8668,0.0001,0.0004,0.0000,0.230823,0.006937,0.003035,0.000685,0.002404,-0.006981,0.006981,0.112942,0.287942,-0.078725,-0.019199,0.728748,0.653398,0.090942,-0.006981,0.441504,0.447421,0.000000,0.000000,-0.022509,-0.001444,0.027662,0.000000,-0.059339,-0.016468,-0.027662,0.003491,-0.017189,0.052087
1771633702.815,1623,3,3,0.0286,0.0787,0.0001,0.8741,0.0035,0.0147,0.0004,0.244174,0.008885,0.003346,0.000667,0.002904,-0.006981,0.006981,0.094402,0.356972,-0.079443,-0.019199,0.733790,0.664604,0.093405,-0.008727,0.499503,0.480428,0.000000,0.000000,-0.024166,-0.001875,0.042705,0.000000,-0.054819,-0.007617,-0.039214,0.005236,-0.019388,0.058674
1771633702.914,1626,3,3,0.0044,0.0606,0.0000,0.9255,0.0017,0.0076,0.0001,0.241997,0.010837,0.002327,0.001230,0.002017,-0.006981,0.008727,0.099690,0.342487,-0.030560,-0.020944,0.714422,0.654532,0.044523,-0.006981,0.541587,0.497992,0.000000,0.000000,-0.024721,-0.002118,0.034061,0.000000,-0.043384,-0.002334,-0.030571,0.005236,-0.011887,0.090743
1771633703.017,1629,3,3,0.0011,0.0565,0.0000,0.9361,0.0009,0.0053,0.0001,0.244557,0.008993,0.004330,0.002109,0.003945,-0.003491,0.010472,0.101667,0.337761,-0.055340,-0.020944,0.674440,0.640186,0.069302,-0.008727,0.562831,0.538028,0.000000,0.000000,-0.024734,-0.006419,0.033616,0.000000,-0.041408,-0.006694,-0.026635,0.003491,-0.012320,0.070806
1771633703.116,1632,3,3,0.0004,0.0510,0.0000,0.9420,0.0005,0.0059,0.0000,0.226817,0.006604,0.008160,0.002259,0.006282,-0.006981,0.010472,0.111559,0.299152,-0.060997,-0.020944,0.545377,0.579007,0.074960,-0.010472,0.561689,0.539585,0.000000,0.000000,-0.017310,-0.009083,0.030409,0.000000,-0.080621,-0.073976,-0.019937,0.003491,-0.032454,0.045354
1771633703.217,1635,3,3,0.0002,0.0443,0.0000,0.9501,0.0003,0.0050,0.0000,0.191260,0.005897,0.005843,0.002078,0.005309,-0.006981,0.010472,0.171029,0.290169,-0.079128,-0.020944,0.512594,0.513590,0.094836,-0.008727,0.321085,0.381341,0.000000,0.000000,0.003552,-0.006841,0.022367,0.000000,-0.056312,-0.040324,-0.010150,0.003491,-0.037921,0.041349
1771633703.320,1638,3,3,0.0005,0.0384,0.0000,0.9517,0.0005,0.0089,0.0000,0.196854,0.004045,0.003647,0.001409,0.002741,-0.006981,0.008727,0.232597,0.285993,-0.072398,-0.020944,0.506182,0.507181,0.086361,-0.010472,0.354287,0.380919,0.000000,0.000000,-0.002427,-0.005161,0.010180,0.000000,-0.047683,-0.027518,-0.003199,0.003491,-0.044198,0.034866
1771633703.418,1641,3,3,0.0004,0.0447,0.0000,0.9479,0.0004,0.0067,0.0000,0.199665,0.002730,0.005477,0.001899,0.004066,-0.006981,0.006981,0.254364,0.251452,-0.067895,-0.020944,0.536159,0.518644,0.081858,-0.008727,0.360521,0.386004,0.000000,0.000000,-0.002660,-0.004504,0.000407,0.000000,-0.038303,-0.009757,0.001338,0.003491,-0.053570,0.027519
1771633703.519,1644,3,3,0.0004,0.0454,0.0000,0.9476,0.0004,0.0061,0.0001,0.176640,0.003417,0.003238,0.001930,0.003104,-0.008727,0.008727,0.330776,0.223055,-0.058719,-0.022689,0.485640,0.425140,0.072682,-0.010472,0.276110,0.297546,0.000000,0.000000,-0.000603,-0.002958,-0.001019,0.000000,-0.026563,0.005741,0.002764,0.003491,-0.045531,0.029002
1771633703.621,1647,3,3,0.0005,0.0507,0.0000,0.9415,0.0005,0.0067,0.0001,0.172046,0.003027,0.001575,0.002015,0.001102,-0.008727,0.008727,0.316547,0.229028,-0.058830,-0.022689,0.486398,0.409978,0.074538,-0.012217,0.270494,0.268846,0.000000,0.000000,0.002932,-0.001588,-0.027629,0.000000,-0.029245,-0.000223,0.029374,0.003491,-0.083506,0.000527
1771633703.722,1650,3,3,0.0004,0.0623,0.0000,0.9308,0.0004,0.0060,0.0001,0.168910,0.002784,0.003294,0.001090,0.002468,-0.006981,0.001745,0.310576,0.233580,-0.062442,-0.022689,0.495412,0.423172,0.076405,-0.008727,0.243454,0.242579,0.000000,0.000000,0.015459,0.003023,-0.007080,0.000000,-0.031008,-0.003086,0.008826,0.003491,-0.061852,0.002613
1771633703.822,1653,3,3,0.0002,0.0949,0.0000,0.9027,0.0002,0.0019,0.0001,0.179944,0.001739,0.004307,0.000947,0.003350,0.000000,-0.003491,0.283009,0.236106,-0.113378,-0.020944,0.546351,0.465107,0.127340,-0.008727,0.253370,0.248039,0.000000,0.000000,0.000254,0.013986,-0.002181,0.000000,-0.032000,-0.005255,0.000435,0.005236,-0.055593,0.000956
1771633703.923,1656,3,3,0.0002,0.1536,0.0000,0.8452,0.0001,0.0007,0.0001,0.181255,0.003980,0.002050,0.000637,0.001617,0.000000,-0.012217,0.280456,0.233479,-0.095307,-0.020944,0.541185,0.456547,0.109270,-0.008727,0.292757,0.261363,0.000000,0.000000,-0.005513,0.011180,0.002301,0.000000,-0.031696,-0.002770,-0.004047,0.005236,-0.036139,0.029040
1771633704.023,1659,3,3,0.0002,0.1946,0.0000,0.8045,0.0001,0.0005,0.0001,0.180201,0.016014,0.002083,0.000769,0.001883,0.003491,-0.015708,0.268521,0.235435,-0.097866,-0.020944,0.537417,0.456158,0.113574,-0.010472,0.287180,0.260643,0.000000,0.000000,-0.021026,0.014575,0.008000,0.000000,-0.033928,-0.002200,-0.006254,0.005236,0.056272,0.108084
1771633704.127,1662,3,3,0.0002,0.2194,0.0000,0.7796,0.0001,0.0005,0.0002,0.170250,0.010359,0.001242,0.000570,0.001227,0.005236,-0.022689,0.271069,0.234587,-0.029622,-0.022689,0.504261,0.419580,0.045330,-0.012217,0.294195,0.268742,0.000000,0.000000,-0.024698,0.006824,0.004783,0.000000,-0.035869,-0.003112,-0.003038,0.005236,0.020969,0.086493
1771633704.225,1665,3,3,0.0003,0.2151,0.0000,0.7835,0.0002,0.0007,0.0002,0.172868,0.007643,0.000796,0.000396,0.001811,0.003491,-0.027925,0.326370,0.233056,-0.042841,-0.022689,0.490813,0.395638,0.058549,-0.012217,0.295183,0.271318,0.000000,0.000000,-0.049274,0.006360,0.004727,0.000000,-0.035699,-0.002525,-0.004727,0.003491,0.005443,0.071696
1771633704.327,1668,3,3,0.0003,0.2058,0.0000,0.7927,0.0002,0.0008,0.0002,0.170688,0.006813,0.002819,0.000661,0.002734,0.003491,-0.026180,0.296743,0.234013,-0.052088,-0.022689,0.490840,0.394454,0.067796,-0.012217,0.293006,0.267912,0.000000,0.000000,-0.054060,0.004164,0.001215,0.000000,-0.034174,0.000012,-0.001215,0.003491,0.003663,0.069206
1771633704.427,1671,3,3,0.0001,0.1903,0.0000,0.8087,0.0001,0.0007,0.0001,0.179644,0.006813,0.003462,0.000575,0.003387,0.003491,-0.026180,0.288554,0.232417,-0.096322,-0.024435,0.520146,0.439741,0.110285,-0.012217,0.293135,0.267960,0.000000,0.000000,-0.051599,0.002907,0.005778,0.000000,-0.032515,0.001568,-0.002287,0.003491,-0.001856,0.068013
1771633704.529,1674,3,3,0.0002,0.2038,0.0000,0.7952,0.0001,0.0007,0.0001,0.165723,0.006221,0.003397,0.000435,0.003355,0.000000,-0.024435,0.241832,0.236332,-0.105775,-0.024435,0.501888,0.444779,0.121483,-0.012217,0.216912,0.225444,0.000000,0.000000,-0.049533,0.003893,0.003677,0.000000,-0.028990,0.002575,-0.001932,0.003491,-0.017142,0.061010
1771633704.628,1677,3,3,0.0003,0.2755,0.0000,0.7226,0.0002,0.0011,0.0003,0.145686,0.006498,0.001719,0.001041,0.002376,-0.001745,-0.012217,0.257393,0.233162,-0.073252,-0.024435,0.453877,0.372715,0.088960,-0.013963,0.167470,0.174652,0.000000,0.000000,-0.045850,0.001683,0.009150,0.000000,-0.029934,0.002566,-0.007405,0.003491,-0.018446,0.061088
1771633704.731,1680,3,3,0.0004,0.2759,0.0000,0.7220,0.0002,0.0012,0.0003,0.145919,0.006876,0.001785,0.000567,0.001489,-0.001745,-0.008727,0.257607,0.227142,-0.073175,-0.024435,0.451662,0.381319,0.085392,-0.013963,0.168056,0.179850,0.000000,0.000000,-0.048497,0.002864,0.009906,0.000000,-0.031189,0.004839,-0.004670,0.003491,-0.021368,0.061418
1771633704.830,1683,3,3,0.0004,0.2701,0.0000,0.7278,0.0002,0.0011,0.0004,0.146365,0.003984,0.000846,0.001702,0.001456,-0.003491,-0.008727,0.260867,0.227301,-0.051583,-0.024435,0.448115,0.380462,0.063800,-0.013963,0.177821,0.198011,0.000000,0.000000,-0.032776,0.000868,-0.001327,0.000000,-0.022687,0.006954,0.004818,0.005236,-0.052118,0.029929
1771633704.932,1686,1,3,0.0009,0.5486,0.0001,0.4443,0.0002,0.0045,0.0014,0.073422,0.008195,0.001888,0.000203,0.001953,-0.001745,-0.006981,0.270746,0.227351,-0.172073,-0.024435,-0.056986,0.071843,0.186036,-0.013963,-0.008702,0.125085,0.000000,0.000000,-0.034905,0.001489,-0.005325,0.000000,0.026939,0.026238,0.005325,0.003491,-0.037065,0.034852
1771633705.031,1689,1,1,0.0002,0.9445,0.0003,0.0514,0.0000,0.0032,0.0004,0.049978,0.001997,0.002063,0.000108,0.002154,-0.003491,-0.001745,0.499051,-0.043729,-0.081490,-0.020944,-0.715441,-0.440762,0.100689,-0.015708,-0.513085,-0.338478,0.000000,0.000000,-0.036887,0.002387,-0.003859,0.000000,-0.000084,0.008466,0.002114,0.005236,-0.042613,0.005756
1771633705.132,1692,1,1,0.2975,0.6911,0.0009,0.0070,0.0001,0.0001,0.0033,0.019618,0.001939,0.001259,0.000632,0.001265,-0.006981,0.006981,0.145315,0.031086,-0.017125,-0.020944,-0.639191,-0.321200,0.052031,-0.013963,-0.651610,-0.375343,0.000000,0.000000,-0.039559,0.003568,-0.007975,0.000000,0.000792,0.005700,0.007975,0.005236,-0.044679,-0.001092
1771633705.232,1695,0,0,0.8575,0.1362,0.0003,0.0036,0.0001,0.0000,0.0024,0.033718,0.002488,0.001476,0.000322,0.001114,-0.003491,0.006981,0.261263,-0.291546,-0.078780,-0.020944,-0.414564,-0.208689,0.136376,-0.013963,-0.401382,-0.254440,0.000000,0.000000,-0.036026,0.002703,-0.021862,0.000000,0.000074,0.001732,0.021862,0.003491,-0.074033,-0.049685
1771633705.335,1698,1,1,0.0000,1.0000,0.0000,0.0000,0.0000,0.0000,0.0000,0.018222,0.001002,0.002118,0.000248,0.001060,-0.003491,0.006981,0.123817,-0.285439,-0.025034,-0.020944,-0.363567,-0.129203,0.087866,-0.012217,-0.301959,-0.190255,0.000000,0.000000,-0.033306,0.003494,-0.005039,0.000000,-0.004517,-0.002442,0.003294,0.005236,-0.077391,-0.072178
1771633705.436,1701,0,1,0.9815,0.0172,0.0001,0.0007,0.0000,0.0000,0.0004,0.011259,0.000728,0.005133,0.000837,0.003464,-0.003491,0.008727,0.045067,-0.225278,-0.008015,-0.019199,-0.260477,-0.083088,0.081319,-0.012217,-0.204493,-0.118904,0.000000,0.000000,-0.040335,0.003340,-0.000160,-0.001745,-0.003443,-0.000153,0.000160,0.005236,-0.056888,-0.063269
1771633705.533,1704,0,0,0.9184,0.0780,0.0006,0.0015,0.0001,0.0000,0.0014,0.014472,0.002895,0.002091,0.000846,0.001282,-0.006981,0.008727,0.088147,-0.178620,0.002803,-0.019199,-0.222497,-0.054001,0.073991,-0.012217,-0.143154,-0.066615,0.000000,0.000000,-0.057873,0.003136,-0.006476,0.000000,0.000579,0.017574,0.008221,0.005236,-0.044073,-0.056343
1771633705.634,1707,0,0,0.8202,0.1764,0.0009,0.0009,0.0001,0.0000,0.0016,0.006836,0.003858,0.000585,0.001329,0.000758,-0.006981,0.006981,-0.028714,-0.123876,0.017486,-0.019199,-0.157110,-0.042125,0.057563,-0.010472,-0.105231,-0.017483,0.000000,0.000000,-0.064366,0.003229,-0.009472,0.000000,0.006231,0.022133,0.009472,0.005236,-0.039894,-0.056431
1771633705.734,1710,1,0,0.4412,0.5540,0.0013,0.0010,0.0001,0.0000,0.0023,0.022260,0.002288,0.000969,0.000747,0.001096,-0.003491,0.008727,-0.029689,-0.085993,-0.070862,-0.019199,-0.121289,-0.029278,0.147656,-0.010472,0.068447,0.042289,0.000000,0.000000,-0.070401,0.000050,-0.002557,0.000000,0.003579,0.017779,0.002557,0.003491,-0.016783,-0.047868
1771633705.834,1713,1,1,0.2694,0.7226,0.0008,0.0042,0.0001,0.0000,0.0030,0.026783,0.009527,0.004774,0.000715,0.004363,-0.003491,0.006981,-0.052233,-0.063046,-0.024118,-0.015708,0.021049,-0.050811,0.099167,-0.008727,0.084921,0.109280,0.000000,0.000000,-0.071806,-0.000928,-0.034478,0.000000,0.030880,0.047224,0.030987,0.005236,-0.005763,-0.042326
1771633705.935,1716,1,1,0.0037,0.9943,0.0002,0.0010,0.0000,0.0000,0.0008,0.014192,0.006330,0.001748,0.000135,0.001124,-0.003491,0.006981,-0.058362,-0.019246,0.093084,-0.015708,-0.000716,-0.046947,-0.021525,-0.006981,0.023346,0.046895,0.000000,0.000000,-0.072664,-0.001892,0.001826,0.000000,0.020217,0.040560,-0.005317,0.005236,0.008121,-0.029699
1771633706.034,1719,1,1,0.0562,0.9387,0.0006,0.0022,0.0000,0.0000,0.0023,0.009453,0.004209,0.001608,0.000533,0.004911,-0.006981,0.008727,-0.036711,-0.016667,0.053997,-0.015708,-0.006074,-0.041664,0.024543,-0.008727,0.002437,0.023734,0.000000,0.000000,-0.061979,-0.002559,-0.002483,0.000000,0.006809,0.037726,0.000738,0.005236,-0.003966,-0.034914
1771633706.135,1722,0,0,0.5454,0.4478,0.0009,0.0026,0.0001,0.0000,0.0032,0.036784,0.005736,0.001728,0.001058,0.001269,-0.006981,0.008727,0.008166,-0.018077,0.050140,-0.013963,0.110706,-0.042808,0.026655,-0.005236,0.148265,0.088751,0.000000,0.000000,-0.056703,-0.002665,-0.000086,0.000000,0.008435,0.040983,-0.001659,0.003491,0.015926,-0.029998
1771633706.235,1725,0,0,0.6527,0.3379,0.0007,0.0047,0.0001,0.0000,0.0038,0.033340,0.008495,0.003149,0.000338,0.003089,-0.003491,0.008727,-0.002282,-0.017803,0.048570,-0.012217,0.103290,-0.000740,0.028224,-0.006981,0.105334,0.105937,0.000000,0.000000,-0.056327,-0.004523,0.008658,0.000000,0.007636,0.049448,-0.006913,0.003491,0.032709,-0.002940
1771633706.336,1728,0,0,0.7177,0.2691,0.0006,0.0079,0.0001,0.0000,0.0045,0.038291,0.007682,0.001527,0.000240,0.001966,-0.003491,0.008727,-0.025456,-0.027115,0.061768,-0.012217,0.077233,0.013258,0.015026,-0.006981,0.152519,0.130960,0.000000,0.000000,-0.054264,-0.004541,0.005854,0.000000,0.011263,0.053303,-0.005854,0.003491,0.009464,0.008812
1771633706.437,1731,0,0,0.8519,0.1385,0.0004,0.0060,0.0001,0.0000,0.0031,0.031548,0.005553,0.001893,0.000152,0.002160,-0.006981,0.008727,-0.021906,-0.051757,0.053005,-0.012217,0.059426,0.024538,0.023789,-0.006981,0.094710,0.114386,0.000000,0.000000,-0.046765,-0.011223,0.008026,0.000000,0.003225,0.041435,-0.004535,0.003491,0.003260,0.007196
1771633706.535,1734,0,0,0.8884,0.1046,0.0004,0.0039,0.0001,0.0000,0.0025,0.024582,0.007132,0.001783,0.000526,0.001518,-0.003491,0.008727,-0.015558,-0.029956,0.027462,-0.012217,0.074139,0.037223,0.049332,-0.008727,0.038920,0.059175,0.000000,0.000000,-0.041022,-0.007248,0.005321,0.000000,0.011653,0.046772,-0.003576,0.003491,-0.000419,0.018352
1771633706.635,1737,0,0,0.8283,0.1637,0.0008,0.0039,0.0001,0.0000,0.0032,0.020759,0.008287,0.001910,0.000814,0.001577,-0.003491,0.008727,-0.040106,0.038361,0.010836,-0.012217,0.088637,0.038328,0.064213,-0.008727,-0.010185,-0.006361,0.000000,0.000000,-0.038172,-0.003789,-0.006069,0.000000,0.009618,0.057794,0.006069,0.003491,0.002250,0.020224
1771633706.736,1740,1,0,0.2977,0.6816,0.0031,0.0093,0.0002,0.0001,0.0080,0.045973,0.014153,0.004795,0.000583,0.004387,-0.006981,0.008727,-0.092322,0.041178,0.020188,-0.012217,0.139480,0.081467,0.051370,-0.008727,0.132649,0.076621,0.000000,0.000000,-0.010332,-0.002507,-0.030724,0.000000,0.034300,0.079382,0.027233,0.003491,0.001935,0.023495
1771633706.836,1743,1,1,0.0319,0.9507,0.0018,0.0093,0.0001,0.0001,0.0061,0.030480,0.013507,0.003448,0.000276,0.002189,-0.006981,0.008727,-0.044487,0.032842,0.010511,-0.012217,0.092061,0.073691,0.061048,-0.008727,0.039678,0.047202,0.000000,0.000000,0.006829,-0.002483,-0.023353,0.000000,0.029911,0.077332,0.021608,0.003491,0.000065,0.022844
1771633706.937,1746,1,1,0.0058,0.9879,0.0005,0.0037,0.0000,0.0000,0.0021,0.026093,0.005429,0.000960,0.000081,0.000811,-0.003491,0.006981,-0.004861,0.033633,0.052599,-0.012217,0.053078,0.044307,0.017214,-0.006981,0.051182,0.054117,0.000000,0.000000,0.000417,-0.000387,0.004087,0.000000,0.004822,0.049801,-0.005832,0.005236,-0.014298,0.000789
1771633707.037,1749,1,1,0.0008,0.9967,0.0002,0.0016,0.0000,0.0000,0.0007,0.013881,0.003068,0.003918,0.000706,0.003427,-0.006981,0.008727,0.013082,0.033078,0.044920,-0.012217,-0.079263,0.009496,0.023148,-0.008727,-0.013390,0.034124,0.000000,0.000000,0.006589,0.003219,-0.016112,0.000000,-0.007285,0.009154,0.014366,0.003491,-0.034513,-0.030240
1771633707.137,1752,1,1,0.0001,0.9988,0.0001,0.0007,0.0000,0.0000,0.0003,0.031189,0.001198,0.004422,0.000368,0.003771,-0.006981,0.008727,0.010192,0.033549,0.000183,-0.012217,0.096851,0.063366,0.066140,-0.008727,0.028705,0.066550,0.000000,0.000000,-0.002404,0.003489,0.001992,0.000000,-0.007108,0.005399,-0.001992,0.003491,-0.040408,-0.045076
1771633707.239,1755,1,1,0.0003,0.9976,0.0000,0.0018,0.0000,0.0000,0.0003,0.028739,0.001589,0.001579,0.000312,0.001522,-0.006981,0.008727,0.038072,0.029091,0.019821,-0.012217,0.054411,0.052366,0.046502,-0.006981,0.039388,0.056496,0.000000,0.000000,-0.001760,0.004436,0.001355,-0.001745,-0.000370,0.008037,-0.001355,0.005236,-0.040330,-0.044843
1771633707.338,1758,1,1,0.0015,0.9905,0.0000,0.0071,0.0000,0.0000,0.0009,0.023224,0.001290,0.001009,0.000300,0.000624,-0.006981,0.008727,0.076786,0.011064,0.029393,-0.012217,0.029385,0.037280,0.036930,-0.008727,0.010767,0.038354,0.000000,0.000000,0.001303,0.003385,0.001326,0.000000,0.000281,0.005695,-0.001326,0.003491,-0.041798,-0.052920
1771633707.439,1761,1,1,0.0055,0.9792,0.0001,0.0126,0.0000,0.0000,0.0026,0.016667,0.001282,0.000841,0.000145,0.000760,-0.006981,0.008727,0.038236,0.006330,0.025042,-0.012217,0.025069,0.028920,0.041281,-0.006981,-0.001378,0.026394,0.000000,0.000000,0.002726,0.001582,0.007590,0.000000,-0.002468,-0.000191,-0.007590,0.003491,-0.043659,-0.054656
1771633707.539,1764,1,1,0.0105,0.9624,0.0001,0.0223,0.0000,0.0000,0.0046,0.022565,0.001994,0.000636,0.000789,0.000816,-0.003491,0.008727,0.034294,0.006633,0.003989,-0.012217,0.059982,0.066266,0.060588,-0.006981,0.002689,0.027617,0.000000,0.000000,0.003845,0.003198,0.013391,0.000000,-0.007663,-0.007079,-0.013391,0.003491,-0.054437,-0.061261
1771633707.640,1767,1,1,0.0098,0.9591,0.0002,0.0261,0.0000,0.0000,0.0048,0.020414,0.002751,0.002798,0.000172,0.003019,-0.006981,0.008727,0.018269,0.006355,-0.000892,-0.012217,0.033645,0.041513,0.061979,-0.006981,0.032659,0.041818,0.000000,0.000000,0.003515,0.002809,0.021448,0.000000,-0.037327,-0.058689,-0.023194,0.005236,-0.076537,-0.080376
1771633707.744,1770,1,1,0.0065,0.9654,0.0002,0.0240,0.0000,0.0000,0.0040,0.016560,0.002668,0.000922,0.000254,0.000943,-0.006981,0.008727,-0.000817,0.007077,-0.001000,-0.012217,0.014344,0.038000,0.063832,-0.006981,0.019357,0.047378,0.000000,0.000000,-0.000557,0.003990,0.022788,0.000000,-0.022046,-0.032346,-0.022788,0.005236,-0.055034,-0.073770
1771633707.843,1773,1,1,0.0034,0.9770,0.0002,0.0166,0.0000,0.0000,0.0028,0.012578,0.001715,0.001897,0.000449,0.002078,-0.003491,0.008727,0.004824,0.006288,0.007472,-0.012217,0.000694,0.024481,0.050123,-0.008727,0.005787,0.042542,0.000000,0.000000,-0.002723,0.003795,0.013294,0.000000,-0.022829,-0.027820,-0.008058,0.003491,-0.049954,-0.069469
1771633707.943,1776,1,1,0.0016,0.9888,0.0002,0.0078,0.0000,0.0000,0.0016,0.017816,0.000686,0.001234,0.000180,0.001085,-0.003491,0.008727,0.017862,0.004753,0.019756,-0.012217,-0.014268,0.009754,0.036094,-0.006981,0.013161,0.103680,0.000000,0.000000,-0.002158,0.002994,0.001507,0.000000,-0.012336,-0.010634,0.000238,0.003491,-0.043491,-0.064368
1771633708.040,1779,1,1,0.0059,0.9895,0.0002,0.0028,0.0000,0.0000,0.0015,0.006994,0.001242,0.001218,0.000434,0.001042,-0.006981,0.008727,0.009971,0.000425,0.038220,-0.010472,-0.008960,0.008960,0.017631,-0.006981,-0.404077,-0.235854,0.000000,0.000000,0.002564,0.005354,0.000078,0.000000,-0.008142,-0.004838,0.001668,0.005236,-0.047276,-0.066313
1771633708.144,1782,0,0,0.9959,0.0039,0.0000,0.0001,0.0000,0.0000,0.0001,0.005507,0.000587,0.001020,0.000560,0.000305,-0.006981,0.008727,0.001508,-0.003850,0.025158,-0.012217,-0.066176,-0.027167,0.030692,-0.008727,-0.202779,-0.117483,0.000000,0.000000,-0.001310,0.003554,-0.000759,0.000000,-0.007251,-0.001352,-0.000986,0.003491,-0.047650,-0.068709
1771633708.241,1785,0,0,0.9956,0.0042,0.0000,0.0001,0.0000,0.0000,0.0001,0.005341,0.000695,0.000725,0.000232,0.000662,-0.003491,0.008727,0.001260,-0.002787,0.023672,-0.010472,-0.044416,-0.018009,0.030433,-0.006981,-0.118616,-0.069608,0.000000,0.000000,-0.001078,0.003106,-0.001110,0.000000,-0.005654,-0.003047,-0.000635,0.005236,-0.056803,-0.082647
1771633708.343,1788,0,0,0.9951,0.0046,0.0000,0.0002,0.0000,0.0000,0.0001,0.017959,0.001516,0.001409,0.001173,0.000842,-0.003491,0.008727,0.026870,-0.002997,0.009667,-0.010472,-0.009398,0.028089,0.046184,-0.006981,0.032303,0.063665,0.000000,0.000000,0.004582,0.004254,-0.005864,0.000000,-0.002948,-0.001115,0.005864,0.003491,-0.050909,-0.073928
1771633708.447,1791,0,0,0.9925,0.0069,0.0000,0.0003,0.0000,0.0000,0.0002,0.033883,0.001516,0.002219,0.000641,0.002237,-0.003491,0.008727,0.059747,0.009535,0.009884,-0.012217,-0.020284,0.008965,0.044222,-0.005236,0.135442,0.130075,0.000000,0.000000,0.006755,0.000322,0.007628,0.000000,-0.040731,-0.027794,-0.009374,0.003491,-0.051680,-0.069795
1771633708.545,1794,0,0,0.9892,0.0099,0.0000,0.0006,0.0000,0.0000,0.0003,0.030428,0.003075,0.001387,0.001083,0.002417,-0.003491,0.008727,0.036067,0.102529,0.012811,-0.012217,-0.015451,0.004374,0.041295,-0.005236,0.077893,0.081435,0.000000,0.000000,0.002965,-0.001477,0.028696,0.000000,-0.041231,-0.023828,-0.025205,0.005236,-0.042082,-0.023858
1771633708.645,1797,0,0,0.9814,0.0171,0.0001,0.0008,0.0000,0.0000,0.0005,0.024703,0.004832,0.001444,0.001279,0.000754,-0.003491,0.008727,-0.035707,0.135869,0.027895,-0.012217,0.026179,0.004509,0.026210,-0.005236,0.021818,0.045229,0.000000,0.000000,0.014770,-0.010067,0.039721,0.000000,-0.064068,-0.055738,-0.034485,0.003491,-0.042596,-0.014193
1771633708.747,1800,0,0,0.9506,0.0448,0.0002,0.0031,0.0001,0.0000,0.0013,0.065553,0.006324,0.002049,0.000600,0.001671,-0.003491,0.006981,0.022505,0.113839,0.105815,-0.010472,0.120059,0.060623,-0.051709,-0.006981,0.202870,0.153946,0.000000,0.000000,0.006027,-0.005396,0.063736,0.000000,-0.096728,-0.071702,-0.056754,0.005236,-0.037511,0.000888
1771633708.847,1803,0,0,0.8677,0.1154,0.0004,0.0138,0.0002,0.0000,0.0025,0.065771,0.005196,0.003369,0.000045,0.003030,-0.003491,0.008727,0.195301,0.207667,0.151892,-0.008727,0.051778,-0.026961,-0.103023,-0.003491,0.087894,0.085997,0.000000,0.000000,-0.001147,-0.002763,0.056099,0.000000,-0.082254,-0.067690,-0.049117,0.003491,-0.023250,0.002761
1771633708.947,1806,1,0,0.0463,0.8049,0.0008,0.1457,0.0005,0.0000,0.0017,0.196521,0.004209,0.005153,0.000102,0.004527,-0.003491,0.010472,-0.227397,0.573106,0.087242,-0.010472,0.563705,0.300585,-0.052335,0.005236,0.446210,0.371694,0.000000,0.000000,-0.006585,-0.001380,0.039056,0.000000,-0.059980,-0.047264,-0.032075,0.005236,-0.008682,0.006220
1771633709.052,1809,1,1,0.0010,0.8815,0.0001,0.1172,0.0001,0.0000,0.0001,0.167907,0.003777,0.000952,0.000444,0.000602,-0.006981,0.024435,-0.003483,0.387554,0.092081,-0.015708,0.551566,0.365938,-0.065901,0.006981,0.334849,0.251478,0.000000,0.000000,0.001620,-0.001188,0.028592,0.000000,-0.048867,-0.036696,-0.018120,0.003491,0.003841,0.007780
1771633709.148,1812,1,1,0.0006,0.8870,0.0001,0.1120,0.0002,0.0000,0.0001,0.164229,0.012329,0.001567,0.000755,0.001954,-0.006981,0.040143,0.056856,0.325652,0.080560,-0.022689,0.648279,0.389729,-0.056125,0.006981,0.267706,0.154843,0.000000,0.000000,0.000534,-0.001945,0.011415,0.000000,-0.017062,-0.021647,-0.002688,0.003491,0.062346,0.070159
1771633709.251,1815,1,1,0.0012,0.8274,0.0002,0.1705,0.0004,0.0000,0.0003,0.140309,0.008905,0.002631,0.000377,0.002731,0.000000,0.020944,0.067493,0.300568,0.034306,-0.027925,0.505062,0.323720,0.000600,0.005236,0.259108,0.166670,0.000000,0.000000,-0.005916,-0.002358,0.015957,0.000000,-0.022556,-0.013386,-0.007230,0.003491,0.023431,0.063976
1771633709.351,1818,1,1,0.0012,0.7464,0.0002,0.2511,0.0005,0.0001,0.0004,0.131563,0.006522,0.001698,0.000439,0.001585,0.000000,0.000000,0.128113,0.295804,0.035749,-0.041888,0.453147,0.286578,0.000903,0.003491,0.220602,0.154364,0.000000,0.000000,-0.001263,-0.005306,0.018853,0.000000,-0.031463,-0.009664,-0.006636,0.003491,-0.012188,0.055915
1771633709.451,1821,1,1,0.0006,0.6193,0.0003,0.3788,0.0005,0.0001,0.0004,0.142568,0.005946,0.005030,0.000755,0.004689,0.001745,-0.006981,0.204658,0.301760,-0.003978,-0.052360,0.494273,0.300193,0.026668,0.003491,0.228381,0.149642,0.000000,0.000000,-0.003453,-0.001499,0.010251,0.000000,-0.016011,-0.001027,-0.003269,0.005236,-0.006420,0.055868
1771633709.552,1824,3,3,0.0002,0.3096,0.0010,0.6880,0.0004,0.0005,0.0004,0.151010,0.006946,0.004294,0.000457,0.004613,0.000000,-0.012217,0.258645,0.299844,-0.011747,-0.057596,0.546585,0.322268,0.030946,0.003491,0.211444,0.138893,0.000000,0.000000,-0.006769,-0.000633,0.007190,0.000000,0.002624,0.011869,-0.003700,0.003491,-0.002661,0.058176
1771633709.653,1827,3,3,0.0002,0.0726,0.0012,0.9243,0.0003,0.0010,0.0004,0.124241,0.007083,0.001231,0.000199,0.002025,0.000000,-0.012217,0.311647,0.276266,-0.007998,-0.062832,0.474729,0.235952,0.028942,0.001745,0.105916,0.055699,0.000000,0.000000,-0.001884,0.000845,0.010340,0.000000,0.001363,0.006152,-0.006850,0.003491,0.003481,0.059330
1771633709.754,1830,3,3,0.0002,0.0380,0.0008,0.9582,0.0002,0.0022,0.0004,0.108823,0.011082,0.001854,0.000294,0.001694,0.000000,-0.012217,0.297581,0.282843,-0.003895,-0.071558,0.440743,0.188029,0.021348,-0.001745,0.070914,0.004415,0.000000,0.000000,0.016640,0.000285,0.004600,0.000000,0.008959,0.008386,-0.001109,0.003491,0.022187,0.068436
1771633709.854,1833,3,3,0.0000,0.0118,0.0002,0.9867,0.0001,0.0010,0.0002,0.135099,0.010230,0.003951,0.000571,0.003285,-0.003491,-0.012217,0.194355,0.328716,-0.004505,-0.073304,0.483023,0.275455,0.018467,-0.005236,0.191572,0.129600,0.000000,0.000000,0.010859,-0.000361,-0.013680,0.000000,0.010702,0.012132,0.011935,0.005236,0.005681,0.066213
1771633709.955,1836,3,3,0.0000,0.0075,0.0001,0.9914,0.0001,0.0008,0.0001,0.130041,0.017259,0.005144,0.000109,0.005155,0.000000,-0.012217,0.192057,0.331849,-0.003931,-0.073304,0.471880,0.261816,0.016149,-0.003491,0.171728,0.115020,0.000000,0.000000,0.025949,-0.001267,-0.010445,0.000000,0.030975,0.022342,0.008700,0.003491,0.040690,0.074966
1771633710.056,1839,3,3,0.0000,0.0057,0.0001,0.9933,0.0001,0.0007,0.0001,0.123137,0.011746,0.001867,0.000054,0.001663,-0.001745,-0.012217,0.193752,0.332742,0.003031,-0.075049,0.450969,0.257113,0.007441,-0.005236,0.134552,0.098050,0.000000,0.000000,0.020002,-0.002565,-0.005210,0.000000,0.020319,0.014430,0.006955,0.005236,0.007496,0.066518
1771633710.160,1842,3,3,0.0001,0.0089,0.0001,0.9888,0.0001,0.0018,0.0002,0.104073,0.020373,0.001608,0.000096,0.001797,0.000000,-0.012217,0.189409,0.335456,0.036687,-0.076794,0.355740,0.183652,-0.027960,-0.006981,0.093033,0.054902,0.000000,0.000000,0.002151,-0.000030,-0.040627,0.000000,0.072756,0.069781,0.040627,0.003491,-0.000661,0.055667
1771633710.260,1845,3,3,0.0001,0.0096,0.0001,0.9876,0.0001,0.0022,0.0003,0.115174,0.012144,0.002563,0.000944,0.001229,0.000000,-0.013963,0.142044,0.332778,0.032461,-0.076794,0.400891,0.216071,-0.025479,-0.006981,0.173285,0.084555,0.000000,0.000000,-0.002180,0.000059,0.002400,0.000000,0.026609,0.059986,-0.004145,0.003491,-0.014096,0.053184
1771633710.361,1848,3,3,0.0004,0.0232,0.0001,0.9711,0.0003,0.0044,0.0005,0.136023,0.012954,0.000794,0.000715,0.001070,0.000000,-0.013963,0.134941,0.324397,0.056862,-0.076794,0.429124,0.256348,-0.051626,-0.006981,0.251018,0.179585,0.000000,0.000000,-0.006306,0.000446,-0.003315,0.000000,0.032029,0.063115,0.001570,0.003491,-0.009736,0.054792
1771633710.461,1851,3,3,0.0016,0.0381,0.0001,0.9406,0.0007,0.0180,0.0009,0.132076,0.010105,0.001026,0.000343,0.000793,0.000000,-0.013963,0.148730,0.300964,0.053450,-0.076794,0.416879,0.244020,-0.048214,-0.006981,0.241233,0.179632,0.000000,0.000000,-0.006233,-0.001279,-0.001789,0.000000,0.011598,0.047347,-0.001701,0.003491,-0.005219,0.058822
1771633710.562,1854,3,3,0.0019,0.0434,0.0001,0.9390,0.0009,0.0138,0.0009,0.161096,0.008688,0.000609,0.000091,0.000544,0.000000,-0.013963,0.121811,0.305993,0.005020,-0.076794,0.519052,0.327624,0.000216,-0.006981,0.358437,0.295002,0.000000,0.000000,-0.045616,-0.003067,-0.001694,0.000000,0.003600,0.040621,-0.000052,0.003491,-0.009227,0.056548
1771633710.662,1857,3,3,0.0079,0.0591,0.0001,0.8975,0.0022,0.0328,0.0005,0.210934,0.008977,0.001398,0.000248,0.001926,0.000000,-0.013963,0.019507,0.306729,-0.027334,-0.076794,0.745819,0.521364,0.030824,-0.005236,0.512047,0.394922,0.000000,0.000000,-0.049173,-0.003500,-0.001673,-0.001745,0.004306,0.038909,-0.000072,0.005236,-0.007981,0.059278
1771633710.763,1860,3,3,0.0048,0.0692,0.0000,0.9086,0.0018,0.0154,0.0002,0.207283,0.009843,0.000963,0.000389,0.001002,0.000000,-0.013963,-0.000665,0.304658,-0.040763,-0.078540,0.725743,0.511530,0.044253,-0.006981,0.505769,0.395447,0.000000,0.000000,-0.058536,-0.002612,-0.010524,0.000000,0.002010,0.039485,0.008778,0.005236,-0.007100,0.062607
1771633710.863,1863,3,3,0.0025,0.0680,0.0000,0.9158,0.0014,0.0121,0.0002,0.203269,0.010189,0.000624,0.000532,0.000611,0.000000,-0.013963,0.000214,0.265287,-0.043155,-0.076794,0.721613,0.510049,0.046646,-0.005236,0.501878,0.393536,0.000000,0.000000,-0.051903,-0.004087,-0.006158,0.000000,0.001673,0.046730,0.007904,0.003491,-0.012468,0.062468
1771633710.963,1866,3,3,0.0018,0.0659,0.0000,0.9198,0.0011,0.0112,0.0001,0.196516,0.007423,0.000503,0.000202,0.000279,0.000000,-0.013963,0.009202,0.254197,-0.077190,-0.076794,0.675784,0.472638,0.080681,-0.005236,0.485270,0.380415,0.000000,0.000000,-0.049211,-0.002719,0.001106,0.000000,-0.002844,0.034336,0.000639,0.003491,-0.035909,0.049501
1771633711.064,1869,3,3,0.0004,0.1160,0.0000,0.8826,0.0002,0.0007,0.0000,0.388885,0.007707,0.001987,0.000370,0.001530,0.000000,-0.015708,0.038715,0.352110,-0.105050,-0.076794,1.255738,0.860015,0.108541,-0.005236,1.172997,0.878504,0.000000,0.000000,-0.049411,0.001707,0.000540,0.000000,0.000682,0.032406,-0.000540,0.005236,-0.026825,0.051908
1771633711.165,1872,3,3,0.0011,0.0772,0.0000,0.9191,0.0006,0.0019,0.0000,0.371761,0.008127,0.000712,0.000643,0.000665,0.000000,-0.015708,0.216031,0.351896,-0.058143,-0.078540,1.197698,0.845048,0.058143,-0.006981,1.023039,0.769277,0.000000,0.000000,-0.051864,0.002278,0.000087,0.000000,0.006142,0.034416,-0.000087,0.003491,-0.026861,0.051105
1771633711.264,1875,1,1,0.1376,0.5538,0.0000,0.3073,0.0011,0.0001,0.0001,0.381449,0.008100,0.000519,0.000880,0.000354,0.000000,-0.013963,0.232407,0.358901,-0.054686,-0.076794,1.209103,0.881498,0.058177,-0.005236,1.046479,0.790820,0.000000,0.000000,-0.047640,0.002643,0.000186,0.000000,0.001754,0.039241,-0.001931,0.003491,-0.026781,0.049891
1771633711.364,1878,0,0,0.7106,0.2219,0.0000,0.0645,0.0028,0.0001,0.0001,0.372108,0.006860,0.000769,0.000623,0.000177,0.000000,-0.019199,0.259547,0.366279,-0.049535,-0.078540,1.212610,0.835702,0.047789,0.000000,1.012567,0.730808,0.000000,0.000000,-0.045446,0.002846,0.002315,-0.001745,-0.006341,0.030584,-0.004061,0.003491,-0.034861,0.043079
1771633711.465,1881,0,0,0.8362,0.1309,0.0000,0.0297,0.0031,0.0000,0.0001,0.348587,0.006836,0.000740,0.000145,0.000574,0.000000,-0.019199,0.299098,0.364605,-0.047331,-0.082030,1.209038,0.704765,0.035114,0.005236,0.982248,0.582943,0.000000,0.000000,-0.050110,0.004727,0.000144,0.000000,0.001260,0.026792,-0.000144,0.005236,-0.026705,0.043876
1771633711.566,1884,0,0,0.8796,0.0979,0.0000,0.0192,0.0032,0.0000,0.0000,0.322355,0.007329,0.000174,0.000246,0.000669,0.001745,-0.027925,0.301108,0.337197,-0.047595,-0.083776,1.207757,0.568864,0.033633,0.006981,0.980801,0.430168,0.000000,0.000000,-0.052197,0.004393,-0.003455,-0.001745,0.005374,0.031192,0.001710,0.003491,-0.016092,0.041789
1771633711.665,1887,0,0,0.8902,0.0894,0.0000,0.0168,0.0035,0.0000,0.0000,0.291546,0.008676,0.000685,0.000745,0.000576,0.000000,-0.036652,0.302299,0.311483,-0.045392,-0.083776,1.194259,0.408699,0.031430,0.008727,0.943135,0.298517,0.000000,0.000000,-0.051933,0.003470,-0.003185,0.000000,0.002412,0.031703,0.003185,0.005236,0.011033,0.047068
1771633711.765,1890,0,0,0.9017,0.0833,0.0000,0.0120,0.0029,0.0001,0.0001,0.233048,0.008416,0.000434,0.000481,0.000982,-0.006981,-0.005236,0.282912,0.283953,-0.036369,-0.080285,1.036677,0.227346,0.024152,0.008727,0.761055,0.171753,0.000000,0.000000,-0.053531,0.003474,-0.000828,0.000000,0.003890,0.034999,0.002573,0.005236,-0.000653,0.050822
1771633711.866,1893,0,0,0.9324,0.0639,0.0000,0.0028,0.0007,0.0001,0.0001,0.147423,0.008035,0.000591,0.000772,0.000730,0.000000,0.000000,0.201489,0.281511,-0.096135,-0.082030,0.626269,0.039607,0.082173,0.008727,0.480523,0.048775,0.000000,0.000000,-0.052264,0.003920,0.004352,0.000000,-0.000154,0.036185,-0.002607,0.003491,-0.017279,0.048470
1771633711.966,1896,0,0,0.8996,0.0980,0.0001,0.0011,0.0002,0.0001,0.0008,0.047967,0.008320,0.001109,0.000280,0.000948,0.001745,0.003491,0.118336,0.197196,-0.081155,-0.082030,0.177177,-0.224329,0.068938,0.008727,-0.252437,-0.432184,0.000000,0.000000,-0.051209,0.002192,0.001381,-0.001745,0.003663,0.040640,-0.001381,0.003491,-0.015247,0.048472
1771633712.067,1899,0,0,0.5906,0.4035,0.0003,0.0032,0.0002,0.0000,0.0022,0.040942,0.007650,0.001001,0.000795,0.001163,0.001745,0.001745,0.205780,0.051852,-0.237167,-0.078540,-0.145748,-0.431533,0.223205,0.006981,-0.401938,-0.559359,0.000000,0.000000,-0.047643,0.001037,-0.000194,0.000000,-0.001884,0.037413,0.000194,0.003491,-0.012963,0.049669
1771633712.167,1902,0,0,0.7317,0.2595,0.0003,0.0060,0.0001,0.0000,0.0025,0.037140,0.008623,0.001833,0.000444,0.001591,-0.001745,0.010472,0.426433,-0.057371,0.008777,-0.075049,-0.708999,-0.714513,-0.012267,0.000000,-0.586949,-0.592945,0.000000,0.000000,-0.046858,0.001855,-0.005696,0.000000,0.002870,0.039850,0.003951,0.003491,-0.005258,0.051460
1771633712.268,1905,0,0,0.9247,0.0712,0.0002,0.0021,0.0001,0.0000,0.0017,0.026057,0.009345,0.001688,0.000365,0.000843,-0.003491,0.012217,0.250795,-0.282700,-0.039202,-0.055851,-0.929802,-0.590151,0.049674,-0.013963,-0.922172,-0.843463,0.000000,0.000000,-0.040450,0.003664,-0.000547,0.000000,0.007734,0.043941,0.002292,0.003491,-0.005889,0.051017
1771633712.367,1908,0,0,0.9555,0.0420,0.0002,0.0011,0.0000,0.0000,0.0011,0.015691,0.010852,0.001121,0.000870,0.001348,-0.006981,0.012217,0.129358,-0.170428,0.046721,-0.052360,-0.766853,-0.358527,-0.022287,-0.008727,-0.769989,-0.580331,0.000000,0.000000,-0.035647,0.000807,-0.000734,0.000000,0.003388,0.042341,0.002479,0.005236,0.013296,0.062683
1771633712.467,1911,0,0,0.9404,0.0571,0.0004,0.0009,0.0000,0.0000,0.0012,0.009614,0.015924,0.002596,0.001168,0.003453,-0.006981,0.010472,0.040161,-0.164027,0.064731,-0.050615,-0.551702,-0.205280,-0.019352,-0.008727,-0.550321,-0.375175,0.000000,0.000000,-0.026859,0.000319,-0.008486,0.000000,0.020874,0.072592,0.008486,0.005236,0.012096,0.071487
1771633712.567,1914,1,0,0.0000,0.9999,0.0000,0.0000,0.0000,0.0000,0.0000,0.013893,0.018089,0.001705,0.000770,0.001287,-0.003491,0.012217,0.094520,-0.141511,0.059984,-0.048869,-0.361404,-0.127632,-0.000643,-0.006981,-0.382669,-0.239022,0.000000,0.000000,-0.027038,-0.001910,0.000885,0.000000,0.019800,0.073802,-0.000885,0.005236,0.012673,0.104668
1771633712.669,1917,1,1,0.0000,1.0000,0.0000,0.0000,0.0000,0.0000,0.0000,0.012609,0.012660,0.003189,0.000571,0.003320,-0.006981,0.012217,0.076265,-0.094516,0.045142,-0.043633,-0.261766,-0.077642,0.017690,-0.005236,-0.265016,-0.146637,0.000000,0.000000,-0.020379,-0.001834,0.006497,0.000000,0.003455,0.053699,-0.004752,0.005236,-0.000016,0.083032
1771633712.769,1920,1,1,0.0000,0.9999,0.0000,0.0000,0.0000,0.0000,0.0000,0.034207,0.012417,0.002635,0.000391,0.002636,-0.003491,0.012217,0.089050,-0.065817,0.059808,-0.041888,-0.145377,-0.058629,0.003024,-0.003491,0.207601,0.038788,0.000000,0.000000,-0.020414,-0.002901,0.009234,-0.001745,0.002184,0.048162,-0.003998,0.003491,0.003313,0.082616
1771633712.874,1923,1,1,0.0000,0.9996,0.0000,0.0004,0.0000,0.0000,0.0000,0.096785,0.011226,0.006153,0.000414,0.006221,-0.003491,0.012217,0.036086,0.004171,0.044665,-0.040143,0.254402,-0.006704,0.026893,-0.003491,0.446991,0.336000,0.000000,0.000000,-0.018866,-0.004062,0.009287,0.000000,-0.002549,0.043355,-0.007541,0.003491,0.001181,0.077405
1771633712.971,1926,1,1,0.0000,0.9967,0.0000,0.0033,0.0000,0.0000,0.0000,0.051493,0.014362,0.005323,0.000189,0.004817,-0.006981,0.010472,-0.069527,-0.000716,0.023252,-0.040143,0.166241,-0.011247,0.041325,-0.005236,0.196379,0.180244,0.000000,0.000000,-0.017630,-0.001632,0.002653,0.000000,0.010785,0.063928,-0.002653,0.005236,0.006383,0.083357
1771633713.072,1929,1,1,0.0000,0.9991,0.0000,0.0008,0.0000,0.0000,0.0000,0.038920,0.020720,0.001160,0.001221,0.000964,-0.006981,0.012217,-0.191123,0.001154,-0.003291,-0.036652,0.126252,0.035662,0.066123,-0.005236,0.109896,0.115732,0.000000,0.000000,-0.021867,-0.001419,-0.000158,0.000000,0.003043,0.049991,0.000158,0.005236,0.076498,0.113719
1771633713.173,1932,1,1,0.0000,0.9999,0.0000,0.0001,0.0000,0.0000,0.0000,0.024686,0.015576,0.004311,0.001444,0.004134,-0.003491,0.010472,-0.029387,0.003852,0.012897,-0.036652,0.058785,0.015671,0.046444,-0.003491,0.057749,0.090363,0.000000,0.000000,-0.029059,-0.002565,0.002825,0.000000,-0.006018,0.039428,-0.002825,0.005236,0.035675,0.103742
1771633713.274,1935,1,1,0.0000,0.9999,0.0000,0.0001,0.0000,0.0000,0.0000,0.035943,0.011680,0.001440,0.000544,0.000825,-0.003491,0.010472,0.010702,-0.001373,0.034805,-0.036652,0.086808,0.095384,0.022791,-0.003491,0.060458,0.109900,0.000000,0.000000,-0.023611,-0.002748,0.002360,0.000000,-0.003119,0.031093,-0.000615,0.005236,0.018615,0.082861
1771633713.376,1938,1,1,0.0000,0.9995,0.0000,0.0005,0.0000,0.0000,0.0000,0.027393,0.009801,0.004935,0.001465,0.003563,-0.003491,0.008727,0.018492,-0.038734,0.017320,-0.036652,0.056813,0.067117,0.040276,-0.003491,0.044479,0.075499,0.000000,0.000000,-0.020986,-0.002330,0.004258,0.000000,-0.021777,0.019071,-0.004258,0.005236,0.007683,0.081368
1771633713.476,1941,1,1,0.0001,0.9985,0.0000,0.0013,0.0000,0.0000,0.0001,0.026761,0.009080,0.002776,0.001254,0.003260,-0.006981,0.006981,0.063727,-0.035254,0.019573,-0.033161,0.029428,0.061545,0.036277,-0.003491,0.032812,0.070783,0.000000,0.000000,-0.019570,-0.001759,0.003496,0.000000,-0.005234,0.020313,-0.001750,0.003491,0.000939,0.080720
1771633713.577,1944,1,1,0.0001,0.9972,0.0000,0.0025,0.0000,0.0000,0.0002,0.025404,0.008313,0.003628,0.001648,0.003051,-0.006981,0.006981,0.065539,-0.040656,0.011922,-0.033161,0.028132,0.048203,0.042184,-0.001745,0.032999,0.068889,0.000000,0.000000,-0.012584,-0.001002,0.006378,0.000000,-0.011273,0.007843,-0.004633,0.005236,0.002584,0.077719
1771633713.678,1947,1,1,0.0003,0.9952,0.0000,0.0039,0.0000,0.0000,0.0005,0.020551,0.008718,0.000376,0.001306,0.000926,-0.003491,0.008727,0.063316,-0.075865,0.007925,-0.029671,0.023019,0.027790,0.042689,-0.003491,0.022333,0.050808,0.000000,0.000000,-0.004770,-0.003677,0.024049,0.000000,-0.036841,-0.033508,-0.020559,0.005236,0.001197,0.074130
1771633713.779,1950,1,1,0.0006,0.9875,0.0001,0.0102,0.0000,0.0000,0.0017,0.015156,0.006066,0.000557,0.001611,0.002325,-0.001745,0.006981,0.062921,-0.056484,-0.009256,-0.026180,0.007632,0.018555,0.056380,-0.003491,-0.019604,0.029402,0.000000,0.000000,-0.002738,-0.001212,0.007397,0.000000,-0.010402,-0.012378,-0.003907,0.005236,-0.001792,0.060156
1771633713.880,1953,1,1,0.0007,0.9787,0.0001,0.0177,0.0000,0.0000,0.0029,0.023013,0.000888,0.000983,0.001196,0.000940,-0.001745,0.006981,0.159538,-0.048367,-0.000450,-0.024435,0.012812,0.026708,0.047573,-0.003491,-0.020233,0.022549,0.000000,0.000000,0.005309,-0.001054,0.001856,0.000000,-0.003489,-0.004220,-0.000110,0.003491,-0.085959,-0.006094
1771633713.983,1956,1,1,0.0006,0.8782,0.0001,0.1172,0.0000,0.0000,0.0040,0.069520,0.000606,0.003404,0.001334,0.002013,0.000000,0.003491,0.273981,0.229819,0.047548,-0.022689,0.196231,0.020975,-0.005660,-0.001745,0.034262,0.027930,0.000000,0.000000,-0.007674,0.000668,-0.001368,0.000000,-0.001638,-0.001358,0.001368,0.005236,-0.059532,-0.007428
1771633714.080,1959,3,1,0.0002,0.4950,0.0000,0.5045,0.0001,0.0000,0.0002,0.160138,0.000986,0.001859,0.000640,0.001683,0.000000,0.010472,0.215449,0.414629,0.182295,-0.020944,0.181108,0.011981,-0.143897,0.010472,0.469564,0.425689,0.000000,0.000000,-0.006433,0.001737,-0.004857,0.000000,-0.001413,-0.001268,0.004857,0.005236,-0.072130,-0.033462
1771633714.181,1962,1,1,0.0000,0.9253,0.0000,0.0746,0.0000,0.0000,0.0000,0.202585,0.001283,0.003996,0.000912,0.003282,0.005236,0.033161,-0.201546,0.742661,0.118406,-0.022689,0.354501,0.229052,-0.116661,0.017453,0.535860,0.394688,0.000000,0.000000,-0.011501,0.003864,0.006301,0.000000,-0.011667,-0.013738,-0.006301,0.005236,-0.056189,-0.037781
1771633714.281,1965,1,1,0.0002,0.8594,0.0001,0.1401,0.0001,0.0000,0.0001,0.136956,0.001011,0.001588,0.000674,0.001672,0.005236,0.057596,-0.037773,0.515175,0.093082,-0.040143,0.380310,0.243791,-0.103554,0.017453,0.250966,0.079867,0.000000,0.000000,-0.008456,0.004213,0.004428,0.000000,-0.005221,-0.015479,-0.004428,0.003491,-0.044760,-0.039625
1771633714.382,1968,1,1,0.0003,0.5511,0.0001,0.4478,0.0003,0.0000,0.0003,0.115934,0.000818,0.002519,0.000312,0.002206,0.003491,0.057596,0.051757,0.385151,0.078873,-0.047124,0.372344,0.218143,-0.089345,0.017453,0.185778,0.020623,0.000000,0.000000,-0.012034,0.004577,0.001697,0.000000,-0.000608,-0.008351,0.000049,0.003491,-0.036171,-0.044177
1771633714.484,1971,1,1,0.0002,0.5750,0.0002,0.4242,0.0003,0.0000,0.0002,0.213080,0.001294,0.002561,0.000126,0.001955,0.003491,0.059341,-0.010641,0.454316,0.008448,-0.045379,0.803514,0.529359,-0.018920,0.015708,0.456642,0.226138,0.000000,0.000000,-0.019058,0.005791,-0.001352,0.000000,0.001401,-0.003842,0.003098,0.005236,-0.032869,-0.047622
1771633714.583,1974,1,1,0.0004,0.6850,0.0001,0.3141,0.0003,0.0000,0.0002,0.170260,0.001050,0.001753,0.000242,0.002069,0.005236,0.057596,0.036070,0.346326,0.037952,-0.045379,0.613969,0.341378,-0.053660,0.020944,0.360188,0.223460,0.000000,0.000000,-0.019402,0.005080,-0.002286,0.000000,-0.004048,-0.005707,0.002286,0.005236,-0.044073,-0.057523
1771633714.684,1977,1,1,0.0011,0.6988,0.0002,0.2990,0.0006,0.0001,0.0003,0.130595,0.000879,0.001170,0.000176,0.001431,0.005236,0.057596,0.215949,0.198621,0.037774,-0.047124,0.552940,0.295688,-0.041264,0.036652,0.072763,0.093919,0.000000,0.000000,-0.030467,0.006436,0.000617,0.000000,-0.001957,-0.002222,-0.000617,0.003491,-0.063772,-0.075990
1771633714.784,1980,1,1,0.0014,0.6435,0.0002,0.3538,0.0005,0.0002,0.0004,0.118362,0.000639,0.000770,0.000111,0.000559,0.005236,0.055851,0.261400,0.163967,0.038874,-0.047124,0.537181,0.274401,-0.028402,0.036652,0.046784,-0.012594,0.000000,0.000000,-0.031834,0.003423,-0.000759,0.000000,-0.002821,-0.002354,0.000759,0.003491,-0.045804,-0.063242
1771633714.885,1983,1,1,0.0012,0.5890,0.0001,0.4086,0.0003,0.0001,0.0006,0.113652,0.001020,0.000697,0.000370,0.000349,0.006981,0.052360,0.325605,0.143753,0.033862,-0.048869,0.529347,0.226152,-0.009427,0.036652,0.009110,-0.061150,0.000000,0.000000,-0.030993,0.004010,-0.002997,0.000000,-0.003565,-0.003494,0.002997,0.005236,-0.038813,-0.059755
1771633714.986,1986,1,1,0.0016,0.6050,0.0001,0.3923,0.0003,0.0001,0.0007,0.099623,0.000813,0.000330,0.000217,0.000947,0.006981,0.045379,0.404319,0.064809,0.029949,-0.048869,0.443779,0.160392,0.003212,0.036652,-0.000490,-0.049325,0.000000,0.000000,-0.031558,0.003256,-0.001268,0.000000,-0.009093,-0.008704,0.003013,0.003491,-0.045060,-0.064334
1771633715.085,1989,1,1,0.0021,0.5947,0.0000,0.4021,0.0002,0.0000,0.0008,0.095991,0.000699,0.000342,0.000719,0.001570,0.006981,0.033161,0.376190,0.082456,0.029533,-0.050615,0.432815,0.152214,0.001883,0.036652,-0.023491,-0.058348,0.000000,0.000000,-0.033458,0.002531,0.002369,0.000000,-0.001350,-0.003348,-0.004114,0.003491,-0.065737,-0.073130
1771633715.185,1992,1,1,0.0035,0.5869,0.0000,0.4081,0.0003,0.0000,0.0011,0.089900,0.000907,0.000571,0.000242,0.000292,0.005236,0.017453,0.358875,0.082809,0.030804,-0.052360,0.403172,0.141444,0.002357,0.036652,-0.011307,-0.042932,0.000000,0.000000,-0.034858,0.002309,-0.002894,0.000000,0.000440,-0.000312,0.002894,0.005236,-0.042593,-0.063180
1771633715.286,1995,1,1,0.0054,0.5816,0.0000,0.4112,0.0003,0.0000,0.0014,0.086747,0.000484,0.000497,0.000221,0.000396,0.005236,0.000000,0.281727,0.092067,0.017590,-0.055851,0.437424,0.158184,0.012081,0.036652,-0.000196,-0.038087,0.000000,0.000000,-0.035376,0.002254,-0.000066,0.000000,-0.001961,-0.001031,0.000066,0.003491,-0.049054,-0.066307
1771633715.386,1998,1,1,0.0060,0.5366,0.0000,0.4553,0.0003,0.0000,0.0017,0.085021,0.001660,0.000954,0.000413,0.000692,0.005236,0.000000,0.251642,0.087571,-0.010621,-0.055851,0.428935,0.161785,0.029819,0.036652,0.018616,-0.018451,0.000000,0.000000,-0.037299,0.003488,-0.003612,0.000000,0.003062,0.004524,0.003612,0.005236,-0.023694,-0.058666
1771633715.486,2001,3,1,0.0070,0.4823,0.0000,0.5082,0.0003,0.0000,0.0022,0.085379,0.001180,0.001080,0.000386,0.000433,0.005236,0.000000,0.224979,0.087584,-0.017516,-0.055851,0.429819,0.165991,0.045441,0.036652,0.026859,0.001985,0.000000,0.000000,-0.037279,0.002631,0.001196,0.000000,0.001309,0.003786,-0.001196,0.005236,-0.028315,-0.059134
1771633715.586,2004,0,0,0.9649,0.0171,0.0000,0.0166,0.0001,0.0000,0.0012,0.090148,0.002185,0.001029,0.000245,0.000988,0.005236,0.000000,0.206614,0.095289,-0.010083,-0.055851,0.475077,0.198123,0.038008,0.036652,0.026238,0.000543,0.000000,0.000000,-0.041245,0.002901,0.006194,0.000000,0.003677,0.008213,-0.004449,0.005236,-0.017783,-0.042058
1771633715.686,2007,0,0,0.9666,0.0166,0.0000,0.0157,0.0001,0.0000,0.0010,0.093907,0.001925,0.000567,0.000415,0.000170,0.003491,0.000000,0.211973,0.097099,0.012989,-0.059341,0.466831,0.213715,0.007955,0.036652,0.036766,0.039416,0.000000,0.000000,-0.042168,0.002468,0.004236,0.000000,0.003537,0.009370,-0.004236,0.003491,-0.012969,-0.035265
1771633715.787,2010,0,0,0.9659,0.0170,0.0000,0.0160,0.0001,0.0000,0.0010,0.095952,0.001779,0.000876,0.000334,0.000576,0.003491,0.000000,0.221954,0.071788,-0.023472,-0.059341,0.465544,0.214220,0.042670,0.036652,0.047656,0.047455,0.000000,0.000000,-0.044981,0.002009,0.005197,0.000000,-0.001001,0.008904,-0.005197,0.005236,-0.000938,-0.013901
1771633715.887,2013,0,0,0.9575,0.0205,0.0000,0.0207,0.0001,0.0000,0.0012,0.096669,0.002331,0.001110,0.000275,0.000585,0.003491,0.000000,0.324360,0.014159,0.005042,-0.059341,0.451071,0.204375,0.024629,0.036652,0.047166,0.049089,0.000000,0.000000,-0.045449,0.001734,0.007119,0.000000,0.000650,0.013231,-0.003628,0.005236,-0.001573,-0.017553
1771633715.987,2016,0,0,0.9570,0.0208,0.0000,0.0208,0.0001,0.0000,0.0012,0.095050,0.003207,0.000902,0.000294,0.000769,0.003491,-0.001745,0.304843,0.048830,0.007727,-0.059341,0.443099,0.179711,0.018453,0.036652,0.045417,0.052379,0.000000,0.000000,-0.044425,0.001202,-0.004177,0.000000,0.004889,0.019667,0.004177,0.003491,0.005063,-0.013334
1771633716.087,2019,0,0,0.9707,0.0144,0.0000,0.0138,0.0001,0.0000,0.0010,0.077159,0.002613,0.000390,0.000337,0.000988,0.003491,-0.001745,0.303710,0.055169,0.020111,-0.059341,0.326007,0.077705,0.002578,0.036652,0.044655,0.055829,0.000000,0.000000,-0.042809,0.001543,-0.000808,0.000000,0.005360,0.018408,0.002553,0.003491,-0.004321,-0.020491
1771633716.188,2022,0,0,0.9935,0.0037,0.0000,0.0022,0.0000,0.0000,0.0005,0.051370,0.002806,0.000358,0.000293,0.000663,0.001745,0.006981,0.307913,0.057331,0.006569,-0.057596,0.103052,-0.077792,0.014374,0.036652,0.035279,0.046548,0.000000,0.000000,-0.041381,0.001935,-0.002832,0.000000,0.004590,0.019073,0.002832,0.005236,-0.002999,-0.020136
1771633716.290,2025,0,0,0.9956,0.0027,0.0000,0.0013,0.0000,0.0000,0.0004,0.077496,0.003100,0.000487,0.000195,0.000747,0.000000,0.010472,0.303399,0.056282,0.104773,-0.055851,0.168789,0.001647,-0.083829,0.036652,0.123950,0.123987,0.000000,0.000000,-0.041017,0.003703,-0.009731,0.000000,0.003076,0.017194,0.009731,0.003491,-0.007060,-0.024113
1771633716.388,2028,0,0,0.9829,0.0091,0.0000,0.0072,0.0000,0.0000,0.0007,0.086306,0.002157,0.000736,0.000091,0.001150,0.001745,0.010472,0.290784,0.059578,0.076519,-0.055851,0.172899,0.091079,-0.052084,0.038397,0.142247,0.151951,0.000000,0.000000,-0.039489,0.003238,-0.002522,0.000000,0.000041,0.014850,0.004267,0.003491,-0.007153,-0.028969
1771633716.488,2031,0,0,0.9937,0.0037,0.0000,0.0021,0.0000,0.0000,0.0005,0.064239,0.001930,0.000210,0.000188,0.000200,-0.001745,0.012217,0.290638,0.058889,0.063048,-0.054105,0.019803,-0.038849,-0.036868,0.038397,0.140915,0.146963,0.000000,0.000000,-0.041553,0.004176,-0.002636,0.000000,-0.000107,0.014598,0.000891,0.003491,-0.004048,-0.025273
1771633716.590,2034,0,0,0.9952,0.0029,0.0000,0.0015,0.0000,0.0000,0.0004,0.069142,0.001270,0.000263,0.000136,0.000331,-0.003491,0.019199,0.288847,0.059800,0.081512,-0.054105,0.032680,-0.005134,-0.050096,0.038397,0.150926,0.158349,0.000000,0.000000,-0.040720,0.001686,-0.000462,0.000000,-0.004401,0.008313,-0.001283,0.005236,-0.005525,-0.026357
1771633716.689,2037,0,0,0.9965,0.0022,0.0000,0.0010,0.0000,0.0000,0.0003,0.063106,0.001405,0.000475,0.000844,0.000200,-0.003491,0.024435,0.275682,0.061753,0.057378,-0.054105,-0.054611,-0.035934,-0.027707,0.038397,0.144516,0.155109,0.000000,0.000000,-0.038763,0.000868,0.001074,0.000000,-0.000403,0.009687,-0.002820,0.005236,-0.011402,-0.031899
1771633716.790,2040,0,0,0.9967,0.0021,0.0000,0.0010,0.0000,0.0000,0.0003,0.065539,0.002284,0.000093,0.000503,0.000387,-0.003491,0.033161,0.276736,0.063878,0.053217,-0.048869,-0.025290,-0.017763,-0.016565,0.036652,0.151040,0.171781,0.000000,0.000000,-0.041569,0.001719,0.001261,0.000000,0.005493,0.013695,-0.003007,0.005236,-0.008339,-0.031291
1771633716.893,2043,0,0,0.9967,0.0021,0.0000,0.0009,0.0000,0.0000,0.0003,0.063948,0.000873,0.000135,0.000271,0.000698,-0.001745,0.040143,0.275607,0.064691,0.051072,-0.045379,-0.006217,-0.005987,-0.007439,0.036652,0.147943,0.151267,0.000000,0.000000,-0.044109,0.001032,-0.000148,0.000000,-0.007492,0.005802,0.000148,0.003491,-0.010813,-0.034572
1771633716.991,2046,0,0,0.9942,0.0033,0.0000,0.0020,0.0000,0.0000,0.0005,0.063850,0.001157,0.004319,0.000356,0.003923,-0.001745,0.041888,0.265161,0.065815,0.059982,-0.043633,-0.014660,-0.028204,-0.012858,0.036652,0.150289,0.146412,0.000000,0.000000,-0.043858,0.001964,-0.001881,-0.001745,-0.001818,0.006553,0.001881,0.003491,-0.016596,-0.042421
1771633717.093,2049,0,0,0.9886,0.0059,0.0000,0.0044,0.0000,0.0000,0.0010,0.079640,0.001521,0.001975,0.000285,0.001884,-0.001745,0.041888,0.219194,0.129568,0.056675,-0.043633,-0.069812,-0.028844,-0.006061,0.036652,0.234725,0.236981,0.000000,0.000000,-0.044865,0.001983,-0.003152,0.000000,-0.000211,0.007878,0.003152,0.005236,-0.010089,-0.037108
1771633717.191,2052,0,0,0.9935,0.0037,0.0000,0.0019,0.0000,0.0000,0.0008,0.043219,0.011561,0.000567,0.000775,0.000958,-0.001745,0.047124,0.181778,0.124061,0.053468,-0.040143,-0.200697,-0.094147,-0.001108,0.036652,-0.035149,0.075542,0.000000,0.000000,-0.033741,0.001183,-0.012768,0.000000,0.000684,0.007828,0.012768,0.003491,0.086955,0.025818
1771633717.291,2055,0,0,0.9955,0.0027,0.0000,0.0011,0.0000,0.0000,0.0007,0.052208,0.006506,0.001036,0.000459,0.001349,-0.001745,0.045379,0.198356,0.118612,0.052164,-0.040143,-0.085231,-0.045366,-0.001550,0.036652,0.088653,0.086683,0.000000,0.000000,-0.025906,0.000081,-0.003573,0.000000,-0.002876,0.005156,0.003573,0.003491,0.040233,0.025538
1771633717.395,2058,0,0,0.9976,0.0016,0.0000,0.0004,0.0000,0.0000,0.0003,0.034821,0.004013,0.001200,0.000326,0.000736,-0.001745,0.045379,0.198974,0.089728,0.020444,-0.038397,-0.207871,-0.093198,0.026680,0.036652,-0.150027,-0.053501,0.000000,0.000000,-0.027941,-0.000452,0.001863,-0.001745,0.001272,0.004644,-0.001863,0.005236,0.013574,0.021567
1771633717.492,2061,0,0,0.9979,0.0016,0.0000,0.0002,0.0000,0.0000,0.0002,0.027317,0.002023,0.000644,0.000626,0.000400,-0.001745,0.043633,0.131878,0.074817,-0.018132,-0.038397,-0.155406,-0.092226,0.061766,0.015708,-0.207246,-0.136689,0.000000,0.000000,-0.027302,0.000026,0.000734,0.000000,0.001184,0.004420,-0.002479,0.005236,-0.010529,0.012682
1771633717.592,2064,0,0,0.9973,0.0024,0.0000,0.0002,0.0000,0.0000,0.0001,0.020776,0.002108,0.000696,0.000592,0.000923,-0.001745,0.036652,0.100940,0.016771,-0.047824,-0.036652,-0.106936,-0.060840,0.091457,0.003491,-0.279277,-0.238448,0.000000,0.000000,-0.027260,0.000163,0.004126,0.000000,0.000869,0.003774,-0.004126,0.003491,-0.010590,0.012874
1771633717.695,2067,0,0,0.9972,0.0025,0.0000,0.0001,0.0000,0.0000,0.0001,0.016095,0.000821,0.000400,0.000371,0.000295,-0.001745,0.034907,0.056230,0.032178,-0.027933,-0.036652,-0.128957,-0.076608,0.069821,0.000000,-0.178378,-0.149789,0.000000,0.000000,-0.026974,0.000506,0.004423,0.000000,-0.002925,0.001429,-0.004423,0.003491,-0.060544,-0.005318
1771633717.796,2070,0,0,0.9973,0.0025,0.0000,0.0001,0.0000,0.0000,0.0001,0.012097,0.000745,0.001260,0.000172,0.001583,-0.001745,0.033161,0.032373,0.030762,0.010648,-0.036652,-0.099679,-0.056752,0.038222,0.000000,-0.047361,-0.060654,0.000000,0.000000,-0.027457,0.001532,0.003422,0.000000,-0.002167,0.000492,-0.003422,0.003491,-0.042859,-0.016925
1771633717.897,2073,0,0,0.9968,0.0030,0.0000,0.0001,0.0000,0.0000,0.0001,0.010879,0.002144,0.001562,0.000276,0.001526,-0.001745,0.031416,0.043131,-0.023324,0.043425,-0.036652,-0.070671,-0.042700,0.005445,0.000000,-0.009499,0.007132,0.000000,0.000000,-0.024070,0.001154,0.013973,0.000000,0.000759,0.006352,-0.013973,0.003491,-0.052175,-0.022398
1771633717.996,2076,0,0,0.9856,0.0131,0.0001,0.0008,0.0000,0.0000,0.0004,0.030965,0.004230,0.006104,0.000659,0.005182,-0.001745,0.031416,0.291297,-0.312365,0.000308,-0.036652,-0.072770,-0.057489,0.048561,0.000000,-0.020136,-0.059820,0.000000,0.000000,-0.022166,0.001055,-0.000053,0.000000,0.018231,0.026190,0.000053,0.005236,-0.023844,-0.019080
1771633718.094,2079,0,0,0.9259,0.0685,0.0004,0.0033,0.0001,0.0000,0.0018,0.043916,0.002746,0.002487,0.000549,0.002279,-0.001745,0.029671,0.401786,-0.397372,-0.048417,-0.036652,-0.178372,-0.100333,0.095541,-0.001745,-0.381260,-0.281483,0.000000,0.000000,-0.009366,0.000228,0.000177,0.000000,0.005596,0.023466,-0.000177,0.003491,-0.011894,-0.015887
1771633718.194,2082,0,0,0.8769,0.1150,0.0005,0.0047,0.0001,0.0000,0.0027,0.027007,0.006906,0.002868,0.000355,0.002739,-0.001745,0.027925,0.210191,-0.283915,-0.038846,-0.033161,-0.366527,-0.147170,0.085970,0.000000,-0.555491,-0.368909,0.000000,0.000000,-0.008048,0.000132,-0.000557,0.000000,-0.002694,0.020288,0.000557,0.003491,0.049914,0.008496
1771633718.295,2085,0,0,0.8379,0.1569,0.0008,0.0020,0.0001,0.0000,0.0022,0.012958,0.006474,0.000705,0.000191,0.000498,-0.001745,0.026180,-0.101471,-0.237738,-0.082197,-0.029671,-0.274807,-0.097242,0.129321,0.000000,-0.296032,-0.189287,0.000000,0.000000,-0.001422,-0.001142,-0.004352,0.000000,-0.000857,0.021290,0.002607,0.003491,0.031870,0.018433
1771633718.395,2088,0,0,0.8329,0.1628,0.0007,0.0014,0.0001,0.0000,0.0022,0.016295,0.013560,0.000902,0.000706,0.000771,0.000000,0.000000,-0.470375,-0.200866,-0.148414,-0.026180,-0.214097,-0.069009,0.195538,0.000000,-0.239253,-0.161517,0.000000,0.000000,-0.003095,-0.003704,-0.002737,0.000000,0.009369,0.041135,0.004482,0.003491,0.043495,0.060743
1771633718.494,2091,0,0,0.5576,0.4345,0.0020,0.0018,0.0001,0.0001,0.0039,0.007608,0.010801,0.003152,0.001025,0.002546,-0.003491,0.006981,-0.811407,-0.138674,-0.040686,-0.024435,-0.118969,-0.055728,0.084319,0.000000,-0.198455,-0.146186,0.000000,0.000000,0.001051,-0.004833,-0.002819,0.000000,-0.000260,0.037637,-0.000672,0.005236,0.024306,0.061379
1771633718.595,2094,1,1,0.0371,0.9560,0.0014,0.0021,0.0001,0.0001,0.0032,0.066678,0.008429,0.003550,0.000872,0.002731,-0.006981,0.008727,-0.677284,-0.097912,-0.084941,-0.022689,0.334617,0.139546,0.126829,-0.001745,0.156657,0.033766,0.000000,0.000000,0.000075,-0.001826,-0.000791,0.000000,-0.007325,0.031444,-0.000954,0.005236,0.005321,0.059071
1771633718.695,2097,1,1,0.0015,0.9957,0.0006,0.0009,0.0000,0.0000,0.0013,0.015168,0.007551,0.003483,0.001284,0.001946,-0.006981,0.006981,-0.529454,-0.071075,-0.018434,-0.019199,0.072897,0.034149,0.065558,-0.001745,-0.002449,0.002435,0.000000,0.000000,0.004332,-0.002264,0.004242,0.000000,-0.009455,0.028040,-0.000751,0.003491,-0.033272,0.050506
1771633718.795,2100,1,1,0.0001,0.9988,0.0001,0.0006,0.0000,0.0000,0.0003,0.039302,0.004740,0.001940,0.001509,0.002890,-0.003491,0.003491,-0.412521,-0.018751,-0.024251,-0.012217,0.119054,0.079688,0.073120,0.000000,0.128634,0.067639,0.000000,0.000000,0.007265,-0.003339,0.009377,0.000000,-0.038446,0.003575,-0.009377,0.003491,-0.051565,0.033176
1771633718.895,2103,1,1,0.0001,0.9987,0.0000,0.0010,0.0000,0.0000,0.0002,0.016982,0.004688,0.004036,0.002011,0.005162,-0.003491,0.003491,-0.228932,-0.000333,0.023559,-0.012217,0.054867,0.034470,0.028801,0.000000,0.036932,0.021662,0.000000,0.000000,0.009019,-0.003218,0.026432,0.000000,-0.053558,-0.036010,-0.022941,0.003491,-0.054941,0.017311
1771633718.996,2106,1,1,0.0003,0.9978,0.0000,0.0015,0.0000,0.0000,0.0003,0.023926,0.001782,0.001138,0.001008,0.001811,-0.006981,0.003491,0.065252,0.099077,0.042878,-0.012217,0.044240,0.012803,0.007737,0.000000,0.011629,-0.001206,0.000000,0.000000,0.001681,-0.000973,0.016212,0.000000,-0.112973,-0.086683,-0.014466,0.003491,-0.135795,-0.058927
1771633719.097,2109,1,1,0.0010,0.9876,0.0000,0.0106,0.0000,0.0000,0.0007,0.051509,0.000637,0.001257,0.000334,0.001514,-0.006981,0.003491,0.233060,0.140496,0.058531,-0.012217,0.124538,0.024864,-0.004426,-0.001745,0.029127,0.004004,0.000000,0.000000,-0.004887,-0.000495,0.002404,0.000000,-0.027200,-0.022590,-0.002404,0.005236,-0.066894,-0.044728
1771633719.199,2112,1,1,0.0018,0.8941,0.0000,0.1035,0.0000,0.0000,0.0005,0.097387,0.003336,0.001184,0.000211,0.001346,-0.003491,0.003491,0.459686,0.151067,0.063197,-0.010472,0.237344,0.076809,-0.010837,0.000000,0.127447,0.049607,0.000000,0.000000,-0.013488,-0.000347,-0.000998,0.000000,0.010805,0.021252,0.002743,0.005236,-0.052320,-0.043625
1771633719.297,2115,1,1,0.0034,0.7755,0.0000,0.2202,0.0001,0.0000,0.0007,0.074858,0.001027,0.000735,0.000367,0.000291,0.006981,-0.006981,0.319614,0.117379,0.056445,0.006981,0.161644,0.077489,-0.023284,0.000000,0.085700,0.066067,0.000000,0.000000,-0.010116,-0.000593,0.004993,0.000000,-0.011143,0.003840,-0.004993,0.003491,-0.045970,-0.042596
1771633719.398,2118,1,1,0.0035,0.6836,0.0001,0.3118,0.0002,0.0000,0.0008,0.081638,0.001098,0.000523,0.000265,0.000386,0.024435,-0.031416,0.352108,0.101024,0.075004,0.026180,0.158812,0.076656,-0.068023,0.000000,0.073368,0.092069,0.000000,0.000000,-0.010738,0.000271,0.002229,0.000000,-0.000115,0.005443,-0.000483,0.005236,-0.039941,-0.041636
1771633719.501,2121,1,1,0.0015,0.6658,0.0000,0.3321,0.0002,0.0000,0.0004,0.123645,0.000676,0.001222,0.000459,0.001022,0.029671,-0.050615,0.500839,0.116175,0.039579,0.036652,0.216820,0.130191,-0.051796,0.000000,0.209569,0.204244,0.000000,0.000000,-0.008256,-0.000128,0.000896,0.000000,-0.001159,0.001977,-0.000896,0.005236,-0.033047,-0.039369
1771633719.598,2124,1,1,0.0002,0.7283,0.0000,0.2713,0.0001,0.0000,0.0001,0.178817,0.002814,0.001212,0.000863,0.002138,0.034907,-0.066323,0.372205,0.416714,0.029543,0.047124,0.439749,0.221124,-0.057468,0.012217,0.307312,0.264913,0.000000,0.000000,-0.011935,-0.000394,-0.007794,0.000000,-0.001987,0.013134,0.007794,0.003491,0.004630,0.004723
1771633719.698,2127,1,1,0.0004,0.6250,0.0001,0.3740,0.0003,0.0000,0.0002,0.153041,0.007103,0.000831,0.000399,0.001512,0.036652,-0.071558,0.377786,0.358873,0.024548,0.047124,0.406033,0.228671,-0.061200,0.012217,0.193629,0.150964,0.000000,0.000000,-0.013801,-0.001432,0.021914,0.000000,0.003108,0.019213,-0.020169,0.005236,0.015517,0.020252
1771633719.799,2130,1,1,0.0010,0.6274,0.0002,0.3702,0.0006,0.0001,0.0005,0.144799,0.013289,0.001381,0.000292,0.001177,0.034907,-0.075049,0.335804,0.333053,0.035165,0.043633,0.382960,0.228431,-0.084034,0.012217,0.172946,0.158476,0.000000,0.000000,-0.015076,-0.000485,0.004853,0.000000,0.020358,0.050922,-0.003108,0.003491,0.030611,0.049228
1771633719.899,2133,1,1,0.0018,0.7176,0.0003,0.2790,0.0008,0.0001,0.0005,0.161108,0.008793,0.001094,0.000085,0.000354,0.036652,-0.083776,0.351888,0.320402,0.066111,0.027925,0.359059,0.228228,-0.095781,0.012217,0.299784,0.231028,0.000000,0.000000,-0.011726,-0.000990,0.005202,0.000000,0.002714,0.035052,-0.003456,0.003491,0.010055,0.049002
1771633719.999,2136,1,1,0.0029,0.7706,0.0003,0.2247,0.0009,0.0001,0.0004,0.162182,0.008237,0.000284,0.000665,0.000537,0.034907,-0.085521,0.430141,0.322866,0.049053,0.008727,0.433206,0.272940,-0.068252,0.012217,0.213895,0.168235,0.000000,0.000000,-0.010472,-0.000864,0.004879,0.000000,0.002383,0.033676,-0.003133,0.003491,0.003675,0.050739
1771633720.100,2139,1,1,0.0016,0.8060,0.0004,0.1909,0.0007,0.0001,0.0003,0.193770,0.008283,0.003394,0.000144,0.002900,0.033161,-0.083776,0.512577,0.294277,0.029682,-0.003491,0.602678,0.390673,-0.031427,0.001745,0.294654,0.165797,0.000000,0.000000,-0.009790,-0.001489,0.003467,0.000000,0.003891,0.035805,-0.001721,0.005236,0.000889,0.050105
1771633720.201,2142,1,1,0.0015,0.7771,0.0005,0.2198,0.0007,0.0002,0.0002,0.217118,0.007109,0.002592,0.000405,0.002098,0.013963,-0.080285,0.526025,0.405666,0.001268,-0.005236,0.833235,0.494310,0.014440,-0.001745,0.209885,0.106627,0.000000,0.000000,-0.008567,-0.000853,0.000507,0.000000,-0.000607,0.029166,-0.000507,0.005236,0.000327,0.050073
1771633720.300,2145,1,1,0.0036,0.7474,0.0003,0.2473,0.0011,0.0001,0.0002,0.188052,0.009018,0.000620,0.000915,0.001107,0.001745,-0.050615,0.415599,0.287573,-0.001736,-0.005236,0.884307,0.444386,0.013953,-0.001745,0.127861,0.081195,0.000000,0.000000,-0.000495,-0.002349,0.001685,0.000000,0.002340,0.032138,-0.001685,0.005236,0.007143,0.059672
1771633720.401,2148,1,1,0.0047,0.7914,0.0004,0.2019,0.0012,0.0001,0.0003,0.142332,0.010681,0.001255,0.001153,0.001289,0.006981,-0.029671,0.246706,0.209872,-0.004843,-0.005236,0.774472,0.317986,0.013570,-0.008727,0.077408,0.060989,0.000000,0.000000,-0.002676,-0.003073,-0.000197,0.000000,0.014303,0.050552,0.000197,0.005236,-0.000206,0.057889
1771633720.501,2151,1,1,0.0037,0.6782,0.0010,0.3144,0.0016,0.0004,0.0007,0.142712,0.017661,0.003536,0.000847,0.004842,0.012217,-0.036652,0.173584,0.263955,-0.008799,-0.008727,0.758930,0.345482,0.010544,-0.005236,0.065259,0.082574,0.000000,0.000000,-0.003863,-0.002823,-0.012467,0.000000,0.035207,0.082370,0.012467,0.003491,0.003494,0.074900
1771633720.602,2154,1,1,0.0023,0.6338,0.0008,0.3612,0.0012,0.0003,0.0004,0.180401,0.011626,0.002449,0.000601,0.001440,0.012217,-0.040143,0.148851,0.300691,-0.032638,-0.008727,0.896208,0.408768,0.032638,-0.005236,0.194020,0.171424,0.000000,0.000000,-0.003107,-0.002183,0.000472,0.000000,0.008792,0.053182,-0.000472,0.003491,0.001265,0.072306
1771633720.702,2157,1,1,0.0048,0.7548,0.0004,0.2376,0.0014,0.0005,0.0004,0.163173,0.010743,0.003971,0.000902,0.004193,0.012217,-0.040143,0.120589,0.312651,-0.024256,-0.008727,0.871494,0.365307,0.020765,-0.001745,0.128166,0.126885,0.000000,0.000000,-0.002220,-0.001116,0.001667,0.000000,-0.005447,0.044778,-0.003413,0.003491,0.004305,0.074679
1771633720.802,2160,1,1,0.0298,0.8300,0.0002,0.1366,0.0016,0.0012,0.0006,0.153688,0.009497,0.002483,0.000606,0.002010,0.012217,-0.040143,0.118387,0.289033,0.010040,-0.010472,0.867535,0.325549,-0.013531,0.000000,0.102905,0.118588,0.000000,0.000000,0.000655,-0.000726,0.003199,0.000000,-0.018502,0.030919,-0.004944,0.003491,0.002226,0.073476
1771633720.902,2163,1,1,0.2634,0.5202,0.0004,0.2056,0.0028,0.0047,0.0029,0.145114,0.008782,0.003344,0.000564,0.003048,0.012217,-0.040143,0.098738,0.313615,0.016235,-0.010472,0.835090,0.299896,-0.017980,0.000000,0.055387,0.110195,0.000000,0.000000,0.006251,0.000005,0.003301,0.000000,-0.007116,0.024280,-0.001556,0.003491,0.000239,0.067818
1771633721.003,2166,0,1,0.4484,0.2843,0.0004,0.2483,0.0030,0.0106,0.0050,0.145349,0.006078,0.001378,0.000635,0.001640,0.012217,-0.040143,0.103177,0.282878,-0.000000,-0.012217,0.796145,0.279803,-0.001745,0.001745,0.108253,0.159964,0.000000,0.000000,0.004753,-0.000391,0.001448,0.000000,-0.023980,-0.005520,-0.001448,0.003491,-0.000703,0.063242
1771633721.105,2169,0,0,0.5723,0.1716,0.0003,0.2346,0.0030,0.0131,0.0050,0.157278,0.006486,0.003454,0.000959,0.001683,0.012217,-0.040143,0.131827,0.275159,-0.000531,-0.012217,0.886525,0.368090,-0.001214,0.001745,0.091651,0.120123,0.000000,0.000000,0.001779,-0.001983,-0.011114,0.000000,-0.016060,-0.011393,0.011114,0.003491,0.000525,0.060927
1771633721.206,2172,0,0,0.8332,0.0479,0.0002,0.0979,0.0020,0.0159,0.0029,0.150880,0.005815,0.001761,0.000635,0.001319,0.012217,-0.041888,0.133260,0.277503,-0.006101,-0.012217,0.866925,0.328752,0.004356,0.003491,0.080148,0.103910,0.000000,0.000000,-0.001303,-0.003221,-0.002319,0.000000,-0.009168,-0.007544,0.002319,0.005236,0.004662,0.057567
1771633721.305,2175,0,0,0.7546,0.1352,0.0002,0.1030,0.0016,0.0030,0.0024,0.161355,0.002443,0.001250,0.000939,0.000410,0.012217,-0.043633,0.110780,0.273986,-0.001829,-0.012217,0.896335,0.365182,-0.001662,0.003491,0.136562,0.137708,0.000000,0.000000,-0.002669,-0.001450,0.003670,0.000000,-0.008713,-0.015553,-0.003670,0.005236,-0.033261,0.020411
1771633721.407,2178,0,0,0.8262,0.0948,0.0001,0.0731,0.0012,0.0026,0.0019,0.149752,0.002879,0.000571,0.001266,0.001683,0.012217,-0.043633,0.140807,0.198661,0.001395,-0.012217,0.892149,0.323721,-0.003141,0.003491,0.101979,0.122606,0.000000,0.000000,-0.004232,-0.006304,0.009860,0.000000,-0.009082,-0.007241,-0.008114,0.003491,-0.023623,0.021200
1771633721.507,2181,0,0,0.8445,0.0775,0.0001,0.0710,0.0012,0.0035,0.0020,0.150385,0.002784,0.003006,0.000749,0.001842,0.012217,-0.043633,0.097144,0.176591,-0.054383,-0.012217,0.899113,0.353890,0.050893,0.005236,0.098545,0.110997,0.000000,0.000000,-0.000521,-0.008760,0.007426,0.000000,-0.004013,-0.001578,-0.005680,0.003491,-0.021088,0.022497
1771633721.607,2184,0,0,0.8081,0.0927,0.0001,0.0891,0.0013,0.0052,0.0033,0.134992,0.002646,0.003422,0.000974,0.001667,0.012217,-0.043633,0.148558,0.142522,-0.013498,-0.012217,0.877165,0.300293,0.008262,0.003491,0.033949,0.093442,0.000000,0.000000,-0.000984,-0.003651,0.005385,-0.001745,-0.005238,-0.002940,-0.001894,0.003491,-0.017583,0.022873
1771633721.707,2187,0,0,0.7828,0.1021,0.0002,0.1042,0.0013,0.0052,0.0042,0.127704,0.005657,0.003685,0.000921,0.003385,0.012217,-0.041888,0.210981,0.105658,-0.016161,-0.012217,0.875376,0.281382,0.007434,0.001745,0.009372,0.028286,0.000000,0.000000,-0.004086,-0.005517,0.002340,0.000000,-0.005134,-0.002578,-0.000594,0.003491,0.016752,0.045303
1771633721.808,2190,0,0,0.6552,0.1674,0.0002,0.1652,0.0014,0.0036,0.0070,0.118614,0.008325,0.002355,0.001662,0.002893,0.012217,-0.043633,0.221733,0.090294,-0.013836,-0.012217,0.866314,0.224204,0.005109,0.003491,-0.017764,-0.001543,0.000000,0.000000,-0.004160,-0.002424,0.002590,0.000000,-0.001892,-0.001039,-0.002590,0.003491,0.028073,0.065748
1771633721.908,2193,3,3,0.0770,0.2770,0.0003,0.6315,0.0015,0.0025,0.0102,0.119267,0.015938,0.006672,0.001139,0.006864,0.012217,-0.043633,0.228734,0.096485,-0.005753,-0.012217,0.856069,0.232566,-0.002974,0.000000,0.000885,0.004251,0.000000,0.000000,-0.001512,-0.003023,0.002789,0.000000,0.006600,0.030094,-0.002789,0.003491,0.037932,0.110356
1771633722.008,2196,3,3,0.0081,0.1274,0.0002,0.8568,0.0008,0.0014,0.0053,0.117208,0.012439,0.003785,0.001842,0.002202,0.012217,-0.045379,0.201617,0.098489,-0.001426,-0.012217,0.857764,0.233119,-0.007300,0.000000,0.003292,-0.008364,0.000000,0.000000,-0.004888,-0.002283,-0.002627,0.000000,0.008554,0.043540,0.004373,0.003491,0.009879,0.079434
1771633722.109,2199,3,3,0.0004,0.0818,0.0001,0.9142,0.0003,0.0013,0.0018,0.121395,0.013839,0.007854,0.001403,0.006299,0.012217,-0.045379,0.195734,0.109127,-0.011284,-0.012217,0.864082,0.261395,0.002557,0.000000,0.011623,-0.008178,0.000000,0.000000,0.000284,-0.005724,-0.011189,0.000000,0.017255,0.053243,0.011189,0.003491,0.005901,0.074699
1771633722.211,2202,3,3,0.0000,0.0478,0.0002,0.9496,0.0001,0.0018,0.0005,0.118674,0.024074,0.006758,0.001405,0.005687,0.012217,-0.045379,0.179369,0.108758,-0.018188,-0.012217,0.852898,0.247991,0.009461,-0.001745,0.013390,-0.025587,0.000000,0.000000,0.011515,-0.005476,0.004212,-0.001745,0.024600,0.056086,-0.002467,0.003491,0.092799,0.096189
1771633722.313,2205,3,3,0.0000,0.0228,0.0002,0.9752,0.0000,0.0016,0.0002,0.117611,0.025743,0.005729,0.001809,0.005789,0.012217,-0.045379,0.169946,0.113771,-0.015392,-0.012217,0.855288,0.251700,0.008411,-0.001745,-0.019561,-0.090068,0.000000,0.000000,-0.006070,-0.000717,-0.004180,-0.001745,0.025862,0.073583,0.005925,0.003491,0.077138,0.122919
1771633722.411,2208,3,3,0.0000,0.0094,0.0001,0.9895,0.0000,0.0007,0.0002,0.120142,0.029821,0.003498,0.004223,0.002474,0.012217,-0.045379,0.147604,0.171510,-0.017124,-0.012217,0.850513,0.251461,0.008397,0.000000,-0.077514,-0.109553,0.000000,0.000000,-0.030476,0.000276,0.030199,0.000000,0.087657,0.155400,-0.026708,0.003491,-0.073785,0.080834
1771633722.511,2211,3,3,0.0000,0.0041,0.0001,0.9948,0.0001,0.0008,0.0001,0.128485,0.011102,0.001489,0.002127,0.001344,0.012217,-0.048869,0.090380,0.177731,-0.030709,-0.012217,0.904652,0.336602,0.020237,0.000000,-0.077572,-0.104897,0.000000,0.000000,-0.039006,0.008563,0.002523,0.000000,0.035957,0.082687,-0.000778,0.003491,-0.149562,-0.016728
1771633722.611,2214,3,3,0.0001,0.0033,0.0001,0.9940,0.0001,0.0022,0.0002,0.126957,0.003305,0.001775,0.001607,0.003212,0.012217,-0.052360,0.077090,0.188620,-0.036558,-0.012217,0.888957,0.327019,0.029577,0.000000,-0.110623,-0.110181,0.000000,0.000000,-0.031088,0.005294,0.030881,0.000000,-0.077840,-0.055080,-0.029135,0.003491,-0.157486,-0.075178
1771633722.711,2217,3,3,0.0000,0.0042,0.0001,0.9911,0.0001,0.0044,0.0001,0.125702,0.001372,0.007746,0.000428,0.006992,0.012217,-0.055851,0.085741,0.184732,-0.042359,-0.012217,0.875673,0.312936,0.037123,0.000000,-0.101681,-0.116460,-0.001745,0.000000,-0.021181,0.003084,0.009890,0.000000,-0.033765,-0.026447,-0.004654,0.003491,-0.083821,-0.062826
1771633722.814,2220,3,3,0.0000,0.0033,0.0001,0.9928,0.0000,0.0037,0.0001,0.114161,0.000790,0.006766,0.001280,0.003627,0.012217,-0.061087,0.114154,0.179610,-0.027812,-0.012217,0.789847,0.253269,0.020831,-0.001745,-0.126154,-0.137921,-0.001745,0.000000,-0.009199,0.004012,0.003727,0.000000,-0.015184,-0.013291,-0.001982,0.001745,-0.061712,-0.057507
1771633722.911,2223,3,3,0.0000,0.0042,0.0001,0.9934,0.0000,0.0022,0.0001,0.104239,0.003293,0.005498,0.002396,0.005161,0.012217,-0.064577,0.178542,0.126566,-0.009313,-0.012217,0.736554,0.194662,0.002332,0.000000,-0.086457,-0.119580,0.000000,0.000000,-0.014262,0.005625,-0.001472,0.000000,0.014416,0.014517,0.003217,0.001745,-0.049477,-0.055015
1771633723.011,2226,3,3,0.0001,0.0117,0.0001,0.9851,0.0001,0.0027,0.0003,0.094779,0.009081,0.001444,0.000817,0.001062,0.012217,-0.068068,0.169794,0.138040,0.019523,-0.012217,0.664802,0.132978,-0.026504,-0.001745,-0.088962,-0.112990,0.000000,0.000000,-0.021683,0.003600,-0.005184,0.000000,0.015162,0.035096,0.003439,0.001745,0.049929,-0.012679
1771633723.112,2229,3,3,0.0002,0.0357,0.0001,0.9597,0.0001,0.0037,0.0006,0.094950,0.027217,0.001361,0.000390,0.001179,0.012217,-0.069813,0.171245,0.140313,0.020551,-0.012217,0.665768,0.129304,-0.027532,-0.001745,-0.057983,-0.102506,0.000000,0.000000,-0.025890,0.003272,-0.013730,0.000000,0.010812,0.040357,0.017220,0.001745,0.142548,0.110655
1771633723.215,2232,3,3,0.0003,0.0583,0.0001,0.9363,0.0002,0.0040,0.0009,0.092459,0.016207,0.001882,0.000606,0.001984,0.012217,-0.073304,0.160832,0.151328,0.017831,-0.012217,0.657601,0.109697,-0.024813,0.000000,-0.054516,-0.097310,0.000000,0.001745,-0.011350,0.003246,0.000325,0.000000,0.003384,0.035377,0.001420,0.001745,0.068077,0.079164
1771633723.312,2235,3,3,0.0004,0.0636,0.0001,0.9319,0.0002,0.0028,0.0011,0.095196,0.013999,0.000655,0.000231,0.000516,0.012217,-0.075049,0.116136,0.160336,0.016525,-0.012217,0.720100,0.117037,-0.023507,-0.003491,-0.053611,-0.098131,0.000000,0.000000,0.012924,0.002936,0.001512,0.000000,0.001967,0.027048,0.000233,0.003491,0.041852,0.076023
1771633723.412,2238,3,3,0.0001,0.0579,0.0001,0.9393,0.0001,0.0018,0.0007,0.095486,0.009124,0.005627,0.000254,0.005502,0.012217,-0.075049,0.137116,0.147568,0.025048,-0.012217,0.706101,0.117780,-0.030284,-0.003491,-0.058357,-0.095633,0.000000,0.000000,0.005957,-0.000439,0.007784,0.000000,-0.010355,-0.003220,-0.007784,0.001745,0.019361,0.074637
1771633723.516,2241,3,3,0.0000,0.0202,0.0000,0.9789,0.0000,0.0008,0.0001,0.103132,0.007094,0.006935,0.000676,0.007340,0.012217,-0.075049,0.154279,0.140446,0.029307,-0.012217,0.727054,0.174276,-0.036288,-0.001745,-0.054384,-0.084062,0.000000,0.000000,-0.015623,0.001513,0.008702,0.000000,-0.027166,-0.021395,-0.003466,0.001745,0.004212,0.068961
1771633723.617,2244,3,3,0.0000,0.0089,0.0000,0.9904,0.0000,0.0005,0.0001,0.105761,0.007606,0.003873,0.000618,0.003331,0.012217,-0.075049,0.193835,0.132456,0.023142,-0.012217,0.732158,0.175324,-0.030123,0.000000,-0.045451,-0.071800,0.000000,0.000000,-0.041211,0.006022,0.013126,0.000000,-0.008031,-0.008565,-0.007890,0.001745,0.001531,0.068843
1771633723.713,2247,3,3,0.0000,0.0030,0.0000,0.9966,0.0000,0.0003,0.0001,0.124572,0.010155,0.005077,0.001012,0.002827,0.012217,-0.076794,0.143825,0.224751,0.012956,-0.012217,0.770251,0.275145,-0.019937,0.000000,0.016748,0.038975,0.000000,0.000000,-0.040636,0.002429,0.016985,0.000000,0.027055,0.042844,-0.015240,0.003491,-0.100145,0.029058
1771633723.813,2250,3,3,0.0000,0.0032,0.0000,0.9966,0.0000,0.0002,0.0001,0.142226,0.005465,0.003306,0.000861,0.004084,0.012217,-0.080285,0.060819,0.272599,-0.055180,-0.012217,0.892028,0.331535,0.048199,0.000000,0.043628,0.045687,0.000000,0.000000,-0.046831,0.005592,0.005087,0.000000,0.012746,0.040416,-0.001596,0.001745,-0.105705,-0.033060
1771633723.914,2253,3,3,0.0000,0.0056,0.0000,0.9940,0.0000,0.0002,0.0001,0.128657,0.004751,0.000755,0.000295,0.000965,0.012217,-0.082030,0.193991,0.251731,-0.071048,-0.012217,0.786861,0.235015,0.064066,0.000000,-0.137044,-0.106824,0.000000,0.000000,-0.038968,0.005150,0.002001,-0.001745,0.004262,0.042364,0.001489,0.001745,-0.076208,-0.024102
1771633724.015,2256,3,3,0.0002,0.0235,0.0000,0.9744,0.0001,0.0014,0.0003,0.122953,0.005319,0.000852,0.000262,0.000910,0.012217,-0.083776,0.129310,0.249263,-0.025182,-0.013963,0.811243,0.255202,0.018201,-0.003491,-0.105138,-0.086152,0.000000,0.000000,-0.039720,0.009948,-0.004248,0.000000,0.002033,0.045848,0.004248,0.001745,-0.057779,-0.025986
1771633724.115,2259,3,3,0.0004,0.0592,0.0001,0.9370,0.0002,0.0025,0.0006,0.120573,0.004941,0.000920,0.000706,0.001118,0.012217,-0.083776,0.101489,0.246969,-0.031979,-0.013963,0.807377,0.255571,0.023252,-0.001745,-0.104226,-0.078844,0.000000,0.000000,-0.039529,0.007377,-0.001854,0.000000,0.001624,0.044950,0.003599,0.001745,-0.047451,-0.029080
1771633724.220,2262,3,3,0.0004,0.0449,0.0001,0.9518,0.0002,0.0021,0.0006,0.122616,0.003999,0.000603,0.000932,0.000803,0.012217,-0.083776,0.059067,0.247467,-0.054483,-0.015708,0.811458,0.293685,0.047502,-0.001745,-0.101136,-0.075014,0.000000,0.000000,-0.039503,0.004341,0.000337,0.000000,-0.001188,0.040162,0.001408,0.001745,-0.012765,-0.019492
1771633724.322,2265,3,3,0.0009,0.2927,0.0004,0.6974,0.0002,0.0058,0.0025,0.047783,0.005647,0.000701,0.000364,0.000585,0.012217,-0.083776,0.141281,0.122763,-0.121118,-0.015708,0.182994,-0.276102,0.114137,-0.003491,-0.100118,-0.073409,0.000000,0.000000,-0.043086,0.003109,-0.001308,0.000000,-0.000962,0.039954,0.003053,0.003491,0.018160,-0.010413
1771633724.423,2268,3,3,0.0011,0.4065,0.0007,0.5739,0.0002,0.0157,0.0019,0.070627,0.003909,0.001251,0.000520,0.001455,0.012217,-0.083776,0.177516,0.158041,-0.147151,-0.015708,0.359584,-0.132531,0.140170,-0.003491,-0.058058,-0.046324,0.000000,0.000000,-0.045102,0.004110,-0.001612,0.000000,-0.002325,0.022654,-0.000133,0.001745,0.018394,-0.009267
1771633724.520,2271,3,3,0.0007,0.1621,0.0002,0.8297,0.0001,0.0059,0.0013,0.074762,0.011661,0.000870,0.000222,0.000811,0.012217,-0.083776,0.201437,0.158984,-0.170599,-0.015708,0.362635,-0.126079,0.161873,-0.003491,-0.019808,-0.007268,0.000000,0.000000,-0.038663,0.000172,-0.000691,0.000000,-0.005703,0.023435,-0.002800,0.001745,0.063662,0.050912
1771633724.622,2274,3,3,0.0008,0.0940,0.0001,0.9001,0.0002,0.0026,0.0021,0.081174,0.013489,0.000844,0.000300,0.000783,0.012217,-0.083776,0.240300,0.143915,-0.160502,-0.017453,0.360461,-0.141354,0.153520,-0.003491,0.020282,0.043390,0.000000,0.000000,-0.021061,-0.005316,0.013379,0.000000,0.003950,0.023901,-0.015124,0.001745,0.043247,0.075640
1771633724.724,2277,3,3,0.0007,0.0677,0.0001,0.9276,0.0002,0.0011,0.0025,0.103354,0.011722,0.000307,0.001751,0.000615,0.012217,-0.083776,0.232006,0.143168,-0.030925,-0.015708,0.683720,0.053174,0.023943,-0.003491,0.041850,0.050173,0.000000,0.000000,-0.022735,-0.001500,0.002259,0.000000,0.008546,0.028966,-0.000513,0.001745,0.023650,0.075502
1771633724.822,2280,3,3,0.0007,0.0458,0.0001,0.9504,0.0003,0.0005,0.0022,0.100681,0.010835,0.000183,0.000647,0.000705,0.012217,-0.083776,0.145014,0.179337,-0.000536,-0.015708,0.712237,0.139039,-0.006446,-0.003491,-0.015962,0.020331,0.000000,0.000000,-0.018700,-0.003280,-0.000014,0.000000,0.008422,0.035027,0.000014,0.001745,0.009621,0.075198
1771633724.922,2283,3,3,0.0008,0.0460,0.0001,0.9503,0.0003,0.0004,0.0020,0.107792,0.011222,0.001437,0.000497,0.001186,0.012217,-0.083776,0.123110,0.217056,0.002917,-0.015708,0.745253,0.192954,-0.009898,-0.005236,-0.043898,-0.009895,0.000000,0.001745,-0.013209,-0.003940,-0.002073,0.000000,0.008152,0.042650,0.002073,0.001745,0.002129,0.076168
1771633725.024,2286,3,3,0.0017,0.1096,0.0003,0.8850,0.0006,0.0003,0.0025,0.112935,0.010334,0.004290,0.001421,0.003903,0.012217,-0.083776,0.030877,0.246368,-0.001025,-0.017453,0.796544,0.269214,-0.004211,-0.003491,-0.037626,-0.002883,-0.001745,0.000000,-0.024141,-0.001791,-0.002487,0.000000,0.000377,0.042417,0.002487,0.000000,0.004326,0.074401
1771633725.123,2289,3,3,0.0010,0.1006,0.0002,0.8960,0.0004,0.0002,0.0016,0.111069,0.005770,0.002603,0.000760,0.002002,0.012217,-0.083776,0.029358,0.241534,-0.016809,-0.015708,0.787611,0.252278,0.009828,-0.003491,-0.070636,-0.033170,0.000000,0.000000,-0.037771,0.001361,0.007543,0.000000,-0.049285,-0.001860,-0.007543,0.001745,-0.003624,0.058594
1771633725.225,2292,3,3,0.1617,0.2251,0.0003,0.6007,0.0014,0.0002,0.0107,0.110474,0.007684,0.001179,0.000582,0.001253,0.012217,-0.083776,0.028397,0.236662,-0.017736,-0.017453,0.787910,0.249746,0.010755,-0.003491,-0.033855,-0.018339,0.000000,0.000000,-0.037629,0.003871,0.002831,0.000000,-0.003207,0.023191,0.000660,0.001745,-0.000891,0.059915
1771633725.326,2295,3,3,0.0345,0.2643,0.0003,0.6926,0.0013,0.0002,0.0068,0.135001,0.012403,0.005274,0.001300,0.004660,0.012217,-0.082030,0.023385,0.233458,-0.008333,-0.015708,0.824428,0.255644,0.003097,-0.005236,0.133290,0.134497,0.000000,0.000000,-0.039427,0.005652,0.003330,0.000000,0.024910,0.063311,0.000161,0.001745,-0.071437,0.049722
1771633725.427,2298,3,3,0.0007,0.1864,0.0001,0.8107,0.0004,0.0001,0.0015,0.132548,0.011021,0.008251,0.002491,0.008261,0.012217,-0.083776,0.014128,0.242076,-0.029694,-0.017453,0.795630,0.255593,0.022713,-0.003491,0.127297,0.120926,0.000000,0.000000,-0.039676,0.006678,-0.003468,-0.001745,0.032492,0.084374,0.005213,0.003491,-0.110350,-0.022987
1771633725.527,2301,3,3,0.0001,0.0788,0.0001,0.9203,0.0002,0.0001,0.0004,0.143016,0.008076,0.003428,0.001970,0.003041,0.012217,-0.083776,0.022646,0.236093,-0.089687,-0.017453,0.818565,0.271947,0.082706,-0.005236,0.142064,0.129955,0.000000,0.000000,-0.038727,0.008853,-0.036189,0.000000,0.004724,0.043650,0.037935,0.001745,-0.109157,-0.079193
1771633725.626,2304,3,3,0.0000,0.0197,0.0001,0.9798,0.0001,0.0001,0.0001,0.142293,0.004365,0.002561,0.002266,0.002817,0.012217,-0.083776,0.026839,0.216628,-0.077093,-0.017453,0.832725,0.288741,0.070111,-0.005236,0.130634,0.129622,0.000000,0.000000,-0.034271,0.002834,0.047798,-0.001745,-0.173368,-0.176545,-0.047798,0.001745,-0.148253,-0.112119
1771633725.725,2307,3,3,0.0000,0.0092,0.0001,0.9902,0.0001,0.0002,0.0002,0.136130,0.003165,0.002028,0.000722,0.001998,0.012217,-0.085521,0.035127,0.219043,-0.076054,-0.019199,0.848457,0.301837,0.069073,-0.006981,0.066245,0.081566,0.000000,0.001745,-0.022123,0.001797,0.032689,0.000000,-0.141531,-0.143642,-0.030943,0.001745,-0.175372,-0.162699
1771633725.828,2310,3,3,0.0000,0.0086,0.0002,0.9902,0.0001,0.0007,0.0002,0.099006,0.006207,0.002137,0.000192,0.001478,0.012217,-0.085521,0.163639,0.220419,-0.066046,-0.020944,0.638373,0.094361,0.059065,-0.006981,-0.000051,-0.015078,0.000000,0.000000,0.028051,0.003318,0.041365,0.000000,-0.088251,-0.091586,-0.036129,0.001745,-0.114160,-0.101616
1771633725.927,2313,3,3,0.0000,0.0061,0.0001,0.9924,0.0000,0.0011,0.0002,0.121109,0.002749,0.004515,0.000714,0.003090,0.012217,-0.085521,0.131772,0.243173,-0.063095,-0.020944,0.770174,0.169013,0.056114,-0.006981,0.059908,0.010936,0.000000,0.000000,0.000052,0.003654,0.027542,0.000000,-0.084660,-0.072831,-0.013579,0.001745,-0.102479,-0.090595
1771633726.027,2316,3,3,0.0000,0.0084,0.0001,0.9883,0.0001,0.0029,0.0002,0.087165,0.002145,0.003250,0.001248,0.003170,0.012217,-0.085521,0.150452,0.241059,-0.064028,-0.020944,0.530382,-0.033941,0.057047,-0.006981,0.054818,-0.023263,0.000000,0.000000,-0.021032,0.003091,0.020909,0.000000,-0.057772,-0.045847,-0.003455,0.001745,-0.079718,-0.081048
1771633726.127,2319,3,3,0.0000,0.0113,0.0001,0.9853,0.0000,0.0030,0.0003,0.099320,0.001806,0.003448,0.001687,0.000813,0.012217,-0.085521,0.158564,0.244277,-0.064262,-0.022689,0.613500,0.047802,0.057280,-0.006981,0.058197,-0.008075,0.000000,0.000000,-0.037390,0.004214,0.009768,0.000000,-0.041266,-0.012370,0.004194,0.003491,-0.063599,-0.066795
1771633726.227,2322,3,3,0.0001,0.0262,0.0000,0.9711,0.0001,0.0022,0.0003,0.099068,0.000941,0.002891,0.001751,0.001940,0.012217,-0.085521,0.159757,0.246538,-0.056816,-0.022689,0.611092,0.046509,0.051580,-0.006981,0.058573,0.002553,0.000000,0.000000,-0.034730,0.002565,0.002273,-0.001745,-0.036381,-0.010452,0.004708,0.001745,-0.059671,-0.069015
1771633726.326,2325,3,3,0.0002,0.0992,0.0001,0.8976,0.0001,0.0022,0.0007,0.089888,0.000595,0.003500,0.001276,0.001772,0.012217,-0.085521,0.181083,0.247678,-0.036889,-0.022689,0.582020,0.018221,0.029908,-0.005236,0.007532,-0.045685,0.000000,0.000000,-0.031184,0.002827,0.002565,-0.001745,-0.033160,-0.002601,-0.000820,0.001745,-0.048512,-0.066496
1771633726.428,2328,3,3,0.0003,0.1736,0.0001,0.8227,0.0001,0.0021,0.0011,0.090381,0.008811,0.003340,0.001482,0.001580,0.012217,-0.085521,0.141308,0.251162,-0.037454,-0.022689,0.589287,0.027443,0.030472,-0.006981,0.032677,-0.026097,0.000000,0.000000,-0.032046,0.003962,-0.010452,-0.001745,0.018096,0.066242,0.015688,0.001745,-0.007794,-0.000327
1771633726.528,2331,3,3,0.0002,0.0768,0.0000,0.9219,0.0001,0.0005,0.0005,0.121001,0.006026,0.000933,0.000556,0.001220,0.012217,-0.087266,0.118627,0.293357,-0.099641,-0.022689,0.727563,0.126372,0.092659,-0.006981,0.081215,-0.004444,0.000000,0.000000,-0.028328,0.003006,-0.005259,-0.001745,0.016544,0.040527,0.010495,0.001745,-0.014765,-0.012269
1771633726.629,2334,3,3,0.0001,0.0401,0.0000,0.9591,0.0001,0.0002,0.0004,0.119133,0.004274,0.002097,0.000926,0.001128,0.012217,-0.087266,0.078934,0.291560,-0.103379,-0.024435,0.725068,0.125030,0.096398,-0.006981,0.096051,0.004334,0.000000,0.000000,-0.032218,0.003646,-0.002424,-0.001745,0.007009,0.032972,0.005915,0.001745,-0.011037,-0.009022
1771633726.729,2337,3,3,0.0000,0.0158,0.0000,0.9837,0.0001,0.0001,0.0003,0.125617,0.002471,0.001581,0.000748,0.001677,0.012217,-0.089012,0.067864,0.297173,-0.118143,-0.024435,0.744958,0.161218,0.111162,-0.006981,0.103713,0.009104,0.000000,0.000000,-0.035855,0.003597,-0.000158,-0.001745,0.001137,0.021271,0.001903,0.001745,-0.010711,-0.011456
1771633726.829,2340,3,3,0.0000,0.0079,0.0000,0.9916,0.0001,0.0002,0.0002,0.129118,0.001852,0.001769,0.001035,0.001292,0.012217,-0.089012,0.066634,0.299192,-0.120848,-0.022689,0.767291,0.173083,0.113867,-0.006981,0.106408,0.010724,0.000000,0.000000,-0.032419,0.003296,-0.002291,-0.001745,0.002697,0.012196,0.002291,0.001745,-0.009326,-0.020755
1771633726.931,2343,3,3,0.0000,0.0072,0.0000,0.9922,0.0001,0.0002,0.0002,0.128079,0.002608,0.000745,0.000606,0.000999,0.012217,-0.089012,0.065528,0.300159,-0.117834,-0.024435,0.762976,0.170706,0.110853,-0.006981,0.104136,0.010378,0.000000,0.000000,-0.030889,0.003896,-0.005089,-0.001745,0.011517,0.009054,0.005089,0.001745,-0.012833,-0.030915
1771633727.030,2346,3,3,0.0001,0.0067,0.0000,0.9926,0.0001,0.0003,0.0002,0.127699,0.001392,0.001220,0.000381,0.001161,0.012217,-0.089012,0.067523,0.299016,-0.112003,-0.024435,0.759665,0.169678,0.105021,-0.006981,0.106685,0.012587,0.000000,0.000000,-0.028963,0.003689,-0.004251,-0.001745,0.003757,0.005008,0.002506,0.001745,-0.013510,-0.037225
1771633727.133,2349,3,3,0.0005,0.0189,0.0001,0.9643,0.0003,0.0152,0.0007,0.117089,0.001472,0.002800,0.000217,0.002549,0.012217,-0.089012,0.130163,0.288162,-0.087687,-0.024435,0.694914,0.136356,0.080705,-0.006981,0.062551,-0.000915,0.000000,0.000000,-0.024238,0.002339,-0.001416,-0.001745,0.005403,0.003269,0.004907,0.001745,-0.010301,-0.036749
1771633727.234,2352,3,3,0.0036,0.0964,0.0001,0.8530,0.0008,0.0446,0.0015,0.115183,0.000782,0.000902,0.000457,0.001506,0.012217,-0.089012,0.133478,0.283213,-0.091174,-0.022689,0.695590,0.138823,0.084192,-0.005236,0.034685,-0.004320,0.000000,0.000000,-0.022835,0.002983,-0.002016,-0.003491,0.000329,0.004062,0.000270,0.001745,-0.009979,-0.036112
1771633727.334,2355,3,3,0.0027,0.1776,0.0001,0.8028,0.0005,0.0146,0.0016,0.115080,0.000739,0.000508,0.000500,0.000960,0.012217,-0.089012,0.155821,0.273619,-0.091823,-0.024435,0.690333,0.126694,0.084842,-0.006981,0.037440,-0.009129,0.000000,0.000000,-0.020823,0.002834,0.000170,-0.001745,0.000357,0.003756,-0.000170,0.001745,-0.008520,-0.034676
1771633727.437,2358,3,3,0.0013,0.2199,0.0001,0.7720,0.0003,0.0051,0.0013,0.118923,0.006609,0.002179,0.000618,0.002184,0.012217,-0.089012,0.195345,0.272608,-0.095769,-0.024435,0.690239,0.127664,0.088788,-0.005236,0.040216,-0.009917,0.000000,0.000000,-0.021854,0.002027,-0.006943,-0.003491,0.024750,0.035316,0.008688,0.001745,0.006786,-0.000511
1771633727.536,2361,3,3,0.0011,0.2097,0.0001,0.7842,0.0003,0.0035,0.0011,0.116160,0.008546,0.000578,0.000797,0.001262,0.012217,-0.089012,0.219783,0.270773,-0.087859,-0.024435,0.673479,0.098103,0.080878,-0.006981,0.038693,-0.008714,0.000000,0.000000,-0.019058,0.002234,0.004872,-0.001745,0.003428,0.026906,-0.001381,0.001745,0.018427,0.044938
1771633727.634,2364,3,3,0.0013,0.2174,0.0001,0.7762,0.0004,0.0029,0.0017,0.106589,0.006876,0.001346,0.000387,0.001279,0.012217,-0.089012,0.257594,0.266753,-0.072560,-0.024435,0.604134,0.042132,0.065579,-0.006981,0.030662,-0.014775,0.000000,0.000000,-0.015503,0.003020,0.057690,-0.001745,-0.114068,-0.030988,-0.054199,0.001745,-0.015127,0.020063
1771633727.735,2367,3,3,0.0017,0.2771,0.0002,0.7188,0.0005,0.0004,0.0014,0.105581,0.005334,0.001817,0.002022,0.001547,0.012217,-0.089012,0.180221,0.266969,-0.091292,-0.024435,0.620542,0.066452,0.084311,-0.005236,0.036262,-0.007998,0.000000,0.000000,-0.014284,0.004154,0.051741,-0.001745,-0.102985,-0.047559,-0.043014,0.003491,-0.061265,0.004620
1771633727.835,2370,3,3,0.0026,0.3371,0.0001,0.6581,0.0005,0.0001,0.0014,0.088825,0.002642,0.001534,0.000356,0.001540,0.012217,-0.089012,0.186252,0.175511,-0.058127,-0.024435,0.583193,0.057585,0.051146,-0.006981,-0.011075,-0.011830,0.000000,0.000000,-0.008489,0.001122,0.022077,-0.001745,-0.029155,-0.007185,-0.009859,0.001745,-0.048666,0.006761
1771633727.936,2373,1,1,0.0401,0.6665,0.0004,0.2814,0.0004,0.0001,0.0110,0.035238,0.001724,0.001126,0.000171,0.001053,0.012217,-0.089012,0.371129,-0.166882,-0.048231,-0.024435,-0.515018,-0.816301,0.039505,-0.005236,-0.772435,-0.527024,0.000000,0.000000,0.001941,-0.000902,0.016999,-0.001745,-0.042562,-0.010413,-0.004782,0.001745,-0.051538,-0.014565
1771633728.035,2376,0,1,0.6130,0.3242,0.0007,0.0494,0.0003,0.0001,0.0124,0.025585,0.001848,0.003209,0.000257,0.003033,0.000000,-0.062832,0.290765,-0.184827,0.016258,-0.022689,-0.631836,-0.726191,-0.014513,-0.006981,-0.804464,-0.461696,0.000000,0.000000,0.004258,-0.003587,0.014427,-0.001745,-0.044349,-0.007061,-0.002210,0.003491,-0.053575,-0.013864
1771633728.136,2379,0,0,0.9326,0.0623,0.0002,0.0030,0.0001,0.0000,0.0018,0.021682,0.001094,0.002475,0.000528,0.002303,0.000000,-0.031416,0.247967,-0.148576,0.008873,-0.012217,-0.448909,-0.548297,0.003344,-0.005236,-0.556920,-0.290737,0.000000,0.000000,0.004299,-0.004292,0.005687,-0.001745,-0.041211,0.000105,0.001294,0.001745,-0.049354,-0.013792
1771633728.239,2382,0,0,0.9704,0.0278,0.0001,0.0010,0.0000,0.0000,0.0007,0.016299,0.000900,0.002205,0.000101,0.002106,0.000000,-0.006981,0.183375,-0.160578,0.002131,-0.017453,-0.304605,-0.366946,0.010086,-0.005236,-0.321068,-0.180002,0.000000,0.000000,0.000500,-0.003786,0.002234,-0.001745,-0.038489,0.003313,0.003002,0.001745,-0.049550,-0.013453
1771633728.336,2385,0,0,0.9710,0.0273,0.0002,0.0009,0.0000,0.0000,0.0006,0.011843,0.001082,0.004449,0.000751,0.004219,0.000000,0.000000,0.106797,-0.117354,-0.014375,-0.012217,-0.021864,-0.173278,0.035319,-0.005236,-0.031444,-0.100041,0.000000,0.000000,0.001081,-0.001183,0.002378,-0.001745,-0.034356,0.004920,0.002858,0.001745,-0.048257,-0.015303
1771633728.437,2388,0,0,0.8587,0.1297,0.0005,0.0082,0.0001,0.0000,0.0027,0.067657,0.009920,0.005332,0.000526,0.004458,-0.001745,0.001745,0.074212,-0.077395,0.042277,-0.010472,0.140401,0.023708,-0.012607,-0.005236,0.298697,0.230842,0.000000,0.000000,-0.006943,-0.000696,-0.004724,-0.001745,0.056688,0.050648,0.009960,0.001745,-0.035121,-0.005907
1771633728.540,2391,0,0,0.6389,0.3301,0.0015,0.0207,0.0004,0.0001,0.0083,0.036470,0.007157,0.003229,0.000350,0.002431,0.000000,0.006981,0.059569,-0.077452,0.082504,-0.010472,0.072060,0.002346,-0.042361,-0.005236,0.115394,0.098782,0.000000,0.000000,0.003310,0.000489,0.001109,-0.001745,0.016067,0.033254,0.002381,0.000000,0.000606,0.028663
1771633728.637,2394,1,1,0.0083,0.9763,0.0035,0.0087,0.0001,0.0001,0.0029,0.025286,0.007311,0.004653,0.000393,0.004139,0.000000,0.006981,0.062718,-0.047813,0.062258,-0.008727,0.045079,-0.002411,-0.015134,-0.006981,0.064503,0.061892,0.000000,0.000000,-0.000427,-0.000631,-0.001311,-0.001745,0.003813,0.024643,0.003056,0.001745,0.009131,0.045342
1771633728.738,2397,1,1,0.0000,0.9992,0.0005,0.0002,0.0000,0.0000,0.0001,0.049259,0.011178,0.006890,0.000725,0.003215,0.000000,0.008727,0.028131,-0.036366,0.088527,-0.008727,0.165964,0.022600,-0.030931,-0.006981,0.134408,0.142747,0.000000,0.000000,-0.008056,-0.001661,-0.021716,-0.001745,0.015651,0.021675,0.026952,0.001745,0.016290,0.051824
1771633728.842,2400,1,1,0.0000,0.9998,0.0001,0.0001,0.0000,0.0000,0.0000,0.025748,0.009915,0.006529,0.000997,0.003412,0.000000,0.006981,0.022749,-0.028619,0.070724,-0.008727,0.067264,0.028307,-0.011383,-0.006981,0.049009,0.063948,0.000000,0.000000,-0.028226,-0.003783,0.009665,-0.001745,0.020504,0.030645,-0.002684,0.001745,0.006512,0.049906
1771633728.943,2403,1,1,0.0000,0.9999,0.0001,0.0000,0.0000,0.0000,0.0000,0.011822,0.018347,0.004220,0.001883,0.003263,0.000000,0.006981,-0.031708,-0.024586,0.046190,-0.006981,0.016466,0.016224,0.016642,-0.006981,0.007150,0.032210,0.000000,0.000000,-0.020693,-0.013237,0.008312,-0.001745,0.049935,0.082082,-0.004821,0.001745,0.026323,0.051772
1771633729.045,2406,1,1,0.0000,0.9999,0.0000,0.0000,0.0000,0.0000,0.0000,0.027655,0.018839,0.002982,0.001735,0.003893,0.000000,0.003491,-0.057132,-0.019330,-0.018292,-0.005236,0.116487,0.102877,0.067161,-0.003491,0.009957,0.031891,0.000000,0.000000,-0.018813,-0.004894,-0.001164,-0.001745,0.027186,0.064345,0.002910,0.001745,0.034909,0.094972
1771633729.143,2409,1,1,0.0000,0.9999,0.0000,0.0000,0.0000,0.0000,0.0000,0.015875,0.049965,0.004217,0.001832,0.003215,0.000000,0.008727,-0.115107,-0.010213,0.019951,-0.005236,0.059088,0.061400,0.027173,-0.001745,0.000038,0.014127,0.000000,0.000000,-0.007219,-0.003047,-0.025389,-0.001745,0.043425,0.095145,0.025389,0.003491,0.206176,0.225959
1771633729.245,2412,1,1,0.0000,0.9999,0.0000,0.0000,0.0000,0.0000,0.0000,0.028612,0.019588,0.006765,0.002443,0.008038,0.000000,0.008727,-0.070670,-0.035292,-0.000284,-0.005236,0.052043,0.050015,0.045663,-0.006981,0.107810,0.079082,0.000000,0.000000,0.004738,-0.000384,0.031884,-0.001745,-0.045234,-0.013290,-0.031884,0.001745,0.075734,0.120951
1771633729.345,2415,1,1,0.0000,1.0000,0.0000,0.0000,0.0000,0.0000,0.0000,0.012108,0.022805,0.002603,0.001073,0.001829,0.000000,0.010472,-0.008829,-0.030345,0.026718,-0.003491,-0.008857,0.026024,0.018660,-0.006981,0.016906,0.046521,0.000000,0.000000,-0.019594,0.000660,-0.004735,-0.001745,0.122043,0.144477,0.004735,0.001745,-0.139467,-0.049151
1771633729.442,2418,1,1,0.0000,1.0000,0.0000,0.0000,0.0000,0.0000,0.0000,0.007572,0.015900,0.002532,0.001690,0.003319,0.000000,0.006981,-0.005713,-0.055072,0.003954,-0.003491,-0.078411,-0.024255,0.037934,-0.003491,0.002026,0.039970,0.000000,0.000000,-0.020019,-0.000300,-0.040577,-0.001745,0.057221,0.091258,0.040577,0.001745,-0.065616,-0.029712
1771633729.542,2421,1,1,0.0000,1.0000,0.0000,0.0000,0.0000,0.0000,0.0000,0.007967,0.004430,0.002337,0.002247,0.001753,0.000000,0.006981,0.014634,-0.049817,0.030165,-0.003491,-0.085146,-0.052843,0.006487,-0.001745,0.000732,0.036610,0.000000,0.000000,-0.012325,-0.006151,-0.016815,-0.001745,-0.042219,0.031111,0.018561,0.003491,-0.060368,-0.025963
1771633729.643,2424,1,1,0.0000,1.0000,0.0000,0.0000,0.0000,0.0000,0.0000,0.013704,0.001004,0.003561,0.005551,0.005489,0.000000,0.008727,0.053324,-0.042003,0.021309,-0.005236,0.012609,-0.010155,0.013597,-0.001745,0.009374,0.045510,0.000000,0.000000,-0.019186,-0.003494,0.008560,-0.001745,-0.074246,-0.042269,-0.003324,0.003491,-0.131006,-0.046177
1771633729.745,2427,1,1,0.0000,1.0000,0.0000,0.0000,0.0000,0.0000,0.0000,0.023927,0.001085,0.000852,0.004553,0.003852,0.000000,0.006981,0.046719,-0.038952,0.014594,-0.003491,0.084024,0.067695,0.023804,-0.001745,0.001322,0.041986,0.000000,0.000000,-0.036852,-0.012630,-0.009526,-0.001745,-0.079711,-0.057697,0.011271,0.001745,-0.066086,-0.040558
1771633729.843,2430,1,1,0.0000,1.0000,0.0000,0.0000,0.0000,0.0000,0.0000,0.022010,0.001022,0.006178,0.006693,0.006034,0.000000,0.003491,-0.000816,-0.031770,-0.010574,-0.005236,0.115114,0.062630,0.048972,-0.001745,-0.001612,0.033912,0.000000,0.000000,-0.051664,-0.001818,0.010520,-0.001745,-0.088383,-0.054004,-0.015756,0.001745,-0.063699,-0.054320
1771633729.943,2433,1,1,0.0000,1.0000,0.0000,0.0000,0.0000,0.0000,0.0000,0.028620,0.000770,0.003934,0.003656,0.004777,0.000000,0.008727,0.004319,-0.032188,-0.066674,-0.003491,0.038561,0.035746,0.106817,-0.001745,0.099772,0.049499,0.000000,0.000000,-0.044789,-0.004073,0.007490,-0.001745,-0.090223,-0.052717,-0.003999,0.001745,-0.051516,-0.047847
1771633730.043,2436,1,1,0.0000,1.0000,0.0000,0.0000,0.0000,0.0000,0.0000,0.012923,0.000582,0.005015,0.004355,0.005417,0.000000,0.003491,0.002926,-0.027834,0.041743,-0.003491,0.021924,0.024793,-0.001601,-0.001745,0.020063,0.040140,0.000000,0.000000,-0.061714,-0.002411,0.001945,-0.001745,-0.207039,-0.129966,0.001546,0.003491,-0.192104,-0.065676
1771633730.144,2439,1,1,0.0000,1.0000,0.0000,0.0000,0.0000,0.0000,0.0000,0.005297,0.002041,0.002559,0.007301,0.018924,0.000000,0.003491,-0.045058,-0.010717,0.022196,-0.003491,-0.004941,-0.021213,0.016202,-0.001745,0.002092,0.019585,0.000000,0.000000,-0.124924,-0.002977,-0.020996,-0.001745,-0.143862,-0.073737,0.022741,0.001745,-0.116774,-0.085799
1771633730.244,2442,1,1,0.0000,1.0000,0.0000,0.0000,0.0000,0.0000,0.0000,0.007275,0.000145,0.002324,0.006925,0.010773,0.000000,0.006981,-0.000879,-0.007638,0.050976,-0.003491,-0.001345,-0.011355,-0.014324,-0.001745,0.004843,0.024500,0.000000,0.000000,-0.179839,-0.013099,-0.001085,-0.003491,-0.334535,-0.146128,-0.000660,0.001745,-0.383094,-0.246000
1771633730.345,2445,1,1,0.0000,1.0000,0.0000,0.0000,0.0000,0.0000,0.0000,0.005832,0.004808,0.001473,0.003645,0.004794,-0.001745,0.003491,0.002475,-0.006303,0.014287,-0.003491,-0.012950,-0.010323,0.027601,-0.005236,-0.001321,0.022127,0.000000,0.000000,-0.163677,-0.069611,-0.052466,-0.001745,-0.247369,-0.131591,0.054211,0.003491,-0.260711,-0.196767
1771633730.444,2448,1,1,0.0000,1.0000,0.0000,0.0000,0.0000,0.0000,0.0000,0.008446,0.001732,0.001441,0.005398,0.006512,0.000000,0.003491,0.007978,0.002044,0.016511,-0.003491,0.023200,0.004504,0.020140,-0.003491,-0.001408,0.023478,-0.001745,0.001745,-0.124088,-0.081964,0.015543,-0.001745,-0.386583,-0.251041,-0.008561,0.003491,-0.361558,-0.279255
1771633730.545,2451,1,1,0.0000,1.0000,0.0000,0.0000,0.0000,0.0000,0.0000,0.007668,0.002484,0.000616,0.004605,0.007874,0.000000,0.003491,-0.004014,0.026434,0.045410,-0.003491,0.000490,-0.001326,-0.013994,-0.003491,-0.006549,0.016187,0.000000,0.001745,-0.132368,-0.108493,0.028059,-0.001745,-0.228420,-0.142374,-0.017587,0.000000,-0.215682,-0.167499
1771633730.647,2454,1,1,0.0000,1.0000,0.0000,0.0000,0.0000,0.0000,0.0000,0.007986,0.001752,0.000518,0.000954,0.001169,0.000000,0.003491,-0.007998,0.037601,0.039106,-0.003491,-0.006477,0.001308,-0.002454,-0.001745,-0.023064,0.014323,0.000000,0.001745,-0.145588,-0.112164,0.017533,-0.001745,-0.170916,-0.100259,-0.001825,0.001745,-0.141425,-0.115982
1771633730.749,2457,1,1,0.0000,1.0000,0.0000,0.0000,0.0000,0.0000,0.0000,0.007636,0.001454,0.000487,0.001666,0.001606,0.000000,0.006981,-0.018780,0.039068,0.042233,-0.005236,-0.056726,-0.007757,-0.002090,-0.001745,-0.052710,0.003354,0.000000,0.001745,-0.099308,-0.066047,0.011947,-0.001745,-0.128163,-0.072730,0.003761,0.000000,-0.102417,-0.094251
1771633730.846,2460,1,1,0.0000,0.9999,0.0000,0.0000,0.0000,0.0000,0.0000,0.007727,0.002213,0.001319,0.004871,0.003791,0.000000,0.003491,-0.022652,0.037036,0.043049,-0.005236,-0.017103,0.001785,-0.001161,-0.001745,-0.004497,0.007363,-0.001745,0.001745,-0.076466,-0.042971,0.015937,-0.001745,-0.040765,-0.039629,0.001516,-0.003491,0.007358,-0.045459
1771633730.947,2463,1,1,0.0000,0.9999,0.0000,0.0000,0.0000,0.0000,0.0000,0.008418,0.055201,0.000351,0.004409,0.001675,0.000000,0.003491,-0.040779,0.035821,0.029939,-0.005236,-0.004215,0.004246,0.006713,-0.001745,0.010160,0.010643,-0.001745,0.001745,0.033367,-0.021166,-0.004660,-0.001745,0.153954,0.147094,0.020368,-0.001745,0.166329,0.139559
1771633731.050,2466,1,1,0.0000,0.9996,0.0001,0.0001,0.0000,0.0000,0.0002,0.054586,0.068545,0.000516,0.006217,0.004671,0.000000,0.006981,-0.038148,0.035313,-0.063514,-0.003491,0.166813,0.140874,0.100165,-0.001745,0.105130,0.099756,-0.003491,0.003491,-0.013960,0.000081,-0.034650,-0.003491,0.221976,0.201148,0.053848,-0.001745,0.168887,0.173103
1771633731.147,2469,1,1,0.0000,0.9993,0.0002,0.0002,0.0000,0.0000,0.0003,0.046959,0.047807,0.001433,0.007273,0.007230,0.000000,0.006981,-0.000972,0.050927,0.021217,-0.005236,0.143229,0.104008,0.010199,-0.003491,0.117833,0.109118,-0.001745,0.001745,0.029855,0.042039,-0.052853,-0.001745,0.112775,0.106883,0.070306,0.000000,0.095532,0.114549
1771633731.248,2472,1,1,0.0000,0.9990,0.0006,0.0003,0.0000,0.0000,0.0001,0.028217,0.040816,0.001316,0.008176,0.017589,0.000000,0.006981,-0.007362,0.041075,0.022970,-0.005236,0.057710,0.060006,0.006701,-0.001745,0.059256,0.083900,-0.003491,0.003491,-0.089331,0.012276,-0.081716,-0.003491,0.056917,0.068690,0.104405,0.000000,0.102763,0.141246
1771633731.348,2475,1,1,0.0000,0.9994,0.0005,0.0000,0.0000,0.0000,0.0000,0.019701,0.039980,0.001551,0.001652,0.004720,0.000000,0.006981,-0.012414,0.032464,0.044364,-0.003491,-0.058720,0.034027,-0.012948,-0.003491,0.035510,0.083069,-0.003491,0.003491,-0.078906,0.001068,-0.005324,-0.001745,0.143123,0.119948,0.029759,0.001745,0.063389,0.117240
1771633731.451,2478,1,1,0.0000,0.9997,0.0002,0.0000,0.0000,0.0000,0.0000,0.011195,0.020887,0.000683,0.001535,0.002270,0.000000,0.008727,0.002876,0.034129,0.088613,-0.005236,-0.090765,-0.081165,-0.057197,0.000000,-0.136969,-0.047584,-0.003491,0.003491,-0.065850,-0.010420,-0.024582,-0.003491,0.028264,0.056799,0.047271,-0.001745,0.028585,0.086230
1771633731.550,2481,1,1,0.0000,0.9999,0.0001,0.0000,0.0000,0.0000,0.0000,0.007813,0.014790,0.001867,0.000816,0.003079,0.000000,0.003491,0.005273,0.032956,0.052034,-0.005236,-0.051685,-0.034448,-0.015382,0.000000,-0.048460,-0.017204,-0.001745,0.001745,-0.113016,0.005426,-0.011805,-0.003491,0.011718,0.036526,0.036239,-0.003491,0.014591,0.071228
1771633731.649,2484,1,1,0.0000,0.9999,0.0001,0.0000,0.0000,0.0000,0.0000,0.012577,0.041531,0.003439,0.003526,0.002501,0.000000,0.006981,0.020944,0.034728,0.046171,-0.005236,-0.013879,-0.006524,-0.000792,-0.001745,-0.001681,0.042099,0.000000,0.001745,0.195860,0.027943,-0.054283,-0.001745,0.004120,0.022266,0.080463,0.000000,0.050343,0.115636
1771633731.750,2487,1,1,0.0000,0.9997,0.0002,0.0000,0.0000,0.0000,0.0000,0.013148,0.068422,0.001533,0.000682,0.004775,0.000000,0.006981,0.018361,0.038836,0.040738,-0.005236,0.016984,0.004134,0.002896,-0.001745,-0.000280,0.028847,-0.001745,0.003491,0.193034,0.172120,0.099580,-0.003491,0.106123,0.020143,-0.078636,0.000000,0.095650,0.130918
1771633731.850,2490,1,1,0.0000,0.9921,0.0078,0.0000,0.0000,0.0000,0.0000,0.016022,0.079913,0.001896,0.000493,0.001677,0.000000,0.006981,0.008190,0.050642,0.003520,-0.005236,0.036888,0.028317,0.031387,-0.001745,-0.001368,0.026341,-0.003491,0.001745,0.187452,0.136399,0.041426,-0.003491,0.155613,0.063214,-0.018737,0.000000,0.178844,0.194263
1771633731.955,2493,1,1,0.0000,0.8452,0.1547,0.0000,0.0000,0.0000,0.0000,0.024785,0.081569,0.000996,0.000220,0.001708,0.000000,0.006981,-0.008433,0.053844,-0.067780,-0.005236,0.057929,0.051675,0.100941,-0.001745,0.001170,0.024886,-0.001745,0.001745,0.221855,0.209101,0.162862,-0.001745,0.114341,0.046481,-0.136682,0.000000,0.099138,0.123305
1771633732.054,2496,1,1,0.0000,0.8495,0.1504,0.0000,0.0000,0.0000,0.0000,0.015910,0.072082,0.000941,0.000540,0.010989,0.000000,0.006981,-0.003810,0.052236,-0.008395,-0.005236,0.034297,0.037168,0.043302,0.000000,-0.003020,0.016936,-0.003491,0.005236,0.253405,0.170756,0.163972,-0.001745,0.130284,0.049857,-0.141282,-0.001745,0.070431,0.021048
1771633732.153,2499,1,1,0.0000,0.6280,0.3717,0.0000,0.0000,0.0000,0.0002,0.008265,0.102606,0.000607,0.001892,0.002407,0.000000,0.006981,-0.004302,0.053241,0.005275,-0.005236,-0.006571,0.004049,0.029632,0.000000,-0.035712,-0.055756,-0.005236,0.000000,0.326337,0.106739,0.198230,-0.003491,0.185754,0.059337,-0.179032,0.000000,0.267396,0.087478
1771633732.254,2502,2,2,0.0000,0.4089,0.5907,0.0000,0.0000,0.0000,0.0003,0.008208,0.099264,0.000433,0.001033,0.001242,-0.001745,0.006981,-0.004011,0.062976,0.025385,-0.005236,-0.004128,0.000618,0.002541,-0.001745,-0.021486,-0.030825,-0.005236,-0.005236,0.356515,0.069587,0.112947,-0.006981,0.153329,0.081610,-0.100730,0.000000,0.254927,0.162250
1771633732.353,2505,2,2,0.0000,0.3285,0.6712,0.0000,0.0000,0.0000,0.0002,0.017284,0.098149,0.004646,0.001971,0.003963,0.000000,0.003491,0.021484,0.062507,0.043875,-0.005236,-0.019036,-0.006237,-0.010714,0.000000,0.026364,0.049693,-0.006981,-0.012217,0.326713,0.052444,0.111624,-0.006981,0.138136,0.094903,-0.101152,0.001745,0.269437,0.182790
1771633732.454,2508,2,2,0.0000,0.2012,0.7985,0.0001,0.0000,0.0000,0.0002,0.030139,0.153425,0.000269,0.002316,0.005772,0.000000,0.006981,0.060386,0.055956,0.014621,-0.005236,0.074292,0.089747,0.018540,0.000000,0.004998,0.036150,-0.008727,-0.012217,0.307482,0.131943,0.041415,-0.006981,0.400430,0.378334,-0.022216,0.001745,0.335975,0.243777
1771633732.554,2511,2,2,0.0000,0.1438,0.8556,0.0001,0.0000,0.0001,0.0003,0.020934,0.134001,0.000367,0.001442,0.002287,0.000000,0.003491,0.040713,0.055704,-0.004486,-0.005236,0.029869,0.049182,0.037647,0.000000,-0.002611,0.034604,-0.010472,-0.008727,0.285975,0.128694,0.038441,-0.006981,0.300513,0.309767,-0.014006,0.001745,0.312554,0.230318
1771633732.655,2514,2,2,0.0000,0.1260,0.8735,0.0001,0.0000,0.0001,0.0003,0.014158,0.147292,0.000658,0.003416,0.001099,0.000000,0.003491,0.025915,0.057165,-0.004477,-0.005236,0.004419,0.037779,0.041129,0.000000,-0.125642,-0.037867,-0.010472,-0.005236,0.183353,0.125280,-0.065231,-0.006981,0.407305,0.388680,0.093157,0.003491,0.326869,0.239369
1771633732.755,2517,2,2,0.0000,0.1109,0.8881,0.0002,0.0000,0.0002,0.0006,0.010024,0.155589,0.000451,0.000957,0.002777,0.000000,0.006981,-0.010126,0.054965,-0.000885,-0.003491,-0.038548,0.022553,0.035791,-0.001745,-0.068807,-0.056577,-0.010472,-0.005236,0.169626,0.126111,-0.021534,-0.006981,0.436237,0.403255,0.052950,0.003491,0.388442,0.286956
1771633732.857,2520,2,2,0.0004,0.3302,0.6217,0.0018,0.0003,0.0264,0.0193,0.056721,0.247029,0.001355,0.001872,0.005325,0.000000,0.006981,-0.010309,0.047800,-0.073205,-0.005236,0.152870,0.164838,0.108112,-0.001745,0.107244,0.092809,-0.010472,-0.005236,0.087903,0.139512,-0.126735,-0.006981,0.731967,0.639673,0.161642,0.003491,0.707916,0.492251
1771633732.956,2523,2,2,0.0000,0.3973,0.6007,0.0006,0.0000,0.0001,0.0013,0.025250,0.301269,0.000644,0.002608,0.003265,0.000000,0.006981,-0.001675,0.040851,-0.030950,-0.005236,0.059536,0.081036,0.060621,0.000000,0.014603,0.039374,-0.010472,-0.003491,-0.180111,0.248449,-0.104614,-0.012217,0.893227,0.768966,0.141266,0.000000,0.918440,0.644878
1771633733.056,2526,1,1,0.0000,0.7274,0.2707,0.0003,0.0000,0.0001,0.0015,0.010710,0.317531,0.000499,0.001505,0.001504,0.000000,0.006981,-0.004709,0.042790,0.014071,-0.005236,-0.061506,0.002942,0.020835,0.000000,0.003510,0.037387,-0.010472,-0.001745,-0.167966,0.234082,-0.154056,-0.012217,0.896861,0.797577,0.194199,0.000000,0.992597,0.695053
1771633733.156,2529,1,1,0.0000,0.5692,0.4277,0.0004,0.0000,0.0002,0.0025,0.011723,0.297157,0.001515,0.002824,0.001814,0.000000,0.006981,-0.015073,0.047565,0.048399,-0.005236,-0.071055,-0.048994,-0.020474,0.000000,-0.002007,0.037731,-0.010472,-0.006981,-0.019591,0.155166,-0.088698,-0.012217,0.911233,0.750499,0.116624,0.000000,0.983516,0.648847
1771633733.256,2532,2,2,0.0000,0.0755,0.9191,0.0002,0.0002,0.0041,0.0009,0.012483,0.281087,0.001039,0.003340,0.002832,0.000000,0.006981,-0.040481,0.059311,0.043374,-0.005236,-0.063672,-0.044110,-0.008467,0.000000,-0.003374,0.040135,-0.013963,0.003491,0.151412,0.131563,-0.066643,-0.033161,0.896164,0.652922,0.084097,0.008727,0.911216,0.533458
1771633733.357,2535,2,2,0.0000,0.0033,0.9832,0.0000,0.0022,0.0113,0.0000,0.013437,0.271271,0.001731,0.002992,0.006785,0.000000,0.003491,-0.021178,0.057488,0.050961,-0.005236,-0.039985,-0.021491,-0.010819,-0.001745,-0.004622,0.049300,-0.020944,-0.005236,0.176773,0.102072,-0.073581,-0.048869,0.885228,0.626639,0.092779,0.000000,0.886578,0.485183
1771633733.456,2538,2,2,0.0000,0.0021,0.9861,0.0000,0.0022,0.0096,0.0000,0.015236,0.269245,0.001201,0.001558,0.002368,0.000000,0.006981,-0.003752,0.069396,0.062340,-0.005236,-0.025110,-0.010312,-0.016961,0.000000,-0.009646,0.044112,-0.022689,-0.006981,0.184273,0.088765,-0.052472,-0.050615,0.884982,0.616247,0.073416,-0.003491,0.892719,0.490540
1771633733.557,2541,2,2,0.0000,0.0059,0.9825,0.0000,0.0008,0.0108,0.0000,0.015526,0.268914,0.001052,0.001582,0.001462,-0.001745,0.006981,0.013425,0.062047,0.058506,-0.005236,-0.011135,-0.003273,-0.013128,0.000000,-0.006490,0.045347,-0.022689,-0.008727,0.205789,0.068220,-0.047212,-0.052360,0.891100,0.613866,0.061174,-0.001745,0.895180,0.491640
1771633733.657,2544,2,2,0.0000,0.0032,0.9893,0.0000,0.0007,0.0067,0.0000,0.019426,0.271945,0.002809,0.002122,0.001837,0.000000,0.006981,0.002323,0.061320,0.046029,-0.005236,0.049701,0.017295,0.001095,0.000000,-0.006001,0.048363,-0.024435,-0.008727,0.207385,0.066604,-0.049825,-0.052360,0.923732,0.623778,0.056807,-0.001745,0.894705,0.490327
1771633733.757,2547,2,2,0.0000,0.0012,0.9871,0.0000,0.0076,0.0041,0.0000,0.012129,0.267254,0.000926,0.000954,0.003835,0.000000,0.006981,0.014494,0.067303,0.010760,-0.005236,0.014419,0.003959,0.027637,0.000000,-0.067266,-0.021531,-0.024435,-0.008727,0.201593,0.068608,-0.001421,-0.052360,0.926683,0.622044,0.006657,-0.001745,0.894010,0.487452
1771633733.857,2550,2,2,0.0000,0.0014,0.9820,0.0000,0.0118,0.0047,0.0000,0.010291,0.267975,0.000329,0.002392,0.000857,0.000000,0.003491,0.008369,0.065525,0.010484,-0.005236,0.008927,0.005768,0.020932,0.000000,-0.038107,-0.005159,-0.024435,-0.008727,0.191759,0.097863,0.007669,-0.052360,0.925176,0.618209,-0.004179,-0.001745,0.889923,0.485101
1771633733.958,2553,2,2,0.0000,0.0013,0.9828,0.0000,0.0121,0.0038,0.0000,0.015471,0.267698,0.000517,0.001763,0.001284,0.000000,0.006981,0.057167,0.056444,-0.023160,-0.005236,0.006526,0.003964,0.054576,0.000000,-0.073341,-0.056842,-0.024435,-0.008727,0.194189,0.095733,-0.001335,-0.052360,0.922735,0.620084,0.006571,-0.001745,0.888367,0.484701
1771633734.058,2556,2,2,0.0000,0.0012,0.9638,0.0000,0.0308,0.0042,0.0000,0.021750,0.272638,0.000833,0.002286,0.001790,0.000000,0.006981,0.102778,0.051514,-0.016654,-0.005236,0.023711,0.020966,0.055052,-0.001745,-0.049983,-0.033840,-0.024435,-0.008727,0.204131,0.092895,-0.052315,-0.052360,0.911849,0.619044,0.055805,-0.003491,0.901023,0.486905
1771633734.161,2559,2,2,0.0000,0.0011,0.9798,0.0000,0.0151,0.0041,0.0000,0.015992,0.284055,0.001481,0.002610,0.002171,-0.001745,0.006981,0.050137,0.053794,-0.012417,-0.005236,0.010540,0.016150,0.054305,0.000000,-0.092461,-0.083181,-0.024435,-0.008727,0.234696,0.082067,-0.102778,-0.052360,0.908764,0.620103,0.106268,-0.001745,0.954812,0.501943
1771633734.262,2562,2,2,0.0000,0.0011,0.9932,0.0000,0.0031,0.0025,0.0000,0.012790,0.283198,0.001908,0.003349,0.003708,0.000000,0.006981,0.037223,0.049334,-0.009740,-0.005236,-0.026937,0.003076,0.056864,0.000000,-0.067760,-0.049759,-0.024435,-0.008727,0.242766,0.083528,-0.099301,-0.052360,0.903744,0.617083,0.102792,-0.001745,0.948208,0.500260
1771633734.361,2565,2,2,0.0000,0.0012,0.9944,0.0000,0.0025,0.0018,0.0000,0.008375,0.277572,0.000906,0.004205,0.005557,0.000000,0.006981,0.005039,0.047898,-0.000441,-0.005236,-0.090563,-0.054380,0.040584,0.000000,-0.056075,-0.035969,-0.024435,-0.008727,0.237190,0.089206,-0.039039,-0.052360,0.905883,0.613750,0.042530,-0.001745,0.944281,0.498021
1771633734.462,2568,2,2,0.0000,0.0011,0.9344,0.0000,0.0599,0.0046,0.0000,0.006866,0.274786,0.001098,0.001386,0.001539,0.000000,0.006981,-0.000794,0.036770,0.038640,-0.005236,-0.060090,-0.034990,-0.001988,0.000000,-0.033974,-0.006654,-0.024435,-0.008727,0.127167,0.181553,-0.049101,-0.052360,0.904286,0.609998,0.050846,-0.001745,0.935567,0.488019
1771633734.563,2571,2,2,0.0000,0.0182,0.9774,0.0000,0.0003,0.0040,0.0001,0.008439,0.274053,0.000330,0.003551,0.008152,0.000000,0.006981,-0.007853,0.033615,0.052815,-0.005236,-0.035223,-0.019198,-0.007436,-0.001745,-0.009789,0.007858,-0.024435,-0.008727,0.121313,0.155434,-0.088663,-0.052360,0.904001,0.609211,0.092153,-0.001745,0.937805,0.468717
1771633734.664,2574,2,2,0.0000,0.0218,0.9737,0.0000,0.0002,0.0041,0.0001,0.012153,0.260913,0.001154,0.003108,0.002180,0.000000,0.006981,-0.005793,0.032836,0.106015,-0.005236,-0.180295,-0.110286,-0.058891,-0.001745,-0.023253,-0.009095,-0.026180,-0.008727,0.112019,0.148509,-0.121783,-0.052360,0.875799,0.599329,0.123528,-0.001745,0.845843,0.425928
1771633734.764,2577,2,2,0.0001,0.0236,0.9718,0.0000,0.0003,0.0041,0.0001,0.014449,0.257444,0.001057,0.002089,0.007090,0.000000,0.006981,0.004516,0.028102,0.133785,-0.005236,-0.197792,-0.126724,-0.086661,-0.001745,-0.116832,-0.047039,-0.026180,-0.008727,0.122395,0.146056,-0.124747,-0.054105,0.874611,0.600074,0.128238,-0.001745,0.796069,0.421887
1771633734.864,2580,2,2,0.0001,0.0259,0.9704,0.0000,0.0003,0.0033,0.0001,0.007731,0.238654,0.001885,0.001935,0.003880,-0.001745,0.008727,0.002459,0.026389,0.055199,-0.005236,-0.072105,-0.060977,-0.006330,-0.001745,-0.065116,-0.023989,-0.026180,-0.008727,0.197377,0.141881,-0.068635,-0.052360,0.870127,0.589347,0.070380,-0.001745,0.677227,0.317510
1771633734.965,2583,2,2,0.0001,0.0244,0.9716,0.0000,0.0005,0.0034,0.0001,0.026186,0.253005,0.001109,0.005423,0.006445,-0.001745,0.008727,-0.019966,0.030880,-0.003984,-0.005236,0.114585,0.105445,0.054598,-0.003491,-0.048952,-0.012457,-0.026180,-0.008727,0.191028,0.147890,-0.071618,-0.054105,0.918792,0.594044,0.075109,-0.001745,0.769346,0.339849
1771633735.067,2586,2,2,0.0001,0.0203,0.9752,0.0000,0.0003,0.0040,0.0001,0.015361,0.257863,0.000845,0.002163,0.001931,-0.001745,0.008727,-0.014610,0.033828,0.015320,-0.005236,0.047274,0.047373,0.031804,-0.003491,-0.037589,-0.003160,-0.026180,-0.008727,0.172665,0.159863,-0.072969,-0.054105,0.915446,0.617685,0.074714,-0.001745,0.781442,0.372542
1771633735.172,2589,2,2,0.0000,0.0203,0.9754,0.0000,0.0003,0.0038,0.0001,0.009883,0.258731,0.001318,0.002120,0.002520,-0.003491,0.008727,-0.013492,0.035656,0.017880,-0.005236,-0.007184,0.024687,0.025753,-0.003491,-0.030658,0.005896,-0.026180,-0.008727,0.118247,0.196625,-0.058254,-0.054105,0.928174,0.634590,0.059999,-0.001745,0.787714,0.379419
1771633735.268,2592,2,2,0.0001,0.0268,0.9686,0.0000,0.0003,0.0041,0.0001,0.007746,0.226968,0.000649,0.001575,0.001915,-0.001745,0.008727,0.002387,0.035006,0.041718,-0.005236,-0.067257,-0.034349,0.001915,-0.003491,-0.033207,0.003202,-0.026180,-0.008727,0.120918,0.201303,0.030015,-0.054105,0.910742,0.584878,-0.028270,0.000000,0.607944,0.267812
1771633735.371,2595,2,2,0.0001,0.0399,0.9560,0.0000,0.0004,0.0035,0.0001,0.007250,0.224748,0.001140,0.003384,0.003475,-0.001745,0.008727,0.002159,0.032483,0.039510,-0.005236,-0.056819,-0.035359,0.004123,-0.003491,-0.035911,-0.000269,-0.026180,-0.008727,0.150840,0.196008,0.000937,-0.052360,0.895689,0.565086,0.000809,0.000000,0.629429,0.258183
1771633735.469,2598,2,2,0.0001,0.0454,0.9501,0.0000,0.0004,0.0039,0.0001,0.007326,0.230313,0.000298,0.001456,0.003280,-0.001745,0.008727,0.002038,0.029390,0.040302,-0.005236,-0.037036,-0.026860,0.005076,-0.001745,-0.016974,0.002378,-0.026180,-0.008727,0.158039,0.193157,-0.003455,-0.054105,0.920361,0.602852,0.005200,-0.001745,0.625579,0.258569
1771633735.571,2601,2,2,0.0001,0.0403,0.9554,0.0000,0.0004,0.0037,0.0001,0.007738,0.234662,0.001442,0.001116,0.000504,-0.001745,0.008727,0.005721,0.029481,0.033944,-0.005236,-0.015098,-0.008142,0.009689,-0.001745,-0.004361,0.005290,-0.026180,-0.008727,0.140150,0.201371,-0.030444,-0.054105,0.947609,0.624301,0.032189,-0.001745,0.621650,0.248672
1771633735.671,2604,2,2,0.0001,0.0355,0.9602,0.0000,0.0004,0.0038,0.0001,0.009240,0.237665,0.000760,0.002163,0.002084,-0.001745,0.008727,-0.004041,0.031557,0.011118,-0.003491,0.009193,0.007158,0.032515,-0.003491,0.004697,0.005910,-0.026180,-0.008727,0.138384,0.203921,-0.037118,-0.052360,0.954297,0.640191,0.038864,0.000000,0.624685,0.251634
1771633735.773,2607,2,2,0.0001,0.0310,0.9659,0.0000,0.0003,0.0026,0.0001,0.013834,0.232054,0.003970,0.004562,0.003401,-0.003491,0.006981,-0.002939,0.036787,0.026541,-0.005236,-0.002663,0.002415,0.017092,-0.001745,0.028289,0.047904,-0.026180,-0.008727,0.141168,0.202810,-0.039124,-0.054105,0.904393,0.615932,0.040870,-0.001745,0.625562,0.253916
1771633735.874,2610,2,2,0.0001,0.0195,0.9768,0.0000,0.0005,0.0031,0.0001,0.060969,0.244510,0.002619,0.002144,0.002881,-0.001745,0.006981,0.081984,0.034947,-0.061088,-0.005236,0.153992,0.132624,0.102976,-0.003491,0.110713,0.107410,-0.026180,-0.008727,0.048543,0.216542,-0.039934,-0.054105,0.902739,0.616592,0.041679,-0.001745,0.737687,0.370334
1771633735.975,2613,2,2,0.0000,0.0061,0.9924,0.0000,0.0002,0.0012,0.0000,0.040768,0.243567,0.005226,0.008456,0.006866,-0.001745,0.008727,0.088529,-0.002126,0.005893,-0.005236,0.117284,0.072490,0.041231,-0.003491,0.077812,0.077250,-0.026180,-0.008727,-0.027749,0.304607,-0.039712,-0.054105,0.859373,0.596250,0.043203,-0.001745,0.734112,0.385255
1771633736.074,2616,2,2,0.0000,0.0035,0.9953,0.0000,0.0003,0.0009,0.0000,0.025915,0.228292,0.003432,0.007019,0.005604,-0.001745,0.008727,0.153365,-0.090846,0.061230,-0.005236,-0.120089,-0.078992,-0.017597,-0.003491,0.045366,0.042297,-0.026180,-0.008727,0.005422,0.291998,-0.001293,-0.054105,0.828692,0.574355,0.003038,0.000000,0.665389,0.370609
1771633736.177,2619,2,2,0.0000,0.0015,0.9979,0.0000,0.0003,0.0003,0.0000,0.047545,0.247512,0.004861,0.006249,0.003494,-0.003491,0.008727,0.065541,-0.040872,0.034628,-0.005236,-0.029768,-0.015883,0.014242,-0.005236,0.235279,0.212125,-0.026180,-0.010472,0.085392,0.335025,0.005978,-0.050615,0.827997,0.579549,-0.005978,0.000000,0.687357,0.448841
1771633736.276,2622,2,2,0.0000,0.0013,0.9981,0.0000,0.0004,0.0002,0.0000,0.020516,0.260304,0.002497,0.010491,0.008191,-0.001745,0.008727,0.055902,-0.028849,0.066971,-0.005236,0.016984,0.021907,-0.021592,-0.005236,0.013486,0.062221,-0.026180,-0.010472,0.134906,0.334761,0.076800,-0.055851,0.703656,0.501004,-0.073310,-0.003491,0.777637,0.594887
1771633736.377,2625,2,2,0.0000,0.0025,0.9965,0.0000,0.0008,0.0002,0.0000,0.005187,0.185982,0.002634,0.005695,0.005048,-0.001745,0.006981,-0.024873,-0.011484,0.037066,-0.005236,-0.046683,0.008136,0.010058,-0.005236,-0.091033,-0.019156,-0.027925,-0.010472,0.137233,0.339326,-0.354303,-0.054105,-0.203658,-0.160749,0.357793,-0.001745,0.793547,0.603884
1771633736.478,2628,2,2,0.0000,0.0062,0.9928,0.0000,0.0008,0.0002,0.0000,0.005803,0.186697,0.002262,0.006328,0.001561,-0.003491,0.006981,0.001222,-0.000060,0.050925,-0.005236,-0.038013,0.002150,-0.000310,-0.006981,-0.011828,0.008353,-0.027925,-0.012217,0.149087,0.393103,-0.286572,-0.054105,-0.048316,-0.053357,0.288317,-0.001745,0.821824,0.588031
1771633736.580,2631,2,2,0.0000,0.0051,0.9942,0.0000,0.0006,0.0001,0.0000,0.005648,0.230783,0.002570,0.006775,0.003952,-0.001745,0.006981,-0.001435,0.003311,0.047704,-0.005236,-0.020239,0.001123,0.002911,-0.006981,-0.008673,0.005742,-0.027925,-0.012217,0.080444,0.434060,-0.288929,-0.054105,0.391694,0.143461,0.288929,-0.001745,0.858162,0.572642
1771633736.681,2634,2,2,0.0000,0.0175,0.9815,0.0000,0.0005,0.0004,0.0000,0.005374,0.290892,0.005081,0.006304,0.002801,-0.001745,0.006981,0.006297,0.002335,0.039143,-0.005236,-0.010867,-0.005210,0.009726,-0.006981,-0.033404,-0.019882,-0.027925,-0.012217,0.057009,0.429410,-0.232723,-0.054105,0.731292,0.515358,0.234469,-0.001745,0.947718,0.575445
1771633736.782,2637,2,2,0.0000,0.0268,0.9711,0.0000,0.0006,0.0013,0.0001,0.004674,0.274116,0.001135,0.002689,0.008669,-0.001745,0.006981,0.004285,0.001191,0.032184,-0.005236,-0.004595,-0.000443,0.011450,-0.006981,-0.013081,-0.007680,-0.027925,-0.012217,-0.034408,0.407505,-0.107136,-0.055851,0.742891,0.498297,0.108881,-0.001745,0.954222,0.577595
1771633736.883,2640,2,2,0.0000,0.0239,0.9734,0.0000,0.0005,0.0021,0.0001,0.005368,0.282403,0.002222,0.001357,0.001775,-0.001745,0.006981,0.015549,-0.004950,0.036432,-0.005236,-0.011195,-0.010340,0.005456,-0.006981,-0.010687,-0.005239,-0.027925,-0.012217,0.028885,0.320035,-0.045445,-0.054105,0.902143,0.540679,0.048936,-0.001745,0.964724,0.583433
1771633736.987,2643,2,2,0.0000,0.0222,0.9746,0.0000,0.0005,0.0025,0.0002,0.013200,0.296535,0.001964,0.006359,0.007274,-0.001745,0.006981,0.012190,-0.002466,0.031784,-0.005236,-0.006764,0.000086,0.010104,-0.006981,0.048258,0.048995,-0.027925,-0.012217,0.023610,0.318352,0.063086,-0.054105,0.943936,0.666590,-0.059595,-0.001745,0.957248,0.585599
1771633737.085,2646,2,2,0.0000,0.0241,0.9713,0.0000,0.0006,0.0037,0.0003,0.023498,0.292811,0.000923,0.003845,0.005285,-0.001745,0.006981,0.015869,-0.013717,0.038524,-0.005236,0.000234,0.003996,0.003364,-0.006981,0.118086,0.094922,-0.027925,-0.012217,-0.000637,0.325412,0.081166,-0.054105,0.940442,0.660110,-0.079421,-0.001745,0.920090,0.586518
1771633737.185,2649,2,2,0.0000,0.0218,0.9717,0.0000,0.0007,0.0055,0.0004,0.030890,0.290046,0.000555,0.001321,0.005642,-0.003491,0.006981,0.015926,-0.020571,0.011745,-0.005236,0.104388,0.051960,0.028397,-0.006981,0.075140,0.076136,-0.027925,-0.012217,0.018991,0.392235,0.110265,-0.054105,0.897884,0.630282,-0.110265,0.000000,0.848743,0.582148
1771633737.285,2652,2,2,0.0000,0.0116,0.9788,0.0000,0.0009,0.0084,0.0003,0.018506,0.304454,0.000620,0.001011,0.003507,-0.001745,0.006981,0.017410,-0.018361,0.009527,-0.005236,0.023141,0.026928,0.028870,-0.006981,0.043563,0.065657,-0.027925,-0.012217,-0.053774,0.477931,0.095204,-0.054105,0.927214,0.693015,-0.089968,-0.001745,0.875108,0.584973
1771633737.389,2655,2,2,0.0000,0.0047,0.9768,0.0000,0.0041,0.0143,0.0001,0.009703,0.300524,0.000386,0.005438,0.007137,-0.001745,0.006981,0.009709,-0.013035,0.013125,-0.005236,-0.032629,0.006922,0.025272,-0.006981,-0.004962,0.054431,-0.027925,-0.012217,-0.183228,0.416705,-0.037796,-0.055851,0.927842,0.727336,0.039541,-0.003491,0.891566,0.603296
1771633737.488,2658,2,2,0.0000,0.0016,0.6536,0.0000,0.3396,0.0049,0.0003,0.006626,0.297953,0.000569,0.004037,0.005089,-0.003491,0.006981,0.000268,-0.004345,-0.025434,-0.005236,0.004009,0.006172,0.062086,-0.008727,-0.042251,-0.029555,-0.027925,-0.012217,-0.128923,0.331964,-0.078848,-0.055851,0.940569,0.732267,0.080593,-0.001745,0.901679,0.588366
1771633737.588,2661,2,2,0.0000,0.0018,0.6753,0.0000,0.3172,0.0053,0.0003,0.005221,0.302998,0.000949,0.001239,0.001818,-0.003491,0.006981,-0.008262,-0.001280,0.001531,-0.005236,0.012565,0.004703,0.036867,-0.006981,-0.030903,-0.047030,-0.027925,-0.012217,0.027953,0.287261,-0.147052,-0.055851,0.966349,0.748685,0.148798,-0.001745,0.904008,0.552926
1771633737.688,2664,2,2,0.0000,0.0242,0.9696,0.0000,0.0003,0.0056,0.0003,0.010393,0.305488,0.000394,0.000889,0.003536,-0.001745,0.006981,-0.003165,0.000707,-0.020692,-0.005236,0.048649,0.007538,0.060835,-0.006981,-0.040997,-0.079782,-0.027925,-0.012217,0.056467,0.266032,-0.140870,-0.055851,0.964319,0.779440,0.142616,-0.001745,0.905163,0.551821
1771633737.789,2667,2,2,0.0000,0.0311,0.9648,0.0000,0.0002,0.0035,0.0003,0.004392,0.311639,0.001751,0.009049,0.012320,0.000000,0.006981,-0.007084,0.002638,0.043081,-0.005236,-0.003501,-0.008637,-0.001193,-0.006981,-0.035344,-0.045691,-0.029671,-0.012217,0.045530,0.276680,0.035216,-0.055851,1.033259,0.792213,-0.033471,-0.001745,0.956653,0.600117
1771633737.888,2670,2,2,0.0000,0.0379,0.9571,0.0000,0.0002,0.0044,0.0003,0.009410,0.325633,0.002027,0.002761,0.008612,-0.001745,0.006981,-0.054216,0.018745,0.087190,-0.005236,-0.030617,-0.005161,-0.047048,-0.006981,-0.047691,-0.029456,-0.027925,-0.012217,-0.047715,0.452916,0.059315,-0.055851,1.023020,0.789805,-0.057570,-0.001745,0.956489,0.626049
1771633737.989,2673,2,2,0.0000,0.0431,0.9520,0.0000,0.0002,0.0044,0.0003,0.007770,0.323951,0.001453,0.003475,0.003596,-0.003491,0.006981,-0.046474,0.036696,0.049052,-0.005236,-0.010932,0.000514,-0.007164,-0.006981,-0.082472,-0.018706,-0.027925,-0.012217,-0.078087,0.433383,0.052313,-0.055851,1.023220,0.783474,-0.050567,-0.001745,0.963438,0.631587
1771633738.089,2676,2,2,0.0000,0.0497,0.9449,0.0000,0.0003,0.0046,0.0004,0.007402,0.307184,0.000745,0.002512,0.004606,-0.003491,0.006981,-0.039104,0.034723,0.046868,-0.005236,-0.009868,-0.000280,0.000256,-0.006981,-0.090905,-0.026804,-0.027925,-0.012217,0.026885,0.404953,-0.026201,-0.055851,0.999565,0.742142,0.027947,-0.001745,0.918244,0.566473
1771633738.192,2679,2,2,0.0000,0.0449,0.9493,0.0000,0.0002,0.0051,0.0004,0.007917,0.313630,0.001059,0.002173,0.003213,-0.003491,0.006981,-0.029133,0.038747,0.045103,-0.005236,-0.003221,0.002149,0.002021,-0.006981,-0.055898,-0.018675,-0.027925,-0.012217,-0.050975,0.409772,-0.080282,-0.055851,1.005010,0.750087,0.082027,-0.001745,0.933159,0.583504
1771633738.289,2682,2,2,0.0000,0.0423,0.9518,0.0000,0.0002,0.0053,0.0004,0.008258,0.311143,0.001314,0.000667,0.001959,-0.003491,0.006981,-0.036469,0.042486,0.043145,-0.005236,-0.003179,0.000757,0.005724,-0.006981,-0.040523,-0.013079,-0.027925,-0.012217,-0.062582,0.412856,-0.060043,-0.055851,0.996146,0.737101,0.063533,-0.001745,0.933568,0.590507
1771633738.389,2685,2,2,0.0000,0.0377,0.9568,0.0000,0.0002,0.0050,0.0003,0.008116,0.310750,0.000996,0.002539,0.003538,-0.003491,0.006981,-0.007140,0.044764,0.040729,-0.005236,0.000272,-0.000033,0.004650,-0.006981,-0.031624,-0.010144,-0.027925,-0.012217,-0.067704,0.421813,-0.057368,-0.055851,0.992650,0.732673,0.059114,-0.001745,0.932712,0.590043
1771633738.493,2688,2,2,0.0000,0.0412,0.9529,0.0000,0.0002,0.0052,0.0004,0.009270,0.307698,0.000227,0.003521,0.004738,-0.003491,0.006981,-0.002791,0.046545,0.039185,-0.005236,0.007327,0.003262,0.007939,-0.008727,-0.018867,-0.004204,-0.027925,-0.012217,-0.070105,0.417955,-0.023713,-0.055851,0.993096,0.733674,0.025458,-0.001745,0.932297,0.589893
1771633738.590,2691,2,2,0.0000,0.0412,0.9534,0.0000,0.0003,0.0047,0.0004,0.008637,0.308043,0.001319,0.004266,0.005581,-0.003491,0.006981,-0.005098,0.048774,0.039434,-0.005236,0.003422,0.000829,0.004199,-0.008727,-0.012949,-0.003485,-0.027925,-0.012217,-0.088655,0.419413,0.030476,-0.055851,0.991532,0.732384,-0.028730,-0.001745,0.931615,0.591090
1771633738.691,2694,2,2,0.0000,0.0333,0.9610,0.0000,0.0002,0.0050,0.0004,0.010079,0.303297,0.001425,0.002184,0.002997,-0.001745,0.006981,-0.006940,0.055318,0.058654,-0.005236,-0.066931,-0.028895,-0.013275,-0.006981,-0.099770,-0.053485,-0.027925,-0.012217,0.016019,0.401788,-0.009324,-0.055851,0.966480,0.728356,0.009324,-0.001745,0.929787,0.587813
1771633738.791,2697,2,2,0.0000,0.0390,0.9555,0.0000,0.0003,0.0048,0.0004,0.010878,0.270768,0.000303,0.004461,0.006103,-0.001745,0.006981,-0.002944,0.051008,0.072551,-0.005236,-0.100521,-0.062567,-0.021937,-0.008727,-0.043767,-0.025395,-0.027925,-0.012217,0.009706,0.343073,-0.011104,-0.055851,0.829663,0.579403,0.012849,-0.001745,0.899487,0.575032
1771633738.891,2700,2,2,0.0001,0.0478,0.9471,0.0000,0.0003,0.0044,0.0004,0.011119,0.274194,0.001969,0.004504,0.004779,-0.001745,0.006981,-0.026662,0.048460,0.077981,-0.005236,-0.066036,-0.041420,-0.022131,-0.008727,-0.036379,-0.017563,-0.027925,-0.012217,0.007936,0.299664,-0.024891,-0.055851,0.861402,0.607393,0.024891,-0.001745,0.913534,0.575504
1771633738.992,2703,2,2,0.0001,0.0476,0.9468,0.0000,0.0003,0.0050,0.0003,0.010050,0.265710,0.001371,0.001868,0.002094,-0.003491,0.006981,-0.083494,0.049785,0.063837,-0.005236,-0.051168,-0.029352,-0.004496,-0.008727,-0.035620,-0.009148,-0.027925,-0.012217,0.004250,0.304004,-0.017629,-0.055851,0.826541,0.527986,0.021119,-0.001745,0.931678,0.572941
1771633739.093,2706,2,2,0.0001,0.0384,0.9548,0.0000,0.0004,0.0062,0.0002,0.051457,0.265612,0.000415,0.000798,0.003406,-0.003491,0.006981,-0.047813,0.047166,-0.021493,-0.005236,0.093122,0.094496,0.077344,-0.006981,0.158245,0.140126,-0.026180,-0.012217,0.005498,0.324387,-0.024202,-0.055851,0.821781,0.533063,0.024202,-0.001745,0.924504,0.553907
1771633739.193,2709,2,2,0.0001,0.0227,0.9701,0.0000,0.0003,0.0066,0.0002,0.029929,0.273933,0.000644,0.001380,0.003005,-0.003491,0.006981,0.015306,0.033661,-0.002142,-0.005236,0.049741,0.062309,0.052756,-0.008727,0.060537,0.077857,-0.026180,-0.012217,0.029473,0.372856,-0.054660,-0.055851,0.826333,0.531972,0.054660,0.000000,0.923752,0.548149
1771633739.296,2712,2,2,0.0000,0.0154,0.9789,0.0000,0.0003,0.0052,0.0001,0.029014,0.270908,0.001298,0.005445,0.006299,-0.003491,0.006981,0.002220,0.027244,-0.030811,-0.005236,0.121176,0.074950,0.081425,-0.008727,0.011274,0.022899,-0.026180,-0.012217,0.018456,0.373490,-0.015546,-0.055851,0.838667,0.532414,0.013801,-0.001745,0.928048,0.546014
1771633739.400,2715,2,2,0.0000,0.0143,0.9811,0.0000,0.0002,0.0042,0.0001,0.017624,0.256806,0.002291,0.002882,0.001871,-0.006981,0.006981,0.016158,0.024677,-0.037033,-0.005236,0.029606,0.038858,0.087648,-0.008727,-0.003150,0.007554,-0.026180,-0.012217,-0.029541,0.442470,-0.022993,-0.055851,0.863243,0.543255,0.019502,-0.001745,0.822381,0.390822
1771633739.497,2718,2,2,0.0000,0.0133,0.9825,0.0000,0.0002,0.0040,0.0001,0.007443,0.268786,0.001861,0.001464,0.001398,-0.006981,0.006981,0.010188,-0.015682,0.045404,-0.005236,-0.023799,-0.012790,0.005211,-0.008727,-0.000355,0.021529,-0.024435,-0.013963,-0.026695,0.465935,-0.001285,-0.054105,0.904239,0.576862,-0.002205,-0.001745,0.849662,0.428738
1771633739.598,2721,2,2,0.0000,0.0124,0.9833,0.0000,0.0002,0.0039,0.0001,0.015789,0.284675,0.001473,0.003353,0.006388,-0.003491,0.006981,0.045692,-0.011303,0.020477,-0.005236,0.002334,0.004189,0.030137,-0.008727,0.023119,0.056538,-0.024435,-0.013963,-0.024707,0.493744,0.003381,-0.055851,0.911408,0.601374,-0.006871,-0.001745,0.909230,0.496966
1771633739.699,2724,2,2,0.0000,0.0106,0.9859,0.0000,0.0002,0.0032,0.0001,0.015237,0.264990,0.001529,0.004782,0.004153,-0.003491,0.006981,0.036779,-0.012541,0.003267,-0.005236,0.015454,0.009658,0.045602,-0.006981,0.011732,0.053368,-0.024435,-0.013963,0.113149,0.492030,0.056947,-0.054105,0.668444,0.393811,-0.060438,0.000000,0.926606,0.528889
1771633739.804,2727,2,2,0.0000,0.0130,0.9834,0.0000,0.0002,0.0033,0.0001,0.013787,0.259185,0.002711,0.001069,0.006245,-0.006981,0.006981,0.038137,-0.010126,0.013384,-0.005236,-0.020129,-0.013515,0.035485,-0.006981,0.023528,0.047926,-0.024435,-0.013963,0.098456,0.469875,0.049779,-0.054105,0.734815,0.434712,-0.053270,0.000000,0.829180,0.493400
1771633739.904,2730,2,2,0.0000,0.0118,0.9845,0.0000,0.0002,0.0034,0.0001,0.008918,0.299860,0.001176,0.002076,0.007547,-0.003491,0.006981,0.025406,-0.001502,0.026093,-0.005236,-0.028404,-0.022549,0.022776,-0.008727,-0.027651,0.025759,-0.024435,-0.015708,0.098099,0.565122,0.120209,-0.052360,0.927508,0.593286,-0.123700,0.000000,0.827268,0.466833
1771633740.002,2733,2,2,0.0000,0.0096,0.9872,0.0000,0.0002,0.0030,0.0001,0.006517,0.302557,0.000535,0.005968,0.004580,-0.003491,0.006981,0.010963,0.013132,0.031678,-0.005236,-0.008437,-0.009769,0.015446,-0.006981,-0.028463,-0.004667,-0.024435,-0.017453,0.071112,0.580199,0.087227,-0.052360,0.940149,0.590005,-0.090718,0.000000,0.881514,0.480481
1771633740.102,2736,2,2,0.0001,0.0246,0.9723,0.0000,0.0005,0.0025,0.0002,0.008199,0.217420,0.000377,0.008303,0.008251,-0.006981,0.006981,0.010105,0.025083,0.030311,-0.005236,0.007351,-0.002505,0.018558,-0.008727,-0.027812,-0.012670,-0.024435,-0.017453,-0.130374,0.512442,0.063076,-0.052360,0.663616,0.282398,-0.066567,0.000000,0.754779,0.332731
1771633740.202,2739,2,2,0.0001,0.0387,0.9574,0.0000,0.0005,0.0031,0.0001,0.007374,0.230232,0.000591,0.002705,0.004481,-0.006981,0.006981,0.003982,0.026690,0.035648,-0.005236,0.003895,0.001557,0.009731,-0.008727,-0.080311,-0.030293,-0.022689,-0.017453,-0.126032,0.534779,0.091738,-0.054105,0.696056,0.289650,-0.095229,0.000000,0.781370,0.369195
1771633740.305,2742,2,2,0.0001,0.0330,0.9637,0.0000,0.0005,0.0025,0.0001,0.008482,0.230245,0.001084,0.003988,0.002110,-0.006981,0.006981,0.006886,0.037297,0.043085,-0.005236,-0.001556,-0.000068,0.007530,-0.008727,-0.080019,-0.041525,-0.022689,-0.017453,-0.147312,0.534756,0.092678,-0.052360,0.690943,0.288700,-0.094423,0.000000,0.783810,0.372059
1771633740.405,2745,2,2,0.0001,0.0239,0.9732,0.0000,0.0005,0.0022,0.0001,0.008783,0.233941,0.000979,0.001255,0.001082,-0.003491,0.006981,0.007067,0.040731,0.033064,-0.005236,-0.001999,-0.001859,0.017550,-0.008727,-0.052659,-0.036943,-0.026180,-0.022689,-0.158707,0.532759,0.099252,-0.061087,0.714178,0.291899,-0.102742,-0.003491,0.795422,0.373777
1771633740.506,2748,2,2,0.0001,0.0327,0.9642,0.0000,0.0004,0.0025,0.0001,0.008470,0.229433,0.001682,0.001958,0.001404,-0.006981,0.006981,0.003870,0.040179,0.034796,-0.005236,-0.002309,-0.003565,0.015818,-0.006981,-0.055478,-0.035122,-0.036652,-0.026180,-0.145792,0.520802,0.103496,-0.075049,0.705833,0.281413,-0.103496,-0.019199,0.802173,0.339484
1771633740.607,2751,2,2,0.0001,0.0214,0.9759,0.0000,0.0005,0.0021,0.0001,0.009081,0.225065,0.000930,0.000497,0.002092,-0.006981,0.006981,-0.004006,0.034196,0.067559,-0.005236,0.000231,-0.004435,-0.016945,-0.006981,-0.037469,-0.021004,-0.045379,-0.038397,-0.113391,0.512357,0.101196,-0.087266,0.715097,0.253669,-0.106432,-0.026180,0.817597,0.300862
1771633740.707,2754,2,2,0.0000,0.0025,0.9875,0.0000,0.0078,0.0022,0.0000,0.010727,0.228427,0.001145,0.000513,0.002471,-0.003491,0.006981,0.003569,0.023762,0.073098,-0.005236,-0.001009,0.001180,-0.015502,-0.006981,-0.015735,0.020130,-0.047124,-0.040143,-0.098746,0.513262,0.100204,-0.089012,0.734191,0.244884,-0.105440,-0.024435,0.860219,0.288359
1771633740.808,2757,2,2,0.0000,0.0042,0.9920,0.0000,0.0025,0.0013,0.0000,0.016568,0.221929,0.000399,0.001534,0.003813,-0.006981,0.008727,0.010095,0.020150,0.102986,-0.005236,-0.020678,-0.004403,-0.040154,-0.008727,0.008057,0.048805,-0.047124,-0.040143,-0.069825,0.512333,0.112365,-0.089012,0.696787,0.216887,-0.117601,-0.017453,0.850583,0.274197
1771633740.911,2760,2,2,0.0001,0.0346,0.9612,0.0000,0.0005,0.0034,0.0001,0.010702,0.218338,0.000478,0.002146,0.002310,-0.006981,0.006981,0.001417,0.022207,0.024752,-0.005236,-0.003279,0.005234,0.039825,-0.008727,-0.017365,0.028005,-0.047124,-0.040143,-0.074582,0.506831,0.110896,-0.089012,0.673693,0.206565,-0.117878,-0.015708,0.848151,0.273922
1771633741.010,2763,2,2,0.0003,0.0486,0.9459,0.0000,0.0006,0.0045,0.0001,0.009475,0.213740,0.000288,0.000366,0.003155,-0.006981,0.006981,-0.009397,0.022380,0.023662,-0.005236,0.006258,0.018743,0.035680,-0.008727,-0.031158,-0.000232,-0.047124,-0.040143,-0.088360,0.508765,0.099412,-0.090757,0.657617,0.204584,-0.106393,-0.015708,0.822748,0.271749
1771633741.111,2766,2,2,0.0003,0.0444,0.9495,0.0000,0.0006,0.0051,0.0001,0.009676,0.219336,0.000299,0.000338,0.003043,-0.006981,0.006981,-0.025771,0.024103,0.037508,-0.005236,0.002676,0.009899,0.021833,-0.008727,-0.017509,0.013109,-0.045379,-0.047124,-0.106863,0.563226,0.010151,-0.089012,0.664780,0.295573,-0.017132,-0.013963,0.823758,0.274541
1771633741.214,2769,2,2,0.0001,0.0262,0.9682,0.0000,0.0005,0.0048,0.0001,0.009284,0.263605,0.000339,0.004191,0.008342,-0.006981,0.006981,-0.014414,0.023921,0.042644,-0.005236,0.002052,0.005229,0.016697,-0.008727,-0.016956,0.013889,-0.047124,-0.052360,-0.095212,0.572711,0.028407,-0.085521,0.876031,0.454008,-0.031898,-0.008727,0.853042,0.379065
1771633741.313,2772,2,2,0.0001,0.0216,0.9744,0.0000,0.0006,0.0033,0.0001,0.019044,0.257765,0.000235,0.006713,0.012501,-0.006981,0.006981,-0.010794,0.022089,0.019538,-0.005236,0.077886,0.044484,0.039803,-0.008727,-0.001141,0.017753,-0.048869,-0.052360,-0.031801,0.606294,0.014594,-0.082030,0.845416,0.407520,-0.018085,-0.005236,0.867025,0.352329
1771633741.414,2775,2,2,0.0001,0.0280,0.9693,0.0000,0.0008,0.0016,0.0001,0.016059,0.217925,0.000895,0.016187,0.020586,-0.006981,0.006981,-0.004117,0.020919,0.028178,-0.005236,0.025055,0.028846,0.029418,-0.008727,0.014690,0.038615,-0.048869,-0.052360,0.249185,0.591650,0.057247,-0.083776,0.642663,0.206320,-0.060738,-0.006981,0.651496,0.216541
1771633741.515,2778,2,2,0.0001,0.0291,0.9677,0.0000,0.0009,0.0021,0.0001,0.018871,0.215757,0.000519,0.001782,0.002754,-0.006981,0.006981,0.052502,0.019602,0.045987,-0.005236,0.008862,0.021060,0.011609,-0.008727,0.014154,0.045697,-0.048869,-0.052360,0.273405,0.576023,0.133985,-0.083776,0.565117,0.114745,-0.137476,-0.006981,0.683407,0.242406
1771633741.616,2781,2,2,0.0001,0.0297,0.9671,0.0000,0.0012,0.0018,0.0001,0.016844,0.190384,0.001064,0.002076,0.001908,-0.006981,0.006981,0.054642,0.022276,0.047043,-0.005236,0.008619,0.013665,0.010553,-0.008727,0.001304,0.037045,-0.050615,-0.052360,0.270635,0.557133,0.120983,-0.085521,0.553091,0.099901,-0.124473,-0.006981,0.548180,0.134684
1771633741.718,2784,2,2,0.0002,0.0401,0.9571,0.0000,0.0013,0.0012,0.0001,0.015282,0.156087,0.001400,0.003019,0.007747,-0.006981,0.006981,0.028432,0.029495,0.043921,-0.005236,0.018892,0.008312,0.013675,-0.008727,-0.003343,0.033681,-0.050615,-0.052360,0.344267,0.531437,0.122138,-0.083776,0.399801,-0.029340,-0.125629,-0.006981,0.426487,0.048914
1771633741.819,2787,2,2,0.0004,0.0520,0.9457,0.0000,0.0010,0.0008,0.0001,0.011546,0.163254,0.000288,0.002834,0.001906,-0.006981,0.006981,0.031228,0.007138,0.045905,-0.005236,0.001879,0.003059,0.009946,-0.008727,-0.005783,0.032419,-0.050615,-0.052360,0.357103,0.531812,0.127805,-0.085521,0.421134,-0.007445,-0.131296,-0.006981,0.457804,0.063390
1771633741.921,2790,2,2,0.0003,0.0383,0.9598,0.0000,0.0007,0.0007,0.0001,0.010408,0.178332,0.000436,0.003898,0.002155,-0.006981,0.006981,0.024203,-0.006814,0.059272,-0.005236,-0.001391,0.000971,0.000070,-0.008727,-0.003331,0.033394,-0.050615,-0.052360,0.378528,0.534530,0.125732,-0.085521,0.499826,0.073605,-0.130968,-0.006981,0.462191,0.065577
1771633742.023,2793,2,2,0.0001,0.0306,0.9676,0.0000,0.0006,0.0010,0.0001,0.013503,0.216158,0.000876,0.002646,0.005152,-0.006981,0.006981,0.026463,-0.018185,0.053446,-0.005236,0.007235,0.008267,0.004150,-0.008727,0.008805,0.046685,-0.050615,-0.052360,0.403926,0.545156,0.124761,-0.083776,0.560594,0.111411,-0.129997,-0.006981,0.655915,0.192131
1771633742.124,2796,2,2,0.0000,0.0298,0.9686,0.0000,0.0007,0.0007,0.0000,0.011862,0.254975,0.002541,0.008820,0.014863,-0.006981,0.006981,0.025836,-0.005443,0.045817,-0.005236,0.001245,0.010262,0.011779,-0.008727,-0.001602,0.040421,-0.050615,-0.052360,0.025850,0.619000,0.003316,-0.083776,0.915684,0.451853,-0.006807,-0.006981,0.773690,0.270312
1771633742.222,2799,2,2,0.0000,0.0250,0.9724,0.0000,0.0010,0.0015,0.0000,0.015621,0.269698,0.000500,0.002969,0.011448,-0.006981,0.006981,0.013700,0.000785,0.018970,-0.005236,0.025946,0.032426,0.038626,-0.008727,0.006318,0.043703,-0.050615,-0.052360,0.102690,0.628130,-0.008185,-0.083776,0.939403,0.468864,0.004695,-0.006981,0.807348,0.285252
1771633742.326,2802,2,2,0.0000,0.0202,0.9752,0.0000,0.0016,0.0029,0.0001,0.022104,0.285957,0.001626,0.003372,0.006326,-0.006981,0.006981,-0.004937,0.041260,0.023822,-0.005236,0.040174,0.051308,0.032029,-0.008727,0.009811,0.059862,-0.050615,-0.054105,0.066486,0.628118,-0.049465,-0.083776,0.949579,0.483960,0.045974,-0.006981,0.933833,0.323530
1771633742.426,2805,2,2,0.0000,0.0156,0.9787,0.0000,0.0010,0.0045,0.0001,0.013967,0.280559,0.000774,0.000692,0.002943,-0.006981,0.006981,0.000959,0.025821,0.031233,-0.005236,0.004110,0.030461,0.024618,-0.008727,-0.000165,0.043422,-0.052360,-0.055851,0.072485,0.568105,-0.045335,-0.083776,0.945407,0.475420,0.043590,-0.006981,0.932870,0.328833
1771633742.524,2808,2,2,0.0000,0.0120,0.9843,0.0000,0.0004,0.0032,0.0001,0.007894,0.286162,0.003708,0.001570,0.002449,-0.006981,0.006981,0.006256,0.018439,0.059500,-0.005236,-0.126343,-0.043053,-0.003649,-0.008727,-0.052200,0.003550,-0.052360,-0.055851,0.082630,0.556618,-0.111446,-0.083776,0.947426,0.476806,0.107955,-0.006981,0.932509,0.329994
1771633742.623,2811,2,2,0.0000,0.0115,0.9836,0.0000,0.0003,0.0044,0.0001,0.007407,0.291319,0.000213,0.000658,0.000619,-0.006981,0.006981,-0.010028,0.011885,0.064516,-0.005236,-0.059139,-0.022918,-0.001684,-0.008727,-0.036376,0.005497,-0.052360,-0.055851,0.091228,0.524290,-0.154527,-0.083776,0.957911,0.501965,0.149291,-0.006981,0.935526,0.335613
1771633742.726,2814,2,2,0.0000,0.0115,0.9839,0.0000,0.0003,0.0042,0.0001,0.007608,0.280967,0.000172,0.001027,0.000691,-0.006981,0.006981,-0.003018,0.008879,0.071584,-0.005236,-0.056710,-0.013675,-0.007007,-0.008727,-0.036910,0.003858,-0.061087,-0.075049,0.035010,0.500286,-0.093822,-0.083776,0.948616,0.516974,0.092077,-0.005236,0.934601,0.344038
1771633742.824,2817,2,2,0.0000,0.0109,0.9845,0.0000,0.0003,0.0042,0.0001,0.006522,0.285614,0.000369,0.000938,0.000806,-0.006981,0.006981,0.000526,0.004979,0.059796,-0.005236,-0.035268,-0.003752,0.003036,-0.008727,-0.029577,0.002952,-0.062832,-0.075049,0.075897,0.479523,-0.095503,-0.085521,0.953153,0.552502,0.095503,-0.006981,0.926593,0.344199
1771633742.924,2820,2,2,0.0000,0.0100,0.9858,0.0000,0.0002,0.0038,0.0001,0.006031,0.284872,0.000992,0.001104,0.000525,-0.006981,0.006981,0.002805,0.001498,0.057242,-0.005236,-0.026984,-0.005565,0.003844,-0.008727,-0.040380,-0.005301,-0.062832,-0.075049,0.080869,0.478603,-0.114684,-0.085521,0.954648,0.547388,0.116429,-0.006981,0.908960,0.331571
1771633743.024,2823,2,2,0.0000,0.0131,0.9828,0.0000,0.0002,0.0038,0.0001,0.005703,0.286106,0.001227,0.000831,0.002197,-0.006981,0.006981,-0.006439,0.002110,0.049432,-0.005236,-0.019781,-0.001436,0.009910,-0.008727,-0.035522,-0.009183,-0.066323,-0.075049,0.085002,0.466601,-0.149849,-0.085521,0.944282,0.545947,0.151594,-0.006981,0.910299,0.329547
1771633743.124,2826,2,2,0.0000,0.0200,0.9758,0.0000,0.0002,0.0039,0.0001,0.008522,0.231072,0.000795,0.001143,0.004862,-0.006981,0.006981,-0.017298,0.003353,-0.010071,-0.005236,0.003952,0.018568,0.069412,-0.008727,-0.029500,-0.003066,-0.073304,-0.075049,0.074031,0.370328,-0.158844,-0.085521,0.743206,0.406531,0.160589,-0.006981,0.768485,0.249698
1771633743.224,2829,2,2,0.0003,0.0656,0.9296,0.0000,0.0005,0.0040,0.0001,0.005833,0.163369,0.000487,0.001129,0.003971,-0.006981,0.006981,-0.002390,0.002882,0.020822,-0.005236,-0.003976,0.004280,0.035029,-0.008727,-0.024336,-0.000851,-0.076794,-0.075049,0.070088,-0.061757,-0.158103,-0.085521,0.762364,0.440479,0.161593,-0.006981,0.430234,0.095674
1771633743.330,2832,1,1,0.0011,0.9318,0.0666,0.0002,0.0001,0.0002,0.0000,0.005627,0.008511,0.000556,0.003855,0.013077,-0.006981,0.006981,-0.002835,0.004694,0.029763,-0.005236,-0.006071,-0.004592,0.026088,-0.008727,-0.028892,-0.008255,-0.082030,-0.075049,-0.201381,-0.109194,-0.098645,-0.085521,-0.038657,-0.200115,0.102136,-0.006981,-0.294584,-0.531942
1771633743.425,2835,1,1,0.0013,0.9924,0.0059,0.0004,0.0000,0.0000,0.0000,0.006085,0.011178,0.000553,0.001201,0.002398,-0.006981,0.006981,0.003034,0.007158,0.029687,-0.005236,-0.003790,-0.010378,0.026163,-0.008727,-0.087052,-0.086078,-0.066323,-0.052360,-0.128644,-0.213833,0.130640,-0.066323,-0.246265,-0.292067,-0.130640,0.003491,-0.356892,-0.442793
1771633743.526,2838,1,1,0.0004,0.9976,0.0018,0.0002,0.0000,0.0000,0.0000,0.007383,0.003419,0.000400,0.001400,0.004825,-0.006981,0.006981,0.014030,0.009994,0.044571,-0.005236,-0.014494,-0.035159,0.013025,-0.008727,-0.052641,-0.049516,-0.038397,-0.029671,-0.099934,-0.229975,0.039280,-0.036652,-0.333461,-0.349009,-0.037535,0.001745,-0.510348,-0.514676
1771633743.626,2841,1,1,0.0003,0.9986,0.0009,0.0001,0.0000,0.0000,0.0001,0.009470,0.004754,0.000553,0.000779,0.004568,-0.006981,0.006981,0.008985,0.011814,0.085862,-0.005236,-0.105717,-0.089239,-0.030012,-0.008727,-0.066676,-0.065958,-0.019199,-0.013963,-0.049883,-0.218019,0.055303,-0.015708,-0.475671,-0.379988,-0.055303,0.001745,-0.473390,-0.444719
1771633743.726,2844,1,1,0.0004,0.9991,0.0003,0.0001,0.0000,0.0000,0.0001,0.007986,0.005882,0.000381,0.001371,0.004998,-0.006981,0.006981,0.010199,0.012754,0.065896,-0.005236,-0.059501,-0.048204,-0.003065,-0.008727,-0.056634,-0.043806,-0.005236,0.000000,-0.049147,-0.284790,0.068833,-0.005236,-0.423482,-0.264221,-0.068833,0.001745,-0.403146,-0.321245
1771633743.827,2847,1,1,0.0005,0.9991,0.0001,0.0001,0.0000,0.0000,0.0001,0.007740,0.004544,0.000378,0.000068,0.001908,-0.006981,0.006981,0.006486,0.014840,0.058595,-0.005236,-0.038398,-0.027446,0.005982,-0.008727,-0.029710,-0.006702,0.000000,0.000000,-0.198047,-0.245238,0.054527,-0.003491,-0.392403,-0.179589,-0.054527,0.000000,-0.314170,-0.209846
1771633743.927,2850,1,1,0.0009,0.9987,0.0001,0.0002,0.0000,0.0000,0.0001,0.013085,0.000419,0.000513,0.002383,0.003113,-0.006981,0.006981,0.010327,0.016360,0.055573,-0.005236,-0.025862,-0.007757,0.007259,-0.008727,0.020745,0.039773,0.000000,-0.001745,-0.156817,-0.211560,-0.001542,0.000000,-0.272114,-0.116714,0.003287,0.001745,-0.220780,-0.144474
1771633744.027,2853,1,1,0.0007,0.9988,0.0001,0.0003,0.0000,0.0000,0.0001,0.009691,0.006138,0.001518,0.006261,0.006892,-0.006981,0.008727,0.006884,0.013032,0.053870,-0.005236,-0.022105,-0.004001,0.008962,-0.008727,0.000351,0.024468,0.000000,0.001745,0.035216,-0.117803,0.034952,0.000000,-0.218090,-0.082299,-0.033207,0.001745,-0.159790,-0.108655
1771633744.127,2856,1,1,0.0000,0.9995,0.0001,0.0003,0.0000,0.0000,0.0000,0.016181,0.001587,0.003142,0.013440,0.019549,-0.006981,0.006981,-0.002665,0.015920,0.036932,-0.005236,0.018285,0.025128,0.024155,-0.008727,0.022635,0.044131,-0.001745,0.001745,-0.027706,0.000992,0.014561,0.000000,-0.160803,-0.061635,-0.005834,0.001745,-0.103629,-0.078283
1771633744.228,2859,1,1,0.0000,0.9999,0.0000,0.0001,0.0000,0.0000,0.0000,0.034434,0.020357,0.003630,0.010104,0.019862,-0.006981,0.006981,-0.002230,0.016135,-0.039969,-0.005236,0.117124,0.107230,0.101055,-0.008727,0.021321,0.043362,0.001745,0.000000,-0.288647,-0.012401,-0.036551,-0.001745,-0.095086,-0.052103,0.047023,0.000000,0.114244,0.081269
1771633744.329,2862,1,1,0.0000,0.9999,0.0000,0.0000,0.0000,0.0000,0.0000,0.022805,0.024476,0.004500,0.009591,0.004276,-0.003491,0.006981,-0.038469,0.009979,-0.054392,-0.005236,0.056279,0.054369,0.110243,-0.008727,0.001542,0.034265,0.001745,-0.001745,-0.171966,-0.011032,-0.022870,0.000000,-0.024422,-0.045065,0.040324,0.000000,0.123793,0.127855
1771633744.429,2865,1,1,0.0000,0.9999,0.0001,0.0000,0.0000,0.0000,0.0000,0.008360,0.016266,0.004287,0.004048,0.013048,-0.006981,0.006981,-0.021972,-0.005749,-0.012502,-0.005236,-0.019004,-0.035616,0.070097,-0.008727,-0.001656,0.023237,0.001745,-0.001745,-0.188053,0.024982,-0.013872,0.001745,-0.053969,-0.042251,0.020853,0.000000,0.050234,0.095629
1771633744.530,2868,1,1,0.0000,0.9999,0.0000,0.0000,0.0000,0.0000,0.0000,0.007778,0.025062,0.001808,0.001436,0.001987,-0.006981,0.008727,-0.009869,0.006620,-0.000414,-0.005236,-0.002126,-0.005840,0.054519,-0.006981,-0.001294,0.023475,0.000000,0.001745,-0.080359,0.004224,0.006045,0.000000,-0.026631,-0.032796,0.002682,-0.001745,0.154640,0.131411
1771633744.634,2871,1,1,0.0000,1.0000,0.0000,0.0000,0.0000,0.0000,0.0000,0.007789,0.008001,0.001494,0.003116,0.010624,-0.006981,0.006981,-0.035944,0.035868,0.027957,-0.005236,-0.042260,-0.010106,0.022657,-0.008727,-0.051863,-0.047364,-0.003491,0.001745,-0.068713,-0.001903,0.029365,0.000000,-0.005122,-0.014820,-0.022384,0.000000,-0.006476,0.064899
1771633744.732,2874,1,1,0.0000,1.0000,0.0000,0.0000,0.0000,0.0000,0.0000,0.007790,0.028103,0.001901,0.002369,0.001375,-0.003491,0.006981,-0.020723,0.035886,0.009421,-0.005236,-0.025963,-0.010303,0.041194,-0.008727,-0.071616,-0.074623,-0.001745,0.003491,-0.056291,-0.006455,-0.033684,0.000000,0.041728,0.034616,0.045901,-0.001745,0.088612,0.122882
1771633744.831,2877,1,1,0.0000,1.0000,0.0000,0.0000,0.0000,0.0000,0.0000,0.008641,0.014944,0.002801,0.002625,0.001314,-0.006981,0.006981,-0.021464,0.044357,0.017241,-0.005236,-0.011624,-0.005831,0.035119,-0.008727,-0.042735,-0.035944,-0.003491,0.001745,-0.022703,-0.004372,-0.026673,-0.001745,0.011064,0.007133,0.051108,-0.001745,0.032686,0.075596
1771633744.934,2880,1,1,0.0000,0.9999,0.0000,0.0000,0.0000,0.0000,0.0000,0.018512,0.010043,0.003029,0.002369,0.005494,-0.006981,0.006981,-0.042234,0.048717,0.029101,-0.005236,0.017755,0.004093,0.023259,-0.006981,0.072906,0.019335,-0.005236,0.001745,-0.002071,0.001633,-0.001976,-0.001745,0.005485,0.000577,0.035137,-0.001745,0.011356,0.064579
1771633745.037,2883,1,1,0.0000,0.9999,0.0000,0.0001,0.0000,0.0000,0.0000,0.019038,0.063581,0.001078,0.003162,0.004072,-0.006981,0.006981,-0.012768,0.042758,0.001605,-0.005236,0.027382,0.021228,0.052500,-0.008727,0.034883,0.041122,-0.003491,0.001745,-0.036928,0.066551,-0.002882,-0.001745,0.032827,0.004969,0.043025,-0.001745,0.361668,0.252189
1771633745.136,2886,1,1,0.0000,0.9930,0.0069,0.0000,0.0000,0.0000,0.0000,0.013614,0.191609,0.000630,0.002298,0.010809,-0.006981,0.006981,0.017935,0.038306,-0.003353,-0.005236,-0.010881,0.008788,0.053967,-0.008727,0.003878,0.033518,-0.003491,0.003491,0.392108,0.155177,0.051462,-0.003491,0.642970,0.368934,-0.013065,-0.001745,0.363982,0.321190
1771633745.236,2889,1,1,0.0000,0.9508,0.0491,0.0000,0.0000,0.0000,0.0000,0.012152,0.098276,0.000801,0.003924,0.003097,-0.003491,0.006981,0.011725,0.021522,-0.004414,-0.005236,-0.005170,0.003051,0.053284,-0.006981,0.006449,0.042811,-0.003491,0.003491,0.107113,0.168965,0.005925,0.000000,0.323757,0.212926,0.030727,-0.001745,0.160106,0.166299
1771633745.337,2892,1,1,0.0000,0.9931,0.0069,0.0000,0.0000,0.0000,0.0000,0.030169,0.037649,0.000733,0.005484,0.024092,-0.006981,0.006981,0.093489,0.017360,0.000697,-0.005236,-0.004200,0.002350,0.051663,-0.006981,0.067515,0.121969,-0.003491,0.003491,0.052378,0.085751,-0.014547,-0.005236,0.102016,0.109758,0.051199,-0.001745,0.015235,0.031959
1771633745.437,2895,1,1,0.0000,0.9984,0.0016,0.0000,0.0000,0.0000,0.0000,0.014729,0.037168,0.000616,0.004847,0.015316,-0.003491,0.006981,0.059512,-0.005699,0.009788,-0.005236,-0.000971,0.003075,0.040826,-0.008727,-0.033635,0.056565,-0.003491,0.003491,-0.057012,0.124473,-0.033950,-0.001745,0.073972,0.075483,0.070602,-0.001745,0.022348,0.075648
1771633745.537,2898,1,1,0.0000,0.9995,0.0004,0.0000,0.0000,0.0000,0.0000,0.015122,0.040575,0.000726,0.001295,0.013333,-0.006981,0.006981,0.042661,-0.003987,0.021533,-0.005236,0.024035,0.017825,0.025591,-0.006981,-0.019461,0.042839,-0.003491,0.006981,0.224191,0.039181,0.005563,-0.005236,0.054464,0.061279,0.031088,-0.001745,-0.057374,0.064148
1771633745.638,2901,1,1,0.0000,0.9997,0.0003,0.0000,0.0000,0.0000,0.0000,0.011502,0.026163,0.000779,0.001238,0.006075,-0.006981,0.006981,0.030109,-0.001395,0.034866,-0.005236,0.005065,0.015541,0.012258,-0.006981,-0.015883,0.033201,-0.003491,0.005236,0.121662,0.035978,0.013834,-0.005236,0.040960,0.075218,0.021073,-0.001745,-0.205601,-0.103364
1771633745.738,2904,1,1,0.0000,0.9999,0.0001,0.0000,0.0000,0.0000,0.0000,0.011349,0.006591,0.000363,0.003863,0.012992,-0.006981,0.006981,0.019704,-0.002371,0.034746,-0.005236,0.012240,0.018389,0.010633,-0.006981,-0.010885,0.033501,-0.003491,0.005236,-0.293267,0.022511,0.014435,-0.005236,-0.293046,0.014698,0.022217,-0.001745,-0.115204,-0.048029
1771633745.843,2907,1,1,0.0000,0.9999,0.0001,0.0001,0.0000,0.0000,0.0000,0.017770,0.004072,0.000666,0.002468,0.028112,-0.006981,0.006981,0.026690,-0.004313,0.035257,-0.005236,0.046654,0.051934,0.010121,-0.006981,-0.003541,0.035607,-0.005236,0.006981,-0.255645,-0.284947,0.039919,-0.006981,-0.686850,-0.374066,0.001969,-0.001745,-0.624428,-0.429881
1771633745.944,2910,1,1,0.0000,0.9999,0.0000,0.0000,0.0000,0.0000,0.0000,0.007873,0.007615,0.001548,0.004642,0.005374,-0.006981,0.006981,0.015198,-0.001277,0.021229,-0.005236,-0.024164,0.000576,0.024150,-0.006981,0.000662,0.025676,-0.008727,0.006981,-0.032535,-0.299147,-0.037273,-0.006981,-0.781704,-0.141441,0.084397,-0.003491,-0.501248,-0.310330
1771633746.042,2913,1,1,0.0000,0.9999,0.0000,0.0000,0.0000,0.0000,0.0000,0.009209,0.010912,0.001023,0.002518,0.005364,-0.006981,0.006981,0.008982,-0.001154,0.015821,-0.005236,-0.033402,-0.015387,0.031303,-0.006981,0.006681,0.040739,-0.006981,0.006981,-0.040074,-0.199966,-0.071598,-0.006981,-0.427508,-0.114152,0.123957,-0.003491,-0.378530,-0.255537
1771633746.141,2916,1,1,0.0000,1.0000,0.0000,0.0000,0.0000,0.0000,0.0000,0.011101,0.005788,0.002100,0.001744,0.000979,-0.003491,0.006981,0.008204,-0.003474,0.011367,-0.005236,-0.023380,-0.023350,0.032266,-0.006981,0.017743,0.056653,-0.006981,0.006981,-0.007819,-0.122532,-0.004882,-0.006981,-0.326179,-0.078330,0.062477,-0.005236,-0.310416,-0.174464
1771633746.242,2919,1,1,0.0000,1.0000,0.0000,0.0000,0.0000,0.0000,0.0000,0.006956,0.024994,0.001202,0.002440,0.006057,-0.003491,0.006981,-0.016384,0.022632,0.044820,-0.005236,-0.078872,-0.066148,-0.001187,-0.006981,-0.062922,0.009044,-0.006981,0.006981,-0.413435,0.172590,0.120359,-0.005236,-0.106899,-0.059359,-0.064509,-0.003491,-0.076856,-0.109637
1771633746.346,2922,1,1,0.0000,0.9995,0.0005,0.0000,0.0000,0.0000,0.0000,0.009407,0.456572,0.000752,0.001456,0.020565,-0.003491,0.006981,-0.087756,0.049696,0.001223,-0.005236,-0.026049,-0.023258,0.045901,-0.008727,-0.037890,0.009079,-0.006981,0.006981,0.872882,0.643876,0.322110,-0.006981,1.063253,0.526967,-0.255787,0.000000,1.163584,0.879207
1771633746.445,2925,1,1,0.0000,0.9981,0.0019,0.0000,0.0000,0.0000,0.0000,0.007746,0.364195,0.000355,0.004628,0.008597,-0.003491,0.006981,-0.039578,0.040587,0.030399,-0.005236,-0.008325,-0.009420,0.014979,-0.006981,-0.036020,-0.022448,-0.005236,0.006981,0.510268,0.229532,0.161888,-0.010472,1.186073,0.515890,-0.099056,0.000000,1.146523,0.613189
1771633746.545,2928,1,1,0.0000,0.9885,0.0115,0.0000,0.0000,0.0000,0.0000,0.008008,0.231152,0.000757,0.001506,0.006457,-0.006981,0.006981,-0.016203,0.041029,0.029407,-0.005236,0.004269,0.000186,0.014226,-0.006981,-0.032505,-0.018590,-0.005236,0.006981,0.227033,0.138880,0.025366,-0.006981,0.881736,0.279566,0.030485,-0.005236,0.804124,0.379655
1771633746.651,2931,1,1,0.0000,0.9101,0.0899,0.0000,0.0000,0.0000,0.0000,0.008082,0.153471,0.000746,0.001505,0.000927,-0.006981,0.006981,-0.006593,0.045930,0.028173,-0.005236,0.000155,0.002029,0.013715,-0.006981,-0.052177,-0.034801,-0.005236,0.006981,0.140892,0.091059,0.003819,-0.006981,0.579663,0.167046,0.048540,-0.005236,0.539483,0.264167
1771633746.748,2934,1,1,0.0000,0.8925,0.1074,0.0000,0.0000,0.0000,0.0000,0.008509,0.122220,0.000140,0.001781,0.002332,-0.006981,0.006981,-0.001394,0.050390,0.025932,-0.005236,0.000344,0.002509,0.015956,-0.006981,-0.037421,-0.021839,-0.005236,0.006981,0.113912,0.080951,-0.094084,-0.005236,0.448132,0.179444,0.135972,-0.003491,0.323799,0.177445
1771633746.848,2937,1,1,0.0000,0.9236,0.0763,0.0000,0.0000,0.0000,0.0000,0.008717,0.082165,0.000492,0.001406,0.001618,-0.006981,0.006981,-0.000670,0.051341,0.021552,-0.005236,-0.001584,0.002653,0.022081,-0.006981,-0.043185,-0.021168,-0.005236,0.006981,0.131961,0.065841,-0.041837,-0.006981,0.270890,0.125479,0.071507,-0.003491,0.184480,0.128839
1771633746.949,2940,1,1,0.0000,0.9980,0.0020,0.0000,0.0000,0.0000,0.0000,0.012718,0.009837,0.001109,0.003610,0.012606,-0.006981,0.006981,-0.005181,0.051473,0.019344,-0.005236,0.003155,0.009685,0.024289,-0.006981,0.014693,0.022998,-0.005236,0.005236,-0.568903,-0.244673,0.112808,-0.006981,-0.950563,-0.654276,-0.088373,-0.003491,-1.049586,-0.810692
1771633747.050,2943,1,1,0.0000,0.9996,0.0004,0.0000,0.0000,0.0000,0.0000,0.030773,0.002763,0.000823,0.001665,0.001983,-0.006981,0.006981,-0.002319,0.037476,-0.003633,-0.005236,0.049533,0.060939,0.045520,-0.006981,0.064829,0.103998,-0.003491,0.006981,-0.781160,-0.217447,0.026171,-0.006981,-1.252248,-0.407031,-0.003482,-0.003491,-1.348386,-0.551403
1771633747.150,2946,1,1,0.0000,0.9999,0.0001,0.0000,0.0000,0.0000,0.0000,0.019587,0.004278,0.001065,0.001493,0.009199,-0.006981,0.006981,0.004224,0.028365,0.009108,-0.005236,0.019280,0.026909,0.031035,-0.006981,0.043033,0.066110,-0.003491,0.006981,-0.642505,-0.242425,-0.025158,-0.005236,-0.968630,-0.252277,0.044357,-0.001745,-1.037587,-0.356395
1771633747.251,2949,1,1,0.0000,0.9999,0.0001,0.0000,0.0000,0.0000,0.0000,0.017060,0.007297,0.000463,0.000861,0.003266,-0.006981,0.006981,0.022206,0.018213,0.051391,-0.005236,-0.045977,-0.024227,-0.009503,-0.006981,0.037717,0.068214,-0.005236,0.005236,-0.395370,-0.190621,-0.056146,-0.003491,-0.756254,-0.155751,0.082326,-0.001745,-0.793522,-0.233339
1771633747.354,2952,1,1,0.0000,0.9999,0.0001,0.0000,0.0000,0.0000,0.0000,0.006543,0.002909,0.000800,0.003875,0.008298,-0.003491,0.006981,0.017087,0.010813,0.041854,-0.005236,-0.073927,-0.067073,0.001779,-0.006981,-0.086956,-0.039066,-0.005236,0.005236,-0.224431,-0.135740,0.000254,-0.003491,-0.505198,-0.102389,0.029417,-0.001745,-0.553883,-0.156479
1771633747.451,2955,1,1,0.0000,0.9999,0.0000,0.0000,0.0000,0.0000,0.0000,0.005693,0.007308,0.000393,0.004469,0.004264,-0.006981,0.006981,0.010293,0.009152,0.018159,-0.005236,-0.042071,-0.038619,0.023729,-0.006981,-0.026434,-0.005963,-0.003491,0.005236,-0.139439,-0.088947,0.082462,-0.005236,-0.248158,-0.080318,-0.051047,0.000000,-0.138287,-0.131954
1771633747.553,2958,1,1,0.0000,0.9999,0.0000,0.0000,0.0000,0.0000,0.0000,0.011723,0.005110,0.000686,0.002028,0.003157,-0.006981,0.006981,0.087951,0.009090,0.022178,-0.005236,-0.025852,-0.024687,0.014474,-0.006981,-0.032330,-0.017163,-0.003491,0.003491,-0.008438,-0.022088,0.057831,-0.003491,-0.114242,-0.090937,-0.019434,0.000000,-0.059097,-0.058345
1771633747.652,2961,1,1,0.0000,0.9999,0.0000,0.0001,0.0000,0.0000,0.0000,0.007039,0.025085,0.001385,0.004786,0.013260,-0.006981,0.006981,0.031009,0.009822,0.029294,-0.005236,-0.021560,-0.010469,0.007358,-0.006981,-0.086246,-0.054853,-0.003491,0.005236,0.019847,0.051356,0.096485,-0.003491,-0.050766,-0.062001,-0.049361,0.003491,0.124604,-0.037478
1771633747.754,2964,1,1,0.0000,0.9999,0.0000,0.0000,0.0000,0.0000,0.0000,0.006396,0.025256,0.001403,0.008682,0.013826,-0.006981,0.006981,0.008538,0.021522,0.039707,-0.005236,-0.032107,-0.006952,-0.001309,-0.005236,-0.067015,-0.034251,-0.005236,0.003491,-0.006931,0.026208,0.156386,-0.005236,-0.019419,-0.066402,-0.107517,0.001745,0.059723,0.055524
1771633747.853,2967,1,1,0.0000,1.0000,0.0000,0.0000,0.0000,0.0000,0.0000,0.005747,0.034598,0.000709,0.003659,0.004559,-0.003491,0.006981,-0.003651,0.017984,0.035328,-0.005236,-0.024011,0.002108,0.006560,-0.005236,-0.042997,-0.020876,-0.003491,0.003491,0.023272,0.025284,0.112935,-0.001745,-0.014120,-0.052410,-0.069302,0.000000,0.167406,0.082783
1771633747.953,2970,1,1,0.0000,0.9999,0.0001,0.0000,0.0000,0.0000,0.0000,0.009950,0.093959,0.001244,0.002737,0.003386,-0.006981,0.006981,-0.000338,0.015046,0.033044,-0.005236,0.020201,0.037025,0.007099,-0.005236,-0.030753,-0.008073,-0.005236,0.001745,0.069892,0.044324,0.019773,-0.003491,0.372797,0.095657,0.018624,0.003491,0.268067,0.233144
1771633748.053,2973,1,1,0.0000,0.9997,0.0003,0.0000,0.0000,0.0000,0.0000,0.035154,0.061947,0.002758,0.004470,0.021376,-0.003491,0.006981,-0.004474,0.009080,-0.007456,-0.005236,0.075166,0.093507,0.047599,-0.008727,0.103110,0.086403,-0.003491,0.001745,0.249001,0.029910,0.060499,-0.003491,0.093784,-0.002473,-0.022102,0.000000,0.166119,0.142302
1771633748.153,2976,1,1,0.0000,0.9997,0.0003,0.0000,0.0000,0.0000,0.0000,0.017653,0.036904,0.002681,0.004132,0.010014,-0.003491,0.006981,-0.005029,0.004641,-0.005692,-0.005236,0.028262,0.047687,0.049325,-0.006981,0.029701,0.045243,-0.003491,0.003491,0.105396,0.051126,0.102207,-0.003491,-0.023824,-0.017604,-0.051592,0.000000,0.081842,0.098788
1771633748.255,2979,1,1,0.0000,0.9990,0.0010,0.0000,0.0000,0.0000,0.0000,0.009875,0.076704,0.001863,0.001523,0.008967,-0.006981,0.006981,-0.056704,-0.006457,0.027729,-0.005236,0.003084,0.017596,0.015905,-0.006981,0.004688,0.042521,-0.006981,0.001745,0.069317,0.042668,0.061827,-0.003491,0.133726,0.012067,-0.012958,0.000000,0.300051,0.299046
1771633748.354,2982,1,1,0.0000,0.9918,0.0082,0.0000,0.0000,0.0000,0.0000,0.021670,0.067459,0.001819,0.001591,0.010658,-0.003491,0.008727,-0.002335,-0.003184,-0.005631,-0.005236,-0.002265,-0.003864,0.047518,-0.006981,0.104365,0.099428,-0.006981,0.001745,0.352123,0.077946,0.085186,-0.001745,0.049206,0.020365,-0.031081,0.000000,0.096400,0.126533
1771633748.454,2985,1,1,0.0000,0.9284,0.0716,0.0000,0.0000,0.0000,0.0000,0.013706,0.099152,0.001492,0.000491,0.006625,-0.006981,0.008727,-0.005569,0.005136,0.015210,-0.005236,-0.004071,0.003434,0.026678,-0.006981,0.035435,0.069849,-0.003491,0.005236,0.233669,0.120196,0.083156,-0.003491,0.286259,0.154441,-0.029051,0.000000,0.167653,0.139212
1771633748.554,2988,1,1,0.0000,0.9466,0.0533,0.0000,0.0000,0.0000,0.0001,0.014999,0.071450,0.000905,0.001827,0.004097,-0.006981,0.008727,-0.011933,0.014573,-0.006059,-0.005236,0.002646,0.023413,0.047947,-0.006981,0.010950,0.071737,-0.003491,0.005236,0.124523,0.089173,0.064360,-0.003491,0.129973,0.073420,-0.008509,0.000000,0.179672,0.191038
1771633748.655,2991,1,1,0.0000,0.9922,0.0077,0.0000,0.0000,0.0000,0.0000,0.011291,0.042425,0.000776,0.002286,0.015291,-0.006981,0.008727,-0.036529,0.012016,0.019926,-0.005236,0.019176,0.032624,0.025453,-0.005236,-0.111137,0.017570,-0.005236,0.008727,0.030216,0.086144,0.013951,-0.005236,0.069785,0.048927,0.043645,-0.001745,0.090683,0.117026
1771633748.755,2994,1,1,0.0000,0.9984,0.0016,0.0000,0.0000,0.0000,0.0000,0.009596,0.029748,0.000555,0.003621,0.002889,-0.006981,0.008727,-0.009636,0.011432,0.012213,-0.005236,0.015717,0.027388,0.031420,-0.006981,-0.045230,0.008250,-0.006981,0.008727,-0.186693,0.040905,-0.043455,-0.005236,0.038821,0.026731,0.095815,-0.001745,0.053815,0.092166
1771633748.855,2997,1,1,0.0000,0.9995,0.0004,0.0000,0.0000,0.0000,0.0000,0.007956,0.016279,0.000461,0.004414,0.004676,-0.006981,0.008727,0.004048,0.012119,0.041957,-0.005236,-0.009296,0.014963,0.001677,-0.006981,-0.029999,0.011977,-0.005236,0.008727,-0.221795,-0.087501,-0.064772,-0.005236,0.005284,0.011363,0.108405,-0.001745,-0.050811,0.061571
1771633748.955,3000,1,1,0.0000,0.9999,0.0001,0.0000,0.0000,0.0000,0.0000,0.052461,0.003927,0.001420,0.003419,0.003823,-0.006981,0.008727,0.014099,0.008235,0.005492,-0.005236,0.000322,0.008173,0.039887,-0.006981,0.281250,0.263342,-0.005236,0.006981,-0.270471,-0.112547,0.015290,-0.005236,-0.257712,-0.166761,0.024853,-0.001745,-0.203220,-0.092873
1771633749.056,3003,1,1,0.0000,0.9999,0.0000,0.0000,0.0000,0.0000,0.0000,0.012741,0.004509,0.000572,0.001732,0.002900,-0.003491,0.008727,0.018565,0.010594,0.053858,-0.005236,-0.016438,-0.001343,-0.008480,-0.006981,-0.016726,0.061154,-0.005236,0.006981,-0.264843,-0.097237,0.010680,-0.005236,-0.298820,-0.169797,0.036444,-0.003491,-0.186285,-0.163051
1771633749.156,3006,1,1,0.0000,0.9999,0.0000,0.0000,0.0000,0.0000,0.0000,0.018280,0.004072,0.000791,0.000618,0.011207,-0.006981,0.008727,0.021524,0.008313,0.066863,-0.005236,-0.062475,-0.036374,-0.019739,-0.006981,0.047432,0.066499,-0.003491,0.006981,-0.023306,-0.048377,0.029180,-0.005236,-0.253712,-0.114273,0.012708,-0.001745,-0.256410,-0.195105
1771633749.257,3009,1,1,0.0000,0.9999,0.0000,0.0001,0.0000,0.0000,0.0000,0.013007,0.032597,0.000418,0.003822,0.026462,-0.006981,0.008727,0.008474,0.005693,0.048235,-0.005236,-0.046194,-0.031431,0.002379,-0.005236,0.019307,0.063266,-0.005236,0.005236,0.234226,0.107233,0.044463,-0.005236,-0.179306,-0.079521,-0.009557,-0.001745,-0.177477,-0.116537
1771633749.356,3012,1,1,0.0000,0.9999,0.0000,0.0000,0.0000,0.0000,0.0000,0.012564,0.117950,0.000767,0.002202,0.006483,-0.006981,0.008727,0.011879,0.003851,0.080812,-0.005236,-0.050051,-0.032253,-0.028452,-0.006981,-0.098798,0.045493,-0.003491,0.005236,0.414331,0.130915,0.091102,-0.005236,0.263964,0.109805,-0.043978,-0.001745,0.236217,0.163826
1771633749.456,3015,1,1,0.0000,0.9938,0.0062,0.0000,0.0000,0.0000,0.0000,0.007779,0.139194,0.000972,0.000236,0.004265,-0.003491,0.008727,0.002396,0.003361,0.078865,-0.005236,-0.055882,-0.023100,-0.028251,-0.006981,-0.134760,-0.075021,-0.005236,0.005236,0.249460,0.167164,0.095703,-0.005236,0.351836,0.170640,-0.041597,-0.001745,0.348961,0.281329
1771633749.557,3018,1,1,0.0000,0.9832,0.0167,0.0000,0.0000,0.0000,0.0000,0.005476,0.088695,0.000667,0.000483,0.000446,-0.003491,0.008727,-0.009961,0.004621,0.040316,-0.005236,-0.022411,-0.000235,0.012044,-0.006981,-0.073595,-0.035304,-0.005236,0.005236,0.155352,0.123590,0.067122,-0.005236,0.203685,0.112802,-0.006035,-0.001745,0.201786,0.194772
1771633749.657,3021,1,1,0.0000,0.9748,0.0251,0.0000,0.0000,0.0000,0.0000,0.005510,0.106550,0.001156,0.002008,0.010341,-0.006981,0.008727,-0.006155,0.001177,0.006428,-0.005236,0.000091,0.007258,0.042441,-0.008727,-0.040688,-0.025817,-0.005236,0.003491,0.187617,0.146769,0.053183,-0.005236,0.248774,0.164734,0.002667,-0.001745,0.216742,0.254619
1771633749.757,3024,1,1,0.0000,0.9558,0.0441,0.0000,0.0000,0.0000,0.0001,0.038124,0.106517,0.000354,0.000738,0.001289,-0.003491,0.008727,0.003556,-0.001361,0.004930,-0.005236,0.003833,0.004478,0.040449,-0.006981,0.282740,0.108775,-0.003491,0.000000,0.319439,0.124632,0.122471,-0.005236,0.311900,0.141265,-0.075348,-0.003491,0.108719,0.149781
1771633749.858,3027,1,1,0.0000,0.9771,0.0227,0.0000,0.0000,0.0000,0.0001,0.011097,0.080953,0.000494,0.004854,0.003912,-0.006981,0.008727,-0.003166,-0.003184,0.028685,-0.005236,0.004285,0.003034,0.013203,-0.006981,0.022127,0.053097,-0.001745,0.005236,0.263904,0.184609,0.011252,0.000000,0.208366,0.102015,0.030636,-0.003491,0.076157,0.089260
1771633749.960,3030,1,1,0.0000,0.9580,0.0417,0.0000,0.0000,0.0000,0.0002,0.007682,0.090122,0.000208,0.001860,0.001500,-0.006981,0.008727,0.001881,-0.004020,0.042306,-0.005236,0.002117,0.015056,-0.000418,-0.006981,-0.033240,0.022093,-0.001745,-0.001745,0.244756,0.181852,0.020756,-0.005236,0.240709,0.179960,0.015896,0.000000,0.094973,0.102565
1771633750.059,3033,1,1,0.0000,0.9277,0.0720,0.0000,0.0000,0.0000,0.0002,0.012967,0.076617,0.000453,0.001279,0.000489,-0.006981,0.008727,0.002963,-0.003376,0.044246,-0.005236,0.022627,0.048399,0.001133,-0.006981,-0.014149,0.027512,-0.001745,-0.006981,0.237751,0.162758,0.009482,-0.001745,0.147266,0.116673,0.020189,0.000000,0.118185,0.107102
1771633750.159,3036,1,1,0.0000,0.9678,0.0319,0.0000,0.0000,0.0000,0.0002,0.014441,0.069521,0.000653,0.000400,0.000487,-0.003491,0.008727,0.003122,-0.002662,0.044370,-0.005236,0.025310,0.053614,0.002754,-0.005236,-0.002774,0.035394,-0.001745,-0.006981,0.230032,0.139216,0.010287,-0.001745,0.096378,0.096875,0.021129,0.008727,0.120672,0.110933
1771633750.259,3039,1,1,0.0000,0.9845,0.0154,0.0000,0.0000,0.0000,0.0001,0.014724,0.061660,0.000237,0.000573,0.001981,-0.006981,0.008727,0.002565,-0.002733,0.038288,-0.005236,0.033984,0.050027,0.005346,-0.006981,-0.001664,0.037750,-0.001745,-0.003491,0.213758,0.109977,0.010602,-0.001745,0.069560,0.075186,0.017323,0.008727,0.123414,0.111377
1771633750.359,3042,1,1,0.0000,0.9785,0.0214,0.0000,0.0000,0.0000,0.0000,0.011288,0.071813,0.000522,0.000991,0.003228,-0.006981,0.008727,0.000053,-0.003839,0.032740,-0.005236,0.010718,0.039130,0.009148,-0.006981,-0.006791,0.034940,-0.003491,0.000000,0.201243,0.075461,-0.001389,-0.001745,0.076664,0.102251,0.027569,0.008727,0.201689,0.168156
1771633750.460,3045,1,1,0.0000,0.7495,0.2503,0.0000,0.0000,0.0001,0.0001,0.008894,0.088403,0.000223,0.003151,0.002871,-0.006981,0.008727,-0.005415,-0.004105,0.029857,-0.005236,0.005064,0.033803,0.008540,-0.006981,-0.006758,0.020742,-0.005236,0.001745,0.180818,0.051751,-0.080181,-0.001745,0.089681,0.141599,0.115087,0.008727,0.245474,0.225957
1771633750.560,3048,1,1,0.0000,0.6382,0.3616,0.0000,0.0000,0.0000,0.0001,0.005553,0.079594,0.002004,0.003094,0.003591,-0.006981,0.008727,-0.006245,0.001174,0.027051,-0.005236,-0.000520,0.020086,0.009601,-0.006981,-0.050400,-0.029756,-0.005236,0.008727,0.172849,0.026886,-0.021979,-0.001745,0.086457,0.140842,0.065612,0.005236,0.238095,0.210420
1771633750.662,3051,1,1,0.0000,0.5661,0.4337,0.0000,0.0000,0.0000,0.0002,0.006028,0.080100,0.001073,0.001425,0.001594,-0.006981,0.008727,-0.005028,0.026958,0.030037,-0.005236,-0.031974,-0.013433,0.006615,-0.006981,-0.026890,-0.015006,-0.005236,0.013963,0.167300,0.030800,-0.001533,-0.001745,0.171104,0.191009,0.053893,0.000000,0.210342,0.122785
1771633750.760,3054,1,1,0.0000,0.7782,0.2215,0.0000,0.0000,0.0000,0.0001,0.006850,0.070895,0.000329,0.001913,0.003458,-0.006981,0.008727,-0.008686,0.036818,0.030345,-0.005236,-0.021379,-0.007905,0.006307,-0.006981,-0.021525,-0.012185,-0.005236,0.015708,0.158977,0.012063,0.007058,-0.001745,0.097461,0.136921,0.034830,0.005236,0.223198,0.159292
1771633750.860,3057,2,1,0.0001,0.2764,0.7225,0.0002,0.0000,0.0006,0.0003,0.007019,0.061275,0.000258,0.005961,0.009540,-0.006981,0.008727,-0.003327,0.038854,0.029174,-0.005236,-0.014116,-0.019777,0.007478,-0.006981,-0.021841,-0.026594,-0.005236,0.020944,0.151804,0.008819,0.005133,-0.001745,0.078976,0.103585,0.029773,0.005236,0.193170,0.137858
1771633750.961,3060,2,2,0.0001,0.0435,0.9558,0.0002,0.0000,0.0004,0.0001,0.013756,0.046557,0.000196,0.000965,0.006418,-0.006981,0.008727,0.001526,0.042486,0.022592,-0.005236,-0.006923,-0.011699,0.012314,-0.006981,0.045612,0.031819,-0.005236,0.027925,0.141938,0.001966,0.053414,-0.001745,-0.017077,-0.029275,-0.027234,0.005236,0.180604,0.147605
1771633751.062,3063,2,2,0.0000,0.0185,0.9813,0.0000,0.0000,0.0002,0.0000,0.019801,0.061312,0.001505,0.002032,0.006823,-0.006981,0.008727,0.007614,0.037685,0.018315,-0.005236,-0.003003,-0.006289,0.014847,-0.006981,0.081697,0.068731,-0.006981,0.034907,0.159121,0.006090,0.055401,-0.001745,0.010330,-0.006206,-0.037948,0.008727,0.263471,0.197694
1771633751.161,3066,2,2,0.0000,0.0035,0.9964,0.0000,0.0000,0.0001,0.0000,0.015432,0.056493,0.000687,0.001489,0.003009,-0.006981,0.008727,0.014437,0.031273,0.022556,-0.005236,-0.004276,-0.017434,0.010605,-0.006981,0.047900,0.049683,-0.006981,0.036652,0.130037,0.036167,0.050667,-0.001745,0.009369,-0.005819,-0.036705,0.010472,0.218908,0.185641
1771633751.262,3069,2,2,0.0001,0.0538,0.9457,0.0001,0.0000,0.0003,0.0000,0.017340,0.015857,0.000237,0.001148,0.000908,-0.006981,0.008727,0.009746,0.030103,0.031094,-0.005236,-0.003110,-0.008557,0.003813,-0.006981,0.050435,0.074161,-0.006981,0.036652,-0.178198,0.021322,-0.014990,-0.003491,-0.104294,-0.084236,0.027207,0.010472,0.020284,0.074347
1771633751.362,3072,1,1,0.0000,0.9404,0.0588,0.0006,0.0000,0.0002,0.0000,0.013650,0.005283,0.000357,0.000609,0.009786,-0.003491,0.008727,0.010192,0.026346,0.026760,-0.005236,-0.005235,-0.005182,0.006402,-0.006981,0.024304,0.061074,-0.006981,0.036652,-0.434193,-0.190109,0.016267,-0.001745,-0.418385,-0.254856,-0.005795,0.010472,-0.075882,-0.000292
1771633751.462,3075,1,1,0.0000,0.9985,0.0013,0.0001,0.0000,0.0000,0.0000,0.006029,0.013768,0.001279,0.000512,0.007069,-0.006981,0.008727,0.001318,0.027372,0.029271,-0.005236,-0.005003,-0.001573,0.003891,-0.006981,-0.110304,0.001775,-0.003491,0.029671,-0.475131,-0.187961,-0.123329,-0.001745,-0.611326,-0.349115,0.135546,0.000000,-0.337454,-0.276730
1771633751.562,3078,1,1,0.0000,0.9997,0.0003,0.0000,0.0000,0.0000,0.0000,0.005965,0.008960,0.000690,0.001101,0.001195,-0.006981,0.008727,0.001600,0.028094,0.022881,-0.005236,-0.001888,-0.001797,0.010280,-0.006981,-0.074827,-0.041553,-0.005236,0.024435,-0.361173,-0.103249,-0.070868,-0.001745,-0.440067,-0.262781,0.081340,0.001745,-0.378426,-0.300203
1771633751.662,3081,1,1,0.0000,0.9999,0.0001,0.0000,0.0000,0.0000,0.0000,0.005896,0.008237,0.000406,0.000982,0.001210,-0.006981,0.008727,-0.002091,0.028796,0.024921,-0.005236,0.001089,0.000726,0.006495,-0.006981,-0.091464,-0.067094,-0.003491,0.019199,-0.205540,-0.067989,-0.067431,-0.003491,-0.244424,-0.150202,0.077903,0.001745,-0.209607,-0.168885
1771633751.763,3084,1,1,0.0000,0.9999,0.0000,0.0000,0.0000,0.0000,0.0000,0.045113,0.005278,0.000526,0.001041,0.001720,-0.006981,0.008727,-0.013051,0.026755,-0.095527,-0.005236,0.177835,0.197612,0.130434,-0.008727,-0.001259,-0.013927,-0.003491,0.013963,-0.129613,-0.047428,-0.035409,-0.005236,-0.159554,-0.099387,0.047626,0.001745,-0.145201,-0.119248
1771633751.863,3087,1,1,0.0000,0.9999,0.0000,0.0001,0.0000,0.0000,0.0000,0.026895,0.003596,0.001406,0.010093,0.010402,-0.006981,0.008727,-0.004450,0.023138,-0.040342,-0.005236,0.094188,0.113213,0.076994,-0.006981,0.001842,0.004638,-0.003491,0.010472,-0.096876,-0.035889,-0.013479,-0.003491,-0.164157,-0.102712,0.032677,0.000000,-0.178944,-0.147190
1771633751.963,3090,1,1,0.0000,0.9999,0.0000,0.0001,0.0000,0.0000,0.0000,0.013699,0.004065,0.001040,0.005273,0.004816,-0.006981,0.008727,-0.018466,0.019042,0.015493,-0.005236,0.039343,0.060627,0.021159,-0.006981,-0.002157,-0.002404,-0.003491,0.008727,-0.073296,-0.025734,-0.017363,-0.003491,-0.143071,-0.098855,0.040053,0.000000,-0.083811,-0.097112
1771633752.064,3093,1,1,0.0000,1.0000,0.0000,0.0000,0.0000,0.0000,0.0000,0.006923,0.007139,0.000167,0.001206,0.001465,-0.006981,0.008727,-0.032696,0.020087,0.054260,-0.005236,-0.130697,-0.089514,-0.012372,-0.006981,-0.144764,-0.109575,-0.003491,0.006981,-0.048614,-0.002499,-0.002641,-0.003491,-0.094287,-0.061100,0.027075,0.000000,0.048417,0.003198
1771633752.163,3096,1,1,0.0000,1.0000,0.0000,0.0000,0.0000,0.0000,0.0000,0.006319,0.021437,0.000625,0.004597,0.005205,-0.006981,0.008727,-0.067821,0.019983,0.041519,-0.005236,-0.094187,-0.045438,0.005605,-0.006981,-0.080228,-0.049822,-0.003491,0.005236,0.028755,0.090379,0.017117,-0.005236,-0.057785,-0.050355,0.000336,0.001745,0.079581,0.034092
1771633752.266,3099,1,1,0.0000,1.0000,0.0000,0.0000,0.0000,0.0000,0.0000,0.006428,0.074802,0.001007,0.001753,0.003834,-0.006981,0.008727,-0.030402,0.019249,0.049156,-0.005236,-0.052420,-0.019671,-0.002032,-0.008727,-0.062351,-0.034329,-0.003491,0.005236,0.057545,0.111654,0.106984,-0.005236,0.105330,-0.002310,-0.082549,0.000000,0.244167,0.266711
1771633752.365,3102,1,1,0.0000,0.9999,0.0001,0.0000,0.0000,0.0000,0.0000,0.007993,0.101928,0.000629,0.000287,0.000672,-0.006981,0.008727,-0.002715,0.017452,0.069733,-0.005236,-0.136845,-0.048653,-0.020864,-0.005236,-0.123954,-0.043341,-0.005236,0.005236,0.303980,0.139997,0.189699,-0.005236,0.195584,0.054698,-0.165265,0.000000,0.165132,0.168807
1771633752.465,3105,1,1,0.0000,0.9995,0.0005,0.0000,0.0000,0.0000,0.0000,0.006633,0.054396,0.001062,0.001022,0.002409,-0.006981,0.008727,0.005449,0.016556,0.048378,-0.005236,-0.057435,-0.017927,0.000491,-0.006981,-0.050107,-0.017823,-0.005236,0.005236,0.129254,0.092127,0.129520,-0.005236,0.072676,0.033335,-0.099849,0.000000,0.078580,0.112024
1771633752.567,3108,1,1,0.0000,0.9992,0.0007,0.0000,0.0000,0.0000,0.0000,0.006496,0.037601,0.000827,0.000420,0.001257,-0.006981,0.008727,0.003987,0.015568,0.049669,-0.005236,-0.048771,-0.023863,-0.000800,-0.006981,-0.039218,-0.005119,-0.003491,0.006981,0.071391,0.052539,0.094049,-0.003491,0.051560,0.037149,-0.066124,0.000000,0.045909,0.091639
1771633752.666,3111,1,1,0.0000,0.9994,0.0006,0.0000,0.0000,0.0000,0.0000,0.007132,0.024304,0.000902,0.002948,0.006605,-0.006981,0.008727,0.003757,0.016324,0.056167,-0.005236,-0.039480,-0.012078,-0.005553,-0.006981,-0.034585,0.000612,-0.005236,0.008727,0.029993,0.029446,0.114201,-0.003491,-0.049499,-0.031333,-0.088021,0.000000,0.023231,0.086055
1771633752.767,3114,1,1,0.0000,0.9998,0.0002,0.0000,0.0000,0.0000,0.0000,0.008154,0.013967,0.000756,0.000173,0.003214,-0.006981,0.008727,-0.008620,0.017549,0.061812,-0.005236,-0.011456,0.005720,-0.005961,-0.005236,-0.026599,0.004040,-0.005236,0.008727,-0.002324,0.006096,0.069810,-0.003491,-0.054601,-0.028048,-0.041885,0.000000,0.005882,0.077087
1771633752.868,3117,1,1,0.0000,0.9999,0.0001,0.0000,0.0000,0.0000,0.0000,0.011899,0.014846,0.001951,0.000742,0.002583,-0.006981,0.008727,0.024565,0.024623,0.062576,-0.005236,0.000470,0.016712,-0.003235,-0.006981,-0.019060,0.005112,-0.003491,0.008727,-0.017829,-0.001429,0.078417,-0.003491,-0.074633,-0.032673,-0.047001,-0.001745,0.004378,0.086637
1771633752.974,3120,1,1,0.0000,1.0000,0.0000,0.0000,0.0000,0.0000,0.0000,0.024608,0.013927,0.000293,0.001005,0.000895,-0.006981,0.008727,0.014637,0.030055,0.083000,-0.005236,0.012461,0.017413,-0.020168,-0.006981,0.085957,0.043050,-0.003491,0.008727,-0.006198,-0.000487,0.075170,-0.003491,-0.078351,-0.029276,-0.043754,-0.001745,-0.000216,0.083222
1771633753.071,3123,1,1,0.0000,0.9999,0.0000,0.0000,0.0000,0.0000,0.0000,0.025410,0.011429,0.000341,0.002354,0.010682,-0.006981,0.008727,0.006370,0.019162,0.058386,-0.005236,0.029198,0.034698,0.002701,-0.006981,0.073357,0.072324,-0.003491,0.005236,-0.008684,0.002051,0.061115,-0.003491,-0.113473,-0.042795,-0.022718,-0.001745,-0.039863,0.068747
1771633753.173,3126,1,1,0.0000,0.9999,0.0000,0.0000,0.0000,0.0000,0.0000,0.016410,0.008784,0.000257,0.001320,0.002591,-0.006981,0.008727,-0.000325,0.015400,0.053353,-0.005236,0.005228,0.023756,0.002497,-0.006981,0.036177,0.051785,-0.005236,0.005236,-0.043223,-0.001281,0.041624,-0.003491,-0.078909,-0.032347,0.002009,-0.001745,-0.046596,0.056542
1771633753.274,3129,1,1,0.0000,0.9999,0.0000,0.0000,0.0000,0.0000,0.0000,0.012615,0.007021,0.000120,0.000816,0.000718,-0.006981,0.008727,0.007705,0.013981,0.045727,-0.005236,-0.000492,0.010877,0.010124,-0.006981,0.009496,0.044746,-0.003491,0.005236,-0.009600,-0.004981,0.033188,-0.003491,-0.066118,-0.024787,0.001719,-0.001745,-0.048321,0.044109
1771633753.373,3132,1,1,0.0000,0.9999,0.0000,0.0000,0.0000,0.0000,0.0000,0.009802,0.023300,0.002413,0.002647,0.003476,-0.006981,0.008727,0.005044,-0.004466,0.062836,-0.005236,-0.010291,-0.013834,-0.008731,-0.006981,-0.000544,0.041018,-0.005236,0.003491,0.113202,0.007241,-0.027445,-0.003491,-0.067290,-0.025684,0.062352,-0.001745,0.021624,0.071690
1771633753.474,3135,1,1,0.0000,1.0000,0.0000,0.0000,0.0000,0.0000,0.0000,0.009993,0.035678,0.000683,0.001964,0.002338,-0.006981,0.008727,0.013937,-0.002933,0.054419,-0.005236,-0.002368,-0.004609,0.001432,-0.006981,-0.004928,0.041396,-0.003491,0.005236,0.129859,0.022857,0.044240,-0.003491,-0.143327,-0.097510,-0.014570,-0.001745,0.082005,0.143939
1771633753.575,3138,1,1,0.0000,0.9999,0.0001,0.0000,0.0000,0.0000,0.0000,0.010907,0.108502,0.000451,0.001695,0.002978,-0.006981,0.008727,0.005411,-0.001016,0.076751,-0.005236,-0.006955,-0.004079,-0.017410,-0.006981,-0.008850,0.039999,-0.003491,0.005236,0.143559,0.016856,-0.072408,-0.003491,0.229964,0.078995,0.102079,-0.001745,0.394097,0.331239
1771633753.675,3141,1,1,0.0000,0.9990,0.0009,0.0000,0.0000,0.0000,0.0000,0.010679,0.095672,0.000124,0.000274,0.006531,-0.003491,0.008727,0.009425,0.001480,0.071255,-0.005236,-0.005609,-0.003885,-0.010169,-0.006981,-0.019733,0.037259,-0.005236,0.005236,0.270929,0.013439,-0.047462,-0.003491,0.307843,0.145145,0.073642,-0.001745,0.172360,0.159467
1771633753.776,3144,1,1,0.0000,0.9894,0.0105,0.0000,0.0000,0.0000,0.0000,0.009840,0.105683,0.000601,0.000965,0.001859,-0.006981,0.008727,0.007501,0.002864,0.051137,-0.005236,-0.002855,0.001012,0.008204,-0.006981,-0.015993,0.038634,-0.003491,0.000000,0.438443,0.010716,-0.014261,-0.003491,0.326895,0.217555,0.029969,0.003491,0.141864,0.099263
1771633753.877,3147,1,1,0.0000,0.9870,0.0130,0.0000,0.0000,0.0000,0.0000,0.008591,0.081186,0.000576,0.000708,0.003715,-0.003491,0.008727,0.002191,-0.001636,0.053630,-0.005236,-0.030251,-0.009326,0.003966,-0.006981,-0.030247,0.034579,-0.005236,0.000000,0.362770,0.050600,0.088145,-0.003491,0.144783,0.122561,-0.082909,0.000000,0.133757,0.071621
1771633753.979,3150,1,1,0.0000,0.9767,0.0232,0.0000,0.0000,0.0000,0.0001,0.008942,0.085072,0.000802,0.000387,0.002058,-0.006981,0.008727,0.012728,-0.003758,0.052640,-0.005236,-0.066187,-0.039086,0.001465,-0.006981,-0.026145,0.031747,-0.001745,-0.005236,0.341284,0.044652,0.054251,-0.003491,0.151062,0.153944,-0.064723,0.000000,0.151764,0.123909
1771633754.084,3153,1,1,0.0000,0.9794,0.0205,0.0000,0.0000,0.0000,0.0001,0.008444,0.080852,0.000455,0.001626,0.004127,-0.006981,0.008727,0.003403,-0.008473,0.053929,-0.005236,-0.024669,-0.012228,0.003667,-0.006981,-0.022614,0.031597,0.000000,-0.008727,0.338139,0.034002,0.032638,-0.003491,0.123528,0.115872,-0.053581,-0.003491,0.180983,0.145061
1771633754.180,3156,1,1,0.0000,0.9109,0.0889,0.0000,0.0000,0.0000,0.0001,0.010450,0.124306,0.000362,0.000900,0.002511,-0.006981,0.008727,0.003381,-0.006748,0.025528,-0.005236,0.005847,0.004416,0.028577,-0.006981,0.009332,0.039589,0.003491,-0.012217,0.362811,-0.014568,0.020484,-0.003491,0.365514,0.384961,-0.046664,-0.005236,0.195579,0.158828
1771633754.282,3159,1,1,0.0000,0.6689,0.3308,0.0000,0.0000,0.0000,0.0002,0.017494,0.113808,0.001236,0.003467,0.013934,-0.006981,0.008727,0.005940,-0.003761,0.034136,-0.005236,0.023500,0.022166,0.018224,-0.006981,0.038272,0.058960,0.005236,-0.022689,0.437236,-0.077405,-0.025518,-0.005236,0.275938,0.307520,-0.004152,-0.005236,0.191220,0.148542
1771633754.382,3162,1,1,0.0000,0.5188,0.4807,0.0001,0.0000,0.0000,0.0004,0.016404,0.113419,0.001031,0.001544,0.000800,-0.006981,0.008727,0.002428,-0.002494,0.044949,-0.005236,0.021588,0.027599,0.005666,-0.006981,0.023254,0.062634,0.003491,-0.031416,0.467152,-0.072184,-0.003863,-0.006981,0.312545,0.408743,-0.015336,-0.005236,0.053198,0.115900
1771633754.487,3165,1,1,0.0000,0.5130,0.4865,0.0001,0.0000,0.0000,0.0003,0.013297,0.109023,0.000518,0.003884,0.005935,-0.006981,0.008727,0.000885,0.000362,0.045181,-0.005236,0.012947,0.033865,0.005433,-0.006981,0.002105,0.050059,0.005236,-0.036652,0.443440,-0.024061,-0.012664,-0.006981,0.301798,0.383491,-0.003044,-0.005236,0.074569,0.099737
1771633754.583,3168,2,2,0.0000,0.4077,0.5919,0.0001,0.0000,0.0000,0.0003,0.012953,0.110693,0.001215,0.003044,0.005160,-0.006981,0.008727,-0.001873,0.001326,0.047557,-0.005236,0.014580,0.026856,0.003058,-0.006981,0.002482,0.050849,0.003491,-0.036652,0.459730,-0.002362,-0.044486,-0.006981,0.307294,0.376716,0.034014,-0.003491,0.075298,0.071779
1771633754.684,3171,2,2,0.0000,0.2540,0.7456,0.0001,0.0000,0.0000,0.0002,0.010787,0.121212,0.000921,0.004363,0.005522,-0.006981,0.008727,0.000723,0.006497,0.044714,-0.005236,0.002888,0.017823,0.004155,-0.008727,0.000234,0.043682,0.003491,-0.036652,0.430958,0.013382,-0.056006,-0.008727,0.421689,0.399370,0.042044,-0.001745,0.075982,0.067626
1771633754.785,3174,2,2,0.0000,0.2394,0.7602,0.0001,0.0000,0.0001,0.0003,0.024376,0.092694,0.001142,0.004912,0.003997,-0.006981,0.008727,0.000136,0.006789,0.030539,-0.005236,0.071176,0.055517,0.020075,-0.006981,0.046834,0.052720,0.003491,-0.036652,0.421075,0.006769,-0.120703,-0.010472,0.209060,0.229363,0.096269,0.000000,0.100555,0.045750
1771633754.885,3177,2,2,0.0001,0.4649,0.5340,0.0002,0.0000,0.0004,0.0004,0.023602,0.069632,0.000730,0.002933,0.005272,-0.006981,0.008727,-0.002387,0.007405,0.030143,-0.005236,0.018561,0.030477,0.016981,-0.008727,0.088234,0.082692,0.003491,-0.036652,0.432266,-0.077326,-0.153140,-0.010472,0.117896,0.149739,0.130451,0.001745,-0.027412,-0.083425
1771633754.987,3180,2,2,0.0004,0.0607,0.9366,0.0007,0.0001,0.0010,0.0007,0.030302,0.110035,0.001205,0.003989,0.012011,-0.006981,0.008727,0.005850,-0.009905,-0.005750,-0.005236,0.052822,0.069174,0.052874,-0.006981,0.070347,0.103830,0.000000,-0.036652,0.447869,-0.041763,-0.134522,-0.010472,0.363888,0.337074,0.110087,0.001745,0.059757,-0.023314
1771633755.088,3183,2,2,0.0000,0.0067,0.9908,0.0001,0.0000,0.0021,0.0003,0.008758,0.155951,0.001181,0.002493,0.002036,-0.006981,0.008727,0.003643,-0.008232,0.012300,-0.005236,0.004207,0.039645,0.036569,-0.008727,-0.042910,-0.008546,0.000000,-0.034907,0.429873,0.061899,-0.116915,-0.010472,0.473352,0.474431,0.101207,0.000000,0.176876,0.153768
1771633755.191,3186,2,2,0.0001,0.0635,0.9327,0.0002,0.0001,0.0028,0.0006,0.012515,0.171133,0.000829,0.003111,0.001360,-0.006981,0.008727,-0.017670,0.006056,-0.052175,-0.005236,0.007260,0.032329,0.095808,-0.008727,-0.116156,-0.078369,0.000000,-0.033161,0.345726,0.069044,-0.251276,-0.010472,0.259697,0.360604,0.240804,0.000000,0.445324,0.332393
1771633755.290,3189,2,2,0.0007,0.1316,0.8591,0.0005,0.0007,0.0066,0.0009,0.010295,0.148391,0.000962,0.000913,0.003620,-0.006981,0.008727,-0.015278,0.008253,-0.028698,-0.005236,0.003680,0.028810,0.074076,-0.008727,-0.056943,-0.036120,0.000000,-0.029671,0.352811,0.099550,-0.206855,-0.010472,0.301556,0.321584,0.199874,0.000000,0.231602,0.273713
1771633755.393,3192,2,2,0.0021,0.1284,0.8510,0.0004,0.0017,0.0151,0.0012,0.009691,0.141912,0.000676,0.001817,0.002979,-0.006981,0.008727,0.007153,0.006222,-0.009718,-0.005236,0.006390,0.029213,0.058587,-0.008727,-0.043572,-0.031660,0.000000,-0.027925,0.361742,0.132159,0.008226,-0.010472,0.583078,0.471638,-0.013462,-0.003491,-0.027625,0.146105
1771633755.492,3195,2,2,0.0030,0.1060,0.8754,0.0001,0.0018,0.0130,0.0007,0.008301,0.137279,0.000327,0.002075,0.001591,-0.006981,0.008727,0.017214,0.004155,0.002139,-0.005236,0.003945,0.020194,0.043240,-0.008727,-0.023483,-0.019951,0.000000,-0.027925,0.364336,0.125360,-0.030019,-0.010472,0.538026,0.440940,0.026529,-0.001745,0.019192,0.132963
1771633755.595,3198,2,2,0.0008,0.0535,0.9404,0.0000,0.0008,0.0042,0.0002,0.005530,0.185123,0.001648,0.001845,0.006419,-0.006981,0.008727,0.004399,0.006112,0.041678,-0.005236,-0.066833,-0.060855,0.005446,-0.006981,-0.032568,-0.024009,0.000000,-0.027925,0.362486,0.131358,-0.038612,-0.012217,0.586886,0.535214,0.033376,-0.001745,0.261394,0.310763
1771633755.695,3201,2,2,0.0004,0.0426,0.9529,0.0000,0.0007,0.0032,0.0001,0.005784,0.177986,0.000862,0.002899,0.004522,-0.006981,0.008727,-0.004698,0.011810,0.033425,-0.005236,-0.044909,-0.036146,0.015444,-0.008727,-0.056749,-0.026683,0.000000,-0.027925,0.327162,0.130012,-0.074403,-0.012217,0.574769,0.508583,0.070913,-0.001745,0.235484,0.288912
1771633755.794,3204,2,2,0.0003,0.0396,0.9556,0.0000,0.0006,0.0037,0.0001,0.005995,0.193704,0.000392,0.000835,0.001118,-0.006981,0.008727,-0.017605,0.017834,0.009366,-0.005236,-0.030290,-0.028998,0.036012,-0.006981,-0.052563,-0.035197,0.000000,-0.024435,0.307032,0.140455,-0.093232,-0.012217,0.646774,0.587059,0.087996,-0.001745,0.236058,0.319070
1771633755.897,3207,2,2,0.0005,0.0563,0.9397,0.0000,0.0009,0.0026,0.0001,0.006198,0.153377,0.000785,0.005505,0.009166,-0.006981,0.008727,-0.000088,0.022012,0.008047,-0.005236,-0.028259,-0.024808,0.035587,-0.006981,-0.041230,-0.029565,0.001745,-0.026180,0.344803,0.144325,-0.049820,-0.012217,0.568006,0.531750,0.044584,-0.001745,-0.001863,0.205306
1771633755.995,3210,2,2,0.0028,0.3388,0.6560,0.0001,0.0012,0.0009,0.0001,0.006913,0.070396,0.000378,0.004439,0.004481,-0.006981,0.008727,-0.002694,0.030594,0.010417,-0.005236,-0.009548,-0.011227,0.033216,-0.006981,-0.026376,-0.014057,0.001745,-0.026180,0.231209,0.141615,-0.247228,-0.012217,0.076720,0.039509,0.241992,-0.003491,-0.029426,0.111967
1771633756.096,3213,2,2,0.0008,0.2332,0.7652,0.0001,0.0005,0.0002,0.0001,0.007039,0.104682,0.000396,0.002348,0.011703,-0.006981,0.008727,0.000178,0.033674,0.029569,-0.005236,-0.081842,-0.039183,0.012319,-0.006981,-0.032617,-0.007925,0.001745,-0.026180,0.272715,0.052014,-0.188129,-0.012217,0.106243,0.044236,0.184639,-0.001745,0.303480,0.291107
1771633756.199,3216,2,2,0.0002,0.0852,0.9143,0.0000,0.0002,0.0001,0.0000,0.007378,0.086316,0.003378,0.003913,0.002963,-0.006981,0.008727,-0.006154,0.032177,0.047627,-0.005236,-0.047884,-0.036301,-0.005739,-0.006981,-0.030785,-0.001250,0.001745,-0.027925,0.311851,0.045895,-0.177290,-0.012217,0.035873,-0.021472,0.172054,0.000000,0.231367,0.237009
1771633756.301,3219,2,2,0.0004,0.0597,0.9394,0.0000,0.0002,0.0001,0.0002,0.033244,0.085623,0.000700,0.000918,0.001917,-0.006981,0.008727,0.018379,0.026280,-0.004468,-0.005236,0.094103,0.036946,0.048101,-0.005236,0.095936,0.070462,0.001745,-0.027925,0.322071,0.050777,-0.180418,-0.013963,-0.042578,-0.070634,0.175182,-0.001745,0.236314,0.241389
1771633756.401,3222,2,2,0.0002,0.0157,0.9832,0.0001,0.0001,0.0001,0.0006,0.025305,0.119785,0.000689,0.001261,0.000989,-0.006981,0.008727,0.033234,-0.008659,-0.013539,-0.005236,0.055066,0.062459,0.058918,-0.006981,0.037536,0.047725,0.003491,-0.033161,0.348237,0.050211,-0.192655,-0.017453,0.043696,0.025522,0.183928,-0.003491,0.417334,0.365001
1771633756.500,3225,2,2,0.0009,0.0281,0.9671,0.0005,0.0008,0.0017,0.0010,0.012713,0.154584,0.000889,0.002565,0.007295,-0.006981,0.008727,-0.031783,-0.018355,0.013096,-0.005236,0.022057,0.042317,0.035774,-0.006981,-0.010876,0.030590,0.003491,-0.041888,0.343662,0.050336,-0.152657,-0.022689,0.292994,0.239118,0.142185,-0.005236,0.400215,0.383004
1771633756.600,3228,2,2,0.0029,0.0572,0.9070,0.0007,0.0021,0.0284,0.0016,0.011210,0.154096,0.000231,0.000879,0.001167,-0.006981,0.008727,-0.026714,-0.009882,0.014639,-0.005236,0.022428,0.054499,0.034230,-0.006981,-0.036818,-0.000839,0.003491,-0.050615,0.341284,0.051294,-0.137974,-0.022689,0.280365,0.272366,0.127502,-0.006981,0.391506,0.381341
1771633756.700,3231,2,2,0.0044,0.0817,0.7937,0.0009,0.0043,0.1126,0.0024,0.008275,0.182248,0.000598,0.001857,0.003821,-0.006981,0.008727,-0.014552,-0.006008,0.025499,-0.005236,0.005183,0.038268,0.021625,-0.005236,-0.044729,-0.002599,0.005236,-0.054105,0.351167,0.050245,-0.131842,-0.024435,0.381739,0.386062,0.121370,-0.006981,0.419527,0.471627
1771633756.801,3234,2,2,0.0007,0.0654,0.8883,0.0002,0.0051,0.0401,0.0002,0.007116,0.191399,0.000337,0.003180,0.018493,-0.006981,0.008727,-0.017232,-0.003945,0.031874,-0.005236,-0.020194,0.029543,0.015250,-0.006981,-0.041839,-0.003421,0.005236,-0.055851,0.323438,0.044639,-0.162248,-0.024435,0.354310,0.384644,0.151776,-0.006981,0.511711,0.521039
1771633756.901,3237,2,2,0.0007,0.1433,0.8492,0.0000,0.0019,0.0048,0.0000,0.004800,0.109765,0.000582,0.001303,0.003920,-0.006981,0.008727,-0.000702,-0.001756,0.046880,-0.005236,-0.042303,-0.006772,0.001990,-0.006981,-0.047912,-0.019711,0.005236,-0.055851,0.360672,0.051328,-0.168701,-0.027925,-0.158243,-0.020917,0.156483,-0.006981,0.262930,0.480527
1771633757.001,3240,1,1,0.0018,0.7236,0.2735,0.0002,0.0005,0.0003,0.0000,0.005346,0.042758,0.002519,0.000911,0.007967,-0.006981,0.008727,-0.001006,-0.006572,0.054105,-0.005236,-0.015301,0.001316,-0.005236,-0.006981,-0.038219,-0.016559,0.006981,-0.061087,0.406267,0.027990,0.071857,-0.029671,-0.509701,-0.392527,-0.082328,-0.006981,-0.497838,-0.348581
1771633757.103,3243,1,1,0.0003,0.9444,0.0538,0.0013,0.0000,0.0000,0.0000,0.008168,0.012616,0.002890,0.007831,0.019452,-0.006981,0.008727,0.023086,0.004349,0.061849,-0.005236,-0.050145,-0.041417,-0.011235,-0.006981,-0.040300,-0.009822,-0.003491,-0.041888,0.124118,-0.160959,-0.025524,-0.027925,-1.046120,-0.733667,0.027269,0.000000,-0.871237,-0.539764
1771633757.202,3246,1,1,0.0000,0.9978,0.0016,0.0005,0.0000,0.0000,0.0000,0.009020,0.003571,0.000778,0.000897,0.015104,-0.006981,0.008727,0.013412,0.014353,0.071743,-0.005236,-0.040917,-0.033371,-0.019383,-0.006981,-0.031636,-0.004029,-0.001745,-0.010472,-0.277485,-0.099976,-0.030634,-0.026180,-0.673449,-0.443245,0.042852,-0.001745,-0.795303,-0.515780
1771633757.302,3249,1,1,0.0000,0.9996,0.0002,0.0001,0.0000,0.0000,0.0000,0.007678,0.002377,0.000388,0.003758,0.006990,-0.006981,0.008727,0.004574,0.015358,0.063477,-0.005236,-0.029204,-0.018489,-0.005881,-0.008727,-0.018377,-0.003540,-0.001745,-0.001745,-0.366733,-0.066124,-0.014559,-0.024435,-0.711489,-0.315673,0.028522,-0.001745,-0.784611,-0.320197
1771633757.403,3252,1,1,0.0000,0.9998,0.0001,0.0001,0.0000,0.0000,0.0001,0.007148,0.002524,0.000577,0.002835,0.003020,-0.006981,0.008727,0.004399,0.013313,0.057601,-0.005236,-0.021632,-0.010206,0.001740,-0.006981,-0.015131,-0.003564,-0.003491,0.000000,-0.327354,-0.045088,-0.007597,-0.024435,-0.506560,-0.172488,0.030286,0.000000,-0.530529,-0.209410
1771633757.504,3255,1,1,0.0000,0.9999,0.0000,0.0001,0.0000,0.0000,0.0000,0.007949,0.001745,0.002171,0.003526,0.005332,-0.006981,0.008727,0.016804,0.008767,0.048088,-0.005236,-0.005890,-0.005376,0.012999,-0.006981,-0.014814,-0.004917,-0.001745,0.000000,-0.194620,-0.028339,0.002697,-0.024435,-0.323530,-0.100782,0.016502,0.001745,-0.350467,-0.141356
1771633757.605,3258,1,1,0.0000,0.9998,0.0000,0.0001,0.0000,0.0000,0.0000,0.007593,0.001309,0.000728,0.008418,0.035935,-0.006981,0.008727,0.000917,0.006310,0.047356,-0.005236,0.015349,0.003962,0.008494,-0.006981,-0.010788,-0.002369,-0.001745,0.001745,-0.114487,-0.008564,0.013037,-0.022689,-0.236980,-0.057872,0.000926,0.000000,-0.260882,-0.099181
1771633757.707,3261,1,1,0.0000,1.0000,0.0000,0.0000,0.0000,0.0000,0.0000,0.006377,0.006688,0.000761,0.005133,0.021702,-0.006981,0.008727,-0.042270,0.006149,0.044039,-0.005236,0.004375,0.004154,0.008321,-0.006981,-0.009615,0.000758,-0.003491,0.001745,0.031281,0.022903,0.024323,-0.019199,-0.134501,-0.054882,-0.003379,-0.001745,-0.130533,-0.095364
1771633757.806,3264,1,1,0.0000,1.0000,0.0000,0.0000,0.0000,0.0000,0.0000,0.006311,0.030075,0.001778,0.002542,0.003529,-0.006981,0.008727,-0.044753,0.006806,0.023020,-0.005236,-0.000490,0.001645,0.027594,-0.006981,-0.007659,0.007934,-0.001745,0.001745,0.095419,0.005579,0.048074,-0.013963,0.064068,-0.094127,-0.018404,0.000000,0.146014,-0.027292
1771633757.907,3267,1,1,0.0000,1.0000,0.0000,0.0000,0.0000,0.0000,0.0000,0.006694,0.041804,0.002523,0.001391,0.002309,-0.006981,0.008727,0.001657,0.009493,0.030802,-0.005236,0.001051,0.003952,0.018067,-0.006981,-0.023952,0.006574,-0.001745,0.001745,0.050124,0.001333,0.050771,-0.010472,0.056999,-0.069481,-0.008883,0.001745,0.238408,0.100520
1771633758.010,3270,1,1,0.0000,1.0000,0.0000,0.0000,0.0000,0.0000,0.0000,0.023388,0.044616,0.003964,0.002929,0.005171,-0.006981,0.008727,-0.045047,0.049319,-0.036629,-0.005236,0.088018,0.050281,0.083753,-0.006981,-0.036420,0.000556,-0.003491,0.001745,0.030331,0.003826,0.040961,-0.006981,0.161997,-0.030153,0.002672,0.001745,0.213735,0.078379
1771633758.113,3273,1,1,0.0000,1.0000,0.0000,0.0000,0.0000,0.0000,0.0000,0.017519,0.038810,0.001583,0.002899,0.003079,-0.006981,0.008727,-0.115967,0.044732,0.048721,-0.005236,0.044483,0.054357,-0.003342,-0.005236,-0.016399,0.009215,-0.001745,0.003491,0.008219,0.008066,0.045479,-0.005236,0.122850,0.005803,-0.003591,0.000000,0.159168,0.112638
1771633758.210,3276,1,1,0.0000,1.0000,0.0000,0.0000,0.0000,0.0000,0.0000,0.023275,0.038662,0.001779,0.001802,0.000768,-0.006981,0.008727,-0.059320,0.043271,-0.006644,-0.005236,0.030528,0.046974,0.053768,-0.006981,0.043959,0.052069,-0.001745,0.005236,-0.050614,0.004997,0.049246,-0.001745,0.108992,0.036354,-0.003867,0.001745,0.128008,0.129362
1771633758.311,3279,1,1,0.0000,1.0000,0.0000,0.0000,0.0000,0.0000,0.0000,0.020136,0.038868,0.002045,0.002318,0.001328,-0.006981,0.008727,-0.046571,0.041432,0.015431,-0.005236,0.025970,0.045746,0.029947,-0.005236,0.020983,0.053397,-0.001745,0.005236,-0.021147,0.001947,0.041820,-0.001745,0.133280,0.059425,0.003558,-0.003491,0.111168,0.109978
1771633758.413,3282,1,1,0.0000,0.9999,0.0000,0.0000,0.0000,0.0000,0.0000,0.011240,0.039886,0.002342,0.003122,0.004034,-0.006981,0.008727,-0.029152,0.042729,0.041105,-0.005236,-0.011985,0.021709,0.002528,-0.005236,-0.055970,0.018080,-0.001745,0.003491,-0.010526,0.001862,0.010589,-0.001745,0.150979,0.079056,0.031299,0.000000,0.095615,0.105738
1771633758.512,3285,1,1,0.0000,0.9999,0.0000,0.0000,0.0000,0.0000,0.0000,0.007647,0.033234,0.005973,0.004469,0.003145,-0.006981,0.006981,-0.022119,0.041145,0.028612,-0.005236,-0.062258,-0.027929,0.015021,-0.006981,-0.047959,-0.001919,-0.001745,0.003491,0.010232,0.009143,0.011129,-0.003491,0.093419,0.074812,0.023778,0.000000,0.063255,0.109550
1771633758.613,3288,1,1,0.0000,0.9999,0.0000,0.0000,0.0000,0.0000,0.0000,0.007636,0.023811,0.002409,0.003864,0.001888,-0.006981,0.008727,-0.006964,0.039053,0.036279,-0.005236,-0.035109,-0.008985,0.007354,-0.005236,-0.038032,0.000215,-0.003491,0.003491,0.000046,0.015301,0.003305,-0.001745,0.062171,0.082162,0.015894,0.000000,0.023051,0.080311
1771633758.715,3291,1,1,0.0000,0.9999,0.0000,0.0000,0.0000,0.0000,0.0001,0.009171,0.033443,0.002612,0.001213,0.001151,-0.006981,0.008727,-0.001298,0.042183,0.039709,-0.005236,-0.014450,0.015507,0.003924,-0.006981,-0.127564,-0.009412,-0.001745,0.003491,-0.004929,0.030928,-0.007454,-0.001745,0.128567,0.126659,0.019671,0.000000,0.006319,0.085683
1771633758.816,3294,1,1,0.0000,0.9995,0.0005,0.0000,0.0000,0.0000,0.0000,0.011091,0.024727,0.002588,0.003613,0.004050,-0.006981,0.008727,0.020524,0.047923,0.042910,-0.005236,-0.005117,0.010544,0.002468,-0.005236,-0.069073,-0.013380,-0.001745,0.003491,-0.013951,0.020426,-0.017920,-0.001745,0.074535,0.079902,0.031883,0.000000,-0.002211,0.086491
1771633758.917,3297,1,1,0.0000,0.9998,0.0002,0.0000,0.0000,0.0000,0.0000,0.015197,0.008976,0.003340,0.003691,0.001085,-0.006981,0.008727,0.056287,0.045647,0.067844,-0.005236,-0.005134,0.003860,-0.018975,-0.005236,-0.035180,-0.000651,-0.003491,0.003491,-0.011360,0.008897,-0.001437,-0.001745,0.007136,0.036380,0.013654,0.000000,-0.049919,0.038148
1771633759.017,3300,1,1,0.0000,0.9999,0.0001,0.0000,0.0000,0.0000,0.0000,0.011873,0.002539,0.002586,0.003579,0.002358,-0.006981,0.008727,0.016994,0.044302,0.056401,-0.005236,0.001121,0.004430,-0.000550,-0.005236,-0.003337,0.010501,-0.003491,0.003491,-0.004329,0.015105,-0.008379,-0.001745,-0.015095,-0.009372,0.011870,0.000000,-0.120593,-0.013398
1771633759.118,3303,1,1,0.0000,0.9999,0.0000,0.0001,0.0000,0.0000,0.0000,0.027059,0.003675,0.001861,0.002797,0.003315,-0.006981,0.008727,0.000507,0.043540,0.055650,-0.005236,0.013417,0.022955,-0.001545,-0.003491,0.077024,0.102893,-0.001745,0.003491,-0.004143,0.006167,-0.014639,-0.001745,-0.004521,0.007591,0.026856,0.000000,-0.076070,-0.006603
1771633759.219,3306,1,1,0.0000,0.9999,0.0000,0.0001,0.0000,0.0000,0.0000,0.025412,0.001479,0.002612,0.002548,0.003013,-0.006981,0.008727,-0.022618,0.048320,0.055882,-0.005236,0.012863,0.038884,-0.003522,-0.005236,0.054675,0.085599,-0.001745,0.003491,-0.044144,0.002838,-0.004436,-0.001745,-0.116878,-0.018316,0.011417,0.000000,-0.194876,-0.044615
1771633759.322,3309,1,1,0.0000,0.9999,0.0000,0.0001,0.0000,0.0000,0.0000,0.020480,0.004117,0.001850,0.003159,0.001231,-0.006981,0.008727,-0.024230,0.054648,0.053142,-0.005236,0.013269,0.035241,0.000963,-0.003491,0.024843,0.054932,-0.001745,0.001745,-0.068098,0.036611,-0.005811,-0.001745,-0.130235,-0.088130,0.011047,0.000000,-0.142478,-0.079161
1771633759.420,3312,1,1,0.0000,0.9999,0.0000,0.0000,0.0000,0.0000,0.0000,0.011996,0.005006,0.001138,0.001521,0.001964,-0.006981,0.008727,0.004007,0.050723,0.051975,-0.005236,0.001302,0.022967,0.000385,-0.003491,-0.025638,0.003865,-0.003491,0.001745,-0.103729,0.043919,-0.007425,-0.001745,-0.219063,-0.153325,0.014407,0.000000,-0.103335,-0.078267
1771633759.520,3315,1,1,0.0000,1.0000,0.0000,0.0000,0.0000,0.0000,0.0000,0.009680,0.004550,0.000975,0.002620,0.001845,-0.006981,0.008727,0.002214,0.045540,0.059679,-0.005236,-0.047474,-0.015666,-0.005574,-0.005236,-0.055915,-0.020755,-0.001745,0.003491,-0.009127,0.029619,0.021495,-0.001745,-0.105823,-0.068292,-0.016259,0.000000,-0.091608,-0.078749
1771633759.621,3318,1,1,0.0000,1.0000,0.0000,0.0000,0.0000,0.0000,0.0000,0.009297,0.004691,0.000688,0.002081,0.002693,-0.006981,0.008727,0.000115,0.044071,0.058646,-0.005236,-0.066788,-0.015113,-0.001050,-0.005236,-0.047678,-0.006070,-0.001745,0.001745,-0.031306,0.028386,0.026158,-0.001745,-0.040386,-0.019673,-0.012196,0.000000,-0.054591,-0.040370
1771633759.721,3321,1,1,0.0000,1.0000,0.0000,0.0000,0.0000,0.0000,0.0000,0.009279,0.016223,0.000271,0.000990,0.000968,-0.006981,0.008727,0.000028,0.041275,0.061319,-0.005236,-0.036800,-0.006891,-0.001978,-0.006981,-0.040128,-0.003017,-0.001745,0.001745,-0.036785,0.024633,0.027565,-0.001745,0.050287,0.078212,-0.006621,0.000000,-0.004681,0.012234
1771633759.823,3324,1,1,0.0000,1.0000,0.0000,0.0000,0.0000,0.0000,0.0000,0.010205,0.038884,0.000305,0.003098,0.018065,-0.006981,0.008727,0.013489,0.040898,0.055567,-0.005236,-0.012876,-0.004014,0.003775,-0.006981,-0.034648,-0.002711,-0.003491,0.005236,-0.003371,0.018961,0.047922,-0.001745,0.096139,0.080514,-0.023488,0.000000,0.124631,0.093201
1771633759.923,3327,1,1,0.0000,1.0000,0.0000,0.0000,0.0000,0.0000,0.0000,0.014154,0.033591,0.000953,0.001668,0.003731,-0.006981,0.008727,0.025714,0.040479,0.052903,-0.005236,0.037794,0.001288,0.002948,-0.006981,-0.030832,-0.004963,-0.003491,0.003491,0.079540,0.013915,0.046769,-0.001745,0.044462,0.045113,-0.018844,0.000000,0.071586,0.098214
1771633760.024,3330,1,1,0.0000,1.0000,0.0000,0.0000,0.0000,0.0000,0.0000,0.012599,0.024923,0.000846,0.000833,0.001241,-0.006981,0.008727,-0.003199,0.043449,0.050977,-0.005236,0.027342,0.017560,0.003128,-0.008727,-0.028637,-0.002470,-0.001745,0.001745,0.069367,0.010423,0.053393,-0.001745,0.020699,0.033227,-0.018487,0.000000,0.038332,0.071888
1771633760.124,3333,1,1,0.0000,1.0000,0.0000,0.0000,0.0000,0.0000,0.0000,0.015192,0.023693,0.000861,0.001534,0.003320,-0.006981,0.008727,-0.040913,0.077369,0.043412,-0.005236,0.018846,0.018615,0.010693,-0.008727,-0.014725,0.004642,-0.001745,0.003491,0.033242,0.011383,0.045816,-0.001745,0.011865,0.020186,-0.007418,0.000000,0.081446,0.076890
1771633760.225,3336,1,1,0.0000,1.0000,0.0000,0.0000,0.0000,0.0000,0.0000,0.009640,0.021254,0.001213,0.001771,0.001476,-0.006981,0.008727,-0.073623,0.055220,0.049016,-0.005236,-0.001819,0.000342,0.001599,-0.006981,-0.014901,0.000778,0.000000,0.000000,-0.012841,0.004167,0.038973,-0.001745,0.025333,0.037715,-0.000576,0.000000,0.053363,0.095500
1771633760.325,3339,1,1,0.0000,0.9999,0.0000,0.0000,0.0000,0.0000,0.0000,0.011574,0.010321,0.002001,0.001927,0.004156,-0.006981,0.008727,-0.039999,0.049618,0.080542,-0.005236,-0.031854,-0.027409,-0.021201,-0.006981,-0.015994,-0.000643,-0.001745,0.005236,-0.043700,0.008389,0.031578,-0.001745,-0.001621,0.015136,-0.001908,0.000000,-0.024001,0.063519
1771633760.426,3342,1,1,0.0000,0.9998,0.0000,0.0001,0.0000,0.0000,0.0000,0.009995,0.005660,0.001754,0.001892,0.000919,-0.006981,0.008727,-0.033602,0.047286,0.062615,-0.005236,-0.021738,-0.012484,-0.005019,-0.006981,-0.015814,0.001312,-0.001745,0.001745,-0.033305,0.026084,-0.017404,-0.001745,-0.089054,-0.028111,0.038348,0.001745,-0.256685,-0.130103
1771633760.527,3345,1,1,0.0000,0.9999,0.0000,0.0001,0.0000,0.0000,0.0000,0.009359,0.003304,0.002172,0.005011,0.009602,-0.006981,0.008727,-0.016778,0.044246,0.051450,-0.005236,-0.018790,-0.003725,0.007891,-0.006981,-0.019371,-0.000628,0.000000,-0.001745,-0.002138,0.008915,0.028984,-0.001745,-0.453903,-0.265286,-0.009785,0.001745,-0.261756,-0.106207
1771633760.626,3348,1,1,0.0000,0.9999,0.0000,0.0000,0.0000,0.0000,0.0000,0.008312,0.005571,0.001315,0.004110,0.005259,-0.006981,0.008727,-0.001622,0.035161,0.054972,-0.005236,-0.013460,-0.003108,0.000879,-0.006981,-0.019729,-0.001015,0.003491,-0.003491,-0.054931,0.040671,0.017307,-0.001745,-0.281901,-0.170746,0.003637,0.001745,-0.218699,-0.155079
1771633760.726,3351,1,1,0.0000,0.9999,0.0000,0.0000,0.0000,0.0000,0.0000,0.009652,0.009361,0.001883,0.001046,0.004960,-0.006981,0.008727,0.012895,0.033442,0.053846,-0.005236,0.003847,0.001058,0.002004,-0.008727,-0.019827,-0.002032,-0.003491,0.003491,-0.019361,0.018193,-0.074945,-0.001745,-0.213161,-0.124152,0.090653,0.000000,-0.289642,-0.257601
1771633760.827,3354,1,1,0.0000,1.0000,0.0000,0.0000,0.0000,0.0000,0.0000,0.012016,0.004920,0.001167,0.001110,0.001548,-0.006981,0.008727,0.016001,0.034593,0.047054,-0.005236,0.017073,0.011951,0.008797,-0.006981,-0.019693,-0.002645,-0.005236,0.005236,-0.005254,0.014223,-0.027358,-0.001745,-0.167820,-0.091940,0.037830,0.001745,-0.158973,-0.135633
1771633760.927,3357,1,1,0.0000,1.0000,0.0000,0.0000,0.0000,0.0000,0.0000,0.014694,0.007420,0.002413,0.002470,0.004090,-0.006981,0.008727,0.073984,0.037368,0.044522,-0.005236,0.000398,-0.000803,0.011329,-0.006981,-0.057499,-0.057402,0.000000,0.001745,0.001207,0.058263,-0.013264,-0.001745,-0.110407,-0.066135,0.023736,0.000000,0.004086,-0.044981
1771633761.027,3360,1,1,0.0000,1.0000,0.0000,0.0000,0.0000,0.0000,0.0000,0.014102,0.010976,0.001813,0.004450,0.005927,-0.006981,0.008727,0.062307,0.040784,0.032218,-0.005236,0.002290,0.002752,0.020142,-0.006981,-0.046499,-0.033972,0.001745,-0.005236,0.011277,0.035422,0.063935,-0.001745,-0.056582,-0.048783,-0.055208,0.000000,0.007414,0.011922
1771633761.127,3363,1,1,0.0000,1.0000,0.0000,0.0000,0.0000,0.0000,0.0000,0.012009,0.007877,0.001602,0.005092,0.008477,-0.006981,0.008727,0.040184,0.039472,0.014933,-0.005236,0.003159,0.000205,0.037427,-0.006981,-0.027331,-0.023173,0.005236,-0.012217,0.005580,0.004276,0.061097,-0.001745,-0.006091,-0.031315,-0.047134,0.001745,-0.000626,0.016595
1771633761.228,3366,1,1,0.0000,1.0000,0.0000,0.0000,0.0000,0.0000,0.0000,0.010516,0.014665,0.000793,0.002640,0.001731,-0.006981,0.008727,0.025238,0.039277,0.052950,-0.005236,-0.004000,-0.013411,-0.000590,-0.006981,-0.033061,-0.019441,0.006981,-0.019199,-0.027089,-0.182548,0.048649,-0.003491,0.037865,0.033896,-0.029451,0.000000,-0.002089,0.048594
1771633761.329,3369,1,1,0.0000,1.0000,0.0000,0.0000,0.0000,0.0000,0.0000,0.011538,0.008772,0.000909,0.002606,0.002948,-0.006981,0.008727,0.021886,0.039703,0.068140,-0.005236,-0.097289,-0.065748,-0.010544,-0.008727,-0.095552,-0.072909,0.008727,-0.045379,-0.062761,-0.239401,0.027105,-0.003491,0.006666,0.017069,-0.002671,0.000000,-0.008969,0.045691
1771633761.430,3372,1,1,0.0000,0.9999,0.0000,0.0000,0.0000,0.0000,0.0000,0.009751,0.007877,0.000983,0.003351,0.003546,-0.006981,0.008727,0.008389,0.038806,0.060717,-0.005236,-0.039613,-0.026438,0.000369,-0.008727,-0.054937,-0.037316,0.013963,-0.066323,-0.055003,-0.258435,0.031174,-0.001745,-0.015123,0.004059,-0.010230,0.000000,-0.032268,0.045323
1771633761.531,3375,1,1,0.0000,0.9999,0.0000,0.0001,0.0000,0.0000,0.0001,0.009864,0.010228,0.002942,0.003039,0.002625,-0.006981,0.008727,0.006056,0.035411,0.068180,-0.005236,-0.037586,-0.015960,-0.003602,-0.008727,-0.045440,-0.015081,0.024435,-0.090757,-0.024397,-0.266773,0.053390,-0.001745,-0.043260,-0.002396,-0.028956,0.000000,-0.034823,0.044916
1771633761.631,3378,1,1,0.0000,0.9999,0.0000,0.0000,0.0000,0.0000,0.0000,0.011117,0.010846,0.001316,0.000920,0.001548,-0.006981,0.008727,0.024601,0.035500,0.064341,-0.005236,-0.029709,-0.004964,0.000236,-0.008727,-0.098265,-0.017981,0.034907,-0.095993,-0.000634,-0.227144,0.042419,-0.001745,-0.039101,-0.003490,-0.014494,0.000000,-0.026984,0.052824
1771633761.731,3381,1,1,0.0000,0.9999,0.0000,0.0000,0.0000,0.0000,0.0000,0.012142,0.011520,0.002077,0.001553,0.001411,-0.006981,0.008727,0.026754,0.036635,0.055949,-0.005236,-0.010770,0.005520,0.012119,-0.008727,-0.088103,-0.037640,0.034907,-0.092502,0.020763,-0.143755,0.031186,-0.001745,-0.040953,-0.005830,-0.001515,0.001745,-0.029637,0.049635
1771633761.831,3384,1,1,0.0000,0.9999,0.0000,0.0000,0.0000,0.0000,0.0000,0.011478,0.012339,0.002053,0.001363,0.000455,-0.006981,0.008727,0.013925,0.036543,0.051804,-0.005236,-0.005284,0.010469,0.016264,-0.008727,-0.065898,-0.030987,0.031416,-0.080285,0.046357,-0.072720,0.017000,-0.001745,-0.036068,-0.003002,0.005689,0.001745,-0.031173,0.045859
1771633761.931,3387,1,1,0.0000,0.9999,0.0000,0.0001,0.0000,0.0000,0.0000,0.011861,0.015013,0.002424,0.001941,0.002358,-0.006981,0.008727,0.003772,0.036710,-0.007545,-0.005236,0.002950,0.018055,0.072122,-0.008727,-0.055764,-0.025526,0.020944,-0.062832,0.116533,-0.028567,0.015428,-0.001745,-0.039626,-0.009152,0.000280,0.000000,-0.040031,0.026967
1771633762.032,3390,1,1,0.0000,0.9998,0.0000,0.0001,0.0000,0.0000,0.0001,0.009957,0.014022,0.000982,0.003123,0.003911,-0.006981,0.008727,0.003758,0.033738,0.010587,-0.005236,-0.002252,0.013920,0.048755,-0.008727,-0.045815,-0.012985,0.013963,-0.054105,0.113349,-0.005002,0.016497,-0.001745,-0.051259,-0.016675,-0.006025,0.000000,-0.048002,0.024456
1771633762.132,3393,1,1,0.0000,0.9998,0.0000,0.0001,0.0000,0.0000,0.0001,0.008772,0.012228,0.002017,0.001226,0.002512,-0.006981,0.008727,0.003126,0.029363,0.045963,-0.005236,-0.012449,0.006451,0.011632,-0.008727,-0.046369,-0.001794,0.012217,-0.047124,0.070812,-0.001678,0.011992,-0.001745,-0.020296,0.002747,-0.003266,0.000000,-0.021426,0.048961
1771633762.232,3396,1,1,0.0000,1.0000,0.0000,0.0000,0.0000,0.0000,0.0000,0.021739,0.037608,0.003792,0.002815,0.002255,-0.006981,0.008727,0.000850,0.021999,0.045384,-0.005236,-0.003597,0.005534,0.012212,-0.008727,0.074038,0.092127,0.001745,-0.020944,0.052196,-0.002781,-0.075579,-0.001745,0.076045,0.020880,0.082560,0.001745,0.116231,0.099897
1771633762.332,3399,1,1,0.0000,1.0000,0.0000,0.0000,0.0000,0.0000,0.0000,0.012441,0.038060,0.001195,0.002606,0.005019,-0.008727,0.008727,0.004587,0.019535,0.056498,-0.005236,-0.003330,-0.003294,-0.000648,-0.008727,0.017021,0.042929,0.001745,-0.006981,0.026233,0.001445,-0.016920,-0.001745,0.134768,0.094631,0.022156,0.000000,0.064650,0.111097
1771633762.433,3402,1,1,0.0000,1.0000,0.0000,0.0000,0.0000,0.0000,0.0000,0.010440,0.023215,0.001238,0.003170,0.011445,-0.006981,0.008727,0.004203,0.018115,0.056229,-0.005236,-0.002367,-0.002677,0.003112,-0.008727,0.001616,0.033281,0.001745,0.000000,0.073642,0.012832,0.004898,-0.003491,0.049076,0.039237,-0.004898,0.001745,0.022376,0.073034
1771633762.533,3405,1,1,0.0000,1.0000,0.0000,0.0000,0.0000,0.0000,0.0000,0.012696,0.025072,0.000936,0.000558,0.004334,-0.006981,0.008727,0.002518,0.016157,0.021118,-0.005236,0.024866,0.006057,0.038223,-0.010472,0.000164,0.034524,0.001745,0.000000,0.138598,0.006101,-0.083192,0.000000,-0.006098,0.005556,0.081447,0.000000,0.005084,0.062331
1771633762.633,3408,1,1,0.0000,1.0000,0.0000,0.0000,0.0000,0.0000,0.0000,0.016651,0.024904,0.001545,0.001910,0.002493,-0.006981,0.008727,0.002747,0.013611,-0.004689,-0.005236,0.031414,0.043402,0.067520,-0.008727,-0.001613,0.032388,0.000000,0.000000,0.116506,0.000191,-0.029441,-0.001745,0.037357,0.016068,0.027695,0.000000,0.023313,0.077718
1771633762.734,3411,1,1,0.0000,1.0000,0.0000,0.0000,0.0000,0.0000,0.0000,0.011294,0.017123,0.001096,0.002924,0.004245,-0.006981,0.008727,0.003073,-0.005785,0.008762,-0.005236,0.006749,0.019955,0.048834,-0.008727,0.002146,0.037283,0.000000,0.000000,0.073281,-0.009720,0.001126,0.000000,0.014184,0.013508,-0.004617,0.000000,0.016363,0.087015
1771633762.834,3414,1,1,0.0000,1.0000,0.0000,0.0000,0.0000,0.0000,0.0000,0.022460,0.023036,0.000230,0.002524,0.002896,-0.006981,0.008727,0.002954,-0.025072,0.015412,-0.005236,0.005454,0.012826,0.042184,-0.008727,0.086780,0.095180,0.000000,0.000000,0.023365,-0.002039,-0.001077,0.000000,0.035156,0.017114,0.002822,0.000000,0.067804,0.130173
1771633762.935,3417,1,1,0.0000,1.0000,0.0000,0.0000,0.0000,0.0000,0.0000,0.011476,0.035514,0.000188,0.001645,0.001987,-0.006981,0.008727,0.002208,-0.015639,0.045451,-0.005236,-0.003112,-0.002494,0.010400,-0.008727,0.019422,0.051500,0.000000,0.000000,0.000606,-0.003198,-0.004907,0.000000,0.110880,0.087309,0.004907,0.000000,0.093384,0.129080
1771633763.035,3420,1,1,0.0000,1.0000,0.0000,0.0000,0.0000,0.0000,0.0000,0.011787,0.021870,0.000690,0.004170,0.004202,-0.006981,0.008727,-0.002209,-0.007789,0.033359,-0.005236,0.008308,0.004375,0.022492,-0.008727,0.014549,0.049635,-0.003491,0.005236,0.001630,-0.000549,0.004482,0.000000,0.046932,0.046445,-0.002736,0.000000,0.054093,0.103628
1771633763.135,3423,1,1,0.0000,1.0000,0.0000,0.0000,0.0000,0.0000,0.0000,0.014727,0.018068,0.002528,0.002102,0.015045,-0.006981,0.008727,-0.006939,-0.002376,0.010888,-0.005236,0.023195,0.016178,0.044962,-0.008727,0.017372,0.055405,-0.001745,0.005236,-0.014287,0.032067,-0.065507,0.000000,-0.173581,-0.051046,0.065507,0.000000,0.024441,0.089561
1771633763.237,3426,1,1,0.0000,1.0000,0.0000,0.0000,0.0000,0.0000,0.0000,0.020945,0.008475,0.002611,0.006206,0.014473,-0.006981,0.008727,-0.001673,-0.004729,0.019780,-0.005236,0.071490,0.058756,0.034325,-0.008727,0.004751,0.053510,-0.003491,0.008727,-0.020156,0.033859,0.045304,0.000000,-0.214117,-0.106259,-0.043559,0.000000,-0.181928,0.013809
1771633763.337,3429,1,1,0.0000,1.0000,0.0000,0.0000,0.0000,0.0000,0.0000,0.017722,0.008394,0.001850,0.002955,0.001236,-0.006981,0.008727,0.001045,0.000551,0.016793,-0.005236,0.044638,0.061122,0.037313,-0.008727,-0.031344,0.042478,-0.006981,0.012217,-0.095267,0.032014,0.025282,0.000000,-0.144704,-0.067154,-0.025282,0.001745,-0.086396,0.029466
1771633763.440,3432,1,1,0.0000,1.0000,0.0000,0.0000,0.0000,0.0000,0.0000,0.011715,0.016026,0.000374,0.000812,0.002066,-0.006981,0.008727,-0.007489,0.000711,0.021653,-0.005236,0.021507,0.040034,0.030706,-0.008727,-0.075086,0.017238,-0.006981,0.024435,-0.068482,0.048822,0.021261,0.000000,-0.104027,-0.043892,-0.017770,0.000000,-0.016791,0.097796
1771633763.540,3435,1,1,0.0000,1.0000,0.0000,0.0000,0.0000,0.0000,0.0000,0.007606,0.016161,0.000414,0.000734,0.002877,-0.006981,0.008727,-0.007724,0.007018,0.019260,-0.005236,0.000203,0.021222,0.034845,-0.008727,-0.057609,-0.003843,-0.003491,0.020944,-0.108868,0.073268,0.012828,0.000000,-0.050564,0.005410,-0.011083,0.001745,-0.034579,0.079733
1771633763.640,3438,1,1,0.0000,1.0000,0.0000,0.0000,0.0000,0.0000,0.0000,0.007402,0.015522,0.000987,0.003459,0.004097,-0.006981,0.008727,-0.005093,0.006375,0.023270,-0.005236,0.003059,0.016559,0.030835,-0.008727,-0.053693,-0.012254,0.000000,0.005236,-0.064490,0.087748,0.021655,0.000000,-0.063184,-0.009811,-0.018164,0.001745,-0.031366,0.069874
1771633763.741,3441,1,1,0.0000,1.0000,0.0000,0.0000,0.0000,0.0000,0.0000,0.007402,0.014541,0.000290,0.002354,0.001586,-0.006981,0.008727,-0.002960,0.012705,0.023033,-0.005236,-0.001752,0.013286,0.031072,-0.008727,-0.049053,-0.007309,0.000000,0.001745,-0.048862,0.082291,-0.018487,0.000000,-0.157322,-0.099005,0.020232,0.001745,-0.001813,0.068474
1771633763.842,3444,1,1,0.0000,1.0000,0.0000,0.0000,0.0000,0.0000,0.0000,0.008047,0.013017,0.000603,0.001385,0.001733,-0.006981,0.008727,-0.006312,0.017556,0.020471,-0.005236,0.004839,0.011340,0.033634,-0.008727,-0.043837,-0.004030,0.000000,0.001745,-0.035587,0.067372,-0.008953,0.000000,-0.095848,-0.063982,0.010698,0.001745,0.009411,0.065235
1771633763.944,3447,1,1,0.0000,0.9999,0.0000,0.0000,0.0000,0.0000,0.0000,0.007471,0.017790,0.000495,0.004088,0.003836,-0.006981,0.008727,-0.001724,0.018716,0.016384,-0.005236,0.002500,0.005604,0.037721,-0.008727,-0.069517,-0.027574,0.000000,0.000000,0.017108,0.049178,-0.024375,0.000000,-0.075113,-0.044803,0.027866,0.001745,0.048429,0.069154
1771633764.043,3450,1,1,0.0000,0.9999,0.0000,0.0000,0.0000,0.0000,0.0000,0.010895,0.045564,0.000732,0.001485,0.010658,-0.006981,0.008727,0.003348,0.022446,0.011394,-0.005236,0.023679,0.018441,0.042711,-0.008727,-0.049632,-0.016917,0.003491,-0.008727,0.137561,0.025107,-0.000582,0.000000,0.136091,0.084870,0.000582,0.001745,0.045709,0.111611
1771633764.143,3453,1,1,0.0000,0.9999,0.0000,0.0000,0.0000,0.0000,0.0000,0.012621,0.053683,0.000228,0.000871,0.005698,-0.006981,0.008727,-0.000327,0.026838,0.006458,-0.005236,0.027820,0.035704,0.045902,-0.008727,-0.050541,-0.015521,0.006981,-0.017453,0.262848,0.017124,0.078687,0.000000,0.082226,0.063569,-0.078687,0.003491,0.021235,0.108036
1771633764.244,3456,1,1,0.0000,0.9999,0.0000,0.0000,0.0000,0.0000,0.0000,0.015574,0.070957,0.000708,0.000817,0.003326,-0.006981,0.008727,-0.004835,0.046905,0.006308,-0.005236,0.040880,0.041509,0.042561,-0.008727,-0.048056,-0.011433,0.006981,-0.020944,0.304359,0.059971,0.024251,0.000000,0.098937,0.041530,-0.019015,0.003491,0.182077,0.129886
1771633764.344,3459,1,1,0.0000,0.9950,0.0050,0.0000,0.0000,0.0000,0.0000,0.016172,0.147598,0.001637,0.001487,0.005895,-0.006981,0.008727,-0.015835,0.039992,0.002418,-0.005236,0.044884,0.051593,0.046451,-0.008727,-0.028603,-0.001421,0.006981,-0.045379,0.432545,0.067737,-0.005149,0.005236,0.482481,0.262400,0.001659,0.003491,0.269409,0.239232
1771633764.444,3462,1,1,0.0000,0.9773,0.0226,0.0000,0.0000,0.0000,0.0000,0.013547,0.188116,0.000859,0.002004,0.006587,-0.006981,0.008727,-0.007372,0.042229,0.005543,-0.005236,0.023666,0.039078,0.043326,-0.008727,-0.020530,-0.000919,0.006981,-0.071558,0.508069,0.060158,0.055281,0.003491,0.455888,0.280393,-0.058772,-0.001745,0.469692,0.417434
1771633764.544,3465,1,1,0.0000,0.8648,0.1349,0.0000,0.0000,0.0000,0.0002,0.008287,0.213137,0.000533,0.002070,0.002935,-0.006981,0.008727,-0.003677,0.043590,0.023037,-0.005236,-0.028411,-0.018040,0.024087,-0.008727,-0.025479,-0.008970,0.005236,-0.075049,0.532736,0.063690,0.100642,0.003491,0.573778,0.346666,-0.126822,-0.005236,0.519956,0.411449
1771633764.644,3468,1,1,0.0000,0.8769,0.1228,0.0000,0.0000,0.0000,0.0002,0.008435,0.274911,0.000652,0.001363,0.002581,-0.006981,0.008727,0.003477,0.041075,0.016902,-0.005236,-0.005828,0.000817,0.030222,-0.008727,-0.019875,-0.004168,0.006981,-0.075049,0.444375,0.151686,-0.087834,0.006981,0.825122,0.571460,0.058163,-0.006981,0.660460,0.573707
1771633764.745,3471,1,1,0.0000,0.7750,0.2249,0.0000,0.0000,0.0000,0.0001,0.009434,0.255617,0.001492,0.002312,0.004912,-0.006981,0.008727,0.008253,0.041253,-0.003853,-0.005236,-0.004677,0.004004,0.050977,-0.008727,-0.021896,-0.002302,0.005236,-0.073304,0.376305,0.143650,-0.078766,0.005236,0.824399,0.481720,0.045604,-0.006981,0.662408,0.522843
1771633764.846,3474,2,2,0.0000,0.4481,0.5518,0.0000,0.0000,0.0000,0.0001,0.012471,0.225413,0.002486,0.002529,0.004694,-0.006981,0.008727,0.010461,0.040974,0.005343,-0.005236,-0.063519,-0.002851,0.048762,-0.006981,-0.017343,0.035381,0.000000,-0.069813,0.425660,0.142441,-0.050697,0.001745,0.689045,0.302620,0.021026,-0.006981,0.607579,0.514842
1771633764.945,3477,2,2,0.0000,0.2192,0.7807,0.0000,0.0000,0.0000,0.0001,0.010516,0.237091,0.001797,0.002136,0.004738,-0.006981,0.008727,0.011754,0.033888,0.009421,-0.005236,-0.109496,-0.051050,0.042939,-0.008727,-0.039594,0.019462,-0.005236,-0.050615,0.403427,0.151777,0.037263,0.000000,0.719173,0.414841,-0.054716,0.003491,0.613460,0.501659
1771633765.045,3480,2,2,0.0000,0.2423,0.7576,0.0000,0.0000,0.0000,0.0001,0.010476,0.233818,0.001337,0.003056,0.006317,-0.006981,0.008727,0.026281,0.031181,0.008390,-0.005236,-0.050687,-0.016718,0.042224,-0.008727,-0.034770,0.008905,-0.003491,-0.036652,0.400779,0.173722,-0.079566,-0.001745,0.687246,0.384224,0.062113,0.008727,0.615644,0.473357
1771633765.146,3483,2,2,0.0000,0.2165,0.7834,0.0000,0.0000,0.0000,0.0001,0.009007,0.251096,0.001178,0.002350,0.004304,-0.006981,0.008727,0.026245,0.022497,0.017613,-0.005236,-0.084215,-0.047547,0.033001,-0.006981,-0.041678,-0.004747,0.000000,-0.024435,0.378486,0.244974,-0.095197,0.000000,0.712970,0.387653,0.077744,0.008727,0.693518,0.509082
1771633765.246,3486,2,2,0.0000,0.1857,0.8142,0.0000,0.0000,0.0000,0.0001,0.008724,0.273890,0.001602,0.001123,0.004336,-0.006981,0.008727,0.019733,0.025539,0.021776,-0.005236,-0.042482,-0.018219,0.027093,-0.008727,-0.035446,0.001818,0.001745,-0.013963,0.350654,0.259668,-0.151057,0.000000,0.825334,0.504669,0.133604,0.008727,0.685047,0.517231
1771633765.346,3489,2,2,0.0000,0.0476,0.9524,0.0000,0.0000,0.0000,0.0000,0.010039,0.255491,0.001350,0.001864,0.001601,-0.006981,0.008727,0.016718,0.026501,0.022926,-0.005236,-0.012406,0.000828,0.027689,-0.008727,-0.007337,0.017085,0.003491,-0.008727,0.349238,0.256783,-0.142097,0.000000,0.788828,0.415435,0.124644,0.008727,0.643004,0.475741
1771633765.447,3492,2,2,0.0000,0.0333,0.9666,0.0000,0.0000,0.0000,0.0000,0.008942,0.250270,0.001294,0.001314,0.000942,-0.006981,0.008727,0.005854,0.027194,0.022800,-0.005236,-0.009212,0.001612,0.027815,-0.008727,-0.015775,0.013305,0.005236,-0.006981,0.339815,0.262684,-0.155119,0.000000,0.778773,0.421870,0.139411,0.008727,0.615195,0.431532
1771633765.546,3495,2,2,0.0000,0.0656,0.9343,0.0000,0.0000,0.0000,0.0000,0.009475,0.242989,0.001107,0.001232,0.001489,-0.006981,0.008727,0.009231,0.026697,0.020525,-0.005236,-0.005618,0.001131,0.030089,-0.008727,-0.008783,0.017301,0.005236,-0.001745,0.329305,0.262749,-0.157414,-0.001745,0.763915,0.389727,0.139960,0.008727,0.597961,0.418288
1771633765.647,3498,2,2,0.0000,0.1292,0.8706,0.0000,0.0000,0.0001,0.0000,0.007709,0.249163,0.000990,0.002165,0.004128,-0.006981,0.008727,0.005635,0.023420,0.022066,-0.005236,-0.033072,-0.021049,0.028549,-0.006981,-0.021371,0.004111,0.003491,0.000000,0.323991,0.264389,-0.132548,-0.001745,0.827247,0.404716,0.116840,0.008727,0.621484,0.419069
1771633765.747,3501,2,2,0.0000,0.4798,0.5201,0.0000,0.0000,0.0000,0.0000,0.007653,0.282114,0.001774,0.003431,0.004214,-0.006981,0.008727,0.004337,0.023878,0.020659,-0.005236,-0.011688,-0.004725,0.029955,-0.008727,-0.015913,0.004279,0.005236,0.000000,0.284713,0.263306,-0.162414,-0.001745,0.869536,0.528363,0.146706,0.008727,0.733531,0.545246
1771633765.848,3504,2,2,0.0000,0.0237,0.9730,0.0000,0.0003,0.0028,0.0002,0.007295,0.267258,0.001745,0.006901,0.005987,-0.006981,0.008727,-0.006090,0.022216,0.000017,-0.005236,-0.002417,0.000652,0.050597,-0.006981,-0.012478,0.005330,0.005236,0.001745,0.262015,0.267068,-0.149278,-0.001745,0.852945,0.494810,0.133570,0.008727,0.677789,0.503192
1771633765.950,3507,2,2,0.0000,0.0210,0.9755,0.0000,0.0002,0.0032,0.0001,0.008968,0.236990,0.001652,0.002284,0.000999,-0.006981,0.008727,-0.006135,0.021013,-0.001550,-0.005236,0.008966,0.009222,0.052165,-0.008727,-0.007267,0.007520,0.003491,0.001745,0.267801,0.265157,-0.093162,-0.003491,0.799666,0.427318,0.075709,0.008727,0.583394,0.410879
1771633766.050,3510,2,2,0.0001,0.0375,0.9589,0.0000,0.0004,0.0030,0.0001,0.012941,0.203641,0.001650,0.002997,0.002705,-0.006981,0.008727,-0.028359,0.020816,-0.011796,-0.005236,0.027472,0.025696,0.062411,-0.006981,-0.002477,0.010176,0.003491,0.003491,0.295827,0.263812,-0.075477,-0.003491,0.693789,0.298663,0.061515,0.008727,0.495239,0.319145
1771633766.149,3513,2,2,0.0002,0.0599,0.9373,0.0000,0.0005,0.0019,0.0001,0.009424,0.181581,0.002906,0.006373,0.003667,-0.006981,0.008727,-0.011588,0.023451,-0.000158,-0.005236,0.008178,0.015179,0.047282,-0.006981,-0.000761,0.010275,0.003491,0.003491,0.327947,0.257256,-0.080580,-0.001745,0.616617,0.221976,0.068363,0.008727,0.427515,0.243590
1771633766.250,3516,2,2,0.0003,0.0672,0.9305,0.0000,0.0005,0.0014,0.0001,0.014143,0.185246,0.003002,0.002022,0.001905,-0.006981,0.008727,-0.007619,0.032864,0.002529,-0.005236,0.044691,0.019305,0.046340,-0.006981,0.002121,0.013136,0.003491,0.003491,0.328355,0.252289,-0.105583,-0.003491,0.640218,0.233812,0.091620,0.010472,0.428974,0.230233
1771633766.351,3519,2,2,0.0003,0.0681,0.9301,0.0000,0.0005,0.0009,0.0001,0.023924,0.180929,0.001774,0.004406,0.004364,-0.006981,0.006981,-0.003681,0.039040,-0.054603,-0.005236,0.074241,0.048574,0.098236,-0.008727,0.006447,0.013572,0.003491,0.005236,0.327047,0.228394,-0.124276,-0.001745,0.629118,0.221678,0.112059,0.010472,0.425426,0.208230
1771633766.453,3522,2,2,0.0002,0.0699,0.9285,0.0000,0.0005,0.0008,0.0001,0.019109,0.181555,0.002461,0.002279,0.003544,-0.006981,0.008727,-0.028961,0.039831,-0.019896,-0.005236,0.038330,0.044478,0.063529,-0.006981,0.007513,0.026898,0.003491,0.003491,0.287470,0.213974,-0.137420,-0.001745,0.633024,0.230346,0.128693,0.010472,0.446767,0.220928
1771633766.554,3525,2,2,0.0002,0.0767,0.9220,0.0000,0.0005,0.0006,0.0001,0.008337,0.191011,0.003493,0.010239,0.008979,-0.006981,0.008727,-0.048442,0.041971,0.029440,-0.005236,-0.070163,-0.016647,0.014193,-0.005236,-0.036329,0.005716,0.003491,0.005236,0.242032,0.179292,-0.128476,-0.001745,0.723411,0.303715,0.121494,0.010472,0.470115,0.232871
1771633766.653,3528,2,2,0.0001,0.0906,0.9079,0.0000,0.0005,0.0007,0.0001,0.014159,0.196502,0.001762,0.004963,0.002669,-0.006981,0.008727,-0.020775,0.034102,0.031101,-0.005236,-0.018700,0.001830,0.012532,-0.006981,0.038356,0.043264,0.003491,0.005236,0.304485,0.170892,-0.103234,-0.001745,0.722273,0.317641,0.097998,0.010472,0.475008,0.250529
1771633766.756,3531,2,2,0.0001,0.1019,0.8964,0.0000,0.0006,0.0008,0.0001,0.009657,0.199808,0.001042,0.003168,0.007232,-0.006981,0.008727,-0.000126,0.028933,0.043038,-0.005236,-0.005145,0.000286,-0.001150,-0.005236,-0.001669,0.034901,0.003491,0.005236,0.330359,0.141168,-0.120582,-0.003491,0.715718,0.321977,0.115346,0.010472,0.479774,0.274155
1771633766.855,3534,2,2,0.0001,0.0852,0.9133,0.0000,0.0007,0.0007,0.0001,0.009410,0.205824,0.001417,0.004471,0.006815,-0.006981,0.008727,-0.012001,0.036292,0.067896,-0.005236,-0.025944,-0.007781,-0.022517,-0.005236,-0.092159,-0.016168,0.003491,0.005236,0.334444,0.129715,-0.133537,-0.003491,0.709789,0.320749,0.130046,0.010472,0.496909,0.329034
1771633766.958,3537,2,2,0.0001,0.0664,0.9316,0.0000,0.0008,0.0009,0.0001,0.014818,0.201873,0.000644,0.002812,0.005162,-0.006981,0.008727,0.022162,0.076531,0.070401,-0.005236,-0.015546,-0.001655,-0.023278,-0.005236,-0.070865,-0.008628,0.003491,0.005236,0.325027,0.131305,-0.123182,-0.003491,0.712224,0.323819,0.123182,0.010472,0.486641,0.301084
1771633767.057,3540,2,2,0.0002,0.0531,0.9447,0.0000,0.0010,0.0009,0.0001,0.010346,0.174563,0.001129,0.002329,0.003263,-0.006981,0.008727,0.005853,0.058952,0.031424,-0.005236,-0.011565,-0.004285,0.019191,-0.005236,-0.053051,-0.003215,0.001745,0.005236,0.324737,0.132364,-0.113313,-0.001745,0.666183,0.235128,0.115059,0.010472,0.404464,0.199373
1771633767.158,3543,2,2,0.0002,0.0444,0.9532,0.0000,0.0011,0.0010,0.0001,0.008867,0.167692,0.000589,0.002841,0.002801,-0.006981,0.008727,0.009484,0.046307,0.024994,-0.005236,-0.003624,-0.007492,0.016894,-0.005236,-0.043199,-0.002967,0.006981,0.006981,0.322989,0.133458,-0.117933,-0.003491,0.661456,0.237818,0.123169,0.010472,0.347807,0.161168
1771633767.259,3546,2,2,0.0002,0.0356,0.9623,0.0000,0.0011,0.0006,0.0001,0.011610,0.168429,0.000378,0.005634,0.005420,-0.006981,0.008727,0.006751,0.043690,-0.004800,-0.005236,0.011173,0.009507,0.046688,-0.005236,0.005404,0.007385,0.001745,0.006981,0.321235,0.132701,-0.145411,-0.005236,0.661806,0.239195,0.154138,0.010472,0.340965,0.151909
1771633767.360,3549,2,2,0.0001,0.0257,0.9729,0.0000,0.0008,0.0004,0.0001,0.011140,0.163131,0.003258,0.004365,0.002140,-0.006981,0.008727,-0.000297,0.043468,0.007259,-0.005236,0.007414,0.026093,0.032883,-0.005236,-0.006809,0.007831,0.001745,0.006981,0.309709,0.132714,-0.136650,-0.005236,0.661116,0.241912,0.147122,0.010472,0.313533,0.132267
1771633767.461,3552,2,2,0.0001,0.0253,0.9736,0.0000,0.0007,0.0003,0.0000,0.009249,0.205543,0.002179,0.008637,0.005285,-0.006981,0.008727,0.002177,0.042386,0.010150,-0.005236,0.003406,0.010923,0.028248,-0.005236,-0.008361,0.004969,0.001745,0.006981,0.161655,0.130919,-0.151306,-0.005236,0.701460,0.386061,0.163523,0.010472,0.604479,0.299217
1771633767.562,3555,2,2,0.0001,0.0291,0.9692,0.0000,0.0011,0.0005,0.0000,0.008382,0.190748,0.000437,0.008175,0.010035,-0.006981,0.008727,-0.003460,0.036587,0.014971,-0.005236,0.001623,0.008946,0.023427,-0.003491,-0.006963,0.006301,0.000000,0.008727,0.206809,0.123168,-0.119885,-0.005236,0.691543,0.350906,0.132103,0.010472,0.502818,0.262427
1771633767.664,3558,2,2,0.0001,0.0327,0.9650,0.0001,0.0014,0.0006,0.0001,0.006038,0.190151,0.000340,0.005100,0.007780,-0.006981,0.008727,-0.004201,0.019691,0.020741,-0.005236,-0.009964,-0.032588,0.017656,-0.003491,-0.005607,0.005647,0.000000,0.008727,0.223869,0.117848,-0.098985,-0.005236,0.694746,0.347509,0.114693,0.010472,0.501739,0.262211
1771633767.764,3561,2,2,0.0000,0.0317,0.9660,0.0001,0.0016,0.0005,0.0001,0.004028,0.223966,0.000553,0.009465,0.009286,-0.006981,0.008727,-0.013331,0.004705,0.033853,-0.005236,-0.073637,-0.079412,0.001054,-0.005236,-0.008924,-0.007512,0.001745,0.008727,0.192714,0.131395,-0.143388,-0.005236,0.720721,0.392839,0.159096,0.010472,0.668168,0.401718
1771633767.867,3564,2,2,0.0000,0.0318,0.9654,0.0001,0.0020,0.0005,0.0001,0.011259,0.195274,0.001340,0.007486,0.014729,-0.006981,0.008727,0.001151,-0.020699,0.033763,-0.005236,-0.032102,-0.031914,0.006379,-0.005236,0.056758,0.028328,0.003491,0.008727,0.197940,0.129015,-0.095308,-0.006981,0.678218,0.252524,0.111016,0.010472,0.598753,0.353135
1771633767.967,3567,2,2,0.0001,0.0342,0.9623,0.0001,0.0024,0.0008,0.0001,0.010452,0.171699,0.000610,0.005834,0.010384,-0.006981,0.008727,0.012878,-0.008525,0.026774,-0.005236,-0.018367,0.002291,0.008132,-0.005236,0.021990,0.044634,0.003491,0.008727,0.210000,0.135691,-0.116016,-0.003491,0.565338,0.231828,0.131723,0.012217,0.497613,0.263760
1771633768.068,3570,2,2,0.0002,0.0449,0.9519,0.0001,0.0022,0.0006,0.0001,0.008925,0.139935,0.000329,0.002970,0.002249,-0.006981,0.008727,-0.015574,-0.001314,0.055055,-0.005236,-0.007044,0.000603,-0.013168,-0.003491,0.004753,0.037959,0.003491,0.010472,0.332484,0.136948,-0.114571,-0.003491,0.560863,0.146086,0.128534,0.012217,0.255799,0.092323
1771633768.168,3573,2,2,0.0003,0.0428,0.9547,0.0001,0.0016,0.0004,0.0000,0.012291,0.144003,0.000228,0.002004,0.009476,-0.006981,0.008727,0.002783,-0.002967,0.044001,-0.005236,0.022195,0.031874,-0.002113,-0.003491,0.000781,0.037127,0.003491,0.008727,0.213916,0.137138,-0.138200,-0.003491,0.561645,0.171210,0.153908,0.012217,0.317533,0.148250
1771633768.269,3576,2,2,0.0002,0.0254,0.9731,0.0000,0.0009,0.0003,0.0000,0.009837,0.149480,0.000550,0.003662,0.002639,-0.006981,0.008727,-0.001021,-0.002562,0.044348,-0.005236,0.004106,0.028340,-0.000715,-0.005236,-0.008345,0.032519,0.001745,0.006981,0.123012,0.139384,-0.193182,-0.003491,0.603688,0.201449,0.210635,0.012217,0.336429,0.158215
1771633768.370,3579,2,2,0.0002,0.0211,0.9772,0.0000,0.0007,0.0005,0.0000,0.008456,0.146083,0.000488,0.002299,0.005653,-0.006981,0.008727,-0.000365,-0.001663,0.035224,-0.005236,0.000637,0.023221,0.008409,-0.003491,-0.014948,0.025259,0.001745,0.008727,0.084672,0.150970,-0.170854,-0.003491,0.595973,0.193008,0.188307,0.012217,0.354273,0.163109
1771633768.469,3582,2,2,0.0003,0.0206,0.9776,0.0000,0.0007,0.0008,0.0001,0.007273,0.145682,0.000696,0.001175,0.003595,-0.006981,0.008727,0.000070,-0.000452,0.035345,-0.005236,-0.002551,0.010356,0.004797,-0.003491,-0.002429,0.027978,0.003491,0.008727,0.064746,0.189450,-0.155214,-0.003491,0.595830,0.190708,0.172667,0.012217,0.348930,0.161413
1771633768.570,3585,2,2,0.0003,0.0223,0.9758,0.0000,0.0007,0.0007,0.0001,0.007718,0.140228,0.000475,0.001034,0.002213,-0.006981,0.008727,-0.002339,0.001339,0.035740,-0.005236,-0.000031,0.006360,0.004403,-0.003491,0.003783,0.032260,0.003491,0.006981,0.067920,0.187034,-0.141209,-0.003491,0.593591,0.184163,0.156917,0.012217,0.315591,0.154835
1771633768.670,3588,2,2,0.0003,0.0206,0.9781,0.0000,0.0005,0.0005,0.0001,0.007392,0.135995,0.002541,0.003087,0.001942,-0.006981,0.008727,0.003240,-0.000532,0.034674,-0.005236,-0.004620,-0.003564,0.003723,-0.003491,0.001847,0.036492,0.003491,0.008727,0.057974,0.184581,-0.136102,-0.003491,0.582730,0.133974,0.153555,0.012217,0.337555,0.157136
1771633768.770,3591,2,2,0.0005,0.0276,0.9708,0.0000,0.0006,0.0005,0.0001,0.007684,0.123740,0.000711,0.001433,0.000741,-0.006981,0.008727,0.005100,-0.002214,0.041014,-0.005236,-0.001083,-0.012426,-0.002617,-0.005236,0.001487,0.035878,0.005236,0.006981,0.062305,0.151236,-0.100459,-0.003491,0.532238,0.099973,0.114421,0.012217,0.338784,0.161487
1771633768.871,3594,2,2,0.0005,0.0296,0.9688,0.0000,0.0006,0.0005,0.0001,0.011392,0.131335,0.000202,0.000756,0.005248,-0.006981,0.008727,0.035227,-0.002270,0.059473,-0.005236,-0.000179,-0.004282,-0.017585,-0.005236,-0.003425,0.033281,0.003491,0.008727,0.043415,0.151476,-0.102528,-0.001745,0.539175,0.085491,0.116490,0.012217,0.435387,0.180149
1771633768.971,3597,2,2,0.0004,0.0251,0.9733,0.0000,0.0005,0.0006,0.0001,0.013932,0.128692,0.000483,0.000488,0.001434,-0.006981,0.008727,0.008329,0.008272,0.033044,-0.005236,0.045365,0.030244,0.008844,-0.003491,-0.018611,0.024357,0.003491,0.008727,-0.022368,0.153896,-0.120788,-0.001745,0.544082,0.083594,0.134750,0.012217,0.424818,0.178725
1771633769.071,3600,2,2,0.0006,0.0254,0.9724,0.0000,0.0006,0.0008,0.0001,0.015425,0.129983,0.000640,0.000749,0.001878,-0.006981,0.008727,0.000603,0.037966,-0.037819,-0.005236,0.029238,0.032349,0.076217,-0.003491,-0.075204,-0.042109,0.003491,0.008727,-0.032716,0.159593,-0.126831,-0.001745,0.554790,0.081912,0.140794,0.012217,0.423754,0.174521
1771633769.171,3603,2,2,0.0021,0.0332,0.9602,0.0002,0.0010,0.0028,0.0006,0.011144,0.124028,0.001609,0.000494,0.001256,-0.006981,0.008727,0.001449,0.034869,-0.024387,-0.005236,0.005804,0.018348,0.064529,-0.005236,-0.067376,-0.037279,0.003491,0.006981,-0.016305,0.156010,-0.146281,-0.001745,0.556831,0.070666,0.160244,0.012217,0.409791,0.112105
1771633769.271,3606,2,2,0.0087,0.0599,0.9154,0.0005,0.0023,0.0110,0.0022,0.011487,0.112616,0.000709,0.002514,0.002378,-0.006981,0.008727,-0.012866,0.035717,-0.011278,-0.005236,0.014779,0.020223,0.058402,-0.005236,-0.047071,-0.025783,0.003491,0.008727,-0.012133,0.156363,-0.118247,-0.001745,0.553899,0.049626,0.133955,0.012217,0.322289,0.110827
1771633769.372,3609,2,2,0.0083,0.0720,0.9055,0.0004,0.0024,0.0089,0.0024,0.015087,0.118067,0.000319,0.002504,0.001985,-0.006981,0.008727,-0.004861,0.036557,-0.016523,-0.005236,0.027925,0.044194,0.063647,-0.005236,-0.032936,-0.004046,0.003491,0.006981,0.041736,0.158095,-0.109056,-0.001745,0.553720,0.052746,0.124764,0.012217,0.350051,0.112997
1771633769.472,3612,2,2,0.0054,0.0590,0.9257,0.0003,0.0014,0.0064,0.0018,0.009263,0.118644,0.000575,0.000770,0.001095,-0.006981,0.006981,0.015375,0.023714,0.012135,-0.005236,-0.046111,0.008230,0.033243,-0.005236,-0.023017,0.011482,0.005236,0.008727,0.015808,0.162593,-0.110537,-0.001745,0.565766,0.063541,0.126245,0.012217,0.351854,0.111741
1771633769.572,3615,2,2,0.0056,0.0530,0.9298,0.0003,0.0014,0.0076,0.0022,0.010195,0.123910,0.000378,0.001695,0.002013,-0.006981,0.008727,0.015324,0.025667,0.059141,-0.005236,-0.011584,0.004612,-0.017253,-0.003491,-0.020072,0.008864,0.005236,0.006981,0.014576,0.164232,-0.144297,-0.001745,0.575832,0.087572,0.160005,0.012217,0.347962,0.112301
1771633769.673,3618,2,2,0.0098,0.0743,0.8999,0.0004,0.0019,0.0109,0.0027,0.007535,0.101570,0.000104,0.001369,0.001419,-0.006981,0.008727,0.001011,0.026542,0.035272,-0.005236,-0.003131,0.003802,0.006616,-0.003491,-0.012209,0.008445,0.003491,0.008727,0.017739,0.161361,-0.128084,-0.001745,0.561441,0.084334,0.143792,0.012217,0.156329,0.069407
1771633769.773,3621,2,2,0.0298,0.4699,0.4924,0.0016,0.0013,0.0026,0.0023,0.008466,0.046690,0.000206,0.000525,0.001374,-0.006981,0.008727,0.004547,0.025674,0.035702,-0.005236,-0.002287,0.004166,0.004440,-0.003491,-0.006670,0.018333,0.006981,0.006981,0.021183,0.042758,-0.064891,-0.001745,0.312575,-0.088426,0.080599,0.012217,0.076984,-0.035003
1771633769.874,3624,1,1,0.0059,0.9596,0.0324,0.0016,0.0000,0.0001,0.0004,0.007533,0.017511,0.001067,0.001129,0.004342,-0.006981,0.008727,0.001542,0.025175,0.036912,-0.005236,-0.001161,0.001954,0.003230,-0.005236,-0.006531,0.012862,0.005236,0.006981,0.025311,-0.006238,-0.004537,-0.001745,0.140146,-0.186403,0.020245,0.012217,-0.108177,-0.177508
1771633769.974,3627,1,1,0.0010,0.9954,0.0028,0.0004,0.0000,0.0000,0.0004,0.007706,0.005863,0.000327,0.000967,0.001502,-0.006981,0.008727,-0.001441,0.024600,0.033974,-0.005236,-0.000761,0.002681,0.006169,-0.003491,-0.003024,0.016323,0.003491,-0.005236,0.049408,-0.033571,0.002020,0.000000,-0.131551,-0.248897,0.004962,0.010472,-0.159691,-0.201688
1771633770.074,3630,1,1,0.0002,0.9985,0.0008,0.0002,0.0000,0.0000,0.0003,0.009130,0.001555,0.000417,0.000442,0.000349,-0.003491,0.008727,0.002910,0.023976,0.034727,-0.005236,-0.004040,0.001677,0.005416,-0.003491,0.007856,0.024266,0.003491,-0.001745,-0.011609,-0.065465,-0.002946,0.000000,-0.390196,-0.333264,0.008182,0.006981,-0.232160,-0.260136
1771633770.175,3633,1,1,0.0000,0.9995,0.0002,0.0001,0.0000,0.0000,0.0001,0.009148,0.003453,0.000245,0.000835,0.001336,-0.006981,0.008727,0.010670,0.020434,0.045927,-0.005236,-0.021777,-0.013436,-0.004039,-0.003491,-0.002130,0.024014,0.000000,0.000000,-0.510358,-0.144269,-0.041431,0.000000,-0.599913,-0.246163,0.037940,0.003491,-0.738968,-0.464715
1771633770.274,3636,1,1,0.0000,0.9998,0.0001,0.0001,0.0000,0.0000,0.0000,0.008472,0.001911,0.000967,0.000188,0.003542,-0.006981,0.008727,0.006224,0.016895,0.041045,-0.005236,-0.004732,0.000917,0.002589,-0.003491,-0.000922,0.025264,0.000000,0.001745,-0.539290,-0.204814,0.017697,0.000000,-0.564815,-0.114970,-0.024678,0.003491,-0.754757,-0.191100
1771633770.375,3639,1,1,0.0000,0.9998,0.0000,0.0001,0.0000,0.0000,0.0000,0.011195,0.001274,0.000214,0.000673,0.001349,-0.006981,0.008727,-0.005671,0.016141,0.033677,-0.005236,0.000740,0.001422,0.008211,-0.003491,0.015857,0.049565,0.000000,0.001745,-0.424287,-0.211833,-0.018777,0.000000,-0.409384,-0.083978,0.010050,0.003491,-0.525212,-0.140181
1771633770.475,3642,1,1,0.0000,0.9998,0.0000,0.0001,0.0000,0.0000,0.0000,0.009407,0.006473,0.000586,0.000732,0.007466,-0.006981,0.008727,-0.118590,0.016705,0.008698,-0.005236,0.000654,0.001034,0.031444,-0.003491,0.004672,0.040955,0.000000,0.000000,-0.106387,-0.145670,-0.079422,0.000000,-0.272674,-0.059244,0.074186,0.003491,-0.357240,-0.093548
1771633770.575,3645,1,1,0.0000,0.9999,0.0000,0.0001,0.0000,0.0000,0.0000,0.008514,0.003676,0.000590,0.001481,0.000661,-0.006981,0.008727,-0.034973,0.016926,0.015091,-0.005236,0.000965,-0.001071,0.023307,-0.003491,0.001297,0.035852,0.000000,-0.001745,-0.139646,-0.122712,-0.044118,0.000000,-0.206061,-0.049178,0.038882,0.005236,-0.248468,-0.061916
1771633770.676,3648,1,1,0.0001,0.9998,0.0000,0.0001,0.0000,0.0000,0.0000,0.009036,0.003516,0.000143,0.002914,0.003363,-0.006981,0.008727,-0.020629,0.017637,0.013182,-0.005236,0.008005,-0.000322,0.025215,-0.003491,0.001292,0.034376,0.000000,0.000000,-0.103176,-0.092171,0.036957,0.000000,-0.128925,-0.046543,-0.043938,0.005236,-0.171936,-0.066400
1771633770.779,3651,1,1,0.0001,0.9998,0.0000,0.0001,0.0000,0.0000,0.0000,0.008861,0.006252,0.000690,0.005305,0.005611,-0.006981,0.008727,0.005505,0.018862,0.003707,-0.005236,0.002066,0.001801,0.034690,-0.003491,-0.010819,0.030967,0.000000,0.000000,-0.066388,-0.063950,0.069051,0.000000,-0.038238,-0.048310,-0.074287,0.003491,0.002479,-0.140105
1771633770.876,3654,1,1,0.0000,0.9998,0.0000,0.0001,0.0000,0.0000,0.0000,0.009370,0.000291,0.000250,0.007944,0.016185,-0.006981,0.008727,-0.001638,0.021047,0.004622,-0.005236,0.011133,0.005289,0.033776,-0.003491,-0.009153,0.027844,0.000000,0.000000,-0.016952,-0.028643,-0.004840,0.000000,-0.043009,-0.048100,-0.000396,0.003491,-0.029379,-0.098982
1771633770.978,3657,1,1,0.0000,0.9999,0.0000,0.0001,0.0000,0.0000,0.0000,0.009602,0.003798,0.000612,0.006579,0.008759,-0.006981,0.008727,-0.000235,0.019162,0.019111,-0.005236,0.016727,0.008465,0.019286,-0.003491,-0.013231,0.023747,0.000000,0.000000,0.015848,-0.016720,-0.014280,0.000000,-0.039888,-0.045475,0.010789,0.001745,0.017198,-0.099798
1771633771.076,3660,1,1,0.0000,0.9999,0.0000,0.0000,0.0000,0.0000,0.0000,0.008089,0.009822,0.002019,0.004601,0.008818,-0.006981,0.008727,0.004038,0.019556,0.064743,-0.005236,-0.022343,-0.010837,-0.024601,-0.003491,-0.052589,-0.020387,0.000000,0.000000,0.093773,0.000947,0.021401,0.000000,-0.025906,-0.042413,-0.023146,0.001745,-0.002137,-0.083547
1771633771.176,3663,1,1,0.0000,1.0000,0.0000,0.0000,0.0000,0.0000,0.0000,0.011793,0.036888,0.001312,0.002705,0.008745,-0.006981,0.008727,0.069336,0.018045,0.045408,-0.005236,-0.008892,-0.009066,-0.000030,-0.003491,-0.038468,-0.019017,0.000000,0.000000,0.301447,0.014381,0.123339,0.001745,-0.017673,-0.038762,-0.126830,0.001745,-0.017087,-0.073628
1771633771.277,3666,1,1,0.0000,1.0000,0.0000,0.0000,0.0000,0.0000,0.0000,0.011440,0.018887,0.003772,0.004122,0.005607,-0.003491,0.008727,0.059055,0.017831,-0.009779,-0.005236,-0.004791,-0.001884,0.051666,-0.003491,-0.035808,-0.010506,0.000000,-0.001745,0.159162,-0.001518,0.065740,0.000000,-0.028577,-0.037856,-0.069231,0.001745,-0.047557,-0.069948
1771633771.381,3669,1,1,0.0000,0.9999,0.0001,0.0000,0.0000,0.0000,0.0000,0.008642,0.014650,0.001192,0.000588,0.001147,-0.006981,0.008727,0.033219,0.013273,0.002769,-0.005236,-0.001137,0.005338,0.037374,-0.005236,-0.025881,0.003011,0.000000,0.000000,0.131903,-0.007409,0.042155,0.000000,-0.036971,-0.038033,-0.045646,0.001745,-0.050588,-0.068774
1771633771.480,3672,1,1,0.0000,0.9999,0.0000,0.0000,0.0000,0.0000,0.0000,0.009777,0.010605,0.001495,0.001316,0.001286,-0.006981,0.008727,-0.040556,0.009293,0.007003,-0.005236,0.005471,0.019466,0.038375,-0.003491,0.006302,0.022688,0.000000,0.000000,0.104961,-0.004816,0.020551,0.000000,-0.024797,-0.046476,-0.020551,0.001745,-0.037810,-0.078411
1771633771.583,3675,1,1,0.0000,0.9999,0.0000,0.0000,0.0000,0.0000,0.0000,0.006340,0.007651,0.001696,0.000743,0.001678,-0.006981,0.008727,-0.005937,-0.018614,0.041095,-0.005236,-0.000614,0.008784,0.002539,-0.005236,-0.005742,0.014941,0.000000,0.000000,0.055963,-0.002016,0.034098,0.000000,-0.006438,-0.055265,-0.028862,0.001745,-0.020680,-0.095260
1771633771.684,3678,1,1,0.0000,0.9999,0.0000,0.0000,0.0000,0.0000,0.0000,0.010270,0.007162,0.000914,0.001067,0.001078,-0.006981,0.008727,0.027051,-0.016338,0.079144,-0.005236,-0.039396,-0.000983,-0.037256,-0.003491,-0.012718,0.008319,0.000000,0.001745,0.043531,-0.001063,0.038918,0.000000,-0.003333,-0.051510,-0.026701,0.001745,-0.013581,-0.091235
1771633771.780,3681,1,1,0.0000,0.9999,0.0000,0.0001,0.0000,0.0000,0.0000,0.008674,0.006497,0.002194,0.001277,0.002434,-0.006981,0.008727,0.021312,-0.008418,0.067013,-0.005236,-0.032878,-0.001709,-0.021634,-0.005236,-0.024543,0.007041,0.000000,0.000000,0.038963,-0.001221,0.037257,0.000000,-0.003161,-0.050172,-0.016313,0.001745,-0.001319,-0.084541
1771633771.882,3684,1,1,0.0000,0.9999,0.0000,0.0001,0.0000,0.0000,0.0000,0.007903,0.012224,0.004799,0.002079,0.003455,-0.006981,0.008727,0.024381,-0.007163,0.054583,-0.005236,-0.031677,-0.007278,-0.005714,-0.003491,-0.027739,0.007145,0.000000,0.000000,0.012596,-0.002221,0.033204,0.000000,0.000102,-0.044626,-0.007024,0.001745,0.099046,-0.102511
1771633771.981,3687,1,1,0.0000,0.9998,0.0001,0.0001,0.0000,0.0000,0.0000,0.012056,0.005117,0.014724,0.005219,0.013840,-0.006981,0.008727,0.075269,-0.006338,0.060671,-0.005236,-0.124617,-0.089837,-0.010057,-0.003491,-0.062886,-0.014860,0.000000,0.000000,-0.023267,-0.000302,0.045413,0.000000,-0.003420,-0.043015,-0.019233,0.001745,0.014244,-0.086760
1771633772.081,3690,1,1,0.0000,0.9999,0.0001,0.0000,0.0000,0.0000,0.0000,0.013395,0.004178,0.008888,0.006852,0.003930,-0.003491,0.008727,0.038414,-0.005305,0.113599,-0.005236,-0.251743,-0.102665,-0.069966,-0.001745,-0.232242,-0.071604,0.000000,0.000000,-0.024726,0.003329,0.009041,0.000000,0.018575,-0.040898,0.011903,0.001745,0.005543,-0.076844
1771633772.181,3693,1,1,0.0000,0.9999,0.0001,0.0000,0.0000,0.0000,0.0000,0.008547,0.017098,0.009086,0.007928,0.007725,-0.006981,0.008727,0.027516,-0.002911,0.066326,-0.006981,-0.275657,-0.184169,-0.019202,-0.003491,-0.329172,-0.245186,0.000000,0.000000,-0.169019,0.005132,-0.053269,0.000000,0.062630,-0.041075,0.065487,0.001745,0.070187,-0.070127
1771633772.281,3696,1,1,0.0000,0.9999,0.0001,0.0000,0.0000,0.0000,0.0000,0.008146,0.012783,0.005641,0.005754,0.005505,-0.003491,0.008727,0.022957,-0.005136,0.066064,-0.008727,-0.168543,-0.106277,-0.008468,-0.006981,-0.194925,-0.128602,0.000000,0.000000,-0.216110,0.013944,-0.008883,0.000000,0.087255,-0.051229,0.017609,0.003491,0.031096,-0.070280
1771633772.381,3699,1,1,0.0000,1.0000,0.0000,0.0000,0.0000,0.0000,0.0000,0.010672,0.020350,0.007063,0.004609,0.004840,-0.006981,0.008727,0.009355,-0.004632,0.109979,-0.008727,-0.106888,-0.076176,-0.047147,-0.005236,-0.127807,-0.083097,0.000000,0.001745,-0.207748,0.033717,-0.016109,0.000000,0.106206,-0.054293,0.028326,0.001745,0.072461,-0.048610
1771633772.482,3702,1,1,0.0000,0.9999,0.0001,0.0000,0.0000,0.0000,0.0000,0.018773,0.026800,0.011576,0.008615,0.016528,-0.006981,0.010472,0.022264,-0.000884,0.085635,-0.010472,-0.018322,-0.049110,-0.015822,-0.005236,0.076085,0.030823,0.000000,0.000000,-0.135429,0.009442,-0.055185,-0.001745,0.117253,-0.033870,0.065657,0.000000,0.119418,0.009825
1771633772.584,3705,1,1,0.0000,0.9999,0.0001,0.0000,0.0000,0.0000,0.0000,0.022465,0.013532,0.010031,0.007649,0.008067,-0.006981,0.012217,0.042832,-0.005390,0.073473,-0.010472,0.081160,0.032305,-0.000170,-0.008727,0.011571,0.016022,-0.001745,0.000000,-0.128853,0.009480,-0.051778,0.000000,0.047718,-0.037987,0.062249,0.000000,0.042935,-0.008697
1771633772.683,3708,1,1,0.0000,0.9999,0.0001,0.0000,0.0000,0.0000,0.0000,0.038660,0.059464,0.004624,0.003973,0.007786,-0.006981,0.012217,-0.007286,-0.002133,0.063044,-0.010472,0.046716,0.028598,0.003279,-0.006981,0.163787,0.146276,0.000000,0.001745,-0.111294,0.032473,-0.064343,0.000000,0.284345,0.042815,0.076560,0.001745,0.236136,0.037752
1771633772.784,3711,1,1,0.0000,0.9998,0.0002,0.0000,0.0000,0.0000,0.0000,0.026584,0.030959,0.003893,0.005501,0.007541,-0.006981,0.012217,-0.018533,-0.002622,0.108244,-0.010472,0.015462,0.028113,-0.038431,-0.006981,0.068615,0.086352,0.000000,0.001745,-0.106130,0.039749,-0.000863,0.000000,0.085859,0.012587,0.009589,0.000000,0.095295,0.126681
1771633772.885,3714,1,1,0.0000,0.9992,0.0008,0.0000,0.0000,0.0000,0.0000,0.014530,0.033539,0.004969,0.004636,0.002820,-0.006981,0.008727,0.006844,-0.022899,0.072509,-0.008727,0.004064,0.010839,-0.004442,-0.005236,0.024860,0.046515,0.000000,0.001745,-0.095198,0.025832,-0.064621,0.000000,0.073007,0.041306,0.076838,0.000000,0.086174,0.097568
1771633772.985,3717,1,1,0.0000,0.9990,0.0010,0.0000,0.0000,0.0000,0.0000,0.014900,0.036814,0.008076,0.001532,0.005643,-0.003491,0.010472,-0.044141,-0.011402,0.052903,-0.008727,0.020556,0.032427,0.009928,-0.003491,0.013255,0.039259,0.001745,0.000000,-0.090073,0.009716,-0.066094,0.000000,0.096763,0.069978,0.078311,0.000000,0.102098,0.083153
1771633773.085,3720,1,1,0.0000,0.9989,0.0011,0.0000,0.0000,0.0000,0.0000,0.010675,0.019064,0.004037,0.001192,0.005925,-0.003491,0.008727,0.038851,-0.006660,0.080523,-0.010472,-0.009127,-0.021012,-0.017691,-0.003491,-0.039233,-0.041348,0.000000,0.001745,-0.094512,0.016182,-0.011686,0.000000,0.036810,0.030063,0.018668,0.000000,0.053589,0.071707
1771633773.186,3723,1,1,0.0000,0.9997,0.0003,0.0000,0.0000,0.0000,0.0000,0.008873,0.008937,0.004025,0.001922,0.005952,-0.003491,0.006981,-0.088467,-0.002719,-0.043646,-0.010472,-0.006998,-0.008625,0.099497,-0.001745,-0.015790,-0.016361,0.000000,0.001745,-0.094358,0.022306,0.012809,0.000000,-0.124915,-0.051732,-0.007573,0.001745,0.010619,0.058019
1771633773.287,3726,1,1,0.0000,0.9998,0.0002,0.0000,0.0000,0.0000,0.0000,0.008826,0.010964,0.006603,0.000870,0.006469,-0.003491,0.008727,-0.020826,0.025470,0.071710,-0.010472,-0.028193,-0.012894,-0.019350,-0.003491,-0.099193,-0.023035,-0.001745,0.001745,-0.090095,0.010897,0.056061,0.000000,-0.067612,-0.029136,-0.054316,0.000000,-0.004217,0.062860
1771633773.390,3729,1,1,0.0000,0.9999,0.0001,0.0000,0.0000,0.0000,0.0000,0.012059,0.015860,0.005593,0.002101,0.010456,-0.006981,0.008727,0.003153,0.026264,0.106559,-0.006981,-0.064007,-0.034635,-0.054199,-0.001745,-0.072848,-0.026137,0.000000,0.001745,-0.086760,0.006622,0.102218,0.000000,-0.023895,-0.020020,-0.088256,0.000000,-0.001950,0.079730
1771633773.488,3732,1,1,0.0000,0.9999,0.0001,0.0000,0.0000,0.0000,0.0000,0.015750,0.015349,0.001364,0.001117,0.001486,-0.003491,0.003491,0.083834,0.025345,0.076331,-0.006981,-0.028178,-0.021991,-0.032698,-0.001745,-0.068793,-0.040712,0.000000,0.003491,-0.087087,0.020294,0.077461,0.000000,0.000511,-0.004939,-0.060007,0.000000,0.006454,0.075978
1771633773.589,3735,1,1,0.0000,0.9999,0.0001,0.0000,0.0000,0.0000,0.0000,0.012449,0.015357,0.013983,0.002523,0.013598,-0.003491,0.003491,0.074772,0.027492,0.036880,-0.006981,-0.030524,-0.015260,0.006753,-0.001745,-0.091024,-0.056295,0.000000,0.003491,-0.085100,0.006860,0.057188,0.000000,0.001536,0.017954,-0.039735,0.000000,0.015674,0.081580
1771633773.690,3738,1,1,0.0000,0.9999,0.0000,0.0000,0.0000,0.0000,0.0000,0.014387,0.010253,0.003651,0.000987,0.006816,-0.003491,0.006981,0.037865,0.041306,0.086488,-0.005236,-0.257959,-0.151528,-0.042855,-0.001745,-0.032435,-0.017553,0.000000,0.003491,-0.080787,0.002193,0.040243,0.000000,-0.002744,0.005265,-0.012318,0.000000,0.004757,0.067085
1771633773.790,3741,1,1,0.0000,0.9999,0.0000,0.0000,0.0000,0.0000,0.0000,0.011009,0.012716,0.012024,0.001005,0.011290,-0.003491,0.008727,-0.029966,0.067166,0.056217,-0.005236,-0.108796,-0.071260,-0.014329,0.000000,-0.045121,-0.028664,-0.001745,0.001745,-0.077330,0.002373,-0.003580,0.000000,0.019002,0.019008,0.028015,0.000000,0.017898,0.064552
1771633773.891,3744,1,1,0.0000,1.0000,0.0000,0.0000,0.0000,0.0000,0.0000,0.010944,0.019416,0.004387,0.000939,0.004950,-0.003491,0.006981,-0.127404,0.080712,0.031937,-0.005236,-0.080870,-0.052044,0.011697,0.000000,-0.081974,-0.063682,-0.003491,0.003491,-0.040988,0.000166,0.063607,-0.001745,0.024893,0.028965,-0.042663,0.000000,0.032908,0.078968
1771633773.991,3747,1,1,0.0000,1.0000,0.0000,0.0000,0.0000,0.0000,0.0000,0.008011,0.014820,0.002994,0.000989,0.007483,0.000000,0.003491,-0.053099,0.055988,0.031194,-0.001745,-0.076932,-0.042289,0.005458,0.000000,-0.077469,-0.046453,-0.003491,0.001745,-0.036851,-0.002211,0.030304,-0.001745,0.029062,0.029325,-0.002379,-0.001745,0.012501,0.074906
1771633774.091,3750,1,1,0.0000,1.0000,0.0000,0.0000,0.0000,0.0000,0.0000,0.006593,0.009599,0.001668,0.001210,0.003372,0.013963,-0.026180,-0.040011,0.031994,0.002127,-0.001745,-0.110472,-0.039011,0.031035,-0.003491,-0.265173,-0.168783,-0.001745,0.001745,-0.046138,-0.003428,0.032701,-0.003491,0.003949,0.011607,-0.001285,-0.001745,-0.010092,0.065187
1771633774.192,3753,1,1,0.0000,1.0000,0.0000,0.0000,0.0000,0.0000,0.0000,0.003400,0.008750,0.001702,0.001991,0.002740,0.013963,-0.050615,-0.107213,0.005893,0.012724,-0.001745,-0.109566,-0.060039,0.008220,0.000000,-0.167661,-0.109153,-0.003491,0.003491,-0.049889,-0.000118,-0.013949,-0.001745,0.004288,0.006507,0.043620,0.000000,-0.032559,0.047094
1771633774.292,3756,1,1,0.0000,1.0000,0.0000,0.0000,0.0000,0.0000,0.0000,0.002491,0.007844,0.002545,0.001963,0.006353,0.006981,-0.045379,-0.053684,0.005461,0.002013,-0.001745,-0.080839,-0.041241,0.015440,0.000000,-0.131758,-0.080176,-0.003491,0.003491,-0.052693,0.003612,-0.016535,-0.003491,-0.000724,0.002845,0.046205,0.000000,-0.031482,0.037974
1771633774.392,3759,1,1,0.0000,1.0000,0.0000,0.0000,0.0000,0.0000,0.0000,0.001264,0.014405,0.001669,0.001534,0.003902,0.001745,-0.022689,-0.036773,0.004697,0.004093,0.000000,-0.072052,-0.035556,0.004633,0.000000,-0.097387,-0.054832,-0.003491,0.001745,-0.056971,0.004152,-0.118747,-0.003491,-0.052235,-0.004318,0.148417,0.000000,-0.084536,0.018548
1771633774.492,3762,1,1,0.0000,1.0000,0.0000,0.0000,0.0000,0.0000,0.0000,0.000687,0.007960,0.003460,0.002173,0.006221,0.000000,-0.003491,-0.032900,0.000391,-0.002615,-0.001745,-0.035021,-0.025056,0.007851,0.000000,-0.063566,-0.042449,-0.003491,0.001745,-0.045047,0.013766,-0.055575,-0.003491,-0.061752,-0.017858,0.080010,0.000000,-0.076688,-0.027913
1771633774.593,3765,1,1,0.0000,1.0000,0.0000,0.0000,0.0000,0.0000,0.0000,0.086189,0.007884,0.002433,0.001211,0.003250,0.001745,0.000000,0.019804,-0.048877,-0.040869,0.000000,0.218130,0.141543,0.046105,0.001745,0.334452,0.270739,-0.001745,0.001745,-0.033051,0.035945,-0.034228,-0.003491,-0.045430,-0.005314,0.056917,0.000000,-0.059913,-0.008001
1771633774.693,3768,1,1,0.0000,0.9999,0.0000,0.0000,0.0000,0.0000,0.0000,0.029419,0.008815,0.001070,0.000305,0.001940,0.001745,0.000000,0.011445,-0.037740,-0.028344,0.000000,0.081121,0.055610,0.031835,0.001745,0.091173,0.078350,-0.001745,0.003491,-0.032140,0.021640,-0.003806,-0.001745,0.021287,0.023051,0.031731,0.000000,-0.052923,0.004579
1771633774.793,3771,1,1,0.0000,0.9999,0.0000,0.0000,0.0000,0.0000,0.0000,0.020745,0.008263,0.002585,0.000145,0.002529,0.000000,0.000000,0.052886,-0.027842,-0.007165,0.000000,0.040858,0.037571,0.015892,0.001745,0.048623,0.051369,-0.001745,0.003491,-0.023346,0.007430,0.048765,-0.001745,0.018041,0.002933,-0.026075,0.001745,0.000844,0.015905
1771633774.894,3774,1,1,0.0000,0.9999,0.0000,0.0000,0.0000,0.0000,0.0000,0.009313,0.022787,0.000578,0.000489,0.002146,0.000000,0.000000,0.062026,-0.018860,-0.009536,0.000000,0.015160,0.019795,0.013027,0.001745,-0.031221,-0.036576,-0.001745,0.001745,-0.020966,0.002790,0.032149,-0.001745,0.069221,0.034929,-0.000733,-0.003491,0.062522,0.070083
1771633774.994,3777,1,1,0.0000,0.9999,0.0000,0.0000,0.0000,0.0000,0.0000,0.004026,0.018110,0.001525,0.000998,0.002706,0.000000,0.000000,0.043171,-0.010107,-0.000552,0.000000,0.001102,-0.003416,0.002298,0.001745,-0.023638,-0.028099,-0.001745,0.003491,0.017769,0.000717,0.015746,-0.003491,0.019071,0.026045,0.010434,0.000000,0.033228,0.090821
1771633775.094,3780,1,1,0.0000,0.9999,0.0000,0.0000,0.0000,0.0000,0.0000,0.003625,0.012112,0.004016,0.001895,0.005213,0.000000,0.001745,0.019014,-0.004129,0.020998,0.000000,-0.003731,-0.000556,-0.017508,0.001745,-0.019360,-0.014480,-0.003491,0.005236,0.030776,0.001086,0.016234,-0.001745,-0.004781,0.009144,0.002965,0.000000,0.007827,0.072079
1771633775.194,3783,1,1,0.0000,1.0000,0.0000,0.0000,0.0000,0.0000,0.0000,0.017181,0.005879,0.003745,0.001120,0.004823,0.000000,0.000000,0.011163,-0.012336,0.017703,0.000000,-0.029216,-0.005699,-0.014212,0.001745,0.102581,0.072977,-0.001745,0.005236,0.002480,0.002145,0.012810,-0.001745,-0.072222,-0.040010,0.001152,0.000000,-0.008514,0.046722
1771633775.295,3786,1,1,0.0000,0.9999,0.0000,0.0000,0.0000,0.0000,0.0000,0.015374,0.008412,0.000859,0.000478,0.000739,0.000000,0.000000,-0.000559,-0.011464,0.051385,0.000000,-0.076008,-0.006285,-0.040913,0.001745,0.046695,0.084658,-0.003491,0.005236,-0.008777,0.001010,0.043945,-0.001745,-0.070207,-0.033243,-0.019510,0.000000,-0.006115,0.050752
1771633775.395,3789,1,1,0.0000,0.9999,0.0000,0.0000,0.0000,0.0000,0.0000,0.012007,0.011146,0.001111,0.000473,0.000854,0.000000,0.000000,0.003885,-0.005984,0.068961,0.000000,-0.102976,-0.041165,-0.061979,0.001745,0.017242,0.052246,-0.003491,0.005236,-0.060979,-0.000570,0.077249,-0.001745,-0.058886,-0.030718,-0.042343,0.000000,-0.004035,0.051261
1771633775.495,3792,1,1,0.0000,0.9999,0.0000,0.0001,0.0000,0.0000,0.0000,0.011991,0.011684,0.002761,0.000716,0.002379,0.000000,0.000000,0.036425,-0.004958,0.067996,0.000000,-0.160277,-0.096684,-0.059269,0.001745,-0.005190,0.037731,-0.003491,0.003491,-0.060829,-0.008499,0.056847,-0.001745,-0.053828,-0.025294,-0.023686,0.000000,0.024976,0.054899
1771633775.595,3795,1,1,0.0000,0.9999,0.0000,0.0001,0.0000,0.0000,0.0000,0.007017,0.010096,0.002673,0.000753,0.003511,0.000000,0.000000,0.008670,0.002463,0.052537,0.000000,-0.092691,-0.050617,-0.045556,0.001745,-0.087198,0.018784,-0.001745,0.001745,-0.022132,-0.005948,0.042142,-0.001745,0.005697,-0.011594,-0.003745,0.000000,0.012444,0.059120
1771633775.695,3798,1,1,0.0000,0.9999,0.0000,0.0000,0.0000,0.0000,0.0000,0.011459,0.028795,0.005212,0.002009,0.011318,0.000000,0.000000,-0.003859,0.074979,0.018420,0.000000,0.042361,-0.002514,-0.007948,0.001745,-0.075224,-0.021329,-0.003491,0.003491,-0.040551,-0.015214,-0.055532,-0.001745,0.050571,0.019669,0.088693,0.000000,0.074906,0.108211
1771633775.796,3801,1,1,0.0000,0.9999,0.0000,0.0000,0.0000,0.0000,0.0000,0.005679,0.037068,0.006466,0.002035,0.014584,0.000000,0.000000,-0.013997,0.051401,0.016745,0.000000,-0.020678,-0.012756,-0.004528,0.000000,-0.120450,-0.084124,-0.003491,0.001745,0.028290,-0.007814,-0.016681,-0.001745,0.116472,0.130327,0.049842,0.001745,0.018603,0.097791
1771633775.896,3804,1,1,0.0000,0.9999,0.0001,0.0000,0.0000,0.0000,0.0000,0.005681,0.037695,0.010766,0.008629,0.028833,0.000000,0.000000,-0.028411,0.035460,-0.017007,0.000000,-0.002965,-0.017362,0.030970,0.001745,-0.062204,-0.097059,-0.001745,0.003491,0.309169,-0.016246,-0.013093,-0.003491,-0.031880,0.011324,0.048000,0.000000,0.003753,0.076599
1771633775.996,3807,1,1,0.0000,0.9998,0.0002,0.0000,0.0000,0.0000,0.0000,0.008733,0.093949,0.006295,0.007918,0.022200,0.000000,0.000000,0.032747,0.045446,0.026600,-0.005236,-0.025205,-0.028010,-0.014383,-0.001745,-0.060504,-0.095650,-0.001745,0.003491,0.655405,0.150951,0.110788,-0.003491,-0.027861,-0.004051,-0.077627,0.000000,0.052655,0.154104
1771633776.096,3810,1,1,0.0000,0.9879,0.0121,0.0000,0.0000,0.0000,0.0000,0.008337,0.205838,0.001963,0.002779,0.011855,0.000000,0.000000,-0.016247,0.082588,0.000534,-0.005236,-0.036379,-0.045076,0.016919,-0.003491,-0.076655,-0.096622,0.000000,0.001745,0.592741,0.178538,0.326237,-0.003491,0.414989,0.050766,-0.294821,0.000000,0.514981,0.390063
1771633776.197,3813,1,1,0.0000,0.9424,0.0576,0.0000,0.0000,0.0000,0.0000,0.054142,0.104992,0.005699,0.001857,0.004784,0.000000,0.000000,0.301304,0.227779,0.101532,-0.005236,0.015594,-0.029390,-0.094551,0.003491,-0.029568,-0.003826,0.000000,0.003491,0.260793,0.144258,0.142428,-0.001745,0.196762,0.156638,-0.111012,-0.003491,0.153109,0.202420
1771633776.297,3816,1,1,0.0000,0.9856,0.0144,0.0000,0.0000,0.0000,0.0000,0.058972,0.063498,0.005021,0.003546,0.011518,-0.001745,0.000000,0.233865,0.109398,0.097083,0.000000,0.072711,-0.018711,-0.083120,0.001745,0.105686,0.087180,0.000000,0.005236,0.144481,0.103060,0.092660,-0.003491,0.108703,0.089039,-0.064735,-0.003491,0.086723,0.132069
1771633776.398,3819,1,1,0.0000,0.9988,0.0012,0.0000,0.0000,0.0000,0.0000,0.030950,0.036916,0.001584,0.006088,0.009128,0.000000,0.001745,0.149339,0.050477,0.055856,-0.001745,0.054858,-0.007089,-0.029676,-0.001745,0.022061,0.037064,0.000000,0.006981,0.036073,0.080193,0.022917,-0.001745,0.070800,0.068996,0.005009,-0.003491,0.059599,0.092418
1771633776.498,3822,1,1,0.0000,0.9990,0.0009,0.0000,0.0000,0.0000,0.0000,0.007530,0.019785,0.005151,0.003614,0.007457,0.000000,0.001745,-0.363156,0.050219,0.019807,-0.001745,-0.408025,-0.063640,0.018590,-0.001745,-0.634210,-0.430103,0.000000,0.003491,0.002920,0.068160,0.023910,-0.001745,0.002088,0.030789,-0.002966,-0.005236,0.027796,0.078261
1771633776.599,3825,1,1,0.0000,0.9994,0.0006,0.0000,0.0000,0.0000,0.0000,0.010812,0.015019,0.006490,0.004684,0.005382,-0.001745,0.001745,-0.383486,-0.177371,-0.096579,0.000000,-0.501087,-0.078022,0.124504,0.003491,-0.583575,-0.274581,0.000000,0.005236,-0.855988,-0.206592,-0.134497,-0.003491,-0.266226,0.017802,0.157186,-0.003491,-0.454217,-0.307718
1771633776.700,3828,1,1,0.0000,0.9997,0.0003,0.0000,0.0000,0.0000,0.0000,0.005349,0.005862,0.003187,0.002346,0.008598,-0.001745,0.003491,0.010271,-0.099515,-0.012029,-0.005236,-0.292807,-0.046973,0.050426,-0.001745,-0.345120,-0.169408,-0.001745,0.005236,-0.479493,-0.144547,-0.042417,-0.001745,-0.236786,-0.111685,0.065107,-0.003491,-0.267875,-0.168147
1771633776.799,3831,1,1,0.0000,0.9998,0.0001,0.0000,0.0000,0.0000,0.0000,0.003910,0.011270,0.001473,0.002585,0.002539,-0.001745,0.003491,0.003286,-0.066781,0.023944,-0.005236,-0.143653,-0.071360,0.016198,-0.003491,-0.110762,-0.057650,-0.003491,0.005236,-0.340804,-0.081256,-0.102081,-0.001745,-0.129496,-0.061894,0.130006,-0.003491,-0.167629,-0.117384
1771633776.898,3834,1,1,0.0000,0.9999,0.0001,0.0000,0.0000,0.0000,0.0000,0.012394,0.021544,0.002338,0.004025,0.001886,-0.001745,0.003491,0.006497,-0.066994,0.031193,-0.005236,-0.081168,-0.068758,0.005459,-0.001745,0.046761,0.055332,-0.003491,0.005236,-0.239765,-0.055403,-0.048979,-0.003491,0.121197,0.055193,0.076905,-0.003491,-0.019162,-0.053765
1771633776.999,3837,1,1,0.0000,0.9999,0.0001,0.0000,0.0000,0.0000,0.0000,0.008158,0.015823,0.001235,0.000675,0.001437,-0.001745,0.003491,0.006535,-0.070069,0.025987,-0.005236,-0.035676,-0.055274,0.010665,-0.003491,0.014067,0.037149,-0.005236,0.005236,-0.180382,-0.052532,-0.026360,-0.003491,0.067732,0.059133,0.057776,-0.001745,-0.000871,-0.002563
1771633777.101,3840,1,1,0.0000,0.9999,0.0000,0.0000,0.0000,0.0000,0.0000,0.019553,0.014459,0.000433,0.000577,0.003571,-0.001745,0.006981,0.161004,-0.050012,0.028105,-0.003491,-0.001475,-0.045865,0.010292,-0.003491,0.001652,0.026605,-0.005236,0.005236,-0.146397,-0.049605,-0.017921,-0.001745,0.040075,0.047698,0.056318,-0.001745,0.003941,0.020239
1771633777.201,3843,1,1,0.0000,0.9999,0.0000,0.0000,0.0000,0.0000,0.0000,0.013881,0.015133,0.002828,0.001382,0.004026,-0.001745,0.003491,0.085675,-0.057917,0.077404,-0.005236,-0.017066,-0.041569,-0.033771,-0.003491,-0.068374,-0.021139,-0.005236,0.006981,-0.145410,-0.034072,-0.004980,-0.003491,0.033854,0.069317,0.050358,-0.001745,-0.000999,0.021082
1771633777.301,3846,1,1,0.0000,0.9999,0.0000,0.0000,0.0000,0.0000,0.0000,0.012734,0.015662,0.007186,0.004512,0.004113,-0.001745,0.006981,-0.057489,-0.024592,-0.018180,-0.003491,0.068523,-0.006309,0.065304,-0.003491,0.011997,-0.006616,-0.005236,0.005236,-0.142781,-0.022115,-0.010048,-0.003491,0.041572,0.048128,0.055427,-0.001745,0.013250,0.024331
1771633777.401,3849,1,1,0.0000,1.0000,0.0000,0.0000,0.0000,0.0000,0.0000,0.006093,0.007984,0.003676,0.005051,0.002394,-0.001745,0.008727,-0.045674,-0.022579,-0.004127,-0.003491,0.010947,-0.018012,0.047760,-0.001745,0.005681,-0.008654,-0.005236,0.005236,-0.104507,-0.007261,0.059069,-0.003491,-0.023511,0.009183,-0.017181,-0.001745,-0.005488,0.022325
1771633777.502,3852,1,1,0.0000,1.0000,0.0000,0.0000,0.0000,0.0000,0.0000,0.006029,0.003575,0.002799,0.001172,0.004141,-0.001745,0.006981,-0.044122,-0.020858,-0.016501,-0.003491,-0.111223,-0.034551,0.065370,0.000000,-0.002636,-0.006792,-0.003491,0.005236,-0.082795,-0.004426,0.037669,-0.003491,-0.066817,-0.032285,-0.002762,-0.001745,-0.051142,-0.003923
1771633777.602,3855,1,1,0.0000,1.0000,0.0000,0.0000,0.0000,0.0000,0.0000,0.010456,0.003345,0.003220,0.004640,0.004030,-0.001745,0.003491,-0.046724,0.045472,0.033709,-0.003491,-0.043112,-0.039904,0.018651,-0.001745,0.019134,0.005021,-0.005236,0.005236,-0.079103,-0.003094,0.033829,-0.005236,-0.051164,-0.014928,0.001077,-0.001745,-0.048131,-0.002864
1771633777.703,3858,1,1,0.0000,0.9999,0.0000,0.0001,0.0000,0.0000,0.0000,0.201237,0.003054,0.008300,0.002231,0.003874,0.000000,0.003491,-0.180086,0.153657,0.039986,-0.003491,0.714778,0.362050,0.012374,-0.001745,0.668777,0.459732,-0.005236,0.005236,-0.023872,-0.009354,0.026564,-0.003491,-0.039456,-0.011437,0.004852,-0.001745,-0.044264,-0.008318
1771633777.803,3861,1,1,0.0000,0.9996,0.0000,0.0004,0.0000,0.0000,0.0000,0.313261,0.009517,0.006753,0.003972,0.004669,-0.001745,0.003491,0.324775,0.478755,0.040416,-0.005236,1.026238,0.704943,0.006708,-0.001745,0.765150,0.408653,-0.003491,0.005236,0.002067,-0.006054,0.106902,-0.005236,-0.052740,-0.036529,-0.075486,-0.001745,-0.018353,-0.007559
1771633777.903,3864,1,1,0.0000,0.9991,0.0000,0.0009,0.0000,0.0000,0.0000,0.465784,0.056289,0.005494,0.001950,0.004820,-0.001745,0.003491,0.158911,0.399074,0.031279,-0.003491,1.480359,1.073606,0.008864,-0.006981,1.403778,1.030048,-0.005236,0.003491,-0.004251,0.002482,0.069963,-0.005236,0.104068,0.004345,-0.033311,-0.001745,0.247959,0.243159
1771633778.004,3867,1,1,0.0000,0.9972,0.0000,0.0028,0.0000,0.0000,0.0000,0.342242,0.060515,0.004719,0.003910,0.002886,-0.001745,0.003491,0.037438,0.323619,-0.004777,-0.003491,1.157298,0.793665,0.039683,-0.006981,1.040053,0.711654,-0.005236,0.005236,0.006597,-0.000213,-0.014795,-0.003491,0.213753,0.136741,0.049702,-0.001745,0.160654,0.153497
1771633778.104,3870,1,1,0.0000,0.9885,0.0000,0.0114,0.0000,0.0000,0.0000,0.250676,0.048602,0.003039,0.008048,0.005846,-0.001745,0.006981,-0.051254,0.194762,0.003408,-0.003491,0.885900,0.573922,0.026263,-0.008727,0.801538,0.515337,-0.003491,0.005236,0.022194,-0.002243,0.013292,-0.005236,0.161738,0.128636,0.018124,-0.001745,0.108286,0.125713
1771633778.204,3873,1,1,0.0000,0.9506,0.0001,0.0492,0.0000,0.0000,0.0000,0.155484,0.039344,0.004494,0.003647,0.005453,-0.001745,0.006981,-0.031041,-0.021406,0.006777,-0.005236,0.627013,0.356811,0.012422,-0.003491,0.544350,0.311455,-0.005236,0.005236,0.009034,-0.000195,0.004450,-0.003491,0.148970,0.118426,0.016494,-0.001745,0.076890,0.092626
1771633778.305,3876,1,1,0.0000,0.9897,0.0013,0.0089,0.0000,0.0000,0.0000,0.024620,0.033280,0.006141,0.003210,0.011100,-0.003491,0.006981,0.107909,-0.264267,-0.166589,-0.006981,-0.551302,-0.570437,0.168334,0.012217,-0.662320,-0.634194,-0.005236,0.005236,-0.004646,0.046562,-0.041269,-0.005236,0.096231,0.088134,0.065703,-0.001745,0.031275,0.066218
1771633778.405,3879,1,1,0.0000,0.9997,0.0002,0.0001,0.0000,0.0000,0.0000,0.006317,0.004518,0.004896,0.001983,0.008153,-0.001745,0.006981,-0.042894,-0.219808,-0.058355,-0.005236,-0.702619,-0.596414,0.068827,-0.003491,-0.477000,-0.385463,-0.005236,0.005236,0.000130,0.026161,0.022406,-0.005236,-0.055531,-0.044196,0.000283,-0.001745,-0.078617,-0.069312
1771633778.505,3882,1,1,0.0000,0.9999,0.0001,0.0000,0.0000,0.0000,0.0000,0.002346,0.004253,0.004045,0.002667,0.012697,-0.001745,0.006981,-0.245553,-0.217366,0.021173,-0.005236,-0.623296,-0.495951,-0.008956,-0.003491,-0.637957,-0.520910,-0.005236,0.005236,-0.000346,0.011319,-0.006553,-0.005236,-0.067565,-0.064957,0.034478,-0.003491,-0.120301,-0.102255
1771633778.606,3885,1,1,0.0000,0.9999,0.0001,0.0000,0.0000,0.0000,0.0000,0.001745,0.002783,0.005044,0.001893,0.007631,-0.001745,0.006981,-0.148917,-0.147627,0.011769,-0.005236,-0.445279,-0.349208,0.002193,-0.003491,-0.531667,-0.437973,-0.003491,0.005236,-0.004042,0.005475,0.012118,-0.005236,-0.102497,-0.059578,0.010571,-0.001745,-0.134945,-0.115367
1771633778.706,3888,1,1,0.0000,1.0000,0.0000,0.0000,0.0000,0.0000,0.0000,0.002157,0.003335,0.001207,0.000510,0.004284,-0.001745,0.006981,-0.129048,-0.088859,0.018908,-0.005236,-0.266662,-0.206677,-0.001455,-0.001745,-0.299520,-0.229346,-0.005236,0.005236,0.011766,0.007309,0.005649,-0.005236,-0.082986,-0.060329,0.010058,-0.003491,-0.123148,-0.106932
1771633778.806,3891,1,1,0.0000,1.0000,0.0000,0.0000,0.0000,0.0000,0.0000,0.002473,0.003159,0.002014,0.002897,0.002104,-0.001745,0.006981,-0.182230,-0.079090,0.020621,-0.005236,-0.163222,-0.125331,0.002068,-0.001745,-0.188512,-0.142325,-0.003491,0.005236,-0.005026,0.007221,0.025455,-0.003491,-0.048366,-0.036737,-0.009747,-0.001745,-0.072967,-0.080149
1771633778.906,3894,1,1,0.0000,1.0000,0.0000,0.0000,0.0000,0.0000,0.0000,0.002923,0.001971,0.002309,0.001782,0.005455,-0.001745,0.006981,-0.214867,-0.049829,-0.008891,-0.005236,-0.107890,-0.078640,0.028089,-0.001745,-0.133086,-0.096327,-0.003491,0.003491,-0.026035,0.002708,0.012207,-0.003491,-0.016853,-0.020608,0.005246,-0.001745,-0.041779,-0.045344
1771633779.007,3897,1,1,0.0000,1.0000,0.0000,0.0000,0.0000,0.0000,0.0000,0.003495,0.005719,0.002898,0.001349,0.002711,0.000000,0.003491,-0.125011,-0.031668,-0.019256,-0.003491,-0.078898,-0.049807,0.038455,-0.001745,-0.186189,-0.116694,-0.005236,0.005236,-0.083224,0.002601,0.003091,-0.003491,0.024029,-0.004532,0.007381,-0.001745,0.026287,-0.032515
1771633779.107,3900,1,1,0.0000,0.9999,0.0000,0.0000,0.0000,0.0000,0.0000,0.003722,0.009112,0.002905,0.001957,0.001611,-0.001745,0.008727,-0.087535,-0.004454,-0.002775,-0.005236,-0.067206,-0.037448,0.035937,-0.001745,-0.121026,-0.074959,-0.003491,0.005236,-0.079496,0.004784,-0.007850,-0.003491,0.048851,0.009933,0.020067,-0.003491,0.020471,-0.020063
1771633779.207,3903,1,1,0.0000,0.9999,0.0001,0.0000,0.0000,0.0000,0.0000,0.003465,0.006259,0.005015,0.003304,0.009517,-0.001745,0.003491,-0.071657,0.006674,0.015693,-0.005236,-0.042204,-0.004968,0.015723,0.000000,-0.087878,-0.056023,-0.005236,0.005236,-0.084970,0.002943,0.000855,-0.003491,0.033665,0.009000,0.016598,-0.001745,0.006816,-0.019374
1771633779.308,3906,1,1,0.0000,0.9996,0.0003,0.0001,0.0000,0.0000,0.0000,0.003545,0.031351,0.025939,0.005701,0.027023,-0.003491,0.003491,-0.151642,0.009375,0.028110,-0.005236,-0.064189,-0.016395,0.001560,0.000000,-0.105822,-0.047386,-0.005236,0.003491,-0.111635,0.005608,0.020083,-0.003491,0.015395,0.007560,-0.009611,-0.001745,0.164495,0.159579
1771633779.408,3909,1,1,0.0000,0.9992,0.0007,0.0000,0.0000,0.0000,0.0000,0.019131,0.033278,0.016142,0.015095,0.015902,-0.003491,0.006981,-0.080477,0.140355,0.082231,-0.005236,-0.069152,-0.026040,-0.043833,0.000000,-0.083692,-0.043175,-0.005236,0.005236,-0.081818,-0.004695,0.030965,-0.005236,0.020430,0.058925,-0.013512,-0.001745,0.159963,0.123818
1771633779.508,3912,1,1,0.0000,0.9990,0.0010,0.0000,0.0000,0.0000,0.0000,0.010468,0.019114,0.015295,0.014327,0.011214,-0.003491,0.006981,-0.052312,0.076741,0.019282,-0.005236,-0.079293,-0.039086,0.022606,0.000000,-0.075777,-0.040916,-0.003491,0.005236,0.006644,-0.008579,0.011161,-0.005236,0.020776,0.038365,0.008037,-0.001745,0.069199,0.069952
1771633779.608,3915,1,1,0.0000,0.9995,0.0005,0.0000,0.0000,0.0000,0.0000,0.089191,0.029464,0.009637,0.007673,0.017193,-0.003491,0.006981,0.049862,0.015444,0.103336,-0.005236,0.072603,0.029393,-0.066684,0.000000,0.427974,0.364693,-0.005236,0.005236,0.073037,-0.015800,-0.004886,-0.005236,0.012436,0.033501,0.024085,-0.001745,0.128701,0.076569
1771633779.709,3918,1,1,0.0000,0.9992,0.0008,0.0000,0.0000,0.0000,0.0000,0.031371,0.029914,0.029848,0.012536,0.041366,-0.001745,0.006981,0.060531,0.020491,0.246635,-0.005236,-0.215197,-0.081773,-0.204747,-0.003491,0.003842,0.037966,-0.003491,0.005236,0.057666,-0.009751,0.050371,-0.003491,-0.051394,0.033973,-0.029427,-0.001745,0.087458,0.124266
1771633779.809,3921,1,1,0.0000,0.9993,0.0007,0.0000,0.0000,0.0000,0.0000,0.035487,0.020185,0.050518,0.014920,0.045293,-0.003491,0.006981,0.170173,-0.000836,0.127272,-0.005236,-0.204477,-0.098725,-0.083639,-0.012217,0.053498,0.067920,-0.005236,0.005236,0.044374,-0.004462,0.039774,-0.003491,-0.074326,0.030141,-0.017084,-0.003491,0.005050,0.117645
1771633779.909,3924,1,1,0.0000,0.9986,0.0014,0.0000,0.0000,0.0000,0.0000,0.026853,0.022385,0.014705,0.011189,0.017768,-0.001745,0.006981,0.174038,-0.056804,0.141215,-0.005236,-0.376523,-0.086879,-0.101073,-0.003491,-0.421305,-0.260901,-0.005236,0.005236,0.035708,0.028722,0.147168,-0.003491,-0.117313,-0.030352,-0.122733,-0.001745,-0.080794,0.051781
1771633780.010,3927,1,1,0.0000,0.9996,0.0004,0.0000,0.0000,0.0000,0.0000,0.018947,0.013685,0.008235,0.008199,0.015496,-0.001745,0.003491,0.161230,-0.055601,0.062641,-0.005236,-0.331468,-0.075534,-0.012026,-0.005236,-0.341964,-0.207371,-0.005236,0.006981,-0.058286,0.075846,-0.055208,-0.003491,-0.053767,-0.005168,0.081387,-0.003491,-0.175184,-0.116954
1771633780.110,3930,1,1,0.0000,0.9997,0.0003,0.0000,0.0000,0.0000,0.0000,0.009400,0.012528,0.014675,0.013677,0.032141,-0.003491,0.006981,0.049964,-0.028870,0.036739,-0.003491,-0.268905,-0.060031,0.019111,-0.003491,-0.240397,-0.121428,-0.003491,0.006981,-0.071361,0.037519,0.008012,-0.003491,0.018895,0.060766,0.018168,-0.001745,-0.082859,-0.012776
1771633780.210,3933,1,1,0.0000,0.9999,0.0001,0.0000,0.0000,0.0000,0.0000,0.007854,0.011210,0.002012,0.005135,0.014449,-0.001745,0.003491,0.032241,-0.085010,-0.009651,-0.003491,-0.177370,-0.050972,0.058520,-0.003491,-0.016410,-0.042276,-0.005236,0.006981,-0.112958,0.028727,-0.022515,-0.003491,-0.000510,0.051858,0.046949,-0.001745,-0.063608,-0.009036
1771633780.310,3936,1,1,0.0000,0.9999,0.0001,0.0000,0.0000,0.0000,0.0000,0.006711,0.018100,0.001671,0.007489,0.007477,-0.001745,0.006981,-0.076570,-0.053439,0.073546,-0.003491,-0.142423,-0.040276,-0.019440,-0.003491,-0.116457,-0.010850,-0.003491,0.005236,-0.049951,0.014166,-0.054088,-0.003491,0.004119,0.109915,0.083759,-0.001745,-0.049968,-0.010956
1771633780.410,3939,1,1,0.0000,0.9999,0.0001,0.0000,0.0000,0.0000,0.0000,0.005236,0.012415,0.004491,0.003699,0.005012,-0.001745,0.006981,-0.174037,-0.098116,0.023132,-0.003491,-0.122903,-0.037548,0.032719,-0.001745,-0.188598,-0.077864,-0.005236,0.006981,-0.003301,0.005762,-0.041847,-0.005236,-0.000685,0.068215,0.068027,-0.001745,-0.061386,-0.011547
1771633780.511,3942,1,1,0.0000,0.9999,0.0001,0.0000,0.0000,0.0000,0.0000,0.005091,0.018277,0.007684,0.005302,0.004687,-0.001745,0.006981,-0.131084,-0.098517,0.052379,-0.003491,-0.101443,-0.036371,0.001726,-0.001745,-0.142425,-0.070337,-0.005236,0.006981,0.005343,-0.005651,-0.030983,-0.005236,0.018800,0.129285,0.058908,-0.001745,-0.043254,-0.005785
1771633780.611,3945,1,1,0.0000,0.9999,0.0001,0.0000,0.0000,0.0000,0.0000,0.005236,0.012068,0.006970,0.004624,0.003569,-0.003491,0.008727,-0.073632,-0.054772,0.044565,-0.003491,-0.068520,-0.031574,0.009540,-0.001745,-0.070504,-0.052099,-0.003491,0.006981,0.021893,-0.006295,-0.008174,-0.005236,0.007119,0.070073,0.037845,-0.001745,-0.014977,0.000909
1771633780.712,3948,1,1,0.0000,0.9999,0.0001,0.0000,0.0000,0.0000,0.0000,0.092276,0.005682,0.005935,0.002215,0.004124,-0.001745,0.006981,0.382267,0.111246,-0.020508,-0.005236,0.218018,0.111179,0.074613,-0.001745,0.140279,0.062728,-0.005236,0.006981,-0.006881,-0.030025,0.007332,-0.005236,-0.000388,0.036772,0.017103,-0.001745,-0.003754,-0.004859
1771633780.812,3951,1,1,0.0000,0.9999,0.0000,0.0000,0.0000,0.0000,0.0000,0.129191,0.006127,0.014853,0.008503,0.024309,-0.001745,0.006981,0.025491,0.048481,0.032740,-0.003491,0.384715,0.265309,0.017875,-0.001745,0.444100,0.324597,-0.003491,0.005236,-0.035446,-0.041527,0.068293,-0.005236,-0.028001,-0.011887,-0.052585,-0.001745,-0.051210,-0.041350
1771633780.912,3954,1,1,0.0000,0.9999,0.0000,0.0000,0.0000,0.0000,0.0000,0.129741,0.009526,0.019270,0.004564,0.045734,-0.003491,0.006981,-0.494076,0.088077,-0.083606,-0.005236,0.194862,0.135740,0.134220,-0.001745,0.553754,0.443262,-0.003491,0.005236,-0.052695,-0.034201,0.109074,-0.005236,-0.105618,-0.155642,-0.086385,-0.001745,-0.085577,-0.087111
1771633781.012,3957,1,1,0.0000,0.9998,0.0002,0.0000,0.0000,0.0000,0.0000,0.137137,0.009825,0.036551,0.012345,0.023945,-0.001745,0.006981,-0.153816,0.327628,-0.099267,-0.005236,0.368531,0.019352,0.142901,-0.003491,0.474221,0.306027,-0.003491,0.005236,-0.060944,-0.018528,0.112666,-0.005236,-0.145394,-0.101194,-0.086486,-0.001745,-0.201298,-0.080239
1771633781.113,3960,1,1,0.0000,0.9996,0.0002,0.0002,0.0000,0.0000,0.0000,0.030718,0.012435,0.019602,0.010372,0.051922,-0.001745,0.003491,-0.147974,0.050263,0.042597,-0.005236,0.089754,0.103374,-0.005945,0.000000,-0.075026,0.079141,-0.005236,0.006981,-0.070431,0.092937,0.049300,-0.003491,-0.137601,-0.105756,-0.023120,-0.001745,-0.236843,-0.084732
1771633781.213,3963,1,1,0.0000,0.9942,0.0002,0.0057,0.0000,0.0000,0.0000,0.157868,0.028674,0.014997,0.020732,0.128638,-0.001745,0.003491,-0.131321,0.067900,-0.035390,-0.005236,0.568198,0.385294,0.075533,0.000000,0.409371,0.384634,-0.005236,0.006981,0.226320,0.060309,0.050481,-0.003491,-0.194269,-0.068910,-0.015575,-0.001745,-0.139884,-0.081211
1771633781.314,3966,1,1,0.0000,0.9668,0.0002,0.0331,0.0000,0.0000,0.0000,0.125661,0.249027,0.004875,0.033676,0.069670,-0.001745,0.003491,-0.102606,0.065212,-0.085059,-0.005236,0.451165,0.456493,0.125202,-0.001745,0.125374,0.280998,-0.005236,0.006981,0.311510,-0.005826,0.118808,-0.003491,0.614640,0.542138,-0.080411,-0.001745,0.653607,0.740646
1771633781.414,3969,1,1,0.0000,0.9989,0.0004,0.0007,0.0000,0.0000,0.0000,0.032567,0.095076,0.012935,0.045780,0.040421,-0.001745,0.003491,-0.089175,0.068923,0.090289,-0.005236,-0.088517,0.228102,-0.060619,0.000000,-0.365837,-0.239349,-0.005236,0.006981,0.080099,0.003575,-0.307189,-0.005236,-0.487357,-0.440792,0.345586,-0.001745,0.319851,0.384816
1771633781.515,3972,1,1,0.0000,0.9993,0.0004,0.0004,0.0000,0.0000,0.0000,0.107917,0.087648,0.001556,0.009625,0.020102,-0.001745,0.003491,-0.076873,0.061883,-0.118302,-0.005236,0.396672,0.250931,0.146227,0.000000,0.306346,0.129453,-0.005236,0.006981,0.265842,0.004262,-0.107480,-0.003491,-0.888143,-0.444644,0.137150,-0.003491,0.384864,0.252676
1771633781.615,3975,1,1,0.0000,0.9972,0.0017,0.0011,0.0000,0.0000,0.0000,0.093000,0.178350,0.013106,0.003359,0.014994,-0.001745,0.003491,-0.063673,0.049700,0.011208,-0.005236,0.254462,0.186773,0.013226,0.000000,0.318147,0.278992,-0.003491,0.006981,0.081727,-0.003752,0.109078,-0.003491,0.648085,0.614362,-0.082898,-0.003491,0.253977,0.425987
1771633781.716,3978,1,1,0.0000,0.9553,0.0440,0.0007,0.0000,0.0000,0.0000,0.034502,0.053080,0.005662,0.004169,0.004720,-0.003491,0.003491,-0.059048,0.037569,0.013422,-0.005236,0.103443,0.113425,0.009267,0.000000,0.069155,0.064258,-0.003491,0.006981,-0.097575,-0.013944,0.058475,-0.005236,0.117035,0.064784,-0.030549,-0.003491,0.160649,0.229037
1771633781.817,3981,2,1,0.0000,0.3652,0.6347,0.0001,0.0000,0.0000,0.0000,0.023517,0.082305,0.005316,0.002419,0.010065,-0.003491,0.003491,-0.213524,0.042409,-0.018735,-0.005236,-0.129389,-0.082913,0.041424,0.000000,0.092188,0.102693,-0.005236,0.006981,-0.067095,-0.002771,0.053555,-0.005236,0.256188,0.180899,-0.016903,-0.001745,0.210422,0.279619
1771633781.917,3984,1,1,0.0000,0.5911,0.4088,0.0001,0.0000,0.0000,0.0000,0.006261,0.033797,0.004643,0.000671,0.010325,-0.001745,0.003491,-0.185759,-0.048148,-0.045465,-0.005236,-0.674548,-0.437736,0.071645,0.000000,-0.158524,-0.048979,-0.003491,0.006981,-0.053261,-0.004360,-0.106999,-0.003491,-0.883982,-0.440814,0.143651,-0.001745,0.110804,0.144125
1771633782.018,3987,1,1,0.0000,0.9450,0.0549,0.0001,0.0000,0.0000,0.0000,0.004082,0.017748,0.001529,0.006470,0.014234,-0.003491,0.006981,-0.120740,-0.018771,-0.012330,-0.005236,-0.200850,-0.128576,0.042001,0.000000,-0.224413,-0.092174,-0.003491,0.006981,-0.025325,-0.049854,-0.015773,-0.003491,-0.556414,-0.245888,0.040207,-0.001745,0.079786,0.086001
1771633782.119,3990,1,1,0.0000,0.9941,0.0059,0.0000,0.0000,0.0000,0.0000,0.096000,0.007970,0.004546,0.001254,0.008616,-0.003491,0.006981,-0.097692,-0.004592,-0.030139,-0.005236,0.352579,0.202460,0.054574,0.003491,0.303624,0.228289,-0.005236,0.006981,0.037848,-0.061202,0.033747,-0.003491,-0.373528,-0.159552,-0.002331,-0.001745,0.017066,-0.000351
1771633782.221,3993,1,1,0.0000,0.9997,0.0003,0.0000,0.0000,0.0000,0.0000,0.028751,0.009289,0.003192,0.001790,0.009611,-0.003491,0.006981,-0.073577,0.028734,0.013329,-0.005236,0.133094,0.056508,0.009360,0.001745,0.026297,0.068965,-0.003491,0.006981,0.062588,-0.039599,0.041899,-0.003491,-0.239083,-0.103373,-0.008738,-0.001745,-0.029855,-0.047264
1771633782.319,3996,1,1,0.0000,0.9982,0.0018,0.0000,0.0000,0.0000,0.0000,0.198084,0.133507,1.160920,0.916668,0.343074,-0.001745,0.006981,1.947662,-0.848230,0.422369,-0.005236,-1.628392,-0.890173,-0.406661,0.000000,-1.761037,-1.096872,-0.003491,0.006981,1.273966,-0.553269,0.321140,-0.005236,-0.671951,-0.254873,-0.280998,-0.003491,-1.848304,-1.374379
1771633782.419,3999,1,1,0.0000,0.9769,0.0231,0.0000,0.0000,0.0000,0.0000,0.161865,0.103546,0.531538,0.000000,0.538372,-0.001745,0.006981,1.677101,-0.612594,0.258302,-0.005236,-1.391006,-0.638869,-0.233867,-0.003491,-1.521905,-0.852539,-0.003491,0.006981,1.027876,-0.333354,0.207692,-0.003491,-0.453782,-0.160623,-0.165804,-0.001745,-1.588249,-1.138760
1771633782.519,4002,1,1,0.0000,0.9763,0.0237,0.0000,0.0000,0.0000,0.0000,0.128409,0.075330,0.004189,0.000000,0.003600,-0.003491,0.006981,1.369875,-0.369995,0.164056,-0.005236,-1.116958,-0.387579,-0.134386,-0.001745,-1.246146,-0.566291,-0.003491,0.006981,0.757350,-0.202454,0.139624,-0.003491,-0.294957,-0.108264,-0.101227,-0.003491,-1.324705,-0.876960
1771633782.621,4005,1,1,0.0000,0.9922,0.0078,0.0000,0.0000,0.0000,0.0000,0.102672,0.050895,0.000681,0.000000,0.000728,-0.003491,0.008727,1.102921,-0.232110,0.120420,-0.003491,-0.877852,-0.242721,-0.078533,-0.001745,-1.005292,-0.346468,-0.003491,0.006981,0.499041,-0.122169,0.104718,-0.003491,-0.205945,-0.078593,-0.059339,-0.003491,-1.061160,-0.622142
1771633782.720,4008,1,1,0.0001,0.9976,0.0023,0.0000,0.0000,0.0000,0.0000,0.077508,0.033442,0.001301,0.000000,0.001156,-0.001745,0.006981,0.827128,-0.146599,0.095988,-0.005236,-0.635292,-0.151892,-0.047119,-0.001745,-0.760955,-0.213711,-0.003491,0.006981,0.310546,-0.075045,0.083774,-0.003491,-0.158821,-0.061140,-0.034904,-0.003491,-0.811578,-0.395249
1771633782.822,4011,1,1,0.0002,0.9994,0.0004,0.0000,0.0000,0.0000,0.0000,0.053945,0.023552,0.001099,0.000000,0.000970,-0.001745,0.006981,0.560081,-0.092497,0.080273,-0.005236,-0.410122,-0.103113,-0.024423,-0.001745,-0.528797,-0.136969,-0.003491,0.006981,0.202335,-0.043629,0.073302,-0.003491,-0.129151,-0.052413,-0.012215,-0.001745,-0.567232,-0.250387
1771633782.922,4014,1,1,0.0004,0.9994,0.0001,0.0001,0.0000,0.0000,0.0000,0.036059,0.018025,0.001166,0.000000,0.001132,-0.001745,0.006981,0.350696,-0.062830,0.075033,-0.003491,-0.275756,-0.075103,-0.006965,0.000000,-0.343788,-0.093375,-0.003491,0.006981,0.142994,-0.024431,0.066320,-0.003491,-0.115188,-0.047177,-0.003488,-0.001745,-0.361283,-0.168357
1771633783.023,4017,1,1,0.0017,0.9978,0.0001,0.0003,0.0000,0.0000,0.0001,0.025144,0.015116,0.001124,0.000000,0.001109,-0.001745,0.003491,0.224932,-0.041801,0.073283,-0.003491,-0.190210,-0.061132,0.000020,0.000000,-0.228614,-0.067122,-0.003491,0.006981,0.111578,-0.006977,0.062830,-0.003491,-0.111697,-0.045432,0.000002,-0.001745,-0.240855,-0.119487
1771633783.123,4020,1,1,0.0638,0.9333,0.0001,0.0019,0.0000,0.0000,0.0008,0.019917,0.013953,0.000000,0.000000,0.000000,-0.001745,0.003491,0.163950,-0.026163,0.071546,-0.001745,-0.146579,-0.052323,0.000012,-0.001745,-0.171000,-0.054936,-0.003491,0.006981,0.097616,0.000004,0.062830,-0.003491,-0.106461,-0.043686,0.000002,-0.001745,-0.174533,-0.093307
1771633783.224,4023,1,1,0.0000,0.8925,0.1074,0.0000,0.0000,0.0000,0.0001,0.017152,0.013370,1.235487,0.873390,0.777685,-0.001745,0.006981,0.130774,-0.012217,0.068068,-0.001745,-0.122172,-0.047179,0.000000,0.000000,-0.136136,-0.049674,-0.003491,0.006981,0.090632,0.000000,0.062832,-0.003491,-0.106464,-0.041943,0.000000,-0.001745,-0.139626,-0.081090
1771633783.324,4026,1,1,0.0001,0.9980,0.0015,0.0003,0.0000,0.0000,0.0000,0.016279,0.013370,0.000000,0.000000,0.000000,-0.001745,0.008727,0.116811,-0.005235,0.068068,-0.001745,-0.109955,-0.043689,0.001745,0.000000,-0.118682,-0.046184,-0.003491,0.006981,0.090632,0.000000,0.061086,-0.001745,-0.106464,-0.041943,0.001745,-0.001745,-0.122173,-0.074109
1771633783.424,4029,1,1,0.0000,0.9998,0.0001,0.0000,0.0000,0.0000,0.0000,0.015843,0.013370,0.000000,0.000000,0.000000,-0.001745,0.006981,0.115066,0.000001,0.066322,-0.001745,-0.102974,-0.041943,0.001745,0.000000,-0.113446,-0.046184,-0.003491,0.006981,0.088886,0.000000,0.061086,-0.001745,-0.106464,-0.041943,0.003491,-0.001745,-0.113446,-0.072364
1771633783.524,4032,1,1,0.0000,0.9999,0.0000,0.0000,0.0000,0.0000,0.0000,0.015116,0.013225,0.000000,0.000000,0.000000,-0.001745,0.003491,0.109830,0.000001,0.066322,-0.001745,-0.101228,-0.040198,0.001745,0.000000,-0.113446,-0.046184,-0.003491,0.006981,0.088886,0.000000,0.061086,-0.001745,-0.106464,-0.041943,0.001745,-0.001745,-0.113446,-0.068873
1771633783.624,4035,1,1,0.0001,0.9998,0.0000,0.0001,0.0000,0.0000,0.0000,0.014970,0.013370,0.000000,0.000000,0.000000,0.000000,0.003491,0.108084,0.000001,0.066322,-0.001745,-0.099483,-0.040198,0.001745,0.000000,-0.113446,-0.044438,-0.003491,0.006981,0.088886,0.000000,0.061086,-0.001745,-0.106464,-0.041943,0.003491,-0.001745,-0.113446,-0.068873
1771633783.725,4038,1,1,0.0026,0.9970,0.0000,0.0002,0.0000,0.0000,0.0002,0.015261,0.013370,0.000000,0.000000,0.000000,-0.001745,0.006981,0.106339,0.000001,0.066322,-0.001745,-0.097738,-0.040198,0.003491,0.000000,-0.113446,-0.044438,-0.003491,0.006981,0.087141,0.000000,0.061086,-0.001745,-0.106464,-0.041943,0.005236,-0.001745,-0.113446,-0.067128
1771633783.825,4041,0,1,0.7082,0.2889,0.0001,0.0014,0.0000,0.0000,0.0012,0.014970,0.013080,0.000000,0.000000,0.000000,-0.001745,0.006981,0.102848,0.000001,0.066322,-0.001745,-0.097738,-0.040198,0.003491,0.000000,-0.113446,-0.044438,-0.003491,0.006981,0.085396,0.000000,0.059341,-0.001745,-0.106464,-0.041943,0.005236,-0.001745,-0.113446,-0.067128
1771633783.925,4044,0,0,0.9928,0.0067,0.0000,0.0002,0.0000,0.0000,0.0002,0.014389,0.013080,0.000000,0.000000,0.000000,0.000000,0.003491,0.101103,0.000001,0.066322,-0.001745,-0.097738,-0.040198,0.001745,0.000000,-0.113446,-0.044438,-0.003491,0.006981,0.085396,0.000000,0.061086,-0.001745,-0.106464,-0.040198,0.003491,-0.001745,-0.113446,-0.067128
1771633784.025,4047,0,0,0.9813,0.0177,0.0001,0.0004,0.0000,0.0000,0.0005,0.014389,0.013080,0.000000,0.000000,0.000000,0.000000,0.003491,0.101103,0.000001,0.064577,-0.001745,-0.097738,-0.038453,0.003491,0.000000,-0.113446,-0.046184,-0.003491,0.006981,0.085396,0.000000,0.059341,-0.001745,-0.106464,-0.040198,0.005236,-0.001745,-0.113446,-0.067128
1771633784.126,4050,0,0,0.9945,0.0052,0.0000,0.0001,0.0000,0.0000,0.0002,0.014534,0.013080,0.000000,0.000000,0.000000,0.000000,0.006981,0.101103,0.000001,0.064577,-0.003491,-0.095992,-0.038453,0.001745,0.000000,-0.113446,-0.044438,-0.003491,0.006981,0.085396,0.000000,0.059341,-0.001745,-0.106464,-0.040198,0.005236,-0.001745,-0.113446,-0.067128
1771633784.226,4053,0,0,0.9948,0.0048,0.0000,0.0001,0.0000,0.0000,0.0002,0.014679,0.013080,0.000000,0.000000,0.000000,0.000000,0.008727,0.101103,0.000001,0.064577,-0.001745,-0.094247,-0.038453,0.001745,0.000000,-0.113446,-0.044438,-0.003491,0.006981,0.085396,0.000000,0.059341,-0.001745,-0.106464,-0.040198,0.005236,-0.001745,-0.113446,-0.067128
1771633784.327,4056,0,0,0.9956,0.0041,0.0000,0.0001,0.0000,0.0000,0.0001,0.014389,0.012352,0.000000,0.000000,0.000000,0.000000,0.006981,0.097612,0.000001,0.064577,-0.003491,-0.089011,-0.036707,0.003491,0.000000,-0.109956,-0.044438,0.000000,0.006981,0.078414,0.000000,0.057596,-0.001745,-0.101228,-0.038453,0.005236,-0.001745,-0.108210,-0.063637
1771633784.425,4059,0,0,0.9960,0.0037,0.0000,0.0001,0.0000,0.0000,0.0001,0.014534,0.012352,0.000000,0.000000,0.000000,0.000000,0.008727,0.097612,0.000001,0.064577,-0.001745,-0.089011,-0.036707,0.003491,0.000000,-0.111701,-0.042693,0.000000,0.006981,0.078414,0.000000,0.057596,-0.001745,-0.101228,-0.038453,0.005236,-0.001745,-0.108210,-0.063637
1771633784.526,4062,0,0,0.9962,0.0036,0.0000,0.0001,0.0000,0.0000,0.0001,0.014243,0.012498,0.000000,0.000000,0.000000,0.000000,0.006981,0.097612,0.000001,0.062832,-0.001745,-0.089011,-0.036707,0.003491,0.000000,-0.109956,-0.044438,-0.001745,0.006981,0.078414,0.000000,0.057596,-0.001745,-0.101228,-0.038453,0.006981,-0.001745,-0.108210,-0.063637
1771633784.626,4065,0,0,0.9962,0.0035,0.0000,0.0001,0.0000,0.0000,0.0001,0.014243,0.012498,0.000000,0.000000,0.000000,0.000000,0.006981,0.097612,0.000001,0.062832,-0.001745,-0.089011,-0.036707,0.003491,0.000000,-0.109956,-0.042693,0.000000,0.006981,0.078414,0.000000,0.057596,-0.001745,-0.101228,-0.038453,0.006981,-0.001745,-0.108210,-0.063637
1771633784.726,4068,0,0,0.9962,0.0035,0.0000,0.0001,0.0000,0.0000,0.0001,0.014243,0.012498,0.000000,0.000000,0.000000,0.000000,0.006981,0.097612,0.000001,0.062832,-0.001745,-0.089011,-0.036707,0.003491,0.000000,-0.111701,-0.044438,0.000000,0.006981,0.078414,0.000000,0.057596,-0.001745,-0.101228,-0.038453,0.006981,-0.001745,-0.108210,-0.063637
1771633784.827,4071,0,0,0.9962,0.0035,0.0000,0.0001,0.0000,0.0000,0.0001,0.014534,0.012498,0.000000,0.000000,0.000000,0.000000,0.008727,0.097612,0.000001,0.062832,-0.001745,-0.089011,-0.036707,0.005236,0.000000,-0.111701,-0.042693,0.000000,0.006981,0.078414,0.000000,0.057596,-0.001745,-0.101228,-0.038453,0.006981,-0.001745,-0.108210,-0.063637
1771633784.927,4074,0,0,0.9962,0.0035,0.0000,0.0001,0.0000,0.0000,0.0001,0.014389,0.012498,0.000000,0.000000,0.000000,0.000000,0.008727,0.097612,0.000001,0.062832,-0.003491,-0.089011,-0.038453,0.003491,0.000000,-0.109956,-0.044438,0.000000,0.006981,0.078414,0.000000,0.057596,-0.001745,-0.101228,-0.038453,0.006981,-0.001745,-0.108210,-0.063637
1771633785.027,4077,0,0,0.9962,0.0035,0.0000,0.0001,0.0000,0.0000,0.0001,0.014389,0.012498,0.000000,0.000000,0.000000,0.000000,0.006981,0.097612,0.000001,0.062832,-0.001745,-0.089011,-0.036707,0.005236,0.000000,-0.111701,-0.042693,0.000000,0.006981,0.078414,0.000000,0.057596,-0.001745,-0.101228,-0.038453,0.006981,-0.001745,-0.108210,-0.063637
1771633785.128,4080,0,0,0.9962,0.0035,0.0000,0.0001,0.0000,0.0000,0.0001,0.014389,0.012498,0.000000,0.000000,0.000000,0.000000,0.006981,0.097612,0.000001,0.062832,-0.001745,-0.089011,-0.038453,0.005236,0.000000,-0.109956,-0.044438,0.000000,0.006981,0.078414,0.000000,0.057596,-0.001745,-0.101228,-0.038453,0.006981,-0.001745,-0.108210,-0.063637
1771633785.227,4083,0,0,0.9962,0.0035,0.0000,0.0001,0.0000,0.0000,0.0001,0.014679,0.012498,0.000000,0.000000,0.000000,0.000000,0.008727,0.097612,0.000001,0.062832,-0.001745,-0.089011,-0.038453,0.006981,0.000000,-0.111701,-0.044438,0.000000,0.006981,0.078414,0.000000,0.057596,-0.001745,-0.101228,-0.038453,0.006981,-0.001745,-0.108210,-0.063637
1771633785.327,4086,0,0,0.9962,0.0035,0.0000,0.0001,0.0000,0.0000,0.0001,0.014534,0.012498,0.000000,0.000000,0.000000,0.000000,0.008727,0.097612,0.000001,0.062832,-0.001745,-0.089011,-0.036707,0.005236,0.000000,-0.109956,-0.044438,0.000000,0.006981,0.078414,0.000000,0.057596,-0.001745,-0.101228,-0.038453,0.006981,-0.001745,-0.108210,-0.063637
1771633785.429,4089,0,0,0.9962,0.0035,0.0000,0.0001,0.0000,0.0000,0.0001,0.014534,0.012498,0.000000,0.000000,0.000000,0.000000,0.008727,0.097612,0.000001,0.062832,-0.003491,-0.089011,-0.036707,0.005236,0.000000,-0.109956,-0.044438,0.000000,0.006981,0.078414,0.000000,0.057596,-0.001745,-0.101228,-0.038453,0.006981,-0.001745,-0.108210,-0.063637
1771633785.529,4092,0,0,0.9962,0.0035,0.0000,0.0001,0.0000,0.0000,0.0001,0.014534,0.012498,0.000000,0.000000,0.000000,0.000000,0.006981,0.097612,0.000001,0.062832,-0.001745,-0.089011,-0.038453,0.006981,0.000000,-0.109956,-0.042693,0.000000,0.006981,0.078414,0.000000,0.057596,-0.001745,-0.101228,-0.038453,0.006981,-0.001745,-0.108210,-0.063637
1771633785.629,4095,0,0,0.9962,0.0035,0.0000,0.0001,0.0000,0.0000,0.0001,0.014389,0.012498,0.000000,0.000000,0.000000,0.000000,0.006981,0.097612,0.000001,0.062832,-0.003491,-0.089011,-0.036707,0.005236,0.000000,-0.109956,-0.044438,0.000000,0.006981,0.078414,0.000000,0.057596,-0.001745,-0.101228,-0.038453,0.006981,-0.001745,-0.106465,-0.063637
1771633785.729,4098,0,0,0.9962,0.0035,0.0000,0.0001,0.0000,0.0000,0.0001,0.014534,0.012498,0.000000,0.000000,0.000000,-0.001745,0.006981,0.097612,0.000001,0.062832,-0.003491,-0.089011,-0.036707,0.006981,0.000000,-0.109956,-0.042693,0.000000,0.006981,0.078414,0.000000,0.057596,-0.001745,-0.101228,-0.038453,0.006981,-0.001745,-0.108210,-0.063637
1771633785.829,4101,0,0,0.9962,0.0035,0.0000,0.0001,0.0000,0.0000,0.0001,0.014679,0.012352,0.000000,0.000000,0.000000,0.000000,0.006981,0.097612,0.000001,0.064577,-0.001745,-0.089011,-0.038453,0.006981,0.000000,-0.109956,-0.044438,0.000000,0.006981,0.078414,0.000000,0.057596,-0.001745,-0.101228,-0.038453,0.005236,-0.001745,-0.106465,-0.063637
1771633785.929,4104,0,0,0.9962,0.0035,0.0000,0.0001,0.0000,0.0000,0.0001,0.014389,0.012498,0.000000,0.000000,0.000000,0.000000,0.006981,0.097612,0.000001,0.062832,-0.001745,-0.089011,-0.036707,0.005236,0.000000,-0.109956,-0.044438,0.000000,0.006981,0.078414,0.000000,0.057596,-0.001745,-0.101228,-0.038453,0.006981,-0.001745,-0.106465,-0.063637
1771633786.030,4107,0,0,0.9962,0.0035,0.0000,0.0001,0.0000,0.0000,0.0001,0.014534,0.012498,0.000000,0.000000,0.000000,0.000000,0.008727,0.097612,0.000001,0.062832,-0.001745,-0.089011,-0.038453,0.005236,0.000000,-0.109956,-0.044438,0.000000,0.006981,0.078414,0.000000,0.057596,-0.001745,-0.101228,-0.038453,0.006981,-0.001745,-0.106465,-0.063637
1771633786.130,4110,0,0,0.9963,0.0035,0.0000,0.0001,0.0000,0.0000,0.0001,0.014534,0.012498,0.000000,0.000000,0.000000,0.000000,0.008727,0.097612,0.000001,0.062832,-0.001745,-0.089011,-0.038453,0.005236,0.000000,-0.111701,-0.042693,0.000000,0.006981,0.078414,0.000000,0.057596,-0.001745,-0.101228,-0.038453,0.006981,-0.001745,-0.108210,-0.063637
1771633786.230,4113,0,0,0.9962,0.0035,0.0000,0.0001,0.0000,0.0000,0.0001,0.014679,0.012498,0.000000,0.000000,0.000000,0.000000,0.008727,0.097612,0.000001,0.064577,-0.001745,-0.089011,-0.038453,0.005236,0.000000,-0.109956,-0.042693,0.000000,0.006981,0.078414,0.000000,0.057596,-0.001745,-0.101228,-0.038453,0.006981,-0.001745,-0.108210,-0.063637
1771633786.330,4116,0,0,0.9962,0.0035,0.0000,0.0001,0.0000,0.0000,0.0001,0.014679,0.012498,0.000000,0.000000,0.000000,0.000000,0.008727,0.097612,0.000001,0.064577,-0.001745,-0.089011,-0.036707,0.005236,0.000000,-0.109956,-0.042693,0.000000,0.006981,0.078414,0.000000,0.057596,-0.001745,-0.101228,-0.038453,0.006981,-0.001745,-0.108210,-0.063637
1771633786.431,4119,0,0,0.9962,0.0035,0.0000,0.0001,0.0000,0.0000,0.0001,0.014825,0.012498,0.000000,0.000000,0.000000,0.000000,0.008727,0.097612,0.000001,0.064577,-0.001745,-0.089011,-0.036707,0.006981,0.000000,-0.109956,-0.042693,0.000000,0.006981,0.078414,0.000000,0.057596,-0.001745,-0.101228,-0.038453,0.006981,-0.001745,-0.108210,-0.063637
1771633786.531,4122,0,0,0.9962,0.0035,0.0000,0.0001,0.0000,0.0000,0.0001,0.014679,0.012498,0.000000,0.000000,0.000000,0.000000,0.006981,0.097612,0.000001,0.064577,-0.003491,-0.089011,-0.036707,0.006981,0.000000,-0.111701,-0.044438,0.000000,0.006981,0.078414,0.000000,0.057596,-0.001745,-0.101228,-0.038453,0.006981,-0.001745,-0.108210,-0.063637
1771633786.637,4125,0,0,0.9962,0.0035,0.0000,0.0001,0.0000,0.0000,0.0001,0.014679,0.012498,0.000000,0.000000,0.000000,0.000000,0.006981,0.097612,0.000001,0.064577,-0.003491,-0.089011,-0.038453,0.006981,0.000000,-0.111701,-0.044438,0.000000,0.006981,0.078414,0.000000,0.057596,-0.001745,-0.101228,-0.038453,0.006981,-0.001745,-0.108210,-0.063637
1771633786.733,4128,0,0,0.9962,0.0035,0.0000,0.0001,0.0000,0.0000,0.0001,0.014825,0.012643,0.000000,0.000000,0.000000,0.000000,0.008727,0.097612,0.000001,0.064577,-0.003491,-0.089011,-0.036707,0.006981,0.000000,-0.111701,-0.044438,0.000000,0.006981,0.080160,0.000000,0.057596,-0.001745,-0.101228,-0.038453,0.006981,-0.001745,-0.108210,-0.063637
1771633786.833,4131,0,0,0.9962,0.0035,0.0000,0.0001,0.0000,0.0000,0.0001,0.014679,0.012498,0.000000,0.000000,0.000000,0.000000,0.006981,0.097612,0.000001,0.064577,-0.001745,-0.089011,-0.036707,0.006981,0.000000,-0.109956,-0.044438,0.000000,0.006981,0.078414,0.000000,0.057596,-0.001745,-0.101228,-0.038453,0.006981,-0.001745,-0.106465,-0.063637
1771633786.933,4134,0,0,0.9963,0.0035,0.0000,0.0001,0.0000,0.0000,0.0001,0.014389,0.012498,0.000000,0.000000,0.000000,0.000000,0.006981,0.097612,0.000001,0.062832,-0.003491,-0.089011,-0.036707,0.005236,0.000000,-0.109956,-0.044438,0.000000,0.006981,0.078414,0.000000,0.057596,-0.001745,-0.101228,-0.038453,0.006981,-0.001745,-0.108210,-0.063637
1771633787.033,4137,0,0,0.9962,0.0035,0.0000,0.0001,0.0000,0.0000,0.0001,0.014679,0.012498,0.000000,0.000000,0.000000,0.000000,0.008727,0.097612,0.000001,0.064577,-0.001745,-0.089011,-0.038453,0.005236,0.000000,-0.111701,-0.042693,0.000000,0.006981,0.078414,0.000000,0.057596,-0.001745,-0.101228,-0.038453,0.006981,-0.001745,-0.108210,-0.063637
1771633787.133,4140,0,0,0.9962,0.0035,0.0000,0.0001,0.0000,0.0000,0.0001,0.014679,0.012352,0.000000,0.000000,0.000000,0.000000,0.008727,0.097612,0.000001,0.064577,-0.003491,-0.089011,-0.036707,0.005236,0.000000,-0.109956,-0.044438,0.000000,0.006981,0.078414,0.000000,0.055851,-0.001745,-0.101228,-0.038453,0.006981,-0.001745,-0.106465,-0.063637
1771633787.233,4143,0,0,0.9962,0.0035,0.0000,0.0001,0.0000,0.0000,0.0001,0.014825,0.012498,0.000000,0.000000,0.000000,0.000000,0.008727,0.097612,0.000001,0.064577,-0.001745,-0.089011,-0.036707,0.006981,0.000000,-0.111701,-0.044438,0.000000,0.006981,0.078414,0.000000,0.057596,-0.001745,-0.101228,-0.038453,0.006981,-0.001745,-0.108210,-0.063637
1771633787.334,4146,0,0,0.9962,0.0035,0.0000,0.0001,0.0000,0.0000,0.0001,0.014679,0.012498,0.000000,0.000000,0.000000,0.000000,0.008727,0.097612,0.000001,0.064577,-0.001745,-0.089011,-0.036707,0.005236,0.000000,-0.109956,-0.044438,0.000000,0.006981,0.078414,0.000000,0.057596,-0.001745,-0.101228,-0.038453,0.006981,-0.001745,-0.108210,-0.063637
1771633787.434,4149,0,0,0.9962,0.0035,0.0000,0.0001,0.0000,0.0000,0.0001,0.014389,0.012498,0.000000,0.000000,0.000000,0.000000,0.006981,0.097612,0.000001,0.062832,-0.001745,-0.089011,-0.036707,0.005236,0.000000,-0.109956,-0.042693,0.000000,0.006981,0.078414,0.000000,0.057596,-0.001745,-0.101228,-0.038453,0.006981,-0.001745,-0.108210,-0.063637
1771633787.534,4152,0,0,0.9962,0.0035,0.0000,0.0001,0.0000,0.0000,0.0001,0.014825,0.012498,0.000000,0.000000,0.000000,0.000000,0.008727,0.097612,0.000001,0.064577,-0.001745,-0.089011,-0.038453,0.006981,0.000000,-0.109956,-0.042693,0.000000,0.006981,0.078414,0.000000,0.057596,-0.001745,-0.101228,-0.038453,0.006981,-0.001745,-0.108210,-0.063637
1771633787.635,4155,0,0,0.9962,0.0035,0.0000,0.0001,0.0000,0.0000,0.0001,0.014534,0.012643,0.000000,0.000000,0.000000,0.000000,0.008727,0.097612,0.000001,0.062832,-0.001745,-0.089011,-0.036707,0.005236,0.000000,-0.109956,-0.044438,0.000000,0.008727,0.078414,0.000000,0.057596,-0.001745,-0.101228,-0.038453,0.006981,-0.001745,-0.108210,-0.063637
1771633787.735,4158,0,0,0.9962,0.0035,0.0000,0.0001,0.0000,0.0000,0.0001,0.014825,0.012643,0.000000,0.000000,0.000000,0.000000,0.008727,0.097612,0.000001,0.064577,-0.001745,-0.089011,-0.036707,0.006981,0.000000,-0.111701,-0.044438,0.000000,0.008727,0.078414,0.000000,0.057596,-0.001745,-0.101228,-0.038453,0.006981,-0.001745,-0.108210,-0.063637
1771633787.836,4161,0,0,0.9962,0.0036,0.0000,0.0001,0.0000,0.0000,0.0001,0.014679,0.012643,0.000000,0.000000,0.000000,0.000000,0.006981,0.097612,0.000001,0.064577,-0.001745,-0.089011,-0.038453,0.006981,0.000000,-0.111701,-0.044438,0.000000,0.008727,0.078414,0.000000,0.057596,-0.001745,-0.101228,-0.038453,0.006981,-0.001745,-0.108210,-0.063637
1771633787.935,4164,0,0,0.9962,0.0036,0.0000,0.0001,0.0000,0.0000,0.0001,0.014534,0.012643,0.000000,0.000000,0.000000,0.000000,0.008727,0.097612,0.000001,0.062832,-0.001745,-0.089011,-0.036707,0.005236,0.000000,-0.111701,-0.044438,0.000000,0.008727,0.078414,0.000000,0.057596,-0.001745,-0.101228,-0.038453,0.006981,-0.001745,-0.108210,-0.063637
1771633788.035,4167,0,0,0.9962,0.0036,0.0000,0.0001,0.0000,0.0000,0.0001,0.014534,0.012643,0.000000,0.000000,0.000000,0.000000,0.008727,0.097612,0.000001,0.062832,-0.001745,-0.089011,-0.036707,0.005236,0.000000,-0.109956,-0.044438,0.000000,0.008727,0.078414,0.000000,0.057596,-0.001745,-0.101228,-0.038453,0.006981,-0.001745,-0.108210,-0.063637
1771633788.136,4170,0,0,0.9962,0.0036,0.0000,0.0001,0.0000,0.0000,0.0001,0.014679,0.012643,0.000000,0.000000,0.000000,0.000000,0.006981,0.097612,0.000001,0.064577,-0.001745,-0.089011,-0.036707,0.006981,0.000000,-0.109956,-0.042693,0.000000,0.008727,0.078414,0.000000,0.057596,-0.001745,-0.101228,-0.038453,0.006981,-0.001745,-0.106465,-0.063637
1771633788.236,4173,0,0,0.9962,0.0036,0.0000,0.0001,0.0000,0.0000,0.0001,0.014534,0.012643,0.000000,0.000000,0.000000,0.000000,0.008727,0.097612,0.000001,0.062832,-0.001745,-0.089011,-0.038453,0.005236,0.000000,-0.111701,-0.044438,0.000000,0.008727,0.078414,0.000000,0.057596,-0.003491,-0.101228,-0.038453,0.006981,-0.001745,-0.108210,-0.063637
1771633788.336,4176,0,0,0.9962,0.0036,0.0000,0.0001,0.0000,0.0000,0.0001,0.014534,0.012643,0.000000,0.000000,0.000000,0.000000,0.006981,0.097612,0.000001,0.064577,-0.001745,-0.089011,-0.036707,0.005236,0.000000,-0.111701,-0.042693,0.000000,0.008727,0.078414,0.000000,0.057596,-0.001745,-0.101228,-0.038453,0.006981,-0.001745,-0.108210,-0.063637
1771633788.436,4179,0,0,0.9962,0.0036,0.0000,0.0001,0.0000,0.0000,0.0001,0.014679,0.012643,0.000000,0.000000,0.000000,0.000000,0.006981,0.097612,0.000001,0.064577,-0.001745,-0.089011,-0.036707,0.006981,0.000000,-0.111701,-0.044438,0.000000,0.008727,0.078414,0.000000,0.057596,-0.001745,-0.101228,-0.038453,0.006981,-0.001745,-0.108210,-0.063637
1771633788.537,4182,0,0,0.9962,0.0036,0.0000,0.0001,0.0000,0.0000,0.0001,0.014534,0.012643,0.000000,0.000000,0.000000,0.000000,0.006981,0.097612,0.000001,0.062832,-0.001745,-0.089011,-0.036707,0.006981,0.000000,-0.111701,-0.044438,0.000000,0.008727,0.078414,0.000000,0.057596,-0.001745,-0.101228,-0.038453,0.006981,-0.001745,-0.108210,-0.063637
1771633788.638,4185,0,0,0.9962,0.0036,0.0000,0.0001,0.0000,0.0000,0.0001,0.014389,0.012643,0.000000,0.000000,0.000000,0.000000,0.006981,0.097612,0.000001,0.062832,-0.003491,-0.089011,-0.036707,0.005236,0.000000,-0.111701,-0.044438,0.000000,0.008727,0.078414,0.000000,0.057596,-0.001745,-0.101228,-0.038453,0.006981,-0.001745,-0.108210,-0.063637
1771633788.738,4188,0,0,0.9962,0.0036,0.0000,0.0001,0.0000,0.0000,0.0001,0.014679,0.012643,0.000000,0.000000,0.000000,0.000000,0.006981,0.097612,0.000001,0.064577,-0.001745,-0.089011,-0.036707,0.006981,0.000000,-0.109956,-0.044438,0.000000,0.008727,0.078414,0.000000,0.057596,-0.001745,-0.101228,-0.038453,0.006981,-0.001745,-0.106465,-0.063637
1771633788.838,4191,0,0,0.9962,0.0036,0.0000,0.0001,0.0000,0.0000,0.0001,0.014389,0.012643,0.000000,0.000000,0.000000,0.000000,0.006981,0.097612,0.000001,0.062832,-0.001745,-0.089011,-0.036707,0.005236,0.000000,-0.109956,-0.044438,0.000000,0.008727,0.078414,0.000000,0.057596,-0.001745,-0.101228,-0.038453,0.006981,-0.001745,-0.108210,-0.063637
1771633788.938,4194,0,0,0.9962,0.0036,0.0000,0.0001,0.0000,0.0000,0.0001,0.014534,0.012643,0.000000,0.000000,0.000000,0.000000,0.008727,0.097612,0.000001,0.062832,-0.001745,-0.089011,-0.036707,0.005236,0.000000,-0.109956,-0.044438,0.000000,0.008727,0.078414,0.000000,0.057596,-0.001745,-0.101228,-0.038453,0.006981,-0.001745,-0.106465,-0.063637
1771633789.039,4197,0,0,0.9962,0.0036,0.0000,0.0001,0.0000,0.0000,0.0001,0.014534,0.012643,0.000000,0.000000,0.000000,0.000000,0.006981,0.097612,0.000001,0.064577,-0.003491,-0.089011,-0.036707,0.005236,0.000000,-0.109956,-0.042693,0.000000,0.008727,0.078414,0.000000,0.057596,-0.001745,-0.101228,-0.038453,0.006981,-0.001745,-0.108210,-0.063637
1771633789.139,4200,0,0,0.9962,0.0036,0.0000,0.0001,0.0000,0.0000,0.0001,0.014389,0.012643,0.000000,0.000000,0.000000,0.000000,0.006981,0.097612,0.000001,0.062832,-0.001745,-0.089011,-0.038453,0.005236,0.000000,-0.109956,-0.044438,0.000000,0.008727,0.078414,0.000000,0.057596,-0.001745,-0.101228,-0.038453,0.006981,-0.001745,-0.106465,-0.063637
1771633789.239,4203,0,0,0.9962,0.0036,0.0000,0.0001,0.0000,0.0000,0.0001,0.014679,0.012643,0.000000,0.000000,0.000000,0.000000,0.006981,0.097612,0.000001,0.064577,-0.001745,-0.089011,-0.036707,0.006981,0.000000,-0.109956,-0.044438,0.000000,0.008727,0.078414,0.000000,0.057596,-0.001745,-0.101228,-0.038453,0.006981,-0.001745,-0.108210,-0.063637
1771633789.339,4206,0,0,0.9962,0.0036,0.0000,0.0001,0.0000,0.0000,0.0001,0.014534,0.012643,0.000000,0.000000,0.000000,0.000000,0.006981,0.097612,0.000001,0.062832,-0.003491,-0.089011,-0.036707,0.006981,0.000000,-0.111701,-0.044438,0.000000,0.008727,0.078414,0.000000,0.057596,-0.001745,-0.101228,-0.038453,0.006981,-0.001745,-0.108210,-0.063637
1771633789.441,4209,0,0,0.9962,0.0036,0.0000,0.0001,0.0000,0.0000,0.0001,0.014679,0.012643,0.000000,0.000000,0.000000,0.000000,0.006981,0.097612,0.000001,0.064577,-0.003491,-0.089011,-0.036707,0.006981,0.000000,-0.109956,-0.042693,0.000000,0.008727,0.078414,0.000000,0.057596,-0.001745,-0.101228,-0.038453,0.006981,-0.001745,-0.108210,-0.063637
1771633789.541,4212,0,0,0.9962,0.0036,0.0000,0.0001,0.0000,0.0000,0.0001,0.014679,0.012643,0.000000,0.000000,0.000000,0.000000,0.008727,0.097612,0.000001,0.064577,-0.001745,-0.089011,-0.036707,0.005236,0.000000,-0.109956,-0.044438,0.000000,0.008727,0.078414,0.000000,0.057596,-0.001745,-0.101228,-0.038453,0.006981,-0.001745,-0.108210,-0.063637
1771633789.641,4215,0,0,0.9962,0.0036,0.0000,0.0001,0.0000,0.0000,0.0001,0.014679,0.012643,0.000000,0.000000,0.000000,0.000000,0.008727,0.097612,0.000001,0.064577,-0.001745,-0.089011,-0.036707,0.005236,0.000000,-0.109956,-0.042693,0.000000,0.008727,0.078414,0.000000,0.057596,-0.001745,-0.101228,-0.038453,0.006981,-0.001745,-0.108210,-0.063637
1771633789.742,4218,0,0,0.9962,0.0036,0.0000,0.0001,0.0000,0.0000,0.0001,0.014679,0.012643,0.000000,0.000000,0.000000,0.000000,0.008727,0.097612,0.000001,0.064577,-0.001745,-0.089011,-0.036707,0.005236,0.000000,-0.109956,-0.042693,0.000000,0.008727,0.078414,0.000000,0.057596,-0.001745,-0.101228,-0.038453,0.006981,-0.001745,-0.108210,-0.063637
1771633789.842,4221,0,0,0.9962,0.0036,0.0000,0.0001,0.0000,0.0000,0.0001,0.014534,0.012643,0.000000,0.000000,0.000000,0.000000,0.008727,0.097612,0.000001,0.062832,-0.001745,-0.089011,-0.038453,0.005236,0.000000,-0.109956,-0.044438,0.000000,0.008727,0.078414,0.000000,0.057596,-0.001745,-0.101228,-0.038453,0.006981,-0.001745,-0.108210,-0.063637
1771633789.942,4224,0,0,0.9962,0.0036,0.0000,0.0001,0.0000,0.0000,0.0001,0.014679,0.012643,0.000000,0.000000,0.000000,0.000000,0.008727,0.097612,0.000001,0.062832,-0.001745,-0.089011,-0.038453,0.006981,0.000000,-0.109956,-0.044438,0.000000,0.008727,0.078414,0.000000,0.057596,-0.001745,-0.101228,-0.038453,0.006981,-0.001745,-0.108210,-0.063637
1771633790.043,4227,0,0,0.9962,0.0036,0.0000,0.0001,0.0000,0.0000,0.0001,0.014825,0.012643,0.000000,0.000000,0.000000,0.000000,0.008727,0.097612,0.000001,0.064577,-0.001745,-0.089011,-0.036707,0.006981,0.000000,-0.109956,-0.044438,0.000000,0.008727,0.078414,0.000000,0.057596,-0.001745,-0.101228,-0.038453,0.006981,-0.001745,-0.108210,-0.063637
1771633790.151,4230,0,0,0.9962,0.0036,0.0000,0.0001,0.0000,0.0000,0.0001,0.014389,0.012498,0.000000,0.000000,0.000000,0.000000,0.006981,0.097612,0.000001,0.062832,-0.001745,-0.089011,-0.036707,0.005236,0.000000,-0.109956,-0.044438,0.000000,0.008727,0.078414,0.000000,0.057596,-0.001745,-0.101228,-0.038453,0.005236,-0.001745,-0.108210,-0.063637
1771633790.247,4233,0,0,0.9962,0.0036,0.0000,0.0001,0.0000,0.0000,0.0001,0.014389,0.012643,0.000000,0.000000,0.000000,0.000000,0.006981,0.097612,0.000001,0.062832,-0.003491,-0.089011,-0.036707,0.005236,0.000000,-0.109956,-0.044438,0.000000,0.008727,0.078414,0.000000,0.057596,-0.001745,-0.101228,-0.038453,0.006981,-0.001745,-0.106465,-0.063637
1771633790.348,4236,0,0,0.9962,0.0036,0.0000,0.0001,0.0000,0.0000,0.0001,0.014534,0.012643,0.000000,0.000000,0.000000,0.000000,0.006981,0.097612,0.000001,0.062832,-0.001745,-0.089011,-0.036707,0.006981,0.000000,-0.111701,-0.042693,0.000000,0.008727,0.078414,0.000000,0.057596,-0.001745,-0.101228,-0.038453,0.006981,-0.001745,-0.108210,-0.063637
1771633790.448,4239,0,0,0.9962,0.0036,0.0000,0.0001,0.0000,0.0000,0.0001,0.014679,0.012498,0.000000,0.000000,0.000000,0.000000,0.008727,0.097612,0.000001,0.062832,-0.001745,-0.089011,-0.036707,0.006981,0.000000,-0.109956,-0.042693,0.000000,0.008727,0.078414,0.000000,0.057596,-0.001745,-0.101228,-0.038453,0.005236,-0.001745,-0.106465,-0.063637
1771633790.548,4242,0,0,0.9962,0.0036,0.0000,0.0001,0.0000,0.0000,0.0001,0.014534,0.012789,0.000000,0.000000,0.000000,0.000000,0.008727,0.097612,0.000001,0.062832,-0.001745,-0.089011,-0.038453,0.005236,0.000000,-0.109956,-0.042693,0.000000,0.008727,0.078414,0.000000,0.057596,-0.001745,-0.101228,-0.038453,0.008727,-0.001745,-0.106465,-0.063637
1771633790.648,4245,0,0,0.9962,0.0036,0.0000,0.0001,0.0000,0.0000,0.0001,0.014389,0.012789,0.000000,0.000000,0.000000,0.000000,0.006981,0.097612,0.000001,0.062832,-0.001745,-0.089011,-0.036707,0.005236,0.000000,-0.109956,-0.042693,0.000000,0.008727,0.078414,0.000000,0.057596,-0.001745,-0.101228,-0.038453,0.008727,-0.001745,-0.108210,-0.063637
1771633790.748,4248,0,0,0.9961,0.0036,0.0000,0.0001,0.0000,0.0000,0.0001,0.014534,0.012789,0.000000,0.000000,0.000000,0.000000,0.006981,0.097612,0.000001,0.062832,-0.001745,-0.089011,-0.036707,0.006981,0.000000,-0.111701,-0.044438,0.000000,0.008727,0.078414,0.000000,0.057596,-0.001745,-0.101228,-0.038453,0.008727,-0.001745,-0.108210,-0.063637
1771633790.848,4251,0,0,0.9961,0.0036,0.0000,0.0001,0.0000,0.0000,0.0001,0.014679,0.012789,0.000000,0.000000,0.000000,0.000000,0.008727,0.097612,0.000001,0.062832,-0.001745,-0.089011,-0.036707,0.006981,0.000000,-0.111701,-0.044438,0.000000,0.008727,0.078414,0.000000,0.057596,-0.001745,-0.101228,-0.038453,0.008727,-0.001745,-0.106465,-0.063637
1771633790.948,4254,0,0,0.9961,0.0036,0.0000,0.0001,0.0000,0.0000,0.0001,0.014679,0.012789,0.000000,0.000000,0.000000,0.000000,0.008727,0.097612,0.000001,0.062832,-0.003491,-0.089011,-0.036707,0.006981,0.000000,-0.109956,-0.042693,0.000000,0.008727,0.078414,0.000000,0.057596,-0.001745,-0.101228,-0.038453,0.008727,-0.001745,-0.106465,-0.063637
1771633791.049,4257,0,0,0.9961,0.0036,0.0000,0.0001,0.0000,0.0000,0.0001,0.014534,0.012789,0.000000,0.000000,0.000000,0.000000,0.008727,0.097612,0.000001,0.062832,-0.001745,-0.089011,-0.036707,0.005236,0.000000,-0.111701,-0.044438,0.000000,0.008727,0.078414,0.000000,0.057596,-0.001745,-0.101228,-0.038453,0.008727,-0.001745,-0.108210,-0.063637
1771633791.149,4260,0,0,0.9961,0.0036,0.0000,0.0001,0.0000,0.0000,0.0001,0.014389,0.012789,0.000000,0.000000,0.000000,0.000000,0.006981,0.097612,0.000001,0.062832,-0.001745,-0.089011,-0.036707,0.005236,0.000000,-0.109956,-0.044438,0.000000,0.008727,0.078414,0.000000,0.057596,-0.003491,-0.101228,-0.038453,0.008727,-0.001745,-0.108210,-0.063637
1771633791.249,4263,0,0,0.9961,0.0036,0.0000,0.0001,0.0000,0.0000,0.0001,0.014534,0.012789,0.000000,0.000000,0.000000,0.000000,0.008727,0.097612,0.000001,0.062832,-0.001745,-0.089011,-0.036707,0.005236,0.000000,-0.109956,-0.044438,0.000000,0.008727,0.078414,0.000000,0.057596,-0.003491,-0.101228,-0.038453,0.008727,-0.001745,-0.106465,-0.063637
1771633791.349,4266,0,0,0.9961,0.0036,0.0000,0.0001,0.0000,0.0000,0.0001,0.014389,0.012789,0.000000,0.000000,0.000000,0.000000,0.006981,0.097612,0.000001,0.062832,-0.003491,-0.089011,-0.038453,0.005236,0.000000,-0.111701,-0.044438,0.000000,0.008727,0.078414,0.000000,0.057596,-0.001745,-0.101228,-0.038453,0.008727,-0.001745,-0.108210,-0.063637
1771633791.449,4269,0,0,0.9961,0.0036,0.0000,0.0001,0.0000,0.0000,0.0001,0.014389,0.012789,0.000000,0.000000,0.000000,0.000000,0.006981,0.097612,0.000001,0.062832,-0.003491,-0.089011,-0.036707,0.005236,0.000000,-0.111701,-0.044438,0.000000,0.008727,0.078414,0.000000,0.057596,-0.001745,-0.101228,-0.038453,0.008727,-0.001745,-0.108210,-0.063637
1771633791.549,4272,0,0,0.9961,0.0036,0.0000,0.0001,0.0000,0.0000,0.0001,0.014534,0.012789,0.000000,0.000000,0.000000,0.000000,0.006981,0.097612,0.000001,0.062832,-0.001745,-0.089011,-0.036707,0.006981,0.000000,-0.109956,-0.042693,0.000000,0.008727,0.078414,0.000000,0.057596,-0.001745,-0.101228,-0.038453,0.008727,-0.001745,-0.106465,-0.063637
1771633791.650,4275,0,0,0.9961,0.0036,0.0000,0.0001,0.0000,0.0000,0.0001,0.014534,0.012789,0.000000,0.000000,0.000000,0.000000,0.006981,0.097612,0.000001,0.064577,-0.001745,-0.089011,-0.038453,0.005236,0.000000,-0.111701,-0.042693,0.000000,0.008727,0.078414,0.000000,0.057596,-0.001745,-0.101228,-0.038453,0.008727,-0.001745,-0.108210,-0.063637
1771633791.751,4278,0,0,0.9961,0.0036,0.0000,0.0001,0.0000,0.0000,0.0001,0.014534,0.012789,0.000000,0.000000,0.000000,0.000000,0.008727,0.097612,0.000001,0.062832,-0.001745,-0.089011,-0.036707,0.005236,0.000000,-0.111701,-0.042693,0.000000,0.008727,0.078414,0.000000,0.057596,-0.001745,-0.101228,-0.038453,0.008727,-0.001745,-0.108210,-0.063637
