timestamp,frame,raw_pred,smooth_pred,prob_NoAct,prob_Loose,prob_UniL,prob_UniR,prob_TAsyL,prob_TAsyR,prob_TSym,R_err_mean,L_err_mean,R_trans_vel,L_trans_vel,rel_pos_rate_norm,R_joint_mean,L_joint_mean,R_err_raw_0,R_err_raw_1,R_err_raw_2,R_err_raw_3,R_err_raw_4,R_err_raw_5,R_err_raw_6,R_err_raw_7,R_err_raw_8,R_err_raw_9,R_err_raw_10,R_err_raw_11,L_err_raw_0,L_err_raw_1,L_err_raw_2,L_err_raw_3,L_err_raw_4,L_err_raw_5,L_err_raw_6,L_err_raw_7,L_err_raw_8,L_err_raw_9,L_err_raw_10,L_err_raw_11
1771552793.277,3,0,0,0.9985,0.0014,0.0000,0.0001,0.0000,0.0000,0.0000,0.011743,0.000335,0.000000,0.000000,0.000000,0.000000,0.000000,-0.011887,0.048982,-0.001752,0.000000,-0.008313,0.000594,0.000007,0.000000,0.037951,0.053382,0.000000,0.000000,-0.025946,-0.003491,0.003159,0.000000,-0.012253,-0.003491,0.000332,0.000000,0.000530,0.000000
1771552793.378,6,0,0,0.9985,0.0014,0.0000,0.0001,0.0000,0.0000,0.0000,0.011743,0.000335,0.000000,0.000000,0.000000,0.000000,0.000000,-0.011887,0.048982,-0.001752,0.000000,-0.008313,0.000594,0.000007,0.000000,0.037951,0.053382,0.000000,0.000000,-0.025946,-0.005236,0.003159,0.000000,-0.012253,-0.003491,0.000332,0.000000,0.000530,0.000000
1771552793.477,9,0,0,0.9985,0.0014,0.0000,0.0001,0.0000,0.0000,0.0000,0.011743,0.000335,0.000000,0.000000,0.000000,0.000000,0.000000,-0.011887,0.048982,-0.001752,0.000000,-0.008313,0.000594,0.000007,0.000000,0.037951,0.053382,0.000000,0.000000,-0.025946,-0.003491,0.003159,0.000000,-0.012253,-0.003491,0.000332,0.000000,0.000530,0.000000
1771552793.577,12,0,0,0.9985,0.0014,0.0000,0.0001,0.0000,0.0000,0.0000,0.011888,0.000480,0.000000,0.000000,0.000000,0.000000,0.000000,-0.011887,0.048982,-0.001752,0.000000,-0.008313,0.000594,0.000007,0.000000,0.039696,0.053382,0.000000,0.000000,-0.025946,-0.003491,0.003159,0.001745,-0.012253,-0.003491,0.000332,0.000000,0.000530,0.000000
1771552793.677,15,0,0,0.9985,0.0014,0.0000,0.0001,0.0000,0.0000,0.0000,0.011743,0.000335,0.000000,0.000000,0.000000,0.000000,0.000000,-0.011887,0.048982,-0.001752,0.000000,-0.008313,0.000594,0.000007,0.000000,0.037951,0.053382,0.000000,0.000000,-0.025946,-0.003491,0.003159,0.000000,-0.012253,-0.003491,0.000332,0.000000,0.000530,0.000000
1771552793.778,18,0,0,0.9985,0.0014,0.0000,0.0001,0.0000,0.0000,0.0000,0.011888,0.000335,0.000000,0.000000,0.000000,0.000000,0.000000,-0.011887,0.048982,-0.001752,0.000000,-0.008313,0.000594,0.000007,0.000000,0.039696,0.053382,0.000000,0.000000,-0.025946,-0.003491,0.003159,0.000000,-0.012253,-0.003491,0.000332,0.000000,0.000530,0.000000
1771552793.878,21,0,0,0.9985,0.0014,0.0000,0.0001,0.0000,0.0000,0.0000,0.011743,0.000335,0.000000,0.000000,0.000000,0.000000,0.000000,-0.011887,0.048982,-0.001752,0.000000,-0.008313,0.000594,0.000007,0.000000,0.037951,0.053382,0.000000,0.000000,-0.025946,-0.003491,0.003159,0.000000,-0.012253,-0.003491,0.000332,0.000000,0.000530,0.000000
1771552793.978,24,0,0,0.9985,0.0014,0.0000,0.0001,0.0000,0.0000,0.0000,0.011743,0.000335,0.000000,0.000000,0.000000,0.000000,0.000000,-0.011887,0.048982,-0.001752,0.000000,-0.008313,0.000594,0.000007,0.000000,0.037951,0.053382,0.000000,0.000000,-0.025946,-0.005236,0.003159,0.000000,-0.012253,-0.003491,0.000332,0.000000,0.000530,0.000000
1771552794.078,27,0,0,0.9985,0.0014,0.0000,0.0001,0.0000,0.0000,0.0000,0.011743,0.000335,0.000000,0.000000,0.000000,0.000000,0.000000,-0.011887,0.048982,-0.001752,0.000000,-0.008313,0.000594,0.000007,0.000000,0.037951,0.053382,0.000000,0.000000,-0.025946,-0.003491,0.003159,0.000000,-0.012253,-0.003491,0.000332,0.000000,0.000530,0.000000
1771552794.179,30,0,0,0.9985,0.0014,0.0000,0.0001,0.0000,0.0000,0.0000,0.011743,0.000335,0.000000,0.000000,0.000000,0.000000,0.000000,-0.011887,0.048982,-0.001752,0.000000,-0.008313,0.000594,0.000007,0.000000,0.037951,0.053382,0.000000,0.000000,-0.025946,-0.003491,0.003159,0.000000,-0.012253,-0.003491,0.000332,0.000000,0.000530,0.000000
1771552794.279,33,0,0,0.9985,0.0014,0.0000,0.0001,0.0000,0.0000,0.0000,0.011743,0.000480,0.000000,0.000000,0.000000,0.000000,0.000000,-0.011887,0.048982,-0.001752,0.000000,-0.008313,0.000594,0.000007,0.000000,0.037951,0.053382,0.000000,0.000000,-0.025946,-0.003491,0.004904,0.000000,-0.012253,-0.003491,0.000332,0.000000,0.000530,0.000000
1771552794.379,36,0,0,0.9985,0.0014,0.0000,0.0001,0.0000,0.0000,0.0000,0.011888,0.000335,0.000000,0.000000,0.000000,0.000000,0.000000,-0.011887,0.048982,-0.001752,0.000000,-0.008313,0.000594,0.000007,0.000000,0.039696,0.053382,0.000000,0.000000,-0.025946,-0.003491,0.003159,0.000000,-0.012253,-0.003491,0.000332,0.000000,0.000530,0.000000
1771552794.479,39,0,0,0.9985,0.0014,0.0000,0.0001,0.0000,0.0000,0.0000,0.011888,0.000335,0.000000,0.000000,0.000000,0.000000,0.000000,-0.011887,0.048982,-0.001752,0.000000,-0.008313,0.000594,0.000007,0.000000,0.039696,0.053382,0.000000,0.000000,-0.025946,-0.003491,0.003159,0.000000,-0.012253,-0.003491,0.000332,0.000000,0.000530,0.000000
1771552794.580,42,0,0,0.9985,0.0014,0.0000,0.0001,0.0000,0.0000,0.0000,0.011888,0.000480,0.000000,0.000000,0.000000,0.000000,0.000000,-0.011887,0.048982,-0.001752,0.000000,-0.008313,0.000594,0.000007,0.000000,0.039696,0.053382,0.000000,0.000000,-0.025946,-0.003491,0.004904,0.000000,-0.012253,-0.003491,0.000332,0.000000,0.000530,0.000000
1771552794.680,45,0,0,0.9985,0.0014,0.0000,0.0001,0.0000,0.0000,0.0000,0.011743,0.000480,0.000000,0.000000,0.000000,0.000000,0.000000,-0.011887,0.048982,-0.001752,0.000000,-0.008313,0.000594,0.000007,0.000000,0.037951,0.053382,0.000000,0.000000,-0.025946,-0.003491,0.004904,0.000000,-0.012253,-0.003491,0.000332,0.000000,0.000530,0.000000
1771552794.781,48,0,0,0.9985,0.0014,0.0000,0.0001,0.0000,0.0000,0.0000,0.011743,0.000335,0.000000,0.000000,0.000000,0.000000,0.000000,-0.011887,0.048982,-0.001752,0.000000,-0.008313,0.000594,0.000007,0.000000,0.037951,0.053382,0.000000,0.000000,-0.025946,-0.003491,0.003159,0.000000,-0.012253,-0.003491,0.000332,0.000000,0.000530,0.000000
1771552794.881,51,0,0,0.9985,0.0014,0.0000,0.0001,0.0000,0.0000,0.0000,0.011888,0.000335,0.000000,0.000000,0.000000,0.000000,0.000000,-0.011887,0.048982,-0.001752,0.000000,-0.008313,0.000594,0.000007,0.000000,0.039696,0.053382,0.000000,0.000000,-0.025946,-0.003491,0.003159,0.000000,-0.012253,-0.003491,0.000332,0.000000,0.000530,0.000000
1771552794.982,54,0,0,0.9985,0.0014,0.0000,0.0001,0.0000,0.0000,0.0000,0.011888,0.000335,0.000000,0.000000,0.000000,0.000000,0.000000,-0.011887,0.048982,-0.001752,0.000000,-0.008313,0.000594,0.000007,0.000000,0.039696,0.053382,0.000000,0.000000,-0.025946,-0.003491,0.003159,0.000000,-0.012253,-0.003491,0.000332,0.000000,0.000530,0.000000
1771552795.082,57,0,0,0.9985,0.0014,0.0000,0.0001,0.0000,0.0000,0.0000,0.011888,0.000335,0.000000,0.000000,0.000000,0.000000,0.000000,-0.011887,0.048982,-0.001752,0.000000,-0.008313,0.000594,0.000007,0.000000,0.039696,0.053382,0.000000,0.000000,-0.025946,-0.005236,0.003159,0.000000,-0.012253,-0.003491,0.000332,0.000000,0.000530,0.000000
1771552795.182,60,0,0,0.9985,0.0014,0.0000,0.0001,0.0000,0.0000,0.0000,0.011888,0.000335,0.000000,0.000000,0.000000,0.000000,0.000000,-0.011887,0.048982,-0.001752,0.000000,-0.008313,0.000594,0.000007,0.000000,0.039696,0.053382,0.000000,0.000000,-0.024201,-0.003491,0.003159,0.000000,-0.012253,-0.003491,0.000332,0.000000,0.000530,0.000000
1771552795.282,63,0,0,0.9985,0.0014,0.0000,0.0001,0.0000,0.0000,0.0000,0.011743,0.000335,0.000000,0.000000,0.000000,0.000000,0.000000,-0.011887,0.048982,-0.001752,0.000000,-0.008313,0.000594,0.000007,0.000000,0.037951,0.053382,0.000000,0.000000,-0.025946,-0.003491,0.003159,0.000000,-0.012253,-0.003491,0.000332,0.000000,0.000530,0.000000
1771552795.383,66,0,0,0.9985,0.0014,0.0000,0.0001,0.0000,0.0000,0.0000,0.011743,0.000335,0.000000,0.000000,0.000000,0.000000,0.000000,-0.011887,0.048982,-0.001752,0.000000,-0.008313,0.000594,0.000007,0.000000,0.037951,0.053382,0.000000,0.000000,-0.025946,-0.005236,0.003159,0.000000,-0.012253,-0.003491,0.000332,0.000000,0.000530,0.000000
1771552795.483,69,0,0,0.9985,0.0014,0.0000,0.0001,0.0000,0.0000,0.0000,0.011888,0.000335,0.000000,0.000000,0.000000,0.000000,0.000000,-0.011887,0.048982,-0.001752,0.000000,-0.008313,0.000594,0.000007,0.000000,0.039696,0.053382,0.000000,0.000000,-0.025946,-0.005236,0.003159,0.000000,-0.012253,-0.003491,0.000332,0.000000,0.000530,0.000000
1771552795.583,72,0,0,0.9985,0.0014,0.0000,0.0001,0.0000,0.0000,0.0000,0.011743,0.000335,0.000000,0.000000,0.000000,0.000000,0.000000,-0.011887,0.048982,-0.001752,0.000000,-0.008313,0.000594,0.000007,0.000000,0.037951,0.053382,0.000000,0.000000,-0.025946,-0.003491,0.003159,0.000000,-0.012253,-0.003491,0.000332,0.000000,0.000530,0.000000
1771552795.683,75,0,0,0.9985,0.0014,0.0000,0.0001,0.0000,0.0000,0.0000,0.011743,0.000335,0.000000,0.000000,0.000000,0.000000,0.000000,-0.011887,0.048982,-0.001752,0.000000,-0.008313,0.000594,0.000007,0.000000,0.037951,0.053382,0.000000,0.000000,-0.025946,-0.003491,0.003159,0.000000,-0.012253,-0.003491,0.000332,0.000000,0.000530,0.000000
1771552795.784,78,0,0,0.9985,0.0014,0.0000,0.0001,0.0000,0.0000,0.0000,0.011888,0.000480,0.000000,0.000000,0.000000,0.000000,0.000000,-0.011887,0.048982,-0.001752,0.000000,-0.008313,0.000594,0.000007,0.000000,0.039696,0.053382,0.000000,0.000000,-0.025946,-0.003491,0.004904,0.000000,-0.012253,-0.003491,0.000332,0.000000,0.000530,0.000000
1771552795.885,81,0,0,0.9985,0.0014,0.0000,0.0001,0.0000,0.0000,0.0000,0.011888,0.000335,0.000000,0.000000,0.000000,0.000000,0.000000,-0.011887,0.048982,-0.001752,0.000000,-0.008313,0.000594,0.000007,0.000000,0.039696,0.053382,0.000000,0.000000,-0.025946,-0.003491,0.003159,0.000000,-0.012253,-0.003491,0.000332,0.000000,0.000530,0.000000
1771552795.985,84,0,0,0.9985,0.0014,0.0000,0.0001,0.0000,0.0000,0.0000,0.011743,0.000335,0.000000,0.000000,0.000000,0.000000,0.000000,-0.011887,0.048982,-0.001752,0.000000,-0.008313,0.000594,0.000007,0.000000,0.037951,0.053382,0.000000,0.000000,-0.025946,-0.003491,0.003159,0.000000,-0.012253,-0.003491,0.000332,0.000000,0.000530,0.000000
1771552796.085,87,0,0,0.9985,0.0014,0.0000,0.0001,0.0000,0.0000,0.0000,0.011888,0.000335,0.000000,0.000000,0.000000,0.000000,0.000000,-0.011887,0.048982,-0.001752,0.000000,-0.008313,0.000594,0.000007,0.000000,0.039696,0.053382,0.000000,0.000000,-0.025946,-0.003491,0.003159,0.000000,-0.012253,-0.003491,0.000332,0.000000,0.000530,0.000000
1771552796.185,90,0,0,0.9985,0.0014,0.0000,0.0001,0.0000,0.0000,0.0000,0.011888,0.000335,0.000000,0.000000,0.000000,0.000000,0.000000,-0.011887,0.048982,-0.001752,0.000000,-0.008313,0.000594,0.000007,0.000000,0.039696,0.053382,0.000000,0.000000,-0.025946,-0.003491,0.003159,0.000000,-0.012253,-0.003491,0.000332,0.000000,0.000530,0.000000
1771552796.286,93,0,0,0.9985,0.0014,0.0000,0.0001,0.0000,0.0000,0.0000,0.011743,0.000335,0.000000,0.000000,0.000000,0.000000,0.000000,-0.011887,0.048982,-0.001752,0.000000,-0.008313,0.000594,0.000007,0.000000,0.037951,0.053382,0.000000,0.000000,-0.025946,-0.005236,0.003159,0.000000,-0.012253,-0.003491,0.000332,0.000000,0.000530,0.000000
1771552796.386,96,0,0,0.9985,0.0014,0.0000,0.0001,0.0000,0.0000,0.0000,0.011743,0.000335,0.000000,0.000000,0.000000,0.000000,0.000000,-0.011887,0.048982,-0.001752,0.000000,-0.008313,0.000594,0.000007,0.000000,0.037951,0.053382,0.000000,0.000000,-0.025946,-0.003491,0.003159,0.000000,-0.012253,-0.003491,0.000332,0.000000,0.000530,0.000000
1771552796.486,99,0,0,0.9985,0.0014,0.0000,0.0001,0.0000,0.0000,0.0000,0.011888,0.000335,0.000000,0.000000,0.000000,0.000000,0.000000,-0.011887,0.048982,-0.001752,0.000000,-0.008313,0.000594,0.000007,0.000000,0.039696,0.053382,0.000000,0.000000,-0.025946,-0.003491,0.003159,0.000000,-0.012253,-0.003491,0.000332,0.000000,0.000530,0.000000
1771552796.586,102,0,0,0.9985,0.0014,0.0000,0.0001,0.0000,0.0000,0.0000,0.011888,0.000480,0.000000,0.000000,0.000000,0.000000,0.000000,-0.011887,0.048982,-0.001752,0.000000,-0.008313,0.000594,0.000007,0.000000,0.039696,0.053382,0.000000,0.000000,-0.025946,-0.003491,0.004904,0.000000,-0.012253,-0.003491,0.000332,0.000000,0.000530,0.000000
1771552796.686,105,0,0,0.9985,0.0014,0.0000,0.0001,0.0000,0.0000,0.0000,0.011888,0.000335,0.000000,0.000000,0.000000,0.000000,0.000000,-0.011887,0.048982,-0.001752,0.000000,-0.008313,0.000594,0.000007,0.000000,0.039696,0.053382,0.000000,0.000000,-0.025946,-0.005236,0.003159,0.000000,-0.012253,-0.003491,0.000332,0.000000,0.000530,0.000000
1771552796.787,108,0,0,0.9985,0.0014,0.0000,0.0001,0.0000,0.0000,0.0000,0.011888,0.000335,0.000000,0.000000,0.000000,0.000000,0.000000,-0.011887,0.048982,-0.001752,0.000000,-0.008313,0.000594,0.000007,0.000000,0.039696,0.053382,0.000000,0.000000,-0.025946,-0.005236,0.003159,0.000000,-0.012253,-0.003491,0.000332,0.000000,0.000530,0.000000
1771552796.887,111,0,0,0.9985,0.0014,0.0000,0.0001,0.0000,0.0000,0.0000,0.011743,0.000335,0.000000,0.000000,0.000000,0.000000,0.000000,-0.011887,0.048982,-0.001752,0.000000,-0.008313,0.000594,0.000007,0.000000,0.037951,0.053382,0.000000,0.000000,-0.025946,-0.003491,0.003159,0.000000,-0.012253,-0.003491,0.000332,0.000000,0.000530,0.000000
1771552796.987,114,0,0,0.9985,0.0014,0.0000,0.0001,0.0000,0.0000,0.0000,0.011888,0.000335,0.000000,0.000000,0.000000,0.000000,0.000000,-0.011887,0.048982,-0.001752,0.000000,-0.008313,0.000594,0.000007,0.000000,0.039696,0.053382,0.000000,0.000000,-0.025946,-0.003491,0.003159,0.000000,-0.012253,-0.003491,0.000332,0.000000,0.000530,0.000000
1771552797.087,117,0,0,0.9985,0.0014,0.0000,0.0001,0.0000,0.0000,0.0000,0.011743,0.000335,0.000000,0.000000,0.000000,0.000000,0.000000,-0.011887,0.048982,-0.001752,0.000000,-0.008313,0.000594,0.000007,0.000000,0.037951,0.053382,0.000000,0.000000,-0.025946,-0.003491,0.003159,0.000000,-0.012253,-0.003491,0.000332,0.000000,0.000530,0.000000
1771552797.188,120,0,0,0.9985,0.0014,0.0000,0.0001,0.0000,0.0000,0.0000,0.011888,0.000480,0.000000,0.000000,0.000000,0.000000,0.000000,-0.011887,0.048982,-0.001752,0.000000,-0.008313,0.000594,0.000007,0.000000,0.039696,0.053382,0.000000,0.000000,-0.025946,-0.003491,0.004904,0.000000,-0.012253,-0.003491,0.000332,0.000000,0.000530,0.000000
1771552797.288,123,0,0,0.9985,0.0014,0.0000,0.0001,0.0000,0.0000,0.0000,0.011743,0.000335,0.000000,0.000000,0.000000,0.000000,0.000000,-0.011887,0.048982,-0.001752,0.000000,-0.008313,0.000594,0.000007,0.000000,0.037951,0.053382,0.000000,0.000000,-0.025946,-0.003491,0.003159,0.000000,-0.012253,-0.003491,0.000332,0.000000,0.000530,0.000000
1771552797.389,126,0,0,0.9985,0.0014,0.0000,0.0001,0.0000,0.0000,0.0000,0.011888,0.000335,0.000000,0.000000,0.000000,0.000000,0.000000,-0.011887,0.048982,-0.001752,0.000000,-0.008313,0.000594,0.000007,0.000000,0.039696,0.053382,0.000000,0.000000,-0.025946,-0.003491,0.003159,0.000000,-0.012253,-0.003491,0.000332,0.000000,0.000530,0.000000
1771552797.489,129,0,0,0.9985,0.0014,0.0000,0.0001,0.0000,0.0000,0.0000,0.011888,0.000335,0.000000,0.000000,0.000000,0.000000,0.000000,-0.011887,0.048982,-0.001752,0.000000,-0.008313,0.000594,0.000007,0.000000,0.039696,0.053382,0.000000,0.000000,-0.025946,-0.003491,0.003159,0.000000,-0.012253,-0.003491,0.000332,0.000000,0.000530,0.000000
1771552797.589,132,0,0,0.9985,0.0014,0.0000,0.0001,0.0000,0.0000,0.0000,0.011888,0.000335,0.000000,0.000000,0.000000,0.000000,0.000000,-0.011887,0.048982,-0.001752,0.000000,-0.008313,0.000594,0.000007,0.000000,0.039696,0.053382,0.000000,0.000000,-0.025946,-0.003491,0.003159,0.000000,-0.012253,-0.003491,0.000332,0.000000,0.000530,0.000000
1771552797.689,135,0,0,0.9985,0.0014,0.0000,0.0001,0.0000,0.0000,0.0000,0.011888,0.000335,0.000000,0.000000,0.000000,0.000000,0.000000,-0.011887,0.048982,-0.001752,0.000000,-0.008313,0.000594,0.000007,0.000000,0.039696,0.053382,0.000000,0.000000,-0.025946,-0.003491,0.003159,0.000000,-0.012253,-0.003491,0.000332,0.000000,0.000530,0.000000
1771552797.789,138,0,0,0.9985,0.0014,0.0000,0.0001,0.0000,0.0000,0.0000,0.011888,0.000480,0.000000,0.000000,0.000000,0.000000,0.000000,-0.011887,0.048982,-0.001752,0.000000,-0.008313,0.000594,0.000007,0.000000,0.039696,0.053382,0.000000,0.000000,-0.025946,-0.003491,0.004904,0.000000,-0.012253,-0.003491,0.000332,0.000000,0.000530,0.000000
1771552797.889,141,0,0,0.9985,0.0014,0.0000,0.0001,0.0000,0.0000,0.0000,0.011888,0.000335,0.000000,0.000000,0.000000,0.000000,0.000000,-0.011887,0.048982,-0.001752,0.000000,-0.008313,0.000594,0.000007,0.000000,0.039696,0.053382,0.000000,0.000000,-0.025946,-0.003491,0.003159,0.000000,-0.012253,-0.003491,0.000332,0.000000,0.000530,0.000000
1771552797.990,144,0,0,0.9985,0.0014,0.0000,0.0001,0.0000,0.0000,0.0000,0.011743,0.000335,0.000000,0.000000,0.000000,0.000000,0.000000,-0.011887,0.048982,-0.001752,0.000000,-0.008313,0.000594,0.000007,0.000000,0.037951,0.053382,0.000000,0.000000,-0.025946,-0.003491,0.003159,0.000000,-0.012253,-0.003491,0.000332,0.000000,0.000530,0.000000
1771552798.090,147,0,0,0.9985,0.0014,0.0000,0.0001,0.0000,0.0000,0.0000,0.011743,0.000335,0.000000,0.000000,0.000000,0.000000,0.000000,-0.011887,0.048982,-0.001752,0.000000,-0.008313,0.000594,0.000007,0.000000,0.037951,0.053382,0.000000,0.000000,-0.025946,-0.003491,0.003159,0.000000,-0.012253,-0.003491,0.000332,0.000000,0.000530,0.000000
1771552798.190,150,0,0,0.9985,0.0014,0.0000,0.0001,0.0000,0.0000,0.0000,0.011888,0.000335,0.000000,0.000000,0.000000,0.000000,0.000000,-0.011887,0.048982,-0.001752,0.000000,-0.008313,0.000594,0.000007,0.000000,0.039696,0.053382,0.000000,0.000000,-0.025946,-0.003491,0.003159,0.000000,-0.012253,-0.003491,0.000332,0.000000,0.000530,0.000000
1771552798.291,153,0,0,0.9985,0.0014,0.0000,0.0001,0.0000,0.0000,0.0000,0.011743,0.000335,0.000000,0.000000,0.000000,0.000000,0.000000,-0.011887,0.048982,-0.001752,0.000000,-0.008313,0.000594,0.000007,0.000000,0.037951,0.053382,0.000000,0.000000,-0.025946,-0.005236,0.003159,0.000000,-0.012253,-0.003491,0.000332,0.000000,0.000530,0.000000
1771552798.390,156,0,0,0.9985,0.0014,0.0000,0.0001,0.0000,0.0000,0.0000,0.011888,0.000335,0.000000,0.000000,0.000000,0.000000,0.000000,-0.011887,0.048982,-0.001752,0.000000,-0.008313,0.000594,0.000007,0.000000,0.039696,0.053382,0.000000,0.000000,-0.025946,-0.003491,0.003159,0.000000,-0.012253,-0.003491,0.000332,0.000000,0.000530,0.000000
1771552798.491,159,0,0,0.9985,0.0014,0.0000,0.0001,0.0000,0.0000,0.0000,0.011888,0.000480,0.000000,0.000000,0.000000,0.000000,0.000000,-0.011887,0.048982,-0.001752,0.000000,-0.008313,0.000594,0.000007,0.000000,0.039696,0.053382,0.000000,0.000000,-0.025946,-0.003491,0.003159,0.000000,-0.012253,-0.003491,0.000332,0.001745,0.000530,0.000000
1771552798.591,162,0,0,0.9985,0.0014,0.0000,0.0001,0.0000,0.0000,0.0000,0.011743,0.000335,0.000000,0.000000,0.000000,0.000000,0.000000,-0.011887,0.048982,-0.001752,0.000000,-0.008313,0.000594,0.000007,0.000000,0.037951,0.053382,0.000000,0.000000,-0.025946,-0.003491,0.003159,0.000000,-0.012253,-0.003491,0.000332,0.000000,0.000530,0.000000
1771552798.692,165,0,0,0.9985,0.0014,0.0000,0.0001,0.0000,0.0000,0.0000,0.011888,0.000335,0.000000,0.000000,0.000000,0.000000,0.000000,-0.011887,0.048982,-0.001752,0.000000,-0.008313,0.000594,0.000007,0.000000,0.039696,0.053382,0.000000,0.000000,-0.025946,-0.003491,0.003159,0.000000,-0.012253,-0.003491,0.000332,0.000000,0.000530,0.000000
1771552798.791,168,0,0,0.9985,0.0014,0.0000,0.0001,0.0000,0.0000,0.0000,0.011743,0.000335,0.000000,0.000000,0.000000,0.000000,0.000000,-0.011887,0.048982,-0.001752,0.000000,-0.008313,0.000594,0.000007,0.000000,0.037951,0.053382,0.000000,0.000000,-0.025946,-0.003491,0.003159,0.000000,-0.012253,-0.003491,0.000332,0.000000,0.000530,0.000000
1771552798.892,171,0,0,0.9985,0.0014,0.0000,0.0001,0.0000,0.0000,0.0000,0.011888,0.000335,0.000000,0.000000,0.000000,0.000000,0.000000,-0.011887,0.048982,-0.001752,0.000000,-0.008313,0.000594,0.000007,0.000000,0.039696,0.053382,0.000000,0.000000,-0.025946,-0.003491,0.003159,0.000000,-0.012253,-0.003491,0.000332,0.000000,0.000530,0.000000
1771552798.994,174,0,0,0.9985,0.0014,0.0000,0.0001,0.0000,0.0000,0.0000,0.011743,0.000335,0.000000,0.000000,0.000000,0.000000,0.000000,-0.011887,0.048982,-0.001752,0.000000,-0.008313,0.000594,0.000007,0.000000,0.037951,0.053382,0.000000,0.000000,-0.025946,-0.001745,0.003159,0.000000,-0.012253,-0.003491,0.000332,0.000000,0.000530,0.000000
1771552799.093,177,0,0,0.9985,0.0014,0.0000,0.0001,0.0000,0.0000,0.0000,0.011743,0.000335,0.000000,0.000000,0.000000,0.000000,0.000000,-0.011887,0.048982,-0.001752,0.000000,-0.008313,0.000594,0.000007,0.000000,0.037951,0.053382,0.000000,0.000000,-0.025946,-0.003491,0.003159,0.000000,-0.012253,-0.003491,0.000332,0.000000,0.000530,0.000000
1771552799.194,180,0,0,0.9985,0.0014,0.0000,0.0001,0.0000,0.0000,0.0000,0.011743,0.000335,0.000000,0.000000,0.000000,0.000000,0.000000,-0.011887,0.048982,-0.001752,0.000000,-0.008313,0.000594,0.000007,0.000000,0.037951,0.053382,0.000000,0.000000,-0.025946,-0.003491,0.003159,0.000000,-0.012253,-0.003491,0.000332,0.000000,0.000530,0.000000
1771552799.293,183,0,0,0.9985,0.0014,0.0000,0.0001,0.0000,0.0000,0.0000,0.011888,0.000335,0.000000,0.000000,0.000000,0.000000,0.000000,-0.011887,0.048982,-0.001752,0.000000,-0.008313,0.000594,0.000007,0.000000,0.039696,0.053382,0.000000,0.000000,-0.025946,-0.003491,0.003159,0.000000,-0.012253,-0.003491,0.000332,0.000000,0.000530,0.000000
1771552799.393,186,0,0,0.9985,0.0014,0.0000,0.0001,0.0000,0.0000,0.0000,0.011743,0.000335,0.000000,0.000000,0.000000,0.000000,0.000000,-0.011887,0.048982,-0.001752,0.000000,-0.008313,0.000594,0.000007,0.000000,0.037951,0.053382,0.000000,0.000000,-0.025946,-0.003491,0.003159,0.000000,-0.012253,-0.003491,0.000332,0.000000,0.000530,0.000000
1771552799.493,189,0,0,0.9985,0.0014,0.0000,0.0001,0.0000,0.0000,0.0000,0.011743,0.000335,0.000000,0.000000,0.000000,0.000000,0.000000,-0.011887,0.048982,-0.001752,0.000000,-0.008313,0.000594,0.000007,0.000000,0.037951,0.053382,0.000000,0.000000,-0.025946,-0.003491,0.003159,0.000000,-0.012253,-0.003491,0.000332,0.000000,0.000530,0.000000
1771552799.594,192,0,0,0.9985,0.0014,0.0000,0.0001,0.0000,0.0000,0.0000,0.011888,0.000335,0.000000,0.000000,0.000000,0.000000,0.000000,-0.011887,0.048982,-0.001752,0.000000,-0.008313,0.000594,0.000007,0.000000,0.039696,0.053382,0.000000,0.000000,-0.025946,-0.005236,0.003159,0.000000,-0.012253,-0.003491,0.000332,0.000000,0.000530,0.000000
1771552799.695,195,0,0,0.9985,0.0014,0.0000,0.0001,0.0000,0.0000,0.0000,0.011888,0.000335,0.000000,0.000000,0.000000,0.000000,0.000000,-0.011887,0.048982,-0.001752,0.000000,-0.008313,0.000594,0.000007,0.000000,0.039696,0.053382,0.000000,0.000000,-0.025946,-0.003491,0.003159,0.000000,-0.012253,-0.003491,0.000332,0.000000,0.000530,0.000000
1771552799.795,198,0,0,0.9985,0.0014,0.0000,0.0001,0.0000,0.0000,0.0000,0.011888,0.000480,0.000000,0.000000,0.000000,0.000000,0.000000,-0.011887,0.048982,-0.001752,0.000000,-0.008313,0.000594,0.000007,0.000000,0.039696,0.053382,0.000000,0.000000,-0.025946,-0.003491,0.003159,0.000000,-0.012253,-0.003491,0.000332,0.001745,0.000530,0.000000
1771552799.895,201,0,0,0.9985,0.0014,0.0000,0.0001,0.0000,0.0000,0.0000,0.011888,0.000335,0.000000,0.000000,0.000000,0.000000,0.000000,-0.011887,0.048982,-0.001752,0.000000,-0.008313,0.000594,0.000007,0.000000,0.039696,0.053382,0.000000,0.000000,-0.025946,-0.003491,0.003159,0.000000,-0.012253,-0.003491,0.000332,0.000000,0.000530,0.000000
1771552799.996,204,0,0,0.9985,0.0014,0.0000,0.0001,0.0000,0.0000,0.0000,0.011743,0.000335,0.000000,0.000000,0.000000,0.000000,0.000000,-0.011887,0.048982,-0.001752,0.000000,-0.008313,0.000594,0.000007,0.000000,0.037951,0.053382,0.000000,0.000000,-0.025946,-0.003491,0.003159,0.000000,-0.012253,-0.003491,0.000332,0.000000,0.000530,0.000000
1771552800.096,207,0,0,0.9985,0.0014,0.0000,0.0001,0.0000,0.0000,0.0000,0.011743,0.000335,0.000000,0.000000,0.000000,0.000000,0.000000,-0.011887,0.048982,-0.001752,0.000000,-0.008313,0.000594,0.000007,0.000000,0.037951,0.053382,0.000000,0.000000,-0.025946,-0.003491,0.003159,0.000000,-0.012253,-0.003491,0.000332,0.000000,0.000530,0.000000
1771552800.196,210,0,0,0.9985,0.0014,0.0000,0.0001,0.0000,0.0000,0.0000,0.011888,0.000335,0.000000,0.000000,0.000000,0.000000,0.000000,-0.011887,0.048982,-0.001752,0.000000,-0.008313,0.000594,0.000007,0.000000,0.039696,0.053382,0.000000,0.000000,-0.025946,-0.003491,0.003159,0.000000,-0.012253,-0.003491,0.000332,0.000000,0.000530,0.000000
1771552800.296,213,0,0,0.9985,0.0014,0.0000,0.0001,0.0000,0.0000,0.0000,0.011888,0.000335,0.000000,0.000000,0.000000,0.000000,0.000000,-0.011887,0.048982,-0.001752,0.000000,-0.008313,0.000594,0.000007,0.000000,0.039696,0.053382,0.000000,0.000000,-0.025946,-0.003491,0.003159,0.000000,-0.012253,-0.003491,0.000332,0.000000,0.000530,0.000000
1771552800.397,216,0,0,0.9985,0.0014,0.0000,0.0001,0.0000,0.0000,0.0000,0.011888,0.000480,0.000000,0.000000,0.000000,0.000000,0.000000,-0.011887,0.048982,-0.001752,0.000000,-0.008313,0.000594,0.001752,0.000000,0.037951,0.053382,0.000000,0.000000,-0.025946,-0.003491,0.004904,0.000000,-0.012253,-0.003491,0.000332,0.000000,0.000530,0.000000
1771552800.497,219,0,0,0.9985,0.0014,0.0000,0.0001,0.0000,0.0000,0.0000,0.011888,0.000480,0.000000,0.000000,0.000000,0.000000,0.000000,-0.011887,0.048982,-0.001752,0.000000,-0.008313,0.000594,0.000007,0.000000,0.039696,0.053382,0.000000,0.000000,-0.025946,-0.003491,0.004904,0.000000,-0.012253,-0.003491,0.000332,0.000000,0.000530,0.000000
1771552800.597,222,0,0,0.9985,0.0014,0.0000,0.0001,0.0000,0.0000,0.0000,0.011888,0.000335,0.000000,0.000000,0.000000,0.000000,0.000000,-0.011887,0.048982,-0.001752,0.000000,-0.008313,0.000594,0.000007,0.000000,0.039696,0.053382,0.000000,0.000000,-0.025946,-0.003491,0.003159,0.000000,-0.012253,-0.003491,0.000332,0.000000,0.000530,0.000000
1771552800.697,225,0,0,0.9985,0.0014,0.0000,0.0001,0.0000,0.0000,0.0000,0.011888,0.000335,0.000000,0.000000,0.000000,0.000000,0.000000,-0.011887,0.048982,-0.001752,0.000000,-0.008313,0.000594,0.000007,0.000000,0.039696,0.053382,0.000000,0.000000,-0.025946,-0.003491,0.003159,0.000000,-0.012253,-0.003491,0.000332,0.000000,0.000530,0.000000
1771552800.798,228,0,0,0.9985,0.0014,0.0000,0.0001,0.0000,0.0000,0.0000,0.011888,0.000335,0.000000,0.000000,0.000000,0.000000,0.000000,-0.011887,0.048982,-0.001752,0.000000,-0.008313,0.000594,0.000007,0.000000,0.039696,0.053382,0.000000,0.000000,-0.025946,-0.005236,0.003159,0.000000,-0.012253,-0.003491,0.000332,0.000000,0.000530,0.000000
1771552800.898,231,0,0,0.9985,0.0014,0.0000,0.0001,0.0000,0.0000,0.0000,0.012034,0.000335,0.000000,0.000000,0.000000,0.000000,0.000000,-0.011887,0.048982,-0.001752,0.000000,-0.008313,0.000594,0.001752,0.000000,0.039696,0.053382,0.000000,0.000000,-0.025946,-0.003491,0.003159,0.000000,-0.012253,-0.003491,0.000332,0.000000,0.000530,0.000000
1771552800.998,234,0,0,0.9985,0.0014,0.0000,0.0001,0.0000,0.0000,0.0000,0.011888,0.000480,0.000000,0.000000,0.000000,0.000000,0.000000,-0.011887,0.048982,-0.001752,0.000000,-0.008313,0.000594,0.000007,0.000000,0.039696,0.053382,0.000000,0.000000,-0.025946,-0.003491,0.004904,0.000000,-0.012253,-0.003491,0.000332,0.000000,0.000530,0.000000
1771552801.098,237,0,0,0.9985,0.0014,0.0000,0.0001,0.0000,0.0000,0.0000,0.011888,0.000335,0.000000,0.000000,0.000000,0.000000,0.000000,-0.011887,0.048982,-0.001752,0.000000,-0.008313,0.000594,0.001752,0.000000,0.037951,0.053382,0.000000,0.000000,-0.025946,-0.005236,0.003159,0.000000,-0.012253,-0.003491,0.000332,0.000000,0.000530,0.000000
1771552801.198,240,0,0,0.9985,0.0014,0.0000,0.0001,0.0000,0.0000,0.0000,0.011888,0.000335,0.000000,0.000000,0.000000,0.000000,0.000000,-0.011887,0.048982,-0.001752,0.000000,-0.008313,0.000594,0.000007,0.000000,0.039696,0.053382,0.000000,0.000000,-0.025946,-0.003491,0.003159,0.000000,-0.012253,-0.003491,0.000332,0.000000,0.000530,0.000000
1771552801.299,243,0,0,0.9985,0.0014,0.0000,0.0001,0.0000,0.0000,0.0000,0.011743,0.000480,0.000000,0.000000,0.000000,0.000000,0.000000,-0.011887,0.048982,-0.001752,0.000000,-0.008313,0.000594,0.000007,0.000000,0.037951,0.053382,0.000000,0.000000,-0.025946,-0.003491,0.004904,0.000000,-0.012253,-0.005236,0.000332,0.000000,0.000530,0.000000
1771552801.399,246,0,0,0.9985,0.0014,0.0000,0.0001,0.0000,0.0000,0.0000,0.011888,0.000335,0.000000,0.000000,0.000000,0.000000,0.000000,-0.011887,0.048982,-0.001752,0.000000,-0.008313,0.000594,0.000007,0.000000,0.039696,0.053382,0.000000,0.000000,-0.025946,-0.003491,0.003159,0.000000,-0.012253,-0.003491,0.000332,0.000000,0.000530,0.000000
1771552801.500,249,0,0,0.9985,0.0014,0.0000,0.0001,0.0000,0.0000,0.0000,0.011743,0.000335,0.000000,0.000000,0.000000,0.000000,0.000000,-0.011887,0.048982,-0.001752,0.000000,-0.008313,0.000594,0.000007,0.000000,0.037951,0.053382,0.000000,0.000000,-0.025946,-0.003491,0.003159,0.000000,-0.012253,-0.003491,0.000332,0.000000,0.000530,0.000000
1771552801.600,252,0,0,0.9985,0.0014,0.0000,0.0001,0.0000,0.0000,0.0000,0.011743,0.000335,0.000000,0.000000,0.000000,0.000000,0.000000,-0.011887,0.048982,-0.001752,0.000000,-0.008313,0.000594,0.000007,0.000000,0.037951,0.053382,0.000000,0.000000,-0.025946,-0.005236,0.003159,0.000000,-0.012253,-0.003491,0.000332,0.000000,0.000530,0.000000
1771552801.700,255,0,0,0.9985,0.0014,0.0000,0.0001,0.0000,0.0000,0.0000,0.011743,0.000307,0.000000,0.000000,0.000000,0.000000,0.000000,-0.011887,0.048982,-0.001752,0.000000,-0.008313,0.000594,0.000007,0.000000,0.037951,0.053382,0.000000,0.000000,-0.025946,-0.003491,0.003159,0.000000,-0.012253,-0.003491,-0.001413,0.000000,0.000530,0.000000
1771552801.800,258,0,0,0.9985,0.0014,0.0000,0.0001,0.0000,0.0000,0.0000,0.011743,0.000307,0.000000,0.000000,0.000000,0.000000,0.000000,-0.011887,0.048982,-0.001752,0.000000,-0.008313,0.000594,0.000007,0.000000,0.037951,0.053382,0.000000,0.000000,-0.025946,-0.003491,0.003159,0.000000,-0.012253,-0.003491,-0.001413,0.000000,0.000530,0.000000
1771552801.900,261,0,0,0.9985,0.0014,0.0000,0.0001,0.0000,0.0000,0.0000,0.011743,0.000307,0.000000,0.000000,0.000000,0.000000,0.000000,-0.011887,0.048982,-0.001752,0.000000,-0.008313,0.000594,0.000007,0.000000,0.037951,0.053382,0.000000,0.000000,-0.025946,-0.003491,0.003159,0.000000,-0.012253,-0.003491,-0.001413,0.000000,0.000530,0.000000
1771552802.000,264,0,0,0.9985,0.0014,0.0000,0.0001,0.0000,0.0000,0.0000,0.011743,0.000307,0.000000,0.000000,0.000000,0.000000,0.000000,-0.011887,0.048982,-0.001752,0.000000,-0.008313,0.000594,0.000007,0.000000,0.037951,0.053382,0.000000,0.000000,-0.025946,-0.003491,0.003159,0.000000,-0.012253,-0.003491,-0.001413,0.000000,0.000530,0.000000
1771552802.103,267,0,0,0.9985,0.0014,0.0000,0.0001,0.0000,0.0000,0.0000,0.011743,0.000453,0.000000,0.000000,0.000000,0.000000,0.000000,-0.011887,0.048982,-0.001752,0.000000,-0.008313,0.000594,0.000007,0.000000,0.037951,0.053382,0.000000,0.000000,-0.025946,-0.001745,0.004904,0.000000,-0.012253,-0.005236,-0.001413,0.000000,0.000530,0.000000
1771552802.203,270,0,0,0.9985,0.0014,0.0000,0.0001,0.0000,0.0000,0.0000,0.011888,0.000307,0.000000,0.000000,0.000000,0.000000,0.000000,-0.011887,0.048982,-0.001752,0.000000,-0.008313,0.000594,0.000007,0.000000,0.039696,0.053382,0.000000,0.000000,-0.025946,-0.003491,0.003159,0.000000,-0.012253,-0.003491,-0.001413,0.000000,0.000530,0.000000
1771552802.304,273,0,0,0.9985,0.0014,0.0000,0.0001,0.0000,0.0000,0.0000,0.011743,0.000307,0.000000,0.000000,0.000000,0.000000,0.000000,-0.011887,0.048982,-0.001752,0.000000,-0.008313,0.000594,0.000007,0.000000,0.037951,0.053382,0.000000,0.000000,-0.025946,-0.005236,0.003159,0.000000,-0.012253,-0.005236,-0.001413,0.000000,0.000530,0.000000
1771552802.404,276,0,0,0.9985,0.0014,0.0000,0.0001,0.0000,0.0000,0.0000,0.011888,0.000307,0.000000,0.000000,0.000000,0.000000,0.000000,-0.011887,0.048982,-0.001752,0.000000,-0.008313,0.000594,0.000007,0.000000,0.039696,0.053382,0.000000,0.000000,-0.025946,-0.003491,0.003159,0.000000,-0.012253,-0.003491,-0.001413,0.000000,0.000530,0.000000
1771552802.504,279,0,0,0.9985,0.0014,0.0000,0.0001,0.0000,0.0000,0.0000,0.011743,0.000335,0.000000,0.000000,0.000000,0.000000,0.000000,-0.011887,0.048982,-0.001752,0.000000,-0.008313,0.000594,0.000007,0.000000,0.037951,0.053382,0.000000,0.000000,-0.025946,-0.001745,0.003159,0.000000,-0.012253,-0.003491,0.000332,0.000000,0.000530,0.000000
1771552802.604,282,0,0,0.9985,0.0014,0.0000,0.0001,0.0000,0.0000,0.0000,0.011743,0.000335,0.000000,0.000000,0.000000,0.000000,0.000000,-0.011887,0.048982,-0.001752,0.000000,-0.008313,0.000594,0.000007,0.000000,0.037951,0.053382,0.000000,0.000000,-0.025946,-0.003491,0.003159,0.000000,-0.012253,-0.003491,0.000332,0.000000,0.000530,0.000000
1771552802.703,285,0,0,0.9985,0.0014,0.0000,0.0001,0.0000,0.0000,0.0000,0.011888,0.000335,0.000000,0.000000,0.000000,0.000000,0.000000,-0.011887,0.048982,-0.001752,0.000000,-0.008313,0.000594,0.000007,0.000000,0.039696,0.053382,0.000000,0.000000,-0.025946,-0.003491,0.003159,0.000000,-0.012253,-0.003491,0.000332,0.000000,0.000530,0.000000
1771552802.804,288,0,0,0.9985,0.0014,0.0000,0.0001,0.0000,0.0000,0.0000,0.011743,0.000335,0.000000,0.000000,0.000000,0.000000,0.000000,-0.011887,0.048982,-0.001752,0.000000,-0.008313,0.000594,0.000007,0.000000,0.037951,0.053382,0.000000,0.000000,-0.025946,-0.003491,0.003159,0.000000,-0.012253,-0.003491,0.000332,0.000000,0.000530,0.000000
1771552802.904,291,0,0,0.9985,0.0014,0.0000,0.0001,0.0000,0.0000,0.0000,0.011888,0.000335,0.000000,0.000000,0.000000,0.000000,0.000000,-0.011887,0.048982,-0.001752,0.000000,-0.008313,0.000594,0.000007,0.000000,0.039696,0.053382,0.000000,0.000000,-0.025946,-0.003491,0.003159,0.000000,-0.012253,-0.003491,0.000332,0.000000,0.000530,0.000000
1771552803.004,294,0,0,0.9985,0.0014,0.0000,0.0001,0.0000,0.0000,0.0000,0.011888,0.000335,0.000000,0.000000,0.000000,0.000000,0.000000,-0.011887,0.048982,-0.001752,0.000000,-0.008313,0.000594,0.000007,0.000000,0.039696,0.053382,0.000000,0.000000,-0.025946,-0.005236,0.003159,0.000000,-0.012253,-0.003491,0.000332,0.000000,0.000530,0.000000
1771552803.105,297,0,0,0.9985,0.0014,0.0000,0.0001,0.0000,0.0000,0.0000,0.011743,0.000335,0.000000,0.000000,0.000000,0.000000,0.000000,-0.011887,0.048982,-0.001752,0.000000,-0.008313,0.000594,0.000007,0.000000,0.037951,0.053382,0.000000,0.000000,-0.025946,-0.003491,0.003159,0.000000,-0.012253,-0.003491,0.000332,0.000000,0.000530,0.000000
1771552803.206,300,0,0,0.9985,0.0014,0.0000,0.0001,0.0000,0.0000,0.0000,0.011888,0.000335,0.000000,0.000000,0.000000,0.000000,0.000000,-0.011887,0.048982,-0.001752,0.000000,-0.008313,0.000594,0.001752,0.000000,0.037951,0.053382,0.000000,0.000000,-0.025946,-0.003491,0.003159,0.000000,-0.012253,-0.003491,0.000332,0.000000,0.000530,0.000000
1771552803.306,303,0,0,0.9985,0.0014,0.0000,0.0001,0.0000,0.0000,0.0000,0.011888,0.000335,0.000000,0.000000,0.000000,0.000000,0.000000,-0.011887,0.048982,-0.001752,0.000000,-0.008313,0.000594,0.000007,0.000000,0.039696,0.053382,0.000000,0.000000,-0.025946,-0.003491,0.003159,0.000000,-0.012253,-0.003491,0.000332,0.000000,0.000530,0.000000
1771552803.406,306,0,0,0.9985,0.0014,0.0000,0.0001,0.0000,0.0000,0.0000,0.011888,0.000335,0.000000,0.000000,0.000000,0.000000,0.000000,-0.011887,0.048982,-0.001752,0.000000,-0.008313,0.000594,0.000007,0.000000,0.039696,0.053382,0.000000,0.000000,-0.025946,-0.003491,0.003159,0.000000,-0.012253,-0.003491,0.000332,0.000000,0.000530,0.000000
1771552803.506,309,0,0,0.9985,0.0014,0.0000,0.0001,0.0000,0.0000,0.0000,0.011743,0.000335,0.000000,0.000000,0.000000,0.000000,0.000000,-0.011887,0.048982,-0.001752,0.000000,-0.008313,0.000594,0.000007,0.000000,0.037951,0.053382,0.000000,0.000000,-0.025946,-0.003491,0.003159,0.000000,-0.012253,-0.003491,0.000332,0.000000,0.000530,0.000000
1771552803.606,312,0,0,0.9985,0.0014,0.0000,0.0001,0.0000,0.0000,0.0000,0.011888,0.000335,0.000000,0.000000,0.000000,0.000000,0.000000,-0.011887,0.048982,-0.001752,0.000000,-0.008313,0.000594,0.000007,0.000000,0.039696,0.053382,0.000000,0.000000,-0.025946,-0.003491,0.003159,0.000000,-0.012253,-0.003491,0.000332,0.000000,0.000530,0.000000
1771552803.706,315,0,0,0.9985,0.0014,0.0000,0.0001,0.0000,0.0000,0.0000,0.011888,0.000335,0.000000,0.000000,0.000000,0.000000,0.000000,-0.011887,0.048982,-0.001752,0.000000,-0.008313,0.000594,0.000007,0.000000,0.039696,0.053382,0.000000,0.000000,-0.025946,-0.003491,0.003159,0.000000,-0.012253,-0.003491,0.000332,0.000000,0.000530,0.000000
1771552803.806,318,0,0,0.9985,0.0014,0.0000,0.0001,0.0000,0.0000,0.0000,0.011888,0.000335,0.000000,0.000000,0.000000,0.000000,0.000000,-0.011887,0.048982,-0.001752,0.000000,-0.008313,0.000594,0.000007,0.000000,0.039696,0.053382,0.000000,0.000000,-0.025946,-0.005236,0.003159,0.000000,-0.012253,-0.003491,0.000332,0.000000,0.000530,0.000000
1771552803.907,321,0,0,0.9985,0.0014,0.0000,0.0001,0.0000,0.0000,0.0000,0.011888,0.000335,0.000000,0.000000,0.000000,0.000000,0.000000,-0.011887,0.048982,-0.001752,0.000000,-0.008313,0.000594,0.000007,0.000000,0.039696,0.053382,0.000000,0.000000,-0.025946,-0.005236,0.003159,0.000000,-0.012253,-0.003491,0.000332,0.000000,0.000530,0.000000
1771552804.007,324,0,0,0.9985,0.0014,0.0000,0.0001,0.0000,0.0000,0.0000,0.011888,0.000335,0.000000,0.000000,0.000000,0.000000,0.000000,-0.011887,0.048982,-0.001752,0.000000,-0.008313,0.000594,0.000007,0.000000,0.039696,0.053382,0.000000,0.000000,-0.025946,-0.005236,0.003159,0.000000,-0.012253,-0.003491,0.000332,0.000000,0.000530,0.000000
1771552804.107,327,0,0,0.9985,0.0014,0.0000,0.0001,0.0000,0.0000,0.0000,0.011888,0.000335,0.000000,0.000000,0.000000,0.000000,0.000000,-0.011887,0.048982,-0.001752,0.000000,-0.008313,0.000594,0.000007,0.000000,0.039696,0.053382,0.000000,0.000000,-0.025946,-0.005236,0.003159,0.000000,-0.012253,-0.003491,0.000332,0.000000,0.000530,0.000000
1771552804.208,330,0,0,0.9985,0.0014,0.0000,0.0001,0.0000,0.0000,0.0000,0.011888,0.000335,0.000000,0.000000,0.000000,0.000000,0.000000,-0.011887,0.048982,-0.001752,0.000000,-0.008313,0.000594,0.000007,0.000000,0.039696,0.053382,0.000000,0.000000,-0.025946,-0.005236,0.003159,0.000000,-0.012253,-0.003491,0.000332,0.000000,0.000530,0.000000
1771552804.308,333,0,0,0.9985,0.0014,0.0000,0.0001,0.0000,0.0000,0.0000,0.011888,0.000335,0.000000,0.000000,0.000000,0.000000,0.000000,-0.011887,0.048982,-0.001752,0.000000,-0.008313,0.000594,0.000007,0.000000,0.039696,0.053382,0.000000,0.000000,-0.025946,-0.005236,0.003159,0.000000,-0.012253,-0.003491,0.000332,0.000000,0.000530,0.000000
1771552804.408,336,0,0,0.9985,0.0014,0.0000,0.0001,0.0000,0.0000,0.0000,0.011888,0.000335,0.000000,0.000000,0.000000,0.000000,0.000000,-0.011887,0.048982,-0.001752,0.000000,-0.008313,0.000594,0.000007,0.000000,0.039696,0.053382,0.000000,0.000000,-0.025946,-0.005236,0.003159,0.000000,-0.012253,-0.003491,0.000332,0.000000,0.000530,0.000000
1771552804.508,339,0,0,0.9985,0.0014,0.0000,0.0001,0.0000,0.0000,0.0000,0.011888,0.000335,0.000000,0.000000,0.000000,0.000000,0.000000,-0.011887,0.048982,-0.001752,0.000000,-0.008313,0.000594,0.000007,0.000000,0.039696,0.053382,0.000000,0.000000,-0.025946,-0.006981,0.003159,0.000000,-0.012253,-0.003491,0.000332,0.000000,0.000530,0.000000
1771552804.608,342,0,0,0.9985,0.0014,0.0000,0.0001,0.0000,0.0000,0.0000,0.011743,0.000335,0.000000,0.000000,0.000000,0.000000,0.000000,-0.011887,0.048982,-0.001752,0.000000,-0.008313,0.000594,0.000007,0.000000,0.037951,0.053382,0.000000,0.000000,-0.025946,-0.005236,0.003159,0.000000,-0.012253,-0.003491,0.000332,0.000000,0.000530,0.000000
1771552804.709,345,0,0,0.9985,0.0014,0.0000,0.0001,0.0000,0.0000,0.0000,0.011888,0.000335,0.000000,0.000000,0.000000,0.000000,0.000000,-0.011887,0.048982,-0.001752,0.000000,-0.008313,0.000594,0.000007,0.000000,0.039696,0.053382,0.000000,0.000000,-0.025946,-0.005236,0.003159,0.000000,-0.012253,-0.003491,0.000332,0.000000,0.000530,0.000000
1771552804.809,348,0,0,0.9985,0.0014,0.0000,0.0001,0.0000,0.0000,0.0000,0.011888,0.000335,0.000000,0.000000,0.000000,0.000000,0.000000,-0.011887,0.048982,-0.001752,0.000000,-0.008313,0.000594,0.000007,0.000000,0.039696,0.053382,0.000000,0.000000,-0.025946,-0.005236,0.003159,0.000000,-0.012253,-0.003491,0.000332,0.000000,0.000530,0.000000
1771552804.909,351,0,0,0.9985,0.0014,0.0000,0.0001,0.0000,0.0000,0.0000,0.011743,0.000335,0.000000,0.000000,0.000000,0.000000,0.000000,-0.011887,0.048982,-0.001752,0.000000,-0.008313,0.000594,0.000007,0.000000,0.037951,0.053382,0.000000,0.000000,-0.025946,-0.005236,0.003159,0.000000,-0.012253,-0.003491,0.000332,0.000000,0.000530,0.000000
1771552805.009,354,0,0,0.9985,0.0014,0.0000,0.0001,0.0000,0.0000,0.0000,0.011743,0.000335,0.000000,0.000000,0.000000,0.000000,0.000000,-0.011887,0.048982,-0.001752,0.000000,-0.008313,0.000594,0.000007,0.000000,0.037951,0.053382,0.000000,0.000000,-0.025946,-0.005236,0.003159,0.000000,-0.012253,-0.005236,0.000332,0.000000,0.000530,0.000000
1771552805.109,357,0,0,0.9985,0.0014,0.0000,0.0001,0.0000,0.0000,0.0000,0.012034,0.000335,0.000000,0.000000,0.000000,0.000000,0.000000,-0.011887,0.048982,-0.001752,0.000000,-0.008313,0.000594,0.001752,0.000000,0.039696,0.053382,0.000000,0.000000,-0.025946,-0.005236,0.003159,0.000000,-0.012253,-0.003491,0.000332,0.000000,0.000530,0.000000
1771552805.209,360,0,0,0.9985,0.0014,0.0000,0.0001,0.0000,0.0000,0.0000,0.011888,0.000335,0.000000,0.000000,0.000000,0.000000,0.000000,-0.011887,0.048982,-0.001752,0.000000,-0.008313,0.000594,0.000007,0.000000,0.039696,0.053382,0.000000,0.000000,-0.025946,-0.005236,0.003159,0.000000,-0.012253,-0.003491,0.000332,0.000000,0.000530,0.000000
1771552805.310,363,0,0,0.9985,0.0014,0.0000,0.0001,0.0000,0.0000,0.0000,0.011743,0.000335,0.000000,0.000000,0.000000,0.000000,0.000000,-0.011887,0.048982,-0.001752,0.000000,-0.008313,0.000594,0.000007,0.000000,0.037951,0.053382,0.000000,0.000000,-0.025946,-0.005236,0.003159,0.000000,-0.012253,-0.003491,0.000332,0.000000,0.000530,0.000000
1771552805.410,366,0,0,0.9985,0.0014,0.0000,0.0001,0.0000,0.0000,0.0000,0.011743,0.000480,0.000000,0.000000,0.000000,0.000000,0.000000,-0.011887,0.048982,-0.001752,0.000000,-0.008313,0.000594,0.000007,0.000000,0.037951,0.053382,0.000000,0.000000,-0.025946,-0.005236,0.003159,0.000000,-0.012253,-0.003491,0.000332,0.001745,0.000530,0.000000
1771552805.511,369,0,0,0.9985,0.0014,0.0000,0.0001,0.0000,0.0000,0.0000,0.011743,0.000335,0.000000,0.000000,0.000000,0.000000,0.000000,-0.011887,0.048982,-0.001752,0.000000,-0.008313,0.000594,0.000007,0.000000,0.037951,0.053382,0.000000,0.000000,-0.025946,-0.005236,0.003159,0.000000,-0.012253,-0.003491,0.000332,0.000000,0.000530,0.000000
1771552805.611,372,0,0,0.9985,0.0014,0.0000,0.0001,0.0000,0.0000,0.0000,0.011888,0.000335,0.000000,0.000000,0.000000,0.000000,0.000000,-0.011887,0.048982,-0.001752,0.000000,-0.008313,0.000594,0.000007,0.000000,0.039696,0.053382,0.000000,0.000000,-0.025946,-0.003491,0.003159,0.000000,-0.012253,-0.003491,0.000332,0.000000,0.000530,0.000000
1771552805.711,375,0,0,0.9985,0.0014,0.0000,0.0001,0.0000,0.0000,0.0000,0.011888,0.000335,0.000000,0.000000,0.000000,0.000000,0.000000,-0.011887,0.048982,-0.001752,0.000000,-0.008313,0.000594,0.000007,0.000000,0.039696,0.053382,0.000000,0.000000,-0.025946,-0.003491,0.003159,0.000000,-0.012253,-0.003491,0.000332,0.000000,0.000530,0.000000
1771552805.812,378,0,0,0.9985,0.0014,0.0000,0.0001,0.0000,0.0000,0.0000,0.011743,0.000335,0.000000,0.000000,0.000000,0.000000,0.000000,-0.011887,0.048982,-0.001752,0.000000,-0.008313,0.000594,0.000007,0.000000,0.037951,0.053382,0.000000,0.000000,-0.025946,-0.003491,0.003159,0.000000,-0.012253,-0.003491,0.000332,0.000000,0.000530,0.000000
1771552805.912,381,0,0,0.9985,0.0014,0.0000,0.0001,0.0000,0.0000,0.0000,0.011888,0.000335,0.000000,0.000000,0.000000,0.000000,0.000000,-0.011887,0.048982,-0.001752,0.000000,-0.008313,0.000594,0.000007,0.000000,0.039696,0.053382,0.000000,0.000000,-0.025946,-0.003491,0.003159,0.000000,-0.012253,-0.003491,0.000332,0.000000,0.000530,0.000000
1771552806.013,384,0,0,0.9985,0.0014,0.0000,0.0001,0.0000,0.0000,0.0000,0.011743,0.000480,0.000000,0.000000,0.000000,0.000000,0.000000,-0.011887,0.048982,-0.001752,0.000000,-0.008313,0.000594,0.000007,0.000000,0.037951,0.053382,0.000000,0.000000,-0.025946,-0.005236,0.004904,0.000000,-0.012253,-0.003491,0.000332,0.000000,0.000530,0.000000
1771552806.113,387,0,0,0.9985,0.0014,0.0000,0.0001,0.0000,0.0000,0.0000,0.011743,0.000335,0.000000,0.000000,0.000000,0.000000,0.000000,-0.011887,0.048982,-0.001752,0.000000,-0.008313,0.000594,0.000007,0.000000,0.037951,0.053382,0.000000,0.000000,-0.025946,-0.003491,0.003159,0.000000,-0.012253,-0.003491,0.000332,0.000000,0.000530,0.000000
1771552806.213,390,0,0,0.9985,0.0014,0.0000,0.0001,0.0000,0.0000,0.0000,0.011743,0.000335,0.000000,0.000000,0.000000,0.000000,0.000000,-0.011887,0.048982,-0.001752,0.000000,-0.008313,0.000594,0.000007,0.000000,0.037951,0.053382,0.000000,0.000000,-0.025946,-0.003491,0.003159,0.000000,-0.012253,-0.003491,0.000332,0.000000,0.000530,0.000000
1771552806.313,393,0,0,0.9985,0.0014,0.0000,0.0001,0.0000,0.0000,0.0000,0.011743,0.000335,0.000000,0.000000,0.000000,0.000000,0.000000,-0.011887,0.048982,-0.001752,0.000000,-0.008313,0.000594,0.000007,0.000000,0.037951,0.053382,0.000000,0.000000,-0.025946,-0.003491,0.003159,0.000000,-0.012253,-0.003491,0.000332,0.000000,0.000530,0.000000
1771552806.413,396,0,0,0.9985,0.0014,0.0000,0.0001,0.0000,0.0000,0.0000,0.011743,0.000335,0.000000,0.000000,0.000000,0.000000,0.000000,-0.011887,0.048982,-0.001752,0.000000,-0.008313,0.000594,0.000007,0.000000,0.037951,0.053382,0.000000,0.000000,-0.025946,-0.003491,0.003159,0.000000,-0.012253,-0.003491,0.000332,0.000000,0.000530,0.000000
1771552806.514,399,0,0,0.9985,0.0014,0.0000,0.0001,0.0000,0.0000,0.0000,0.011888,0.000335,0.000000,0.000000,0.000000,0.000000,0.000000,-0.011887,0.048982,-0.001752,0.000000,-0.008313,0.000594,0.000007,0.000000,0.039696,0.053382,0.000000,0.000000,-0.025946,-0.003491,0.003159,0.000000,-0.012253,-0.003491,0.000332,0.000000,0.000530,0.000000
1771552806.614,402,0,0,0.9985,0.0014,0.0000,0.0001,0.0000,0.0000,0.0000,0.011888,0.000335,0.000000,0.000000,0.000000,0.000000,0.000000,-0.011887,0.048982,-0.001752,0.000000,-0.008313,0.000594,0.000007,0.000000,0.039696,0.053382,0.000000,0.000000,-0.025946,-0.003491,0.003159,0.000000,-0.012253,-0.003491,0.000332,0.000000,0.000530,0.000000
1771552806.715,405,0,0,0.9985,0.0014,0.0000,0.0001,0.0000,0.0000,0.0000,0.011888,0.000335,0.000000,0.000000,0.000000,0.000000,0.000000,-0.011887,0.048982,-0.001752,0.000000,-0.008313,0.000594,0.000007,0.000000,0.039696,0.053382,0.000000,0.000000,-0.025946,-0.003491,0.003159,0.000000,-0.012253,-0.003491,0.000332,0.000000,0.000530,0.000000
1771552806.817,408,0,0,0.9985,0.0014,0.0000,0.0001,0.0000,0.0000,0.0000,0.011888,0.000335,0.000000,0.000000,0.000000,0.000000,0.000000,-0.011887,0.048982,-0.001752,0.000000,-0.008313,0.000594,0.000007,0.000000,0.039696,0.053382,0.000000,0.000000,-0.025946,-0.003491,0.003159,0.000000,-0.012253,-0.003491,0.000332,0.000000,0.000530,0.000000
1771552806.916,411,0,0,0.9985,0.0014,0.0000,0.0001,0.0000,0.0000,0.0000,0.011888,0.000480,0.000000,0.000000,0.000000,0.000000,0.000000,-0.011887,0.048982,-0.001752,0.000000,-0.008313,0.000594,0.000007,0.000000,0.039696,0.053382,0.000000,0.000000,-0.025946,-0.003491,0.003159,0.001745,-0.012253,-0.003491,0.000332,0.000000,0.000530,0.000000
1771552807.016,414,0,0,0.9985,0.0014,0.0000,0.0001,0.0000,0.0000,0.0000,0.011888,0.000335,0.000000,0.000000,0.000000,0.000000,0.000000,-0.011887,0.048982,-0.001752,0.000000,-0.008313,0.000594,0.000007,0.000000,0.039696,0.053382,0.000000,0.000000,-0.025946,-0.001745,0.003159,0.000000,-0.012253,-0.003491,0.000332,0.000000,0.000530,0.000000
1771552807.116,417,0,0,0.9985,0.0014,0.0000,0.0001,0.0000,0.0000,0.0000,0.011888,0.000480,0.000000,0.000000,0.000000,0.000000,0.000000,-0.011887,0.048982,-0.001752,0.000000,-0.008313,0.000594,0.000007,0.000000,0.039696,0.053382,0.000000,0.000000,-0.025946,-0.003491,0.004904,0.000000,-0.012253,-0.003491,0.000332,0.000000,0.000530,0.000000
1771552807.216,420,0,0,0.9985,0.0014,0.0000,0.0001,0.0000,0.0000,0.0000,0.011743,0.000335,0.000000,0.000000,0.000000,0.000000,0.000000,-0.011887,0.048982,-0.001752,0.000000,-0.008313,0.000594,0.000007,0.000000,0.037951,0.053382,0.000000,0.000000,-0.025946,-0.005236,0.003159,0.000000,-0.012253,-0.003491,0.000332,0.000000,0.000530,0.000000
1771552807.318,423,0,0,0.9985,0.0014,0.0000,0.0001,0.0000,0.0000,0.0000,0.011743,0.000335,0.000000,0.000000,0.000000,0.000000,0.000000,-0.011887,0.048982,-0.001752,0.000000,-0.008313,0.000594,0.000007,0.000000,0.037951,0.053382,0.000000,0.000000,-0.025946,-0.003491,0.003159,0.000000,-0.012253,-0.003491,0.000332,0.000000,0.000530,0.000000
1771552807.419,426,0,0,0.9985,0.0014,0.0000,0.0001,0.0000,0.0000,0.0000,0.011888,0.000307,0.000000,0.000000,0.000000,0.000000,0.000000,-0.011887,0.048982,-0.001752,0.000000,-0.008313,0.000594,0.000007,0.000000,0.039696,0.053382,0.000000,0.000000,-0.025946,-0.005236,0.003159,0.000000,-0.012253,-0.003491,-0.001413,0.000000,0.000530,0.000000
1771552807.520,429,0,0,0.9985,0.0014,0.0000,0.0001,0.0000,0.0000,0.0000,0.011888,0.000335,0.000000,0.000000,0.000000,0.000000,0.000000,-0.011887,0.048982,-0.001752,0.000000,-0.008313,0.000594,0.000007,0.000000,0.039696,0.053382,0.000000,0.000000,-0.025946,-0.003491,0.003159,0.000000,-0.012253,-0.003491,0.000332,0.000000,0.000530,0.000000
1771552807.621,432,0,0,0.9985,0.0014,0.0000,0.0001,0.0000,0.0000,0.0000,0.011888,0.000335,0.000000,0.000000,0.000000,0.000000,0.000000,-0.011887,0.048982,-0.001752,0.000000,-0.008313,0.000594,0.000007,0.000000,0.039696,0.053382,0.000000,0.000000,-0.025946,-0.003491,0.003159,0.000000,-0.012253,-0.003491,0.000332,0.000000,0.000530,0.000000
1771552807.721,435,0,0,0.9985,0.0014,0.0000,0.0001,0.0000,0.0000,0.0000,0.011743,0.000335,0.000000,0.000000,0.000000,0.000000,0.000000,-0.011887,0.048982,-0.001752,0.000000,-0.008313,0.000594,0.000007,0.000000,0.037951,0.053382,0.000000,0.000000,-0.025946,-0.005236,0.003159,0.000000,-0.012253,-0.003491,0.000332,0.000000,0.000530,0.000000
1771552807.820,438,0,0,0.9985,0.0014,0.0000,0.0001,0.0000,0.0000,0.0000,0.011888,0.000335,0.000000,0.000000,0.000000,0.000000,0.000000,-0.011887,0.048982,-0.001752,0.000000,-0.008313,0.000594,0.000007,0.000000,0.039696,0.053382,0.000000,0.000000,-0.025946,-0.003491,0.003159,0.000000,-0.012253,-0.003491,0.000332,0.000000,0.000530,0.000000
1771552807.921,441,0,0,0.9985,0.0014,0.0000,0.0001,0.0000,0.0000,0.0000,0.011888,0.000335,0.000000,0.000000,0.000000,0.000000,0.000000,-0.011887,0.048982,-0.001752,0.000000,-0.008313,0.000594,0.000007,0.000000,0.039696,0.053382,0.000000,0.000000,-0.025946,-0.005236,0.003159,0.000000,-0.012253,-0.003491,0.000332,0.000000,0.000530,0.000000
1771552808.021,444,0,0,0.9985,0.0014,0.0000,0.0001,0.0000,0.0000,0.0000,0.011743,0.000335,0.000000,0.000000,0.000000,0.000000,0.000000,-0.011887,0.048982,-0.001752,0.000000,-0.008313,0.000594,0.000007,0.000000,0.037951,0.053382,0.000000,0.000000,-0.025946,-0.003491,0.003159,0.000000,-0.012253,-0.003491,0.000332,0.000000,0.000530,0.000000
1771552808.121,447,0,0,0.9985,0.0014,0.0000,0.0001,0.0000,0.0000,0.0000,0.012034,0.000335,0.000000,0.000000,0.000000,0.000000,0.000000,-0.011887,0.048982,-0.001752,0.000000,-0.008313,0.000594,0.001752,0.000000,0.039696,0.053382,0.000000,0.000000,-0.025946,-0.001745,0.003159,0.000000,-0.012253,-0.003491,0.000332,0.000000,0.000530,0.000000
1771552808.222,450,0,0,0.9985,0.0014,0.0000,0.0001,0.0000,0.0000,0.0000,0.011888,0.000335,0.000000,0.000000,0.000000,0.000000,0.000000,-0.011887,0.048982,-0.001752,0.000000,-0.008313,0.000594,0.000007,0.000000,0.039696,0.053382,0.000000,0.000000,-0.025946,-0.003491,0.003159,0.000000,-0.012253,-0.003491,0.000332,0.000000,0.000530,0.000000
1771552808.323,453,0,0,0.9985,0.0014,0.0000,0.0001,0.0000,0.0000,0.0000,0.011742,0.000335,0.000000,0.000000,0.000000,0.000000,0.000000,-0.011887,0.048982,-0.001752,0.000000,-0.008313,0.000594,-0.001738,0.000000,0.037951,0.053382,0.000000,0.000000,-0.025946,-0.003491,0.003159,0.000000,-0.012253,-0.003491,0.000332,0.000000,0.000530,0.000000
1771552808.422,456,0,0,0.9985,0.0014,0.0000,0.0001,0.0000,0.0000,0.0000,0.011888,0.000335,0.000000,0.000000,0.000000,0.000000,0.000000,-0.011887,0.048982,-0.003498,0.000000,-0.008313,0.000594,0.000007,0.000000,0.039696,0.053382,0.000000,0.000000,-0.025946,-0.003491,0.003159,0.000000,-0.012253,-0.003491,0.000332,0.000000,0.000530,0.000000
1771552808.550,459,0,0,0.9956,0.0041,0.0000,0.0001,0.0000,0.0000,0.0002,0.011888,0.109373,0.000000,0.000000,0.000000,0.000000,0.000000,-0.011887,0.048982,-0.001752,0.000000,-0.008313,0.000594,0.000007,0.000000,0.039696,0.053382,0.000000,0.000000,-0.302450,0.430576,-0.406654,0.001745,-0.223124,0.220023,0.410144,0.000000,-0.868056,0.249989
1771552808.633,462,0,0,0.6297,0.3444,0.0097,0.0009,0.0003,0.0002,0.0148,0.015849,0.065754,0.000000,0.000000,0.000000,0.000000,0.000000,-0.275402,-0.293128,0.184948,0.005236,-0.211460,-0.130404,-0.184948,0.000000,-1.353621,-0.902901,0.000000,0.000000,-0.194915,0.260779,-0.235903,0.000000,-0.152766,0.128072,0.234158,0.003491,-0.640691,0.162547
1771552808.734,465,1,1,0.0010,0.9774,0.0168,0.0001,0.0000,0.0001,0.0046,0.011825,0.051993,0.000000,0.000000,0.000000,0.000000,0.000000,0.007837,-0.141799,0.132313,-0.003491,-0.025596,-0.100921,-0.130568,0.001745,-0.798989,-0.459961,0.000000,0.000000,-0.162027,0.287567,-0.132764,0.000000,-0.105310,0.086147,0.134510,0.001745,-0.387436,0.113944
1771552808.836,468,1,1,0.0000,0.9785,0.0186,0.0000,0.0000,0.0000,0.0028,0.072042,0.074928,0.000000,0.000000,0.000000,0.000000,0.000000,0.245473,0.122293,0.194226,-0.001745,0.302506,-0.003230,-0.192481,0.000000,-0.206100,-0.122416,0.000000,0.000000,0.089889,0.304677,-0.046114,0.000000,0.155862,0.155017,0.046114,0.001745,-0.077752,0.145835
1771552808.940,471,1,1,0.0000,0.8376,0.1604,0.0003,0.0000,0.0000,0.0016,0.139351,0.058876,0.000000,0.000000,0.000000,0.000000,0.000000,0.434711,0.082318,0.178906,0.001745,0.592555,0.245235,-0.173670,0.000000,0.071089,0.065647,0.000000,0.000000,0.172752,0.181693,0.019752,0.000000,0.113182,0.098672,-0.019752,0.001745,-0.032147,0.118712
1771552809.039,474,2,1,0.0000,0.3575,0.6397,0.0016,0.0000,0.0001,0.0010,0.112865,0.057264,0.000000,0.000000,0.000000,0.000000,0.000000,0.187650,0.119148,0.095909,0.005236,0.517099,0.226464,-0.090673,0.000000,0.100121,0.102752,0.000000,0.000000,0.227531,0.129656,0.124534,0.000000,0.054812,0.057806,-0.119298,0.000000,-0.014116,0.092829
1771552809.134,477,2,2,0.0000,0.0617,0.9378,0.0003,0.0000,0.0001,0.0001,0.019602,0.050136,0.000000,0.000000,0.000000,0.000000,0.001745,0.143844,0.053772,0.035858,0.000000,-0.189460,-0.004403,-0.027132,0.000000,-0.125633,-0.010663,0.000000,0.000000,0.159663,0.098145,0.082886,0.000000,0.119094,0.044645,-0.079395,0.000000,0.017270,0.079925
1771552809.235,480,2,2,0.0000,0.0344,0.9654,0.0000,0.0000,0.0001,0.0000,0.014392,0.034189,0.000000,0.000000,0.000000,0.000000,0.000000,0.120819,-0.024194,-0.043162,0.000000,-0.523833,-0.226519,0.051889,0.000000,-0.430457,-0.305113,0.000000,0.000000,0.112715,0.078267,0.062113,0.000000,0.060095,0.029439,-0.055131,0.000000,-0.011430,0.067635
1771552809.337,483,2,2,0.0000,0.1284,0.8709,0.0001,0.0000,0.0005,0.0001,0.004522,0.016591,0.000000,0.000000,0.000000,0.000000,0.000000,-0.102547,-0.070170,-0.042046,0.000000,-0.417065,-0.130476,0.054263,0.000000,-0.487937,-0.257512,0.000000,0.000000,-0.237601,0.068215,-0.054418,0.000000,-0.123406,0.021392,0.066635,0.000000,-0.258974,0.042851
1771552809.440,486,1,1,0.0000,0.7879,0.2112,0.0003,0.0000,0.0005,0.0001,0.003146,0.018916,0.000000,0.000000,0.000000,0.000000,0.000000,-0.156741,-0.177404,-0.027279,0.000000,-0.336296,-0.068796,0.037751,0.000000,-0.442838,-0.284529,0.000000,0.000000,-0.501222,-0.078213,-0.198896,0.000000,-0.191344,0.015883,0.211113,0.000000,-0.397347,-0.071748
1771552809.537,489,1,1,0.0000,0.9971,0.0028,0.0001,0.0000,0.0000,0.0000,0.004817,0.011472,0.000000,0.000000,0.000000,0.000000,0.000000,-0.011797,-0.149706,-0.050823,0.000000,-0.249074,-0.045408,0.057804,0.000000,-0.298866,-0.191583,0.000000,0.000000,-0.361339,-0.135428,-0.127195,0.000000,-0.420757,-0.186385,0.137667,0.000000,-0.412920,-0.150064
1771552809.637,492,1,1,0.0000,0.9971,0.0027,0.0000,0.0000,0.0000,0.0002,0.003814,0.162323,0.000000,0.000000,0.000000,0.000000,0.000000,0.033556,-0.096964,0.000365,0.000000,-0.164998,-0.035694,0.011852,0.000000,-0.123616,-0.090421,0.000000,0.000000,0.481118,0.590024,0.064924,0.000000,0.164824,-0.012445,-0.057943,0.001745,0.416586,0.228660
1771552809.737,495,1,1,0.0000,0.9618,0.0378,0.0000,0.0000,0.0001,0.0004,0.017184,0.058768,0.000000,0.000000,0.000000,0.000000,0.000000,0.001226,-0.069832,0.045670,0.000000,-0.117564,-0.038146,-0.036943,0.000000,0.080038,0.079275,0.000000,0.000000,0.199717,0.157435,0.112698,0.000000,0.009251,0.009225,-0.105717,0.000000,0.091625,0.125269
1771552809.840,498,1,1,0.0000,0.8515,0.1483,0.0000,0.0000,0.0001,0.0001,0.014877,0.051642,0.000000,0.000000,0.000000,0.000000,0.000000,0.010494,-0.056729,0.033317,0.000000,-0.058470,-0.045157,-0.024591,0.000000,0.064231,0.070479,0.000000,0.000000,0.297187,0.098253,0.041727,0.000000,-0.102658,-0.041259,-0.034746,0.000000,0.073421,0.109110
1771552809.942,501,1,1,0.0000,0.9880,0.0119,0.0000,0.0000,0.0000,0.0000,0.004941,0.015120,0.000000,0.000000,0.000000,0.000000,0.000000,-0.001921,-0.050626,0.030828,0.000000,-0.070525,-0.041010,-0.018610,0.000000,0.000942,0.027520,0.000000,0.000000,-0.015694,0.018932,0.085284,0.000000,-0.125321,-0.051979,-0.080048,0.001745,-0.033874,0.075479
1771552810.039,504,1,1,0.0000,0.9988,0.0012,0.0000,0.0000,0.0000,0.0000,0.002770,0.012979,0.000000,0.000000,0.000000,0.000000,0.000000,-0.004526,-0.050788,0.019731,0.000000,-0.075987,-0.037810,-0.005769,0.000000,-0.017623,0.013513,0.000000,0.000000,-0.396548,-0.156471,-0.122046,0.000000,0.018029,0.008692,0.129027,0.000000,-0.288045,-0.056520
1771552810.139,507,1,1,0.0000,0.9998,0.0002,0.0000,0.0000,0.0000,0.0000,0.000991,0.004606,0.000000,0.000000,0.000000,0.000000,0.000000,-0.003942,-0.049957,0.007693,0.000000,-0.088888,-0.035368,-0.004202,0.001745,-0.022291,0.002455,0.000000,0.000000,-0.574183,-0.249995,-0.050033,0.001745,-0.181554,-0.023345,0.053523,0.000000,-0.193681,-0.088971
1771552810.239,510,1,1,0.0000,0.9999,0.0000,0.0000,0.0000,0.0000,0.0000,0.044971,0.000907,0.000000,0.000000,0.000000,0.000000,0.000000,0.090066,0.008049,0.029530,0.000000,0.195702,-0.082466,-0.027784,0.000000,0.134014,0.082292,0.000000,0.000000,-0.327790,-0.160147,-0.010885,0.000000,-0.130763,-0.053554,0.010885,0.000000,-0.111378,-0.065575
1771552810.340,513,1,1,0.0000,0.9999,0.0000,0.0000,0.0000,0.0000,0.0000,0.200637,0.213213,0.000000,0.000000,0.000000,0.000000,0.000000,-0.033404,0.192687,0.118668,0.000000,1.060188,0.339399,-0.113432,0.001745,0.491918,0.203043,0.000000,0.000000,-0.072243,0.203792,0.149416,0.000000,0.909458,0.607301,-0.142435,0.001745,0.413641,0.273206
1771552810.441,516,1,1,0.0000,0.9985,0.0007,0.0006,0.0000,0.0000,0.0001,0.146987,0.125533,0.000000,0.000000,0.000000,0.000000,0.000000,0.089990,0.170281,0.085704,0.000000,0.677816,0.188526,-0.078723,0.001745,0.344244,0.205531,0.000000,0.000000,0.101573,0.138049,0.000458,0.000000,0.488479,0.246971,0.008268,0.003491,0.305952,0.213154
1771552810.543,519,1,1,0.0000,0.9864,0.0021,0.0114,0.0000,0.0000,0.0001,0.091654,0.170770,0.000000,0.000000,0.000000,0.000000,0.000000,0.103476,0.139369,0.070151,0.000000,0.393491,0.110507,-0.063170,0.001745,0.175608,0.105496,0.000000,0.000000,0.264478,0.198609,-0.019051,0.000000,0.347680,0.135612,0.022542,0.000000,0.677183,0.403131
1771552810.648,522,1,1,0.0001,0.9677,0.0190,0.0129,0.0000,0.0001,0.0002,0.018669,0.128081,0.000000,0.000000,0.000000,0.000000,0.000000,0.054601,0.078817,-0.079927,0.000000,-0.403591,-0.251340,0.090399,0.000000,-0.163912,0.000213,0.000000,0.000000,0.103186,0.140033,-0.116323,0.000000,0.333497,0.203957,0.116323,0.000000,0.382447,0.257526
1771552810.751,525,1,1,0.0000,0.9609,0.0388,0.0002,0.0000,0.0000,0.0000,0.008049,0.015095,0.000000,0.000000,0.000000,0.000000,0.000000,-0.112676,-0.167435,-0.086111,-0.001745,-0.616636,-0.259573,0.096582,0.000000,-0.566795,-0.311283,0.000000,0.000000,-0.163218,-0.162968,0.181143,0.000000,-0.299242,-0.150825,-0.181143,0.000000,-0.372392,-0.180465
1771552810.856,528,1,1,0.0000,0.9984,0.0016,0.0000,0.0000,0.0000,0.0000,0.003738,0.001345,0.000000,0.000000,0.000000,0.000000,0.000000,-0.044350,-0.100873,-0.037880,-0.001745,-0.543734,-0.094657,0.044861,0.000000,-0.525231,-0.240393,0.000000,0.000000,-0.388688,-0.145983,0.014400,0.001745,-0.483992,-0.222608,-0.007418,-0.001745,-0.505786,-0.282220
1771552810.957,531,1,1,0.0000,0.9998,0.0002,0.0000,0.0000,0.0000,0.0000,0.003261,0.005191,0.000000,0.000000,0.000000,0.000000,0.000000,-0.107513,-0.067632,-0.032151,0.000000,-0.306625,-0.077414,0.039132,0.000000,-0.275927,-0.134343,0.000000,0.000000,-0.048280,-0.053427,0.060544,0.000000,-0.382044,-0.221700,-0.057054,0.001745,-0.303263,-0.179626
1771552811.066,534,1,1,0.0000,0.9984,0.0014,0.0000,0.0000,0.0000,0.0002,0.002409,0.152056,0.000000,0.000000,0.000000,0.000000,0.000000,-0.067816,-0.054547,-0.016687,0.000000,-0.202847,-0.056466,0.028904,0.000000,-0.174475,-0.071704,0.000000,0.000000,0.658248,0.240438,-0.050902,0.000000,0.175220,-0.060442,0.056138,0.001745,0.500521,0.192361
1771552811.168,537,1,1,0.0000,0.9743,0.0256,0.0000,0.0000,0.0000,0.0000,0.006901,0.091807,0.000403,0.000902,0.002039,0.000000,0.000000,-0.032391,-0.051063,0.013682,0.000000,-0.147945,-0.048135,-0.003210,0.000000,0.025593,0.043538,0.000000,0.000000,0.289194,0.159607,-0.037321,0.000000,0.192784,-0.013561,0.039067,0.001745,0.286709,0.132582
1771552811.267,540,1,1,0.0000,0.9969,0.0031,0.0000,0.0000,0.0000,0.0000,0.012105,0.025399,0.000568,0.001423,0.000986,0.000000,0.000000,0.040911,-0.047618,0.012214,0.000000,-0.109229,-0.043135,-0.003487,0.000000,0.039868,0.052266,0.000000,0.000000,0.155992,0.008059,0.113414,0.000000,-0.164948,-0.021002,-0.113414,0.001745,-0.224912,0.025580
1771552811.367,543,1,1,0.0000,0.9996,0.0004,0.0000,0.0000,0.0000,0.0000,0.001871,0.006816,0.000783,0.001984,0.005448,0.000000,0.000000,-0.011787,-0.076329,0.008219,0.000000,-0.097571,-0.039855,-0.004729,0.000000,-0.019838,0.014237,0.000000,0.000000,-0.491513,-0.149138,-0.074814,0.005236,-0.142653,-0.067454,0.076559,-0.003491,-0.325673,-0.181086
1771552811.466,546,1,1,0.0000,0.9998,0.0001,0.0000,0.0000,0.0000,0.0000,0.003936,0.000274,0.000431,0.001800,0.001262,0.000000,0.000000,-0.041533,-0.068299,-0.040250,0.000000,-0.095912,-0.036548,0.047232,0.000000,-0.084032,-0.040029,0.000000,0.000000,-0.607665,-0.141273,0.003284,0.000000,-0.477137,-0.201428,-0.005029,0.000000,-0.488442,-0.317933
1771552811.567,549,1,1,0.0000,0.9999,0.0001,0.0000,0.0000,0.0000,0.0000,0.014323,0.000354,0.000413,0.001076,0.000759,0.000000,0.000000,0.137786,-0.057071,-0.027110,0.000000,-0.087966,-0.035558,0.034092,0.000000,-0.079071,-0.041721,0.000000,0.000000,-0.472083,-0.166251,0.002499,0.000000,-0.363908,-0.140781,-0.005990,0.001745,-0.380538,-0.269486
1771552811.667,552,1,1,0.0000,0.9999,0.0000,0.0000,0.0000,0.0000,0.0000,0.014003,0.002859,0.000400,0.001071,0.002749,0.000000,0.000000,0.155783,-0.047659,-0.003529,0.000000,-0.084682,-0.035500,0.012256,0.000000,-0.069252,-0.039431,0.000000,0.000000,-0.337971,-0.156956,0.032568,0.000000,-0.322474,-0.074664,-0.027332,0.001745,-0.331491,-0.221307
1771552811.767,555,1,1,0.0000,0.9999,0.0000,0.0001,0.0000,0.0000,0.0000,0.023913,0.002997,0.000423,0.001034,0.000811,0.000000,0.000000,0.145166,-0.036617,0.009355,0.000000,-0.034329,-0.038176,-0.002373,-0.001745,0.132432,-0.019132,0.000000,0.000000,-0.259417,-0.134528,0.034217,0.001745,-0.237151,-0.052328,-0.027236,0.000000,-0.244977,-0.154561
1771552811.867,558,1,1,0.0000,0.9998,0.0000,0.0002,0.0000,0.0000,0.0000,0.191647,0.002207,0.000441,0.000612,0.000614,0.000000,0.000000,0.084180,0.151434,-0.047308,0.000000,0.646147,-0.016953,0.052544,0.001745,0.861250,0.502461,0.000000,0.000000,-0.162015,-0.119174,0.024736,0.001745,-0.166468,-0.043853,-0.012519,0.000000,-0.160416,-0.110993
1771552811.967,561,1,1,0.0000,0.9995,0.0000,0.0004,0.0000,0.0000,0.0000,0.118351,0.191485,0.004192,0.000866,0.008272,0.000000,0.000000,0.143148,0.208310,-0.002432,-0.005236,0.336209,-0.018874,0.002432,0.003491,0.519372,0.207252,0.000000,0.000000,0.082870,-0.060923,0.008910,0.003491,0.635352,0.299939,-0.003674,0.000000,0.709412,0.557852
1771552812.068,564,1,1,0.0001,0.9973,0.0007,0.0018,0.0000,0.0000,0.0001,0.062321,0.083108,0.001898,0.001784,0.001862,0.000000,0.000000,0.056754,0.116503,0.006399,-0.001745,0.132700,-0.010165,-0.004654,0.001745,0.281293,0.152458,0.000000,0.000000,0.114055,-0.009505,-0.005602,0.000000,0.237053,0.087786,0.007347,0.000000,0.313614,0.237442
1771552812.168,567,1,1,0.0000,0.9963,0.0034,0.0002,0.0000,0.0000,0.0000,0.011022,0.053216,0.000907,0.000763,0.001734,0.000000,0.000000,0.070655,-0.048455,0.061609,0.000000,-0.057452,-0.048234,-0.059863,0.000000,-0.508789,-0.385900,0.000000,0.000000,0.162811,0.049814,0.052248,0.000000,0.117251,0.046445,-0.045267,0.000000,0.084289,0.125737
1771552812.269,570,1,1,0.0000,0.9993,0.0007,0.0000,0.0000,0.0000,0.0000,0.002802,0.019292,0.001658,0.001633,0.001109,0.000000,0.000000,-0.153139,-0.001923,0.033622,0.000000,-0.169893,-0.077770,-0.031877,0.000000,-0.366808,-0.275631,0.000000,0.000000,0.167667,0.020701,0.043130,0.000000,-0.330445,-0.208971,-0.036149,0.000000,-0.380162,-0.255501
1771552812.373,573,1,1,0.0000,0.9997,0.0002,0.0000,0.0000,0.0000,0.0000,0.003397,0.008181,0.001311,0.002396,0.001855,0.000000,0.000000,-0.203950,-0.000787,0.040759,0.000000,-0.243263,-0.051464,-0.033778,0.000000,-0.308144,-0.137307,0.000000,0.000000,0.052321,-0.004779,-0.033639,0.000000,-0.281221,-0.128439,0.045856,0.000000,-0.413652,-0.312952
1771552812.472,576,1,1,0.0000,0.9999,0.0001,0.0000,0.0000,0.0000,0.0000,0.001368,0.004277,0.005648,0.008608,0.017336,0.000000,0.000000,-0.059625,-0.155403,-0.001996,-0.001745,-0.311609,0.002207,0.014213,0.000000,-0.362593,-0.158325,0.000000,0.000000,0.011665,-0.150666,-0.032673,0.000000,-0.225656,-0.071890,0.039654,0.000000,-0.272952,-0.185029
1771552812.575,579,1,1,0.0000,0.9999,0.0001,0.0000,0.0000,0.0000,0.0000,0.000827,0.006827,0.004744,0.002709,0.013147,0.000000,0.000000,-0.167433,-0.113291,0.003582,0.000000,-0.239715,0.004688,0.001654,0.000000,-0.337774,-0.178641,0.000000,0.001745,-0.102450,-0.097358,-0.073194,0.000000,-0.171213,-0.039051,0.080175,0.000000,-0.164742,-0.134122
1771552812.673,582,1,1,0.0000,0.9999,0.0001,0.0000,0.0000,0.0000,0.0000,0.002440,0.092506,0.004552,0.005889,0.011212,0.000000,0.000000,-0.212228,-0.039099,0.029278,0.000000,-0.104239,-0.007313,-0.020551,0.000000,-0.143421,-0.077362,0.000000,0.000000,0.309894,0.275186,0.021285,0.000000,0.198771,-0.022081,-0.012558,0.000000,0.227278,0.077663
1771552812.774,585,1,1,0.0000,0.9998,0.0002,0.0000,0.0000,0.0000,0.0000,0.023414,0.027589,0.006318,0.008106,0.012617,0.001745,0.000000,-0.112835,-0.035456,0.018446,0.001745,0.077419,-0.054806,-0.009720,0.000000,0.097937,0.083675,0.000000,0.000000,0.137886,0.090347,-0.006485,0.000000,0.042254,-0.044745,0.008231,0.001745,0.043108,0.007492
1771552812.877,588,1,1,0.0000,0.9999,0.0001,0.0000,0.0000,0.0000,0.0000,0.004090,0.014581,0.002907,0.003273,0.004464,0.000000,0.000000,-0.093047,-0.025800,0.022698,0.000000,0.000053,-0.040816,-0.013972,0.000000,0.003552,0.022773,0.000000,0.001745,0.062777,0.061283,-0.012974,0.000000,0.020718,-0.040016,0.014720,0.003491,0.008741,0.001502
1771552812.979,591,1,1,0.0000,0.9999,0.0001,0.0000,0.0000,0.0000,0.0000,0.005020,0.006430,0.002140,0.005471,0.005090,0.000000,0.000000,-0.076743,-0.004287,0.012169,0.001745,-0.005082,-0.039285,-0.005187,0.000000,0.013682,0.032645,0.000000,0.000000,-0.159276,0.041137,-0.021354,0.000000,0.011172,-0.037350,0.024845,0.000000,-0.028833,-0.006443
1771552813.079,594,1,1,0.0000,0.9999,0.0000,0.0000,0.0000,0.0000,0.0000,0.016750,0.000932,0.001068,0.005799,0.004647,0.000000,0.000000,-0.078189,0.003176,0.014298,0.000000,0.009455,-0.044831,-0.009062,0.000000,0.099435,0.074635,0.000000,0.000000,-0.296211,-0.155661,0.006013,0.000000,-0.005787,-0.034288,0.000968,0.000000,-0.022548,0.004205
1771552813.179,597,1,1,0.0000,0.9998,0.0000,0.0001,0.0000,0.0000,0.0000,0.013228,0.001889,0.001602,0.007275,0.015571,0.000000,0.000000,-0.084598,0.000759,0.017115,0.000000,0.019550,-0.041516,-0.008388,0.000000,0.062075,0.059241,0.000000,0.000000,-0.226398,-0.089665,-0.005867,0.000000,-0.021783,-0.032780,0.005867,0.000000,-0.019653,0.016802
1771552813.276,600,1,1,0.0000,0.9998,0.0000,0.0001,0.0000,0.0000,0.0000,0.008526,0.010010,0.001503,0.004382,0.003467,0.000000,0.000000,-0.088165,0.002973,0.014767,0.000000,0.012171,-0.039801,-0.006040,0.000000,0.036192,0.036213,-0.001745,0.000000,-0.136308,-0.058758,-0.014144,-0.001745,-0.022833,-0.028166,0.021125,0.001745,0.024561,0.072688
1771552813.379,603,1,1,0.0000,0.9999,0.0000,0.0001,0.0000,0.0000,0.0000,0.005175,0.006218,0.000983,0.004533,0.005206,0.000000,0.000000,-0.097441,0.008555,0.012336,0.000000,0.009711,-0.039645,-0.001864,0.000000,0.011057,0.020442,0.000000,0.001745,-0.086019,-0.036415,0.004275,0.000000,-0.020066,-0.011051,0.006197,0.000000,0.006446,0.055950
1771552813.477,606,1,1,0.0000,0.9999,0.0000,0.0000,0.0000,0.0000,0.0000,0.001779,0.018488,0.001036,0.001596,0.001003,0.000000,0.000000,-0.082713,0.005123,-0.012730,0.000000,-0.000832,-0.038106,0.016221,0.000000,-0.007602,-0.019254,0.000000,0.000000,-0.081374,-0.027265,0.025509,0.000000,0.020049,0.028972,-0.023763,0.001745,0.038177,0.107402
1771552813.581,609,1,1,0.0000,1.0000,0.0000,0.0000,0.0000,0.0000,0.0000,0.000350,0.021818,0.002075,0.002534,0.003407,0.000000,0.000000,-0.074292,0.000710,0.000061,0.000000,-0.006985,-0.036470,0.003429,0.000000,-0.016914,-0.047969,0.000000,0.001745,-0.159124,-0.012355,0.005846,0.000000,0.049363,0.045566,0.009862,-0.001745,0.049062,0.100372
1771552813.680,612,1,1,0.0000,1.0000,0.0000,0.0000,0.0000,0.0000,0.0000,0.002181,0.032467,0.001079,0.001435,0.001756,0.000000,0.001745,-0.195283,-0.014549,-0.020939,0.000000,-0.011018,-0.036494,0.024429,0.000000,-0.024163,-0.040194,0.000000,0.003491,-0.133085,0.022463,0.007734,0.000000,0.065833,0.070079,0.002738,0.000000,0.073971,0.143296
1771552813.780,615,1,1,0.0000,1.0000,0.0000,0.0000,0.0000,0.0000,0.0000,0.001724,0.017031,0.008540,0.001934,0.007045,0.000000,0.000000,-0.102153,-0.117295,0.007967,0.000000,-0.282665,0.010220,0.002505,0.000000,-0.336443,-0.150585,0.000000,0.003491,-0.105103,0.014811,0.004597,0.000000,0.024873,0.039937,0.002384,0.000000,0.027440,0.086835
1771552813.881,618,1,1,0.0000,1.0000,0.0000,0.0000,0.0000,0.0000,0.0000,0.002786,0.012011,0.003562,0.002157,0.003218,0.000000,0.000000,-0.016301,-0.145611,-0.012733,0.000000,-0.222620,0.011977,0.021460,0.000000,-0.173013,-0.090166,0.000000,0.003491,-0.111187,0.036460,0.007376,0.000000,0.003371,0.026023,-0.002140,0.000000,0.000144,0.067262
1771552813.981,621,1,1,0.0000,1.0000,0.0000,0.0000,0.0000,0.0000,0.0000,0.000765,0.011742,0.000689,0.004021,0.005378,0.000000,0.001745,-0.012320,-0.087470,-0.000216,0.000000,-0.141868,0.001981,0.005451,0.000000,-0.126190,-0.063973,0.000000,0.001745,-0.096067,0.054479,0.009450,0.000000,-0.003257,0.012485,-0.005959,0.001745,-0.002386,0.061001
1771552814.081,624,1,1,0.0000,1.0000,0.0000,0.0000,0.0000,0.0000,0.0000,0.000394,0.010321,0.002672,0.003360,0.003036,0.000000,0.000000,-0.035896,-0.064387,0.004723,0.000000,-0.101800,-0.000680,-0.001232,0.000000,-0.123584,-0.082347,0.000000,0.001745,-0.105900,0.030448,0.020960,0.000000,-0.004171,0.007133,-0.012234,0.000000,-0.006538,0.063567
1771552814.181,627,1,1,0.0000,1.0000,0.0000,0.0000,0.0000,0.0000,0.0000,0.001067,0.009720,0.000539,0.008610,0.006510,0.000000,0.001745,-0.050712,-0.045906,0.011061,0.000000,-0.065106,-0.004414,-0.007570,0.000000,-0.099008,-0.057113,0.000000,0.001745,0.031604,0.009889,0.005158,0.000000,-0.008614,0.003424,0.007059,-0.001745,-0.023363,0.057757
1771552814.282,630,1,1,0.0000,1.0000,0.0000,0.0000,0.0000,0.0000,0.0000,0.002151,0.006625,0.002583,0.003354,0.006781,0.000000,0.000000,-0.285114,-0.044102,0.025813,0.000000,-0.057358,-0.007236,-0.017086,-0.003491,-0.092247,-0.054515,0.000000,0.001745,-0.003067,-0.032755,-0.009816,-0.001745,-0.032104,0.001641,0.016797,0.001745,-0.030888,0.057576
1771552814.383,633,1,1,0.0000,1.0000,0.0000,0.0000,0.0000,0.0000,0.0000,0.001454,0.006459,0.003474,0.002076,0.002520,0.000000,0.000000,-0.132616,-0.044946,0.006830,0.000000,-0.059815,-0.006328,0.010624,0.000000,-0.091918,-0.054076,0.000000,0.003491,-0.000364,-0.015548,-0.018657,-0.001745,-0.077123,-0.005045,0.018657,0.000000,-0.035819,0.055359
1771552814.482,636,1,1,0.0000,1.0000,0.0000,0.0000,0.0000,0.0000,0.0000,0.001841,0.005401,0.003209,0.003519,0.011311,0.000000,0.001745,-0.023261,-0.052624,0.010750,-0.001745,-0.036941,-0.005943,0.004958,0.000000,0.004634,-0.008361,0.000000,0.001745,-0.001930,0.019139,-0.006846,0.000000,-0.164210,-0.075683,0.013827,0.001745,-0.128226,0.028351
1771552814.582,639,1,1,0.0000,1.0000,0.0000,0.0000,0.0000,0.0000,0.0000,0.005820,0.022493,0.002164,0.002646,0.017899,0.000000,0.001745,0.022680,-0.053186,0.024690,-0.001745,0.001444,-0.009456,-0.005491,-0.003491,0.000994,0.018293,0.000000,0.001745,0.130156,0.108759,0.004844,0.000000,-0.150967,-0.069562,-0.003099,0.001745,-0.118455,0.022666
1771552814.684,642,1,1,0.0000,1.0000,0.0000,0.0000,0.0000,0.0000,0.0000,0.002508,0.014872,0.001102,0.008051,0.006221,0.000000,0.001745,-0.007030,-0.052774,0.023687,0.000000,-0.016716,-0.009161,0.002493,-0.003491,-0.012970,0.002174,0.000000,0.003491,-0.096325,0.167734,0.005499,0.000000,-0.108475,-0.047166,-0.000263,0.001745,-0.147500,-0.023569
1771552814.786,645,1,1,0.0000,1.0000,0.0000,0.0000,0.0000,0.0000,0.0000,0.002130,0.053336,0.000634,0.004432,0.015439,0.000000,0.001745,-0.079784,-0.055640,0.022753,0.000000,-0.013936,-0.013401,-0.000064,-0.003491,-0.023056,0.001061,0.000000,0.003491,0.393350,0.230718,0.007324,0.000000,-0.025848,-0.036428,-0.003833,0.000000,0.002821,0.002324
1771552814.884,648,1,1,0.0000,0.9997,0.0003,0.0000,0.0000,0.0000,0.0000,0.003033,0.182304,0.001025,0.004110,0.005890,0.000000,0.003491,-0.145953,-0.054794,0.010004,0.000000,0.007992,-0.022967,0.007450,-0.001745,-0.015394,0.007455,-0.001745,0.001745,0.212482,0.500789,0.040793,0.000000,0.337877,0.158714,-0.035557,0.001745,0.493823,0.439681
1771552814.984,651,1,1,0.0000,0.9889,0.0111,0.0000,0.0000,0.0000,0.0000,0.012171,0.094972,0.002457,0.003883,0.007489,0.000000,0.001745,-0.159048,-0.051192,0.007635,0.000000,0.019066,-0.024923,0.008073,-0.001745,0.059423,0.050107,0.000000,0.003491,0.109230,0.280174,0.021364,0.000000,0.205951,0.130821,-0.002165,0.001745,0.192881,0.194003
1771552815.085,654,1,1,0.0000,0.9965,0.0035,0.0000,0.0000,0.0000,0.0000,0.005052,0.049434,0.002488,0.009062,0.016712,-0.001745,0.001745,-0.135167,-0.047464,0.011511,0.000000,0.042849,-0.027821,-0.001039,-0.001745,0.004517,-0.001328,0.000000,0.003491,-0.083961,0.175491,0.027908,0.000000,0.080021,0.069330,-0.010455,0.001745,0.096911,0.138311
1771552815.189,657,1,1,0.0000,0.9978,0.0022,0.0000,0.0000,0.0000,0.0000,0.023427,0.040125,0.002560,0.003365,0.010223,0.000000,0.003491,-0.061826,-0.037051,0.024921,0.000000,0.067235,-0.047439,-0.009213,0.000000,0.115077,0.070400,0.000000,0.001745,0.124352,0.122952,0.042133,0.000000,-0.011552,0.042660,-0.017698,0.001745,0.042012,0.103898
1771552815.289,660,1,1,0.0000,0.9971,0.0028,0.0000,0.0000,0.0000,0.0000,0.025060,0.047437,0.000879,0.002429,0.005507,0.000000,0.001745,0.018160,-0.036917,0.020012,0.000000,0.035768,-0.045061,0.002677,0.001745,0.118378,0.102229,-0.001745,0.005236,0.296537,0.088439,0.068869,0.000000,-0.018646,0.023248,-0.040944,0.001745,-0.008122,0.085172
1771552815.387,663,1,1,0.0000,0.9921,0.0078,0.0000,0.0000,0.0000,0.0000,0.013311,0.033108,0.000865,0.000988,0.002911,0.000000,0.003491,0.034293,-0.040494,0.017425,0.000000,-0.000482,-0.041072,0.001773,0.001745,0.043699,0.057305,0.000000,0.000000,0.226614,0.062195,0.036808,0.000000,-0.048267,-0.013157,-0.003647,0.000000,-0.041420,0.071678
1771552815.487,666,1,1,0.0000,0.9966,0.0034,0.0000,0.0000,0.0000,0.0000,0.009566,0.010349,0.001635,0.006777,0.026135,-0.001745,0.003491,0.041997,-0.031858,-0.001697,-0.001745,-0.011812,-0.039024,0.017405,0.001745,0.012150,0.038009,0.001745,0.001745,-0.185213,0.008672,-0.028349,0.000000,-0.221808,-0.061923,0.059765,0.000000,-0.117608,0.052261
1771552815.588,669,1,1,0.0000,0.9996,0.0004,0.0000,0.0000,0.0000,0.0000,0.008310,0.004121,0.000551,0.002324,0.005607,0.000000,0.003491,0.045664,-0.023901,-0.005689,0.000000,-0.010975,-0.038727,0.014416,0.001745,0.011021,0.023379,0.000000,0.003491,-0.036058,-0.057466,-0.021531,0.000000,-0.304082,-0.144780,0.045965,0.000000,-0.238322,-0.090362
1771552815.688,672,1,1,0.0000,0.9998,0.0001,0.0000,0.0000,0.0000,0.0000,0.011773,0.005402,0.002264,0.001541,0.002145,0.000000,0.000000,0.033517,0.014246,-0.009227,0.000000,0.075554,-0.037911,0.017954,0.000000,-0.002220,-0.006545,-0.001745,0.005236,-0.120320,-0.011713,-0.033410,0.000000,-0.276938,-0.151260,0.057845,0.001745,-0.287795,-0.198999
1771552815.790,675,1,1,0.0000,0.9999,0.0001,0.0000,0.0000,0.0000,0.0000,0.015479,0.006214,0.000182,0.004480,0.006820,0.000000,0.001745,0.071346,0.024330,-0.029471,0.000000,0.043142,-0.036470,0.045179,0.000000,-0.039268,-0.068179,0.000000,0.000000,-0.173650,0.015245,-0.034883,0.000000,-0.180611,-0.092824,0.059318,0.000000,-0.233983,-0.163072
1771552815.893,678,1,1,0.0000,0.9999,0.0000,0.0000,0.0000,0.0000,0.0000,0.008769,0.010419,0.000313,0.002592,0.000720,0.000000,0.003491,0.034960,0.019157,-0.011460,0.000000,0.009985,-0.035996,0.037640,0.000000,-0.057077,-0.056667,0.000000,0.001745,0.097100,-0.030641,0.000082,-0.001745,-0.090179,-0.063885,0.026098,0.000000,-0.024311,-0.080642
1771552815.994,681,1,1,0.0000,0.9984,0.0016,0.0000,0.0000,0.0000,0.0000,0.006394,0.185258,0.001296,0.001219,0.013729,0.000000,0.001745,0.021810,0.018026,-0.002609,0.000000,0.006363,-0.033691,0.027043,0.001745,-0.025867,-0.025265,0.000000,0.001745,0.368317,-0.048431,0.030602,-0.001745,0.700610,0.386909,-0.007913,0.000000,0.440623,0.294293
1771552816.095,684,1,1,0.0000,0.9850,0.0149,0.0000,0.0000,0.0000,0.0000,0.008356,0.237083,0.001072,0.002310,0.002674,0.000000,0.000000,0.010554,0.015655,-0.006185,0.000000,-0.001402,-0.031473,0.030619,0.001745,0.028788,0.012906,-0.001745,0.003491,0.333357,0.002667,0.177821,-0.001745,0.791939,0.387014,-0.156877,0.000000,0.721851,0.426854
1771552816.195,687,1,1,0.0000,0.9047,0.0952,0.0000,0.0000,0.0000,0.0001,0.004231,0.124895,0.001481,0.003317,0.003259,0.000000,0.001745,0.008360,0.016192,-0.001504,0.000000,-0.001710,-0.030699,0.017212,0.003491,-0.000369,0.003772,0.000000,0.000000,0.250818,0.005806,0.156589,0.000000,0.368665,0.158602,-0.133899,-0.003491,0.335103,0.223154
1771552816.295,690,1,1,0.0000,0.7504,0.2494,0.0000,0.0000,0.0000,0.0001,0.004799,0.090824,0.000924,0.001383,0.001705,0.000000,0.001745,0.010119,0.013076,-0.012734,0.000000,-0.001247,-0.027697,0.021460,0.001745,0.003505,0.005933,0.000000,-0.012217,0.181026,-0.002717,0.110667,0.000000,0.181800,0.057949,-0.084487,0.008727,0.334471,0.215252
1771552816.395,693,1,1,0.0000,0.5764,0.4235,0.0000,0.0000,0.0000,0.0000,0.008031,0.080648,0.001146,0.001685,0.000961,0.000000,0.001745,-0.004912,0.012114,-0.002148,0.000000,-0.003157,-0.028165,0.012620,0.001745,0.042294,0.025852,-0.001745,-0.003491,0.108359,-0.015548,0.059088,0.005236,0.176390,0.087905,-0.034653,0.017453,0.332111,0.181239
1771552816.495,696,1,1,0.0000,0.7195,0.2803,0.0000,0.0000,0.0000,0.0001,0.061865,0.089559,0.000339,0.006007,0.003879,0.001745,0.001745,-0.037198,0.009804,0.032351,0.000000,0.051190,-0.013348,-0.020134,0.000000,0.344732,0.300816,-0.003491,-0.008727,0.108130,-0.032451,-0.031183,0.006981,0.221000,0.172926,0.059108,0.020944,0.334568,0.151055
1771552816.596,699,1,1,0.0000,0.5404,0.4589,0.0000,0.0000,0.0000,0.0006,0.025881,0.121165,0.000639,0.003671,0.000653,0.000000,0.001745,-0.045886,0.006810,0.035485,0.000000,0.024385,0.005103,-0.025013,0.001745,0.111919,0.123381,-0.005236,-0.008727,0.093092,-0.036590,-0.102566,0.005236,0.392642,0.311020,0.135727,0.020944,0.341250,0.154067
1771552816.696,702,1,1,0.0000,0.6867,0.3127,0.0000,0.0000,0.0000,0.0005,0.001654,0.106084,0.002824,0.003629,0.003781,0.000000,0.000000,-0.011329,0.004383,0.015462,0.000000,-0.050487,-0.017971,-0.001499,0.000000,-0.108693,-0.063828,-0.005236,-0.005236,0.100938,-0.001322,-0.048007,0.000000,0.342143,0.250111,0.079423,0.012217,0.343877,0.144300
1771552816.796,705,1,1,0.0000,0.8279,0.1718,0.0001,0.0000,0.0000,0.0002,0.001309,0.095019,0.002895,0.003886,0.002870,0.000000,0.001745,-0.016812,-0.048823,0.005354,0.000000,-0.273437,-0.017745,0.008608,0.000000,-0.300529,-0.174699,-0.005236,0.000000,0.102317,0.008564,0.004915,-0.005236,0.376553,0.259762,0.017775,0.010472,0.263343,0.096526
1771552816.896,708,1,1,0.0000,0.9449,0.0549,0.0001,0.0000,0.0000,0.0001,0.004034,0.063201,0.001210,0.007327,0.006394,0.000000,0.000000,0.026166,-0.058060,-0.011769,0.000000,-0.157063,-0.029019,0.022241,0.000000,-0.223880,-0.108393,-0.003491,0.000000,0.170488,0.012490,0.042910,-0.006981,0.217222,0.102772,-0.025457,0.006981,0.152845,0.052700
1771552816.996,711,1,1,0.0000,0.9858,0.0141,0.0000,0.0000,0.0000,0.0000,0.001182,0.062633,0.003375,0.004018,0.005504,0.000000,0.000000,-0.001536,-0.068726,-0.008952,0.000000,-0.135214,-0.028986,0.014188,0.000000,-0.165057,-0.070841,-0.003491,0.003491,0.175926,0.027592,0.018582,-0.005236,0.230379,0.092657,-0.001129,0.006981,0.149757,0.046234
1771552817.097,714,1,1,0.0000,0.9935,0.0064,0.0000,0.0000,0.0000,0.0000,0.002439,0.051941,0.003425,0.001769,0.002922,0.000000,0.000000,-0.018421,-0.076467,-0.026857,0.000000,-0.249010,0.004160,0.025112,0.000000,-0.336745,-0.196883,-0.005236,0.005236,0.175363,0.033720,0.023473,-0.006981,0.173174,0.054758,-0.014746,0.006981,0.117646,0.032936
1771552817.197,717,2,1,0.0000,0.1060,0.8938,0.0001,0.0000,0.0002,0.0000,0.001523,0.044661,0.006890,0.000259,0.007000,0.000000,0.000000,-0.074259,-0.080493,0.016091,0.000000,-0.183514,0.000441,-0.017837,0.001745,-0.187805,-0.099028,-0.003491,0.003491,0.174347,0.009981,0.013799,-0.006981,0.137281,0.043236,-0.006818,0.006981,0.109737,0.037080
1771552817.297,720,2,2,0.0000,0.1425,0.8573,0.0000,0.0000,0.0002,0.0000,0.000965,0.042649,0.005812,0.000526,0.006913,0.000000,0.000000,-0.050972,-0.076109,0.009834,0.000000,-0.128008,-0.002078,-0.008089,0.001745,-0.133030,-0.075326,-0.001745,0.001745,0.175121,0.020445,0.011315,-0.006981,0.103045,0.034126,-0.004334,0.006981,0.102587,0.056421
1771552817.398,723,2,2,0.0000,0.1779,0.8219,0.0000,0.0000,0.0002,0.0000,0.000961,0.048767,0.004490,0.001100,0.004786,0.000000,0.000000,-0.011838,-0.091991,0.009784,0.000000,-0.089247,-0.001438,-0.006293,0.001745,-0.102019,-0.056858,-0.001745,0.003491,0.173234,0.035459,0.012403,-0.005236,0.097736,0.031543,-0.008913,0.005236,0.129844,0.096262
1771552817.498,726,2,2,0.0000,0.0075,0.9924,0.0000,0.0000,0.0001,0.0000,0.001889,0.048480,0.005001,0.001522,0.005556,0.000000,0.000000,-0.016690,-0.068131,0.020928,0.000000,-0.071581,-0.002117,-0.013947,0.001745,-0.079977,-0.047399,-0.001745,0.005236,0.169026,0.041419,0.032278,-0.005236,0.080814,0.024118,-0.028787,0.005236,0.127361,0.096268
1771552817.598,729,1,1,0.0000,0.6845,0.3154,0.0000,0.0000,0.0001,0.0000,0.001238,0.046090,0.002168,0.001960,0.001400,0.000000,0.000000,-0.172520,-0.060786,0.013113,0.000000,-0.058223,-0.002013,-0.002641,0.001745,-0.083772,-0.070092,-0.001745,0.006981,0.167194,0.041408,0.039297,-0.006981,0.062299,0.013939,-0.035806,0.003491,0.124374,0.094099
1771552817.701,732,2,2,0.0000,0.0178,0.9820,0.0000,0.0000,0.0001,0.0000,0.001017,0.049532,0.003354,0.003857,0.005671,0.000000,0.000000,-0.189910,-0.057771,-0.001728,0.000000,-0.059140,-0.000362,0.012200,0.000000,-0.298502,-0.168685,-0.003491,0.006981,0.162878,0.043221,0.025017,-0.005236,0.101052,0.024007,-0.016291,0.003491,0.130877,0.096864
1771552817.799,735,2,2,0.0000,0.0044,0.9955,0.0000,0.0000,0.0001,0.0000,0.002381,0.049996,0.004076,0.002946,0.004109,0.000000,0.000000,-0.002707,-0.048800,0.028571,0.000000,-0.033623,-0.004008,-0.016354,0.000000,-0.049454,-0.065447,-0.003491,0.006981,0.158379,0.046149,0.004313,-0.005236,0.114183,0.036955,0.007904,0.003491,0.125889,0.095712
1771552817.899,738,2,2,0.0000,0.0027,0.9972,0.0000,0.0000,0.0001,0.0000,0.034674,0.044106,0.002054,0.003895,0.002651,0.000000,0.000000,0.325218,-0.035618,0.030857,0.000000,-0.010441,-0.005126,-0.006423,0.000000,0.022204,0.037813,-0.003491,0.006981,0.168819,0.040568,-0.000488,-0.003491,0.090883,0.019210,0.014451,0.003491,0.110793,0.074078
1771552817.999,741,2,2,0.0000,0.0048,0.9950,0.0000,0.0000,0.0001,0.0000,0.015584,0.039851,0.000628,0.003076,0.001912,0.000000,0.000000,0.143408,-0.025354,0.042678,0.000000,-0.021243,-0.005053,-0.014753,0.000000,-0.008905,0.000925,-0.005236,0.006981,0.177745,0.035636,-0.010907,-0.003491,0.088518,0.017590,0.019634,0.003491,0.077658,0.050961
1771552818.103,744,2,2,0.0000,0.0097,0.9901,0.0000,0.0000,0.0001,0.0000,0.008128,0.035925,0.000857,0.003068,0.002445,0.000000,0.001745,0.062257,-0.014153,0.030201,0.000000,-0.023493,-0.005624,0.002960,0.000000,-0.008400,0.000367,-0.006981,0.008727,0.207416,0.034677,-0.013538,-0.003491,0.065222,0.007196,0.020519,0.005236,0.046976,0.035138
1771552818.206,747,2,2,0.0000,0.0679,0.9317,0.0001,0.0000,0.0002,0.0000,0.003249,0.032989,0.001202,0.004611,0.003301,0.000000,0.001745,-0.085498,0.000776,0.030008,0.000000,-0.019881,-0.007255,0.003153,-0.005236,-0.005988,0.003305,-0.006981,0.008727,0.210422,0.031554,-0.012923,-0.005236,0.030556,-0.033004,0.016414,0.001745,0.056812,0.039636
1771552818.303,750,2,2,0.0001,0.4946,0.5049,0.0001,0.0000,0.0003,0.0001,0.004098,0.029719,0.001679,0.000923,0.001516,0.000000,0.001745,-0.063826,0.004036,0.028953,0.000000,-0.000963,-0.012885,0.002463,-0.003491,0.006106,0.005870,-0.006981,0.006981,0.220672,0.023647,-0.013492,-0.003491,-0.005707,-0.052191,0.016983,0.001745,0.052537,0.034069
1771552818.404,753,1,1,0.0000,0.7995,0.2004,0.0000,0.0000,0.0000,0.0000,0.002781,0.037345,0.012356,0.006128,0.014158,0.000000,0.001745,-0.268861,-0.000952,0.011803,0.000000,-0.013980,-0.009441,0.017867,-0.003491,-0.005805,0.001962,-0.005236,0.006981,0.205899,0.025062,-0.035451,-0.001745,0.075880,-0.020425,0.040687,0.003491,0.055983,0.034158
1771552818.508,756,1,1,0.0000,0.7733,0.2267,0.0000,0.0000,0.0000,0.0000,0.002036,0.076287,0.005670,0.003768,0.009726,0.000000,0.000000,-0.126351,-0.055360,0.003183,0.000000,-0.018506,-0.007710,0.021251,-0.001745,-0.007931,-0.000361,-0.003491,0.006981,0.135382,0.039118,-0.096687,-0.005236,0.283590,0.245382,0.103668,0.001745,0.060746,0.038834
1771552818.607,759,1,1,0.0000,0.7066,0.2933,0.0000,0.0000,0.0000,0.0000,0.008675,0.056077,0.004447,0.004109,0.009075,0.000000,0.001745,0.054203,-0.035383,0.019203,0.000000,0.025457,-0.024826,0.003486,0.000000,-0.012574,-0.012901,-0.003491,-0.001745,0.149219,0.039379,-0.058405,-0.005236,0.198457,0.141346,0.060151,0.001745,0.052388,0.030241
1771552818.704,762,1,1,0.0000,0.8703,0.1295,0.0000,0.0000,0.0000,0.0000,0.014425,0.046983,0.000908,0.001879,0.001924,0.000000,0.001745,0.141774,-0.034630,0.029584,-0.001745,-0.000898,-0.027821,-0.003404,-0.001745,-0.060546,-0.047557,-0.003491,0.000000,0.149544,0.039439,-0.045172,-0.006981,0.179457,0.111088,0.046917,0.001745,0.035608,-0.000564
1771552818.804,765,1,1,0.0000,0.9127,0.0873,0.0000,0.0000,0.0000,0.0000,0.005684,0.050872,0.003135,0.003186,0.012115,0.000000,0.000000,0.042026,-0.032352,0.020867,0.000000,-0.026613,-0.025532,0.005313,0.000000,-0.183032,-0.117803,-0.005236,-0.003491,0.152815,0.040364,-0.047180,-0.006981,0.183139,0.121403,0.047180,0.001745,0.052339,0.011483
1771552818.904,768,1,1,0.0000,0.7351,0.2648,0.0000,0.0000,0.0000,0.0000,0.006791,0.055386,0.002905,0.001123,0.004894,0.000000,0.003491,0.023501,-0.024120,0.020336,0.000000,-0.023450,-0.025087,0.002354,0.000000,0.031814,-0.024991,-0.003491,-0.003491,0.157504,0.040520,-0.041544,-0.008727,0.181043,0.123439,0.046780,0.000000,0.096640,0.018712
1771552819.005,771,2,1,0.0000,0.4973,0.5026,0.0000,0.0000,0.0001,0.0000,0.006902,0.064082,0.005554,0.001294,0.001388,0.000000,0.003491,0.007926,-0.011319,-0.003082,0.000000,0.009189,-0.025962,0.029262,0.000000,0.022540,0.010420,-0.003491,-0.005236,0.159932,0.047359,-0.032883,-0.008727,0.183978,0.129843,0.041609,0.000000,0.121787,0.084480
1771552819.105,774,2,2,0.0000,0.3089,0.6911,0.0000,0.0000,0.0000,0.0000,0.008381,0.069797,0.004798,0.002019,0.006620,0.000000,0.006981,0.002418,0.015578,-0.019017,0.000000,0.000882,-0.026367,0.048687,0.000000,0.006661,0.019369,-0.005236,-0.003491,0.166627,0.064117,-0.029204,-0.008727,0.195362,0.152526,0.043166,0.000000,0.130405,0.085365
1771552819.205,777,2,2,0.0000,0.1686,0.8313,0.0000,0.0000,0.0001,0.0000,0.003945,0.076320,0.001733,0.000225,0.003147,0.000000,0.003491,-0.691487,0.006295,0.009383,0.000000,-0.005918,-0.026138,0.016797,0.000000,0.001205,0.010175,-0.005236,-0.005236,0.149561,0.075087,-0.038668,-0.010472,0.218140,0.175674,0.059612,0.000000,0.146214,0.091555
1771552819.307,780,2,2,0.0000,0.0777,0.9222,0.0000,0.0000,0.0001,0.0001,0.010845,0.099418,0.000972,0.000738,0.001334,0.000000,0.003491,-0.450651,-0.030571,-0.039155,0.000000,-0.000230,-0.029232,0.063589,0.000000,0.036899,0.026164,-0.005236,-0.006981,0.120204,0.104376,-0.054776,-0.010472,0.328136,0.247280,0.080956,0.000000,0.207046,0.105022
1771552819.407,783,2,2,0.0000,0.1088,0.8909,0.0000,0.0000,0.0001,0.0001,0.027018,0.098508,0.000763,0.000897,0.002442,0.000000,0.006981,-0.301558,-0.023119,0.008040,0.000000,-0.000539,-0.031706,0.019886,0.000000,0.161896,0.127407,-0.005236,-0.005236,0.083735,0.122616,-0.063423,-0.010472,0.305010,0.238059,0.094839,0.000000,0.224701,0.113138
1771552819.507,786,2,2,0.0000,0.1118,0.8877,0.0000,0.0000,0.0002,0.0003,0.077640,0.099021,0.000944,0.000997,0.001129,0.000000,0.001745,-0.183717,0.045313,0.050881,-0.001745,0.250076,-0.011071,-0.026446,-0.001745,0.359967,0.223702,-0.005236,-0.005236,0.059337,0.133604,-0.061648,-0.010472,0.321272,0.241257,0.093064,0.000000,0.226221,0.113500
1771552819.607,789,2,2,0.0000,0.0690,0.9303,0.0001,0.0000,0.0003,0.0002,0.051862,0.103494,0.000517,0.001029,0.000563,0.000000,0.001745,-0.106663,0.109776,0.054246,-0.001745,0.163590,0.022883,-0.024575,-0.003491,0.155633,0.114471,-0.005236,-0.005236,0.024479,0.150958,-0.067335,-0.010472,0.356114,0.261892,0.098751,0.000000,0.235044,0.114686
1771552819.710,792,2,2,0.0000,0.0260,0.9735,0.0000,0.0000,0.0004,0.0001,0.037516,0.102190,0.001334,0.000398,0.002333,-0.001745,0.006981,0.010842,0.208363,0.045169,-0.001745,0.070929,0.001592,-0.008517,0.000000,0.068667,0.037647,-0.005236,-0.006981,0.025876,0.145755,-0.075386,-0.010472,0.344910,0.260543,0.106802,0.000000,0.232873,0.109525
1771552819.808,795,2,2,0.0000,0.0145,0.9846,0.0000,0.0000,0.0007,0.0001,0.032191,0.094477,0.000716,0.000458,0.001086,-0.001745,0.001745,0.063634,0.169767,0.051153,-0.001745,0.034428,0.002100,-0.005774,-0.001745,0.039942,0.023520,-0.005236,-0.005236,0.029395,0.138419,-0.072061,-0.010472,0.334227,0.253151,0.103477,0.000000,0.201480,0.073577
1771552819.908,798,2,2,0.0001,0.0147,0.9841,0.0001,0.0000,0.0009,0.0002,0.029362,0.081846,0.001796,0.000871,0.001300,-0.001745,0.001745,0.055026,0.138600,0.074729,-0.003491,0.018817,0.003067,-0.020624,-0.001745,0.043789,0.016567,-0.005236,-0.005236,0.054816,0.123292,-0.056283,-0.010472,0.298374,0.219812,0.087699,0.000000,0.154505,0.043656
1771552820.008,801,2,2,0.0000,0.0057,0.9937,0.0000,0.0000,0.0005,0.0001,0.019684,0.083416,0.005130,0.000973,0.004157,-0.001745,0.003491,0.060101,0.080346,0.073886,-0.003491,-0.001987,0.002704,-0.016290,-0.001745,0.007792,0.007890,-0.005236,-0.005236,0.056298,0.122821,-0.054879,-0.010472,0.304430,0.227818,0.086295,0.000000,0.157182,0.046147
1771552820.109,804,2,2,0.0001,0.0083,0.9893,0.0000,0.0000,0.0021,0.0001,0.010073,0.083491,0.001300,0.000351,0.001789,-0.001745,0.003491,-0.116860,0.057043,0.060342,-0.003491,-0.033889,-0.005983,-0.002746,-0.001745,-0.049197,-0.008969,-0.006981,-0.005236,0.061522,0.118708,-0.053649,-0.010472,0.304164,0.227421,0.085065,0.000000,0.158880,0.046135
1771552820.211,807,2,2,0.0000,0.0042,0.9950,0.0000,0.0000,0.0006,0.0001,0.014877,0.087507,0.005368,0.000749,0.004897,-0.003491,0.003491,0.072817,0.046360,0.042763,-0.003491,-0.061778,-0.020178,0.013087,-0.001745,-0.120660,-0.089773,-0.005236,-0.005236,0.061758,0.119810,-0.052062,-0.010472,0.326508,0.251633,0.083478,0.000000,0.159050,0.047844
1771552820.309,810,2,2,0.0000,0.0050,0.9941,0.0000,0.0000,0.0007,0.0001,0.014605,0.077286,0.002140,0.000722,0.005011,-0.001745,0.006981,0.105742,0.011925,0.021458,-0.005236,-0.049336,-0.009345,0.029157,-0.003491,-0.087600,-0.046058,-0.005236,-0.005236,0.053517,0.098291,-0.054677,-0.010472,0.298388,0.242882,0.086093,0.000000,0.118755,0.029506
1771552820.410,813,2,2,0.0002,0.1578,0.8398,0.0012,0.0000,0.0010,0.0000,0.006744,0.026349,0.000823,0.001799,0.016265,-0.001745,0.001745,0.032063,-0.004313,0.030370,-0.005236,-0.048665,-0.003158,0.016754,-0.001745,-0.080286,-0.033005,-0.005236,-0.006981,-1.048838,-0.255218,-0.208887,-0.012217,-0.156432,0.075889,0.240303,0.000000,-0.176474,-0.045193
1771552820.510,816,1,1,0.0001,0.9379,0.0605,0.0014,0.0000,0.0001,0.0000,0.009999,0.023979,0.000376,0.004937,0.008845,0.024435,-0.027925,0.048469,-0.002357,0.023515,-0.003491,-0.048211,0.001705,0.021864,-0.001745,-0.069322,-0.025688,-0.005236,-0.005236,-0.963786,-0.193058,-0.156302,-0.012217,-0.085661,0.098280,0.189464,0.000000,-0.240938,-0.061512
1771552820.610,819,1,1,0.0000,0.9973,0.0026,0.0001,0.0000,0.0000,0.0000,0.009417,0.020017,0.001408,0.001232,0.004424,0.041888,-0.052360,0.022498,0.002376,0.025696,-0.003491,-0.044599,0.002614,0.017937,-0.001745,-0.060669,-0.015709,-0.003491,0.006981,-0.637345,-0.137117,-0.101632,-0.010472,-0.057456,0.096683,0.136538,0.000000,-0.175407,-0.066537
1771552820.711,822,1,1,0.0000,0.9995,0.0004,0.0001,0.0000,0.0000,0.0000,0.062406,0.013706,0.001165,0.000355,0.000538,0.055851,-0.066323,-0.044907,0.088316,0.045088,-0.003491,0.094578,0.059084,-0.001455,-0.001745,0.242469,0.163483,-0.003491,0.005236,-0.421285,-0.088570,-0.051921,-0.008727,-0.018534,0.081130,0.078101,-0.001745,-0.101392,-0.052441
1771552820.811,825,1,1,0.0000,0.9998,0.0001,0.0001,0.0000,0.0000,0.0000,0.101028,0.015951,0.000500,0.000267,0.000368,0.057596,-0.066323,0.163234,0.186315,0.025819,-0.003491,0.245976,0.129811,0.021305,-0.001745,0.237972,0.144309,-0.003491,0.005236,-0.244202,-0.055991,-0.014892,-0.008727,0.043145,0.103364,0.039327,-0.001745,0.000339,-0.008055
1771552820.912,828,1,1,0.0000,0.9997,0.0001,0.0001,0.0000,0.0000,0.0000,0.150144,0.027242,0.003698,0.000546,0.002739,0.059341,-0.069813,0.649683,0.161995,0.207093,-0.006981,0.281708,0.142333,-0.175677,0.008727,0.175529,0.115318,-0.005236,0.005236,-0.147415,-0.041487,-0.008389,-0.008727,0.081929,0.141005,0.027587,-0.001745,0.025329,0.045817
1771552821.012,831,1,1,0.0000,0.9988,0.0002,0.0010,0.0000,0.0000,0.0000,0.174936,0.023267,0.000843,0.000565,0.001760,0.059341,-0.076794,0.747895,0.153135,0.169713,-0.008727,0.315230,0.183762,-0.138297,0.017453,0.279306,0.173394,-0.005236,0.005236,-0.370158,-0.021226,0.000135,-0.008727,0.075670,0.104785,0.013828,-0.001745,0.026070,0.053477
1771552821.112,834,1,1,0.0007,0.9601,0.0001,0.0387,0.0002,0.0000,0.0002,0.204610,0.022968,0.000167,0.000466,0.001918,0.059341,-0.080285,0.692403,0.162864,0.135046,-0.013963,0.531209,0.338261,-0.100140,0.019199,0.297225,0.219773,-0.005236,0.003491,-0.286944,0.012292,0.007610,-0.008727,0.060444,0.080020,-0.000629,-0.001745,0.034160,0.077599
1771552821.213,837,1,1,0.0012,0.9277,0.0005,0.0698,0.0005,0.0001,0.0002,0.239963,0.023803,0.002197,0.000162,0.002881,0.059341,-0.083776,0.657136,0.180223,0.092208,-0.020944,0.661330,0.451048,-0.062538,0.019199,0.431957,0.327120,-0.005236,0.003491,-0.164587,0.029999,0.010082,-0.008727,0.058795,0.075061,-0.006591,-0.001745,0.027239,0.080966
1771552821.313,840,1,1,0.0007,0.7109,0.0009,0.2867,0.0005,0.0002,0.0001,0.278826,0.024882,0.003793,0.000149,0.003870,0.061087,-0.087266,0.688281,0.163516,0.051566,-0.022689,0.876766,0.581097,-0.023641,0.017453,0.528050,0.378091,-0.005236,0.005236,-0.141654,0.019840,0.005613,-0.008727,0.087742,0.073273,-0.002122,-0.001745,0.028706,0.078170
1771552821.414,843,3,1,0.0006,0.4139,0.0006,0.5839,0.0008,0.0001,0.0001,0.240616,0.041568,0.003059,0.000929,0.003836,0.062832,-0.099484,0.657766,0.167677,0.055960,-0.024435,0.903437,0.548940,-0.012327,0.000000,0.283529,0.207247,-0.005236,0.003491,-0.113499,0.018640,-0.002243,-0.008727,0.137406,0.127590,0.005734,-0.001745,0.071296,0.134661
1771552821.514,846,3,3,0.0005,0.3138,0.0003,0.6843,0.0010,0.0000,0.0001,0.292238,0.036821,0.003110,0.001959,0.002000,0.066323,-0.113446,0.595027,0.186116,0.057203,-0.024435,1.091651,0.637143,-0.015315,0.005236,0.455888,0.412273,-0.003491,0.005236,-0.082039,0.017782,-0.005425,-0.008727,0.117023,0.127542,0.007171,-0.001745,0.053421,0.113675
1771552821.614,849,3,3,0.0001,0.0694,0.0001,0.9291,0.0012,0.0000,0.0000,0.263972,0.032063,0.002142,0.003288,0.003065,0.066323,-0.115192,0.554054,0.186999,0.063156,-0.010472,1.015295,0.625082,-0.031740,0.000000,0.330477,0.326281,-0.003491,0.005236,-0.186727,0.018047,-0.006287,-0.008727,0.117279,0.103487,0.008033,-0.001745,0.035337,0.097334
1771552821.714,852,3,3,0.0001,0.0528,0.0000,0.9452,0.0018,0.0000,0.0000,0.277330,0.046216,0.000872,0.002295,0.003475,0.062832,-0.113446,0.373543,0.226526,-0.015798,0.000000,1.027568,0.732310,0.036742,0.000000,0.435817,0.432625,-0.005236,0.005236,0.069701,0.020504,-0.009456,-0.008727,0.143957,0.149834,0.014692,-0.001745,0.044956,0.105709
1771552821.814,855,3,3,0.0001,0.0726,0.0001,0.9252,0.0021,0.0000,0.0001,0.179575,0.031913,0.004657,0.002372,0.002459,0.057596,-0.113446,0.050960,0.205905,0.068416,0.001745,0.703566,0.640193,-0.054453,-0.001745,0.033018,0.393503,-0.005236,0.005236,-0.008151,0.017289,-0.012832,-0.008727,0.102269,0.111078,0.019813,-0.001745,0.026137,0.101139
1771552821.918,858,1,3,0.0005,0.8562,0.0125,0.1269,0.0005,0.0030,0.0004,0.038829,0.027349,0.004980,0.001433,0.005141,0.036652,-0.101229,0.156401,0.175320,-0.081872,0.000000,-0.298781,-0.204546,0.097580,-0.001745,-0.386430,-0.240514,-0.005236,0.005236,-0.025952,0.013812,-0.027092,-0.006981,0.083023,0.094250,0.035818,-0.001745,0.007051,0.088997
1771552822.016,861,1,1,0.0000,0.9930,0.0067,0.0002,0.0000,0.0000,0.0000,0.024067,0.024075,0.001354,0.001109,0.001284,0.017453,-0.076794,0.081917,0.164013,0.025422,-0.005236,-0.288152,-0.180755,-0.009714,-0.001745,-0.345107,-0.221529,-0.005236,0.003491,-0.021916,0.009632,-0.007534,-0.005236,0.074214,0.086118,0.023242,0.000000,0.003541,0.088665
1771552822.117,864,1,1,0.0000,0.9995,0.0005,0.0000,0.0000,0.0000,0.0000,0.013402,0.027532,0.009006,0.001755,0.006663,0.010472,-0.050615,0.078106,0.054177,-0.002359,-0.003491,-0.352597,-0.212518,0.018067,-0.003491,-0.527584,-0.341542,-0.003491,0.005236,-0.026551,0.009566,-0.002046,-0.006981,0.093944,0.107562,0.014263,0.000000,0.004195,0.095624
1771552822.219,867,1,1,0.0000,0.9996,0.0004,0.0000,0.0000,0.0000,0.0000,0.026067,0.033179,0.009711,0.001574,0.008827,0.006981,-0.036652,0.248885,-0.187259,-0.044722,-0.001745,-0.365118,-0.241221,0.056939,-0.001745,-0.431956,-0.255702,-0.005236,0.005236,0.019770,0.007340,-0.010987,-0.006981,0.099160,0.134917,0.014478,0.000000,0.009600,0.107640
1771552822.317,870,1,1,0.0000,0.9998,0.0002,0.0000,0.0000,0.0000,0.0000,0.021047,0.023629,0.004014,0.000649,0.004038,0.003491,-0.029671,0.132742,-0.179373,-0.107603,-0.003491,-0.779244,-0.150432,0.116329,0.000000,-0.750575,-0.470080,-0.005236,0.005236,0.019574,0.002638,-0.003899,-0.006981,0.063111,0.084281,0.009135,0.000000,0.001980,0.097589
1771552822.417,873,1,1,0.0000,0.9997,0.0003,0.0000,0.0000,0.0000,0.0000,0.032239,0.028486,0.001414,0.000780,0.004581,0.001745,-0.022689,0.274881,-0.192111,-0.098021,-0.001745,-0.429423,-0.144789,0.108493,0.001745,-0.609836,-0.285374,-0.005236,0.005236,0.043398,0.004687,-0.001882,-0.006981,0.087016,0.087356,0.007118,-0.001745,0.002963,0.104059
1771552822.517,876,1,1,0.0000,0.9999,0.0001,0.0000,0.0000,0.0000,0.0000,0.028281,0.027172,0.002982,0.001711,0.003966,0.001745,-0.013963,0.255895,-0.164535,-0.069510,-0.001745,-0.283080,-0.095769,0.079982,0.001745,-0.366960,-0.172611,-0.005236,0.003491,0.057077,0.002271,-0.008441,-0.005236,0.071626,0.081221,0.011931,0.000000,0.003324,0.095120
1771552822.617,879,1,1,0.0000,0.9998,0.0002,0.0000,0.0000,0.0000,0.0000,0.011568,0.029770,0.002061,0.000656,0.001915,0.000000,-0.001745,0.056226,-0.157002,-0.068628,-0.001745,-0.323177,-0.060645,0.080845,0.001745,-0.298920,-0.112682,-0.005236,0.005236,0.041702,0.005442,-0.015368,-0.006981,0.081508,0.087139,0.025840,0.000000,0.011470,0.098904
1771552822.717,882,1,1,0.0000,0.9998,0.0001,0.0000,0.0000,0.0000,0.0000,0.005245,0.023710,0.002726,0.000935,0.003589,0.000000,0.000000,-0.244323,-0.180591,-0.052465,0.000000,-0.240978,-0.032166,0.061192,0.001745,-0.253114,-0.081212,-0.005236,0.005236,-0.008188,0.011863,-0.006837,-0.006981,0.061424,0.071365,0.017309,0.000000,0.013336,0.103981
1771552822.817,885,1,1,0.0000,0.9999,0.0000,0.0000,0.0000,0.0000,0.0000,0.001283,0.024131,0.003968,0.001793,0.005255,0.000000,0.000000,-0.490695,-0.129355,0.013653,0.000000,-0.166068,-0.034075,-0.006671,0.001745,-0.168867,-0.056469,-0.003491,0.005236,-0.008726,0.023133,-0.004130,-0.006981,0.061461,0.075685,0.007620,0.000000,0.007321,0.109110
1771552822.918,888,1,1,0.0000,0.9999,0.0001,0.0000,0.0000,0.0000,0.0000,0.000582,0.021081,0.002387,0.000375,0.002907,0.000000,0.000000,-0.597668,-0.090494,0.004808,0.000000,-0.132889,-0.032630,0.000428,0.001745,-0.134280,-0.049077,-0.005236,0.005236,-0.036195,0.019396,-0.003501,-0.006981,0.052377,0.064750,0.006992,0.000000,0.002545,0.101677
1771552823.018,891,1,1,0.0000,0.9999,0.0001,0.0000,0.0000,0.0000,0.0000,0.023875,0.019002,0.004829,0.000461,0.004785,0.000000,0.000000,-0.390939,-0.044625,0.017949,0.000000,-0.103694,-0.033318,-0.007477,0.001745,0.132753,0.134047,-0.005236,0.005236,-0.081044,0.019091,-0.004113,-0.006981,0.041949,0.060740,0.004113,0.000000,0.000662,0.096231
1771552823.118,894,1,1,0.0000,0.9999,0.0000,0.0000,0.0000,0.0000,0.0000,0.136776,0.019559,0.006804,0.000847,0.006477,0.000000,0.000000,-0.046703,0.264052,0.047412,0.000000,0.460150,0.107252,-0.033449,0.001745,0.447674,0.313024,-0.005236,0.005236,-0.056332,0.020342,-0.004642,-0.006981,0.043940,0.059893,0.009878,0.000000,0.000324,0.095090
1771552823.219,897,1,1,0.0000,0.9999,0.0000,0.0001,0.0000,0.0000,0.0000,0.046356,0.018997,0.004380,0.000301,0.004095,0.000000,0.000000,-0.344539,0.106290,-0.012694,0.000000,0.131800,-0.025300,0.024911,0.000000,0.156049,0.137217,-0.005236,0.005236,-0.054595,0.022121,0.001751,-0.006981,0.043037,0.059076,0.003485,0.000000,-0.002087,0.093257
1771552823.319,900,1,1,0.0000,0.9999,0.0000,0.0001,0.0000,0.0000,0.0000,0.051169,0.021482,0.002455,0.000407,0.001892,-0.001745,0.001745,-0.216683,0.076892,-0.114153,-0.001745,0.139168,0.038607,0.129861,0.001745,0.133271,0.092737,-0.005236,0.005236,-0.051203,0.024947,0.001399,-0.006981,0.052038,0.069531,0.000346,0.000000,0.003612,0.100678
1771552823.420,903,1,1,0.0000,0.9999,0.0000,0.0001,0.0000,0.0000,0.0000,0.040458,0.021330,0.001706,0.000944,0.001975,-0.001745,0.003491,0.087294,0.090080,-0.060250,-0.003491,0.063494,0.013031,0.079448,0.000000,0.089021,0.059641,-0.003491,0.005236,0.000040,0.025837,-0.001973,-0.006981,0.047810,0.074711,0.003718,-0.001745,0.002075,0.096527
1771552823.520,906,1,1,0.0000,0.9999,0.0000,0.0000,0.0000,0.0000,0.0000,0.012308,0.026510,0.002374,0.000272,0.004325,-0.003491,0.003491,-0.013037,0.058507,-0.030056,-0.003491,-0.056902,-0.028765,0.052745,0.000000,-0.009944,0.032950,-0.005236,0.005236,-0.008255,0.022263,-0.001954,-0.006981,0.064610,0.098391,0.003700,0.000000,0.020271,0.103651
1771552823.620,909,1,1,0.0000,1.0000,0.0000,0.0000,0.0000,0.0000,0.0000,0.008952,0.025381,0.004735,0.001464,0.005570,-0.003491,0.001745,0.005676,0.042761,-0.025831,-0.003491,-0.081215,-0.063837,0.057247,0.000000,-0.101398,-0.067588,-0.005236,0.003491,-0.004580,0.017940,-0.004116,-0.006981,0.065941,0.095152,0.005861,0.000000,0.010241,0.105942
1771552823.725,912,1,1,0.0000,1.0000,0.0000,0.0000,0.0000,0.0000,0.0000,0.015017,0.034810,0.007740,0.001147,0.009969,-0.003491,0.003491,-0.010999,0.034014,-0.102557,-0.003491,-0.063853,-0.038014,0.142699,0.000000,-0.085520,-0.044486,-0.005236,0.003491,0.001711,0.016101,0.000284,-0.006981,0.102297,0.131154,-0.000284,0.000000,0.028639,0.134040
1771552823.825,915,1,1,0.0000,1.0000,0.0000,0.0000,0.0000,0.0000,0.0000,0.038322,0.026866,0.004728,0.000829,0.005054,-0.003491,0.006981,0.371151,0.018129,-0.028697,-0.005236,-0.019193,-0.010224,0.061858,0.001745,-0.070912,-0.033734,-0.005236,0.005236,-0.000679,0.016393,-0.002579,-0.006981,0.075737,0.095553,0.004324,0.000000,0.012116,0.113032
1771552823.924,918,1,1,0.0000,1.0000,0.0000,0.0000,0.0000,0.0000,0.0000,0.020841,0.021271,0.001675,0.000607,0.001648,-0.006981,0.006981,0.148890,0.005006,0.017091,-0.003491,0.032030,0.022273,0.014325,0.003491,-0.062537,-0.021099,-0.003491,0.003491,-0.087801,0.012920,0.000002,-0.005236,0.063299,0.074129,-0.000002,0.000000,0.003575,0.097839
1771552824.025,921,1,1,0.0000,1.0000,0.0000,0.0000,0.0000,0.0000,0.0000,0.023645,0.020648,0.002506,0.001681,0.002855,-0.006981,0.006981,0.186759,0.009280,0.064708,-0.003491,0.005373,0.008900,-0.036782,0.001745,-0.041458,-0.003147,-0.005236,0.005236,-0.126657,0.006490,0.023948,-0.006981,0.060083,0.061586,-0.023948,0.000000,-0.003727,0.090435
1771552824.126,924,1,1,0.0000,1.0000,0.0000,0.0000,0.0000,0.0000,0.0000,0.047318,0.018568,0.000815,0.000318,0.000827,-0.003491,0.006981,0.100328,0.022755,0.073017,-0.003491,0.100269,0.099170,-0.036365,-0.001745,0.066443,0.098857,-0.005236,0.005236,-0.094996,0.000278,0.008933,-0.006981,0.060014,0.059770,-0.003697,0.000000,-0.002473,0.088589
1771552824.226,927,1,1,0.0000,0.9999,0.0000,0.0000,0.0000,0.0000,0.0000,0.029062,0.018446,0.001678,0.001267,0.004763,-0.003491,0.003491,0.135662,0.037302,0.128724,-0.003491,-0.085700,-0.066592,-0.097308,0.005236,-0.000508,0.038334,-0.005236,0.003491,-0.086131,-0.003956,0.003455,-0.006981,0.064637,0.061635,-0.001709,0.000000,0.001108,0.087023
1771552824.331,930,1,1,0.0000,0.9999,0.0000,0.0000,0.0000,0.0000,0.0000,0.021769,0.016919,0.001336,0.000754,0.004336,-0.001745,0.001745,0.123271,0.040683,0.061335,-0.005236,-0.050596,-0.040283,-0.026428,0.003491,0.001455,0.029251,-0.005236,0.005236,-0.078706,-0.002945,0.000023,-0.005236,0.054887,0.056396,0.001722,-0.001745,-0.003547,0.084762
1771552824.430,933,1,1,0.0000,0.9999,0.0000,0.0000,0.0000,0.0000,0.0000,0.022115,0.016434,0.003067,0.000467,0.003513,0.000000,0.000000,0.130300,0.065150,0.057258,-0.005236,-0.031468,-0.021987,-0.015370,-0.001745,-0.009854,0.012668,-0.005236,0.005236,-0.076455,-0.006174,-0.000585,-0.005236,0.053486,0.053990,-0.001160,0.000000,0.002197,0.082296
1771552824.530,936,1,1,0.0000,1.0000,0.0000,0.0000,0.0000,0.0000,0.0000,0.022245,0.019350,0.002933,0.000567,0.001396,0.000000,0.001745,0.120858,0.075047,0.053427,-0.005236,0.003485,0.012374,-0.008048,-0.001745,-0.023526,-0.003000,-0.003491,0.005236,-0.076136,-0.004158,0.012693,-0.005236,0.059327,0.059620,-0.009202,0.000000,0.007460,0.087870
1771552824.630,939,1,1,0.0000,1.0000,0.0000,0.0000,0.0000,0.0000,0.0000,0.036359,0.018874,0.001352,0.000224,0.001268,-0.001745,0.006981,0.094868,0.091573,0.030027,-0.005236,0.105747,0.091333,0.011861,0.000000,-0.017754,0.003915,-0.003491,0.005236,-0.074781,-0.002907,0.007093,-0.006981,0.059835,0.058712,-0.005347,0.000000,0.006644,0.088973
1771552824.731,942,1,1,0.0000,1.0000,0.0000,0.0000,0.0000,0.0000,0.0000,0.024733,0.041295,0.001395,0.000362,0.002916,-0.001745,0.010472,0.060977,0.059818,0.057832,-0.005236,0.057716,0.046880,-0.019435,0.000000,-0.016927,0.003100,-0.003491,0.005236,-0.018912,0.000815,0.014515,-0.006981,0.124940,0.144996,-0.011025,0.000000,0.079312,0.125726
1771552824.831,945,1,1,0.0000,1.0000,0.0000,0.0000,0.0000,0.0000,0.0000,0.023070,0.022506,0.001099,0.001083,0.000755,-0.006981,0.020944,0.004806,0.069350,0.057998,-0.003491,0.070854,0.034909,-0.017855,0.000000,0.013769,0.004211,-0.003491,0.005236,-0.055580,0.000359,0.002923,-0.005236,0.068343,0.075014,-0.001177,0.000000,0.021566,0.096629
1771552824.939,948,1,1,0.0000,1.0000,0.0000,0.0000,0.0000,0.0000,0.0000,0.033848,0.017138,0.000219,0.000586,0.001213,-0.006981,0.029671,0.153067,0.025187,0.066563,-0.005236,0.057340,0.016405,-0.021184,-0.001745,0.054987,0.002952,-0.005236,0.003491,-0.061194,0.001875,0.001414,-0.005236,0.052966,0.053601,-0.001414,-0.001745,0.007900,0.084412
1771552825.039,951,1,1,0.0000,0.9999,0.0000,0.0001,0.0000,0.0000,0.0000,0.041733,0.016664,0.001659,0.000058,0.002325,-0.003491,0.036652,0.210346,0.004387,0.090887,-0.003491,0.036576,0.003793,-0.048999,0.000000,0.084645,0.033504,-0.005236,0.005236,-0.069858,0.004149,0.003745,-0.005236,0.051867,0.052452,-0.003745,0.000000,0.003059,0.079459
1771552825.140,954,1,1,0.0006,0.9974,0.0000,0.0018,0.0000,0.0000,0.0002,0.042467,0.016608,0.001614,0.001798,0.002883,-0.006981,0.043633,0.311192,-0.001298,0.084371,-0.003491,0.004777,-0.007849,-0.047720,-0.001745,0.039500,0.026131,-0.005236,0.005236,-0.063957,0.003519,0.004383,-0.005236,0.054573,0.053812,-0.000892,0.000000,0.000189,0.077589
1771552825.240,957,1,1,0.0005,0.9931,0.0000,0.0063,0.0000,0.0000,0.0001,0.072867,0.015887,0.003023,0.000607,0.005978,-0.003491,0.045379,0.329607,-0.002197,0.155633,-0.005236,0.080488,0.000082,-0.120726,0.000000,0.135312,0.127900,-0.005236,0.005236,-0.064438,0.006446,0.002873,-0.005236,0.053335,0.053836,-0.002873,0.000000,-0.008550,0.068919
1771552825.341,960,1,1,0.0006,0.8057,0.0000,0.1930,0.0001,0.0000,0.0006,0.084765,0.014216,0.001444,0.003224,0.002050,-0.003491,0.043633,0.280940,0.002630,0.032474,-0.003491,0.225859,0.149995,-0.002803,0.006981,0.155563,0.119108,-0.005236,0.005236,-0.034051,0.004910,0.003706,-0.005236,0.047055,0.045274,-0.001960,0.000000,-0.001674,0.064414
1771552825.440,963,3,3,0.0003,0.3146,0.0001,0.6846,0.0002,0.0000,0.0003,0.115989,0.014322,0.000642,0.001314,0.003312,0.000000,0.041888,0.320525,0.042435,-0.016903,-0.003491,0.304180,0.224204,0.036101,0.005236,0.248898,0.168400,-0.005236,0.005236,-0.033868,0.003390,-0.005799,-0.005236,0.050842,0.046622,0.007544,0.000000,-0.007054,0.058228
1771552825.544,966,3,3,0.0007,0.4329,0.0001,0.5653,0.0003,0.0000,0.0006,0.094761,0.017205,0.001639,0.000839,0.000717,0.003491,0.034907,0.490467,0.039233,0.029991,-0.006981,0.177974,0.146023,-0.014283,0.006981,0.114449,0.093620,-0.005236,0.003491,-0.011090,0.003473,0.000310,-0.005236,0.062092,0.074435,0.001435,0.000000,0.000651,0.060576
1771552825.643,969,3,3,0.0015,0.3993,0.0002,0.5974,0.0005,0.0000,0.0011,0.091150,0.022259,0.000230,0.000235,0.001581,0.005236,0.024435,0.486184,0.033350,0.088711,-0.008727,0.185770,0.136338,-0.081730,0.006981,0.067543,0.059252,-0.005236,0.005236,-0.016023,0.000815,0.002227,-0.005236,0.083091,0.084812,-0.000482,0.000000,0.021105,0.069827
1771552825.747,972,3,3,0.0007,0.1672,0.0002,0.8308,0.0004,0.0001,0.0007,0.078517,0.021363,0.000277,0.000418,0.002368,0.003491,0.022689,0.506215,0.015293,0.095441,-0.012217,0.159668,0.126582,-0.088459,0.010472,0.002358,-0.003186,-0.003491,0.005236,0.003122,-0.001959,0.005610,-0.005236,0.067772,0.072607,-0.002119,0.000000,0.025610,0.076399
1771552825.845,975,3,3,0.0003,0.0469,0.0003,0.9512,0.0003,0.0001,0.0009,0.085780,0.018062,0.001939,0.001338,0.002687,0.000000,0.027925,0.504804,0.015851,0.078889,-0.012217,0.216308,0.175114,-0.070163,0.010472,-0.008754,-0.003489,-0.005236,0.005236,0.004137,-0.001832,0.000829,-0.005236,0.061219,0.061688,-0.000829,0.000000,0.011797,0.071835
1771552825.944,978,3,3,0.0001,0.0162,0.0002,0.9824,0.0001,0.0001,0.0008,0.082066,0.005642,0.003980,0.001646,0.004441,0.000000,0.031416,0.506343,0.019281,0.065368,-0.012217,0.189679,0.160484,-0.058387,0.012217,-0.024687,-0.013211,-0.005236,0.005236,-0.003144,-0.000580,0.000725,-0.003491,-0.051270,-0.020516,-0.000725,0.000000,-0.015355,0.061746
1771552826.045,981,3,3,0.0002,0.0121,0.0001,0.9863,0.0001,0.0001,0.0010,0.080374,0.006345,0.001657,0.000557,0.001843,0.000000,0.031416,0.509134,0.040252,0.026718,-0.012217,0.184201,0.160545,-0.017991,0.012217,-0.032204,-0.013546,-0.005236,0.003491,-0.000431,0.000206,0.010256,-0.005236,0.004235,-0.003487,-0.006765,0.000000,-0.003730,0.057949
1771552826.145,984,3,3,0.0001,0.0096,0.0001,0.9896,0.0001,0.0001,0.0004,0.158561,0.005816,0.003182,0.002799,0.003946,0.000000,0.027925,0.465800,0.059188,-0.175033,-0.012217,0.567850,0.486367,0.182014,0.012217,0.101376,-0.004518,-0.005236,0.005236,-0.003393,0.004023,0.006671,-0.005236,-0.000884,-0.012788,-0.004926,0.000000,-0.005198,0.053864
1771552826.245,987,3,3,0.0000,0.0037,0.0000,0.9960,0.0001,0.0001,0.0001,0.138358,0.005972,0.005202,0.002648,0.003711,0.000000,0.008727,0.372836,0.072986,-0.145540,-0.012217,0.510343,0.415084,0.154266,0.012217,0.101203,0.012628,-0.005236,0.005236,-0.076443,0.003447,0.008782,-0.005236,0.002831,-0.021394,-0.005292,0.000000,-0.007148,0.051368
1771552826.345,990,3,3,0.0000,0.0018,0.0000,0.9979,0.0000,0.0002,0.0001,0.133526,0.005906,0.003171,0.003284,0.002627,0.000000,0.006981,0.299306,0.079634,-0.144820,-0.012217,0.514480,0.428375,0.153546,0.012217,0.095502,0.012274,-0.003491,0.005236,-0.065825,0.006899,0.003638,-0.005236,0.006091,-0.006023,-0.000147,0.000000,-0.004657,0.049010
1771552826.445,993,3,3,0.0000,0.0013,0.0000,0.9984,0.0000,0.0002,0.0001,0.127375,0.005166,0.001657,0.003674,0.002477,-0.001745,0.008727,0.225836,0.080400,-0.141941,-0.010472,0.510280,0.430863,0.152413,0.010472,0.095415,0.014099,-0.003491,0.005236,-0.060187,0.008255,0.009297,-0.005236,-0.000512,-0.005050,-0.007552,0.000000,-0.030691,0.039202
1771552826.545,996,3,3,0.0000,0.0014,0.0000,0.9977,0.0001,0.0007,0.0001,0.134628,0.006176,0.001242,0.002265,0.001923,0.000000,0.006981,0.227536,0.082347,-0.139989,-0.012217,0.544482,0.483678,0.150461,0.008727,0.091933,0.019395,-0.005236,0.003491,-0.056752,0.013124,0.023218,-0.005236,0.002996,-0.002825,-0.019727,0.000000,-0.033616,0.031278
1771552826.645,999,3,3,0.0002,0.0037,0.0001,0.9852,0.0003,0.0103,0.0002,0.133457,0.005333,0.001559,0.001428,0.001026,-0.001745,0.008727,0.229397,0.082562,-0.141772,-0.012217,0.538099,0.477914,0.150499,0.006981,0.089779,0.017522,-0.005236,0.003491,-0.052338,0.015574,0.006847,-0.005236,0.007319,0.000350,-0.003356,0.000000,-0.010878,0.030418
1771552826.746,1002,3,3,0.0009,0.0155,0.0001,0.9456,0.0006,0.0370,0.0004,0.132281,0.005126,0.001293,0.000990,0.003864,0.000000,0.008727,0.223665,0.085685,-0.145726,-0.012217,0.530431,0.476028,0.152708,0.006981,0.086771,0.016382,-0.005236,0.005236,-0.033152,0.013756,-0.009639,-0.005236,0.004241,-0.010750,0.011384,0.000000,-0.006339,0.026893
1771552826.846,1005,3,3,0.0013,0.0496,0.0000,0.9273,0.0006,0.0208,0.0003,0.141357,0.004783,0.001166,0.002012,0.004299,0.000000,0.008727,0.209821,0.087305,-0.167853,-0.010472,0.578516,0.507918,0.176580,0.006981,0.096724,0.023715,-0.005236,0.005236,0.016199,0.015492,-0.002889,-0.005236,-0.013240,-0.020274,0.008125,0.000000,-0.007603,0.012346
1771552826.947,1008,3,3,0.0002,0.0042,0.0000,0.9842,0.0003,0.0110,0.0001,0.149850,0.004432,0.001613,0.002017,0.009300,0.000000,0.008727,0.198683,0.083576,-0.174640,-0.012217,0.597942,0.529760,0.181621,0.005236,0.137082,0.055579,-0.005236,0.003491,0.010435,0.015341,-0.011298,-0.003491,-0.002061,-0.003463,0.013043,0.000000,-0.003345,0.010869
1771552827.048,1011,3,3,0.0001,0.0022,0.0000,0.9909,0.0002,0.0067,0.0000,0.137640,0.004353,0.001596,0.001542,0.002442,0.000000,0.008727,0.229537,0.085671,-0.145857,-0.012217,0.516266,0.471374,0.152838,0.006981,0.129331,0.050950,-0.005236,0.003491,0.014250,0.016733,-0.003206,-0.005236,0.003276,-0.000996,0.003206,0.000000,-0.001401,0.011282
1771552827.148,1014,3,3,0.0001,0.0022,0.0000,0.9912,0.0001,0.0064,0.0000,0.141414,0.003797,0.003501,0.001617,0.001784,0.000000,0.008727,0.222978,0.089658,-0.158106,-0.012217,0.536650,0.477142,0.166832,0.006981,0.133952,0.054050,-0.005236,0.005236,0.013686,0.019475,0.000475,-0.003491,0.001240,-0.004182,0.001271,0.000000,-0.001624,0.004182
1771552827.248,1017,3,3,0.0002,0.0125,0.0000,0.9713,0.0002,0.0156,0.0001,0.107831,0.005219,0.002419,0.000867,0.001875,0.000000,0.008727,0.229932,0.092073,-0.154591,-0.012217,0.390454,0.333819,0.163317,0.006981,0.056454,0.012220,-0.005236,0.005236,0.033343,0.020869,-0.001433,-0.003491,-0.060397,-0.058126,0.003178,0.000000,-0.010118,-0.007563
1771552827.348,1020,3,3,0.0006,0.0599,0.0001,0.9131,0.0003,0.0255,0.0006,0.102765,0.034631,0.002494,0.001286,0.001880,0.000000,0.006981,0.256735,0.114187,-0.089623,-0.012217,0.379995,0.320312,0.098350,0.005236,0.051381,-0.014901,-0.003491,0.005236,0.216947,0.159083,0.025481,-0.005236,0.008825,-0.032202,-0.020245,0.000000,-0.001028,-0.004603
1771552827.448,1023,3,3,0.0008,0.1785,0.0002,0.7851,0.0004,0.0336,0.0014,0.097669,0.062618,0.002797,0.001049,0.001927,0.000000,0.006981,0.257543,0.134275,-0.084430,-0.012217,0.343475,0.311713,0.091411,0.006981,0.019647,-0.027638,-0.005236,0.005236,0.123518,0.124876,0.031858,-0.003491,0.194005,0.110796,-0.021386,0.000000,0.084110,0.077013
1771552827.548,1026,3,3,0.0005,0.2604,0.0003,0.7186,0.0002,0.0188,0.0012,0.099410,0.043650,0.003782,0.003258,0.001716,0.000000,0.008727,0.233835,0.138368,-0.091908,-0.010472,0.350116,0.325486,0.098889,0.005236,0.032267,-0.015768,-0.005236,0.005236,0.104277,0.075549,0.029427,-0.005236,0.089194,0.057702,-0.013719,0.000000,0.076611,0.085800
1771552827.653,1029,3,3,0.0007,0.2296,0.0005,0.7593,0.0003,0.0084,0.0013,0.102327,0.036310,0.000404,0.000117,0.001124,0.000000,0.006981,0.190674,0.142151,-0.094425,-0.010472,0.383548,0.341588,0.101406,0.005236,0.048114,0.008228,-0.003491,0.005236,0.059147,0.061521,0.023399,-0.005236,0.081083,0.057182,-0.005945,0.000000,0.057644,0.090512
1771552827.754,1032,3,3,0.0002,0.0199,0.0007,0.9747,0.0003,0.0036,0.0007,0.105153,0.028933,0.000803,0.000798,0.002079,0.000000,0.008727,0.185448,0.146786,-0.096883,-0.010472,0.395319,0.346688,0.102119,0.006981,0.060712,0.009052,-0.005236,0.005236,0.032461,0.048869,0.009597,-0.005236,0.067998,0.054002,0.002620,-0.001745,0.040378,0.086029
1771552827.855,1035,3,3,0.0016,0.0115,0.0019,0.7902,0.0017,0.1907,0.0024,0.111700,0.029233,0.000832,0.001385,0.000371,0.000000,0.006981,0.182261,0.145624,-0.124053,-0.008727,0.418513,0.363069,0.129289,0.006981,0.071291,0.016391,-0.005236,0.003491,0.005896,0.058790,0.004913,-0.005236,0.083754,0.064524,0.005559,-0.001745,0.038114,0.085756
1771552827.955,1038,5,5,0.0002,0.0011,0.0006,0.1473,0.0014,0.8481,0.0012,0.137476,0.042355,0.001875,0.001989,0.003710,0.000000,0.006981,0.159754,0.146666,-0.193864,-0.010472,0.488569,0.448978,0.199100,0.006981,0.133669,0.059012,-0.005236,0.005236,-0.107348,0.074509,-0.068428,-0.005236,0.093657,0.082807,0.075409,-0.001745,0.064821,0.111820
1771552828.055,1041,5,5,0.0003,0.0018,0.0004,0.4369,0.0020,0.5570,0.0015,0.132605,0.018033,0.000424,0.002417,0.002263,0.000000,0.008727,0.156773,0.142903,-0.181056,-0.010472,0.479082,0.436054,0.186292,0.005236,0.124061,0.052133,-0.005236,0.006981,-0.135633,0.062869,-0.058293,-0.005236,-0.052460,-0.055447,0.061784,-0.001745,0.004690,0.080077
1771552828.157,1044,3,3,0.0002,0.0017,0.0001,0.8301,0.0011,0.1663,0.0005,0.131808,0.007727,0.000765,0.002690,0.004417,0.000000,0.008727,0.171416,0.141586,-0.179696,-0.008727,0.475324,0.429752,0.184932,0.006981,0.118283,0.044690,-0.005236,0.006981,-0.081027,-0.126252,0.085739,-0.005236,-0.587123,-0.485020,-0.080503,-0.001745,-0.376960,-0.244048
1771552828.256,1047,3,3,0.0002,0.0022,0.0000,0.8236,0.0006,0.1732,0.0003,0.117710,0.004786,0.001827,0.002038,0.002090,0.000000,0.003491,0.169001,0.143620,-0.149753,-0.010472,0.452498,0.397173,0.154989,0.006981,0.081531,0.003238,-0.006981,0.006981,-0.373542,-0.303433,0.050447,-0.005236,-0.814666,-0.537347,-0.041720,-0.001745,-0.487858,-0.284300
1771552828.356,1050,3,3,0.0004,0.0048,0.0001,0.8083,0.0006,0.1856,0.0002,0.119388,0.010128,0.001109,0.002056,0.008832,0.000000,0.003491,0.153801,0.147938,-0.158414,-0.010472,0.455701,0.403063,0.163650,0.006981,0.086717,0.011321,0.015708,-0.027925,0.026354,-0.515738,-0.062019,-0.005236,-0.751847,-0.347124,0.079472,-0.001745,-0.576097,-0.344972
1771552828.456,1053,3,3,0.0002,0.0039,0.0000,0.9396,0.0003,0.0560,0.0000,0.121478,0.005127,0.000216,0.002578,0.008036,0.000000,0.006981,0.149568,0.148886,-0.158245,-0.008727,0.454172,0.405245,0.163481,0.006981,0.088418,0.034004,0.027925,-0.059341,-0.194373,-0.431821,-0.014398,-0.005236,-0.722292,-0.362628,0.033596,-0.001745,-0.476204,-0.271443
1771552828.556,1056,3,3,0.0001,0.0023,0.0000,0.9568,0.0003,0.0405,0.0000,0.123006,0.006684,0.000326,0.002697,0.006509,0.000000,0.008727,0.138177,0.151416,-0.153176,-0.008727,0.454512,0.407778,0.158412,0.006981,0.090392,0.059672,0.045379,-0.061087,-0.091297,-0.335484,-0.005156,-0.003491,-0.486996,-0.283260,0.034827,-0.003491,-0.382636,-0.269519
1771552828.661,1059,3,3,0.0002,0.0315,0.0000,0.9628,0.0002,0.0051,0.0001,0.117302,0.024838,0.000543,0.000623,0.001946,0.000000,0.006981,0.094713,0.158352,-0.137189,-0.010472,0.449583,0.406774,0.142425,0.005236,0.088372,0.055185,0.043633,-0.059341,0.219513,-0.175986,0.008387,-0.005236,-0.283447,-0.175767,0.026520,-0.003491,-0.238900,-0.195750
1771552828.759,1062,3,3,0.0002,0.1125,0.0000,0.8854,0.0002,0.0015,0.0002,0.112880,0.012757,0.000270,0.002513,0.010491,0.000000,0.006981,0.100063,0.159514,-0.092005,-0.010472,0.434440,0.401128,0.097241,0.006981,0.088257,0.059949,0.031416,-0.040143,0.086765,-0.104434,0.020403,-0.005236,-0.175958,-0.105723,0.014504,-0.001745,-0.154107,-0.130994
1771552828.859,1065,3,3,0.0002,0.1290,0.0000,0.8690,0.0002,0.0012,0.0003,0.124308,0.012720,0.000703,0.002519,0.003607,0.000000,0.003491,0.092934,0.166524,-0.118477,-0.010472,0.460929,0.446244,0.123713,0.005236,0.097102,0.095523,0.006981,-0.010472,0.112498,-0.053264,0.019900,-0.005236,-0.044120,-0.048006,0.013261,-0.001745,-0.095620,-0.103282
1771552828.959,1068,3,3,0.0003,0.1332,0.0000,0.8649,0.0002,0.0011,0.0004,0.124084,0.011268,0.000856,0.002131,0.003357,0.000000,0.006981,0.105889,0.166401,-0.116003,-0.008727,0.454166,0.436857,0.121239,0.006981,0.098509,0.091984,0.000000,0.000000,0.099848,-0.006314,0.016231,-0.003491,0.002204,-0.002966,0.016930,-0.003491,-0.036407,-0.084745
1771552829.059,1071,3,3,0.0013,0.0699,0.0001,0.9114,0.0007,0.0160,0.0007,0.121315,0.009681,0.001729,0.003616,0.006301,0.000000,0.006981,0.100350,0.165468,-0.110630,-0.010472,0.451024,0.434656,0.115866,0.006981,0.089187,0.085271,-0.001745,0.003491,0.045142,0.034382,0.017204,-0.005236,-0.022193,-0.006779,0.015958,-0.003491,-0.039079,-0.046451
1771552829.160,1074,3,3,0.0019,0.0340,0.0002,0.8685,0.0012,0.0930,0.0012,0.116740,0.022275,0.001954,0.004041,0.002310,0.000000,0.003491,0.079889,0.169626,-0.106373,-0.010472,0.444896,0.411860,0.111609,0.005236,0.091811,0.082459,-0.003491,0.006981,-0.000227,0.048408,-0.040928,-0.003491,0.050685,0.038788,0.077580,-0.001745,0.044863,-0.002380
1771552829.260,1077,3,3,0.0028,0.0329,0.0002,0.8086,0.0017,0.1522,0.0015,0.114841,0.042435,0.000885,0.003013,0.002702,0.000000,0.006981,0.080161,0.172091,-0.102242,-0.010472,0.433276,0.390672,0.107478,0.006981,0.099262,0.081189,-0.005236,0.006981,0.125470,0.056542,-0.003630,-0.005236,0.110161,0.077226,0.043772,-0.003491,0.064147,0.024915
1771552829.360,1080,3,3,0.0005,0.0054,0.0001,0.8835,0.0009,0.1093,0.0003,0.143747,0.028616,0.002524,0.004559,0.006252,0.000000,0.006981,0.093306,0.167716,-0.116942,-0.010472,0.474386,0.439041,0.122178,0.006981,0.237504,0.176867,-0.003491,0.006981,0.046714,0.043047,-0.016842,-0.003491,0.052762,0.066985,0.062220,-0.001745,0.035939,0.028738
1771552829.461,1083,3,3,0.0001,0.0011,0.0000,0.9461,0.0005,0.0520,0.0001,0.152671,0.041799,0.001573,0.002639,0.003342,0.000000,0.006981,0.096045,0.156917,-0.144424,-0.010472,0.524877,0.509049,0.149660,0.005236,0.221394,0.161897,-0.005236,0.005236,0.006422,0.157147,-0.002423,-0.003491,0.042868,0.067825,0.051292,-0.001745,0.070346,0.100457
1771552829.561,1086,3,3,0.0000,0.0003,0.0000,0.9768,0.0002,0.0226,0.0000,0.138593,0.041500,0.002609,0.001634,0.006391,0.000000,0.003491,0.096411,0.160586,-0.119201,-0.008727,0.481573,0.475614,0.124437,0.006981,0.178105,0.135923,-0.003491,0.005236,0.140948,0.152611,0.143013,-0.003491,-0.017314,-0.006719,-0.095890,-0.001745,-0.036132,0.056189
1771552829.661,1089,3,3,0.0000,0.0000,0.0000,0.9717,0.0001,0.0281,0.0000,0.147212,0.032728,0.003770,0.004276,0.007503,0.000000,0.001745,0.086539,0.176253,-0.128654,-0.010472,0.511108,0.516679,0.132145,0.006981,0.189279,0.145812,-0.003491,0.003491,0.074461,0.217618,0.050540,-0.005236,-0.075924,-0.045148,-0.006906,-0.001745,-0.108902,0.046626
1771552829.761,1092,3,3,0.0000,0.0000,0.0000,0.9735,0.0001,0.0264,0.0000,0.121212,0.031463,0.000936,0.001812,0.003177,0.000000,0.006981,0.094631,0.175601,-0.043028,-0.010472,0.447693,0.478622,0.046518,0.006981,0.078347,0.119168,-0.003491,0.005236,-0.168701,0.326936,0.029824,-0.003491,-0.058194,-0.028473,0.015554,-0.001745,-0.132884,-0.009625
1771552829.862,1095,3,3,0.0000,0.0000,0.0000,0.9846,0.0001,0.0152,0.0000,0.125159,0.017155,0.001086,0.002214,0.007594,0.000000,0.006981,0.074095,0.213780,-0.048223,-0.008727,0.451966,0.478425,0.055204,0.006981,0.099746,0.114730,-0.003491,0.005236,-0.049797,0.153876,0.046742,-0.003491,-0.066757,-0.024567,-0.004854,-0.001745,-0.102894,-0.015350
1771552829.963,1098,3,3,0.0000,0.0000,0.0000,0.9758,0.0001,0.0240,0.0000,0.115519,0.055040,0.002246,0.001409,0.013033,0.000000,0.003491,0.021824,0.267303,-0.027321,-0.010472,0.417356,0.459365,0.032557,0.006981,0.080115,0.097236,-0.005236,0.006981,-0.291312,0.514661,0.023118,-0.005236,0.021596,0.051357,0.022260,-0.001745,-0.057317,0.020512
1771552830.063,1101,3,3,0.0000,0.0000,0.0000,0.9834,0.0002,0.0164,0.0000,0.109320,0.027704,0.000948,0.005415,0.003404,0.000000,0.006981,0.024681,0.272451,0.004149,-0.010472,0.398806,0.451169,0.001087,0.006981,0.057749,0.087784,-0.003491,0.006981,0.066855,0.201329,0.018213,-0.005236,-0.029114,0.009394,0.025420,-0.001745,-0.090473,0.004253
1771552830.163,1104,3,3,0.0000,0.0001,0.0000,0.9838,0.0003,0.0159,0.0000,0.107672,0.028315,0.001410,0.001251,0.001537,0.000000,0.008727,0.018645,0.286638,0.008828,-0.010472,0.386313,0.444889,-0.003592,0.005236,0.051355,0.081434,-0.005236,0.006981,0.115189,0.158128,0.011549,-0.003491,-0.014342,0.006964,0.032085,-0.001745,-0.062819,0.008884
1771552830.263,1107,3,3,0.0000,0.0002,0.0000,0.9679,0.0005,0.0314,0.0000,0.109340,0.024792,0.000534,0.001583,0.002383,0.000000,0.003491,-0.006572,0.297345,-0.000518,-0.008727,0.398755,0.462390,0.005754,0.005236,0.054632,0.084481,-0.005236,0.006981,0.096062,0.114377,-0.025996,-0.003491,-0.003389,0.000865,0.071375,-0.003491,-0.036922,0.007847
1771552830.364,1110,3,3,0.0000,0.0003,0.0000,0.9428,0.0005,0.0563,0.0001,0.115791,0.016991,0.000641,0.003102,0.001879,0.000000,0.003491,-0.032568,0.296664,-0.022701,-0.008727,0.420275,0.485786,0.027937,0.006981,0.059707,0.088647,-0.003491,0.005236,0.049950,0.057593,-0.038899,-0.003491,-0.012593,-0.002687,0.084278,-0.001745,-0.028085,0.006840
1771552830.463,1113,3,3,0.0000,0.0003,0.0000,0.9517,0.0003,0.0477,0.0000,0.133600,0.007662,0.000798,0.008052,0.023860,0.000000,0.003491,-0.084587,0.299400,-0.050208,-0.008727,0.484419,0.566563,0.055444,0.006981,0.076179,0.110723,-0.003491,0.005236,-0.165698,-0.047938,-0.046568,-0.003491,-0.416813,-0.183669,0.086711,-0.001745,-0.176535,-0.072232
1771552830.564,1116,3,3,0.0000,0.0001,0.0000,0.9843,0.0001,0.0155,0.0000,0.124275,0.006077,0.000277,0.007356,0.012155,0.000000,0.003491,-0.061331,0.293582,-0.041176,-0.008727,0.454462,0.508902,0.046412,0.006981,0.075462,0.102006,-0.005236,0.003491,-0.583286,-0.803439,-0.027549,-0.003491,-0.487844,-0.144577,0.069437,-0.001745,-0.440991,-0.326270
1771552830.663,1119,3,3,0.0000,0.0000,0.0000,0.9928,0.0000,0.0071,0.0000,0.132366,0.006387,0.000320,0.000727,0.006003,0.000000,0.003491,-0.063057,0.291734,-0.114979,-0.008727,0.463643,0.518269,0.120215,0.006981,0.081677,0.102382,-0.005236,0.005236,-0.350465,-0.658537,-0.029526,-0.003491,-0.269871,-0.089374,0.071414,0.000000,-0.200934,-0.177662
1771552830.764,1122,3,3,0.0000,0.0001,0.0000,0.9890,0.0000,0.0109,0.0000,0.130572,0.005498,0.000578,0.001043,0.001031,0.001745,0.003491,-0.059254,0.289809,-0.096174,-0.008727,0.473187,0.516598,0.101410,0.006981,0.080303,0.093338,-0.005236,0.006981,-0.407392,-0.384103,-0.013621,-0.001745,-0.224545,-0.046094,0.059000,-0.001745,-0.182765,-0.150619
1771552830.864,1125,3,3,0.0000,0.0001,0.0000,0.9772,0.0001,0.0226,0.0000,0.128239,0.006368,0.000494,0.001131,0.000453,0.000000,0.006981,-0.057191,0.288919,-0.096089,-0.008727,0.471591,0.511032,0.101325,0.006981,0.077943,0.074097,-0.005236,0.005236,-0.346747,-0.228373,0.071174,0.000000,-0.149714,-0.044578,-0.025796,-0.001745,-0.121417,-0.102111
1771552830.964,1128,3,3,0.0000,0.0002,0.0000,0.9602,0.0001,0.0396,0.0000,0.128836,0.003782,0.000534,0.008603,0.011279,0.000000,0.003491,-0.063236,0.288179,-0.100392,-0.008727,0.477380,0.511664,0.105628,0.006981,0.078325,0.074389,-0.003491,0.005236,-0.070050,-0.068414,0.028827,-0.001745,-0.096430,-0.043932,0.011315,-0.001745,-0.019267,-0.034036
1771552831.065,1131,3,3,0.0000,0.0001,0.0000,0.9504,0.0001,0.0494,0.0000,0.124886,0.016151,0.000223,0.005887,0.010898,0.000000,0.003491,-0.061596,0.288371,-0.089419,-0.008727,0.476706,0.504780,0.094655,0.006981,0.069155,0.054498,-0.003491,0.003491,0.100970,-0.018635,0.021333,-0.001745,0.026218,-0.049267,0.013574,0.000000,0.028228,-0.005687
1771552831.165,1134,3,3,0.0000,0.0001,0.0000,0.9139,0.0001,0.0859,0.0000,0.114220,0.010371,0.000158,0.003107,0.003354,0.000000,0.003491,-0.047030,0.288490,-0.069308,-0.008727,0.471411,0.479794,0.074544,0.006981,0.028578,0.017347,-0.003491,0.003491,0.093036,-0.021346,0.015579,-0.001745,-0.014517,-0.041470,0.012346,0.000000,-0.012191,-0.026883
1771552831.265,1137,3,3,0.0000,0.0001,0.0000,0.9647,0.0001,0.0351,0.0000,0.117229,0.010002,0.000467,0.003040,0.004681,0.000000,0.003491,-0.054570,0.289734,-0.073724,-0.008727,0.472846,0.488526,0.078960,0.006981,0.038190,0.028022,-0.003491,0.003491,0.095593,-0.014673,0.017408,0.000000,-0.014829,-0.037854,0.003536,0.000000,-0.102794,-0.083726
1771552831.366,1140,3,3,0.0000,0.0001,0.0000,0.9752,0.0001,0.0246,0.0000,0.115943,0.006082,0.000608,0.003916,0.006745,0.000000,0.003491,-0.052603,0.287136,-0.073028,-0.008727,0.460442,0.485551,0.078264,0.006981,0.039825,0.029630,-0.003491,0.001745,0.057273,-0.009617,0.008169,0.000000,-0.005007,-0.042056,0.005794,0.000000,-0.068217,-0.062459
1771552831.466,1143,3,3,0.0000,0.0002,0.0000,0.9700,0.0001,0.0298,0.0000,0.114843,0.008902,0.000758,0.001045,0.000439,0.000000,0.003491,-0.055568,0.286489,-0.072203,-0.008727,0.447755,0.483313,0.077439,0.006981,0.041064,0.031590,-0.003491,0.001745,-0.022308,0.094611,0.003077,0.000000,-0.008861,-0.043468,0.007395,0.000000,-0.063933,-0.056842
1771552831.566,1146,3,3,0.0000,0.0000,0.0000,0.9933,0.0000,0.0066,0.0000,0.210923,0.015287,0.002571,0.000387,0.000873,0.000000,0.006981,-0.097686,0.284768,-0.160031,-0.008727,0.803652,0.817696,0.165267,0.006981,0.188103,0.257631,-0.003491,0.003491,-0.138786,0.111908,-0.033087,0.000000,0.005288,-0.047648,0.045305,0.000000,0.017455,-0.020557
1771552831.667,1149,3,3,0.0000,0.0000,0.0000,0.9987,0.0000,0.0012,0.0000,0.194611,0.029959,0.000446,0.000986,0.013326,0.000000,0.003491,-0.093587,0.233632,-0.131581,-0.006981,0.773851,0.767862,0.136817,0.006981,0.199654,0.213050,-0.003491,0.003491,-0.211271,0.205918,-0.020993,0.000000,0.081063,-0.053277,0.041937,0.000000,0.023731,0.003365
1771552831.766,1152,3,3,0.0000,0.0000,0.0000,0.9991,0.0002,0.0007,0.0000,0.190280,0.189853,0.000655,0.001254,0.004847,0.000000,0.003491,-0.086052,0.220856,-0.130026,-0.008727,0.759560,0.757785,0.135262,0.006981,0.190358,0.209073,-0.003491,0.003491,0.961544,0.291011,0.062982,0.000000,0.343323,0.058435,-0.028075,0.000000,0.327370,0.230080
1771552831.877,1155,3,3,0.0000,0.0000,0.0000,0.9987,0.0006,0.0007,0.0000,0.205230,0.177811,0.000827,0.001170,0.005323,0.000000,0.003491,-0.065786,0.215977,-0.112373,-0.008727,0.823106,0.810966,0.117609,0.006981,0.219131,0.265500,-0.003491,0.003491,0.362371,0.377933,0.063474,0.000000,0.399301,0.197312,-0.037294,-0.003491,0.396491,0.333358
1771552831.977,1158,3,3,0.0000,0.0000,0.0000,0.9977,0.0011,0.0012,0.0000,0.211564,0.166740,0.000213,0.000285,0.004808,0.000000,0.003491,-0.069027,0.217873,-0.116577,-0.008727,0.804859,0.816049,0.121813,0.006981,0.262629,0.305074,-0.003491,0.003491,0.209565,0.192476,0.253342,0.000000,0.352140,0.178431,-0.234143,0.005236,0.441144,0.365061
1771552832.077,1161,3,3,0.0000,0.0000,0.0000,0.9938,0.0025,0.0036,0.0000,0.191463,0.136116,0.002160,0.000969,0.002065,0.000000,0.003491,-0.066539,0.212967,-0.048220,-0.006981,0.741919,0.731827,0.053456,0.006981,0.253356,0.293563,-0.001745,0.003491,0.238007,0.127299,0.182128,0.000000,0.438177,0.176435,-0.161184,0.000000,0.273759,0.194095
1771552832.177,1164,3,3,0.0000,0.0001,0.0000,0.9740,0.0080,0.0178,0.0000,0.129362,0.088131,0.000966,0.001137,0.001683,0.000000,0.003491,-0.047490,0.215627,-0.097490,-0.008727,0.426629,0.482334,0.102726,0.006981,0.156009,0.158552,-0.001745,0.001745,0.220571,0.038984,0.108482,0.000000,0.211766,0.093587,-0.089283,-0.001745,0.248858,0.133582
1771552832.277,1167,3,3,0.0000,0.0002,0.0001,0.9699,0.0077,0.0221,0.0000,0.134133,0.061398,0.000897,0.003991,0.002979,0.000000,0.006981,-0.057217,0.221292,-0.089525,-0.008727,0.470053,0.514039,0.093016,0.006981,0.147699,0.149531,-0.001745,0.001745,0.149479,0.026168,0.074344,0.000000,0.127972,0.060359,-0.056891,-0.001745,0.183210,0.113503
1771552832.374,1170,3,3,0.0017,0.0059,0.0000,0.8351,0.1195,0.0374,0.0003,0.142533,0.038320,0.000384,0.002929,0.005657,0.001745,0.003491,-0.095632,0.218103,-0.124165,-0.008727,0.502610,0.539458,0.129401,0.006981,0.153792,0.154816,-0.001745,0.003491,0.127697,0.019263,0.060162,-0.001745,0.057697,-0.027675,-0.040963,-0.001745,0.135077,0.056460
1771552832.474,1173,3,3,0.0003,0.0134,0.0000,0.9828,0.0011,0.0024,0.0000,0.152259,0.022830,0.002317,0.003333,0.006184,0.000000,0.001745,-0.097096,0.219058,-0.127728,-0.006981,0.562395,0.588079,0.132964,0.006981,0.159030,0.156859,-0.001745,0.003491,0.106590,0.017905,0.038560,0.000000,0.031921,-0.011897,-0.015870,-0.001745,0.075490,-0.024794
1771552832.575,1176,3,3,0.0000,0.0003,0.0000,0.9969,0.0000,0.0027,0.0000,0.145996,0.013400,0.002545,0.002920,0.003696,0.000000,0.001745,-0.070958,0.218681,-0.114362,-0.006981,0.541065,0.573079,0.119598,0.006981,0.148652,0.142148,-0.001745,0.001745,0.102697,0.017514,0.025040,0.000000,0.013800,-0.002127,-0.000606,-0.001745,-0.022395,-0.049207
1771552832.675,1179,3,3,0.0000,0.0003,0.0000,0.9948,0.0000,0.0048,0.0000,0.121905,0.012124,0.002697,0.001548,0.003775,0.000000,0.003491,-0.033926,0.213957,-0.075734,-0.006981,0.482217,0.503473,0.080970,0.006981,0.090606,0.081168,-0.001745,0.005236,0.106600,0.016200,0.013211,0.000000,-0.030398,-0.000573,0.004242,0.000000,-0.037188,-0.056666
1771552832.777,1182,3,3,0.0000,0.0007,0.0000,0.9942,0.0000,0.0050,0.0000,0.121780,0.012520,0.001639,0.000735,0.002336,0.000000,0.000000,0.028058,0.215766,-0.065554,-0.006981,0.471053,0.486836,0.070790,0.006981,0.094571,0.087310,0.000000,0.003491,0.108484,0.016902,0.007084,0.000000,-0.006296,0.009150,0.005134,0.000000,-0.020242,-0.054633
1771552832.878,1185,3,3,0.0000,0.0028,0.0000,0.9926,0.0001,0.0044,0.0000,0.121297,0.013128,0.000658,0.003038,0.003510,0.001745,0.001745,0.013846,0.217498,-0.074745,-0.006981,0.460863,0.491144,0.079981,0.006981,0.094349,0.087407,0.000000,0.005236,0.083676,0.018572,0.002367,0.000000,-0.002273,0.043068,0.004614,0.000000,-0.009651,-0.050055
1771552832.980,1188,3,3,0.0002,0.0162,0.0000,0.9769,0.0002,0.0063,0.0002,0.118629,0.019596,0.000582,0.001712,0.001906,0.001745,0.000000,0.011405,0.218479,-0.086032,-0.006981,0.447159,0.484247,0.091268,0.006981,0.088180,0.074080,0.000000,0.003491,0.054245,0.024147,-0.012959,-0.001745,0.027992,0.110392,0.014704,-0.001745,0.000180,-0.039374
1771552833.078,1191,3,3,0.0000,0.0061,0.0000,0.9927,0.0001,0.0011,0.0000,0.117973,0.046436,0.001668,0.001480,0.021458,0.001745,0.003491,0.016062,0.229987,-0.071386,-0.006981,0.444982,0.477218,0.076622,0.006981,0.086141,0.072447,0.000000,0.003491,-0.662481,-0.615146,-0.328125,-0.001745,-0.019762,0.145043,0.331615,-0.001745,-0.252336,0.077082
1771552833.180,1194,3,3,0.0000,0.0030,0.0000,0.9965,0.0000,0.0004,0.0000,0.119857,0.025309,0.001610,0.001654,0.003306,0.001745,0.001745,0.006966,0.236783,-0.068410,-0.006981,0.452223,0.488665,0.073646,0.006981,0.088694,0.080833,0.000000,0.003491,-1.071606,-0.639298,-0.291496,-0.001745,-1.087232,-0.217258,0.300223,0.000000,-0.855108,-0.495236
1771552833.278,1197,3,3,0.0000,0.0007,0.0000,0.9992,0.0000,0.0001,0.0000,0.121231,0.006603,0.000828,0.002638,0.017806,0.001745,0.000000,0.003335,0.242495,-0.067688,-0.006981,0.458040,0.490768,0.072924,0.006981,0.090159,0.088322,0.000000,0.001745,-0.781063,-0.385303,-0.067013,-0.001745,-0.793114,-0.194606,0.075739,0.001745,-0.663961,-0.288923
1771552833.378,1200,5,3,0.0000,0.0000,0.0000,0.0641,0.0000,0.9359,0.0000,0.118504,0.007460,0.000806,0.001759,0.025721,0.001745,0.000000,0.009461,0.243942,-0.041244,-0.006981,0.454295,0.482821,0.046480,0.006981,0.088642,0.087676,0.001745,0.000000,-0.580972,-0.226473,-0.075557,0.000000,-0.579005,-0.096419,0.087774,0.000000,-0.466039,-0.248452
1771552833.479,1203,3,5,0.0000,0.0002,0.0000,0.8297,0.0001,0.1700,0.0000,0.119914,0.013505,0.000785,0.004174,0.014293,0.001745,0.000000,0.026243,0.244680,-0.032663,-0.006981,0.454950,0.477043,0.037899,0.006981,0.095622,0.093804,-0.001745,0.003491,-0.352346,-0.010159,-0.139367,0.000000,-0.338086,-0.074995,0.158566,-0.001745,-0.235402,-0.151570
1771552833.579,1206,3,3,0.0000,0.0001,0.0000,0.9928,0.0000,0.0071,0.0000,0.122791,0.013300,0.000589,0.004531,0.002994,0.001745,0.000000,0.058654,0.244320,-0.027033,-0.006981,0.454455,0.470974,0.032269,0.006981,0.103228,0.100861,-0.003491,0.003491,-0.218630,0.078788,-0.052881,0.000000,-0.164385,-0.105599,0.077316,-0.006981,-0.060284,-0.051618
1771552833.687,1209,3,3,0.0000,0.0001,0.0000,0.9991,0.0000,0.0008,0.0000,0.135244,0.007644,0.000897,0.004020,0.006858,0.001745,0.000000,0.048735,0.251130,-0.030550,-0.006981,0.474917,0.498265,0.035786,0.006981,0.150216,0.155147,-0.001745,0.003491,-0.100086,0.054333,-0.014708,0.000000,-0.132246,-0.069264,0.033907,-0.005236,-0.064343,-0.057706
1771552833.779,1212,3,3,0.0000,0.0000,0.0000,1.0000,0.0000,0.0000,0.0000,0.152616,0.006098,0.001271,0.003284,0.004104,0.001745,0.000000,0.027485,0.254953,-0.038318,-0.006981,0.534129,0.579804,0.043554,0.006981,0.183141,0.199594,-0.001745,0.003491,-0.087420,0.041875,-0.001627,0.000000,-0.110772,-0.052731,0.027806,0.000000,-0.064714,-0.061241
1771552833.879,1215,3,3,0.0000,0.0000,0.0000,1.0000,0.0000,0.0000,0.0000,0.149276,0.005806,0.001384,0.002304,0.001307,0.001745,0.000000,0.002273,0.256758,-0.056621,-0.006981,0.523035,0.565829,0.061857,0.006981,0.179621,0.193214,-0.001745,0.003491,-0.129136,0.042551,0.021880,0.000000,-0.086048,-0.044675,-0.002681,0.001745,-0.065098,-0.061123
1771552833.979,1218,3,3,0.0000,0.0000,0.0000,0.9995,0.0000,0.0005,0.0000,0.144202,0.007436,0.000724,0.002416,0.002298,0.001745,0.000000,-0.012918,0.257660,-0.056080,-0.006981,0.494328,0.549264,0.061316,0.006981,0.174577,0.184554,0.000000,0.005236,-0.106503,0.038536,0.041973,0.000000,-0.017593,-0.045723,-0.029756,0.003491,-0.053099,-0.056162
1771552834.080,1221,3,3,0.0000,0.0000,0.0000,0.9960,0.0000,0.0039,0.0000,0.146733,0.022943,0.001280,0.001898,0.000991,0.001745,0.000000,-0.036978,0.261696,-0.058425,-0.006981,0.503388,0.558226,0.063661,0.006981,0.178830,0.186264,-0.001745,0.003491,-0.052707,0.044545,0.051977,0.000000,0.022878,-0.056815,-0.034524,0.000000,0.093092,0.059332
1771552834.180,1224,3,3,0.0000,0.0000,0.0000,0.9917,0.0001,0.0081,0.0000,0.143409,0.089868,0.001856,0.004854,0.003583,0.001745,0.000000,-0.039201,0.266057,-0.052840,-0.006981,0.493232,0.545388,0.058076,0.006981,0.173314,0.176109,0.000000,0.001745,0.027029,0.164748,0.054096,0.000000,0.221349,-0.016463,-0.033152,0.000000,0.361944,0.247502
1771552834.281,1227,3,3,0.0000,0.0000,0.0000,0.9929,0.0013,0.0058,0.0000,0.130808,0.165379,0.000219,0.003541,0.004365,0.001745,0.000000,-0.044500,0.285571,-0.041914,-0.006981,0.440276,0.489528,0.047150,0.006981,0.155809,0.142637,-0.001745,0.001745,0.627445,0.285812,0.076954,0.000000,0.358932,0.083924,-0.059501,0.000000,0.305989,0.243749
1771552834.381,1230,3,3,0.0000,0.0001,0.0000,0.9829,0.0121,0.0049,0.0000,0.131632,0.347680,0.001261,0.001250,0.010927,0.001745,0.000000,-0.065233,0.287953,-0.045322,-0.006981,0.446179,0.496541,0.050558,0.006981,0.149290,0.140335,-0.003491,0.001745,0.761196,0.325856,0.253688,0.000000,1.051349,0.572885,-0.241471,0.000000,0.697232,0.508213
1771552834.481,1233,3,3,0.0000,0.0001,0.0000,0.9634,0.0323,0.0041,0.0001,0.133754,0.187910,0.000527,0.000687,0.000904,0.003491,0.000000,-0.062714,0.288093,-0.057991,-0.006981,0.453323,0.502647,0.063227,0.006981,0.148709,0.138571,0.001745,0.000000,0.485578,0.151251,0.039704,0.000000,0.691533,0.371203,-0.030977,0.003491,0.288984,0.221425
1771552834.582,1236,3,3,0.0001,0.0001,0.0001,0.9213,0.0643,0.0139,0.0002,0.140341,0.097747,0.000153,0.000493,0.004551,0.001745,0.000000,-0.063244,0.287269,-0.095184,-0.006981,0.472557,0.527394,0.100420,0.006981,0.149351,0.138369,0.001745,0.001745,0.351833,0.069397,0.071486,0.000000,0.287482,0.177986,-0.066250,0.001745,0.085577,0.123969
1771552834.682,1239,3,3,0.0006,0.0006,0.0001,0.9024,0.0690,0.0270,0.0004,0.137810,0.064495,0.000133,0.000199,0.000486,0.003491,0.000000,-0.057882,0.286375,-0.085560,-0.008727,0.470142,0.523611,0.089051,0.006981,0.143387,0.130687,0.000000,0.000000,0.231873,0.024868,0.051873,0.000000,0.207065,0.116380,-0.046637,0.001745,0.054790,0.085348
1771552834.782,1242,3,3,0.0020,0.0044,0.0001,0.8860,0.0768,0.0305,0.0003,0.150379,0.061223,0.000240,0.002543,0.004569,0.001745,0.000000,-0.066399,0.288125,-0.090402,-0.008727,0.536152,0.578046,0.095638,0.006981,0.157962,0.139903,0.000000,0.000000,0.200059,-0.007789,0.033997,0.001745,0.222364,0.160537,-0.025271,0.003491,0.036345,0.076144
1771552834.889,1245,3,3,0.0086,0.0154,0.0001,0.8360,0.0825,0.0563,0.0009,0.159389,0.090056,0.000341,0.001492,0.002016,0.001745,0.000000,-0.073422,0.288168,-0.113111,-0.006981,0.555883,0.618244,0.118347,0.006981,0.169153,0.154147,0.000000,-0.005236,0.127769,0.006668,-0.033470,0.001745,0.283432,0.263659,0.040452,0.001745,0.193512,0.161689
1771552834.984,1248,3,3,0.0192,0.0080,0.0026,0.4359,0.2972,0.2317,0.0053,0.170736,0.101057,0.000275,0.001157,0.002836,0.001745,0.000000,-0.086560,0.289554,-0.133908,-0.008727,0.599828,0.659945,0.139144,0.006981,0.181639,0.169995,0.001745,0.000000,0.070764,0.005767,-0.030916,0.001745,0.337301,0.281941,0.041388,0.000000,0.247283,0.224755
1771552835.083,1251,3,3,0.0004,0.0002,0.0002,0.8114,0.0702,0.1176,0.0001,0.167502,0.094699,0.000782,0.002983,0.007803,0.001745,0.000000,-0.091138,0.289439,-0.120283,-0.008727,0.588183,0.645114,0.125519,0.006981,0.181013,0.172033,0.000000,0.000000,0.071079,0.011024,-0.006733,-0.003491,0.261684,0.245717,0.015460,0.005236,0.245855,0.280337
1771552835.183,1254,3,3,0.0013,0.0006,0.0002,0.6151,0.2394,0.1431,0.0003,0.154802,0.085743,0.002377,0.006557,0.007411,0.001745,0.000000,-0.090844,0.288304,-0.091603,-0.006981,0.555278,0.608280,0.096839,0.006981,0.151080,0.149118,0.000000,0.001745,0.081378,0.011539,-0.012078,-0.008727,0.212578,0.210187,0.013824,0.006981,0.241037,0.249652
1771552835.284,1257,3,3,0.0008,0.0005,0.0002,0.7069,0.1577,0.1336,0.0002,0.149775,0.090152,0.001378,0.005375,0.004445,0.001745,0.000000,-0.093614,0.284321,-0.089521,-0.006981,0.545266,0.608677,0.094757,0.006981,0.113485,0.142069,0.000000,0.005236,0.037335,0.015097,-0.076486,-0.008727,0.186647,0.263854,0.072995,0.010472,0.230375,0.259818
1771552835.388,1260,3,3,0.0014,0.0009,0.0002,0.6234,0.2312,0.1425,0.0003,0.143096,0.084507,0.001741,0.002450,0.011097,0.001745,0.000000,-0.130454,0.276009,-0.160459,-0.008727,0.516102,0.610319,0.165695,0.006981,0.001272,0.139023,0.000000,0.006981,0.029567,0.016710,-0.120392,-0.008727,0.159567,0.194512,0.106430,0.012217,0.233769,0.254332
1771552835.484,1263,3,3,0.0005,0.0019,0.0000,0.9347,0.0366,0.0263,0.0000,0.143076,0.018404,0.000610,0.000786,0.010949,0.001745,0.000000,-0.136405,0.272328,-0.151135,-0.008727,0.502846,0.606153,0.156371,0.006981,0.032484,0.138008,0.000000,0.005236,-0.259835,-0.167118,-0.129781,-0.010472,-0.332719,-0.339368,0.107092,0.013963,-0.048284,0.094552
1771552835.584,1266,3,3,0.0000,0.0032,0.0000,0.9957,0.0003,0.0007,0.0000,0.133945,0.008172,0.004116,0.004818,0.017286,0.001745,0.001745,-0.129959,0.269493,-0.002481,-0.008727,0.500817,0.543030,0.007717,0.006981,0.131191,0.144617,0.000000,0.005236,-0.829845,-0.225699,-0.106787,-0.001745,-0.398589,-0.258280,0.084098,0.008727,-0.131872,-0.060118
1771552835.686,1269,3,3,0.0000,0.0024,0.0000,0.9974,0.0000,0.0001,0.0000,0.142806,0.005243,0.000171,0.002333,0.002002,0.001745,0.000000,-0.108551,0.269646,-0.051201,-0.006981,0.494978,0.544158,0.056437,0.006981,0.162454,0.177270,0.000000,0.001745,-0.686283,-0.225638,-0.078628,-0.008727,-0.727300,-0.468051,0.057684,0.003491,-0.509710,-0.396474
1771552835.785,1272,3,3,0.0000,0.0001,0.0000,0.9962,0.0000,0.0037,0.0000,0.142161,0.004289,0.000801,0.001084,0.002049,0.001745,0.000000,-0.106614,0.270255,-0.052530,-0.006981,0.499556,0.555004,0.057766,0.006981,0.143660,0.170966,0.000000,0.000000,-0.429658,-0.125061,-0.058445,-0.005236,-0.644952,-0.416976,0.047973,0.003491,-0.453600,-0.334272
1771552835.886,1275,3,3,0.0000,0.0001,0.0000,0.9922,0.0000,0.0077,0.0000,0.142616,0.001245,0.001061,0.000583,0.003527,0.001745,0.000000,-0.097754,0.271041,-0.060897,-0.006981,0.501309,0.556856,0.066133,0.006981,0.139922,0.167399,0.000000,0.000000,-0.259191,-0.079041,-0.020175,0.000000,-0.406238,-0.267372,0.011449,0.003491,-0.250186,-0.200939
1771552835.985,1278,3,3,0.0000,0.0001,0.0000,0.9942,0.0000,0.0056,0.0000,0.144481,0.005594,0.000503,0.003700,0.008817,0.000000,0.000000,-0.091633,0.271653,-0.062068,-0.006981,0.510206,0.568621,0.067304,0.006981,0.140705,0.168298,0.000000,0.000000,-0.174667,0.059538,-0.007587,-0.001745,-0.310039,-0.203690,0.004096,0.003491,-0.223231,-0.198917
1771552836.086,1281,3,3,0.0000,0.0002,0.0000,0.9975,0.0000,0.0023,0.0000,0.146816,0.005091,0.001420,0.003395,0.004984,0.001745,0.000000,-0.079490,0.271894,-0.063107,-0.008727,0.523837,0.577648,0.068343,0.006981,0.142289,0.169059,-0.003491,0.000000,-0.129322,0.053733,0.003869,-0.001745,-0.224143,-0.129674,-0.003869,0.003491,-0.182889,-0.150477
1771552836.186,1284,3,3,0.0000,0.0002,0.0000,0.9981,0.0000,0.0016,0.0000,0.146064,0.008598,0.000676,0.003028,0.003073,0.001745,0.000000,-0.073420,0.271467,-0.055346,-0.006981,0.520738,0.577898,0.060582,0.006981,0.143151,0.170203,-0.003491,0.001745,-0.099043,0.058001,-0.027718,-0.003491,-0.164350,-0.093310,0.039935,0.003491,-0.137159,-0.111802
1771552836.289,1287,3,3,0.0000,0.0003,0.0000,0.9974,0.0000,0.0022,0.0000,0.145159,0.038197,0.000693,0.003386,0.002443,0.001745,0.000000,-0.073331,0.271835,-0.051142,-0.006981,0.513189,0.575417,0.056378,0.006981,0.145467,0.170899,0.000000,0.001745,-0.020747,0.197234,0.052021,-0.001745,-0.029844,-0.025262,-0.041549,0.001745,0.099476,0.106144
1771552836.391,1290,3,3,0.0000,0.0001,0.0000,0.9959,0.0001,0.0038,0.0000,0.146058,0.087541,0.001035,0.004249,0.004185,0.001745,0.000000,-0.073845,0.271073,-0.049875,-0.008727,0.511696,0.575710,0.055111,0.006981,0.155076,0.175303,-0.001745,0.001745,0.041311,0.196253,0.028346,-0.001745,0.198971,0.142035,-0.012638,0.000000,0.224600,0.217232
1771552836.491,1293,3,3,0.0000,0.0000,0.0000,0.9976,0.0001,0.0022,0.0000,0.146804,0.089892,0.002547,0.002390,0.004923,0.001745,0.000000,-0.082572,0.267787,-0.042422,-0.008727,0.509036,0.576304,0.047658,0.006981,0.164112,0.188027,0.000000,0.000000,0.275333,0.134245,0.038330,-0.003491,0.203218,0.128889,-0.024368,0.000000,0.143076,0.155607
1771552836.593,1296,3,3,0.0000,0.0000,0.0000,0.9982,0.0002,0.0016,0.0000,0.150239,0.132271,0.000847,0.001595,0.007629,0.001745,0.001745,-0.093120,0.264575,-0.065242,-0.006981,0.509489,0.583555,0.070478,0.006981,0.170624,0.193670,0.000000,0.001745,0.155099,0.363671,0.071517,-0.001745,0.344404,0.310482,-0.047082,0.000000,0.132512,0.207816
1771552836.695,1299,3,3,0.0000,0.0000,0.0000,0.9984,0.0005,0.0012,0.0000,0.152582,0.140215,0.000238,0.001662,0.003557,0.001745,0.001745,-0.107388,0.265519,-0.078308,-0.006981,0.515583,0.599919,0.083544,0.006981,0.166159,0.189793,0.000000,0.001745,0.390639,0.180336,0.097431,-0.001745,0.307277,0.255757,-0.078233,0.000000,0.238606,0.210790
1771552836.794,1302,3,3,0.0000,0.0000,0.0000,0.9949,0.0022,0.0029,0.0000,0.153551,0.212637,0.000108,0.001416,0.020769,0.001745,0.000000,-0.104804,0.273559,-0.081027,-0.006981,0.520391,0.598621,0.086263,0.006981,0.168381,0.186664,-0.003491,0.003491,0.358688,0.057422,0.158896,0.000000,0.663719,0.207900,-0.134461,0.000000,0.702605,0.398923
1771552836.894,1305,3,3,0.0000,0.0000,0.0000,0.9822,0.0104,0.0073,0.0000,0.157146,0.105038,0.000243,0.001644,0.001421,0.001745,0.000000,-0.105022,0.297334,-0.080529,-0.006981,0.538997,0.599266,0.085765,0.006981,0.170483,0.185181,-0.001745,0.005236,0.182288,0.054962,-0.000744,-0.001745,0.317323,0.188989,0.018198,0.001745,0.287890,0.203820
1771552836.995,1308,3,3,0.0000,0.0000,0.0000,0.9831,0.0091,0.0077,0.0000,0.157866,0.064955,0.000557,0.002225,0.002121,0.001745,0.001745,-0.106622,0.299725,-0.079724,-0.006981,0.549400,0.601367,0.084960,0.006981,0.170483,0.177985,0.000000,0.000000,0.095259,0.028196,0.011282,0.006981,0.200748,0.135208,0.000936,0.000000,0.165886,0.134960
1771552837.094,1311,3,3,0.0001,0.0004,0.0000,0.9747,0.0181,0.0066,0.0000,0.162737,0.047979,0.000420,0.003940,0.003904,0.001745,0.000000,-0.114964,0.298255,-0.080122,-0.008727,0.579834,0.630042,0.085358,0.006981,0.171682,0.178940,0.000000,0.000000,0.134537,-0.055208,0.006265,0.006981,0.117388,0.119375,-0.002775,0.000000,0.082353,0.108851
1771552837.198,1314,3,3,0.0001,0.0025,0.0000,0.9939,0.0017,0.0018,0.0000,0.165955,0.031766,0.000123,0.001862,0.004271,0.001745,0.000000,-0.122184,0.296039,-0.084032,-0.006981,0.601185,0.649582,0.089268,0.006981,0.170287,0.176374,0.001745,-0.006981,0.181136,-0.131762,0.005088,0.000000,0.031303,0.079707,-0.006833,0.000000,-0.023640,0.082216
1771552837.302,1317,3,3,0.0001,0.0255,0.0000,0.9735,0.0003,0.0006,0.0000,0.166326,0.013317,0.000638,0.005092,0.040222,0.001745,0.000000,-0.120235,0.294445,-0.083975,-0.008727,0.603498,0.652758,0.089211,0.006981,0.170948,0.176329,0.000000,-0.005236,-0.560765,-0.418247,-0.152827,0.000000,-0.554088,-0.367812,0.159808,0.000000,-0.595115,-0.350786
1771552837.401,1320,3,3,0.0000,0.0033,0.0000,0.9964,0.0000,0.0002,0.0000,0.167042,0.019647,0.000364,0.003395,0.002983,0.001745,0.000000,-0.121042,0.293063,-0.085702,-0.006981,0.607253,0.657727,0.090938,0.006981,0.171251,0.175545,-0.001745,0.001745,-0.604367,-0.334249,-0.225298,0.000000,-0.653028,-0.383377,0.234025,0.000000,-0.597876,-0.468337
1771552837.501,1323,3,3,0.0000,0.0009,0.0000,0.9985,0.0000,0.0005,0.0000,0.172326,0.014173,0.000948,0.001029,0.005572,0.001745,0.000000,-0.124309,0.290268,-0.107388,-0.008727,0.626032,0.674137,0.112624,0.006981,0.177659,0.178470,-0.001745,0.001745,-0.422583,-0.193791,-0.157856,-0.001745,-0.540888,-0.312276,0.168328,0.000000,-0.496519,-0.352559
1771552837.602,1326,3,3,0.0000,0.0006,0.0000,0.9961,0.0001,0.0032,0.0000,0.167025,0.009187,0.000730,0.001496,0.002569,0.001745,0.000000,-0.122217,0.272233,-0.101018,-0.006981,0.612335,0.660734,0.106254,0.006981,0.170181,0.173831,-0.001745,0.001745,-0.249560,-0.067307,-0.096286,-0.005236,-0.308224,-0.172640,0.106758,0.001745,-0.276636,-0.208313
1771552837.702,1329,3,3,0.0000,0.0005,0.0000,0.9946,0.0001,0.0048,0.0000,0.160986,0.011345,0.000855,0.002565,0.020668,0.001745,0.000000,-0.119968,0.270079,-0.099221,-0.006981,0.595953,0.628222,0.102711,0.006981,0.162823,0.163315,-0.001745,0.001745,-0.177930,0.072075,-0.048354,-0.001745,-0.205613,-0.117159,0.062317,0.000000,-0.184424,-0.142503
1771552837.803,1332,3,3,0.0000,0.0005,0.0000,0.9953,0.0001,0.0041,0.0000,0.153460,0.011463,0.000535,0.002215,0.004631,0.001745,0.000000,-0.116542,0.267728,-0.095918,-0.008727,0.566626,0.596832,0.099408,0.006981,0.151795,0.150405,-0.003491,0.000000,-0.088721,0.116634,-0.008700,-0.005236,-0.142003,-0.081726,0.020917,0.000000,-0.124432,-0.108140
1771552837.904,1335,3,3,0.0000,0.0011,0.0000,0.9934,0.0001,0.0054,0.0000,0.146314,0.007524,0.001205,0.002470,0.002474,0.001745,0.000000,-0.114843,0.267394,-0.085450,-0.006981,0.552196,0.584954,0.090686,0.006981,0.124179,0.127636,-0.001745,0.003491,-0.035490,0.068641,-0.011177,-0.001745,-0.107011,-0.058228,0.018158,0.000000,-0.091185,-0.087983
1771552838.004,1338,3,3,0.0000,0.0004,0.0000,0.9923,0.0001,0.0072,0.0000,0.145650,0.005129,0.000273,0.001502,0.001417,0.001745,0.000000,-0.112440,0.266998,-0.085163,-0.008727,0.547783,0.579136,0.090399,0.006981,0.128165,0.126598,-0.001745,0.001745,0.002724,0.046605,-0.006982,-0.001745,-0.091623,-0.047897,0.008727,0.001745,-0.038369,-0.070267
1771552838.104,1341,3,3,0.0000,0.0004,0.0000,0.9916,0.0001,0.0079,0.0000,0.148388,0.001055,0.000602,0.001366,0.003145,0.003491,0.000000,-0.121698,0.269173,-0.084688,-0.006981,0.555868,0.587788,0.091669,0.006981,0.133951,0.131740,-0.001745,0.000000,-0.025587,-0.012725,-0.008643,-0.003491,-0.052631,-0.041780,0.012134,0.000000,0.000524,-0.042326
1771552838.204,1344,3,3,0.0000,0.0007,0.0000,0.9902,0.0001,0.0090,0.0000,0.146235,0.001673,0.001033,0.002814,0.004545,0.001745,0.000000,-0.111024,0.265351,-0.084126,-0.006981,0.550675,0.581361,0.087616,0.006981,0.132586,0.128498,0.000000,0.001745,-0.031626,-0.120446,0.002254,-0.001745,0.010025,-0.013315,0.001236,0.001745,0.003065,-0.022939
1771552838.304,1347,3,3,0.0001,0.0016,0.0000,0.9902,0.0001,0.0079,0.0000,0.147661,0.000381,0.001113,0.000229,0.000994,0.001745,0.000000,-0.118091,0.261739,-0.092537,-0.008727,0.553754,0.587903,0.096027,0.006981,0.133966,0.129813,0.000000,0.001745,-0.036969,-0.076784,-0.002821,-0.003491,-0.018017,-0.019562,0.002821,0.000000,-0.014826,-0.028426
1771552838.405,1350,3,3,0.0001,0.0066,0.0000,0.9866,0.0002,0.0064,0.0000,0.147958,0.004883,0.000276,0.000615,0.001500,0.001745,0.000000,-0.129700,0.260775,-0.097986,-0.006981,0.552460,0.590964,0.101476,0.006981,0.132097,0.129001,0.000000,0.001745,0.034230,-0.049870,0.020877,-0.001745,-0.022893,-0.018071,-0.017386,0.001745,-0.025091,-0.030363
1771552838.506,1353,3,3,0.0001,0.0087,0.0000,0.9856,0.0003,0.0052,0.0000,0.147536,0.070294,0.000420,0.003240,0.001780,0.001745,0.000000,-0.128541,0.259871,-0.098848,-0.006981,0.549162,0.588698,0.102339,0.006981,0.132468,0.129169,-0.001745,0.001745,0.274327,0.057214,-0.000650,-0.001745,0.292397,0.005336,0.004140,0.001745,0.130141,0.076487
1771552838.606,1356,3,3,0.0001,0.0031,0.0000,0.9886,0.0007,0.0074,0.0001,0.142797,0.163024,0.000237,0.002304,0.004906,0.001745,0.000000,-0.118917,0.252326,-0.095583,-0.006981,0.525786,0.573864,0.099074,0.006981,0.127886,0.125902,-0.001745,0.003491,0.360510,0.129610,0.051144,-0.001745,0.570522,0.250264,-0.049399,0.000000,0.339989,0.250757
1771552838.706,1359,3,3,0.0000,0.0009,0.0000,0.9976,0.0005,0.0010,0.0000,0.142071,0.208816,0.000034,0.000533,0.006074,0.001745,0.000000,-0.104092,0.239879,-0.096176,-0.006981,0.526416,0.572711,0.099667,0.006981,0.130396,0.127052,-0.001745,0.003491,0.455059,0.255256,0.174877,-0.001745,0.562800,0.327173,-0.171386,0.001745,0.424292,0.301095
1771552838.812,1362,3,3,0.0000,0.0003,0.0000,0.9988,0.0004,0.0004,0.0000,0.138409,0.122902,0.000634,0.003058,0.003538,0.001745,0.000000,-0.088109,0.229712,-0.094978,-0.008727,0.512834,0.557562,0.098469,0.006981,0.128736,0.124871,-0.001745,0.001745,0.217057,0.117183,0.108570,-0.001745,0.375956,0.265706,-0.101589,0.001745,0.195200,0.191663
1771552838.912,1365,3,3,0.0000,0.0000,0.0000,0.9989,0.0004,0.0006,0.0000,0.139098,0.077592,0.000678,0.000438,0.001224,0.001745,0.000000,-0.089523,0.230738,-0.095925,-0.006981,0.514026,0.562036,0.099416,0.006981,0.128917,0.125318,0.000000,0.000000,0.186084,0.085850,0.102143,-0.001745,0.175126,0.148147,-0.096907,0.001745,0.107493,0.124513
1771552839.013,1368,3,3,0.0000,0.0003,0.0001,0.9955,0.0024,0.0016,0.0000,0.140682,0.086037,0.000366,0.000402,0.001951,0.001745,0.000000,-0.088513,0.228617,-0.104441,-0.006981,0.519298,0.568090,0.106187,0.006981,0.130724,0.126540,0.000000,-0.001745,0.117525,0.069135,0.022334,-0.001745,0.210170,0.260041,-0.017098,0.001745,0.125564,0.225936
1771552839.113,1371,3,3,0.0000,0.0002,0.0001,0.9886,0.0045,0.0066,0.0000,0.151395,0.083107,0.001063,0.001081,0.002536,0.001745,0.000000,-0.089263,0.228236,-0.115871,-0.006981,0.566396,0.609920,0.117616,0.006981,0.148838,0.137005,0.001745,-0.006981,0.098167,0.028803,0.009104,0.003491,0.282161,0.269034,-0.014340,0.001745,0.132912,0.170125
1771552839.217,1374,3,3,0.0001,0.0003,0.0002,0.9691,0.0064,0.0239,0.0001,0.150906,0.081848,0.001276,0.000188,0.005745,0.001745,0.000000,-0.085670,0.227681,-0.114069,-0.006981,0.560528,0.604635,0.115815,0.006981,0.152083,0.141404,0.001745,-0.006981,0.126837,-0.024789,-0.018905,0.005236,0.318059,0.316727,0.010179,0.001745,0.076887,0.124759
1771552839.314,1377,3,3,0.0001,0.0002,0.0001,0.9541,0.0083,0.0373,0.0001,0.153141,0.084543,0.000817,0.002232,0.008748,0.001745,0.000000,-0.069633,0.224485,-0.131684,-0.008727,0.559061,0.601291,0.133430,0.006981,0.161889,0.148806,0.001745,-0.005236,0.151960,-0.005492,-0.013186,0.005236,0.350808,0.345177,0.004460,0.001745,0.048919,0.104470
1771552839.414,1380,3,3,0.0001,0.0001,0.0000,0.9125,0.0151,0.0722,0.0000,0.152167,0.080158,0.002078,0.008909,0.026440,0.001745,0.000000,-0.035587,0.214767,-0.142817,-0.008727,0.544482,0.588125,0.144562,0.006981,0.171246,0.154090,0.001745,-0.005236,0.148977,0.001770,-0.010886,0.006981,0.345489,0.328181,-0.001331,0.001745,0.038844,0.088158
1771552839.514,1383,3,3,0.0001,0.0001,0.0000,0.9488,0.0115,0.0395,0.0000,0.151878,0.079753,0.001850,0.002639,0.007075,0.000000,0.000000,-0.025687,0.206484,-0.140506,-0.008727,0.545935,0.577502,0.142251,0.006981,0.183060,0.160327,0.001745,-0.003491,0.151495,0.009220,0.024725,0.006981,0.346175,0.313613,-0.031706,0.001745,0.026355,0.074975
1771552839.614,1386,3,3,0.0001,0.0001,0.0000,0.9574,0.0107,0.0317,0.0000,0.154368,0.083484,0.002035,0.004054,0.008032,0.001745,0.000000,-0.024414,0.205616,-0.151575,-0.006981,0.548269,0.580946,0.153320,0.006981,0.195021,0.160522,0.003491,-0.001745,0.225742,0.016764,0.017744,0.008727,0.353079,0.291609,-0.021235,0.001745,0.011230,0.071676
1771552839.714,1389,3,3,0.0001,0.0001,0.0000,0.9505,0.0099,0.0394,0.0000,0.158815,0.087830,0.005525,0.006757,0.008866,0.001745,0.000000,-0.035289,0.205867,-0.192053,-0.006981,0.552713,0.584103,0.193798,0.006981,0.201222,0.159356,0.003491,-0.001745,0.243380,0.021578,0.010504,0.008727,0.401227,0.288103,-0.010504,0.001745,0.003912,0.071289
1771552839.815,1392,3,3,0.0001,0.0001,0.0000,0.9491,0.0160,0.0345,0.0001,0.170225,0.088157,0.000200,0.001025,0.001378,0.001745,0.000000,-0.052841,0.208277,-0.242534,-0.006981,0.566667,0.647289,0.244280,0.006981,0.206998,0.160465,0.001745,-0.001745,0.252270,0.030248,-0.008382,0.008727,0.395224,0.283223,0.004891,0.003491,0.005106,0.072962
1771552839.915,1395,3,3,0.0002,0.0002,0.0000,0.9228,0.0272,0.0495,0.0000,0.163949,0.086275,0.001000,0.002434,0.013964,0.003491,0.000000,-0.065035,0.207956,-0.198233,-0.006981,0.564908,0.632444,0.199978,0.006981,0.194983,0.156644,0.001745,-0.006981,0.232235,0.022415,-0.015390,0.008727,0.405381,0.269825,0.008409,0.003491,0.002886,0.080186
1771552840.015,1398,3,3,0.0004,0.0005,0.0001,0.9182,0.0316,0.0492,0.0001,0.146983,0.085728,0.002632,0.001212,0.006989,0.001745,0.000000,-0.052634,0.190708,-0.200014,-0.006981,0.465388,0.574757,0.201759,0.006981,0.170444,0.152010,0.005236,-0.006981,0.229291,0.038729,0.004968,0.008727,0.406166,0.244873,-0.004968,0.001745,0.001848,0.087149
1771552840.115,1401,4,4,0.0026,0.0009,0.0006,0.1911,0.5433,0.2605,0.0010,0.133602,0.088702,0.007601,0.002928,0.007153,0.001745,0.000000,0.181164,0.101562,-0.193282,-0.006981,0.385105,0.478845,0.195027,0.006981,0.136876,0.115922,0.008727,-0.010472,0.209740,0.068614,-0.001699,0.008727,0.415458,0.242165,-0.000046,0.001745,0.004805,0.104438
1771552840.219,1404,4,4,0.0016,0.0008,0.0040,0.0968,0.5743,0.3171,0.0055,0.131788,0.110710,0.003801,0.005201,0.003693,0.003491,0.000000,0.136427,0.101259,-0.211291,-0.008727,0.391992,0.476333,0.213036,0.006981,0.137946,0.113992,0.010472,-0.012217,0.149307,0.094172,-0.009749,0.008727,0.500820,0.308923,0.004514,0.001745,0.092296,0.157547
1771552840.316,1407,4,4,0.0006,0.0025,0.0221,0.0730,0.5326,0.3559,0.0133,0.118117,0.116797,0.002976,0.002913,0.005998,0.003491,0.000000,0.125951,0.102995,-0.208411,-0.006981,0.389917,0.468353,0.210156,0.008727,0.066533,0.041286,0.012217,-0.013963,0.152561,0.134059,0.000473,0.010472,0.535296,0.328468,-0.002218,0.001745,0.079920,0.146349
1771552840.420,1410,5,5,0.0012,0.0039,0.0301,0.0130,0.4267,0.5131,0.0120,0.108690,0.126094,0.003217,0.003327,0.003491,0.001745,-0.001745,0.129087,0.106095,-0.161753,-0.005236,0.397900,0.459258,0.161753,0.010472,0.037966,-0.022484,0.012217,-0.022689,0.150096,0.118947,-0.033492,0.010472,0.539127,0.386192,0.030002,0.001745,0.090664,0.173667
1771552840.517,1413,4,4,0.0010,0.0050,0.0479,0.0120,0.4621,0.4584,0.0136,0.111715,0.121344,0.007880,0.001944,0.006838,0.001745,0.000000,0.134387,0.108304,-0.192166,-0.005236,0.403531,0.454347,0.192166,0.012217,0.033879,-0.019396,0.012217,-0.029671,0.154639,0.113524,-0.017834,0.010472,0.531346,0.369442,0.014344,0.003491,0.082612,0.164039
1771552840.617,1416,5,5,0.0007,0.0121,0.1106,0.0158,0.0339,0.7958,0.0311,0.125670,0.114256,0.007289,0.000219,0.006987,0.003491,0.000000,0.132463,0.108994,-0.243276,-0.003491,0.445851,0.445403,0.243276,0.012217,0.054350,0.061993,0.012217,-0.029671,0.160374,0.104611,-0.011441,0.012217,0.480755,0.345932,0.007950,0.001745,0.081060,0.164208
1771552840.717,1419,5,5,0.0001,0.0077,0.0956,0.0058,0.0011,0.8826,0.0072,0.130343,0.103899,0.004382,0.000988,0.004784,0.003491,0.000000,0.134436,0.107403,-0.224900,-0.003491,0.492597,0.445321,0.224900,0.012217,0.097078,0.046667,0.012217,-0.027925,0.163644,0.099778,0.001200,0.012217,0.435026,0.299208,-0.006436,0.003491,0.062924,0.157089
1771552840.817,1422,5,5,0.0000,0.0024,0.1348,0.0018,0.0002,0.8588,0.0020,0.145973,0.103045,0.003949,0.001137,0.004379,0.005236,-0.003491,0.131876,0.109165,-0.248155,-0.001745,0.581071,0.462087,0.246410,0.012217,0.153916,0.049701,0.012217,-0.027925,0.171346,0.097062,0.011474,0.012217,0.435188,0.292541,-0.014964,0.001745,0.053460,0.149285
1771552840.917,1425,5,5,0.0000,0.0021,0.3056,0.0015,0.0003,0.6884,0.0021,0.143296,0.103219,0.000684,0.002260,0.007549,0.005236,-0.001745,0.128251,0.111074,-0.217824,-0.001745,0.554972,0.458696,0.216079,0.012217,0.169874,0.063156,0.012217,-0.027925,0.173697,0.095127,0.012750,0.012217,0.434395,0.289729,-0.014496,0.001745,0.057065,0.149685
1771552841.018,1428,2,2,0.0000,0.0023,0.6046,0.0015,0.0003,0.3841,0.0072,0.131288,0.103132,0.003011,0.005051,0.004431,0.005236,-0.005236,0.132431,0.126651,-0.318804,0.000000,0.373225,0.378485,0.318804,0.012217,0.167145,0.061262,0.012217,-0.027925,0.228672,0.099305,0.018033,0.012217,0.425843,0.272289,-0.016288,0.001745,0.045536,0.121720
1771552841.119,1431,5,5,0.0000,0.0000,0.0082,0.0000,0.0005,0.9911,0.0002,0.158855,0.102662,0.001312,0.003289,0.001792,0.008727,-0.010472,0.118795,0.152793,-0.167580,0.000000,0.641441,0.494202,0.155363,0.013963,0.217516,0.103454,0.012217,-0.027925,0.231068,0.103960,0.012684,0.012217,0.424331,0.267134,-0.012684,0.001745,0.045305,0.121283
1771552841.218,1434,2,5,0.0004,0.0016,0.5341,0.0004,0.0064,0.3950,0.0621,0.103207,0.093842,0.002069,0.002791,0.003267,0.008727,-0.012217,0.134975,0.164753,-0.024152,-0.005236,0.449172,0.315872,0.001463,0.015708,0.075925,0.071892,0.012217,-0.027925,0.233540,0.110949,0.011484,0.012217,0.401050,0.248345,-0.011484,0.001745,0.014949,0.079607
1771552841.318,1437,2,2,0.0000,0.0165,0.8000,0.0002,0.0011,0.1346,0.0475,0.085967,0.085249,0.008036,0.001682,0.010015,0.010472,-0.012217,0.246424,0.154296,-0.006850,-0.005236,0.385373,0.198060,-0.021075,0.017453,0.019531,-0.012999,0.012217,-0.029671,0.233802,0.124555,0.021561,0.012217,0.345338,0.203799,-0.025051,0.001745,-0.020752,0.067751
1771552841.419,1440,2,2,0.0000,0.0107,0.7435,0.0002,0.0011,0.2142,0.0302,0.084013,0.082050,0.009103,0.001074,0.010869,0.010472,-0.012217,0.221373,0.152877,0.049684,-0.005236,0.372898,0.159442,-0.074119,0.017453,0.023961,-0.003455,0.012217,-0.031416,0.231107,0.131915,0.035634,0.012217,0.329051,0.160959,-0.039124,0.003491,-0.019220,0.068013
1771552841.519,1443,2,2,0.0000,0.0153,0.7287,0.0002,0.0017,0.1521,0.1018,0.073908,0.084134,0.003106,0.001063,0.003825,0.010472,-0.010472,0.167731,0.131584,0.073932,0.010472,0.335074,0.121852,-0.101857,0.017453,0.018329,-0.031652,0.022689,-0.034907,0.186494,0.155833,0.042295,0.012217,0.340663,0.178092,-0.044041,0.001745,-0.019996,0.069585
1771552841.619,1446,2,2,0.0000,0.0339,0.4233,0.0002,0.0015,0.1300,0.4110,0.070870,0.084896,0.004385,0.001642,0.004556,0.005236,0.019199,0.050854,0.098681,0.029664,0.015708,0.394634,0.176324,-0.057589,0.017453,0.038328,0.004355,0.031416,-0.038397,0.141974,0.186418,0.047454,0.012217,0.358417,0.176686,-0.052690,0.001745,-0.052545,0.062419
1771552841.723,1449,6,6,0.0000,0.0137,0.2206,0.0003,0.0009,0.0239,0.7406,0.105306,0.081651,0.002188,0.000678,0.001143,-0.006981,0.062832,0.077712,0.094764,-0.026371,0.017453,0.455576,0.275349,-0.013772,0.019199,0.136453,0.124338,0.005236,-0.041888,0.108318,0.201368,0.041214,0.000000,0.368990,0.185509,-0.048195,0.001745,-0.042542,0.067433
1771552841.823,1452,6,6,0.0001,0.0108,0.2300,0.0006,0.0007,0.0049,0.7530,0.104222,0.082272,0.004441,0.001565,0.004331,-0.026180,0.134390,0.080186,0.069847,-0.030738,0.017453,0.472236,0.262522,-0.005914,0.024435,0.097079,0.092516,-0.013963,-0.031416,0.104838,0.201310,0.036706,-0.001745,0.376193,0.197874,-0.047178,0.001745,-0.042712,0.068602
1771552841.922,1455,6,6,0.0007,0.0081,0.4166,0.0016,0.0013,0.0566,0.5152,0.108820,0.085173,0.003372,0.001456,0.001337,-0.052360,0.214676,0.045674,0.075854,-0.040900,0.017453,0.481505,0.269946,0.005994,0.027925,0.072697,0.094118,-0.040143,-0.027925,0.096461,0.201882,0.032097,-0.003491,0.389965,0.219359,-0.042569,0.001745,-0.039679,0.080563
1771552842.023,1458,2,2,0.0009,0.0059,0.3809,0.0017,0.0018,0.2617,0.3471,0.115383,0.084764,0.001449,0.000718,0.002061,-0.075049,0.274017,0.038769,0.074874,-0.080883,0.019199,0.482112,0.280781,0.052958,0.027925,0.045481,0.088484,-0.061087,-0.031416,0.081900,0.205380,0.021344,-0.003491,0.390966,0.231828,-0.030071,0.001745,-0.036738,0.084009
1771552842.123,1461,5,5,0.0002,0.0028,0.2840,0.0006,0.0015,0.5765,0.1343,0.108168,0.099110,0.006057,0.001406,0.006579,-0.078540,0.286234,0.056476,0.070798,-0.058813,0.020944,0.453354,0.266642,0.029142,0.027925,0.019399,0.067098,-0.083776,-0.026180,0.056910,0.208229,0.008420,0.000000,0.441493,0.296358,-0.011911,-0.001745,0.028027,0.149884
1771552842.224,1464,5,5,0.0002,0.0039,0.3016,0.0006,0.0016,0.5495,0.1426,0.107832,0.095740,0.006232,0.002738,0.007852,-0.075049,0.277507,0.013445,0.081968,-0.056598,0.020944,0.489248,0.282800,0.018200,0.027925,0.019785,0.062156,-0.085521,-0.027925,0.055381,0.204090,0.008901,0.003491,0.434927,0.288854,-0.014137,0.001745,0.017225,0.134271
1771552842.325,1467,5,5,0.0002,0.0097,0.3866,0.0005,0.0013,0.4512,0.1506,0.086210,0.094858,0.003149,0.000937,0.004497,-0.033161,0.207694,0.049227,0.094934,-0.003954,0.015708,0.399403,0.199449,-0.039679,0.027925,-0.003781,0.040176,-0.050615,-0.031416,0.067053,0.202802,0.016100,0.008727,0.423339,0.283689,-0.017845,0.001745,0.008688,0.126153
1771552842.425,1470,6,5,0.0009,0.1440,0.0488,0.0028,0.0028,0.0185,0.7823,0.082406,0.092865,0.003126,0.000422,0.003777,-0.013963,0.171042,0.063275,0.086754,-0.014055,0.012217,0.398659,0.201394,-0.029578,0.027925,-0.004160,0.027601,-0.024435,-0.031416,0.064394,0.202407,0.002371,0.010472,0.421341,0.280204,-0.000626,0.001745,0.009587,0.121863
1771552842.528,1473,6,6,0.0023,0.1717,0.1047,0.0115,0.0102,0.0332,0.6663,0.080520,0.092104,0.003695,0.000295,0.003478,-0.003491,0.143117,0.069454,0.083867,-0.046350,0.010472,0.399298,0.205297,0.009698,0.027925,-0.008515,0.017106,-0.012217,-0.031416,0.064024,0.202703,-0.000270,0.010472,0.414446,0.275486,-0.001476,0.001745,0.014050,0.122320
1771552842.626,1476,6,6,0.0052,0.1201,0.0314,0.0082,0.0107,0.0090,0.8155,0.085079,0.090553,0.001026,0.000469,0.001006,0.000000,0.125664,0.074759,0.093635,-0.047443,0.010472,0.435298,0.220628,0.017772,0.027925,-0.009811,0.014788,-0.005236,-0.031416,0.058205,0.202766,0.002794,0.010472,0.406073,0.271271,-0.002794,0.001745,0.013614,0.119689
1771552842.726,1479,6,6,0.0035,0.0376,0.0154,0.0069,0.0120,0.0164,0.9082,0.102235,0.088050,0.001182,0.001288,0.002503,0.003491,0.113446,0.072291,0.105710,-0.068716,0.006981,0.526555,0.303854,0.046027,0.027925,0.000289,0.020254,-0.003491,-0.031416,0.059369,0.201549,0.004182,0.010472,0.398962,0.265210,-0.002437,0.001745,0.002145,0.112962
1771552842.826,1482,6,6,0.0001,0.0168,0.1139,0.0010,0.0016,0.1098,0.7568,0.102753,0.087798,0.010189,0.001829,0.011895,0.006981,0.108210,0.055962,0.094252,-0.042725,0.006981,0.497416,0.300596,0.028763,0.027925,0.045897,0.060052,0.000000,-0.031416,0.058374,0.202292,0.006055,0.010472,0.397172,0.260910,-0.006055,0.001745,0.004488,0.112067
1771552842.929,1485,6,6,0.0004,0.2035,0.1125,0.0067,0.0082,0.0772,0.5915,0.082005,0.086596,0.008294,0.001679,0.009637,0.006981,0.101229,0.080484,0.075674,0.010257,0.005236,0.398994,0.204648,-0.020729,0.027925,0.027266,0.045371,0.000000,-0.033161,0.052720,0.202210,0.006811,0.008727,0.394087,0.257206,-0.008557,0.001745,0.003535,0.112112
1771552843.029,1488,6,6,0.0003,0.0940,0.0646,0.0027,0.0043,0.0460,0.7882,0.083522,0.087405,0.001160,0.001157,0.002243,0.006981,0.099484,0.168300,0.072361,0.120673,0.005236,0.316857,0.143062,-0.129400,0.027925,-0.006491,0.041389,0.001745,-0.033161,0.048305,0.205006,0.020248,0.006981,0.394607,0.256249,-0.021993,0.000000,0.002941,0.112778
1771552843.129,1491,6,5,0.0004,0.0118,0.2320,0.0008,0.0022,0.3236,0.4293,0.084625,0.094665,0.000887,0.000462,0.001693,0.006981,0.092502,0.179871,0.076553,0.086309,0.005236,0.338651,0.162259,-0.093291,0.027925,-0.006065,0.039217,0.003491,-0.045379,0.048657,0.214581,0.018184,0.005236,0.421657,0.251339,-0.018184,0.000000,0.031993,0.140843
1771552843.235,1494,6,6,0.0002,0.0158,0.0138,0.0006,0.0016,0.0098,0.9582,0.083708,0.089853,0.005027,0.000706,0.004126,0.006981,0.082030,0.165362,0.081256,0.069939,0.003491,0.355784,0.176259,-0.073430,0.027925,-0.004483,0.035473,0.005236,-0.057596,0.059011,0.215706,0.016766,-0.001745,0.394871,0.225772,-0.018511,-0.001745,0.024423,0.136450
1771552843.333,1497,6,6,0.0001,0.0406,0.2194,0.0011,0.0019,0.2130,0.5238,0.087063,0.082217,0.007065,0.000232,0.006822,0.006981,0.068068,0.058683,0.084927,-0.008777,0.005236,0.469056,0.273413,0.003541,0.027925,0.011090,0.035837,0.006981,-0.059341,0.091586,0.214262,0.039493,0.000000,0.355970,0.181932,-0.041238,0.003491,-0.031251,0.092892
1771552843.433,1500,5,5,0.0001,0.0088,0.1924,0.0004,0.0008,0.7014,0.0961,0.079290,0.081420,0.003928,0.000198,0.004304,0.006981,0.069813,0.094702,0.088249,0.010237,-0.006981,0.415117,0.234957,-0.015473,0.026180,-0.002870,0.005240,0.005236,-0.059341,0.109666,0.214135,0.031494,-0.001745,0.355608,0.182765,-0.034985,0.001745,-0.044771,0.076392
1771552843.537,1503,2,2,0.0001,0.0187,0.4348,0.0007,0.0014,0.2395,0.3048,0.091378,0.085980,0.008025,0.000697,0.006631,0.006981,0.075049,0.050984,0.095025,-0.115844,-0.012217,0.415783,0.297230,0.110608,0.027925,0.003654,0.013298,0.003491,-0.052360,0.114579,0.216107,0.031381,-0.003491,0.387221,0.196973,-0.036617,0.001745,-0.040597,0.080259
1771552843.635,1506,2,2,0.0002,0.0130,0.4913,0.0008,0.0015,0.0813,0.4119,0.085930,0.090287,0.006296,0.001418,0.005300,0.006981,0.071558,0.109106,0.099733,-0.070555,-0.017453,0.377935,0.258635,0.065319,0.041888,-0.013875,-0.014105,0.003491,-0.050615,0.107181,0.220332,0.017143,-0.008727,0.422122,0.230169,-0.022379,0.000000,-0.039430,0.083003
1771552843.735,1509,6,2,0.0006,0.0077,0.3916,0.0009,0.0015,0.1504,0.4473,0.086924,0.090273,0.003670,0.000528,0.003431,0.006981,0.071558,0.137401,0.101953,-0.057436,-0.015708,0.359471,0.252437,0.055691,0.057596,-0.031034,-0.019700,0.003491,-0.050615,0.106053,0.221155,0.012002,-0.010472,0.417643,0.236907,-0.018984,0.001745,-0.037101,0.084275
1771552843.839,1512,6,6,0.0003,0.0082,0.3679,0.0005,0.0013,0.0900,0.5318,0.087726,0.097617,0.005397,0.000277,0.003084,0.008727,0.066323,0.160934,0.102717,-0.051684,-0.013963,0.346330,0.251420,0.053430,0.062832,-0.039091,-0.018711,0.003491,-0.050615,0.105104,0.223396,0.006553,-0.010472,0.456159,0.272932,-0.015280,0.001745,-0.009354,0.102023
1771552843.936,1515,6,6,0.0004,0.0110,0.2474,0.0007,0.0016,0.1843,0.5546,0.093827,0.095335,0.001684,0.000283,0.001717,0.010472,0.066323,0.283307,0.112347,-0.037250,-0.015708,0.319403,0.225269,0.038996,0.069813,-0.082959,-0.024321,0.003491,-0.050615,0.108471,0.222992,0.005265,-0.008727,0.440136,0.264401,-0.015737,0.001745,-0.022018,0.097516
1771552844.038,1518,6,6,0.0006,0.0170,0.1807,0.0006,0.0014,0.1900,0.6097,0.075035,0.095496,0.003002,0.001120,0.003252,0.008727,0.062832,0.300548,0.110801,-0.001853,-0.015708,0.218857,0.123504,0.003598,0.071558,-0.122846,-0.075968,0.006981,-0.052360,0.106532,0.223891,0.002680,-0.008727,0.439572,0.263811,-0.011407,0.003491,-0.023599,0.098993
1771552844.138,1521,6,6,0.0011,0.0997,0.0198,0.0021,0.0017,0.0083,0.8672,0.081464,0.095968,0.005813,0.000195,0.005635,0.010472,0.036652,0.293726,0.111870,-0.064501,-0.015708,0.247150,0.141634,0.066247,0.069813,-0.097955,-0.071807,0.006981,-0.052360,0.107956,0.223759,-0.018293,-0.005236,0.438322,0.265225,0.007821,0.001745,-0.023332,0.099804
1771552844.238,1524,6,6,0.0003,0.0640,0.0121,0.0009,0.0011,0.0030,0.9185,0.090596,0.100923,0.003626,0.000523,0.003758,0.010472,0.019199,0.429631,0.102323,-0.067348,-0.013963,0.245579,0.141040,0.069093,0.069813,-0.088737,-0.069570,0.006981,-0.052360,0.106256,0.223591,-0.024381,0.000000,0.447036,0.288044,0.019145,0.001745,-0.016180,0.118281
1771552844.341,1527,5,6,0.0000,0.0050,0.0701,0.0003,0.0006,0.5768,0.3472,0.087217,0.101284,0.006147,0.001259,0.005804,0.008727,0.008727,0.448778,0.081899,-0.045017,-0.012217,0.244912,0.138734,0.045017,0.069813,-0.103530,-0.094958,0.006981,-0.052360,0.098181,0.223205,-0.021835,0.003491,0.445991,0.287309,0.018345,0.001745,-0.011504,0.130155
1771552844.441,1530,5,5,0.0001,0.0090,0.1332,0.0004,0.0009,0.4853,0.3711,0.086640,0.102148,0.003454,0.000719,0.004061,0.010472,0.003491,0.456266,0.083461,0.051678,-0.012217,0.242477,0.122025,-0.053423,0.069813,-0.105743,-0.121914,0.006981,-0.052360,0.097093,0.222092,-0.019215,0.006981,0.448401,0.287827,0.017470,0.001745,-0.006032,0.137184
1771552844.547,1533,6,6,0.0001,0.0270,0.2149,0.0004,0.0015,0.0337,0.7223,0.094860,0.100294,0.003601,0.000670,0.004116,0.008727,0.001745,0.427418,0.085314,0.006200,-0.012217,0.365269,0.173828,-0.011436,0.069813,-0.104194,-0.108656,0.006981,-0.052360,0.096969,0.220752,-0.015101,0.006981,0.442930,0.280287,0.013356,0.001745,-0.007274,0.133529
1771552844.645,1536,6,6,0.0001,0.0190,0.1589,0.0004,0.0015,0.0284,0.7918,0.093620,0.098956,0.003298,0.000162,0.003221,0.010472,0.000000,0.369612,0.082740,-0.066032,-0.010472,0.336668,0.196830,0.057305,0.069813,-0.072889,-0.074339,0.006981,-0.052360,0.097823,0.220977,-0.007844,0.008727,0.436304,0.273405,0.006099,0.001745,-0.004747,0.135407
1771552844.750,1539,6,6,0.0001,0.0235,0.1773,0.0007,0.0017,0.0402,0.7565,0.119325,0.088725,0.005922,0.000326,0.006118,0.010472,-0.001745,0.238917,0.087092,-0.060719,-0.012217,0.492952,0.270430,0.051992,0.069813,0.123124,0.087104,0.006981,-0.052360,0.093764,0.220205,0.005657,0.008727,0.377114,0.217519,-0.010893,0.001745,-0.007644,0.132984
1771552844.850,1542,1,6,0.0006,0.9273,0.0123,0.0016,0.0014,0.0001,0.0567,0.091815,0.090443,0.004896,0.000723,0.006103,0.010472,-0.003491,0.170139,0.092831,-0.028196,-0.010472,0.416126,0.241229,0.012488,0.069813,0.056297,0.032387,0.006981,-0.050615,0.090006,0.219249,0.008370,0.010472,0.387536,0.226760,-0.010115,0.001745,-0.000117,0.134202
1771552844.951,1545,1,1,0.0006,0.9736,0.0125,0.0012,0.0008,0.0000,0.0113,0.091448,0.086808,0.004209,0.000231,0.004017,0.010472,-0.005236,0.189524,0.095559,-0.012144,-0.010472,0.401228,0.237331,-0.005309,0.071558,0.059555,0.032152,0.006981,-0.052360,0.084232,0.204383,0.006178,0.012217,0.379386,0.213357,-0.006178,0.000000,0.007843,0.127122
1771552845.050,1548,6,1,0.0002,0.0153,0.3036,0.0006,0.0018,0.2501,0.4284,0.083382,0.086929,0.003713,0.000383,0.003075,0.010472,-0.005236,0.278286,0.097545,0.111673,-0.008727,0.303852,0.127195,-0.123890,0.071558,-0.013249,-0.027254,0.006981,-0.050615,0.088448,0.192331,0.000842,0.010472,0.384785,0.194338,-0.002587,0.005236,0.035187,0.124521
1771552845.153,1551,5,6,0.0002,0.0087,0.2743,0.0005,0.0012,0.4492,0.2659,0.079806,0.081388,0.003515,0.000407,0.002997,0.010472,-0.005236,0.257266,0.103207,0.056944,0.000000,0.302531,0.147156,-0.063925,0.068068,0.012030,-0.010645,0.006981,-0.050615,0.089433,0.164820,0.004410,0.008727,0.383723,0.189264,-0.007901,0.003491,0.023445,0.102362
1771552845.251,1554,5,5,0.0001,0.0093,0.2411,0.0004,0.0009,0.4966,0.2515,0.078158,0.080747,0.003694,0.000459,0.002734,0.012217,-0.006981,0.258223,0.102384,0.022541,0.003491,0.298503,0.151249,-0.026032,0.068068,0.018666,0.002559,0.006981,-0.052360,0.097195,0.157853,0.007916,0.012217,0.380817,0.184752,-0.009661,0.003491,0.017039,0.100697
1771552845.351,1557,6,5,0.0001,0.0086,0.1883,0.0005,0.0009,0.2822,0.5194,0.081780,0.080105,0.005257,0.001768,0.003285,0.012217,-0.006981,0.303684,0.098299,-0.000400,0.003491,0.300265,0.155313,-0.004836,0.068068,0.029957,0.010065,0.006981,-0.052360,0.098187,0.153324,0.008084,0.010472,0.380876,0.185598,-0.009830,0.001745,0.011050,0.104946
1771552845.455,1560,6,6,0.0001,0.0055,0.0993,0.0006,0.0008,0.1055,0.7882,0.096488,0.077749,0.003397,0.001997,0.004373,0.012217,0.000000,0.310449,0.097154,-0.006614,0.003491,0.302033,0.178933,0.006614,0.068068,0.096149,0.082744,0.006981,-0.050615,0.100416,0.146435,0.012887,0.010472,0.373260,0.175095,-0.011142,0.003491,0.003811,0.100135
1771552845.555,1563,6,6,0.0001,0.0053,0.0723,0.0008,0.0009,0.0549,0.8656,0.114190,0.076310,0.002220,0.001370,0.002979,0.000000,0.019199,0.297646,0.097005,-0.008207,0.010472,0.350294,0.246322,0.020424,0.069813,0.126845,0.132259,0.006981,-0.050615,0.100495,0.142335,0.019756,0.012217,0.369819,0.166662,-0.014520,0.001745,-0.002622,0.095710
1771552845.655,1566,6,6,0.0001,0.0093,0.0964,0.0007,0.0011,0.0565,0.8359,0.110568,0.075772,0.002806,0.000352,0.002445,-0.001745,0.029671,0.278352,0.100543,-0.016472,0.012217,0.349367,0.231735,0.032180,0.069813,0.109228,0.113712,0.006981,-0.048869,0.100408,0.137383,0.021400,0.012217,0.369341,0.167391,-0.016164,0.001745,-0.010171,0.092395
1771552845.755,1569,6,6,0.0001,0.0183,0.1426,0.0009,0.0014,0.0881,0.7487,0.108377,0.074938,0.003752,0.000448,0.004062,-0.003491,0.041888,0.287235,0.109608,-0.039014,0.015708,0.352352,0.225440,0.056468,0.069813,0.081298,0.060717,0.006981,-0.048869,0.102213,0.137325,0.018666,0.012217,0.368396,0.166990,-0.015176,0.001745,-0.013742,0.084719
1771552845.856,1572,6,6,0.0001,0.0208,0.2017,0.0010,0.0015,0.1713,0.6035,0.107429,0.072309,0.004816,0.000282,0.004380,-0.001745,0.043633,0.270754,0.112224,-0.040649,0.015708,0.355529,0.226371,0.058102,0.069813,0.076013,0.060999,0.006981,-0.048869,0.102815,0.138173,0.017806,0.015708,0.365721,0.164250,-0.012570,0.001745,-0.034497,0.054506
1771552845.956,1575,6,6,0.0001,0.0313,0.3223,0.0011,0.0016,0.2309,0.4126,0.091986,0.073114,0.007183,0.000484,0.006989,-0.001745,0.043633,0.258981,0.111594,-0.034789,0.019199,0.310988,0.198550,0.055733,0.071558,-0.003293,0.033597,0.006981,-0.050615,0.096844,0.141037,0.014288,0.027925,0.368893,0.166242,-0.009052,0.001745,-0.038945,0.053408
1771552846.056,1578,2,2,0.0002,0.0333,0.3933,0.0016,0.0015,0.2473,0.3229,0.090545,0.068285,0.006392,0.000599,0.006383,-0.001745,0.043633,0.252223,0.116848,-0.047740,0.022689,0.315971,0.194932,0.068684,0.071558,-0.007565,-0.000921,0.008727,-0.057596,0.105731,0.132669,0.014845,0.036652,0.364011,0.107490,-0.007863,0.001745,-0.042482,0.047548
1771552846.156,1581,6,6,0.0002,0.0323,0.2967,0.0023,0.0015,0.1642,0.5028,0.089225,0.062922,0.004264,0.000255,0.004257,0.000000,0.043633,0.239550,0.120662,-0.034474,0.017453,0.325404,0.197023,0.057163,0.069813,-0.004673,-0.002406,0.008727,-0.062832,0.158696,0.131692,0.006747,0.036652,0.339644,0.037943,-0.006747,0.001745,-0.059950,0.033222
1771552846.259,1584,6,6,0.0001,0.0429,0.2092,0.0021,0.0012,0.0686,0.6759,0.091541,0.064898,0.007820,0.000438,0.006718,0.003491,0.041888,0.186459,0.125105,-0.134497,0.000000,0.325121,0.196406,0.150205,0.069813,-0.004388,-0.012081,0.001745,-0.055851,0.201718,0.134271,0.003954,0.015708,0.344056,0.043153,-0.003954,0.000000,-0.059476,0.034165
1771552846.358,1587,6,6,0.0001,0.0279,0.1081,0.0022,0.0011,0.0150,0.8457,0.107677,0.062796,0.008172,0.000423,0.007483,0.003491,0.041888,0.184933,0.127915,-0.168772,-0.005236,0.397685,0.267275,0.180990,0.068068,0.019878,-0.000237,0.001745,-0.041888,0.199153,0.134283,-0.002003,0.003491,0.341446,0.042618,-0.001487,0.000000,-0.060467,0.030816
1771552846.459,1590,6,6,0.0002,0.0352,0.1210,0.0021,0.0011,0.0077,0.8327,0.107883,0.061813,0.005168,0.000174,0.004767,0.005236,0.041888,0.203105,0.129766,-0.160489,-0.008727,0.395105,0.262813,0.170961,0.069813,0.015913,-0.000414,0.003491,-0.024435,0.192151,0.132061,-0.005136,0.001745,0.342243,0.039464,-0.000100,0.000000,-0.059961,0.030599
1771552846.560,1593,6,6,0.0005,0.0552,0.1543,0.0036,0.0012,0.0079,0.7772,0.113791,0.053338,0.001934,0.000802,0.001421,0.005236,0.041888,0.290033,0.118339,-0.141920,-0.006981,0.391878,0.268024,0.155883,0.069813,0.017268,0.007128,0.003491,-0.013963,0.150402,0.110386,-0.016341,-0.008727,0.350714,-0.052146,-0.002857,0.000000,-0.070853,0.025063
1771552846.663,1596,6,6,0.0014,0.0674,0.3307,0.0091,0.0016,0.0229,0.5669,0.117396,0.054237,0.004221,0.001161,0.003368,0.006981,0.040143,0.272962,0.118674,-0.150287,-0.005236,0.398330,0.276973,0.167740,0.071558,0.031546,0.023847,0.010472,0.006981,0.155674,0.061978,-0.034142,-0.012217,0.394996,-0.236293,-0.018218,0.000000,-0.077885,0.020743
1771552846.762,1599,2,6,0.0020,0.0496,0.4982,0.0158,0.0024,0.0996,0.3324,0.135403,0.053743,0.001696,0.000554,0.001543,0.006981,0.036652,0.207252,0.176201,-0.250727,-0.005236,0.441494,0.313429,0.269925,0.071558,0.068229,0.033111,0.000000,0.000000,0.181947,-0.082037,-0.044516,0.003491,0.459473,-0.395499,-0.007844,-0.010472,-0.038777,-0.042375
1771552846.863,1602,2,2,0.0003,0.0049,0.4913,0.0025,0.0011,0.4492,0.0507,0.125430,0.063949,0.002029,0.000713,0.001909,0.006981,0.026180,0.207487,0.147330,-0.196412,-0.005236,0.440751,0.294878,0.210375,0.071558,0.067832,0.031789,0.000000,0.005236,0.210317,-0.156049,-0.049429,-0.008727,0.532982,-0.385086,-0.008167,-0.022689,0.018852,-0.133877
1771552846.963,1605,2,2,0.0001,0.0012,0.5628,0.0002,0.0004,0.4302,0.0052,0.114179,0.068874,0.002936,0.000930,0.002791,0.006981,0.001745,0.222211,0.139362,-0.128870,-0.008727,0.433140,0.279507,0.127124,0.071558,0.059531,0.028988,0.012217,0.001745,0.238124,-0.168186,-0.068098,-0.022689,0.531255,-0.382545,-0.006951,-0.020944,0.043147,-0.131957
1771552847.064,1608,5,2,0.0000,0.0011,0.4904,0.0001,0.0003,0.5046,0.0035,0.078374,0.068606,0.004771,0.000677,0.004579,0.006981,-0.001745,0.307452,0.111166,-0.080964,-0.012217,0.233295,0.139548,0.068747,0.073304,-0.064390,-0.010881,0.012217,-0.005236,0.235142,-0.108654,-0.075375,-0.012217,0.532582,-0.332149,0.000326,-0.012217,0.043006,-0.113632
1771552847.165,1611,5,5,0.0000,0.0022,0.4216,0.0002,0.0002,0.5689,0.0068,0.086753,0.067226,0.005984,0.000591,0.005432,0.008727,-0.005236,0.330414,0.096155,-0.072389,-0.010472,0.303925,0.176775,0.053190,0.071558,0.000296,-0.017655,0.012217,-0.005236,0.214074,-0.091007,-0.079487,-0.012217,0.536749,-0.320185,0.004438,-0.008727,0.039239,-0.102294
1771552847.264,1614,5,5,0.0001,0.0029,0.3039,0.0006,0.0004,0.6553,0.0367,0.090656,0.066354,0.002794,0.000621,0.002606,0.008727,-0.008727,0.357653,0.103936,0.042737,-0.008727,0.325606,0.179402,-0.065426,0.069813,-0.002072,-0.025503,0.012217,-0.005236,0.210448,-0.087358,-0.080977,-0.010472,0.536343,-0.320048,0.000692,-0.006981,0.036548,-0.096609
1771552847.365,1617,5,5,0.0003,0.0049,0.3886,0.0014,0.0008,0.4620,0.1420,0.089063,0.064542,0.002971,0.002619,0.003571,0.008727,-0.008727,0.397014,0.095395,-0.065764,-0.006981,0.297924,0.158559,0.041329,0.069813,-0.031868,-0.043404,0.012217,-0.006981,0.198857,-0.092229,-0.081644,-0.010472,0.529291,-0.327013,0.003104,-0.005236,0.031033,-0.095723
1771552847.466,1620,5,5,0.0014,0.0152,0.3368,0.0136,0.0010,0.4272,0.2048,0.087550,0.030726,0.001354,0.006265,0.006826,0.008727,-0.008727,0.393244,0.098812,-0.011971,-0.008727,0.315885,0.164117,-0.015954,0.069813,-0.028090,-0.044190,0.012217,-0.005236,-0.512846,-0.524474,-0.436781,-0.010472,-0.392843,-1.029288,0.356496,-0.005236,-0.472882,-0.471599
1771552847.566,1623,5,5,0.0019,0.0342,0.1077,0.1237,0.0010,0.6494,0.0821,0.098938,0.015032,0.000977,0.001544,0.011621,0.008727,-0.008727,0.316170,0.127311,0.005943,-0.008727,0.396088,0.257942,-0.040850,0.069813,0.005259,-0.009236,0.012217,-0.006981,-0.980402,-0.716264,-0.248449,-0.008727,-1.322207,-1.380628,0.168163,-0.006981,-1.242216,-0.945989
1771552847.666,1626,5,5,0.0003,0.0216,0.0139,0.1676,0.0004,0.7724,0.0238,0.102969,0.011574,0.000431,0.001874,0.005298,0.010472,-0.008727,0.244279,0.142599,-0.000274,-0.006981,0.393283,0.273044,-0.039869,0.069813,0.059666,0.042469,0.012217,-0.005236,-1.114340,-0.721233,-0.205212,-0.006981,-1.349628,-1.356222,0.126673,-0.003491,-1.447860,-0.816953
1771552847.767,1629,5,5,0.0000,0.0129,0.0027,0.1564,0.0002,0.8157,0.0121,0.118799,0.010364,0.000943,0.002191,0.004605,0.012217,-0.008727,0.231054,0.157043,-0.001546,-0.006981,0.426942,0.300865,-0.043832,0.069813,0.119689,0.107963,0.010472,-0.008727,-0.971556,-0.690515,-0.192436,-0.006981,-1.425095,-1.298513,0.113896,-0.001745,-1.400557,-0.861788
1771552847.867,1632,5,5,0.0000,0.0065,0.0011,0.0872,0.0001,0.9017,0.0034,0.118902,0.013448,0.002111,0.003338,0.007707,0.012217,-0.010472,0.241803,0.164894,-0.003406,-0.006981,0.446250,0.305629,-0.045463,0.069813,0.099899,0.086316,0.008727,-0.012217,-0.943195,-0.674006,-0.229439,-0.003491,-1.504667,-1.232345,0.152644,-0.003491,-1.409079,-0.863878
1771552847.967,1635,5,5,0.0000,0.0020,0.0006,0.0524,0.0000,0.9439,0.0010,0.135775,0.013540,0.001835,0.001234,0.002395,0.012217,-0.010472,0.375858,0.140707,-0.031359,-0.006981,0.521129,0.324823,-0.024492,0.069813,0.100226,0.084526,0.008727,-0.012217,-0.917257,-0.661885,-0.230553,-0.005236,-1.529363,-1.205356,0.153758,-0.001745,-1.408847,-0.870872
1771552848.068,1638,5,5,0.0000,0.0003,0.0001,0.0221,0.0000,0.9773,0.0002,0.104512,0.011917,0.001487,0.001418,0.004634,0.012217,-0.010472,0.393194,0.090440,-0.036745,-0.006981,0.330911,0.193505,-0.024342,0.069813,0.092181,0.071881,0.008727,-0.012217,-0.850558,-0.657033,-0.205835,0.001745,-1.548617,-1.193821,0.132531,0.000000,-1.404554,-0.891457
1771552848.168,1641,5,5,0.0002,0.0006,0.0000,0.0946,0.0001,0.9043,0.0001,0.106646,0.014609,0.002963,0.003874,0.005102,0.012217,-0.010472,0.395356,0.085647,-0.055335,-0.006981,0.360119,0.214455,-0.005751,0.069813,0.077595,0.064553,0.010472,-0.012217,-0.920932,-0.655103,-0.224182,0.005236,-1.557876,-1.189607,0.159605,0.000000,-1.408710,-0.887609
1771552848.268,1644,5,5,0.0018,0.0034,0.0001,0.2622,0.0005,0.7316,0.0005,0.110804,0.016285,0.001046,0.001391,0.001907,0.012217,-0.012217,0.389540,0.081163,-0.096757,-0.005236,0.365653,0.229929,0.032180,0.069813,0.083806,0.065345,0.012217,-0.012217,-1.058508,-0.656697,-0.232074,0.005236,-1.560871,-1.189871,0.177969,-0.003491,-1.412613,-0.879152
1771552848.368,1647,5,5,0.0082,0.0138,0.0002,0.4524,0.0012,0.5225,0.0017,0.104002,0.010988,0.002587,0.001822,0.001786,0.012217,-0.012217,0.365751,0.075625,-0.064470,-0.005236,0.403241,0.253531,-0.001853,0.069813,0.067851,-0.001390,0.012217,-0.015708,-1.040347,-0.656821,-0.168509,0.006981,-1.476799,-1.184933,0.112658,0.000000,-1.370608,-0.881067
1771552848.490,1650,3,3,0.0137,0.0546,0.0003,0.6418,0.0015,0.2843,0.0038,0.105288,0.011401,0.005406,0.000982,0.004304,0.012217,-0.012217,0.369326,0.075342,-0.040577,-0.005236,0.412958,0.249107,-0.027491,0.069813,0.069040,0.005651,0.012217,-0.017453,-1.036431,-0.649855,-0.169975,0.006981,-1.483965,-1.181994,0.117615,-0.003491,-1.371291,-0.879237
1771552848.570,1653,3,3,0.0015,0.1944,0.0001,0.7912,0.0002,0.0113,0.0013,0.102080,0.005240,0.002303,0.001181,0.001998,0.012217,-0.012217,0.335169,0.081339,-0.013003,-0.005236,0.412888,0.238610,-0.053319,0.069813,0.066737,0.008181,0.006981,-0.005236,-0.834306,-0.435444,-0.082081,0.003491,-1.253498,-0.951729,0.052410,-0.001745,-1.143282,-0.664562
1771552848.672,1656,3,3,0.0003,0.2623,0.0001,0.7349,0.0001,0.0016,0.0008,0.096794,0.000291,0.005083,0.001602,0.004369,0.012217,-0.012217,0.224032,0.098178,0.018067,-0.005236,0.413997,0.240745,-0.082644,0.071558,0.066419,0.016311,0.000000,0.000000,-0.577511,-0.262735,-0.017348,0.003491,-0.984596,-0.681893,-0.001850,-0.001745,-0.890640,-0.421102
1771552848.772,1659,3,3,0.0001,0.1460,0.0000,0.8525,0.0001,0.0009,0.0004,0.098750,0.000617,0.005812,0.001965,0.007883,0.012217,-0.012217,0.221477,0.097835,0.028986,0.000000,0.416253,0.238972,-0.095308,0.069813,0.072884,0.026562,0.000000,-0.003491,-0.373295,-0.166863,-0.014384,0.001745,-0.685575,-0.413054,0.005657,-0.001745,-0.600803,-0.262703
1771552848.872,1662,3,3,0.0001,0.0702,0.0000,0.9288,0.0000,0.0006,0.0003,0.102897,0.000399,0.002763,0.000774,0.001890,0.012217,-0.012217,0.155336,0.095191,0.050717,0.015708,0.447477,0.234125,-0.111804,0.069813,0.102531,0.051653,-0.005236,0.000000,-0.366942,-0.165159,0.003045,0.001745,-0.418551,-0.249193,-0.006536,-0.001745,-0.367493,-0.173325
1771552848.973,1665,3,3,0.0004,0.1496,0.0000,0.8482,0.0001,0.0010,0.0007,0.107484,0.000568,0.001170,0.000284,0.000671,0.000000,0.000000,0.090570,0.075545,0.071149,0.041888,0.491712,0.238548,-0.120019,0.068068,0.141438,0.070886,-0.013963,0.000000,-0.371336,-0.166894,0.005065,0.000000,-0.269925,-0.155898,-0.005065,0.001745,-0.242749,-0.121275
1771552849.074,1668,3,3,0.0009,0.1786,0.0000,0.8177,0.0002,0.0014,0.0011,0.115545,0.000242,0.001490,0.000246,0.000796,-0.003491,0.022689,0.037382,0.036042,0.085780,0.076794,0.530504,0.246988,-0.115450,0.069813,0.202262,0.078282,-0.041888,0.000000,-0.385250,-0.166944,0.002899,0.000000,-0.178635,-0.102790,-0.004645,0.000000,-0.165448,-0.091104
1771552849.175,1671,3,3,0.0006,0.1748,0.0000,0.8227,0.0002,0.0009,0.0008,0.119259,0.000042,0.001046,0.000334,0.002900,-0.006981,0.040143,0.011257,0.005864,0.088523,0.106465,0.555230,0.247170,-0.105976,0.069813,0.226785,0.079853,-0.068068,-0.001745,-0.409632,-0.168706,0.000504,0.000000,-0.130985,-0.067143,-0.000504,0.000000,-0.128298,-0.070529
1771552849.274,1674,3,3,0.0002,0.1380,0.0000,0.8608,0.0001,0.0005,0.0004,0.130428,0.000298,0.002840,0.000760,0.003886,-0.001745,0.054105,-0.014701,-0.014733,0.056724,0.129154,0.628320,0.276140,-0.063706,0.069813,0.259423,0.091454,-0.075049,-0.003491,-0.431870,-0.168613,0.003573,0.000000,-0.113403,-0.053627,-0.000082,-0.003491,-0.113974,-0.061528
1771552849.374,1677,3,3,0.0001,0.0561,0.0000,0.9432,0.0001,0.0003,0.0002,0.139368,0.002271,0.000655,0.001082,0.010201,0.003491,0.055851,-0.025470,-0.025907,0.064776,0.151844,0.640046,0.299443,-0.070012,0.071558,0.272959,0.112449,-0.073304,-0.001745,-0.419962,-0.164828,0.027257,0.000000,-0.072247,-0.047258,-0.025512,0.000000,-0.092149,-0.063486
1771552849.475,1680,3,3,0.0001,0.0308,0.0000,0.9675,0.0001,0.0014,0.0001,0.140579,0.020348,0.003399,0.000905,0.004902,0.006981,0.054105,-0.027292,-0.028972,0.067420,0.157080,0.642944,0.295882,-0.070911,0.071558,0.273906,0.117065,-0.073304,-0.001745,-0.233001,-0.139268,0.043566,0.000000,0.110168,-0.097237,-0.034840,0.000000,0.090438,-0.127160
1771552849.575,1683,3,3,0.0002,0.0582,0.0000,0.9326,0.0002,0.0086,0.0002,0.135904,0.008175,0.006077,0.001705,0.003478,0.010472,0.050615,-0.007032,-0.083533,0.064102,0.158825,0.623519,0.284952,-0.065847,0.071558,0.253352,0.113456,-0.073304,0.000000,-0.226895,-0.126195,0.030590,0.000000,0.029800,-0.073118,-0.018373,0.000000,0.037705,-0.115432
1771552849.677,1686,3,3,0.0002,0.0495,0.0000,0.9425,0.0002,0.0074,0.0002,0.134119,0.002341,0.004647,0.002784,0.002904,0.012217,0.052360,0.074198,-0.052123,0.039213,0.155334,0.619273,0.284112,-0.040959,0.071558,0.220352,0.080815,-0.066323,-0.001745,-0.216720,-0.130307,0.028091,0.000000,-0.004282,-0.055426,-0.007147,0.000000,-0.004046,-0.088432
1771552849.776,1689,3,3,0.0000,0.0167,0.0000,0.9801,0.0000,0.0030,0.0001,0.133461,0.001246,0.009541,0.000944,0.008035,0.012217,0.050615,0.179552,-0.037272,0.029497,0.148353,0.601595,0.273944,-0.031243,0.069813,0.184523,0.051429,-0.045379,-0.003491,-0.190520,-0.128467,0.014951,0.000000,-0.026278,-0.045301,-0.000988,0.000000,-0.048339,-0.067946
1771552849.876,1692,3,3,0.0000,0.0241,0.0000,0.9746,0.0000,0.0011,0.0001,0.126658,0.001073,0.009091,0.004466,0.004892,0.012217,0.027925,0.174901,-0.005574,0.039729,0.137881,0.553628,0.255701,-0.043220,0.069813,0.189937,0.058164,-0.026180,0.000000,-0.152083,-0.113751,0.011126,0.000000,-0.021656,-0.042101,-0.004145,0.001745,-0.036486,-0.066371
1771552849.976,1695,3,3,0.0000,0.0582,0.0000,0.9406,0.0001,0.0009,0.0002,0.117681,0.001554,0.004968,0.006081,0.005175,0.010472,0.015708,0.163156,0.042483,0.144021,0.127409,0.429825,0.170976,-0.149257,0.069813,0.180246,0.058062,-0.012217,0.001745,-0.105106,-0.062817,0.002975,0.000000,-0.010550,-0.040432,0.002261,0.003491,0.008175,-0.068639
1771552850.076,1698,3,3,0.0002,0.2105,0.0001,0.7863,0.0001,0.0023,0.0005,0.087624,0.003712,0.003367,0.003112,0.003141,0.012217,0.008727,0.173352,0.082274,0.088918,0.123918,0.216192,0.103858,-0.092409,0.069813,0.127042,0.045172,-0.003491,0.001745,-0.108847,-0.054475,0.000235,0.000000,0.016248,-0.044309,0.003256,0.000000,0.023058,-0.048340
1771552850.177,1701,3,3,0.0001,0.2219,0.0000,0.7768,0.0001,0.0008,0.0003,0.146384,0.004288,0.004000,0.003527,0.005016,0.012217,0.001745,0.168416,0.085337,0.216540,0.118682,0.615038,0.235815,-0.220030,0.069813,0.161712,0.071297,-0.001745,0.001745,-0.104338,-0.044976,-0.000300,0.000000,0.040176,-0.043489,0.005536,0.000000,0.004004,-0.041772
1771552850.277,1704,3,3,0.0001,0.1456,0.0000,0.8533,0.0001,0.0004,0.0004,0.105144,0.060455,0.002246,0.001887,0.003442,0.010472,0.000000,0.180782,0.096119,0.122851,0.113446,0.378320,0.123769,-0.129832,0.068068,0.142600,0.025307,-0.001745,0.001745,0.035687,0.062845,0.014369,0.000000,0.241158,0.029042,-0.010878,0.000000,0.277451,0.063167
1771552850.377,1707,3,3,0.0002,0.4795,0.0018,0.5153,0.0013,0.0015,0.0005,0.067267,0.278519,0.005557,0.004592,0.018791,0.010472,-0.001745,0.198440,0.109690,0.114733,0.109956,0.195841,-0.020398,-0.116478,0.068068,-0.016630,-0.094038,0.000000,0.001745,0.677308,0.254736,0.025616,0.000000,0.827994,0.500051,-0.022125,-0.003491,0.639328,0.415450
1771552850.478,1710,3,3,0.0000,0.1738,0.0056,0.8182,0.0022,0.0002,0.0001,0.072024,0.112006,0.002385,0.005089,0.021475,0.008727,-0.001745,0.180641,0.113477,0.129862,0.108210,0.236032,0.018152,-0.129862,0.068068,0.001116,-0.082597,0.000000,0.001745,0.593665,0.124749,0.046247,0.001745,0.224711,0.064863,-0.042756,-0.006981,0.130832,0.155508
1771552850.577,1713,3,3,0.0000,0.2369,0.0116,0.7483,0.0029,0.0001,0.0002,0.074907,0.095236,0.001560,0.000770,0.005508,0.010472,-0.003491,0.160943,0.115998,0.156016,0.108210,0.250816,0.024123,-0.159507,0.068068,0.004237,-0.068160,0.000000,0.001745,0.334377,0.202545,0.025285,0.000000,0.213207,0.065532,-0.011323,-0.003491,0.183049,0.117092
1771552850.678,1716,3,3,0.0002,0.2356,0.0233,0.7362,0.0040,0.0001,0.0006,0.074152,0.058536,0.001094,0.003027,0.005539,0.010472,-0.005236,0.129046,0.116295,0.204231,0.106465,0.236561,0.016685,-0.202486,0.068068,0.001997,-0.063391,0.000000,0.000000,0.218141,0.109727,-0.000148,0.001745,0.130352,0.057393,0.008875,0.001745,0.087497,0.086952
1771552850.778,1719,3,3,0.0006,0.4056,0.0425,0.5437,0.0061,0.0008,0.0007,0.080355,0.043140,0.000684,0.001653,0.006573,0.010472,-0.003491,0.119416,0.117353,0.197137,0.104720,0.288965,0.040840,-0.198882,0.068068,0.017292,-0.043981,0.000000,0.001745,-0.289149,-0.264153,-0.062961,0.000000,0.186244,0.184749,0.066452,-0.001745,-0.028127,0.078488
1771552850.878,1722,3,3,0.0003,0.2637,0.0032,0.7301,0.0005,0.0020,0.0001,0.082452,0.003722,0.002244,0.002714,0.010594,0.010472,-0.005236,0.092349,0.119656,0.103918,0.104720,0.330191,0.119002,-0.107409,0.068068,0.041047,-0.026503,0.000000,0.001745,-0.649444,-0.232317,-0.034189,0.000000,-0.879935,-0.219892,0.042915,-0.001745,-0.814583,-0.192453
1771552850.978,1725,3,3,0.0001,0.0558,0.0007,0.9415,0.0001,0.0017,0.0002,0.090537,0.003871,0.001492,0.003191,0.005010,0.010472,-0.005236,0.091481,0.119418,0.098109,0.104720,0.368431,0.161984,-0.101600,0.068068,0.063766,-0.008133,0.000000,0.001745,-0.609256,-0.167947,-0.035984,0.000000,-0.659799,-0.138512,0.044711,0.000000,-0.551686,-0.117577
1771552851.079,1728,3,3,0.0000,0.0140,0.0002,0.9835,0.0001,0.0022,0.0001,0.090161,0.003890,0.000882,0.006960,0.016376,0.010472,-0.005236,0.095559,0.115249,0.129976,0.104720,0.353633,0.148366,-0.135212,0.068068,0.055884,-0.007198,0.000000,0.001745,-0.403436,-0.097801,-0.032721,0.000000,-0.385173,-0.101428,0.044938,0.000000,-0.319476,-0.105816
1771552851.179,1731,3,3,0.0002,0.0055,0.0064,0.6297,0.0052,0.3528,0.0002,0.091746,0.202745,0.002290,0.005772,0.004671,0.010472,-0.005236,0.132469,0.098345,0.121919,0.102974,0.359846,0.149997,-0.125410,0.068068,0.056867,-0.005882,0.000000,0.000000,0.252681,0.256517,0.092926,0.000000,0.607071,0.267438,-0.078964,0.003491,0.673401,0.279420
1771552851.280,1734,3,3,0.0002,0.0074,0.0079,0.8753,0.0680,0.0412,0.0001,0.121045,0.224378,0.004969,0.001578,0.006106,0.010472,-0.005236,0.153502,0.078600,0.048334,0.104720,0.511527,0.239103,-0.050079,0.068068,0.169543,0.068674,0.000000,0.001745,0.509016,0.221441,0.000682,0.000000,0.811604,0.245298,0.016772,0.000000,0.655538,0.230438
1771552851.381,1737,3,3,0.0000,0.0008,0.0005,0.9564,0.0367,0.0055,0.0000,0.123058,0.090690,0.004543,0.005082,0.026934,0.010472,-0.005236,0.154016,0.071563,0.080780,0.102974,0.540149,0.259026,-0.080780,0.068068,0.141967,0.047681,0.000000,0.001745,0.263168,0.167062,0.033776,0.000000,0.264968,-0.021619,-0.019813,0.001745,0.324651,0.031169
1771552851.484,1740,3,3,0.0000,0.0003,0.0002,0.9625,0.0309,0.0061,0.0000,0.102622,0.103348,0.001847,0.000985,0.002764,0.010472,-0.005236,0.165165,0.065478,0.071907,0.102974,0.385523,0.185451,-0.071907,0.068068,0.136549,0.039879,0.000000,0.001745,0.151551,0.106065,-0.139352,0.000000,0.378610,0.212063,0.146333,0.000000,0.189017,0.054787
1771552851.582,1743,3,3,0.0000,0.0005,0.0002,0.9614,0.0300,0.0079,0.0000,0.095278,0.092016,0.003108,0.001906,0.001532,0.010472,-0.005236,0.285666,0.030850,0.081051,0.104720,0.358050,0.116831,-0.082796,0.068068,0.087634,-0.009803,0.000000,0.003491,0.100050,0.071108,-0.106881,0.000000,0.331124,0.235992,0.115608,0.003491,0.126579,0.116749
1771552851.683,1746,3,3,0.0000,0.0006,0.0001,0.9736,0.0201,0.0056,0.0001,0.099323,0.063280,0.001790,0.000565,0.001511,0.010472,-0.005236,0.272695,0.028107,0.133761,0.102974,0.369272,0.119334,-0.135507,0.068068,0.087197,-0.013576,0.000000,0.003491,0.056912,0.050593,-0.103142,0.000000,0.195561,0.150854,0.106633,0.000000,0.088025,0.107293
1771552851.783,1749,3,3,0.0003,0.0012,0.0001,0.9148,0.0042,0.0788,0.0007,0.110704,0.053458,0.001994,0.001181,0.001721,0.010472,-0.006981,0.251777,0.040310,0.115255,0.101229,0.481600,0.162029,-0.117000,0.066323,0.099453,-0.010747,0.001745,0.000000,0.054730,0.041384,-0.069939,0.003491,0.163407,0.135472,0.073430,0.000000,0.072889,0.094944
1771552851.884,1752,3,3,0.0000,0.0001,0.0000,0.9994,0.0003,0.0002,0.0000,0.110309,0.047771,0.002184,0.000642,0.002889,0.010472,-0.005236,0.237982,0.048743,0.144452,0.101229,0.462918,0.152908,-0.144452,0.068068,0.096936,-0.013208,0.000000,0.000000,0.060636,0.026971,-0.050548,0.005236,0.160934,0.138327,0.048802,0.000000,0.044744,0.087604
1771552851.984,1755,3,3,0.0000,0.0003,0.0000,0.9964,0.0008,0.0025,0.0001,0.110088,0.052393,0.001340,0.000612,0.001177,0.008727,-0.006981,0.231818,0.048987,0.141305,0.099484,0.473202,0.155731,-0.143050,0.066323,0.095474,-0.021640,0.000000,0.000000,0.062837,0.029026,-0.048323,0.003491,0.168430,0.195212,0.043087,0.000000,0.030860,0.095768
1771552852.084,1758,3,3,0.0000,0.0003,0.0001,0.9643,0.0023,0.0326,0.0003,0.115253,0.063087,0.001769,0.000843,0.003813,0.010472,-0.006981,0.221505,0.049156,0.128743,0.101229,0.527326,0.183200,-0.128743,0.066323,0.095085,-0.029523,0.000000,-0.003491,0.051777,0.035512,-0.092617,0.005236,0.221002,0.228827,0.085636,0.000000,0.022454,0.106604
1771552852.184,1761,3,3,0.0001,0.0007,0.0003,0.8609,0.0052,0.1315,0.0012,0.114508,0.044983,0.000510,0.000151,0.003439,0.010472,-0.006981,0.216985,0.048182,0.125899,0.101229,0.523518,0.186715,-0.125899,0.066323,0.094768,-0.035512,0.000000,-0.006981,-0.115961,0.037043,-0.047424,0.005236,0.176385,0.195076,0.036952,0.000000,-0.017115,0.089105
1771552852.285,1764,3,3,0.0000,0.0001,0.0000,0.8374,0.0008,0.1616,0.0000,0.105533,0.019574,0.001289,0.001792,0.009937,0.010472,-0.005236,0.219198,0.046093,0.164826,0.101229,0.431576,0.148850,-0.164826,0.066323,0.077835,-0.045202,-0.001745,0.001745,-0.360616,-0.077306,0.102150,0.003491,-0.004823,0.068510,-0.105640,0.000000,-0.134628,0.058997
1771552852.385,1767,3,3,0.0000,0.0003,0.0000,0.6018,0.0002,0.3977,0.0000,0.107536,0.006759,0.000920,0.000606,0.005697,0.010472,-0.006981,0.219277,0.047686,0.161756,0.099484,0.452010,0.154526,-0.161756,0.066323,0.078901,-0.043871,0.000000,0.000000,-0.364828,-0.076197,0.079359,0.001745,-0.325981,-0.256924,-0.077613,0.000000,-0.194156,-0.078602
1771552852.485,1770,5,5,0.0001,0.0011,0.0001,0.1550,0.0002,0.8433,0.0001,0.106794,0.005383,0.000774,0.000641,0.001355,0.010472,-0.006981,0.221833,0.050576,0.162466,0.101229,0.444559,0.149567,-0.162466,0.066323,0.074505,-0.046329,0.000000,0.001745,-0.120642,-0.072520,0.061101,0.001745,-0.240568,-0.184680,-0.055865,0.000000,-0.167381,-0.095903
1771552852.585,1773,5,5,0.0000,0.0001,0.0000,0.0102,0.0000,0.9896,0.0001,0.106716,0.006434,0.002226,0.000519,0.002349,0.010472,-0.006981,0.208732,0.064655,0.158155,0.099484,0.447053,0.151398,-0.158155,0.066323,0.074317,-0.044340,0.000000,0.003491,-0.107314,-0.046475,0.071977,0.001745,-0.232722,-0.185232,-0.063251,0.000000,-0.190607,-0.140485
1771552852.686,1776,5,5,0.0001,0.0003,0.0000,0.0260,0.0000,0.9734,0.0001,0.107457,0.005847,0.003290,0.000422,0.003565,0.010472,-0.006981,0.181377,0.071746,0.149173,0.101229,0.453446,0.158243,-0.149173,0.066323,0.097470,-0.016860,0.000000,0.003491,-0.140201,-0.036140,0.066676,0.000000,-0.301420,-0.240343,-0.059694,0.000000,-0.270467,-0.217502
1771552852.787,1779,1,5,0.0010,0.5677,0.0001,0.4286,0.0002,0.0016,0.0010,0.104311,0.005270,0.002479,0.000571,0.002104,0.010472,-0.005236,0.186901,0.070444,0.156714,0.099484,0.427067,0.147190,-0.158459,0.066323,0.087139,-0.027991,0.000000,0.003491,-0.156961,-0.029429,0.059752,0.000000,-0.348937,-0.279889,-0.052771,0.000000,-0.299819,-0.258359
1771552852.886,1782,3,1,0.0010,0.3854,0.0001,0.6051,0.0002,0.0071,0.0011,0.102606,0.005213,0.004223,0.000250,0.004087,0.010472,-0.008727,0.168420,0.078946,0.145777,0.095993,0.415537,0.151047,-0.144032,0.068068,0.097013,-0.003279,0.000000,0.001745,-0.165014,-0.023728,0.059070,0.000000,-0.331442,-0.254536,-0.053834,0.001745,-0.281502,-0.243296
1771552852.987,1785,3,3,0.0003,0.3288,0.0000,0.6698,0.0001,0.0004,0.0006,0.117069,0.002932,0.003486,0.000516,0.003318,0.010472,-0.006981,0.105383,0.099494,0.020221,0.083776,0.431961,0.244072,-0.018476,0.069813,0.205719,0.133924,0.000000,0.001745,-0.145913,-0.018673,0.031697,0.001745,-0.200324,-0.158884,-0.021225,0.000000,-0.182183,-0.169539
1771552853.087,1788,3,3,0.0003,0.2321,0.0000,0.7665,0.0001,0.0003,0.0006,0.112770,0.002257,0.001654,0.000301,0.001263,0.010472,-0.006981,0.122778,0.115293,0.034779,0.075049,0.423487,0.224699,-0.033034,0.068068,0.168773,0.109845,0.000000,0.001745,-0.119532,-0.017161,0.023593,0.001745,-0.140339,-0.110977,-0.013121,0.000000,-0.137437,-0.137740
1771552853.187,1791,3,3,0.0002,0.1504,0.0000,0.8484,0.0001,0.0002,0.0006,0.118029,0.001178,0.002771,0.000656,0.001650,0.010472,-0.006981,0.116624,0.118467,0.011234,0.069813,0.488623,0.258037,-0.007744,0.068068,0.164777,0.110230,0.000000,0.001745,-0.131183,-0.011954,0.012391,0.000000,-0.094385,-0.072679,-0.000174,0.000000,-0.092962,-0.097537
1771552853.288,1794,3,3,0.0002,0.1120,0.0000,0.8869,0.0001,0.0002,0.0005,0.123930,0.000436,0.000600,0.000249,0.000264,0.010472,-0.006981,0.118972,0.115635,0.017895,0.068068,0.513918,0.298071,-0.012659,0.068068,0.164380,0.111681,0.000000,0.000000,-0.114775,-0.008296,0.003481,0.000000,-0.076019,-0.054427,0.001755,0.000000,-0.073723,-0.080411
1771552853.388,1797,3,3,0.0002,0.1124,0.0000,0.8864,0.0001,0.0003,0.0006,0.124935,0.000582,0.001260,0.000066,0.000441,0.010472,-0.008727,0.109982,0.116545,0.098180,0.066323,0.482927,0.280416,-0.094689,0.068068,0.156997,0.109315,0.000000,0.003491,-0.103381,-0.005127,0.002691,0.000000,-0.063834,-0.040000,0.000800,0.000000,-0.060927,-0.067577
1771552853.490,1800,3,3,0.0005,0.1245,0.0000,0.8736,0.0002,0.0003,0.0009,0.115568,0.000571,0.000455,0.000321,0.000741,0.008727,-0.006981,0.117069,0.118142,0.057678,0.064577,0.447931,0.257271,-0.054187,0.068068,0.143826,0.103525,0.000000,0.001745,-0.099572,-0.002739,0.005112,0.000000,-0.060997,-0.035069,-0.001621,0.000000,-0.051387,-0.057455
1771552853.590,1803,3,3,0.0007,0.1186,0.0001,0.8783,0.0002,0.0008,0.0013,0.108127,0.000352,0.001243,0.000164,0.001219,0.010472,-0.006981,0.148175,0.120853,0.049358,0.064577,0.423971,0.179646,-0.045868,0.068068,0.131473,0.100927,0.000000,0.001745,-0.090078,-0.003620,0.002474,0.000000,-0.061205,-0.028639,-0.002474,0.000000,-0.052543,-0.055468
1771552853.690,1806,3,3,0.0010,0.1278,0.0001,0.8677,0.0003,0.0016,0.0015,0.111334,0.000352,0.000741,0.000941,0.001139,0.010472,-0.005236,0.188262,0.123729,0.050297,0.064577,0.423378,0.182222,-0.046806,0.066323,0.130264,0.096485,0.000000,0.001745,-0.087614,-0.002882,0.002483,0.000000,-0.060458,-0.021457,-0.000738,0.000000,-0.048412,-0.052216
1771552853.790,1809,3,3,0.0006,0.1136,0.0001,0.8830,0.0002,0.0013,0.0012,0.113549,0.000369,0.001538,0.000565,0.001557,0.010472,-0.005236,0.167226,0.131821,0.042249,0.064577,0.444883,0.199386,-0.037013,0.068068,0.133292,0.100618,0.000000,0.001745,-0.085472,-0.003366,0.002678,0.000000,-0.059355,-0.016056,-0.000933,0.000000,-0.048340,-0.050861
1771552853.891,1812,1,3,0.0018,0.7103,0.0000,0.2869,0.0002,0.0000,0.0007,0.109841,0.000305,0.002951,0.000345,0.002672,0.010472,-0.006981,0.156553,0.138719,0.043734,0.062832,0.440027,0.199331,-0.036752,0.068068,0.109005,0.089347,0.000000,0.001745,-0.085081,-0.004461,0.001915,0.000000,-0.058242,-0.009616,-0.001915,0.000000,-0.045693,-0.047128
1771552853.991,1815,3,3,0.0008,0.4294,0.0000,0.5689,0.0002,0.0000,0.0005,0.119498,0.000198,0.001287,0.000652,0.000906,0.010472,-0.005236,0.131271,0.139670,0.038905,0.062832,0.499113,0.260372,-0.031924,0.068068,0.124731,0.098548,0.000000,0.001745,-0.085973,-0.002932,-0.000629,0.000000,-0.056809,-0.003491,0.000629,0.000000,-0.046169,-0.048502
1771552854.091,1818,3,3,0.0012,0.3819,0.0000,0.6159,0.0003,0.0001,0.0006,0.112544,0.000446,0.000832,0.000290,0.000560,0.010472,-0.006981,0.139378,0.142648,0.036439,0.050615,0.469265,0.236690,-0.025967,0.068068,0.112606,0.084345,0.000000,0.003491,-0.085802,-0.003550,-0.001865,0.000000,-0.056454,-0.004112,0.001865,0.000000,-0.046954,-0.049622
1771552854.191,1821,3,3,0.0015,0.3901,0.0001,0.6073,0.0003,0.0001,0.0007,0.114915,0.000570,0.001745,0.000313,0.001767,0.010472,-0.006981,0.128949,0.147565,0.031208,0.041888,0.483025,0.242718,-0.018990,0.068068,0.137575,0.087507,0.000000,0.003491,-0.086408,-0.002662,-0.001608,0.000000,-0.057848,-0.002088,0.003354,0.000000,-0.049510,-0.050850
1771552854.292,1824,3,3,0.0066,0.3650,0.0001,0.6261,0.0005,0.0001,0.0016,0.110314,0.000434,0.005214,0.000428,0.005003,0.010472,-0.006981,0.102074,0.148423,0.033194,0.038397,0.473462,0.255540,-0.019231,0.068068,0.117310,0.076829,0.000000,0.003491,-0.086025,-0.002702,0.001715,0.000000,-0.056669,-0.001003,-0.001715,0.000000,-0.052332,-0.052167
1771552854.393,1827,3,3,0.0098,0.1889,0.0001,0.7979,0.0005,0.0001,0.0027,0.105334,0.000285,0.004190,0.000324,0.003964,0.010472,-0.006981,0.110550,0.146921,0.027690,0.036652,0.471602,0.246931,-0.013727,0.066323,0.093730,0.053134,0.000000,0.001745,-0.083907,-0.003071,0.001382,0.000000,-0.054970,0.000289,-0.001382,0.000000,-0.054056,-0.053253
1771552854.492,1830,3,3,0.0011,0.1027,0.0000,0.8950,0.0002,0.0001,0.0009,0.120406,0.000723,0.002676,0.000144,0.002624,0.010472,-0.006981,0.010273,0.164175,-0.047843,0.036652,0.572063,0.360936,0.058315,0.066323,0.104117,0.061541,0.000000,0.000000,-0.080926,-0.005582,0.004460,0.000000,-0.048086,0.004215,-0.004460,-0.001745,-0.052198,-0.051431
1771552854.593,1833,3,3,0.0005,0.0864,0.0000,0.9122,0.0002,0.0001,0.0006,0.107472,0.000862,0.001425,0.000407,0.001002,0.010472,-0.005236,0.017024,0.156273,-0.033764,0.034907,0.498217,0.286539,0.040745,0.066323,0.114021,0.065149,0.000000,0.001745,-0.080844,-0.003365,0.003129,0.001745,-0.046115,0.003725,-0.003129,0.000000,-0.052358,-0.049408
1771552854.693,1836,3,3,0.0004,0.0803,0.0000,0.9184,0.0002,0.0001,0.0006,0.103386,0.000829,0.001898,0.000417,0.001555,0.010472,-0.006981,0.001199,0.135647,-0.023304,0.034907,0.470274,0.259399,0.028540,0.066323,0.144933,0.088937,0.000000,0.001745,-0.078952,-0.003008,0.001381,0.000000,-0.038530,0.006458,0.000364,-0.001745,-0.048737,-0.040526
1771552854.794,1839,3,3,0.0006,0.0710,0.0001,0.9274,0.0002,0.0001,0.0008,0.091843,0.001924,0.000526,0.000429,0.000563,0.010472,-0.005236,0.012085,0.112376,0.029884,0.033161,0.412326,0.208743,-0.028139,0.066323,0.134941,0.081806,0.000000,0.000000,-0.078735,-0.002677,0.003494,0.000000,-0.004934,0.019596,-0.001749,0.000000,-0.045306,-0.032238
1771552854.895,1842,3,3,0.0007,0.0694,0.0001,0.9287,0.0002,0.0001,0.0009,0.092213,0.001379,0.000570,0.000365,0.000560,0.010472,-0.005236,0.016222,0.104902,0.031568,0.033161,0.416035,0.212729,-0.029822,0.066323,0.133182,0.081958,0.000000,0.001745,-0.066506,-0.003092,0.006150,0.000000,-0.006546,0.008655,-0.002659,0.000000,-0.044896,-0.030077
1771552854.995,1845,3,3,0.0011,0.0788,0.0001,0.9188,0.0002,0.0001,0.0009,0.092362,0.000850,0.000795,0.000062,0.001054,0.010472,-0.006981,0.019712,0.104990,0.033906,0.033161,0.416892,0.211628,-0.033906,0.064577,0.132063,0.080944,0.000000,0.001745,-0.053670,-0.004085,0.004923,0.000000,-0.007086,0.003533,-0.004923,0.000000,-0.045105,-0.027892
1771552855.096,1848,3,3,0.0009,0.0883,0.0001,0.9094,0.0002,0.0001,0.0009,0.092817,0.001336,0.002515,0.001378,0.002470,0.010472,-0.006981,0.030797,0.084794,-0.091494,0.033161,0.383546,0.208871,0.091494,0.064577,0.126035,0.080060,0.000000,0.003491,-0.053517,-0.002036,0.010796,0.000000,-0.009912,-0.000708,-0.009051,0.001745,-0.045989,-0.027336
1771552855.194,1851,3,3,0.0037,0.3050,0.0004,0.6865,0.0003,0.0002,0.0040,0.025629,0.000507,0.002168,0.001429,0.001541,0.010472,-0.005236,0.155794,-0.114316,-0.045287,0.031416,-0.334321,-0.354868,0.045287,0.064577,-0.375891,-0.121713,0.000000,0.001745,-0.049902,-0.001589,0.004335,0.000000,-0.013059,-0.002155,-0.000844,-0.001745,-0.048371,-0.029772
1771552855.296,1854,1,1,0.0034,0.8055,0.0002,0.1884,0.0001,0.0000,0.0024,0.028232,0.000344,0.000961,0.000736,0.001086,0.010472,-0.005236,0.121461,-0.061850,0.110856,0.031416,-0.388455,-0.364278,-0.110856,0.064577,-0.479274,-0.245506,0.000000,0.001745,-0.053440,-0.000666,0.002380,0.000000,-0.015243,-0.002977,-0.000635,-0.001745,-0.048238,-0.031284
1771552855.395,1857,1,1,0.0015,0.9665,0.0001,0.0303,0.0000,0.0000,0.0015,0.010738,0.000514,0.002171,0.000514,0.002024,0.001745,0.000000,-0.042124,-0.040468,0.078246,0.010472,-0.426176,-0.353389,-0.074756,0.038397,-0.319443,-0.200682,0.000000,0.001745,-0.060862,0.000933,0.000426,0.000000,-0.015537,-0.004042,0.003064,0.000000,-0.046527,-0.031689
1771552855.495,1860,1,1,0.0005,0.9934,0.0001,0.0050,0.0000,0.0000,0.0011,0.007458,0.000359,0.001856,0.001389,0.001999,0.001745,0.000000,-0.263201,-0.034043,0.058082,0.005236,-0.380015,-0.286542,-0.049355,0.024435,-0.439768,-0.257153,0.000000,0.000000,-0.086514,0.000823,0.001091,0.000000,-0.016029,-0.004067,0.002400,0.000000,-0.045061,-0.033396
1771552855.595,1863,1,1,0.0001,0.9991,0.0001,0.0004,0.0000,0.0000,0.0004,0.002430,0.000309,0.001361,0.002333,0.002869,0.000000,0.001745,-0.383798,-0.042067,-0.004729,0.000000,-0.328927,-0.195338,0.015201,0.012217,-0.363240,-0.186497,0.000000,0.000000,-0.092698,0.001172,0.002531,0.000000,-0.017794,-0.007744,-0.000786,0.000000,-0.043494,-0.035456
1771552855.695,1866,1,1,0.0000,0.9998,0.0001,0.0000,0.0000,0.0000,0.0001,0.005336,0.000303,0.004293,0.002081,0.002929,0.000000,0.003491,-0.291813,-0.102922,-0.041339,0.000000,-0.303649,-0.167229,0.053556,0.006981,-0.263953,-0.121083,0.000000,0.001745,-0.092898,0.000145,0.001270,0.000000,-0.014999,-0.004740,0.000475,0.000000,-0.036843,-0.036190
1771552855.796,1869,1,1,0.0000,0.9998,0.0001,0.0000,0.0000,0.0000,0.0001,0.003753,0.001850,0.001909,0.001221,0.001767,0.000000,0.001745,-0.206855,-0.068636,-0.017110,0.000000,-0.240904,-0.145416,0.036309,0.006981,-0.228693,-0.096296,0.000000,0.000000,-0.088429,-0.003151,-0.004403,0.000000,0.016047,-0.000350,0.006148,0.000000,-0.031105,-0.037086
1771552855.896,1872,1,1,0.3915,0.6043,0.0017,0.0005,0.0001,0.0000,0.0018,0.004409,0.002976,0.001094,0.000851,0.001775,0.000000,0.001745,-0.168561,-0.051003,-0.024985,0.000000,-0.163569,-0.093281,0.049420,0.001745,-0.144347,-0.069433,0.000000,0.001745,-0.090052,-0.003370,-0.001671,0.001745,0.020230,0.006826,0.005162,0.000000,-0.021562,-0.036963
1771552855.996,1875,1,1,0.4631,0.5334,0.0012,0.0005,0.0000,0.0000,0.0017,0.003065,0.002390,0.001544,0.000707,0.001536,0.000000,0.001745,-0.127417,-0.038861,-0.005367,-0.001745,-0.090906,-0.056055,0.035038,0.000000,-0.006099,-0.035948,0.000000,0.001745,-0.095832,-0.007899,-0.006726,0.000000,0.006573,0.010146,0.010217,0.000000,-0.015780,-0.036009
1771552856.097,1878,1,1,0.2242,0.7723,0.0013,0.0004,0.0000,0.0000,0.0018,0.002327,0.000792,0.000830,0.001286,0.001010,0.000000,0.001745,-0.116455,-0.034558,0.003410,0.000000,-0.019459,-0.013089,0.022770,0.000000,-0.041785,-0.045086,0.000000,0.001745,-0.096038,-0.013882,-0.005040,0.000000,-0.000885,0.000978,0.006785,0.000000,-0.017937,-0.038060
1771552856.198,1881,1,1,0.0783,0.9191,0.0009,0.0003,0.0000,0.0000,0.0015,0.002072,0.000705,0.000462,0.000852,0.000873,0.000000,0.001745,-0.121653,-0.039216,0.023118,0.000000,-0.030054,-0.018262,-0.003920,0.000000,-0.047401,-0.046944,0.000000,0.003491,-0.090850,-0.016872,-0.004967,0.000000,-0.014405,-0.001382,0.004967,0.000000,-0.030225,-0.046499
1771552856.299,1884,1,1,0.0217,0.9764,0.0006,0.0002,0.0000,0.0000,0.0011,0.001745,0.000502,0.000684,0.000925,0.002002,0.000000,0.001745,-0.148182,-0.045209,0.009800,0.000000,-0.031900,-0.018408,0.009398,-0.001745,-0.067965,-0.052467,0.000000,0.001745,-0.086208,-0.014371,0.003496,0.000000,-0.013380,0.000785,-0.001751,0.000000,-0.027356,-0.042474
1771552856.401,1887,1,1,0.0063,0.9922,0.0003,0.0002,0.0000,0.0000,0.0008,0.001933,0.000443,0.001427,0.001269,0.000383,0.000000,0.001745,-0.122752,-0.042421,0.021447,0.000000,-0.032703,-0.020099,-0.005739,0.000000,-0.070396,-0.053286,0.000000,0.001745,-0.082455,-0.016158,0.003568,0.000000,-0.032032,-0.000078,-0.003568,0.000000,-0.029120,-0.041620
1771552856.501,1890,1,1,0.0048,0.9942,0.0002,0.0002,0.0000,0.0000,0.0007,0.002404,0.000528,0.000534,0.000448,0.000514,0.000000,0.001745,-0.109090,-0.049008,0.027100,0.000000,-0.029296,-0.020372,-0.006156,-0.001745,-0.036624,-0.044242,0.000000,0.001745,-0.076309,-0.013965,0.004588,0.000000,-0.065016,-0.005578,-0.004588,0.000000,-0.066409,-0.046768
1771552856.603,1893,1,1,0.0079,0.9912,0.0001,0.0003,0.0000,0.0000,0.0006,0.002967,0.000391,0.000994,0.001010,0.000927,0.000000,0.003491,-0.098979,-0.058816,0.028627,0.000000,-0.026530,-0.019961,-0.002447,0.003491,-0.001882,-0.040350,0.000000,0.001745,-0.062604,-0.007049,0.002941,0.000000,-0.055690,-0.004451,-0.002941,0.000000,-0.064533,-0.049618
1771552856.703,1896,1,1,0.0484,0.9502,0.0002,0.0005,0.0000,0.0000,0.0008,0.002327,0.000565,0.000958,0.000277,0.000641,0.000000,0.001745,-0.080365,-0.046308,0.025731,0.000000,-0.025556,-0.022228,0.000449,0.000000,-0.011538,-0.041382,0.000000,0.003491,-0.054393,-0.001769,0.002148,0.000000,-0.034679,0.001147,-0.000403,0.000000,-0.054551,-0.047643
1771552856.802,1899,1,1,0.4231,0.5745,0.0002,0.0009,0.0000,0.0000,0.0012,0.002507,0.001144,0.000713,0.000307,0.000329,0.000000,0.001745,-0.068203,-0.044178,0.028343,0.000000,-0.030257,-0.033101,-0.000417,-0.003491,-0.043338,-0.050783,0.000000,0.001745,-0.045753,0.001170,-0.005793,0.000000,-0.033508,0.003269,0.007538,0.000000,-0.052959,-0.048777
1771552856.903,1902,0,0,0.6776,0.3205,0.0002,0.0007,0.0000,0.0000,0.0010,0.003917,0.003467,0.000333,0.000446,0.000558,0.000000,0.001745,-0.074677,-0.041761,0.045262,0.000000,-0.061081,-0.050146,-0.013846,0.000000,-0.060981,-0.048741,0.000000,0.001745,-0.025205,0.003197,-0.031955,0.000000,-0.035402,0.002963,0.033700,0.000000,-0.053900,-0.049186
1771552857.003,1905,1,1,0.0789,0.8772,0.0270,0.0004,0.0003,0.0002,0.0162,0.005187,0.228850,0.000334,0.003265,0.003859,0.000000,0.001745,-0.063219,-0.041046,0.060494,0.000000,-0.061297,-0.045280,-0.025587,0.000000,-0.068713,-0.051001,0.000000,0.001745,0.862155,0.189749,0.045497,0.001745,0.607442,0.318527,-0.042006,0.000000,0.502359,0.216984
1771552857.103,1908,1,1,0.0000,0.9353,0.0645,0.0000,0.0000,0.0000,0.0002,0.003459,0.119318,0.000550,0.002972,0.007568,0.000000,0.001745,-0.060219,-0.040495,0.039757,0.000000,-0.052482,-0.036801,-0.003105,-0.001745,-0.078665,-0.056216,0.000000,0.003491,0.436592,0.129661,-0.022702,0.000000,0.235193,0.125510,0.027938,-0.005236,0.250842,0.222589
1771552857.205,1911,1,1,0.0000,0.9140,0.0859,0.0000,0.0000,0.0000,0.0000,0.004066,0.080693,0.000722,0.000463,0.001186,0.000000,0.001745,-0.049643,-0.039955,0.045304,0.000000,-0.049220,-0.031189,-0.010398,0.001745,-0.077409,-0.049744,0.000000,0.001745,0.207680,0.083825,-0.027479,0.000000,0.148710,0.198207,0.037951,-0.001745,0.133025,0.157169
1771552857.304,1914,1,1,0.0000,0.9760,0.0240,0.0000,0.0000,0.0000,0.0000,0.003054,0.049175,0.000355,0.000822,0.000898,0.000000,0.001745,-0.026308,-0.033998,0.027627,0.000000,-0.011334,-0.015383,0.007280,0.000000,-0.070612,-0.044716,0.000000,0.003491,0.108698,0.059359,-0.015209,0.000000,0.098219,0.104417,0.029172,-0.001745,0.077625,0.109114
1771552857.405,1917,1,1,0.0000,0.9917,0.0083,0.0000,0.0000,0.0000,0.0000,0.005515,0.034789,0.000533,0.000196,0.001279,0.000000,0.003491,0.005458,-0.029440,0.016555,-0.001745,0.024538,0.003021,0.013116,-0.003491,-0.006442,-0.040253,0.000000,0.001745,0.056767,0.047722,-0.015768,0.000000,0.104146,0.078250,0.029731,0.000000,0.019674,0.079433
1771552857.508,1920,1,1,0.0000,0.9960,0.0039,0.0000,0.0000,0.0000,0.0000,0.005382,0.027875,0.000412,0.000372,0.000771,0.000000,0.001745,-0.008423,-0.028953,0.012382,0.000000,0.009152,0.012036,0.008561,0.001745,0.018959,-0.025434,0.000000,0.001745,0.033615,0.049843,-0.011246,0.000000,0.072390,0.069371,0.028700,0.000000,0.004164,0.074674
1771552857.605,1923,1,1,0.0000,0.9943,0.0057,0.0000,0.0000,0.0000,0.0001,0.005768,0.028097,0.000313,0.000643,0.002920,0.000000,0.001745,0.023318,-0.029359,0.005380,0.000000,0.011160,0.007226,0.008583,0.000000,0.011808,-0.009787,0.000000,0.001745,-0.012120,0.051589,-0.018483,0.000000,0.079978,0.092395,0.034191,0.000000,0.002733,0.074535
1771552857.705,1926,1,1,0.0000,0.9920,0.0079,0.0000,0.0000,0.0000,0.0000,0.001481,0.028662,0.000171,0.001030,0.013498,0.000000,0.003491,-0.008063,-0.031950,0.002883,0.000000,-0.006201,0.002058,0.007589,0.001745,-0.080882,-0.018186,0.000000,0.001745,-0.110331,-0.003618,-0.025990,0.000000,0.097440,0.125338,0.045189,0.000000,-0.036488,0.074234
1771552857.805,1929,1,1,0.0000,0.9990,0.0009,0.0000,0.0000,0.0000,0.0000,0.000873,0.003502,0.000804,0.003499,0.009886,0.000000,0.001745,-0.039053,-0.052550,0.005200,0.000000,-0.353690,-0.112835,0.001781,0.001745,-0.335971,-0.170418,0.000000,0.001745,-0.555596,-0.212656,0.040279,0.000000,-0.447814,-0.210573,-0.031553,0.000000,-0.252288,-0.117532
1771552857.906,1932,1,1,0.0000,0.9998,0.0002,0.0000,0.0000,0.0000,0.0000,0.001231,0.004705,0.000787,0.003529,0.001327,0.000000,0.001745,-0.165786,-0.117266,0.009530,0.000000,-0.311998,-0.051345,-0.002549,0.003491,-0.302429,-0.138002,0.000000,0.003491,-0.640741,-0.234558,0.052973,0.000000,-0.770257,-0.372658,-0.042501,-0.001745,-0.622653,-0.326023
1771552858.006,1935,1,1,0.0000,0.9999,0.0001,0.0000,0.0000,0.0000,0.0000,0.005016,0.001805,0.001831,0.001099,0.004148,0.000000,0.000000,-0.157740,-0.171305,-0.047979,0.000000,-0.290172,-0.011156,0.060197,0.000000,-0.276689,-0.129619,0.000000,0.003491,-0.555020,-0.166756,0.018166,0.000000,-0.616511,-0.209786,-0.007694,-0.003491,-0.449621,-0.179412
1771552858.106,1938,1,1,0.0000,0.9999,0.0001,0.0000,0.0000,0.0000,0.0000,0.010494,0.000582,0.012657,0.001925,0.010088,0.000000,0.001745,-0.156058,-0.204537,-0.108471,0.000000,-0.226951,-0.005618,0.124179,-0.005236,-0.183125,-0.090801,0.000000,0.003491,-0.326511,-0.113432,0.001818,0.000000,-0.385380,-0.123887,0.001673,0.000000,-0.305157,-0.098144
1771552858.206,1941,1,1,0.0000,0.9999,0.0000,0.0001,0.0000,0.0000,0.0000,0.256511,0.001624,0.002029,0.000969,0.002155,-0.001745,0.001745,-0.059326,0.482386,0.124798,-0.001745,0.873846,0.415656,-0.102108,0.000000,0.713799,0.465900,0.000000,0.001745,-0.217585,-0.074444,0.017739,0.000000,-0.236984,-0.086672,-0.015993,0.000000,-0.193914,-0.078326
1771552858.307,1944,1,1,0.0000,0.9999,0.0000,0.0001,0.0000,0.0000,0.0000,0.359006,0.047051,0.002798,0.003169,0.003617,0.000000,0.001745,0.713415,0.320778,-0.013315,0.000000,1.308501,0.496300,0.029023,-0.006981,0.975279,0.463034,0.000000,0.000000,-0.042136,0.005027,0.087276,0.000000,0.256333,-0.090574,-0.075059,0.000000,0.215976,-0.129018
1771552858.407,1947,1,1,0.0000,0.9997,0.0001,0.0002,0.0000,0.0000,0.0000,0.219294,0.112992,0.000673,0.001005,0.001037,0.000000,0.001745,0.424208,0.176899,0.141408,-0.001745,0.843923,0.227630,-0.123955,-0.003491,0.597547,0.218172,0.000000,0.003491,-0.039581,0.014236,0.049980,0.000000,0.533793,0.274257,-0.036017,0.000000,0.320809,0.159335
1771552858.507,1950,1,1,0.0001,0.9965,0.0007,0.0026,0.0000,0.0000,0.0000,0.021801,0.052591,0.001841,0.002452,0.000769,0.000000,0.001745,0.181425,-0.116173,-0.046712,-0.005236,0.016018,-0.084762,0.060675,0.001745,-0.247657,-0.088851,0.000000,0.003491,-0.049007,0.036563,-0.013926,0.000000,0.209005,0.109615,0.031379,-0.001745,0.155118,0.085917
1771552858.607,1953,1,1,0.0000,0.9991,0.0008,0.0000,0.0000,0.0000,0.0000,0.003609,0.036444,0.002979,0.000405,0.003605,-0.001745,0.000000,-0.410687,-0.244877,-0.029341,-0.003491,-0.788303,-0.373685,0.043303,0.000000,-0.771200,-0.457269,0.000000,0.001745,-0.051431,0.027641,-0.013975,0.001745,0.127401,0.071779,0.038409,-0.001745,0.095432,0.073172
1771552858.708,1956,1,1,0.0000,0.9999,0.0001,0.0000,0.0000,0.0000,0.0000,0.003138,0.023177,0.000750,0.001500,0.001012,0.000000,0.000000,-0.279961,-0.324799,-0.016714,-0.001745,-0.587669,-0.238216,0.037658,0.000000,-0.556117,-0.276125,0.000000,0.001745,-0.054262,0.013700,-0.022532,0.000000,0.059792,0.045863,0.048712,0.000000,0.051373,0.056934
1771552858.808,1959,1,1,0.0000,0.9999,0.0001,0.0000,0.0000,0.0000,0.0000,0.002907,0.009411,0.002613,0.002270,0.002087,0.000000,0.001745,-0.162152,-0.193888,-0.005218,-0.001745,-0.456414,-0.115442,0.033143,-0.001745,-0.451858,-0.158811,0.000000,0.001745,-0.057303,0.006777,-0.008092,0.000000,-0.046197,-0.009283,0.034272,0.000000,0.020894,0.049240
1771552858.908,1962,1,1,0.0000,0.9999,0.0001,0.0000,0.0000,0.0000,0.0000,0.011775,0.002374,0.002663,0.002245,0.003406,0.000000,0.001745,0.095839,-0.164772,-0.015789,-0.001745,-0.303177,-0.064375,0.043715,-0.001745,-0.274333,-0.107947,0.000000,0.001745,-0.064176,0.001763,0.020746,0.000000,-0.115094,-0.082603,0.000198,0.000000,-0.032871,0.004031
1771552859.008,1965,1,1,0.0000,0.9999,0.0001,0.0000,0.0000,0.0000,0.0000,0.003891,0.002121,0.003161,0.001097,0.003807,0.000000,0.001745,-0.012130,-0.110121,-0.013530,-0.001745,-0.123412,-0.060562,0.044946,-0.001745,-0.055027,-0.071009,0.000000,0.001745,-0.070108,0.004141,0.011967,0.000000,-0.070237,-0.060545,0.003741,-0.001745,-0.028499,0.003855
1771552859.108,1968,1,1,0.0000,0.9999,0.0001,0.0000,0.0000,0.0000,0.0000,0.004067,0.001690,0.007679,0.001200,0.008515,0.000000,0.001745,-0.169079,-0.068698,-0.019135,-0.001745,-0.060355,-0.078708,0.047060,0.000000,-0.061051,-0.052766,0.000000,0.003491,-0.057574,-0.002165,0.016787,0.000000,-0.110751,-0.075700,-0.011551,0.000000,-0.097584,-0.043180
1771552859.209,1971,1,1,0.0000,0.9999,0.0001,0.0000,0.0000,0.0000,0.0000,0.011164,0.002974,0.006675,0.001030,0.007676,0.000000,0.001745,-0.147715,-0.046738,0.067312,-0.001745,0.064916,-0.109122,-0.046368,0.000000,-0.027494,-0.018026,-0.001745,0.003491,-0.057036,-0.003934,0.032200,0.000000,-0.084044,-0.058355,-0.023473,-0.003491,-0.077187,-0.051646
1771552859.309,1974,1,1,0.0000,0.9997,0.0002,0.0000,0.0000,0.0000,0.0000,0.008702,0.001677,0.008202,0.001227,0.006734,0.000000,0.000000,-0.183898,-0.039876,0.028888,-0.001745,-0.000166,-0.072942,-0.016670,0.000000,0.016273,0.059261,0.000000,0.001745,-0.045438,-0.003470,0.018384,0.000000,-0.061100,-0.041607,-0.009657,0.000000,-0.061632,-0.048645
1771552859.409,1977,1,1,0.0000,0.9999,0.0001,0.0000,0.0000,0.0000,0.0000,0.035402,0.000727,0.002355,0.004376,0.002951,0.000000,0.000000,-0.180251,-0.033795,-0.004427,-0.001745,0.110835,-0.041613,0.007918,0.000000,0.182882,0.123186,0.000000,0.001745,-0.040633,-0.003687,0.005524,0.000000,-0.032223,-0.030040,0.001457,-0.003491,-0.017245,-0.037563
1771552859.510,1980,1,1,0.0000,0.9999,0.0001,0.0000,0.0000,0.0000,0.0000,0.036284,0.006491,0.003703,0.002715,0.002034,0.001745,0.000000,-0.126541,-0.033850,0.005441,-0.001745,0.117968,-0.017311,0.003285,0.000000,0.196355,0.110619,0.000000,0.001745,-0.043350,-0.004195,-0.017344,0.000000,0.035355,-0.003499,0.019090,-0.003491,0.021704,-0.013755
1771552859.610,1983,1,1,0.0000,0.9999,0.0000,0.0001,0.0000,0.0000,0.0000,0.039848,0.000883,0.003576,0.001334,0.002807,0.000000,0.001745,-0.153547,-0.031156,-0.036096,-0.001745,0.174934,0.057294,0.043077,0.000000,0.126333,0.074789,0.000000,0.001745,-0.038094,-0.002133,-0.003610,0.000000,-0.001652,-0.005212,0.008846,0.000000,-0.002476,-0.019713
1771552859.711,1986,1,1,0.0000,0.9999,0.0000,0.0001,0.0000,0.0000,0.0000,0.054091,0.000933,0.007309,0.002534,0.004834,0.000000,0.001745,-0.087715,0.027120,-0.042256,-0.001745,0.203870,0.105011,0.052728,0.000000,0.163866,0.094747,0.000000,0.001745,-0.034090,-0.004179,-0.001369,0.000000,-0.001386,0.002126,0.006605,0.000000,0.000716,-0.013782
1771552859.813,1989,1,1,0.0000,0.9999,0.0000,0.0001,0.0000,0.0000,0.0000,0.045373,0.010573,0.003670,0.000851,0.003284,0.005236,0.000000,0.104278,0.083109,0.015736,0.001745,0.150055,0.092374,-0.003519,0.005236,0.050035,0.036669,0.000000,0.001745,-0.030353,0.000472,-0.000717,0.000000,0.025577,0.039272,0.004208,0.000000,0.031108,0.024490
1771552859.912,1992,1,1,0.0000,0.9999,0.0000,0.0001,0.0000,0.0000,0.0000,0.060810,0.014102,0.003229,0.001396,0.002663,0.003491,-0.001745,0.287399,0.088910,0.001922,-0.003491,0.153178,0.101246,0.003314,0.003491,0.057398,0.029369,0.000000,0.001745,-0.029557,0.003505,-0.004461,0.000000,0.034077,0.033812,0.004461,0.000000,0.039359,0.052266
1771552860.013,1995,1,1,0.0000,0.9999,0.0000,0.0001,0.0000,0.0000,0.0000,0.042732,0.031749,0.004957,0.001047,0.003520,0.000000,0.001745,0.227769,0.057410,0.004786,-0.001745,0.088484,0.059834,0.000450,-0.001745,0.040865,0.031443,0.000000,0.001745,-0.009065,-0.000952,-0.051582,0.000000,0.096447,0.058017,0.055073,0.000000,0.084302,0.085400
1771552860.113,1998,1,1,0.0000,0.9999,0.0000,0.0001,0.0000,0.0000,0.0000,0.034744,0.032984,0.001878,0.000664,0.001680,0.000000,0.001745,0.227812,0.051191,0.002836,0.000000,0.051337,0.041652,-0.002836,0.001745,0.017050,0.021560,0.000000,0.000000,-0.014050,0.000524,-0.019578,0.000000,0.141445,0.084505,0.028305,0.000000,0.054208,0.086819
1771552860.214,2001,1,1,0.0000,0.9999,0.0000,0.0000,0.0000,0.0000,0.0000,0.032172,0.032197,0.001415,0.000447,0.002767,0.000000,0.001745,0.243616,0.080700,0.048377,-0.001745,-0.015530,0.003884,-0.048377,-0.001745,0.000087,0.007655,0.000000,0.003491,-0.023818,0.001878,-0.009206,0.000000,0.144482,0.095470,0.021423,0.000000,0.037038,0.082584
1771552860.314,2004,1,1,0.0000,0.9999,0.0000,0.0000,0.0000,0.0000,0.0000,0.030049,0.049564,0.004109,0.000698,0.006751,0.000000,0.001745,0.211785,0.049854,0.097205,-0.001745,-0.095041,-0.054690,-0.097205,-0.005236,-0.119309,-0.009904,0.000000,0.001745,-0.138182,0.014569,-0.064364,0.000000,0.210378,0.134232,0.073091,0.000000,0.066922,0.093835
1771552860.414,2007,1,1,0.0000,0.9999,0.0000,0.0000,0.0000,0.0000,0.0000,0.036473,0.034950,0.000721,0.001539,0.001663,0.000000,0.003491,0.183935,0.097634,0.152617,0.000000,-0.059762,-0.034948,-0.149126,-0.003491,-0.074117,-0.011852,0.000000,0.003491,-0.090809,0.017012,-0.056241,0.000000,0.122122,0.098187,0.063222,0.000000,0.040304,0.075064
1771552860.516,2010,1,1,0.0000,0.9999,0.0000,0.0000,0.0000,0.0000,0.0000,0.071673,0.026527,0.000783,0.001162,0.000750,0.001745,0.001745,0.169113,0.180177,0.198095,-0.003491,0.227212,-0.007520,-0.194605,0.001745,0.072522,0.007727,0.000000,0.001745,-0.079734,0.012020,-0.046153,0.000000,0.084610,0.068451,0.054880,0.000000,0.026572,0.070044
1771552860.615,2013,1,1,0.0000,0.9995,0.0000,0.0005,0.0000,0.0000,0.0000,0.149793,0.017316,0.001837,0.000254,0.001335,0.000000,0.001745,0.156945,0.240411,0.126688,-0.001745,0.311944,0.252903,-0.119707,0.006981,0.441753,0.258151,0.000000,0.001745,-0.073517,0.005442,0.009056,0.000000,0.069087,0.050140,-0.000329,0.000000,0.005951,0.066373
1771552860.715,2016,1,1,0.0001,0.9949,0.0000,0.0050,0.0000,0.0000,0.0000,0.118395,0.013767,0.001617,0.000361,0.001169,0.000000,0.000000,0.104477,0.185477,0.088557,-0.005236,0.395673,0.235874,-0.076340,0.005236,0.267045,0.138402,0.000000,0.001745,-0.046351,0.003643,0.007246,0.000000,0.051901,0.042423,-0.003755,0.000000,-0.000793,0.058243
1771552860.815,2019,1,1,0.0002,0.8953,0.0000,0.1042,0.0001,0.0000,0.0001,0.104945,0.012736,0.004669,0.002413,0.009909,0.000000,0.000000,0.069787,0.174264,0.057602,-0.005236,0.403744,0.292749,-0.045385,0.006981,0.153681,0.100527,0.000000,0.003491,-0.028552,-0.002183,-0.000050,0.001745,0.049377,0.039712,0.001795,0.000000,-0.000139,0.056709
1771552860.915,2022,1,1,0.0002,0.5879,0.0001,0.4114,0.0001,0.0000,0.0003,0.095202,0.011317,0.006857,0.001304,0.004593,0.000000,0.001745,0.048847,0.124971,-0.094076,0.005236,0.477803,0.291011,0.094076,0.006981,0.091752,-0.003424,0.000000,0.001745,-0.004103,-0.028713,-0.000453,0.000000,0.037046,0.037692,0.002198,0.000000,-0.001365,0.057119
1771552861.015,2025,3,3,0.0000,0.2069,0.1555,0.6247,0.0001,0.0122,0.0005,0.085061,0.013914,0.005280,0.003006,0.006685,0.001745,-0.008727,0.063972,0.103100,-0.102248,0.012217,0.422076,0.241004,0.093521,0.005236,0.077857,-0.032783,0.000000,0.001745,0.013633,-0.029888,0.001491,0.000000,0.032144,0.045252,-0.001491,0.000000,0.007212,0.065496
1771552861.116,2028,3,3,0.0000,0.0137,0.0125,0.9642,0.0001,0.0092,0.0003,0.114631,0.043847,0.006188,0.001514,0.013767,0.005236,-0.017453,0.072059,0.104087,-0.140528,0.000000,0.555926,0.285347,0.144018,-0.008727,0.201364,0.007529,0.000000,0.000000,-0.011827,-0.030423,-0.033830,0.000000,0.100835,0.096857,0.033830,0.000000,0.139021,0.155619
1771552861.217,2031,3,3,0.0000,0.0060,0.0048,0.9865,0.0001,0.0021,0.0004,0.147475,0.031729,0.004157,0.000525,0.003993,0.005236,-0.017453,0.045587,0.090666,-0.150587,0.000000,0.704475,0.391354,0.154078,-0.005236,0.252202,0.126105,0.000000,0.000000,-0.007576,-0.031527,-0.012840,0.001745,0.109242,0.093055,0.016330,0.000000,0.055652,0.104723
1771552861.320,2034,3,3,0.0000,0.0122,0.0065,0.9803,0.0003,0.0003,0.0005,0.156509,0.025409,0.004579,0.000347,0.004504,0.003491,-0.019199,0.014642,0.085784,-0.165929,0.000000,0.738843,0.441393,0.165929,-0.008727,0.268238,0.159783,0.000000,0.001745,-0.005820,-0.030610,-0.005822,0.001745,0.097281,0.079680,0.007568,0.000000,0.029728,0.087164
1771552861.417,2037,3,3,0.0000,0.0152,0.0099,0.9733,0.0005,0.0004,0.0007,0.146920,0.020637,0.001402,0.000490,0.001840,0.005236,-0.019199,0.020008,0.058352,-0.153074,0.003491,0.693160,0.429674,0.149583,-0.005236,0.248047,0.155489,0.000000,0.001745,-0.006798,-0.028851,0.001082,0.001745,0.092308,0.071697,-0.001082,0.000000,0.005367,0.073704
1771552861.517,2040,3,3,0.0000,0.0131,0.0110,0.9736,0.0007,0.0008,0.0008,0.133002,0.019816,0.001527,0.001215,0.001105,0.001745,-0.019199,-0.006439,0.051223,-0.124171,0.001745,0.619145,0.405100,0.113699,-0.005236,0.241884,0.161487,0.000000,0.001745,-0.006871,-0.028167,0.005599,0.001745,0.093612,0.073286,-0.005599,0.000000,-0.019331,0.061800
1771552861.617,2043,3,3,0.0000,0.0117,0.0106,0.9747,0.0006,0.0019,0.0004,0.127014,0.021530,0.004776,0.000819,0.022651,0.005236,-0.020944,0.013337,0.037971,-0.116362,0.005236,0.599448,0.368578,0.102400,-0.005236,0.230812,0.161150,0.000000,0.001745,-0.007544,-0.022692,0.012144,0.001745,0.093108,0.085199,-0.012144,0.000000,-0.007880,0.064415
1771552861.717,2046,3,3,0.0000,0.0035,0.0028,0.9899,0.0002,0.0033,0.0003,0.117746,0.018668,0.001640,0.001179,0.001112,0.005236,-0.020944,0.013868,0.012693,-0.108294,0.005236,0.573532,0.336591,0.089095,-0.003491,0.217987,0.158709,0.000000,0.001745,-0.012571,-0.032370,0.055093,0.001745,-0.026642,0.072453,-0.049857,0.000000,0.000249,0.092731
1771552861.817,2049,3,3,0.0000,0.0050,0.0031,0.9875,0.0001,0.0037,0.0006,0.111904,0.017907,0.006185,0.002619,0.005002,0.005236,-0.022689,0.026871,-0.007285,-0.103062,0.005236,0.564250,0.320335,0.085609,-0.003491,0.194052,0.141263,0.000000,0.001745,-0.011541,-0.050855,0.062141,0.001745,-0.030157,0.040055,-0.053414,0.000000,0.000887,0.108309
1771552861.917,2052,3,3,0.0000,0.0073,0.0038,0.9650,0.0001,0.0230,0.0009,0.081967,0.020288,0.005278,0.000943,0.008884,0.005236,-0.020944,0.106510,-0.022092,-0.009000,0.006981,0.462485,0.214095,-0.008454,-0.003491,0.123802,0.064494,0.000000,0.001745,-0.004644,-0.043858,0.045931,0.001745,0.004964,0.051039,-0.035459,0.000000,0.006321,0.131710
1771552862.019,2055,5,3,0.0001,0.0016,0.0009,0.3633,0.0001,0.6333,0.0007,0.133435,0.019066,0.004005,0.002695,0.002499,0.005236,-0.022689,0.094462,-0.008933,-0.093485,0.005236,0.694504,0.384359,0.077777,-0.001745,0.223117,0.116526,0.000000,0.001745,-0.009946,-0.040641,0.042934,0.001745,0.032993,0.054956,-0.027226,0.000000,0.001586,0.092837
1771552862.118,2058,5,5,0.0003,0.0019,0.0005,0.4082,0.0004,0.5883,0.0004,0.131331,0.024694,0.002970,0.002652,0.006113,0.005236,-0.022689,0.046592,0.037867,-0.102120,0.005236,0.648291,0.377027,0.084666,0.000000,0.221687,0.149366,0.000000,0.000000,-0.019919,-0.035541,-0.022462,0.001745,0.086766,0.082401,0.043406,0.000000,0.001743,0.080267
1771552862.218,2061,3,3,0.0004,0.0023,0.0004,0.5522,0.0007,0.4435,0.0006,0.123366,0.031629,0.002458,0.001252,0.000757,0.005236,-0.022689,0.028273,0.040005,-0.091350,0.006981,0.588573,0.370130,0.072151,0.000000,0.220906,0.148140,0.000000,0.001745,-0.031485,-0.029538,-0.049531,0.001745,0.104720,0.099955,0.063493,0.000000,0.022956,0.084931
1771552862.318,2064,5,5,0.0003,0.0012,0.0003,0.3684,0.0009,0.6285,0.0005,0.115307,0.059668,0.001239,0.001270,0.005132,0.003491,-0.024435,-0.003122,0.041135,-0.089571,0.006981,0.564311,0.326921,0.072118,0.000000,0.219403,0.149319,0.000000,0.001745,-0.024686,0.068583,-0.022418,0.000000,0.215630,0.209965,0.027654,0.000000,0.074173,0.118263
1771552862.419,2067,5,5,0.0001,0.0001,0.0002,0.1033,0.0013,0.8946,0.0003,0.110718,0.151632,0.001510,0.000642,0.005582,0.005236,-0.024435,-0.002876,0.041351,-0.086426,0.006981,0.556025,0.286015,0.068972,0.000000,0.217247,0.146790,0.000000,0.001745,0.555520,0.310719,0.027329,0.000000,0.185148,0.157589,-0.020348,0.000000,0.321178,0.260350
1771552862.519,2070,5,5,0.0001,0.0001,0.0004,0.2187,0.0345,0.7462,0.0001,0.101183,0.145045,0.001048,0.001643,0.008742,0.003491,-0.026180,0.011580,0.042203,-0.058846,0.006981,0.532337,0.241039,0.041393,0.000000,0.214026,0.121143,0.000000,0.000000,0.904764,0.276245,0.133041,0.000000,0.015119,0.009084,-0.131295,0.000000,0.194349,0.207935
1771552862.620,2073,3,3,0.0001,0.0002,0.0007,0.7074,0.1614,0.1299,0.0003,0.103240,0.128226,0.000701,0.001079,0.001470,0.005236,-0.024435,0.016700,0.041332,-0.065446,0.006981,0.530805,0.249820,0.047993,0.000000,0.213359,0.126653,0.000000,0.001745,0.793293,0.362529,0.079726,0.000000,0.020817,0.031831,-0.079726,0.000000,0.063698,0.185065
1771552862.721,2076,3,3,0.0000,0.0018,0.0005,0.9821,0.0144,0.0011,0.0001,0.104101,0.101085,0.001847,0.001133,0.000461,0.005236,-0.024435,0.031200,0.039879,-0.061170,0.006981,0.532471,0.248753,0.043717,0.000000,0.216278,0.124693,0.000000,0.000000,0.699223,0.247519,0.059211,0.001745,0.005154,0.025582,-0.052229,0.000000,0.036723,0.137869
1771552862.820,2079,4,3,0.0013,0.0047,0.0017,0.4552,0.4807,0.0542,0.0023,0.106200,0.063673,0.002465,0.001071,0.001654,0.003491,-0.024435,0.026768,0.038988,-0.069607,0.005236,0.540593,0.258561,0.053899,0.000000,0.218592,0.128268,0.000000,0.003491,0.430203,0.154000,0.030284,0.001745,-0.037046,0.020307,-0.019812,0.000000,0.020046,0.103998
1771552862.920,2082,3,3,0.0048,0.0300,0.0008,0.6150,0.2942,0.0499,0.0053,0.104953,0.038238,0.000971,0.001111,0.000718,0.003491,-0.024435,0.026094,0.037987,-0.066702,0.005236,0.537508,0.257927,0.050994,0.000000,0.213694,0.126505,0.000000,0.001745,0.229303,0.097390,0.021579,0.001745,-0.026933,0.017875,-0.005871,0.000000,0.004821,0.084397
1771552863.020,2085,3,3,0.0091,0.1191,0.0001,0.8273,0.0271,0.0151,0.0022,0.104216,0.027313,0.000246,0.000339,0.000640,0.005236,-0.024435,0.025836,0.039982,-0.060562,0.006981,0.535740,0.260187,0.041363,0.000000,0.210817,0.124451,0.000000,0.001745,0.135597,0.071874,0.011958,0.001745,-0.010059,0.020289,-0.001486,-0.001745,0.001489,0.083063
1771552863.121,2088,3,3,0.0087,0.4922,0.0000,0.4954,0.0014,0.0018,0.0006,0.102283,0.019513,0.000402,0.000272,0.001025,0.005236,-0.024435,0.023803,0.040626,-0.052540,0.005236,0.530591,0.262569,0.036833,0.000000,0.201487,0.121010,0.000000,0.001745,0.068915,0.055073,0.007625,0.001745,-0.012450,0.019132,-0.004134,0.000000,-0.002497,0.079920
1771552863.221,2091,1,1,0.0052,0.8315,0.0000,0.1617,0.0003,0.0006,0.0006,0.099708,0.015255,0.000534,0.000427,0.001196,0.005236,-0.026180,0.023057,0.042668,-0.057942,0.006981,0.519382,0.259323,0.040488,0.000000,0.185645,0.113716,0.000000,0.003491,0.032341,0.046668,0.006228,0.001745,-0.011464,0.015022,-0.000992,0.000000,-0.002350,0.077559
1771552863.321,2094,1,1,0.0075,0.9613,0.0000,0.0302,0.0001,0.0000,0.0008,0.090036,0.012788,0.000368,0.000373,0.000712,0.005236,-0.033161,0.069037,0.051683,-0.053066,-0.005236,0.451230,0.247446,0.028631,0.003491,0.137117,0.086558,0.000000,0.005236,0.007493,0.045923,0.003223,0.001745,0.000366,0.013115,0.000267,0.000000,-0.002882,0.076089
1771552863.421,2097,1,1,0.0185,0.9392,0.0000,0.0403,0.0001,0.0000,0.0018,0.082467,0.011622,0.000513,0.000314,0.000651,0.003491,-0.041888,0.097546,0.053269,-0.048676,-0.005236,0.400596,0.241373,0.008534,0.006981,0.101799,0.076013,0.000000,0.003491,0.000228,0.042591,-0.002101,0.001745,-0.000628,0.012334,0.003847,0.000000,-0.001741,0.075234
1771552863.523,2100,1,1,0.0357,0.8411,0.0001,0.1182,0.0004,0.0000,0.0045,0.075228,0.025009,0.000406,0.000258,0.002476,0.003491,-0.045379,0.114359,0.053948,-0.034641,-0.005236,0.363483,0.200556,-0.003756,0.008727,0.089983,0.068192,0.000000,0.003491,0.000453,0.043637,-0.003660,0.001745,0.040325,0.096296,0.005405,0.000000,0.019320,0.089429
1771552863.622,2103,1,1,0.0240,0.7729,0.0007,0.1665,0.0013,0.0001,0.0345,0.075705,0.095906,0.000170,0.000979,0.001723,0.005236,-0.045379,0.117160,0.053352,-0.036685,-0.005236,0.365357,0.206340,-0.001712,0.008727,0.086368,0.065914,0.000000,0.001745,-0.014972,0.020678,-0.058007,0.000000,0.401291,0.362045,0.058007,0.000000,0.144314,0.162790
1771552863.724,2106,1,1,0.0027,0.4861,0.0024,0.4615,0.0015,0.0004,0.0454,0.075676,0.136646,0.000627,0.000612,0.005197,0.005236,-0.047124,0.124458,0.049463,-0.041664,-0.005236,0.362382,0.205734,0.003266,0.008727,0.085806,0.063039,0.000000,-0.001745,-0.155123,-0.118999,-0.110988,0.005236,0.491970,0.413841,0.114479,0.000000,0.316795,0.297431
1771552863.824,2109,3,3,0.0011,0.2025,0.0038,0.7412,0.0009,0.0010,0.0496,0.075411,0.059901,0.001773,0.002004,0.006620,0.003491,-0.045379,0.129659,0.049048,-0.050099,-0.005236,0.364031,0.204252,0.008212,0.008727,0.085941,0.051566,0.000000,0.000000,-0.107207,-0.098826,-0.032223,0.005236,0.335028,0.248364,0.037459,0.000000,-0.049735,0.092723
1771552863.923,2112,6,3,0.0031,0.1155,0.0050,0.4018,0.0020,0.0062,0.4665,0.079223,0.037178,0.003506,0.000886,0.001977,0.006981,-0.047124,0.143618,0.048857,-0.065273,-0.006981,0.371765,0.209660,0.023385,0.008727,0.081979,0.055701,-0.001745,0.000000,-0.066198,-0.058587,-0.067238,0.005236,0.162305,0.063049,0.075964,0.000000,0.038362,0.101215
1771552864.029,2115,6,6,0.0032,0.0505,0.0022,0.1136,0.0040,0.0047,0.8217,0.100611,0.043724,0.001912,0.000907,0.001490,0.005236,-0.048869,0.141878,0.050521,-0.091370,-0.006981,0.449786,0.293091,0.049482,0.008727,0.109449,0.099161,0.000000,0.003491,0.256761,-0.000814,0.073781,0.005236,0.122154,0.005457,-0.059819,0.000000,0.036261,0.021544
1771552864.130,2118,6,6,0.0047,0.0695,0.0033,0.0528,0.0077,0.0048,0.8571,0.099286,0.076174,0.001098,0.000384,0.000418,0.005236,-0.048869,0.146737,0.049226,-0.083631,-0.008727,0.428453,0.276232,0.041743,0.008727,0.122987,0.112087,0.000000,0.001745,0.211565,0.091507,0.010002,0.006981,0.225249,0.204278,0.002216,0.000000,0.099047,0.061503
1771552864.230,2121,6,6,0.0069,0.0886,0.0048,0.0302,0.0186,0.0070,0.8438,0.099431,0.076902,0.000000,0.000000,0.000000,0.005236,-0.050615,0.146737,0.050972,-0.081886,-0.008727,0.428453,0.276232,0.041743,0.008727,0.122987,0.112087,0.000000,0.003491,0.204583,0.098488,0.006511,0.005236,0.225249,0.216495,0.002216,0.000000,0.099047,0.061503
1771552864.331,2124,6,6,0.0034,0.0577,0.0100,0.0479,0.0768,0.0366,0.7676,0.099955,0.126622,0.000878,0.000248,0.004511,0.005236,-0.050615,0.169104,0.048278,-0.074736,-0.006981,0.427057,0.275338,0.034593,0.008727,0.119677,0.111449,0.000000,0.003491,0.353144,0.109005,0.012138,0.006981,0.281812,0.281400,-0.003411,0.000000,0.234626,0.236867
1771552864.432,2127,6,6,0.0021,0.0238,0.0090,0.0573,0.1795,0.0580,0.6703,0.098778,0.127820,0.000258,0.000180,0.000196,0.006981,-0.052360,0.158070,0.047343,-0.066594,-0.006981,0.426835,0.276846,0.028197,0.008727,0.119704,0.112637,0.000000,0.003491,0.385273,0.108676,0.004074,0.006981,0.275563,0.281400,0.004653,0.000000,0.231076,0.232659
1771552864.531,2130,6,6,0.0013,0.0107,0.0063,0.0621,0.2675,0.0394,0.6127,0.099684,0.131044,0.000574,0.000283,0.000822,0.005236,-0.052360,0.151663,0.045032,-0.064961,-0.006981,0.436832,0.281870,0.024818,0.008727,0.123465,0.118560,0.000000,0.003491,0.402391,0.109041,0.011741,0.006981,0.279491,0.291599,-0.004760,0.000000,0.233781,0.234007
1771552864.632,2133,6,6,0.0010,0.0067,0.0055,0.0794,0.3704,0.0310,0.5060,0.100955,0.132996,0.000714,0.000127,0.000869,0.006981,-0.052360,0.145309,0.041253,-0.066163,-0.006981,0.445300,0.284609,0.027766,0.008727,0.128406,0.123114,0.000000,0.003491,0.410833,0.106898,0.008663,0.006981,0.288228,0.301407,-0.001682,0.000000,0.234964,0.234489
1771552864.732,2136,4,4,0.0008,0.0044,0.0050,0.1083,0.5168,0.0276,0.3372,0.101853,0.140637,0.000479,0.000100,0.000655,0.006981,-0.052360,0.147358,0.039239,-0.066898,-0.006981,0.450792,0.288446,0.026756,0.008727,0.128816,0.125123,0.000000,0.003491,0.422728,0.104674,0.008877,0.006981,0.323472,0.345139,-0.001896,0.000000,0.236102,0.236176
1771552864.833,2139,4,4,0.0006,0.0030,0.0045,0.1307,0.6042,0.0250,0.2319,0.102206,0.147716,0.000203,0.000207,0.000284,0.006981,-0.052360,0.147083,0.036117,-0.065792,-0.006981,0.451623,0.293668,0.025649,0.008727,0.128606,0.128019,0.000000,0.003491,0.425776,0.105364,0.005082,0.006981,0.365501,0.382679,0.000154,0.000000,0.238267,0.239302
1771552864.934,2142,4,4,0.0005,0.0022,0.0042,0.1444,0.6565,0.0233,0.1690,0.100428,0.148687,0.000114,0.000114,0.000053,0.006981,-0.052360,0.150343,0.033765,-0.062174,-0.006981,0.446412,0.292034,0.023777,0.008727,0.116738,0.126361,0.000000,0.003491,0.424658,0.105252,0.002251,0.006981,0.367136,0.385223,0.002985,0.000000,0.240544,0.245723
1771552865.033,2145,4,4,0.0005,0.0019,0.0043,0.1375,0.7017,0.0234,0.1307,0.101354,0.148711,0.000321,0.000032,0.000642,0.005236,-0.052360,0.149973,0.030473,-0.065891,-0.006981,0.449371,0.298255,0.025748,0.008727,0.120299,0.128164,0.000000,0.003491,0.423427,0.106848,0.002474,0.006981,0.367108,0.384399,0.002762,0.000000,0.240943,0.246101
1771552865.133,2148,4,4,0.0007,0.0021,0.0066,0.1116,0.7163,0.0276,0.1352,0.102236,0.150609,0.000202,0.000171,0.000443,0.005236,-0.052360,0.151380,0.029483,-0.067451,-0.006981,0.452915,0.300612,0.029054,0.008727,0.120468,0.128957,0.000000,0.003491,0.425342,0.106489,0.004216,0.006981,0.377435,0.392626,0.002766,0.000000,0.240376,0.247581
1771552865.234,2151,4,4,0.0009,0.0027,0.0089,0.1416,0.6538,0.0348,0.1574,0.102161,0.149416,0.000209,0.000106,0.000341,0.005236,-0.052360,0.148036,0.024815,-0.069218,-0.006981,0.455081,0.308237,0.030821,0.008727,0.114804,0.130171,0.000000,0.003491,0.427071,0.105102,-0.001341,0.006981,0.369120,0.385609,0.006577,0.000000,0.241475,0.247570
1771552865.334,2154,4,4,0.0006,0.0022,0.0067,0.1797,0.6258,0.0359,0.1490,0.099420,0.144656,0.001876,0.000398,0.001695,0.005236,-0.052360,0.152360,0.011699,-0.063275,-0.006981,0.447278,0.306024,0.024878,0.008727,0.107157,0.129677,0.000000,0.003491,0.429930,0.105077,0.001226,0.006981,0.334594,0.365754,0.005755,0.000000,0.237515,0.245548
1771552865.434,2157,4,4,0.0004,0.0025,0.0073,0.2318,0.5246,0.0357,0.1977,0.097528,0.145994,0.001732,0.000930,0.000743,0.006981,-0.052360,0.155955,0.011205,-0.059756,-0.006981,0.440879,0.300885,0.021359,0.008727,0.100698,0.123644,0.000000,0.003491,0.437647,0.105559,0.008425,0.006981,0.346603,0.370734,-0.001444,0.000000,0.229665,0.242821
1771552865.535,2160,4,4,0.0003,0.0026,0.0072,0.3045,0.4116,0.0425,0.2314,0.096206,0.147857,0.004397,0.001594,0.002657,0.006981,-0.052360,0.148470,0.019773,-0.063210,-0.005236,0.433755,0.303719,0.023067,0.008727,0.095774,0.114207,0.000000,0.003491,0.451992,0.105117,0.064244,0.006981,0.349891,0.361331,-0.059008,0.000000,0.213735,0.217508
1771552865.635,2163,3,3,0.0008,0.0049,0.0402,0.5164,0.1603,0.0700,0.2073,0.095161,0.148302,0.002181,0.000692,0.001892,0.006981,-0.052360,0.129296,0.036429,-0.062091,-0.006981,0.416147,0.312403,0.021949,0.008727,0.092043,0.117960,0.000000,0.003491,0.465438,0.097155,0.056154,0.006981,0.353858,0.358154,-0.050918,0.000000,0.215881,0.222511
1771552865.737,2166,4,3,0.0044,0.0361,0.1996,0.0961,0.2613,0.2205,0.1820,0.093886,0.125069,0.004194,0.000395,0.003285,0.006981,-0.052360,0.083462,0.039109,-0.070991,-0.006981,0.416026,0.336854,0.032594,0.008727,0.083791,0.119087,0.001745,0.000000,0.428605,0.095983,0.050045,0.012217,0.341583,0.315142,-0.030846,0.000000,0.119524,0.135985
1771552865.837,2169,5,5,0.0009,0.0025,0.0429,0.0012,0.0078,0.9222,0.0225,0.087456,0.118592,0.002190,0.000929,0.000447,0.005236,-0.054105,0.066124,0.037751,-0.076820,-0.005236,0.391071,0.327477,0.036677,0.008727,0.070215,0.106189,0.001745,-0.003491,0.432949,0.094508,0.046570,0.013963,0.335842,0.293304,-0.009918,0.000000,0.088202,0.116017
1771552865.938,2172,5,5,0.0002,0.0006,0.0127,0.0001,0.0010,0.9808,0.0047,0.058631,0.103935,0.002393,0.000718,0.003200,0.006981,-0.054105,0.052049,0.040754,0.001490,-0.005236,0.248600,0.200715,-0.039887,0.008727,0.059608,0.084649,0.001745,-0.003491,0.440763,0.092204,0.044265,0.015708,0.298781,0.217506,-0.002377,0.000000,0.064358,0.071884
1771552866.038,2175,5,5,0.0000,0.0001,0.0019,0.0000,0.0002,0.9969,0.0009,0.067842,0.095024,0.001196,0.000573,0.001511,0.005236,-0.054105,0.020406,0.057496,-0.022977,-0.005236,0.310192,0.256665,-0.013675,0.008727,0.062685,0.092702,0.001745,-0.005236,0.439867,0.091112,0.044396,0.015708,0.269284,0.195626,0.000983,0.000000,0.045531,0.036031
1771552866.138,2178,5,5,0.0000,0.0000,0.0004,0.0000,0.0001,0.9991,0.0003,0.067026,0.097536,0.000225,0.000298,0.001305,0.005236,-0.055851,0.026305,0.057223,-0.002446,-0.006981,0.317532,0.262669,-0.034206,0.006981,0.044307,0.084057,0.001745,-0.006981,0.439535,0.091481,0.040565,0.015708,0.275966,0.202929,0.004813,0.000000,0.053229,0.044459
1771552866.240,2181,5,5,0.0000,0.0000,0.0003,0.0000,0.0002,0.9993,0.0002,0.064045,0.097282,0.001313,0.000213,0.001295,0.005236,-0.059341,0.052553,0.056791,0.030890,-0.005236,0.279908,0.233272,-0.067542,0.006981,0.032436,0.070476,0.001745,-0.006981,0.437418,0.092054,0.038619,0.015708,0.276917,0.202104,0.005014,0.000000,0.053918,0.043890
1771552866.339,2184,5,5,0.0000,0.0000,0.0002,0.0000,0.0002,0.9994,0.0001,0.061496,0.102525,0.001713,0.000099,0.002263,0.005236,-0.059341,0.059553,0.056754,0.029930,-0.005236,0.258326,0.224572,-0.063091,0.008727,0.024258,0.070591,0.001745,-0.005236,0.435138,0.092618,0.045075,0.015708,0.310789,0.213041,0.000304,0.000000,0.063002,0.052882
1771552866.439,2187,5,5,0.0000,0.0000,0.0002,0.0000,0.0002,0.9994,0.0001,0.060820,0.120870,0.002286,0.001448,0.002577,0.006981,-0.061087,0.068891,0.056348,0.033723,-0.005236,0.255372,0.220888,-0.066884,0.006981,0.012310,0.068343,0.003491,-0.006981,0.436785,0.091407,0.061130,0.015708,0.342922,0.229050,-0.015751,0.000000,0.156281,0.113663
1771552866.539,2190,5,5,0.0000,0.0000,0.0002,0.0000,0.0002,0.9994,0.0001,0.060285,0.125643,0.003562,0.001766,0.001347,0.006981,-0.061087,0.067051,0.056284,0.002050,-0.006981,0.270358,0.231477,-0.035211,0.006981,0.013460,0.068784,0.001745,-0.006981,0.439582,0.086942,0.064604,0.015708,0.373369,0.253800,-0.019226,0.000000,0.148479,0.123482
1771552866.640,2193,5,5,0.0001,0.0000,0.0003,0.0000,0.0006,0.9989,0.0001,0.069505,0.076588,0.002037,0.000316,0.007328,0.005236,-0.061087,0.064174,0.059305,0.004478,-0.006981,0.330986,0.279042,-0.035894,0.006981,0.014757,0.069105,0.001745,-0.006981,0.369447,0.037822,0.023365,0.015708,0.185167,0.196935,0.020268,0.000000,-0.077012,0.068600
1771552866.740,2196,5,5,0.0023,0.0026,0.0005,0.0013,0.0020,0.9904,0.0009,0.070599,0.033676,0.002484,0.000812,0.004127,0.006981,-0.061087,0.079485,0.060856,-0.018760,-0.005236,0.341706,0.268881,-0.012656,0.006981,0.014673,0.067623,0.001745,-0.006981,0.321875,0.009851,0.054930,0.015708,-0.150307,-0.194765,-0.009551,0.000000,-0.263114,-0.176485
1771552866.840,2199,5,5,0.2426,0.0705,0.0016,0.0495,0.0083,0.5576,0.0699,0.076384,0.036848,0.002305,0.000944,0.001826,0.005236,-0.061087,0.097211,0.059628,-0.026599,-0.005236,0.369897,0.272933,-0.004817,0.006981,0.035415,0.069311,0.001745,-0.006981,0.311840,0.009487,0.103396,0.015708,-0.139559,-0.189583,-0.058017,0.000000,-0.292477,-0.203276
1771552866.940,2202,0,0,0.7967,0.0877,0.0007,0.0538,0.0020,0.0109,0.0483,0.066427,0.014751,0.002710,0.002090,0.006088,0.005236,-0.062832,0.100500,0.059369,0.015496,-0.005236,0.313580,0.210758,-0.045166,0.006981,0.025998,0.059207,0.001745,-0.006981,-0.065508,-0.162708,-0.115922,0.015708,-0.109139,-0.163375,0.159555,0.000000,-0.292681,-0.183865
1771552867.040,2205,0,0,0.7235,0.1314,0.0003,0.1302,0.0008,0.0006,0.0132,0.066290,0.005992,0.001654,0.002310,0.011781,0.005236,-0.062832,0.099652,0.062047,-0.009383,-0.006981,0.332317,0.230419,-0.015051,0.006981,0.026563,0.032260,0.000000,0.000000,-0.176561,-0.142693,0.063180,0.006981,-0.057386,-0.137377,-0.033509,0.001745,-0.239932,-0.227368
1771552867.140,2208,0,0,0.6671,0.1161,0.0002,0.2035,0.0007,0.0002,0.0121,0.073023,0.003615,0.001077,0.000308,0.003390,0.005236,-0.062832,0.101581,0.059713,-0.029974,-0.006981,0.381554,0.233638,0.009030,0.006981,0.039462,0.039078,0.000000,0.000000,-0.438435,-0.081110,0.041631,0.001745,-0.526184,-0.392319,-0.015451,0.000000,-0.583010,-0.482289
1771552867.241,2211,3,3,0.2937,0.1221,0.0002,0.5717,0.0009,0.0002,0.0111,0.083502,0.001600,0.001269,0.001190,0.002936,0.006981,-0.062832,0.105404,0.056030,-0.065750,-0.006981,0.397750,0.248974,0.037825,0.005236,0.081697,0.062126,0.000000,0.000000,-0.398343,-0.147910,0.016906,0.001745,-0.663621,-0.463692,0.000547,0.000000,-0.579227,-0.420676
1771552867.345,2214,3,3,0.0560,0.1137,0.0001,0.8225,0.0008,0.0002,0.0067,0.104781,0.001600,0.001994,0.000493,0.002214,0.006981,-0.064577,0.112728,0.052727,-0.077409,-0.006981,0.470956,0.322442,0.045993,0.005236,0.126431,0.113872,0.000000,0.000000,-0.406619,-0.098072,0.016163,0.001745,-0.381377,-0.248585,0.001291,0.000000,-0.325711,-0.247234
1771552867.446,2217,3,3,0.0002,0.0474,0.0000,0.9516,0.0001,0.0001,0.0006,0.095016,0.001097,0.005834,0.001557,0.005695,0.006981,-0.066323,0.135019,0.051335,-0.061255,0.000000,0.417978,0.290292,0.017622,0.006981,0.111202,0.102784,0.000000,0.000000,-0.284870,-0.068964,0.011423,0.001745,-0.290231,-0.186749,-0.000951,0.000000,-0.214414,-0.178505
1771552867.543,2220,3,3,0.0001,0.0202,0.0000,0.9791,0.0001,0.0001,0.0004,0.095913,0.002040,0.003043,0.001623,0.001773,0.006981,-0.069813,0.129412,0.049901,-0.045055,0.020944,0.427305,0.292703,-0.005560,0.006981,0.109026,0.107704,-0.003491,0.003491,-0.275634,-0.070459,0.019248,0.001745,-0.123400,-0.113008,-0.008776,0.000000,-0.129688,-0.117941
1771552867.643,2223,3,3,0.0001,0.0087,0.0001,0.9906,0.0001,0.0002,0.0003,0.098489,0.003883,0.002172,0.001033,0.000752,0.006981,-0.069813,0.115334,0.048407,-0.023276,0.045379,0.440552,0.291792,-0.032574,0.006981,0.112203,0.114243,-0.006981,0.003491,-0.275781,-0.074472,0.039620,0.001745,-0.054036,-0.058685,-0.030893,0.001745,-0.059995,-0.072264
1771552867.743,2226,3,3,0.0001,0.0064,0.0001,0.9925,0.0001,0.0004,0.0004,0.098720,0.007731,0.001770,0.001902,0.002050,0.006981,-0.069813,0.093088,0.045328,0.040046,0.078540,0.417787,0.264093,-0.095897,0.006981,0.112119,0.119681,-0.006981,0.008727,-0.275903,-0.077072,0.039476,0.001745,0.023404,-0.011603,-0.022023,0.000000,0.019422,-0.002853
1771552867.844,2229,3,3,0.0003,0.0133,0.0004,0.9766,0.0003,0.0082,0.0010,0.076254,0.021385,0.000470,0.000383,0.002262,0.006981,-0.068068,0.092884,0.044350,0.086151,0.104720,0.300932,0.123736,-0.138511,0.008727,0.077708,0.068858,-0.006981,0.006981,-0.277022,-0.074951,0.031329,0.001745,0.068273,0.026188,-0.012130,-0.001745,0.067917,0.054187
1771552867.944,2232,3,3,0.0017,0.0185,0.0015,0.6124,0.0010,0.3613,0.0037,0.081816,0.022487,0.001538,0.000739,0.001283,0.005236,-0.062832,0.098135,0.049086,0.088762,0.118682,0.322367,0.138808,-0.137631,0.008727,0.082616,0.069378,-0.008727,0.006981,-0.276369,-0.074547,0.025105,0.001745,0.074034,0.031250,-0.005907,0.000000,0.069158,0.061567
1771552868.044,2235,5,5,0.0008,0.0038,0.0008,0.0819,0.0004,0.9106,0.0018,0.085235,0.023914,0.002309,0.000390,0.002266,0.005236,-0.061087,0.113901,0.048030,0.100424,0.123918,0.323842,0.141230,-0.137076,0.008727,0.084960,0.072553,-0.008727,0.008727,-0.272741,-0.073819,0.015146,0.001745,0.079206,0.037443,-0.002928,0.000000,0.072680,0.072021
1771552868.144,2238,5,5,0.0004,0.0015,0.0003,0.0420,0.0002,0.9546,0.0010,0.094406,0.015799,0.003130,0.000554,0.002390,0.006981,-0.061087,0.122004,0.046833,0.111257,0.127409,0.333082,0.152731,-0.137437,0.008727,0.117482,0.106366,-0.008727,0.010472,-0.273455,-0.076289,0.009056,0.000000,0.039197,0.028475,0.003161,0.000000,0.035504,0.063725
1771552868.244,2241,5,5,0.0004,0.0021,0.0003,0.0880,0.0002,0.9077,0.0012,0.101092,0.011468,0.005518,0.001581,0.003448,0.005236,-0.061087,0.154644,0.044409,0.081342,0.129154,0.339686,0.204231,-0.100541,0.008727,0.119317,0.126358,-0.008727,0.010472,-0.276106,-0.073680,0.005615,0.001745,0.018460,0.018691,0.004857,-0.001745,0.015589,0.062183
1771552868.344,2244,3,5,0.0005,0.0112,0.0006,0.7189,0.0004,0.2663,0.0020,0.100527,0.009445,0.003955,0.001924,0.001353,0.005236,-0.055851,0.159238,0.040677,0.089690,0.127409,0.341697,0.199340,-0.103653,0.006981,0.112234,0.123818,-0.008727,0.010472,-0.280204,-0.071688,0.007915,0.001745,0.009785,0.015366,-0.002679,0.000000,0.006400,0.061652
1771552868.447,2247,3,3,0.0004,0.0198,0.0003,0.9482,0.0003,0.0293,0.0017,0.102849,0.009726,0.003756,0.000830,0.001371,0.003491,-0.054105,0.165189,0.040402,0.092346,0.125664,0.364049,0.200975,-0.101072,0.008727,0.112914,0.120433,-0.008727,0.012217,-0.284828,-0.066810,0.008166,0.000000,0.011692,0.019265,-0.004676,0.000000,0.003798,0.061571
1771552868.546,2250,3,3,0.0003,0.0171,0.0003,0.9484,0.0002,0.0327,0.0010,0.101511,0.023288,0.005572,0.002630,0.003138,0.001745,-0.055851,0.159210,0.040681,0.086859,0.122173,0.357587,0.217353,-0.090350,0.006981,0.106257,0.119278,-0.008727,0.012217,-0.281243,-0.061411,0.007521,0.000000,0.088008,0.053969,-0.002285,0.000000,0.036857,0.080886
1771552868.650,2253,3,3,0.0002,0.0137,0.0002,0.9705,0.0002,0.0146,0.0007,0.106163,0.018326,0.003288,0.000732,0.002761,0.005236,-0.059341,0.161402,0.047681,0.056140,0.109956,0.380345,0.292945,-0.059630,0.003491,0.095857,0.120900,-0.005236,0.008727,-0.227329,-0.057508,-0.001726,0.000000,0.051325,0.052176,0.003471,0.000000,0.029215,0.074997
1771552868.751,2256,3,3,0.0002,0.0161,0.0006,0.9717,0.0003,0.0097,0.0015,0.094972,0.017174,0.003710,0.000586,0.002515,0.005236,-0.061087,0.169048,0.049250,0.105004,0.102974,0.297602,0.249296,-0.110240,0.001745,0.052426,0.107079,-0.001745,0.003491,-0.177738,-0.042405,-0.007701,0.000000,0.046243,0.049167,0.009447,0.000000,0.019952,0.077792
1771552868.852,2259,3,3,0.0000,0.0127,0.0006,0.9773,0.0000,0.0085,0.0008,0.088106,0.016047,0.006849,0.001737,0.004437,0.005236,-0.061087,0.181737,0.058320,0.169582,0.097738,0.237967,0.154421,-0.171327,0.001745,0.048181,0.102343,-0.001745,0.005236,-0.141487,-0.040047,-0.005592,0.000000,0.053404,0.056604,0.007337,0.000000,0.004450,0.065526
1771552868.954,2262,3,3,0.0001,0.0058,0.0001,0.9922,0.0001,0.0011,0.0006,0.086328,0.010476,0.002731,0.001310,0.002517,0.000000,-0.062832,0.104827,0.124245,0.159033,0.090757,0.241003,0.167979,-0.159033,-0.001745,0.045439,0.102657,-0.001745,0.003491,-0.124103,-0.036913,-0.009083,0.001745,0.021418,0.035047,0.009083,0.000000,-0.004082,0.054924
1771552869.054,2265,3,3,0.0001,0.0060,0.0001,0.9926,0.0001,0.0007,0.0006,0.085772,0.007097,0.003528,0.001421,0.002670,0.003491,-0.062832,0.155851,0.113552,0.152966,0.087266,0.224387,0.162029,-0.152966,-0.001745,0.035280,0.094438,-0.003491,0.001745,-0.111670,-0.034210,-0.003897,0.001745,0.006045,0.020807,0.003897,0.000000,-0.002578,0.050930
1771552869.155,2268,3,3,0.0001,0.0090,0.0001,0.9893,0.0001,0.0007,0.0008,0.087419,0.005884,0.006076,0.001264,0.005307,0.003491,-0.062832,0.133938,0.157476,0.161029,0.087266,0.236357,0.176107,-0.161029,-0.003491,0.012342,0.081022,0.000000,0.001745,-0.105673,-0.031619,-0.002194,0.000000,0.001681,0.011012,0.005685,0.000000,-0.004347,0.050481
1771552869.257,2271,3,3,0.0000,0.0042,0.0000,0.9948,0.0001,0.0005,0.0003,0.108998,0.004848,0.002716,0.000366,0.002593,0.006981,-0.064577,0.060307,0.200044,0.148339,0.085521,0.368567,0.312641,-0.148339,-0.003491,0.024715,0.100866,0.000000,0.001745,-0.103715,-0.029438,-0.001575,0.000000,-0.002298,0.004319,0.005066,0.000000,-0.005143,0.047050
1771552869.358,2274,3,3,0.0000,0.0037,0.0000,0.9953,0.0000,0.0007,0.0002,0.114591,0.004301,0.002693,0.001321,0.003284,0.005236,-0.066323,0.067469,0.193079,0.150064,0.082030,0.409940,0.341647,-0.150064,-0.003491,0.022241,0.103385,-0.001745,0.001745,-0.102644,-0.029198,-0.003752,0.000000,-0.006948,-0.000260,0.003752,0.000000,-0.005738,0.046111
1771552869.462,2277,3,3,0.0000,0.0037,0.0001,0.9945,0.0000,0.0015,0.0002,0.110259,0.004165,0.002112,0.000652,0.002317,0.001745,-0.066323,0.034497,0.198753,0.122901,0.080285,0.401544,0.345158,-0.121156,-0.006981,0.025377,0.112851,0.000000,0.001745,-0.104542,-0.032231,-0.001901,0.000000,-0.004213,-0.000659,0.003647,0.000000,-0.006659,0.044594
1771552869.560,2280,3,3,0.0000,0.0048,0.0001,0.9925,0.0000,0.0024,0.0001,0.121034,0.004678,0.004076,0.000266,0.004102,0.003491,-0.068068,0.013675,0.195577,0.123711,0.078540,0.405163,0.358735,-0.120221,-0.006981,0.090522,0.182993,0.000000,0.001745,-0.105743,-0.041722,-0.005476,0.001745,-0.002620,0.000842,0.003731,0.000000,-0.001625,0.048075
1771552869.661,2283,3,3,0.0000,0.0079,0.0001,0.9882,0.0000,0.0037,0.0001,0.092066,0.005473,0.000885,0.000501,0.001316,0.003491,-0.068068,0.141475,0.178998,0.205373,0.076794,0.165986,0.132939,-0.200137,-0.006981,0.052333,0.147405,0.000000,0.001745,-0.106191,-0.049543,-0.009876,0.000000,-0.001325,0.001475,0.009876,0.000000,0.000554,0.052020
1771552869.760,2286,3,3,0.0002,0.0204,0.0001,0.9741,0.0001,0.0048,0.0004,0.086684,0.006081,0.000602,0.000587,0.003303,0.001745,-0.068068,0.138982,0.180297,0.189058,0.075049,0.166082,0.112820,-0.183822,-0.005236,0.048476,0.127703,0.000000,0.001745,-0.105761,-0.041191,-0.014256,0.000000,0.001197,0.001487,0.017747,0.000000,-0.002621,0.050794
1771552869.860,2289,3,3,0.0002,0.0306,0.0001,0.9652,0.0001,0.0033,0.0005,0.088575,0.009968,0.002169,0.001701,0.002587,0.003491,-0.068068,0.128201,0.181194,0.197603,0.075049,0.165809,0.128429,-0.194112,-0.006981,0.046459,0.136670,0.000000,0.001745,-0.104517,-0.037287,-0.011663,0.000000,0.022813,0.009747,0.015153,0.000000,0.010622,0.059535
1771552869.960,2292,3,3,0.0002,0.0330,0.0001,0.9634,0.0001,0.0027,0.0006,0.088661,0.010077,0.001364,0.000537,0.001414,0.003491,-0.068068,0.114600,0.180048,0.212073,0.073304,0.152832,0.129522,-0.208582,-0.005236,0.044726,0.153337,0.000000,0.001745,-0.097236,-0.037694,-0.004231,0.000000,0.024182,0.017361,0.005976,0.000000,0.006805,0.064849
1771552870.061,2295,3,3,0.0003,0.0311,0.0001,0.9648,0.0001,0.0026,0.0010,0.086326,0.007069,0.000860,0.000547,0.001533,0.003491,-0.068068,0.121976,0.157087,0.212644,0.073304,0.142401,0.127796,-0.205663,-0.005236,0.043986,0.153229,0.000000,0.001745,-0.088470,-0.041205,0.000405,0.000000,0.008003,0.008736,0.001340,0.000000,0.000576,0.064023
1771552870.166,2298,3,3,0.0004,0.0249,0.0001,0.9686,0.0002,0.0041,0.0015,0.083876,0.007648,0.000165,0.000312,0.000369,0.003491,-0.068068,0.093401,0.153266,0.194430,0.071558,0.145084,0.129687,-0.189194,-0.005236,0.052180,0.163415,0.000000,0.001745,-0.078223,-0.044622,0.006821,0.000000,0.003031,0.003111,-0.005076,0.000000,0.005209,0.071856
1771552870.263,2301,3,3,0.0014,0.0292,0.0003,0.9524,0.0004,0.0133,0.0031,0.086444,0.006711,0.000307,0.000323,0.000638,0.003491,-0.069813,0.110528,0.147581,0.199745,0.071558,0.145974,0.130705,-0.196254,-0.006981,0.058454,0.169290,0.000000,0.001745,-0.071819,-0.045239,0.002866,0.000000,0.000085,0.001800,-0.001120,0.000000,0.003732,0.070305
1771552870.368,2304,3,3,0.0054,0.0506,0.0005,0.8855,0.0010,0.0506,0.0064,0.085515,0.006975,0.000139,0.000626,0.000549,0.003491,-0.068068,0.111720,0.142475,0.199549,0.073304,0.140984,0.129548,-0.197803,-0.006981,0.057354,0.167758,0.000000,0.003491,-0.059175,-0.043054,0.004529,0.000000,0.000365,0.003664,-0.006275,0.000000,0.002159,0.069488
1771552870.467,2307,3,3,0.0141,0.0950,0.0008,0.7685,0.0017,0.1107,0.0094,0.084558,0.006336,0.000206,0.000292,0.000577,0.003491,-0.069813,0.109319,0.142337,0.199810,0.071558,0.137209,0.127947,-0.198065,-0.006981,0.056451,0.166574,0.000000,0.001745,-0.051791,-0.041405,0.003465,0.000000,-0.001547,0.002894,-0.001720,0.000000,-0.000709,0.067924
1771552870.566,2310,3,3,0.0281,0.1707,0.0006,0.6564,0.0018,0.1325,0.0099,0.085735,0.006165,0.000469,0.000571,0.000520,0.003491,-0.069813,0.113814,0.140951,0.191749,0.071558,0.141610,0.133167,-0.190003,-0.006981,0.064283,0.168197,0.000000,0.001745,-0.049486,-0.042593,0.006805,0.000000,-0.008067,-0.002622,-0.001569,0.000000,-0.003999,0.065426
1771552870.668,2313,3,3,0.0332,0.2438,0.0005,0.6510,0.0014,0.0599,0.0102,0.085780,0.005989,0.000504,0.000860,0.000550,0.003491,-0.068068,0.143616,0.133475,0.200597,0.071558,0.123329,0.122643,-0.198851,-0.006981,0.064162,0.166493,0.000000,0.001745,-0.049036,-0.043473,0.004789,0.000000,-0.011227,-0.006879,-0.003043,0.000000,-0.004752,0.065338
1771552870.766,2316,3,3,0.0214,0.3341,0.0003,0.6219,0.0008,0.0120,0.0095,0.085876,0.005759,0.001025,0.000741,0.001159,0.003491,-0.068068,0.171983,0.119576,0.207661,0.071558,0.110892,0.118327,-0.205915,-0.006981,0.061781,0.165241,0.000000,0.001745,-0.046381,-0.044317,0.003176,0.000000,-0.005095,-0.003392,0.000315,0.000000,-0.005447,0.063874
1771552870.867,2319,1,3,0.0075,0.5286,0.0001,0.4592,0.0003,0.0002,0.0040,0.084359,0.005720,0.003593,0.000546,0.004422,0.003491,-0.069813,0.177330,0.116767,0.246595,0.071558,0.088171,0.097609,-0.244850,-0.006981,0.051189,0.159601,0.000000,0.001745,-0.044432,-0.043739,0.001454,0.000000,-0.006120,-0.001217,0.000291,0.000000,-0.005079,0.065146
1771552870.967,2322,3,1,0.0060,0.4556,0.0001,0.5344,0.0003,0.0000,0.0035,0.074647,0.005841,0.000734,0.001567,0.001310,0.001745,-0.068068,0.180144,0.110752,0.219729,0.066323,0.078240,0.097918,-0.217983,-0.005236,-0.003761,0.140911,0.000000,0.003491,-0.040036,-0.043513,0.002131,0.001745,-0.004972,-0.002386,-0.000386,0.000000,-0.009103,0.062721
1771552871.067,2325,3,3,0.0023,0.1902,0.0001,0.8038,0.0003,0.0001,0.0032,0.064830,0.006344,0.001085,0.002588,0.001993,0.001745,-0.059341,0.184816,0.104988,0.135138,0.043633,0.090615,0.099730,-0.126411,0.000000,0.018691,0.098603,0.000000,0.001745,-0.038525,-0.043399,0.012917,0.000000,-0.008552,-0.004096,-0.009426,0.000000,-0.014218,0.061463
1771552871.167,2328,3,3,0.0025,0.1429,0.0001,0.8515,0.0003,0.0000,0.0027,0.073926,0.005851,0.000462,0.001441,0.001160,0.003491,-0.052360,0.192420,0.041611,0.052718,0.029671,0.192374,0.145350,-0.037010,-0.001745,0.116103,0.113369,0.000000,0.001745,-0.037426,-0.042556,0.007452,0.000000,-0.012022,-0.002905,-0.002216,0.000000,-0.015659,0.061010
1771552871.267,2331,0,3,0.9936,0.0036,0.0000,0.0018,0.0000,0.0000,0.0010,0.020286,0.005842,0.003430,0.001031,0.003151,0.001745,-0.047124,-0.089614,-0.134150,-0.199798,0.024435,-0.777336,-0.411083,0.217251,-0.001745,-0.869191,-0.395731,0.000000,0.001745,-0.038080,-0.039144,0.007394,0.000000,-0.047955,-0.008687,-0.007394,0.000000,-0.019808,0.060962
1771552871.368,2334,0,0,0.9927,0.0052,0.0001,0.0010,0.0000,0.0000,0.0011,0.017393,0.005711,0.002291,0.002924,0.002296,0.001745,-0.040143,-0.582774,-0.363201,-0.166831,0.019199,-1.143619,-0.378880,0.187775,-0.005236,-1.167245,-0.477118,0.000000,0.001745,-0.042190,-0.031343,0.003499,0.000000,-0.025329,-0.001672,-0.000008,0.000000,-0.019612,0.063291
1771552871.470,2337,0,0,0.9830,0.0155,0.0001,0.0006,0.0000,0.0000,0.0007,0.011185,0.005713,0.000495,0.001631,0.000909,0.000000,-0.017453,-0.237927,-0.222613,-0.116764,0.005236,-0.882197,-0.218725,0.128981,-0.003491,-0.903768,-0.279761,0.000000,0.005236,-0.043530,-0.014040,0.001419,0.000000,-0.021354,-0.002692,0.000327,0.000000,-0.025198,0.061570
1771552871.569,2340,0,0,0.9578,0.0402,0.0003,0.0007,0.0000,0.0000,0.0009,0.008340,0.006018,0.001878,0.002944,0.002047,0.000000,-0.003491,-0.021668,-0.191307,-0.093101,-0.001745,-0.719900,-0.103098,0.100082,-0.001745,-0.696914,-0.162068,0.000000,0.001745,-0.046658,0.007702,-0.001017,0.000000,-0.013288,0.000540,0.002762,0.000000,-0.034418,0.059465
1771552871.669,2343,0,0,0.8130,0.1826,0.0012,0.0012,0.0001,0.0000,0.0019,0.006931,0.006073,0.001947,0.002536,0.003643,0.000000,0.000000,-0.028354,-0.155084,-0.076190,0.003491,-0.504536,-0.069658,0.079680,0.000000,-0.453707,-0.111260,0.000000,0.000000,-0.052735,0.004421,0.000598,0.000000,-0.005919,0.005729,0.001147,0.000000,-0.032660,0.060981
1771552871.769,2346,1,1,0.0854,0.9081,0.0035,0.0007,0.0001,0.0001,0.0022,0.005871,0.005123,0.002639,0.002343,0.004413,0.000000,0.000000,-0.112030,-0.115007,-0.066964,-0.001745,-0.325174,-0.050649,0.070455,0.000000,-0.289649,-0.081018,0.000000,0.000000,-0.046797,0.002976,0.010102,0.000000,-0.026766,-0.011124,-0.006611,0.000000,-0.077795,0.048404
1771552871.869,2349,1,1,0.0002,0.9985,0.0009,0.0001,0.0000,0.0000,0.0003,0.002743,0.003894,0.001573,0.003023,0.002480,0.000000,0.000000,-0.348567,-0.085058,-0.025933,0.000000,-0.216085,-0.041137,0.032915,0.000000,-0.194683,-0.061423,0.000000,0.001745,-0.052337,0.012407,0.032572,0.000000,-0.028789,-0.023422,-0.029081,0.000000,-0.097247,-0.009114
1771552871.970,2352,1,1,0.0000,0.9998,0.0002,0.0000,0.0000,0.0000,0.0001,0.001354,0.001555,0.003577,0.002900,0.005953,0.000000,0.000000,-0.353018,-0.069225,0.016251,0.000000,-0.133993,-0.038652,-0.009269,0.000000,-0.096055,-0.052232,0.000000,0.003491,-0.101557,0.005914,-0.002276,0.000000,-0.032534,-0.020955,0.009258,-0.003491,-0.073987,-0.008033
1771552872.070,2355,1,1,0.0000,0.9999,0.0001,0.0000,0.0000,0.0000,0.0001,0.000992,0.001009,0.002414,0.001835,0.001003,0.000000,0.000000,-0.275491,-0.065060,0.010162,0.000000,-0.075438,-0.040197,-0.006671,0.001745,-0.088990,-0.047077,-0.001745,0.003491,-0.101236,0.003377,0.000723,0.000000,-0.029917,-0.009354,0.002767,0.001745,-0.089330,-0.034679
1771552872.170,2358,1,1,0.0000,0.9999,0.0001,0.0000,0.0000,0.0000,0.0000,0.002506,0.001433,0.003325,0.002766,0.002385,0.000000,0.000000,-0.162052,-0.057356,0.028331,0.000000,-0.030925,-0.042284,-0.023095,0.001745,-0.085170,-0.043795,0.000000,0.001745,-0.109624,0.005015,-0.006949,0.000000,-0.019730,-0.001839,0.010440,0.000000,-0.066138,-0.032994
1771552872.271,2361,1,1,0.0000,0.9999,0.0000,0.0001,0.0000,0.0000,0.0000,0.003006,0.001627,0.002271,0.002693,0.001388,0.000000,0.000000,-0.122950,-0.044355,0.025134,0.000000,0.010938,-0.058206,-0.016407,0.000000,-0.078121,-0.041725,0.000000,0.001745,-0.108034,0.001338,-0.012946,0.000000,-0.014187,-0.001351,0.016437,-0.001745,-0.059302,-0.041424
1771552872.371,2364,1,1,0.0000,0.9999,0.0000,0.0001,0.0000,0.0000,0.0000,0.000937,0.000840,0.002296,0.001235,0.001527,-0.001745,0.000000,-0.221244,-0.047191,0.011247,0.000000,-0.002456,-0.060879,-0.002520,0.000000,-0.068832,-0.040846,0.000000,0.001745,-0.105341,0.002151,-0.002695,0.000000,-0.019146,-0.003591,0.006186,0.000000,-0.057376,-0.039415
1771552872.474,2367,1,1,0.0000,0.9999,0.0000,0.0000,0.0000,0.0000,0.0000,0.000082,0.000396,0.002367,0.003186,0.003263,0.000000,0.000000,-0.172127,-0.046494,0.000984,0.000000,-0.005801,-0.051480,-0.000984,0.000000,-0.068385,-0.040394,0.000000,0.000000,-0.098803,0.003005,0.000144,0.000000,-0.087650,-0.031710,0.001601,0.000000,-0.092005,-0.047227
1771552872.572,2370,1,1,0.0000,0.9999,0.0000,0.0000,0.0000,0.0000,0.0000,0.000291,0.000945,0.001456,0.001556,0.001580,0.000000,0.000000,-0.134759,-0.047154,0.001698,0.000000,-0.004933,-0.049048,0.001793,0.000000,-0.068047,-0.040394,0.000000,0.001745,-0.067781,0.003477,0.006113,0.000000,-0.051861,-0.024058,-0.004368,0.000000,-0.067670,-0.049193
1771552872.672,2373,1,1,0.0000,0.9999,0.0000,0.0000,0.0000,0.0000,0.0000,0.002268,0.002690,0.002320,0.001617,0.001173,0.000000,0.000000,-0.117915,-0.047866,0.004948,0.000000,0.022262,-0.058725,-0.004948,0.000000,-0.045397,-0.037771,0.000000,0.003491,-0.024386,0.002028,0.026762,0.000000,-0.058424,-0.027443,-0.021526,0.000000,-0.073654,-0.062871
1771552872.773,2376,1,1,0.0000,0.9999,0.0000,0.0000,0.0000,0.0000,0.0000,0.001787,0.001103,0.002519,0.002517,0.003718,0.000000,0.000000,-0.110498,-0.047560,0.008665,0.000000,0.012776,-0.057395,-0.008665,0.000000,-0.046612,-0.037047,0.000000,0.003491,-0.029139,0.001024,0.006747,0.000000,-0.031512,-0.008077,0.001979,0.000000,-0.057981,-0.058790
1771552872.876,2379,1,1,0.0000,0.9999,0.0000,0.0000,0.0000,0.0000,0.0000,0.000619,0.002034,0.000704,0.001068,0.002146,0.000000,0.000000,-0.103751,-0.034889,0.004667,0.000000,0.002757,-0.052171,-0.001177,0.000000,-0.020226,-0.034702,0.000000,0.001745,-0.026852,-0.001988,-0.011641,0.000000,-0.016108,0.004038,0.018623,0.000000,-0.051354,-0.054926
1771552872.979,2382,1,1,0.0000,1.0000,0.0000,0.0000,0.0000,0.0000,0.0000,0.010571,0.001409,0.001756,0.000497,0.007672,0.000000,0.000000,-0.053928,0.030444,0.007256,-0.001745,0.064642,-0.058380,-0.005511,0.000000,0.024506,-0.027310,0.000000,0.001745,-0.028362,-0.005968,-0.009825,0.000000,-0.019878,0.003587,0.011571,0.000000,-0.038223,-0.044067
1771552873.075,2385,1,1,0.0000,1.0000,0.0000,0.0000,0.0000,0.0000,0.0000,0.005233,0.007851,0.003211,0.001543,0.003864,0.000000,0.000000,-0.024370,0.035654,0.003381,0.000000,0.016800,-0.052912,-0.001636,0.000000,0.006959,-0.006275,0.000000,0.001745,-0.086567,-0.011198,-0.014915,0.000000,0.024956,0.050847,0.016661,0.000000,-0.016230,-0.008457
1771552873.177,2388,1,1,0.0000,1.0000,0.0000,0.0000,0.0000,0.0000,0.0000,0.014276,0.007078,0.004988,0.002323,0.005539,0.000000,0.000000,-0.020424,0.037445,0.012003,0.000000,0.108366,-0.039534,-0.015494,0.000000,0.013497,-0.002561,0.000000,0.001745,-0.072597,-0.009318,-0.019468,0.000000,0.004388,0.029976,0.028195,0.000000,0.010364,0.010266
1771552873.277,2391,1,1,0.0000,1.0000,0.0000,0.0000,0.0000,0.0000,0.0000,0.009837,0.009461,0.001798,0.001213,0.001057,0.000000,0.000000,0.023143,0.046970,0.023958,0.000000,0.023974,-0.044037,-0.023958,0.000000,-0.004784,-0.004917,0.000000,0.001745,-0.070225,-0.007934,0.026562,0.000000,0.009187,0.020393,-0.012599,0.001745,0.023176,0.030720
1771552873.376,2394,1,1,0.0000,0.9999,0.0000,0.0001,0.0000,0.0000,0.0000,0.043047,0.004688,0.001630,0.003911,0.006860,0.000000,0.000000,0.421689,0.070325,0.010608,0.000000,0.009957,-0.043307,-0.008863,0.000000,0.003981,-0.005402,0.000000,0.001745,-0.067044,-0.009684,0.005943,0.000000,0.002888,0.012242,-0.000707,0.000000,0.000752,0.032684
1771552873.477,2397,1,1,0.0000,0.9999,0.0000,0.0001,0.0000,0.0000,0.0000,0.004947,0.001792,0.000725,0.000965,0.001670,0.000000,0.000000,0.027436,0.025564,0.006366,0.000000,-0.040852,-0.040796,-0.004620,0.000000,-0.005144,-0.006643,0.000000,0.000000,-0.039742,-0.009852,-0.002038,0.000000,-0.033127,-0.018304,0.005529,-0.001745,-0.034319,0.015978
1771552873.577,2400,1,1,0.0000,0.9999,0.0000,0.0000,0.0000,0.0000,0.0000,0.000564,0.002202,0.001610,0.002653,0.005591,0.000000,0.000000,-0.019531,-0.006331,0.006765,0.000000,-0.100888,-0.041640,-0.005020,0.000000,-0.012714,-0.007091,0.000000,0.000000,-0.024590,-0.002520,0.026424,0.000000,-0.074282,-0.051806,-0.021188,0.000000,-0.116441,-0.074082
1771552873.677,2403,1,1,0.0000,1.0000,0.0000,0.0000,0.0000,0.0000,0.0000,0.004332,0.000993,0.001377,0.002847,0.004658,0.000000,0.000000,0.033383,-0.067982,0.018606,0.000000,-0.096002,-0.036503,-0.016861,0.000000,-0.005700,-0.004085,0.000000,0.000000,-0.020875,-0.000702,0.011916,0.000000,-0.041357,-0.021183,-0.008425,0.000000,-0.070998,-0.045882
1771552873.780,2406,1,1,0.0000,1.0000,0.0000,0.0000,0.0000,0.0000,0.0000,0.015925,0.006781,0.001010,0.001679,0.002897,0.000000,0.000000,0.128901,-0.051258,0.048627,0.000000,-0.074759,-0.037957,-0.041646,0.000000,0.008458,0.005110,0.000000,0.000000,0.001829,-0.001112,0.005934,0.000000,0.020311,0.052245,0.001047,-0.003491,-0.040888,-0.024430
1771552873.880,2409,1,1,0.0000,1.0000,0.0000,0.0000,0.0000,0.0000,0.0000,0.009068,0.004150,0.003163,0.003609,0.001335,0.000000,0.000000,0.038056,-0.049051,0.053282,0.000000,-0.038340,-0.038474,-0.037574,0.000000,0.010424,0.007051,0.000000,0.000000,0.010523,0.003457,0.001117,0.000000,-0.001473,0.030582,0.004119,0.000000,-0.044508,-0.028657
1771552873.984,2412,1,1,0.0000,0.9999,0.0000,0.0000,0.0000,0.0000,0.0000,0.005232,0.001510,0.007785,0.002751,0.004036,0.000000,0.000000,-0.218524,-0.049027,0.062783,0.000000,-0.014297,-0.039243,-0.047075,0.000000,-0.001715,-0.005996,0.000000,0.000000,-0.003229,0.004499,-0.006639,0.000000,-0.058903,-0.018918,0.013620,0.000000,-0.042408,-0.027446
1771552874.091,2415,1,1,0.0000,0.9999,0.0000,0.0000,0.0000,0.0000,0.0000,0.005583,0.022768,0.007689,0.008215,0.008354,0.000000,0.000000,-0.223948,-0.027100,-0.049547,0.000000,-0.007441,-0.039519,0.067000,-0.001745,-0.039080,-0.048128,0.000000,0.000000,-0.048885,0.061620,-0.020497,0.000000,0.010803,-0.020667,0.025733,0.000000,0.145313,0.029748
1771552874.188,2418,1,1,0.0000,1.0000,0.0000,0.0000,0.0000,0.0000,0.0000,0.024248,0.088129,0.000609,0.003871,0.007161,-0.001745,0.001745,-0.204725,-0.009041,-0.095569,0.000000,0.131798,0.004438,0.116513,-0.001745,0.036482,-0.037944,0.000000,0.000000,-0.049928,0.031324,-0.117165,0.000000,0.335748,0.202114,0.120655,0.000000,0.208170,0.159532
1771552874.291,2421,1,1,0.0000,1.0000,0.0000,0.0000,0.0000,0.0000,0.0000,0.014338,0.049325,0.001306,0.005298,0.003659,-0.001745,0.000000,-0.155738,-0.009698,-0.055841,0.000000,0.068389,0.001456,0.075040,-0.003491,0.027168,-0.014189,0.000000,0.000000,-0.028710,0.014437,-0.143101,0.000000,0.165711,0.103503,0.148337,0.000000,0.079130,0.080777
1771552874.397,2424,1,1,0.0000,0.9999,0.0000,0.0000,0.0000,0.0000,0.0000,0.013010,0.032875,0.002765,0.005170,0.007323,0.000000,0.000000,-0.125030,-0.001738,-0.052839,0.000000,0.054479,0.006660,0.068547,0.000000,0.026161,0.000266,0.000000,0.000000,-0.005145,0.032487,-0.062301,0.000000,0.107809,0.073831,0.067537,0.001745,0.042906,0.068186
1771552874.499,2427,1,1,0.0000,0.9999,0.0001,0.0000,0.0000,0.0000,0.0000,0.009989,0.018296,0.007468,0.004801,0.017372,0.000000,0.000000,-0.098193,0.012587,-0.021715,0.000000,0.024874,0.008233,0.040914,0.000000,0.013779,0.019478,0.000000,0.000000,0.005100,0.003637,-0.037842,0.000000,0.038596,0.044500,0.044824,0.000000,0.016516,0.066376
1771552874.608,2430,1,1,0.0000,0.9998,0.0001,0.0000,0.0000,0.0000,0.0000,0.008145,0.011275,0.001944,0.005382,0.015035,0.000000,0.000000,-0.126656,0.057769,-0.009721,0.000000,-0.027857,0.000476,0.037647,0.000000,-0.032332,0.001844,0.000000,0.000000,0.014762,-0.017015,-0.026080,0.000000,0.011073,0.022431,0.034806,0.000000,-0.053606,0.052234
1771552874.703,2433,1,1,0.0000,0.9999,0.0000,0.0000,0.0000,0.0000,0.0000,0.008881,0.011578,0.003172,0.004371,0.002538,0.000000,0.000000,-0.127694,0.045903,0.058523,0.000000,-0.152673,-0.019473,-0.030598,-0.001745,-0.085442,0.002149,0.000000,0.000000,0.005342,-0.021448,-0.016047,0.000000,0.013050,0.032146,0.024774,0.000000,-0.013460,0.063626
1771552874.803,2436,1,1,0.0000,0.9999,0.0001,0.0000,0.0000,0.0000,0.0000,0.008050,0.033753,0.008327,0.003767,0.005277,0.000000,0.000000,-0.048685,0.060677,0.034984,0.000000,-0.116382,-0.049928,-0.010550,0.000000,-0.076983,0.000945,0.000000,0.000000,-0.028422,-0.016302,-0.027741,0.001745,0.128060,0.104400,0.041704,0.000000,0.036399,0.092733
1771552874.903,2439,1,1,0.0000,0.9999,0.0001,0.0000,0.0000,0.0000,0.0000,0.006663,0.019149,0.004773,0.003312,0.001799,0.000000,0.000000,-0.031448,0.047825,0.032126,0.000000,-0.094570,-0.045593,-0.009437,0.000000,-0.119979,-0.004297,0.000000,0.000000,-0.036730,-0.004291,-0.000814,0.000000,0.062109,0.060569,0.016522,0.000000,0.013618,0.076975
1771552875.004,2442,1,1,0.0000,0.9999,0.0001,0.0000,0.0000,0.0000,0.0000,0.003786,0.009597,0.001301,0.006243,0.012021,0.000000,0.000000,-0.083086,0.022739,0.013792,0.000000,-0.094299,-0.045338,0.008897,0.000000,-0.115394,-0.022047,0.000000,0.000000,-0.034860,-0.003706,0.070663,0.000000,-0.001814,0.020375,-0.060191,0.000000,-0.076144,0.024126
1771552875.104,2445,1,1,0.0000,0.9999,0.0001,0.0000,0.0000,0.0000,0.0000,0.008559,0.003055,0.007369,0.003561,0.005350,0.000000,0.000000,0.053076,0.015271,0.034356,0.000000,-0.097447,-0.041419,-0.018648,0.000000,-0.050099,-0.009292,0.000000,0.000000,-0.034289,-0.002339,0.034916,0.001745,-0.052340,-0.031262,-0.024444,0.000000,-0.062091,-0.005044
1771552875.204,2448,1,1,0.0000,0.9999,0.0001,0.0000,0.0000,0.0000,0.0000,0.004306,0.001117,0.004594,0.004701,0.005701,0.000000,0.000000,0.004766,0.020797,0.026109,0.000000,-0.075125,-0.039936,-0.012146,-0.001745,-0.029716,-0.005973,0.000000,0.000000,-0.039769,-0.001185,0.013406,0.000000,-0.032458,-0.011704,-0.002934,0.000000,-0.049351,-0.000553
1771552875.304,2451,1,1,0.0000,0.9999,0.0000,0.0000,0.0000,0.0000,0.0000,0.009675,0.001172,0.002253,0.005200,0.008257,0.000000,0.000000,-0.015703,0.037704,0.074902,-0.001745,-0.069115,-0.039936,-0.059194,0.003491,-0.039540,-0.004023,0.000000,0.000000,-0.034545,-0.004388,-0.005916,0.001745,-0.035127,-0.009245,0.011152,0.000000,-0.038161,0.001169
1771552875.405,2454,1,1,0.0000,0.9999,0.0000,0.0000,0.0000,0.0000,0.0000,0.007653,0.003022,0.006224,0.002670,0.007693,0.000000,0.000000,-0.029260,0.043436,0.044909,0.000000,-0.029429,-0.038134,-0.030947,0.003491,-0.040167,-0.010973,0.000000,0.000000,-0.031636,-0.006108,-0.017052,0.000000,-0.006582,0.000026,0.022288,0.000000,-0.009529,0.013952
1771552875.504,2457,1,1,0.0000,1.0000,0.0000,0.0000,0.0000,0.0000,0.0000,0.003802,0.009955,0.002351,0.002374,0.002664,0.001745,0.000000,-0.062152,0.023274,-0.006648,0.000000,-0.018385,-0.035681,0.018865,0.001745,-0.047079,-0.031646,0.000000,0.000000,-0.018373,-0.005579,0.010134,0.000000,0.051651,0.011733,-0.003153,0.000000,0.017286,0.028660
1771552875.605,2460,1,1,0.0000,1.0000,0.0000,0.0000,0.0000,0.0000,0.0000,0.002927,0.011855,0.001361,0.001881,0.002631,0.000000,0.000000,-0.153699,0.006158,-0.018499,0.000000,-0.020143,-0.030624,0.027226,0.001745,-0.045501,-0.026593,0.000000,0.000000,0.001783,-0.007278,-0.007332,0.000000,0.037829,0.024151,0.012568,0.000000,0.020576,0.045359
1771552875.705,2463,1,1,0.0000,1.0000,0.0000,0.0000,0.0000,0.0000,0.0000,0.001198,0.008642,0.002357,0.001246,0.002787,0.000000,0.000000,-0.121748,0.004503,-0.004632,0.000000,-0.016590,-0.023906,0.008122,0.001745,-0.051773,-0.024594,0.000000,0.000000,0.016440,-0.009056,-0.006099,0.000000,0.021345,0.016199,0.007844,0.000000,0.001465,0.040408
1771552875.806,2466,1,1,0.0000,1.0000,0.0000,0.0000,0.0000,0.0000,0.0000,0.004701,0.006841,0.001120,0.001414,0.003356,0.000000,0.000000,-0.111775,-0.000527,-0.001355,0.000000,0.051565,-0.000762,0.003100,0.001745,-0.015864,-0.005677,0.000000,0.000000,-0.003170,-0.010154,-0.015161,0.000000,0.012954,0.014628,0.015161,0.000000,-0.001073,0.039350
1771552875.905,2469,1,1,0.0000,1.0000,0.0000,0.0000,0.0000,0.0000,0.0000,0.002302,0.006649,0.001737,0.003525,0.005314,0.001745,0.000000,-0.126101,-0.004874,-0.000717,-0.001745,0.020107,-0.000897,-0.002773,0.000000,-0.005664,0.005769,0.000000,0.000000,-0.019280,-0.006978,-0.027457,0.001745,-0.006038,0.012216,0.032693,0.000000,-0.033621,0.033129
1771552876.006,2472,1,1,0.0000,1.0000,0.0000,0.0000,0.0000,0.0000,0.0000,0.000901,0.005862,0.001669,0.003115,0.004583,0.003491,-0.003491,-0.233082,-0.008037,0.002899,0.000000,0.002681,-0.001279,-0.006390,0.001745,-0.010988,-0.001734,0.000000,0.000000,-0.029752,-0.004666,0.046753,0.000000,-0.053866,-0.005554,-0.039771,0.000000,-0.042993,0.023589
1771552876.106,2475,1,1,0.0000,1.0000,0.0000,0.0000,0.0000,0.0000,0.0000,0.001694,0.005757,0.006903,0.007004,0.011716,0.001745,-0.001745,-0.184001,-0.020005,0.018585,0.000000,-0.005721,-0.002506,-0.022075,0.000000,-0.018092,-0.004908,0.000000,0.000000,-0.040541,0.000728,0.017352,0.000000,-0.033445,-0.001296,-0.006880,0.000000,-0.004915,0.051005
1771552876.206,2478,1,1,0.0000,1.0000,0.0000,0.0000,0.0000,0.0000,0.0000,0.004371,0.017329,0.011516,0.012772,0.011910,0.000000,0.000000,-0.164000,-0.021287,-0.011371,0.000000,0.041299,0.005013,0.006135,0.000000,-0.020057,-0.015632,0.000000,0.000000,-0.043505,0.038593,0.004212,0.000000,-0.016684,-0.001930,0.001024,0.000000,0.063527,0.100589
1771552876.311,2481,1,1,0.0000,0.9998,0.0002,0.0000,0.0000,0.0000,0.0000,0.004125,0.025885,0.013982,0.007621,0.037221,0.001745,0.000000,-0.001462,-0.024588,-0.044750,0.000000,0.006546,0.003437,0.037769,0.000000,-0.029669,-0.053454,0.000000,0.000000,0.001316,0.027317,0.021244,0.000000,-0.068982,-0.010666,-0.019499,0.000000,0.099863,0.160883
1771552876.409,2484,1,1,0.0000,0.9997,0.0003,0.0000,0.0000,0.0000,0.0000,0.057399,0.024374,0.012865,0.010224,0.031681,0.000000,0.000000,0.068183,-0.028087,-0.060688,0.000000,0.006358,0.027358,0.058943,0.000000,0.325287,0.202656,0.000000,0.000000,0.035125,0.118236,0.137377,0.001745,-0.290368,-0.188522,-0.132141,0.000000,-0.259965,-0.143650
1771552876.509,2487,1,1,0.0000,0.9990,0.0009,0.0001,0.0000,0.0000,0.0000,0.037511,0.034592,0.026992,0.028508,0.074475,0.000000,0.000000,0.219496,-0.109834,-0.031090,0.000000,0.011690,0.027038,0.025854,0.000000,0.103279,0.062777,0.000000,0.000000,0.234492,0.041368,0.137503,0.000000,-0.465375,-0.250120,-0.130522,0.001745,-0.372745,-0.130964
1771552876.609,2490,1,1,0.0000,0.9991,0.0009,0.0000,0.0000,0.0000,0.0000,0.042829,0.025042,0.018945,0.018588,0.067279,0.000000,0.000000,0.292749,-0.070133,0.108531,0.000000,0.003030,0.001453,-0.117258,0.001745,0.060888,0.045551,0.000000,0.000000,0.090647,0.019310,0.163468,0.000000,-0.247385,-0.115253,-0.152996,0.000000,0.027079,-0.030021
1771552876.710,2493,1,1,0.0000,0.9996,0.0004,0.0000,0.0000,0.0000,0.0000,0.069413,0.013746,0.009774,0.011662,0.023781,0.000000,0.000000,0.308947,-0.053974,0.061313,0.000000,0.219371,0.040102,-0.066549,0.000000,0.121258,0.081966,0.000000,0.000000,0.072952,-0.002551,0.091995,0.000000,-0.156604,-0.074237,-0.078032,-0.001745,-0.038555,-0.046118
1771552876.811,2496,1,1,0.0000,0.9996,0.0003,0.0000,0.0000,0.0000,0.0000,0.024600,0.010281,0.026315,0.019934,0.015449,0.000000,0.000000,0.195809,-0.014208,0.065862,0.000000,-0.134110,-0.015656,-0.072843,0.000000,-0.069170,0.033533,0.000000,0.000000,0.050746,-0.046270,0.038382,0.000000,-0.111263,-0.058546,-0.022674,-0.001745,0.034249,-0.015676
1771552876.910,2499,1,1,0.0000,0.9988,0.0012,0.0000,0.0000,0.0000,0.0000,0.135481,0.014340,0.029696,0.002904,0.013115,0.000000,0.000000,0.399841,0.001904,0.103077,0.001745,-0.049596,-0.013429,-0.104823,0.000000,0.549695,0.569515,0.000000,0.000000,-0.019721,-0.098530,-0.041101,0.000000,-0.092409,-0.043349,0.053318,0.001745,0.062771,0.054247
1771552877.010,2502,1,1,0.0000,0.9979,0.0021,0.0000,0.0000,0.0000,0.0000,0.071465,0.024489,0.035002,0.025199,0.021851,0.000000,0.000000,0.181464,0.093665,0.207796,-0.001745,0.012495,0.014865,-0.209542,0.005236,0.159769,0.182287,0.000000,0.000000,0.132100,-0.041080,0.090263,0.000000,-0.084489,-0.048013,-0.076300,-0.003491,0.026991,0.044520
1771552877.111,2505,1,1,0.0000,0.9974,0.0026,0.0000,0.0000,0.0000,0.0000,0.021520,0.020766,0.028629,0.016173,0.021002,0.000000,0.000000,0.103890,0.046723,0.102387,0.003491,-0.022559,-0.014773,-0.098896,0.001745,-0.093316,-0.077927,0.000000,0.001745,0.167086,-0.033705,0.080364,0.000000,-0.051325,-0.041551,-0.064656,-0.003491,-0.044746,-0.053262
1771552877.211,2508,1,1,0.0000,0.9994,0.0006,0.0000,0.0000,0.0000,0.0000,0.016158,0.010646,0.008371,0.010481,0.003654,0.000000,0.000000,0.079145,0.042448,0.070553,0.001745,-0.003727,-0.009465,-0.065317,0.000000,-0.016405,-0.017913,0.000000,0.000000,0.039906,-0.027333,0.084354,0.001745,-0.008119,-0.033910,-0.068646,0.001745,-0.142707,-0.128932
1771552877.311,2511,1,1,0.0000,0.9998,0.0002,0.0000,0.0000,0.0000,0.0000,0.047539,0.015721,0.010568,0.019909,0.015628,0.000000,0.000000,0.168692,0.039435,0.050591,0.000000,0.149236,-0.006155,-0.045355,0.001745,0.160764,-0.015549,0.000000,0.000000,0.018701,-0.055826,0.077574,0.001745,0.090629,-0.023870,-0.060121,0.000000,-0.001536,-0.072938
1771552877.412,2514,1,1,0.0000,0.9996,0.0004,0.0000,0.0000,0.0000,0.0000,0.026156,0.015756,0.030575,0.028412,0.017786,0.000000,0.000000,0.051737,0.033901,0.031084,0.000000,0.078344,0.000962,-0.020612,0.001745,0.114530,0.001572,0.000000,0.000000,0.035406,-0.030311,0.035972,0.001745,0.045383,-0.018806,-0.016773,0.000000,0.070564,-0.045899
1771552877.512,2517,1,1,0.0000,0.9998,0.0002,0.0000,0.0000,0.0000,0.0000,0.023844,0.022631,0.012061,0.006115,0.006342,0.000000,0.000000,0.029879,0.025744,0.027581,0.000000,0.073255,0.008551,-0.011874,0.001745,0.098941,0.020427,0.000000,0.000000,0.051438,0.009982,0.027975,0.000000,0.046326,-0.015226,-0.008777,-0.001745,0.103639,0.032210
1771552877.613,2520,1,1,0.0000,0.9998,0.0002,0.0000,0.0000,0.0000,0.0000,0.017482,0.003341,0.004780,0.010724,0.029489,0.000000,0.000000,0.014377,0.020354,0.022500,0.000000,0.023965,0.010470,-0.003301,0.001745,0.051644,0.064731,0.000000,0.000000,-0.016585,-0.000841,0.032166,0.000000,-0.214856,-0.059812,-0.009477,0.000000,-0.154904,0.007925
1771552877.713,2523,1,1,0.0000,0.9998,0.0002,0.0000,0.0000,0.0000,0.0000,0.013887,0.002188,0.010271,0.002775,0.008400,0.000000,0.000000,0.002429,-0.010441,-0.143944,0.000000,-0.142067,0.002165,0.156162,0.001745,-0.054671,0.004141,0.000000,0.000000,-0.249609,-0.000576,0.024516,0.000000,-0.173951,-0.048011,-0.001826,0.001745,-0.221241,-0.109205
1771552877.813,2526,1,1,0.0000,0.9996,0.0004,0.0000,0.0000,0.0000,0.0000,0.001392,0.002473,0.021576,0.022349,0.047753,0.000000,0.000000,-0.172687,-0.056150,-0.004490,-0.001745,-0.223365,-0.003448,0.016707,0.000000,-0.191133,-0.110139,0.000000,0.000000,-0.231200,-0.002091,0.002519,0.000000,-0.134402,-0.037826,0.023661,0.003491,-0.346060,-0.154015
1771552877.914,2529,1,1,0.0000,0.9996,0.0004,0.0000,0.0000,0.0000,0.0000,0.001942,0.005728,0.020627,0.028391,0.039684,0.000000,0.000000,-0.108691,-0.034039,-0.012836,-0.003491,-0.126949,-0.000460,0.021563,0.001745,-0.113258,-0.076357,0.000000,0.000000,-0.034272,-0.002268,-0.044298,0.000000,-0.224913,-0.028796,0.068732,-0.001745,-0.275444,-0.208641
1771552878.013,2532,1,1,0.0000,0.9999,0.0001,0.0000,0.0000,0.0000,0.0000,0.000461,0.008175,0.002309,0.006198,0.008364,0.000000,0.000000,-0.099406,-0.032345,0.003789,0.000000,-0.152361,-0.009483,-0.000299,0.001745,-0.120974,-0.066638,0.000000,0.000000,-0.032587,-0.003881,-0.080642,0.000000,-0.323348,-0.035933,0.098095,0.000000,-0.338329,-0.141988
1771552878.114,2535,1,1,0.0000,0.9999,0.0001,0.0000,0.0000,0.0000,0.0000,0.000436,0.005616,0.001476,0.002890,0.003577,0.000000,0.000000,-0.084504,-0.021556,0.002323,0.000000,-0.078934,-0.002009,0.001167,0.001745,-0.037886,-0.041718,0.000000,0.000000,-0.011706,-0.048646,-0.049943,0.000000,-0.217304,-0.041326,0.067396,0.000000,-0.186866,-0.101730
1771552878.213,2538,1,1,0.0000,0.9998,0.0002,0.0000,0.0000,0.0000,0.0000,0.048631,0.005162,0.015471,0.003908,0.015373,0.000000,0.000000,0.034472,-0.007818,0.021030,0.000000,0.193238,0.028670,-0.019285,0.001745,0.210430,0.093992,0.000000,0.001745,-0.017735,-0.053953,-0.046239,0.000000,-0.152164,-0.039320,0.060201,0.000000,-0.135899,-0.079306
1771552878.315,2541,1,1,0.0000,0.9999,0.0001,0.0000,0.0000,0.0000,0.0000,0.034781,0.006648,0.003152,0.001980,0.005958,0.000000,0.000000,0.090063,0.005332,0.030621,0.000000,0.076569,0.051531,-0.025385,0.001745,0.104095,0.057413,0.000000,0.000000,-0.014199,-0.039413,-0.065814,0.000000,-0.121757,-0.039822,0.079777,0.000000,-0.091072,-0.069899
