timestamp,frame,raw_pred,smooth_pred,prob_NoAct,prob_Loose,prob_UniL,prob_UniR,prob_TAsyL,prob_TAsyR,prob_TSym,R_err_mean,L_err_mean,R_trans_vel,L_trans_vel,rel_pos_rate_norm,R_joint_mean,L_joint_mean,R_err_raw_0,R_err_raw_1,R_err_raw_2,R_err_raw_3,R_err_raw_4,R_err_raw_5,R_err_raw_6,R_err_raw_7,R_err_raw_8,R_err_raw_9,R_err_raw_10,R_err_raw_11,L_err_raw_0,L_err_raw_1,L_err_raw_2,L_err_raw_3,L_err_raw_4,L_err_raw_5,L_err_raw_6,L_err_raw_7,L_err_raw_8,L_err_raw_9,L_err_raw_10,L_err_raw_11
1771465992.175,3,0,0,0.9995,0.0001,0.0000,0.0000,0.0003,0.0000,0.0000,0.079033,0.081942,0.000000,0.000000,0.000000,0.000000,0.001745,0.943161,0.001745,0.001745,0.000000,-0.012216,-0.005236,-0.005236,0.000000,-0.010472,-0.005236,0.000000,0.000000,0.976324,0.003491,0.003491,0.000000,-0.059340,-0.005236,0.000000,0.000000,-0.059341,-0.010472
1771465992.276,6,0,0,0.9995,0.0001,0.0000,0.0000,0.0003,0.0000,0.0000,0.079033,0.081797,0.000000,0.000000,0.000000,0.000000,0.001745,0.943161,0.001745,0.001745,0.000000,-0.012216,-0.005236,-0.005236,0.000000,-0.010472,-0.005236,0.000000,0.000000,0.976324,0.001745,0.003491,0.000000,-0.059340,-0.003491,0.000000,0.000000,-0.061086,-0.010472
1771465992.376,9,0,0,0.9995,0.0001,0.0000,0.0000,0.0003,0.0000,0.0000,0.079033,0.081942,0.000000,0.000000,0.000000,0.000000,0.001745,0.943161,0.001745,0.001745,0.000000,-0.012216,-0.005236,-0.005236,0.000000,-0.010472,-0.005236,0.000000,0.000000,0.976324,0.003491,0.003491,0.000000,-0.059340,-0.005236,0.000000,0.000000,-0.061086,-0.010472
1771465992.476,12,0,0,0.9995,0.0001,0.0000,0.0000,0.0003,0.0000,0.0000,0.079033,0.081942,0.000000,0.000000,0.000000,0.000000,0.001745,0.943161,0.001745,0.001745,0.000000,-0.012216,-0.005236,-0.005236,0.000000,-0.010472,-0.006981,0.000000,0.000000,0.976324,0.003491,0.003491,0.000000,-0.059340,-0.003491,0.000000,0.000000,-0.061086,-0.010472
1771465992.576,15,0,0,0.9995,0.0001,0.0000,0.0000,0.0003,0.0000,0.0000,0.079033,0.081942,0.000000,0.000000,0.000000,0.000000,0.001745,0.943161,0.001745,0.001745,0.000000,-0.012216,-0.005236,-0.005236,0.000000,-0.010472,-0.005236,0.000000,0.000000,0.976324,0.003491,0.003491,0.000000,-0.059340,-0.003491,0.000000,0.000000,-0.061086,-0.010472
1771465992.676,18,0,0,0.9995,0.0001,0.0000,0.0000,0.0003,0.0000,0.0000,0.079033,0.082088,0.000000,0.000000,0.000000,0.000000,0.001745,0.943161,0.001745,0.001745,0.000000,-0.012216,-0.005236,-0.005236,0.000000,-0.010472,-0.005236,0.000000,0.000000,0.976324,0.005236,0.003491,0.000000,-0.059340,-0.005236,0.000000,0.000000,-0.061086,-0.010472
1771465992.776,21,0,0,0.9995,0.0001,0.0000,0.0000,0.0003,0.0000,0.0000,0.079033,0.081942,0.000000,0.000000,0.000000,0.000000,0.001745,0.943161,0.001745,0.001745,0.000000,-0.012216,-0.005236,-0.005236,0.000000,-0.010472,-0.006981,0.000000,0.000000,0.976324,0.003491,0.003491,0.000000,-0.059340,-0.003491,0.000000,0.000000,-0.061086,-0.010472
1771465992.877,24,0,0,0.9995,0.0001,0.0000,0.0000,0.0003,0.0000,0.0000,0.079033,0.081942,0.000000,0.000000,0.000000,0.000000,0.001745,0.943161,0.001745,0.001745,0.000000,-0.012216,-0.005236,-0.005236,0.000000,-0.010472,-0.005236,0.000000,0.000000,0.976324,0.003491,0.003491,0.000000,-0.059340,-0.003491,0.000000,0.000000,-0.061086,-0.010472
1771465992.977,27,0,0,0.9995,0.0001,0.0000,0.0000,0.0003,0.0000,0.0000,0.079033,0.081942,0.000000,0.000000,0.000000,0.000000,0.001745,0.943161,0.001745,0.001745,0.000000,-0.012216,-0.005236,-0.005236,0.000000,-0.010472,-0.005236,0.000000,0.000000,0.976324,0.003491,0.003491,0.000000,-0.059340,-0.005236,0.000000,0.000000,-0.061086,-0.010472
1771465993.078,30,0,0,0.9995,0.0001,0.0000,0.0000,0.0003,0.0000,0.0000,0.079033,0.081942,0.000000,0.000000,0.000000,0.000000,0.001745,0.943161,0.001745,0.001745,0.000000,-0.012216,-0.006981,-0.005236,0.000000,-0.010472,-0.005236,0.000000,0.000000,0.976324,0.003491,0.003491,0.000000,-0.059340,-0.005236,0.000000,0.000000,-0.061086,-0.010472
1771465993.178,33,0,0,0.9995,0.0001,0.0000,0.0000,0.0003,0.0000,0.0000,0.079033,0.081942,0.000000,0.000000,0.000000,0.000000,0.001745,0.943161,0.001745,0.001745,0.000000,-0.012216,-0.005236,-0.005236,0.000000,-0.010472,-0.005236,0.000000,0.000000,0.976324,0.003491,0.003491,0.000000,-0.059340,-0.003491,0.000000,0.000000,-0.061086,-0.010472
1771465993.278,36,0,0,0.9995,0.0001,0.0000,0.0000,0.0003,0.0000,0.0000,0.079033,0.081942,0.000000,0.000000,0.000000,0.000000,0.001745,0.943161,0.001745,0.001745,0.000000,-0.012216,-0.005236,-0.005236,0.000000,-0.010472,-0.005236,0.000000,0.000000,0.976324,0.003491,0.003491,0.000000,-0.059340,-0.003491,0.000000,0.000000,-0.061086,-0.010472
1771465993.378,39,0,0,0.9995,0.0001,0.0000,0.0000,0.0003,0.0000,0.0000,0.079033,0.081942,0.000000,0.000000,0.000000,0.000000,0.001745,0.943161,0.001745,0.001745,0.000000,-0.012216,-0.005236,-0.005236,0.000000,-0.010472,-0.005236,0.000000,0.000000,0.976324,0.003491,0.003491,0.000000,-0.059340,-0.003491,0.000000,0.000000,-0.061086,-0.010472
1771465993.478,42,0,0,0.9995,0.0001,0.0000,0.0000,0.0003,0.0000,0.0000,0.079033,0.081797,0.000000,0.000000,0.000000,0.000000,0.001745,0.943161,0.001745,0.001745,0.000000,-0.012216,-0.005236,-0.005236,0.000000,-0.010472,-0.005236,0.000000,0.000000,0.976324,0.001745,0.003491,0.000000,-0.059340,-0.003491,0.000000,0.000000,-0.059341,-0.010472
1771465993.579,45,0,0,0.9995,0.0001,0.0000,0.0000,0.0003,0.0000,0.0000,0.079033,0.081942,0.000000,0.000000,0.000000,0.000000,0.001745,0.943161,0.001745,0.001745,0.000000,-0.012216,-0.005236,-0.005236,0.000000,-0.010472,-0.006981,0.000000,0.000000,0.976324,0.003491,0.003491,0.000000,-0.059340,-0.003491,0.000000,0.000000,-0.061086,-0.010472
1771465993.679,48,0,0,0.9995,0.0001,0.0000,0.0000,0.0003,0.0000,0.0000,0.079033,0.082088,0.000000,0.000000,0.000000,0.000000,0.001745,0.943161,0.001745,0.001745,0.000000,-0.012216,-0.005236,-0.005236,0.000000,-0.010472,-0.005236,0.000000,0.000000,0.976324,0.005236,0.003491,0.000000,-0.059340,-0.005236,0.000000,0.000000,-0.059341,-0.010472
1771465993.779,51,0,0,0.9995,0.0001,0.0000,0.0000,0.0003,0.0000,0.0000,0.079033,0.081942,0.000000,0.000000,0.000000,0.000000,0.001745,0.943161,0.001745,0.001745,0.000000,-0.012216,-0.006981,-0.005236,0.000000,-0.010472,-0.005236,0.000000,0.000000,0.976324,0.003491,0.003491,0.000000,-0.059340,-0.003491,0.000000,0.000000,-0.061086,-0.010472
1771465993.880,54,0,0,0.9995,0.0001,0.0000,0.0000,0.0003,0.0000,0.0000,0.079033,0.081942,0.000000,0.000000,0.000000,0.000000,0.001745,0.943161,0.001745,0.001745,0.000000,-0.012216,-0.005236,-0.005236,0.000000,-0.010472,-0.005236,0.000000,0.000000,0.976324,0.003491,0.003491,0.000000,-0.059340,-0.003491,0.000000,0.000000,-0.061086,-0.010472
1771465993.981,57,0,0,0.9995,0.0001,0.0000,0.0000,0.0003,0.0000,0.0000,0.078888,0.081942,0.000000,0.000000,0.000000,0.000000,0.001745,0.941416,0.001745,0.001745,0.000000,-0.012216,-0.006981,-0.005236,0.000000,-0.010472,-0.005236,0.000000,0.000000,0.976324,0.003491,0.003491,0.000000,-0.059340,-0.005236,0.000000,0.000000,-0.061086,-0.010472
1771465994.080,60,0,0,0.9995,0.0001,0.0000,0.0000,0.0003,0.0000,0.0000,0.079033,0.082088,0.000000,0.000000,0.000000,0.000000,0.001745,0.943161,0.001745,0.001745,0.000000,-0.012216,-0.005236,-0.005236,0.000000,-0.010472,-0.005236,0.000000,0.000000,0.976324,0.005236,0.003491,0.000000,-0.059340,-0.003491,0.000000,0.000000,-0.059341,-0.010472
1771465994.181,63,0,0,0.9995,0.0001,0.0000,0.0000,0.0003,0.0000,0.0000,0.079033,0.081942,0.000000,0.000000,0.000000,0.000000,0.001745,0.943161,0.001745,0.001745,0.000000,-0.012216,-0.005236,-0.005236,0.000000,-0.010472,-0.005236,0.000000,0.000000,0.976324,0.003491,0.003491,0.000000,-0.059340,-0.005236,0.000000,0.000000,-0.061086,-0.010472
1771465994.282,66,0,0,0.9995,0.0001,0.0000,0.0000,0.0003,0.0000,0.0000,0.079033,0.081942,0.000000,0.000000,0.000000,0.000000,0.001745,0.943161,0.001745,0.001745,0.000000,-0.012216,-0.005236,-0.005236,0.000000,-0.010472,-0.005236,0.000000,0.000000,0.976324,0.003491,0.003491,0.000000,-0.059340,-0.003491,0.000000,0.000000,-0.061086,-0.010472
1771465994.382,69,0,0,0.9995,0.0001,0.0000,0.0000,0.0003,0.0000,0.0000,0.079033,0.081942,0.000000,0.000000,0.000000,0.000000,0.001745,0.943161,0.001745,0.001745,0.000000,-0.012216,-0.005236,-0.005236,0.000000,-0.010472,-0.006981,0.000000,0.000000,0.976324,0.003491,0.003491,0.000000,-0.059340,-0.003491,0.000000,0.000000,-0.061086,-0.010472
1771465994.481,72,0,0,0.9995,0.0001,0.0000,0.0000,0.0003,0.0000,0.0000,0.079033,0.081797,0.000000,0.000000,0.000000,0.000000,0.001745,0.943161,0.001745,0.001745,0.000000,-0.012216,-0.005236,-0.005236,0.000000,-0.010472,-0.005236,0.000000,0.000000,0.976324,0.001745,0.003491,0.000000,-0.059340,-0.005236,0.000000,0.000000,-0.061086,-0.010472
1771465994.582,75,0,0,0.9995,0.0001,0.0000,0.0000,0.0003,0.0000,0.0000,0.079033,0.081942,0.000000,0.000000,0.000000,0.000000,0.001745,0.943161,0.001745,0.001745,0.000000,-0.012216,-0.005236,-0.005236,0.000000,-0.010472,-0.005236,0.000000,0.000000,0.976324,0.003491,0.003491,0.000000,-0.059340,-0.005236,0.000000,0.000000,-0.061086,-0.010472
1771465994.683,78,0,0,0.9995,0.0001,0.0000,0.0000,0.0003,0.0000,0.0000,0.079033,0.081942,0.000000,0.000000,0.000000,0.000000,0.001745,0.943161,0.001745,0.001745,0.000000,-0.012216,-0.006981,-0.005236,0.000000,-0.010472,-0.005236,0.000000,0.000000,0.976324,0.003491,0.003491,0.000000,-0.059340,-0.003491,0.000000,0.000000,-0.061086,-0.010472
1771465994.783,81,0,0,0.9995,0.0001,0.0000,0.0000,0.0003,0.0000,0.0000,0.079033,0.081942,0.000000,0.000000,0.000000,0.000000,0.001745,0.943161,0.001745,0.001745,0.000000,-0.012216,-0.005236,-0.005236,0.000000,-0.010472,-0.005236,0.000000,0.000000,0.976324,0.003491,0.003491,0.000000,-0.059340,-0.005236,0.000000,0.000000,-0.061086,-0.010472
1771465994.883,84,0,0,0.9995,0.0001,0.0000,0.0000,0.0003,0.0000,0.0000,0.079033,0.081942,0.000000,0.000000,0.000000,0.000000,0.001745,0.943161,0.001745,0.001745,0.000000,-0.012216,-0.005236,-0.005236,0.000000,-0.010472,-0.006981,0.000000,0.000000,0.976324,0.003491,0.003491,0.000000,-0.059340,-0.005236,0.000000,0.000000,-0.061086,-0.010472
1771465994.983,87,0,0,0.9995,0.0001,0.0000,0.0000,0.0003,0.0000,0.0000,0.079033,0.081942,0.000000,0.000000,0.000000,0.000000,0.001745,0.943161,0.001745,0.001745,0.000000,-0.012216,-0.005236,-0.005236,0.000000,-0.010472,-0.006981,0.000000,0.000000,0.976324,0.003491,0.003491,0.000000,-0.059340,-0.003491,0.000000,0.000000,-0.061086,-0.010472
1771465995.084,90,0,0,0.9995,0.0001,0.0000,0.0000,0.0003,0.0000,0.0000,0.079033,0.081942,0.000000,0.000000,0.000000,0.000000,0.001745,0.943161,0.001745,0.001745,0.000000,-0.012216,-0.005236,-0.005236,0.000000,-0.010472,-0.005236,0.000000,0.000000,0.976324,0.003491,0.003491,0.000000,-0.059340,-0.005236,0.000000,0.000000,-0.061086,-0.010472
1771465995.184,93,0,0,0.9995,0.0001,0.0000,0.0000,0.0003,0.0000,0.0000,0.079033,0.081942,0.000000,0.000000,0.000000,0.000000,0.001745,0.943161,0.001745,0.001745,0.000000,-0.012216,-0.005236,-0.005236,0.000000,-0.010472,-0.005236,0.000000,0.000000,0.976324,0.003491,0.003491,0.000000,-0.059340,-0.003491,0.000000,0.000000,-0.061086,-0.010472
1771465995.284,96,0,0,0.9995,0.0001,0.0000,0.0000,0.0003,0.0000,0.0000,0.079033,0.081942,0.000000,0.000000,0.000000,0.000000,0.001745,0.943161,0.001745,0.001745,0.000000,-0.012216,-0.005236,-0.005236,0.000000,-0.010472,-0.005236,0.000000,0.000000,0.976324,0.003491,0.003491,0.000000,-0.059340,-0.005236,0.000000,0.000000,-0.059341,-0.010472
1771465995.385,99,0,0,0.9995,0.0001,0.0000,0.0000,0.0003,0.0000,0.0000,0.079033,0.081942,0.000000,0.000000,0.000000,0.000000,0.001745,0.943161,0.001745,0.001745,0.000000,-0.012216,-0.005236,-0.005236,0.000000,-0.010472,-0.005236,0.000000,0.000000,0.976324,0.003491,0.003491,0.000000,-0.059340,-0.003491,0.000000,0.000000,-0.059341,-0.010472
1771465995.485,102,0,0,0.9995,0.0001,0.0000,0.0000,0.0003,0.0000,0.0000,0.079033,0.081942,0.000000,0.000000,0.000000,0.000000,0.001745,0.943161,0.001745,0.001745,0.000000,-0.012216,-0.005236,-0.005236,0.000000,-0.010472,-0.005236,0.000000,0.000000,0.976324,0.003491,0.003491,0.000000,-0.059340,-0.005236,0.000000,0.000000,-0.061086,-0.010472
1771465995.585,105,0,0,0.9995,0.0001,0.0000,0.0000,0.0003,0.0000,0.0000,0.079033,0.081942,0.000000,0.000000,0.000000,0.000000,0.001745,0.943161,0.001745,0.001745,0.000000,-0.012216,-0.006981,-0.005236,0.000000,-0.010472,-0.005236,0.000000,0.000000,0.976324,0.003491,0.003491,0.000000,-0.059340,-0.003491,0.000000,0.000000,-0.061086,-0.010472
1771465995.685,108,0,0,0.9995,0.0001,0.0000,0.0000,0.0003,0.0000,0.0000,0.079033,0.082088,0.000000,0.000000,0.000000,0.000000,0.001745,0.943161,0.001745,0.001745,0.000000,-0.012216,-0.005236,-0.005236,0.000000,-0.010472,-0.006981,0.000000,0.000000,0.976324,0.005236,0.003491,0.000000,-0.059340,-0.005236,0.000000,0.000000,-0.061086,-0.010472
1771465995.786,111,0,0,0.9995,0.0001,0.0000,0.0000,0.0003,0.0000,0.0000,0.079033,0.081942,0.000000,0.000000,0.000000,0.000000,0.001745,0.943161,0.001745,0.001745,0.000000,-0.012216,-0.006981,-0.005236,0.000000,-0.010472,-0.005236,0.000000,0.000000,0.976324,0.003491,0.003491,0.000000,-0.059340,-0.005236,0.000000,0.000000,-0.061086,-0.010472
1771465995.886,114,0,0,0.9995,0.0001,0.0000,0.0000,0.0003,0.0000,0.0000,0.079033,0.081942,0.000000,0.000000,0.000000,0.000000,0.001745,0.943161,0.001745,0.001745,0.000000,-0.012216,-0.005236,-0.005236,0.000000,-0.010472,-0.005236,0.000000,0.000000,0.976324,0.003491,0.003491,0.000000,-0.059340,-0.003491,0.000000,0.000000,-0.059341,-0.010472
1771465995.986,117,0,0,0.9995,0.0001,0.0000,0.0000,0.0003,0.0000,0.0000,0.079033,0.081942,0.000000,0.000000,0.000000,0.000000,0.001745,0.943161,0.001745,0.001745,0.000000,-0.012216,-0.005236,-0.005236,0.000000,-0.010472,-0.005236,0.000000,0.000000,0.976324,0.003491,0.003491,0.000000,-0.059340,-0.003491,0.000000,0.000000,-0.061086,-0.010472
1771465996.086,120,0,0,0.9995,0.0001,0.0000,0.0000,0.0003,0.0000,0.0000,0.079033,0.081942,0.000000,0.000000,0.000000,0.000000,0.001745,0.943161,0.001745,0.001745,0.000000,-0.012216,-0.005236,-0.005236,0.000000,-0.010472,-0.005236,0.000000,0.000000,0.976324,0.003491,0.003491,0.000000,-0.059340,-0.005236,0.000000,0.000000,-0.061086,-0.010472
1771465996.186,123,0,0,0.9995,0.0001,0.0000,0.0000,0.0003,0.0000,0.0000,0.079033,0.082088,0.000000,0.000000,0.000000,0.000000,0.001745,0.943161,0.001745,0.001745,0.000000,-0.012216,-0.005236,-0.005236,0.000000,-0.010472,-0.005236,0.000000,0.000000,0.976324,0.005236,0.003491,0.000000,-0.059340,-0.003491,0.000000,0.000000,-0.059341,-0.010472
1771465996.287,126,0,0,0.9995,0.0001,0.0000,0.0000,0.0003,0.0000,0.0000,0.079033,0.081942,0.000000,0.000000,0.000000,0.000000,0.001745,0.943161,0.001745,0.001745,0.000000,-0.012216,-0.005236,-0.005236,0.000000,-0.010472,-0.005236,0.000000,0.000000,0.976324,0.003491,0.003491,0.000000,-0.059340,-0.003491,0.000000,0.000000,-0.061086,-0.010472
1771465996.387,129,0,0,0.9995,0.0001,0.0000,0.0000,0.0003,0.0000,0.0000,0.079033,0.081797,0.000000,0.000000,0.000000,0.000000,0.001745,0.943161,0.001745,0.001745,0.000000,-0.012216,-0.005236,-0.005236,0.000000,-0.010472,-0.005236,0.000000,0.000000,0.976324,0.001745,0.003491,0.000000,-0.059340,-0.003491,0.000000,0.000000,-0.061086,-0.010472
1771465996.488,132,0,0,0.9995,0.0001,0.0000,0.0000,0.0003,0.0000,0.0000,0.079033,0.081942,0.000000,0.000000,0.000000,0.000000,0.001745,0.943161,0.001745,0.001745,0.000000,-0.012216,-0.005236,-0.005236,0.000000,-0.010472,-0.005236,0.000000,0.000000,0.976324,0.003491,0.003491,0.000000,-0.059340,-0.005236,0.000000,0.000000,-0.061086,-0.010472
1771465996.587,135,0,0,0.9995,0.0001,0.0000,0.0000,0.0003,0.0000,0.0000,0.079033,0.081942,0.000000,0.000000,0.000000,0.000000,0.001745,0.943161,0.001745,0.001745,0.000000,-0.012216,-0.006981,-0.005236,0.000000,-0.010472,-0.005236,0.000000,0.000000,0.976324,0.003491,0.003491,0.000000,-0.059340,-0.005236,0.000000,0.000000,-0.059341,-0.010472
1771465996.688,138,0,0,0.9995,0.0001,0.0000,0.0000,0.0003,0.0000,0.0000,0.079033,0.081942,0.000000,0.000000,0.000000,0.000000,0.001745,0.943161,0.001745,0.001745,0.000000,-0.012216,-0.005236,-0.005236,0.000000,-0.010472,-0.005236,0.000000,0.000000,0.976324,0.003491,0.003491,0.000000,-0.059340,-0.003491,0.000000,0.000000,-0.061086,-0.010472
1771465996.788,141,0,0,0.9995,0.0001,0.0000,0.0000,0.0003,0.0000,0.0000,0.079033,0.081797,0.000000,0.000000,0.000000,0.000000,0.001745,0.943161,0.001745,0.001745,0.000000,-0.012216,-0.005236,-0.005236,0.000000,-0.010472,-0.005236,0.000000,0.000000,0.976324,0.001745,0.003491,0.000000,-0.059340,-0.003491,0.000000,0.000000,-0.061086,-0.010472
1771465996.888,144,0,0,0.9995,0.0001,0.0000,0.0000,0.0003,0.0000,0.0000,0.079033,0.081942,0.000000,0.000000,0.000000,0.000000,0.001745,0.943161,0.001745,0.001745,0.000000,-0.012216,-0.005236,-0.005236,0.000000,-0.010472,-0.005236,0.000000,0.000000,0.976324,0.003491,0.003491,0.000000,-0.059340,-0.003491,0.000000,0.000000,-0.059341,-0.010472
1771465996.989,147,0,0,0.9995,0.0001,0.0000,0.0000,0.0003,0.0000,0.0000,0.079033,0.081942,0.000000,0.000000,0.000000,0.000000,0.001745,0.943161,0.001745,0.001745,0.000000,-0.012216,-0.005236,-0.005236,0.000000,-0.010472,-0.005236,0.000000,0.000000,0.976324,0.003491,0.003491,0.000000,-0.059340,-0.005236,0.000000,0.000000,-0.061086,-0.010472
1771465997.088,150,0,0,0.9995,0.0001,0.0000,0.0000,0.0003,0.0000,0.0000,0.079033,0.082088,0.000000,0.000000,0.000000,0.000000,0.001745,0.943161,0.001745,0.001745,0.000000,-0.012216,-0.006981,-0.005236,0.000000,-0.010472,-0.005236,0.000000,0.000000,0.976324,0.005236,0.003491,0.000000,-0.059340,-0.005236,0.000000,0.000000,-0.061086,-0.010472
1771465997.189,153,0,0,0.9995,0.0001,0.0000,0.0000,0.0003,0.0000,0.0000,0.079033,0.081942,0.000000,0.000000,0.000000,0.000000,0.001745,0.943161,0.001745,0.001745,0.000000,-0.012216,-0.005236,-0.005236,0.000000,-0.010472,-0.006981,0.000000,0.000000,0.976324,0.003491,0.003491,0.000000,-0.059340,-0.003491,0.000000,0.000000,-0.061086,-0.010472
1771465997.289,156,0,0,0.9995,0.0001,0.0000,0.0000,0.0003,0.0000,0.0000,0.079033,0.081942,0.000000,0.000000,0.000000,0.000000,0.001745,0.943161,0.001745,0.001745,0.000000,-0.012216,-0.006981,-0.005236,0.000000,-0.010472,-0.005236,0.000000,0.000000,0.976324,0.003491,0.003491,0.000000,-0.059340,-0.003491,0.000000,0.000000,-0.061086,-0.010472
1771465997.389,159,0,0,0.9995,0.0001,0.0000,0.0000,0.0003,0.0000,0.0000,0.079033,0.081942,0.000000,0.000000,0.000000,0.000000,0.001745,0.943161,0.001745,0.001745,0.000000,-0.012216,-0.005236,-0.005236,0.000000,-0.010472,-0.005236,0.000000,0.000000,0.976324,0.003491,0.003491,0.000000,-0.059340,-0.003491,0.000000,0.000000,-0.061086,-0.010472
1771465997.489,162,0,0,0.9995,0.0001,0.0000,0.0000,0.0003,0.0000,0.0000,0.079033,0.082088,0.000000,0.000000,0.000000,0.000000,0.001745,0.943161,0.001745,0.001745,0.000000,-0.012216,-0.006981,-0.005236,0.000000,-0.010472,-0.005236,0.000000,0.000000,0.976324,0.005236,0.003491,0.000000,-0.059340,-0.003491,0.000000,0.000000,-0.061086,-0.010472
1771465997.590,165,0,0,0.9995,0.0001,0.0000,0.0000,0.0003,0.0000,0.0000,0.079033,0.082088,0.000000,0.000000,0.000000,0.000000,0.001745,0.943161,0.001745,0.001745,0.000000,-0.012216,-0.006981,-0.005236,0.000000,-0.010472,-0.005236,0.000000,0.000000,0.976324,0.005236,0.003491,0.000000,-0.059340,-0.005236,0.000000,0.000000,-0.061086,-0.010472
1771465997.690,168,0,0,0.9995,0.0001,0.0000,0.0000,0.0003,0.0000,0.0000,0.079033,0.082088,0.000000,0.000000,0.000000,0.000000,0.001745,0.943161,0.001745,0.001745,0.000000,-0.012216,-0.005236,-0.005236,0.000000,-0.010472,-0.006981,0.000000,0.000000,0.976324,0.005236,0.003491,0.000000,-0.059340,-0.003491,0.000000,0.000000,-0.061086,-0.010472
1771465997.790,171,0,0,0.9995,0.0001,0.0000,0.0000,0.0003,0.0000,0.0000,0.079033,0.081942,0.000000,0.000000,0.000000,0.000000,0.001745,0.943161,0.001745,0.001745,0.000000,-0.012216,-0.005236,-0.005236,0.000000,-0.010472,-0.005236,0.000000,0.000000,0.976324,0.003491,0.003491,0.000000,-0.059340,-0.003491,0.000000,0.000000,-0.061086,-0.010472
1771465997.891,174,0,0,0.9995,0.0001,0.0000,0.0000,0.0003,0.0000,0.0000,0.079033,0.081797,0.000000,0.000000,0.000000,0.000000,0.001745,0.943161,0.001745,0.001745,0.000000,-0.012216,-0.005236,-0.005236,0.000000,-0.010472,-0.005236,0.000000,0.000000,0.976324,0.001745,0.003491,0.000000,-0.059340,-0.005236,0.000000,0.000000,-0.061086,-0.010472
1771465997.991,177,0,0,0.9995,0.0001,0.0000,0.0000,0.0003,0.0000,0.0000,0.079033,0.081942,0.000000,0.000000,0.000000,0.000000,0.001745,0.943161,0.001745,0.001745,0.000000,-0.012216,-0.005236,-0.005236,0.000000,-0.010472,-0.006981,0.000000,0.000000,0.976324,0.003491,0.003491,0.000000,-0.059340,-0.003491,0.000000,0.000000,-0.061086,-0.010472
1771465998.091,180,0,0,0.9995,0.0001,0.0000,0.0000,0.0003,0.0000,0.0000,0.079033,0.081942,0.000000,0.000000,0.000000,0.000000,0.001745,0.943161,0.001745,0.001745,0.000000,-0.012216,-0.005236,-0.005236,0.000000,-0.010472,-0.006981,0.000000,0.000000,0.976324,0.003491,0.003491,0.000000,-0.059340,-0.003491,0.000000,0.000000,-0.061086,-0.010472
1771465998.191,183,0,0,0.9995,0.0001,0.0000,0.0000,0.0003,0.0000,0.0000,0.079033,0.081942,0.000000,0.000000,0.000000,0.000000,0.001745,0.943161,0.001745,0.001745,0.000000,-0.012216,-0.005236,-0.005236,0.000000,-0.010472,-0.005236,0.000000,0.000000,0.976324,0.003491,0.003491,0.000000,-0.059340,-0.005236,0.000000,0.000000,-0.061086,-0.010472
1771465998.292,186,0,0,0.9995,0.0001,0.0000,0.0000,0.0003,0.0000,0.0000,0.079033,0.082088,0.000000,0.000000,0.000000,0.000000,0.001745,0.943161,0.001745,0.001745,0.000000,-0.012216,-0.006981,-0.005236,0.000000,-0.010472,-0.006981,0.000000,0.000000,0.976324,0.005236,0.003491,0.000000,-0.059340,-0.003491,0.000000,0.000000,-0.061086,-0.010472
1771465998.392,189,0,0,0.9995,0.0001,0.0000,0.0000,0.0003,0.0000,0.0000,0.079033,0.081942,0.000000,0.000000,0.000000,0.000000,0.001745,0.943161,0.001745,0.001745,0.000000,-0.012216,-0.006981,-0.005236,0.000000,-0.010472,-0.005236,0.000000,0.000000,0.976324,0.003491,0.003491,0.000000,-0.059340,-0.003491,0.000000,0.000000,-0.061086,-0.010472
1771465998.492,192,0,0,0.9995,0.0001,0.0000,0.0000,0.0003,0.0000,0.0000,0.079033,0.081942,0.000000,0.000000,0.000000,0.000000,0.001745,0.943161,0.001745,0.001745,0.000000,-0.012216,-0.005236,-0.005236,0.000000,-0.010472,-0.005236,0.000000,0.000000,0.976324,0.003491,0.003491,0.000000,-0.059340,-0.005236,0.000000,0.000000,-0.061086,-0.010472
1771465998.593,195,0,0,0.9995,0.0001,0.0000,0.0000,0.0003,0.0000,0.0000,0.079033,0.082088,0.000000,0.000000,0.000000,0.000000,0.001745,0.943161,0.001745,0.001745,0.000000,-0.012216,-0.005236,-0.005236,0.000000,-0.010472,-0.005236,0.000000,0.000000,0.976324,0.005236,0.003491,0.000000,-0.059340,-0.005236,0.000000,0.000000,-0.061086,-0.010472
1771465998.693,198,0,0,0.9995,0.0001,0.0000,0.0000,0.0003,0.0000,0.0000,0.079033,0.081942,0.000000,0.000000,0.000000,0.000000,0.001745,0.943161,0.001745,0.001745,0.000000,-0.012216,-0.005236,-0.005236,0.000000,-0.010472,-0.005236,0.000000,0.000000,0.976324,0.003491,0.003491,0.000000,-0.059340,-0.005236,0.000000,0.000000,-0.061086,-0.010472
1771465998.793,201,0,0,0.9995,0.0001,0.0000,0.0000,0.0003,0.0000,0.0000,0.079033,0.081942,0.000000,0.000000,0.000000,0.000000,0.001745,0.943161,0.001745,0.001745,0.000000,-0.012216,-0.005236,-0.005236,0.000000,-0.010472,-0.006981,0.000000,0.000000,0.976324,0.003491,0.003491,0.000000,-0.059340,-0.003491,0.000000,0.000000,-0.061086,-0.010472
1771465998.893,204,0,0,0.9995,0.0001,0.0000,0.0000,0.0003,0.0000,0.0000,0.079033,0.081942,0.000000,0.000000,0.000000,0.000000,0.001745,0.943161,0.001745,0.001745,0.000000,-0.012216,-0.005236,-0.005236,0.000000,-0.010472,-0.005236,0.000000,0.000000,0.976324,0.003491,0.003491,0.000000,-0.059340,-0.003491,0.000000,0.000000,-0.061086,-0.010472
1771465998.993,207,0,0,0.9995,0.0001,0.0000,0.0000,0.0003,0.0000,0.0000,0.079033,0.081942,0.000000,0.000000,0.000000,0.000000,0.001745,0.943161,0.001745,0.001745,0.000000,-0.012216,-0.005236,-0.005236,0.000000,-0.010472,-0.005236,0.000000,0.000000,0.976324,0.003491,0.003491,0.000000,-0.059340,-0.005236,0.000000,0.000000,-0.061086,-0.010472
1771465999.093,210,0,0,0.9995,0.0001,0.0000,0.0000,0.0003,0.0000,0.0000,0.079033,0.081942,0.000000,0.000000,0.000000,0.000000,0.001745,0.943161,0.001745,0.001745,0.000000,-0.012216,-0.005236,-0.005236,0.000000,-0.010472,-0.005236,0.000000,0.000000,0.976324,0.003491,0.003491,0.000000,-0.059340,-0.003491,0.000000,0.000000,-0.061086,-0.010472
1771465999.194,213,0,0,0.9995,0.0001,0.0000,0.0000,0.0003,0.0000,0.0000,0.079033,0.082088,0.000000,0.000000,0.000000,0.000000,0.001745,0.943161,0.001745,0.001745,0.000000,-0.012216,-0.006981,-0.005236,0.000000,-0.010472,-0.005236,0.000000,0.000000,0.976324,0.005236,0.003491,0.000000,-0.059340,-0.003491,0.000000,0.000000,-0.061086,-0.010472
1771465999.294,216,0,0,0.9995,0.0001,0.0000,0.0000,0.0003,0.0000,0.0000,0.079033,0.081942,0.000000,0.000000,0.000000,0.000000,0.001745,0.943161,0.001745,0.001745,0.000000,-0.012216,-0.005236,-0.005236,0.000000,-0.010472,-0.005236,0.000000,0.000000,0.976324,0.003491,0.003491,0.000000,-0.059340,-0.005236,0.000000,0.000000,-0.061086,-0.010472
1771465999.394,219,0,0,0.9995,0.0001,0.0000,0.0000,0.0003,0.0000,0.0000,0.079033,0.081942,0.000000,0.000000,0.000000,0.000000,0.001745,0.943161,0.001745,0.001745,0.000000,-0.012216,-0.005236,-0.005236,0.000000,-0.010472,-0.005236,0.000000,0.000000,0.976324,0.003491,0.003491,0.000000,-0.059340,-0.003491,0.000000,0.000000,-0.059341,-0.010472
1771465999.495,222,0,0,0.9995,0.0001,0.0000,0.0000,0.0003,0.0000,0.0000,0.079033,0.081942,0.000000,0.000000,0.000000,0.000000,0.001745,0.943161,0.001745,0.001745,0.000000,-0.012216,-0.006981,-0.005236,0.000000,-0.010472,-0.006981,0.000000,0.000000,0.976324,0.003491,0.003491,0.000000,-0.059340,-0.005236,0.000000,0.000000,-0.059341,-0.010472
1771465999.596,225,0,0,0.9995,0.0001,0.0000,0.0000,0.0003,0.0000,0.0000,0.079033,0.081942,0.000000,0.000000,0.000000,0.000000,0.001745,0.943161,0.001745,0.001745,0.000000,-0.012216,-0.005236,-0.005236,0.000000,-0.010472,-0.005236,0.000000,0.000000,0.976324,0.003491,0.003491,0.000000,-0.059340,-0.005236,0.000000,0.000000,-0.061086,-0.010472
1771465999.696,228,0,0,0.9995,0.0001,0.0000,0.0000,0.0003,0.0000,0.0000,0.079033,0.082088,0.000000,0.000000,0.000000,0.000000,0.001745,0.943161,0.001745,0.001745,0.000000,-0.012216,-0.005236,-0.005236,0.000000,-0.010472,-0.005236,0.000000,0.000000,0.976324,0.005236,0.003491,0.000000,-0.059340,-0.003491,0.000000,0.000000,-0.061086,-0.010472
1771465999.797,231,0,0,0.9995,0.0001,0.0000,0.0000,0.0003,0.0000,0.0000,0.079033,0.081942,0.000000,0.000000,0.000000,0.000000,0.001745,0.943161,0.001745,0.001745,0.000000,-0.012216,-0.005236,-0.005236,0.000000,-0.010472,-0.005236,0.000000,0.000000,0.976324,0.003491,0.003491,0.000000,-0.059340,-0.003491,0.000000,0.000000,-0.059341,-0.010472
1771465999.897,234,0,0,0.9995,0.0001,0.0000,0.0000,0.0003,0.0000,0.0000,0.079033,0.082088,0.000000,0.000000,0.000000,0.000000,0.001745,0.943161,0.001745,0.001745,0.000000,-0.012216,-0.005236,-0.005236,0.000000,-0.010472,-0.005236,0.000000,0.000000,0.976324,0.005236,0.003491,0.000000,-0.059340,-0.005236,0.000000,0.000000,-0.061086,-0.010472
1771465999.997,237,0,0,0.9995,0.0001,0.0000,0.0000,0.0003,0.0000,0.0000,0.079033,0.081942,0.000000,0.000000,0.000000,0.000000,0.001745,0.943161,0.001745,0.001745,0.000000,-0.012216,-0.005236,-0.005236,0.000000,-0.010472,-0.005236,0.000000,0.000000,0.976324,0.003491,0.003491,0.000000,-0.059340,-0.003491,0.000000,0.000000,-0.059341,-0.010472
1771466000.097,240,0,0,0.9995,0.0001,0.0000,0.0000,0.0003,0.0000,0.0000,0.079033,0.082088,0.000000,0.000000,0.000000,0.000000,0.001745,0.943161,0.001745,0.001745,0.000000,-0.012216,-0.005236,-0.005236,0.000000,-0.010472,-0.005236,0.000000,0.000000,0.976324,0.005236,0.003491,0.000000,-0.059340,-0.003491,0.000000,0.000000,-0.061086,-0.010472
1771466000.198,243,0,0,0.9995,0.0001,0.0000,0.0000,0.0003,0.0000,0.0000,0.079033,0.081942,0.000000,0.000000,0.000000,0.000000,0.001745,0.943161,0.001745,0.001745,0.000000,-0.012216,-0.005236,-0.005236,0.000000,-0.010472,-0.005236,0.000000,0.000000,0.976324,0.003491,0.003491,0.000000,-0.059340,-0.005236,0.000000,0.000000,-0.061086,-0.010472
1771466000.298,246,0,0,0.9995,0.0001,0.0000,0.0000,0.0003,0.0000,0.0000,0.079033,0.082088,0.000000,0.000000,0.000000,0.000000,0.001745,0.943161,0.001745,0.001745,0.000000,-0.012216,-0.005236,-0.005236,0.000000,-0.010472,-0.005236,0.000000,0.000000,0.976324,0.005236,0.003491,0.000000,-0.059340,-0.005236,0.000000,0.000000,-0.061086,-0.010472
1771466000.399,249,0,0,0.9995,0.0001,0.0000,0.0000,0.0003,0.0000,0.0000,0.079033,0.081942,0.000000,0.000000,0.000000,0.000000,0.001745,0.943161,0.001745,0.001745,0.000000,-0.012216,-0.005236,-0.005236,0.000000,-0.010472,-0.005236,0.000000,0.000000,0.976324,0.003491,0.003491,0.000000,-0.059340,-0.003491,0.000000,0.000000,-0.061086,-0.010472
1771466000.499,252,0,0,0.9995,0.0001,0.0000,0.0000,0.0003,0.0000,0.0000,0.079033,0.081942,0.000000,0.000000,0.000000,0.000000,0.001745,0.943161,0.001745,0.001745,0.000000,-0.012216,-0.005236,-0.005236,0.000000,-0.010472,-0.005236,0.000000,0.000000,0.976324,0.003491,0.003491,0.000000,-0.059340,-0.003491,0.000000,0.000000,-0.061086,-0.010472
1771466000.599,255,0,0,0.9995,0.0001,0.0000,0.0000,0.0003,0.0000,0.0000,0.079033,0.081942,0.000000,0.000000,0.000000,0.000000,0.001745,0.943161,0.001745,0.001745,0.000000,-0.012216,-0.005236,-0.005236,0.000000,-0.010472,-0.006981,0.000000,0.000000,0.976324,0.003491,0.003491,0.000000,-0.059340,-0.003491,0.000000,0.000000,-0.061086,-0.010472
1771466000.699,258,0,0,0.9995,0.0001,0.0000,0.0000,0.0003,0.0000,0.0000,0.079033,0.081942,0.000000,0.000000,0.000000,0.000000,0.001745,0.943161,0.001745,0.001745,0.000000,-0.012216,-0.005236,-0.005236,0.000000,-0.010472,-0.006981,0.000000,0.000000,0.976324,0.003491,0.003491,0.000000,-0.059340,-0.005236,0.000000,0.000000,-0.059341,-0.010472
1771466000.800,261,0,0,0.9995,0.0001,0.0000,0.0000,0.0003,0.0000,0.0000,0.079033,0.082088,0.000000,0.000000,0.000000,0.000000,0.001745,0.943161,0.001745,0.001745,0.000000,-0.012216,-0.006981,-0.005236,0.000000,-0.010472,-0.006981,0.000000,0.000000,0.976324,0.005236,0.003491,0.000000,-0.059340,-0.003491,0.000000,0.000000,-0.061086,-0.010472
1771466000.899,264,0,0,0.9995,0.0001,0.0000,0.0000,0.0003,0.0000,0.0000,0.079033,0.081942,0.000000,0.000000,0.000000,0.000000,0.001745,0.943161,0.001745,0.001745,0.000000,-0.012216,-0.006981,-0.005236,0.000000,-0.010472,-0.005236,0.000000,0.000000,0.976324,0.003491,0.003491,0.000000,-0.059340,-0.005236,0.000000,0.000000,-0.059341,-0.010472
1771466001.000,267,0,0,0.9995,0.0001,0.0000,0.0000,0.0003,0.0000,0.0000,0.079033,0.081942,0.000000,0.000000,0.000000,0.000000,0.001745,0.943161,0.001745,0.001745,0.000000,-0.012216,-0.005236,-0.005236,0.000000,-0.010472,-0.005236,0.000000,0.000000,0.976324,0.003491,0.003491,0.000000,-0.059340,-0.003491,0.000000,0.000000,-0.061086,-0.010472
1771466001.100,270,0,0,0.9995,0.0001,0.0000,0.0000,0.0003,0.0000,0.0000,0.079033,0.081942,0.000000,0.000000,0.000000,0.000000,0.001745,0.943161,0.001745,0.001745,0.000000,-0.012216,-0.005236,-0.005236,0.000000,-0.010472,-0.006981,0.000000,0.000000,0.976324,0.003491,0.003491,0.000000,-0.059340,-0.003491,0.000000,0.000000,-0.061086,-0.010472
1771466001.200,273,0,0,0.9995,0.0001,0.0000,0.0000,0.0003,0.0000,0.0000,0.079033,0.082088,0.000000,0.000000,0.000000,0.000000,0.001745,0.943161,0.001745,0.001745,0.000000,-0.012216,-0.005236,-0.005236,0.000000,-0.010472,-0.005236,0.000000,0.000000,0.976324,0.005236,0.003491,0.000000,-0.059340,-0.003491,0.000000,0.000000,-0.061086,-0.010472
1771466001.301,276,0,0,0.9995,0.0001,0.0000,0.0000,0.0003,0.0000,0.0000,0.079033,0.081942,0.000000,0.000000,0.000000,0.000000,0.001745,0.943161,0.001745,0.001745,0.000000,-0.012216,-0.006981,-0.005236,0.000000,-0.010472,-0.006981,0.000000,0.000000,0.976324,0.003491,0.003491,0.000000,-0.059340,-0.005236,0.000000,0.000000,-0.061086,-0.010472
1771466001.401,279,0,0,0.9995,0.0001,0.0000,0.0000,0.0003,0.0000,0.0000,0.079033,0.081942,0.000000,0.000000,0.000000,0.000000,0.001745,0.943161,0.001745,0.001745,0.000000,-0.012216,-0.006981,-0.005236,0.000000,-0.010472,-0.005236,0.000000,0.000000,0.976324,0.003491,0.003491,0.000000,-0.059340,-0.003491,0.000000,0.000000,-0.059341,-0.010472
1771466001.501,282,0,0,0.9995,0.0001,0.0000,0.0000,0.0003,0.0000,0.0000,0.079033,0.081942,0.000000,0.000000,0.000000,0.000000,0.001745,0.943161,0.001745,0.001745,0.000000,-0.012216,-0.005236,-0.005236,0.000000,-0.010472,-0.005236,0.000000,0.000000,0.976324,0.003491,0.003491,0.000000,-0.059340,-0.005236,0.000000,0.000000,-0.059341,-0.010472
1771466001.602,285,0,0,0.9995,0.0001,0.0000,0.0000,0.0003,0.0000,0.0000,0.079033,0.081942,0.000000,0.000000,0.000000,0.000000,0.001745,0.943161,0.001745,0.001745,0.000000,-0.012216,-0.005236,-0.005236,0.000000,-0.010472,-0.005236,0.000000,0.000000,0.976324,0.003491,0.003491,0.000000,-0.059340,-0.003491,0.000000,0.000000,-0.061086,-0.010472
1771466001.702,288,0,0,0.9995,0.0001,0.0000,0.0000,0.0003,0.0000,0.0000,0.079033,0.081942,0.000000,0.000000,0.000000,0.000000,0.001745,0.943161,0.001745,0.001745,0.000000,-0.012216,-0.005236,-0.005236,0.000000,-0.010472,-0.005236,0.000000,0.000000,0.976324,0.003491,0.003491,0.000000,-0.059340,-0.005236,0.000000,0.000000,-0.061086,-0.010472
1771466001.802,291,0,0,0.9995,0.0001,0.0000,0.0000,0.0003,0.0000,0.0000,0.079033,0.082088,0.000000,0.000000,0.000000,0.000000,0.001745,0.943161,0.001745,0.001745,0.000000,-0.012216,-0.005236,-0.005236,0.000000,-0.010472,-0.005236,0.000000,0.000000,0.976324,0.005236,0.003491,0.000000,-0.059340,-0.005236,0.000000,0.000000,-0.059341,-0.010472
1771466001.903,294,0,0,0.9995,0.0001,0.0000,0.0000,0.0003,0.0000,0.0000,0.079033,0.081942,0.000000,0.000000,0.000000,0.000000,0.001745,0.943161,0.001745,0.001745,0.000000,-0.012216,-0.005236,-0.005236,0.000000,-0.010472,-0.005236,0.000000,0.000000,0.976324,0.003491,0.003491,0.000000,-0.059340,-0.003491,0.000000,0.000000,-0.061086,-0.010472
1771466002.004,297,0,0,0.9995,0.0001,0.0000,0.0000,0.0003,0.0000,0.0000,0.079033,0.081942,0.000000,0.000000,0.000000,0.000000,0.001745,0.943161,0.001745,0.001745,0.000000,-0.012216,-0.006981,-0.005236,0.000000,-0.010472,-0.005236,0.000000,0.000000,0.976324,0.003491,0.003491,0.000000,-0.059340,-0.003491,0.000000,0.000000,-0.061086,-0.010472
1771466002.103,300,0,0,0.9995,0.0001,0.0000,0.0000,0.0003,0.0000,0.0000,0.079033,0.081942,0.000000,0.000000,0.000000,0.000000,0.001745,0.943161,0.001745,0.001745,0.000000,-0.012216,-0.005236,-0.005236,0.000000,-0.010472,-0.006981,0.000000,0.000000,0.976324,0.003491,0.003491,0.000000,-0.059340,-0.003491,0.000000,0.000000,-0.061086,-0.010472
1771466002.204,303,0,0,0.9995,0.0001,0.0000,0.0000,0.0003,0.0000,0.0000,0.079033,0.081942,0.000000,0.000000,0.000000,0.000000,0.001745,0.943161,0.001745,0.001745,0.000000,-0.012216,-0.005236,-0.005236,0.000000,-0.010472,-0.006981,0.000000,0.000000,0.976324,0.003491,0.003491,0.000000,-0.059340,-0.003491,0.000000,0.000000,-0.061086,-0.010472
1771466002.303,306,0,0,0.9995,0.0001,0.0000,0.0000,0.0003,0.0000,0.0000,0.079179,0.081942,0.000000,0.000000,0.000000,0.000000,0.001745,0.943161,0.001745,0.003491,0.000000,-0.012216,-0.005236,-0.005236,0.000000,-0.010472,-0.005236,0.000000,0.000000,0.976324,0.003491,0.003491,0.000000,-0.059340,-0.003491,0.000000,0.000000,-0.061086,-0.010472
1771466002.404,309,0,0,0.9995,0.0001,0.0000,0.0000,0.0003,0.0000,0.0000,0.079033,0.081942,0.000000,0.000000,0.000000,0.000000,0.001745,0.943161,0.001745,0.001745,0.000000,-0.012216,-0.005236,-0.005236,0.000000,-0.010472,-0.005236,0.000000,0.000000,0.976324,0.003491,0.003491,0.000000,-0.059340,-0.005236,0.000000,0.000000,-0.061086,-0.010472
1771466002.504,312,0,0,0.9995,0.0001,0.0000,0.0000,0.0003,0.0000,0.0000,0.079033,0.081942,0.000000,0.000000,0.000000,0.000000,0.001745,0.943161,0.001745,0.001745,0.000000,-0.012216,-0.005236,-0.005236,0.000000,-0.010472,-0.005236,0.000000,0.000000,0.976324,0.003491,0.003491,0.000000,-0.059340,-0.003491,0.000000,0.000000,-0.061086,-0.010472
1771466002.605,315,0,0,0.9995,0.0001,0.0000,0.0000,0.0003,0.0000,0.0000,0.079033,0.081942,0.000000,0.000000,0.000000,0.000000,0.001745,0.943161,0.001745,0.001745,0.000000,-0.012216,-0.005236,-0.005236,0.000000,-0.010472,-0.006981,0.000000,0.000000,0.976324,0.003491,0.003491,0.000000,-0.059340,-0.005236,0.000000,0.000000,-0.061086,-0.010472
1771466002.705,318,0,0,0.9995,0.0001,0.0000,0.0000,0.0003,0.0000,0.0000,0.079033,0.081942,0.000000,0.000000,0.000000,0.000000,0.001745,0.943161,0.001745,0.001745,0.000000,-0.012216,-0.005236,-0.005236,0.000000,-0.010472,-0.005236,0.000000,0.000000,0.976324,0.003491,0.003491,0.000000,-0.059340,-0.003491,0.000000,0.000000,-0.059341,-0.010472
1771466002.806,321,0,0,0.9995,0.0001,0.0000,0.0000,0.0003,0.0000,0.0000,0.079033,0.081942,0.000000,0.000000,0.000000,0.000000,0.001745,0.943161,0.001745,0.001745,0.000000,-0.012216,-0.006981,-0.005236,0.000000,-0.010472,-0.005236,0.000000,0.000000,0.976324,0.003491,0.003491,0.000000,-0.059340,-0.003491,0.000000,0.000000,-0.061086,-0.010472
1771466002.906,324,0,0,0.9995,0.0001,0.0000,0.0000,0.0003,0.0000,0.0000,0.079033,0.081942,0.000000,0.000000,0.000000,0.000000,0.001745,0.943161,0.001745,0.001745,0.000000,-0.012216,-0.006981,-0.005236,0.000000,-0.010472,-0.005236,0.000000,0.000000,0.976324,0.003491,0.003491,0.000000,-0.059340,-0.003491,0.000000,0.000000,-0.061086,-0.010472
1771466003.006,327,0,0,0.9995,0.0001,0.0000,0.0000,0.0003,0.0000,0.0000,0.079033,0.081942,0.000000,0.000000,0.000000,0.000000,0.001745,0.943161,0.001745,0.001745,0.000000,-0.012216,-0.006981,-0.005236,0.000000,-0.010472,-0.005236,0.000000,0.000000,0.976324,0.003491,0.003491,0.000000,-0.059340,-0.005236,0.000000,0.000000,-0.061086,-0.010472
1771466003.106,330,0,0,0.9995,0.0001,0.0000,0.0000,0.0003,0.0000,0.0000,0.079033,0.081942,0.000000,0.000000,0.000000,0.000000,0.001745,0.943161,0.001745,0.001745,0.000000,-0.012216,-0.005236,-0.005236,0.000000,-0.010472,-0.005236,0.000000,0.000000,0.976324,0.003491,0.003491,0.000000,-0.059340,-0.003491,0.000000,0.000000,-0.061086,-0.010472
1771466003.207,333,0,0,0.9995,0.0001,0.0000,0.0000,0.0003,0.0000,0.0000,0.079033,0.081942,0.000000,0.000000,0.000000,0.000000,0.001745,0.943161,0.001745,0.001745,0.000000,-0.012216,-0.005236,-0.005236,0.000000,-0.010472,-0.005236,0.000000,0.000000,0.976324,0.003491,0.003491,0.000000,-0.059340,-0.003491,0.000000,0.000000,-0.061086,-0.010472
1771466003.307,336,0,0,0.9995,0.0001,0.0000,0.0000,0.0003,0.0000,0.0000,0.079033,0.081942,0.000000,0.000000,0.000000,0.000000,0.001745,0.943161,0.001745,0.001745,0.000000,-0.012216,-0.006981,-0.005236,0.000000,-0.010472,-0.005236,0.000000,0.000000,0.976324,0.003491,0.003491,0.000000,-0.059340,-0.003491,0.000000,0.000000,-0.061086,-0.010472
1771466003.407,339,0,0,0.9995,0.0001,0.0000,0.0000,0.0003,0.0000,0.0000,0.079033,0.081942,0.000000,0.000000,0.000000,0.000000,0.001745,0.943161,0.001745,0.001745,0.000000,-0.012216,-0.005236,-0.005236,0.000000,-0.010472,-0.006981,0.000000,0.000000,0.976324,0.003491,0.003491,0.000000,-0.059340,-0.003491,0.000000,0.000000,-0.061086,-0.010472
1771466003.507,342,0,0,0.9995,0.0001,0.0000,0.0000,0.0003,0.0000,0.0000,0.079033,0.081942,0.000000,0.000000,0.000000,0.000000,0.001745,0.943161,0.001745,0.001745,0.000000,-0.012216,-0.006981,-0.005236,0.000000,-0.010472,-0.005236,0.000000,0.000000,0.976324,0.003491,0.003491,0.000000,-0.059340,-0.005236,0.000000,0.000000,-0.061086,-0.010472
1771466003.607,345,0,0,0.9995,0.0001,0.0000,0.0000,0.0003,0.0000,0.0000,0.079033,0.081942,0.000000,0.000000,0.000000,0.000000,0.001745,0.943161,0.001745,0.001745,0.000000,-0.012216,-0.005236,-0.005236,0.000000,-0.010472,-0.006981,0.000000,0.000000,0.976324,0.003491,0.003491,0.000000,-0.059340,-0.005236,0.000000,0.000000,-0.061086,-0.010472
1771466003.708,348,0,0,0.9995,0.0001,0.0000,0.0000,0.0003,0.0000,0.0000,0.079033,0.081942,0.000000,0.000000,0.000000,0.000000,0.001745,0.943161,0.001745,0.001745,0.000000,-0.012216,-0.005236,-0.005236,0.000000,-0.010472,-0.005236,0.000000,0.000000,0.976324,0.003491,0.003491,0.000000,-0.059340,-0.003491,0.000000,0.000000,-0.061086,-0.010472
1771466003.810,351,0,0,0.9995,0.0001,0.0000,0.0000,0.0003,0.0000,0.0000,0.079033,0.081942,0.000000,0.000000,0.000000,0.000000,0.001745,0.943161,0.001745,0.001745,0.000000,-0.012216,-0.006981,-0.005236,0.000000,-0.010472,-0.005236,0.000000,0.000000,0.976324,0.003491,0.003491,0.000000,-0.059340,-0.003491,0.000000,0.000000,-0.061086,-0.010472
1771466003.911,354,0,0,0.9995,0.0001,0.0000,0.0000,0.0003,0.0000,0.0000,0.079033,0.081942,0.000000,0.000000,0.000000,0.000000,0.001745,0.943161,0.001745,0.001745,0.000000,-0.012216,-0.005236,-0.005236,0.000000,-0.010472,-0.005236,0.000000,0.000000,0.976324,0.003491,0.003491,0.000000,-0.059340,-0.005236,0.000000,0.000000,-0.061086,-0.010472
1771466004.011,357,0,0,0.9995,0.0001,0.0000,0.0000,0.0003,0.0000,0.0000,0.079033,0.081942,0.000000,0.000000,0.000000,0.000000,0.001745,0.943161,0.001745,0.001745,0.000000,-0.012216,-0.006981,-0.005236,0.000000,-0.010472,-0.006981,0.000000,0.000000,0.976324,0.003491,0.003491,0.000000,-0.059340,-0.003491,0.000000,0.000000,-0.061086,-0.010472
1771466004.111,360,0,0,0.9995,0.0001,0.0000,0.0000,0.0003,0.0000,0.0000,0.079033,0.082088,0.000000,0.000000,0.000000,0.000000,0.001745,0.943161,0.001745,0.001745,0.000000,-0.012216,-0.005236,-0.005236,0.000000,-0.010472,-0.005236,0.000000,0.000000,0.976324,0.005236,0.003491,0.000000,-0.059340,-0.005236,0.000000,0.000000,-0.061086,-0.010472
1771466004.212,363,0,0,0.9995,0.0001,0.0000,0.0000,0.0003,0.0000,0.0000,0.079033,0.081942,0.000000,0.000000,0.000000,0.000000,0.001745,0.943161,0.001745,0.001745,0.000000,-0.012216,-0.005236,-0.005236,0.000000,-0.010472,-0.005236,0.000000,0.000000,0.976324,0.003491,0.003491,0.000000,-0.059340,-0.003491,0.000000,0.000000,-0.061086,-0.010472
1771466004.312,366,0,0,0.9995,0.0001,0.0000,0.0000,0.0003,0.0000,0.0000,0.079033,0.081942,0.000000,0.000000,0.000000,0.000000,0.001745,0.943161,0.001745,0.001745,0.000000,-0.012216,-0.005236,-0.005236,0.000000,-0.010472,-0.005236,0.000000,0.000000,0.976324,0.003491,0.003491,0.000000,-0.059340,-0.005236,0.000000,0.000000,-0.061086,-0.010472
1771466004.412,369,0,0,0.9995,0.0001,0.0000,0.0000,0.0003,0.0000,0.0000,0.079033,0.081942,0.000000,0.000000,0.000000,0.000000,0.001745,0.943161,0.001745,0.001745,0.000000,-0.012216,-0.005236,-0.005236,0.000000,-0.010472,-0.005236,0.000000,0.000000,0.976324,0.003491,0.003491,0.000000,-0.059340,-0.005236,0.000000,0.000000,-0.061086,-0.010472
1771466004.512,372,0,0,0.9995,0.0001,0.0000,0.0000,0.0003,0.0000,0.0000,0.079033,0.082088,0.000000,0.000000,0.000000,0.000000,0.001745,0.943161,0.001745,0.001745,0.000000,-0.012216,-0.006981,-0.005236,0.000000,-0.010472,-0.005236,0.000000,0.000000,0.976324,0.005236,0.003491,0.000000,-0.059340,-0.003491,0.000000,0.000000,-0.061086,-0.010472
1771466004.613,375,0,0,0.9995,0.0001,0.0000,0.0000,0.0003,0.0000,0.0000,0.079033,0.081942,0.000000,0.000000,0.000000,0.000000,0.001745,0.943161,0.001745,0.001745,0.000000,-0.012216,-0.005236,-0.005236,0.000000,-0.010472,-0.005236,0.000000,0.000000,0.976324,0.003491,0.003491,0.000000,-0.059340,-0.003491,0.000000,0.000000,-0.059341,-0.010472
1771466004.714,378,0,0,0.9995,0.0001,0.0000,0.0000,0.0003,0.0000,0.0000,0.079033,0.081942,0.000000,0.000000,0.000000,0.000000,0.001745,0.943161,0.001745,0.001745,0.000000,-0.012216,-0.005236,-0.005236,0.000000,-0.010472,-0.005236,0.000000,0.000000,0.976324,0.003491,0.003491,0.000000,-0.059340,-0.005236,0.000000,0.000000,-0.061086,-0.010472
1771466004.813,381,0,0,0.9995,0.0001,0.0000,0.0000,0.0003,0.0000,0.0000,0.079033,0.081942,0.000000,0.000000,0.000000,0.000000,0.001745,0.943161,0.001745,0.001745,0.000000,-0.012216,-0.005236,-0.005236,0.000000,-0.010472,-0.005236,0.000000,0.000000,0.976324,0.003491,0.003491,0.000000,-0.059340,-0.003491,0.000000,0.000000,-0.061086,-0.010472
1771466004.914,384,0,0,0.9995,0.0001,0.0000,0.0000,0.0003,0.0000,0.0000,0.079033,0.081797,0.000000,0.000000,0.000000,0.000000,0.001745,0.943161,0.001745,0.001745,0.000000,-0.012216,-0.005236,-0.005236,0.000000,-0.010472,-0.005236,0.000000,0.000000,0.976324,0.001745,0.003491,0.000000,-0.059340,-0.003491,0.000000,0.000000,-0.061086,-0.010472
1771466005.014,387,0,0,0.9995,0.0001,0.0000,0.0000,0.0003,0.0000,0.0000,0.079033,0.081942,0.000000,0.000000,0.000000,0.000000,0.001745,0.943161,0.001745,0.001745,0.000000,-0.012216,-0.006981,-0.005236,0.000000,-0.010472,-0.005236,0.000000,0.000000,0.976324,0.003491,0.003491,0.000000,-0.059340,-0.005236,0.000000,0.000000,-0.061086,-0.010472
1771466005.114,390,0,0,0.9995,0.0001,0.0000,0.0000,0.0003,0.0000,0.0000,0.079033,0.082088,0.000000,0.000000,0.000000,0.000000,0.001745,0.943161,0.001745,0.001745,0.000000,-0.012216,-0.005236,-0.005236,0.000000,-0.010472,-0.005236,0.000000,0.000000,0.976324,0.005236,0.003491,0.000000,-0.059340,-0.003491,0.000000,0.000000,-0.059341,-0.010472
1771466005.215,393,0,0,0.9995,0.0001,0.0000,0.0000,0.0003,0.0000,0.0000,0.079033,0.081942,0.000000,0.000000,0.000000,0.000000,0.001745,0.943161,0.001745,0.001745,0.000000,-0.012216,-0.005236,-0.005236,0.000000,-0.010472,-0.005236,0.000000,0.000000,0.976324,0.003491,0.003491,0.000000,-0.059340,-0.003491,0.000000,0.000000,-0.061086,-0.010472
1771466005.315,396,0,0,0.9995,0.0001,0.0000,0.0000,0.0003,0.0000,0.0000,0.079033,0.081942,0.000000,0.000000,0.000000,0.000000,0.001745,0.943161,0.001745,0.001745,0.000000,-0.012216,-0.005236,-0.005236,0.000000,-0.010472,-0.006981,0.000000,0.000000,0.976324,0.003491,0.003491,0.000000,-0.059340,-0.005236,0.000000,0.000000,-0.061086,-0.010472
1771466005.416,399,0,0,0.9995,0.0001,0.0000,0.0000,0.0003,0.0000,0.0000,0.079033,0.081942,0.000000,0.000000,0.000000,0.000000,0.001745,0.943161,0.001745,0.001745,0.000000,-0.012216,-0.005236,-0.005236,0.000000,-0.010472,-0.006981,0.000000,0.000000,0.976324,0.003491,0.003491,0.000000,-0.059340,-0.005236,0.000000,0.000000,-0.061086,-0.010472
1771466005.515,402,0,0,0.9995,0.0001,0.0000,0.0000,0.0003,0.0000,0.0000,0.079033,0.081942,0.000000,0.000000,0.000000,0.000000,0.001745,0.943161,0.001745,0.001745,0.000000,-0.012216,-0.005236,-0.005236,0.000000,-0.010472,-0.005236,0.000000,0.000000,0.976324,0.003491,0.003491,0.000000,-0.059340,-0.003491,0.000000,0.000000,-0.061086,-0.010472
1771466005.616,405,0,0,0.9995,0.0001,0.0000,0.0000,0.0003,0.0000,0.0000,0.079033,0.081942,0.000000,0.000000,0.000000,0.000000,0.001745,0.943161,0.001745,0.001745,0.000000,-0.012216,-0.006981,-0.005236,0.000000,-0.010472,-0.005236,0.000000,0.000000,0.976324,0.003491,0.003491,0.000000,-0.059340,-0.003491,0.000000,0.000000,-0.059341,-0.010472
1771466005.716,408,0,0,0.9995,0.0001,0.0000,0.0000,0.0003,0.0000,0.0000,0.079033,0.081942,0.000000,0.000000,0.000000,0.000000,0.001745,0.943161,0.001745,0.001745,0.000000,-0.012216,-0.005236,-0.005236,0.000000,-0.010472,-0.005236,0.000000,0.000000,0.976324,0.003491,0.003491,0.000000,-0.059340,-0.003491,0.000000,0.000000,-0.061086,-0.010472
1771466005.816,411,0,0,0.9995,0.0001,0.0000,0.0000,0.0003,0.0000,0.0000,0.079033,0.081942,0.000000,0.000000,0.000000,0.000000,0.001745,0.943161,0.001745,0.001745,0.000000,-0.012216,-0.006981,-0.005236,0.000000,-0.010472,-0.005236,0.000000,0.000000,0.976324,0.003491,0.003491,0.000000,-0.059340,-0.003491,0.000000,0.000000,-0.059341,-0.010472
1771466005.917,414,0,0,0.9995,0.0001,0.0000,0.0000,0.0003,0.0000,0.0000,0.079033,0.081942,0.000000,0.000000,0.000000,0.000000,0.001745,0.943161,0.001745,0.001745,0.000000,-0.012216,-0.005236,-0.005236,0.000000,-0.010472,-0.006981,0.000000,0.000000,0.976324,0.003491,0.003491,0.000000,-0.059340,-0.005236,0.000000,0.000000,-0.061086,-0.010472
1771466006.017,417,0,0,0.9995,0.0001,0.0000,0.0000,0.0003,0.0000,0.0000,0.079033,0.081942,0.000000,0.000000,0.000000,0.000000,0.001745,0.943161,0.001745,0.001745,0.000000,-0.012216,-0.006981,-0.005236,0.000000,-0.010472,-0.005236,0.000000,0.000000,0.976324,0.003491,0.003491,0.000000,-0.059340,-0.005236,0.000000,0.000000,-0.061086,-0.010472
1771466006.117,420,0,0,0.9995,0.0001,0.0000,0.0000,0.0003,0.0000,0.0000,0.079033,0.081942,0.000000,0.000000,0.000000,0.000000,0.001745,0.943161,0.001745,0.001745,0.000000,-0.012216,-0.005236,-0.005236,0.000000,-0.010472,-0.006981,0.000000,0.000000,0.976324,0.003491,0.003491,0.000000,-0.059340,-0.003491,0.000000,0.000000,-0.061086,-0.010472
1771466006.217,423,0,0,0.9995,0.0001,0.0000,0.0000,0.0003,0.0000,0.0000,0.079033,0.081942,0.000000,0.000000,0.000000,0.000000,0.001745,0.943161,0.001745,0.001745,0.000000,-0.012216,-0.005236,-0.005236,0.000000,-0.010472,-0.006981,0.000000,0.000000,0.976324,0.003491,0.003491,0.000000,-0.059340,-0.003491,0.000000,0.000000,-0.061086,-0.010472
1771466006.320,426,0,0,0.9995,0.0001,0.0000,0.0000,0.0003,0.0000,0.0000,0.079033,0.081942,0.000000,0.000000,0.000000,0.000000,0.001745,0.943161,0.001745,0.001745,0.000000,-0.012216,-0.005236,-0.005236,0.000000,-0.010472,-0.005236,0.000000,0.000000,0.976324,0.003491,0.003491,0.000000,-0.059340,-0.005236,0.000000,0.000000,-0.061086,-0.010472
1771466006.420,429,0,0,0.9995,0.0001,0.0000,0.0000,0.0003,0.0000,0.0000,0.078888,0.081942,0.000000,0.000000,0.000000,0.000000,0.001745,0.943161,0.001745,-0.000000,0.000000,-0.012216,-0.005236,-0.005236,0.000000,-0.010472,-0.005236,0.000000,0.000000,0.976324,0.003491,0.003491,0.000000,-0.059340,-0.005236,0.000000,0.000000,-0.061086,-0.010472
1771466006.520,432,0,0,0.9995,0.0001,0.0000,0.0000,0.0003,0.0000,0.0000,0.079033,0.081942,0.000000,0.000000,0.000000,0.000000,0.001745,0.943161,0.001745,0.001745,0.000000,-0.012216,-0.005236,-0.005236,0.000000,-0.010472,-0.006981,0.000000,0.000000,0.976324,0.003491,0.003491,0.000000,-0.059340,-0.003491,0.000000,0.000000,-0.061086,-0.010472
1771466006.622,435,0,0,0.9995,0.0001,0.0000,0.0000,0.0003,0.0000,0.0000,0.079033,0.082088,0.000000,0.000000,0.000000,0.000000,0.001745,0.943161,0.001745,0.001745,0.000000,-0.012216,-0.005236,-0.005236,0.000000,-0.010472,-0.005236,0.000000,0.000000,0.976324,0.005236,0.003491,0.000000,-0.059340,-0.003491,0.000000,0.000000,-0.061086,-0.010472
1771466006.721,438,0,0,0.9995,0.0001,0.0000,0.0000,0.0003,0.0000,0.0000,0.079179,0.082088,0.000000,0.000000,0.000000,0.000000,0.001745,0.943161,0.001745,0.003491,0.000000,-0.012216,-0.005236,-0.005236,0.000000,-0.010472,-0.005236,0.000000,0.000000,0.976324,0.005236,0.003491,0.000000,-0.059340,-0.003491,0.000000,0.000000,-0.061086,-0.010472
1771466006.821,441,0,0,0.9995,0.0001,0.0000,0.0000,0.0003,0.0000,0.0000,0.079033,0.081942,0.000000,0.000000,0.000000,0.000000,0.001745,0.943161,0.001745,0.001745,0.000000,-0.012216,-0.005236,-0.005236,0.000000,-0.010472,-0.005236,0.000000,0.000000,0.976324,0.003491,0.003491,0.000000,-0.059340,-0.005236,0.000000,0.000000,-0.059341,-0.010472
1771466006.921,444,0,0,0.9995,0.0001,0.0000,0.0000,0.0003,0.0000,0.0000,0.079033,0.081942,0.000000,0.000000,0.000000,0.000000,0.001745,0.943161,0.001745,0.001745,0.000000,-0.012216,-0.005236,-0.005236,0.000000,-0.010472,-0.005236,0.000000,0.000000,0.976324,0.003491,0.003491,0.000000,-0.059340,-0.005236,0.000000,0.000000,-0.061086,-0.010472
1771466007.023,447,0,0,0.9995,0.0001,0.0000,0.0000,0.0003,0.0000,0.0000,0.079033,0.081942,0.000000,0.000000,0.000000,0.000000,0.001745,0.943161,0.001745,0.001745,0.000000,-0.012216,-0.005236,-0.005236,0.000000,-0.010472,-0.005236,0.000000,0.000000,0.976324,0.003491,0.003491,0.000000,-0.059340,-0.003491,0.000000,0.000000,-0.061086,-0.010472
1771466007.123,450,0,0,0.9995,0.0001,0.0000,0.0000,0.0003,0.0000,0.0000,0.079033,0.081942,0.000000,0.000000,0.000000,0.000000,0.001745,0.943161,0.001745,0.001745,0.000000,-0.012216,-0.005236,-0.005236,0.000000,-0.010472,-0.005236,0.000000,0.000000,0.976324,0.003491,0.003491,0.000000,-0.059340,-0.003491,0.000000,0.000000,-0.061086,-0.010472
1771466007.224,453,0,0,0.9995,0.0001,0.0000,0.0000,0.0003,0.0000,0.0000,0.079033,0.081942,0.000000,0.000000,0.000000,0.000000,0.001745,0.943161,0.001745,0.001745,0.000000,-0.012216,-0.005236,-0.005236,0.000000,-0.010472,-0.006981,0.000000,0.000000,0.976324,0.003491,0.003491,0.000000,-0.059340,-0.005236,0.000000,0.000000,-0.061086,-0.010472
1771466007.324,456,0,0,0.9995,0.0001,0.0000,0.0000,0.0003,0.0000,0.0000,0.079033,0.081797,0.000000,0.000000,0.000000,0.000000,0.001745,0.943161,0.001745,0.001745,0.000000,-0.012216,-0.006981,-0.005236,0.000000,-0.010472,-0.005236,0.000000,0.000000,0.976324,0.001745,0.003491,0.000000,-0.059340,-0.005236,0.000000,0.000000,-0.061086,-0.010472
1771466007.424,459,0,0,0.9995,0.0001,0.0000,0.0000,0.0003,0.0000,0.0000,0.079033,0.081797,0.000000,0.000000,0.000000,0.000000,0.001745,0.943161,0.001745,0.001745,0.000000,-0.012216,-0.006981,-0.005236,0.000000,-0.010472,-0.005236,0.000000,0.000000,0.976324,0.001745,0.003491,0.000000,-0.059340,-0.005236,0.000000,0.000000,-0.059341,-0.010472
1771466007.524,462,0,0,0.9995,0.0001,0.0000,0.0000,0.0003,0.0000,0.0000,0.079033,0.081797,0.000000,0.000000,0.000000,0.000000,0.001745,0.943161,0.001745,0.001745,0.000000,-0.012216,-0.005236,-0.005236,0.000000,-0.010472,-0.005236,0.000000,0.000000,0.976324,0.001745,0.003491,0.000000,-0.059340,-0.003491,0.000000,0.000000,-0.061086,-0.010472
1771466007.625,465,0,0,0.9995,0.0001,0.0000,0.0000,0.0003,0.0000,0.0000,0.079033,0.081797,0.000000,0.000000,0.000000,0.000000,0.001745,0.943161,0.001745,0.001745,0.000000,-0.012216,-0.005236,-0.005236,0.000000,-0.010472,-0.005236,0.000000,0.000000,0.976324,0.001745,0.003491,0.000000,-0.059340,-0.005236,0.000000,0.000000,-0.061086,-0.010472
1771466007.725,468,0,0,0.9995,0.0001,0.0000,0.0000,0.0003,0.0000,0.0000,0.079033,0.081797,0.000000,0.000000,0.000000,0.000000,0.001745,0.943161,0.001745,0.001745,0.000000,-0.012216,-0.005236,-0.005236,0.000000,-0.010472,-0.005236,0.000000,0.000000,0.976324,0.001745,0.003491,0.000000,-0.059340,-0.003491,0.000000,0.000000,-0.061086,-0.010472
1771466007.825,471,0,0,0.9995,0.0001,0.0000,0.0000,0.0003,0.0000,0.0000,0.079033,0.081797,0.000000,0.000000,0.000000,0.000000,0.001745,0.943161,0.001745,0.001745,0.000000,-0.012216,-0.006981,-0.005236,0.000000,-0.010472,-0.006981,0.000000,0.000000,0.976324,0.001745,0.003491,0.000000,-0.059340,-0.003491,0.000000,0.000000,-0.061086,-0.010472
1771466007.925,474,0,0,0.9995,0.0001,0.0000,0.0000,0.0003,0.0000,0.0000,0.079033,0.081797,0.000000,0.000000,0.000000,0.000000,0.001745,0.943161,0.001745,0.001745,0.000000,-0.012216,-0.005236,-0.005236,0.000000,-0.010472,-0.005236,0.000000,0.000000,0.976324,0.001745,0.003491,0.000000,-0.059340,-0.003491,0.000000,0.000000,-0.061086,-0.010472
1771466008.025,477,0,0,0.9995,0.0001,0.0000,0.0000,0.0003,0.0000,0.0000,0.079033,0.081797,0.000000,0.000000,0.000000,0.000000,0.001745,0.943161,0.001745,0.001745,0.000000,-0.012216,-0.005236,-0.005236,0.000000,-0.010472,-0.005236,0.000000,0.000000,0.976324,0.001745,0.003491,0.000000,-0.059340,-0.003491,0.000000,0.000000,-0.059341,-0.010472
1771466008.129,480,0,0,0.9995,0.0001,0.0000,0.0000,0.0003,0.0000,0.0000,0.079033,0.081797,0.000000,0.000000,0.000000,0.000000,0.001745,0.943161,0.001745,0.001745,0.000000,-0.012216,-0.005236,-0.005236,0.000000,-0.010472,-0.006981,0.000000,0.000000,0.976324,0.001745,0.003491,0.000000,-0.059340,-0.003491,0.000000,0.000000,-0.061086,-0.010472
1771466008.226,483,0,0,0.9995,0.0001,0.0000,0.0000,0.0003,0.0000,0.0000,0.079033,0.081797,0.000000,0.000000,0.000000,0.000000,0.001745,0.943161,0.001745,0.001745,0.000000,-0.012216,-0.005236,-0.005236,0.000000,-0.010472,-0.006981,0.000000,0.000000,0.976324,0.001745,0.003491,0.000000,-0.059340,-0.005236,0.000000,0.000000,-0.061086,-0.010472
1771466008.329,486,0,0,0.9995,0.0001,0.0000,0.0000,0.0003,0.0000,0.0000,0.079033,0.081942,0.000000,0.000000,0.000000,0.000000,0.001745,0.943161,0.001745,0.001745,0.000000,-0.012216,-0.005236,-0.005236,0.000000,-0.010472,-0.006981,0.000000,0.000000,0.976324,0.003491,0.003491,0.000000,-0.059340,-0.003491,0.000000,0.000000,-0.061086,-0.010472
1771466008.426,489,0,0,0.9995,0.0001,0.0000,0.0000,0.0003,0.0000,0.0000,0.079033,0.081797,0.000000,0.000000,0.000000,0.000000,0.001745,0.943161,0.001745,0.001745,0.000000,-0.012216,-0.005236,-0.005236,0.000000,-0.010472,-0.005236,0.000000,0.000000,0.976324,0.001745,0.003491,0.000000,-0.059340,-0.005236,0.000000,0.000000,-0.061086,-0.010472
1771466008.526,492,0,0,0.9995,0.0001,0.0000,0.0000,0.0003,0.0000,0.0000,0.079033,0.081942,0.000000,0.000000,0.000000,0.000000,0.001745,0.943161,0.001745,0.001745,0.000000,-0.012216,-0.005236,-0.005236,0.000000,-0.010472,-0.005236,0.000000,0.000000,0.976324,0.003491,0.003491,0.000000,-0.059340,-0.003491,0.000000,0.000000,-0.059341,-0.010472
1771466008.626,495,0,0,0.9995,0.0001,0.0000,0.0000,0.0003,0.0000,0.0000,0.079033,0.081797,0.000000,0.000000,0.000000,0.000000,0.001745,0.943161,0.001745,0.001745,0.000000,-0.012216,-0.005236,-0.005236,0.000000,-0.010472,-0.005236,0.000000,0.000000,0.976324,0.001745,0.003491,0.000000,-0.059340,-0.003491,0.000000,0.000000,-0.061086,-0.010472
1771466008.727,498,0,0,0.9995,0.0001,0.0000,0.0000,0.0003,0.0000,0.0000,0.079033,0.081797,0.000000,0.000000,0.000000,0.000000,0.001745,0.943161,0.001745,0.001745,0.000000,-0.012216,-0.005236,-0.005236,0.000000,-0.010472,-0.005236,0.000000,0.000000,0.976324,0.001745,0.003491,0.000000,-0.059340,-0.005236,0.000000,0.000000,-0.061086,-0.010472
1771466008.827,501,0,0,0.9995,0.0001,0.0000,0.0000,0.0003,0.0000,0.0000,0.079033,0.081797,0.000000,0.000000,0.000000,0.000000,0.001745,0.943161,0.001745,0.001745,0.000000,-0.012216,-0.006981,-0.005236,0.000000,-0.010472,-0.006981,0.000000,0.000000,0.976324,0.001745,0.003491,0.000000,-0.059340,-0.003491,0.000000,0.000000,-0.061086,-0.010472
1771466008.927,504,0,0,0.9995,0.0001,0.0000,0.0000,0.0003,0.0000,0.0000,0.079033,0.081797,0.000000,0.000000,0.000000,0.000000,0.001745,0.943161,0.001745,0.001745,0.000000,-0.012216,-0.005236,-0.005236,0.000000,-0.010472,-0.005236,0.000000,0.000000,0.976324,0.001745,0.003491,0.000000,-0.059340,-0.003491,0.000000,0.000000,-0.061086,-0.010472
1771466009.028,507,0,0,0.9995,0.0001,0.0000,0.0000,0.0003,0.0000,0.0000,0.079033,0.081797,0.000000,0.000000,0.000000,0.000000,0.001745,0.943161,0.001745,0.001745,0.000000,-0.012216,-0.005236,-0.005236,0.000000,-0.010472,-0.005236,0.000000,0.000000,0.976324,0.001745,0.003491,0.000000,-0.059340,-0.005236,0.000000,0.000000,-0.061086,-0.010472
1771466009.128,510,0,0,0.9995,0.0001,0.0000,0.0000,0.0003,0.0000,0.0000,0.079033,0.081797,0.000000,0.000000,0.000000,0.000000,0.001745,0.943161,0.001745,0.001745,0.000000,-0.012216,-0.005236,-0.005236,0.000000,-0.010472,-0.006981,0.000000,0.000000,0.976324,0.001745,0.003491,0.000000,-0.059340,-0.003491,0.000000,0.000000,-0.061086,-0.010472
1771466009.228,513,0,0,0.9995,0.0001,0.0000,0.0000,0.0003,0.0000,0.0000,0.079033,0.081797,0.000000,0.000000,0.000000,0.000000,0.001745,0.943161,0.001745,0.001745,0.000000,-0.012216,-0.005236,-0.005236,0.000000,-0.010472,-0.005236,0.000000,0.000000,0.976324,0.001745,0.003491,0.000000,-0.059340,-0.005236,0.000000,0.000000,-0.061086,-0.010472
1771466009.329,516,0,0,0.9995,0.0001,0.0000,0.0000,0.0003,0.0000,0.0000,0.079033,0.081797,0.000000,0.000000,0.000000,0.000000,0.001745,0.943161,0.001745,0.001745,0.000000,-0.012216,-0.005236,-0.005236,0.000000,-0.010472,-0.005236,0.000000,0.000000,0.976324,0.001745,0.003491,0.000000,-0.059340,-0.003491,0.000000,0.000000,-0.059341,-0.010472
1771466009.429,519,0,0,0.9995,0.0001,0.0000,0.0000,0.0003,0.0000,0.0000,0.079033,0.081797,0.000000,0.000000,0.000000,0.000000,0.001745,0.943161,0.001745,0.001745,0.000000,-0.012216,-0.005236,-0.005236,0.000000,-0.010472,-0.005236,0.000000,0.000000,0.976324,0.001745,0.003491,0.000000,-0.059340,-0.003491,0.000000,0.000000,-0.059341,-0.010472
1771466009.529,522,0,0,0.9995,0.0001,0.0000,0.0000,0.0003,0.0000,0.0000,0.079033,0.081797,0.000000,0.000000,0.000000,0.000000,0.001745,0.943161,0.001745,0.001745,0.000000,-0.012216,-0.005236,-0.005236,0.000000,-0.010472,-0.005236,0.000000,0.000000,0.976324,0.001745,0.003491,0.000000,-0.059340,-0.005236,0.000000,0.000000,-0.061086,-0.010472
1771466009.630,525,0,0,0.9995,0.0001,0.0000,0.0000,0.0003,0.0000,0.0000,0.079033,0.081797,0.000000,0.000000,0.000000,0.000000,0.001745,0.943161,0.001745,0.001745,0.000000,-0.012216,-0.005236,-0.005236,0.000000,-0.010472,-0.005236,0.000000,0.000000,0.976324,0.001745,0.003491,0.000000,-0.059340,-0.003491,0.000000,0.000000,-0.061086,-0.010472
1771466009.730,528,0,0,0.9995,0.0001,0.0000,0.0000,0.0003,0.0000,0.0000,0.079033,0.081797,0.000000,0.000000,0.000000,0.000000,0.001745,0.943161,0.001745,0.001745,0.000000,-0.012216,-0.006981,-0.005236,0.000000,-0.010472,-0.005236,0.000000,0.000000,0.976324,0.001745,0.003491,0.000000,-0.059340,-0.005236,0.000000,0.000000,-0.061086,-0.010472
1771466009.831,531,0,0,0.9995,0.0001,0.0000,0.0000,0.0003,0.0000,0.0000,0.079033,0.081797,0.000000,0.000000,0.000000,0.000000,0.001745,0.943161,0.001745,0.001745,0.000000,-0.012216,-0.005236,-0.005236,0.000000,-0.010472,-0.005236,0.000000,0.000000,0.976324,0.001745,0.003491,0.000000,-0.059340,-0.003491,0.000000,0.000000,-0.061086,-0.010472
1771466009.930,534,0,0,0.9995,0.0001,0.0000,0.0000,0.0003,0.0000,0.0000,0.079033,0.081797,0.000000,0.000000,0.000000,0.000000,0.001745,0.943161,0.001745,0.001745,0.000000,-0.012216,-0.005236,-0.005236,0.000000,-0.010472,-0.005236,0.000000,0.000000,0.976324,0.001745,0.003491,0.000000,-0.059340,-0.003491,0.000000,0.000000,-0.059341,-0.010472
1771466010.030,537,0,0,0.9995,0.0001,0.0000,0.0000,0.0003,0.0000,0.0000,0.079033,0.081797,0.000000,0.000000,0.000000,0.000000,0.001745,0.943161,0.001745,0.001745,0.000000,-0.012216,-0.006981,-0.005236,0.000000,-0.010472,-0.005236,0.000000,0.000000,0.976324,0.001745,0.003491,0.000000,-0.059340,-0.005236,0.000000,0.000000,-0.061086,-0.010472
1771466010.132,540,0,0,0.9995,0.0001,0.0000,0.0000,0.0003,0.0000,0.0000,0.079033,0.081797,0.000000,0.000000,0.000000,0.000000,0.001745,0.943161,0.001745,0.001745,0.000000,-0.012216,-0.005236,-0.005236,0.000000,-0.010472,-0.005236,0.000000,0.000000,0.976324,0.001745,0.003491,0.000000,-0.059340,-0.003491,0.000000,0.000000,-0.059341,-0.010472
1771466010.232,543,0,0,0.9995,0.0001,0.0000,0.0000,0.0003,0.0000,0.0000,0.079033,0.081797,0.000000,0.000000,0.000000,0.000000,0.001745,0.943161,0.001745,0.001745,0.000000,-0.012216,-0.006981,-0.005236,0.000000,-0.010472,-0.005236,0.000000,0.000000,0.976324,0.001745,0.003491,0.000000,-0.059340,-0.003491,0.000000,0.000000,-0.061086,-0.010472
1771466010.332,546,0,0,0.9995,0.0001,0.0000,0.0000,0.0003,0.0000,0.0000,0.079033,0.081797,0.000000,0.000000,0.000000,0.000000,0.001745,0.943161,0.001745,0.001745,0.000000,-0.012216,-0.005236,-0.005236,0.000000,-0.010472,-0.005236,0.000000,0.000000,0.976324,0.001745,0.003491,0.000000,-0.059340,-0.003491,0.000000,0.000000,-0.061086,-0.010472
1771466010.433,549,0,0,0.9995,0.0001,0.0000,0.0000,0.0003,0.0000,0.0000,0.079033,0.081797,0.000000,0.000000,0.000000,0.000000,0.001745,0.943161,0.001745,0.001745,0.000000,-0.012216,-0.006981,-0.005236,0.000000,-0.010472,-0.005236,0.000000,0.000000,0.976324,0.001745,0.003491,0.000000,-0.059340,-0.005236,0.000000,0.000000,-0.061086,-0.010472
1771466010.534,552,0,0,0.9995,0.0001,0.0000,0.0000,0.0003,0.0000,0.0000,0.079033,0.081797,0.000000,0.000000,0.000000,0.000000,0.001745,0.943161,0.001745,0.001745,0.000000,-0.012216,-0.005236,-0.005236,0.000000,-0.010472,-0.006981,0.000000,0.000000,0.976324,0.001745,0.003491,0.000000,-0.059340,-0.003491,0.000000,0.000000,-0.061086,-0.010472
1771466010.633,555,0,0,0.9995,0.0001,0.0000,0.0000,0.0003,0.0000,0.0000,0.079033,0.081797,0.000000,0.000000,0.000000,0.000000,0.001745,0.943161,0.001745,0.001745,0.000000,-0.012216,-0.005236,-0.005236,0.000000,-0.010472,-0.005236,0.000000,0.000000,0.976324,0.001745,0.003491,0.000000,-0.059340,-0.003491,0.000000,0.000000,-0.061086,-0.010472
1771466010.733,558,0,0,0.9995,0.0001,0.0000,0.0000,0.0003,0.0000,0.0000,0.079033,0.081797,0.000000,0.000000,0.000000,0.000000,0.001745,0.943161,0.001745,0.001745,0.000000,-0.012216,-0.005236,-0.005236,0.000000,-0.010472,-0.005236,0.000000,0.000000,0.976324,0.001745,0.003491,0.000000,-0.059340,-0.005236,0.000000,0.000000,-0.061086,-0.010472
1771466010.834,561,0,0,0.9995,0.0001,0.0000,0.0000,0.0003,0.0000,0.0000,0.079033,0.081797,0.000000,0.000000,0.000000,0.000000,0.001745,0.943161,0.001745,0.001745,0.000000,-0.012216,-0.005236,-0.005236,0.000000,-0.010472,-0.005236,0.000000,0.000000,0.976324,0.001745,0.003491,0.000000,-0.059340,-0.005236,0.000000,0.000000,-0.061086,-0.010472
1771466010.934,564,0,0,0.9995,0.0001,0.0000,0.0000,0.0003,0.0000,0.0000,0.079033,0.081797,0.000000,0.000000,0.000000,0.000000,0.001745,0.943161,0.001745,0.001745,0.000000,-0.012216,-0.005236,-0.005236,0.000000,-0.010472,-0.005236,0.000000,0.000000,0.976324,0.001745,0.003491,0.000000,-0.059340,-0.003491,0.000000,0.000000,-0.061086,-0.010472
1771466011.035,567,0,0,0.9995,0.0001,0.0000,0.0000,0.0003,0.0000,0.0000,0.079033,0.081797,0.000000,0.000000,0.000000,0.000000,0.001745,0.943161,0.001745,0.001745,0.000000,-0.012216,-0.006981,-0.005236,0.000000,-0.010472,-0.005236,0.000000,0.000000,0.976324,0.001745,0.003491,0.000000,-0.059340,-0.005236,0.000000,0.000000,-0.061086,-0.010472
1771466011.136,570,0,0,0.9995,0.0001,0.0000,0.0000,0.0003,0.0000,0.0000,0.079033,0.081797,0.000000,0.000000,0.000000,0.000000,0.001745,0.943161,0.001745,0.001745,0.000000,-0.012216,-0.005236,-0.005236,0.000000,-0.010472,-0.005236,0.000000,0.000000,0.976324,0.001745,0.003491,0.000000,-0.059340,-0.005236,0.000000,0.000000,-0.061086,-0.010472
1771466011.252,573,0,0,0.9995,0.0001,0.0000,0.0000,0.0003,0.0000,0.0000,0.079033,0.081797,0.000000,0.000000,0.000000,0.000000,0.001745,0.943161,0.001745,0.001745,0.000000,-0.012216,-0.005236,-0.005236,0.000000,-0.010472,-0.005236,0.000000,0.000000,0.976324,0.001745,0.003491,0.000000,-0.059340,-0.005236,0.000000,0.000000,-0.061086,-0.010472
1771466011.347,576,0,0,0.9962,0.0005,0.0001,0.0004,0.0025,0.0002,0.0002,0.096310,0.118375,0.000000,0.000000,0.000000,0.000000,0.001745,-2.075786,0.384193,-0.097947,0.000000,0.224600,0.069403,0.096202,0.001745,0.325184,0.052652,0.000000,0.000000,-2.328900,0.422815,-0.179811,0.000000,0.277551,0.067706,0.183302,0.001745,0.298113,0.169266
1771466011.446,579,0,0,0.9962,0.0006,0.0001,0.0004,0.0023,0.0003,0.0002,0.048774,0.073442,0.000000,0.000000,0.000000,0.000000,0.001745,-1.744894,0.244995,-0.067053,0.000000,0.116238,0.040103,0.067053,0.000000,0.112893,0.002259,0.000000,0.000000,-1.994808,0.257377,-0.098922,0.000000,0.175660,0.049199,0.100667,0.001745,0.176342,0.120308
1771466011.547,582,0,0,0.9992,0.0003,0.0000,0.0001,0.0004,0.0001,0.0001,0.032957,0.053078,0.000000,0.000000,0.000000,0.000000,0.003491,-1.440311,0.183707,-0.043283,0.000000,0.058949,0.020718,0.045029,0.000000,0.078476,0.005111,0.000000,0.000000,-1.677390,0.159639,-0.060073,0.000000,0.142037,0.037936,0.063564,0.001745,0.130138,0.101877
1771466011.648,585,0,0,0.9994,0.0003,0.0000,0.0000,0.0002,0.0000,0.0001,0.025312,0.054786,0.000000,0.000000,0.000000,0.000000,0.000000,-1.142730,0.133531,-0.032853,0.000000,0.022244,0.004339,0.034599,0.000000,0.080167,0.028871,0.000000,0.000000,-1.394795,0.106490,-0.037901,0.000000,0.154207,0.086684,0.041391,0.001745,0.143714,0.123200
1771466011.751,588,0,0,0.9979,0.0006,0.0000,0.0002,0.0009,0.0002,0.0001,0.084745,0.088129,0.000000,0.000000,0.000000,0.000000,0.000000,-0.705553,0.157739,0.001989,0.000000,0.150527,-0.007666,-0.001989,0.000000,0.434649,0.272040,0.000000,0.000000,-0.992902,0.162360,-0.008416,0.000000,0.288365,0.141838,0.011907,0.001745,0.255580,0.195755
1771466011.858,591,0,0,0.9516,0.0061,0.0041,0.0074,0.0241,0.0053,0.0013,0.165889,0.143754,0.000000,0.000000,0.000000,0.000000,0.001745,0.158845,0.278049,-0.019397,0.003491,0.524776,0.181478,0.024633,-0.003491,0.502568,0.315082,0.000000,0.000000,-0.269155,0.226107,-0.008414,0.000000,0.427148,0.246010,0.008414,0.000000,0.470176,0.347197
1771466011.966,594,0,0,0.8935,0.0092,0.0117,0.0135,0.0550,0.0138,0.0033,0.078800,0.137480,0.000000,0.000000,0.000000,0.000000,0.000000,0.020606,0.147195,0.046681,0.000000,0.232274,0.064124,-0.044936,0.001745,0.272434,0.160538,0.000000,0.000000,0.076797,0.104413,-0.035029,0.000000,0.432323,0.222776,0.038520,0.000000,0.453470,0.321460
1771466012.060,597,0,0,0.9786,0.0036,0.0009,0.0031,0.0107,0.0022,0.0008,0.048602,0.049871,0.000000,0.000000,0.000000,0.000000,0.000000,0.000613,0.104007,0.043148,-0.001745,0.128242,0.037637,-0.037912,0.001745,0.151829,0.116007,0.000000,0.000000,0.030787,0.065624,-0.006758,0.000000,0.071891,0.104780,0.008504,0.000000,0.157994,0.158875
1771466012.163,600,0,0,0.9991,0.0007,0.0000,0.0001,0.0000,0.0000,0.0000,0.012993,0.014269,0.000000,0.000000,0.000000,0.000000,0.000000,0.067501,0.075269,-0.000930,0.000000,-0.413595,-0.133428,0.011402,0.001745,-0.427737,-0.257549,0.000000,0.000000,0.029785,0.050322,0.091115,0.000000,-0.346485,-0.181636,-0.085879,0.000000,-0.413549,-0.237175
1771466012.264,603,0,0,0.9979,0.0019,0.0000,0.0001,0.0000,0.0001,0.0001,0.001655,0.009312,0.000000,0.000000,0.000000,0.000000,0.000000,-0.035686,-0.043037,-0.014618,0.000000,-0.312976,-0.056342,0.019854,0.000000,-0.485884,-0.274016,0.000000,0.000000,-0.538394,0.043071,-0.063443,0.000000,-0.444459,-0.236530,0.068679,-0.001745,-0.572222,-0.380931
1771466012.365,606,0,0,0.9957,0.0035,0.0000,0.0002,0.0002,0.0002,0.0001,0.013889,0.001478,0.000000,0.000000,0.000000,0.000000,0.000000,0.088658,-0.227412,-0.072774,0.000000,-0.297510,-0.042358,0.078010,0.000000,-0.427161,-0.073782,0.000000,0.000000,-0.528085,-0.203521,-0.012498,0.000000,-0.418441,-0.151218,0.015989,0.001745,-0.319862,-0.208150
1771466012.468,609,0,0,0.9950,0.0038,0.0000,0.0005,0.0004,0.0002,0.0001,0.008410,0.000768,0.000000,0.000000,0.000000,0.000000,0.000000,0.059457,-0.142314,-0.037978,0.000000,-0.183131,-0.025149,0.041469,0.000000,-0.257947,-0.065892,0.000000,0.000000,-0.285119,-0.116915,-0.007468,0.000000,-0.244124,-0.108602,0.007468,0.001745,-0.209549,-0.155557
1771466012.579,612,0,0,0.9358,0.0509,0.0036,0.0066,0.0016,0.0008,0.0009,0.283978,0.285071,0.000000,0.000000,0.000000,0.000000,0.000000,0.067644,0.371349,0.082115,0.000000,0.890319,0.356891,-0.075134,0.000000,1.024400,0.615014,0.000000,0.000000,0.309229,0.216289,0.177474,0.000000,0.769352,0.485726,-0.175729,0.001745,0.840308,0.620730
1771466012.687,615,2,1,0.0139,0.3859,0.5075,0.0624,0.0028,0.0010,0.0264,0.199343,0.154063,0.000000,0.000000,0.000000,0.000000,0.000000,0.032185,0.156509,0.109381,0.000000,0.766206,0.284434,-0.105890,0.001745,0.689033,0.352620,0.000000,0.000000,0.418805,0.061355,0.109414,0.000000,0.451798,0.133299,-0.100687,0.001745,0.433737,0.238608
1771466012.790,618,2,2,0.0015,0.2005,0.7472,0.0315,0.0015,0.0005,0.0173,0.128849,0.111433,0.000000,0.000000,0.000000,0.000000,0.000000,-0.049167,0.083776,-0.000956,0.000000,0.514025,0.193045,0.007937,0.000000,0.489448,0.257951,0.000000,0.000000,0.225720,0.077396,0.041260,0.000000,0.369052,0.148969,-0.030788,-0.001745,0.297245,0.177550
1771466012.896,621,2,2,0.0025,0.1911,0.7936,0.0043,0.0028,0.0003,0.0054,0.004994,0.050183,0.000000,0.000000,0.000000,0.000000,0.000000,0.009290,-0.017183,0.050638,-0.003491,-0.369947,-0.335035,-0.043657,0.000000,-0.235264,-0.275479,0.000000,0.000000,0.116128,0.058621,-0.148395,0.000000,0.148390,0.127174,0.151885,0.000000,-0.303218,-0.064382
1771466012.998,624,1,1,0.0030,0.7962,0.2001,0.0002,0.0000,0.0000,0.0004,0.007821,0.012270,0.000000,0.000000,0.000000,0.000000,0.000000,0.067114,0.006952,-0.016299,-0.001745,-0.217971,-0.216680,0.019789,0.000000,-0.232795,-0.238984,0.000000,0.000000,-0.057221,0.041549,-0.098706,0.000000,-0.425829,-0.201122,0.103942,0.001745,-0.507841,-0.284456
1771466013.105,627,1,1,0.0001,0.9976,0.0023,0.0000,0.0000,0.0000,0.0000,0.003109,0.013831,0.000000,0.000000,0.000000,0.000000,0.000000,-0.128018,0.016105,-0.017709,0.000000,-0.223820,-0.132641,0.021200,0.000000,-0.320379,-0.220329,0.000000,0.000000,0.020180,0.040342,-0.093234,0.000000,-0.248993,-0.117609,0.103706,0.001745,-0.306041,-0.181205
1771466013.206,630,1,1,0.0000,0.9997,0.0003,0.0000,0.0000,0.0000,0.0000,0.005794,0.010424,0.000000,0.000000,0.000000,0.000000,0.000000,-0.162892,0.009975,-0.054314,0.000000,-0.329500,-0.067055,0.059550,0.000000,-0.400388,-0.269485,0.000000,0.000000,0.060581,0.037711,-0.021556,0.000000,-0.168416,-0.074002,0.025046,0.001745,-0.129620,-0.101387
1771466013.311,633,1,1,0.0000,0.9999,0.0001,0.0000,0.0000,0.0000,0.0000,0.000521,0.008861,0.000000,0.000000,0.000000,0.000000,0.000000,-0.093992,-0.120436,-0.001019,0.000000,-0.315270,-0.008861,0.006254,0.000000,-0.323146,-0.146917,0.000000,0.000000,0.031100,0.045770,0.014137,0.000000,-0.098003,-0.043911,-0.014137,0.000000,0.015320,-0.007228
1771466013.419,636,1,1,0.0005,0.9988,0.0007,0.0000,0.0000,0.0000,0.0001,0.002897,0.096581,0.000000,0.000000,0.000000,0.000000,0.000000,0.004897,-0.070127,-0.020967,0.000000,-0.231461,0.003665,0.026203,0.000000,-0.242591,-0.060525,0.000000,0.000000,0.287766,0.061126,-0.043471,0.000000,0.097109,0.018250,0.043471,0.000000,0.440561,0.210683
1771466013.516,639,1,1,0.0012,0.9901,0.0084,0.0000,0.0000,0.0000,0.0002,0.000877,0.221174,0.000000,0.000000,0.000000,0.000000,0.000000,-0.007354,-0.046656,0.010519,0.000000,-0.151508,-0.002052,-0.003538,0.000000,-0.167720,-0.041899,0.000000,0.000000,0.369304,0.050136,-0.101653,0.000000,0.519444,0.349098,0.101653,0.000000,0.748781,0.515671
1771466013.625,642,1,1,0.0974,0.8512,0.0478,0.0003,0.0000,0.0002,0.0032,0.009231,0.111086,0.001900,0.001345,0.000972,0.000000,0.000000,-0.009317,-0.030499,0.065536,0.000000,-0.031462,-0.004642,-0.062045,0.000000,0.045236,-0.080967,0.000000,0.000000,0.186659,0.025323,-0.091382,0.000000,0.235016,0.193779,0.089637,0.000000,0.342839,0.259777
1771466013.730,645,1,1,0.0161,0.9818,0.0020,0.0000,0.0000,0.0000,0.0002,0.003214,0.010969,0.000792,0.003024,0.003677,0.000000,0.000000,-0.011245,-0.015188,0.038572,0.000000,-0.025233,-0.007143,-0.033336,0.000000,-0.005826,-0.079878,0.000000,0.000000,-0.285208,-0.067107,0.131634,0.000000,-0.453947,-0.259888,-0.129889,0.000000,-0.654874,-0.437284
1771466013.836,648,1,1,0.0066,0.9932,0.0001,0.0000,0.0000,0.0000,0.0001,0.004071,0.005078,0.000498,0.000761,0.000738,0.000000,0.000000,0.006528,-0.012500,-0.033594,0.000000,-0.084658,-0.001163,0.042321,0.000000,-0.142754,-0.030647,0.000000,0.000000,-0.348330,-0.054923,0.060933,0.000000,-0.336070,-0.185901,-0.055697,0.000000,-0.532902,-0.317737
1771466013.938,651,1,1,0.0096,0.9902,0.0000,0.0000,0.0000,0.0000,0.0002,0.011288,0.000436,0.001196,0.001182,0.002216,0.000000,0.000000,0.043946,-0.047407,-0.060196,0.000000,-0.127111,0.005823,0.067178,0.000000,-0.145909,0.018511,0.000000,0.000000,-0.532102,-0.018254,0.000921,0.000000,-0.234384,-0.113534,0.004315,0.000000,-0.279109,-0.166708
1771466014.041,654,1,1,0.0051,0.9945,0.0000,0.0001,0.0000,0.0000,0.0002,0.004651,0.000183,0.001057,0.002165,0.001957,0.000000,0.000000,0.048861,-0.039797,0.004434,0.000000,-0.060826,-0.000354,-0.000943,0.000000,-0.102130,0.002517,0.000000,0.000000,-0.308766,-0.009710,0.002200,0.000000,-0.161665,-0.112120,-0.000455,0.000000,-0.197517,-0.147146
1771466014.145,657,1,1,0.0001,0.9996,0.0000,0.0002,0.0000,0.0000,0.0000,0.198314,0.000035,0.000885,0.001848,0.001449,0.000000,0.000000,0.108691,0.177587,0.123725,0.000000,0.694687,0.161403,-0.116744,0.000000,0.746384,0.367289,0.000000,0.000000,-0.095012,-0.005469,-0.000418,0.000000,-0.052172,-0.061894,0.000418,0.000000,-0.114312,-0.102902
1771466014.250,660,1,1,0.0000,0.9995,0.0000,0.0004,0.0000,0.0000,0.0000,0.150825,0.000291,0.001147,0.001924,0.001760,0.000000,0.000000,0.063617,0.071476,0.055961,0.003491,0.501484,0.126771,-0.050725,-0.001745,0.621749,0.365352,0.000000,0.000000,-0.114991,-0.004581,0.001431,0.001745,-0.059849,-0.039347,0.000314,0.000000,-0.080645,-0.085404
1771466014.348,663,1,1,0.0002,0.9895,0.0006,0.0095,0.0000,0.0001,0.0001,0.095015,0.004459,0.000523,0.002245,0.001389,0.000000,0.000000,0.023372,0.047993,0.048583,0.000000,0.336356,0.115291,-0.041602,0.000000,0.351310,0.217277,0.000000,0.000000,-0.192657,0.003932,0.047828,0.000000,-0.055794,-0.026459,-0.042592,0.001745,-0.050189,-0.071524
1771466014.455,666,1,1,0.0072,0.9504,0.0056,0.0352,0.0001,0.0009,0.0006,0.005119,0.002773,0.000808,0.000803,0.000244,0.000000,0.000000,0.020414,0.012536,-0.016266,0.001745,-0.322127,-0.092570,0.026738,0.000000,-0.293379,-0.149854,0.000000,0.000000,-0.120296,0.010591,0.018768,0.000000,-0.006758,0.003917,-0.011787,0.000000,-0.012204,-0.055246
1771466014.562,669,1,1,0.0023,0.9851,0.0071,0.0052,0.0000,0.0001,0.0002,0.002531,0.005214,0.000355,0.002097,0.001484,0.000000,0.000000,-0.007233,-0.002769,-0.026887,0.000000,-0.524864,-0.135902,0.030378,0.000000,-0.553641,-0.362318,0.000000,0.000000,-0.100702,0.004119,0.044211,0.000000,-0.005753,0.003491,-0.044211,0.000000,0.010744,-0.041103
1771466014.660,672,1,1,0.0009,0.9980,0.0009,0.0002,0.0000,0.0000,0.0000,0.002634,0.001657,0.000615,0.001258,0.000667,0.000000,0.000000,-0.072125,-0.098594,-0.024628,-0.003491,-0.387679,-0.063680,0.031609,0.000000,-0.504914,-0.275542,0.000000,0.000000,-0.094889,0.000241,0.018431,0.000000,-0.018908,0.001209,-0.011450,0.000000,-0.004055,-0.043757
1771466014.765,675,1,1,0.0000,0.9998,0.0002,0.0000,0.0000,0.0000,0.0000,0.000291,0.003324,0.002357,0.001488,0.002349,0.000000,0.000000,-0.023535,-0.051681,0.002600,0.000000,-0.240251,-0.036178,0.000891,0.000000,-0.271006,-0.177175,0.000000,0.000000,-0.096854,-0.006757,0.039882,0.000000,-0.065561,-0.005004,-0.034646,0.000000,-0.000947,-0.030620
1771466014.865,678,1,1,0.0000,1.0000,0.0000,0.0000,0.0000,0.0000,0.0000,0.094422,0.002489,0.000710,0.000684,0.000842,0.000000,0.001745,-0.026857,0.104022,0.043977,0.000000,0.239776,-0.109067,-0.038741,0.003491,0.444582,0.295467,0.001745,0.000000,-0.084225,-0.003193,0.028118,0.000000,-0.056183,-0.002469,-0.014156,0.000000,-0.000873,-0.028344
1771466014.966,681,1,1,0.0000,1.0000,0.0000,0.0000,0.0000,0.0000,0.0000,0.145432,0.001105,0.000444,0.000513,0.000696,0.000000,0.000000,-0.063079,0.121433,-0.143286,0.005236,0.399418,0.061821,0.150267,-0.005236,0.633583,0.373423,0.000000,0.000000,-0.080659,-0.010493,0.011521,0.001745,-0.053791,-0.001548,-0.001049,0.000000,-0.006234,-0.029394
1771466015.067,684,1,1,0.0000,0.9998,0.0001,0.0001,0.0000,0.0000,0.0000,0.257712,0.000582,0.004646,0.000480,0.003424,0.000000,0.000000,1.235941,-0.619592,0.014058,0.000000,0.720956,-0.169297,-0.010567,0.001745,1.119847,-0.333358,0.000000,0.000000,-0.074175,-0.013837,0.004583,0.000000,-0.049509,-0.000525,0.002398,0.000000,-0.006711,-0.030797
1771466015.168,687,1,1,0.0000,0.9978,0.0008,0.0014,0.0000,0.0000,0.0000,0.069920,0.001649,0.001044,0.000991,0.000506,0.000000,0.000000,0.004700,0.323606,-0.114593,0.000000,-0.280296,0.051934,0.119829,0.000000,0.018608,0.320362,0.000000,0.000000,-0.063308,-0.005939,-0.016293,0.000000,-0.047298,-0.001103,0.019784,0.000000,-0.011749,-0.051071
1771466015.268,690,1,1,0.0001,0.9922,0.0029,0.0048,0.0000,0.0001,0.0000,0.016944,0.000974,0.000666,0.000084,0.000724,0.000000,0.000000,-0.277798,0.178274,0.025049,-0.003491,-0.199899,-0.008325,-0.016323,0.000000,-0.422342,-0.117261,0.000000,0.000000,-0.057750,-0.003888,-0.006446,0.001745,-0.043876,-0.000735,0.009937,0.000000,-0.011269,-0.048205
1771466015.368,693,1,1,0.0001,0.9967,0.0026,0.0005,0.0000,0.0000,0.0000,0.016479,0.000317,0.000225,0.000819,0.000726,0.000000,0.000000,-0.227212,0.120383,0.075620,-0.005236,-0.267920,-0.062489,-0.073875,0.001745,-0.439354,-0.159628,0.000000,0.000000,-0.049984,-0.003835,-0.002061,0.000000,-0.043609,-0.000787,0.003806,0.000000,-0.012507,-0.050572
1771466015.468,696,1,1,0.0000,0.9992,0.0008,0.0000,0.0000,0.0000,0.0000,0.003451,0.000145,0.000688,0.000162,0.001286,0.000000,0.000000,-0.034919,-0.104252,-0.022526,0.001745,-0.394966,0.010155,0.027762,0.001745,-0.695118,-0.215919,0.000000,0.000000,-0.050335,-0.003247,0.000712,0.000000,-0.045215,-0.004566,0.001033,0.000000,-0.021608,-0.064771
1771466015.569,699,1,1,0.0000,1.0000,0.0000,0.0000,0.0000,0.0000,0.0000,0.009693,0.000335,0.001190,0.000681,0.000862,0.000000,0.000000,-0.035290,-0.145048,-0.068937,0.000000,-0.399055,0.047379,0.068937,0.000000,-0.534532,-0.068911,0.000000,0.000000,-0.055243,-0.002368,-0.004015,0.000000,-0.049564,-0.005139,0.004015,0.000000,-0.023091,-0.062693
1771466015.668,702,1,1,0.0000,1.0000,0.0000,0.0000,0.0000,0.0000,0.0000,0.006564,0.000580,0.003978,0.000808,0.004427,0.000000,0.000000,-0.073482,-0.124078,-0.053825,-0.003491,-0.254198,0.024938,0.053825,0.000000,-0.320817,-0.062745,0.000000,0.000000,-0.075306,-0.001597,0.006963,0.000000,-0.049664,-0.003206,-0.006963,0.000000,-0.022535,-0.056063
1771466015.769,705,1,1,0.0000,1.0000,0.0000,0.0000,0.0000,0.0000,0.0000,0.011679,0.001790,0.001411,0.001933,0.001815,0.000000,0.000000,-0.059914,-0.081369,-0.027773,0.000000,-0.158051,0.004804,0.024282,0.000000,0.111058,-0.158773,0.000000,0.000000,-0.122376,-0.002349,-0.019730,0.000000,-0.049968,-0.002515,0.019730,0.001745,-0.020621,-0.040496
1771466015.869,708,1,1,0.0000,1.0000,0.0000,0.0000,0.0000,0.0000,0.0000,0.099310,0.000753,0.001814,0.001401,0.001045,0.000000,0.000000,-0.360259,0.027432,0.118999,0.000000,0.299352,-0.101896,-0.122490,0.000000,0.491753,0.254187,0.000000,0.000000,-0.126649,-0.002759,-0.009040,0.000000,-0.051332,-0.002083,0.009040,0.000000,-0.019983,-0.037074
1771466015.970,711,1,1,0.0000,1.0000,0.0000,0.0000,0.0000,0.0000,0.0000,0.052127,0.000548,0.000784,0.001434,0.003220,0.000000,0.000000,-0.325864,0.073378,0.034008,0.003491,0.239028,-0.043558,-0.035754,0.001745,0.196934,0.076942,0.000000,0.000000,-0.109247,-0.003495,-0.006571,0.000000,-0.048887,-0.000700,0.006571,0.000000,-0.019132,-0.037994
1771466016.070,714,1,1,0.0001,0.9994,0.0001,0.0003,0.0000,0.0000,0.0001,0.015361,0.000749,0.002965,0.004341,0.004368,0.000000,0.000000,-0.183717,0.050770,-0.040187,0.003491,0.095121,-0.046562,0.031460,0.003491,-0.050173,-0.091642,0.000000,0.000000,-0.099598,-0.006571,-0.008989,0.000000,-0.048541,-0.001419,0.008989,0.000000,-0.014935,-0.037125
1771466016.170,717,1,1,0.0000,0.9998,0.0000,0.0002,0.0000,0.0000,0.0000,0.009185,0.000387,0.002320,0.002509,0.009373,0.000000,0.000000,-0.109761,0.060582,0.007761,0.003491,0.038384,-0.044141,-0.018233,0.000000,-0.095621,-0.081726,-0.001745,0.000000,-0.007235,-0.036272,0.004648,0.000000,-0.047390,-0.000599,-0.004648,0.000000,-0.013112,-0.036919
1771466016.271,720,1,1,0.0000,1.0000,0.0000,0.0000,0.0000,0.0000,0.0000,0.003824,0.001459,0.001038,0.001138,0.002678,0.000000,0.000000,-0.060817,0.045890,-0.007386,0.000000,-0.028852,-0.044142,-0.003086,0.000000,-0.073104,-0.074650,0.000000,0.001745,-0.044889,-0.045514,0.015603,0.000000,-0.046481,0.000166,-0.006876,0.000000,-0.008011,-0.028994
1771466016.371,723,1,1,0.0000,1.0000,0.0000,0.0000,0.0000,0.0000,0.0000,0.004080,0.001838,0.002250,0.003415,0.001479,0.000000,0.000000,-0.006376,0.044158,-0.008297,0.001745,-0.026129,-0.043644,0.003061,0.000000,-0.073125,-0.059226,0.000000,0.001745,-0.108628,-0.044720,-0.013324,0.000000,-0.044925,-0.003856,0.020305,0.000000,-0.006743,-0.027423
1771466016.471,726,1,1,0.0001,0.9997,0.0000,0.0001,0.0000,0.0000,0.0000,0.010747,0.001133,0.001198,0.004851,0.011221,0.000000,0.000000,-0.017825,0.037589,-0.094871,0.000000,-0.049370,-0.041682,0.091380,0.000000,-0.083800,-0.058956,0.000000,0.000000,-0.146841,-0.037515,-0.011847,0.000000,-0.059920,-0.035264,0.013592,0.000000,-0.005063,-0.030583
1771466016.572,729,1,1,0.0000,0.9999,0.0000,0.0001,0.0000,0.0000,0.0000,0.006637,0.005611,0.002617,0.001971,0.000541,0.000000,0.000000,-0.069850,0.031644,-0.053237,0.000000,-0.038426,-0.034688,0.048001,0.000000,-0.072088,-0.046031,0.001745,0.000000,-0.203733,-0.087783,-0.060349,0.000000,-0.054300,-0.025103,0.065585,0.000000,-0.004730,-0.036171
1771466016.671,732,1,1,0.0000,0.9999,0.0000,0.0000,0.0000,0.0000,0.0000,0.003619,0.005377,0.002499,0.004115,0.004548,0.000000,0.000000,-0.028435,0.028215,-0.025689,0.000000,-0.039965,-0.033255,0.015217,0.000000,-0.066149,-0.037864,-0.001745,0.000000,-0.125277,-0.053879,0.064524,0.000000,-0.175677,-0.094977,-0.059288,0.000000,-0.015832,-0.039231
1771466016.772,735,1,1,0.0000,0.9999,0.0000,0.0000,0.0000,0.0000,0.0000,0.025065,0.002788,0.004385,0.002611,0.002868,0.000000,0.000000,0.103288,0.030744,0.028180,-0.003491,-0.033008,-0.033591,-0.036906,0.000000,0.112752,0.025820,-0.001745,0.000000,-0.057606,-0.041313,0.033453,0.000000,-0.101887,-0.054551,-0.021235,-0.001745,-0.025541,-0.038299
1771466016.872,738,1,1,0.0000,1.0000,0.0000,0.0000,0.0000,0.0000,0.0000,0.020366,0.001760,0.002112,0.005279,0.002324,0.000000,0.000000,0.071429,0.031353,0.032084,0.000000,-0.032438,-0.037651,-0.042556,0.000000,0.054365,0.055157,0.000000,0.001745,-0.063525,-0.032355,0.019369,0.000000,-0.115947,-0.052702,-0.007152,-0.003491,-0.044168,-0.039756
1771466016.972,741,1,1,0.0000,0.9999,0.0000,0.0000,0.0000,0.0000,0.0000,0.018417,0.000727,0.000866,0.002272,0.002383,0.000000,0.000000,0.031870,0.024678,0.057362,0.000000,-0.031990,-0.034415,-0.067834,0.000000,0.050467,0.056622,0.000000,0.000000,-0.064257,-0.025817,0.002944,0.000000,-0.084870,-0.038749,0.005783,0.000000,-0.036332,-0.036385
1771466017.074,744,1,1,0.0000,0.9999,0.0000,0.0000,0.0000,0.0000,0.0000,0.015008,0.000695,0.002167,0.002219,0.001383,0.000000,0.000000,0.098849,0.018198,0.029783,0.000000,-0.055622,-0.029440,-0.042000,0.000000,-0.021683,0.033271,0.000000,0.000000,-0.071110,-0.014561,0.008343,0.000000,-0.071710,-0.032756,-0.001362,0.000000,-0.010123,-0.015397
1771466017.174,747,1,1,0.0000,0.9999,0.0000,0.0000,0.0000,0.0000,0.0000,0.015483,0.000887,0.002405,0.002299,0.001264,0.000000,0.001745,0.175900,-0.010462,0.008156,0.000000,-0.175696,-0.023952,-0.018628,0.000000,-0.108941,-0.004019,0.000000,0.000000,-0.094788,-0.007137,-0.005409,0.000000,-0.039140,-0.009290,0.008900,0.001745,-0.009483,-0.007177
1771466017.274,750,1,1,0.0000,0.9999,0.0000,0.0000,0.0000,0.0000,0.0000,0.014694,0.001264,0.002458,0.003214,0.001732,0.000000,0.000000,0.166487,-0.036639,0.005961,0.003491,-0.151633,0.000394,-0.014688,0.000000,-0.136144,-0.059029,0.000000,0.000000,-0.132839,-0.001171,-0.004697,0.000000,-0.039021,-0.006941,0.015169,0.000000,-0.008359,-0.005505
1771466017.375,753,1,1,0.0000,0.9999,0.0000,0.0001,0.0000,0.0000,0.0000,0.052998,0.047590,0.002029,0.003750,0.002141,0.000000,0.000000,0.112836,-0.011587,0.014638,0.000000,0.042486,-0.009166,-0.018129,0.000000,0.296934,0.169081,0.000000,0.000000,0.190047,0.189052,-0.005121,0.000000,-0.019983,0.003338,0.012102,-0.001745,0.099724,0.076822
1771466017.475,756,1,1,0.0000,0.9988,0.0011,0.0001,0.0000,0.0000,0.0000,0.058962,0.095922,0.001294,0.002154,0.002700,0.000000,0.000000,-0.016964,0.081198,0.003760,-0.003491,0.263408,0.085521,-0.008996,0.000000,0.174938,0.098723,0.000000,0.001745,0.453852,0.101877,0.003827,0.000000,0.233234,0.121809,-0.002082,0.001745,0.153632,0.079339
1771466017.575,759,1,1,0.0009,0.9741,0.0181,0.0054,0.0001,0.0001,0.0013,0.006131,0.057976,0.002212,0.001389,0.000908,0.001745,0.000000,-0.073532,0.047010,-0.030057,0.000000,-0.025232,-0.025508,0.024821,0.000000,-0.079929,-0.028980,0.000000,0.003491,0.208429,0.044766,0.005796,0.000000,0.151197,0.096696,-0.000560,0.000000,0.093571,0.091765
1771466017.675,762,1,1,0.0001,0.8644,0.1348,0.0003,0.0001,0.0000,0.0002,0.015407,0.087388,0.003029,0.001422,0.005526,0.000000,0.000000,-0.015146,0.053528,-0.010178,0.003491,0.087952,-0.007510,0.001452,0.000000,0.038246,0.000210,-0.001745,0.001745,0.237760,0.026128,0.031332,0.000000,0.249267,0.162459,-0.024351,-0.003491,0.173367,0.166593
1771466017.776,765,1,1,0.0000,0.9315,0.0684,0.0001,0.0000,0.0000,0.0000,0.031027,0.025076,0.001123,0.002320,0.002114,0.000000,0.000000,-0.017577,0.051817,0.023695,0.005236,0.106659,0.048501,-0.027186,0.000000,0.081287,0.055132,0.000000,0.001745,0.100665,-0.022554,0.021534,0.000000,0.098417,0.078544,-0.005826,0.000000,-0.138909,-0.021019
1771466017.877,768,1,1,0.0000,0.9941,0.0059,0.0000,0.0000,0.0000,0.0000,0.033206,0.010192,0.001811,0.001066,0.002968,0.000000,0.000000,-0.021674,0.375223,0.023252,0.000000,-0.017175,-0.008225,-0.028488,0.000000,-0.098427,-0.001054,0.000000,0.001745,0.105812,-0.013600,-0.000784,-0.001745,-0.062188,-0.038292,0.014746,0.000000,-0.127457,-0.090025
1771466017.977,771,1,1,0.0000,0.9996,0.0004,0.0000,0.0000,0.0000,0.0000,0.052196,0.022919,0.001386,0.000876,0.003000,0.000000,0.000000,0.312703,0.257568,0.056080,0.000000,-0.084406,-0.050793,-0.059571,0.000000,-0.065264,-0.037089,0.000000,0.001745,0.048120,0.142484,0.082674,-0.001745,-0.412024,-0.219341,-0.070457,0.000000,-0.265440,-0.212039
1771466018.078,774,1,1,0.0000,0.9957,0.0043,0.0000,0.0000,0.0000,0.0000,0.117071,0.163611,0.001266,0.001363,0.002243,0.000000,0.000000,1.240498,-0.841249,0.047526,0.000000,0.022299,-0.153589,-0.056252,0.000000,0.094535,-0.289725,0.000000,0.003491,1.560048,-0.771436,0.051226,0.000000,0.195363,-0.239110,-0.035518,0.000000,0.153200,-0.368264
1771466018.179,777,1,1,0.0000,0.9849,0.0149,0.0002,0.0000,0.0000,0.0000,0.112785,0.134783,0.000985,0.001090,0.001725,0.000000,0.000000,1.232658,-0.572468,-0.044839,0.000000,0.010278,-0.099484,0.030876,0.000000,0.079609,-0.172788,0.000000,0.001745,1.006962,-0.514872,-0.013190,0.000000,0.275137,-0.146608,0.035879,-0.003491,0.297678,-0.230383
1771466018.279,780,1,1,0.0000,0.9598,0.0393,0.0007,0.0000,0.0000,0.0000,0.010015,0.002511,0.001350,0.004307,0.001227,0.000000,0.000000,0.093929,-0.354302,-0.041960,0.000000,-0.103367,-0.068068,0.026252,0.000000,-0.282155,-0.111701,0.000000,0.001745,-0.289622,-0.303687,0.028388,0.000000,-0.268201,-0.095993,-0.003953,0.000000,-0.449432,-0.151844
1771466018.379,783,1,1,0.0000,0.9732,0.0267,0.0001,0.0000,0.0000,0.0000,0.011719,0.002182,0.001244,0.001495,0.001661,0.000000,0.000000,0.101911,-0.218166,-0.052676,0.000000,-0.315106,-0.050615,0.038713,0.000000,-0.544722,-0.075049,0.000000,0.003491,-0.277944,-0.185005,0.019507,0.000000,-0.114923,-0.066323,0.003182,0.000000,-0.213427,-0.106465
1771466018.480,786,1,1,0.0000,0.9954,0.0045,0.0000,0.0000,0.0000,0.0000,0.006511,0.047578,0.001822,0.002135,0.007253,0.000000,0.000000,-0.141627,-0.134390,-0.090350,0.000000,-0.363648,-0.043633,0.078132,0.000000,-0.434855,-0.052360,0.000000,0.001745,-0.293219,-0.113446,-0.036053,0.000000,0.119831,-0.050615,0.060488,0.000000,0.388867,-0.078540
1771466018.581,789,1,1,0.0000,0.9988,0.0012,0.0000,0.0000,0.0000,0.0000,0.013730,0.041152,0.001746,0.001990,0.004813,0.000000,0.000000,-0.005517,-0.085521,-0.178721,0.000000,-0.334507,-0.036652,0.164759,0.000000,-0.201703,-0.043633,-0.001745,0.001745,-0.151435,-0.071558,-0.145060,0.000000,0.222262,-0.038397,0.167749,0.000000,0.102068,-0.064577
1771466018.683,792,1,1,0.0000,0.9998,0.0002,0.0000,0.0000,0.0000,0.0000,0.015657,0.017465,0.001797,0.000830,0.003587,0.000000,0.000000,-0.857029,-0.062832,-0.200096,0.000000,-0.125395,-0.034907,0.184388,0.003491,-0.011569,-0.036652,0.000000,0.003491,-0.058789,-0.047124,-0.088346,0.000000,0.100294,-0.033161,0.105799,0.000000,-0.152477,-0.057596
1771466018.784,795,1,1,0.0000,0.9998,0.0002,0.0000,0.0000,0.0000,0.0000,0.045186,0.049165,0.000694,0.000885,0.000609,0.001745,0.000000,-0.610418,-0.043633,-0.159595,0.003491,0.095179,-0.031416,0.149123,0.003491,0.289205,-0.033161,0.000000,0.003491,0.498852,-0.034907,-0.008609,0.000000,0.063321,-0.026180,0.024317,0.000000,-0.140791,-0.052360
1771466018.883,798,1,1,0.0000,0.9980,0.0020,0.0000,0.0000,0.0000,0.0000,0.095301,0.020102,0.002208,0.001134,0.002139,0.000000,0.000000,-0.412360,-0.036652,-0.135549,0.001745,0.496722,-0.029671,0.118096,0.001745,0.525303,-0.027925,0.000000,0.003491,0.205445,-0.022689,-0.018329,0.000000,-0.035842,-0.017453,0.032291,0.000000,-0.175862,-0.050615
1771466018.984,801,1,1,0.0000,0.9959,0.0040,0.0001,0.0000,0.0000,0.0000,0.091755,0.010648,0.001759,0.000585,0.001323,0.000000,0.000000,0.200020,-0.034907,0.082069,0.005236,0.372306,-0.026180,-0.092541,0.000000,0.441433,-0.024435,0.000000,0.003491,0.100069,-0.010472,-0.005023,0.000000,-0.030475,-0.010472,0.024222,0.000000,-0.112784,-0.050615
1771466019.088,804,1,1,0.0000,0.9899,0.0099,0.0002,0.0000,0.0000,0.0000,0.242818,0.184575,0.000710,0.000538,0.001890,0.000000,0.000000,1.057069,-0.029671,0.217002,0.006981,1.003817,-0.020944,-0.229220,0.000000,0.628950,-0.015708,0.000000,0.001745,0.780117,0.000000,0.149728,0.000000,0.482293,-0.005236,-0.134020,0.001745,0.799275,-0.048869
1771466019.185,807,1,1,0.0000,0.9673,0.0306,0.0020,0.0000,0.0000,0.0001,0.131900,0.134784,0.000262,0.001299,0.001493,0.000000,0.001745,0.566011,-0.026180,0.066980,0.001745,0.633424,-0.012217,-0.070471,0.000000,0.312900,-0.006981,0.000000,0.003491,0.370443,-0.001745,0.047669,0.000000,0.499987,-0.001745,-0.026725,0.000000,0.695822,-0.045379
1771466019.284,810,1,1,0.0001,0.9427,0.0373,0.0190,0.0005,0.0002,0.0002,0.074882,0.075455,0.000570,0.000309,0.000865,0.000000,0.003491,0.377133,-0.020944,0.045573,0.000000,0.354834,-0.006981,-0.049064,-0.003491,0.117557,-0.003491,0.000000,0.003491,0.239304,0.000000,0.043788,0.000000,0.244060,-0.001745,-0.022844,0.000000,0.374817,-0.043633
1771466019.385,813,1,1,0.0003,0.9385,0.0477,0.0125,0.0005,0.0001,0.0004,0.035168,0.050525,0.000588,0.000314,0.000525,0.001745,0.000000,0.237541,-0.012217,0.051169,-0.003491,0.086714,0.000000,-0.051169,0.000000,0.044844,-0.003491,0.000000,0.001745,0.176214,0.000000,0.000635,0.000000,0.175941,0.000000,0.018564,-0.001745,0.233207,-0.041888
1771466019.488,816,1,1,0.0000,0.9700,0.0296,0.0003,0.0000,0.0000,0.0001,0.028371,0.034263,0.000642,0.000495,0.001019,0.000000,0.003491,0.169175,-0.003491,0.040189,0.000000,0.079572,-0.001745,-0.034953,0.001745,0.046279,-0.003491,0.000000,0.003491,0.131668,0.000000,0.010227,0.000000,0.121427,-0.001745,0.001990,0.000000,0.142354,-0.040143
1771466019.586,819,1,1,0.0000,0.9974,0.0026,0.0000,0.0000,0.0000,0.0000,0.022009,0.020714,0.000729,0.000463,0.001214,0.000000,0.001745,0.128136,-0.003491,0.034280,0.000000,0.057732,-0.001745,-0.022063,-0.003491,0.042209,-0.003491,0.000000,0.003491,0.114628,0.001745,-0.003940,0.000000,0.086003,-0.001745,0.007431,0.000000,0.035266,-0.038397
1771466019.687,822,1,1,0.0000,0.9995,0.0005,0.0000,0.0000,0.0000,0.0000,0.023730,0.033367,0.000519,0.000722,0.000453,0.000000,0.000000,0.100353,-0.003491,0.004769,-0.001745,0.103035,-0.001745,0.012684,-0.003491,0.063915,-0.003491,0.000000,0.001745,0.109001,0.001745,-0.052908,0.000000,0.172525,-0.001745,0.058144,0.000000,0.057242,-0.036652
1771466019.787,825,1,1,0.0000,0.9975,0.0025,0.0000,0.0000,0.0000,0.0000,0.031673,0.048640,0.000300,0.000653,0.000951,0.000000,0.000000,0.100811,-0.003491,-0.013385,0.000000,0.116405,-0.001745,0.020367,0.000000,0.142488,-0.003491,0.000000,0.001745,0.081069,0.000000,-0.078936,0.000000,0.264403,0.000000,0.084172,0.000000,0.152294,-0.036652
1771466019.887,828,1,1,0.0000,0.9913,0.0087,0.0000,0.0000,0.0000,0.0000,0.034530,0.025146,0.000558,0.000867,0.001913,0.000000,0.001745,0.097864,-0.003491,0.010588,-0.001745,0.185856,0.000000,-0.007098,0.000000,0.118307,-0.003491,0.000000,0.003491,-0.047732,0.001745,-0.037475,0.000000,0.160077,0.000000,0.040966,0.000000,0.095470,-0.033161
1771466019.987,831,1,1,0.0000,0.9848,0.0152,0.0000,0.0000,0.0000,0.0000,0.011537,0.022367,0.000651,0.001341,0.001712,0.000000,0.001745,-0.776276,-0.003491,-0.129722,0.000000,-1.255101,0.000000,0.136703,0.000000,-1.286925,-0.003491,0.000000,0.001745,0.079908,-0.001745,0.001393,-0.001745,0.119185,0.001745,0.003843,0.000000,0.060590,-0.033161
1771466020.087,834,1,1,0.0000,0.9934,0.0065,0.0000,0.0000,0.0000,0.0000,0.015617,0.002936,0.001108,0.001869,0.011618,0.000000,0.001745,-1.118945,-0.001745,-0.178672,0.005236,-1.105106,0.000000,0.180417,0.000000,-1.134889,-0.003491,0.001745,0.001745,-1.040967,-0.003491,-0.028248,0.000000,-0.594343,0.000000,0.031739,0.000000,-0.651181,-0.033161
1771466020.188,837,1,1,0.0000,0.9992,0.0007,0.0000,0.0000,0.0000,0.0000,0.006856,0.004150,0.002378,0.000964,0.002796,0.000000,0.003491,-0.094312,0.000000,-0.077032,0.003491,-0.985258,-0.001745,0.075286,-0.003491,-1.051882,-0.003491,0.000000,0.000000,-1.872791,0.000000,-0.048053,0.000000,-0.583385,0.000000,0.049798,0.000000,-0.746224,-0.031416
1771466020.289,840,1,1,0.0000,0.9999,0.0001,0.0000,0.0000,0.0000,0.0000,0.009960,0.004966,0.001107,0.001064,0.002468,0.000000,0.001745,0.079663,0.000000,-0.036364,-0.001745,-0.737470,-0.001745,0.038109,-0.001745,-0.826353,-0.003491,0.000000,0.003491,-1.397820,0.000000,-0.050862,0.000000,-0.656455,0.000000,0.056098,0.000000,-0.709593,-0.031416
1771466020.389,843,1,1,0.0000,0.9999,0.0000,0.0000,0.0000,0.0000,0.0000,0.005001,0.009207,0.001715,0.000618,0.001543,0.000000,0.001745,-0.020263,0.000000,-0.054778,0.000000,-0.493389,-0.001745,0.054778,0.003491,-0.503234,-0.003491,0.000000,0.003491,-1.163926,-0.001745,-0.101754,0.000000,-0.430475,0.000000,0.106990,0.000000,-0.472567,-0.031416
1771466020.489,846,1,1,0.0000,1.0000,0.0000,0.0000,0.0000,0.0000,0.0000,0.002005,0.005484,0.002545,0.002209,0.001169,0.000000,0.000000,-0.004147,0.000000,-0.022312,0.000000,-0.294544,-0.001745,0.020567,0.003491,-0.289017,-0.003491,0.000000,0.001745,-0.889907,-0.001745,-0.058822,0.000000,-0.282112,-0.001745,0.064058,0.000000,-0.281766,-0.031416
1771466020.589,849,1,1,0.0005,0.9992,0.0001,0.0001,0.0000,0.0000,0.0001,0.004707,0.001514,0.003742,0.003816,0.000890,0.000000,0.000000,-0.356963,-0.001745,0.056478,0.000000,-0.157760,-0.001745,-0.061714,0.000000,-0.192516,-0.003491,0.000000,0.001745,-0.627803,-0.003491,-0.005948,0.000000,-0.185234,-0.001745,0.016420,0.000000,-0.186535,-0.033161
1771466020.690,852,1,1,0.0000,1.0000,0.0000,0.0000,0.0000,0.0000,0.0000,0.001776,0.000873,0.003598,0.003506,0.003297,0.000000,0.000000,-0.448955,0.000000,-0.024802,0.005236,-0.023641,-0.005236,0.016076,0.000000,-0.022115,-0.003491,0.000000,0.003491,-0.296894,-0.001745,0.004479,0.000000,-0.102312,0.000000,0.002503,0.000000,-0.084582,-0.033161
1771466020.791,855,1,1,0.0000,0.9983,0.0008,0.0008,0.0000,0.0000,0.0000,0.371903,0.352902,0.006477,0.001583,0.009448,0.000000,0.000000,1.325874,0.000000,0.323333,-0.003491,1.436387,-0.005236,-0.332060,0.003491,1.373748,-0.003491,0.000000,0.001745,2.090802,-0.003491,0.247509,-0.001745,0.840872,-0.001745,-0.244019,0.003491,1.050400,-0.033161
1771466020.892,858,1,1,0.0000,0.9876,0.0102,0.0022,0.0000,0.0000,0.0000,0.268668,0.188484,0.003924,0.005153,0.002865,0.000000,0.000000,1.008564,-0.001745,0.201402,0.001745,1.003948,-0.001745,-0.204893,0.005236,1.003119,-0.005236,0.000000,0.003491,1.393473,-0.001745,0.123083,0.000000,0.354742,-0.001745,-0.109120,-0.003491,0.387016,-0.033161
1771466020.991,861,1,1,0.0000,0.9791,0.0171,0.0037,0.0000,0.0000,0.0001,0.178475,0.136843,0.000704,0.000817,0.001988,0.000000,0.000000,0.729102,-0.001745,0.123659,0.003491,0.600242,-0.001745,-0.123659,0.003491,0.681721,-0.003491,0.000000,0.001745,1.095708,-0.001745,0.083438,0.001745,0.218019,-0.001745,-0.067730,0.000000,0.241463,-0.031416
1771466021.092,864,1,1,0.0000,0.9722,0.0174,0.0100,0.0002,0.0000,0.0001,0.090325,0.108816,0.000494,0.000793,0.004291,0.000000,0.000000,0.250250,-0.001745,0.059950,0.000000,0.354127,-0.001745,-0.061696,0.001745,0.417824,-0.003491,0.000000,0.003491,0.770505,-0.001745,0.040010,0.000000,0.234381,-0.001745,-0.026048,-0.001745,0.257411,-0.031416
1771466021.192,867,1,1,0.0001,0.9518,0.0297,0.0174,0.0006,0.0001,0.0003,0.054026,0.075965,0.001271,0.000618,0.001379,0.000000,0.000000,0.239353,0.000000,0.048465,0.000000,0.096293,-0.001745,-0.048465,0.001745,0.262449,-0.003491,0.000000,0.001745,0.389617,0.000000,-0.014572,0.000000,0.279659,-0.001745,0.030280,0.000000,0.210275,-0.031416
1771466021.291,870,1,1,0.0001,0.9630,0.0330,0.0033,0.0002,0.0000,0.0004,0.037927,0.050464,0.001471,0.000449,0.001935,0.000000,0.000000,0.156623,0.000000,0.036666,0.000000,0.092887,-0.001745,-0.033175,0.001745,0.167199,-0.003491,0.000000,0.003491,0.271186,0.001745,-0.010083,0.000000,0.164482,-0.001745,0.027537,0.000000,0.137124,-0.031416
1771466021.393,873,1,1,0.0000,0.9803,0.0195,0.0001,0.0000,0.0000,0.0001,0.029920,0.037493,0.001113,0.000281,0.001770,0.000000,0.000000,0.164983,0.000000,0.031376,0.000000,0.056386,-0.001745,-0.022649,0.001745,0.104544,-0.003491,0.000000,0.001745,0.248678,0.001745,-0.000886,0.000000,0.103211,-0.001745,0.011358,0.000000,0.083172,-0.031416
1771466021.492,876,1,1,0.0000,0.9949,0.0051,0.0000,0.0000,0.0000,0.0000,0.021306,0.022353,0.000722,0.001271,0.001166,0.000000,0.000000,0.134638,0.000000,0.028513,0.000000,0.021775,-0.001745,-0.014551,0.000000,0.070744,-0.003491,0.000000,0.001745,0.162326,0.001745,0.000154,0.000000,0.045770,-0.001745,0.005082,0.000000,0.051416,-0.031416
1771466021.593,879,1,1,0.0000,0.9993,0.0007,0.0000,0.0000,0.0000,0.0000,0.017806,0.019308,0.000756,0.001493,0.001340,0.000000,0.000000,0.136606,0.000000,0.028116,-0.001745,-0.020798,-0.001745,-0.007172,0.000000,0.048949,-0.003491,0.000000,0.003491,0.114200,0.001745,-0.009794,0.000000,0.073117,-0.001745,0.011539,0.000000,0.027602,-0.031416
1771466021.694,882,1,1,0.0000,0.9991,0.0009,0.0000,0.0000,0.0000,0.0000,0.015928,0.014435,0.001545,0.002018,0.002717,0.000000,0.000000,0.126408,0.000000,0.027573,0.000000,-0.033712,-0.001745,-0.001393,0.000000,0.037158,-0.003491,0.000000,0.003491,0.011239,0.003491,-0.007761,0.000000,0.126786,-0.001745,0.011252,0.000000,0.016962,-0.031416
1771466021.794,885,1,1,0.0000,0.9980,0.0020,0.0000,0.0000,0.0000,0.0000,0.028506,0.021973,0.001668,0.003935,0.002526,0.000000,0.001745,0.083215,0.000000,-0.022099,-0.001745,0.126461,-0.001745,0.043043,0.000000,0.087612,-0.003491,0.000000,0.001745,-0.048604,0.001745,-0.024040,0.000000,0.193381,0.000000,0.029276,0.000000,0.037524,-0.031416
1771466021.893,888,1,1,0.0000,0.9960,0.0040,0.0000,0.0000,0.0000,0.0000,0.019689,0.031674,0.001197,0.001200,0.007211,0.000000,0.000000,0.020093,0.000000,-0.003842,0.000000,0.089316,-0.001745,0.019549,0.000000,0.107315,-0.003491,0.000000,0.001745,-0.343291,0.001745,-0.105788,0.000000,0.212581,0.000000,0.112769,0.000000,0.051251,-0.031416
1771466021.993,891,1,1,0.0000,0.9949,0.0051,0.0000,0.0000,0.0000,0.0000,0.020168,0.018407,0.001072,0.001367,0.002400,0.000000,0.000000,-0.747105,0.000000,-0.235036,0.000000,-0.646610,-0.001745,0.242017,0.000000,-0.921243,-0.003491,0.000000,0.003491,-0.912221,0.001745,-0.090895,0.000000,0.121267,0.000000,0.094386,0.000000,-0.183167,-0.031416
1771466022.094,894,1,1,0.0000,0.9982,0.0018,0.0000,0.0000,0.0000,0.0000,0.021196,0.003897,0.002376,0.001151,0.002811,0.000000,0.000000,-0.888294,0.000000,-0.249116,0.000000,-1.175364,-0.001745,0.254352,0.000000,-1.460155,-0.003491,0.000000,0.001745,-0.992890,0.001745,-0.034542,0.000000,-0.806104,0.001745,0.041523,0.000000,-0.579842,-0.033161
1771466022.195,897,1,1,0.0000,0.9996,0.0004,0.0000,0.0000,0.0000,0.0000,0.010015,0.002473,0.001399,0.001836,0.004429,0.000000,0.001745,-0.541101,0.000000,-0.116684,-0.003491,-0.792773,-0.001745,0.114938,0.003491,-1.099009,-0.003491,0.000000,0.001745,-0.947573,0.000000,-0.020947,0.000000,-0.532699,0.000000,0.027928,0.000000,-0.454110,-0.031416
1771466022.294,900,1,1,0.0000,0.9997,0.0003,0.0000,0.0000,0.0000,0.0000,0.003581,0.004638,0.004323,0.004223,0.010098,0.000000,0.001745,-0.318262,0.000000,-0.044711,0.000000,-0.634502,-0.001745,0.039475,0.001745,-0.881169,-0.005236,0.000000,0.003491,-1.170085,-0.001745,-0.039948,0.000000,-0.616400,0.000000,0.052166,0.000000,-0.464655,-0.031416
1771466022.395,903,1,1,0.0000,0.9987,0.0013,0.0000,0.0000,0.0000,0.0000,0.002842,0.005392,0.001693,0.002269,0.001733,0.000000,0.000000,-0.332134,0.000000,-0.037595,-0.001745,-0.391020,-0.005236,0.034104,0.000000,-0.616517,-0.005236,0.000000,0.003491,-0.790883,-0.001745,-0.045502,0.000000,-0.437323,-0.001745,0.061210,0.000000,-0.310676,-0.031416
1771466022.495,906,1,1,0.0000,1.0000,0.0000,0.0000,0.0000,0.0000,0.0000,0.000379,0.003731,0.001493,0.002335,0.000891,0.000000,0.000000,-0.278960,-0.001745,-0.006298,0.000000,-0.265163,-0.005236,0.004553,0.000000,-0.438485,-0.003491,0.000000,0.001745,-0.602646,-0.001745,-0.025574,0.000000,-0.240288,-0.001745,0.043028,0.000000,-0.193005,-0.031416
1771466022.596,909,1,1,0.0001,0.9999,0.0000,0.0000,0.0000,0.0000,0.0000,0.000145,0.002287,0.003136,0.004446,0.002506,0.000000,0.000000,-0.067375,-0.001745,-0.001789,0.001745,-0.182416,-0.005236,-0.001702,0.000000,-0.282325,-0.005236,0.000000,0.001745,-0.451279,-0.001745,0.023949,0.000000,-0.153794,-0.001745,-0.004751,0.001745,-0.122228,-0.031416
1771466022.696,912,1,1,0.0001,0.9997,0.0000,0.0000,0.0000,0.0000,0.0000,0.000156,0.002931,0.005018,0.005156,0.007166,0.000000,0.000000,-0.059759,-0.001745,0.000121,0.001745,-0.150381,-0.005236,-0.001866,0.000000,-0.197374,-0.005236,0.000000,0.003491,-0.247780,-0.001745,0.031683,0.000000,-0.108616,-0.001745,-0.008993,-0.003491,-0.100765,-0.031416
1771466022.797,915,1,1,0.0001,0.9998,0.0000,0.0000,0.0000,0.0000,0.0000,0.000281,0.003415,0.004971,0.006707,0.003716,0.000000,0.000000,-0.130182,-0.001745,0.003374,0.000000,-0.116038,-0.005236,-0.003374,0.000000,-0.148443,-0.005236,-0.001745,0.003491,0.025273,-0.003491,0.007443,0.000000,-0.001956,-0.003491,0.004774,-0.001745,-0.027167,-0.031416
1771466022.898,918,1,1,0.0001,0.9998,0.0000,0.0000,0.0000,0.0000,0.0000,0.015051,0.012951,0.002195,0.003076,0.003188,0.000000,0.000000,-0.023344,-0.001745,-0.050633,0.000000,0.035380,-0.005236,0.038416,0.000000,0.106821,-0.003491,0.000000,0.001745,0.017309,-0.003491,0.049734,0.000000,0.040600,-0.001745,-0.037517,0.000000,0.046026,-0.031416
1771466022.998,921,1,1,0.0001,0.9998,0.0000,0.0000,0.0000,0.0000,0.0000,0.011050,0.015003,0.005170,0.004345,0.003059,0.000000,-0.001745,-0.070531,-0.001745,-0.070186,0.001745,0.047028,-0.005236,0.054478,0.000000,0.029347,-0.005236,-0.001745,0.003491,-0.016138,-0.003491,0.047075,0.000000,0.048933,-0.001745,-0.027877,-0.001745,0.080537,-0.031416
1771466023.099,924,1,1,0.0000,0.9997,0.0001,0.0000,0.0000,0.0000,0.0000,0.010485,0.054112,0.006760,0.001545,0.007262,0.000000,-0.001745,-0.033040,-0.001745,-0.047724,0.001745,0.048521,-0.005236,0.033761,0.000000,0.041792,-0.003491,-0.001745,0.001745,-0.096360,-0.001745,0.043295,0.000000,0.283237,-0.001745,-0.015370,-0.001745,0.321063,-0.031416
1771466023.199,927,1,1,0.0000,0.9991,0.0007,0.0001,0.0000,0.0000,0.0001,0.014518,0.043948,0.004545,0.001202,0.003122,0.000000,0.000000,-0.162518,-0.001745,-0.074790,0.000000,0.022190,-0.005236,0.053846,0.000000,0.098180,-0.003491,-0.001745,0.001745,-0.212904,-0.003491,0.042434,0.000000,0.231290,-0.001745,-0.009273,-0.003491,0.251911,-0.031416
1771466023.300,930,1,1,0.0000,0.9969,0.0028,0.0001,0.0000,0.0000,0.0001,0.005348,0.032319,0.003263,0.001981,0.002431,0.001745,0.000000,-0.096727,-0.001745,-0.053629,0.000000,0.000654,-0.005236,0.027449,0.000000,0.034327,-0.005236,-0.003491,0.003491,-0.113593,-0.001745,0.035519,0.000000,0.148142,-0.001745,-0.000613,-0.003491,0.200674,-0.031416
1771466023.400,933,1,1,0.0000,0.9982,0.0018,0.0000,0.0000,0.0000,0.0000,0.012101,0.011366,0.002410,0.001391,0.004418,0.000000,0.000000,-0.109216,-0.001745,-0.022264,0.003491,0.008166,-0.005236,-0.002171,0.000000,0.133561,-0.003491,-0.003491,0.003491,-0.002130,-0.003491,-0.015748,0.000000,0.087487,-0.001745,0.045419,-0.001745,-0.125644,-0.031416
1771466023.501,936,1,1,0.0000,0.9998,0.0002,0.0000,0.0000,0.0000,0.0000,0.016482,0.013631,0.002906,0.003415,0.002774,0.001745,0.000000,-0.144787,-0.001745,-0.024456,0.000000,0.076037,-0.005236,0.003512,0.000000,0.116492,-0.003491,-0.003491,0.003491,-0.029488,-0.003491,-0.077723,0.000000,0.054438,-0.001745,0.105648,-0.003491,-0.036271,-0.031416
1771466023.602,939,1,1,0.0000,1.0000,0.0000,0.0000,0.0000,0.0000,0.0000,0.048634,0.003834,0.001207,0.004106,0.004570,0.000000,0.000000,-0.116471,-0.001745,-0.051183,0.000000,0.252679,-0.005236,0.035475,0.000000,0.295459,-0.003491,-0.001745,0.001745,-0.176344,-0.005236,-0.018082,0.000000,-0.032452,-0.001745,0.044262,-0.001745,-0.043086,-0.031416
1771466023.704,942,1,1,0.0000,1.0000,0.0000,0.0000,0.0000,0.0000,0.0000,0.012199,0.004682,0.001587,0.002465,0.001892,0.000000,0.001745,-0.013533,-0.001745,-0.032967,0.000000,0.037126,-0.005236,0.008533,0.000000,0.098988,-0.003491,-0.001745,0.001745,-0.067281,-0.003491,-0.017792,0.000000,-0.000359,-0.001745,0.054444,-0.001745,-0.005090,-0.031416
1771466023.805,945,1,1,0.0000,0.9999,0.0001,0.0000,0.0000,0.0000,0.0000,0.003988,0.019378,0.002412,0.002077,0.002613,0.000000,0.000000,-0.049246,-0.001745,-0.008882,-0.001745,-0.017719,-0.005236,-0.010317,0.000000,0.047861,-0.003491,-0.001745,0.001745,0.096081,-0.005236,-0.006181,0.000000,0.068234,-0.001745,0.048069,-0.001745,0.018412,-0.031416
1771466023.905,948,1,1,0.0000,0.9999,0.0001,0.0000,0.0000,0.0000,0.0000,0.021495,0.021244,0.003862,0.001172,0.003089,0.000000,0.000000,0.118905,-0.001745,-0.004540,0.000000,-0.007633,-0.005236,-0.007677,0.000000,0.139031,-0.003491,-0.003491,0.001745,0.140067,-0.003491,0.071242,0.000000,0.037814,-0.001745,-0.036335,-0.001745,0.004064,-0.031416
1771466024.005,951,1,1,0.0000,0.9998,0.0002,0.0000,0.0000,0.0000,0.0000,0.008774,0.034611,0.001668,0.002211,0.002155,0.000000,0.001745,0.042786,-0.001745,0.008483,0.000000,0.011968,-0.005236,-0.011974,0.000000,0.040305,-0.003491,-0.003491,0.003491,0.307634,-0.003491,0.057007,0.000000,0.034639,-0.001745,-0.027336,-0.001745,0.012558,-0.031416
1771466024.105,954,1,1,0.0000,0.9997,0.0002,0.0000,0.0000,0.0000,0.0000,0.000526,0.020390,0.001952,0.002332,0.001440,0.000000,0.000000,-0.035228,-0.001745,-0.013297,0.000000,-0.003786,-0.005236,0.006316,0.000000,-0.024812,-0.005236,-0.003491,0.001745,0.136028,-0.005236,0.041746,-0.001745,0.024987,-0.001745,-0.003348,-0.001745,0.040172,-0.031416
1771466024.206,957,1,1,0.0000,0.9999,0.0001,0.0000,0.0000,0.0000,0.0000,0.002332,0.009026,0.003026,0.001729,0.003320,0.000000,0.000000,-0.051092,-0.001745,0.027980,0.000000,-0.000935,-0.005236,-0.034961,0.000000,-0.020774,-0.003491,-0.003491,0.003491,-0.054572,-0.003491,0.061563,0.000000,0.008466,-0.001745,-0.026656,-0.003491,0.034796,-0.031416
1771466024.307,960,1,1,0.0000,1.0000,0.0000,0.0000,0.0000,0.0000,0.0000,0.007419,0.004145,0.003240,0.006820,0.002875,0.000000,0.000000,0.059428,-0.001745,-0.001318,0.000000,0.029598,-0.001745,-0.003918,0.000000,-0.004452,-0.003491,-0.001745,0.003491,-0.209979,-0.003491,0.046254,0.000000,-0.100859,-0.001745,-0.011347,-0.003491,-0.112092,-0.031416
1771466024.408,963,1,1,0.0000,1.0000,0.0000,0.0000,0.0000,0.0000,0.0000,0.003317,0.005066,0.003561,0.005864,0.000767,0.000000,0.000000,0.024598,-0.001745,-0.016435,-0.001745,0.002256,-0.005236,0.012945,0.000000,-0.000087,-0.003491,-0.001745,0.001745,-0.143078,-0.005236,0.044955,0.000000,-0.056192,-0.001745,-0.010048,-0.003491,0.014090,-0.031416
1771466024.509,966,1,1,0.0000,1.0000,0.0000,0.0000,0.0000,0.0000,0.0000,0.004490,0.014726,0.001527,0.003164,0.003258,0.000000,0.001745,0.052137,-0.001745,-0.000731,0.000000,-0.037919,-0.005236,-0.001014,0.000000,-0.100194,-0.003491,-0.001745,0.001745,-0.141081,-0.005236,0.023946,0.000000,0.012987,-0.001745,0.005725,-0.001745,0.132305,-0.031416
1771466024.610,969,1,1,0.0000,1.0000,0.0000,0.0000,0.0000,0.0000,0.0000,0.008831,0.007498,0.000631,0.001049,0.002472,0.000000,0.000000,0.075684,-0.001745,0.030284,0.000000,-0.030473,-0.001745,-0.037265,0.000000,-0.112839,-0.003491,-0.001745,0.001745,-0.123606,-0.003491,0.017709,0.000000,0.007980,-0.001745,-0.000256,-0.001745,0.062539,-0.031416
1771466024.711,972,1,1,0.0000,1.0000,0.0000,0.0000,0.0000,0.0000,0.0000,0.008933,0.001745,0.000374,0.002730,0.001990,0.000000,0.000000,0.104367,-0.001745,0.002831,0.000000,-0.051132,-0.005236,-0.008067,0.000000,-0.105577,-0.003491,-0.001745,0.001745,-0.126551,-0.005236,0.019117,0.000000,-0.005316,-0.001745,0.000081,-0.001745,-0.038214,-0.031416
1771466024.812,975,1,1,0.0000,0.9999,0.0000,0.0000,0.0000,0.0000,0.0000,0.023025,0.002333,0.000260,0.002316,0.002258,0.000000,0.000000,0.238158,-0.001745,0.038145,0.000000,-0.066749,-0.005236,-0.039890,0.000000,-0.081369,-0.003491,-0.003491,0.001745,-0.113668,-0.005236,0.008490,0.000000,0.014030,-0.001745,0.003727,-0.001745,-0.006814,-0.031416
1771466024.913,978,1,1,0.0000,0.9999,0.0000,0.0000,0.0000,0.0000,0.0000,0.014114,0.000873,0.001072,0.001598,0.002365,0.000000,0.000000,0.144823,-0.001745,0.024546,0.000000,-0.079291,-0.001745,-0.028037,0.000000,-0.073481,-0.005236,-0.003491,0.003491,-0.111324,-0.005236,0.003225,0.000000,-0.000104,-0.001745,0.003757,-0.001745,-0.005454,-0.031416
1771466025.013,981,1,1,0.0000,0.9999,0.0000,0.0000,0.0000,0.0000,0.0000,0.006615,0.007471,0.001694,0.001882,0.001368,0.000000,0.001745,0.072035,-0.001745,0.005599,0.000000,-0.125148,-0.006981,-0.009090,0.000000,-0.070618,-0.003491,-0.001745,0.001745,-0.121623,-0.003491,-0.059105,0.000000,0.020073,-0.001745,0.067832,-0.001745,-0.001052,-0.031416
1771466025.114,984,1,1,0.0000,0.9999,0.0000,0.0000,0.0000,0.0000,0.0000,0.003983,0.011144,0.003891,0.003852,0.004197,0.000000,0.000000,0.045275,-0.001745,-0.002520,0.000000,-0.082883,-0.005236,0.000775,0.001745,-0.054580,-0.003491,-0.001745,0.001745,-0.116033,-0.005236,-0.035405,0.000000,0.063963,-0.001745,0.047622,-0.001745,0.020394,-0.031416
1771466025.214,987,1,1,0.0000,0.9999,0.0000,0.0000,0.0000,0.0000,0.0000,0.010537,0.002928,0.000525,0.002174,0.002903,0.000000,0.000000,0.025707,-0.001745,-0.052386,0.000000,-0.060985,-0.005236,0.048896,0.001745,0.050094,-0.003491,-0.001745,0.001745,-0.127082,-0.003491,-0.010036,0.000000,-0.000413,-0.001745,0.030980,-0.001745,0.002414,-0.031416
1771466025.314,990,1,1,0.0012,0.9984,0.0001,0.0002,0.0000,0.0000,0.0002,0.021381,0.002683,0.000911,0.001958,0.002973,0.000000,0.000000,0.034302,-0.001745,-0.009281,0.000000,0.082662,-0.001745,0.009281,0.000000,0.130326,-0.003491,-0.001745,0.001745,-0.126377,-0.003491,0.030446,0.000000,-0.034362,-0.001745,-0.006011,-0.001745,-0.026181,-0.031416
1771466025.415,993,1,1,0.0007,0.9987,0.0001,0.0003,0.0000,0.0000,0.0002,0.017934,0.001600,0.003298,0.001924,0.002506,0.000000,0.000000,0.014000,-0.001745,-0.010004,0.000000,0.034648,-0.001745,0.011749,0.000000,0.154808,-0.003491,-0.001745,0.001745,-0.124748,-0.005236,0.008526,0.000000,-0.017901,-0.001745,0.008927,-0.003491,-0.013243,-0.031416
1771466025.516,996,1,1,0.0007,0.9986,0.0001,0.0004,0.0000,0.0000,0.0003,0.010846,0.002832,0.003450,0.004451,0.003965,0.000000,0.000000,-0.016389,-0.001745,-0.005854,0.000000,0.036089,-0.005236,0.005854,0.000000,0.088211,-0.003491,-0.001745,0.001745,-0.086064,-0.003491,0.032235,0.000000,-0.064108,-0.001745,-0.011291,-0.003491,-0.006183,-0.031416
1771466025.617,999,1,1,0.0010,0.9980,0.0001,0.0006,0.0000,0.0000,0.0003,0.009377,0.002224,0.002091,0.001364,0.002524,0.000000,0.001745,-0.043884,-0.001745,-0.010179,0.000000,0.006759,-0.005236,0.008434,0.000000,0.095586,-0.003491,-0.003491,0.001745,-0.034981,-0.005236,0.018804,0.000000,-0.031456,-0.001745,0.000394,-0.001745,0.005745,-0.031416
1771466025.718,1002,1,1,0.0009,0.9979,0.0001,0.0007,0.0000,0.0000,0.0003,0.011347,0.012004,0.003635,0.001690,0.003226,0.000000,0.000000,0.076374,-0.001745,0.001689,0.000000,-0.000392,-0.005236,-0.001689,0.000000,0.058102,-0.003491,-0.003491,0.001745,-0.023200,-0.005236,0.011112,0.000000,0.064124,-0.001745,0.001105,-0.003491,0.065967,-0.031416
1771466025.818,1005,1,1,0.0008,0.9981,0.0001,0.0008,0.0000,0.0000,0.0003,0.004862,0.015400,0.002637,0.003238,0.003770,0.000000,0.000000,0.043072,-0.001745,-0.013523,0.000000,-0.233616,-0.005236,0.015268,0.000000,-0.179773,-0.003491,-0.003491,0.003491,0.060556,-0.003491,0.011448,0.000000,0.014595,-0.001745,0.002514,-0.001745,0.092191,-0.031416
1771466025.919,1008,1,1,0.0003,0.9987,0.0002,0.0006,0.0000,0.0000,0.0002,0.000830,0.011508,0.004590,0.003349,0.004269,0.000000,0.000000,-0.265805,-0.001745,-0.006473,0.000000,-0.209498,-0.006981,0.009964,0.000000,-0.240158,-0.003491,-0.001745,0.003491,0.066844,-0.003491,0.022384,0.000000,0.001773,-0.001745,-0.011912,-0.001745,0.043610,-0.031416
1771466026.019,1011,1,1,0.0001,0.9995,0.0001,0.0003,0.0000,0.0000,0.0001,0.000542,0.002084,0.003753,0.001654,0.004259,0.000000,0.001745,-0.052854,-0.001745,0.003018,0.000000,-0.166133,-0.005236,-0.003018,0.001745,-0.153160,-0.003491,-0.001745,0.003491,-0.055359,-0.003491,-0.007555,0.000000,-0.038593,-0.001745,0.021518,-0.003491,-0.082817,-0.031416
1771466026.120,1014,1,1,0.0000,0.9999,0.0000,0.0000,0.0000,0.0000,0.0000,0.012104,0.001745,0.002003,0.002036,0.000514,0.000000,0.000000,0.133757,-0.001745,0.008004,0.000000,-0.104164,-0.005236,-0.009750,0.003491,-0.057514,-0.003491,-0.003491,0.003491,-0.070194,-0.005236,0.000975,-0.001745,-0.066920,-0.001745,0.016479,-0.001745,-0.053067,-0.031416
1771466026.222,1017,1,1,0.0000,0.9999,0.0000,0.0000,0.0000,0.0000,0.0000,0.013029,0.001454,0.003070,0.001405,0.001537,0.000000,0.000000,0.139960,-0.001745,0.016393,-0.005236,-0.065568,-0.001745,-0.016393,0.000000,-0.023568,-0.003491,-0.003491,0.003491,-0.094480,-0.003491,0.005212,0.000000,-0.032630,-0.001745,0.008751,-0.001745,-0.032155,-0.031416
1771466026.323,1020,1,1,0.0000,0.9999,0.0000,0.0000,0.0000,0.0000,0.0000,0.005907,0.001018,0.001792,0.001113,0.001998,0.000000,0.000000,0.065329,-0.001745,0.003805,0.001745,-0.062856,-0.005236,-0.005550,0.000000,-0.012386,-0.003491,-0.003491,0.003491,-0.130726,-0.005236,0.002601,0.000000,-0.037673,-0.001745,0.006126,-0.001745,-0.054900,-0.031416
1771466026.424,1023,1,1,0.0000,0.9998,0.0000,0.0001,0.0000,0.0000,0.0000,0.013151,0.000582,0.001800,0.005959,0.003909,0.000000,0.000000,-0.052769,-0.001745,-0.015379,0.000000,-0.060159,-0.005236,0.015379,0.000000,0.142428,-0.005236,-0.003491,0.001745,-0.008146,-0.003491,0.004373,0.000000,-0.017551,-0.001745,0.000863,-0.001745,-0.012418,-0.033161
1771466026.524,1026,1,1,0.0000,0.9999,0.0000,0.0001,0.0000,0.0000,0.0000,0.046638,0.008180,0.005004,0.002995,0.001543,0.000000,0.000000,-0.051328,-0.001745,0.047456,0.000000,0.215591,-0.005236,-0.052692,0.000000,0.296610,-0.003491,-0.001745,0.003491,0.069623,-0.005236,-0.000713,0.000000,0.017349,-0.001745,0.007694,-0.001745,-0.006409,-0.031416
1771466026.626,1029,1,1,0.0000,0.9998,0.0000,0.0001,0.0000,0.0000,0.0000,0.013322,0.026140,0.004516,0.001063,0.003269,0.000000,0.000000,-0.038725,-0.001745,0.019991,-0.001745,0.037190,-0.005236,-0.023481,0.000000,0.102679,-0.003491,0.000000,0.003491,0.098912,-0.003491,-0.103671,0.000000,0.100628,-0.001745,0.110652,-0.001745,-0.000020,-0.031416
1771466026.726,1032,1,1,0.0000,0.9998,0.0001,0.0001,0.0000,0.0000,0.0000,0.011436,0.028108,0.003040,0.000710,0.002836,0.000000,0.000000,-0.115374,-0.001745,0.063870,0.000000,0.019000,-0.005236,-0.069106,0.000000,0.054359,-0.003491,-0.001745,0.001745,0.044992,-0.005236,-0.066625,0.000000,0.175763,-0.001745,0.077097,-0.001745,0.037698,-0.031416
1771466026.824,1035,1,1,0.0000,0.9999,0.0001,0.0000,0.0000,0.0000,0.0000,0.015339,0.038356,0.001337,0.000668,0.000931,0.000000,0.000000,0.128327,-0.001745,0.054001,0.000000,-0.004301,-0.001745,-0.057492,0.001745,-0.074859,-0.003491,-0.001745,0.001745,0.030137,-0.003491,-0.068345,0.000000,0.241132,-0.001745,0.082308,-0.001745,0.104949,-0.031416
1771466026.924,1038,1,1,0.0000,0.9999,0.0001,0.0000,0.0000,0.0000,0.0000,0.011650,0.023947,0.001099,0.000163,0.001057,0.000000,0.000000,0.135739,-0.001745,-0.011047,0.000000,-0.009578,-0.005236,0.004066,0.000000,-0.082745,-0.003491,-0.001745,0.001745,0.020090,-0.003491,-0.070270,0.000000,0.121180,-0.001745,0.082487,-0.001745,0.061866,-0.031416
1771466027.025,1041,1,1,0.0000,0.9996,0.0003,0.0000,0.0000,0.0000,0.0000,0.008420,0.030647,0.000968,0.002172,0.001527,0.000000,0.000000,0.069408,-0.001745,-0.035129,0.000000,-0.016435,-0.001745,0.031638,0.000000,-0.063826,-0.003491,-0.003491,0.001745,0.150335,-0.003491,-0.098046,0.000000,0.077875,-0.001745,0.108518,-0.001745,0.029287,-0.031416
1771466027.125,1044,1,1,0.0000,0.9999,0.0001,0.0000,0.0000,0.0000,0.0000,0.001324,0.019481,0.003289,0.001782,0.003571,0.000000,0.000000,-0.130110,-0.001745,0.015891,0.000000,-0.020451,-0.005236,-0.017636,0.000000,-0.061198,-0.005236,-0.003491,0.001745,0.096772,-0.005236,-0.063626,0.000000,0.061163,-0.001745,0.074098,-0.001745,-0.014734,-0.031416
1771466027.225,1047,1,1,0.0000,0.9999,0.0001,0.0000,0.0000,0.0000,0.0000,0.000604,0.008236,0.002350,0.002097,0.000338,0.000000,0.000000,-0.034844,-0.001745,0.007252,0.000000,-0.018251,-0.005236,-0.012488,0.000000,-0.064017,-0.005236,0.000000,0.001745,0.062549,-0.003491,-0.024066,0.000000,-0.025156,0.000000,0.034538,-0.001745,-0.048605,-0.031416
1771466027.325,1050,1,1,0.0000,1.0000,0.0000,0.0000,0.0000,0.0000,0.0000,0.043221,0.004551,0.003285,0.004464,0.000445,0.000000,0.000000,-0.037452,-0.001745,0.064425,0.000000,0.179658,-0.005236,-0.067915,0.000000,0.274566,-0.003491,-0.001745,0.001745,-0.022420,-0.003491,0.052871,0.000000,-0.153010,-0.003491,-0.040654,-0.001745,-0.125894,-0.031416
1771466027.426,1053,1,1,0.0000,1.0000,0.0000,0.0000,0.0000,0.0000,0.0000,0.012441,0.002153,0.004036,0.004034,0.001253,0.000000,0.000000,-0.062288,-0.001745,-0.006257,0.000000,0.043769,-0.005236,0.004512,0.001745,0.099271,-0.003491,0.000000,0.001745,-0.119985,-0.003491,-0.006641,0.001745,-0.160141,0.000000,0.022349,-0.001745,-0.267649,-0.031416
1771466027.526,1056,1,1,0.0000,1.0000,0.0000,0.0000,0.0000,0.0000,0.0000,0.000266,0.006763,0.002669,0.003761,0.001282,0.000000,0.000000,-0.162788,-0.001745,-0.004936,0.000000,-0.084895,-0.005236,0.003191,0.000000,-0.247561,-0.003491,-0.001745,0.003491,-0.062568,-0.003491,0.075926,0.001745,-0.090933,0.000000,-0.061963,-0.001745,-0.174937,-0.031416
1771466027.626,1059,1,1,0.0000,1.0000,0.0000,0.0000,0.0000,0.0000,0.0000,0.000000,0.008505,0.001405,0.003763,0.002299,0.000000,0.000000,-0.103536,-0.001745,-0.001476,0.000000,-0.160015,-0.005236,-0.000269,0.000000,-0.295153,-0.003491,0.000000,0.001745,0.091584,-0.003491,0.002605,0.000000,-0.053492,0.000000,0.006121,-0.001745,-0.117219,-0.031416
1771466027.726,1062,1,1,0.0000,1.0000,0.0000,0.0000,0.0000,0.0000,0.0000,0.001990,0.005480,0.003062,0.004561,0.002030,0.000000,0.000000,0.000898,-0.001745,-0.024724,0.000000,-0.154809,-0.005236,0.022978,0.000000,-0.147321,-0.003491,0.000000,0.003491,-0.010342,-0.005236,-0.058773,0.000000,-0.028171,0.000000,0.062264,-0.001745,-0.070523,-0.031416
1771466027.826,1065,1,1,0.0000,1.0000,0.0000,0.0000,0.0000,0.0000,0.0000,0.015562,0.008428,0.003960,0.005158,0.002989,0.000000,0.000000,0.176605,-0.001745,-0.013633,0.000000,-0.124488,-0.005236,0.010142,0.000000,-0.061097,-0.003491,0.000000,0.003491,0.051823,-0.005236,-0.024444,0.001745,0.012655,0.000000,0.031425,-0.001745,-0.008307,-0.031416
1771466027.927,1068,1,1,0.0000,1.0000,0.0000,0.0000,0.0000,0.0000,0.0000,0.013201,0.007098,0.004543,0.005272,0.002090,0.000000,0.000000,0.079983,-0.001745,0.076679,0.000000,-0.178337,-0.005236,-0.076679,0.001745,-0.071477,-0.003491,-0.001745,0.003491,-0.447800,-0.003491,-0.006977,0.001745,-0.257175,0.000000,0.019194,0.000000,0.060745,-0.031416
1771466028.027,1071,1,1,0.0000,1.0000,0.0000,0.0000,0.0000,0.0000,0.0000,0.004517,0.002650,0.002015,0.003214,0.000903,0.000000,0.000000,0.039437,-0.001745,0.014766,0.000000,-0.116871,-0.005236,-0.016511,0.000000,-0.092243,-0.003491,-0.001745,0.003491,-0.342231,-0.003491,-0.005173,0.000000,-0.107556,0.000000,0.012154,0.000000,0.016153,-0.031416
1771466028.127,1074,1,1,0.0000,1.0000,0.0000,0.0000,0.0000,0.0000,0.0000,0.000986,0.002238,0.002314,0.003336,0.002651,0.000000,0.000000,-0.025252,-0.001745,-0.011829,0.000000,-0.093488,-0.005236,0.011829,0.000000,-0.083347,-0.003491,0.000000,0.001745,-0.297019,-0.005236,-0.023362,0.000000,-0.177472,0.000000,0.025108,0.000000,-0.089525,-0.031416
1771466028.227,1077,1,1,0.0002,0.9994,0.0000,0.0002,0.0000,0.0000,0.0002,0.016019,0.002539,0.003343,0.004140,0.000873,0.000000,0.000000,-0.010410,-0.001745,0.094322,0.000000,0.096161,-0.001745,-0.092577,0.001745,-0.068586,-0.005236,0.000000,0.001745,-0.170866,-0.005236,-0.025230,0.000000,-0.110896,0.000000,0.028721,0.000000,-0.079898,-0.031416
1771466028.328,1080,1,1,0.0001,0.9996,0.0001,0.0002,0.0000,0.0000,0.0001,0.007559,0.014501,0.002367,0.011909,0.010431,0.000000,0.000000,0.001044,-0.001745,0.050071,0.000000,0.039589,-0.005236,-0.050071,0.000000,-0.097469,-0.003491,0.000000,0.001745,0.095996,-0.005236,0.074527,0.000000,-0.127928,0.000000,-0.072781,0.001745,-0.057536,-0.031416
1771466028.428,1083,1,1,0.0001,0.9996,0.0001,0.0001,0.0000,0.0000,0.0001,0.020029,0.042966,0.003021,0.004057,0.001281,0.000000,0.000000,0.158337,-0.001745,-0.085499,0.000000,-0.003105,-0.005236,0.082009,0.000000,-0.080464,-0.003491,0.000000,0.001745,0.331588,-0.003491,0.068189,0.001745,0.043242,-0.001745,-0.066443,0.000000,0.069083,-0.031416
1771466028.528,1086,1,1,0.0000,0.9988,0.0009,0.0001,0.0000,0.0000,0.0002,0.014769,0.088336,0.003195,0.002863,0.005077,0.000000,0.001745,0.074668,-0.001745,-0.097322,0.000000,-0.105914,-0.005236,0.100813,0.000000,-0.082391,-0.003491,0.001745,0.000000,0.323060,-0.003491,0.098473,0.001745,0.308639,0.000000,-0.101964,0.001745,0.324629,-0.031416
1771466028.628,1089,1,1,0.0000,0.9911,0.0085,0.0001,0.0000,0.0000,0.0003,0.007101,0.131210,0.004276,0.003055,0.003099,0.000000,0.001745,0.039975,-0.001745,-0.038257,-0.001745,-0.070349,-0.005236,0.041747,0.001745,-0.082347,-0.005236,0.003491,0.000000,0.451151,-0.003491,0.077898,0.000000,0.504638,0.000000,-0.077898,0.001745,0.535601,-0.031416
1771466028.728,1092,1,1,0.0000,0.9641,0.0356,0.0000,0.0000,0.0000,0.0003,0.013725,0.204834,0.006201,0.003297,0.008414,0.000000,0.001745,0.073642,-0.001745,0.060247,0.000000,-0.052718,-0.005236,-0.055011,0.000000,0.029070,-0.003491,0.003491,0.000000,0.635524,-0.005236,0.133068,0.001745,0.934255,0.000000,-0.134813,0.000000,0.749928,-0.031416
1771466028.829,1095,1,1,0.0000,0.8008,0.1990,0.0000,0.0000,0.0000,0.0001,0.005831,0.126063,0.003840,0.001842,0.003728,0.000000,0.000000,0.058872,-0.001745,0.001927,0.000000,-0.028914,-0.005236,0.006800,0.001745,0.000628,-0.003491,0.001745,0.000000,0.472809,-0.003491,0.045410,0.000000,0.558577,0.000000,-0.041920,0.003491,0.430729,-0.031416
1771466028.929,1098,2,2,0.0000,0.4486,0.5514,0.0000,0.0000,0.0000,0.0000,0.003855,0.076116,0.003297,0.003208,0.001488,0.000000,0.000000,-0.126623,-0.001745,-0.034849,0.000000,-0.029666,-0.005236,0.038340,0.000000,0.007916,-0.003491,0.001745,0.000000,0.342877,-0.001745,0.061187,-0.001745,0.244096,0.003491,-0.066423,0.001745,0.258246,-0.027925
1771466029.029,1101,2,1,0.0000,0.3732,0.6268,0.0000,0.0000,0.0000,0.0000,0.023762,0.079398,0.004048,0.004039,0.002240,0.000000,0.003491,-0.016669,-0.001745,-0.093747,-0.003491,-0.045507,-0.001745,0.104219,0.000000,0.177437,-0.003491,0.001745,0.005236,0.155338,0.012217,0.039873,0.001745,0.366381,0.005236,-0.039873,0.000000,0.365001,-0.010472
1771466029.130,1104,2,2,0.0000,0.1220,0.8780,0.0000,0.0000,0.0000,0.0000,0.015827,0.086476,0.002318,0.004544,0.004179,0.000000,0.003491,-0.010131,-0.001745,-0.108607,-0.003491,-0.056040,-0.005236,0.119079,0.000000,0.067351,-0.003491,0.001745,0.008727,0.273306,0.022689,-0.025349,-0.003491,0.380718,0.022689,0.025349,0.000000,0.297249,0.005236
1771466029.231,1107,2,2,0.0000,0.1705,0.8295,0.0000,0.0000,0.0000,0.0000,0.007935,0.086530,0.002607,0.008029,0.005837,0.000000,0.001745,-0.042382,-0.001745,-0.083004,-0.003491,-0.047273,-0.005236,0.093476,0.000000,-0.121683,-0.003491,0.001745,0.010472,0.312508,0.027925,-0.024444,-0.005236,0.362907,0.036652,0.019208,-0.001745,0.252985,0.013963
1771466029.331,1110,2,2,0.0000,0.2914,0.7086,0.0000,0.0000,0.0000,0.0000,0.004338,0.108245,0.001991,0.006622,0.003107,0.000000,0.001745,-0.041253,-0.001745,0.050308,-0.001745,-0.016721,-0.005236,-0.043327,0.000000,-0.084983,-0.003491,0.001745,0.024435,0.320185,0.029671,-0.048251,-0.013963,0.365016,0.048869,0.039524,-0.005236,0.455534,0.013963
1771466029.431,1113,2,2,0.0001,0.4072,0.5926,0.0000,0.0001,0.0000,0.0000,0.006286,0.149066,0.000842,0.002210,0.001737,0.000000,0.001745,-0.013214,-0.001745,0.073687,-0.001745,-0.007240,-0.001745,-0.068451,0.000000,-0.057545,-0.003491,0.001745,0.048869,0.209918,0.038397,-0.023392,-0.031416,1.057378,0.064577,0.009430,-0.005236,0.344513,0.013963
1771466029.533,1116,1,1,0.0001,0.6463,0.3535,0.0000,0.0001,0.0000,0.0000,0.004787,0.068958,0.001223,0.002997,0.002144,0.000000,0.000000,-0.000778,-0.001745,0.057449,-0.001745,-0.009889,-0.005236,-0.055704,0.000000,-0.066015,-0.003491,0.003491,0.071558,0.239217,0.054105,-0.026292,-0.047124,0.359525,0.071558,0.012330,0.001745,-0.124222,0.013963
1771466029.633,1119,1,1,0.0001,0.7009,0.2990,0.0000,0.0000,0.0000,0.0000,0.006824,0.069914,0.000827,0.001764,0.001947,0.000000,0.003491,-0.002510,-0.001745,0.078396,-0.001745,-0.041564,-0.005236,-0.080142,0.000000,-0.093279,-0.003491,0.001745,0.080285,0.264543,0.061087,-0.020196,-0.048869,0.342292,0.075049,-0.004239,0.001745,-0.082750,0.012217
1771466029.735,1122,2,2,0.0000,0.1895,0.8105,0.0000,0.0000,0.0000,0.0000,0.004640,0.079853,0.002396,0.002368,0.001528,0.000000,0.003491,-0.005628,-0.001745,0.052195,-0.001745,-0.034786,-0.005236,-0.053941,0.000000,-0.065911,-0.005236,0.001745,0.082030,0.257284,0.062832,-0.039113,-0.048869,0.455884,0.075049,0.009443,0.001745,-0.026837,0.012217
1771466029.835,1125,2,2,0.0000,0.0202,0.9798,0.0000,0.0000,0.0000,0.0000,0.003541,0.077055,0.001342,0.001923,0.002737,0.000000,0.001745,-0.090704,-0.001745,-0.030581,-0.001745,0.005881,-0.005236,0.027090,0.000000,0.007776,-0.003491,0.003491,0.080285,0.289054,0.064577,-0.098415,-0.052360,0.334737,0.076794,0.061763,0.001745,-0.013520,0.012217
1771466029.936,1128,2,2,0.0000,0.0025,0.9975,0.0000,0.0000,0.0000,0.0000,0.012822,0.069671,0.001105,0.002130,0.000925,0.000000,0.001745,-0.165141,-0.001745,-0.037134,-0.003491,0.068810,-0.005236,0.038879,0.000000,0.044424,-0.003491,0.005236,0.082030,0.484553,0.066323,-0.017894,-0.054105,0.107158,0.076794,-0.020503,0.001745,-0.095045,0.012217
1771466030.036,1131,2,2,0.0000,0.0298,0.9693,0.0000,0.0000,0.0007,0.0002,0.002596,0.070170,0.001270,0.001456,0.000259,0.000000,0.001745,-0.106720,-0.001745,-0.011382,-0.001745,0.008023,-0.001745,0.013128,0.000000,0.008255,-0.003491,0.008727,0.082030,0.457576,0.066323,-0.033641,-0.055851,0.136626,0.076794,-0.004756,0.001745,-0.155799,0.012217
1771466030.135,1134,2,2,0.0001,0.1215,0.8759,0.0000,0.0000,0.0022,0.0003,0.007289,0.025744,0.002688,0.005570,0.006482,0.000000,0.001745,-0.076829,-0.001745,-0.076542,-0.003491,-0.014333,-0.001745,0.074796,0.000000,0.010924,-0.003491,0.008727,0.082030,-0.283661,0.064577,-0.101229,-0.055851,-0.582167,0.076794,0.062832,0.001745,-0.474798,0.012217
1771466030.236,1137,2,2,0.0000,0.2215,0.7774,0.0000,0.0000,0.0009,0.0001,0.006176,0.051038,0.000661,0.001988,0.003537,0.000000,0.001745,-0.049223,-0.001745,-0.047423,0.000000,-0.029914,-0.001745,0.045678,0.000000,0.026690,-0.003491,0.008727,0.082030,-1.220914,0.066323,-0.384352,-0.055851,0.018667,0.076794,0.345954,0.001745,-0.278541,0.012217
1771466030.336,1140,2,2,0.0000,0.0718,0.9279,0.0000,0.0000,0.0002,0.0000,0.000816,0.046540,0.000798,0.008008,0.003922,0.000000,0.001745,-0.013223,-0.001745,-0.013286,-0.001745,-0.066498,-0.001745,0.008050,0.000000,-0.200583,-0.001745,0.008727,0.082030,-1.647831,0.068068,-0.347293,-0.052360,-1.247630,0.076794,0.308895,0.001745,-1.201352,0.012217
1771466030.436,1143,2,2,0.0000,0.0668,0.9330,0.0000,0.0000,0.0002,0.0000,0.000564,0.034800,0.001637,0.002577,0.008796,0.000000,0.001745,-0.035530,-0.001745,-0.010255,-0.001745,-0.111607,-0.001745,0.005019,0.000000,-0.178796,-0.001745,0.008727,0.061087,-1.817489,0.075049,-0.216891,-0.027925,-1.559320,0.076794,0.181984,0.001745,-1.747489,0.012217
1771466030.537,1146,2,2,0.0000,0.0875,0.9125,0.0000,0.0000,0.0000,0.0000,0.002263,0.031467,0.002365,0.004713,0.003822,0.000000,0.001745,-0.158465,-0.001745,0.023667,0.000000,-0.154953,-0.001745,-0.028903,0.001745,-0.163498,-0.001745,0.006981,0.041888,-1.650651,0.080285,-0.178632,-0.008727,-1.641809,0.076794,0.157688,0.001745,-1.792061,0.012217
1771466030.638,1149,2,2,0.0000,0.1262,0.8738,0.0000,0.0000,0.0000,0.0000,0.001709,0.030737,0.001283,0.003166,0.005951,0.000000,0.001745,-0.002367,-0.001745,0.018764,0.000000,-0.221686,-0.005236,-0.029236,0.000000,-0.340168,-0.003491,0.003491,0.033161,-1.614326,0.083776,-0.164640,0.000000,-1.740940,0.076794,0.157658,0.001745,-1.796204,0.012217
1771466030.738,1152,2,2,0.0000,0.1955,0.8044,0.0000,0.0000,0.0000,0.0000,0.000337,0.032424,0.000969,0.005525,0.006027,0.000000,0.001745,-0.080728,-0.001745,0.002299,0.000000,-0.299894,-0.005236,-0.016261,0.000000,-0.393016,-0.001745,0.003491,0.027925,-1.566614,0.087266,-0.181392,0.005236,-1.851770,0.076794,0.176156,0.000000,-1.857597,0.012217
1771466030.838,1155,2,2,0.0000,0.1720,0.8280,0.0000,0.0000,0.0000,0.0000,0.001073,0.033199,0.000515,0.001440,0.002063,0.000000,0.000000,-0.097017,-0.001745,-0.025096,0.000000,-0.174533,-0.006981,0.011133,0.001745,-0.315418,-0.001745,0.003491,0.024435,-1.642609,0.090757,-0.183710,0.010472,-1.891650,0.076794,0.178474,0.001745,-1.854429,0.012217
1771466030.938,1158,2,2,0.0000,0.1525,0.8474,0.0000,0.0000,0.0000,0.0000,0.004388,0.033318,0.000948,0.002969,0.007756,0.000000,0.000000,0.041664,-0.001745,-0.024956,0.000000,-0.135883,-0.005236,0.010993,0.000000,-0.219395,-0.003491,0.001745,0.024435,-1.677330,0.092502,-0.179910,0.010472,-1.885609,0.076794,0.178164,0.003491,-1.969493,0.012217
1771466031.039,1161,2,2,0.0000,0.0297,0.9703,0.0000,0.0000,0.0000,0.0000,0.000079,0.036349,0.001268,0.001545,0.002826,0.000000,0.000000,-0.063211,-0.001745,-0.020149,0.000000,-0.117307,-0.005236,0.000950,0.000000,-0.159249,-0.003491,0.000000,0.024435,-1.540980,0.092502,-0.218017,0.012217,-1.884968,0.076794,0.218017,0.000000,-1.869832,0.012217
1771466031.139,1164,2,2,0.0000,0.0117,0.9883,0.0000,0.0000,0.0000,0.0000,0.000145,0.036836,0.000888,0.001877,0.002139,0.001745,-0.001745,-0.211814,-0.001745,-0.010608,0.000000,-0.118496,-0.005236,-0.005100,0.000000,-0.123768,-0.001745,0.001745,0.022689,-1.401425,0.092502,-0.225612,0.012217,-1.887145,0.076794,0.225612,0.000000,-1.870756,0.010472
1771466031.240,1167,2,2,0.0000,0.0078,0.9922,0.0000,0.0000,0.0000,0.0000,0.000145,0.035482,0.000819,0.004125,0.002179,0.001745,0.000000,-0.195145,-0.001745,-0.001595,0.000000,-0.103415,-0.005236,-0.012368,0.000000,-0.103320,-0.001745,0.001745,0.017453,-1.416131,0.092502,-0.214604,0.012217,-1.888319,0.076794,0.214604,0.000000,-1.870864,0.010472
1771466031.341,1170,2,2,0.0000,0.0067,0.9933,0.0000,0.0000,0.0000,0.0000,0.000538,0.035317,0.002808,0.004480,0.002505,0.001745,0.000000,-0.100175,-0.001745,0.001216,0.001745,-0.093954,-0.005236,-0.015179,0.001745,-0.079468,-0.001745,0.003491,0.010472,-1.408742,0.090757,-0.223093,0.008727,-1.898033,0.080285,0.219602,-0.003491,-1.844303,0.010472
1771466031.442,1173,2,2,0.0000,0.0082,0.9918,0.0000,0.0000,0.0000,0.0000,0.020243,0.035680,0.003021,0.002158,0.002680,0.003491,0.000000,0.183069,-0.001745,-0.001529,0.001745,0.022576,-0.005236,-0.014179,0.000000,0.032032,-0.003491,0.005236,0.000000,-1.391313,0.090757,-0.232679,0.006981,-1.974345,0.082030,0.232679,-0.006981,-1.850041,0.010472
1771466031.543,1176,2,2,0.0000,0.3783,0.6217,0.0000,0.0000,0.0000,0.0000,0.011682,0.037020,0.002924,0.000688,0.002943,0.001745,-0.001745,0.134946,-0.001745,-0.000361,0.001745,-0.007986,-0.005236,-0.015347,0.001745,-0.011504,-0.003491,0.003491,-0.003491,-1.389638,0.090757,-0.252253,0.005236,-2.045277,0.082030,0.252253,-0.006981,-1.804670,0.010472
1771466031.644,1179,1,1,0.0000,0.9947,0.0052,0.0000,0.0000,0.0000,0.0000,0.005375,0.035689,0.001244,0.000522,0.000626,0.001745,0.000000,0.050055,-0.001745,-0.028412,0.000000,-0.017010,-0.005236,0.012704,0.000000,-0.006870,-0.005236,0.003491,-0.006981,-1.386162,0.090757,-0.232793,0.006981,-2.050331,0.082030,0.234538,-0.006981,-1.734094,0.010472
1771466031.743,1182,1,1,0.0000,0.9993,0.0007,0.0000,0.0000,0.0000,0.0000,0.001261,0.021609,0.000207,0.000445,0.001144,0.001745,0.000000,-0.019493,-0.001745,-0.034329,0.000000,-0.020423,-0.005236,0.011639,0.001745,-0.000485,-0.003491,0.001745,0.000000,-1.127989,0.055851,-0.133646,0.003491,-1.785781,0.055851,0.133646,-0.001745,-1.390381,0.008727
1771466031.844,1185,1,1,0.0000,0.9998,0.0002,0.0000,0.0000,0.0000,0.0000,0.000691,0.012116,0.000915,0.000590,0.000689,0.001745,0.000000,-0.014748,-0.001745,-0.028541,0.000000,-0.020723,-0.005236,0.002361,0.000000,0.004181,-0.005236,0.000000,0.001745,-0.883656,0.026180,-0.068593,0.001745,-1.505160,0.036652,0.070338,0.000000,-1.077640,0.008727
1771466031.947,1188,1,1,0.0000,0.9999,0.0001,0.0000,0.0000,0.0000,0.0000,0.000307,0.007845,0.001149,0.000827,0.002029,0.001745,0.000000,-0.032456,-0.001745,-0.033021,0.000000,-0.022384,-0.005236,-0.001886,0.001745,0.000188,-0.003491,0.000000,0.001745,-0.615078,0.010472,-0.050511,0.001745,-1.236587,0.024435,0.050511,0.000000,-0.826734,0.005236
1771466032.047,1191,1,1,0.0000,0.9999,0.0001,0.0000,0.0000,0.0000,0.0000,0.000694,0.004845,0.001999,0.003538,0.001524,0.001745,0.000000,-0.001976,-0.001745,-0.034131,0.000000,-0.025927,-0.005236,-0.000776,0.003491,0.003098,-0.003491,0.000000,0.001745,-0.368300,0.001745,-0.042433,0.000000,-0.965803,0.005236,0.045924,0.000000,-0.561489,0.003491
1771466032.147,1194,1,1,0.0000,0.9999,0.0000,0.0000,0.0000,0.0000,0.0000,0.002480,0.002439,0.001687,0.003299,0.002013,0.001745,-0.001745,-0.028982,-0.001745,0.026270,0.000000,-0.058493,-0.005236,-0.057686,0.001745,-0.046586,-0.003491,0.000000,0.001745,-0.240383,0.000000,-0.018799,0.000000,-0.709720,0.000000,0.024035,0.000000,-0.350500,0.003491
1771466032.245,1197,1,1,0.0000,1.0000,0.0000,0.0000,0.0000,0.0000,0.0000,0.001018,0.003457,0.009146,0.006246,0.001355,0.001745,0.000000,-0.032180,-0.001745,0.008722,0.000000,-0.137794,-0.005236,-0.047119,0.001745,-0.144239,-0.003491,0.000000,0.001745,-0.170093,0.000000,0.036254,0.000000,-0.422294,0.000000,-0.029273,0.000000,-0.235977,0.003491
1771466032.346,1200,1,1,0.0000,1.0000,0.0000,0.0000,0.0000,0.0000,0.0000,0.000291,0.003012,0.003606,0.004307,0.004300,0.001745,-0.001745,-0.263245,-0.001745,-0.016081,0.000000,-0.133036,-0.005236,-0.022316,0.001745,-0.122316,-0.003491,-0.001745,0.001745,-0.119079,0.000000,0.030902,-0.001745,-0.257422,0.000000,-0.016940,0.000000,-0.175279,0.003491
1771466032.446,1203,1,1,0.0000,1.0000,0.0000,0.0000,0.0000,0.0000,0.0000,0.000291,0.004150,0.001659,0.001436,0.001949,0.001745,0.000000,-0.014796,-0.001745,-0.016757,0.000000,-0.091628,-0.001745,-0.014659,0.001745,-0.056663,-0.003491,-0.001745,0.003491,-0.116884,0.000000,-0.035833,0.000000,-0.170813,0.000000,0.044560,-0.001745,-0.145034,0.001745
1771466032.547,1206,1,1,0.0000,1.0000,0.0000,0.0000,0.0000,0.0000,0.0000,0.007848,0.002631,0.001828,0.001466,0.003389,0.001745,0.000000,0.090688,-0.001745,-0.014991,0.000000,-0.089819,-0.005236,-0.012935,0.001745,-0.050091,-0.003491,-0.001745,0.001745,-0.097819,-0.001745,0.026332,-0.001745,-0.075538,0.000000,-0.015860,0.003491,-0.124462,0.000000
1771466032.649,1209,1,1,0.0000,1.0000,0.0000,0.0000,0.0000,0.0000,0.0000,0.006771,0.001562,0.006565,0.004300,0.002366,0.001745,0.000000,0.077761,-0.001745,-0.014337,0.000000,-0.073431,-0.005236,-0.011843,0.001745,-0.038374,-0.005236,0.000000,0.003491,-0.046482,-0.001745,0.015254,-0.001745,-0.078960,-0.003491,-0.004782,0.000000,-0.103326,0.000000
1771466032.749,1212,1,1,0.0000,1.0000,0.0000,0.0000,0.0000,0.0000,0.0000,0.000797,0.001018,0.003371,0.001181,0.002028,0.001745,-0.001745,-0.122554,-0.003491,0.007824,0.000000,-0.072308,-0.006981,-0.030513,0.000000,-0.010550,-0.003491,-0.001745,0.003491,-0.086191,0.000000,0.006899,0.000000,-0.067817,-0.001745,0.001827,-0.003491,-0.092172,0.000000
1771466032.853,1215,1,1,0.0000,1.0000,0.0000,0.0000,0.0000,0.0000,0.0000,0.001875,0.001600,0.004177,0.001735,0.004788,0.001745,0.000000,-0.477182,-0.001745,-0.003681,0.000000,-0.011044,-0.005236,-0.019008,0.001745,0.019008,-0.003491,-0.001745,0.003491,-0.101100,-0.001745,0.013838,0.000000,-0.056636,-0.001745,0.001870,0.000000,-0.084768,0.000000
1771466032.961,1218,1,1,0.0000,1.0000,0.0000,0.0000,0.0000,0.0000,0.0000,0.012643,0.003108,0.002841,0.001278,0.002044,0.000000,-0.001745,-0.209532,-0.001745,-0.016860,0.000000,0.066018,-0.005236,-0.007575,0.001745,0.083954,-0.003491,0.000000,0.003491,-0.112838,-0.001745,0.033807,0.000000,-0.058926,-0.003491,-0.018099,0.000000,-0.050198,0.000000
1771466033.055,1221,1,1,0.0000,0.9999,0.0000,0.0001,0.0000,0.0000,0.0000,0.025399,0.001891,0.004948,0.005093,0.003348,0.000000,0.000000,0.255201,-0.001745,-0.007054,0.000000,0.017036,-0.005236,-0.008653,0.001745,0.030801,-0.003491,-0.001745,0.003491,-0.218122,-0.001745,0.005230,0.000000,-0.060724,-0.003491,0.013968,-0.003491,-0.055723,0.000000
1771466033.155,1224,1,1,0.0001,0.9991,0.0000,0.0006,0.0000,0.0000,0.0002,0.020107,0.001891,0.000411,0.001611,0.003806,0.001745,0.000000,0.224528,-0.001745,-0.021261,0.001745,-0.022419,-0.005236,0.007298,0.000000,0.005965,-0.003491,-0.001745,0.001745,-0.157414,-0.001745,0.008359,0.000000,-0.077413,-0.003491,0.012584,0.000000,-0.063010,0.000000
1771466033.255,1227,1,1,0.0003,0.9979,0.0001,0.0015,0.0000,0.0000,0.0002,0.013136,0.001018,0.006677,0.001321,0.005591,0.001745,0.000000,0.132400,-0.001745,-0.006363,0.001745,-0.019154,-0.005236,-0.009345,0.000000,0.021740,-0.003491,-0.001745,0.001745,-0.157373,-0.001745,0.005139,0.000000,-0.096258,-0.003491,0.005333,0.000000,-0.059555,0.000000
1771466033.356,1230,1,1,0.0005,0.9935,0.0001,0.0054,0.0000,0.0000,0.0005,0.020382,0.000877,0.002384,0.002565,0.001087,0.001745,0.000000,0.070587,-0.001745,0.004015,0.000000,0.036189,-0.001745,-0.016232,0.000000,0.132051,-0.003491,-0.001745,0.003491,-0.155407,-0.001745,-0.001801,0.000000,-0.096726,-0.003491,0.007037,0.000000,-0.046511,0.000000
1771466033.456,1233,1,1,0.0004,0.9846,0.0001,0.0142,0.0000,0.0000,0.0006,0.013452,0.001862,0.003929,0.002832,0.002329,0.001745,0.000000,0.046428,-0.003491,0.002850,0.000000,0.016762,-0.005236,-0.015067,0.000000,0.093637,-0.005236,-0.001745,0.003491,-0.144069,-0.003491,0.018851,0.000000,-0.100680,-0.001745,-0.013615,0.000000,-0.045158,0.000000
1771466033.556,1236,1,1,0.0002,0.9826,0.0001,0.0167,0.0000,0.0000,0.0004,0.010414,0.004962,0.001661,0.002037,0.002327,0.001745,0.000000,0.031116,-0.001745,-0.002420,0.000000,0.022065,-0.001745,-0.008051,0.000000,0.070044,-0.003491,0.000000,0.003491,-0.134677,-0.003491,0.056049,0.000000,-0.111677,-0.003491,-0.042086,0.000000,-0.029165,0.000000
1771466033.657,1239,1,1,0.0001,0.9942,0.0001,0.0053,0.0000,0.0000,0.0003,0.014667,0.017422,0.003172,0.001541,0.001644,0.001745,0.000000,0.022633,-0.001745,-0.003010,0.000000,0.062768,-0.001745,-0.002226,0.000000,0.088854,-0.003491,-0.001745,0.003491,-0.111023,-0.001745,0.043783,0.001745,-0.066145,-0.001745,-0.024584,0.000000,0.160044,0.000000
1771466033.758,1242,1,1,0.0000,0.9989,0.0001,0.0007,0.0000,0.0000,0.0002,0.006790,0.024321,0.002969,0.001199,0.002331,0.001745,0.000000,0.008763,-0.001745,-0.011814,0.000000,0.016425,-0.005236,0.004832,0.000000,0.049716,-0.003491,0.000000,0.001745,-0.030996,-0.001745,0.038550,0.001745,0.001876,-0.001745,-0.010625,0.000000,0.247933,0.000000
1771466033.857,1245,1,1,0.0000,0.9999,0.0001,0.0000,0.0000,0.0000,0.0000,0.004404,0.033202,0.002612,0.002983,0.001327,0.001745,0.000000,-0.035181,-0.001745,-0.005653,0.000000,0.002799,-0.006981,-0.001328,0.000000,0.048303,-0.005236,-0.001745,0.001745,0.091589,-0.003491,0.044885,0.000000,0.038882,-0.001745,-0.015214,0.000000,0.221318,0.000000
1771466033.957,1248,1,1,0.0000,0.9998,0.0001,0.0000,0.0000,0.0000,0.0002,0.002380,0.025409,0.001415,0.001512,0.001330,0.001745,0.000000,-0.009312,-0.001745,-0.021723,0.000000,0.001521,-0.001745,0.006015,0.000000,0.019275,-0.003491,0.000000,0.001745,0.013212,-0.001745,0.022314,0.000000,0.060348,-0.001745,0.005611,-0.001745,0.201682,0.000000
1771466034.058,1251,1,1,0.0000,0.9999,0.0000,0.0000,0.0000,0.0000,0.0000,0.006070,0.024908,0.000419,0.001304,0.001561,0.001745,0.000000,0.031359,-0.001745,-0.008038,0.000000,-0.001433,-0.001745,-0.007670,0.000000,0.039739,-0.003491,0.000000,0.003491,-0.009539,-0.001745,0.020113,0.000000,0.127726,-0.001745,-0.002660,0.000000,0.147566,0.000000
1771466034.158,1254,1,1,0.0000,0.9999,0.0000,0.0000,0.0000,0.0000,0.0000,0.006506,0.008586,0.003630,0.001296,0.002286,0.000000,0.000000,0.025671,-0.001745,0.000466,0.000000,-0.001061,-0.005236,-0.016174,0.000000,0.051939,-0.003491,-0.001745,0.001745,-0.178739,-0.003491,0.015264,0.000000,0.050934,-0.001745,0.002189,0.003491,0.029409,0.000000
1771466034.259,1257,1,1,0.0000,1.0000,0.0000,0.0000,0.0000,0.0000,0.0000,0.005342,0.003019,0.002922,0.002696,0.000670,0.001745,0.000000,0.035349,-0.001745,-0.025162,0.000000,-0.005491,-0.005236,0.014690,0.000000,0.012325,-0.003491,-0.001745,0.000000,-0.123229,-0.001745,0.015720,0.000000,0.017016,-0.001745,-0.006994,0.003491,-0.007880,0.000000
1771466034.359,1260,1,1,0.0000,1.0000,0.0000,0.0000,0.0000,0.0000,0.0000,0.007256,0.004269,0.001883,0.000868,0.001325,0.001745,0.000000,0.039425,-0.001745,-0.065106,0.000000,-0.020026,-0.001745,0.045907,0.000000,-0.102444,-0.003491,0.000000,0.001745,-0.130462,-0.003491,0.043137,0.000000,0.006343,-0.001745,-0.022193,-0.001745,-0.012990,0.000000
1771466034.461,1263,1,1,0.0000,1.0000,0.0000,0.0000,0.0000,0.0000,0.0000,0.009892,0.009882,0.002571,0.001765,0.000800,0.001745,0.000000,0.094658,-0.001745,-0.048487,0.000000,-0.018233,-0.005236,0.022307,0.000000,-0.046064,-0.003491,0.000000,0.001745,-0.134735,-0.003491,0.039012,0.000000,0.071633,-0.001745,-0.009341,-0.001745,0.006193,0.000000
1771466034.561,1266,1,1,0.0000,1.0000,0.0000,0.0000,0.0000,0.0000,0.0000,0.003816,0.005859,0.003451,0.004594,0.001542,0.001745,0.000000,-0.034922,-0.001745,-0.077204,0.000000,-0.016724,-0.005236,0.044043,0.000000,-0.051820,-0.003491,0.000000,0.003491,-0.308750,-0.001745,0.043543,0.000000,0.021529,-0.001745,-0.013872,0.001745,-0.017808,0.000000
1771466034.661,1269,1,1,0.0000,1.0000,0.0000,0.0000,0.0000,0.0000,0.0000,0.004702,0.011312,0.004005,0.003225,0.001573,0.001745,0.000000,-0.115989,-0.001745,-0.086097,0.000000,-0.008676,-0.005236,0.054681,0.000000,-0.049442,-0.003491,0.000000,0.003491,-0.026415,-0.001745,0.047131,0.000000,0.008398,-0.001745,-0.008734,0.000000,0.076725,0.000000
1771466034.762,1272,1,1,0.0000,0.9999,0.0000,0.0000,0.0000,0.0000,0.0000,0.003885,0.013668,0.000000,0.000000,0.000000,0.001745,0.000000,-0.084583,-0.001745,-0.074549,0.000000,-0.004802,-0.001745,0.043133,0.001745,-0.045382,-0.003491,-0.001745,0.001745,-0.049464,-0.003491,0.059892,0.000000,0.008842,-0.001745,-0.019749,0.000000,0.093540,0.000000
1771466034.863,1275,1,1,0.0003,0.9987,0.0008,0.0000,0.0000,0.0000,0.0002,0.001155,0.114634,0.002848,0.001504,0.005304,0.001745,0.000000,-0.008812,-0.001745,-0.040040,0.000000,-0.006532,-0.001745,0.012115,0.000000,-0.043624,-0.001745,-0.001745,0.001745,0.443075,-0.001745,0.018601,0.000000,0.363129,-0.001745,0.014560,0.000000,0.534493,0.000000
1771466034.967,1278,1,1,0.0001,0.9943,0.0054,0.0001,0.0000,0.0000,0.0002,0.025436,0.279340,0.000698,0.002473,0.003005,0.001745,0.000000,0.040143,-0.001745,0.083792,0.001745,0.133310,-0.005236,-0.115208,0.000000,0.044496,-0.001745,0.000000,0.003491,1.192680,-0.001745,0.002400,-0.001745,0.859398,-0.001745,0.020289,0.000000,1.273820,0.000000
1771466035.066,1281,1,1,0.0000,0.9895,0.0079,0.0003,0.0001,0.0000,0.0023,0.127378,0.262785,0.001908,0.000563,0.001630,0.003491,0.000000,0.051355,-0.001745,0.064518,0.000000,0.790315,-0.005236,-0.090698,0.000000,0.618854,-0.001745,0.000000,0.001745,0.634425,-0.001745,0.092609,-0.003491,1.358762,-0.003491,-0.076901,0.001745,1.064135,0.000000
1771466035.168,1284,1,1,0.0000,0.9875,0.0034,0.0003,0.0001,0.0000,0.0087,0.198667,0.253539,0.000858,0.000701,0.002152,0.001745,-0.001745,0.259025,-0.001745,0.144906,0.000000,1.220371,-0.001745,-0.167595,0.001745,0.756207,-0.001745,0.000000,0.001745,0.814592,-0.001745,0.039968,-0.001745,1.384332,-0.003491,-0.027750,0.006981,0.794844,0.000000
1771466035.267,1287,1,1,0.0000,0.9287,0.0050,0.0005,0.0003,0.0000,0.0655,0.176282,0.145518,0.002073,0.001942,0.002161,0.001745,0.000000,0.132650,-0.001745,0.030401,0.010472,1.349138,-0.001745,-0.056581,0.006981,0.583992,0.000000,0.000000,0.001745,0.621362,-0.001745,0.079628,0.000000,0.703888,-0.003491,-0.063920,0.003491,0.329124,0.006981
1771466035.367,1290,1,1,0.0000,0.6854,0.0070,0.0005,0.0004,0.0000,0.3067,0.173964,0.107289,0.000768,0.000507,0.000601,0.001745,0.000000,0.115392,-0.001745,0.051323,0.033161,1.322037,0.003491,-0.094956,0.005236,0.555184,0.000000,0.000000,0.001745,0.400483,-0.001745,0.047259,0.000000,0.527779,-0.003491,-0.021079,0.008727,0.278789,0.022689
1771466035.470,1293,6,1,0.0000,0.4326,0.0066,0.0007,0.0005,0.0000,0.5595,0.173813,0.091608,0.001788,0.000156,0.001659,0.001745,0.000000,0.088977,-0.001745,-0.021918,0.050615,1.456704,0.006981,-0.019970,0.024435,0.440591,0.015708,-0.001745,0.003491,0.366615,0.019199,0.009809,0.012217,0.441287,0.034907,0.005899,0.012217,0.163988,0.029671
1771466035.580,1296,6,6,0.0000,0.2135,0.0058,0.0006,0.0006,0.0000,0.7795,0.166139,0.084776,0.000721,0.000837,0.000480,0.001745,0.000000,0.029028,-0.001745,-0.077341,0.057596,1.354465,0.006981,0.038943,0.038397,0.436841,0.029671,-0.001745,0.005236,0.400439,0.034907,0.006253,0.017453,0.404845,0.055851,0.000728,0.012217,0.046218,0.033161
1771466035.670,1299,6,6,0.0001,0.0890,0.0081,0.0004,0.0005,0.0000,0.9019,0.161686,0.085681,0.000428,0.000100,0.000338,0.001745,0.000000,0.028926,-0.001745,-0.084600,0.087266,1.293310,0.006981,0.037476,0.043633,0.411222,0.029671,-0.003491,0.006981,0.384143,0.045379,-0.021940,0.022689,0.404892,0.076794,0.025431,0.012217,0.014742,0.034907
1771466035.768,1302,6,6,0.0003,0.0744,0.0304,0.0006,0.0006,0.0000,0.8936,0.161726,0.076494,0.000551,0.000598,0.001446,0.001745,0.000000,0.030846,-0.001745,-0.073699,0.109956,1.256269,0.015708,0.035301,0.043633,0.417582,0.029671,-0.003491,0.006981,0.367843,0.048869,-0.018648,0.024435,0.304545,0.097738,0.022138,0.012217,-0.078667,0.033161
1771466035.868,1305,6,6,0.0039,0.2154,0.0947,0.0027,0.0015,0.0001,0.6818,0.160598,0.073108,0.000518,0.001100,0.001563,0.003491,0.000000,0.035739,-0.001745,-0.058569,0.123918,1.212843,0.036652,0.035879,0.043633,0.403604,0.031416,-0.003491,0.005236,0.370494,0.047124,-0.013395,0.029671,0.249057,0.109956,0.018631,0.012217,-0.052097,0.034907
1771466035.970,1308,1,1,0.0544,0.6005,0.1201,0.0095,0.0019,0.0004,0.2132,0.159127,0.075475,0.000740,0.000556,0.000861,0.003491,0.000000,0.039791,-0.001745,-0.037901,0.134390,1.173577,0.052360,0.036156,0.043633,0.394710,0.031416,-0.003491,0.005236,0.354627,0.048869,-0.011927,0.033161,0.254647,0.115192,0.017162,0.012217,0.031428,0.033161
1771466036.072,1311,1,1,0.1979,0.7515,0.0293,0.0120,0.0006,0.0004,0.0083,0.153443,0.073611,0.000395,0.000885,0.000504,0.001745,0.000000,0.046192,-0.001745,-0.013022,0.137881,1.128162,0.059341,0.030475,0.048869,0.352001,0.036652,-0.005236,0.005236,0.342672,0.050615,-0.003331,0.036652,0.249516,0.118682,0.013803,0.015708,0.017290,0.033161
1771466036.170,1314,1,1,0.1193,0.8252,0.0382,0.0133,0.0008,0.0003,0.0029,0.145915,0.074481,0.000449,0.000378,0.000332,0.000000,0.000000,0.040013,-0.001745,0.021652,0.137881,1.080982,0.059341,0.002783,0.052360,0.317577,0.038397,-0.005236,0.000000,0.345299,0.050615,-0.004458,0.043633,0.251101,0.118682,0.013185,0.017453,0.020637,0.033161
1771466036.272,1317,1,1,0.0401,0.6668,0.2419,0.0432,0.0021,0.0010,0.0050,0.141567,0.075049,0.002055,0.000859,0.001465,0.000000,0.000000,0.039682,-0.001745,0.013531,0.137881,1.045533,0.059341,0.014394,0.062832,0.288957,0.036652,-0.005236,0.000000,0.342146,0.055851,-0.003853,0.050615,0.250375,0.118682,0.016070,0.017453,0.016238,0.033161
1771466036.372,1320,2,2,0.0000,0.0058,0.9913,0.0008,0.0002,0.0004,0.0015,0.137094,0.074063,0.000742,0.000740,0.000821,0.000000,0.000000,0.048011,-0.001745,0.025433,0.137881,1.013244,0.059341,0.002492,0.062832,0.257498,0.038397,-0.005236,-0.001745,0.334406,0.057596,-0.001136,0.050615,0.248895,0.118682,0.013353,0.017453,0.014600,0.033161
1771466036.473,1323,5,2,0.0015,0.0009,0.0196,0.0002,0.0076,0.9699,0.0003,0.130617,0.079482,0.001118,0.000256,0.002110,0.000000,0.000000,0.034060,-0.001745,0.022918,0.137881,0.976553,0.059341,0.006752,0.061087,0.232155,0.036652,-0.006981,-0.003491,0.313241,0.064577,0.001046,0.054105,0.310238,0.122173,0.011172,0.017453,0.026622,0.033161
1771466036.572,1326,5,5,0.0001,0.0001,0.0001,0.0047,0.0005,0.9946,0.0001,0.139459,0.076059,0.001100,0.000377,0.003404,-0.003491,0.006981,0.030363,0.001745,0.026372,0.137881,1.012060,0.061087,0.003298,0.061087,0.294241,0.038397,-0.006981,-0.001745,0.221808,0.069813,0.011075,0.054105,0.313120,0.120428,-0.005839,0.017453,0.071742,0.033161
1771466036.672,1329,4,5,0.0019,0.0035,0.0558,0.0158,0.5608,0.3604,0.0018,0.142468,0.086904,0.001451,0.000985,0.001510,-0.003491,0.006981,0.020525,0.005236,0.026520,0.136136,1.040576,0.073304,0.003151,0.061087,0.294208,0.041888,-0.006981,0.000000,0.175966,0.071558,0.014454,0.054105,0.415581,0.120428,-0.012709,0.017453,0.140137,0.033161
1771466036.773,1332,4,4,0.0009,0.0012,0.0116,0.0058,0.7985,0.1812,0.0008,0.139261,0.086807,0.001095,0.000970,0.001332,-0.003491,0.006981,0.014046,0.005236,0.013959,0.137881,1.006913,0.083776,0.015712,0.059341,0.288891,0.038397,-0.006981,0.001745,0.184921,0.075049,0.017716,0.054105,0.390742,0.120428,-0.021206,0.012217,0.153345,0.031416
1771466036.873,1335,4,4,0.0005,0.0012,0.0525,0.0028,0.9239,0.0187,0.0004,0.119121,0.081547,0.001225,0.002305,0.002637,-0.006981,0.008727,0.018726,0.006981,0.021284,0.137881,0.824437,0.092502,0.008387,0.050615,0.221513,0.038397,-0.006981,0.006981,0.184017,0.087266,0.013734,0.054105,0.390218,0.120428,-0.015479,0.006981,0.085168,0.029671
1771466036.975,1338,1,1,0.1900,0.6291,0.0816,0.0734,0.0175,0.0014,0.0069,0.122849,0.079749,0.000931,0.002042,0.003347,-0.006981,0.008727,0.056680,0.006981,0.023521,0.136136,0.835543,0.094248,0.006150,0.050615,0.218937,0.036652,-0.006981,0.008727,0.227730,0.092502,-0.007560,0.054105,0.391318,0.120428,0.005815,0.003491,0.023201,0.029671
1771466037.074,1341,1,1,0.1095,0.6248,0.1227,0.1157,0.0192,0.0015,0.0067,0.115086,0.078590,0.001080,0.001613,0.003466,-0.006981,0.010472,0.067174,0.006981,0.020776,0.130900,0.806731,0.094248,0.008895,0.050615,0.147584,0.036652,-0.006981,0.012217,0.222505,0.094248,-0.005891,0.054105,0.386441,0.120428,0.000655,0.003491,0.019317,0.029671
1771466037.174,1344,1,1,0.1037,0.5174,0.1857,0.1580,0.0262,0.0018,0.0071,0.114795,0.080201,0.000202,0.000108,0.000212,-0.006981,0.012217,0.070484,0.006981,0.023094,0.129154,0.789850,0.094248,0.006577,0.050615,0.157666,0.036652,-0.006981,0.012217,0.227807,0.094248,-0.007781,0.054105,0.401831,0.120428,0.002545,0.001745,0.017812,0.029671
1771466037.274,1347,1,1,0.1431,0.4678,0.2011,0.1473,0.0302,0.0022,0.0083,0.115136,0.087797,0.001339,0.000643,0.000874,-0.006981,0.012217,0.074073,0.006981,0.022057,0.125664,0.796303,0.094248,0.007614,0.050615,0.155205,0.036652,-0.006981,0.013963,0.230876,0.094248,-0.012871,0.054105,0.485205,0.120428,0.004144,0.000000,0.020927,0.029671
1771466037.377,1350,1,1,0.1761,0.4352,0.2175,0.1214,0.0374,0.0025,0.0098,0.121651,0.094620,0.001129,0.001047,0.001379,-0.006981,0.013963,0.108108,0.006981,0.025464,0.123918,0.797103,0.094248,0.004206,0.050615,0.198555,0.036652,-0.006981,0.013963,0.207898,0.095993,-0.016991,0.054105,0.515531,0.120428,0.004774,0.000000,0.093077,0.029671
1771466037.477,1353,1,1,0.1657,0.4509,0.2354,0.0970,0.0371,0.0024,0.0115,0.129296,0.095377,0.000891,0.001534,0.001049,-0.006981,0.019199,0.152435,0.006981,0.037522,0.118682,0.797816,0.094248,-0.004361,0.050615,0.237408,0.036652,-0.006981,0.019199,0.210140,0.095993,-0.013284,0.052360,0.535427,0.120428,-0.000679,0.000000,0.081311,0.029671
1771466037.578,1356,1,1,0.1542,0.4584,0.2563,0.0870,0.0302,0.0023,0.0115,0.130212,0.091721,0.000725,0.000592,0.000587,-0.006981,0.027925,0.158077,0.008727,0.061842,0.113446,0.791435,0.094248,-0.021700,0.050615,0.219571,0.036652,-0.006981,0.024435,0.209908,0.095993,-0.010544,0.045379,0.501049,0.120428,-0.003419,0.000000,0.073795,0.029671
1771466037.678,1359,1,1,0.1465,0.4638,0.2740,0.0768,0.0255,0.0022,0.0113,0.138506,0.092859,0.000429,0.000861,0.000855,-0.006981,0.036652,0.146383,0.008727,0.042980,0.108210,0.914999,0.094248,0.007635,0.050615,0.214976,0.036652,-0.006981,0.036652,0.207375,0.097738,-0.034285,0.034907,0.509804,0.120428,0.022068,0.000000,0.055661,0.029671
1771466037.778,1362,1,1,0.1642,0.4597,0.2726,0.0650,0.0250,0.0022,0.0112,0.135559,0.094024,0.000804,0.000980,0.000854,-0.006981,0.040143,0.128160,0.008727,0.047131,0.104720,0.911407,0.094248,-0.000007,0.050615,0.204910,0.036652,-0.006981,0.041888,0.200808,0.097738,-0.042769,0.027925,0.530974,0.120428,0.018334,0.000000,0.060525,0.029671
1771466037.879,1365,1,1,0.1411,0.4469,0.3124,0.0641,0.0213,0.0024,0.0118,0.129422,0.096267,0.001617,0.000964,0.000954,-0.006981,0.041888,0.096578,0.008727,0.043578,0.102974,0.891982,0.092502,0.003546,0.050615,0.184022,0.036652,-0.006981,0.040143,0.190181,0.097738,-0.040604,0.026180,0.585616,0.120428,0.005698,0.000000,0.059553,0.029671
1771466037.979,1368,1,1,0.1168,0.4048,0.3619,0.0777,0.0228,0.0029,0.0133,0.110355,0.094321,0.002845,0.000770,0.001862,-0.006981,0.041888,0.113962,0.008727,0.048252,0.101229,0.714574,0.092502,-0.001128,0.050615,0.115863,0.036652,-0.006981,0.040143,0.164901,0.097738,-0.038346,0.026180,0.585934,0.120428,0.003439,0.000000,0.063421,0.029671
1771466038.082,1371,1,1,0.1573,0.3805,0.3217,0.0918,0.0318,0.0035,0.0135,0.113299,0.090910,0.001195,0.000632,0.000374,-0.006981,0.041888,0.120034,0.008727,0.067390,0.099484,0.718332,0.094248,-0.011540,0.048869,0.123970,0.036652,-0.006981,0.040143,0.185833,0.097738,-0.032304,0.026180,0.530276,0.120428,-0.002603,0.000000,0.060648,0.029671
1771466038.182,1374,1,1,0.2850,0.3424,0.2077,0.0998,0.0484,0.0041,0.0126,0.107052,0.089479,0.002038,0.001550,0.001540,-0.006981,0.041888,0.132051,0.008727,0.090571,0.094248,0.630614,0.094248,-0.019012,0.040143,0.115484,0.036652,-0.006981,0.041888,0.194876,0.097738,-0.019022,0.024435,0.499570,0.120428,-0.010648,0.000000,0.065148,0.029671
1771466038.282,1377,0,0,0.4064,0.2895,0.1393,0.0984,0.0503,0.0049,0.0112,0.090086,0.088295,0.001482,0.001123,0.000442,-0.006981,0.045379,0.137428,0.008727,0.109244,0.092502,0.521941,0.092502,-0.025468,0.036652,-0.044741,0.036652,-0.006981,0.041888,0.208767,0.097738,-0.020659,0.020944,0.449070,0.120428,-0.002030,0.000000,0.091038,0.029671
1771466038.382,1380,0,0,0.4983,0.2306,0.0933,0.1023,0.0612,0.0053,0.0091,0.092551,0.073226,0.001687,0.000480,0.001143,-0.006981,0.047124,0.161825,0.008727,0.116260,0.087266,0.530629,0.092502,-0.018522,0.033161,0.006931,0.026180,-0.006981,0.041888,0.226552,0.097738,-0.011252,0.019199,0.268045,0.120428,-0.013183,0.000000,0.075196,0.029671
1771466038.482,1383,0,0,0.4999,0.2569,0.0635,0.1253,0.0419,0.0050,0.0075,0.082337,0.074233,0.001324,0.001032,0.001013,-0.006981,0.048869,0.216637,0.008727,0.147224,0.083776,0.346681,0.092502,-0.040758,0.024435,-0.019309,0.019199,-0.006981,0.047124,0.331988,0.097738,0.003380,0.012217,0.232928,0.120428,-0.024324,0.000000,0.015319,0.029671
1771466038.585,1386,0,0,0.5156,0.2440,0.0523,0.1235,0.0516,0.0054,0.0075,0.082861,0.081130,0.001662,0.001436,0.001118,-0.006981,0.050615,0.183841,0.008727,0.111178,0.078540,0.447985,0.092502,-0.004713,0.013963,-0.004109,0.006981,-0.006981,0.050615,0.435144,0.097738,-0.005034,0.001745,0.234670,0.115192,-0.001948,0.000000,0.008790,0.029671
1771466038.684,1389,0,0,0.5683,0.1878,0.0363,0.1167,0.0770,0.0065,0.0074,0.086625,0.080946,0.000884,0.000909,0.001427,-0.006981,0.052360,0.191419,0.012217,0.061399,0.075049,0.483885,0.094248,0.046812,0.012217,0.008152,0.001745,-0.006981,0.055851,0.442806,0.097738,-0.013395,0.000000,0.219193,0.111701,0.008159,0.000000,0.006232,0.029671
1771466038.784,1392,0,0,0.7247,0.1000,0.0133,0.0807,0.0710,0.0059,0.0045,0.094670,0.075059,0.000133,0.001179,0.001627,-0.006981,0.054105,0.237088,0.022689,0.052230,0.068068,0.530686,0.092502,0.055980,0.010472,0.010470,0.001745,-0.005236,0.059341,0.437303,0.097738,-0.000459,-0.003491,0.173680,0.102974,-0.003031,0.000000,-0.001341,0.029671
1771466038.884,1395,0,0,0.8844,0.0510,0.0035,0.0333,0.0224,0.0031,0.0022,0.102229,0.068519,0.002382,0.001036,0.001616,-0.006981,0.054105,0.268562,0.031416,0.018853,0.062832,0.538362,0.092502,0.087612,0.012217,0.058538,0.001745,-0.003491,0.059341,0.437921,0.097738,0.017432,-0.003491,0.085882,0.094248,-0.024413,0.000000,-0.018528,0.029671
1771466038.985,1398,0,0,0.8452,0.0949,0.0044,0.0381,0.0115,0.0032,0.0027,0.099495,0.067537,0.004248,0.001329,0.003891,-0.006981,0.054105,0.266203,0.038397,0.047047,0.055851,0.528727,0.094248,0.052437,0.012217,0.042960,0.001745,-0.005236,0.059341,0.440422,0.097738,0.007680,-0.001745,0.088330,0.087266,-0.009425,0.000000,-0.024173,0.029671
1771466039.085,1401,0,0,0.6249,0.2479,0.0130,0.0867,0.0162,0.0055,0.0058,0.094445,0.065538,0.002718,0.001206,0.002075,-0.006981,0.054105,0.230565,0.043633,0.047305,0.052360,0.525202,0.092502,0.052179,0.010472,0.023265,0.001745,-0.005236,0.059341,0.427599,0.097738,0.004951,0.000000,0.084777,0.082030,-0.003205,0.000000,0.000353,0.029671
1771466039.186,1404,1,0,0.3742,0.3780,0.0300,0.1747,0.0262,0.0079,0.0090,0.096671,0.067835,0.002862,0.000047,0.002746,-0.006981,0.054105,0.213921,0.047124,0.040657,0.050615,0.556201,0.092502,0.058826,0.012217,0.033889,0.000000,-0.005236,0.059341,0.405446,0.097738,-0.001057,0.000000,0.129299,0.080285,0.001057,0.000000,0.011178,0.029671
1771466039.286,1407,1,1,0.2195,0.4245,0.0463,0.2669,0.0263,0.0074,0.0092,0.101890,0.067575,0.003467,0.000655,0.002776,-0.006981,0.054105,0.186885,0.048869,0.056059,0.050615,0.611789,0.094248,0.043425,0.012217,0.064467,0.000000,-0.003491,0.059341,0.421992,0.097738,-0.000492,0.000000,0.110871,0.078540,-0.001254,0.000000,0.012750,0.029671
1771466039.387,1410,0,1,0.3542,0.3285,0.0411,0.2249,0.0386,0.0059,0.0068,0.107180,0.069774,0.000265,0.000637,0.000663,-0.006981,0.054105,0.156515,0.050615,0.002760,0.052360,0.685468,0.094248,0.091488,0.012217,0.086387,0.000000,-0.003491,0.059341,0.435489,0.097738,-0.001342,0.000000,0.108928,0.080285,-0.002148,0.000000,0.025835,0.029671
1771466039.489,1413,0,0,0.5125,0.2669,0.0297,0.1435,0.0381,0.0041,0.0052,0.111822,0.073382,0.000831,0.000733,0.001039,-0.006981,0.054105,0.181379,0.050615,0.013271,0.052360,0.660777,0.094248,0.070505,0.012217,0.150638,0.001745,-0.003491,0.059341,0.420244,0.097738,-0.003624,0.003491,0.114463,0.080285,-0.001612,0.000000,0.075353,0.029671
1771466039.591,1416,0,0,0.4446,0.2764,0.0872,0.1204,0.0582,0.0046,0.0086,0.115625,0.169326,0.001456,0.001253,0.001922,-0.006981,0.054105,0.158576,0.050615,0.014912,0.052360,0.659209,0.092502,0.061882,0.015708,0.220655,0.006981,-0.003491,0.057596,0.152489,0.095993,-0.159001,0.003491,0.896533,0.080285,0.153765,0.001745,0.560347,0.029671
1771466039.689,1419,2,0,0.0442,0.2950,0.4220,0.1821,0.0220,0.0015,0.0332,0.206576,0.277024,0.001787,0.001663,0.001421,-0.006981,0.055851,0.208446,0.050615,0.124376,0.055851,1.485629,0.094248,-0.049326,0.017453,0.379469,0.006981,-0.003491,0.057596,0.250456,0.097738,-0.096791,0.000000,1.441678,0.083776,0.081083,0.005236,1.266583,0.040143
1771466039.789,1422,2,2,0.0001,0.0709,0.7379,0.1753,0.0010,0.0001,0.0147,0.346389,0.345257,0.001215,0.001200,0.001691,-0.006981,0.054105,0.537320,0.050615,0.087051,0.062832,1.795088,0.094248,-0.013747,0.017453,1.431777,0.026180,-0.005236,0.057596,0.346291,0.097738,-0.093385,-0.003491,2.057281,0.087266,0.075932,0.012217,1.351163,0.057596
1771466039.891,1425,2,2,0.0000,0.0382,0.9067,0.0492,0.0004,0.0001,0.0053,0.310870,0.339528,0.000215,0.001638,0.001211,-0.006981,0.054105,0.315597,0.050615,0.061253,0.064577,1.738979,0.094248,0.013796,0.017453,1.267455,0.052360,-0.005236,0.057596,0.331019,0.111701,-0.020093,-0.003491,1.953237,0.101229,0.004385,0.015708,1.426160,0.073304
1771466039.990,1428,2,2,0.0000,0.0325,0.9426,0.0205,0.0003,0.0001,0.0039,0.312902,0.342541,0.000279,0.000705,0.000917,-0.006981,0.055851,0.337808,0.050615,0.068222,0.066323,1.735338,0.094248,0.005082,0.017453,1.259302,0.064577,-0.006981,0.059341,0.352409,0.115192,-0.018333,-0.003491,1.956350,0.106465,0.000879,0.017453,1.416883,0.085521
1771466040.093,1431,2,2,0.0000,0.0634,0.9192,0.0144,0.0002,0.0001,0.0027,0.313834,0.343128,0.000299,0.001014,0.001558,-0.006981,0.057596,0.322187,0.054105,0.070365,0.068068,1.734166,0.094248,0.004684,0.017453,1.275070,0.068068,-0.006981,0.061087,0.357897,0.122173,-0.008296,-0.005236,1.953268,0.109956,-0.012648,0.017453,1.399710,0.095993
1771466040.191,1434,2,2,0.0000,0.1200,0.8690,0.0086,0.0001,0.0001,0.0021,0.311326,0.344816,0.000382,0.001947,0.001859,-0.006981,0.059341,0.288524,0.055851,0.066035,0.068068,1.729529,0.094248,0.009014,0.017453,1.279779,0.068068,-0.006981,0.062832,0.365149,0.129154,-0.004433,-0.005236,1.958523,0.109956,-0.018257,0.017453,1.398732,0.095993
1771466040.291,1437,2,2,0.0000,0.1923,0.8008,0.0050,0.0001,0.0001,0.0016,0.311258,0.345002,0.000357,0.000243,0.000757,-0.006981,0.061087,0.295582,0.055851,0.065055,0.069813,1.717093,0.094248,0.009995,0.017453,1.280856,0.068068,-0.006981,0.062832,0.366069,0.132645,-0.002108,-0.005236,1.958772,0.109956,-0.024072,0.017453,1.394562,0.097738
1771466040.391,1440,2,2,0.0000,0.2264,0.7677,0.0041,0.0001,0.0002,0.0015,0.312359,0.345355,0.001251,0.000338,0.001064,-0.006981,0.061087,0.288080,0.055851,0.089319,0.073304,1.719036,0.094248,-0.014270,0.017453,1.281858,0.068068,-0.005236,0.062832,0.374157,0.136136,-0.003491,-0.003491,1.958535,0.109956,-0.024435,0.017453,1.387450,0.097738
1771466040.492,1443,2,2,0.0000,0.0229,0.9702,0.0034,0.0009,0.0004,0.0021,0.312496,0.346984,0.001605,0.001528,0.001911,-0.006981,0.059341,0.288758,0.055851,0.094556,0.075049,1.716079,0.094248,-0.009035,0.017453,1.280546,0.068068,-0.006981,0.062832,0.393922,0.136136,-0.002925,-0.003491,1.960325,0.109956,-0.025000,0.017453,1.381960,0.101229
1771466040.592,1446,5,5,0.0000,0.0032,0.0326,0.0040,0.0010,0.9047,0.0543,0.297721,0.349285,0.000466,0.000455,0.000405,-0.006981,0.061087,0.252251,0.055851,0.100708,0.076794,1.621768,0.094248,-0.008206,0.017453,1.224425,0.068068,-0.005236,0.062832,0.417831,0.136136,-0.001113,-0.003491,1.963353,0.109956,-0.025067,0.019199,1.380887,0.101229
1771466040.692,1449,5,5,0.0000,0.0021,0.0173,0.0032,0.0006,0.9412,0.0356,0.295915,0.349072,0.000996,0.001011,0.000640,-0.006981,0.059341,0.247994,0.055851,0.094735,0.083776,1.612643,0.099484,-0.002232,0.017453,1.208149,0.071558,-0.006981,0.062832,0.421335,0.136136,-0.009271,-0.001745,1.964381,0.109956,-0.018654,0.019199,1.373801,0.101229
1771466040.793,1452,5,5,0.0000,0.0012,0.0094,0.0018,0.0003,0.9728,0.0144,0.296651,0.349996,0.002112,0.000715,0.002089,-0.006981,0.059341,0.233785,0.055851,0.094040,0.087266,1.614519,0.104720,0.000207,0.017453,1.210598,0.082030,-0.005236,0.059341,0.432737,0.136136,-0.005647,0.000000,1.964604,0.109956,-0.020533,0.022689,1.371516,0.102974
1771466040.892,1455,2,2,0.0000,0.4773,0.5180,0.0023,0.0000,0.0005,0.0019,0.294340,0.352483,0.002203,0.000962,0.001239,-0.006981,0.061087,0.232212,0.055851,0.092244,0.089012,1.565337,0.108210,0.005495,0.019199,1.212682,0.090757,-0.005236,0.050615,0.456132,0.136136,0.000548,0.003491,1.965494,0.109956,-0.023237,0.027925,1.376527,0.102974
1771466040.993,1458,2,2,0.0000,0.4977,0.4979,0.0024,0.0000,0.0004,0.0016,0.297235,0.353465,0.000625,0.000679,0.000291,-0.006981,0.059341,0.229339,0.055851,0.085627,0.089012,1.576717,0.108210,0.012111,0.019199,1.238916,0.092502,-0.005236,0.043633,0.431980,0.136136,0.015772,0.008727,1.966674,0.111701,-0.022753,0.034907,1.389077,0.102974
1771466041.093,1461,2,1,0.0000,0.4944,0.5012,0.0022,0.0000,0.0004,0.0016,0.302170,0.355405,0.000897,0.000273,0.000526,-0.006981,0.057596,0.226652,0.055851,0.062647,0.089012,1.607738,0.108210,0.035091,0.020944,1.271546,0.090757,-0.005236,0.036652,0.424417,0.136136,0.034851,0.010472,1.967179,0.113446,-0.026124,0.041888,1.396847,0.102974
1771466041.194,1464,5,5,0.0000,0.0022,0.0119,0.0029,0.0006,0.9507,0.0317,0.306593,0.355131,0.000926,0.001133,0.001777,-0.006981,0.057596,0.224178,0.055851,0.069961,0.089012,1.657550,0.108210,0.027778,0.020944,1.277278,0.090757,-0.003491,0.031416,0.431323,0.136136,0.031454,0.013963,1.966275,0.113446,-0.010510,0.041888,1.392695,0.102974
1771466041.296,1467,5,5,0.0000,0.0012,0.0064,0.0018,0.0003,0.9781,0.0122,0.308395,0.353791,0.000987,0.000650,0.001135,-0.006981,0.055851,0.229627,0.055851,0.080532,0.089012,1.660728,0.109956,0.017206,0.020944,1.285046,0.095993,-0.005236,0.026180,0.430355,0.136136,0.019208,0.020944,1.961190,0.113446,0.001736,0.041888,1.391432,0.102974
1771466041.394,1470,5,5,0.0000,0.0014,0.0073,0.0019,0.0003,0.9731,0.0159,0.315081,0.353044,0.000878,0.000781,0.000946,-0.006981,0.055851,0.289164,0.054105,0.083167,0.089012,1.671915,0.109956,0.014571,0.020944,1.291064,0.101229,-0.005236,0.026180,0.428678,0.136136,0.010032,0.024435,1.957316,0.113446,0.007422,0.041888,1.388019,0.102974
1771466041.494,1473,5,5,0.0000,0.0013,0.0068,0.0018,0.0003,0.9752,0.0145,0.311440,0.351326,0.001409,0.000201,0.001914,-0.006981,0.055851,0.278329,0.054105,0.082720,0.089012,1.640414,0.109956,0.015019,0.020944,1.287951,0.102974,-0.005236,0.024435,0.424179,0.136136,0.003874,0.024435,1.950581,0.113446,0.011834,0.041888,1.382135,0.102974
1771466041.595,1476,5,5,0.0000,0.0012,0.0066,0.0018,0.0003,0.9760,0.0141,0.312481,0.351082,0.001315,0.000312,0.001422,-0.006981,0.055851,0.283220,0.054105,0.086220,0.089012,1.647991,0.109956,0.011519,0.020944,1.287977,0.102974,-0.006981,0.024435,0.422894,0.136136,-0.001607,0.024435,1.951667,0.113446,0.015570,0.041888,1.379543,0.102974
1771466041.695,1479,5,5,0.0000,0.0012,0.0063,0.0018,0.0003,0.9772,0.0133,0.311237,0.350920,0.000393,0.000350,0.000495,-0.006981,0.055851,0.283035,0.054105,0.102885,0.087266,1.639597,0.109956,-0.005146,0.020944,1.278232,0.102974,-0.006981,0.024435,0.422205,0.137881,-0.006320,0.024435,1.947281,0.115192,0.016792,0.041888,1.377956,0.102974
1771466041.797,1482,5,5,0.0000,0.0012,0.0063,0.0019,0.0003,0.9772,0.0131,0.308903,0.350499,0.000255,0.000589,0.000550,-0.006981,0.055851,0.273853,0.055851,0.091772,0.085521,1.633190,0.109956,0.005967,0.020944,1.262237,0.111701,-0.006981,0.024435,0.418296,0.136136,-0.009669,0.024435,1.944419,0.115192,0.020141,0.041888,1.378067,0.102974
1771466041.896,1485,5,5,0.0000,0.0012,0.0063,0.0018,0.0003,0.9769,0.0135,0.316410,0.350577,0.000705,0.000345,0.000757,-0.006981,0.055851,0.285974,0.054105,0.086952,0.082030,1.714399,0.109956,0.010786,0.019199,1.265965,0.111701,-0.006981,0.027925,0.419534,0.139626,-0.013722,0.024435,1.938445,0.115192,0.020703,0.040143,1.377944,0.102974
1771466041.996,1488,5,5,0.0000,0.0012,0.0066,0.0019,0.0003,0.9753,0.0147,0.319629,0.350711,0.000498,0.000469,0.000441,-0.006981,0.057596,0.323132,0.055851,0.099237,0.080285,1.713705,0.109956,-0.001499,0.019199,1.264892,0.111701,-0.006981,0.027925,0.420916,0.144862,-0.014405,0.024435,1.934220,0.115192,0.021386,0.038397,1.378228,0.102974
1771466042.097,1491,5,5,0.0000,0.0013,0.0068,0.0019,0.0003,0.9741,0.0156,0.318411,0.351024,0.000332,0.000459,0.000311,-0.006981,0.057596,0.318383,0.055851,0.100735,0.078540,1.709217,0.109956,-0.002996,0.019199,1.259759,0.111701,-0.006981,0.027925,0.418189,0.146608,-0.017852,0.022689,1.935625,0.115192,0.024833,0.038397,1.379850,0.102974
1771466042.198,1494,5,5,0.0000,0.0013,0.0071,0.0020,0.0004,0.9728,0.0164,0.316972,0.351984,0.000310,0.000377,0.000232,-0.006981,0.057596,0.316948,0.055851,0.099421,0.076794,1.704868,0.109956,-0.001683,0.019199,1.251333,0.111701,-0.006981,0.027925,0.391946,0.148353,-0.044090,0.022689,1.939180,0.115192,0.049326,0.038397,1.387827,0.102974
1771466042.299,1497,5,5,0.0000,0.0014,0.0080,0.0022,0.0004,0.9688,0.0192,0.316735,0.352016,0.001013,0.001456,0.000405,-0.006981,0.057596,0.323867,0.055851,0.099064,0.075049,1.702024,0.109956,-0.001326,0.019199,1.246518,0.111701,-0.010472,0.027925,0.371744,0.148353,-0.049980,0.022689,1.944080,0.115192,0.055216,0.038397,1.397627,0.102974
1771466042.401,1500,5,5,0.0000,0.0015,0.0091,0.0024,0.0004,0.9646,0.0221,0.315633,0.351406,0.001621,0.002725,0.000851,-0.006981,0.057596,0.319782,0.055851,0.096691,0.075049,1.695710,0.109956,0.001047,0.019199,1.245014,0.111701,-0.010472,0.027925,0.437347,0.148353,-0.003614,0.022689,1.931451,0.115192,0.010595,0.038397,1.381948,0.102974
1771466042.502,1503,5,5,0.0000,0.0015,0.0089,0.0022,0.0004,0.9662,0.0209,0.314062,0.345575,0.001421,0.001702,0.001284,-0.006981,0.057596,0.307291,0.055851,0.099104,0.075049,1.690850,0.109956,-0.001365,0.019199,1.242144,0.111701,-0.010472,0.027925,0.486557,0.148353,0.016951,0.024435,1.878480,0.115192,-0.011715,0.038397,1.307639,0.102974
1771466042.601,1506,5,5,0.0000,0.0014,0.0084,0.0021,0.0004,0.9677,0.0200,0.316263,0.347499,0.001319,0.001157,0.000869,-0.006981,0.057596,0.325472,0.055851,0.111383,0.075049,1.687702,0.109956,-0.013645,0.019199,1.241250,0.111701,-0.010472,0.027925,0.478531,0.146608,0.012767,0.024435,1.895278,0.116937,-0.007531,0.038397,1.326137,0.102974
1771466042.701,1509,5,5,0.0000,0.0014,0.0085,0.0021,0.0004,0.9669,0.0207,0.318997,0.348618,0.001577,0.000862,0.002975,-0.006981,0.057596,0.349525,0.055851,0.119163,0.076794,1.686700,0.109956,-0.021424,0.019199,1.241484,0.111701,-0.010472,0.027925,0.481416,0.146608,0.006992,0.024435,1.904647,0.122173,-0.000010,0.038397,1.327855,0.102974
1771466042.802,1512,5,5,0.0000,0.0014,0.0085,0.0020,0.0004,0.9659,0.0218,0.318952,0.348836,0.002023,0.000883,0.000891,-0.006981,0.055851,0.352561,0.055851,0.119308,0.076794,1.684775,0.109956,-0.021570,0.019199,1.241434,0.111701,-0.010472,0.026180,0.464063,0.146608,-0.009471,0.027925,1.910668,0.125664,0.016453,0.038397,1.327105,0.102974
1771466042.901,1515,5,5,0.0000,0.0014,0.0086,0.0019,0.0004,0.9648,0.0229,0.321656,0.348904,0.001500,0.001976,0.000787,-0.006981,0.055851,0.383233,0.055851,0.121921,0.076794,1.682761,0.109956,-0.024182,0.019199,1.242605,0.111701,-0.010472,0.026180,0.470885,0.146608,-0.010938,0.029671,1.906706,0.125664,0.017919,0.040143,1.320104,0.102974
1771466043.002,1518,5,5,0.0000,0.0014,0.0086,0.0020,0.0004,0.9640,0.0235,0.322099,0.347029,0.001426,0.000592,0.002004,-0.006981,0.055851,0.391633,0.055851,0.123193,0.076794,1.678539,0.109956,-0.025454,0.020944,1.240726,0.111701,-0.010472,0.024435,0.462037,0.146608,-0.009836,0.029671,1.899502,0.125664,0.016818,0.040143,1.316494,0.102974
1771466043.102,1521,5,5,0.0000,0.0015,0.0087,0.0022,0.0004,0.9630,0.0242,0.320138,0.346807,0.000626,0.000570,0.000908,-0.006981,0.052360,0.399990,0.055851,0.125909,0.076794,1.651985,0.109956,-0.028170,0.020944,1.236163,0.111701,-0.010472,0.024435,0.463619,0.146608,-0.008793,0.033161,1.896700,0.127409,0.015774,0.041888,1.309110,0.102974
1771466043.204,1524,5,5,0.0000,0.0016,0.0093,0.0023,0.0004,0.9612,0.0251,0.313735,0.348177,0.001349,0.000576,0.001377,-0.006981,0.052360,0.399011,0.055851,0.123577,0.076794,1.593647,0.109956,-0.025838,0.020944,1.220981,0.111701,-0.010472,0.019199,0.464293,0.146608,-0.008530,0.036652,1.898961,0.127409,0.017257,0.048869,1.312407,0.106465
1771466043.306,1527,5,5,0.0000,0.0017,0.0102,0.0026,0.0005,0.9590,0.0260,0.306718,0.350628,0.000866,0.002446,0.002098,-0.006981,0.052360,0.390519,0.055851,0.120865,0.078540,1.541196,0.113446,-0.021381,0.020944,1.193455,0.113446,-0.010472,0.013963,0.470403,0.146608,-0.006674,0.041888,1.900443,0.127409,0.015400,0.052360,1.332604,0.106465
1771466043.404,1530,5,5,0.0000,0.0020,0.0122,0.0028,0.0006,0.9513,0.0312,0.306043,0.350625,0.002230,0.004302,0.003458,-0.006981,0.052360,0.371769,0.055851,0.116531,0.078540,1.547567,0.115192,-0.018792,0.020944,1.196828,0.116937,-0.010472,0.012217,0.460283,0.146608,-0.008350,0.045379,1.902364,0.127409,0.017077,0.055851,1.335597,0.104720
1771466043.506,1533,5,5,0.0000,0.0021,0.0133,0.0027,0.0006,0.9446,0.0368,0.302651,0.350795,0.002738,0.002962,0.001407,-0.006981,0.052360,0.352775,0.055851,0.099950,0.078540,1.543233,0.116937,-0.000466,0.020944,1.192546,0.118682,-0.010472,0.012217,0.454721,0.146608,-0.010967,0.045379,1.899622,0.127409,0.019693,0.055851,1.343321,0.104720
1771466043.604,1536,5,5,0.0000,0.0022,0.0135,0.0029,0.0006,0.9423,0.0385,0.301267,0.350754,0.001832,0.001669,0.000719,-0.006981,0.052360,0.358375,0.055851,0.092265,0.078540,1.529857,0.116937,0.005473,0.020944,1.185915,0.118682,-0.010472,0.012217,0.452749,0.146608,-0.013316,0.043633,1.899162,0.127409,0.022043,0.055851,1.344660,0.104720
1771466043.704,1539,5,5,0.0000,0.0023,0.0136,0.0029,0.0006,0.9413,0.0393,0.302250,0.351160,0.001543,0.001587,0.001497,-0.006981,0.052360,0.360960,0.055851,0.088871,0.075049,1.539349,0.116937,0.008867,0.019199,1.190875,0.118682,-0.010472,0.012217,0.443592,0.148353,-0.021820,0.041888,1.881509,0.127409,0.025311,0.055851,1.371327,0.106465
1771466043.805,1542,5,5,0.0000,0.0026,0.0156,0.0030,0.0007,0.9266,0.0515,0.300722,0.350048,0.002812,0.002107,0.000724,-0.006981,0.052360,0.360510,0.055851,0.085737,0.075049,1.533198,0.115192,0.012002,0.019199,1.179143,0.120428,-0.010472,0.012217,0.441171,0.148353,-0.022527,0.036652,1.879283,0.127409,0.027763,0.055851,1.367162,0.104720
1771466043.905,1545,5,5,0.0000,0.0030,0.0171,0.0032,0.0009,0.9129,0.0629,0.298878,0.351945,0.002005,0.002005,0.001661,-0.006981,0.054105,0.336275,0.055851,0.084248,0.071558,1.536184,0.116937,0.013490,0.019199,1.178263,0.120428,-0.010472,0.013963,0.442687,0.148353,-0.043801,0.036652,1.879327,0.127409,0.049037,0.052360,1.367091,0.106465
1771466044.006,1548,5,5,0.0000,0.0029,0.0159,0.0033,0.0008,0.9191,0.0580,0.294592,0.352361,0.001091,0.000624,0.000611,-0.006981,0.055851,0.275002,0.055851,0.066988,0.069813,1.544638,0.116937,0.030750,0.019199,1.179645,0.120428,-0.010472,0.019199,0.442072,0.148353,-0.048461,0.029671,1.883635,0.127409,0.053697,0.050615,1.367220,0.106465
1771466044.106,1551,5,5,0.0000,0.0028,0.0158,0.0032,0.0008,0.9253,0.0521,0.288149,0.351438,0.002368,0.001197,0.001247,-0.006981,0.057596,0.248515,0.055851,0.054816,0.062832,1.524852,0.116937,0.042922,0.019199,1.153839,0.120428,-0.010472,0.027925,0.442438,0.148353,-0.052792,0.019199,1.881024,0.127409,0.056283,0.040143,1.368016,0.106465
1771466044.207,1554,5,5,0.0000,0.0028,0.0161,0.0033,0.0008,0.9258,0.0512,0.292375,0.350228,0.002006,0.000413,0.001322,-0.006981,0.062832,0.276986,0.057596,0.038668,0.055851,1.518580,0.116937,0.059070,0.019199,1.182355,0.120428,-0.010472,0.040143,0.448366,0.155334,-0.051735,0.006981,1.873720,0.127409,0.055225,0.026180,1.364655,0.104720
1771466044.308,1557,5,5,0.0000,0.0023,0.0141,0.0025,0.0006,0.9436,0.0370,0.293016,0.349339,0.003975,0.000995,0.003228,-0.006981,0.071558,0.320719,0.057596,0.037815,0.045379,1.509189,0.115192,0.061669,0.019199,1.157447,0.120428,-0.008727,0.050615,0.451275,0.157080,-0.053723,0.000000,1.860236,0.127409,0.053723,0.019199,1.366062,0.106465
1771466044.407,1560,5,5,0.0000,0.0019,0.0115,0.0022,0.0005,0.9533,0.0307,0.304099,0.348188,0.003594,0.000454,0.003044,-0.006981,0.076794,0.348612,0.057596,0.040467,0.036652,1.585977,0.115192,0.057271,0.019199,1.192745,0.118682,-0.010472,0.059341,0.456651,0.157080,-0.053399,-0.001745,1.847097,0.127409,0.051654,0.008727,1.363838,0.106465
1771466044.508,1563,5,5,0.0000,0.0018,0.0100,0.0023,0.0005,0.9590,0.0264,0.297976,0.346446,0.001062,0.001023,0.001163,-0.008727,0.083776,0.272363,0.057596,0.045636,0.033161,1.582384,0.116937,0.052103,0.017453,1.195620,0.118682,-0.010472,0.069813,0.484737,0.160570,-0.041964,-0.005236,1.814883,0.127409,0.040218,0.000000,1.353262,0.106465
1771466044.608,1566,5,5,0.0000,0.0016,0.0082,0.0023,0.0004,0.9669,0.0206,0.300436,0.341528,0.000088,0.000759,0.000362,-0.012217,0.089012,0.281566,0.057596,0.045806,0.026180,1.592571,0.116937,0.051933,0.015708,1.209242,0.118682,-0.012217,0.076794,0.511277,0.164061,-0.037457,-0.005236,1.754052,0.127409,0.032221,-0.001745,1.326055,0.106465
1771466044.708,1569,5,5,0.0000,0.0017,0.0085,0.0023,0.0005,0.9654,0.0217,0.304392,0.336836,0.000715,0.000367,0.000629,-0.012217,0.097738,0.298608,0.057596,0.046131,0.022689,1.608991,0.115192,0.051607,0.013963,1.230236,0.109956,-0.012217,0.082030,0.514648,0.164061,-0.025834,-0.005236,1.719369,0.127409,0.018853,-0.005236,1.309191,0.106465
1771466044.809,1572,5,5,0.0000,0.0015,0.0074,0.0022,0.0004,0.9712,0.0173,0.301337,0.335984,0.000870,0.000557,0.001170,-0.012217,0.101229,0.282992,0.057596,0.042386,0.019199,1.601691,0.115192,0.055353,0.013963,1.226957,0.099484,-0.012217,0.085521,0.516306,0.171042,-0.024665,-0.005236,1.708057,0.127409,0.015938,-0.006981,1.301070,0.106465
1771466044.909,1575,5,5,0.0000,0.0015,0.0076,0.0021,0.0004,0.9708,0.0175,0.302472,0.336571,0.001303,0.000853,0.001248,-0.013963,0.104720,0.302458,0.057596,0.044354,0.015708,1.598988,0.116937,0.053385,0.012217,1.227307,0.095993,-0.012217,0.087266,0.527797,0.171042,-0.024315,-0.005236,1.703085,0.127409,0.015588,-0.006981,1.300205,0.106465
1771466045.009,1578,5,5,0.0000,0.0013,0.0066,0.0018,0.0003,0.9759,0.0141,0.305202,0.335573,0.002047,0.001071,0.001642,-0.013963,0.106465,0.353722,0.057596,0.041772,0.012217,1.586320,0.116937,0.055966,0.012217,1.223223,0.095993,-0.012217,0.085521,0.542041,0.169297,-0.025941,-0.005236,1.691513,0.129154,0.017214,-0.006981,1.285668,0.106465
1771466045.109,1581,5,5,0.0000,0.0011,0.0055,0.0015,0.0003,0.9813,0.0103,0.296972,0.335106,0.002419,0.001455,0.002760,-0.013963,0.106465,0.393517,0.057596,0.036157,0.010472,1.470263,0.116937,0.061582,0.010472,1.204213,0.095993,-0.012217,0.085521,0.490278,0.169297,-0.035433,-0.003491,1.713312,0.129154,0.026706,-0.006981,1.300537,0.106465
1771466045.209,1584,5,5,0.0000,0.0010,0.0054,0.0013,0.0002,0.9824,0.0096,0.296912,0.338538,0.004625,0.001167,0.003368,-0.013963,0.106465,0.395007,0.057596,0.022714,0.010472,1.463275,0.116937,0.075024,0.010472,1.208993,0.095993,-0.012217,0.085521,0.498738,0.169297,-0.033277,-0.003491,1.724575,0.129154,0.024550,-0.005236,1.324155,0.106465
1771466045.310,1587,5,5,0.0000,0.0009,0.0048,0.0013,0.0002,0.9846,0.0081,0.293043,0.338262,0.002849,0.000467,0.002358,-0.013963,0.106465,0.341628,0.055851,0.024955,0.010472,1.478249,0.116937,0.072783,0.010472,1.202714,0.095993,-0.012217,0.085521,0.500767,0.169297,-0.035249,0.000000,1.724691,0.129154,0.028268,-0.005236,1.314983,0.106465
1771466045.410,1590,5,5,0.0000,0.0008,0.0047,0.0013,0.0002,0.9851,0.0078,0.294130,0.341296,0.003343,0.000681,0.001861,-0.013963,0.106465,0.308338,0.055851,0.041156,0.008727,1.530580,0.116937,0.056583,0.010472,1.198460,0.095993,-0.012217,0.083776,0.536610,0.169297,-0.044172,0.001745,1.723581,0.130900,0.038936,-0.003491,1.304237,0.106465
1771466045.513,1593,5,5,0.0000,0.0008,0.0043,0.0014,0.0002,0.9868,0.0065,0.282106,0.341588,0.001729,0.000601,0.001385,-0.015708,0.104720,0.322729,0.054105,0.035239,0.006981,1.470519,0.116937,0.062499,0.008727,1.106823,0.095993,-0.012217,0.083776,0.536732,0.169297,-0.049997,0.003491,1.725283,0.134390,0.046506,0.000000,1.293111,0.106465
1771466045.611,1596,5,5,0.0000,0.0008,0.0040,0.0014,0.0002,0.9882,0.0055,0.281591,0.344280,0.000409,0.000540,0.001248,-0.015708,0.104720,0.334833,0.050615,0.035112,0.006981,1.451111,0.116937,0.064372,0.008727,1.109688,0.095993,-0.013963,0.083776,0.540725,0.169297,-0.058540,0.006981,1.737958,0.139626,0.053304,0.000000,1.293230,0.106465
1771466045.711,1599,5,5,0.0000,0.0008,0.0043,0.0014,0.0002,0.9877,0.0057,0.287283,0.347802,0.002472,0.000194,0.002600,-0.013963,0.104720,0.384931,0.048869,0.049025,0.008727,1.459728,0.116937,0.048714,0.008727,1.119281,0.097738,-0.015708,0.083776,0.541523,0.169297,-0.062396,0.008727,1.765610,0.143117,0.057160,0.000000,1.297948,0.106465
1771466045.811,1602,5,5,0.0000,0.0008,0.0041,0.0014,0.0002,0.9880,0.0056,0.292166,0.349161,0.001303,0.000201,0.001075,-0.013963,0.104720,0.387163,0.047124,0.063917,0.008727,1.502625,0.116937,0.033822,0.008727,1.134493,0.097738,-0.017453,0.083776,0.543741,0.169297,-0.069112,0.010472,1.773135,0.148353,0.063876,0.000000,1.290816,0.106465
1771466045.911,1605,5,5,0.0000,0.0008,0.0042,0.0014,0.0002,0.9875,0.0059,0.293463,0.350210,0.001395,0.000333,0.001049,-0.013963,0.104720,0.401353,0.041888,0.059508,0.008727,1.496140,0.116937,0.038231,0.010472,1.145840,0.097738,-0.017453,0.083776,0.545837,0.169297,-0.066328,0.012217,1.776903,0.151844,0.062837,0.001745,1.291601,0.106465
1771466046.015,1608,5,5,0.0000,0.0009,0.0046,0.0015,0.0002,0.9861,0.0068,0.294472,0.349899,0.001176,0.002030,0.001041,-0.013963,0.104720,0.401538,0.034907,0.064878,0.012217,1.504533,0.123918,0.034606,0.010472,1.142395,0.099484,-0.017453,0.083776,0.546839,0.169297,-0.063956,0.015708,1.775201,0.151844,0.062211,0.003491,1.283953,0.106465
1771466046.113,1611,5,5,0.0000,0.0009,0.0048,0.0014,0.0002,0.9853,0.0073,0.294680,0.350063,0.001939,0.001016,0.001883,-0.013963,0.104720,0.404477,0.027925,0.064839,0.015708,1.510162,0.129154,0.032900,0.012217,1.132824,0.101229,-0.017453,0.083776,0.542593,0.169297,-0.058458,0.019199,1.768362,0.164061,0.056712,0.005236,1.285059,0.106465
1771466046.213,1614,5,5,0.0000,0.0009,0.0049,0.0016,0.0002,0.9847,0.0077,0.294631,0.349804,0.000810,0.001196,0.000952,-0.013963,0.104720,0.396671,0.024435,0.065367,0.017453,1.530123,0.129154,0.032371,0.012217,1.121834,0.101229,-0.017453,0.083776,0.531494,0.169297,-0.056091,0.024435,1.764064,0.169297,0.056091,0.006981,1.285744,0.106465
1771466046.314,1617,5,5,0.0000,0.0010,0.0049,0.0015,0.0002,0.9841,0.0083,0.301453,0.348269,0.001163,0.000819,0.000411,-0.013963,0.104720,0.398730,0.024435,0.062960,0.017453,1.596450,0.130900,0.033033,0.012217,1.135303,0.101229,-0.017453,0.083776,0.513252,0.169297,-0.057969,0.024435,1.765202,0.176278,0.054479,0.006981,1.279065,0.106465
1771466046.417,1620,5,5,0.0000,0.0010,0.0053,0.0016,0.0002,0.9825,0.0093,0.302090,0.348659,0.001393,0.001845,0.001325,-0.013963,0.104720,0.397226,0.026180,0.062624,0.020944,1.595909,0.130900,0.029878,0.012217,1.143247,0.101229,-0.017453,0.085521,0.511125,0.172788,-0.056508,0.026180,1.765605,0.176278,0.054762,0.005236,1.279948,0.106465
1771466046.516,1623,5,5,0.0000,0.0011,0.0055,0.0017,0.0003,0.9817,0.0098,0.298321,0.347805,0.000819,0.002128,0.001911,-0.013963,0.104720,0.375679,0.026180,0.058556,0.022689,1.582004,0.130900,0.028710,0.012217,1.136968,0.101229,-0.017453,0.085521,0.489328,0.174533,-0.059543,0.026180,1.765905,0.183260,0.057798,0.006981,1.277692,0.106465
1771466046.616,1626,5,5,0.0000,0.0011,0.0057,0.0018,0.0003,0.9808,0.0103,0.285913,0.348949,0.001239,0.001113,0.001141,-0.015708,0.104720,0.350827,0.026180,0.052367,0.022689,1.479514,0.130900,0.033154,0.012217,1.117155,0.101229,-0.017453,0.085521,0.496281,0.176278,-0.056781,0.027925,1.766010,0.186750,0.056781,0.006981,1.278394,0.106465
1771466046.717,1629,5,5,0.0000,0.0012,0.0066,0.0019,0.0003,0.9778,0.0122,0.288223,0.350581,0.002457,0.002891,0.000725,-0.013963,0.106465,0.358051,0.026180,0.052185,0.022689,1.491419,0.132645,0.033336,0.012217,1.122261,0.101229,-0.017453,0.085521,0.516197,0.179769,-0.050248,0.031416,1.767124,0.188496,0.048503,0.006981,1.276498,0.106465
1771466046.817,1632,5,5,0.0000,0.0014,0.0073,0.0020,0.0003,0.9747,0.0143,0.289336,0.352326,0.001482,0.002840,0.001262,-0.013963,0.104720,0.311934,0.026180,0.043016,0.024435,1.494632,0.132645,0.040760,0.012217,1.180269,0.101229,-0.017453,0.085521,0.537859,0.179769,-0.048996,0.034907,1.764874,0.191986,0.047251,0.006981,1.272303,0.106465
1771466046.918,1635,5,5,0.0000,0.0021,0.0109,0.0025,0.0006,0.9542,0.0297,0.290436,0.353210,0.003273,0.003607,0.001450,-0.013963,0.104720,0.303899,0.026180,0.044871,0.027925,1.502988,0.132645,0.037159,0.012217,1.191401,0.101229,-0.017453,0.085521,0.548829,0.178024,-0.044920,0.036652,1.762622,0.195477,0.048410,0.006981,1.269538,0.106465
1771466047.018,1638,5,5,0.0000,0.0030,0.0150,0.0028,0.0008,0.9228,0.0556,0.297590,0.358250,0.001648,0.002459,0.001050,-0.013963,0.102974,0.319603,0.026180,0.076819,0.034907,1.562306,0.136136,0.003466,0.013963,1.193493,0.101229,-0.017453,0.083776,0.581862,0.178024,-0.041026,0.043633,1.760862,0.202458,0.044517,0.010472,1.286925,0.106465
1771466047.118,1641,5,5,0.0000,0.0068,0.0297,0.0037,0.0024,0.7166,0.2408,0.304174,0.364245,0.002022,0.007651,0.005324,-0.013963,0.101229,0.356302,0.026180,0.078739,0.048869,1.569308,0.150098,0.001546,0.024435,1.192147,0.101229,-0.017453,0.078540,0.663042,0.178024,-0.000103,0.054105,1.758984,0.212930,0.010575,0.017453,1.289078,0.108210
1771466047.217,1644,6,6,0.0000,0.0064,0.0274,0.0016,0.0040,0.1351,0.8255,0.311093,0.366448,0.004924,0.002496,0.003047,-0.013963,0.089012,0.412179,0.024435,0.078688,0.066323,1.568400,0.158825,0.003342,0.036652,1.190546,0.104720,-0.017453,0.064577,0.654797,0.176278,-0.009447,0.078540,1.752993,0.228638,0.023410,0.036652,1.269788,0.111701
1771466047.319,1647,6,6,0.0000,0.0035,0.0146,0.0005,0.0035,0.0196,0.9583,0.312797,0.359519,0.002993,0.005205,0.002784,-0.012217,0.075049,0.429303,0.024435,0.082833,0.089012,1.535763,0.169297,-0.000803,0.055851,1.180323,0.111701,-0.017453,0.048869,0.654511,0.176278,0.002615,0.113446,1.681219,0.237365,0.021820,0.062832,1.194849,0.120428
1771466047.418,1650,6,6,0.0000,0.0016,0.0053,0.0001,0.0018,0.0019,0.9894,0.291829,0.366790,0.006128,0.004634,0.002386,-0.010472,0.068068,0.202863,0.022689,0.066774,0.111701,1.462463,0.174533,0.017002,0.075049,1.182125,0.118682,-0.017453,0.045379,0.645244,0.167552,0.013161,0.144862,1.692449,0.247837,0.030472,0.090757,1.196362,0.127409
1771466047.529,1653,6,6,0.0000,0.0014,0.0041,0.0001,0.0017,0.0011,0.9918,0.294631,0.371615,0.003007,0.003428,0.002536,-0.008727,0.066323,0.228406,0.022689,0.074306,0.120428,1.435244,0.183260,0.016451,0.083776,1.179030,0.125664,-0.017453,0.040143,0.635623,0.157080,0.032220,0.169297,1.692764,0.251327,0.037593,0.113446,1.195499,0.134390
1771466047.620,1656,6,6,0.0000,0.0011,0.0031,0.0000,0.0013,0.0006,0.9938,0.305128,0.373812,0.005998,0.005834,0.002557,-0.008727,0.068068,0.275504,0.022689,0.085342,0.122173,1.506055,0.183260,0.003670,0.085521,1.183593,0.125664,-0.017453,0.041888,0.629016,0.150098,0.043656,0.174533,1.694113,0.253073,0.045356,0.120428,1.195704,0.137881
1771466047.719,1659,6,6,0.0000,0.0011,0.0029,0.0000,0.0013,0.0006,0.9941,0.309210,0.373556,0.003041,0.002423,0.003154,-0.008727,0.068068,0.312799,0.024435,0.098725,0.120428,1.507371,0.183260,-0.009713,0.085521,1.184251,0.125664,-0.017453,0.041888,0.631206,0.146608,0.047902,0.174533,1.689833,0.251327,0.051582,0.120428,1.189488,0.137881
1771466047.819,1662,6,6,0.0000,0.0010,0.0027,0.0000,0.0012,0.0005,0.9946,0.307490,0.370954,0.003910,0.002447,0.002724,-0.008727,0.068068,0.310859,0.022689,0.122225,0.122173,1.497576,0.183260,-0.031468,0.085521,1.151846,0.125664,-0.017453,0.041888,0.633684,0.141372,0.052586,0.176278,1.682487,0.251327,0.060860,0.120428,1.152660,0.137881
1771466047.919,1665,6,6,0.0000,0.0011,0.0026,0.0000,0.0013,0.0004,0.9946,0.306102,0.371957,0.002309,0.002280,0.002552,-0.008727,0.068068,0.286051,0.022689,0.104409,0.122173,1.513708,0.183260,-0.013652,0.085521,1.159930,0.127409,-0.017453,0.041888,0.636580,0.136136,0.061156,0.178024,1.679929,0.251327,0.069744,0.120428,1.150392,0.137881
1771466048.020,1668,6,6,0.0000,0.0009,0.0024,0.0000,0.0011,0.0004,0.9952,0.310933,0.373609,0.005380,0.006510,0.002336,-0.008727,0.069813,0.290468,0.022689,0.085371,0.122173,1.560830,0.183260,0.005386,0.085521,1.178271,0.127409,-0.017453,0.043633,0.638382,0.136136,0.066621,0.179769,1.677665,0.253073,0.078242,0.122173,1.149735,0.137881
1771466048.120,1671,6,6,0.0000,0.0009,0.0023,0.0000,0.0011,0.0004,0.9952,0.318934,0.373013,0.002446,0.002444,0.001691,-0.008727,0.069813,0.293550,0.022689,0.086638,0.122173,1.605828,0.183260,0.002373,0.085521,1.226211,0.129154,-0.017453,0.043633,0.647944,0.136136,0.053809,0.181514,1.661705,0.251327,0.096290,0.122173,1.143743,0.137881
1771466048.221,1674,6,6,0.0000,0.0010,0.0024,0.0000,0.0011,0.0004,0.9951,0.317693,0.373268,0.001868,0.001460,0.000839,-0.008727,0.069813,0.274742,0.022689,0.074069,0.122173,1.604125,0.183260,0.014943,0.085521,1.231822,0.129154,-0.015708,0.043633,0.653769,0.136136,0.057803,0.181514,1.658981,0.251327,0.094041,0.122173,1.141963,0.137881
1771466048.322,1677,6,6,0.0000,0.0010,0.0024,0.0000,0.0011,0.0004,0.9952,0.315244,0.372616,0.001874,0.002292,0.000652,-0.008727,0.069813,0.228610,0.024435,0.068630,0.122173,1.607282,0.183260,0.022127,0.085521,1.241927,0.129154,-0.015708,0.045379,0.654608,0.136136,0.051590,0.183260,1.649832,0.251327,0.100254,0.122173,1.138958,0.137881
1771466048.422,1680,6,6,0.0000,0.0010,0.0024,0.0000,0.0011,0.0004,0.9952,0.316359,0.373054,0.001753,0.001966,0.000375,-0.008727,0.069813,0.244656,0.022689,0.065399,0.122173,1.608415,0.183260,0.023612,0.085521,1.241619,0.129154,-0.015708,0.045379,0.658561,0.136136,0.044222,0.185005,1.648963,0.251327,0.107622,0.122173,1.139375,0.137881
1771466048.522,1683,6,6,0.0000,0.0010,0.0024,0.0000,0.0011,0.0004,0.9951,0.318248,0.373175,0.001370,0.000688,0.000834,-0.008727,0.069813,0.267067,0.024435,0.056691,0.122173,1.607552,0.183260,0.032321,0.085521,1.240988,0.129154,-0.015708,0.045379,0.660380,0.136136,0.048703,0.185005,1.649880,0.251327,0.104886,0.122173,1.136353,0.137881
1771466048.623,1686,6,6,0.0000,0.0010,0.0026,0.0000,0.0012,0.0004,0.9947,0.319939,0.372150,0.001157,0.001157,0.001327,-0.008727,0.069813,0.294460,0.022689,0.051951,0.120428,1.607839,0.183260,0.037061,0.085521,1.238840,0.127409,-0.015708,0.045379,0.660589,0.136136,0.051918,0.185005,1.647678,0.251327,0.101671,0.120428,1.127794,0.137881
1771466048.725,1689,6,6,0.0000,0.0011,0.0028,0.0000,0.0012,0.0005,0.9944,0.321861,0.371507,0.001423,0.000685,0.000908,-0.008727,0.069813,0.296758,0.024435,0.026420,0.120428,1.617941,0.183260,0.066083,0.085521,1.242517,0.129154,-0.015708,0.045379,0.657508,0.136136,0.031139,0.185005,1.642426,0.251327,0.122450,0.122173,1.126663,0.137881
1771466048.825,1692,6,6,0.0000,0.0013,0.0043,0.0001,0.0015,0.0012,0.9917,0.329551,0.371630,0.002190,0.002075,0.001356,-0.008727,0.069813,0.388942,0.024435,0.015229,0.120428,1.620144,0.183260,0.073783,0.085521,1.243902,0.129154,-0.015708,0.047124,0.661320,0.136136,0.037543,0.185005,1.638838,0.251327,0.117791,0.122173,1.124422,0.137881
1771466048.925,1695,6,6,0.0000,0.0015,0.0052,0.0001,0.0017,0.0017,0.9899,0.332767,0.371678,0.000451,0.000783,0.000463,-0.008727,0.069813,0.423805,0.024435,0.021841,0.120428,1.622272,0.183260,0.068916,0.085521,1.243761,0.129154,-0.015708,0.047124,0.663058,0.136136,0.038520,0.185005,1.637720,0.251327,0.116814,0.122173,1.124378,0.137881
1771466049.028,1698,6,6,0.0000,0.0056,0.0507,0.0032,0.0044,0.2781,0.6581,0.336543,0.370873,0.001934,0.001126,0.000993,-0.010472,0.069813,0.428416,0.022689,0.053828,0.120428,1.655079,0.183260,0.035184,0.085521,1.255142,0.129154,-0.015708,0.047124,0.656723,0.136136,0.042771,0.185005,1.636618,0.251327,0.110818,0.122173,1.123904,0.137881
1771466049.128,1701,6,6,0.0000,0.0056,0.0508,0.0037,0.0038,0.3899,0.5462,0.335708,0.370724,0.002361,0.003044,0.000865,-0.008727,0.069813,0.403970,0.024435,0.060877,0.120428,1.662141,0.183260,0.029880,0.085521,1.259012,0.129154,-0.015708,0.047124,0.649730,0.136136,0.042476,0.185005,1.633891,0.251327,0.112858,0.122173,1.130083,0.137881
1771466049.229,1704,5,5,0.0000,0.0052,0.0478,0.0036,0.0031,0.4881,0.4523,0.334826,0.370575,0.002931,0.001371,0.000747,-0.008727,0.069813,0.392971,0.022689,0.066450,0.120428,1.663669,0.183260,0.022562,0.085521,1.259655,0.130900,-0.015708,0.047124,0.649993,0.136136,0.062846,0.185005,1.630096,0.251327,0.090743,0.122173,1.133573,0.137881
1771466049.329,1707,5,5,0.0000,0.0049,0.0432,0.0038,0.0026,0.5947,0.3508,0.337186,0.368526,0.001776,0.002496,0.000983,-0.010472,0.071558,0.415503,0.022689,0.076414,0.120428,1.665029,0.183260,0.014344,0.085521,1.260585,0.130900,-0.015708,0.047124,0.650602,0.136136,0.077706,0.185005,1.605431,0.251327,0.077628,0.122173,1.131304,0.137881
1771466049.429,1710,5,5,0.0000,0.0044,0.0397,0.0039,0.0024,0.6499,0.2997,0.338855,0.371080,0.002103,0.001271,0.001528,-0.008727,0.068068,0.394760,0.022689,0.094524,0.137881,1.666584,0.185005,0.004959,0.099484,1.257920,0.134390,-0.015708,0.045379,0.630599,0.130900,0.091651,0.205949,1.608461,0.253073,0.077646,0.132645,1.131793,0.144862
1771466049.529,1713,5,5,0.0000,0.0043,0.0398,0.0034,0.0022,0.6568,0.2935,0.339598,0.373496,0.003440,0.001452,0.002419,-0.010472,0.071558,0.376074,0.022689,0.078688,0.146608,1.662395,0.190241,0.022541,0.108210,1.253056,0.143117,-0.015708,0.050615,0.627518,0.130900,0.099696,0.214676,1.602061,0.251327,0.081818,0.141372,1.133619,0.148353
1771466049.630,1716,5,5,0.0000,0.0036,0.0328,0.0030,0.0016,0.7538,0.2052,0.339725,0.374860,0.002577,0.002657,0.001036,-0.012217,0.075049,0.391672,0.022689,0.075055,0.144862,1.659609,0.188496,0.026174,0.106465,1.243513,0.143117,-0.013963,0.062832,0.633636,0.132645,0.100098,0.212930,1.599467,0.251327,0.079671,0.141372,1.134238,0.150098
1771466049.730,1719,5,5,0.0000,0.0034,0.0335,0.0024,0.0014,0.7620,0.1973,0.328685,0.377017,0.008118,0.004411,0.005291,-0.012217,0.082030,0.260581,0.022689,0.060929,0.141372,1.658094,0.188496,0.038555,0.104720,1.243639,0.143117,-0.015708,0.075049,0.643698,0.137881,0.094274,0.204204,1.601677,0.249582,0.083749,0.137881,1.137387,0.158825
1771466049.832,1722,5,5,0.0000,0.0032,0.0278,0.0028,0.0013,0.8092,0.1559,0.330719,0.377192,0.001633,0.001825,0.001560,-0.012217,0.092502,0.248682,0.022689,0.062910,0.132645,1.689704,0.188496,0.034829,0.101229,1.251825,0.143117,-0.013963,0.090757,0.648621,0.146608,0.082081,0.179769,1.609670,0.249582,0.092452,0.125664,1.142279,0.158825
1771466049.933,1725,5,5,0.0000,0.0030,0.0265,0.0028,0.0012,0.8237,0.1428,0.330055,0.377449,0.002309,0.001389,0.002101,-0.012217,0.101229,0.259396,0.022689,0.087921,0.123918,1.674943,0.188496,0.011563,0.094248,1.253143,0.143117,-0.008727,0.116937,0.648478,0.158825,0.061581,0.148353,1.639612,0.249582,0.102480,0.101229,1.143486,0.158825
1771466050.035,1728,5,5,0.0000,0.0029,0.0247,0.0031,0.0012,0.8397,0.1284,0.326947,0.375350,0.001415,0.000821,0.001303,-0.012217,0.113446,0.270885,0.024435,0.087642,0.113446,1.643145,0.188496,0.010096,0.087266,1.246621,0.137881,-0.003491,0.150098,0.680611,0.181514,0.055701,0.118682,1.610958,0.249582,0.083925,0.083776,1.130521,0.158825
1771466050.135,1731,5,5,0.0000,0.0030,0.0251,0.0038,0.0013,0.8456,0.1212,0.322681,0.366711,0.001109,0.001380,0.001695,-0.012217,0.129154,0.286368,0.024435,0.090516,0.104720,1.594806,0.188496,0.007222,0.087266,1.240509,0.118682,0.000000,0.176278,0.728904,0.198968,0.044168,0.092502,1.540231,0.249582,0.065787,0.064577,1.080711,0.158825
1771466050.235,1734,5,5,0.0000,0.0031,0.0255,0.0041,0.0013,0.8501,0.1158,0.319643,0.358485,0.000743,0.001556,0.000700,-0.012217,0.134390,0.291085,0.026180,0.091226,0.097738,1.574732,0.188496,0.006512,0.083776,1.236865,0.104720,0.000000,0.186750,0.731674,0.197222,0.035690,0.082030,1.506264,0.249582,0.053322,0.054105,1.046350,0.158825
1771466050.337,1737,5,5,0.0000,0.0031,0.0260,0.0041,0.0013,0.8554,0.1100,0.318963,0.352427,0.001889,0.002420,0.002221,-0.012217,0.136136,0.296787,0.026180,0.095021,0.092502,1.571369,0.188496,0.004463,0.082030,1.233342,0.101229,0.000000,0.188496,0.680893,0.198968,0.032271,0.078540,1.496629,0.249582,0.051505,0.048869,1.044545,0.158825
1771466050.436,1740,5,5,0.0000,0.0030,0.0259,0.0037,0.0012,0.8569,0.1093,0.318179,0.352790,0.003560,0.000909,0.002650,-0.012217,0.136136,0.293585,0.031416,0.093626,0.090757,1.570148,0.188496,0.004112,0.082030,1.228352,0.099484,0.000000,0.188496,0.690007,0.198968,0.010441,0.076794,1.499819,0.249582,0.066354,0.045379,1.048812,0.158825
1771466050.536,1743,5,5,0.0000,0.0031,0.0254,0.0034,0.0011,0.8593,0.1077,0.317488,0.357784,0.003524,0.002069,0.001699,-0.012217,0.137881,0.242190,0.036652,0.091899,0.087266,1.608174,0.188496,0.007585,0.080285,1.235175,0.094248,0.000000,0.188496,0.708393,0.197222,0.006604,0.075049,1.536758,0.244346,0.064955,0.041888,1.072623,0.157080
1771466050.636,1746,5,5,0.0000,0.0029,0.0226,0.0032,0.0010,0.8772,0.0930,0.319162,0.356834,0.002707,0.002004,0.001717,-0.012217,0.150098,0.296990,0.036652,0.059569,0.080285,1.589903,0.188496,0.038169,0.080285,1.236198,0.073304,0.000000,0.190241,0.704237,0.200713,-0.001876,0.073304,1.541178,0.239110,0.061217,0.038397,1.076529,0.157080
1771466050.736,1749,5,5,0.0000,0.0027,0.0203,0.0030,0.0009,0.8903,0.0829,0.319931,0.356298,0.002072,0.002050,0.001394,-0.012217,0.155334,0.312188,0.036652,0.067467,0.075049,1.588562,0.188496,0.030271,0.080285,1.245526,0.059341,0.000000,0.211185,0.712168,0.207694,-0.021672,0.062832,1.535072,0.239110,0.049597,0.029671,1.076404,0.151844
1771466050.837,1752,5,5,0.0000,0.0022,0.0169,0.0022,0.0007,0.9132,0.0648,0.325494,0.354900,0.004883,0.001743,0.003099,-0.013963,0.164061,0.369024,0.036652,0.082326,0.073304,1.593467,0.188496,0.015412,0.078540,1.254030,0.050615,0.000000,0.218166,0.720906,0.207694,-0.026621,0.054105,1.533115,0.239110,0.042329,0.024435,1.079313,0.139626
1771466050.938,1755,5,5,0.0000,0.0021,0.0158,0.0019,0.0006,0.9196,0.0600,0.327595,0.350361,0.005197,0.002015,0.005131,-0.017453,0.174533,0.406044,0.036652,0.103583,0.068068,1.585624,0.188496,-0.005844,0.076794,1.252953,0.038397,-0.003491,0.233874,0.731485,0.205949,-0.027731,0.045379,1.516615,0.221657,0.032967,0.019199,1.071544,0.125664
1771466051.042,1758,5,5,0.0000,0.0017,0.0124,0.0018,0.0005,0.9377,0.0459,0.329675,0.344830,0.003325,0.002674,0.002598,-0.024435,0.178024,0.446862,0.036652,0.098834,0.066323,1.578679,0.188496,-0.001096,0.076794,1.252278,0.033161,-0.001745,0.242601,0.733419,0.207694,-0.004226,0.036652,1.508373,0.218166,0.005972,0.019199,1.052444,0.113446
1771466051.142,1761,5,5,0.0000,0.0015,0.0104,0.0018,0.0005,0.9471,0.0386,0.328862,0.345753,0.001923,0.000943,0.000901,-0.033161,0.179769,0.450025,0.027925,0.103939,0.064577,1.568330,0.188496,-0.006201,0.078540,1.256812,0.027925,-0.003491,0.242601,0.742387,0.205949,0.000528,0.038397,1.512997,0.218166,0.002962,0.019199,1.059381,0.106465
1771466051.242,1764,5,5,0.0000,0.0017,0.0118,0.0020,0.0005,0.9393,0.0447,0.323046,0.348638,0.002964,0.001228,0.001667,-0.038397,0.179769,0.447707,0.019199,0.081200,0.068068,1.513499,0.188496,0.016538,0.080285,1.257361,0.024435,-0.005236,0.240855,0.743577,0.205949,-0.003152,0.041888,1.518025,0.218166,0.006642,0.017453,1.089874,0.101229
1771466051.342,1767,5,5,0.0000,0.0016,0.0102,0.0020,0.0005,0.9510,0.0348,0.319342,0.348395,0.001528,0.001054,0.000877,-0.050615,0.181514,0.444889,0.013963,0.084976,0.069813,1.480055,0.188496,0.014508,0.078540,1.257903,0.017453,-0.005236,0.242601,0.739232,0.205949,0.001770,0.041888,1.523490,0.218166,0.003466,0.017453,1.090737,0.095993
1771466051.446,1770,5,5,0.0000,0.0016,0.0100,0.0021,0.0005,0.9530,0.0328,0.319201,0.349633,0.000643,0.000679,0.000103,-0.066323,0.186750,0.428425,0.010472,0.085744,0.071558,1.492009,0.188496,0.013739,0.080285,1.258964,0.013963,-0.006981,0.242601,0.736005,0.207694,0.004972,0.043633,1.527947,0.219911,-0.001482,0.017453,1.101128,0.094248
1771466051.546,1773,5,5,0.0000,0.0017,0.0105,0.0024,0.0005,0.9518,0.0330,0.316150,0.350283,0.000899,0.000979,0.000709,-0.076794,0.186750,0.429806,0.008727,0.085525,0.073304,1.454353,0.188496,0.013959,0.082030,1.255141,0.015708,-0.006981,0.242601,0.736418,0.205949,0.011990,0.048869,1.527198,0.219911,-0.006754,0.017453,1.100502,0.092502
1771466051.646,1776,5,5,0.0000,0.0019,0.0122,0.0031,0.0006,0.9493,0.0328,0.304474,0.351616,0.000609,0.002974,0.003353,-0.078540,0.186750,0.527336,0.006981,0.087496,0.075049,1.312493,0.188496,0.011988,0.082030,1.159364,0.015708,-0.005236,0.242601,0.740940,0.205949,0.023012,0.050615,1.529060,0.219911,-0.017776,0.017453,1.099097,0.090757
1771466051.746,1779,5,5,0.0000,0.0021,0.0135,0.0035,0.0006,0.9470,0.0333,0.289914,0.353757,0.000923,0.001424,0.001909,-0.085521,0.186750,0.478740,0.005236,0.085369,0.076794,1.258169,0.188496,0.012369,0.082030,1.089304,0.015708,-0.005236,0.242601,0.748456,0.205949,0.032729,0.052360,1.530735,0.219911,-0.027493,0.017453,1.104139,0.090757
1771466051.849,1782,5,5,0.0000,0.0022,0.0146,0.0034,0.0006,0.9458,0.0334,0.296451,0.363223,0.001570,0.002801,0.002317,-0.085521,0.186750,0.493070,0.005236,0.095111,0.078540,1.283346,0.188496,0.004373,0.083776,1.123001,0.015708,-0.005236,0.240855,0.717440,0.205949,0.044586,0.055851,1.553540,0.219911,-0.039350,0.017453,1.212339,0.090757
1771466051.947,1785,5,5,0.0000,0.0020,0.0141,0.0023,0.0005,0.9431,0.0379,0.341450,0.359731,0.002413,0.000996,0.001566,-0.085521,0.186750,0.533256,0.005236,0.130030,0.078540,1.588523,0.188496,-0.030546,0.083776,1.287088,0.015708,-0.005236,0.240855,0.634615,0.205949,0.044116,0.059341,1.589767,0.219911,-0.038880,0.017453,1.214010,0.090757
1771466052.049,1788,5,5,0.0000,0.0017,0.0109,0.0019,0.0005,0.9493,0.0358,0.355072,0.360322,0.001402,0.001316,0.001019,-0.085521,0.186750,0.681548,0.005236,0.110853,0.080285,1.600610,0.188496,-0.013115,0.083776,1.307609,0.015708,-0.005236,0.240855,0.609368,0.205949,0.049743,0.061087,1.597580,0.221657,-0.044507,0.017453,1.229417,0.090757
1771466052.150,1791,5,5,0.0000,0.0017,0.0117,0.0017,0.0006,0.9340,0.0502,0.360871,0.360015,0.003449,0.002830,0.000651,-0.085521,0.185005,0.688982,0.005236,0.153827,0.082030,1.617855,0.188496,-0.056089,0.083776,1.309540,0.015708,-0.001745,0.239110,0.587703,0.205949,0.051439,0.066323,1.600792,0.221657,-0.046203,0.017453,1.239000,0.090757
1771466052.252,1794,5,5,0.0000,0.0019,0.0138,0.0019,0.0007,0.9119,0.0698,0.361993,0.361916,0.002388,0.001148,0.001338,-0.085521,0.185005,0.677430,0.005236,0.147745,0.083776,1.641748,0.188496,-0.048262,0.083776,1.314993,0.015708,0.000000,0.233874,0.576776,0.205949,0.052548,0.075049,1.605482,0.221657,-0.045567,0.017453,1.265198,0.089012
1771466052.353,1797,5,5,0.0000,0.0023,0.0172,0.0024,0.0010,0.8786,0.0984,0.361110,0.361709,0.001302,0.000661,0.001535,-0.083776,0.183260,0.657616,0.005236,0.143397,0.087266,1.642941,0.188496,-0.042168,0.087266,1.322140,0.015708,-0.003491,0.226893,0.571000,0.204204,0.052945,0.083776,1.608920,0.221657,-0.047709,0.017453,1.264644,0.089012
1771466052.456,1800,5,5,0.0000,0.0027,0.0218,0.0030,0.0014,0.8365,0.1346,0.361148,0.362505,0.001649,0.001349,0.001603,-0.083776,0.181514,0.670894,0.003491,0.138107,0.085521,1.641297,0.188496,-0.040368,0.087266,1.321483,0.015708,-0.001745,0.219911,0.565135,0.204204,0.055055,0.087266,1.616297,0.221657,-0.049819,0.017453,1.274069,0.089012
1771466052.558,1803,5,5,0.0000,0.0033,0.0315,0.0027,0.0017,0.7278,0.2330,0.363626,0.363591,0.003670,0.003049,0.000915,-0.083776,0.181514,0.723868,0.003491,0.116992,0.085521,1.639540,0.188496,-0.019253,0.087266,1.321121,0.015708,-0.001745,0.218166,0.553551,0.204204,0.056743,0.087266,1.633536,0.221657,-0.051507,0.017453,1.283250,0.087266
1771466052.666,1806,5,5,0.0000,0.0041,0.0408,0.0028,0.0025,0.5998,0.3500,0.360373,0.363054,0.004240,0.007414,0.003387,-0.083776,0.181514,0.712026,0.003491,0.046583,0.085521,1.635674,0.188496,0.049410,0.087266,1.320533,0.013963,-0.001745,0.216421,0.539327,0.204204,0.056283,0.087266,1.644364,0.219911,-0.052792,0.017453,1.284155,0.087266
1771466052.763,1809,5,5,0.0000,0.0043,0.0426,0.0030,0.0029,0.5200,0.4272,0.356861,0.361433,0.003803,0.004668,0.000977,-0.083776,0.183260,0.686516,0.005236,0.075270,0.082030,1.629128,0.188496,0.017232,0.085521,1.317426,0.012217,-0.003491,0.218166,0.525883,0.205949,0.055162,0.078540,1.646983,0.219911,-0.051672,0.017453,1.281879,0.087266
1771466052.867,1812,6,6,0.0000,0.0046,0.0449,0.0026,0.0034,0.3972,0.5473,0.353819,0.360416,0.003213,0.004511,0.002299,-0.085521,0.185005,0.671086,0.005236,0.068643,0.075049,1.627545,0.188496,0.020369,0.083776,1.313646,0.006981,-0.005236,0.221657,0.525539,0.205949,0.047001,0.069813,1.652704,0.219911,-0.048746,0.017453,1.277693,0.087266
1771466052.964,1815,6,6,0.0000,0.0047,0.0410,0.0019,0.0039,0.2144,0.7341,0.336798,0.359858,0.003571,0.005426,0.002742,-0.083776,0.197222,0.610426,0.006981,0.048333,0.073304,1.561737,0.188496,0.040679,0.083776,1.230628,0.000000,-0.006981,0.226893,0.528611,0.207694,0.038674,0.061087,1.667004,0.211185,-0.045656,0.012217,1.277669,0.087266
1771466053.064,1818,6,6,0.0000,0.0043,0.0329,0.0013,0.0037,0.1060,0.8517,0.333827,0.361486,0.002686,0.003268,0.001598,-0.085521,0.212930,0.634372,0.008727,0.058988,0.069813,1.502039,0.188496,0.031769,0.083776,1.215016,-0.003491,-0.006981,0.244346,0.552231,0.205949,0.033990,0.038397,1.677149,0.202458,-0.044462,0.006981,1.289068,0.087266
1771466053.165,1821,6,6,0.0000,0.0031,0.0189,0.0005,0.0026,0.0287,0.9460,0.295052,0.363349,0.005848,0.004857,0.002231,-0.083776,0.230383,0.616805,0.010472,0.086397,0.068068,1.285903,0.188496,0.002614,0.082030,0.969461,-0.005236,-0.006981,0.246091,0.576100,0.205949,0.030189,0.034907,1.687645,0.197222,-0.042407,0.006981,1.287840,0.087266
1771466053.266,1824,6,6,0.0000,0.0028,0.0151,0.0004,0.0025,0.0156,0.9637,0.309031,0.365636,0.004601,0.006028,0.001950,-0.085521,0.239110,0.617307,0.010472,0.078025,0.068068,1.348542,0.188496,0.010986,0.082030,1.065329,-0.006981,-0.008727,0.246091,0.606364,0.205949,0.022337,0.031416,1.701182,0.185005,-0.032809,0.006981,1.295043,0.087266
1771466053.365,1827,6,6,0.0000,0.0023,0.0108,0.0002,0.0021,0.0079,0.9766,0.314309,0.364356,0.003018,0.002731,0.001225,-0.085521,0.242601,0.622118,0.010472,0.078023,0.068068,1.393199,0.188496,0.012734,0.082030,1.073967,-0.005236,-0.010472,0.246091,0.604566,0.205949,0.012466,0.027925,1.706203,0.178024,-0.022938,0.005236,1.298548,0.087266
1771466053.465,1830,6,6,0.0000,0.0019,0.0083,0.0002,0.0021,0.0045,0.9831,0.335313,0.362641,0.001329,0.002457,0.001287,-0.085521,0.242601,0.632366,0.008727,0.079948,0.068068,1.544343,0.188496,0.009064,0.082030,1.168116,-0.006981,-0.010472,0.244346,0.573404,0.205949,0.018231,0.026180,1.707920,0.178024,-0.026957,0.006981,1.303387,0.087266
1771466053.565,1833,6,6,0.0000,0.0010,0.0038,0.0000,0.0013,0.0010,0.9929,0.355915,0.362406,0.003830,0.002502,0.002080,-0.087266,0.242601,0.647557,0.006981,0.109245,0.068068,1.668074,0.188496,-0.020233,0.082030,1.257929,-0.006981,-0.010472,0.244346,0.573465,0.205949,0.013524,0.024435,1.710063,0.178024,-0.022251,0.005236,1.306565,0.087266
1771466053.666,1836,6,6,0.0000,0.0009,0.0026,0.0000,0.0011,0.0004,0.9950,0.358122,0.361233,0.001689,0.001395,0.000954,-0.085521,0.242601,0.642828,0.005236,0.098833,0.068068,1.672750,0.188496,-0.009821,0.082030,1.296623,-0.006981,-0.010472,0.244346,0.566547,0.205949,0.007572,0.024435,1.708287,0.178024,-0.014553,0.006981,1.305388,0.087266
1771466053.766,1839,6,6,0.0000,0.0008,0.0024,0.0000,0.0010,0.0004,0.9954,0.358637,0.361817,0.000940,0.001367,0.000753,-0.085521,0.242601,0.652777,0.005236,0.096216,0.068068,1.673457,0.188496,-0.005459,0.082030,1.294763,-0.006981,-0.010472,0.244346,0.573086,0.205949,0.010515,0.024435,1.708330,0.179769,-0.017497,0.005236,1.302875,0.087266
1771466053.866,1842,6,6,0.0000,0.0008,0.0023,0.0000,0.0010,0.0003,0.9956,0.362216,0.362819,0.001007,0.001961,0.000538,-0.085521,0.240855,0.660788,0.003491,0.137936,0.068068,1.673362,0.188496,-0.048924,0.082030,1.291568,-0.005236,-0.010472,0.244346,0.588215,0.204204,0.010550,0.024435,1.708373,0.178024,-0.017532,0.006981,1.301431,0.087266
1771466053.966,1845,6,6,0.0000,0.0007,0.0021,0.0000,0.0009,0.0003,0.9959,0.360855,0.364432,0.002671,0.001038,0.002005,-0.085521,0.242601,0.666310,0.003491,0.113161,0.068068,1.673461,0.188496,-0.024149,0.082030,1.292648,-0.005236,-0.010472,0.244346,0.607869,0.204204,0.011326,0.024435,1.708348,0.179769,-0.016562,0.005236,1.300380,0.087266
1771466054.067,1848,6,6,0.0000,0.0007,0.0021,0.0000,0.0009,0.0003,0.9960,0.359976,0.365837,0.001936,0.000759,0.001594,-0.085521,0.240855,0.665570,0.005236,0.114285,0.068068,1.673403,0.188496,-0.025274,0.082030,1.281765,-0.005236,-0.010472,0.242601,0.620635,0.204204,0.020777,0.024435,1.706958,0.178024,-0.026013,0.005236,1.299912,0.087266
1771466054.167,1851,6,6,0.0000,0.0007,0.0021,0.0000,0.0009,0.0003,0.9959,0.354101,0.367813,0.001626,0.000723,0.001454,-0.085521,0.240855,0.658561,0.005236,0.087736,0.068068,1.638597,0.188496,0.001276,0.082030,1.278358,-0.005236,-0.010472,0.244346,0.644258,0.204204,0.020016,0.024435,1.704600,0.178024,-0.025252,0.005236,1.301377,0.087266
1771466054.267,1854,6,6,0.0000,0.0008,0.0021,0.0000,0.0010,0.0003,0.9957,0.353422,0.369930,0.001217,0.001768,0.004101,-0.085521,0.240855,0.656553,0.006981,0.084124,0.068068,1.629385,0.188496,0.004888,0.082030,1.279684,-0.005236,-0.010472,0.244346,0.670347,0.205949,0.014590,0.024435,1.707112,0.178024,-0.019826,0.006981,1.300113,0.087266
1771466054.367,1857,6,6,0.0000,0.0008,0.0025,0.0000,0.0010,0.0004,0.9952,0.352772,0.369168,0.002362,0.000570,0.002540,-0.085521,0.240855,0.640939,0.006981,0.088122,0.068068,1.632063,0.188496,0.000890,0.082030,1.284824,-0.006981,-0.010472,0.244346,0.657429,0.205949,0.016521,0.022689,1.708963,0.178024,-0.021757,0.005236,1.303593,0.087266
1771466054.468,1860,6,6,0.0000,0.0014,0.0057,0.0001,0.0017,0.0021,0.9891,0.352835,0.370621,0.000794,0.000658,0.000228,-0.085521,0.242601,0.643498,0.006981,0.091602,0.068068,1.629602,0.188496,-0.000845,0.082030,1.281143,-0.005236,-0.010472,0.246091,0.657086,0.205949,0.018072,0.022689,1.708380,0.178024,-0.025053,0.003491,1.320408,0.087266
1771466054.568,1863,6,6,0.0000,0.0048,0.0430,0.0021,0.0048,0.1514,0.7939,0.352758,0.371058,0.000493,0.003073,0.002453,-0.085521,0.242601,0.644853,0.006981,0.088207,0.066323,1.631618,0.188496,0.000804,0.082030,1.281184,-0.005236,-0.010472,0.246091,0.664475,0.205949,0.017183,0.022689,1.708362,0.178024,-0.022419,0.003491,1.319164,0.087266
1771466054.669,1866,5,6,0.0000,0.0049,0.0498,0.0044,0.0038,0.4966,0.4405,0.353366,0.370429,0.001170,0.001236,0.003113,-0.083776,0.242601,0.651413,0.006981,0.087480,0.068068,1.630431,0.188496,0.001532,0.082030,1.281362,-0.005236,-0.010472,0.246091,0.655512,0.205949,0.018330,0.022689,1.708324,0.178024,-0.023566,0.003491,1.319476,0.087266
1771466054.769,1869,5,5,0.0000,0.0045,0.0466,0.0045,0.0032,0.5734,0.3679,0.352929,0.370229,0.001114,0.000639,0.000743,-0.083776,0.242601,0.664586,0.006981,0.090219,0.066323,1.621168,0.188496,-0.001207,0.082030,1.272748,-0.005236,-0.010472,0.246091,0.636664,0.204204,0.029356,0.022689,1.708319,0.178024,-0.032846,0.005236,1.324893,0.087266
1771466054.869,1872,5,5,0.0000,0.0045,0.0472,0.0043,0.0033,0.5842,0.3566,0.356542,0.372924,0.002481,0.001600,0.004009,-0.085521,0.244346,0.692176,0.006981,0.093979,0.066323,1.623563,0.188496,-0.004968,0.082030,1.280607,-0.006981,-0.012217,0.247837,0.651156,0.207694,0.035181,0.020944,1.706553,0.172788,-0.040417,0.003491,1.342176,0.087266
1771466054.969,1875,5,5,0.0000,0.0042,0.0478,0.0036,0.0030,0.5474,0.3940,0.364468,0.372569,0.004265,0.003377,0.002236,-0.085521,0.246091,0.726490,0.006981,0.095742,0.066323,1.639944,0.186750,-0.006731,0.082030,1.323259,-0.006981,-0.012217,0.263545,0.661751,0.205949,0.033121,0.010472,1.697041,0.164061,-0.040102,0.003491,1.344133,0.087266
1771466055.070,1878,5,5,0.0000,0.0043,0.0470,0.0037,0.0032,0.5442,0.3976,0.361038,0.370063,0.001843,0.002800,0.001509,-0.085521,0.246091,0.676258,0.005236,0.095921,0.066323,1.639017,0.186750,-0.006909,0.082030,1.334830,-0.006981,-0.012217,0.261799,0.644812,0.205949,0.035747,0.010472,1.680232,0.164061,-0.040983,0.003491,1.346931,0.087266
1771466055.170,1881,5,5,0.0000,0.0041,0.0468,0.0030,0.0027,0.5388,0.4046,0.356917,0.363036,0.005364,0.002840,0.002985,-0.083776,0.244346,0.668234,0.005236,0.091826,0.066323,1.604163,0.185005,-0.002814,0.082030,1.335841,-0.006981,-0.012217,0.260054,0.616510,0.205949,0.036625,0.012217,1.632011,0.164061,-0.038370,0.003491,1.338245,0.087266
1771466055.270,1884,5,5,0.0000,0.0045,0.0450,0.0043,0.0032,0.5994,0.3436,0.349260,0.360525,0.000679,0.002722,0.003297,-0.083776,0.242601,0.673942,0.003491,0.093370,0.068068,1.563841,0.185005,-0.004358,0.082030,1.278770,-0.006981,-0.012217,0.260054,0.626881,0.204204,0.051706,0.012217,1.607765,0.164061,-0.053451,0.003491,1.308660,0.087266
1771466055.370,1887,5,5,0.0000,0.0045,0.0439,0.0048,0.0031,0.6123,0.3314,0.350411,0.363115,0.000112,0.000791,0.000764,-0.083776,0.240855,0.668842,0.003491,0.087690,0.066323,1.569895,0.185005,0.001322,0.082030,1.299480,-0.005236,-0.010472,0.260054,0.639338,0.204204,0.063463,0.012217,1.610706,0.164061,-0.065208,0.003491,1.312575,0.087266
1771466055.470,1890,5,5,0.0000,0.0045,0.0439,0.0049,0.0030,0.6210,0.3227,0.349979,0.363883,0.000628,0.000609,0.000329,-0.083776,0.240855,0.662473,0.005236,0.086456,0.066323,1.570414,0.185005,0.002556,0.082030,1.298403,-0.005236,-0.008727,0.260054,0.639698,0.204204,0.060742,0.012217,1.618801,0.164061,-0.062487,0.003491,1.316058,0.087266
1771466055.571,1893,5,5,0.0000,0.0043,0.0446,0.0037,0.0026,0.6179,0.3270,0.350457,0.364644,0.003308,0.002163,0.001554,-0.078540,0.240855,0.664703,0.006981,0.088941,0.066323,1.570724,0.186750,0.000071,0.082030,1.298106,-0.005236,-0.005236,0.260054,0.638331,0.204204,0.058855,0.012217,1.626260,0.164061,-0.060600,0.003491,1.320993,0.087266
1771466055.671,1896,5,5,0.0000,0.0041,0.0434,0.0034,0.0023,0.6397,0.3070,0.341815,0.360633,0.005037,0.003465,0.002886,-0.073304,0.240855,0.664778,0.008727,0.087493,0.068068,1.504183,0.186750,0.001519,0.082030,1.257375,-0.005236,-0.003491,0.260054,0.582635,0.204204,0.067608,0.012217,1.625584,0.164061,-0.069354,0.003491,1.320480,0.087266
1771466055.772,1899,5,5,0.0000,0.0038,0.0390,0.0031,0.0019,0.6931,0.2591,0.343512,0.357159,0.004828,0.003195,0.002234,-0.066323,0.240855,0.675374,0.008727,0.042613,0.066323,1.503969,0.186750,0.048144,0.082030,1.267364,-0.005236,-0.003491,0.260054,0.548280,0.204204,0.056596,0.012217,1.630116,0.164061,-0.058341,0.003491,1.319629,0.087266
1771466055.872,1902,5,5,0.0000,0.0035,0.0352,0.0028,0.0016,0.7320,0.2249,0.343120,0.358501,0.004252,0.003792,0.000537,-0.062832,0.240855,0.670697,0.008727,0.096807,0.066323,1.495345,0.186750,-0.006050,0.083776,1.268161,-0.001745,-0.003491,0.258309,0.546920,0.202458,0.059306,0.012217,1.642008,0.164061,-0.057560,0.003491,1.325975,0.087266
1771466055.972,1905,5,5,0.0000,0.0035,0.0327,0.0028,0.0013,0.7880,0.1717,0.287380,0.366364,0.005595,0.002775,0.002890,-0.062832,0.240855,0.669596,0.008727,0.036873,0.068068,0.900564,0.186750,0.053884,0.083776,1.199465,0.000000,-0.005236,0.256563,0.589272,0.193732,0.060034,0.017453,1.680510,0.164061,-0.054798,0.003491,1.343991,0.087266
1771466056.073,1908,5,5,0.0000,0.0034,0.0349,0.0031,0.0009,0.8467,0.1109,0.263857,0.370111,0.005633,0.002596,0.002807,-0.062832,0.237365,0.601140,0.006981,0.050915,0.068068,0.841437,0.186750,0.038097,0.083776,1.048268,0.003491,-0.005236,0.246091,0.637736,0.185005,0.054997,0.036652,1.684293,0.165806,-0.046270,0.003491,1.340000,0.087266
1771466056.173,1911,5,5,0.0000,0.0031,0.0314,0.0032,0.0008,0.8775,0.0840,0.271379,0.369580,0.004069,0.003060,0.001632,-0.062832,0.228638,0.601579,0.001745,0.075625,0.069813,0.876276,0.186750,0.015132,0.085521,1.108484,0.006981,-0.005236,0.226893,0.625209,0.176278,0.056402,0.062832,1.683242,0.172788,-0.049420,0.003491,1.340554,0.087266
1771466056.273,1914,5,5,0.0000,0.0028,0.0240,0.0032,0.0007,0.8975,0.0718,0.300890,0.369925,0.002486,0.001913,0.002199,-0.062832,0.214676,0.607287,0.000000,0.123105,0.082030,1.143639,0.188496,-0.028857,0.089012,1.155457,0.006981,-0.006981,0.205949,0.612058,0.153589,0.058378,0.095993,1.685208,0.188496,-0.037434,0.012217,1.339947,0.087266
1771466056.373,1917,5,5,0.0000,0.0036,0.0245,0.0030,0.0011,0.8441,0.1236,0.323707,0.371595,0.002025,0.001670,0.000999,-0.062832,0.204204,0.680696,0.001745,0.111797,0.094248,1.317859,0.191986,-0.015804,0.097738,1.177228,0.006981,-0.005236,0.202458,0.615193,0.151844,0.061577,0.108210,1.674229,0.198968,-0.042379,0.022689,1.336703,0.087266
1771466056.474,1920,5,5,0.0000,0.0050,0.0301,0.0049,0.0018,0.7875,0.1707,0.271752,0.362862,0.001004,0.000633,0.001093,-0.066323,0.207694,0.651371,0.000000,0.062107,0.092502,0.799506,0.191986,0.030395,0.097738,1.122488,0.005236,-0.006981,0.205949,0.615269,0.150098,0.056650,0.111701,1.617414,0.198968,-0.035706,0.022689,1.288344,0.087266
1771466056.576,1923,5,5,0.0000,0.0077,0.0477,0.0070,0.0031,0.6780,0.2565,0.255240,0.361993,0.000717,0.000619,0.000823,-0.075049,0.214676,0.605111,0.000000,0.082670,0.094248,0.775966,0.191986,0.009833,0.099484,0.983672,0.005236,-0.006981,0.209440,0.618180,0.151844,0.056912,0.111701,1.604854,0.198968,-0.035968,0.024435,1.280314,0.087266
1771466056.676,1926,5,5,0.0000,0.0091,0.0598,0.0081,0.0038,0.6225,0.2966,0.245768,0.363219,0.002193,0.001339,0.001552,-0.080285,0.226893,0.620059,0.000000,0.105405,0.092502,0.658462,0.191986,-0.011157,0.099484,0.947443,0.006981,-0.006981,0.218166,0.621693,0.153589,0.056122,0.111701,1.604805,0.198968,-0.036923,0.024435,1.281889,0.087266
1771466056.777,1929,5,5,0.0000,0.0067,0.0438,0.0060,0.0024,0.7442,0.1969,0.286769,0.365492,0.002757,0.002414,0.001978,-0.085521,0.226893,0.641340,0.000000,0.107652,0.094248,0.992471,0.191986,-0.013404,0.097738,1.083663,0.005236,-0.006981,0.218166,0.629945,0.153589,0.055098,0.111701,1.612818,0.198968,-0.034154,0.024435,1.293913,0.087266
1771466056.878,1932,5,5,0.0000,0.0085,0.0504,0.0060,0.0034,0.6020,0.3297,0.279757,0.370795,0.003014,0.001660,0.002639,-0.085521,0.226893,0.583269,0.000000,0.055837,0.092502,0.942239,0.191986,0.040156,0.097738,1.121233,0.005236,-0.006981,0.218166,0.636465,0.153589,0.049060,0.111701,1.667797,0.198968,-0.028116,0.024435,1.302095,0.087266
1771466056.978,1935,6,5,0.0000,0.0098,0.0579,0.0057,0.0047,0.4426,0.4793,0.275160,0.372874,0.002925,0.002754,0.004002,-0.085521,0.226893,0.593982,0.000000,0.080917,0.092502,0.896361,0.191986,0.013331,0.097738,1.102968,0.005236,-0.006981,0.218166,0.640978,0.153589,0.049186,0.113446,1.677832,0.198968,-0.028243,0.024435,1.310617,0.087266
1771466057.087,1938,6,6,0.0000,0.0070,0.0417,0.0024,0.0046,0.1360,0.8083,0.327873,0.371034,0.004152,0.003249,0.001164,-0.083776,0.226893,0.555266,0.000000,0.073139,0.092502,1.450956,0.191986,0.021109,0.097738,1.219651,0.005236,-0.006981,0.218166,0.637298,0.153589,0.040064,0.113446,1.674634,0.198968,-0.019120,0.024435,1.304536,0.087266
1771466057.183,1941,6,6,0.0000,0.0052,0.0296,0.0015,0.0046,0.0645,0.8946,0.326122,0.370235,0.002015,0.001274,0.000829,-0.083776,0.226893,0.571970,0.000000,0.067955,0.092502,1.395116,0.191986,0.024548,0.097738,1.239522,0.005236,-0.006981,0.216421,0.625946,0.153589,0.043950,0.113446,1.669810,0.198968,-0.023006,0.024435,1.308991,0.087266
1771466057.284,1944,6,6,0.0000,0.0037,0.0215,0.0007,0.0038,0.0298,0.9405,0.331004,0.372456,0.002416,0.001444,0.001416,-0.083776,0.226893,0.581511,0.000000,0.094080,0.092502,1.451069,0.191986,-0.001578,0.095993,1.234520,0.003491,-0.006981,0.216421,0.599514,0.153589,0.051127,0.113446,1.673275,0.198968,-0.030183,0.024435,1.351432,0.087266
1771466057.384,1947,6,6,0.0000,0.0031,0.0208,0.0006,0.0033,0.0277,0.9446,0.332163,0.375203,0.005982,0.004951,0.001548,-0.083776,0.226893,0.561998,0.000000,0.088541,0.090757,1.487463,0.191986,0.002216,0.095993,1.236623,0.003491,-0.006981,0.216421,0.612959,0.153589,0.054188,0.113446,1.678854,0.198968,-0.034989,0.024435,1.362307,0.087266
1771466057.485,1950,6,6,0.0000,0.0042,0.0280,0.0011,0.0043,0.0536,0.9088,0.327240,0.375253,0.001729,0.002637,0.002759,-0.083776,0.226893,0.531538,0.000000,0.079711,0.089012,1.466690,0.191986,0.009301,0.095993,1.232272,0.003491,-0.006981,0.218166,0.618528,0.153589,0.050574,0.113446,1.678367,0.198968,-0.033121,0.024435,1.359700,0.087266
1771466057.585,1953,5,6,0.0000,0.0053,0.0403,0.0046,0.0034,0.5991,0.3474,0.326014,0.372441,0.000736,0.001812,0.002088,-0.083776,0.225147,0.515195,0.000000,0.056144,0.089012,1.472875,0.191986,0.032868,0.095993,1.229460,0.003491,-0.006981,0.216421,0.607230,0.153589,0.049568,0.113446,1.679379,0.198968,-0.032115,0.024435,1.338986,0.087266
1771466057.685,1956,5,5,0.0000,0.0028,0.0208,0.0040,0.0013,0.8717,0.0994,0.319429,0.371657,0.000464,0.000516,0.000361,-0.083776,0.225147,0.508619,0.000000,0.062901,0.089012,1.445196,0.191986,0.026111,0.095993,1.184694,0.003491,-0.006981,0.216421,0.605249,0.153589,0.054360,0.113446,1.672901,0.198968,-0.033416,0.024435,1.333253,0.087266
1771466057.785,1959,5,5,0.0000,0.0034,0.0275,0.0048,0.0017,0.8260,0.1367,0.318717,0.370082,0.001753,0.001749,0.000102,-0.083776,0.225147,0.507412,0.000000,0.062666,0.087266,1.443555,0.191986,0.021110,0.095993,1.185976,0.003491,-0.006981,0.216421,0.609048,0.153589,0.053946,0.111701,1.660023,0.200713,-0.036493,0.024435,1.323841,0.087266
1771466057.886,1962,5,5,0.0000,0.0034,0.0274,0.0049,0.0015,0.8400,0.1227,0.317003,0.368880,0.001096,0.000738,0.001213,-0.083776,0.225147,0.503106,0.003491,0.064265,0.085521,1.436038,0.191986,0.016020,0.094248,1.184215,0.000000,-0.006981,0.214676,0.623035,0.151844,0.052164,0.109956,1.645950,0.200713,-0.041692,0.024435,1.316517,0.087266
1771466057.987,1965,5,5,0.0000,0.0043,0.0355,0.0063,0.0021,0.7849,0.1669,0.315892,0.367909,0.000135,0.000404,0.000310,-0.082030,0.225147,0.502129,0.006981,0.066096,0.083776,1.427712,0.190241,0.014189,0.092502,1.181926,0.000000,-0.006981,0.214676,0.616289,0.153589,0.051486,0.108210,1.645419,0.200713,-0.042759,0.022689,1.314569,0.087266
1771466058.087,1968,5,5,0.0000,0.0028,0.0223,0.0050,0.0011,0.8967,0.0721,0.304390,0.366119,0.001008,0.001252,0.000496,-0.082030,0.225147,0.491429,0.006981,0.066341,0.082030,1.352803,0.190241,0.012199,0.090757,1.134749,0.000000,-0.006981,0.214676,0.600403,0.153589,0.055568,0.106465,1.646067,0.200713,-0.048586,0.022689,1.305998,0.087266
1771466058.188,1971,5,5,0.0000,0.0024,0.0213,0.0030,0.0007,0.9121,0.0606,0.313967,0.365497,0.006545,0.004222,0.002710,-0.082030,0.225147,0.510298,0.010472,0.061016,0.082030,1.427418,0.190241,0.014033,0.090757,1.156186,0.000000,-0.006981,0.214676,0.582612,0.153589,0.063728,0.106465,1.648185,0.200713,-0.056747,0.022689,1.306042,0.087266
1771466058.289,1974,5,5,0.0000,0.0019,0.0162,0.0022,0.0005,0.9322,0.0470,0.322184,0.362294,0.005784,0.002798,0.002846,-0.082030,0.225147,0.558079,0.012217,0.062544,0.082030,1.457060,0.190241,0.014251,0.090757,1.173876,0.000000,-0.006981,0.214676,0.543428,0.153589,0.063513,0.106465,1.649837,0.200713,-0.056532,0.022689,1.305354,0.087266
1771466058.392,1977,5,5,0.0000,0.0019,0.0145,0.0022,0.0005,0.9375,0.0433,0.294330,0.364378,0.002849,0.003145,0.001339,-0.082030,0.225147,0.608243,0.012217,-0.003415,0.080285,1.071889,0.190241,0.080209,0.090757,1.172975,0.000000,-0.006981,0.216421,0.561870,0.153589,0.059985,0.106465,1.657262,0.200713,-0.053003,0.022689,1.306281,0.087266
1771466058.493,1980,5,5,0.0000,0.0017,0.0129,0.0020,0.0004,0.9451,0.0379,0.311086,0.366530,0.003408,0.003086,0.001644,-0.083776,0.225147,0.605207,0.008727,0.030477,0.082030,1.273377,0.190241,0.044572,0.090757,1.182491,0.000000,-0.006981,0.216421,0.574679,0.153589,0.058978,0.106465,1.665969,0.200713,-0.050252,0.022689,1.311585,0.087266
1771466058.596,1983,5,5,0.0000,0.0018,0.0133,0.0020,0.0005,0.9397,0.0427,0.319754,0.371789,0.003756,0.003673,0.005470,-0.083776,0.226893,0.613645,0.006981,0.051315,0.082030,1.355352,0.190241,0.025480,0.092502,1.192605,0.000000,-0.006981,0.218166,0.610433,0.153589,0.057041,0.108210,1.688401,0.200713,-0.046569,0.022689,1.314959,0.087266
1771466058.693,1986,5,5,0.0000,0.0022,0.0153,0.0024,0.0007,0.9217,0.0578,0.318544,0.370784,0.002649,0.003802,0.004748,-0.085521,0.226893,0.613703,0.003491,0.048695,0.083776,1.340881,0.190241,0.028099,0.092502,1.194244,0.000000,-0.006981,0.230383,0.587716,0.153589,0.053646,0.106465,1.683660,0.200713,-0.044920,0.022689,1.323282,0.087266
1771466058.793,1989,5,5,0.0000,0.0026,0.0179,0.0030,0.0009,0.8947,0.0808,0.323438,0.371498,0.000828,0.000821,0.000837,-0.087266,0.226893,0.651390,0.003491,0.105513,0.085521,1.336064,0.190241,-0.026973,0.092502,1.189636,0.000000,-0.006981,0.239110,0.594715,0.153589,0.038520,0.106465,1.685905,0.200713,-0.031538,0.020944,1.330755,0.087266
1771466058.893,1992,5,5,0.0000,0.0028,0.0202,0.0036,0.0011,0.8754,0.0969,0.335126,0.373411,0.000617,0.000381,0.000901,-0.092502,0.233874,0.738454,0.003491,0.104487,0.089012,1.377723,0.191986,-0.025947,0.094248,1.188240,0.000000,-0.006981,0.242601,0.603346,0.153589,0.041846,0.108210,1.690616,0.200713,-0.033119,0.022689,1.330061,0.087266
1771466058.995,1995,5,5,0.0000,0.0033,0.0245,0.0045,0.0014,0.8548,0.1115,0.314409,0.376246,0.000643,0.000715,0.000535,-0.094248,0.247837,0.726023,0.003491,0.097078,0.089012,1.194178,0.191986,-0.018539,0.094248,1.129055,0.000000,-0.006981,0.253073,0.621284,0.153589,0.041782,0.106465,1.696791,0.200713,-0.031310,0.022689,1.331304,0.087266
1771466059.096,1998,5,5,0.0000,0.0032,0.0257,0.0045,0.0011,0.8765,0.0889,0.300636,0.377858,0.002168,0.002018,0.001698,-0.094248,0.256563,0.722850,0.003491,0.119205,0.089012,1.150710,0.191986,-0.040666,0.094248,0.979565,0.000000,-0.006981,0.260054,0.631086,0.153589,0.036748,0.106465,1.702449,0.200713,-0.028022,0.022689,1.333238,0.087266
1771466059.197,2001,5,5,0.0000,0.0029,0.0243,0.0036,0.0009,0.8916,0.0767,0.307468,0.381610,0.002646,0.002229,0.001521,-0.094248,0.265290,0.609242,0.003491,0.088936,0.089012,1.170211,0.191986,-0.010396,0.094248,1.177197,0.000000,-0.006981,0.265290,0.647463,0.153589,0.036484,0.106465,1.707137,0.200713,-0.026012,0.022689,1.352227,0.087266
1771466059.298,2004,5,5,0.0000,0.0027,0.0237,0.0029,0.0007,0.9042,0.0658,0.295274,0.384359,0.005569,0.001851,0.003375,-0.094248,0.265290,0.633341,0.003491,0.080179,0.089012,1.064796,0.191986,-0.001639,0.094248,1.120945,0.000000,-0.006981,0.265290,0.660461,0.153589,0.041765,0.108210,1.708001,0.200713,-0.031293,0.020944,1.366062,0.087266
1771466059.398,2007,5,5,0.0000,0.0024,0.0209,0.0024,0.0006,0.9038,0.0699,0.329896,0.382767,0.005270,0.004656,0.002474,-0.094248,0.265290,0.603037,0.003491,0.072375,0.089012,1.422083,0.191986,0.006165,0.094248,1.211064,0.000000,-0.010472,0.265290,0.662026,0.153589,0.038375,0.108210,1.704587,0.200713,-0.027903,0.022689,1.350459,0.087266
1771466059.498,2010,5,5,0.0000,0.0025,0.0198,0.0023,0.0008,0.8931,0.0815,0.327206,0.384027,0.003007,0.004771,0.002625,-0.094248,0.263545,0.609043,0.003491,0.076323,0.090757,1.386421,0.191986,0.002217,0.094248,1.208440,0.000000,-0.010472,0.265290,0.672895,0.153589,0.041603,0.106465,1.702000,0.200713,-0.031131,0.022689,1.355810,0.087266
1771466059.602,2013,5,5,0.0000,0.0032,0.0261,0.0022,0.0011,0.8153,0.1522,0.329949,0.382938,0.006337,0.003755,0.004651,-0.094248,0.261799,0.593175,0.003491,0.076359,0.089012,1.442192,0.191986,0.000435,0.092502,1.208437,0.000000,-0.010472,0.263545,0.662574,0.151844,0.044154,0.106465,1.698179,0.200713,-0.033682,0.022689,1.357830,0.087266
1771466059.702,2016,5,5,0.0000,0.0035,0.0293,0.0022,0.0013,0.7711,0.1927,0.326242,0.378958,0.007467,0.002663,0.004577,-0.092502,0.260054,0.543114,0.001745,0.070094,0.087266,1.452703,0.191986,0.006701,0.092502,1.208733,0.000000,-0.012217,0.261799,0.642791,0.151844,0.045787,0.106465,1.686507,0.200713,-0.035315,0.020944,1.343380,0.087266
1771466059.803,2019,5,5,0.0000,0.0036,0.0298,0.0024,0.0014,0.7635,0.1993,0.326198,0.378830,0.005660,0.003595,0.004175,-0.094248,0.260054,0.544880,0.000000,0.067244,0.087266,1.453478,0.190241,0.007805,0.092502,1.210900,0.000000,-0.012217,0.261799,0.654729,0.151844,0.057866,0.104720,1.664678,0.200713,-0.049139,0.020944,1.341407,0.087266
1771466059.903,2022,5,5,0.0000,0.0038,0.0307,0.0026,0.0016,0.7476,0.2137,0.326139,0.378452,0.002491,0.002108,0.000726,-0.092502,0.258309,0.548980,0.001745,0.073911,0.085521,1.453139,0.190241,-0.002352,0.090757,1.211070,0.000000,-0.010472,0.261799,0.660011,0.151844,0.056476,0.099484,1.666786,0.200713,-0.051240,0.019199,1.339595,0.085521
1771466060.003,2025,5,5,0.0000,0.0038,0.0308,0.0032,0.0018,0.7433,0.2171,0.329755,0.378974,0.001992,0.002225,0.001735,-0.087266,0.254818,0.551404,0.006981,0.088575,0.082030,1.479297,0.188496,-0.020507,0.089012,1.214705,0.001745,-0.008727,0.260054,0.668548,0.151844,0.074808,0.094248,1.663666,0.200713,-0.069572,0.019199,1.329084,0.085521
1771466060.103,2028,5,5,0.0000,0.0036,0.0299,0.0036,0.0018,0.7692,0.1919,0.331455,0.378585,0.001517,0.000992,0.002019,-0.073304,0.244346,0.534183,0.008727,0.086316,0.078540,1.527944,0.188496,-0.018248,0.087266,1.218155,0.003491,-0.008727,0.258309,0.694104,0.146608,0.055622,0.092502,1.665322,0.198968,-0.048641,0.017453,1.328612,0.085521
1771466060.204,2031,5,5,0.0000,0.0037,0.0317,0.0043,0.0019,0.7643,0.1941,0.332654,0.377476,0.001094,0.000789,0.000878,-0.059341,0.240855,0.531092,0.008727,0.087669,0.078540,1.541179,0.188496,-0.017856,0.087266,1.221041,0.006981,-0.006981,0.256563,0.686296,0.143117,0.054850,0.090757,1.671280,0.198968,-0.049614,0.017453,1.324913,0.085521
1771466060.303,2034,5,5,0.0000,0.0039,0.0349,0.0046,0.0020,0.7458,0.2087,0.333039,0.376602,0.001258,0.001745,0.000609,-0.040143,0.240855,0.524886,0.010472,0.087942,0.078540,1.548925,0.188496,-0.018128,0.087266,1.222109,0.006981,-0.005236,0.254818,0.675153,0.143117,0.054816,0.087266,1.678380,0.198968,-0.049580,0.017453,1.323733,0.085521
1771466060.405,2037,5,5,0.0000,0.0039,0.0361,0.0041,0.0019,0.7450,0.2091,0.325779,0.377223,0.002895,0.001271,0.001607,-0.019199,0.240855,0.443566,0.013963,0.090172,0.078540,1.541836,0.188496,-0.020359,0.087266,1.217675,0.006981,-0.005236,0.253073,0.674183,0.143117,0.055163,0.087266,1.688051,0.198968,-0.048182,0.017453,1.323876,0.085521
1771466060.506,2040,5,5,0.0000,0.0040,0.0385,0.0037,0.0017,0.7390,0.2130,0.318596,0.376039,0.004296,0.003613,0.001027,-0.010472,0.240855,0.421914,0.017453,0.099648,0.078540,1.482056,0.188496,-0.029835,0.087266,1.198202,0.008727,-0.005236,0.251327,0.665361,0.143117,0.053345,0.087266,1.688156,0.198968,-0.046364,0.017453,1.321949,0.085521
1771466060.608,2043,5,5,0.0000,0.0040,0.0367,0.0041,0.0019,0.7582,0.1950,0.318922,0.374927,0.002306,0.004715,0.002362,-0.006981,0.240855,0.448244,0.024435,0.099141,0.078540,1.457603,0.188496,-0.029328,0.089012,1.190271,0.010472,-0.005236,0.247837,0.651002,0.143117,0.056392,0.089012,1.687739,0.198968,-0.049411,0.017453,1.322089,0.085521
1771466060.705,2046,5,5,0.0000,0.0038,0.0360,0.0037,0.0018,0.7429,0.2118,0.325681,0.373859,0.003076,0.002909,0.001048,-0.006981,0.239110,0.531086,0.024435,0.101266,0.078540,1.456433,0.188496,-0.029708,0.087266,1.189328,0.012217,-0.005236,0.242601,0.633295,0.143117,0.056528,0.094248,1.691024,0.200713,-0.049547,0.015708,1.323555,0.085521
1771466060.805,2049,5,5,0.0000,0.0048,0.0465,0.0026,0.0024,0.4926,0.4511,0.327431,0.373401,0.008814,0.007838,0.002345,-0.003491,0.232129,0.573323,0.024435,0.103830,0.076794,1.439395,0.188496,-0.032271,0.089012,1.182558,0.019199,-0.005236,0.237365,0.627077,0.137881,0.064269,0.101229,1.687726,0.200713,-0.050307,0.017453,1.321579,0.085521
1771466060.905,2052,5,6,0.0000,0.0054,0.0417,0.0033,0.0029,0.5065,0.4402,0.325310,0.372753,0.000000,0.000000,0.000000,-0.003491,0.218166,0.570039,0.024435,0.104115,0.076794,1.426103,0.188496,-0.032556,0.090757,1.173398,0.031416,-0.006981,0.233874,0.622504,0.125664,0.065824,0.106465,1.688341,0.200713,-0.046625,0.020944,1.323186,0.085521
1771466061.006,2055,6,6,0.0000,0.0022,0.0105,0.0002,0.0019,0.0097,0.9755,0.306656,0.369373,0.006279,0.005839,0.002410,-0.006981,0.207694,0.513085,0.024435,0.096867,0.080285,1.294334,0.188496,-0.023563,0.090757,1.133304,0.050615,-0.006981,0.230383,0.570829,0.113446,0.068403,0.120428,1.686993,0.202458,-0.047460,0.029671,1.324345,0.085521
1771466061.106,2058,6,6,0.0000,0.0018,0.0064,0.0001,0.0019,0.0031,0.9867,0.300775,0.371040,0.002669,0.004091,0.002211,-0.003491,0.195477,0.452315,0.024435,0.116065,0.083776,1.298970,0.190241,-0.035780,0.092502,1.097920,0.057596,-0.006981,0.226893,0.564504,0.102974,0.083987,0.132645,1.684054,0.207694,-0.061297,0.040143,1.324068,0.085521
1771466061.206,2061,6,6,0.0000,0.0016,0.0058,0.0001,0.0018,0.0024,0.9883,0.310238,0.371405,0.003226,0.002433,0.000809,-0.006981,0.191986,0.465685,0.024435,0.115770,0.085521,1.380484,0.190241,-0.031994,0.094248,1.113402,0.061087,-0.006981,0.219911,0.564084,0.099484,0.091887,0.137881,1.676481,0.212930,-0.067452,0.047124,1.321560,0.085521
1771466061.309,2064,6,6,0.0000,0.0017,0.0064,0.0001,0.0020,0.0027,0.9872,0.319874,0.370414,0.002252,0.000882,0.002494,-0.003491,0.190241,0.473209,0.024435,0.116508,0.085521,1.458306,0.190241,-0.030987,0.094248,1.144699,0.061087,-0.006981,0.214676,0.557677,0.099484,0.095971,0.143117,1.667542,0.214676,-0.068046,0.050615,1.315695,0.085521
1771466061.409,2067,6,6,0.0000,0.0019,0.0075,0.0001,0.0022,0.0034,0.9848,0.327068,0.370883,0.001191,0.000373,0.001708,-0.006981,0.190241,0.521550,0.024435,0.114549,0.085521,1.483397,0.190241,-0.029028,0.092502,1.161294,0.061087,-0.005236,0.212930,0.558801,0.099484,0.104392,0.143117,1.660307,0.214676,-0.069485,0.055851,1.315519,0.085521
1771466061.510,2070,6,6,0.0000,0.0021,0.0089,0.0002,0.0024,0.0047,0.9817,0.328795,0.372139,0.001123,0.001191,0.001177,-0.006981,0.188496,0.556772,0.024435,0.100405,0.085521,1.479686,0.190241,-0.014884,0.094248,1.164646,0.061087,-0.006981,0.207694,0.578404,0.099484,0.109080,0.144862,1.656260,0.214676,-0.068938,0.057596,1.312084,0.085521
1771466061.610,2073,6,6,0.0000,0.0018,0.0071,0.0001,0.0020,0.0033,0.9857,0.324725,0.372232,0.002332,0.001322,0.001046,-0.006981,0.190241,0.553107,0.024435,0.082533,0.087266,1.448792,0.190241,0.002988,0.094248,1.161760,0.061087,-0.005236,0.204204,0.581820,0.099484,0.111638,0.144862,1.653203,0.214676,-0.068005,0.061087,1.310292,0.085521
1771466061.717,2076,6,6,0.0000,0.0014,0.0051,0.0001,0.0016,0.0017,0.9901,0.326171,0.372847,0.003479,0.004010,0.001375,-0.003491,0.190241,0.552934,0.024435,0.065446,0.087266,1.460379,0.190241,0.021821,0.094248,1.165950,0.061087,-0.005236,0.202458,0.582098,0.099484,0.117685,0.144862,1.652565,0.214676,-0.068816,0.062832,1.311987,0.085521
1771466061.813,2079,6,6,0.0000,0.0009,0.0028,0.0000,0.0011,0.0006,0.9946,0.321943,0.374513,0.004691,0.006238,0.002656,-0.006981,0.190241,0.525359,0.024435,0.052552,0.085521,1.447241,0.190241,0.034715,0.094248,1.157679,0.061087,-0.005236,0.202458,0.598779,0.099484,0.120204,0.144862,1.654727,0.214676,-0.071334,0.062832,1.310617,0.085521
1771466061.913,2082,6,6,0.0000,0.0010,0.0024,0.0000,0.0011,0.0004,0.9951,0.294440,0.372947,0.004094,0.005693,0.002395,-0.006981,0.188496,0.476806,0.024435,0.057161,0.085521,1.357962,0.190241,0.030105,0.094248,0.967221,0.061087,-0.005236,0.200713,0.591886,0.099484,0.113605,0.144862,1.655197,0.214676,-0.062990,0.062832,1.306589,0.085521
1771466062.014,2085,6,6,0.0000,0.0009,0.0023,0.0000,0.0010,0.0004,0.9954,0.300312,0.370390,0.005819,0.007337,0.001782,-0.006981,0.190241,0.487408,0.024435,0.088001,0.087266,1.387961,0.190241,-0.002480,0.094248,0.994604,0.059341,-0.005236,0.198968,0.587960,0.099484,0.094696,0.144862,1.657951,0.214676,-0.042336,0.062832,1.297733,0.085521
1771466062.114,2088,6,6,0.0000,0.0008,0.0021,0.0000,0.0010,0.0003,0.9958,0.319864,0.368753,0.006298,0.007566,0.002364,-0.006981,0.186750,0.581354,0.024435,0.133073,0.090757,1.441754,0.191986,-0.045807,0.097738,1.031176,0.059341,-0.005236,0.195477,0.572268,0.099484,0.099108,0.144862,1.659060,0.214676,-0.043258,0.064577,1.290006,0.085521
1771466062.215,2091,6,6,0.0000,0.0008,0.0022,0.0000,0.0010,0.0003,0.9956,0.306365,0.368655,0.004246,0.005540,0.002678,-0.006981,0.185005,0.557904,0.024435,0.117704,0.092502,1.443938,0.191986,-0.030438,0.097738,0.905829,0.059341,-0.003491,0.193732,0.558934,0.099484,0.098390,0.144862,1.670717,0.214676,-0.039049,0.066323,1.291227,0.085521
1771466062.315,2094,6,6,0.0000,0.0009,0.0022,0.0000,0.0011,0.0003,0.9954,0.309579,0.368508,0.002599,0.004082,0.002238,-0.003491,0.185005,0.565100,0.024435,0.115588,0.092502,1.443414,0.191986,-0.030067,0.099484,0.938095,0.059341,-0.006981,0.191986,0.544326,0.099484,0.098818,0.144862,1.682886,0.214676,-0.037732,0.066323,1.293213,0.085521
1771466062.416,2097,6,6,0.0000,0.0008,0.0022,0.0000,0.0010,0.0003,0.9956,0.322703,0.368261,0.002827,0.003114,0.001275,-0.006981,0.183260,0.640061,0.022689,0.061925,0.094248,1.453074,0.191986,0.023596,0.099484,1.042776,0.059341,-0.005236,0.190241,0.542100,0.099484,0.098236,0.144862,1.682739,0.214676,-0.038894,0.066323,1.294946,0.085521
1771466062.518,2100,6,6,0.0000,0.0008,0.0022,0.0000,0.0011,0.0003,0.9956,0.337247,0.369028,0.001007,0.001235,0.000426,-0.003491,0.181514,0.638593,0.024435,0.062444,0.094248,1.476792,0.191986,0.023078,0.099484,1.195046,0.059341,-0.006981,0.190241,0.542815,0.099484,0.096968,0.144862,1.689041,0.214676,-0.037627,0.066323,1.298407,0.085521
1771466062.618,2103,6,6,0.0000,0.0007,0.0021,0.0000,0.0009,0.0003,0.9959,0.340497,0.370181,0.005541,0.004136,0.003313,-0.006981,0.181514,0.587461,0.022689,0.047367,0.095993,1.558589,0.191986,0.039900,0.101229,1.199895,0.059341,-0.006981,0.188496,0.545588,0.099484,0.086166,0.144862,1.705432,0.214676,-0.025080,0.066323,1.305627,0.085521
1771466062.719,2106,6,6,0.0000,0.0009,0.0023,0.0000,0.0010,0.0004,0.9954,0.337747,0.370937,0.001881,0.002054,0.001082,-0.006981,0.181514,0.576866,0.024435,0.002532,0.097738,1.540521,0.191986,0.084735,0.101229,1.192065,0.059341,-0.005236,0.188496,0.548403,0.099484,0.075450,0.144862,1.710053,0.214676,-0.014364,0.068068,1.316234,0.085521
1771466062.819,2109,6,6,0.0000,0.0009,0.0025,0.0000,0.0011,0.0004,0.9951,0.337377,0.371226,0.000569,0.001318,0.000301,-0.006981,0.179769,0.494193,0.024435,-0.082261,0.097738,1.538361,0.191986,0.169527,0.101229,1.191948,0.059341,-0.005236,0.188496,0.551596,0.099484,0.076621,0.146608,1.711807,0.214676,-0.013789,0.068068,1.311836,0.085521
1771466062.920,2112,6,6,0.0000,0.0009,0.0025,0.0000,0.0011,0.0004,0.9950,0.331026,0.371725,0.000699,0.001101,0.000199,-0.003491,0.178024,0.496233,0.024435,-0.064853,0.099484,1.485136,0.191986,0.150374,0.102974,1.184326,0.059341,-0.006981,0.186750,0.566658,0.099484,0.066803,0.146608,1.711817,0.214676,-0.002226,0.071558,1.310823,0.085521
1771466063.020,2115,6,6,0.0000,0.0009,0.0022,0.0000,0.0011,0.0004,0.9955,0.331846,0.372793,0.003756,0.001324,0.005271,-0.006981,0.178024,0.477288,0.024435,0.051896,0.099484,1.561673,0.191986,0.033625,0.102974,1.201421,0.059341,-0.006981,0.183260,0.576688,0.099484,0.072738,0.146608,1.711835,0.214676,-0.002925,0.073304,1.309403,0.085521
1771466063.121,2118,6,6,0.0000,0.0008,0.0021,0.0000,0.0009,0.0003,0.9958,0.321261,0.373921,0.006636,0.002936,0.004301,-0.006981,0.176278,0.413032,0.024435,0.009410,0.099484,1.505635,0.191986,0.077857,0.104720,1.192950,0.059341,-0.005236,0.181514,0.593652,0.099484,0.077011,0.148353,1.711859,0.214676,-0.003707,0.075049,1.298183,0.087266
1771466063.223,2121,6,6,0.0000,0.0009,0.0021,0.0000,0.0010,0.0003,0.9957,0.309838,0.376850,0.004034,0.002654,0.002056,-0.006981,0.178024,0.341865,0.024435,0.043079,0.099484,1.472540,0.191986,0.042442,0.104720,1.160141,0.059341,-0.005236,0.181514,0.616175,0.099484,0.083895,0.148353,1.711758,0.214676,-0.008846,0.075049,1.304036,0.087266
1771466063.324,2124,6,6,0.0000,0.0008,0.0021,0.0000,0.0010,0.0004,0.9956,0.306505,0.378312,0.005510,0.003086,0.005449,-0.006981,0.178024,0.334447,0.022689,0.029753,0.099484,1.438245,0.191986,0.057513,0.104720,1.161856,0.059341,-0.006981,0.181514,0.624659,0.099484,0.085015,0.146608,1.710008,0.214676,-0.009966,0.075049,1.315461,0.087266
1771466063.425,2127,6,6,0.0000,0.0008,0.0021,0.0000,0.0011,0.0004,0.9956,0.312727,0.378946,0.004134,0.002833,0.002923,-0.006981,0.178024,0.344541,0.024435,0.027866,0.099484,1.477042,0.191986,0.059400,0.102974,1.189380,0.057596,-0.005236,0.183260,0.621379,0.099484,0.098113,0.146608,1.711784,0.214676,-0.023064,0.075049,1.309730,0.087266
1771466063.524,2130,6,6,0.0000,0.0008,0.0022,0.0000,0.0011,0.0004,0.9955,0.321814,0.375693,0.004571,0.003894,0.006018,-0.006981,0.176278,0.343177,0.024435,0.054683,0.097738,1.535814,0.191986,0.032584,0.102974,1.242760,0.059341,-0.005236,0.183260,0.611188,0.099484,0.102338,0.148353,1.681641,0.214676,-0.025544,0.075049,1.305063,0.087266
1771466063.625,2133,6,6,0.0000,0.0011,0.0032,0.0000,0.0013,0.0008,0.9936,0.323083,0.373573,0.002238,0.001441,0.002419,-0.006981,0.176278,0.363400,0.024435,0.055657,0.097738,1.537114,0.191986,0.031609,0.102974,1.236459,0.059341,-0.006981,0.183260,0.602344,0.099484,0.104111,0.148353,1.666923,0.214676,-0.027317,0.075049,1.303152,0.085521
1771466063.723,2136,6,6,0.0000,0.0019,0.0082,0.0002,0.0021,0.0044,0.9832,0.325512,0.374832,0.001935,0.001861,0.001676,-0.006981,0.176278,0.376139,0.024435,0.100327,0.099484,1.538814,0.191986,-0.013061,0.104720,1.234624,0.059341,-0.006981,0.183260,0.608765,0.099484,0.106284,0.150098,1.670269,0.214676,-0.027744,0.075049,1.302831,0.087266
1771466063.825,2139,6,6,0.0000,0.0061,0.0514,0.0038,0.0043,0.3525,0.5819,0.319198,0.377547,0.000688,0.000857,0.000995,-0.003491,0.176278,0.375844,0.024435,0.095635,0.099484,1.520633,0.191986,-0.010114,0.102974,1.183763,0.059341,-0.005236,0.183260,0.627549,0.099484,0.112437,0.151844,1.673120,0.214676,-0.033898,0.076794,1.304132,0.087266
1771466063.924,2142,5,5,0.0000,0.0047,0.0396,0.0053,0.0023,0.7175,0.2304,0.313987,0.379222,0.000640,0.001259,0.000719,-0.006981,0.176278,0.376487,0.024435,0.108483,0.099484,1.466486,0.193732,-0.021217,0.102974,1.160146,0.059341,-0.006981,0.181514,0.635870,0.099484,0.117148,0.151844,1.679701,0.214676,-0.033372,0.076794,1.308115,0.085521
1771466064.024,2145,5,5,0.0000,0.0040,0.0345,0.0044,0.0016,0.7935,0.1620,0.316876,0.379882,0.001884,0.000730,0.001157,-0.006981,0.178024,0.409398,0.024435,0.104262,0.095993,1.470097,0.191986,-0.020486,0.102974,1.166000,0.059341,-0.005236,0.181514,0.634191,0.099484,0.120544,0.151844,1.682167,0.214676,-0.036768,0.078540,1.310104,0.085521
1771466064.125,2148,5,5,0.0000,0.0041,0.0346,0.0036,0.0016,0.8064,0.1498,0.317087,0.377359,0.002191,0.004274,0.006473,-0.006981,0.176278,0.420015,0.024435,0.023783,0.090757,1.472285,0.191986,0.059992,0.101229,1.184942,0.059341,-0.006981,0.183260,0.602013,0.101229,0.118039,0.150098,1.685682,0.214676,-0.037753,0.076794,1.310992,0.085521
1771466064.226,2151,5,5,0.0000,0.0026,0.0246,0.0021,0.0008,0.8756,0.0942,0.318569,0.372100,0.006143,0.002175,0.005710,-0.006981,0.176278,0.433113,0.024435,0.034131,0.090757,1.472397,0.191986,0.053136,0.101229,1.186020,0.059341,-0.006981,0.183260,0.533171,0.101229,0.126464,0.150098,1.683012,0.214676,-0.046179,0.076794,1.309226,0.087266
1771466064.326,2154,5,5,0.0000,0.0023,0.0219,0.0019,0.0007,0.8849,0.0883,0.324702,0.369332,0.007355,0.004922,0.003946,-0.006981,0.178024,0.526694,0.024435,0.049638,0.090757,1.457658,0.191986,0.035883,0.101229,1.180775,0.059341,-0.006981,0.181514,0.508542,0.101229,0.131403,0.151844,1.672593,0.214676,-0.049372,0.078540,1.306128,0.085521
1771466064.426,2157,5,5,0.0000,0.0022,0.0188,0.0019,0.0007,0.8954,0.0809,0.332039,0.371399,0.006067,0.002709,0.004497,-0.006981,0.176278,0.605286,0.024435,0.079753,0.095993,1.461216,0.191986,0.005768,0.102974,1.181432,0.059341,-0.008727,0.181514,0.525155,0.101229,0.129171,0.153589,1.676871,0.214676,-0.047141,0.078540,1.310522,0.085521
1771466064.526,2160,5,5,0.0000,0.0022,0.0185,0.0022,0.0007,0.9089,0.0675,0.266596,0.374654,0.005214,0.002650,0.002183,-0.006981,0.172788,0.598528,0.024435,-0.044834,0.101229,0.658788,0.191986,0.133846,0.106465,1.151745,0.059341,-0.008727,0.179769,0.550766,0.099484,0.127162,0.164061,1.675900,0.216421,-0.039896,0.087266,1.309493,0.085521
1771466064.626,2163,5,5,0.0000,0.0020,0.0161,0.0020,0.0006,0.9257,0.0536,0.327513,0.379618,0.002228,0.001461,0.003016,-0.008727,0.172788,0.598960,0.024435,0.033864,0.106465,1.408978,0.193732,0.055147,0.111701,1.164740,0.059341,-0.008727,0.181514,0.575189,0.101229,0.129137,0.174533,1.677659,0.225147,-0.040125,0.094248,1.309490,0.087266
1771466064.728,2166,5,5,0.0000,0.0019,0.0151,0.0021,0.0006,0.9229,0.0574,0.323679,0.379873,0.002766,0.002424,0.000615,-0.010472,0.174533,0.608580,0.024435,0.069403,0.111701,1.335331,0.193732,0.019609,0.113446,1.174033,0.059341,-0.008727,0.185005,0.570298,0.101229,0.127804,0.176278,1.679018,0.225147,-0.038793,0.095993,1.310438,0.087266
1771466064.828,2169,5,5,0.0000,0.0020,0.0149,0.0024,0.0007,0.9214,0.0587,0.330929,0.381136,0.001367,0.002399,0.003573,-0.010472,0.176278,0.605130,0.024435,0.071409,0.113446,1.376080,0.200713,0.022839,0.113446,1.208029,0.059341,-0.008727,0.188496,0.571141,0.101229,0.124307,0.178024,1.681697,0.225147,-0.035295,0.099484,1.318582,0.085521
1771466064.929,2172,5,5,0.0000,0.0021,0.0163,0.0028,0.0008,0.9111,0.0670,0.319128,0.381801,0.001084,0.000512,0.001275,-0.012217,0.179769,0.610296,0.024435,0.075555,0.113446,1.231339,0.202458,0.016948,0.113446,1.202506,0.059341,-0.008727,0.197222,0.573941,0.102974,0.121294,0.178024,1.681326,0.225147,-0.032282,0.099484,1.316684,0.085521
1771466065.029,2175,5,5,0.0000,0.0024,0.0189,0.0034,0.0009,0.8971,0.0772,0.322662,0.382742,0.000716,0.001150,0.000892,-0.012217,0.183260,0.621156,0.024435,0.077501,0.113446,1.251850,0.202458,0.009765,0.111701,1.217028,0.059341,-0.008727,0.204204,0.576804,0.109956,0.120050,0.176278,1.681660,0.225147,-0.032783,0.097738,1.315542,0.085521
1771466065.129,2178,5,5,0.0000,0.0027,0.0220,0.0035,0.0010,0.8815,0.0893,0.319296,0.383354,0.001868,0.001186,0.001666,-0.012217,0.186750,0.613374,0.024435,0.079230,0.111701,1.219688,0.202458,0.004546,0.111701,1.218324,0.059341,-0.008727,0.214676,0.577972,0.111701,0.117692,0.176278,1.681330,0.225147,-0.033917,0.097738,1.312190,0.085521
1771466065.229,2181,5,5,0.0000,0.0028,0.0233,0.0039,0.0009,0.8953,0.0737,0.287748,0.383219,0.002192,0.003308,0.002060,-0.012217,0.186750,0.577132,0.024435,0.080940,0.111701,0.971498,0.200713,-0.000655,0.111701,1.128760,0.059341,-0.008727,0.214676,0.583769,0.111701,0.105995,0.176278,1.683948,0.225147,-0.022219,0.097738,1.313854,0.085521
1771466065.331,2184,5,5,0.0000,0.0029,0.0293,0.0042,0.0008,0.9130,0.0498,0.257709,0.381826,0.003889,0.006558,0.003668,-0.012217,0.186750,0.572562,0.024435,0.101316,0.109956,0.770656,0.202458,-0.022776,0.111701,0.953338,0.059341,-0.008727,0.214676,0.577738,0.111701,0.092439,0.176278,1.685740,0.225147,-0.008663,0.097738,1.314935,0.085521
1771466065.430,2187,5,5,0.0000,0.0024,0.0228,0.0032,0.0006,0.9198,0.0512,0.298124,0.386175,0.003533,0.003420,0.002733,-0.012217,0.186750,0.511341,0.024435,0.087457,0.108210,1.133534,0.200713,-0.008917,0.109956,1.155752,0.059341,-0.008727,0.214676,0.615115,0.111701,0.102040,0.176278,1.686603,0.225147,-0.020009,0.097738,1.319285,0.085521
1771466065.531,2190,5,5,0.0000,0.0028,0.0240,0.0033,0.0008,0.8981,0.0709,0.305136,0.384871,0.004634,0.008087,0.003991,-0.012217,0.188496,0.450530,0.024435,0.031468,0.108210,1.216234,0.200713,0.047072,0.109956,1.225177,0.059341,-0.010472,0.219911,0.608396,0.111701,0.103640,0.176278,1.679218,0.225147,-0.021610,0.097738,1.310906,0.085521
1771466065.631,2193,5,5,0.0000,0.0043,0.0347,0.0031,0.0014,0.7694,0.1871,0.307588,0.387654,0.007868,0.007628,0.002738,-0.012217,0.188496,0.428143,0.024435,0.046929,0.108210,1.278856,0.200713,0.031611,0.109956,1.214371,0.059341,-0.010472,0.225147,0.625576,0.111701,0.115649,0.176278,1.678401,0.225147,-0.031873,0.097738,1.310685,0.085521
1771466065.735,2196,6,6,0.0000,0.0029,0.0117,0.0003,0.0025,0.0130,0.9696,0.262547,0.386229,0.006352,0.004459,0.003824,-0.012217,0.188496,0.443148,0.024435,0.047935,0.108210,0.834374,0.200713,0.030605,0.109956,1.103345,0.059341,-0.010472,0.225147,0.612914,0.111701,0.113464,0.176278,1.673622,0.225147,-0.029688,0.097738,1.313210,0.085521
1771466065.832,2199,6,6,0.0000,0.0017,0.0056,0.0001,0.0020,0.0022,0.9884,0.278186,0.383362,0.005373,0.006895,0.003142,-0.012217,0.186750,0.482281,0.024435,0.069426,0.109956,0.982448,0.200713,0.009114,0.111701,1.102066,0.059341,-0.015708,0.225147,0.567155,0.108210,0.118333,0.179769,1.670846,0.225147,-0.032812,0.099484,1.320734,0.085521
1771466065.932,2202,6,6,0.0000,0.0010,0.0029,0.0000,0.0015,0.0006,0.9940,0.309072,0.385475,0.005539,0.008906,0.002588,-0.012217,0.186750,0.585353,0.024435,0.074255,0.109956,1.227427,0.200713,0.004285,0.111701,1.124654,0.059341,-0.022689,0.225147,0.575283,0.104720,0.130263,0.181514,1.666028,0.225147,-0.044742,0.101229,1.330848,0.085521
1771466066.033,2205,6,6,0.0000,0.0008,0.0024,0.0000,0.0011,0.0005,0.9952,0.325555,0.386188,0.007212,0.003641,0.005053,-0.012217,0.186750,0.567620,0.024435,0.062453,0.109956,1.317202,0.200713,0.017832,0.111701,1.248654,0.059341,-0.029671,0.225147,0.586951,0.102974,0.130345,0.183260,1.663810,0.225147,-0.044823,0.101229,1.329872,0.085521
1771466066.132,2208,6,6,0.0000,0.0009,0.0026,0.0000,0.0013,0.0005,0.9947,0.337977,0.385804,0.004104,0.003512,0.003475,-0.012217,0.186750,0.565522,0.024435,0.046199,0.111701,1.478909,0.200713,0.034086,0.111701,1.236364,0.059341,-0.031416,0.225147,0.581250,0.101229,0.131715,0.185005,1.664897,0.225147,-0.046194,0.102974,1.326759,0.085521
1771466066.233,2211,6,6,0.0000,0.0008,0.0024,0.0000,0.0011,0.0004,0.9953,0.335758,0.383215,0.002944,0.004010,0.000320,-0.010472,0.186750,0.567419,0.024435,0.050438,0.111701,1.450799,0.200713,0.029847,0.113446,1.234209,0.059341,-0.034907,0.226893,0.552828,0.092502,0.131164,0.188496,1.665700,0.225147,-0.045643,0.104720,1.325608,0.085521
1771466066.333,2214,6,6,0.0000,0.0009,0.0024,0.0000,0.0011,0.0004,0.9951,0.334895,0.383788,0.000800,0.001268,0.001026,-0.012217,0.186750,0.573750,0.024435,0.049765,0.111701,1.448033,0.202458,0.030520,0.113446,1.218536,0.059341,-0.036652,0.226893,0.563298,0.085521,0.132564,0.190241,1.665958,0.225147,-0.043552,0.108210,1.322104,0.085521
1771466066.434,2217,6,6,0.0000,0.0009,0.0024,0.0000,0.0011,0.0004,0.9952,0.337882,0.382262,0.001209,0.001271,0.000542,-0.012217,0.186750,0.599187,0.024435,0.047809,0.111701,1.454940,0.202458,0.032477,0.113446,1.222040,0.059341,-0.041888,0.226893,0.561078,0.080285,0.132728,0.190241,1.665834,0.225147,-0.043716,0.108210,1.311211,0.085521
1771466066.533,2220,6,6,0.0000,0.0008,0.0023,0.0000,0.0011,0.0004,0.9954,0.344158,0.379671,0.001970,0.001539,0.000756,-0.012217,0.186750,0.626316,0.024435,0.042744,0.111701,1.506415,0.200713,0.035796,0.113446,1.222238,0.059341,-0.045379,0.226893,0.529091,0.080285,0.134846,0.190241,1.663167,0.225147,-0.045834,0.108210,1.312654,0.085521
1771466066.637,2223,6,6,0.0000,0.0007,0.0021,0.0000,0.0010,0.0003,0.9959,0.342377,0.379526,0.004185,0.004950,0.000921,-0.012217,0.186750,0.599926,0.024435,0.033912,0.111701,1.508613,0.200713,0.046373,0.113446,1.223318,0.059341,-0.050615,0.226893,0.531935,0.080285,0.134520,0.190241,1.659759,0.225147,-0.045508,0.108210,1.311803,0.085521
1771466066.734,2226,6,6,0.0000,0.0007,0.0021,0.0000,0.0010,0.0003,0.9958,0.342010,0.379295,0.002081,0.005207,0.004212,-0.012217,0.186750,0.593502,0.024435,0.033125,0.113446,1.513816,0.200713,0.047160,0.113446,1.218390,0.059341,-0.052360,0.226893,0.528149,0.078540,0.134800,0.190241,1.660867,0.225147,-0.045788,0.108210,1.313169,0.085521
1771466066.834,2229,6,6,0.0000,0.0005,0.0018,0.0000,0.0008,0.0003,0.9965,0.345567,0.377580,0.004382,0.004839,0.000473,-0.012217,0.186750,0.604679,0.024435,0.033923,0.111701,1.542965,0.200713,0.046362,0.113446,1.222493,0.059341,-0.054105,0.225147,0.513106,0.078540,0.136155,0.190241,1.658332,0.225147,-0.047143,0.108210,1.310560,0.085521
1771466066.934,2232,6,6,0.0000,0.0006,0.0018,0.0000,0.0008,0.0003,0.9966,0.348715,0.377816,0.004361,0.004552,0.000549,-0.012217,0.188496,0.625357,0.024435,0.035108,0.113446,1.557499,0.200713,0.045177,0.113446,1.221567,0.059341,-0.054105,0.226893,0.530874,0.078540,0.137588,0.190241,1.655369,0.225147,-0.048576,0.108210,1.295413,0.085521
1771466067.034,2235,6,6,0.0000,0.0005,0.0017,0.0000,0.0008,0.0002,0.9967,0.349937,0.377574,0.005723,0.005982,0.001287,-0.012217,0.188496,0.627065,0.024435,0.046524,0.113446,1.567705,0.200713,0.033762,0.113446,1.224315,0.059341,-0.055851,0.225147,0.547796,0.078540,0.138707,0.190241,1.655248,0.225147,-0.051441,0.108210,1.276327,0.085521
1771466067.134,2238,6,6,0.0000,0.0006,0.0018,0.0000,0.0008,0.0003,0.9966,0.354470,0.379508,0.004445,0.006699,0.003138,-0.012217,0.186750,0.667442,0.024435,0.024570,0.113446,1.578767,0.200713,0.055715,0.113446,1.229020,0.059341,-0.055851,0.225147,0.567967,0.078540,0.131591,0.190241,1.661405,0.225147,-0.042579,0.108210,1.280325,0.085521
1771466067.234,2241,6,6,0.0000,0.0006,0.0018,0.0000,0.0008,0.0003,0.9965,0.353406,0.381846,0.002982,0.003858,0.001017,-0.012217,0.186750,0.659449,0.024435,0.002568,0.113446,1.574691,0.200713,0.077717,0.113446,1.228320,0.059341,-0.054105,0.225147,0.579936,0.080285,0.129143,0.190241,1.674249,0.225147,-0.041876,0.109956,1.282523,0.085521
1771466067.335,2244,6,6,0.0000,0.0006,0.0019,0.0000,0.0009,0.0003,0.9963,0.352612,0.381514,0.003653,0.005355,0.001277,-0.012217,0.186750,0.645178,0.024435,0.010807,0.113446,1.577774,0.200713,0.071224,0.113446,1.228231,0.059341,-0.050615,0.225147,0.576293,0.080285,0.127161,0.188496,1.678059,0.225147,-0.039894,0.109956,1.282100,0.085521
1771466067.435,2247,6,6,0.0000,0.0006,0.0019,0.0000,0.0008,0.0003,0.9963,0.346979,0.380965,0.006974,0.005557,0.001889,-0.012217,0.188496,0.581376,0.024435,0.013670,0.113446,1.572511,0.202458,0.070106,0.113446,1.224460,0.059341,-0.050615,0.223402,0.570811,0.080285,0.126436,0.190241,1.679937,0.225147,-0.037424,0.109956,1.279844,0.085521
1771466067.535,2250,6,6,0.0000,0.0007,0.0019,0.0000,0.0009,0.0003,0.9961,0.338106,0.382313,0.004355,0.005887,0.002051,-0.012217,0.186750,0.578631,0.024435,0.034932,0.113446,1.540079,0.200713,0.048844,0.113446,1.156655,0.059341,-0.048869,0.225147,0.581908,0.080285,0.124949,0.190241,1.685441,0.225147,-0.035938,0.109956,1.279164,0.085521
1771466067.636,2253,6,6,0.0000,0.0008,0.0022,0.0000,0.0009,0.0004,0.9958,0.335861,0.381643,0.004095,0.004735,0.000907,-0.012217,0.188496,0.526854,0.024435,0.047442,0.113446,1.548108,0.200713,0.036334,0.113446,1.171723,0.059341,-0.045379,0.225147,0.580317,0.080285,0.120407,0.190241,1.684662,0.225147,-0.033141,0.109956,1.278030,0.085521
1771466067.735,2256,6,6,0.0000,0.0007,0.0020,0.0000,0.0009,0.0003,0.9961,0.337302,0.382414,0.003201,0.002824,0.001387,-0.012217,0.188496,0.539773,0.024435,0.055173,0.113446,1.550873,0.200713,0.028603,0.113446,1.173330,0.059341,-0.045379,0.223402,0.589315,0.080285,0.117775,0.190241,1.686057,0.225147,-0.030508,0.109956,1.281263,0.085521
1771466067.836,2259,6,6,0.0000,0.0008,0.0020,0.0000,0.0010,0.0003,0.9959,0.335396,0.385891,0.002464,0.003537,0.001941,-0.012217,0.186750,0.556325,0.024435,0.061892,0.113446,1.548031,0.202458,0.020138,0.113446,1.138491,0.059341,-0.043633,0.223402,0.627577,0.080285,0.118762,0.190241,1.686933,0.225147,-0.029750,0.109956,1.282868,0.085521
1771466067.936,2262,6,6,0.0000,0.0008,0.0020,0.0000,0.0009,0.0003,0.9960,0.342106,0.385758,0.002262,0.002646,0.001236,-0.012217,0.186750,0.609771,0.024435,0.075102,0.115192,1.551240,0.200713,0.010420,0.113446,1.158864,0.059341,-0.040143,0.223402,0.620184,0.080285,0.120181,0.190241,1.686886,0.225147,-0.031170,0.109956,1.287288,0.085521
1771466068.036,2265,6,6,0.0000,0.0008,0.0020,0.0000,0.0010,0.0003,0.9959,0.339392,0.385498,0.001830,0.003249,0.001649,-0.012217,0.185005,0.571864,0.024435,0.087889,0.116937,1.552618,0.202458,-0.005859,0.113446,1.158706,0.059341,-0.041888,0.223402,0.610281,0.080285,0.123656,0.190241,1.688502,0.225147,-0.036389,0.109956,1.288988,0.085521
1771466068.137,2268,6,6,0.0000,0.0007,0.0019,0.0000,0.0009,0.0003,0.9961,0.339127,0.385309,0.001677,0.001681,0.000274,-0.012217,0.186750,0.563078,0.024435,0.087606,0.116937,1.551726,0.202458,-0.003830,0.113446,1.163742,0.059341,-0.041888,0.223402,0.603404,0.080285,0.124836,0.190241,1.691561,0.225147,-0.035824,0.109956,1.289352,0.085521
1771466068.237,2271,6,6,0.0000,0.0007,0.0019,0.0000,0.0009,0.0003,0.9962,0.338723,0.385308,0.002419,0.000976,0.001465,-0.012217,0.186750,0.560081,0.024435,0.084340,0.116937,1.552004,0.202458,-0.000564,0.113446,1.164882,0.059341,-0.041888,0.223402,0.595213,0.080285,0.124960,0.190241,1.694783,0.225147,-0.035948,0.109956,1.294191,0.085521
1771466068.337,2274,6,6,0.0000,0.0007,0.0019,0.0000,0.0009,0.0003,0.9961,0.340534,0.388639,0.001074,0.000899,0.000901,-0.012217,0.186750,0.571090,0.024435,0.083546,0.116937,1.555466,0.202458,-0.001515,0.113446,1.172940,0.059341,-0.041888,0.223402,0.614538,0.080285,0.124359,0.190241,1.700479,0.225147,-0.035347,0.109956,1.309741,0.085521
1771466068.438,2277,6,6,0.0000,0.0007,0.0019,0.0000,0.0010,0.0003,0.9961,0.340503,0.387841,0.000746,0.001149,0.001804,-0.012217,0.186750,0.568944,0.024435,0.079348,0.116937,1.556784,0.200713,0.002682,0.113446,1.176659,0.059341,-0.041888,0.223402,0.610872,0.080285,0.121501,0.191986,1.699651,0.225147,-0.034234,0.109956,1.305770,0.085521
1771466068.538,2280,6,6,0.0000,0.0007,0.0019,0.0000,0.0010,0.0003,0.9960,0.326997,0.387917,0.001889,0.001600,0.000860,-0.012217,0.185005,0.444656,0.024435,0.074217,0.116937,1.522066,0.202458,0.009559,0.113446,1.171846,0.059341,-0.041888,0.223402,0.614848,0.080285,0.121479,0.191986,1.700682,0.225147,-0.032468,0.109956,1.301694,0.085521
1771466068.638,2283,6,6,0.0000,0.0008,0.0021,0.0000,0.0010,0.0003,0.9957,0.321059,0.387577,0.001914,0.001923,0.001587,-0.012217,0.185005,0.448848,0.024435,0.068227,0.116937,1.448558,0.202458,0.015548,0.113446,1.169908,0.059341,-0.041888,0.223402,0.615039,0.080285,0.123761,0.191986,1.699088,0.225147,-0.034749,0.109956,1.296739,0.085521
1771466068.738,2286,6,6,0.0000,0.0008,0.0020,0.0000,0.0010,0.0003,0.9958,0.318318,0.387724,0.003863,0.005670,0.001975,-0.012217,0.186750,0.450980,0.024435,0.071178,0.116937,1.416817,0.202458,0.010853,0.113446,1.166620,0.059341,-0.040143,0.223402,0.618824,0.078540,0.125679,0.191986,1.697524,0.225147,-0.036667,0.109956,1.296112,0.085521
1771466068.838,2289,6,6,0.0000,0.0008,0.0021,0.0000,0.0010,0.0004,0.9957,0.315736,0.388146,0.006394,0.005046,0.002623,-0.012217,0.186750,0.462660,0.024435,0.087201,0.116937,1.366812,0.200713,-0.005171,0.113446,1.170537,0.059341,-0.041888,0.223402,0.623955,0.080285,0.128036,0.191986,1.695398,0.225147,-0.039024,0.109956,1.294070,0.085521
1771466068.938,2292,6,6,0.0000,0.0009,0.0023,0.0000,0.0010,0.0004,0.9952,0.286328,0.388144,0.005112,0.006599,0.001892,-0.012217,0.186750,0.384293,0.024435,0.043013,0.115192,1.154701,0.202458,0.039017,0.113446,1.113290,0.059341,-0.041888,0.225147,0.621087,0.080285,0.127034,0.191986,1.694738,0.225147,-0.038022,0.109956,1.296823,0.085521
1771466069.039,2295,6,6,0.0000,0.0016,0.0042,0.0001,0.0014,0.0009,0.9918,0.205936,0.388588,0.003828,0.004104,0.001079,-0.012217,0.186750,0.395758,0.024435,0.055482,0.115192,0.560323,0.200713,0.026549,0.113446,0.733243,0.059341,-0.041888,0.225147,0.625148,0.080285,0.126714,0.191986,1.693425,0.225147,-0.037702,0.109956,1.299722,0.085521
1771466069.139,2298,6,6,0.0000,0.0018,0.0060,0.0001,0.0019,0.0014,0.9888,0.241270,0.388352,0.005101,0.006999,0.003690,-0.012217,0.186750,0.380441,0.024435,0.079918,0.115192,0.846875,0.200713,0.002112,0.113446,0.886022,0.059341,-0.040143,0.225147,0.630426,0.080285,0.128635,0.191986,1.685837,0.225147,-0.039623,0.109956,1.297276,0.085521
1771466069.239,2301,6,6,0.0000,0.0014,0.0048,0.0001,0.0018,0.0010,0.9909,0.251262,0.382357,0.009041,0.005384,0.007073,-0.012217,0.186750,0.321631,0.024435,0.072306,0.115192,1.005351,0.202458,0.009725,0.113446,0.904511,0.059341,-0.040143,0.225147,0.615546,0.080285,0.136378,0.193732,1.643043,0.225147,-0.049111,0.109956,1.273527,0.085521
1771466069.339,2304,6,6,0.0000,0.0020,0.0065,0.0001,0.0026,0.0013,0.9875,0.221223,0.380760,0.003289,0.006100,0.004799,-0.012217,0.188496,0.339774,0.024435,0.092542,0.115192,0.795949,0.200713,-0.010511,0.113446,0.724791,0.059341,-0.041888,0.225147,0.605511,0.080285,0.129857,0.191986,1.649166,0.225147,-0.042591,0.109956,1.266545,0.085521
1771466069.440,2307,6,6,0.0000,0.0022,0.0071,0.0001,0.0031,0.0013,0.9861,0.232953,0.380923,0.001943,0.004615,0.004864,-0.012217,0.188496,0.427219,0.024435,0.092021,0.115192,0.816110,0.200713,-0.008246,0.113446,0.758461,0.059341,-0.041888,0.225147,0.604963,0.080285,0.134059,0.191986,1.648239,0.225147,-0.045047,0.109956,1.265777,0.085521
1771466069.540,2310,6,6,0.0000,0.0016,0.0050,0.0001,0.0025,0.0010,0.9898,0.304172,0.380428,0.001965,0.000761,0.001241,-0.012217,0.188496,0.513310,0.024435,0.089046,0.115192,1.406611,0.200713,-0.005270,0.113446,0.939479,0.059341,-0.041888,0.225147,0.601073,0.080285,0.136462,0.191986,1.644082,0.225147,-0.049196,0.109956,1.265472,0.085521
1771466069.640,2313,6,6,0.0000,0.0014,0.0041,0.0001,0.0020,0.0008,0.9916,0.315177,0.377986,0.001017,0.002312,0.001279,-0.012217,0.188496,0.568140,0.024435,0.080625,0.115192,1.416317,0.200713,0.001405,0.113446,1.014009,0.059341,-0.041888,0.225147,0.568780,0.080285,0.143578,0.191986,1.640209,0.225147,-0.056311,0.109956,1.265219,0.085521
1771466069.745,2316,6,6,0.0000,0.0014,0.0043,0.0001,0.0019,0.0009,0.9913,0.310749,0.376948,0.001395,0.000782,0.001504,-0.012217,0.186750,0.584317,0.024435,0.078170,0.115192,1.392679,0.200713,0.005606,0.113446,0.968343,0.059341,-0.041888,0.226893,0.558564,0.080285,0.142078,0.191986,1.636416,0.225147,-0.054812,0.109956,1.266531,0.085521
1771466069.848,2319,6,6,0.0000,0.0016,0.0057,0.0001,0.0022,0.0014,0.9890,0.310942,0.378894,0.000865,0.000644,0.000320,-0.012217,0.188496,0.582314,0.024435,0.076166,0.115192,1.393132,0.200713,0.005864,0.113446,0.972205,0.059341,-0.041888,0.225147,0.582837,0.080285,0.136763,0.193732,1.637436,0.225147,-0.049497,0.109956,1.269908,0.085521
1771466069.944,2322,6,6,0.0000,0.0013,0.0046,0.0001,0.0018,0.0010,0.9912,0.324817,0.379849,0.002576,0.001649,0.003130,-0.012217,0.186750,0.574171,0.024435,0.074347,0.115192,1.416869,0.200713,0.007683,0.113446,1.124852,0.059341,-0.041888,0.226893,0.588047,0.080285,0.137057,0.193732,1.639499,0.225147,-0.048045,0.109956,1.272055,0.085521
1771466070.044,2325,6,6,0.0000,0.0011,0.0035,0.0000,0.0014,0.0007,0.9934,0.323603,0.380439,0.003556,0.003301,0.000842,-0.012217,0.188496,0.550268,0.024435,0.045390,0.115192,1.420652,0.200713,0.036641,0.113446,1.128661,0.059341,-0.043633,0.226893,0.598911,0.080285,0.130658,0.193732,1.641015,0.225147,-0.041646,0.109956,1.273154,0.085521
1771466070.145,2328,6,6,0.0000,0.0009,0.0029,0.0000,0.0013,0.0005,0.9943,0.321419,0.381008,0.005438,0.004092,0.002511,-0.012217,0.186750,0.507928,0.024435,0.045372,0.115192,1.437220,0.200713,0.036658,0.113446,1.129977,0.059341,-0.043633,0.225147,0.608488,0.080285,0.132348,0.193732,1.641156,0.225147,-0.043337,0.109956,1.270316,0.085521
1771466070.245,2331,6,6,0.0000,0.0007,0.0023,0.0000,0.0010,0.0004,0.9955,0.331547,0.382692,0.004650,0.004301,0.000987,-0.012217,0.186750,0.581672,0.024435,0.035267,0.115192,1.475806,0.202458,0.046763,0.113446,1.137433,0.059341,-0.043633,0.225147,0.625335,0.080285,0.131216,0.195477,1.644175,0.225147,-0.043950,0.109956,1.270045,0.085521
1771466070.345,2334,6,6,0.0000,0.0007,0.0022,0.0000,0.0010,0.0004,0.9957,0.318955,0.383088,0.005234,0.003833,0.002240,-0.012217,0.188496,0.594584,0.024435,0.021625,0.115192,1.475871,0.200713,0.060406,0.113446,0.973356,0.059341,-0.043633,0.225147,0.627391,0.078540,0.134924,0.193732,1.649532,0.225147,-0.045912,0.109956,1.267161,0.085521
1771466070.446,2337,6,6,0.0000,0.0008,0.0023,0.0000,0.0011,0.0004,0.9954,0.306554,0.384732,0.005763,0.008006,0.004794,-0.012217,0.186750,0.570820,0.024435,-0.051093,0.115192,1.348711,0.200713,0.133123,0.113446,0.926123,0.059341,-0.043633,0.225147,0.650494,0.078540,0.135274,0.193732,1.652810,0.225147,-0.048007,0.109956,1.260160,0.085521
1771466070.546,2340,6,6,0.0000,0.0008,0.0024,0.0000,0.0011,0.0005,0.9952,0.302556,0.386218,0.006387,0.006887,0.002861,-0.012217,0.186750,0.538982,0.024435,0.060969,0.116937,1.387525,0.200713,0.021061,0.113446,0.920510,0.059341,-0.043633,0.225147,0.670651,0.076794,0.135371,0.195477,1.656400,0.225147,-0.048104,0.111701,1.252400,0.085521
1771466070.647,2343,6,6,0.0000,0.0018,0.0088,0.0002,0.0021,0.0053,0.9818,0.310416,0.376740,0.003820,0.005219,0.000677,-0.012217,0.185005,0.517622,0.024435,0.054111,0.116937,1.521701,0.202458,0.027919,0.113446,0.902011,0.059341,-0.043633,0.225147,0.578173,0.075049,0.132363,0.195477,1.658166,0.225147,-0.045097,0.111701,1.234138,0.085521
1771466070.747,2346,6,6,0.0000,0.0024,0.0133,0.0003,0.0028,0.0123,0.9688,0.313528,0.379479,0.003407,0.002854,0.001796,-0.012217,0.185005,0.512550,0.024435,0.059007,0.116937,1.565644,0.200713,0.023024,0.113446,0.902229,0.059341,-0.043633,0.225147,0.614039,0.075049,0.129769,0.195477,1.658749,0.225147,-0.042503,0.111701,1.233152,0.085521
1771466070.849,2349,6,6,0.0000,0.0028,0.0210,0.0006,0.0032,0.0318,0.9407,0.339456,0.380075,0.004795,0.004464,0.001023,-0.010472,0.185005,0.578864,0.024435,0.073722,0.118682,1.582700,0.202458,0.011799,0.113446,1.123024,0.059341,-0.043633,0.223402,0.615156,0.075049,0.129674,0.195477,1.660982,0.225147,-0.040662,0.111701,1.238785,0.085521
1771466070.950,2352,6,6,0.0000,0.0037,0.0262,0.0009,0.0039,0.0522,0.9131,0.330448,0.382425,0.002670,0.003751,0.001287,-0.010472,0.185005,0.565481,0.024435,0.079402,0.118682,1.534207,0.200713,0.004374,0.113446,1.080286,0.059341,-0.043633,0.223402,0.607259,0.075049,0.129778,0.195477,1.674075,0.225147,-0.040766,0.111701,1.261688,0.085521
1771466071.050,2355,6,6,0.0000,0.0032,0.0213,0.0006,0.0037,0.0304,0.9407,0.343344,0.383726,0.001841,0.004620,0.004080,-0.010472,0.185005,0.591255,0.024435,0.082180,0.118682,1.562892,0.200713,0.003341,0.113446,1.178834,0.059341,-0.041888,0.223402,0.595544,0.075049,0.129575,0.195477,1.684022,0.225147,-0.040563,0.111701,1.279279,0.085521
1771466071.150,2358,6,6,0.0000,0.0015,0.0074,0.0001,0.0019,0.0038,0.9853,0.346591,0.384454,0.003576,0.002124,0.001465,-0.010472,0.185005,0.596765,0.024435,0.077559,0.118682,1.600441,0.200713,0.006217,0.113446,1.176488,0.059341,-0.041888,0.223402,0.575759,0.075049,0.128280,0.195477,1.688650,0.225147,-0.039268,0.111701,1.304465,0.085521
1771466071.252,2361,6,6,0.0000,0.0010,0.0031,0.0000,0.0012,0.0007,0.9940,0.348760,0.385289,0.002138,0.001478,0.000749,-0.010472,0.185005,0.604868,0.024435,0.072231,0.118682,1.606364,0.200713,0.015035,0.113446,1.184997,0.059341,-0.040143,0.223402,0.581552,0.075049,0.127708,0.195477,1.689142,0.225147,-0.038696,0.111701,1.308769,0.085521
1771466071.351,2364,6,6,0.0000,0.0010,0.0030,0.0000,0.0012,0.0006,0.9943,0.351283,0.385709,0.001157,0.001024,0.000353,-0.010472,0.185005,0.582199,0.024435,0.056349,0.120428,1.634940,0.202458,0.030917,0.113446,1.207617,0.057596,-0.038397,0.223402,0.582863,0.075049,0.128703,0.195477,1.689095,0.225147,-0.039691,0.111701,1.311544,0.085521
1771466071.451,2367,6,6,0.0000,0.0009,0.0026,0.0000,0.0011,0.0005,0.9948,0.349485,0.386758,0.000386,0.000554,0.000669,-0.008727,0.185005,0.557232,0.024435,0.051088,0.118682,1.632431,0.202458,0.034433,0.113446,1.215274,0.059341,-0.038397,0.223402,0.583335,0.075049,0.132018,0.195477,1.688535,0.225147,-0.043006,0.113446,1.319162,0.085521
1771466071.551,2370,6,6,0.0000,0.0009,0.0022,0.0000,0.0010,0.0004,0.9955,0.343932,0.389145,0.000660,0.000646,0.001269,-0.010472,0.185005,0.542397,0.024435,0.044969,0.118682,1.596356,0.200713,0.040552,0.113446,1.201289,0.059341,-0.036652,0.223402,0.585943,0.075049,0.132834,0.195477,1.689547,0.225147,-0.043822,0.113446,1.343374,0.085521
1771466071.652,2373,6,6,0.0000,0.0008,0.0022,0.0000,0.0010,0.0004,0.9955,0.334774,0.389362,0.001428,0.001493,0.000575,-0.010472,0.185005,0.534705,0.024435,0.035985,0.118682,1.512675,0.202458,0.049536,0.113446,1.181013,0.059341,-0.038397,0.223402,0.586394,0.075049,0.132454,0.195477,1.690388,0.225147,-0.043442,0.113446,1.345062,0.085521
1771466071.752,2376,6,6,0.0000,0.0010,0.0023,0.0000,0.0011,0.0004,0.9950,0.289317,0.391013,0.002196,0.001923,0.001065,-0.010472,0.185005,0.537522,0.024435,0.052608,0.118682,1.277508,0.200713,0.032913,0.113446,0.869624,0.059341,-0.036652,0.223402,0.595480,0.075049,0.130571,0.195477,1.694025,0.225147,-0.041560,0.113446,1.354032,0.085521
1771466071.854,2379,6,6,0.0000,0.0009,0.0023,0.0000,0.0011,0.0004,0.9954,0.303295,0.392189,0.006003,0.004611,0.001705,-0.010472,0.185005,0.579164,0.024435,0.063419,0.118682,1.332524,0.200713,0.022102,0.113446,0.942450,0.057596,-0.038397,0.223402,0.599697,0.075049,0.129637,0.195477,1.698885,0.225147,-0.040625,0.113446,1.360012,0.085521
1771466071.953,2382,6,6,0.0000,0.0013,0.0033,0.0001,0.0014,0.0008,0.9932,0.275589,0.392174,0.002756,0.001721,0.002443,-0.010472,0.185005,0.564466,0.024435,0.059698,0.118682,1.219279,0.200713,0.027568,0.113446,0.734434,0.059341,-0.036652,0.223402,0.605231,0.075049,0.127957,0.195477,1.699132,0.225147,-0.040691,0.111701,1.357469,0.085521
1771466072.053,2385,6,6,0.0000,0.0013,0.0042,0.0001,0.0015,0.0012,0.9917,0.281205,0.391761,0.004733,0.005214,0.000825,-0.010472,0.186750,0.551048,0.024435,0.059425,0.118682,1.247644,0.200713,0.026096,0.113446,0.788619,0.057596,-0.036652,0.223402,0.604309,0.075049,0.123845,0.195477,1.699326,0.225147,-0.036578,0.113446,1.355611,0.085521
1771466072.154,2388,6,6,0.0000,0.0021,0.0094,0.0002,0.0021,0.0055,0.9807,0.280083,0.390325,0.005353,0.005104,0.001682,-0.010472,0.186750,0.520644,0.024435,0.062479,0.116937,1.250911,0.202458,0.023043,0.113446,0.800557,0.059341,-0.036652,0.225147,0.604187,0.075049,0.115408,0.195477,1.698101,0.225147,-0.028141,0.113446,1.346417,0.085521
1771466072.253,2391,6,6,0.0000,0.0017,0.0058,0.0001,0.0020,0.0020,0.9884,0.268041,0.388965,0.005403,0.009314,0.005047,-0.010472,0.186750,0.370821,0.024435,0.066341,0.116937,1.258021,0.200713,0.019180,0.113446,0.802248,0.057596,-0.036652,0.225147,0.603194,0.075049,0.116293,0.195477,1.700207,0.225147,-0.027281,0.113446,1.328096,0.085521
1771466072.354,2394,6,6,0.0000,0.0015,0.0050,0.0001,0.0019,0.0014,0.9901,0.263480,0.388709,0.005844,0.005419,0.005750,-0.010472,0.186750,0.405439,0.024435,0.070730,0.116937,1.247489,0.200713,0.016537,0.113446,0.721682,0.057596,-0.036652,0.225147,0.600131,0.076794,0.114761,0.195477,1.700670,0.225147,-0.027495,0.113446,1.327407,0.085521
1771466072.454,2397,6,6,0.0000,0.0016,0.0042,0.0001,0.0022,0.0009,0.9910,0.254807,0.388899,0.002683,0.006785,0.005528,-0.010472,0.188496,0.410029,0.024435,0.075596,0.116937,1.141228,0.200713,0.011670,0.113446,0.715798,0.059341,-0.036652,0.225147,0.605915,0.076794,0.119420,0.195477,1.696076,0.225147,-0.032153,0.113446,1.323844,0.085521
1771466072.554,2400,6,6,0.0000,0.0014,0.0039,0.0001,0.0019,0.0008,0.9919,0.259455,0.382719,0.006117,0.004134,0.003262,-0.012217,0.188496,0.437164,0.024435,0.088655,0.116937,1.084935,0.200713,-0.003134,0.113446,0.799339,0.059341,-0.036652,0.226893,0.608339,0.076794,0.128413,0.195477,1.643840,0.225147,-0.039401,0.113446,1.288758,0.085521
1771466072.660,2403,6,6,0.0000,0.0015,0.0040,0.0001,0.0021,0.0008,0.9916,0.276424,0.380558,0.001970,0.003597,0.004613,-0.012217,0.188496,0.511694,0.024435,0.086652,0.115192,1.161477,0.200713,-0.002876,0.113446,0.855643,0.059341,-0.036652,0.225147,0.571659,0.076794,0.132479,0.195477,1.649133,0.225147,-0.045212,0.111701,1.293636,0.085521
1771466072.760,2406,6,6,0.0000,0.0011,0.0031,0.0000,0.0015,0.0006,0.9936,0.288575,0.381357,0.006527,0.004931,0.001870,-0.012217,0.188496,0.549142,0.024435,0.090727,0.115192,1.250710,0.200713,-0.006951,0.113446,0.870698,0.059341,-0.036652,0.225147,0.579365,0.076794,0.138292,0.195477,1.645072,0.225147,-0.051025,0.113446,1.292020,0.085521
1771466072.860,2409,6,6,0.0000,0.0014,0.0034,0.0001,0.0018,0.0007,0.9927,0.277799,0.380748,0.000957,0.001104,0.000882,-0.012217,0.188496,0.552381,0.024435,0.091291,0.116937,1.240363,0.202458,-0.005770,0.113446,0.746191,0.057596,-0.036652,0.225147,0.579514,0.076794,0.136621,0.195477,1.643177,0.225147,-0.049354,0.113446,1.288129,0.085521
1771466072.960,2412,6,6,0.0000,0.0018,0.0042,0.0001,0.0021,0.0009,0.9910,0.242693,0.380498,0.000665,0.000703,0.001380,-0.012217,0.188496,0.582636,0.024435,0.094708,0.115192,0.951136,0.200713,-0.009187,0.113446,0.582214,0.059341,-0.036652,0.225147,0.580182,0.076794,0.134499,0.195477,1.641734,0.225147,-0.047233,0.113446,1.288030,0.085521
1771466073.060,2415,6,6,0.0000,0.0017,0.0044,0.0001,0.0021,0.0008,0.9909,0.256132,0.380408,0.001876,0.003362,0.001373,-0.012217,0.186750,0.571853,0.024435,0.088888,0.115192,1.039053,0.200713,-0.003367,0.113446,0.675661,0.057596,-0.036652,0.225147,0.577029,0.076794,0.136577,0.195477,1.642814,0.225147,-0.047565,0.113446,1.286946,0.085521
1771466073.160,2418,6,6,0.0000,0.0015,0.0041,0.0001,0.0019,0.0007,0.9918,0.243573,0.380212,0.006183,0.007547,0.001535,-0.010472,0.186750,0.500957,0.024435,0.077797,0.115192,0.974729,0.200713,0.005979,0.113446,0.663538,0.059341,-0.036652,0.225147,0.577638,0.076794,0.135330,0.195477,1.644325,0.225147,-0.046318,0.111701,1.285460,0.085521
1771466073.262,2421,6,6,0.0000,0.0016,0.0045,0.0001,0.0020,0.0007,0.9911,0.235786,0.383236,0.003917,0.004105,0.001556,-0.012217,0.186750,0.367271,0.024435,0.070485,0.116937,0.997760,0.202458,0.015036,0.113446,0.675514,0.059341,-0.036652,0.225147,0.606359,0.076794,0.140048,0.195477,1.646564,0.225147,-0.051037,0.113446,1.284326,0.085521
1771466073.363,2424,6,6,0.0000,0.0017,0.0057,0.0001,0.0022,0.0009,0.9895,0.225834,0.382745,0.005316,0.003950,0.000381,-0.012217,0.186750,0.332946,0.024435,0.040119,0.116937,0.947156,0.200713,0.047148,0.113446,0.641014,0.059341,-0.036652,0.225147,0.598050,0.076794,0.135247,0.195477,1.651248,0.225147,-0.046236,0.113446,1.286862,0.085521
1771466073.464,2427,6,6,0.0000,0.0013,0.0046,0.0001,0.0020,0.0007,0.9914,0.254030,0.384050,0.008395,0.008055,0.004724,-0.012217,0.186750,0.367636,0.024435,0.036214,0.116937,1.186979,0.200713,0.049308,0.113446,0.706604,0.059341,-0.036652,0.225147,0.602382,0.076794,0.133366,0.195477,1.660296,0.225147,-0.044354,0.111701,1.292764,0.085521
1771466073.564,2430,6,6,0.0000,0.0012,0.0040,0.0001,0.0020,0.0007,0.9921,0.288272,0.386606,0.003883,0.004132,0.001391,-0.012217,0.188496,0.411783,0.024435,0.079917,0.116937,1.364049,0.200713,0.005604,0.113446,0.894546,0.059341,-0.036652,0.225147,0.605305,0.076794,0.119750,0.195477,1.687259,0.225147,-0.032484,0.111701,1.307168,0.085521
1771466073.664,2433,6,6,0.0000,0.0010,0.0030,0.0000,0.0015,0.0005,0.9939,0.300461,0.389246,0.004402,0.003885,0.001030,-0.012217,0.186750,0.458669,0.024435,0.048498,0.116937,1.401786,0.200713,0.037023,0.113446,0.957930,0.059341,-0.036652,0.225147,0.617495,0.076794,0.118575,0.195477,1.703350,0.225147,-0.031308,0.113446,1.309996,0.085521
1771466073.764,2436,6,6,0.0000,0.0010,0.0030,0.0000,0.0015,0.0006,0.9939,0.298262,0.390489,0.005333,0.003771,0.002461,-0.012217,0.188496,0.452050,0.024435,0.046557,0.118682,1.410725,0.200713,0.040709,0.113446,0.923990,0.059341,-0.036652,0.223402,0.636662,0.076794,0.117274,0.195477,1.702745,0.225147,-0.030008,0.113446,1.309404,0.085521
1771466073.864,2439,6,6,0.0000,0.0011,0.0039,0.0000,0.0018,0.0008,0.9923,0.297747,0.392153,0.004755,0.003953,0.001561,-0.012217,0.188496,0.450143,0.024435,0.046278,0.118682,1.423977,0.200713,0.040988,0.113446,0.908207,0.057596,-0.036652,0.225147,0.665430,0.076794,0.114993,0.195477,1.701708,0.225147,-0.027726,0.113446,1.302170,0.085521
1771466073.964,2442,6,6,0.0000,0.0009,0.0049,0.0000,0.0018,0.0008,0.9915,0.330256,0.390255,0.009003,0.008503,0.003844,-0.012217,0.188496,0.559048,0.024435,0.053868,0.118682,1.551193,0.200713,0.033398,0.113446,1.062196,0.057596,-0.036652,0.223402,0.647588,0.076794,0.117734,0.195477,1.700153,0.225147,-0.030467,0.111701,1.299538,0.085521
1771466074.065,2445,6,6,0.0000,0.0009,0.0042,0.0000,0.0017,0.0007,0.9925,0.325531,0.388700,0.005335,0.001917,0.003299,-0.012217,0.188496,0.536702,0.024435,0.043892,0.116937,1.549388,0.202458,0.043375,0.113446,1.027901,0.059341,-0.036652,0.225147,0.631663,0.076794,0.122912,0.195477,1.692927,0.225147,-0.033900,0.113446,1.295367,0.085521
1771466074.165,2448,6,6,0.0000,0.0008,0.0041,0.0000,0.0018,0.0006,0.9926,0.330043,0.385598,0.003265,0.006106,0.002919,-0.012217,0.188496,0.562302,0.024435,0.038873,0.118682,1.569286,0.200713,0.046648,0.113446,1.038292,0.059341,-0.036652,0.225147,0.611708,0.076794,0.125343,0.195477,1.683872,0.225147,-0.038076,0.113446,1.284721,0.085521
1771466074.265,2451,6,6,0.0000,0.0005,0.0029,0.0000,0.0014,0.0004,0.9948,0.315770,0.381553,0.005694,0.005008,0.000532,-0.012217,0.188496,0.507550,0.024435,0.043124,0.118682,1.578471,0.200713,0.044142,0.113446,0.910839,0.059341,-0.036652,0.225147,0.564580,0.076794,0.127526,0.195477,1.680241,0.225147,-0.038514,0.113446,1.284751,0.085521
1771466074.365,2454,6,6,0.0000,0.0003,0.0020,0.0000,0.0013,0.0003,0.9961,0.325105,0.381801,0.005502,0.006009,0.001340,-0.012217,0.188496,0.463726,0.024435,-0.109380,0.118682,1.628050,0.200713,0.196646,0.113446,0.909475,0.057596,-0.036652,0.225147,0.570778,0.076794,0.125968,0.195477,1.678686,0.225147,-0.038701,0.113446,1.284648,0.085521
1771466074.466,2457,6,6,0.0000,0.0001,0.0015,0.0000,0.0012,0.0002,0.9970,0.353359,0.380024,0.006304,0.002090,0.004177,-0.012217,0.188496,0.443689,0.024435,-0.039125,0.118682,1.648494,0.200713,0.124646,0.113446,1.320106,0.057596,-0.036652,0.225147,0.565044,0.076794,0.123818,0.195477,1.669530,0.225147,-0.036552,0.113446,1.280366,0.085521
1771466074.566,2460,6,6,0.0000,0.0002,0.0014,0.0000,0.0013,0.0002,0.9970,0.322856,0.379653,0.001744,0.001302,0.003019,-0.012217,0.186750,0.219665,0.024435,-0.013926,0.120428,1.663305,0.200713,0.101192,0.113446,1.186743,0.057596,-0.036652,0.223402,0.560757,0.076794,0.123645,0.195477,1.672863,0.225147,-0.034633,0.113446,1.278785,0.085521
1771466074.666,2463,6,6,0.0000,0.0003,0.0015,0.0000,0.0010,0.0002,0.9969,0.323888,0.380522,0.002111,0.002368,0.001492,-0.012217,0.186750,0.233498,0.024435,-0.008935,0.120428,1.664443,0.202458,0.099692,0.113446,1.183914,0.057596,-0.036652,0.223402,0.569470,0.076794,0.123209,0.195477,1.674126,0.225147,-0.034197,0.113446,1.279666,0.085521
1771466074.767,2466,6,6,0.0000,0.0004,0.0016,0.0000,0.0011,0.0002,0.9965,0.316367,0.382664,0.001333,0.001380,0.002469,-0.012217,0.186750,0.134504,0.024435,-0.016252,0.120428,1.663261,0.200713,0.107009,0.113446,1.188260,0.057596,-0.036652,0.223402,0.588469,0.076794,0.123937,0.195477,1.680147,0.225147,-0.034925,0.113446,1.279629,0.085521
1771466074.867,2469,6,6,0.0000,0.0005,0.0018,0.0000,0.0012,0.0003,0.9962,0.316876,0.381827,0.000451,0.000481,0.000321,-0.012217,0.185005,0.113399,0.024435,-0.042320,0.122173,1.658429,0.202458,0.133077,0.113446,1.192495,0.057596,-0.036652,0.223402,0.579358,0.076794,0.125943,0.195477,1.677800,0.225147,-0.036931,0.113446,1.279034,0.085521
1771466074.967,2472,6,6,0.0000,0.0006,0.0020,0.0000,0.0011,0.0003,0.9959,0.323415,0.382308,0.002017,0.002372,0.001194,-0.012217,0.185005,0.148594,0.024435,-0.045463,0.122173,1.659997,0.200713,0.136220,0.113446,1.231060,0.059341,-0.036652,0.223402,0.582160,0.076794,0.129266,0.195477,1.674286,0.225147,-0.040254,0.113446,1.282198,0.085521
1771466075.067,2475,6,6,0.0000,0.0007,0.0019,0.0000,0.0010,0.0003,0.9961,0.319376,0.383462,0.004691,0.003373,0.001302,-0.012217,0.185005,0.159325,0.024435,-0.046110,0.122173,1.594951,0.202458,0.136867,0.113446,1.234510,0.059341,-0.036652,0.223402,0.592484,0.076794,0.134953,0.195477,1.669347,0.225147,-0.044196,0.113446,1.284977,0.085521
1771466075.167,2478,6,6,0.0000,0.0006,0.0019,0.0000,0.0009,0.0003,0.9964,0.320151,0.384672,0.009021,0.008204,0.002016,-0.010472,0.185005,0.276167,0.024435,0.014373,0.120428,1.535346,0.202458,0.076384,0.113446,1.236176,0.057596,-0.036652,0.223402,0.595114,0.075049,0.135883,0.195477,1.671171,0.225147,-0.045126,0.113446,1.295856,0.085521
1771466075.268,2481,6,6,0.0000,0.0006,0.0018,0.0000,0.0010,0.0003,0.9964,0.344473,0.383121,0.007741,0.009900,0.008382,-0.010472,0.185005,0.563318,0.024435,0.012706,0.120428,1.539573,0.200713,0.078051,0.113446,1.238401,0.057596,-0.036652,0.223402,0.591587,0.076794,0.129875,0.195477,1.660490,0.225147,-0.039117,0.113446,1.295711,0.085521
1771466075.368,2484,6,6,0.0000,0.0006,0.0018,0.0000,0.0008,0.0003,0.9965,0.309084,0.382773,0.008810,0.009593,0.001322,-0.008727,0.185005,0.177977,0.024435,0.039671,0.120428,1.507006,0.200713,0.051086,0.113446,1.229899,0.059341,-0.036652,0.223402,0.598669,0.076794,0.130567,0.195477,1.649182,0.225147,-0.039810,0.113446,1.295073,0.085521
1771466075.468,2487,6,6,0.0000,0.0008,0.0022,0.0000,0.0010,0.0004,0.9955,0.278485,0.382003,0.006123,0.006348,0.002010,-0.008727,0.185005,0.164262,0.024435,0.031153,0.120428,1.303427,0.200713,0.059604,0.113446,1.080011,0.059341,-0.036652,0.223402,0.596336,0.076794,0.130224,0.195477,1.639742,0.225147,-0.039467,0.113446,1.297941,0.085521
1771466075.568,2490,6,6,0.0000,0.0007,0.0022,0.0000,0.0009,0.0003,0.9959,0.283688,0.385153,0.012193,0.010495,0.003179,-0.010472,0.185005,0.208546,0.024435,0.053387,0.120428,1.330672,0.200713,0.037370,0.113446,1.070917,0.059341,-0.036652,0.225147,0.590691,0.076794,0.123690,0.195477,1.647034,0.225147,-0.032933,0.113446,1.338883,0.085521
1771466075.669,2493,6,6,0.0000,0.0010,0.0027,0.0000,0.0014,0.0004,0.9944,0.263437,0.384794,0.006986,0.009406,0.006179,-0.008727,0.185005,0.252016,0.024435,0.072123,0.120428,1.187951,0.200713,0.018634,0.113446,0.928893,0.057596,-0.036652,0.225147,0.594029,0.076794,0.119081,0.195477,1.648008,0.225147,-0.028324,0.113446,1.334872,0.085521
1771466075.770,2496,6,6,0.0000,0.0009,0.0027,0.0000,0.0012,0.0004,0.9947,0.266935,0.384764,0.006872,0.005127,0.001754,-0.008727,0.186750,0.272879,0.024435,0.073638,0.118682,1.205163,0.200713,0.013628,0.113446,0.936288,0.057596,-0.036652,0.225147,0.604232,0.078540,0.116639,0.195477,1.647511,0.225147,-0.025881,0.113446,1.325506,0.085521
1771466075.872,2499,6,6,0.0000,0.0011,0.0030,0.0000,0.0013,0.0005,0.9940,0.250083,0.381617,0.006113,0.004732,0.002261,-0.006981,0.186750,0.275267,0.024435,0.081592,0.118682,1.066891,0.202458,0.005675,0.113446,0.866454,0.059341,-0.036652,0.225147,0.603942,0.078540,0.119486,0.195477,1.648424,0.225147,-0.028729,0.113446,1.284267,0.085521
1771466075.970,2502,6,6,0.0000,0.0014,0.0042,0.0001,0.0017,0.0006,0.9920,0.232655,0.379931,0.005737,0.004582,0.001583,-0.008727,0.188496,0.270620,0.024435,0.085180,0.118682,1.009147,0.200713,0.002086,0.113446,0.719719,0.059341,-0.036652,0.225147,0.590399,0.078540,0.131563,0.195477,1.644554,0.225147,-0.040806,0.113446,1.269377,0.085521
1771466076.070,2505,6,6,0.0000,0.0016,0.0052,0.0001,0.0019,0.0007,0.9906,0.229750,0.380477,0.004865,0.004866,0.002578,-0.010472,0.188496,0.408205,0.024435,0.088452,0.118682,0.823955,0.200713,-0.001186,0.111701,0.733025,0.059341,-0.034907,0.225147,0.595038,0.078540,0.128183,0.195477,1.643637,0.225147,-0.037426,0.113446,1.275584,0.085521
1771466076.172,2508,6,6,0.0000,0.0014,0.0049,0.0001,0.0019,0.0007,0.9911,0.251768,0.382979,0.006402,0.004309,0.002780,-0.010472,0.188496,0.497391,0.024435,0.076610,0.118682,0.927819,0.202458,0.010657,0.111701,0.803631,0.059341,-0.036652,0.225147,0.613077,0.078540,0.128207,0.195477,1.645377,0.225147,-0.037450,0.113446,1.285807,0.085521
1771466076.271,2511,6,6,0.0000,0.0010,0.0032,0.0000,0.0016,0.0005,0.9936,0.302162,0.382759,0.007398,0.003518,0.004599,-0.010472,0.188496,0.577801,0.024435,0.046091,0.118682,1.140978,0.202458,0.041176,0.113446,1.113044,0.059341,-0.036652,0.225147,0.612220,0.078540,0.128745,0.195477,1.644648,0.225147,-0.037988,0.113446,1.284215,0.085521
1771466076.372,2514,6,6,0.0000,0.0010,0.0030,0.0000,0.0015,0.0005,0.9939,0.304118,0.383130,0.006002,0.003687,0.006333,-0.012217,0.188496,0.673784,0.024435,0.069018,0.116937,1.106071,0.200713,0.018249,0.113446,1.080667,0.057596,-0.036652,0.225147,0.617290,0.078540,0.131425,0.195477,1.640525,0.225147,-0.040667,0.113446,1.285036,0.085521
1771466076.472,2517,6,6,0.0000,0.0010,0.0029,0.0000,0.0015,0.0005,0.9942,0.300447,0.383507,0.003343,0.004044,0.002771,-0.012217,0.188496,0.677174,0.024435,0.092485,0.118682,1.185504,0.202458,-0.001728,0.113446,0.945091,0.057596,-0.034907,0.225147,0.620961,0.080285,0.133980,0.195477,1.637269,0.225147,-0.043223,0.113446,1.284848,0.085521
1771466076.572,2520,6,6,0.0000,0.0010,0.0026,0.0000,0.0013,0.0004,0.9947,0.302435,0.383875,0.001340,0.001506,0.000269,-0.012217,0.188496,0.710541,0.024435,0.100997,0.118682,1.218363,0.200713,-0.013731,0.113446,0.894207,0.059341,-0.034907,0.223402,0.627350,0.080285,0.137168,0.195477,1.632670,0.225147,-0.046411,0.113446,1.286031,0.085521
1771466076.673,2523,6,6,0.0000,0.0011,0.0027,0.0000,0.0014,0.0004,0.9943,0.282166,0.379938,0.000957,0.001727,0.001293,-0.012217,0.188496,0.707816,0.024435,0.097565,0.118682,0.973462,0.200713,-0.010298,0.113446,0.903780,0.057596,-0.033161,0.223402,0.630614,0.080285,0.130635,0.195477,1.606111,0.225147,-0.039878,0.113446,1.268613,0.085521
1771466076.774,2526,6,6,0.0000,0.0013,0.0029,0.0000,0.0016,0.0005,0.9937,0.266364,0.378208,0.001094,0.000486,0.001511,-0.012217,0.188496,0.706892,0.024435,0.093654,0.118682,0.935982,0.200713,-0.006387,0.113446,0.754722,0.059341,-0.031416,0.223402,0.635228,0.080285,0.134324,0.195477,1.587326,0.225147,-0.043567,0.113446,1.258339,0.085521
1771466076.875,2529,6,6,0.0000,0.0008,0.0023,0.0000,0.0012,0.0003,0.9953,0.348577,0.379251,0.003962,0.002283,0.003734,-0.012217,0.188496,0.684580,0.024435,0.092324,0.118682,1.485826,0.200713,-0.005057,0.113446,1.215081,0.059341,-0.031416,0.225147,0.644516,0.080285,0.134652,0.195477,1.586846,0.225147,-0.043894,0.113446,1.259976,0.085521
1771466076.976,2532,6,6,0.0000,0.0007,0.0021,0.0000,0.0011,0.0003,0.9957,0.327243,0.380417,0.003210,0.002368,0.001960,-0.012217,0.188496,0.653914,0.024435,0.091645,0.120428,1.377271,0.200713,-0.002634,0.113446,1.097224,0.059341,-0.031416,0.223402,0.651860,0.080285,0.135276,0.195477,1.586296,0.225147,-0.044518,0.113446,1.268293,0.085521
1771466077.077,2535,6,6,0.0000,0.0009,0.0026,0.0000,0.0012,0.0005,0.9948,0.300542,0.382968,0.004584,0.003082,0.001713,-0.012217,0.186750,0.641885,0.024435,0.033380,0.120428,1.174541,0.200713,0.057377,0.113446,0.994203,0.059341,-0.031416,0.223402,0.672891,0.078540,0.134127,0.195477,1.591187,0.225147,-0.043370,0.113446,1.275880,0.085521
1771466077.177,2538,6,6,0.0000,0.0026,0.0177,0.0004,0.0029,0.0194,0.9569,0.301091,0.384164,0.007378,0.004834,0.003652,-0.012217,0.186750,0.615767,0.024435,0.062237,0.120428,1.217522,0.200713,0.026775,0.113446,0.987428,0.057596,-0.029671,0.225147,0.680133,0.080285,0.118450,0.195477,1.594334,0.225147,-0.027693,0.113446,1.292029,0.085521
1771466077.277,2541,5,6,0.0000,0.0047,0.0494,0.0033,0.0026,0.6314,0.3086,0.311419,0.385854,0.003986,0.006323,0.005351,-0.012217,0.186750,0.558150,0.024435,0.049298,0.120428,1.327032,0.200713,0.039714,0.113446,1.057720,0.059341,-0.029671,0.225147,0.689687,0.080285,0.114723,0.195477,1.603948,0.225147,-0.023966,0.113446,1.296861,0.085521
1771466077.377,2544,5,5,0.0000,0.0016,0.0178,0.0016,0.0006,0.9259,0.0525,0.328704,0.387883,0.006285,0.001463,0.006665,-0.010472,0.186750,0.541048,0.024435,0.056147,0.120428,1.506686,0.202458,0.032865,0.113446,1.100848,0.059341,-0.031416,0.225147,0.683509,0.080285,0.116029,0.195477,1.627277,0.225147,-0.025272,0.113446,1.302756,0.085521
1771466077.477,2547,5,5,0.0000,0.0012,0.0122,0.0015,0.0004,0.9503,0.0344,0.318326,0.387034,0.004906,0.001821,0.002569,-0.012217,0.185005,0.461890,0.024435,0.037677,0.120428,1.457993,0.200713,0.051335,0.113446,1.109401,0.057596,-0.031416,0.226893,0.674152,0.080285,0.118072,0.195477,1.626142,0.225147,-0.027315,0.113446,1.299275,0.085521
1771466077.577,2550,5,5,0.0000,0.0012,0.0115,0.0015,0.0004,0.9543,0.0311,0.328022,0.387462,0.004263,0.002774,0.006468,-0.012217,0.188496,0.382307,0.024435,0.020685,0.113446,1.541544,0.200713,0.064836,0.111701,1.228755,0.059341,-0.027925,0.239110,0.668154,0.085521,0.119808,0.191986,1.628665,0.225147,-0.032542,0.111701,1.293923,0.085521
1771466077.678,2553,5,5,0.0000,0.0012,0.0102,0.0016,0.0004,0.9575,0.0292,0.323934,0.384773,0.001942,0.002250,0.004428,-0.012217,0.195477,0.417814,0.027925,0.014164,0.102974,1.532845,0.191986,0.059140,0.104720,1.191296,0.048869,-0.020944,0.263545,0.644967,0.095993,0.116813,0.167552,1.638527,0.223402,-0.040018,0.099484,1.283216,0.083776
1771466077.779,2556,5,5,0.0000,0.0014,0.0109,0.0020,0.0005,0.9485,0.0368,0.324097,0.381412,0.001646,0.001345,0.000334,-0.012217,0.221657,0.446159,0.062832,-0.004303,0.095993,1.519272,0.165806,0.068880,0.102974,1.181151,0.024435,-0.019199,0.265290,0.650347,0.101229,0.117137,0.157080,1.631711,0.221657,-0.043833,0.090757,1.259705,0.082030
1771466077.879,2559,5,5,0.0000,0.0019,0.0154,0.0024,0.0007,0.9207,0.0590,0.316890,0.380797,0.002438,0.003568,0.001451,-0.010472,0.247837,0.457810,0.104720,0.046806,0.094248,1.414598,0.153589,0.014280,0.102974,1.153605,0.012217,-0.015708,0.279253,0.650753,0.109956,0.107896,0.139626,1.633122,0.219911,-0.048555,0.082030,1.266728,0.080285
1771466077.982,2562,5,5,0.0000,0.0019,0.0148,0.0029,0.0007,0.9287,0.0510,0.306842,0.379083,0.001049,0.000600,0.000720,-0.006981,0.254818,0.470778,0.132645,0.030950,0.094248,1.318729,0.148353,0.028392,0.102974,1.096730,0.003491,-0.005236,0.294961,0.633036,0.116937,0.091875,0.127409,1.638999,0.219911,-0.048242,0.075049,1.270538,0.080285
1771466078.083,2565,5,5,0.0000,0.0021,0.0161,0.0034,0.0007,0.9254,0.0523,0.307972,0.377940,0.000449,0.000157,0.001117,-0.003491,0.254818,0.481922,0.139626,0.029155,0.092502,1.318507,0.143117,0.028441,0.102974,1.104604,0.000000,-0.001745,0.294961,0.626129,0.123918,0.087204,0.125664,1.640554,0.219911,-0.048807,0.071558,1.266836,0.078540
1771466078.183,2568,5,5,0.0000,0.0020,0.0154,0.0036,0.0007,0.9333,0.0450,0.306856,0.376442,0.000330,0.000278,0.000324,0.000000,0.253073,0.482867,0.139626,0.022679,0.092502,1.306930,0.143117,0.033171,0.102974,1.105337,0.000000,0.000000,0.294961,0.608912,0.127409,0.083675,0.123918,1.643766,0.219911,-0.048768,0.068068,1.268142,0.078540
1771466078.286,2571,5,5,0.0000,0.0020,0.0153,0.0033,0.0006,0.9394,0.0394,0.305339,0.376765,0.002550,0.001193,0.003289,0.000000,0.253073,0.481337,0.141372,0.025239,0.092502,1.294203,0.141372,0.030612,0.101229,1.103124,0.000000,0.001745,0.294961,0.607408,0.127409,0.081502,0.123918,1.649692,0.221657,-0.048340,0.066323,1.268025,0.078540
1771466078.385,2574,5,5,0.0000,0.0018,0.0141,0.0026,0.0005,0.9470,0.0340,0.304419,0.375687,0.003124,0.001261,0.001760,0.003491,0.253073,0.484937,0.141372,0.020303,0.092502,1.308158,0.139626,0.035547,0.101229,1.072784,-0.001745,0.003491,0.294961,0.598123,0.127409,0.081167,0.122173,1.650193,0.219911,-0.049751,0.064577,1.267696,0.078540
1771466078.483,2577,5,5,0.0000,0.0016,0.0128,0.0025,0.0004,0.9576,0.0251,0.289238,0.376560,0.001551,0.000516,0.000989,0.005236,0.253073,0.498727,0.141372,0.024649,0.090757,1.304950,0.137881,0.029456,0.101229,0.883523,-0.001745,0.005236,0.294961,0.599486,0.134390,0.083133,0.120428,1.650753,0.219911,-0.053462,0.064577,1.267303,0.078540
1771466078.587,2580,5,5,0.0000,0.0013,0.0105,0.0024,0.0003,0.9687,0.0167,0.275109,0.377429,0.002254,0.000355,0.001227,0.003491,0.254818,0.506560,0.148353,0.052489,0.090757,1.174091,0.137881,-0.001874,0.101229,0.831640,-0.003491,0.005236,0.294961,0.608372,0.136136,0.084113,0.120428,1.648982,0.219911,-0.054442,0.064577,1.267892,0.078540
1771466078.687,2583,5,5,0.0000,0.0012,0.0085,0.0019,0.0003,0.9735,0.0146,0.308637,0.376039,0.002271,0.001297,0.002589,0.003491,0.253073,0.512174,0.148353,0.036332,0.090757,1.275293,0.137881,0.014282,0.101229,1.130773,-0.003491,0.005236,0.294961,0.605861,0.136136,0.086259,0.120428,1.642002,0.219911,-0.056589,0.062832,1.260307,0.078540
1771466078.787,2586,5,5,0.0000,0.0011,0.0075,0.0015,0.0003,0.9740,0.0157,0.339725,0.374127,0.002885,0.001830,0.002333,0.003491,0.253073,0.691892,0.148353,0.039546,0.089012,1.423786,0.136136,0.011068,0.101229,1.179121,-0.005236,0.001745,0.293215,0.597733,0.136136,0.088866,0.120428,1.636477,0.221657,-0.059196,0.062832,1.251892,0.078540
1771466078.888,2589,5,5,0.0000,0.0011,0.0075,0.0014,0.0003,0.9717,0.0179,0.338059,0.370126,0.003251,0.003401,0.011147,0.001745,0.253073,0.686376,0.148353,0.034709,0.089012,1.404724,0.136136,0.015906,0.101229,1.185442,-0.003491,0.003491,0.293215,0.574198,0.134390,0.088953,0.120428,1.630981,0.219911,-0.059282,0.062832,1.234571,0.078540
1771466078.989,2592,5,5,0.0000,0.0011,0.0079,0.0015,0.0003,0.9694,0.0198,0.281156,0.371187,0.004056,0.001480,0.003567,0.000000,0.239110,0.660452,0.146608,0.002813,0.089012,1.079839,0.136136,0.047802,0.101229,0.870874,-0.005236,0.001745,0.293215,0.585615,0.134390,0.085579,0.122173,1.627689,0.221657,-0.055909,0.062832,1.240809,0.078540
1771466079.090,2595,5,5,0.0000,0.0012,0.0092,0.0016,0.0003,0.9673,0.0205,0.291949,0.370447,0.005332,0.001526,0.004434,0.000000,0.190241,0.627895,0.134390,0.063937,0.089012,1.166811,0.136136,-0.013323,0.101229,0.993732,-0.005236,-0.001745,0.289725,0.582210,0.132645,0.085731,0.125664,1.624369,0.221657,-0.054315,0.062832,1.241992,0.078540
1771466079.189,2598,5,5,0.0000,0.0012,0.0088,0.0016,0.0003,0.9692,0.0189,0.299795,0.370673,0.004089,0.001696,0.004354,0.000000,0.143117,0.560947,0.106465,0.040079,0.089012,1.268232,0.136136,0.010536,0.101229,1.141788,-0.005236,0.000000,0.270526,0.581518,0.125664,0.090378,0.134390,1.625265,0.223402,-0.051981,0.061087,1.257308,0.078540
1771466079.292,2601,5,5,0.0000,0.0011,0.0077,0.0018,0.0003,0.9741,0.0150,0.287730,0.372562,0.001188,0.000547,0.000877,0.000000,0.113446,0.511173,0.092502,0.036227,0.089012,1.233663,0.136136,0.014387,0.101229,1.124990,-0.003491,-0.001745,0.268781,0.584891,0.125664,0.091818,0.136136,1.625935,0.225147,-0.049931,0.061087,1.272740,0.078540
1771466079.389,2604,5,5,0.0000,0.0011,0.0078,0.0019,0.0003,0.9747,0.0142,0.289629,0.373502,0.002693,0.000805,0.002371,0.000000,0.108210,0.539453,0.090757,0.030974,0.089012,1.233384,0.136136,0.021386,0.101229,1.125007,-0.003491,0.000000,0.267035,0.595400,0.125664,0.091906,0.136136,1.626048,0.223402,-0.050018,0.061087,1.276806,0.078540
1771466079.491,2607,5,5,0.0000,0.0011,0.0076,0.0018,0.0002,0.9756,0.0136,0.299241,0.375621,0.002608,0.000910,0.001937,0.000000,0.106465,0.510967,0.092502,0.047873,0.089012,1.368397,0.136136,0.004487,0.101229,1.133818,-0.003491,-0.001745,0.268781,0.619124,0.125664,0.094028,0.136136,1.625665,0.223402,-0.050394,0.061087,1.275029,0.078540
1771466079.589,2610,5,5,0.0000,0.0011,0.0082,0.0017,0.0002,0.9754,0.0133,0.288331,0.375000,0.004233,0.000537,0.003394,0.000000,0.104720,0.327451,0.090757,-0.069837,0.089012,1.359090,0.136136,0.122197,0.101229,1.129377,-0.003491,-0.001745,0.267035,0.624755,0.125664,0.091995,0.136136,1.622625,0.223402,-0.048362,0.061087,1.268766,0.078540
1771466079.690,2613,5,5,0.0001,0.0038,0.0929,0.0007,0.0007,0.8996,0.0023,0.048239,0.226052,0.003457,0.001838,0.017698,0.000000,0.104720,0.004653,0.090757,0.045031,0.089012,-0.210074,0.136136,0.007329,0.101229,-0.227451,-0.003491,-0.001745,0.267035,-0.966063,0.125664,-0.234934,0.136136,0.884533,0.223402,0.278567,0.061087,0.657659,0.078540
1771466079.790,2616,2,5,0.0002,0.0130,0.5113,0.0005,0.0008,0.4733,0.0008,0.055940,0.082388,0.003160,0.000974,0.001683,0.000000,0.102974,-0.322015,0.090757,-0.098807,0.089012,-1.656762,0.136136,0.151167,0.101229,-1.416220,-0.003491,-0.001745,0.268781,-1.284654,0.125664,-0.051417,0.136136,-0.183472,0.223402,0.095050,0.061087,-0.584463,0.078540
1771466079.890,2619,2,2,0.0006,0.0929,0.7484,0.0004,0.0002,0.1567,0.0007,0.051866,0.087969,0.001396,0.000759,0.007661,-0.001745,0.094248,-0.780899,0.080285,-0.095299,0.080285,-2.272343,0.123918,0.145914,0.097738,-2.087359,-0.005236,0.000000,0.268781,-1.581417,0.125664,-0.118391,0.136136,-1.135667,0.223402,0.162024,0.061087,-1.319027,0.078540
1771466079.991,2622,2,2,0.0000,0.1213,0.8772,0.0000,0.0000,0.0013,0.0002,0.033822,0.096987,0.001361,0.001705,0.002807,0.001745,0.052360,-0.687049,0.055851,-0.070761,0.052360,-2.043705,0.080285,0.098687,0.064577,-1.946364,0.000000,0.000000,0.268781,-1.589586,0.125664,-0.226597,0.136136,-2.005910,0.223402,0.270230,0.061087,-1.898270,0.078540
1771466080.091,2625,2,2,0.0000,0.0334,0.9664,0.0000,0.0000,0.0002,0.0000,0.024020,0.098657,0.001441,0.000759,0.000915,0.001745,0.031416,-0.677950,0.038397,-0.075315,0.027925,-1.866688,0.054105,0.089278,0.045379,-1.773967,0.000000,0.003491,0.268781,-1.564120,0.125664,-0.246637,0.134390,-2.119069,0.223402,0.288525,0.061087,-2.167444,0.078540
1771466080.191,2628,2,2,0.0000,0.0153,0.9847,0.0000,0.0000,0.0001,0.0000,0.016974,0.099076,0.004555,0.001670,0.003384,0.001745,0.012217,-0.684889,0.022689,-0.076283,0.013963,-1.608419,0.036652,0.079774,0.036652,-1.454090,0.000000,0.006981,0.268781,-1.567313,0.125664,-0.244686,0.134390,-2.149672,0.223402,0.290064,0.061087,-2.247023,0.078540
1771466080.291,2631,2,2,0.0000,0.0112,0.9887,0.0000,0.0000,0.0000,0.0000,0.009688,0.095850,0.001869,0.001223,0.003683,0.000000,0.003491,-0.441161,0.008727,0.053427,0.005236,-1.357090,0.015708,-0.058663,0.029671,-0.922745,0.000000,0.006981,0.268781,-1.561731,0.127409,-0.204227,0.134390,-2.162265,0.223402,0.251351,0.059341,-2.271783,0.078540
1771466080.395,2634,2,2,0.0000,0.0106,0.9892,0.0000,0.0000,0.0001,0.0000,0.005272,0.096397,0.004742,0.002507,0.003571,0.000000,0.001745,-0.184242,0.003491,0.019626,0.005236,-0.781035,0.003491,-0.033589,0.029671,-0.611416,-0.001745,0.006981,0.270526,-1.566787,0.137881,-0.200327,0.134390,-2.187454,0.223402,0.247451,0.057596,-2.278719,0.078540
1771466080.494,2637,2,2,0.0000,0.0166,0.9826,0.0000,0.0000,0.0007,0.0001,0.002829,0.096990,0.001429,0.001834,0.001159,0.001745,0.000000,-0.118281,0.001745,0.000791,0.001745,-0.564714,0.000000,-0.018244,0.027925,-0.356700,0.000000,0.010472,0.270526,-1.537218,0.146608,-0.195223,0.132645,-2.194985,0.225147,0.242347,0.055851,-2.288268,0.080285
1771466080.594,2640,2,2,0.0000,0.0201,0.9776,0.0000,0.0000,0.0020,0.0002,0.003393,0.097436,0.003154,0.001549,0.002332,0.001745,0.000000,0.003971,0.001745,-0.019293,0.001745,-0.347900,0.000000,0.007076,0.024435,-0.235101,-0.001745,0.012217,0.270526,-1.514976,0.153589,-0.190106,0.132645,-2.205246,0.225147,0.237230,0.055851,-2.293154,0.082030
1771466080.699,2643,2,2,0.0000,0.0190,0.9777,0.0000,0.0000,0.0030,0.0002,0.009604,0.101351,0.002927,0.002285,0.001325,0.001745,0.000000,0.078663,0.000000,0.009442,0.000000,-0.167906,0.000000,-0.026895,0.022689,0.002714,-0.001745,0.012217,0.272271,-1.530052,0.155334,-0.228357,0.132645,-2.211519,0.225147,0.278971,0.055851,-2.293470,0.083776
1771466080.795,2646,2,2,0.0000,0.0223,0.9636,0.0000,0.0001,0.0136,0.0004,0.028866,0.100886,0.003266,0.001881,0.001365,0.001745,0.000000,0.225179,0.000000,0.039021,0.000000,-0.034133,0.000000,-0.061710,0.019199,0.061251,-0.001745,0.012217,0.274017,-1.554457,0.155334,-0.221028,0.134390,-2.218797,0.223402,0.271643,0.055851,-2.299950,0.083776
1771466080.896,2649,2,2,0.0002,0.0343,0.9174,0.0000,0.0003,0.0471,0.0007,0.015429,0.101189,0.001845,0.001394,0.001124,0.001745,0.000000,0.143558,0.000000,0.012198,0.000000,-0.037855,0.000000,-0.043614,0.015708,0.011941,-0.001745,0.012217,0.274017,-1.555764,0.155334,-0.226416,0.134390,-2.237643,0.223402,0.275285,0.055851,-2.320216,0.083776
1771466080.997,2652,2,2,0.0004,0.0342,0.9132,0.0000,0.0003,0.0513,0.0006,0.011372,0.099918,0.001732,0.001387,0.000780,0.001745,0.000000,0.119235,0.000000,0.002970,0.000000,-0.008445,0.000000,-0.034386,0.012217,0.000299,-0.003491,0.012217,0.274017,-1.560343,0.155334,-0.209416,0.134390,-2.266725,0.223402,0.260030,0.055851,-2.400975,0.083776
1771466081.099,2655,2,2,0.0005,0.0370,0.8968,0.0000,0.0003,0.0649,0.0005,0.015168,0.101447,0.001000,0.002110,0.000964,0.015708,-0.010472,0.141755,0.010472,0.007103,0.000000,-0.006597,0.000000,-0.042010,0.006981,-0.005009,-0.001745,0.012217,0.274017,-1.566102,0.155334,-0.229504,0.134390,-2.271450,0.223402,0.278373,0.055851,-2.416837,0.083776
1771466081.196,2658,2,2,0.0004,0.0362,0.8931,0.0000,0.0003,0.0696,0.0004,0.019896,0.100471,0.001622,0.001648,0.001543,0.040143,-0.024435,0.157817,0.031416,0.004142,0.000000,-0.009218,0.000000,-0.042539,0.005236,-0.006896,-0.001745,0.012217,0.275762,-1.528363,0.155334,-0.205576,0.136136,-2.294252,0.223402,0.263172,0.055851,-2.414546,0.083776
1771466081.298,2661,2,2,0.0006,0.0497,0.8492,0.0000,0.0005,0.0996,0.0004,0.023333,0.093935,0.000605,0.000947,0.000994,0.050615,-0.038397,0.162774,0.054105,0.007263,0.000000,-0.010532,0.000000,-0.043915,0.005236,-0.018376,-0.003491,0.012217,0.280998,-1.478796,0.153589,-0.121910,0.136136,-2.298985,0.223402,0.181251,0.055851,-2.294138,0.083776
1771466081.397,2664,2,2,0.0021,0.1849,0.6014,0.0001,0.0028,0.2070,0.0018,0.027842,0.086774,0.000303,0.002418,0.010524,0.057596,-0.045379,0.188272,0.075049,0.006212,0.001745,-0.009311,0.000000,-0.048100,0.005236,-0.004696,-0.003491,0.012217,0.289725,-1.459860,0.153589,-0.029000,0.136136,-2.114290,0.223402,0.086596,0.055851,-2.308241,0.083776
1771466081.497,2667,2,2,0.0010,0.0836,0.6839,0.0000,0.0005,0.2302,0.0008,0.046332,0.085376,0.000860,0.000597,0.017639,0.057596,-0.045379,0.280692,0.089012,0.022748,0.000000,0.020839,0.000000,-0.064636,0.003491,0.081610,-0.003491,0.013963,0.296706,-0.753644,0.157080,0.051860,0.136136,-1.552898,0.221657,0.007481,0.055851,-2.133798,0.083776
1771466081.597,2670,2,2,0.0001,0.0663,0.5928,0.0001,0.0003,0.3399,0.0005,0.064718,0.102471,0.000722,0.004902,0.037494,0.031416,-0.036652,0.287364,0.095993,0.040253,0.000000,0.131911,0.000000,-0.085631,0.003491,0.186191,-0.001745,0.027925,0.300197,-0.118384,0.176278,0.229573,0.134390,-0.952341,0.221657,-0.173723,0.055851,-1.614061,0.083776
1771466081.697,2673,2,2,0.0000,0.0156,0.8007,0.0000,0.0004,0.1825,0.0007,0.072292,0.136559,0.000789,0.003274,0.014988,-0.006981,0.000000,0.338521,0.095993,0.049867,0.000000,0.157440,0.000000,-0.086519,0.005236,0.220448,-0.001745,0.048869,0.317650,0.549619,0.202458,0.017974,0.118682,-1.637701,0.221657,0.034386,0.041888,-1.484009,0.085521
1771466081.801,2676,2,2,0.0002,0.0433,0.7246,0.0000,0.0007,0.2292,0.0019,0.050368,0.109862,0.000755,0.002236,0.013799,-0.027925,0.019199,0.033785,0.092502,0.049934,0.000000,0.182425,0.000000,-0.076114,0.005236,0.221331,-0.001745,0.064577,0.333358,-0.581482,0.219911,-0.189117,0.104720,-2.071227,0.221657,0.243222,0.031416,-1.966926,0.099484
1771466081.901,2679,2,2,0.0000,0.0374,0.9606,0.0000,0.0002,0.0009,0.0009,0.032247,0.100211,0.000539,0.002969,0.012283,-0.008727,0.001745,-0.041447,0.054105,-0.002529,0.000000,0.153273,0.000000,-0.021906,0.005236,0.172603,-0.001745,0.073304,0.354302,-1.239098,0.233874,0.045224,0.108210,-2.107856,0.232129,0.012371,0.029671,-2.168865,0.113446
1771466081.999,2682,2,2,0.0000,0.0225,0.9771,0.0000,0.0000,0.0002,0.0001,0.033793,0.111807,0.000499,0.001031,0.013535,0.000000,0.000000,-0.066941,0.034907,0.017026,0.000000,0.180209,0.000000,-0.037969,0.005236,0.168138,-0.001745,0.076794,0.392699,-1.168997,0.235619,-0.097269,0.108210,-2.132579,0.232129,0.153119,0.029671,-2.159341,0.113446
1771466082.102,2685,2,2,0.0000,0.0045,0.9955,0.0000,0.0000,0.0000,0.0000,0.030827,0.116234,0.000049,0.002773,0.001558,0.000000,0.000000,-0.060232,0.017453,-0.007059,0.000000,0.152984,0.000000,-0.024357,0.003491,0.195994,-0.001745,0.080285,0.397935,-1.007557,0.235619,-0.136426,0.109956,-2.141642,0.232129,0.194022,0.031416,-2.146646,0.113446
1771466082.205,2688,2,2,0.0000,0.0075,0.9924,0.0000,0.0000,0.0000,0.0001,0.026097,0.115575,0.000563,0.003536,0.010861,0.001745,0.000000,-0.087072,0.006981,-0.023113,0.001745,0.155209,0.000000,0.002169,0.003491,0.141822,-0.001745,0.080285,0.394444,-1.034289,0.233874,-0.132014,0.111701,-2.150757,0.232129,0.191355,0.031416,-2.340563,0.111701
1771466082.302,2691,2,2,0.0000,0.0104,0.9895,0.0000,0.0000,0.0000,0.0001,0.019794,0.106435,0.002210,0.005627,0.019700,0.001745,0.000000,-0.133057,0.000000,-0.018597,0.000000,0.079288,0.000000,0.001144,0.005236,0.150109,-0.001745,0.078540,0.392699,-1.210466,0.233874,-0.027563,0.109956,-2.150101,0.232129,0.090395,0.031416,-2.274575,0.108210
1771466082.402,2694,2,2,0.0000,0.0054,0.9946,0.0000,0.0000,0.0000,0.0000,0.016273,0.108789,0.003397,0.009637,0.008270,0.001745,0.000000,-0.114351,0.000000,0.086750,0.000000,0.012826,0.000000,-0.097222,0.005236,0.088718,-0.001745,0.076794,0.390954,-1.574457,0.232129,-0.073262,0.111701,-2.148652,0.228638,0.134348,0.031416,-2.122638,0.099484
1771466082.502,2697,2,2,0.0000,0.0029,0.9971,0.0000,0.0000,0.0000,0.0000,0.012945,0.104657,0.002995,0.003401,0.002038,0.001745,0.000000,-0.098678,0.000000,0.042951,0.000000,-0.013370,0.000000,-0.051678,0.005236,0.105409,-0.001745,0.073304,0.376991,-1.698048,0.226893,-0.062073,0.109956,-2.167686,0.223402,0.123160,0.031416,-2.201380,0.090757
1771466082.604,2700,2,2,0.0000,0.0067,0.9933,0.0000,0.0000,0.0000,0.0000,0.003384,0.095702,0.002194,0.003807,0.004585,0.008727,-0.003491,-0.040998,0.000000,-0.008775,0.000000,-0.009220,0.000000,-0.003443,0.001745,0.030136,-0.001745,0.069813,0.350811,-1.695346,0.218166,0.008750,0.111701,-2.162473,0.218166,0.052336,0.033161,-2.265938,0.085521
1771466082.705,2703,2,2,0.0000,0.0066,0.9934,0.0000,0.0000,0.0000,0.0000,0.010280,0.092212,0.002614,0.003544,0.003414,0.012217,0.000000,-0.052350,0.000000,-0.067607,0.000000,0.014999,0.000000,0.062371,0.003491,0.030286,-0.001745,0.062832,0.338594,-1.648447,0.193732,0.056633,0.120428,-2.159117,0.202458,0.011435,0.045379,-2.259483,0.075049
1771466082.804,2706,2,2,0.0000,0.0058,0.9942,0.0000,0.0000,0.0000,0.0000,0.007794,0.089012,0.001325,0.001771,0.006872,0.010472,-0.001745,-0.096119,0.000000,-0.033085,0.000000,0.002735,0.000000,0.026104,0.001745,0.052466,-0.001745,0.057596,0.328122,-1.553340,0.174533,0.069718,0.122173,-2.140451,0.195477,0.003586,0.050615,-2.271203,0.066323
1771466082.905,2709,2,2,0.0000,0.0559,0.9441,0.0000,0.0000,0.0000,0.0000,0.005191,0.085957,0.001458,0.000802,0.001544,0.005236,0.000000,-0.090779,0.000000,-0.021089,0.001745,0.008982,0.000000,0.008872,0.003491,0.033965,-0.001745,0.043633,0.314159,-1.733528,0.164061,0.044537,0.123918,-2.094899,0.188496,0.035748,0.054105,-2.272332,0.062832
1771466083.007,2712,2,2,0.0001,0.1651,0.8347,0.0000,0.0000,0.0000,0.0000,0.007517,0.089693,0.001104,0.002194,0.005575,0.005236,0.000000,-0.035846,0.000000,-0.018223,0.000000,0.032986,0.000000,0.011242,0.001745,0.039001,-0.001745,0.029671,0.305433,-0.118750,0.164061,0.147802,0.123918,-1.700959,0.188496,-0.067517,0.055851,-1.951020,0.061087
1771466083.110,2715,2,2,0.0000,0.3076,0.6923,0.0000,0.0000,0.0000,0.0000,0.013202,0.174229,0.000839,0.000845,0.006106,0.003491,0.000000,0.091683,-0.001745,-0.020498,0.000000,0.014409,0.000000,0.010026,0.001745,0.037064,-0.001745,0.024435,0.303687,0.984827,0.164061,0.184392,0.123918,-0.404695,0.188496,-0.102361,0.055851,-0.333856,0.061087
1771466083.212,2718,2,2,0.0001,0.4390,0.5607,0.0000,0.0001,0.0000,0.0000,0.033276,0.134976,0.000748,0.003329,0.000783,0.003491,0.000000,0.307266,0.000000,0.052417,0.000000,-0.082590,0.000000,-0.059398,0.001745,0.034387,-0.001745,0.024435,0.300197,0.603126,0.164061,0.098538,0.123918,-0.548049,0.188496,-0.018252,0.055851,-0.512743,0.061087
1771466083.311,2721,2,2,0.0000,0.1758,0.8241,0.0000,0.0000,0.0000,0.0000,0.028383,0.087924,0.000349,0.002939,0.012792,0.003491,0.000000,0.238687,0.000000,0.046494,0.001745,-0.075995,0.000000,-0.051730,0.001745,0.048430,-0.001745,0.024435,0.294961,-0.943609,0.164061,-0.053265,0.125664,-2.173506,0.186750,0.137041,0.061087,-2.551146,0.061087
1771466083.417,2724,2,2,0.0001,0.2736,0.7260,0.0000,0.0001,0.0001,0.0000,0.017151,0.094853,0.000269,0.001984,0.001745,0.003491,0.000000,0.096060,0.000000,0.021731,0.000000,-0.047412,0.000000,-0.026967,0.001745,0.082787,-0.001745,0.017453,0.289725,-1.307847,0.164061,-0.145147,0.125664,-2.277774,0.185005,0.232413,0.062832,-2.410241,0.061087
1771466083.515,2727,2,2,0.0000,0.0456,0.9543,0.0000,0.0001,0.0000,0.0000,0.004522,0.093306,0.000192,0.000661,0.004003,0.003491,0.000000,-0.025653,0.000000,0.006785,0.000000,-0.041415,0.000000,-0.017257,0.003491,0.040497,-0.001745,0.012217,0.289725,-0.930085,0.164061,-0.131810,0.125664,-2.275355,0.185005,0.219076,0.062832,-2.342619,0.061087
1771466083.612,2730,2,2,0.0000,0.0163,0.9817,0.0000,0.0000,0.0017,0.0002,0.006257,0.177005,0.000991,0.001599,0.023832,0.003491,0.000000,-0.042306,0.000000,0.069849,0.000000,-0.044188,0.000000,-0.075085,0.001745,-0.219281,-0.001745,0.012217,0.289725,1.121212,0.164061,0.102264,0.125664,-0.808061,0.185005,-0.014997,0.062832,-0.522974,0.061087
1771466083.718,2733,2,2,0.0000,0.0173,0.9799,0.0000,0.0000,0.0026,0.0001,0.000436,0.143363,0.000168,0.002161,0.005920,0.003491,0.000000,-0.006307,0.000000,-0.002353,0.000000,-0.308213,0.000000,-0.008119,0.001745,-0.248872,0.000000,0.013963,0.289725,0.585233,0.164061,0.223286,0.125664,0.009503,0.185005,-0.136019,0.062832,-0.212092,0.061087
1771466083.814,2736,2,2,0.0000,0.0313,0.9653,0.0000,0.0001,0.0032,0.0001,0.006870,0.119781,0.000380,0.001127,0.002864,0.003491,0.000000,0.065781,0.000000,0.011428,0.000000,-0.235215,0.000000,-0.013173,0.001745,-0.156978,0.000000,0.012217,0.289725,0.307616,0.164061,0.230910,0.125664,-0.163671,0.183260,-0.143643,0.062832,-1.255085,0.061087
1771466083.917,2739,2,2,0.0000,0.3833,0.6156,0.0000,0.0002,0.0008,0.0000,0.020807,0.081885,0.000310,0.001400,0.017209,0.003491,0.000000,0.203718,0.000000,0.038980,0.000000,-0.149530,0.000000,-0.045961,0.003491,-0.098344,0.000000,0.012217,0.287979,-0.711455,0.164061,0.015802,0.127409,-1.936609,0.178024,0.073210,0.066323,-2.223138,0.057596
1771466084.016,2742,2,2,0.0000,0.2623,0.7373,0.0000,0.0001,0.0002,0.0001,0.018219,0.081740,0.001204,0.000812,0.001708,0.003491,0.000000,0.146559,0.000000,-0.079047,0.000000,-0.678373,0.000000,0.068575,0.000000,-0.988564,-0.001745,0.008727,0.284489,-1.252301,0.164061,0.040468,0.129154,-2.115103,0.178024,0.052035,0.068068,-2.177746,0.055851
1771466084.118,2745,2,2,0.0000,0.0568,0.9431,0.0000,0.0000,0.0000,0.0001,0.027565,0.081158,0.000642,0.000621,0.000191,0.003491,0.000000,0.313568,0.000000,-0.017211,0.000000,-0.390979,0.000000,0.011975,0.001745,-0.553938,0.000000,0.005236,0.282743,-1.192418,0.164061,0.056376,0.129154,-2.091404,0.176278,0.036126,0.068068,-2.169855,0.055851
1771466084.215,2748,2,2,0.0000,0.0083,0.9916,0.0000,0.0000,0.0000,0.0001,0.026631,0.081303,0.002581,0.000499,0.001370,0.003491,0.000000,0.299246,0.000000,0.015090,0.000000,-0.321605,0.000000,-0.020326,0.001745,-0.359415,0.000000,0.005236,0.282743,-1.186729,0.164061,0.058568,0.129154,-2.083524,0.178024,0.033934,0.068068,-2.165748,0.055851
1771466084.317,2751,2,2,0.0000,0.0036,0.9963,0.0000,0.0000,0.0000,0.0001,0.012087,0.081303,0.001417,0.001721,0.001093,0.001745,0.000000,0.135672,0.000000,0.005878,0.000000,-0.186380,0.000000,-0.011114,0.001745,-0.108545,0.000000,0.005236,0.282743,-1.209602,0.164061,0.071071,0.129154,-2.095203,0.176278,0.021431,0.068068,-2.159047,0.057596
1771466084.415,2754,2,2,0.0000,0.0037,0.9963,0.0000,0.0000,0.0000,0.0000,0.002933,0.080867,0.004189,0.002058,0.002958,0.001745,0.000000,0.031706,0.000000,-0.001589,0.000000,-0.141198,0.000000,-0.001902,0.001745,-0.121994,-0.001745,0.005236,0.282743,-1.275117,0.164061,0.044158,0.127409,-2.267115,0.176278,0.046599,0.068068,-2.354364,0.055851
1771466084.516,2757,2,2,0.0000,0.0057,0.9943,0.0000,0.0000,0.0000,0.0000,0.003489,0.085366,0.001544,0.000814,0.002616,0.001745,0.000000,0.028006,0.000000,0.010374,0.000000,-0.121799,0.000000,-0.015610,0.001745,-0.108718,-0.001745,0.006981,0.284489,-1.342331,0.164061,-0.050503,0.127409,-2.253745,0.176278,0.141260,0.068068,-2.355464,0.055851
1771466084.617,2760,2,2,0.0000,0.0110,0.9888,0.0000,0.0000,0.0002,0.0001,0.023372,0.085036,0.001087,0.000408,0.001109,0.001745,0.000000,0.039557,0.000000,0.000742,0.000000,-0.033668,-0.001745,-0.011214,0.001745,0.236679,-0.001745,0.006981,0.286234,-1.231107,0.164061,-0.044788,0.127409,-2.248779,0.176278,0.135545,0.068068,-2.350375,0.055851
1771466084.718,2763,2,2,0.0000,0.0164,0.9732,0.0000,0.0000,0.0098,0.0006,0.181935,0.086345,0.002809,0.001560,0.001446,0.001745,0.000000,0.245266,0.000000,0.023537,0.000000,0.757047,0.000000,-0.035755,0.001745,1.153877,-0.001745,0.010472,0.289725,-1.233881,0.169297,-0.044792,0.129154,-2.250009,0.176278,0.135549,0.068068,-2.362618,0.057596
1771466084.818,2766,2,2,0.0000,0.0251,0.9515,0.0000,0.0000,0.0227,0.0006,0.172347,0.088065,0.006469,0.003615,0.004026,0.000000,0.001745,0.196159,0.003491,-0.158230,0.000000,0.874971,0.000000,0.142522,0.003491,0.845781,-0.001745,0.017453,0.296706,-1.333796,0.181514,-0.039249,0.129154,-2.250537,0.178024,0.130006,0.068068,-2.356155,0.055851
1771466084.919,2769,2,2,0.0000,0.0146,0.9829,0.0000,0.0000,0.0009,0.0016,0.081161,0.089541,0.000622,0.000883,0.001353,0.001745,0.000000,-0.077865,0.001745,0.022276,-0.001745,0.432429,0.000000,-0.036238,0.003491,0.512250,-0.001745,0.027925,0.300197,-1.428642,0.190241,-0.039507,0.127409,-2.249387,0.176278,0.128519,0.068068,-2.339150,0.055851
1771466085.023,2772,2,2,0.0000,0.0100,0.9878,0.0000,0.0000,0.0004,0.0018,0.134478,0.090996,0.002237,0.001166,0.001406,0.001745,0.000000,-0.183316,0.001745,0.155630,0.000000,1.079099,0.000000,-0.166102,0.003491,0.372024,-0.001745,0.038397,0.305433,-1.444603,0.191986,-0.037775,0.127409,-2.249722,0.178024,0.126787,0.068068,-2.319868,0.055851
1771466085.119,2775,2,2,0.0000,0.0102,0.9867,0.0000,0.0000,0.0025,0.0006,0.266080,0.090656,0.002430,0.000648,0.002727,0.001745,0.000000,0.003409,0.001745,0.044018,0.005236,1.921408,0.000000,-0.050999,0.001745,1.213657,0.000000,0.050615,0.307178,-1.430984,0.191986,-0.023225,0.127409,-2.245144,0.176278,0.110492,0.068068,-2.293712,0.055851
1771466085.220,2778,2,2,0.0000,0.0194,0.9441,0.0001,0.0001,0.0361,0.0003,0.275366,0.090070,0.002270,0.001309,0.001327,0.001745,0.000000,0.304225,0.001745,0.025207,0.003491,1.540992,0.012217,-0.035679,0.010472,1.388587,0.015708,0.059341,0.312414,-1.437501,0.190241,-0.000478,0.129154,-2.200931,0.176278,0.089489,0.068068,-2.262366,0.055851
1771466085.319,2781,2,2,0.0000,0.0558,0.7604,0.0006,0.0011,0.1820,0.0001,0.345291,0.090466,0.000630,0.000207,0.000970,0.001745,0.000000,0.290684,0.001745,-0.001892,0.012217,2.116565,0.029671,-0.006835,0.031416,1.622801,0.036652,0.057596,0.312414,-1.448201,0.190241,0.020888,0.130900,-2.178608,0.176278,0.069869,0.071558,-2.237644,0.055851
1771466085.420,2784,2,2,0.0000,0.0627,0.6314,0.0013,0.0020,0.3026,0.0000,0.346498,0.090466,0.000548,0.000668,0.001186,0.000000,0.000000,0.086392,0.003491,-0.002066,0.017453,2.204569,0.050615,0.000321,0.038397,1.704380,0.052360,0.057596,0.312414,-1.443915,0.190241,0.043443,0.130900,-2.121323,0.176278,0.047314,0.071558,-2.182013,0.055851
1771466085.520,2787,2,2,0.0000,0.0806,0.7532,0.0013,0.0068,0.1580,0.0001,0.351575,0.090466,0.001988,0.000626,0.001912,-0.003491,0.000000,0.093238,0.006981,0.007645,0.015708,2.216720,0.050615,-0.007645,0.041888,1.726759,0.059341,0.055851,0.312414,-1.449488,0.190241,0.062764,0.130900,-2.093199,0.176278,0.027993,0.073304,-2.119567,0.055851
1771466085.620,2790,5,2,0.0000,0.0588,0.4592,0.0017,0.0031,0.4771,0.0000,0.351667,0.089739,0.002096,0.000700,0.001620,-0.001745,0.000000,0.091294,0.006981,0.002990,0.015708,2.215147,0.050615,-0.002990,0.041888,1.732552,0.062832,0.050615,0.312414,-1.452309,0.188496,0.063323,0.130900,-2.086416,0.176278,0.027434,0.071558,-2.128793,0.055851
1771466085.720,2793,5,5,0.0000,0.0519,0.3381,0.0022,0.0031,0.6047,0.0000,0.348477,0.090030,0.001790,0.000983,0.001235,-0.001745,0.003491,0.089892,0.006981,0.001592,0.012217,2.195757,0.050615,-0.005082,0.041888,1.711229,0.068068,0.048869,0.314159,-1.460808,0.190241,0.063969,0.130900,-2.084786,0.176278,0.026788,0.073304,-2.134557,0.055851
1771466085.820,2796,2,2,0.0000,0.0389,0.9483,0.0001,0.0008,0.0119,0.0001,0.028476,0.091924,0.002597,0.000627,0.002472,-0.003491,0.010472,-0.043366,0.012217,-0.135769,0.008727,-0.044127,0.057596,0.134024,0.041888,-0.327122,0.076794,0.047124,0.314159,-1.494186,0.190241,-0.022729,0.130900,-2.291848,0.176278,0.113486,0.073304,-2.269651,0.057596
1771466085.921,2799,2,2,0.0000,0.0077,0.9922,0.0000,0.0001,0.0000,0.0000,0.025420,0.098000,0.001720,0.001234,0.002252,0.000000,0.001745,-0.681675,0.008727,-0.161928,0.003491,-1.718359,0.041888,0.161928,0.031416,-2.006523,0.055851,0.043633,0.314159,-1.413400,0.190241,-0.102622,0.130900,-2.245309,0.176278,0.193379,0.071558,-2.244559,0.055851
1771466086.021,2802,2,2,0.0000,0.0116,0.9884,0.0000,0.0000,0.0000,0.0000,0.013880,0.104780,0.000793,0.000808,0.008005,0.001745,0.003491,-0.428277,0.003491,-0.081043,0.000000,-1.223338,0.020944,0.075807,0.024435,-1.509495,0.036652,0.043633,0.314159,-1.186338,0.190241,-0.183982,0.130900,-2.243227,0.176278,0.274739,0.071558,-2.108418,0.055851
1771466086.121,2805,2,2,0.0000,0.0054,0.9946,0.0000,0.0000,0.0000,0.0000,0.012266,0.109735,0.001779,0.001500,0.001328,0.000000,0.001745,-0.258259,0.001745,-0.107055,0.000000,-1.104584,0.006981,0.101819,0.013963,-1.233825,0.020944,0.043633,0.315905,-1.194632,0.191986,-0.238209,0.130900,-2.309813,0.176278,0.328966,0.073304,-2.127512,0.055851
1771466086.222,2808,2,2,0.0000,0.0096,0.9904,0.0000,0.0000,0.0000,0.0000,0.006776,0.112302,0.000920,0.001313,0.000659,-0.003491,0.006981,-0.249244,0.000000,-0.065607,0.003491,-0.801149,0.000000,0.056880,0.008727,-0.959203,0.005236,0.045379,0.333358,-1.145130,0.197222,-0.256794,0.129154,-2.451977,0.176278,0.338824,0.071558,-2.249851,0.055851
1771466086.323,2811,2,2,0.0000,0.0012,0.9988,0.0000,0.0000,0.0000,0.0000,0.003465,0.112444,0.001123,0.000777,0.000855,-0.001745,0.001745,-0.976432,0.000000,-0.043330,0.000000,-0.549992,0.000000,0.036349,0.003491,-0.703357,0.000000,0.045379,0.329867,-1.029166,0.197222,-0.263733,0.130900,-2.463470,0.176278,0.344018,0.071558,-2.341041,0.054105
1771466086.425,2814,2,2,0.0000,0.0063,0.9935,0.0000,0.0000,0.0002,0.0000,0.005720,0.098568,0.001085,0.000633,0.007823,0.001745,0.000000,-0.589195,0.000000,0.063405,0.000000,-0.333391,0.000000,-0.073877,0.003491,-0.455854,0.000000,0.038397,0.328122,-0.678545,0.197222,-0.104205,0.130900,-2.439619,0.176278,0.186235,0.071558,-2.404533,0.054105
1771466086.526,2817,2,2,0.0000,0.0086,0.9913,0.0000,0.0000,0.0000,0.0000,0.005590,0.088575,0.000939,0.000698,0.002913,0.001745,0.000000,-0.359717,0.000000,0.061845,0.000000,-0.205716,0.000000,-0.075808,0.003491,-0.282632,-0.001745,0.024435,0.326377,-0.549594,0.195477,0.003061,0.130900,-2.262576,0.178024,0.078970,0.071558,-2.400032,0.054105
1771466086.626,2820,2,2,0.0000,0.0391,0.9608,0.0000,0.0000,0.0000,0.0000,0.006679,0.087082,0.000376,0.001949,0.004317,0.001745,0.000000,-0.241003,0.000000,0.074913,0.000000,-0.026443,0.000000,-0.090621,0.003491,-0.080493,-0.003491,0.012217,0.312414,-0.791543,0.185005,-0.020475,0.130900,-2.278832,0.176278,0.102505,0.071558,-2.427516,0.054105
1771466086.726,2823,2,2,0.0000,0.0364,0.9622,0.0000,0.0000,0.0012,0.0001,0.004221,0.090964,0.000654,0.001291,0.001359,0.000000,0.000000,-0.185014,-0.001745,0.048911,0.000000,-0.028953,0.000000,-0.066365,0.001745,-0.083904,-0.001745,0.010472,0.308923,-0.994592,0.181514,-0.077528,0.129154,-2.283058,0.178024,0.157814,0.071558,-2.429996,0.054105
1771466086.828,2826,2,2,0.0000,0.0198,0.9777,0.0000,0.0000,0.0021,0.0002,0.003731,0.099658,0.000746,0.001421,0.001845,0.000000,0.000000,-0.185618,-0.001745,0.043021,0.000000,-0.028912,0.000000,-0.058729,0.001745,-0.080626,-0.001745,0.006981,0.307178,-1.229511,0.181514,-0.187093,0.129154,-2.315260,0.178024,0.267379,0.071558,-2.502094,0.054105
1771466086.926,2829,2,2,0.0001,0.0237,0.9691,0.0000,0.0001,0.0068,0.0002,0.003734,0.101754,0.000542,0.001225,0.000593,0.001745,0.000000,-0.144604,-0.001745,0.041323,0.000000,-0.030717,0.000000,-0.057031,0.001745,-0.077624,-0.001745,0.005236,0.307178,-1.423654,0.181514,-0.212249,0.130900,-2.345423,0.178024,0.292535,0.071558,-2.505139,0.054105
1771466087.027,2832,2,2,0.0001,0.0274,0.9620,0.0000,0.0001,0.0102,0.0001,0.004382,0.099223,0.000716,0.000957,0.000475,0.001745,0.000000,-0.143654,-0.001745,0.049096,0.000000,-0.035946,0.000000,-0.063059,0.001745,-0.086887,-0.001745,0.006981,0.305433,-1.454892,0.179769,-0.183626,0.130900,-2.342642,0.178024,0.263911,0.071558,-2.477335,0.054105
1771466087.127,2835,2,2,0.0001,0.0384,0.9469,0.0000,0.0002,0.0143,0.0001,0.003972,0.095372,0.000761,0.000090,0.000845,0.001745,0.000000,-0.133054,-0.001745,0.044177,0.000000,-0.035198,0.000000,-0.058140,0.001745,-0.091311,-0.003491,0.005236,0.303687,-1.480695,0.179769,-0.140897,0.130900,-2.332219,0.178024,0.221182,0.071558,-2.433882,0.054105
1771466087.229,2838,2,2,0.0002,0.0586,0.9110,0.0000,0.0004,0.0295,0.0003,0.003240,0.094429,0.000258,0.000127,0.001553,0.001745,0.000000,-0.123545,-0.001745,0.035383,0.000000,-0.036337,0.000000,-0.045855,0.001745,-0.089336,-0.001745,0.005236,0.303687,-1.474274,0.179769,-0.129582,0.130900,-2.313098,0.178024,0.209867,0.071558,-2.408891,0.054105
1771466087.330,2841,2,2,0.0001,0.0726,0.9215,0.0000,0.0002,0.0053,0.0003,0.002738,0.090718,0.001795,0.001097,0.003525,0.001745,0.000000,-0.065303,-0.001745,0.029365,0.000000,-0.056500,0.000000,-0.043328,0.001745,-0.120280,-0.001745,0.003491,0.303687,-1.488087,0.179769,-0.086792,0.130900,-2.183734,0.178024,0.167077,0.071558,-2.259384,0.054105
1771466087.431,2844,2,2,0.0001,0.0762,0.9184,0.0000,0.0001,0.0048,0.0003,0.008814,0.083630,0.000747,0.001680,0.003892,0.000000,0.000000,0.069671,-0.001745,0.034352,0.000000,-0.076511,0.000000,-0.051805,0.001745,-0.141320,-0.001745,0.005236,0.303687,-1.590090,0.179769,0.046757,0.130900,-2.104897,0.178024,0.033528,0.071558,-2.216102,0.054105
1771466087.531,2847,2,2,0.0001,0.0612,0.9342,0.0000,0.0001,0.0042,0.0003,0.006078,0.083776,0.000498,0.002997,0.004793,0.000000,0.000000,0.024396,-0.001745,0.046798,0.000000,-0.080384,0.000000,-0.062506,0.001745,-0.127135,-0.003491,0.003491,0.303687,-1.503345,0.181514,0.051465,0.130900,-2.106432,0.179769,0.028820,0.071558,-2.293488,0.054105
1771466087.631,2850,2,2,0.0000,0.0281,0.9702,0.0000,0.0000,0.0015,0.0001,0.003870,0.083485,0.001472,0.000740,0.002284,0.001745,0.000000,-0.004628,-0.001745,0.042943,0.000000,-0.073503,0.000000,-0.056906,0.001745,-0.111192,-0.003491,0.005236,0.303687,-1.419000,0.181514,0.061113,0.129154,-2.108734,0.178024,0.017427,0.071558,-2.387985,0.054105
1771466087.736,2853,2,2,0.0000,0.0234,0.9752,0.0000,0.0000,0.0013,0.0001,0.003697,0.083921,0.000369,0.001975,0.001184,0.000000,0.000000,-0.003963,-0.001745,0.042622,0.000000,-0.026253,0.000000,-0.053094,0.001745,-0.083093,-0.001745,0.005236,0.303687,-1.421875,0.181514,0.069198,0.130900,-2.120543,0.179769,0.011087,0.071558,-2.413439,0.054105
1771466087.840,2856,2,2,0.0001,0.0277,0.9420,0.0000,0.0001,0.0298,0.0004,0.157203,0.083921,0.000961,0.001463,0.001710,0.000000,0.000000,0.508546,-0.001745,0.078523,0.000000,0.410383,0.000000,-0.085505,0.001745,0.887233,-0.001745,0.005236,0.303687,-1.402029,0.181514,0.056027,0.130900,-2.117584,0.179769,0.024258,0.071558,-2.372714,0.054105
1771466087.939,2859,2,2,0.0000,0.0234,0.8230,0.0000,0.0000,0.1534,0.0001,0.228660,0.083776,0.001798,0.000902,0.002445,0.000000,0.000000,0.424317,-0.001745,-0.170449,0.003491,0.921433,0.000000,0.163467,0.000000,1.231216,-0.001745,0.005236,0.303687,-1.405328,0.179769,0.054843,0.130900,-2.116116,0.179769,0.025442,0.071558,-2.384134,0.054105
1771466088.035,2862,2,2,0.0000,0.0275,0.6745,0.0001,0.0003,0.2974,0.0001,0.135238,0.085833,0.001271,0.000378,0.002505,0.000000,-0.003491,0.241442,0.003491,-0.081599,0.000000,0.508040,0.000000,0.076363,0.001745,0.791775,-0.001745,0.005236,0.303687,-1.410729,0.181514,0.103229,0.130900,-2.114749,0.179769,-0.022944,0.071558,-2.382429,0.054105
1771466088.136,2865,2,2,0.0000,0.0078,0.9879,0.0000,0.0000,0.0042,0.0001,0.056241,0.084659,0.002962,0.001194,0.003709,0.001745,-0.001745,0.255276,0.003491,0.037035,-0.001745,0.078304,0.000000,-0.044016,0.003491,0.295547,-0.001745,0.003491,0.303687,-1.447552,0.179769,0.092634,0.130900,-2.095633,0.179769,-0.012349,0.071558,-2.253363,0.054105
1771466088.237,2868,2,2,0.0000,0.0022,0.9977,0.0000,0.0000,0.0000,0.0000,0.035082,0.085289,0.004254,0.002585,0.004309,0.000000,-0.001745,0.194896,0.003491,0.005020,0.003491,0.089844,0.000000,-0.012001,0.001745,0.122502,-0.001745,0.005236,0.303687,-1.571746,0.181514,0.096701,0.130900,-2.056382,0.179769,-0.016415,0.071558,-2.247895,0.054105
1771466088.339,2871,2,2,0.0000,0.0040,0.9960,0.0000,0.0000,0.0000,0.0000,0.026627,0.085334,0.005322,0.001525,0.004323,0.000000,0.000000,0.112728,0.001745,0.000667,0.003491,0.079932,0.000000,-0.004157,0.001745,0.119213,-0.001745,0.005236,0.303687,-1.580195,0.181514,0.097242,0.130900,-2.045963,0.179769,-0.016957,0.071558,-2.207521,0.054105
1771466088.438,2874,2,2,0.0000,0.0046,0.9954,0.0000,0.0000,0.0000,0.0000,0.023083,0.086579,0.002867,0.003502,0.002001,0.000000,0.000000,0.150015,0.000000,0.025204,0.000000,0.041600,0.000000,-0.026950,0.000000,0.060176,-0.001745,0.006981,0.301942,-1.574524,0.181514,0.112177,0.130900,-2.039243,0.179769,-0.031891,0.071558,-2.209148,0.054105
1771466088.538,2877,2,2,0.0000,0.0048,0.9952,0.0000,0.0000,0.0000,0.0000,0.011483,0.085798,0.002927,0.001741,0.001935,0.000000,0.000000,0.070606,0.000000,0.007598,-0.001745,0.014673,0.000000,-0.009344,0.001745,0.043170,-0.003491,0.006981,0.301942,-1.556380,0.181514,0.102812,0.130900,-2.021989,0.179769,-0.022527,0.071558,-2.101899,0.054105
1771466088.638,2880,2,2,0.0000,0.0064,0.9935,0.0000,0.0000,0.0000,0.0000,0.033616,0.085848,0.001620,0.000670,0.001627,0.000000,0.000000,0.380177,0.000000,0.016228,0.005236,-0.020036,0.000000,-0.017973,0.001745,-0.044466,0.000000,0.006981,0.301942,-1.542126,0.181514,0.105151,0.129154,-1.997291,0.179769,-0.024866,0.071558,-2.071595,0.054105
1771466088.741,2883,2,2,0.0000,0.0103,0.9892,0.0000,0.0000,0.0003,0.0002,0.033936,0.086829,0.004529,0.001224,0.004223,0.000000,-0.001745,0.387186,0.000000,0.016554,0.001745,-0.155336,0.000000,-0.018300,0.001745,-0.096707,0.000000,0.006981,0.301942,-1.528462,0.181514,0.115174,0.130900,-1.965328,0.179769,-0.034889,0.071558,-2.003699,0.054105
1771466088.838,2886,2,2,0.0000,0.0257,0.9709,0.0000,0.0000,0.0024,0.0009,0.027179,0.086737,0.000573,0.000986,0.001324,0.000000,0.000000,0.284382,0.001745,0.036529,0.001745,-0.085729,0.000000,-0.045256,0.001745,-0.033990,0.000000,0.006981,0.301942,-1.534205,0.181514,0.114079,0.130900,-1.944302,0.179769,-0.035540,0.071558,-2.001870,0.054105
1771466088.938,2889,2,2,0.0001,0.0301,0.9657,0.0000,0.0000,0.0032,0.0009,0.015430,0.086318,0.001111,0.000570,0.001012,0.000000,0.000000,0.173875,0.001745,0.007790,0.000000,-0.064990,0.000000,-0.016517,0.001745,-0.010251,0.000000,0.006981,0.301942,-1.527729,0.179769,0.110792,0.130900,-1.913816,0.179769,-0.030507,0.071558,-1.997277,0.054105
1771466089.041,2892,2,2,0.0002,0.0348,0.9548,0.0000,0.0001,0.0090,0.0011,0.022794,0.085863,0.000715,0.000741,0.001192,0.000000,0.000000,0.228312,0.001745,0.028778,0.000000,-0.044649,0.000000,-0.030523,0.001745,0.012952,0.000000,0.005236,0.301942,-1.516360,0.178024,0.108817,0.130900,-1.921132,0.179769,-0.028532,0.071558,-1.998297,0.054105
1771466089.139,2895,2,2,0.0008,0.0458,0.9052,0.0000,0.0002,0.0468,0.0011,0.010386,0.083674,0.000854,0.000470,0.005144,0.000000,0.013963,0.097536,0.005236,-0.009640,0.000000,-0.881080,0.000000,0.006150,0.001745,-1.283031,0.000000,0.003491,0.301942,-1.518702,0.178024,0.084301,0.130900,-2.072656,0.179769,-0.004015,0.071558,-2.228172,0.054105
1771466089.239,2898,2,2,0.0014,0.0524,0.8833,0.0000,0.0002,0.0619,0.0007,0.012259,0.083339,0.000446,0.000831,0.001817,0.000000,0.013963,0.088990,0.006981,-0.042407,0.000000,-0.592043,0.000000,0.037171,0.000000,-0.916106,0.000000,0.005236,0.300197,-1.516966,0.178024,0.058121,0.130900,-2.124172,0.179769,0.022164,0.071558,-2.297738,0.054105
1771466089.339,2901,2,2,0.0008,0.0517,0.9117,0.0000,0.0002,0.0353,0.0004,0.011162,0.083339,0.000543,0.000637,0.000745,0.000000,0.012217,0.095908,0.006981,-0.022324,0.000000,-0.417940,0.000000,0.017088,0.001745,-0.709565,0.000000,0.005236,0.301942,-1.546929,0.176278,0.053529,0.130900,-2.141584,0.179769,0.026756,0.071558,-2.281842,0.054105
1771466089.439,2904,2,2,0.0005,0.0445,0.9322,0.0000,0.0002,0.0223,0.0004,0.009266,0.083630,0.001179,0.000410,0.001522,0.000000,0.003491,0.093789,0.005236,-0.012172,0.000000,-0.278739,0.000000,0.008681,0.000000,-0.465495,-0.001745,0.006981,0.301942,-1.622490,0.178024,0.055357,0.130900,-2.140402,0.179769,0.024928,0.071558,-2.279014,0.054105
1771466089.540,2907,2,2,0.0004,0.0408,0.9424,0.0000,0.0001,0.0158,0.0003,0.001994,0.083194,0.000497,0.000832,0.000858,0.000000,0.000000,-0.076553,0.006981,0.016946,0.000000,-0.192874,0.000000,-0.016946,0.000000,-0.262001,-0.001745,0.005236,0.301942,-1.641986,0.176278,0.064946,0.130900,-2.134380,0.179769,0.013594,0.071558,-2.267828,0.054105
1771466089.642,2910,2,2,0.0001,0.0285,0.9642,0.0000,0.0000,0.0072,0.0000,0.068786,0.083485,0.001131,0.000534,0.001040,0.000000,0.001745,-0.019051,0.003491,0.084561,-0.003491,0.080611,0.000000,-0.084561,0.000000,0.655027,-0.001745,0.005236,0.301942,-1.657244,0.178024,0.080143,0.130900,-2.123042,0.179769,0.000143,0.071558,-2.250465,0.054105
1771466089.742,2913,2,2,0.0002,0.0442,0.8007,0.0000,0.0001,0.1542,0.0006,0.127580,0.083330,0.000934,0.000204,0.001062,0.000000,0.000000,-0.213318,0.003491,-0.023630,0.000000,0.672940,0.000000,0.021884,0.000000,0.832648,-0.001745,0.005236,0.298451,-1.663820,0.176278,0.083658,0.130900,-2.121748,0.179769,-0.003373,0.071558,-2.250951,0.054105
1771466089.842,2916,2,2,0.0000,0.0299,0.5935,0.0000,0.0001,0.3763,0.0002,0.237808,0.084291,0.003120,0.000398,0.003907,0.000000,0.001745,-0.389419,0.003491,0.072849,0.000000,1.483231,0.000000,-0.078085,0.001745,1.290636,-0.001745,0.003491,0.296706,-1.671775,0.176278,0.098688,0.130900,-2.115457,0.179769,-0.016658,0.071558,-2.246494,0.054105
1771466089.944,2919,5,5,0.0000,0.0255,0.3223,0.0001,0.0005,0.6515,0.0000,0.291124,0.084369,0.002168,0.000269,0.001820,0.000000,0.000000,0.001681,0.003491,0.033637,0.000000,2.002600,-0.001745,-0.033637,0.005236,1.446841,-0.001745,0.000000,0.293215,-1.676904,0.176278,0.106601,0.130900,-2.109256,0.179769,-0.024570,0.071558,-2.246600,0.054105
1771466090.044,2922,5,5,0.0000,0.0160,0.2050,0.0003,0.0010,0.7776,0.0000,0.209747,0.084199,0.000396,0.000359,0.000871,0.000000,0.003491,0.050930,0.001745,0.023280,0.000000,1.416668,0.000000,-0.019789,0.005236,1.015611,-0.001745,0.000000,0.289725,-1.678354,0.176278,0.106310,0.130900,-2.105883,0.179769,-0.024280,0.073304,-2.240655,0.054105
1771466090.144,2925,5,5,0.0000,0.0093,0.1623,0.0004,0.0014,0.8266,0.0000,0.178000,0.082176,0.002104,0.000285,0.001618,0.000000,0.003491,0.377791,0.001745,0.084783,0.000000,0.970404,0.000000,-0.081293,0.003491,0.694292,-0.001745,0.000000,0.287979,-1.684100,0.176278,0.070836,0.132645,-2.103860,0.179769,0.011195,0.073304,-2.237974,0.054105
1771466090.244,2928,5,5,0.0000,0.0039,0.0427,0.0005,0.0029,0.9500,0.0000,0.294864,0.082688,0.001401,0.000047,0.001292,0.000000,0.000000,0.402058,0.000000,0.032692,0.000000,1.628104,0.010472,-0.032692,0.003491,1.461552,0.000000,0.000000,0.289725,-1.686416,0.176278,0.084679,0.132645,-2.092965,0.179769,-0.002649,0.073304,-2.225016,0.055851
1771466090.346,2931,5,5,0.0000,0.0021,0.0053,0.0020,0.0036,0.9870,0.0000,0.336821,0.084265,0.000890,0.000303,0.000832,0.000000,0.000000,0.621806,0.000000,-0.005217,0.029671,1.816563,0.019199,0.010453,0.001745,1.542410,0.000000,0.000000,0.284489,-1.687529,0.176278,0.101857,0.136136,-2.092741,0.179769,-0.016336,0.076794,-2.225354,0.055851
1771466090.446,2934,5,5,0.0000,0.0023,0.0054,0.0028,0.0031,0.9864,0.0000,0.338635,0.084689,0.001473,0.000699,0.001492,0.000000,0.000000,0.368578,0.000000,-0.039040,0.055851,1.938574,0.033161,0.049512,0.006981,1.605722,0.005236,0.000000,0.282743,-1.688815,0.176278,0.105201,0.137881,-2.091988,0.179769,-0.016189,0.080285,-2.225194,0.054105
1771466090.546,2937,5,5,0.0000,0.0014,0.0024,0.0041,0.0034,0.9887,0.0000,0.345353,0.085661,0.001293,0.000383,0.001109,0.000000,0.001745,0.442672,0.000000,-0.022175,0.069813,1.911958,0.050615,0.037883,0.012217,1.606863,0.010472,0.000000,0.280998,-1.686025,0.176278,0.109894,0.141372,-2.091051,0.179769,-0.017392,0.085521,-2.223507,0.054105
1771466090.646,2940,5,5,0.0000,0.0010,0.0013,0.0051,0.0034,0.9892,0.0000,0.348350,0.086844,0.000663,0.000280,0.000900,0.000000,0.001745,0.517154,0.000000,-0.017392,0.076794,1.871640,0.061087,0.033100,0.012217,1.595993,0.010472,0.000000,0.280998,-1.683418,0.176278,0.120596,0.143117,-2.088742,0.179769,-0.028094,0.085521,-2.225926,0.055851
1771466090.748,2943,5,5,0.0000,0.0010,0.0012,0.0053,0.0035,0.9890,0.0000,0.349677,0.087546,0.000294,0.000233,0.000411,-0.001745,0.003491,0.554777,0.001745,-0.015845,0.082030,1.851169,0.073304,0.031553,0.012217,1.575369,0.010472,0.003491,0.282743,-1.675364,0.176278,0.125529,0.143117,-2.084860,0.179769,-0.033027,0.085521,-2.221539,0.054105
1771466090.848,2946,5,5,0.0000,0.0008,0.0008,0.0058,0.0031,0.9894,0.0000,0.350422,0.088153,0.000950,0.000443,0.001123,-0.006981,0.006981,0.579342,0.003491,-0.015796,0.080285,1.835780,0.082030,0.031504,0.012217,1.562958,0.010472,0.001745,0.282743,-1.667061,0.176278,0.134560,0.141372,-2.081087,0.179769,-0.042058,0.085521,-2.184171,0.055851
1771466090.954,2949,5,5,0.0000,0.0007,0.0008,0.0061,0.0032,0.9891,0.0000,0.349321,0.088734,0.001146,0.000482,0.001364,-0.006981,0.010472,0.591356,0.005236,-0.018156,0.080285,1.812527,0.087266,0.033863,0.010472,1.549900,0.010472,0.003491,0.282743,-1.655388,0.176278,0.139785,0.141372,-2.082335,0.179769,-0.045537,0.085521,-2.126209,0.055851
1771466091.052,2952,5,5,0.0000,0.0007,0.0009,0.0060,0.0033,0.9891,0.0000,0.349669,0.089025,0.001492,0.000196,0.001483,-0.006981,0.010472,0.585702,0.006981,-0.044263,0.080285,1.796810,0.090757,0.059971,0.010472,1.544101,0.010472,0.003491,0.284489,-1.647999,0.176278,0.143272,0.141372,-2.079381,0.179769,-0.047279,0.085521,-2.084399,0.054105
1771466091.152,2955,5,5,0.0000,0.0007,0.0010,0.0061,0.0035,0.9887,0.0000,0.351121,0.089345,0.002510,0.000990,0.001806,-0.006981,0.010472,0.574338,0.006981,-0.055354,0.080285,1.798674,0.090757,0.069317,0.010472,1.561687,0.010472,0.003491,0.284489,-1.646736,0.178024,0.145366,0.141372,-2.048123,0.179769,-0.051118,0.085521,-2.074500,0.054105
1771466091.253,2958,2,5,0.0000,0.0015,0.9980,0.0000,0.0000,0.0003,0.0000,0.349591,0.089816,0.002162,0.000512,0.001684,-0.006981,0.012217,0.539520,0.006981,-0.058921,0.080285,1.803016,0.090757,0.072883,0.010472,1.568493,0.010472,0.005236,0.284489,-1.645210,0.178024,0.149277,0.141372,-2.052526,0.179769,-0.053284,0.085521,-2.079692,0.054105
1771466091.354,2961,2,2,0.0000,0.0016,0.9981,0.0000,0.0000,0.0003,0.0000,0.343428,0.089773,0.001501,0.000265,0.001688,-0.006981,0.012217,0.492634,0.006981,-0.054042,0.078540,1.801064,0.090757,0.069750,0.012217,1.544758,0.012217,0.003491,0.284489,-1.645460,0.178024,0.150511,0.141372,-2.046147,0.179769,-0.054518,0.085521,-2.085816,0.054105
1771466091.456,2964,3,3,0.0010,0.0039,0.0002,0.9770,0.0032,0.0146,0.0000,0.341803,0.091175,0.002223,0.001537,0.000837,-0.008727,0.012217,0.475387,0.006981,-0.031178,0.073304,1.798461,0.092502,0.062594,0.015708,1.519098,0.045379,0.005236,0.287979,-1.650167,0.176278,0.162098,0.143117,-2.037151,0.179769,-0.066105,0.085521,-2.149497,0.054105
1771466091.556,2967,5,5,0.0000,0.0007,0.0009,0.0059,0.0032,0.9892,0.0000,0.342593,0.062193,0.002168,0.000720,0.002065,-0.013963,0.012217,0.506942,0.006981,0.014046,0.071558,1.788440,0.097738,0.029587,0.017453,1.505064,0.061087,0.001745,0.179769,-1.425157,0.115192,0.116257,0.106465,-1.791400,0.125664,-0.041208,0.050615,-1.931651,0.050615
1771466091.655,2970,3,3,0.0000,0.0002,0.0001,0.9976,0.0008,0.0013,0.0000,0.349434,0.038111,0.005679,0.002403,0.004721,-0.024435,0.019199,0.585990,0.005236,0.015904,0.073304,1.777273,0.099484,0.039947,0.020944,1.477390,0.078540,-0.003491,0.115192,-1.183135,0.059341,0.076847,0.055851,-1.506017,0.082030,-0.024487,0.026180,-1.669666,0.041888
1771466091.756,2973,3,3,0.0000,0.0001,0.0002,0.9971,0.0008,0.0018,0.0000,0.354373,0.026273,0.003220,0.000934,0.001258,-0.033161,0.033161,0.610190,0.005236,0.013493,0.075049,1.777247,0.104720,0.047594,0.024435,1.472343,0.089012,-0.005236,0.087266,-0.952637,0.029671,0.060464,0.031416,-1.217813,0.055851,-0.009849,0.010472,-1.340198,0.040143
1771466091.857,2976,5,3,0.0000,0.0008,0.0004,0.0056,0.0016,0.9916,0.0000,0.361778,0.018246,0.002185,0.000998,0.002017,-0.040143,0.048869,0.651443,0.005236,0.005116,0.078540,1.782058,0.113446,0.061207,0.027925,1.471498,0.095993,-0.005236,0.068068,-0.729252,0.006981,0.053140,0.012217,-0.947657,0.036652,-0.007761,0.005236,-1.038239,0.036652
1771466091.958,2979,5,5,0.0000,0.0009,0.0003,0.0067,0.0016,0.9905,0.0000,0.362369,0.012722,0.001045,0.000811,0.000103,-0.045379,0.055851,0.641980,0.005236,0.008349,0.082030,1.786304,0.115192,0.059719,0.027925,1.466354,0.099484,-0.003491,0.055851,-0.521164,0.000000,0.039220,0.003491,-0.691193,0.020944,-0.000823,0.001745,-0.792719,0.031416
1771466092.058,2982,5,5,0.0000,0.0011,0.0002,0.0086,0.0018,0.9882,0.0000,0.360162,0.010169,0.003016,0.000341,0.003044,-0.047124,0.055851,0.607268,0.005236,-0.006188,0.082030,1.786634,0.116937,0.076002,0.027925,1.459341,0.104720,-0.005236,0.050615,-0.439204,-0.001745,0.033021,0.001745,-0.533645,0.012217,-0.001605,0.000000,-0.610276,0.024435
1771466092.158,2985,5,5,0.0000,0.0012,0.0003,0.0096,0.0018,0.9871,0.0000,0.348447,0.009169,0.004714,0.000253,0.004174,-0.047124,0.054105,0.449774,0.005236,-0.026976,0.080285,1.782622,0.118682,0.095044,0.027925,1.459474,0.108210,-0.008727,0.050615,-0.393265,-0.005236,0.033235,0.001745,-0.423463,0.005236,-0.001819,0.001745,-0.480550,0.017453
1771466092.259,2988,5,5,0.0000,0.0012,0.0002,0.0116,0.0021,0.9849,0.0000,0.331690,0.009436,0.002516,0.001728,0.001630,-0.047124,0.055851,0.393404,0.005236,-0.001333,0.080285,1.694352,0.116937,0.067655,0.026180,1.432176,0.108210,-0.012217,0.050615,-0.358609,-0.008727,0.043421,0.001745,-0.356635,0.005236,-0.012006,0.000000,-0.394215,0.012217
1771466092.361,2991,5,5,0.0000,0.0012,0.0002,0.0116,0.0020,0.9850,0.0000,0.316064,0.008231,0.002023,0.001095,0.001963,-0.045379,0.054105,0.374574,0.006981,-0.003740,0.078540,1.593311,0.116937,0.066572,0.027925,1.363870,0.109956,-0.024435,0.050615,-0.337008,-0.008727,0.032453,0.001745,-0.307756,0.005236,-0.001037,0.000000,-0.344599,0.008727
1771466092.461,2994,5,5,0.0000,0.0013,0.0003,0.0120,0.0020,0.9844,0.0000,0.318406,0.008361,0.005761,0.000763,0.005622,-0.045379,0.055851,0.356145,0.006981,-0.052241,0.073304,1.599075,0.116937,0.108092,0.026180,1.366605,0.111701,-0.047124,0.052360,-0.289888,-0.008727,0.035758,0.001745,-0.274028,0.005236,-0.006088,0.000000,-0.340533,0.005236
1771466092.561,2997,5,5,0.0000,0.0012,0.0003,0.0097,0.0015,0.9872,0.0000,0.304018,0.008332,0.006576,0.001232,0.003264,-0.045379,0.055851,0.346197,0.006981,-0.065784,0.066323,1.432866,0.116937,0.114653,0.026180,1.370532,0.111701,-0.075049,0.054105,-0.222746,-0.008727,0.035402,0.001745,-0.253148,0.005236,-0.005732,0.000000,-0.323391,0.003491
1771466092.662,3000,5,5,0.0000,0.0038,0.0000,0.1343,0.0003,0.8615,0.0000,0.309074,0.008266,0.000981,0.002564,0.003553,-0.045379,0.055851,0.408764,0.006981,-0.048237,0.066323,1.419662,0.118682,0.098851,0.026180,1.397637,0.109956,-0.083776,0.057596,-0.200188,-0.006981,-0.003195,0.001745,-0.239140,0.005236,0.031120,0.000000,-0.454167,0.003491
1771466092.764,3003,3,3,0.0000,0.0066,0.0000,0.8623,0.0001,0.1310,0.0000,0.315308,0.007709,0.001914,0.002850,0.004085,-0.045379,0.055851,0.477671,0.012217,-0.048156,0.059341,1.408902,0.118682,0.090044,0.026180,1.423106,0.111701,-0.104720,0.057596,-0.171853,-0.005236,0.012868,0.000000,-0.231444,0.001745,0.013312,0.003491,-0.420087,0.003491
1771466092.864,3006,3,3,0.0000,0.0022,0.0000,0.9936,0.0000,0.0041,0.0000,0.316268,0.007092,0.001010,0.001335,0.003157,-0.045379,0.057596,0.509002,0.017453,-0.040784,0.057596,1.474232,0.120428,0.086162,0.026180,1.334864,0.111701,-0.106465,0.055851,-0.203743,-0.005236,0.027505,0.001745,-0.189089,0.000000,-0.003070,0.000000,-0.263922,0.000000
1771466092.964,3009,3,3,0.0002,0.0427,0.0000,0.9545,0.0000,0.0026,0.0000,0.062948,0.006708,0.005786,0.002525,0.008779,-0.045379,0.057596,-0.315062,0.020944,-0.317295,0.057596,-1.361162,0.120428,0.360928,0.026180,-1.895598,0.111701,-0.099484,0.050615,-0.199772,-0.005236,-0.005445,0.000000,-0.222208,0.000000,0.029880,0.000000,-0.187910,0.000000
1771466093.064,3012,3,3,0.0003,0.1525,0.0000,0.8468,0.0000,0.0005,0.0000,0.056041,0.026500,0.002740,0.003977,0.005837,-0.045379,0.059341,-1.079386,0.024435,-0.230918,0.057596,-2.284520,0.120428,0.274551,0.026180,-2.518494,0.109956,-0.095993,0.050615,0.119816,-0.003491,-0.124880,0.000000,-0.311986,0.000000,0.147569,0.000000,-0.253468,0.000000
1771466093.163,3015,1,3,0.0004,0.5017,0.0000,0.4976,0.0000,0.0003,0.0000,0.046124,0.042131,0.001844,0.001505,0.004165,-0.045379,0.062832,-0.907935,0.033161,-0.110174,0.054105,-2.274307,0.122173,0.143335,0.026180,-2.444437,0.111701,-0.095993,0.052360,0.304662,0.003491,-0.127606,0.000000,-0.226558,0.000000,0.145059,0.000000,-0.216947,0.000000
1771466093.265,3018,1,1,0.0005,0.8838,0.0000,0.1155,0.0000,0.0001,0.0001,0.043964,0.041847,0.002617,0.002643,0.002803,-0.040143,0.059341,-1.029005,0.038397,-0.136615,0.036652,-2.257938,0.108210,0.162795,0.022689,-2.362836,0.099484,-0.095993,0.050615,0.339300,0.005236,-0.091311,0.000000,-0.167713,0.000000,0.107019,0.000000,-0.150733,0.000000
1771466093.363,3021,1,1,0.0000,0.9997,0.0002,0.0001,0.0000,0.0000,0.0000,0.034235,0.030638,0.001262,0.007660,0.007657,-0.024435,0.041888,-0.814746,0.027925,-0.166469,0.012217,-1.957096,0.069813,0.180432,0.013963,-2.061378,0.064577,-0.087266,0.043633,0.256456,-0.001745,-0.055353,0.000000,-0.133212,0.000000,0.067570,0.000000,-0.096529,0.000000
1771466093.464,3024,1,1,0.0000,0.9999,0.0001,0.0000,0.0000,0.0000,0.0000,0.018541,0.020079,0.000884,0.005517,0.010174,-0.017453,0.036652,-0.587845,0.015708,-0.065416,0.003491,-1.575414,0.045379,0.072397,0.006981,-1.757847,0.041888,-0.080285,0.041888,0.162809,0.001745,-0.018803,0.000000,-0.083430,-0.001745,0.034511,0.000000,-0.018463,0.000000
1771466093.564,3027,1,1,0.0000,1.0000,0.0000,0.0000,0.0000,0.0000,0.0000,0.010532,0.012839,0.001410,0.008000,0.009986,-0.006981,0.026180,-0.387176,0.005236,-0.042613,0.000000,-1.305917,0.020944,0.047849,0.006981,-1.482105,0.019199,-0.080285,0.041888,0.097261,0.001745,-0.006187,0.000000,-0.083262,-0.001745,0.013169,0.000000,-0.032612,0.000000
1771466093.664,3030,1,1,0.0000,1.0000,0.0000,0.0000,0.0000,0.0000,0.0000,0.002763,0.007413,0.003075,0.003356,0.005343,0.000000,0.012217,-0.179536,0.001745,0.000386,-0.001745,-1.054795,0.005236,0.004850,0.003491,-1.313992,0.005236,-0.071558,0.038397,0.040814,-0.001745,0.009745,0.000000,-0.082134,-0.001745,-0.004509,0.000000,-0.024663,0.000000
1771466093.772,3033,1,1,0.0000,1.0000,0.0000,0.0000,0.0000,0.0000,0.0000,0.002168,0.020230,0.001990,0.001981,0.004161,-0.006981,0.006981,-0.106638,0.000000,0.010307,0.000000,-0.795793,0.003491,-0.006817,0.003491,-1.052367,0.001745,-0.064577,0.040143,0.130415,-0.003491,0.010194,0.000000,-0.047469,-0.003491,-0.003213,0.001745,0.060261,0.000000
1771466093.869,3036,1,1,0.0000,1.0000,0.0000,0.0000,0.0000,0.0000,0.0000,0.017792,0.028041,0.002199,0.001609,0.006454,-0.006981,0.006981,0.100884,0.001745,0.096914,0.000000,-0.550651,0.001745,-0.089933,0.005236,-0.806579,0.000000,-0.062832,0.040143,0.172652,-0.001745,0.035493,0.000000,-0.019435,-0.001745,-0.026767,0.000000,0.088209,0.000000
1771466093.969,3039,1,1,0.0000,1.0000,0.0000,0.0000,0.0000,0.0000,0.0000,0.016666,0.023179,0.003485,0.003524,0.005207,-0.006981,0.006981,0.030048,0.001745,0.155985,-0.001745,-0.259210,0.001745,-0.152494,0.003491,-0.568029,0.000000,-0.062832,0.041888,0.184163,-0.001745,0.023911,0.000000,-0.017523,-0.001745,-0.013439,0.000000,0.028182,0.000000
1771466094.069,3042,1,1,0.0000,0.9999,0.0001,0.0000,0.0000,0.0000,0.0000,0.017462,0.019049,0.000802,0.001588,0.001987,0.000000,0.003491,0.098453,0.001745,0.102362,0.000000,-0.182118,0.000000,-0.095381,0.003491,-0.366739,0.000000,-0.052360,0.041888,0.102013,-0.001745,0.036378,0.000000,0.005540,-0.001745,-0.020670,0.000000,0.042775,0.000000
1771466094.171,3045,1,1,0.0000,0.9997,0.0003,0.0000,0.0000,0.0000,0.0000,0.019106,0.015551,0.003598,0.002759,0.005917,0.000000,0.001745,0.043909,0.000000,0.181878,0.000000,-0.117552,0.000000,-0.174897,0.001745,-0.220097,0.000000,-0.047124,0.040143,0.076279,-0.001745,0.065906,0.000000,0.002780,-0.001745,-0.053689,0.000000,0.001506,0.000000
1771466094.275,3048,1,1,0.0000,0.9998,0.0001,0.0000,0.0000,0.0000,0.0000,0.038821,0.014961,0.000930,0.003579,0.002545,0.000000,0.000000,0.211425,0.000000,0.115002,0.000000,-0.010251,0.000000,-0.104530,0.000000,0.139427,-0.001745,-0.036652,0.036652,-0.201222,-0.001745,0.078333,0.000000,0.064541,-0.001745,-0.064371,0.000000,-0.002209,0.000000
1771466094.378,3051,1,1,0.0000,0.9999,0.0001,0.0000,0.0000,0.0000,0.0000,0.056932,0.024774,0.003768,0.001896,0.005009,0.000000,0.000000,0.056908,0.000000,0.034693,0.000000,0.106863,0.000000,-0.027712,0.001745,0.482981,-0.001745,-0.026180,0.036652,-0.140831,-0.001745,0.066309,0.000000,0.134429,-0.001745,-0.052347,0.000000,0.059897,0.000000
1771466094.485,3054,1,1,0.0000,0.9996,0.0003,0.0000,0.0000,0.0000,0.0000,0.044696,0.020053,0.003040,0.004066,0.011168,-0.001745,0.000000,0.034920,0.000000,0.039265,0.000000,0.124319,0.000000,-0.028793,0.001745,0.336107,-0.003491,-0.017453,0.033161,-0.143281,-0.001745,0.013088,0.000000,0.083582,-0.001745,0.007856,0.000000,0.102944,0.000000
1771466094.583,3057,1,1,0.0000,0.9984,0.0015,0.0001,0.0000,0.0000,0.0000,0.036896,0.008129,0.001551,0.003419,0.003446,0.000000,0.000000,0.024154,0.000000,-0.002155,0.000000,0.049961,0.000000,0.010882,0.001745,0.356016,-0.001745,-0.006981,0.024435,-0.259194,-0.001745,0.019220,0.000000,0.030728,-0.003491,-0.010494,0.003491,0.019676,0.000000
1771466094.685,3060,1,1,0.0000,0.9991,0.0008,0.0001,0.0000,0.0000,0.0000,0.020100,0.003636,0.001178,0.002754,0.007196,0.000000,0.001745,-0.008084,0.000000,-0.008078,0.000000,0.133352,0.000000,0.011569,0.000000,0.094533,-0.001745,-0.003491,0.020944,-0.304816,-0.001745,0.020559,0.000000,-0.027870,-0.001745,0.000385,0.001745,-0.047226,0.000000
1771466094.785,3063,1,1,0.0000,0.9999,0.0001,0.0000,0.0000,0.0000,0.0000,0.007504,0.002608,0.000978,0.001025,0.001577,0.001745,0.000000,-0.116147,0.000000,-0.008853,0.000000,0.072463,0.000000,0.014089,0.001745,-0.035758,-0.003491,-0.001745,0.012217,-0.215294,-0.001745,0.017336,0.000000,-0.017367,-0.001745,-0.006864,0.001745,-0.006704,0.000000
1771466094.883,3066,1,1,0.0000,1.0000,0.0000,0.0000,0.0000,0.0000,0.0000,0.005227,0.024655,0.001112,0.004882,0.003522,0.003491,0.000000,-0.163577,0.000000,-0.033137,0.000000,0.027836,0.000000,0.029646,0.001745,-0.041219,-0.001745,0.000000,0.006981,-0.153941,-0.003491,0.045934,0.000000,0.084700,-0.001745,-0.024990,0.003491,0.154756,0.000000
1771466094.985,3069,1,1,0.0000,0.9999,0.0001,0.0000,0.0000,0.0000,0.0000,0.021217,0.049655,0.001607,0.003239,0.004381,0.000000,0.000000,-0.088355,0.000000,-0.030593,0.000000,0.004190,0.000000,0.027103,0.003491,0.219817,-0.001745,0.000000,0.003491,-0.131777,-0.001745,0.020590,0.000000,0.187442,-0.001745,-0.003136,0.000000,0.384342,0.000000
1771466095.086,3072,1,1,0.0000,0.9997,0.0003,0.0000,0.0000,0.0000,0.0000,0.006456,0.114082,0.001847,0.003341,0.003948,0.000000,0.000000,-0.086905,0.000000,-0.011848,0.000000,0.002188,0.000000,0.006612,0.001745,0.066922,-0.001745,0.000000,0.003491,0.349878,-0.001745,-0.025462,0.001745,0.427241,-0.001745,0.035934,0.000000,0.550698,0.000000
1771466095.186,3075,1,1,0.0000,0.9943,0.0057,0.0000,0.0000,0.0000,0.0000,0.005362,0.143355,0.001964,0.007207,0.004601,0.000000,0.000000,-0.075595,0.000000,0.002510,0.000000,0.023454,0.000000,-0.006001,0.001745,0.036629,-0.001745,0.000000,0.005236,0.694703,-0.001745,0.027226,0.000000,0.582060,-0.001745,-0.021990,0.000000,0.411030,0.000000
1771466095.288,3078,1,1,0.0000,0.9612,0.0388,0.0000,0.0000,0.0000,0.0000,0.005502,0.117318,0.002944,0.001335,0.002421,0.000000,0.000000,0.051513,0.000000,-0.002609,0.000000,-0.032442,0.000000,0.000864,0.003491,0.010154,-0.001745,-0.001745,0.003491,0.627908,-0.001745,0.034674,0.001745,0.422324,-0.001745,-0.031183,0.001745,0.315929,0.000000
1771466095.389,3081,1,1,0.0000,0.7973,0.2027,0.0000,0.0000,0.0000,0.0000,0.022969,0.115472,0.002930,0.001294,0.002269,0.000000,0.000000,0.270388,0.000000,-0.003793,0.000000,-0.100948,0.000000,-0.001443,0.005236,-0.039343,-0.001745,0.000000,0.003491,0.343946,-0.001745,0.011178,0.001745,0.662643,-0.001745,-0.000706,0.000000,0.362656,0.000000
1771466095.498,3084,1,1,0.0000,0.6264,0.3735,0.0000,0.0000,0.0000,0.0000,0.067158,0.110608,0.003197,0.002456,0.004862,0.000000,0.001745,0.788042,0.000000,-0.012624,0.003491,-0.185383,0.000000,0.010878,0.001745,-0.209461,-0.001745,0.000000,0.003491,0.284279,-0.001745,-0.065279,0.001745,0.561239,0.000000,0.070515,0.000000,0.404288,0.001745
1771466095.593,3087,2,2,0.0000,0.2614,0.7386,0.0000,0.0000,0.0000,0.0000,0.034977,0.123646,0.014931,0.001024,0.015742,0.000000,0.003491,0.380250,0.000000,0.034238,0.000000,-0.143465,0.000000,-0.030747,0.001745,-0.117164,-0.001745,-0.003491,0.006981,0.381078,0.006981,-0.069469,0.001745,0.618839,0.000000,0.069469,0.000000,0.396917,0.001745
1771466095.695,3090,2,2,0.0000,0.1839,0.8161,0.0000,0.0000,0.0000,0.0000,0.002750,0.090002,0.003010,0.003316,0.007695,0.000000,0.000000,-0.255171,0.000000,-0.038239,0.000000,-0.042056,0.000000,0.027767,0.005236,-0.043262,-0.003491,-0.006981,0.010472,0.439569,0.015708,0.014347,0.003491,0.403304,0.027925,-0.026565,0.000000,0.163465,0.001745
1771466095.798,3093,2,2,0.0000,0.1876,0.8124,0.0000,0.0000,0.0000,0.0000,0.124392,0.093723,0.006116,0.000967,0.007557,0.000000,0.000000,-0.192041,0.000000,-0.282963,0.003491,0.679444,0.000000,0.269000,0.005236,0.535532,-0.001745,-0.006981,0.012217,0.430949,0.017453,0.061912,0.003491,0.415361,0.036652,-0.089837,0.000000,0.144897,0.001745
1771466095.896,3096,2,2,0.0000,0.3096,0.6904,0.0000,0.0000,0.0000,0.0000,0.116885,0.098447,0.002256,0.000847,0.002213,0.003491,-0.001745,-0.715484,0.000000,0.190839,-0.017453,0.987759,-0.001745,-0.220510,0.003491,0.217040,-0.001745,-0.008727,0.012217,0.440365,0.017453,0.036959,0.005236,0.500389,0.036652,-0.077102,0.000000,0.130341,0.001745
1771466095.997,3099,2,2,0.0000,0.3354,0.6640,0.0005,0.0000,0.0000,0.0000,0.341234,0.096400,0.001918,0.000751,0.002047,0.003491,0.000000,0.001737,0.003491,-0.092870,-0.036652,2.488287,-0.008727,0.047492,0.003491,1.546826,0.000000,-0.010472,0.012217,0.428995,0.017453,0.006566,0.008727,0.505714,0.038397,-0.053690,0.000000,0.136981,0.001745
1771466096.100,3102,2,2,0.0000,0.4586,0.5389,0.0025,0.0000,0.0000,0.0000,0.454622,0.097207,0.007506,0.001320,0.011976,0.003491,-0.001745,0.431100,0.000000,0.011874,-0.066323,2.730811,-0.008727,-0.062489,0.005236,2.253750,0.019199,-0.010472,0.012217,0.417022,0.017453,0.025373,0.012217,0.497226,0.050615,-0.079478,0.000000,0.132612,0.001745
1771466096.197,3105,2,2,0.0000,0.0763,0.9233,0.0003,0.0000,0.0000,0.0000,0.490472,0.320974,0.007656,0.002344,0.011280,0.003491,-0.003491,0.786156,-0.001745,0.038120,-0.071558,2.679753,-0.008727,-0.078262,0.006981,2.334512,0.036652,-0.010472,0.012217,0.290233,0.017453,-0.181409,0.013963,1.845439,0.057596,0.127304,0.000000,1.485734,0.001745
1771466096.298,3108,2,2,0.0000,0.0031,0.9969,0.0000,0.0000,0.0000,0.0000,0.501830,0.358507,0.004489,0.001429,0.004411,0.003491,-0.003491,0.599157,-0.001745,-0.021413,-0.071558,3.001799,-0.008727,-0.030947,0.006981,2.372128,0.038397,-0.010472,0.012217,0.665648,0.017453,-0.066968,0.013963,1.985128,0.059341,0.014608,0.000000,1.531980,0.001745
1771466096.397,3111,2,2,0.0000,0.0003,0.9994,0.0000,0.0000,0.0002,0.0002,0.467742,0.357672,0.005998,0.002549,0.005790,0.003491,-0.005236,0.356523,-0.001745,-0.015829,-0.066323,2.907826,-0.008727,-0.033040,-0.003491,2.296201,0.048869,-0.010472,0.017453,0.627426,0.017453,-0.025421,0.013963,2.022784,0.062832,-0.026939,0.000000,1.528406,0.001745
1771466096.497,3114,2,2,0.0000,0.0016,0.9950,0.0000,0.0000,0.0021,0.0014,0.437164,0.354105,0.006461,0.000881,0.007052,0.001745,-0.001745,0.142727,0.000000,-0.045759,-0.034907,2.811063,-0.005236,-0.004855,0.003491,2.231097,0.055851,-0.010472,0.024435,0.610534,0.019199,-0.012119,0.015708,2.011462,0.071558,-0.040241,0.001745,1.492871,0.001745
1771466096.598,3117,2,2,0.0000,0.0053,0.9531,0.0000,0.0002,0.0397,0.0017,0.409465,0.354651,0.002498,0.000967,0.002036,0.000000,0.000000,-0.013225,0.000000,-0.016046,-0.005236,2.685820,0.003491,-0.034568,0.010472,2.154459,0.059341,-0.010472,0.040143,0.595307,0.029671,0.000700,0.015708,2.012332,0.080285,-0.053060,0.000000,1.479921,0.001745
1771466096.698,3120,2,2,0.0000,0.0087,0.7805,0.0000,0.0004,0.2057,0.0048,0.427145,0.348671,0.000346,0.002210,0.001754,0.000000,-0.005236,0.403863,0.000000,-0.026360,0.006981,2.583976,0.006981,-0.024254,0.000000,2.064603,0.059341,-0.010472,0.048869,0.494193,0.034907,0.007791,0.027925,2.010672,0.102974,-0.060151,0.000000,1.454977,0.001745
1771466096.798,3123,5,5,0.0000,0.0064,0.3542,0.0001,0.0006,0.6298,0.0089,0.421112,0.352237,0.002329,0.001798,0.002102,-0.003491,0.010472,0.346922,0.029671,-0.024621,0.019199,2.565358,0.008727,-0.025993,0.000000,2.010166,0.062832,-0.008727,0.050615,0.533777,0.043633,-0.030448,0.036652,2.004459,0.109956,-0.021912,0.001745,1.444263,0.001745
1771466096.899,3126,5,5,0.0000,0.0052,0.2181,0.0001,0.0007,0.7618,0.0141,0.421851,0.371599,0.002187,0.001177,0.000821,0.000000,0.015708,0.361644,0.052360,-0.029693,0.026180,2.535666,0.012217,-0.022667,-0.001745,1.986883,0.071558,-0.006981,0.052360,0.674611,0.055851,0.054267,0.047124,2.020195,0.109956,-0.106627,0.000000,1.443080,0.001745
1771466096.999,3129,2,5,0.0000,0.0147,0.5639,0.0002,0.0009,0.3907,0.0296,0.423202,0.382178,0.002277,0.001968,0.003293,0.000000,0.015708,0.351341,0.071558,-0.029993,0.036652,2.528640,0.017453,-0.020621,0.000000,1.975040,0.082030,-0.006981,0.057596,0.629336,0.062832,0.016593,0.054105,2.101871,0.108210,-0.068952,0.000000,1.553849,0.001745
1771466097.099,3132,2,2,0.0000,0.0170,0.8126,0.0001,0.0005,0.1488,0.0210,0.421410,0.388817,0.000531,0.001005,0.002707,0.000000,0.020944,0.337368,0.082030,-0.027303,0.048869,2.504179,0.022689,-0.025057,0.000000,1.951824,0.089012,-0.005236,0.064577,0.619139,0.069813,0.011803,0.062832,2.133569,0.108210,-0.064163,0.000000,1.594120,0.001745
1771466097.199,3135,5,5,0.0000,0.0060,0.1803,0.0003,0.0011,0.7833,0.0291,0.420879,0.389771,0.001584,0.001752,0.004148,0.000000,0.033161,0.334699,0.083776,-0.017033,0.050615,2.495502,0.027925,-0.033582,-0.003491,1.935859,0.089012,-0.005236,0.068068,0.625286,0.069813,0.016314,0.068068,2.128001,0.108210,-0.066929,0.000000,1.591744,0.001745
1771466097.299,3138,2,5,0.0000,0.0106,0.5003,0.0004,0.0125,0.0545,0.4216,0.420238,0.390993,0.000719,0.002986,0.002883,0.000000,0.036652,0.338939,0.090757,-0.006302,0.052360,2.493722,0.033161,-0.044313,-0.001745,1.906508,0.090757,-0.005236,0.068068,0.615296,0.069813,0.026284,0.080285,2.124146,0.108210,-0.071662,0.000000,1.598072,0.001745
1771466097.400,3141,2,2,0.0000,0.0106,0.6086,0.0011,0.0091,0.2125,0.1580,0.417199,0.388191,0.003947,0.002403,0.007157,0.000000,0.045379,0.323230,0.102974,-0.015152,0.061087,2.466943,0.033161,-0.035463,0.001745,1.874135,0.097738,-0.006981,0.068068,0.589613,0.068068,0.031857,0.092502,2.100580,0.108210,-0.073745,0.000000,1.597651,0.001745
1771466097.500,3144,2,2,0.0000,0.0114,0.5711,0.0014,0.0098,0.2348,0.1715,0.408585,0.384341,0.000850,0.001500,0.003387,0.005236,0.066323,0.265009,0.106465,-0.015737,0.062832,2.422778,0.033161,-0.034878,-0.008727,1.843473,0.097738,-0.006981,0.085521,0.573876,0.069813,0.045213,0.092502,2.043041,0.108210,-0.074884,0.000000,1.592175,0.001745
1771466097.603,3147,6,2,0.0000,0.0075,0.1710,0.0020,0.0076,0.2858,0.5262,0.406563,0.388067,0.003354,0.001440,0.003123,0.005236,0.092502,0.272942,0.125664,-0.015571,0.062832,2.380259,0.033161,-0.035044,-0.006981,1.808415,0.097738,-0.006981,0.094248,0.587935,0.069813,0.081911,0.092502,2.039848,0.108210,-0.095874,0.000000,1.580597,0.001745
1771466097.706,3150,6,6,0.0000,0.0041,0.0531,0.0024,0.0042,0.3054,0.6307,0.404094,0.387071,0.000223,0.000590,0.000819,0.005236,0.104720,0.290822,0.132645,-0.015491,0.062832,2.345318,0.033161,-0.035123,0.000000,1.776659,0.097738,-0.006981,0.108210,0.590995,0.069813,0.081391,0.092502,2.035134,0.108210,-0.086627,0.000000,1.556849,0.001745
1771466097.804,3153,6,6,0.0000,0.0038,0.0502,0.0025,0.0039,0.3126,0.6270,0.403023,0.387987,0.002205,0.000897,0.001022,0.008727,0.127409,0.324527,0.143117,-0.011316,0.068068,2.294423,0.033161,-0.035808,0.003491,1.730378,0.102974,-0.005236,0.113446,0.599121,0.068068,0.084494,0.094248,2.030334,0.108210,-0.084494,0.000000,1.556174,0.001745
1771466097.904,3156,6,6,0.0000,0.0041,0.0506,0.0028,0.0040,0.3372,0.6013,0.400088,0.389171,0.001117,0.000710,0.001192,0.010472,0.150098,0.342736,0.151844,-0.012119,0.075049,2.232241,0.033161,-0.033260,0.000000,1.698987,0.106465,-0.005236,0.113446,0.616879,0.068068,0.090204,0.095993,2.028783,0.108210,-0.086714,0.001745,1.544976,0.001745
1771466098.004,3159,6,6,0.0000,0.0042,0.0507,0.0029,0.0040,0.3486,0.5896,0.396634,0.388514,0.001047,0.000424,0.001551,0.012217,0.167552,0.354393,0.158825,-0.005928,0.085521,2.175736,0.033161,-0.034215,0.000000,1.663986,0.108210,-0.006981,0.113446,0.609810,0.068068,0.091258,0.095993,2.030051,0.108210,-0.086023,0.001745,1.541842,0.001745
1771466098.103,3162,6,6,0.0000,0.0044,0.0519,0.0032,0.0043,0.3554,0.5807,0.396103,0.385828,0.000442,0.003145,0.003079,0.012217,0.178024,0.359052,0.158825,-0.008562,0.087266,2.152306,0.033161,-0.031581,0.005236,1.658938,0.108210,-0.005236,0.113446,0.575014,0.068068,0.090717,0.095993,2.035883,0.108210,-0.085481,0.001745,1.539116,0.001745
1771466098.203,3165,6,6,0.0000,0.0043,0.0512,0.0033,0.0042,0.3612,0.5758,0.395165,0.384979,0.000133,0.000385,0.000274,0.012217,0.185005,0.366409,0.158825,-0.004479,0.087266,2.135327,0.034907,-0.032173,0.005236,1.648579,0.108210,-0.005236,0.113446,0.573225,0.068068,0.088999,0.095993,2.037040,0.108210,-0.083763,0.000000,1.533021,0.001745
1771466098.306,3168,6,6,0.0000,0.0042,0.0510,0.0033,0.0041,0.3615,0.5759,0.394366,0.380372,0.000929,0.000932,0.001274,0.012217,0.186750,0.362309,0.158825,-0.005756,0.089012,2.122666,0.041888,-0.030896,0.005236,1.645283,0.108210,-0.006981,0.113446,0.522187,0.069813,0.083834,0.095993,2.035370,0.108210,-0.076852,0.001745,1.532123,0.001745
1771466098.406,3171,6,6,0.0000,0.0043,0.0511,0.0034,0.0042,0.3731,0.5638,0.394047,0.377787,0.000754,0.001810,0.001658,0.013963,0.188496,0.355678,0.158825,-0.009474,0.089012,2.112589,0.050615,-0.027178,0.005236,1.645939,0.108210,-0.006981,0.113446,0.519051,0.069813,0.063844,0.095993,2.030205,0.108210,-0.056862,0.000000,1.531136,0.001745
1771466098.507,3174,6,6,0.0000,0.0042,0.0506,0.0031,0.0040,0.3684,0.5697,0.391662,0.380623,0.002090,0.001272,0.003757,0.015708,0.188496,0.340304,0.164061,-0.007924,0.089012,2.099391,0.050615,-0.028728,0.005236,1.638914,0.108210,-0.006981,0.113446,0.523484,0.069813,0.085723,0.095993,2.034873,0.108210,-0.078741,0.001745,1.532446,0.001745
1771466098.607,3177,6,6,0.0000,0.0048,0.0549,0.0034,0.0048,0.4291,0.5030,0.381075,0.323802,0.002546,0.001822,0.009513,0.015708,0.188496,0.274965,0.165806,0.003234,0.089012,2.072725,0.057596,-0.041631,0.005236,1.591916,0.108210,-0.006981,0.113446,0.069899,0.069813,-0.005699,0.095993,2.015264,0.108210,0.012680,0.001745,1.396830,0.001745
1771466098.707,3180,5,5,0.0000,0.0059,0.0314,0.0160,0.0063,0.8101,0.1303,0.372291,0.083362,0.002210,0.001419,0.009339,0.015708,0.188496,0.189523,0.165806,0.034737,0.089012,2.032271,0.059341,-0.071389,0.003491,1.580894,0.108210,-0.005236,0.113446,-0.860106,0.069813,-0.247607,0.095993,0.356552,0.108210,0.252843,0.001745,-0.218529,0.001745
1771466098.808,3183,5,5,0.0000,0.0066,0.0056,0.0803,0.0022,0.8914,0.0139,0.352596,0.042476,0.003889,0.000520,0.004772,0.017453,0.190241,0.039701,0.167552,-0.059229,0.089012,1.963017,0.059341,0.022577,-0.001745,1.574044,0.108210,-0.006981,0.113446,-0.980283,0.069813,-0.117010,0.092502,-0.278763,0.108210,0.122246,0.001745,-0.158838,0.001745
1771466098.908,3186,5,5,0.0000,0.0064,0.0068,0.0485,0.0004,0.9360,0.0019,0.102765,0.042368,0.002482,0.000591,0.000974,0.015708,0.198968,-0.415298,0.171042,-0.184113,0.089012,0.439953,0.059341,0.149207,-0.001745,-0.016832,0.109956,-0.006981,0.115192,-1.370799,0.071558,-0.120957,0.087266,-0.486065,0.108210,0.124447,0.000000,-0.677179,0.001745
1771466099.016,3189,5,5,0.0001,0.0183,0.0461,0.0266,0.0007,0.9055,0.0028,0.071908,0.042888,0.001128,0.001380,0.001010,0.015708,0.214676,-0.762700,0.171042,-0.227601,0.087266,-0.995858,0.069813,0.194440,0.001745,-1.132723,0.108210,-0.006981,0.134390,-1.481827,0.076794,-0.111486,0.078540,-0.832057,0.108210,0.113231,0.001745,-1.025019,0.001745
1771466099.112,3192,5,5,0.0010,0.0419,0.0829,0.0233,0.0011,0.8489,0.0009,0.069857,0.046611,0.001705,0.000829,0.002648,0.015708,0.239110,-1.182202,0.174533,-0.178550,0.080285,-1.777386,0.073304,0.145389,0.001745,-2.127189,0.108210,-0.006981,0.171042,-1.648454,0.092502,-0.117765,0.064577,-1.462098,0.106465,0.121256,0.001745,-1.552627,0.001745
1771466099.212,3195,1,5,0.0031,0.7679,0.0576,0.0207,0.0001,0.1497,0.0010,0.068868,0.044423,0.000816,0.003218,0.002469,0.015708,0.265290,-1.492731,0.174533,-0.142243,0.075049,-1.976805,0.078540,0.109082,0.000000,-2.415902,0.108210,-0.006981,0.193732,-1.592970,0.102974,-0.070558,0.055851,-1.773091,0.102974,0.074049,0.001745,-1.788337,0.001745
1771466099.314,3198,1,1,0.0001,0.9497,0.0266,0.0033,0.0000,0.0200,0.0003,0.068670,0.043616,0.000475,0.001598,0.002110,0.005236,0.275762,-1.440982,0.167552,-0.166056,0.066323,-1.979193,0.066323,0.141621,0.000000,-2.367534,0.101229,-0.006981,0.209440,-1.475400,0.102974,-0.074837,0.041888,-1.854217,0.090757,0.074837,0.001745,-1.866195,0.001745
1771466099.414,3201,1,1,0.0000,0.9448,0.0445,0.0039,0.0000,0.0065,0.0003,0.039814,0.024231,0.003417,0.001009,0.002738,0.001745,0.190241,-0.773433,0.115192,-0.044920,0.027925,-1.682565,0.048869,0.029212,0.000000,-2.067568,0.064577,0.000000,0.118682,-1.096042,0.055851,-0.025479,0.027925,-1.670310,0.061087,0.025479,0.000000,-1.679080,0.001745
1771466099.515,3204,1,1,0.0000,0.9580,0.0357,0.0056,0.0000,0.0005,0.0001,0.031210,0.015832,0.001276,0.000797,0.003298,0.003491,0.111701,-0.123881,0.075049,-0.112721,0.008727,-1.408882,0.026180,0.107485,0.000000,-1.629535,0.041888,0.000000,0.075049,-0.803645,0.033161,-0.018942,0.020944,-1.380022,0.043633,0.015451,0.000000,-1.411846,0.001745
1771466099.614,3207,1,1,0.0000,0.9899,0.0097,0.0004,0.0000,0.0000,0.0000,0.018824,0.008788,0.000970,0.000683,0.003258,0.001745,0.066323,-0.069724,0.050615,-0.075792,0.001745,-1.149008,0.006981,0.074047,0.001745,-1.325722,0.022689,0.000000,0.043633,-0.498984,0.010472,-0.011206,0.012217,-1.065530,0.027925,0.009461,0.000000,-1.180348,0.001745
1771466099.715,3210,1,1,0.0000,0.9995,0.0005,0.0000,0.0000,0.0000,0.0000,0.010546,0.006100,0.000457,0.001331,0.004255,0.000000,0.045379,-0.109210,0.036652,-0.030559,0.000000,-0.885930,0.003491,0.034050,0.001745,-1.054384,0.005236,-0.005236,0.036652,-0.431808,0.000000,0.015602,0.006981,-0.780355,0.010472,-0.013857,0.003491,-0.895235,0.000000
1771466099.817,3213,1,1,0.0000,0.9999,0.0001,0.0000,0.0000,0.0000,0.0000,0.017422,0.009806,0.000419,0.002015,0.002474,0.000000,0.031416,-0.064389,0.024435,0.147976,0.000000,-0.566807,0.000000,-0.147976,0.001745,-0.803285,0.003491,-0.005236,0.029671,-0.363984,-0.001745,0.081019,0.003491,-0.459019,0.003491,-0.077529,0.000000,-0.341107,0.000000
1771466099.919,3216,1,1,0.0000,0.9999,0.0001,0.0000,0.0000,0.0000,0.0000,0.031072,0.090281,0.000595,0.000943,0.001364,0.000000,0.019199,0.210373,0.013963,0.129331,-0.001745,-0.360270,0.000000,-0.122350,0.000000,-0.553748,0.000000,-0.003491,0.024435,-0.352070,-0.003491,0.055980,0.003491,0.407719,0.000000,-0.047254,-0.005236,0.591750,0.000000
1771466100.016,3219,1,1,0.0000,0.9990,0.0010,0.0000,0.0000,0.0000,0.0000,0.024991,0.353529,0.001182,0.002206,0.006268,0.000000,0.008727,0.173732,0.005236,0.112202,-0.001745,-0.239650,0.000000,-0.099985,0.000000,-0.325296,0.000000,-0.003491,0.017453,1.022804,0.001745,-0.005076,0.001745,1.499199,0.000000,0.010312,-0.001745,1.689086,0.000000
1771466100.119,3222,1,1,0.0000,0.9989,0.0011,0.0000,0.0000,0.0000,0.0000,0.017633,0.259892,0.001128,0.005575,0.004437,0.000000,0.003491,0.125494,0.001745,0.080864,-0.001745,-0.178657,0.000000,-0.066901,0.000000,-0.038692,0.000000,-0.001745,0.008727,1.294394,-0.003491,0.028094,0.000000,0.927755,0.000000,-0.024603,0.003491,0.856246,0.000000
1771466100.219,3225,1,1,0.0000,0.9981,0.0019,0.0000,0.0000,0.0000,0.0000,0.017578,0.238441,0.000442,0.003133,0.002243,0.000000,0.001745,0.090876,0.001745,0.068674,-0.001745,-0.131109,0.000000,-0.054711,0.000000,0.047892,-0.001745,0.000000,0.006981,1.041122,-0.003491,-0.001873,0.001745,0.994916,0.000000,0.008854,0.000000,0.807672,0.000000
1771466100.319,3228,1,1,0.0000,0.9447,0.0544,0.0000,0.0004,0.0000,0.0005,0.012901,0.218871,0.000740,0.002683,0.002030,0.000000,0.003491,0.079235,0.001745,0.070346,-0.001745,-0.041802,0.000000,-0.058128,0.000000,-0.003879,-0.003491,0.000000,0.003491,0.847382,-0.001745,0.059951,0.000000,1.095597,0.000000,-0.054715,-0.001745,0.620029,0.000000
1771466100.419,3231,1,1,0.0000,0.8831,0.1164,0.0000,0.0002,0.0000,0.0002,0.015468,0.154870,0.001183,0.000562,0.001320,-0.003491,0.012217,0.113411,0.003491,0.055207,-0.001745,0.001294,0.000000,-0.041245,0.000000,-0.001413,-0.001745,-0.005236,0.013963,0.548238,0.003491,-0.003959,0.001745,0.859782,0.006981,0.005704,0.000000,0.418539,0.000000
1771466100.520,3234,1,1,0.0000,0.6117,0.3882,0.0000,0.0001,0.0000,0.0000,0.012445,0.134548,0.001541,0.000144,0.001172,-0.006981,0.031416,0.041438,0.005236,0.058137,-0.001745,0.013116,0.000000,-0.038938,0.000000,-0.001611,-0.001745,-0.005236,0.033161,0.477077,0.015708,-0.011818,0.005236,0.804358,0.038397,0.004837,0.001745,0.232314,0.001745
1771466100.620,3237,1,1,0.0000,0.5654,0.4344,0.0000,0.0001,0.0000,0.0000,0.016003,0.110732,0.001415,0.000904,0.004396,-0.008727,0.041888,0.001215,0.005236,0.052392,-0.001745,0.013607,0.000000,-0.031448,0.000000,0.077694,-0.001745,-0.005236,0.045379,0.417970,0.020944,-0.014750,0.005236,0.777383,0.055851,0.002533,0.001745,-0.030943,0.001745
1771466100.720,3240,2,1,0.0000,0.4924,0.5074,0.0000,0.0001,0.0000,0.0000,0.019180,0.118326,0.001625,0.003670,0.004657,-0.008727,0.043633,-0.021411,0.003491,0.042594,-0.001745,0.048062,0.000000,-0.021650,0.000000,0.092385,-0.001745,-0.005236,0.045379,0.391705,0.024435,-0.115109,0.005236,0.789183,0.062832,0.099401,0.000000,-0.018028,0.001745
1771466100.820,3243,2,2,0.0001,0.4504,0.5493,0.0000,0.0002,0.0000,0.0000,0.033228,0.139382,0.000606,0.000615,0.000922,-0.010472,0.057596,-0.104117,0.005236,0.016605,-0.001745,0.089377,0.000000,0.006084,0.000000,0.223837,-0.001745,-0.005236,0.045379,0.415564,0.026180,-0.091121,0.003491,1.042095,0.066323,0.066686,0.001745,0.003372,0.001745
1771466100.920,3246,1,1,0.0001,0.5655,0.4339,0.0001,0.0004,0.0000,0.0000,0.019525,0.133451,0.001149,0.000643,0.002202,-0.010472,0.068068,-0.024570,0.005236,0.007875,-0.001745,0.028114,0.000000,0.009578,0.000000,0.115431,-0.001745,-0.008727,0.059341,0.418647,0.026180,-0.073193,0.003491,0.972773,0.075049,0.036541,0.000000,0.007650,0.001745
1771466101.021,3249,2,1,0.0001,0.4361,0.5631,0.0001,0.0006,0.0001,0.0000,0.030176,0.165367,0.002550,0.002382,0.002604,-0.012217,0.073304,0.006020,0.005236,-0.016626,-0.001745,0.011560,0.000000,0.025353,0.000000,0.240637,-0.001745,-0.008727,0.066323,0.392286,0.027925,-0.084915,0.005236,1.274551,0.082030,0.041281,0.000000,0.093031,0.001745
1771466101.121,3252,2,2,0.0001,0.4205,0.5783,0.0001,0.0009,0.0002,0.0000,0.032843,0.211770,0.000410,0.000409,0.001033,-0.012217,0.073304,0.086325,0.005236,-0.010564,-0.001745,0.021479,0.000000,0.022782,0.000000,0.184994,-0.001745,-0.008727,0.064577,0.469160,0.027925,-0.066325,0.006981,1.583570,0.083776,0.031418,0.000000,0.272086,0.001745
1771466101.221,3255,2,2,0.0000,0.0566,0.9404,0.0000,0.0028,0.0002,0.0000,0.016674,0.248311,0.000921,0.001090,0.004078,-0.006981,0.059341,0.082891,0.003491,-0.017587,0.000000,0.028054,0.000000,0.026313,0.000000,-0.028108,-0.001745,-0.008727,0.062832,0.501338,0.026180,0.098410,0.013963,1.747187,0.097738,-0.133317,0.000000,0.430345,0.001745
1771466101.321,3258,2,2,0.0000,0.0251,0.9717,0.0000,0.0031,0.0001,0.0000,0.020674,0.248341,0.003485,0.002361,0.002868,0.000000,0.036652,0.160861,0.003491,-0.004455,-0.001745,0.032155,0.000000,0.014927,0.000000,-0.000039,-0.001745,-0.008727,0.062832,0.537391,0.026180,0.098062,0.024435,1.715006,0.104720,-0.131224,0.000000,0.409718,0.001745
1771466101.421,3261,2,2,0.0000,0.0230,0.9728,0.0000,0.0041,0.0002,0.0000,0.024543,0.239926,0.000536,0.000409,0.000785,0.000000,0.020944,0.125832,0.003491,0.031660,0.000000,0.004553,0.000000,-0.026424,0.000000,0.108037,-0.001745,-0.008727,0.061087,0.551872,0.026180,0.115728,0.036652,1.710419,0.108210,-0.147144,0.001745,0.265471,0.001745
1771466101.523,3264,2,2,0.0000,0.0289,0.9611,0.0000,0.0090,0.0008,0.0001,0.014397,0.243178,0.000794,0.001061,0.002235,0.000000,0.006981,0.114100,0.003491,0.031866,0.000000,-0.017732,0.000000,-0.021394,0.000000,0.016323,-0.001745,-0.008727,0.057596,0.529732,0.026180,0.125084,0.048869,1.716935,0.109956,-0.144282,0.001745,0.300289,0.001745
1771466101.622,3267,2,2,0.0000,0.0612,0.9178,0.0000,0.0200,0.0009,0.0001,0.082087,0.150409,0.002165,0.002448,0.003397,0.000000,0.003491,0.163538,0.003491,0.035404,0.000000,0.157503,0.000000,-0.021441,0.000000,0.621619,-0.001745,-0.008727,0.059341,0.298690,0.026180,-0.040633,0.055851,1.132312,0.108210,0.028416,0.006981,0.087186,0.001745
1771466101.722,3270,2,2,0.0000,0.0032,0.9887,0.0002,0.0046,0.0029,0.0003,0.339753,0.165427,0.002241,0.000923,0.001660,0.000000,0.003491,-0.096067,0.003491,0.106902,0.000000,2.371789,0.000000,-0.094685,0.001745,1.589616,-0.001745,-0.008727,0.059341,0.315378,0.027925,-0.009678,0.062832,1.276057,0.109956,0.002697,0.006981,0.120462,0.003491
1771466101.825,3273,2,2,0.0000,0.0004,0.9799,0.0003,0.0023,0.0170,0.0000,0.461861,0.164320,0.002519,0.000641,0.002870,0.000000,0.000000,0.572660,0.001745,0.010711,-0.001745,2.822055,0.000000,-0.001984,0.001745,2.133421,-0.001745,-0.008727,0.059341,0.315917,0.026180,-0.033291,0.062832,1.258092,0.109956,0.029801,0.006981,0.097504,0.005236
1771466101.926,3276,2,2,0.0000,0.0007,0.9575,0.0006,0.0030,0.0382,0.0000,0.372149,0.161561,0.001012,0.001090,0.001222,0.000000,0.000000,0.172492,0.001745,-0.040862,0.000000,2.433825,0.000000,0.051334,0.003491,1.801151,0.001745,-0.008727,0.057596,0.303335,0.026180,-0.021732,0.062832,1.240698,0.109956,0.021732,0.006981,0.102438,0.006981
1771466102.025,3279,2,2,0.0000,0.0011,0.9414,0.0006,0.0035,0.0534,0.0001,0.388241,0.176628,0.000717,0.001398,0.001361,-0.001745,0.001745,0.382637,0.005236,-0.006055,0.003491,2.371711,0.000000,0.006055,0.008727,1.846132,0.033161,-0.008727,0.057596,0.237444,0.026180,-0.059818,0.078540,1.250231,0.113446,0.065054,0.013963,0.268357,0.008727
1771466102.129,3282,2,2,0.0000,0.0015,0.9095,0.0005,0.0037,0.0845,0.0002,0.391178,0.265083,0.000374,0.001953,0.003710,-0.003491,0.000000,0.382707,0.006981,-0.008680,0.000000,2.333378,0.036652,-0.003537,0.010472,1.876818,0.047124,-0.008727,0.057596,0.413090,0.026180,-0.057602,0.094248,1.491968,0.116937,0.066328,0.024435,0.881488,0.008727
1771466102.229,3285,2,2,0.0000,0.0007,0.9548,0.0002,0.0044,0.0385,0.0015,0.390258,0.378336,0.000200,0.000861,0.005152,-0.003491,0.000000,0.364317,0.008727,-0.004448,-0.001745,2.330371,0.047124,-0.009515,0.008727,1.873223,0.050615,-0.006981,0.057596,0.526404,0.026180,0.170224,0.101229,2.106975,0.120428,-0.158007,0.026180,1.396085,0.008727
1771466102.330,3288,2,2,0.0000,0.0009,0.9504,0.0006,0.0067,0.0330,0.0084,0.390058,0.362471,0.002669,0.001131,0.004274,-0.006981,0.000000,0.356040,0.008727,-0.004611,-0.005236,2.330319,0.050615,-0.011097,0.005236,1.879148,0.050615,-0.005236,0.057596,0.648827,0.026180,0.161970,0.102974,1.906349,0.122173,-0.149753,0.026180,1.288681,0.008727
1771466102.431,3291,2,2,0.0000,0.0007,0.9261,0.0018,0.0069,0.0233,0.0412,0.390120,0.365606,0.000323,0.000769,0.001627,-0.006981,0.003491,0.356341,0.008727,-0.005171,-0.005236,2.329087,0.050615,-0.014027,0.001745,1.880822,0.050615,-0.005236,0.052360,0.640974,0.026180,0.178662,0.109956,1.904061,0.122173,-0.168190,0.029671,1.314508,0.008727
1771466102.530,3294,2,2,0.0000,0.0009,0.9012,0.0027,0.0059,0.0446,0.0446,0.382975,0.364682,0.000466,0.000624,0.000671,-0.006981,0.008727,0.285540,0.008727,-0.016657,-0.005236,2.319506,0.050615,-0.004286,-0.001745,1.871972,0.050615,-0.005236,0.041888,0.598066,0.026180,0.176051,0.122173,1.901370,0.122173,-0.162088,0.040143,1.328937,0.019199
1771466102.636,3297,2,2,0.0000,0.0008,0.8745,0.0032,0.0106,0.0437,0.0672,0.330172,0.356678,0.001830,0.000550,0.002152,-0.006981,0.010472,0.028349,0.008727,-0.010316,-0.005236,2.129638,0.050615,-0.010628,0.000000,1.681899,0.052360,-0.003491,0.026180,0.469492,0.026180,0.149988,0.136136,1.905432,0.122173,-0.134280,0.054105,1.360785,0.029671
1771466102.733,3300,2,2,0.0000,0.0010,0.8781,0.0036,0.0096,0.0395,0.0683,0.329470,0.363845,0.001199,0.000835,0.001196,-0.006981,0.008727,0.098497,0.008727,-0.009158,-0.006981,2.079253,0.050615,-0.011786,0.003491,1.648478,0.055851,-0.003491,0.012217,0.468873,0.026180,0.144239,0.148353,1.925350,0.123918,-0.126786,0.068068,1.412286,0.036652
1771466102.832,3303,2,2,0.0000,0.0048,0.6739,0.0038,0.0057,0.2508,0.0609,0.289489,0.362715,0.000947,0.000597,0.001698,-0.006981,0.008727,-0.068062,0.012217,-0.044534,-0.008727,1.852071,0.050615,0.025335,0.006981,1.458579,0.059341,-0.001745,0.010472,0.408313,0.026180,0.145714,0.153589,1.950428,0.122173,-0.128261,0.075049,1.410048,0.050615
1771466102.935,3306,5,5,0.0000,0.0047,0.1787,0.0019,0.0015,0.7907,0.0226,0.301121,0.376451,0.000611,0.001599,0.002254,-0.003491,0.006981,0.092973,0.012217,-0.012134,-0.008727,1.876055,0.050615,-0.007064,0.022689,1.490834,0.061087,-0.001745,0.008727,0.532636,0.026180,0.167707,0.155334,1.956772,0.123918,-0.150254,0.075049,1.410001,0.061087
1771466103.035,3309,5,5,0.0000,0.0019,0.0483,0.0005,0.0004,0.9407,0.0082,0.370827,0.384143,0.000777,0.001721,0.000817,-0.003491,0.008727,0.585594,0.012217,-0.019415,-0.008727,2.032831,0.050615,0.001962,0.036652,1.653254,0.068068,-0.001745,0.008727,0.593371,0.027925,0.166880,0.153589,1.979907,0.123918,-0.149427,0.075049,1.417513,0.062832
1771466103.135,3312,5,5,0.0000,0.0014,0.0186,0.0006,0.0005,0.9439,0.0350,0.375863,0.384658,0.003881,0.002015,0.001598,-0.006981,0.010472,0.620588,0.012217,-0.006524,-0.010472,2.036655,0.057596,-0.010929,0.045379,1.650652,0.076794,-0.001745,0.010472,0.591733,0.027925,0.159483,0.151844,1.980537,0.123918,-0.143775,0.075049,1.432098,0.062832
1771466103.235,3315,6,6,0.0000,0.0015,0.0082,0.0001,0.0020,0.0042,0.9841,0.370920,0.385290,0.001901,0.001543,0.002055,-0.006981,0.008727,0.590005,0.012217,-0.002037,-0.010472,2.004842,0.071558,-0.015416,0.055851,1.620576,0.087266,-0.001745,0.010472,0.588465,0.031416,0.166880,0.151844,1.978799,0.123918,-0.149427,0.075049,1.433809,0.062832
1771466103.337,3318,6,6,0.0000,0.0016,0.0077,0.0001,0.0018,0.0041,0.9847,0.365829,0.386923,0.002518,0.001447,0.002672,-0.006981,0.006981,0.549350,0.012217,-0.027727,-0.006981,1.983737,0.082030,0.012019,0.059341,1.590021,0.094248,-0.003491,0.010472,0.596806,0.036652,0.173980,0.151844,1.971146,0.125664,-0.156527,0.075049,1.438628,0.062832
1771466103.441,3321,6,6,0.0000,0.0015,0.0070,0.0001,0.0018,0.0035,0.9861,0.364131,0.388227,0.002235,0.001969,0.001792,-0.003491,0.006981,0.537703,0.012217,-0.038603,-0.005236,1.967745,0.090757,0.021150,0.061087,1.570704,0.101229,-0.003491,0.010472,0.597741,0.038397,0.178891,0.151844,1.973122,0.125664,-0.161438,0.075049,1.444708,0.062832
1771466103.541,3324,6,6,0.0000,0.0018,0.0112,0.0002,0.0021,0.0090,0.9757,0.369073,0.389849,0.002867,0.003457,0.000920,-0.006981,0.006981,0.610126,0.012217,-0.035157,-0.003491,1.959162,0.092502,0.019449,0.062832,1.560892,0.104720,-0.003491,0.010472,0.609145,0.041888,0.178358,0.151844,1.974006,0.123918,-0.160904,0.075049,1.450681,0.062832
1771466103.641,3327,6,6,0.0000,0.0039,0.0366,0.0014,0.0039,0.1162,0.8381,0.368975,0.391416,0.001309,0.000919,0.000544,-0.006981,0.006981,0.636098,0.012217,-0.012023,-0.001745,1.956211,0.092502,-0.003685,0.062832,1.556135,0.104720,-0.003491,0.010472,0.612445,0.043633,0.179399,0.153589,1.977070,0.123918,-0.161946,0.075049,1.458583,0.062832
1771466103.743,3330,6,6,0.0000,0.0046,0.0492,0.0032,0.0038,0.3784,0.5608,0.373002,0.393897,0.000536,0.000696,0.000983,-0.006981,0.006981,0.671359,0.012217,-0.020831,-0.003491,1.960968,0.092502,0.006869,0.062832,1.557577,0.104720,-0.003491,0.010472,0.613468,0.047124,0.192326,0.153589,1.981618,0.125664,-0.174873,0.073304,1.466367,0.062832
1771466103.841,3333,6,6,0.0000,0.0043,0.0493,0.0034,0.0035,0.4402,0.4991,0.374357,0.394918,0.002131,0.000989,0.000858,-0.003491,0.003491,0.685401,0.012217,-0.020824,-0.001745,1.965515,0.094248,0.008607,0.062832,1.555251,0.104720,-0.003491,0.010472,0.619113,0.047124,0.190397,0.153589,1.987275,0.125664,-0.172944,0.075049,1.467505,0.062832
1771466103.941,3336,6,6,0.0000,0.0044,0.0497,0.0035,0.0036,0.4390,0.4997,0.376991,0.396366,0.000715,0.000421,0.000238,-0.003491,0.000000,0.698432,0.012217,-0.022745,0.000000,1.981394,0.094248,0.010528,0.064577,1.556031,0.106465,-0.003491,0.008727,0.633077,0.047124,0.187465,0.155334,1.989071,0.125664,-0.170011,0.075049,1.472047,0.062832
1771466104.042,3339,6,6,0.0000,0.0043,0.0506,0.0033,0.0037,0.4109,0.5272,0.381229,0.399858,0.001752,0.002166,0.000973,-0.006981,0.000000,0.709398,0.012217,-0.041042,0.001745,1.995639,0.094248,0.028824,0.068068,1.558148,0.106465,-0.003491,0.010472,0.635009,0.047124,0.186150,0.155334,2.000208,0.125664,-0.168697,0.075049,1.500453,0.062832
1771466104.142,3342,6,6,0.0000,0.0043,0.0507,0.0032,0.0037,0.3998,0.5383,0.380590,0.403416,0.001293,0.001337,0.000948,-0.006981,0.000000,0.711510,0.012217,-0.043535,0.000000,1.990123,0.094248,0.031318,0.066323,1.554876,0.106465,-0.003491,0.010472,0.634292,0.047124,0.188736,0.155334,2.013920,0.125664,-0.173028,0.073304,1.529316,0.062832
1771466104.244,3345,6,6,0.0000,0.0042,0.0508,0.0031,0.0037,0.4036,0.5347,0.377163,0.403582,0.002118,0.000793,0.001220,-0.006981,0.000000,0.703415,0.012217,-0.029049,0.000000,1.977401,0.094248,0.016832,0.066323,1.549057,0.106465,-0.003491,0.010472,0.636128,0.047124,0.192250,0.155334,2.012304,0.127409,-0.176542,0.073304,1.525828,0.062832
1771466104.344,3348,6,6,0.0000,0.0042,0.0509,0.0031,0.0036,0.4070,0.5311,0.374365,0.403833,0.001654,0.001072,0.000946,-0.006981,0.000000,0.689345,0.012217,-0.026723,0.000000,1.961428,0.094248,0.014506,0.066323,1.547846,0.106465,-0.003491,0.010472,0.643181,0.047124,0.191944,0.155334,2.010445,0.127409,-0.176236,0.073304,1.523948,0.062832
1771466104.444,3351,6,6,0.0000,0.0041,0.0510,0.0029,0.0036,0.4117,0.5267,0.374475,0.402027,0.002806,0.001113,0.002477,-0.006981,0.000000,0.683817,0.012217,-0.031680,0.001745,1.962908,0.094248,0.019463,0.068068,1.543023,0.108210,-0.003491,0.010472,0.633074,0.047124,0.187525,0.155334,2.004752,0.127409,-0.171817,0.071558,1.524240,0.062832
1771466104.549,3354,6,6,0.0000,0.0044,0.0506,0.0030,0.0035,0.4349,0.5036,0.359540,0.402503,0.002334,0.001366,0.004211,-0.006981,0.000000,0.510378,0.012217,-0.031922,0.000000,1.960689,0.094248,0.019704,0.066323,1.542715,0.108210,-0.003491,0.010472,0.636834,0.045379,0.194384,0.155334,2.001380,0.127409,-0.176931,0.071558,1.524459,0.062832
1771466104.644,3357,6,6,0.0000,0.0042,0.0503,0.0028,0.0033,0.4252,0.5142,0.367464,0.402314,0.003662,0.001906,0.002327,-0.006981,0.000000,0.614035,0.012217,-0.028871,0.001745,1.954413,0.094248,0.016654,0.068068,1.539981,0.108210,-0.003491,0.008727,0.655281,0.047124,0.184591,0.153589,1.995130,0.127409,-0.168883,0.071558,1.521532,0.062832
1771466104.745,3360,6,6,0.0000,0.0042,0.0499,0.0025,0.0030,0.4565,0.4839,0.367530,0.401925,0.003475,0.001333,0.003365,-0.006981,0.000000,0.614595,0.012217,-0.027973,0.001745,1.953459,0.094248,0.015755,0.068068,1.542061,0.108210,-0.003491,0.010472,0.655502,0.045379,0.188638,0.155334,1.995883,0.127409,-0.172930,0.071558,1.510094,0.062832
1771466104.849,3363,5,6,0.0000,0.0041,0.0483,0.0025,0.0028,0.4824,0.4599,0.366512,0.402379,0.003049,0.002125,0.001367,-0.006981,0.000000,0.612080,0.012217,-0.019350,0.001745,1.950373,0.094248,0.007132,0.068068,1.544073,0.108210,-0.003491,0.010472,0.658656,0.047124,0.186409,0.155334,1.998976,0.127409,-0.170701,0.071558,1.509774,0.062832
1771466104.948,3366,5,5,0.0000,0.0041,0.0470,0.0027,0.0028,0.5098,0.4337,0.364033,0.403823,0.002951,0.001388,0.002376,-0.003491,0.000000,0.591961,0.012217,-0.001700,0.001745,1.946871,0.094248,-0.010517,0.069813,1.543329,0.108210,-0.003491,0.010472,0.665102,0.047124,0.179813,0.155334,2.013856,0.127409,-0.164105,0.071558,1.512377,0.062832
1771466105.048,3369,5,5,0.0000,0.0043,0.0465,0.0031,0.0029,0.5172,0.4260,0.359092,0.407229,0.001033,0.000991,0.001090,-0.006981,0.003491,0.556531,0.012217,-0.011405,-0.005236,1.927517,0.094248,-0.004302,0.068068,1.538820,0.108210,-0.005236,0.010472,0.676974,0.047124,0.182594,0.155334,2.029396,0.127409,-0.166886,0.068068,1.526542,0.062832
1771466105.149,3372,5,5,0.0000,0.0044,0.0483,0.0035,0.0033,0.5170,0.4235,0.346212,0.403574,0.001315,0.001715,0.001377,-0.006981,0.012217,0.486091,0.012217,-0.035947,-0.001745,1.859569,0.094248,0.018494,0.064577,1.497176,0.109956,-0.005236,0.013963,0.679544,0.068068,0.178475,0.150098,1.993196,0.129154,-0.166258,0.059341,1.511709,0.059341
1771466105.249,3375,5,5,0.0000,0.0045,0.0478,0.0038,0.0031,0.5487,0.3921,0.338672,0.402982,0.000636,0.000253,0.000329,-0.006981,0.017453,0.492018,0.017453,-0.023931,0.003491,1.799437,0.094248,0.011714,0.061087,1.457210,0.109956,-0.006981,0.024435,0.685254,0.092502,0.174862,0.139626,1.976167,0.127409,-0.162645,0.050615,1.505571,0.059341
1771466105.352,3378,5,5,0.0000,0.0046,0.0482,0.0044,0.0031,0.5740,0.3658,0.335285,0.402283,0.000434,0.000362,0.000377,-0.012217,0.022689,0.503203,0.020944,-0.021370,0.003491,1.767273,0.094248,0.010898,0.055851,1.433120,0.111701,-0.006981,0.034907,0.683752,0.111701,0.170015,0.132645,1.965166,0.127409,-0.157798,0.041888,1.500574,0.059341
1771466105.452,3381,5,5,0.0000,0.0046,0.0486,0.0044,0.0029,0.5942,0.3453,0.332376,0.400807,0.001453,0.000681,0.000875,-0.012217,0.027925,0.499534,0.024435,-0.005444,0.003491,1.753482,0.094248,-0.005028,0.050615,1.423087,0.111701,-0.006981,0.043633,0.679310,0.122173,0.168720,0.123918,1.955701,0.127409,-0.156502,0.036652,1.494574,0.057596
1771466105.552,3384,5,5,0.0000,0.0045,0.0482,0.0038,0.0025,0.6145,0.3265,0.334550,0.397759,0.002871,0.001326,0.002330,-0.012217,0.034907,0.521269,0.034907,-0.010999,0.005236,1.746280,0.094248,0.002272,0.038397,1.425386,0.111701,-0.005236,0.050615,0.667330,0.136136,0.166696,0.116937,1.939965,0.127409,-0.154479,0.027925,1.482495,0.057596
1771466105.653,3387,5,5,0.0000,0.0044,0.0454,0.0037,0.0024,0.6510,0.2931,0.337007,0.397244,0.002024,0.002033,0.003779,-0.012217,0.036652,0.547201,0.043633,-0.009173,0.005236,1.741984,0.094248,0.003937,0.036652,1.424584,0.109956,-0.005236,0.054105,0.661261,0.144862,0.163101,0.113446,1.935999,0.127409,-0.150883,0.022689,1.486457,0.057596
1771466105.753,3390,5,5,0.0000,0.0040,0.0434,0.0035,0.0023,0.6492,0.2976,0.347491,0.396398,0.003619,0.001416,0.003416,-0.012217,0.036652,0.656447,0.052360,-0.014899,0.005236,1.738556,0.094248,0.011409,0.036652,1.428378,0.109956,-0.005236,0.061087,0.654621,0.148353,0.161042,0.109956,1.935335,0.127409,-0.148825,0.013963,1.487416,0.057596
1771466105.854,3393,5,5,0.0000,0.0041,0.0436,0.0036,0.0025,0.6373,0.3089,0.350519,0.396487,0.002947,0.002569,0.004693,-0.012217,0.041888,0.664832,0.061087,-0.012697,0.005236,1.745920,0.094248,0.007461,0.033161,1.442443,0.109956,-0.003491,0.071558,0.662035,0.157080,0.162210,0.101229,1.922680,0.127409,-0.156974,0.012217,1.483833,0.057596
1771466105.953,3396,5,5,0.0000,0.0040,0.0431,0.0037,0.0025,0.6319,0.3149,0.344908,0.396586,0.002129,0.001236,0.000779,-0.012217,0.045379,0.585164,0.069813,-0.032146,0.005236,1.737674,0.095993,0.026910,0.027925,1.436590,0.108210,-0.003491,0.075049,0.669400,0.157080,0.167063,0.101229,1.910053,0.127409,-0.161827,0.012217,1.481936,0.057596
1771466106.054,3399,5,5,0.0000,0.0041,0.0434,0.0036,0.0024,0.6405,0.3060,0.342838,0.396426,0.002329,0.001263,0.002456,-0.012217,0.047124,0.547758,0.078540,-0.026573,0.008727,1.736789,0.101229,0.024828,0.026180,1.441648,0.101229,-0.005236,0.075049,0.664526,0.155334,0.166797,0.101229,1.910894,0.127409,-0.161561,0.012217,1.486060,0.057596
1771466106.154,3402,5,5,0.0000,0.0040,0.0426,0.0035,0.0023,0.6607,0.2870,0.337062,0.397559,0.002023,0.001625,0.000686,-0.012217,0.050615,0.477036,0.082030,-0.029499,0.006981,1.732655,0.109956,0.027753,0.022689,1.442523,0.092502,-0.006981,0.078540,0.667304,0.157080,0.167885,0.101229,1.911106,0.127409,-0.162649,0.012217,1.490340,0.057596
1771466106.254,3405,5,5,0.0000,0.0039,0.0410,0.0034,0.0021,0.6900,0.2596,0.333204,0.397183,0.002924,0.000864,0.003443,-0.012217,0.061087,0.452726,0.087266,-0.026515,0.001745,1.722385,0.109956,0.024770,0.015708,1.440780,0.082030,-0.006981,0.085521,0.676476,0.157080,0.166893,0.095993,1.897429,0.127409,-0.165147,0.012217,1.489586,0.057596
1771466106.355,3408,5,5,0.0000,0.0037,0.0383,0.0033,0.0018,0.7250,0.2279,0.330098,0.394668,0.003077,0.000949,0.002849,-0.012217,0.075049,0.502188,0.092502,-0.021879,0.001745,1.646530,0.109956,0.020134,0.010472,1.429292,0.073304,-0.006981,0.089012,0.664596,0.155334,0.168198,0.092502,1.883721,0.127409,-0.166453,0.012217,1.485431,0.057596
1771466106.455,3411,5,5,0.0000,0.0035,0.0372,0.0027,0.0016,0.7301,0.2249,0.350441,0.394434,0.005132,0.001010,0.004385,-0.012217,0.087266,0.772484,0.094248,-0.034871,0.005236,1.619924,0.109956,0.033126,0.006981,1.413243,0.062832,-0.006981,0.090757,0.666280,0.157080,0.169505,0.092502,1.878085,0.127409,-0.167759,0.012217,1.481777,0.057596
1771466106.558,3414,5,5,0.0000,0.0033,0.0333,0.0027,0.0015,0.7536,0.2055,0.349034,0.393479,0.002896,0.000883,0.002389,-0.012217,0.092502,0.751699,0.094248,-0.034923,0.003491,1.625080,0.113446,0.033178,0.006981,1.411927,0.055851,-0.006981,0.094248,0.664330,0.157080,0.163311,0.092502,1.877972,0.127409,-0.161565,0.012217,1.475088,0.057596
1771466106.655,3417,5,5,0.0000,0.0033,0.0315,0.0029,0.0015,0.7654,0.1955,0.350448,0.389919,0.002312,0.000460,0.002780,-0.012217,0.097738,0.779088,0.095993,-0.015600,0.001745,1.635605,0.113446,0.013855,0.006981,1.412049,0.048869,-0.006981,0.094248,0.659717,0.155334,0.158616,0.092502,1.872668,0.129154,-0.156871,0.012217,1.446976,0.057596
1771466106.756,3420,5,5,0.0000,0.0034,0.0323,0.0033,0.0017,0.7545,0.2049,0.348406,0.388343,0.001750,0.002084,0.000803,-0.012217,0.102974,0.781421,0.095993,0.001294,0.000000,1.639128,0.113446,-0.003040,0.008727,1.399493,0.038397,-0.006981,0.104720,0.662600,0.157080,0.151577,0.087266,1.864358,0.127409,-0.153322,0.010472,1.437033,0.057596
1771466106.856,3423,5,5,0.0000,0.0034,0.0331,0.0034,0.0018,0.7456,0.2127,0.350225,0.385949,0.001569,0.000704,0.001189,-0.012217,0.108210,0.789606,0.101229,0.016744,0.001745,1.643234,0.115192,-0.018490,0.006981,1.386595,0.033161,-0.006981,0.111701,0.668198,0.155334,0.153414,0.085521,1.838245,0.129154,-0.153414,0.008727,1.423497,0.057596
1771466106.957,3426,5,5,0.0000,0.0036,0.0347,0.0041,0.0021,0.7277,0.2278,0.352551,0.380978,0.000892,0.000462,0.000724,-0.012217,0.113446,0.799717,0.102974,0.029610,0.005236,1.641914,0.120428,-0.029610,0.005236,1.384127,0.027925,-0.006981,0.116937,0.653904,0.155334,0.154810,0.087266,1.810853,0.129154,-0.153065,0.010472,1.395411,0.057596
1771466107.057,3429,5,5,0.0000,0.0038,0.0373,0.0046,0.0024,0.7046,0.2473,0.347171,0.382463,0.000828,0.000698,0.000789,-0.013963,0.125664,0.787062,0.102974,0.036986,0.001745,1.585154,0.109956,-0.033495,0.006981,1.385096,0.024435,-0.006981,0.125664,0.654269,0.155334,0.165847,0.085521,1.808129,0.129154,-0.162356,0.008727,1.399318,0.057596
1771466107.157,3432,5,5,0.0000,0.0039,0.0399,0.0042,0.0023,0.6932,0.2565,0.335514,0.382647,0.003138,0.000440,0.002911,-0.003491,0.109956,0.706761,0.097738,0.034476,0.000000,1.574401,0.094248,-0.029240,0.005236,1.384154,0.019199,-0.006981,0.125664,0.643182,0.153589,0.165657,0.090757,1.807971,0.130900,-0.162166,0.012217,1.404236,0.057596
1771466107.257,3435,5,5,0.0000,0.0039,0.0407,0.0033,0.0020,0.7197,0.2304,0.322849,0.381779,0.006434,0.000955,0.007348,-0.010472,0.094248,0.621288,0.083776,0.013510,0.001745,1.576209,0.078540,-0.008274,0.006981,1.383932,0.013963,-0.006981,0.099484,0.643846,0.151844,0.163923,0.090757,1.810554,0.134390,-0.163923,0.012217,1.416740,0.057596
1771466107.357,3438,5,5,0.0000,0.0034,0.0327,0.0031,0.0013,0.8098,0.1497,0.311659,0.381330,0.002922,0.000252,0.002614,0.000000,0.069813,0.526559,0.078540,0.011826,0.003491,1.575062,0.073304,-0.003100,0.005236,1.383864,0.012217,-0.006981,0.099484,0.640126,0.148353,0.168649,0.092502,1.810060,0.136136,-0.163413,0.012217,1.410838,0.057596
1771466107.458,3441,5,5,0.0000,0.0028,0.0251,0.0031,0.0010,0.8687,0.0993,0.311083,0.380856,0.001437,0.000287,0.001511,0.000000,0.062832,0.529532,0.078540,0.017742,0.005236,1.570675,0.073304,-0.007270,0.005236,1.381169,0.008727,-0.006981,0.099484,0.636433,0.148353,0.169327,0.092502,1.811843,0.136136,-0.165836,0.012217,1.406377,0.057596
1771466107.558,3444,5,5,0.0000,0.0025,0.0224,0.0033,0.0008,0.8943,0.0767,0.299774,0.383133,0.002584,0.002103,0.001173,0.000000,0.062832,0.446010,0.078540,-0.014956,0.005236,1.526593,0.073304,0.027173,0.005236,1.365378,0.006981,-0.006981,0.099484,0.664853,0.148353,0.165653,0.092502,1.815130,0.136136,-0.162163,0.012217,1.405675,0.057596
1771466107.659,3447,5,5,0.0000,0.0023,0.0198,0.0034,0.0007,0.9181,0.0556,0.294296,0.383993,0.001581,0.002287,0.001806,0.001745,0.062832,0.384505,0.078540,-0.001853,0.006981,1.526804,0.073304,0.014070,0.005236,1.370547,0.006981,-0.006981,0.099484,0.656902,0.148353,0.166382,0.092502,1.829561,0.136136,-0.162892,0.012217,1.408781,0.057596
1771466107.761,3450,5,5,0.0000,0.0022,0.0183,0.0037,0.0007,0.9319,0.0432,0.283943,0.385232,0.001596,0.002293,0.002789,0.000000,0.061087,0.248585,0.078540,-0.024083,0.006981,1.521052,0.073304,0.036300,0.005236,1.367505,0.008727,-0.006981,0.099484,0.657827,0.148353,0.164556,0.092502,1.841104,0.136136,-0.161066,0.012217,1.413006,0.057596
1771466107.862,3453,5,5,0.0000,0.0020,0.0198,0.0037,0.0005,0.9463,0.0277,0.228745,0.384312,0.003048,0.001266,0.001650,0.000000,0.061087,-0.082439,0.078540,-0.040904,0.006981,1.328762,0.073304,0.053121,0.005236,1.129185,0.008727,-0.006981,0.099484,0.653883,0.146608,0.154138,0.092502,1.840473,0.136136,-0.150647,0.012217,1.418710,0.057596
1771466107.962,3456,5,5,0.0001,0.0062,0.1978,0.0006,0.0009,0.7880,0.0064,0.059362,0.355228,0.002048,0.002610,0.004164,0.000000,0.061087,-0.335151,0.078540,-0.013003,0.006981,0.372786,0.073304,0.025220,0.005236,0.080465,0.008727,-0.006981,0.097738,0.380612,0.146608,0.112248,0.092502,1.831852,0.136136,-0.107012,0.012217,1.395222,0.057596
1771466108.062,3459,2,5,0.0001,0.0125,0.6842,0.0001,0.0006,0.3021,0.0005,0.028004,0.184765,0.001128,0.001520,0.001992,0.000000,0.059341,-0.625505,0.078540,-0.091706,0.006981,-1.154148,0.073304,0.103924,0.006981,-0.721015,0.006981,-0.006981,0.097738,-0.844218,0.144862,0.007252,0.092502,1.287431,0.136136,-0.003761,0.012217,0.381445,0.057596
1771466108.163,3462,2,2,0.0001,0.0642,0.9209,0.0000,0.0001,0.0146,0.0001,0.032809,0.046769,0.002904,0.001361,0.007249,0.000000,0.057596,-0.425599,0.075049,-0.158087,0.005236,-1.713886,0.068068,0.173795,0.006981,-1.489077,0.006981,-0.005236,0.097738,-1.133166,0.144862,-0.016691,0.092502,-0.052063,0.136136,0.020182,0.012217,-0.140131,0.057596
1771466108.265,3465,1,1,0.0000,0.7843,0.2155,0.0000,0.0000,0.0001,0.0001,0.015142,0.048331,0.002700,0.000614,0.003496,0.001745,0.020944,-0.340512,0.050615,-0.043829,0.005236,-1.684462,0.047124,0.049065,0.005236,-1.565853,0.001745,-0.006981,0.099484,-1.479968,0.144862,-0.028449,0.094248,-1.548657,0.136136,0.033685,0.013963,-1.646308,0.057596
1771466108.363,3468,1,1,0.0000,0.8466,0.1533,0.0000,0.0000,0.0000,0.0000,0.008198,0.042683,0.001387,0.001403,0.002185,0.001745,0.006981,-0.434775,0.038397,-0.007614,0.003491,-1.625176,0.033161,0.007614,0.005236,-1.486004,0.001745,0.000000,0.062832,-1.435155,0.097738,0.116012,0.073304,-1.781415,0.101229,-0.116012,0.010472,-1.676704,0.050615
1771466108.464,3471,1,1,0.0000,0.8476,0.1523,0.0000,0.0000,0.0000,0.0000,0.005683,0.026724,0.000689,0.002558,0.003374,0.001745,0.000000,-0.282969,0.026180,0.015841,0.003491,-1.406963,0.012217,-0.021077,0.006981,-1.212815,0.001745,0.000000,0.036652,-1.246282,0.059341,0.051903,0.052360,-1.544784,0.069813,-0.051903,0.005236,-1.454367,0.045379
1771466108.564,3474,1,1,0.0000,0.8497,0.1503,0.0000,0.0000,0.0000,0.0000,0.004322,0.016997,0.000582,0.001468,0.000986,0.005236,0.000000,-0.325772,0.013963,0.018703,0.005236,-1.121588,0.001745,-0.034411,0.006981,-0.921334,0.000000,0.000000,0.012217,-1.052138,0.033161,0.029433,0.038397,-1.359738,0.045379,-0.029433,0.005236,-1.313648,0.040143
1771466108.664,3477,1,1,0.0000,0.8807,0.1192,0.0000,0.0000,0.0000,0.0000,0.004359,0.010890,0.002494,0.000842,0.002267,0.005236,-0.001745,-0.165011,0.006981,0.029623,0.003491,-0.912727,0.000000,-0.057548,0.006981,-0.688534,0.000000,0.001745,0.001745,-0.821300,0.013963,0.006764,0.033161,-1.089330,0.031416,-0.012000,0.005236,-1.026725,0.036652
1771466108.765,3480,1,1,0.0000,0.9399,0.0601,0.0000,0.0000,0.0000,0.0000,0.004747,0.006919,0.003521,0.003072,0.002935,0.005236,-0.001745,-0.109234,0.003491,0.037764,0.003491,-0.641862,0.000000,-0.083143,0.006981,-0.518407,0.000000,0.003491,0.000000,-0.593135,0.003491,0.000992,0.027925,-0.833736,0.012217,-0.004483,0.005236,-0.769985,0.029671
1771466108.864,3483,1,1,0.0000,0.9784,0.0215,0.0000,0.0000,0.0000,0.0000,0.020929,0.004654,0.002693,0.002021,0.001030,0.005236,-0.001745,0.198732,0.000000,0.036711,0.003491,-0.401960,0.000000,-0.090816,0.006981,-0.267646,-0.001745,0.003491,0.000000,-0.364158,0.000000,-0.000333,0.022689,-0.578676,0.003491,-0.003157,0.003491,-0.504005,0.022689
1771466108.965,3486,1,1,0.0000,0.9774,0.0226,0.0000,0.0000,0.0000,0.0000,0.051478,0.003231,0.003696,0.001186,0.000760,0.006981,-0.003491,0.582596,0.000000,0.017689,0.003491,-0.255462,0.000000,-0.084012,0.006981,-0.160372,-0.001745,0.003491,0.001745,-0.246974,0.000000,0.000371,0.015708,-0.330290,0.001745,-0.003861,0.003491,-0.070619,0.012217
1771466109.065,3489,1,1,0.0000,0.9078,0.0920,0.0002,0.0000,0.0000,0.0000,0.043525,0.014555,0.007189,0.001364,0.003934,0.006981,-0.005236,0.261899,0.000000,-0.016068,0.001745,-0.144715,0.000000,-0.060726,0.006981,0.244688,-0.001745,0.001745,0.000000,-0.190294,0.000000,-0.039887,0.010472,-0.002924,0.000000,0.034651,0.003491,0.119060,0.005236
1771466109.165,3492,1,1,0.0001,0.7272,0.2721,0.0005,0.0000,0.0000,0.0001,0.033658,0.013127,0.002085,0.001240,0.003637,0.003491,0.000000,0.224642,0.000000,-0.001567,0.003491,0.000564,0.000000,-0.073482,0.006981,0.164731,-0.003491,0.001745,0.000000,-0.152270,0.000000,-0.044834,0.005236,0.003945,0.000000,0.030871,0.005236,0.108742,0.001745
1771466109.266,3495,1,1,0.0000,0.6610,0.3386,0.0004,0.0000,0.0000,0.0000,0.028802,0.005898,0.007102,0.002070,0.003336,0.003491,-0.006981,0.144557,0.001745,0.002002,0.001745,0.069648,0.000000,-0.071815,0.006981,0.115451,-0.003491,0.001745,0.000000,-0.124189,-0.003491,-0.072064,0.003491,-0.012501,0.000000,0.052866,0.003491,0.007441,0.001745
1771466109.366,3498,1,1,0.0000,0.6896,0.3103,0.0000,0.0000,0.0000,0.0000,0.021604,0.002952,0.004687,0.004337,0.006019,0.005236,-0.010472,0.035638,-0.006981,0.002826,0.001745,0.093259,0.000000,-0.070894,0.006981,0.113567,-0.001745,0.001745,0.000000,-0.057030,-0.003491,-0.044153,0.003491,-0.053660,0.000000,0.024954,0.003491,-0.007723,0.001745
1771466109.466,3501,1,1,0.0000,0.9965,0.0035,0.0000,0.0000,0.0000,0.0000,0.006833,0.002849,0.001801,0.000824,0.002351,0.003491,-0.010472,-0.025630,-0.012217,-0.002261,0.003491,0.022461,0.000000,-0.062316,0.006981,0.045566,-0.001745,0.003491,0.000000,-0.063966,0.006981,-0.011096,0.003491,-0.038304,-0.001745,-0.006358,0.003491,0.014991,0.001745
1771466109.566,3504,1,1,0.0000,1.0000,0.0000,0.0000,0.0000,0.0000,0.0000,0.000727,0.015762,0.007062,0.001150,0.005783,0.000000,-0.003491,-0.032788,-0.022689,-0.052177,0.001745,-0.017351,0.000000,-0.005419,0.006981,-0.006290,-0.001745,0.001745,-0.003491,0.018354,0.012217,-0.035100,0.003491,-0.029273,-0.001745,0.024628,0.003491,0.123468,0.001745
1771466109.667,3507,1,1,0.0000,1.0000,0.0000,0.0000,0.0000,0.0000,0.0000,0.001745,0.015946,0.002822,0.000989,0.000658,0.001745,0.008727,-0.135548,-0.036652,-0.034849,0.003491,-0.113353,-0.001745,-0.019256,0.006981,-0.075510,-0.003491,0.006981,-0.006981,0.067212,0.020944,-0.039446,0.003491,-0.012384,0.000000,0.021992,0.003491,0.065494,0.001745
1771466109.767,3510,1,1,0.0000,1.0000,0.0000,0.0000,0.0000,0.0000,0.0000,0.007787,0.015059,0.003842,0.000831,0.002953,0.001745,-0.008727,-0.433946,-0.062832,-0.063494,0.001745,-0.096393,-0.001745,0.016370,0.006981,0.066606,-0.001745,0.017453,-0.006981,0.090836,0.024435,-0.039780,0.001745,-0.007262,0.000000,0.017091,0.003491,0.023915,0.001745
1771466109.867,3513,1,1,0.0000,1.0000,0.0000,0.0000,0.0000,0.0000,0.0000,0.004672,0.022644,0.004593,0.000771,0.003578,0.001745,-0.029671,-0.861630,-0.087266,-0.081538,0.003491,-0.101489,-0.001745,0.036159,0.006981,0.007686,-0.003491,0.024435,-0.006981,0.129669,0.024435,-0.003135,0.001745,0.083684,0.000000,-0.017809,0.003491,0.002523,0.001745
1771466109.968,3516,1,1,0.0000,1.0000,0.0000,0.0000,0.0000,0.0000,0.0000,0.002063,0.023422,0.003565,0.000219,0.003617,0.005236,-0.050615,-1.104581,-0.087266,-0.059659,0.001745,-0.110708,-0.001745,0.012535,0.005236,-0.229762,-0.001745,0.024435,-0.005236,0.153010,0.024435,-0.005186,0.001745,0.059232,-0.003491,-0.012267,0.003491,0.012972,0.001745
1771466110.068,3519,1,1,0.0000,1.0000,0.0000,0.0000,0.0000,0.0000,0.0000,0.009154,0.019127,0.002299,0.002301,0.000413,0.006981,-0.066323,-1.528617,-0.089012,-0.139514,0.001745,-0.159277,-0.001745,0.095880,0.005236,-0.294338,-0.001745,0.024435,-0.005236,0.137866,0.024435,-0.007806,0.001745,0.031960,-0.001745,-0.000920,0.003491,0.003842,0.001745
1771466110.170,3522,1,1,0.0000,1.0000,0.0000,0.0000,0.0000,0.0000,0.0000,0.010586,0.022181,0.001949,0.003232,0.001841,0.006981,-0.069813,-1.445017,-0.087266,-0.153209,0.003491,-0.179482,-0.001745,0.109575,0.006981,-0.173930,-0.001745,0.022689,-0.005236,0.119557,0.024435,-0.006352,0.001745,0.066801,-0.001745,0.001116,0.005236,0.022848,0.001745
1771466110.269,3525,1,1,0.0000,1.0000,0.0000,0.0000,0.0000,0.0000,0.0000,0.005419,0.017796,0.001105,0.001096,0.000896,0.003491,-0.050615,-1.154795,-0.061087,-0.096444,0.001745,-0.126723,-0.001745,0.052811,0.006981,-0.083215,-0.001745,0.012217,0.000000,0.103305,0.024435,-0.018405,0.001745,0.044243,-0.003491,0.013169,0.005236,0.007458,0.001745
1771466110.369,3528,1,1,0.0000,1.0000,0.0000,0.0000,0.0000,0.0000,0.0000,0.003224,0.008920,0.001607,0.000905,0.000815,0.003491,-0.040143,-0.865577,-0.047124,-0.062287,0.001745,-0.026405,-0.001745,0.018654,0.006981,0.007819,-0.001745,0.005236,-0.003491,0.057993,0.020944,-0.013247,0.001745,0.013110,-0.001745,0.002775,0.003491,-0.001343,0.001745
1771466110.470,3531,1,1,0.0000,1.0000,0.0000,0.0000,0.0000,0.0000,0.0000,0.001164,0.003894,0.001636,0.002836,0.000945,0.005236,-0.036652,-0.573963,-0.040143,-0.016064,0.001745,-0.043767,-0.001745,-0.034550,0.006981,-0.020664,-0.001745,0.003491,0.000000,0.027266,0.003491,-0.007484,0.001745,0.003247,-0.001745,0.002248,0.003491,-0.004630,0.001745
1771466110.570,3534,1,1,0.0000,1.0000,0.0000,0.0000,0.0000,0.0000,0.0000,0.001427,0.001801,0.001256,0.001924,0.000699,0.005236,-0.033161,-0.335807,-0.040143,0.001415,0.003491,-0.044169,-0.001745,-0.050284,0.006981,-0.067221,-0.001745,0.003491,0.000000,0.008386,0.000000,0.001594,0.001745,0.001159,-0.001745,-0.005085,0.003491,-0.006677,0.001745
1771466110.670,3537,1,1,0.0000,1.0000,0.0000,0.0000,0.0000,0.0000,0.0000,0.001713,0.010144,0.001886,0.002579,0.001867,0.005236,-0.029671,-0.148361,-0.040143,0.008339,0.000000,-0.042765,-0.001745,-0.058953,0.006981,-0.051481,-0.001745,0.003491,0.000000,0.010334,0.000000,0.002469,0.003491,0.004961,-0.003491,-0.005960,0.003491,0.091742,0.001745
1771466110.771,3540,1,1,0.0000,1.0000,0.0000,0.0000,0.0000,0.0000,0.0000,0.006468,0.008465,0.003093,0.001565,0.001983,0.005236,-0.022689,-0.085079,-0.040143,0.028401,0.001745,0.035258,-0.001745,-0.085996,0.006981,-0.021517,-0.001745,0.003491,0.000000,0.012319,-0.003491,-0.001581,0.003491,0.003541,-0.003491,-0.001910,0.003491,0.073507,0.001745
1771466110.871,3543,1,1,0.0000,0.9999,0.0000,0.0000,0.0000,0.0000,0.0000,0.033812,0.017535,0.002294,0.003348,0.001973,0.005236,-0.019199,-0.117745,-0.040143,0.038615,0.001745,0.034272,-0.001745,-0.097956,0.006981,0.318890,-0.003491,0.003491,0.000000,0.012020,-0.001745,-0.070069,0.001745,0.025788,-0.001745,0.063087,0.003491,0.099056,0.001745
1771466110.972,3546,1,1,0.0000,0.9999,0.0000,0.0000,0.0000,0.0000,0.0000,0.022323,0.017399,0.001870,0.003604,0.002007,0.003491,-0.013963,-0.161951,-0.040143,0.052878,0.003491,0.045633,-0.001745,-0.119200,0.006981,0.155404,-0.003491,0.003491,0.000000,0.014923,-0.001745,-0.064111,0.001745,0.042287,-0.001745,0.050148,0.003491,0.090958,0.001745
1771466111.072,3549,1,1,0.0013,0.9978,0.0002,0.0003,0.0000,0.0000,0.0004,0.014656,0.009295,0.001043,0.002839,0.003035,0.005236,-0.012217,-0.110862,-0.040143,0.071321,0.001745,0.020678,-0.001745,-0.134153,0.006981,0.069913,-0.001745,0.003491,0.000000,0.011798,-0.003491,-0.043870,0.003491,0.022203,-0.001745,0.026417,0.003491,0.038906,0.001745
1771466111.173,3552,1,1,0.0000,0.9999,0.0001,0.0000,0.0000,0.0000,0.0000,0.002745,0.004838,0.001680,0.004490,0.003447,0.005236,-0.008727,-0.079842,-0.040143,0.003017,0.003491,-0.008449,-0.001745,-0.065848,0.006981,0.014218,-0.001745,0.000000,0.003491,0.004236,-0.001745,-0.066033,0.001745,-0.011256,-0.001745,0.045089,0.001745,-0.270722,0.001745
1771466111.273,3555,1,1,0.0009,0.9986,0.0001,0.0002,0.0000,0.0000,0.0002,0.014598,0.002673,0.001902,0.004416,0.000855,0.005236,-0.006981,0.033019,-0.040143,0.006712,0.003491,-0.012983,-0.001745,-0.076525,0.006981,0.119739,-0.001745,0.003491,0.000000,-0.030001,-0.001745,-0.047783,0.001745,-0.110622,-0.003491,0.023349,0.001745,-0.180949,0.001745
1771466111.372,3558,1,1,0.0004,0.9991,0.0000,0.0003,0.0000,0.0000,0.0002,0.014813,0.001152,0.004331,0.007919,0.004530,0.005236,-0.005236,-0.138791,-0.040143,-0.002377,0.001745,0.062751,-0.001745,-0.067437,0.006981,0.101037,-0.001745,0.001745,0.000000,-0.072220,-0.001745,-0.038261,0.001745,-0.107076,-0.001745,0.008591,0.000000,-0.267290,0.001745
1771466111.473,3561,1,1,0.0000,0.9999,0.0000,0.0000,0.0000,0.0000,0.0000,0.017096,0.001398,0.002830,0.004513,0.002910,0.005236,-0.003491,-0.341566,-0.040143,-0.064780,0.001745,0.013393,-0.001745,-0.001542,0.006981,0.177796,-0.001745,0.001745,0.000000,-0.079061,-0.003491,-0.034232,0.001745,-0.093886,-0.003491,0.009798,0.001745,-0.128304,0.001745
1771466111.573,3564,1,1,0.0000,1.0000,0.0000,0.0000,0.0000,0.0000,0.0000,0.007836,0.000873,0.003952,0.004905,0.004096,0.005236,-0.003491,-0.167932,-0.040143,-0.028600,0.001745,0.018595,-0.001745,-0.032487,0.006981,0.061474,-0.001745,0.003491,0.000000,-0.078393,-0.001745,-0.002307,0.001745,-0.094723,-0.003491,-0.016892,0.003491,-0.099394,0.001745
1771466111.673,3567,1,1,0.0005,0.9993,0.0000,0.0001,0.0000,0.0000,0.0001,0.004073,0.004739,0.001212,0.001178,0.001686,0.006981,-0.001745,0.033168,-0.040143,-0.009194,0.001745,-0.000630,-0.001745,-0.050147,0.006981,-0.227959,-0.001745,0.001745,0.000000,-0.081382,-0.001745,0.049891,0.000000,-0.118599,-0.001745,-0.058618,0.003491,-0.015487,0.001745
1771466111.773,3570,1,1,0.0006,0.9991,0.0000,0.0001,0.0000,0.0000,0.0001,0.016345,0.004135,0.001482,0.000916,0.001052,0.006981,-0.003491,0.172013,-0.040143,0.008415,0.001745,-0.005531,-0.001745,-0.069502,0.006981,-0.101608,-0.001745,0.001745,0.000000,-0.081476,-0.003491,0.019204,0.001745,-0.091249,-0.001745,-0.031421,0.001745,0.023441,0.001745
1771466111.874,3573,1,1,0.0007,0.9990,0.0000,0.0001,0.0000,0.0000,0.0001,0.010802,0.001211,0.000807,0.007490,0.006961,0.006981,-0.001745,0.091788,-0.040143,0.023876,0.000000,-0.005445,-0.001745,-0.088454,0.006981,-0.063647,-0.001745,0.001745,0.000000,-0.080887,-0.001745,0.007549,0.001745,-0.088221,-0.001745,-0.023256,0.001745,-0.001067,0.001745
1771466111.974,3576,1,1,0.0005,0.9993,0.0001,0.0001,0.0000,0.0000,0.0001,0.003576,0.000890,0.001719,0.004634,0.003251,0.006981,-0.001745,0.024318,-0.040143,0.001146,0.003491,-0.007638,-0.005236,-0.070959,0.006981,-0.070536,-0.001745,0.003491,-0.001745,-0.071061,-0.001745,0.001953,0.003491,-0.091106,-0.003491,-0.010679,0.000000,-0.010275,0.001745
1771466112.074,3579,1,1,0.0003,0.9996,0.0000,0.0000,0.0000,0.0000,0.0000,0.002397,0.004448,0.001729,0.003329,0.007164,0.006981,-0.001745,0.005352,-0.040143,0.005961,0.003491,-0.022646,-0.005236,-0.072283,0.006981,-0.063805,-0.001745,0.001745,0.001745,-0.058193,-0.001745,0.042904,0.001745,-0.095622,-0.001745,-0.048140,0.003491,-0.018736,0.001745
1771466112.175,3582,1,1,0.0001,0.9998,0.0000,0.0000,0.0000,0.0000,0.0000,0.002014,0.001091,0.002997,0.007346,0.014104,0.006981,-0.001745,-0.054263,-0.040143,0.008455,0.001745,-0.028610,-0.005236,-0.073032,0.006981,-0.049417,-0.001745,0.001745,0.000000,-0.062146,-0.003491,0.004369,0.003491,-0.091821,-0.001745,-0.009605,0.001745,-0.347141,0.001745
1771466112.275,3585,1,1,0.0000,0.9999,0.0000,0.0000,0.0000,0.0000,0.0000,0.001309,0.000904,0.003040,0.012205,0.017348,0.006981,-0.001745,-0.301772,-0.040143,-0.034666,0.001745,-0.026017,-0.005236,-0.029911,0.006981,-0.026962,-0.001745,0.001745,0.000000,-0.102296,-0.003491,0.002122,0.003491,-0.097668,-0.003491,-0.010848,0.001745,-0.176301,0.001745
1771466112.375,3588,1,1,0.0000,1.0000,0.0000,0.0000,0.0000,0.0000,0.0000,0.017595,0.015094,0.002425,0.006489,0.008128,0.006981,0.000000,-0.115448,-0.040143,-0.093845,0.003491,0.031826,-0.006981,0.036249,0.006981,0.125610,-0.001745,0.003491,0.000000,0.127309,-0.001745,0.045098,0.001745,-0.090492,-0.001745,-0.050334,0.001745,-0.159268,0.001745
1771466112.475,3591,1,1,0.0000,1.0000,0.0000,0.0000,0.0000,0.0000,0.0000,0.006580,0.003035,0.001904,0.003404,0.003884,0.006981,-0.001745,-0.195125,-0.040143,-0.038598,0.001745,0.025417,-0.005236,-0.008526,0.006981,0.037830,-0.001745,0.001745,-0.001745,-0.027089,-0.003491,0.027687,0.003491,-0.106239,-0.001745,-0.034669,0.001745,-0.121615,0.001745
1771466112.576,3594,1,1,0.0000,0.9999,0.0000,0.0000,0.0000,0.0000,0.0000,0.049140,0.014512,0.003028,0.014935,0.014866,0.006981,-0.001745,0.539880,-0.038397,-0.020607,0.000000,0.018765,-0.005236,-0.021280,0.006981,0.017071,-0.001745,0.001745,0.000000,0.141840,-0.003491,-0.018403,0.001745,0.017387,-0.001745,0.007931,0.001745,-0.060017,0.001745
1771466112.676,3597,1,1,0.0000,0.9997,0.0003,0.0000,0.0000,0.0000,0.0000,0.050298,0.306808,0.003468,0.019561,0.016640,0.005236,-0.001745,0.468461,-0.038397,-0.000266,0.001745,0.005136,-0.005236,-0.038131,0.006981,0.116010,-0.001745,0.000000,0.000000,1.424238,-0.001745,0.159180,0.000000,0.953602,-0.001745,-0.169652,0.003491,1.139435,0.001745
1771466112.777,3600,1,1,0.0000,0.9986,0.0013,0.0000,0.0000,0.0000,0.0000,0.039888,0.334630,0.002105,0.014497,0.014193,0.005236,-0.003491,0.293196,-0.038397,0.046089,0.001745,0.001035,-0.005236,-0.087977,0.006981,0.124372,-0.001745,-0.001745,-0.003491,1.407902,0.003491,0.245671,0.003491,1.190785,-0.001745,-0.257888,0.001745,1.160730,0.001745
1771466112.877,3603,1,1,0.0000,0.9982,0.0017,0.0000,0.0000,0.0000,0.0000,0.023911,0.269569,0.002304,0.004715,0.005756,0.005236,-0.001745,0.143506,-0.036652,-0.029013,0.001745,0.043277,-0.001745,-0.014621,0.006981,0.086181,-0.001745,-0.006981,-0.003491,1.218623,0.005236,-0.005773,0.001745,0.921759,-0.001745,0.004027,0.000000,1.081694,0.001745
1771466112.977,3606,1,1,0.0000,0.9940,0.0059,0.0000,0.0000,0.0000,0.0000,0.028634,0.248715,0.001925,0.002913,0.005978,-0.006981,0.010472,0.207967,-0.026180,-0.040380,0.003491,0.064783,-0.005236,-0.003253,0.006981,0.049913,-0.001745,-0.008727,0.006981,1.041925,0.003491,-0.080092,0.000000,0.810118,-0.001745,0.073110,0.001745,1.045461,0.001745
1771466113.077,3609,1,1,0.0000,0.9911,0.0088,0.0000,0.0000,0.0000,0.0000,0.019733,0.030231,0.001198,0.001048,0.004605,0.003491,-0.001745,0.088537,-0.017453,-0.083188,0.003491,0.021566,-0.005236,0.044790,0.006981,0.067942,-0.001745,-0.005236,0.005236,0.204131,0.005236,0.144677,0.000000,-0.162125,-0.001745,-0.146422,0.003491,-0.448260,0.000000
1771466113.177,3612,1,1,0.0000,0.9999,0.0001,0.0000,0.0000,0.0000,0.0000,0.021181,0.006297,0.000763,0.002688,0.004948,0.003491,-0.003491,0.057505,-0.012217,-0.086007,0.003491,0.012460,-0.005236,0.051100,0.006981,0.119147,-0.001745,0.000000,0.000000,-0.138229,0.000000,0.070328,0.001745,-1.038493,-0.001745,-0.072073,0.003491,-1.151183,0.000000
1771466113.278,3615,1,1,0.0000,1.0000,0.0000,0.0000,0.0000,0.0000,0.0000,0.017140,0.003943,0.000641,0.001917,0.001237,0.005236,-0.005236,0.038361,-0.008727,-0.031503,0.003491,0.003041,-0.005236,-0.005149,0.006981,0.148573,-0.001745,0.000000,0.000000,-0.041479,0.000000,0.043827,0.001745,-0.712202,-0.001745,-0.047317,0.001745,-0.722356,0.000000
1771466113.378,3618,1,1,0.0000,0.9999,0.0000,0.0000,0.0000,0.0000,0.0000,0.013958,0.090770,0.000249,0.002821,0.004576,0.003491,-0.005236,0.030221,-0.005236,-0.011748,0.003491,0.002246,-0.005236,-0.017922,0.006981,0.121070,-0.001745,0.000000,0.000000,0.149744,0.000000,-0.031907,0.001745,0.259653,-0.001745,0.026671,0.001745,0.649684,0.000000
1771466113.478,3621,1,1,0.0000,0.9981,0.0019,0.0000,0.0000,0.0000,0.0000,0.014903,0.187924,0.000806,0.002640,0.002927,0.005236,-0.003491,0.047851,-0.003491,-0.022747,0.005236,0.012145,-0.005236,-0.003433,0.006981,0.101388,-0.001745,0.000000,0.000000,0.704982,0.001745,0.001193,0.001745,0.616353,0.000000,-0.009919,0.003491,0.925577,0.000000
1771466113.578,3624,1,1,0.0000,0.9920,0.0080,0.0000,0.0000,0.0000,0.0000,0.003768,0.195560,0.000836,0.001654,0.000912,0.005236,-0.003491,0.023793,-0.001745,-0.038872,0.005236,-0.002659,-0.001745,0.003965,0.006981,-0.039110,-0.001745,0.001745,0.000000,0.834392,0.010472,0.164941,0.003491,0.554404,0.000000,-0.168432,0.003491,0.773779,0.000000
1771466113.679,3627,1,1,0.0001,0.9690,0.0308,0.0000,0.0000,0.0000,0.0001,0.003860,0.135340,0.000543,0.001190,0.003678,0.005236,-0.005236,0.011009,-0.001745,-0.055746,0.003491,-0.047261,-0.005236,0.015603,0.006981,0.004000,-0.001745,0.000000,0.000000,0.545772,0.012217,0.047172,0.003491,0.389881,0.000000,-0.047172,0.001745,0.623806,0.000000
1771466113.779,3630,1,1,0.0001,0.8328,0.1670,0.0000,0.0000,0.0000,0.0001,0.002315,0.135059,0.002940,0.001704,0.003328,0.005236,-0.005236,-0.031009,-0.001745,-0.048864,0.003491,-0.073851,-0.006981,0.005231,0.006981,0.006843,-0.001745,0.000000,0.000000,0.492041,0.033161,-0.039302,0.003491,0.499798,0.022689,0.037556,0.006981,0.518014,0.006981
1771466113.879,3633,1,1,0.0000,0.5694,0.4305,0.0000,0.0000,0.0000,0.0000,0.003635,0.125307,0.002224,0.002488,0.000745,0.005236,-0.005236,-0.050656,-0.001745,-0.053439,0.003491,-0.064372,-0.005236,0.004570,0.006981,0.023338,-0.001745,0.003491,0.005236,0.458631,0.045379,-0.046490,0.000000,0.413429,0.043633,0.030782,0.012217,0.466448,0.024435
1771466113.980,3636,2,2,0.0000,0.3253,0.6747,0.0000,0.0000,0.0000,0.0000,0.011183,0.125418,0.001690,0.001364,0.000630,0.005236,-0.005236,-0.029280,-0.001745,-0.057393,0.003491,0.109970,-0.005236,0.008523,0.006981,-0.001104,-0.001745,0.005236,0.005236,0.417014,0.048869,-0.070882,-0.003491,0.413384,0.057596,0.048192,0.015708,0.453642,0.040143
1771466114.080,3639,2,2,0.0000,0.3874,0.6125,0.0000,0.0000,0.0000,0.0000,0.001558,0.056530,0.000636,0.001829,0.003116,0.005236,-0.005236,-0.189568,-0.001745,-0.044863,0.003491,0.001757,-0.001745,0.001230,0.006981,-0.057799,-0.001745,0.003491,0.006981,0.405925,0.054105,-0.024673,-0.005236,0.059501,0.071558,-0.003252,0.019199,-0.064072,0.057596
1771466114.180,3642,1,1,0.0000,0.9392,0.0607,0.0000,0.0000,0.0000,0.0000,0.010021,0.024495,0.005617,0.000429,0.005232,0.005236,-0.003491,-0.382130,-0.001745,0.106294,0.001745,-0.370887,-0.001745,-0.146437,0.006981,-1.147661,-0.001745,0.005236,0.006981,-0.969361,0.057596,-0.103694,-0.005236,-1.469015,0.075049,0.068787,0.019199,-1.713349,0.061087
1771466114.281,3645,1,1,0.0000,0.9939,0.0061,0.0000,0.0000,0.0000,0.0000,0.006578,0.012654,0.002947,0.001592,0.007138,0.005236,-0.005236,-0.138747,-0.001745,0.064977,0.001745,-0.496257,-0.001745,-0.103374,0.006981,-0.890508,-0.001745,0.001745,0.000000,-1.593558,0.038397,-0.015760,0.000000,-1.440747,0.050615,-0.006929,0.010472,-1.708927,0.050615
1771466114.380,3648,1,1,0.0000,0.9980,0.0020,0.0000,0.0000,0.0000,0.0000,0.001164,0.014486,0.001380,0.001060,0.003409,0.003491,-0.003491,-0.012446,-0.001745,-0.009052,0.003491,-0.388480,-0.005236,-0.031091,0.006981,-0.861308,-0.001745,0.001745,0.000000,-1.461265,0.024435,-0.077835,0.001745,-1.204589,0.036652,0.063872,0.003491,-1.406676,0.041888
1771466114.481,3651,1,1,0.0000,0.9976,0.0024,0.0000,0.0000,0.0000,0.0000,0.006027,0.012068,0.005468,0.001746,0.007676,0.003491,-0.003491,0.054757,-0.001745,0.005355,0.001745,-0.236099,-0.005236,-0.043753,0.006981,-0.604386,-0.001745,0.001745,0.000000,-0.984769,0.005236,-0.088960,0.001745,-0.973687,0.017453,0.078488,0.003491,-1.074881,0.036652
1771466114.581,3654,1,1,0.0000,0.9950,0.0050,0.0001,0.0000,0.0000,0.0000,0.102288,0.006291,0.007866,0.003275,0.003596,0.003491,-0.003491,0.044032,-0.001745,0.047950,0.001745,0.256081,-0.005236,-0.093329,0.005236,0.868919,-0.001745,0.001745,0.000000,-0.669942,0.000000,-0.045827,0.001745,-0.738665,0.005236,0.033610,0.003491,-0.843437,0.029671
1771466114.683,3657,1,1,0.0000,0.9950,0.0037,0.0013,0.0000,0.0000,0.0000,0.109606,0.003343,0.008017,0.002055,0.012264,0.003491,-0.003491,0.206548,-0.001745,0.044160,0.000000,0.400963,-0.005236,-0.089539,0.006981,0.653134,-0.001745,0.003491,0.000000,-0.445235,0.000000,0.008704,0.001745,-0.429338,0.001745,-0.022666,0.003491,-0.527440,0.020944
1771466114.783,3660,1,1,0.0000,0.9916,0.0020,0.0063,0.0000,0.0000,0.0000,0.073522,0.006994,0.009211,0.004022,0.006444,0.003491,0.000000,0.133832,-0.001745,0.043335,0.000000,0.365014,-0.005236,-0.085223,0.006981,0.329617,-0.003491,0.000000,0.000000,-0.435901,-0.001745,0.066476,0.001745,-0.208487,0.000000,-0.076948,0.005236,-0.315754,0.010472
1771466114.883,3663,1,1,0.0000,0.9961,0.0013,0.0027,0.0000,0.0000,0.0000,0.049691,0.006374,0.005224,0.000784,0.003143,0.005236,-0.003491,0.042723,-0.001745,0.038824,0.001745,0.290390,-0.005236,-0.080712,0.006981,0.210394,-0.001745,0.000000,0.000000,-0.262606,-0.003491,0.066012,0.001745,-0.163664,0.000000,-0.074739,0.005236,-0.254509,0.003491
1771466114.984,3666,1,1,0.0000,0.9990,0.0009,0.0001,0.0000,0.0000,0.0000,0.016730,0.004591,0.002546,0.004146,0.001809,0.003491,-0.003491,0.081586,-0.001745,0.106954,0.001745,-0.269186,-0.005236,-0.143606,0.006981,-0.575862,-0.001745,0.000000,0.000000,-0.056302,-0.001745,0.048114,0.001745,-0.128588,0.000000,-0.058586,0.003491,-0.197957,0.001745
1771466115.083,3669,1,1,0.0000,0.9997,0.0003,0.0000,0.0000,0.0000,0.0000,0.007391,0.002066,0.002877,0.011398,0.009430,0.005236,-0.005236,0.042910,-0.001745,0.028325,0.005236,-0.466123,-0.005236,-0.068468,0.006981,-0.747221,-0.001745,0.000000,0.000000,-0.032251,-0.003491,0.017814,0.001745,-0.105835,0.000000,-0.026541,0.003491,-0.151807,0.001745
1771466115.183,3672,1,1,0.0000,1.0000,0.0000,0.0000,0.0000,0.0000,0.0000,0.009315,0.001236,0.003072,0.003621,0.010421,0.005236,-0.005236,0.094326,-0.001745,-0.001593,0.005236,-0.345572,-0.001745,-0.047276,0.006981,-0.431279,-0.001745,0.000000,0.000000,-0.062706,-0.003491,0.007850,0.001745,-0.112658,-0.001745,-0.016577,0.003491,-0.156493,0.001745
1771466115.283,3675,1,1,0.0000,1.0000,0.0000,0.0000,0.0000,0.0000,0.0000,0.261993,0.007381,0.002372,0.002945,0.004306,0.003491,-0.005236,0.572191,-0.001745,-0.130256,0.005236,1.363045,-0.005236,0.079642,0.006981,1.113334,-0.003491,0.000000,0.000000,-0.043481,-0.003491,-0.092487,0.001745,-0.102695,0.000000,0.078524,0.005236,0.001323,0.001745
1771466115.383,3678,1,1,0.0000,0.9999,0.0000,0.0001,0.0000,0.0000,0.0000,0.134539,0.042565,0.001607,0.003171,0.003017,0.003491,-0.005236,0.271100,-0.001745,0.025778,0.001745,0.691685,-0.005236,-0.062430,0.006981,0.613694,-0.001745,0.001745,0.000000,0.038860,-0.001745,0.093149,0.001745,0.175124,0.000000,-0.100131,0.003491,0.194924,0.001745
1771466115.485,3681,1,1,0.0000,0.9992,0.0007,0.0001,0.0000,0.0000,0.0000,0.015725,0.052382,0.003190,0.005327,0.003267,0.005236,-0.005236,0.174743,-0.001745,-0.003159,0.001745,-0.050221,-0.001745,-0.033493,0.006981,-0.392892,-0.003491,0.000000,0.000000,0.090466,-0.001745,-0.000380,0.000000,0.160200,-0.001745,-0.008347,0.003491,0.372684,0.001745
1771466115.584,3684,1,1,0.0000,0.9981,0.0019,0.0000,0.0000,0.0000,0.0000,0.001309,0.027871,0.004020,0.012680,0.013671,0.003491,-0.003491,-0.160869,-0.001745,-0.015913,0.003491,-0.210864,-0.001745,-0.018994,0.008727,-0.292709,-0.001745,0.000000,0.000000,0.066735,-0.001745,-0.003810,0.001745,0.104225,-0.001745,-0.004917,0.003491,0.156517,0.001745
1771466115.685,3687,1,1,0.0000,0.9996,0.0004,0.0000,0.0000,0.0000,0.0000,0.001496,0.022578,0.001991,0.009765,0.009664,0.003491,-0.003491,-0.301065,-0.001745,-0.035405,0.003491,-0.455514,-0.005236,0.003989,0.006981,-0.678222,-0.001745,0.000000,0.000000,0.083462,-0.001745,0.062302,0.001745,0.040249,0.000000,-0.071029,0.003491,0.077939,0.001745
1771466115.785,3690,1,1,0.0000,0.9999,0.0001,0.0000,0.0000,0.0000,0.0000,0.001536,0.033033,0.001866,0.002968,0.004626,0.003491,-0.003491,-0.167256,-0.001745,-0.030646,0.001745,-0.431335,-0.005236,0.006211,0.006981,-0.606943,-0.003491,0.000000,0.000000,0.271532,-0.001745,0.078118,0.003491,0.004108,-0.001745,-0.085100,0.003491,0.033913,0.001745
1771466115.885,3693,1,1,0.0000,1.0000,0.0000,0.0000,0.0000,0.0000,0.0000,0.002276,0.016100,0.004581,0.002516,0.002871,0.005236,-0.005236,-0.176247,-0.001745,-0.037787,0.003491,-0.232461,-0.005236,0.011607,0.006981,-0.353849,-0.003491,0.000000,0.000000,0.123738,-0.001745,0.062485,0.001745,-0.068839,0.000000,-0.069466,0.003491,-0.059513,0.001745
1771466115.986,3696,1,1,0.0000,1.0000,0.0000,0.0000,0.0000,0.0000,0.0000,0.003467,0.012926,0.005446,0.002429,0.010730,0.005236,-0.005236,-0.132878,-0.001745,-0.059060,0.001745,-0.115259,-0.005236,0.027644,0.006981,-0.233422,-0.001745,0.000000,0.000000,0.125915,-0.001745,-0.025703,0.003491,-0.045192,0.000000,0.020467,0.003491,-0.034666,0.001745
1771466116.086,3699,1,1,0.0000,1.0000,0.0000,0.0000,0.0000,0.0000,0.0000,0.001164,0.020661,0.003010,0.002192,0.002972,0.005236,-0.003491,-0.248120,-0.001745,-0.034092,0.001745,-0.081497,-0.001745,-0.000814,0.006981,-0.125738,-0.001745,0.000000,0.000000,-0.079019,-0.001745,0.005023,0.001745,-0.025466,0.000000,-0.006768,0.003491,0.235934,0.001745
1771466116.186,3702,1,1,0.0000,1.0000,0.0000,0.0000,0.0000,0.0000,0.0000,0.002120,0.005161,0.006767,0.002723,0.004686,0.005236,-0.001745,-0.151157,-0.001745,-0.032870,0.001745,-0.045894,-0.005236,-0.000291,0.006981,0.011472,-0.001745,0.000000,0.000000,-0.063321,-0.001745,-0.004460,0.001745,-0.031385,0.000000,0.000970,0.005236,0.052234,0.001745
1771466116.287,3705,1,1,0.0000,1.0000,0.0000,0.0000,0.0000,0.0000,0.0000,0.006933,0.006374,0.014636,0.009503,0.006723,0.003491,-0.003491,-0.061064,-0.001745,-0.036182,0.000000,0.073194,-0.001745,0.001276,0.005236,-0.060046,-0.001745,0.000000,0.000000,-0.068988,-0.001745,-0.078235,0.001745,-0.032013,0.000000,0.069508,0.003491,-0.022752,0.001745
1771466116.387,3708,1,1,0.0000,1.0000,0.0000,0.0000,0.0000,0.0000,0.0000,0.001269,0.006448,0.009064,0.011869,0.007336,0.003491,-0.003491,-0.277297,-0.001745,-0.014280,0.001745,0.006498,-0.001745,-0.015391,0.003491,-0.109942,-0.001745,0.000000,0.000000,-0.066417,-0.003491,-0.078114,0.001745,-0.021551,0.000000,0.067642,0.003491,0.002753,0.001745
1771466116.487,3711,1,1,0.0000,1.0000,0.0000,0.0000,0.0000,0.0000,0.0000,0.010920,0.025906,0.002808,0.007132,0.011199,0.003491,0.000000,-0.257797,-0.003491,-0.059120,0.001745,0.094610,-0.001745,0.027704,0.003491,-0.066154,-0.001745,0.000000,0.000000,-0.120947,-0.001745,-0.060612,0.001745,0.097041,-0.001745,0.051886,0.003491,0.154959,0.001745
1771466116.587,3714,1,1,0.0000,1.0000,0.0000,0.0000,0.0000,0.0000,0.0000,0.010982,0.005062,0.004925,0.008941,0.003404,0.005236,-0.001745,-0.179675,-0.001745,-0.014894,0.003491,0.046999,-0.005236,-0.014776,0.005236,0.070826,-0.003491,0.001745,0.000000,-0.280687,-0.001745,-0.032768,0.000000,0.018781,0.000000,0.020551,0.003491,0.014428,0.001745
1771466116.688,3717,1,1,0.0000,0.9999,0.0000,0.0000,0.0000,0.0000,0.0000,0.036335,0.005115,0.003421,0.003204,0.005185,0.005236,-0.003491,-0.119822,-0.001745,0.041049,0.003491,0.011488,-0.001745,-0.061993,0.003491,0.371267,-0.001745,0.000000,0.000000,-0.183728,-0.001745,0.044277,0.000000,0.002262,0.000000,-0.056494,0.003491,0.009611,0.001745
1771466116.789,3720,1,1,0.0000,0.9999,0.0000,0.0000,0.0000,0.0000,0.0001,0.027740,0.001788,0.003811,0.005888,0.004877,0.005236,-0.001745,-0.111936,-0.001745,0.011737,0.000000,0.002173,-0.005236,-0.034426,0.005236,0.308500,-0.003491,0.000000,0.000000,-0.124933,-0.001745,0.006424,0.000000,-0.001703,0.000000,-0.016896,0.003491,0.009798,0.001745
1771466116.889,3723,1,1,0.0000,0.9999,0.0000,0.0000,0.0000,0.0000,0.0001,0.028632,0.003594,0.003927,0.003432,0.011122,0.001745,-0.001745,-0.093029,-0.001745,0.051175,0.000000,-0.004963,-0.005236,-0.075609,0.003491,0.287179,-0.001745,0.000000,0.000000,0.016025,-0.001745,0.021869,0.000000,-0.014938,0.000000,-0.025359,0.003491,-0.305727,0.001745
1771466116.989,3726,1,1,0.0000,1.0000,0.0000,0.0000,0.0000,0.0000,0.0000,0.013211,0.015358,0.004403,0.004013,0.005363,0.003491,-0.001745,-0.016203,-0.001745,0.027597,0.000000,-0.026348,-0.001745,-0.055523,0.001745,0.125699,-0.001745,0.000000,0.000000,-0.054163,-0.001745,0.012272,0.000000,-0.031649,0.000000,-0.015763,0.003491,0.166785,0.001745
1771466117.089,3729,1,1,0.0000,0.9999,0.0000,0.0000,0.0000,0.0000,0.0000,0.042143,0.050909,0.009731,0.006157,0.007848,0.003491,0.000000,0.396462,-0.001745,0.017283,0.000000,-0.039057,-0.001745,-0.048699,0.003491,0.084993,-0.001745,0.000000,0.000000,-0.029058,-0.001745,-0.033511,0.001745,0.184321,0.000000,0.026530,0.003491,0.393074,0.001745
1771466117.190,3732,1,1,0.0000,0.9997,0.0002,0.0000,0.0000,0.0000,0.0001,0.019761,0.051042,0.005986,0.014453,0.008345,0.001745,-0.003491,0.195556,-0.001745,0.034593,0.003491,-0.033173,-0.001745,-0.074736,0.001745,-0.026926,-0.001745,0.000000,0.000000,-0.045881,-0.001745,-0.041294,0.001745,0.260099,0.000000,0.030822,0.001745,0.316352,0.001745
1771466117.290,3735,1,1,0.0000,0.9997,0.0002,0.0000,0.0000,0.0000,0.0000,0.010483,0.033693,0.006042,0.012940,0.009935,0.001745,-0.003491,0.104510,-0.001745,0.016054,0.000000,-0.046567,-0.001745,-0.054451,0.003491,-0.062874,-0.001745,0.000000,0.000000,-0.057794,-0.001745,0.051637,0.001745,0.100270,-0.001745,-0.062109,0.003491,0.245425,0.001745
1771466117.390,3738,1,1,0.0000,0.9999,0.0001,0.0000,0.0000,0.0000,0.0000,0.000727,0.040284,0.004516,0.006498,0.002994,0.003491,-0.006981,-0.120957,-0.001745,-0.007061,0.001745,-0.088569,-0.001745,-0.029591,0.003491,-0.113210,-0.001745,0.001745,0.000000,-0.048897,-0.001745,0.012030,0.000000,0.252154,0.000000,-0.019012,0.001745,0.213988,0.001745
1771466117.490,3741,1,1,0.0000,0.9998,0.0000,0.0000,0.0000,0.0000,0.0001,0.010416,0.030855,0.006005,0.004317,0.005054,0.003491,-0.005236,-0.100866,-0.001745,-0.147676,0.001745,-0.096556,-0.001745,0.116260,0.003491,-0.034076,-0.001745,0.000000,0.000000,-0.022726,-0.003491,-0.169278,0.001745,0.181043,0.000000,0.162297,0.001745,0.021678,0.001745
1771466117.590,3744,1,1,0.0000,0.9999,0.0000,0.0000,0.0000,0.0000,0.0001,0.005914,0.017206,0.005904,0.008798,0.008483,0.003491,-0.003491,-0.095393,-0.001745,-0.086671,0.001745,-0.081438,-0.001745,0.062237,0.003491,-0.019549,-0.001745,0.000000,0.000000,-0.019970,-0.001745,-0.065834,0.001745,0.101065,0.000000,0.058853,0.003491,0.039569,0.001745
1771466117.690,3747,1,1,0.0000,0.9997,0.0000,0.0000,0.0000,0.0000,0.0003,0.008294,0.018898,0.003329,0.002884,0.003004,0.001745,-0.001745,-0.165673,-0.001745,-0.063657,0.001745,-0.074377,-0.001745,0.039223,0.003491,0.053323,-0.003491,0.000000,0.000000,-0.001681,-0.001745,-0.041572,0.001745,0.058408,0.000000,0.032846,0.001745,0.130289,0.001745
1771466117.791,3750,1,1,0.0000,0.9996,0.0000,0.0000,0.0000,0.0000,0.0003,0.004908,0.010923,0.000802,0.003797,0.004281,0.003491,0.000000,-0.121741,-0.001745,-0.022128,0.000000,-0.068614,-0.001745,-0.007543,0.006981,0.048421,-0.001745,0.000000,0.000000,-0.069931,-0.001745,-0.000952,0.000000,0.048521,0.000000,-0.009520,0.003491,0.077316,0.001745
1771466117.891,3753,1,1,0.0000,0.9992,0.0000,0.0000,0.0000,0.0000,0.0008,0.046553,0.012526,0.001977,0.004187,0.002434,0.001745,-0.001745,0.216196,-0.001745,-0.001661,0.003491,0.130755,-0.005236,-0.021028,0.005236,0.201218,-0.001745,0.000000,0.000000,-0.094115,-0.001745,0.020957,0.001745,0.028200,0.000000,-0.024447,0.001745,0.095920,0.001745
1771466117.992,3756,1,1,0.0000,1.0000,0.0000,0.0000,0.0000,0.0000,0.0000,0.010095,0.017393,0.010327,0.006990,0.008786,0.003491,-0.003491,-0.181710,-0.001745,-0.042760,0.003491,0.025413,-0.001745,0.023562,0.005236,0.059947,-0.003491,0.000000,0.000000,-0.075167,-0.001745,-0.001711,0.001745,0.098871,0.000000,-0.000034,0.000000,0.106357,0.001745
1771466118.094,3759,1,1,0.0000,0.9999,0.0001,0.0000,0.0000,0.0000,0.0000,0.006835,0.021215,0.004115,0.002402,0.002025,0.005236,-0.005236,-0.203032,-0.001745,-0.012236,0.003491,0.037386,-0.005236,-0.022670,0.005236,0.030669,-0.001745,0.000000,0.000000,-0.138070,-0.001745,0.040032,0.001745,0.034279,0.000000,-0.041777,0.001745,0.175028,0.001745
1771466118.192,3762,1,1,0.0000,1.0000,0.0000,0.0000,0.0000,0.0000,0.0000,0.002671,0.009536,0.005246,0.006595,0.005982,0.005236,-0.003491,-0.123663,-0.001745,-0.015343,0.003491,0.010392,-0.001745,-0.021309,0.005236,0.007691,-0.001745,0.000000,0.000000,-0.099195,-0.001745,-0.023599,0.003491,0.018117,0.000000,0.027089,0.003491,0.060499,0.001745
1771466118.293,3765,1,1,0.0000,1.0000,0.0000,0.0000,0.0000,0.0000,0.0000,0.004473,0.075427,0.008335,0.006947,0.019791,0.005236,-0.005236,-0.241452,-0.001745,0.011611,0.001745,-0.012546,-0.001745,-0.046517,0.005236,0.029849,-0.001745,0.000000,0.000000,0.204461,-0.003491,-0.061937,0.001745,0.193060,0.000000,0.058446,0.001745,0.443919,0.001745
1771466118.394,3768,1,1,0.0000,1.0000,0.0000,0.0000,0.0000,0.0000,0.0000,0.004789,0.141832,0.016447,0.046418,0.103091,0.005236,-0.005236,-0.133290,-0.001745,0.045254,0.001745,-0.048534,-0.001745,-0.076670,0.005236,-0.081973,-0.001745,0.000000,0.000000,0.828822,-0.001745,0.067251,0.001745,0.398639,0.000000,-0.072487,0.003491,0.398543,0.003491
1771466118.493,3771,1,1,0.0000,0.9999,0.0001,0.0000,0.0000,0.0000,0.0000,0.004163,0.101194,0.007991,0.033049,0.075355,0.005236,-0.005236,-0.100545,-0.001745,0.022871,0.001745,0.014867,-0.001745,-0.063013,0.005236,-0.098653,-0.001745,0.000000,0.000000,0.371133,-0.001745,0.164631,0.001745,0.296587,0.000000,-0.162886,0.008727,0.364524,0.006981
1771466118.593,3774,1,1,0.0000,0.9998,0.0002,0.0000,0.0000,0.0000,0.0000,0.008377,0.096673,0.016104,0.014638,0.011618,0.005236,-0.003491,-0.204532,-0.001745,-0.024295,0.003491,0.086565,-0.001745,-0.019339,0.005236,-0.020504,-0.001745,0.000000,0.000000,0.837974,-0.001745,0.157632,0.001745,0.153995,0.000000,-0.154141,0.003491,-0.433146,0.005236
1771466118.694,3777,1,1,0.0000,0.9999,0.0001,0.0000,0.0000,0.0000,0.0000,0.069931,0.067198,0.013278,0.019901,0.039505,0.005236,-0.003491,0.336444,-0.001745,0.005172,0.003491,0.097819,-0.005236,-0.047060,0.005236,0.385781,-0.001745,0.000000,0.000000,0.743317,-0.001745,0.052587,0.001745,-0.119380,0.000000,-0.043860,0.003491,-0.289123,0.005236
1771466118.794,3780,1,1,0.0000,0.9995,0.0004,0.0000,0.0000,0.0000,0.0000,0.074584,0.035997,0.039582,0.019921,0.052241,0.005236,-0.003491,0.052798,-0.001745,-0.004256,0.003491,0.218695,-0.001745,-0.035886,0.005236,0.609554,0.000000,0.000000,0.005236,0.323029,0.001745,-0.077648,0.001745,0.005106,0.000000,0.086375,0.003491,-0.006640,0.005236
1771466118.894,3783,1,1,0.0000,0.9976,0.0024,0.0000,0.0000,0.0000,0.0000,0.047058,0.017870,0.027927,0.037280,0.065164,0.005236,-0.005236,0.013992,-0.001745,-0.030521,0.005236,0.279892,-0.001745,-0.007876,0.005236,0.255105,0.000000,0.000000,0.000000,-0.219658,0.003491,-0.094509,0.001745,-0.408460,0.000000,0.092764,0.005236,0.105972,0.005236
1771466118.995,3786,1,1,0.0000,0.9942,0.0058,0.0000,0.0000,0.0000,0.0000,0.025919,0.054379,0.016839,0.015276,0.036025,0.005236,-0.003491,0.010827,-0.001745,-0.030145,0.003491,0.193320,-0.001745,-0.004761,0.005236,0.092924,0.000000,0.000000,0.000000,-0.125751,0.001745,-0.016833,0.003491,-0.046449,0.001745,0.016833,0.003491,0.620003,0.005236
1771466119.096,3789,1,1,0.0000,0.9984,0.0016,0.0000,0.0000,0.0000,0.0000,0.097922,0.010986,0.008156,0.005277,0.080574,0.005236,-0.003491,0.232730,-0.001745,0.040068,0.005236,0.402570,-0.001745,-0.071483,0.005236,0.483986,0.000000,0.000000,0.000000,-1.128853,-0.001745,0.119616,0.001745,-0.912829,-0.001745,-0.117871,0.005236,-0.672068,0.005236
1771466119.195,3792,1,1,0.0000,0.9973,0.0027,0.0000,0.0000,0.0000,0.0000,0.032707,0.009327,0.007691,0.006726,0.033606,0.005236,-0.003491,-0.092788,-0.001745,-0.219608,0.003491,0.185090,-0.001745,0.193428,0.005236,-0.277016,0.000000,0.000000,0.000000,-0.800567,0.000000,0.101451,0.001745,-0.440847,0.000000,-0.096215,0.003491,-0.860600,0.005236
1771466119.296,3795,1,1,0.0000,0.9977,0.0023,0.0000,0.0000,0.0000,0.0000,0.002114,0.016685,0.009897,0.004568,0.005752,0.005236,-0.005236,-0.005799,-0.001745,0.011400,0.003491,-0.345258,-0.001745,-0.037579,0.005236,-0.157550,0.000000,0.000000,0.000000,-0.529199,-0.001745,0.030616,0.003491,0.159137,0.000000,-0.028871,0.003491,-0.071880,0.003491
1771466119.396,3798,1,1,0.0000,0.9991,0.0009,0.0000,0.0000,0.0000,0.0000,0.004445,0.066712,0.016617,0.006147,0.020356,0.005236,-0.003491,-0.023499,-0.001745,0.037628,0.005236,-0.189416,-0.001745,-0.062063,0.005236,-0.457328,0.000000,0.000000,0.000000,0.369216,-0.001745,-0.003744,0.005236,0.308778,0.000000,0.005490,0.005236,0.103100,0.003491
1771466119.496,3801,1,1,0.0000,0.9951,0.0048,0.0000,0.0000,0.0000,0.0000,0.001492,0.199738,0.003697,3.228739,2.543208,0.005236,-0.003491,-0.038848,-0.001745,-0.019650,0.006981,-0.047607,-0.001745,0.000451,0.005236,-0.195195,0.000000,0.000000,0.000000,0.253067,-0.001745,-0.183607,0.001745,0.646484,0.000000,0.185352,0.003491,1.303231,0.003491
1771466119.596,3804,1,1,0.0000,0.9972,0.0028,0.0000,0.0000,0.0000,0.0000,0.003057,0.138321,0.003442,0.009940,0.027404,0.005236,-0.003491,-0.066729,-0.001745,-0.036685,0.003491,-0.060655,-0.001745,0.020977,0.006981,-0.260957,0.000000,0.000000,0.000000,-0.314812,-0.001745,-0.139856,0.003491,0.595845,0.001745,0.134620,0.008727,0.911929,0.003491
1771466119.697,3807,1,1,0.0000,0.9954,0.0046,0.0000,0.0000,0.0000,0.0000,0.087152,0.109488,0.024171,0.039805,0.057540,0.005236,-0.005236,-0.173909,-0.001745,0.108329,0.005236,0.320207,-0.001745,-0.134509,0.006981,0.599834,0.000000,0.000000,0.000000,-0.180597,-0.001745,0.058760,0.003491,0.579939,0.001745,-0.058760,0.006981,0.659444,0.003491
1771466119.797,3810,1,1,0.0000,0.9966,0.0034,0.0000,0.0000,0.0000,0.0000,0.057542,0.093098,0.006434,0.056894,0.105814,0.005236,-0.005236,0.423663,-0.001745,0.141104,0.005236,-0.434401,0.003491,-0.170774,0.006981,0.104797,0.000000,0.000000,0.000000,0.977189,-0.005236,-0.119039,0.003491,-1.001649,0.000000,0.127765,0.003491,-0.820593,0.005236
1771466119.897,3813,1,1,0.0000,0.9965,0.0035,0.0000,0.0000,0.0000,0.0000,0.015730,0.054159,0.016867,0.036132,0.088524,0.005236,-0.003491,0.088911,-0.001745,0.080650,0.006981,-0.600584,-0.005236,-0.110321,0.006981,-0.258460,0.000000,0.000000,0.000000,0.574266,0.000000,0.063420,0.001745,-0.258306,0.003491,-0.058184,0.003491,-0.791630,0.003491
1771466119.997,3816,1,1,0.0000,0.9929,0.0071,0.0000,0.0000,0.0000,0.0000,0.034949,0.051605,0.026017,0.040270,0.057151,0.003491,-0.003491,0.360073,-0.001745,0.045358,0.005236,-0.503489,-0.005236,-0.073283,0.005236,-0.627989,0.000000,0.001745,0.000000,0.588428,0.000000,-0.015122,0.001745,-0.081935,0.003491,0.016867,0.003491,-0.390782,0.003491
1771466120.098,3819,1,1,0.0000,0.9879,0.0121,0.0000,0.0000,0.0000,0.0000,0.001545,0.039699,0.008558,0.014142,0.014005,0.003491,-0.005236,0.006318,-0.001745,-0.013857,0.003491,-0.055436,-0.005236,-0.017559,0.005236,-0.290250,0.000000,0.000000,0.005236,0.271787,0.008727,-0.102584,0.003491,0.072345,0.003491,0.104329,0.003491,-0.065995,0.003491
1771466120.198,3822,1,1,0.0001,0.9848,0.0151,0.0000,0.0000,0.0000,0.0000,0.214017,0.160482,0.813027,3.122163,2.567038,0.005236,-0.003491,2.292445,-0.001745,0.261795,0.003491,-1.029675,-0.005236,-0.300192,0.005236,-1.090787,-0.003491,0.000000,0.000000,1.700634,0.001745,0.214675,0.001745,-1.699950,0.000000,-0.214675,0.003491,-1.553342,0.003491
1771466120.298,3825,1,1,0.0001,0.9893,0.0104,0.0000,0.0000,0.0000,0.0001,0.187094,0.140556,0.009196,0.000000,0.010135,0.005236,-0.005236,2.065385,0.000000,0.160549,0.008727,-0.865592,-0.005236,-0.193710,0.005236,-0.911049,-0.001745,0.000000,-0.003491,1.536573,0.012217,0.130899,0.000000,-1.439895,0.000000,-0.130899,0.003491,-1.300270,0.003491
1771466120.398,3828,1,1,0.0000,0.9869,0.0126,0.0002,0.0000,0.0000,0.0004,0.157716,0.119903,0.016865,0.000000,0.019034,0.003491,-0.005236,1.784412,0.000000,0.094221,0.003491,-0.612467,-0.001745,-0.132618,0.006981,-0.657902,-0.001745,0.000000,0.000000,1.334115,0.012217,0.083776,0.001745,-1.165879,0.000000,-0.083776,0.003491,-1.036725,0.003491
1771466120.498,3831,1,1,0.0000,0.9925,0.0066,0.0001,0.0000,0.0000,0.0008,0.131398,0.103322,0.006387,0.000000,0.007019,0.003491,-0.005236,1.508723,0.000000,0.055841,0.003491,-0.390912,-0.005236,-0.099475,0.005236,-0.427597,-0.003491,0.000000,0.001745,1.163073,0.012217,0.054105,0.001745,-0.911061,0.000000,-0.057596,0.003491,-0.785398,0.003491
1771466120.599,3834,1,1,0.0000,0.9157,0.0815,0.0000,0.0000,0.0000,0.0028,0.108704,0.089069,0.006485,0.000000,0.006376,0.003491,-0.005236,1.259099,0.000000,0.034875,0.003491,-0.261758,-0.001745,-0.080254,0.003491,-0.284404,-0.003491,0.000000,0.001745,1.007739,0.012217,0.036652,0.003491,-0.670205,0.000000,-0.041888,0.003491,-0.542797,0.003491
1771466120.700,3837,1,1,0.0000,0.5299,0.4692,0.0000,0.0000,0.0000,0.0008,0.086735,0.085142,0.005520,0.000000,0.005779,0.003491,-0.005236,1.016402,0.000000,0.013940,0.003491,-0.188389,-0.005236,-0.071536,0.003491,-0.200685,-0.001745,0.000000,0.000000,0.978068,0.006981,0.024434,0.003491,-0.431095,-0.001745,-0.034906,0.005236,-0.340339,0.003491
1771466120.801,3840,2,2,0.0000,0.1604,0.8395,0.0000,0.0000,0.0000,0.0001,0.079750,0.083687,0.004831,0.000000,0.004724,0.001745,-0.003491,0.944788,0.003491,0.001736,0.001745,-0.148249,-0.005236,-0.068058,0.003491,-0.153537,-0.001745,0.000000,0.000000,0.978068,0.005236,0.012217,0.001745,-0.284487,-0.003491,-0.026180,0.003491,-0.230383,0.003491
1771466120.901,3843,2,2,0.0000,0.1008,0.8990,0.0000,0.0000,0.0000,0.0001,0.079479,0.082960,0.002145,0.000000,0.002219,0.001745,-0.005236,0.945016,0.001745,-0.000014,0.001745,-0.127340,-0.005236,-0.064563,0.003491,-0.130868,-0.001745,0.000000,0.000000,0.978068,0.005236,0.006981,0.001745,-0.202457,-0.001745,-0.019198,0.003491,-0.169296,0.000000
1771466121.001,3846,2,2,0.0000,0.0729,0.9269,0.0000,0.0000,0.0000,0.0001,0.079485,0.082378,0.001927,0.000000,0.001817,0.001745,-0.005236,0.945090,0.001745,-0.000023,0.001745,-0.115070,-0.005236,-0.062809,0.003491,-0.122127,-0.001745,0.000000,0.000000,0.978068,0.003491,0.003490,0.001745,-0.202457,-0.003491,-0.013962,0.001745,-0.167551,0.000000
1771466121.101,3849,2,2,0.0001,0.0407,0.9590,0.0000,0.0001,0.0001,0.0001,0.079328,0.082233,0.001407,0.000000,0.001553,0.001745,-0.005236,0.944949,0.001745,-0.000021,0.001745,-0.109887,-0.005236,-0.062810,0.001745,-0.122053,-0.003491,0.000000,0.000000,0.978068,0.005236,-0.000000,0.001745,-0.200712,-0.003491,-0.010472,0.001745,-0.167551,0.000000
1771466121.201,3852,2,2,0.0003,0.0208,0.9779,0.0001,0.0002,0.0003,0.0004,0.079598,0.082378,0.001059,0.000000,0.001075,0.001745,-0.005236,0.944701,0.001745,-0.000038,0.003491,-0.108112,-0.005236,-0.062794,0.003491,-0.120325,-0.001745,0.000000,0.000000,0.978068,0.003491,0.001745,0.003491,-0.202457,-0.005236,-0.005236,0.001745,-0.167551,0.000000
1771466121.302,3855,2,2,0.0017,0.0223,0.9730,0.0004,0.0006,0.0011,0.0009,0.079614,0.082233,0.000000,0.000000,0.000000,0.001745,-0.005236,0.946643,0.001745,-0.000003,0.001745,-0.106451,-0.005236,-0.062828,0.003491,-0.120415,-0.003491,0.000000,0.000000,0.978068,0.003491,0.001745,0.001745,-0.202457,-0.003491,-0.005236,0.001745,-0.167551,0.000000
1771466121.403,3858,2,2,0.0106,0.0214,0.9561,0.0007,0.0018,0.0066,0.0028,0.079324,0.082378,0.000000,0.000000,0.000000,0.001745,-0.005236,0.944906,0.001745,-0.000000,0.001745,-0.106464,-0.005236,-0.062832,0.001745,-0.120428,-0.001745,0.000000,0.000000,0.978068,0.003491,0.001745,0.001745,-0.202457,-0.003491,-0.005236,0.003491,-0.167551,0.000000
1771466121.506,3861,0,0,0.9666,0.0190,0.0008,0.0027,0.0004,0.0010,0.0095,0.079324,0.082524,0.000000,0.000000,0.000000,0.001745,-0.005236,0.944906,0.001745,-0.000000,0.001745,-0.102973,-0.005236,-0.061087,0.001745,-0.120428,-0.001745,0.000000,0.000000,0.978069,0.005236,0.001745,0.001745,-0.200712,-0.005236,-0.005236,0.003491,-0.167552,0.000000
1771466121.606,3864,0,0,0.9982,0.0006,0.0000,0.0001,0.0003,0.0001,0.0006,0.079324,0.082088,0.000000,0.000000,0.000000,0.001745,-0.003491,0.944906,0.001745,-0.000000,0.001745,-0.102973,-0.005236,-0.061087,0.001745,-0.120428,-0.001745,0.000000,0.000000,0.978069,0.001745,0.001745,0.001745,-0.171041,-0.003491,-0.003491,0.001745,-0.146608,0.000000
1771466121.711,3867,0,0,0.9995,0.0001,0.0000,0.0000,0.0002,0.0000,0.0002,0.079324,0.082088,0.000000,0.000000,0.000000,0.001745,-0.005236,0.944906,0.001745,-0.000000,0.001745,-0.102973,-0.005236,-0.061087,0.001745,-0.120428,-0.001745,0.000000,0.000000,0.978069,0.001745,0.001745,0.001745,-0.136135,-0.003491,-0.003491,0.001745,-0.125664,0.000000
1771466121.816,3870,0,0,0.9998,0.0000,0.0000,0.0000,0.0001,0.0000,0.0001,0.079324,0.082233,0.000000,0.000000,0.000000,0.001745,-0.005236,0.944906,0.001745,-0.000000,0.001745,-0.102973,-0.005236,-0.061087,0.001745,-0.120428,-0.001745,0.000000,0.000000,0.978069,0.003491,0.001745,0.001745,-0.125663,-0.003491,-0.005236,0.001745,-0.118682,0.000000
1771466121.915,3873,0,0,0.9999,0.0000,0.0000,0.0000,0.0001,0.0000,0.0001,0.079324,0.082088,0.000000,0.000000,0.000000,0.001745,-0.005236,0.944906,0.001745,-0.000000,0.001745,-0.101228,-0.005236,-0.059341,0.001745,-0.120428,-0.003491,0.000000,0.000000,0.978069,0.001745,0.001745,0.001745,-0.115191,-0.003491,-0.003491,0.001745,-0.116937,0.000000
1771466122.016,3876,0,0,0.9997,0.0001,0.0000,0.0000,0.0002,0.0000,0.0001,0.079324,0.082233,0.000000,0.000000,0.000000,0.001745,-0.003491,0.944906,0.001745,-0.000000,0.001745,-0.101228,-0.005236,-0.059341,0.001745,-0.120428,-0.001745,0.000000,0.000000,0.978069,0.003491,0.001745,0.001745,-0.115191,-0.003491,-0.003491,0.001745,-0.115192,0.000000
1771466122.119,3879,0,0,0.9998,0.0000,0.0000,0.0000,0.0001,0.0000,0.0000,0.079324,0.082088,0.000000,0.000000,0.000000,0.001745,-0.005236,0.944906,0.001745,-0.000000,0.001745,-0.101228,-0.005236,-0.059341,0.001745,-0.118682,-0.003491,0.000000,0.000000,0.978069,0.001745,0.001745,0.001745,-0.115191,-0.003491,-0.001745,0.001745,-0.115192,0.000000
1771466122.223,3882,0,0,0.9999,0.0000,0.0000,0.0000,0.0000,0.0000,0.0001,0.079324,0.082088,0.000000,0.000000,0.000000,0.001745,-0.005236,0.944906,0.001745,-0.000000,0.001745,-0.101228,-0.005236,-0.059341,0.001745,-0.118682,-0.001745,0.000000,0.000000,0.978069,0.001745,0.001745,0.001745,-0.113445,-0.003491,-0.001745,0.001745,-0.115192,0.000000
1771466122.321,3885,0,0,0.9999,0.0000,0.0000,0.0000,0.0000,0.0000,0.0001,0.079469,0.082088,0.000000,0.000000,0.000000,0.001745,-0.005236,0.946652,0.001745,-0.000000,0.001745,-0.101228,-0.005236,-0.059341,0.001745,-0.118682,-0.001745,0.000000,0.000000,0.978069,0.001745,0.001745,0.001745,-0.113445,-0.003491,-0.001745,0.001745,-0.115192,0.000000
1771466122.421,3888,0,0,0.9999,0.0000,0.0000,0.0000,0.0000,0.0000,0.0001,0.079179,0.082088,0.000000,0.000000,0.000000,0.001745,-0.005236,0.944906,0.001745,-0.000000,0.001745,-0.101228,-0.005236,-0.059341,0.000000,-0.118682,-0.001745,0.000000,0.000000,0.978069,0.001745,0.001745,0.001745,-0.115191,-0.003491,-0.003491,0.001745,-0.115192,0.000000
1771466122.525,3891,0,0,0.9999,0.0000,0.0000,0.0000,0.0000,0.0000,0.0001,0.079469,0.082233,0.000000,0.000000,0.000000,0.001745,-0.005236,0.946652,0.001745,-0.000000,0.001745,-0.101228,-0.005236,-0.059341,0.001745,-0.118682,-0.003491,0.000000,0.000000,0.978069,0.003491,0.001745,0.001745,-0.113445,-0.003491,-0.003491,0.001745,-0.115192,0.000000
1771466122.626,3894,0,0,0.9999,0.0000,0.0000,0.0000,0.0000,0.0000,0.0001,0.079469,0.082088,0.000000,0.000000,0.000000,0.001745,-0.005236,0.944906,0.001745,-0.000000,0.001745,-0.101228,-0.005236,-0.057596,0.003491,-0.118682,-0.003491,0.000000,0.000000,0.978069,0.001745,0.001745,0.001745,-0.113445,-0.003491,-0.001745,0.001745,-0.115192,0.000000
1771466122.722,3897,0,0,0.9999,0.0000,0.0000,0.0000,0.0000,0.0000,0.0001,0.079324,0.082233,0.000000,0.000000,0.000000,0.001745,-0.005236,0.944906,0.001745,-0.000000,0.001745,-0.097737,-0.005236,-0.057596,0.001745,-0.113446,-0.001745,0.000000,0.000000,0.978069,0.001745,0.001745,0.001745,-0.104719,-0.003491,-0.001745,0.003491,-0.108210,0.000000
1771466122.823,3900,0,0,0.9999,0.0000,0.0000,0.0000,0.0000,0.0000,0.0001,0.079179,0.082088,0.000000,0.000000,0.000000,0.000000,-0.005236,0.944906,0.001745,-0.000000,0.001745,-0.097737,-0.005236,-0.057596,0.001745,-0.113446,-0.003491,0.000000,0.000000,0.978069,0.001745,0.001745,0.001745,-0.104719,-0.003491,-0.003491,0.001745,-0.108210,0.000000
1771466122.922,3903,0,0,0.9999,0.0000,0.0000,0.0000,0.0000,0.0000,0.0001,0.079179,0.082088,0.000000,0.000000,0.000000,0.000000,-0.005236,0.944906,0.001745,-0.000000,0.001745,-0.097737,-0.005236,-0.057596,0.001745,-0.113446,-0.001745,0.000000,0.000000,0.978069,0.001745,0.001745,0.001745,-0.104719,-0.003491,-0.001745,0.001745,-0.108210,0.000000
1771466123.023,3906,0,0,0.9999,0.0000,0.0000,0.0000,0.0000,0.0000,0.0001,0.079469,0.082233,0.000000,0.000000,0.000000,0.000000,-0.005236,0.944906,0.001745,-0.000000,0.003491,-0.097737,-0.006981,-0.057596,0.003491,-0.113446,-0.003491,0.000000,0.000000,0.978069,0.003491,0.001745,0.001745,-0.104719,-0.003491,-0.001745,0.001745,-0.108210,0.000000
1771466123.123,3909,0,0,0.9995,0.0001,0.0000,0.0000,0.0003,0.0000,0.0000,0.079179,0.082088,0.000000,0.000000,0.000000,0.000000,-0.005236,0.944906,0.001745,-0.000000,0.001745,-0.097737,-0.005236,-0.057596,0.001745,-0.113446,-0.003491,0.000000,0.000000,0.978069,0.001745,0.001745,0.001745,-0.104719,-0.003491,-0.001745,0.001745,-0.108210,0.000000
1771466123.223,3912,0,0,0.9995,0.0001,0.0000,0.0000,0.0003,0.0000,0.0000,0.079179,0.082088,0.000000,0.000000,0.000000,0.000000,-0.005236,0.944906,0.001745,-0.000000,0.001745,-0.097737,-0.005236,-0.057596,0.001745,-0.113446,-0.003491,0.000000,0.000000,0.978069,0.001745,0.001745,0.001745,-0.104719,-0.005236,-0.001745,0.001745,-0.108210,0.000000
1771466123.323,3915,0,0,0.9995,0.0001,0.0000,0.0000,0.0003,0.0000,0.0000,0.079179,0.082088,0.000000,0.000000,0.000000,0.000000,-0.005236,0.944906,0.001745,-0.000000,0.001745,-0.097737,-0.005236,-0.057596,0.001745,-0.113446,-0.003491,0.000000,0.000000,0.978069,0.001745,0.001745,0.001745,-0.104719,-0.005236,-0.001745,0.001745,-0.108210,0.000000
1771466123.424,3918,0,0,0.9995,0.0001,0.0000,0.0000,0.0003,0.0000,0.0000,0.079324,0.082233,0.000000,0.000000,0.000000,0.000000,-0.006981,0.944906,0.001745,-0.000000,0.001745,-0.097737,-0.006981,-0.057596,0.003491,-0.113446,-0.003491,0.000000,0.000000,0.978069,0.003491,0.001745,0.001745,-0.104719,-0.005236,-0.001745,0.001745,-0.108210,0.000000
1771466123.524,3921,0,0,0.9995,0.0001,0.0000,0.0000,0.0003,0.0000,0.0000,0.079324,0.082088,0.000000,0.000000,0.000000,0.000000,-0.005236,0.944906,0.001745,-0.000000,0.001745,-0.097737,-0.005236,-0.057596,0.003491,-0.113446,-0.003491,0.000000,0.000000,0.978069,0.001745,0.001745,0.001745,-0.104719,-0.003491,-0.001745,0.001745,-0.108210,0.000000
1771466123.624,3924,0,0,0.9995,0.0001,0.0000,0.0000,0.0003,0.0000,0.0000,0.079324,0.082088,0.000000,0.000000,0.000000,0.000000,-0.006981,0.944906,0.001745,-0.000000,0.001745,-0.097737,-0.005236,-0.057596,0.003491,-0.113446,-0.005236,0.000000,0.000000,0.978069,0.001745,0.001745,0.001745,-0.104719,-0.003491,-0.001745,0.001745,-0.108210,0.000000
1771466123.724,3927,0,0,0.9995,0.0001,0.0000,0.0000,0.0003,0.0000,0.0000,0.079324,0.082088,0.000000,0.000000,0.000000,0.000000,-0.005236,0.944906,0.001745,-0.000000,0.003491,-0.097737,-0.006981,-0.057596,0.001745,-0.113446,-0.005236,0.000000,0.000000,0.978069,0.001745,0.001745,0.001745,-0.104719,-0.005236,-0.001745,0.001745,-0.108210,0.000000
1771466123.825,3930,0,0,0.9995,0.0001,0.0000,0.0000,0.0003,0.0000,0.0000,0.079324,0.082088,0.000000,0.000000,0.000000,0.000000,-0.005236,0.944906,0.001745,-0.000000,0.001745,-0.097737,-0.005236,-0.057596,0.003491,-0.113446,-0.003491,0.000000,0.000000,0.978069,0.001745,0.001745,0.001745,-0.104719,-0.003491,-0.001745,0.001745,-0.108210,0.000000
1771466123.924,3933,0,0,0.9995,0.0001,0.0000,0.0000,0.0003,0.0000,0.0000,0.079179,0.082088,0.000000,0.000000,0.000000,0.000000,-0.006981,0.944906,0.001745,-0.000000,0.001745,-0.097737,-0.005236,-0.057596,0.001745,-0.113446,-0.005236,0.000000,0.000000,0.978069,0.001745,0.001745,0.001745,-0.104719,-0.003491,-0.001745,0.001745,-0.108210,0.000000
1771466124.025,3936,0,0,0.9995,0.0001,0.0000,0.0000,0.0003,0.0000,0.0000,0.079179,0.082088,0.000000,0.000000,0.000000,0.000000,-0.005236,0.944906,0.001745,-0.000000,0.001745,-0.097737,-0.006981,-0.057596,0.001745,-0.113446,-0.003491,0.000000,0.000000,0.978069,0.001745,0.001745,0.001745,-0.104719,-0.003491,-0.001745,0.001745,-0.108210,0.000000
1771466124.125,3939,0,0,0.9995,0.0001,0.0000,0.0000,0.0003,0.0000,0.0000,0.079179,0.082088,0.000000,0.000000,0.000000,0.000000,-0.005236,0.944906,0.001745,-0.000000,0.001745,-0.097737,-0.005236,-0.057596,0.001745,-0.113446,-0.003491,0.000000,0.000000,0.978069,0.001745,0.001745,0.001745,-0.104719,-0.003491,-0.001745,0.001745,-0.108210,0.000000
1771466124.225,3942,0,0,0.9995,0.0001,0.0000,0.0000,0.0003,0.0000,0.0000,0.079324,0.082233,0.000000,0.000000,0.000000,0.000000,-0.005236,0.946652,0.001745,-0.000000,0.001745,-0.097737,-0.005236,-0.057596,0.001745,-0.113446,-0.003491,0.000000,0.000000,0.978069,0.003491,0.001745,0.001745,-0.104719,-0.005236,-0.001745,0.001745,-0.108210,0.000000
1771466124.325,3945,0,0,0.9995,0.0001,0.0000,0.0000,0.0003,0.0000,0.0000,0.079179,0.082088,0.000000,0.000000,0.000000,0.000000,-0.006981,0.944906,0.001745,-0.000000,0.001745,-0.097737,-0.005236,-0.057596,0.001745,-0.113446,-0.003491,0.000000,0.000000,0.978069,0.001745,0.001745,0.001745,-0.104719,-0.003491,-0.003491,0.001745,-0.108210,0.000000
1771466124.426,3948,0,0,0.9995,0.0001,0.0000,0.0000,0.0003,0.0000,0.0000,0.079033,0.082088,0.000000,0.000000,0.000000,0.000000,-0.006981,0.944906,0.001745,-0.000000,0.000000,-0.097737,-0.006981,-0.057596,0.001745,-0.113446,-0.003491,0.000000,0.000000,0.978069,0.001745,0.001745,0.001745,-0.104719,-0.003491,-0.003491,0.001745,-0.108210,0.000000
1771466124.526,3951,0,0,0.9995,0.0001,0.0000,0.0000,0.0003,0.0000,0.0000,0.079179,0.082088,0.000000,0.000000,0.000000,0.000000,-0.006981,0.944906,0.001745,-0.000000,0.001745,-0.097737,-0.006981,-0.057596,0.001745,-0.113446,-0.003491,0.000000,0.000000,0.978069,0.001745,0.001745,0.001745,-0.104719,-0.003491,-0.003491,0.001745,-0.108210,0.000000
1771466124.626,3954,0,0,0.9995,0.0001,0.0000,0.0000,0.0003,0.0000,0.0000,0.079179,0.082088,0.000000,0.000000,0.000000,0.000000,-0.005236,0.944906,0.001745,-0.000000,0.001745,-0.097737,-0.005236,-0.057596,0.001745,-0.113446,-0.005236,0.000000,0.000000,0.978069,0.001745,0.001745,0.001745,-0.104719,-0.003491,-0.001745,0.001745,-0.108210,0.000000
1771466124.726,3957,0,0,0.9995,0.0001,0.0000,0.0000,0.0003,0.0000,0.0000,0.079179,0.082088,0.000000,0.000000,0.000000,0.000000,-0.005236,0.944906,0.001745,-0.000000,0.001745,-0.097737,-0.005236,-0.057596,0.001745,-0.113446,-0.003491,0.000000,0.000000,0.978069,0.001745,0.001745,0.001745,-0.104719,-0.005236,-0.001745,0.001745,-0.108210,0.000000
1771466124.826,3960,0,0,0.9995,0.0001,0.0000,0.0000,0.0003,0.0000,0.0000,0.079179,0.082378,0.000000,0.000000,0.000000,0.000000,-0.005236,0.944906,0.001745,-0.000000,0.001745,-0.097737,-0.005236,-0.057596,0.001745,-0.113446,-0.003491,0.000000,0.000000,0.978069,0.003491,0.001745,0.001745,-0.104719,-0.003491,-0.001745,0.003491,-0.108210,0.000000
1771466124.927,3963,0,0,0.9995,0.0001,0.0000,0.0000,0.0003,0.0000,0.0000,0.079179,0.082233,0.000000,0.000000,0.000000,0.000000,-0.005236,0.944906,0.001745,-0.000000,0.001745,-0.097737,-0.005236,-0.057596,0.001745,-0.113446,-0.003491,0.000000,0.000000,0.978069,0.003491,0.001745,0.001745,-0.104719,-0.003491,-0.001745,0.001745,-0.108210,0.000000
1771466125.027,3966,0,0,0.9995,0.0001,0.0000,0.0000,0.0003,0.0000,0.0000,0.079324,0.082088,0.000000,0.000000,0.000000,0.000000,-0.005236,0.944906,0.001745,-0.000000,0.003491,-0.097737,-0.005236,-0.057596,0.001745,-0.113446,-0.005236,0.000000,0.000000,0.978069,0.001745,0.001745,0.001745,-0.104719,-0.005236,-0.001745,0.001745,-0.108210,0.000000
1771466125.127,3969,0,0,0.9995,0.0001,0.0000,0.0000,0.0003,0.0000,0.0000,0.079179,0.082233,0.000000,0.000000,0.000000,0.000000,-0.006981,0.944906,0.001745,-0.000000,0.001745,-0.099483,-0.005236,-0.057596,0.001745,-0.113446,-0.003491,0.000000,0.000000,0.978069,0.001745,0.001745,0.001745,-0.104719,-0.003491,-0.003491,0.003491,-0.108210,0.000000
1771466125.228,3972,0,0,0.9995,0.0001,0.0000,0.0000,0.0003,0.0000,0.0000,0.079324,0.082088,0.000000,0.000000,0.000000,0.000000,-0.005236,0.946652,0.001745,-0.000000,0.001745,-0.097737,-0.005236,-0.057596,0.001745,-0.113446,-0.003491,0.000000,0.000000,0.978069,0.001745,0.001745,0.001745,-0.104719,-0.005236,-0.003491,0.001745,-0.108210,0.000000
