[Deoxys WARNING] 2025-08-25 09:59:29,759 - Robot state not received
[Deoxys WARNING] 2025-08-25 10:00:32,976 - Robot state not received
[Deoxys INFO] 2025-08-25 10:00:58,738 - Current Robot joint: [ 0.154 -0.463 -0.02  -2.14  -0.012  0.437  0.853]
[Deoxys INFO] 2025-08-25 10:00:58,738 - Desired Robot joint: [ 0.154 -0.463 -0.02  -2.14  -0.012  0.437  0.853]
[Deoxys INFO] 2025-08-25 10:00:58,739 - Current Robot joint: [ 0.154 -0.463 -0.02  -2.14  -0.012  0.437  0.853]
[Deoxys INFO] 2025-08-25 10:00:58,739 - Desired Robot joint: [ 0.154 -0.463 -0.02  -2.14  -0.012  0.437  0.853]
[Deoxys INFO] 2025-08-25 10:00:58,789 - Current Robot joint: [ 0.154 -0.463 -0.02  -2.14  -0.012  0.437  0.853]
[Deoxys INFO] 2025-08-25 10:00:58,789 - Desired Robot joint: [ 0.154 -0.463 -0.02  -2.14  -0.012  0.437  0.853]
[Deoxys INFO] 2025-08-25 10:00:58,839 - Current Robot joint: [ 0.154 -0.463 -0.02  -2.14  -0.012  0.436  0.853]
[Deoxys INFO] 2025-08-25 10:00:58,840 - Desired Robot joint: [ 0.154 -0.463 -0.02  -2.14  -0.012  0.437  0.853]
[Deoxys INFO] 2025-08-25 10:00:58,889 - Current Robot joint: [ 0.154 -0.463 -0.02  -2.14  -0.012  0.435  0.853]
[Deoxys INFO] 2025-08-25 10:00:58,890 - Desired Robot joint: [ 0.153 -0.462 -0.02  -2.14  -0.012  0.437  0.853]
[Deoxys INFO] 2025-08-25 10:00:58,940 - Current Robot joint: [ 0.153 -0.46  -0.02  -2.142 -0.012  0.435  0.853]
[Deoxys INFO] 2025-08-25 10:00:58,940 - Desired Robot joint: [ 0.152 -0.459 -0.021 -2.144 -0.012  0.437  0.853]
[Deoxys INFO] 2025-08-25 10:00:58,990 - Current Robot joint: [ 0.152 -0.456 -0.02  -2.147 -0.012  0.436  0.853]
[Deoxys INFO] 2025-08-25 10:00:58,990 - Desired Robot joint: [ 0.151 -0.455 -0.021 -2.149 -0.012  0.438  0.853]
[Deoxys INFO] 2025-08-25 10:00:59,040 - Current Robot joint: [ 0.15  -0.452 -0.021 -2.153 -0.012  0.438  0.853]
[Deoxys INFO] 2025-08-25 10:00:59,040 - Desired Robot joint: [ 0.15  -0.451 -0.021 -2.154 -0.012  0.44   0.853]
[Deoxys INFO] 2025-08-25 10:00:59,090 - Current Robot joint: [ 0.15  -0.448 -0.021 -2.158 -0.012  0.441  0.853]
[Deoxys INFO] 2025-08-25 10:00:59,090 - Desired Robot joint: [ 0.149 -0.447 -0.021 -2.159 -0.012  0.444  0.853]
[Deoxys INFO] 2025-08-25 10:00:59,140 - Current Robot joint: [ 0.149 -0.444 -0.021 -2.164 -0.012  0.446  0.853]
[Deoxys INFO] 2025-08-25 10:00:59,140 - Desired Robot joint: [ 0.148 -0.443 -0.021 -2.165 -0.012  0.448  0.853]
[Deoxys INFO] 2025-08-25 10:00:59,190 - Current Robot joint: [ 0.147 -0.439 -0.021 -2.169 -0.012  0.452  0.853]
[Deoxys INFO] 2025-08-25 10:00:59,190 - Desired Robot joint: [ 0.147 -0.439 -0.021 -2.17  -0.012  0.454  0.853]
[Deoxys INFO] 2025-08-25 10:00:59,240 - Current Robot joint: [ 0.146 -0.435 -0.021 -2.174 -0.012  0.46   0.853]
[Deoxys INFO] 2025-08-25 10:00:59,241 - Desired Robot joint: [ 0.146 -0.435 -0.021 -2.176 -0.012  0.462  0.853]
[Deoxys INFO] 2025-08-25 10:00:59,290 - Current Robot joint: [ 0.146 -0.432 -0.021 -2.179 -0.012  0.467  0.853]
[Deoxys INFO] 2025-08-25 10:00:59,291 - Desired Robot joint: [ 0.145 -0.43  -0.021 -2.181 -0.012  0.472  0.852]
[Deoxys INFO] 2025-08-25 10:00:59,341 - Current Robot joint: [ 0.145 -0.428 -0.021 -2.184 -0.012  0.479  0.853]
[Deoxys INFO] 2025-08-25 10:00:59,341 - Desired Robot joint: [ 0.144 -0.427 -0.021 -2.185 -0.012  0.481  0.852]
[Deoxys INFO] 2025-08-25 10:00:59,391 - Current Robot joint: [ 0.144 -0.424 -0.021 -2.19  -0.012  0.492  0.853]
[Deoxys INFO] 2025-08-25 10:00:59,391 - Desired Robot joint: [ 0.143 -0.423 -0.021 -2.191 -0.012  0.495  0.852]
[Deoxys INFO] 2025-08-25 10:00:59,441 - Current Robot joint: [ 0.143 -0.42  -0.021 -2.195 -0.012  0.508  0.853]
[Deoxys INFO] 2025-08-25 10:00:59,441 - Desired Robot joint: [ 0.142 -0.419 -0.021 -2.196 -0.012  0.511  0.852]
[Deoxys INFO] 2025-08-25 10:00:59,491 - Current Robot joint: [ 0.141 -0.416 -0.021 -2.2   -0.012  0.527  0.853]
[Deoxys INFO] 2025-08-25 10:00:59,492 - Desired Robot joint: [ 0.141 -0.415 -0.021 -2.202 -0.012  0.53   0.852]
[Deoxys INFO] 2025-08-25 10:00:59,541 - Current Robot joint: [ 0.14  -0.412 -0.021 -2.206 -0.012  0.547  0.853]
[Deoxys INFO] 2025-08-25 10:00:59,542 - Desired Robot joint: [ 0.14  -0.411 -0.021 -2.207 -0.012  0.55   0.852]
[Deoxys INFO] 2025-08-25 10:00:59,592 - Current Robot joint: [ 0.139 -0.408 -0.021 -2.211 -0.012  0.57   0.852]
[Deoxys INFO] 2025-08-25 10:00:59,592 - Desired Robot joint: [ 0.139 -0.407 -0.021 -2.212 -0.012  0.574  0.852]
[Deoxys INFO] 2025-08-25 10:00:59,642 - Current Robot joint: [ 0.138 -0.404 -0.021 -2.217 -0.012  0.596  0.852]
[Deoxys INFO] 2025-08-25 10:00:59,642 - Desired Robot joint: [ 0.138 -0.403 -0.022 -2.218 -0.012  0.6    0.852]
[Deoxys INFO] 2025-08-25 10:00:59,692 - Current Robot joint: [ 0.137 -0.399 -0.021 -2.222 -0.012  0.625  0.852]
[Deoxys INFO] 2025-08-25 10:00:59,692 - Desired Robot joint: [ 0.137 -0.398 -0.022 -2.223 -0.012  0.628  0.852]
[Deoxys INFO] 2025-08-25 10:00:59,742 - Current Robot joint: [ 0.136 -0.395 -0.021 -2.227 -0.012  0.656  0.852]
[Deoxys INFO] 2025-08-25 10:00:59,742 - Desired Robot joint: [ 0.136 -0.394 -0.022 -2.229 -0.012  0.659  0.852]
[Deoxys INFO] 2025-08-25 10:00:59,792 - Current Robot joint: [ 0.135 -0.391 -0.021 -2.233 -0.012  0.69   0.852]
[Deoxys INFO] 2025-08-25 10:00:59,792 - Desired Robot joint: [ 0.135 -0.39  -0.022 -2.234 -0.012  0.693  0.852]
[Deoxys INFO] 2025-08-25 10:00:59,842 - Current Robot joint: [ 0.134 -0.387 -0.022 -2.238 -0.012  0.726  0.852]
[Deoxys INFO] 2025-08-25 10:00:59,842 - Desired Robot joint: [ 0.134 -0.386 -0.022 -2.239 -0.012  0.73   0.852]
[Deoxys INFO] 2025-08-25 10:00:59,892 - Current Robot joint: [ 0.133 -0.383 -0.022 -2.244 -0.012  0.765  0.852]
[Deoxys INFO] 2025-08-25 10:00:59,893 - Desired Robot joint: [ 0.133 -0.382 -0.022 -2.245 -0.011  0.768  0.852]
[Deoxys INFO] 2025-08-25 10:00:59,943 - Current Robot joint: [ 0.132 -0.379 -0.022 -2.249 -0.012  0.806  0.852]
[Deoxys INFO] 2025-08-25 10:00:59,943 - Desired Robot joint: [ 0.132 -0.378 -0.022 -2.25  -0.011  0.81   0.852]
[Deoxys INFO] 2025-08-25 10:00:59,993 - Current Robot joint: [ 0.131 -0.375 -0.022 -2.254 -0.012  0.849  0.852]
[Deoxys INFO] 2025-08-25 10:00:59,993 - Desired Robot joint: [ 0.131 -0.374 -0.022 -2.256 -0.011  0.853  0.852]
[Deoxys INFO] 2025-08-25 10:01:00,043 - Current Robot joint: [ 0.13  -0.372 -0.022 -2.259 -0.012  0.885  0.852]
[Deoxys INFO] 2025-08-25 10:01:00,043 - Desired Robot joint: [ 0.129 -0.37  -0.022 -2.261 -0.011  0.898  0.852]
[Deoxys INFO] 2025-08-25 10:01:00,093 - Current Robot joint: [ 0.129 -0.368 -0.022 -2.264 -0.012  0.932  0.852]
[Deoxys INFO] 2025-08-25 10:01:00,093 - Desired Robot joint: [ 0.129 -0.366 -0.022 -2.265 -0.011  0.936  0.851]
[Deoxys INFO] 2025-08-25 10:01:00,143 - Current Robot joint: [ 0.128 -0.363 -0.022 -2.269 -0.012  0.981  0.852]
[Deoxys INFO] 2025-08-25 10:01:00,143 - Desired Robot joint: [ 0.128 -0.362 -0.022 -2.271 -0.011  0.985  0.851]
[Deoxys INFO] 2025-08-25 10:01:00,193 - Current Robot joint: [ 0.127 -0.359 -0.022 -2.275 -0.012  1.032  0.852]
[Deoxys INFO] 2025-08-25 10:01:00,194 - Desired Robot joint: [ 0.127 -0.358 -0.022 -2.276 -0.011  1.036  0.851]
[Deoxys INFO] 2025-08-25 10:01:00,243 - Current Robot joint: [ 0.126 -0.355 -0.022 -2.28  -0.012  1.084  0.852]
[Deoxys INFO] 2025-08-25 10:01:00,244 - Desired Robot joint: [ 0.126 -0.354 -0.022 -2.282 -0.011  1.089  0.851]
[Deoxys INFO] 2025-08-25 10:01:00,294 - Current Robot joint: [ 0.125 -0.351 -0.022 -2.285 -0.011  1.138  0.852]
[Deoxys INFO] 2025-08-25 10:01:00,294 - Desired Robot joint: [ 0.125 -0.35  -0.022 -2.287 -0.011  1.143  0.851]
[Deoxys INFO] 2025-08-25 10:01:00,344 - Current Robot joint: [ 0.124 -0.347 -0.022 -2.291 -0.011  1.192  0.852]
[Deoxys INFO] 2025-08-25 10:01:00,344 - Desired Robot joint: [ 0.123 -0.346 -0.022 -2.292 -0.011  1.197  0.851]
[Deoxys INFO] 2025-08-25 10:01:00,394 - Current Robot joint: [ 0.123 -0.343 -0.022 -2.296 -0.011  1.248  0.851]
[Deoxys INFO] 2025-08-25 10:01:00,394 - Desired Robot joint: [ 0.122 -0.342 -0.023 -2.298 -0.011  1.252  0.851]
[Deoxys INFO] 2025-08-25 10:01:00,444 - Current Robot joint: [ 0.122 -0.339 -0.022 -2.302 -0.011  1.305  0.851]
[Deoxys INFO] 2025-08-25 10:01:00,444 - Desired Robot joint: [ 0.121 -0.338 -0.023 -2.303 -0.011  1.309  0.851]
[Deoxys INFO] 2025-08-25 10:01:00,494 - Current Robot joint: [ 0.121 -0.335 -0.022 -2.307 -0.011  1.361  0.851]
[Deoxys INFO] 2025-08-25 10:01:00,494 - Desired Robot joint: [ 0.12  -0.333 -0.023 -2.309 -0.011  1.366  0.851]
[Deoxys INFO] 2025-08-25 10:01:00,544 - Current Robot joint: [ 0.12  -0.331 -0.022 -2.313 -0.011  1.418  0.851]
[Deoxys INFO] 2025-08-25 10:01:00,544 - Desired Robot joint: [ 0.119 -0.329 -0.023 -2.314 -0.011  1.422  0.851]
[Deoxys INFO] 2025-08-25 10:01:00,594 - Current Robot joint: [ 0.119 -0.327 -0.023 -2.318 -0.011  1.475  0.851]
[Deoxys INFO] 2025-08-25 10:01:00,595 - Desired Robot joint: [ 0.118 -0.325 -0.023 -2.32  -0.011  1.479  0.851]
[Deoxys INFO] 2025-08-25 10:01:00,644 - Current Robot joint: [ 0.118 -0.323 -0.023 -2.323 -0.011  1.531  0.851]
[Deoxys INFO] 2025-08-25 10:01:00,645 - Desired Robot joint: [ 0.117 -0.321 -0.023 -2.325 -0.011  1.535  0.851]
[Deoxys INFO] 2025-08-25 10:01:00,695 - Current Robot joint: [ 0.117 -0.319 -0.023 -2.327 -0.011  1.574  0.851]
[Deoxys INFO] 2025-08-25 10:01:00,695 - Desired Robot joint: [ 0.116 -0.318 -0.023 -2.329 -0.011  1.578  0.851]
[Deoxys INFO] 2025-08-25 10:01:00,745 - Current Robot joint: [ 0.116 -0.315 -0.023 -2.333 -0.011  1.628  0.851]
[Deoxys INFO] 2025-08-25 10:01:00,745 - Desired Robot joint: [ 0.115 -0.314 -0.023 -2.335 -0.011  1.632  0.851]
[Deoxys INFO] 2025-08-25 10:01:00,795 - Current Robot joint: [ 0.115 -0.311 -0.023 -2.338 -0.011  1.681  0.851]
[Deoxys INFO] 2025-08-25 10:01:00,795 - Desired Robot joint: [ 0.114 -0.31  -0.023 -2.34  -0.011  1.685  0.851]
[Deoxys INFO] 2025-08-25 10:01:00,845 - Current Robot joint: [ 0.114 -0.307 -0.023 -2.344 -0.011  1.733  0.851]
[Deoxys INFO] 2025-08-25 10:01:00,845 - Desired Robot joint: [ 0.113 -0.306 -0.023 -2.345 -0.011  1.737  0.851]
[Deoxys INFO] 2025-08-25 10:01:00,895 - Current Robot joint: [ 0.113 -0.303 -0.023 -2.349 -0.011  1.783  0.851]
[Deoxys INFO] 2025-08-25 10:01:00,896 - Desired Robot joint: [ 0.112 -0.301 -0.023 -2.351 -0.011  1.786  0.85 ]
[Deoxys INFO] 2025-08-25 10:01:00,945 - Current Robot joint: [ 0.112 -0.299 -0.023 -2.354 -0.011  1.83   0.851]
[Deoxys INFO] 2025-08-25 10:01:00,946 - Desired Robot joint: [ 0.111 -0.297 -0.023 -2.356 -0.011  1.834  0.85 ]
[Deoxys INFO] 2025-08-25 10:01:00,996 - Current Robot joint: [ 0.111 -0.295 -0.023 -2.36  -0.011  1.876  0.851]
[Deoxys INFO] 2025-08-25 10:01:00,996 - Desired Robot joint: [ 0.11  -0.293 -0.023 -2.362 -0.011  1.88   0.85 ]
[Deoxys INFO] 2025-08-25 10:01:01,046 - Current Robot joint: [ 0.11  -0.291 -0.023 -2.365 -0.011  1.92   0.851]
[Deoxys INFO] 2025-08-25 10:01:01,046 - Desired Robot joint: [ 0.109 -0.289 -0.023 -2.367 -0.01   1.924  0.85 ]
[Deoxys INFO] 2025-08-25 10:01:01,096 - Current Robot joint: [ 0.109 -0.286 -0.023 -2.371 -0.011  1.962  0.851]
[Deoxys INFO] 2025-08-25 10:01:01,096 - Desired Robot joint: [ 0.108 -0.285 -0.023 -2.373 -0.01   1.965  0.85 ]
[Deoxys INFO] 2025-08-25 10:01:01,146 - Current Robot joint: [ 0.108 -0.282 -0.023 -2.376 -0.011  2.001  0.851]
[Deoxys INFO] 2025-08-25 10:01:01,147 - Desired Robot joint: [ 0.107 -0.281 -0.024 -2.378 -0.01   2.004  0.85 ]
[Deoxys INFO] 2025-08-25 10:01:01,197 - Current Robot joint: [ 0.107 -0.278 -0.023 -2.382 -0.011  2.037  0.85 ]
[Deoxys INFO] 2025-08-25 10:01:01,198 - Desired Robot joint: [ 0.106 -0.277 -0.024 -2.383 -0.01   2.04   0.85 ]
[Deoxys INFO] 2025-08-25 10:01:01,247 - Current Robot joint: [ 0.106 -0.274 -0.023 -2.387 -0.011  2.071  0.85 ]
[Deoxys INFO] 2025-08-25 10:01:01,248 - Desired Robot joint: [ 0.105 -0.273 -0.024 -2.389 -0.01   2.074  0.85 ]
[Deoxys INFO] 2025-08-25 10:01:01,299 - Current Robot joint: [ 0.105 -0.27  -0.023 -2.392 -0.011  2.102  0.85 ]
[Deoxys INFO] 2025-08-25 10:01:01,299 - Desired Robot joint: [ 0.104 -0.269 -0.024 -2.394 -0.01   2.105  0.85 ]
[Deoxys INFO] 2025-08-25 10:01:01,349 - Current Robot joint: [ 0.104 -0.266 -0.024 -2.398 -0.011  2.131  0.85 ]
[Deoxys INFO] 2025-08-25 10:01:01,350 - Desired Robot joint: [ 0.103 -0.264 -0.024 -2.4   -0.01   2.134  0.85 ]
[Deoxys INFO] 2025-08-25 10:01:01,400 - Current Robot joint: [ 0.103 -0.262 -0.024 -2.403 -0.011  2.158  0.85 ]
[Deoxys INFO] 2025-08-25 10:01:01,400 - Desired Robot joint: [ 0.102 -0.26  -0.024 -2.405 -0.01   2.16   0.85 ]
[Deoxys INFO] 2025-08-25 10:01:01,450 - Current Robot joint: [ 0.102 -0.258 -0.024 -2.409 -0.011  2.181  0.85 ]
[Deoxys INFO] 2025-08-25 10:01:01,450 - Desired Robot joint: [ 0.101 -0.256 -0.024 -2.41  -0.01   2.184  0.85 ]
[Deoxys INFO] 2025-08-25 10:01:01,500 - Current Robot joint: [ 0.101 -0.254 -0.024 -2.414 -0.01   2.203  0.85 ]
[Deoxys INFO] 2025-08-25 10:01:01,500 - Desired Robot joint: [ 0.1   -0.252 -0.024 -2.416 -0.01   2.205  0.85 ]
[Deoxys INFO] 2025-08-25 10:01:01,550 - Current Robot joint: [ 0.1   -0.25  -0.024 -2.419 -0.01   2.221  0.85 ]
[Deoxys INFO] 2025-08-25 10:01:01,550 - Desired Robot joint: [ 0.099 -0.248 -0.024 -2.421 -0.01   2.223  0.85 ]
[Deoxys INFO] 2025-08-25 10:01:01,600 - Current Robot joint: [ 0.099 -0.246 -0.024 -2.424 -0.01   2.234  0.85 ]
[Deoxys INFO] 2025-08-25 10:01:01,601 - Desired Robot joint: [ 0.098 -0.244 -0.024 -2.427 -0.01   2.239  0.85 ]
[Deoxys INFO] 2025-08-25 10:01:01,651 - Current Robot joint: [ 0.098 -0.242 -0.024 -2.429 -0.01   2.249  0.85 ]
[Deoxys INFO] 2025-08-25 10:01:01,651 - Desired Robot joint: [ 0.097 -0.241 -0.024 -2.431 -0.01   2.251  0.849]
[Deoxys INFO] 2025-08-25 10:01:01,701 - Current Robot joint: [ 0.097 -0.238 -0.024 -2.434 -0.01   2.261  0.85 ]
[Deoxys INFO] 2025-08-25 10:01:01,701 - Desired Robot joint: [ 0.096 -0.237 -0.024 -2.436 -0.01   2.263  0.849]
[Deoxys INFO] 2025-08-25 10:01:01,751 - Current Robot joint: [ 0.096 -0.234 -0.024 -2.44  -0.01   2.271  0.85 ]
[Deoxys INFO] 2025-08-25 10:01:01,751 - Desired Robot joint: [ 0.095 -0.232 -0.024 -2.442 -0.01   2.273  0.849]
[Deoxys INFO] 2025-08-25 10:01:01,801 - Current Robot joint: [ 0.095 -0.23  -0.024 -2.445 -0.01   2.279  0.85 ]
[Deoxys INFO] 2025-08-25 10:01:01,801 - Desired Robot joint: [ 0.094 -0.228 -0.024 -2.447 -0.01   2.281  0.849]
[Deoxys INFO] 2025-08-25 10:01:01,851 - Current Robot joint: [ 0.093 -0.226 -0.024 -2.451 -0.01   2.286  0.85 ]
[Deoxys INFO] 2025-08-25 10:01:01,852 - Desired Robot joint: [ 0.093 -0.224 -0.024 -2.453 -0.01   2.287  0.849]
[Deoxys INFO] 2025-08-25 10:01:01,902 - Current Robot joint: [ 0.092 -0.222 -0.024 -2.456 -0.01   2.29   0.85 ]
[Deoxys INFO] 2025-08-25 10:01:01,902 - Desired Robot joint: [ 0.092 -0.22  -0.025 -2.458 -0.01   2.292  0.849]
[Deoxys INFO] 2025-08-25 10:01:01,952 - Current Robot joint: [ 0.091 -0.218 -0.024 -2.461 -0.01   2.294  0.85 ]
[Deoxys INFO] 2025-08-25 10:01:01,952 - Desired Robot joint: [ 0.091 -0.216 -0.025 -2.463 -0.01   2.295  0.849]
[Deoxys INFO] 2025-08-25 10:01:02,002 - Current Robot joint: [ 0.09  -0.214 -0.024 -2.467 -0.01   2.296  0.849]
[Deoxys INFO] 2025-08-25 10:01:02,002 - Desired Robot joint: [ 0.09  -0.212 -0.025 -2.469 -0.01   2.297  0.849]
[Deoxys INFO] 2025-08-25 10:01:02,052 - Current Robot joint: [ 0.089 -0.209 -0.025 -2.472 -0.01   2.297  0.849]
[Deoxys INFO] 2025-08-25 10:01:02,052 - Desired Robot joint: [ 0.089 -0.208 -0.025 -2.474 -0.01   2.298  0.849]
[Deoxys INFO] 2025-08-25 10:01:02,102 - Current Robot joint: [ 0.088 -0.206 -0.025 -2.476 -0.01   2.297  0.849]
[Deoxys INFO] 2025-08-25 10:01:02,103 - Desired Robot joint: [ 0.088 -0.204 -0.025 -2.477 -0.01   2.299  0.849]
[Deoxys INFO] 2025-08-25 10:01:02,152 - Current Robot joint: [ 0.087 -0.205 -0.025 -2.477 -0.01   2.298  0.849]
[Deoxys INFO] 2025-08-25 10:01:02,153 - Desired Robot joint: [ 0.087 -0.203 -0.025 -2.478 -0.01   2.299  0.849]
[Deoxys INFO] 2025-08-25 10:01:02,203 - Current Robot joint: [ 0.087 -0.205 -0.025 -2.477 -0.01   2.298  0.849]
[Deoxys INFO] 2025-08-25 10:01:02,203 - Desired Robot joint: [ 0.087 -0.203 -0.025 -2.478 -0.01   2.299  0.849]
[Deoxys INFO] 2025-08-25 10:01:02,253 - Current Robot joint: [ 0.087 -0.204 -0.025 -2.477 -0.01   2.298  0.849]
[Deoxys INFO] 2025-08-25 10:01:02,253 - Desired Robot joint: [ 0.087 -0.203 -0.025 -2.478 -0.01   2.299  0.849]
[Deoxys INFO] 2025-08-25 10:01:02,303 - Current Robot joint: [ 0.087 -0.204 -0.025 -2.477 -0.01   2.298  0.849]
[Deoxys INFO] 2025-08-25 10:01:02,303 - Desired Robot joint: [ 0.087 -0.203 -0.025 -2.478 -0.01   2.299  0.849]
[Deoxys INFO] 2025-08-25 10:01:02,353 - Current Robot joint: [ 0.087 -0.204 -0.025 -2.477 -0.01   2.298  0.849]
[Deoxys INFO] 2025-08-25 10:01:02,354 - Desired Robot joint: [ 0.087 -0.203 -0.025 -2.478 -0.01   2.299  0.849]
[Deoxys INFO] 2025-08-25 10:01:02,403 - Current Robot joint: [ 0.087 -0.204 -0.025 -2.477 -0.01   2.298  0.849]
[Deoxys INFO] 2025-08-25 10:01:02,404 - Desired Robot joint: [ 0.087 -0.203 -0.025 -2.478 -0.01   2.299  0.849]
[Deoxys INFO] 2025-08-25 10:01:02,454 - Current Robot joint: [ 0.087 -0.204 -0.025 -2.477 -0.01   2.298  0.849]
[Deoxys INFO] 2025-08-25 10:01:02,454 - Desired Robot joint: [ 0.087 -0.203 -0.025 -2.478 -0.01   2.299  0.849]
[Deoxys INFO] 2025-08-25 10:01:02,504 - Current Robot joint: [ 0.087 -0.204 -0.025 -2.477 -0.01   2.298  0.849]
[Deoxys INFO] 2025-08-25 10:01:02,504 - Desired Robot joint: [ 0.087 -0.203 -0.025 -2.478 -0.01   2.299  0.849]
[Deoxys INFO] 2025-08-25 10:01:02,554 - Current Robot joint: [ 0.087 -0.204 -0.025 -2.477 -0.01   2.298  0.849]
[Deoxys INFO] 2025-08-25 10:01:02,554 - Desired Robot joint: [ 0.087 -0.203 -0.025 -2.478 -0.01   2.299  0.849]
[Deoxys INFO] 2025-08-25 10:01:02,604 - Current Robot joint: [ 0.087 -0.204 -0.025 -2.477 -0.01   2.298  0.849]
[Deoxys INFO] 2025-08-25 10:01:02,604 - Desired Robot joint: [ 0.087 -0.203 -0.025 -2.478 -0.01   2.299  0.849]
[Deoxys INFO] 2025-08-25 10:01:02,654 - Current Robot joint: [ 0.087 -0.204 -0.025 -2.477 -0.01   2.298  0.849]
[Deoxys INFO] 2025-08-25 10:01:02,655 - Desired Robot joint: [ 0.087 -0.203 -0.025 -2.478 -0.01   2.299  0.849]
[Deoxys INFO] 2025-08-25 10:01:02,704 - Current Robot joint: [ 0.087 -0.204 -0.025 -2.477 -0.01   2.298  0.849]
[Deoxys INFO] 2025-08-25 10:01:02,704 - Desired Robot joint: [ 0.087 -0.203 -0.025 -2.478 -0.01   2.299  0.849]
[Deoxys INFO] 2025-08-25 10:01:02,754 - Current Robot joint: [ 0.087 -0.204 -0.025 -2.477 -0.01   2.298  0.849]
[Deoxys INFO] 2025-08-25 10:01:02,755 - Desired Robot joint: [ 0.087 -0.203 -0.025 -2.478 -0.01   2.299  0.849]
[Deoxys INFO] 2025-08-25 10:01:02,804 - Current Robot joint: [ 0.087 -0.204 -0.025 -2.477 -0.01   2.298  0.849]
[Deoxys INFO] 2025-08-25 10:01:02,805 - Desired Robot joint: [ 0.087 -0.203 -0.025 -2.478 -0.01   2.299  0.849]
[Deoxys INFO] 2025-08-25 10:01:02,855 - Current Robot joint: [ 0.087 -0.204 -0.025 -2.477 -0.01   2.298  0.849]
[Deoxys INFO] 2025-08-25 10:01:02,855 - Desired Robot joint: [ 0.087 -0.203 -0.025 -2.478 -0.01   2.299  0.849]
[Deoxys INFO] 2025-08-25 10:01:02,905 - Current Robot joint: [ 0.087 -0.204 -0.025 -2.477 -0.01   2.298  0.849]
[Deoxys INFO] 2025-08-25 10:01:02,905 - Desired Robot joint: [ 0.087 -0.203 -0.025 -2.478 -0.01   2.299  0.849]
[Deoxys INFO] 2025-08-25 10:01:02,955 - Current Robot joint: [ 0.087 -0.204 -0.025 -2.477 -0.01   2.298  0.849]
[Deoxys INFO] 2025-08-25 10:01:02,955 - Desired Robot joint: [ 0.087 -0.203 -0.025 -2.478 -0.01   2.299  0.849]
[Deoxys INFO] 2025-08-25 10:01:03,005 - Current Robot joint: [ 0.087 -0.204 -0.025 -2.477 -0.01   2.298  0.849]
[Deoxys INFO] 2025-08-25 10:01:03,005 - Desired Robot joint: [ 0.087 -0.203 -0.025 -2.478 -0.01   2.299  0.849]
[Deoxys INFO] 2025-08-25 10:01:03,055 - Current Robot joint: [ 0.087 -0.204 -0.025 -2.477 -0.01   2.298  0.849]
[Deoxys INFO] 2025-08-25 10:01:03,055 - Desired Robot joint: [ 0.087 -0.203 -0.025 -2.478 -0.01   2.299  0.849]
[Deoxys INFO] 2025-08-25 10:01:03,105 - Current Robot joint: [ 0.087 -0.204 -0.025 -2.477 -0.01   2.298  0.849]
[Deoxys INFO] 2025-08-25 10:01:03,105 - Desired Robot joint: [ 0.087 -0.203 -0.025 -2.478 -0.01   2.299  0.849]
[Deoxys INFO] 2025-08-25 10:01:03,155 - Current Robot joint: [ 0.087 -0.204 -0.025 -2.477 -0.01   2.298  0.849]
[Deoxys INFO] 2025-08-25 10:01:03,156 - Desired Robot joint: [ 0.087 -0.203 -0.025 -2.478 -0.01   2.299  0.849]
[Deoxys INFO] 2025-08-25 10:01:03,206 - Current Robot joint: [ 0.087 -0.204 -0.025 -2.477 -0.01   2.298  0.849]
[Deoxys INFO] 2025-08-25 10:01:03,206 - Desired Robot joint: [ 0.087 -0.203 -0.025 -2.478 -0.01   2.299  0.849]
[Deoxys INFO] 2025-08-25 10:01:03,256 - Current Robot joint: [ 0.087 -0.204 -0.025 -2.477 -0.01   2.298  0.849]
[Deoxys INFO] 2025-08-25 10:01:03,256 - Desired Robot joint: [ 0.087 -0.203 -0.025 -2.478 -0.01   2.299  0.849]
[Deoxys INFO] 2025-08-25 10:01:03,306 - Current Robot joint: [ 0.087 -0.204 -0.025 -2.477 -0.01   2.298  0.849]
[Deoxys INFO] 2025-08-25 10:01:03,306 - Desired Robot joint: [ 0.087 -0.203 -0.025 -2.478 -0.01   2.299  0.849]
[Deoxys INFO] 2025-08-25 10:01:03,356 - Current Robot joint: [ 0.087 -0.204 -0.025 -2.477 -0.01   2.298  0.849]
[Deoxys INFO] 2025-08-25 10:01:03,356 - Desired Robot joint: [ 0.087 -0.203 -0.025 -2.478 -0.01   2.299  0.849]
[Deoxys INFO] 2025-08-25 10:01:03,406 - Current Robot joint: [ 0.087 -0.204 -0.025 -2.477 -0.01   2.298  0.849]
[Deoxys INFO] 2025-08-25 10:01:03,407 - Desired Robot joint: [ 0.087 -0.203 -0.025 -2.478 -0.01   2.299  0.849]
[Deoxys INFO] 2025-08-25 10:01:03,456 - Current Robot joint: [ 0.087 -0.204 -0.025 -2.477 -0.01   2.298  0.849]
[Deoxys INFO] 2025-08-25 10:01:03,457 - Desired Robot joint: [ 0.087 -0.203 -0.025 -2.478 -0.01   2.299  0.849]
[Deoxys INFO] 2025-08-25 10:01:03,507 - Current Robot joint: [ 0.087 -0.204 -0.025 -2.477 -0.01   2.298  0.849]
[Deoxys INFO] 2025-08-25 10:01:03,507 - Desired Robot joint: [ 0.087 -0.203 -0.025 -2.478 -0.01   2.299  0.849]
[Deoxys INFO] 2025-08-25 10:01:03,557 - Current Robot joint: [ 0.087 -0.204 -0.025 -2.477 -0.01   2.298  0.849]
[Deoxys INFO] 2025-08-25 10:01:03,557 - Desired Robot joint: [ 0.087 -0.203 -0.025 -2.478 -0.01   2.299  0.849]
[Deoxys INFO] 2025-08-25 10:01:03,607 - Current Robot joint: [ 0.087 -0.204 -0.025 -2.477 -0.01   2.298  0.849]
[Deoxys INFO] 2025-08-25 10:01:03,607 - Desired Robot joint: [ 0.087 -0.203 -0.025 -2.478 -0.01   2.299  0.849]
[Deoxys INFO] 2025-08-25 10:01:03,657 - Current Robot joint: [ 0.087 -0.204 -0.025 -2.477 -0.01   2.298  0.849]
[Deoxys INFO] 2025-08-25 10:01:03,658 - Desired Robot joint: [ 0.087 -0.203 -0.025 -2.478 -0.01   2.299  0.849]
[Deoxys INFO] 2025-08-25 10:01:03,707 - Current Robot joint: [ 0.087 -0.204 -0.025 -2.477 -0.01   2.298  0.849]
[Deoxys INFO] 2025-08-25 10:01:03,708 - Desired Robot joint: [ 0.087 -0.203 -0.025 -2.478 -0.01   2.299  0.849]
[Deoxys INFO] 2025-08-25 10:01:03,758 - Current Robot joint: [ 0.087 -0.204 -0.025 -2.477 -0.01   2.298  0.849]
[Deoxys INFO] 2025-08-25 10:01:03,758 - Desired Robot joint: [ 0.087 -0.203 -0.025 -2.478 -0.01   2.299  0.849]
[Deoxys INFO] 2025-08-25 10:01:03,808 - Current Robot joint: [ 0.087 -0.204 -0.025 -2.477 -0.01   2.298  0.849]
[Deoxys INFO] 2025-08-25 10:01:03,808 - Desired Robot joint: [ 0.087 -0.203 -0.025 -2.478 -0.01   2.299  0.849]
[Deoxys INFO] 2025-08-25 10:01:03,858 - Current Robot joint: [ 0.087 -0.204 -0.025 -2.477 -0.01   2.298  0.849]
[Deoxys INFO] 2025-08-25 10:01:03,858 - Desired Robot joint: [ 0.087 -0.203 -0.025 -2.478 -0.01   2.299  0.849]
[Deoxys INFO] 2025-08-25 10:01:03,908 - Current Robot joint: [ 0.087 -0.204 -0.025 -2.477 -0.01   2.298  0.849]
[Deoxys INFO] 2025-08-25 10:01:03,908 - Desired Robot joint: [ 0.087 -0.203 -0.025 -2.478 -0.01   2.299  0.849]
[Deoxys INFO] 2025-08-25 10:01:03,958 - Current Robot joint: [ 0.087 -0.204 -0.025 -2.477 -0.01   2.298  0.849]
[Deoxys INFO] 2025-08-25 10:01:03,959 - Desired Robot joint: [ 0.087 -0.203 -0.025 -2.478 -0.01   2.299  0.849]
[Deoxys INFO] 2025-08-25 10:01:04,009 - Current Robot joint: [ 0.087 -0.204 -0.025 -2.477 -0.01   2.298  0.849]
[Deoxys INFO] 2025-08-25 10:01:04,009 - Desired Robot joint: [ 0.087 -0.203 -0.025 -2.478 -0.01   2.299  0.849]
[Deoxys INFO] 2025-08-25 10:01:04,058 - Current Robot joint: [ 0.087 -0.204 -0.025 -2.477 -0.01   2.298  0.849]
[Deoxys INFO] 2025-08-25 10:01:04,059 - Desired Robot joint: [ 0.087 -0.203 -0.025 -2.478 -0.01   2.299  0.849]
[Deoxys INFO] 2025-08-25 10:01:04,109 - Current Robot joint: [ 0.087 -0.204 -0.025 -2.477 -0.01   2.298  0.849]
[Deoxys INFO] 2025-08-25 10:01:04,109 - Desired Robot joint: [ 0.087 -0.203 -0.025 -2.478 -0.01   2.299  0.849]
[Deoxys INFO] 2025-08-25 10:01:04,159 - Current Robot joint: [ 0.087 -0.204 -0.025 -2.477 -0.01   2.298  0.849]
[Deoxys INFO] 2025-08-25 10:01:04,159 - Desired Robot joint: [ 0.087 -0.203 -0.025 -2.478 -0.01   2.299  0.849]
[Deoxys INFO] 2025-08-25 10:01:04,209 - Current Robot joint: [ 0.087 -0.204 -0.025 -2.477 -0.01   2.298  0.849]
[Deoxys INFO] 2025-08-25 10:01:04,209 - Desired Robot joint: [ 0.087 -0.203 -0.025 -2.478 -0.01   2.299  0.849]
[Deoxys INFO] 2025-08-25 10:01:04,259 - Current Robot joint: [ 0.087 -0.204 -0.025 -2.477 -0.01   2.298  0.849]
[Deoxys INFO] 2025-08-25 10:01:04,259 - Desired Robot joint: [ 0.087 -0.203 -0.025 -2.478 -0.01   2.299  0.849]
[Deoxys INFO] 2025-08-25 10:01:04,309 - Current Robot joint: [ 0.087 -0.204 -0.025 -2.477 -0.01   2.298  0.849]
[Deoxys INFO] 2025-08-25 10:01:04,310 - Desired Robot joint: [ 0.087 -0.203 -0.025 -2.478 -0.01   2.299  0.849]
[Deoxys INFO] 2025-08-25 10:11:43,467 - Current Robot joint: [ 0.267  0.445 -0.112 -1.222  0.751  1.735  0.931]
[Deoxys INFO] 2025-08-25 10:11:43,468 - Desired Robot joint: [ 0.267  0.446 -0.112 -1.223  0.751  1.736  0.931]
[Deoxys INFO] 2025-08-25 10:11:43,468 - Current Robot joint: [ 0.267  0.445 -0.112 -1.222  0.751  1.735  0.931]
[Deoxys INFO] 2025-08-25 10:11:43,469 - Desired Robot joint: [ 0.267  0.446 -0.112 -1.223  0.751  1.736  0.931]
[Deoxys INFO] 2025-08-25 10:11:43,519 - Current Robot joint: [ 0.267  0.445 -0.112 -1.221  0.751  1.735  0.931]
[Deoxys INFO] 2025-08-25 10:11:43,519 - Desired Robot joint: [ 0.267  0.446 -0.112 -1.223  0.751  1.736  0.931]
[Deoxys INFO] 2025-08-25 10:11:43,569 - Current Robot joint: [ 0.266  0.445 -0.111 -1.222  0.751  1.735  0.931]
[Deoxys INFO] 2025-08-25 10:11:43,569 - Desired Robot joint: [ 0.266  0.446 -0.111 -1.223  0.751  1.736  0.93 ]
[Deoxys INFO] 2025-08-25 10:11:43,619 - Current Robot joint: [ 0.264  0.443 -0.109 -1.222  0.75   1.736  0.929]
[Deoxys INFO] 2025-08-25 10:11:43,619 - Desired Robot joint: [ 0.263  0.445 -0.109 -1.223  0.749  1.738  0.928]
[Deoxys INFO] 2025-08-25 10:11:43,669 - Current Robot joint: [ 0.261  0.441 -0.108 -1.223  0.748  1.739  0.928]
[Deoxys INFO] 2025-08-25 10:11:43,669 - Desired Robot joint: [ 0.26   0.442 -0.108 -1.224  0.747  1.741  0.927]
[Deoxys INFO] 2025-08-25 10:11:43,719 - Current Robot joint: [ 0.258  0.436 -0.106 -1.225  0.743  1.745  0.926]
[Deoxys INFO] 2025-08-25 10:11:43,720 - Desired Robot joint: [ 0.257  0.437 -0.106 -1.226  0.742  1.747  0.926]
[Deoxys INFO] 2025-08-25 10:11:43,769 - Current Robot joint: [ 0.254  0.427 -0.105 -1.228  0.736  1.753  0.924]
[Deoxys INFO] 2025-08-25 10:11:43,770 - Desired Robot joint: [ 0.254  0.429 -0.104 -1.23   0.735  1.755  0.924]
[Deoxys INFO] 2025-08-25 10:11:43,820 - Current Robot joint: [ 0.251  0.418 -0.103 -1.233  0.727  1.764  0.923]
[Deoxys INFO] 2025-08-25 10:11:43,820 - Desired Robot joint: [ 0.25   0.418 -0.102 -1.235  0.725  1.765  0.922]
[Deoxys INFO] 2025-08-25 10:11:43,870 - Current Robot joint: [ 0.248  0.405 -0.101 -1.239  0.714  1.775  0.921]
[Deoxys INFO] 2025-08-25 10:11:43,870 - Desired Robot joint: [ 0.247  0.406 -0.101 -1.241  0.713  1.777  0.921]
[Deoxys INFO] 2025-08-25 10:11:43,920 - Current Robot joint: [ 0.244  0.391 -0.099 -1.248  0.7    1.788  0.92 ]
[Deoxys INFO] 2025-08-25 10:11:43,920 - Desired Robot joint: [ 0.243  0.392 -0.099 -1.25   0.699  1.789  0.919]
[Deoxys INFO] 2025-08-25 10:11:43,970 - Current Robot joint: [ 0.241  0.377 -0.097 -1.259  0.684  1.8    0.918]
[Deoxys INFO] 2025-08-25 10:11:43,970 - Desired Robot joint: [ 0.24   0.378 -0.097 -1.261  0.683  1.802  0.917]
[Deoxys INFO] 2025-08-25 10:11:44,020 - Current Robot joint: [ 0.237  0.363 -0.096 -1.272  0.667  1.812  0.916]
[Deoxys INFO] 2025-08-25 10:11:44,020 - Desired Robot joint: [ 0.236  0.364 -0.095 -1.274  0.665  1.814  0.916]
[Deoxys INFO] 2025-08-25 10:11:44,070 - Current Robot joint: [ 0.234  0.349 -0.094 -1.287  0.649  1.824  0.915]
[Deoxys INFO] 2025-08-25 10:11:44,071 - Desired Robot joint: [ 0.233  0.35  -0.094 -1.29   0.648  1.826  0.914]
[Deoxys INFO] 2025-08-25 10:11:44,120 - Current Robot joint: [ 0.23   0.335 -0.092 -1.306  0.632  1.836  0.913]
[Deoxys INFO] 2025-08-25 10:11:44,120 - Desired Robot joint: [ 0.23   0.335 -0.092 -1.308  0.631  1.838  0.913]
[Deoxys INFO] 2025-08-25 10:11:44,171 - Current Robot joint: [ 0.227  0.32  -0.09  -1.326  0.614  1.848  0.912]
[Deoxys INFO] 2025-08-25 10:11:44,171 - Desired Robot joint: [ 0.226  0.321 -0.09  -1.329  0.613  1.85   0.911]
[Deoxys INFO] 2025-08-25 10:11:44,221 - Current Robot joint: [ 0.224  0.31  -0.089 -1.344  0.6    1.858  0.91 ]
[Deoxys INFO] 2025-08-25 10:11:44,221 - Desired Robot joint: [ 0.223  0.31  -0.089 -1.347  0.599  1.86   0.91 ]
[Deoxys INFO] 2025-08-25 10:11:44,271 - Current Robot joint: [ 0.221  0.295 -0.087 -1.369  0.583  1.87   0.909]
[Deoxys INFO] 2025-08-25 10:11:44,271 - Desired Robot joint: [ 0.22   0.296 -0.087 -1.373  0.582  1.872  0.908]
[Deoxys INFO] 2025-08-25 10:11:44,321 - Current Robot joint: [ 0.217  0.281 -0.086 -1.398  0.565  1.882  0.907]
[Deoxys INFO] 2025-08-25 10:11:44,321 - Desired Robot joint: [ 0.217  0.282 -0.085 -1.4    0.564  1.884  0.906]
[Deoxys INFO] 2025-08-25 10:11:44,371 - Current Robot joint: [ 0.214  0.267 -0.084 -1.427  0.548  1.895  0.905]
[Deoxys INFO] 2025-08-25 10:11:44,372 - Desired Robot joint: [ 0.213  0.267 -0.084 -1.431  0.547  1.896  0.905]
[Deoxys INFO] 2025-08-25 10:11:44,421 - Current Robot joint: [ 0.211  0.253 -0.082 -1.461  0.531  1.907  0.904]
[Deoxys INFO] 2025-08-25 10:11:44,422 - Desired Robot joint: [ 0.21   0.253 -0.082 -1.464  0.529  1.909  0.903]
[Deoxys INFO] 2025-08-25 10:11:44,471 - Current Robot joint: [ 0.207  0.238 -0.08  -1.496  0.513  1.919  0.902]
[Deoxys INFO] 2025-08-25 10:11:44,472 - Desired Robot joint: [ 0.206  0.239 -0.08  -1.499  0.512  1.921  0.902]
[Deoxys INFO] 2025-08-25 10:11:44,522 - Current Robot joint: [ 0.204  0.225 -0.079 -1.533  0.496  1.931  0.901]
[Deoxys INFO] 2025-08-25 10:11:44,522 - Desired Robot joint: [ 0.203  0.225 -0.078 -1.537  0.495  1.933  0.9  ]
[Deoxys INFO] 2025-08-25 10:11:44,572 - Current Robot joint: [ 0.2    0.21  -0.077 -1.572  0.478  1.943  0.899]
[Deoxys INFO] 2025-08-25 10:11:44,572 - Desired Robot joint: [ 0.2    0.211 -0.077 -1.576  0.477  1.945  0.898]
[Deoxys INFO] 2025-08-25 10:11:44,622 - Current Robot joint: [ 0.197  0.196 -0.075 -1.614  0.461  1.955  0.897]
[Deoxys INFO] 2025-08-25 10:11:44,622 - Desired Robot joint: [ 0.196  0.197 -0.075 -1.617  0.46   1.957  0.897]
[Deoxys INFO] 2025-08-25 10:11:44,672 - Current Robot joint: [ 0.194  0.182 -0.073 -1.656  0.443  1.967  0.896]
[Deoxys INFO] 2025-08-25 10:11:44,673 - Desired Robot joint: [ 0.193  0.182 -0.073 -1.66   0.442  1.969  0.895]
[Deoxys INFO] 2025-08-25 10:11:44,722 - Current Robot joint: [ 0.19   0.168 -0.071 -1.701  0.426  1.98   0.894]
[Deoxys INFO] 2025-08-25 10:11:44,722 - Desired Robot joint: [ 0.189  0.168 -0.071 -1.704  0.425  1.981  0.894]
[Deoxys INFO] 2025-08-25 10:11:44,772 - Current Robot joint: [ 0.187  0.154 -0.07  -1.746  0.409  1.992  0.892]
[Deoxys INFO] 2025-08-25 10:11:44,772 - Desired Robot joint: [ 0.186  0.154 -0.07  -1.75   0.407  1.993  0.892]
[Deoxys INFO] 2025-08-25 10:11:44,822 - Current Robot joint: [ 0.184  0.142 -0.068 -1.783  0.395  2.001  0.891]
[Deoxys INFO] 2025-08-25 10:11:44,823 - Desired Robot joint: [ 0.183  0.143 -0.068 -1.787  0.393  2.003  0.891]
[Deoxys INFO] 2025-08-25 10:11:44,872 - Current Robot joint: [ 0.181  0.128 -0.067 -1.829  0.377  2.013  0.889]
[Deoxys INFO] 2025-08-25 10:11:44,873 - Desired Robot joint: [ 0.18   0.129 -0.066 -1.833  0.376  2.015  0.889]
[Deoxys INFO] 2025-08-25 10:11:44,922 - Current Robot joint: [ 0.177  0.114 -0.065 -1.876  0.36   2.026  0.888]
[Deoxys INFO] 2025-08-25 10:11:44,923 - Desired Robot joint: [ 0.176  0.114 -0.065 -1.88   0.359  2.028  0.887]
[Deoxys INFO] 2025-08-25 10:11:44,973 - Current Robot joint: [ 0.174  0.1   -0.063 -1.921  0.343  2.037  0.886]
[Deoxys INFO] 2025-08-25 10:11:44,973 - Desired Robot joint: [ 0.173  0.1   -0.063 -1.925  0.341  2.039  0.886]
[Deoxys INFO] 2025-08-25 10:11:45,023 - Current Robot joint: [ 0.17   0.086 -0.061 -1.967  0.325  2.05   0.885]
[Deoxys INFO] 2025-08-25 10:11:45,023 - Desired Robot joint: [ 0.17   0.086 -0.061 -1.971  0.324  2.052  0.884]
[Deoxys INFO] 2025-08-25 10:11:45,073 - Current Robot joint: [ 0.167  0.072 -0.06  -2.011  0.308  2.062  0.883]
[Deoxys INFO] 2025-08-25 10:11:45,073 - Desired Robot joint: [ 0.166  0.072 -0.059 -2.015  0.307  2.063  0.883]
[Deoxys INFO] 2025-08-25 10:11:45,123 - Current Robot joint: [ 0.164  0.057 -0.058 -2.055  0.29   2.074  0.881]
[Deoxys INFO] 2025-08-25 10:11:45,123 - Desired Robot joint: [ 0.163  0.058 -0.058 -2.059  0.289  2.076  0.881]
[Deoxys INFO] 2025-08-25 10:11:45,173 - Current Robot joint: [ 0.16   0.044 -0.056 -2.098  0.273  2.086  0.88 ]
[Deoxys INFO] 2025-08-25 10:11:45,174 - Desired Robot joint: [ 0.159  0.044 -0.056 -2.101  0.272  2.088  0.879]
[Deoxys INFO] 2025-08-25 10:11:45,223 - Current Robot joint: [ 0.157  0.029 -0.054 -2.138  0.256  2.098  0.878]
[Deoxys INFO] 2025-08-25 10:11:45,223 - Desired Robot joint: [ 0.156  0.03  -0.054 -2.142  0.254  2.1    0.878]
[Deoxys INFO] 2025-08-25 10:11:45,273 - Current Robot joint: [ 0.153  0.015 -0.053 -2.177  0.238  2.11   0.877]
[Deoxys INFO] 2025-08-25 10:11:45,274 - Desired Robot joint: [ 0.152  0.015 -0.052 -2.18   0.237  2.112  0.876]
[Deoxys INFO] 2025-08-25 10:11:45,323 - Current Robot joint: [ 1.500e-01  1.000e-03 -5.100e-02 -2.213e+00  2.210e-01  2.123e+00
  8.750e-01]
[Deoxys INFO] 2025-08-25 10:11:45,324 - Desired Robot joint: [ 1.490e-01  1.000e-03 -5.100e-02 -2.217e+00  2.190e-01  2.124e+00
  8.750e-01]
[Deoxys INFO] 2025-08-25 10:11:45,373 - Current Robot joint: [ 0.147 -0.013 -0.049 -2.247  0.204  2.134  0.873]
[Deoxys INFO] 2025-08-25 10:11:45,374 - Desired Robot joint: [ 0.146 -0.013 -0.049 -2.25   0.202  2.136  0.873]
[Deoxys INFO] 2025-08-25 10:11:45,424 - Current Robot joint: [ 0.144 -0.025 -0.048 -2.273  0.189  2.144  0.872]
[Deoxys INFO] 2025-08-25 10:11:45,424 - Desired Robot joint: [ 0.143 -0.024 -0.047 -2.276  0.188  2.146  0.872]
[Deoxys INFO] 2025-08-25 10:11:45,474 - Current Robot joint: [ 0.14  -0.039 -0.046 -2.303  0.172  2.157  0.87 ]
[Deoxys INFO] 2025-08-25 10:11:45,474 - Desired Robot joint: [ 0.139 -0.038 -0.046 -2.306  0.171  2.158  0.87 ]
[Deoxys INFO] 2025-08-25 10:11:45,524 - Current Robot joint: [ 0.137 -0.053 -0.044 -2.33   0.154  2.169  0.869]
[Deoxys INFO] 2025-08-25 10:11:45,524 - Desired Robot joint: [ 0.136 -0.053 -0.044 -2.333  0.153  2.171  0.868]
[Deoxys INFO] 2025-08-25 10:11:45,574 - Current Robot joint: [ 0.133 -0.067 -0.042 -2.355  0.137  2.181  0.867]
[Deoxys INFO] 2025-08-25 10:11:45,574 - Desired Robot joint: [ 0.133 -0.067 -0.042 -2.358  0.136  2.183  0.867]
[Deoxys INFO] 2025-08-25 10:11:45,624 - Current Robot joint: [ 0.13  -0.081 -0.041 -2.377  0.119  2.193  0.866]
[Deoxys INFO] 2025-08-25 10:11:45,625 - Desired Robot joint: [ 0.129 -0.081 -0.04  -2.38   0.118  2.195  0.865]
[Deoxys INFO] 2025-08-25 10:11:45,675 - Current Robot joint: [ 0.127 -0.095 -0.039 -2.396  0.102  2.205  0.864]
[Deoxys INFO] 2025-08-25 10:11:45,676 - Desired Robot joint: [ 0.126 -0.095 -0.039 -2.399  0.101  2.207  0.864]
[Deoxys INFO] 2025-08-25 10:11:45,727 - Current Robot joint: [ 0.123 -0.109 -0.037 -2.414  0.084  2.217  0.862]
[Deoxys INFO] 2025-08-25 10:11:45,727 - Desired Robot joint: [ 0.122 -0.109 -0.037 -2.416  0.083  2.219  0.862]
[Deoxys INFO] 2025-08-25 10:11:45,777 - Current Robot joint: [ 0.12  -0.124 -0.035 -2.428  0.067  2.23   0.861]
[Deoxys INFO] 2025-08-25 10:11:45,777 - Desired Robot joint: [ 0.119 -0.124 -0.035 -2.43   0.066  2.232  0.86 ]
[Deoxys INFO] 2025-08-25 10:11:45,827 - Current Robot joint: [ 0.116 -0.138 -0.034 -2.44   0.05   2.242  0.859]
[Deoxys INFO] 2025-08-25 10:11:45,828 - Desired Robot joint: [ 0.115 -0.138 -0.033 -2.442  0.049  2.244  0.859]
[Deoxys INFO] 2025-08-25 10:11:45,877 - Current Robot joint: [ 0.113 -0.152 -0.032 -2.45   0.035  2.254  0.858]
[Deoxys INFO] 2025-08-25 10:11:45,878 - Desired Robot joint: [ 0.112 -0.152 -0.032 -2.452  0.034  2.256  0.857]
[Deoxys INFO] 2025-08-25 10:11:45,928 - Current Robot joint: [ 0.109 -0.165 -0.03  -2.458  0.021  2.266  0.856]
[Deoxys INFO] 2025-08-25 10:11:45,928 - Desired Robot joint: [ 0.109 -0.165 -0.03  -2.46   0.02   2.268  0.855]
[Deoxys INFO] 2025-08-25 10:11:45,978 - Current Robot joint: [ 0.106 -0.177 -0.028 -2.463  0.01   2.277  0.854]
[Deoxys INFO] 2025-08-25 10:11:45,978 - Desired Robot joint: [ 0.105 -0.177 -0.028 -2.465  0.009  2.279  0.854]
[Deoxys INFO] 2025-08-25 10:11:46,028 - Current Robot joint: [ 1.030e-01 -1.860e-01 -2.700e-02 -2.468e+00  2.000e-03  2.287e+00
  8.530e-01]
[Deoxys INFO] 2025-08-25 10:11:46,028 - Desired Robot joint: [ 1.020e-01 -1.860e-01 -2.600e-02 -2.470e+00  1.000e-03  2.289e+00
  8.520e-01]
[Deoxys INFO] 2025-08-25 10:11:46,078 - Current Robot joint: [ 0.099 -0.193 -0.025 -2.471 -0.004  2.294  0.851]
[Deoxys INFO] 2025-08-25 10:11:46,078 - Desired Robot joint: [ 0.098 -0.192 -0.025 -2.472 -0.005  2.296  0.851]
[Deoxys INFO] 2025-08-25 10:11:46,128 - Current Robot joint: [ 0.096 -0.196 -0.024 -2.472 -0.007  2.298  0.85 ]
[Deoxys INFO] 2025-08-25 10:11:46,129 - Desired Robot joint: [ 0.096 -0.196 -0.023 -2.474 -0.008  2.3    0.849]
[Deoxys INFO] 2025-08-25 10:11:46,179 - Current Robot joint: [ 0.093 -0.199 -0.022 -2.473 -0.009  2.301  0.848]
[Deoxys INFO] 2025-08-25 10:11:46,179 - Desired Robot joint: [ 0.092 -0.198 -0.021 -2.474 -0.01   2.302  0.848]
[Deoxys INFO] 2025-08-25 10:11:46,229 - Current Robot joint: [ 0.091 -0.2   -0.02  -2.473 -0.01   2.302  0.847]
[Deoxys INFO] 2025-08-25 10:11:46,229 - Desired Robot joint: [ 0.09  -0.199 -0.02  -2.475 -0.01   2.303  0.846]
[Deoxys INFO] 2025-08-25 10:11:46,279 - Current Robot joint: [ 0.091 -0.2   -0.02  -2.473 -0.01   2.302  0.846]
[Deoxys INFO] 2025-08-25 10:11:46,279 - Desired Robot joint: [ 0.09  -0.199 -0.02  -2.475 -0.011  2.303  0.846]
[Deoxys INFO] 2025-08-25 10:11:46,329 - Current Robot joint: [ 0.091 -0.2   -0.02  -2.473 -0.01   2.302  0.846]
[Deoxys INFO] 2025-08-25 10:11:46,329 - Desired Robot joint: [ 0.09  -0.199 -0.02  -2.475 -0.011  2.303  0.846]
[Deoxys INFO] 2025-08-25 10:11:46,379 - Current Robot joint: [ 0.091 -0.2   -0.02  -2.473 -0.01   2.302  0.846]
[Deoxys INFO] 2025-08-25 10:11:46,379 - Desired Robot joint: [ 0.09  -0.199 -0.02  -2.475 -0.011  2.303  0.846]
[Deoxys INFO] 2025-08-25 10:11:46,429 - Current Robot joint: [ 0.091 -0.2   -0.02  -2.473 -0.01   2.302  0.846]
[Deoxys INFO] 2025-08-25 10:11:46,430 - Desired Robot joint: [ 0.09  -0.199 -0.02  -2.475 -0.011  2.303  0.846]
[Deoxys INFO] 2025-08-25 10:11:46,479 - Current Robot joint: [ 0.091 -0.2   -0.02  -2.473 -0.01   2.302  0.846]
[Deoxys INFO] 2025-08-25 10:11:46,480 - Desired Robot joint: [ 0.09  -0.199 -0.02  -2.475 -0.011  2.303  0.846]
[Deoxys INFO] 2025-08-25 10:11:46,530 - Current Robot joint: [ 0.091 -0.2   -0.02  -2.473 -0.01   2.302  0.846]
[Deoxys INFO] 2025-08-25 10:11:46,530 - Desired Robot joint: [ 0.09  -0.199 -0.02  -2.475 -0.011  2.303  0.846]
[Deoxys INFO] 2025-08-25 10:11:46,580 - Current Robot joint: [ 0.091 -0.2   -0.02  -2.473 -0.01   2.302  0.846]
[Deoxys INFO] 2025-08-25 10:11:46,580 - Desired Robot joint: [ 0.09  -0.199 -0.02  -2.475 -0.011  2.303  0.846]
[Deoxys INFO] 2025-08-25 10:11:46,630 - Current Robot joint: [ 0.091 -0.2   -0.02  -2.473 -0.01   2.302  0.846]
[Deoxys INFO] 2025-08-25 10:11:46,630 - Desired Robot joint: [ 0.09  -0.199 -0.02  -2.475 -0.011  2.303  0.846]
[Deoxys INFO] 2025-08-25 10:11:46,680 - Current Robot joint: [ 0.091 -0.2   -0.02  -2.473 -0.01   2.302  0.846]
[Deoxys INFO] 2025-08-25 10:11:46,680 - Desired Robot joint: [ 0.09  -0.199 -0.02  -2.475 -0.011  2.303  0.846]
[Deoxys INFO] 2025-08-25 10:11:46,730 - Current Robot joint: [ 0.091 -0.2   -0.02  -2.473 -0.01   2.302  0.846]
[Deoxys INFO] 2025-08-25 10:11:46,730 - Desired Robot joint: [ 0.09  -0.199 -0.02  -2.475 -0.011  2.303  0.846]
[Deoxys INFO] 2025-08-25 10:11:46,780 - Current Robot joint: [ 0.091 -0.2   -0.02  -2.473 -0.01   2.302  0.846]
[Deoxys INFO] 2025-08-25 10:11:46,781 - Desired Robot joint: [ 0.09  -0.199 -0.02  -2.475 -0.011  2.303  0.846]
[Deoxys INFO] 2025-08-25 10:11:46,831 - Current Robot joint: [ 0.091 -0.2   -0.02  -2.473 -0.01   2.302  0.846]
[Deoxys INFO] 2025-08-25 10:11:46,831 - Desired Robot joint: [ 0.09  -0.199 -0.02  -2.475 -0.011  2.303  0.846]
[Deoxys INFO] 2025-08-25 10:11:46,881 - Current Robot joint: [ 0.091 -0.2   -0.02  -2.473 -0.01   2.302  0.846]
[Deoxys INFO] 2025-08-25 10:11:46,881 - Desired Robot joint: [ 0.09  -0.199 -0.02  -2.475 -0.011  2.303  0.846]
[Deoxys INFO] 2025-08-25 10:11:46,931 - Current Robot joint: [ 0.091 -0.2   -0.02  -2.473 -0.01   2.302  0.846]
[Deoxys INFO] 2025-08-25 10:11:46,931 - Desired Robot joint: [ 0.09  -0.199 -0.02  -2.475 -0.011  2.303  0.846]
[Deoxys INFO] 2025-08-25 10:11:46,981 - Current Robot joint: [ 0.091 -0.2   -0.02  -2.473 -0.01   2.302  0.846]
[Deoxys INFO] 2025-08-25 10:11:46,981 - Desired Robot joint: [ 0.09  -0.199 -0.02  -2.475 -0.011  2.303  0.846]
[Deoxys INFO] 2025-08-25 10:11:47,031 - Current Robot joint: [ 0.091 -0.2   -0.02  -2.473 -0.01   2.302  0.846]
[Deoxys INFO] 2025-08-25 10:11:47,031 - Desired Robot joint: [ 0.09  -0.199 -0.02  -2.475 -0.011  2.303  0.846]
[Deoxys INFO] 2025-08-25 10:11:47,081 - Current Robot joint: [ 0.091 -0.2   -0.02  -2.473 -0.01   2.302  0.846]
[Deoxys INFO] 2025-08-25 10:11:47,081 - Desired Robot joint: [ 0.09  -0.199 -0.02  -2.475 -0.011  2.303  0.846]
[Deoxys INFO] 2025-08-25 10:11:47,131 - Current Robot joint: [ 0.091 -0.2   -0.02  -2.473 -0.01   2.302  0.846]
[Deoxys INFO] 2025-08-25 10:11:47,132 - Desired Robot joint: [ 0.09  -0.199 -0.02  -2.475 -0.011  2.303  0.846]
[Deoxys INFO] 2025-08-25 10:11:47,181 - Current Robot joint: [ 0.091 -0.2   -0.02  -2.473 -0.01   2.302  0.846]
[Deoxys INFO] 2025-08-25 10:11:47,182 - Desired Robot joint: [ 0.09  -0.199 -0.02  -2.475 -0.011  2.303  0.846]
[Deoxys INFO] 2025-08-25 10:11:47,232 - Current Robot joint: [ 0.091 -0.2   -0.02  -2.473 -0.01   2.302  0.846]
[Deoxys INFO] 2025-08-25 10:11:47,232 - Desired Robot joint: [ 0.09  -0.199 -0.02  -2.475 -0.011  2.303  0.846]
[Deoxys INFO] 2025-08-25 10:11:47,282 - Current Robot joint: [ 0.091 -0.2   -0.02  -2.473 -0.01   2.302  0.846]
[Deoxys INFO] 2025-08-25 10:11:47,282 - Desired Robot joint: [ 0.09  -0.199 -0.02  -2.475 -0.011  2.303  0.846]
[Deoxys INFO] 2025-08-25 10:11:47,332 - Current Robot joint: [ 0.091 -0.2   -0.02  -2.473 -0.01   2.302  0.846]
[Deoxys INFO] 2025-08-25 10:11:47,332 - Desired Robot joint: [ 0.09  -0.199 -0.02  -2.475 -0.011  2.303  0.846]
[Deoxys INFO] 2025-08-25 10:11:47,382 - Current Robot joint: [ 0.091 -0.2   -0.02  -2.473 -0.01   2.302  0.846]
[Deoxys INFO] 2025-08-25 10:11:47,383 - Desired Robot joint: [ 0.09  -0.199 -0.02  -2.475 -0.011  2.303  0.846]
[Deoxys INFO] 2025-08-25 10:11:47,432 - Current Robot joint: [ 0.091 -0.2   -0.02  -2.473 -0.01   2.302  0.846]
[Deoxys INFO] 2025-08-25 10:11:47,433 - Desired Robot joint: [ 0.09  -0.199 -0.02  -2.475 -0.011  2.303  0.846]
[Deoxys INFO] 2025-08-25 10:11:47,483 - Current Robot joint: [ 0.091 -0.2   -0.02  -2.473 -0.01   2.302  0.846]
[Deoxys INFO] 2025-08-25 10:11:47,483 - Desired Robot joint: [ 0.09  -0.199 -0.02  -2.475 -0.011  2.303  0.846]
[Deoxys INFO] 2025-08-25 10:11:47,533 - Current Robot joint: [ 0.091 -0.2   -0.02  -2.473 -0.01   2.302  0.846]
[Deoxys INFO] 2025-08-25 10:11:47,533 - Desired Robot joint: [ 0.09  -0.199 -0.02  -2.475 -0.011  2.303  0.846]
[Deoxys INFO] 2025-08-25 10:11:47,583 - Current Robot joint: [ 0.091 -0.2   -0.02  -2.473 -0.01   2.302  0.846]
[Deoxys INFO] 2025-08-25 10:11:47,583 - Desired Robot joint: [ 0.09  -0.199 -0.02  -2.475 -0.011  2.303  0.846]
[Deoxys INFO] 2025-08-25 10:11:47,634 - Current Robot joint: [ 0.091 -0.2   -0.02  -2.473 -0.01   2.302  0.846]
[Deoxys INFO] 2025-08-25 10:11:47,634 - Desired Robot joint: [ 0.09  -0.199 -0.02  -2.475 -0.011  2.303  0.846]
[Deoxys INFO] 2025-08-25 10:11:47,684 - Current Robot joint: [ 0.091 -0.2   -0.02  -2.473 -0.01   2.302  0.846]
[Deoxys INFO] 2025-08-25 10:11:47,684 - Desired Robot joint: [ 0.09  -0.199 -0.02  -2.475 -0.011  2.303  0.846]
[Deoxys INFO] 2025-08-25 10:11:47,734 - Current Robot joint: [ 0.091 -0.2   -0.02  -2.473 -0.01   2.302  0.846]
[Deoxys INFO] 2025-08-25 10:11:47,734 - Desired Robot joint: [ 0.09  -0.199 -0.02  -2.475 -0.011  2.303  0.846]
[Deoxys INFO] 2025-08-25 10:11:47,784 - Current Robot joint: [ 0.091 -0.2   -0.02  -2.473 -0.01   2.302  0.846]
[Deoxys INFO] 2025-08-25 10:11:47,784 - Desired Robot joint: [ 0.09  -0.199 -0.02  -2.475 -0.011  2.303  0.846]
[Deoxys INFO] 2025-08-25 10:11:47,834 - Current Robot joint: [ 0.091 -0.2   -0.02  -2.473 -0.01   2.302  0.846]
[Deoxys INFO] 2025-08-25 10:11:47,835 - Desired Robot joint: [ 0.09  -0.199 -0.02  -2.475 -0.011  2.303  0.846]
[Deoxys INFO] 2025-08-25 10:11:47,884 - Current Robot joint: [ 0.091 -0.2   -0.02  -2.473 -0.01   2.302  0.846]
[Deoxys INFO] 2025-08-25 10:11:47,885 - Desired Robot joint: [ 0.09  -0.199 -0.02  -2.475 -0.011  2.303  0.846]
[Deoxys INFO] 2025-08-25 10:11:47,934 - Current Robot joint: [ 0.091 -0.2   -0.02  -2.473 -0.01   2.302  0.846]
[Deoxys INFO] 2025-08-25 10:11:47,935 - Desired Robot joint: [ 0.09  -0.199 -0.02  -2.475 -0.011  2.303  0.846]
[Deoxys INFO] 2025-08-25 10:11:47,985 - Current Robot joint: [ 0.091 -0.2   -0.02  -2.473 -0.01   2.302  0.846]
[Deoxys INFO] 2025-08-25 10:11:47,985 - Desired Robot joint: [ 0.09  -0.199 -0.02  -2.475 -0.011  2.303  0.846]
[Deoxys INFO] 2025-08-25 10:11:48,035 - Current Robot joint: [ 0.091 -0.2   -0.02  -2.473 -0.01   2.302  0.846]
[Deoxys INFO] 2025-08-25 10:11:48,035 - Desired Robot joint: [ 0.09  -0.199 -0.02  -2.475 -0.011  2.303  0.846]
[Deoxys INFO] 2025-08-25 10:11:48,085 - Current Robot joint: [ 0.091 -0.2   -0.02  -2.473 -0.01   2.302  0.846]
[Deoxys INFO] 2025-08-25 10:11:48,085 - Desired Robot joint: [ 0.09  -0.199 -0.02  -2.475 -0.011  2.303  0.846]
[Deoxys INFO] 2025-08-25 10:11:48,135 - Current Robot joint: [ 0.091 -0.2   -0.02  -2.473 -0.01   2.302  0.846]
[Deoxys INFO] 2025-08-25 10:11:48,135 - Desired Robot joint: [ 0.09  -0.199 -0.02  -2.475 -0.011  2.303  0.846]
[Deoxys INFO] 2025-08-25 10:11:48,185 - Current Robot joint: [ 0.091 -0.2   -0.02  -2.473 -0.01   2.302  0.846]
[Deoxys INFO] 2025-08-25 10:11:48,186 - Desired Robot joint: [ 0.09  -0.199 -0.02  -2.475 -0.011  2.303  0.846]
[Deoxys INFO] 2025-08-25 10:11:48,235 - Current Robot joint: [ 0.091 -0.2   -0.02  -2.473 -0.01   2.302  0.846]
[Deoxys INFO] 2025-08-25 10:11:48,235 - Desired Robot joint: [ 0.09  -0.199 -0.02  -2.475 -0.011  2.303  0.846]
[Deoxys INFO] 2025-08-25 10:11:48,286 - Current Robot joint: [ 0.091 -0.2   -0.02  -2.473 -0.01   2.302  0.846]
[Deoxys INFO] 2025-08-25 10:11:48,286 - Desired Robot joint: [ 0.09  -0.199 -0.02  -2.475 -0.011  2.303  0.846]
[Deoxys INFO] 2025-08-25 10:11:48,336 - Current Robot joint: [ 0.091 -0.2   -0.02  -2.473 -0.01   2.302  0.846]
[Deoxys INFO] 2025-08-25 10:11:48,336 - Desired Robot joint: [ 0.09  -0.199 -0.02  -2.475 -0.011  2.303  0.846]
[Deoxys INFO] 2025-08-25 10:11:48,386 - Current Robot joint: [ 0.091 -0.2   -0.02  -2.473 -0.01   2.302  0.846]
[Deoxys INFO] 2025-08-25 10:11:48,386 - Desired Robot joint: [ 0.09  -0.199 -0.02  -2.475 -0.011  2.303  0.846]
[Deoxys INFO] 2025-08-25 10:11:48,436 - Current Robot joint: [ 0.091 -0.2   -0.02  -2.473 -0.01   2.302  0.846]
[Deoxys INFO] 2025-08-25 10:11:48,436 - Desired Robot joint: [ 0.09  -0.199 -0.02  -2.475 -0.011  2.303  0.846]
[Deoxys INFO] 2025-08-25 10:11:48,486 - Current Robot joint: [ 0.091 -0.2   -0.02  -2.473 -0.01   2.302  0.846]
[Deoxys INFO] 2025-08-25 10:11:48,486 - Desired Robot joint: [ 0.09  -0.199 -0.02  -2.475 -0.011  2.303  0.846]
[Deoxys INFO] 2025-08-25 10:11:48,536 - Current Robot joint: [ 0.091 -0.2   -0.02  -2.473 -0.01   2.302  0.846]
[Deoxys INFO] 2025-08-25 10:11:48,537 - Desired Robot joint: [ 0.09  -0.199 -0.02  -2.475 -0.011  2.303  0.846]
[Deoxys INFO] 2025-08-25 10:11:48,586 - Current Robot joint: [ 0.091 -0.2   -0.02  -2.473 -0.01   2.302  0.846]
[Deoxys INFO] 2025-08-25 10:11:48,587 - Desired Robot joint: [ 0.09  -0.199 -0.02  -2.475 -0.011  2.303  0.846]
[Deoxys INFO] 2025-08-25 10:11:48,637 - Current Robot joint: [ 0.091 -0.2   -0.02  -2.473 -0.01   2.302  0.846]
[Deoxys INFO] 2025-08-25 10:11:48,637 - Desired Robot joint: [ 0.09  -0.199 -0.02  -2.475 -0.011  2.303  0.846]
[Deoxys INFO] 2025-08-25 10:11:48,687 - Current Robot joint: [ 0.091 -0.2   -0.02  -2.473 -0.01   2.302  0.846]
[Deoxys INFO] 2025-08-25 10:11:48,687 - Desired Robot joint: [ 0.09  -0.199 -0.02  -2.475 -0.011  2.303  0.846]
[Deoxys INFO] 2025-08-25 10:11:48,737 - Current Robot joint: [ 0.091 -0.2   -0.02  -2.473 -0.01   2.302  0.846]
[Deoxys INFO] 2025-08-25 10:11:48,737 - Desired Robot joint: [ 0.09  -0.199 -0.02  -2.475 -0.011  2.303  0.846]
[Deoxys INFO] 2025-08-25 10:11:48,787 - Current Robot joint: [ 0.091 -0.2   -0.02  -2.473 -0.01   2.302  0.846]
[Deoxys INFO] 2025-08-25 10:11:48,787 - Desired Robot joint: [ 0.09  -0.199 -0.02  -2.475 -0.011  2.303  0.846]
[Deoxys INFO] 2025-08-25 10:11:48,837 - Current Robot joint: [ 0.091 -0.2   -0.02  -2.473 -0.01   2.302  0.846]
[Deoxys INFO] 2025-08-25 10:11:48,838 - Desired Robot joint: [ 0.09  -0.199 -0.02  -2.475 -0.011  2.303  0.846]
[Deoxys INFO] 2025-08-25 10:11:48,887 - Current Robot joint: [ 0.091 -0.2   -0.02  -2.473 -0.01   2.302  0.846]
[Deoxys INFO] 2025-08-25 10:11:48,888 - Desired Robot joint: [ 0.09  -0.199 -0.02  -2.475 -0.011  2.303  0.846]
[Deoxys INFO] 2025-08-25 10:11:48,938 - Current Robot joint: [ 0.091 -0.2   -0.02  -2.473 -0.01   2.302  0.846]
[Deoxys INFO] 2025-08-25 10:11:48,938 - Desired Robot joint: [ 0.09  -0.199 -0.02  -2.475 -0.011  2.303  0.846]
[Deoxys INFO] 2025-08-25 10:11:48,988 - Current Robot joint: [ 0.091 -0.2   -0.02  -2.473 -0.01   2.302  0.846]
[Deoxys INFO] 2025-08-25 10:11:48,988 - Desired Robot joint: [ 0.09  -0.199 -0.02  -2.475 -0.011  2.303  0.846]
[Deoxys INFO] 2025-08-25 10:11:49,038 - Current Robot joint: [ 0.091 -0.2   -0.02  -2.473 -0.01   2.302  0.846]
[Deoxys INFO] 2025-08-25 10:11:49,038 - Desired Robot joint: [ 0.09  -0.199 -0.02  -2.475 -0.011  2.303  0.846]
[Deoxys INFO] 2025-08-25 10:11:49,088 - Current Robot joint: [ 0.091 -0.2   -0.02  -2.473 -0.01   2.302  0.846]
[Deoxys INFO] 2025-08-25 10:11:49,088 - Desired Robot joint: [ 0.09  -0.199 -0.02  -2.475 -0.011  2.303  0.846]
[Deoxys INFO] 2025-08-25 10:11:49,138 - Current Robot joint: [ 0.091 -0.2   -0.02  -2.473 -0.01   2.302  0.846]
[Deoxys INFO] 2025-08-25 10:11:49,139 - Desired Robot joint: [ 0.09  -0.199 -0.02  -2.475 -0.011  2.303  0.846]
[Deoxys INFO] 2025-08-25 10:11:49,188 - Current Robot joint: [ 0.091 -0.2   -0.02  -2.473 -0.01   2.302  0.846]
[Deoxys INFO] 2025-08-25 10:11:49,189 - Desired Robot joint: [ 0.09  -0.199 -0.02  -2.475 -0.011  2.303  0.846]
[Deoxys INFO] 2025-08-25 10:11:49,238 - Current Robot joint: [ 0.091 -0.2   -0.02  -2.473 -0.01   2.302  0.846]
[Deoxys INFO] 2025-08-25 10:11:49,239 - Desired Robot joint: [ 0.09  -0.199 -0.02  -2.475 -0.011  2.303  0.846]
[Deoxys INFO] 2025-08-25 10:11:49,288 - Current Robot joint: [ 0.091 -0.2   -0.02  -2.473 -0.01   2.302  0.846]
[Deoxys INFO] 2025-08-25 10:11:49,289 - Desired Robot joint: [ 0.09  -0.199 -0.02  -2.475 -0.011  2.303  0.846]
[Deoxys INFO] 2025-08-25 10:11:49,339 - Current Robot joint: [ 0.091 -0.2   -0.02  -2.473 -0.01   2.302  0.846]
[Deoxys INFO] 2025-08-25 10:11:49,339 - Desired Robot joint: [ 0.09  -0.199 -0.02  -2.475 -0.011  2.303  0.846]
[Deoxys INFO] 2025-08-25 10:11:49,389 - Current Robot joint: [ 0.091 -0.2   -0.02  -2.473 -0.01   2.302  0.846]
[Deoxys INFO] 2025-08-25 10:11:49,389 - Desired Robot joint: [ 0.09  -0.199 -0.02  -2.475 -0.011  2.303  0.846]
[Deoxys INFO] 2025-08-25 10:11:49,439 - Current Robot joint: [ 0.091 -0.2   -0.02  -2.473 -0.01   2.302  0.846]
[Deoxys INFO] 2025-08-25 10:11:49,439 - Desired Robot joint: [ 0.09  -0.199 -0.02  -2.475 -0.011  2.303  0.846]
[Deoxys INFO] 2025-08-25 10:11:49,489 - Current Robot joint: [ 0.091 -0.2   -0.02  -2.473 -0.01   2.302  0.846]
[Deoxys INFO] 2025-08-25 10:11:49,489 - Desired Robot joint: [ 0.09  -0.199 -0.02  -2.475 -0.011  2.303  0.846]
[Deoxys INFO] 2025-08-25 10:11:49,539 - Current Robot joint: [ 0.091 -0.2   -0.02  -2.473 -0.01   2.302  0.846]
[Deoxys INFO] 2025-08-25 10:11:49,539 - Desired Robot joint: [ 0.09  -0.199 -0.02  -2.475 -0.011  2.303  0.846]
[Deoxys INFO] 2025-08-25 10:11:49,589 - Current Robot joint: [ 0.091 -0.2   -0.02  -2.473 -0.01   2.302  0.846]
[Deoxys INFO] 2025-08-25 10:11:49,589 - Desired Robot joint: [ 0.09  -0.199 -0.02  -2.475 -0.011  2.303  0.846]
[Deoxys INFO] 2025-08-25 10:11:49,639 - Current Robot joint: [ 0.091 -0.2   -0.02  -2.473 -0.01   2.302  0.846]
[Deoxys INFO] 2025-08-25 10:11:49,640 - Desired Robot joint: [ 0.09  -0.199 -0.02  -2.475 -0.011  2.303  0.846]
[Deoxys INFO] 2025-08-25 10:11:49,690 - Current Robot joint: [ 0.091 -0.2   -0.02  -2.473 -0.01   2.302  0.846]
[Deoxys INFO] 2025-08-25 10:11:49,690 - Desired Robot joint: [ 0.09  -0.199 -0.02  -2.475 -0.011  2.303  0.846]
[Deoxys INFO] 2025-08-25 10:11:49,740 - Current Robot joint: [ 0.091 -0.2   -0.02  -2.473 -0.01   2.302  0.846]
[Deoxys INFO] 2025-08-25 10:11:49,740 - Desired Robot joint: [ 0.09  -0.199 -0.02  -2.475 -0.011  2.303  0.846]
[Deoxys INFO] 2025-08-25 10:11:49,790 - Current Robot joint: [ 0.091 -0.2   -0.02  -2.473 -0.01   2.302  0.846]
[Deoxys INFO] 2025-08-25 10:11:49,790 - Desired Robot joint: [ 0.09  -0.199 -0.02  -2.475 -0.011  2.303  0.846]
[Deoxys INFO] 2025-08-25 10:11:49,840 - Current Robot joint: [ 0.091 -0.2   -0.02  -2.473 -0.01   2.302  0.846]
[Deoxys INFO] 2025-08-25 10:11:49,840 - Desired Robot joint: [ 0.09  -0.199 -0.02  -2.475 -0.011  2.303  0.846]
[Deoxys INFO] 2025-08-25 10:11:49,890 - Current Robot joint: [ 0.091 -0.2   -0.02  -2.473 -0.01   2.302  0.846]
[Deoxys INFO] 2025-08-25 10:11:49,890 - Desired Robot joint: [ 0.09  -0.199 -0.02  -2.475 -0.011  2.303  0.846]
[Deoxys INFO] 2025-08-25 10:11:49,940 - Current Robot joint: [ 0.091 -0.2   -0.02  -2.473 -0.01   2.302  0.846]
[Deoxys INFO] 2025-08-25 10:11:49,940 - Desired Robot joint: [ 0.09  -0.199 -0.02  -2.475 -0.011  2.303  0.846]
[Deoxys INFO] 2025-08-25 10:11:49,990 - Current Robot joint: [ 0.091 -0.2   -0.02  -2.473 -0.01   2.302  0.846]
[Deoxys INFO] 2025-08-25 10:11:49,991 - Desired Robot joint: [ 0.09  -0.199 -0.02  -2.475 -0.011  2.303  0.846]
[Deoxys INFO] 2025-08-25 10:11:50,041 - Current Robot joint: [ 0.091 -0.2   -0.02  -2.473 -0.01   2.302  0.846]
[Deoxys INFO] 2025-08-25 10:11:50,041 - Desired Robot joint: [ 0.09  -0.199 -0.02  -2.475 -0.011  2.303  0.846]
[Deoxys INFO] 2025-08-25 10:11:50,091 - Current Robot joint: [ 0.091 -0.2   -0.02  -2.473 -0.01   2.302  0.846]
[Deoxys INFO] 2025-08-25 10:11:50,091 - Desired Robot joint: [ 0.09  -0.199 -0.02  -2.475 -0.011  2.303  0.846]
[Deoxys INFO] 2025-08-25 10:11:50,141 - Current Robot joint: [ 0.091 -0.2   -0.02  -2.473 -0.01   2.302  0.846]
[Deoxys INFO] 2025-08-25 10:11:50,141 - Desired Robot joint: [ 0.09  -0.199 -0.02  -2.475 -0.011  2.303  0.846]
[Deoxys INFO] 2025-08-25 10:11:50,191 - Current Robot joint: [ 0.091 -0.2   -0.02  -2.473 -0.01   2.302  0.846]
[Deoxys INFO] 2025-08-25 10:11:50,191 - Desired Robot joint: [ 0.09  -0.199 -0.02  -2.475 -0.011  2.303  0.846]
[Deoxys INFO] 2025-08-25 10:11:50,241 - Current Robot joint: [ 0.091 -0.2   -0.02  -2.473 -0.01   2.302  0.846]
[Deoxys INFO] 2025-08-25 10:11:50,241 - Desired Robot joint: [ 0.09  -0.199 -0.02  -2.475 -0.011  2.303  0.846]
[Deoxys INFO] 2025-08-25 10:11:50,291 - Current Robot joint: [ 0.091 -0.2   -0.02  -2.473 -0.01   2.302  0.846]
[Deoxys INFO] 2025-08-25 10:11:50,291 - Desired Robot joint: [ 0.09  -0.199 -0.02  -2.475 -0.011  2.303  0.846]
[Deoxys INFO] 2025-08-25 10:11:50,341 - Current Robot joint: [ 0.091 -0.2   -0.02  -2.473 -0.01   2.302  0.846]
[Deoxys INFO] 2025-08-25 10:11:50,342 - Desired Robot joint: [ 0.09  -0.199 -0.02  -2.475 -0.011  2.303  0.846]
[Deoxys INFO] 2025-08-25 10:11:50,392 - Current Robot joint: [ 0.091 -0.2   -0.02  -2.473 -0.01   2.302  0.846]
[Deoxys INFO] 2025-08-25 10:11:50,392 - Desired Robot joint: [ 0.09  -0.199 -0.02  -2.475 -0.011  2.303  0.846]
[Deoxys INFO] 2025-08-25 10:11:50,442 - Current Robot joint: [ 0.091 -0.2   -0.02  -2.473 -0.01   2.302  0.846]
[Deoxys INFO] 2025-08-25 10:11:50,442 - Desired Robot joint: [ 0.09  -0.199 -0.02  -2.475 -0.011  2.303  0.846]
[Deoxys INFO] 2025-08-25 10:11:50,492 - Current Robot joint: [ 0.091 -0.2   -0.02  -2.473 -0.01   2.302  0.846]
[Deoxys INFO] 2025-08-25 10:11:50,492 - Desired Robot joint: [ 0.09  -0.199 -0.02  -2.475 -0.011  2.303  0.846]
[Deoxys INFO] 2025-08-25 10:11:50,542 - Current Robot joint: [ 0.091 -0.2   -0.02  -2.473 -0.01   2.302  0.846]
[Deoxys INFO] 2025-08-25 10:11:50,542 - Desired Robot joint: [ 0.09  -0.199 -0.02  -2.475 -0.011  2.303  0.846]
[Deoxys INFO] 2025-08-25 10:11:50,592 - Current Robot joint: [ 0.091 -0.2   -0.02  -2.473 -0.01   2.302  0.846]
[Deoxys INFO] 2025-08-25 10:11:50,592 - Desired Robot joint: [ 0.09  -0.199 -0.02  -2.475 -0.011  2.303  0.846]
[Deoxys INFO] 2025-08-25 10:11:50,642 - Current Robot joint: [ 0.091 -0.2   -0.02  -2.473 -0.01   2.302  0.846]
[Deoxys INFO] 2025-08-25 10:11:50,642 - Desired Robot joint: [ 0.09  -0.199 -0.02  -2.475 -0.011  2.303  0.846]
[Deoxys INFO] 2025-08-25 10:11:50,692 - Current Robot joint: [ 0.091 -0.2   -0.02  -2.473 -0.01   2.302  0.846]
[Deoxys INFO] 2025-08-25 10:11:50,693 - Desired Robot joint: [ 0.09  -0.199 -0.02  -2.475 -0.011  2.303  0.846]
[Deoxys INFO] 2025-08-25 10:11:50,742 - Current Robot joint: [ 0.091 -0.2   -0.02  -2.473 -0.01   2.302  0.846]
[Deoxys INFO] 2025-08-25 10:11:50,742 - Desired Robot joint: [ 0.09  -0.199 -0.02  -2.475 -0.011  2.303  0.846]
[Deoxys INFO] 2025-08-25 10:11:50,793 - Current Robot joint: [ 0.091 -0.2   -0.02  -2.473 -0.01   2.302  0.846]
[Deoxys INFO] 2025-08-25 10:11:50,793 - Desired Robot joint: [ 0.09  -0.199 -0.02  -2.475 -0.011  2.303  0.846]
[Deoxys INFO] 2025-08-25 10:11:50,842 - Current Robot joint: [ 0.091 -0.2   -0.02  -2.473 -0.01   2.302  0.846]
[Deoxys INFO] 2025-08-25 10:11:50,843 - Desired Robot joint: [ 0.09  -0.199 -0.02  -2.475 -0.011  2.303  0.846]
[Deoxys INFO] 2025-08-25 10:11:50,892 - Current Robot joint: [ 0.091 -0.2   -0.02  -2.473 -0.01   2.302  0.846]
[Deoxys INFO] 2025-08-25 10:11:50,893 - Desired Robot joint: [ 0.09  -0.199 -0.02  -2.475 -0.011  2.303  0.846]
[Deoxys INFO] 2025-08-25 10:11:50,942 - Current Robot joint: [ 0.091 -0.2   -0.02  -2.473 -0.01   2.302  0.846]
[Deoxys INFO] 2025-08-25 10:11:50,943 - Desired Robot joint: [ 0.09  -0.199 -0.02  -2.475 -0.011  2.303  0.846]
[Deoxys INFO] 2025-08-25 10:11:50,993 - Current Robot joint: [ 0.091 -0.2   -0.02  -2.473 -0.01   2.302  0.846]
[Deoxys INFO] 2025-08-25 10:11:50,993 - Desired Robot joint: [ 0.09  -0.199 -0.02  -2.475 -0.011  2.303  0.846]
[Deoxys INFO] 2025-08-25 10:11:51,043 - Current Robot joint: [ 0.091 -0.2   -0.02  -2.473 -0.01   2.302  0.846]
[Deoxys INFO] 2025-08-25 10:11:51,043 - Desired Robot joint: [ 0.09  -0.199 -0.02  -2.475 -0.011  2.303  0.846]
[Deoxys INFO] 2025-08-25 10:11:51,093 - Current Robot joint: [ 0.091 -0.2   -0.02  -2.473 -0.01   2.302  0.846]
[Deoxys INFO] 2025-08-25 10:11:51,093 - Desired Robot joint: [ 0.09  -0.199 -0.02  -2.475 -0.011  2.303  0.846]
[Deoxys INFO] 2025-08-25 10:11:51,143 - Current Robot joint: [ 0.091 -0.2   -0.02  -2.473 -0.01   2.302  0.846]
[Deoxys INFO] 2025-08-25 10:11:51,143 - Desired Robot joint: [ 0.09  -0.199 -0.02  -2.475 -0.011  2.303  0.846]
[Deoxys INFO] 2025-08-25 10:11:51,193 - Current Robot joint: [ 0.091 -0.2   -0.02  -2.473 -0.01   2.302  0.846]
[Deoxys INFO] 2025-08-25 10:11:51,193 - Desired Robot joint: [ 0.09  -0.199 -0.02  -2.475 -0.011  2.303  0.846]
[Deoxys INFO] 2025-08-25 10:11:51,243 - Current Robot joint: [ 0.091 -0.2   -0.02  -2.473 -0.01   2.302  0.846]
[Deoxys INFO] 2025-08-25 10:11:51,243 - Desired Robot joint: [ 0.09  -0.199 -0.02  -2.475 -0.011  2.303  0.846]
[Deoxys INFO] 2025-08-25 10:11:51,293 - Current Robot joint: [ 0.091 -0.2   -0.02  -2.473 -0.01   2.302  0.846]
[Deoxys INFO] 2025-08-25 10:11:51,293 - Desired Robot joint: [ 0.09  -0.199 -0.02  -2.475 -0.011  2.303  0.846]
[Deoxys INFO] 2025-08-25 10:11:51,343 - Current Robot joint: [ 0.091 -0.2   -0.02  -2.473 -0.01   2.302  0.846]
[Deoxys INFO] 2025-08-25 10:11:51,343 - Desired Robot joint: [ 0.09  -0.199 -0.02  -2.475 -0.011  2.303  0.846]
[Deoxys INFO] 2025-08-25 10:11:51,393 - Current Robot joint: [ 0.091 -0.2   -0.02  -2.473 -0.01   2.302  0.846]
[Deoxys INFO] 2025-08-25 10:11:51,393 - Desired Robot joint: [ 0.09  -0.199 -0.02  -2.475 -0.011  2.303  0.846]
[Deoxys INFO] 2025-08-25 10:11:51,444 - Current Robot joint: [ 0.091 -0.2   -0.02  -2.473 -0.01   2.302  0.846]
[Deoxys INFO] 2025-08-25 10:11:51,444 - Desired Robot joint: [ 0.09  -0.199 -0.02  -2.475 -0.011  2.303  0.846]
[Deoxys INFO] 2025-08-25 10:11:51,494 - Current Robot joint: [ 0.091 -0.2   -0.02  -2.473 -0.01   2.302  0.846]
[Deoxys INFO] 2025-08-25 10:11:51,494 - Desired Robot joint: [ 0.09  -0.199 -0.02  -2.475 -0.011  2.303  0.846]
[Deoxys INFO] 2025-08-25 10:11:51,544 - Current Robot joint: [ 0.091 -0.2   -0.02  -2.473 -0.01   2.302  0.846]
[Deoxys INFO] 2025-08-25 10:11:51,544 - Desired Robot joint: [ 0.09  -0.199 -0.02  -2.475 -0.011  2.303  0.846]
[Deoxys INFO] 2025-08-25 10:11:51,594 - Current Robot joint: [ 0.091 -0.2   -0.02  -2.473 -0.01   2.302  0.846]
[Deoxys INFO] 2025-08-25 10:11:51,594 - Desired Robot joint: [ 0.09  -0.199 -0.02  -2.475 -0.011  2.303  0.846]
[Deoxys INFO] 2025-08-25 10:11:51,644 - Current Robot joint: [ 0.091 -0.2   -0.02  -2.473 -0.01   2.302  0.846]
[Deoxys INFO] 2025-08-25 10:11:51,644 - Desired Robot joint: [ 0.09  -0.199 -0.02  -2.475 -0.011  2.303  0.846]
[Deoxys INFO] 2025-08-25 10:11:51,694 - Current Robot joint: [ 0.091 -0.2   -0.02  -2.473 -0.01   2.302  0.846]
[Deoxys INFO] 2025-08-25 10:11:51,694 - Desired Robot joint: [ 0.09  -0.199 -0.02  -2.475 -0.011  2.303  0.846]
[Deoxys INFO] 2025-08-25 10:11:51,744 - Current Robot joint: [ 0.091 -0.2   -0.02  -2.473 -0.01   2.302  0.846]
[Deoxys INFO] 2025-08-25 10:11:51,744 - Desired Robot joint: [ 0.09  -0.199 -0.02  -2.475 -0.011  2.303  0.846]
[Deoxys INFO] 2025-08-25 10:11:51,794 - Current Robot joint: [ 0.091 -0.2   -0.02  -2.473 -0.01   2.302  0.846]
[Deoxys INFO] 2025-08-25 10:11:51,794 - Desired Robot joint: [ 0.09  -0.199 -0.02  -2.475 -0.011  2.303  0.846]
[Deoxys INFO] 2025-08-25 10:11:51,844 - Current Robot joint: [ 0.091 -0.2   -0.02  -2.473 -0.01   2.302  0.846]
[Deoxys INFO] 2025-08-25 10:11:51,844 - Desired Robot joint: [ 0.09  -0.199 -0.02  -2.475 -0.011  2.303  0.846]
[Deoxys INFO] 2025-08-25 10:11:51,894 - Current Robot joint: [ 0.091 -0.2   -0.02  -2.473 -0.01   2.302  0.846]
[Deoxys INFO] 2025-08-25 10:11:51,894 - Desired Robot joint: [ 0.09  -0.199 -0.02  -2.475 -0.011  2.303  0.846]
[Deoxys INFO] 2025-08-25 10:11:51,944 - Current Robot joint: [ 0.091 -0.2   -0.02  -2.473 -0.01   2.302  0.846]
[Deoxys INFO] 2025-08-25 10:11:51,945 - Desired Robot joint: [ 0.09  -0.199 -0.02  -2.475 -0.011  2.303  0.846]
[Deoxys INFO] 2025-08-25 10:11:51,995 - Current Robot joint: [ 0.091 -0.2   -0.02  -2.473 -0.01   2.302  0.846]
[Deoxys INFO] 2025-08-25 10:11:51,995 - Desired Robot joint: [ 0.09  -0.199 -0.02  -2.475 -0.011  2.303  0.846]
[Deoxys INFO] 2025-08-25 10:11:52,045 - Current Robot joint: [ 0.091 -0.2   -0.02  -2.473 -0.01   2.302  0.846]
[Deoxys INFO] 2025-08-25 10:11:52,045 - Desired Robot joint: [ 0.09  -0.199 -0.02  -2.475 -0.011  2.303  0.846]
[Deoxys INFO] 2025-08-25 10:11:52,095 - Current Robot joint: [ 0.091 -0.2   -0.02  -2.473 -0.01   2.302  0.846]
[Deoxys INFO] 2025-08-25 10:11:52,096 - Desired Robot joint: [ 0.09  -0.199 -0.02  -2.475 -0.011  2.303  0.846]
[Deoxys INFO] 2025-08-25 10:11:52,145 - Current Robot joint: [ 0.091 -0.2   -0.02  -2.473 -0.01   2.302  0.846]
[Deoxys INFO] 2025-08-25 10:11:52,145 - Desired Robot joint: [ 0.09  -0.199 -0.02  -2.475 -0.011  2.303  0.846]
[Deoxys WARNING] 2025-08-25 10:12:14,575 - Robot state not received
[Deoxys INFO] 2025-08-25 11:15:27,955 - Current Robot joint: [ 0.351 -0.09  -0.401 -2.285 -0.505  1.742  0.525]
[Deoxys INFO] 2025-08-25 11:15:27,956 - Desired Robot joint: [ 0.351 -0.09  -0.401 -2.286 -0.505  1.743  0.525]
[Deoxys INFO] 2025-08-25 11:15:27,956 - Current Robot joint: [ 0.351 -0.09  -0.401 -2.285 -0.505  1.742  0.525]
[Deoxys INFO] 2025-08-25 11:15:27,956 - Desired Robot joint: [ 0.351 -0.09  -0.401 -2.286 -0.505  1.743  0.525]
[Deoxys INFO] 2025-08-25 11:15:28,006 - Current Robot joint: [ 0.351 -0.09  -0.401 -2.285 -0.505  1.742  0.525]
[Deoxys INFO] 2025-08-25 11:15:28,007 - Desired Robot joint: [ 0.351 -0.09  -0.401 -2.286 -0.505  1.743  0.525]
[Deoxys INFO] 2025-08-25 11:15:28,057 - Current Robot joint: [ 0.351 -0.09  -0.4   -2.285 -0.505  1.742  0.525]
[Deoxys INFO] 2025-08-25 11:15:28,057 - Desired Robot joint: [ 0.351 -0.09  -0.4   -2.286 -0.505  1.743  0.525]
[Deoxys INFO] 2025-08-25 11:15:28,107 - Current Robot joint: [ 0.35  -0.092 -0.4   -2.286 -0.505  1.742  0.526]
[Deoxys INFO] 2025-08-25 11:15:28,107 - Desired Robot joint: [ 0.349 -0.092 -0.4   -2.288 -0.505  1.743  0.526]
[Deoxys INFO] 2025-08-25 11:15:28,157 - Current Robot joint: [ 0.347 -0.096 -0.397 -2.29  -0.503  1.743  0.529]
[Deoxys INFO] 2025-08-25 11:15:28,157 - Desired Robot joint: [ 0.346 -0.095 -0.397 -2.292 -0.503  1.744  0.529]
[Deoxys INFO] 2025-08-25 11:15:28,207 - Current Robot joint: [ 0.341 -0.099 -0.393 -2.296 -0.5    1.745  0.534]
[Deoxys INFO] 2025-08-25 11:15:28,207 - Desired Robot joint: [ 0.34  -0.098 -0.392 -2.297 -0.499  1.747  0.535]
[Deoxys INFO] 2025-08-25 11:15:28,257 - Current Robot joint: [ 0.333 -0.102 -0.385 -2.302 -0.494  1.749  0.542]
[Deoxys INFO] 2025-08-25 11:15:28,258 - Desired Robot joint: [ 0.332 -0.102 -0.385 -2.303 -0.493  1.751  0.542]
[Deoxys INFO] 2025-08-25 11:15:28,307 - Current Robot joint: [ 0.325 -0.105 -0.376 -2.307 -0.485  1.755  0.552]
[Deoxys INFO] 2025-08-25 11:15:28,308 - Desired Robot joint: [ 0.324 -0.105 -0.375 -2.309 -0.484  1.757  0.552]
[Deoxys INFO] 2025-08-25 11:15:28,358 - Current Robot joint: [ 0.316 -0.109 -0.364 -2.313 -0.474  1.764  0.562]
[Deoxys INFO] 2025-08-25 11:15:28,358 - Desired Robot joint: [ 0.315 -0.108 -0.363 -2.315 -0.473  1.766  0.563]
[Deoxys INFO] 2025-08-25 11:15:28,408 - Current Robot joint: [ 0.308 -0.112 -0.351 -2.319 -0.461  1.775  0.573]
[Deoxys INFO] 2025-08-25 11:15:28,408 - Desired Robot joint: [ 0.307 -0.111 -0.35  -2.321 -0.46   1.777  0.574]
[Deoxys INFO] 2025-08-25 11:15:28,458 - Current Robot joint: [ 0.3   -0.115 -0.337 -2.325 -0.445  1.788  0.584]
[Deoxys INFO] 2025-08-25 11:15:28,458 - Desired Robot joint: [ 0.298 -0.114 -0.336 -2.326 -0.444  1.79   0.585]
[Deoxys INFO] 2025-08-25 11:15:28,508 - Current Robot joint: [ 0.291 -0.118 -0.323 -2.331 -0.427  1.804  0.595]
[Deoxys INFO] 2025-08-25 11:15:28,508 - Desired Robot joint: [ 0.29  -0.118 -0.322 -2.332 -0.426  1.806  0.596]
[Deoxys INFO] 2025-08-25 11:15:28,558 - Current Robot joint: [ 0.282 -0.121 -0.309 -2.336 -0.408  1.822  0.606]
[Deoxys INFO] 2025-08-25 11:15:28,559 - Desired Robot joint: [ 0.281 -0.121 -0.309 -2.338 -0.407  1.825  0.606]
[Deoxys INFO] 2025-08-25 11:15:28,608 - Current Robot joint: [ 0.275 -0.124 -0.299 -2.341 -0.393  1.839  0.614]
[Deoxys INFO] 2025-08-25 11:15:28,609 - Desired Robot joint: [ 0.273 -0.124 -0.295 -2.344 -0.387  1.846  0.617]
[Deoxys INFO] 2025-08-25 11:15:28,659 - Current Robot joint: [ 0.267 -0.127 -0.285 -2.347 -0.373  1.862  0.625]
[Deoxys INFO] 2025-08-25 11:15:28,659 - Desired Robot joint: [ 0.266 -0.127 -0.284 -2.349 -0.372  1.864  0.626]
[Deoxys INFO] 2025-08-25 11:15:28,709 - Current Robot joint: [ 0.258 -0.13  -0.271 -2.353 -0.353  1.887  0.636]
[Deoxys INFO] 2025-08-25 11:15:28,709 - Desired Robot joint: [ 0.258 -0.13  -0.27  -2.355 -0.352  1.89   0.637]
[Deoxys INFO] 2025-08-25 11:15:28,759 - Current Robot joint: [ 0.25  -0.134 -0.257 -2.359 -0.333  1.914  0.647]
[Deoxys INFO] 2025-08-25 11:15:28,759 - Desired Robot joint: [ 0.249 -0.133 -0.257 -2.36  -0.332  1.917  0.648]
[Deoxys INFO] 2025-08-25 11:15:28,809 - Current Robot joint: [ 0.241 -0.137 -0.244 -2.364 -0.314  1.943  0.658]
[Deoxys INFO] 2025-08-25 11:15:28,810 - Desired Robot joint: [ 0.241 -0.136 -0.243 -2.366 -0.312  1.946  0.658]
[Deoxys INFO] 2025-08-25 11:15:28,859 - Current Robot joint: [ 0.233 -0.14  -0.23  -2.37  -0.294  1.973  0.668]
[Deoxys INFO] 2025-08-25 11:15:28,860 - Desired Robot joint: [ 0.232 -0.14  -0.229 -2.372 -0.292  1.976  0.669]
[Deoxys INFO] 2025-08-25 11:15:28,910 - Current Robot joint: [ 0.225 -0.143 -0.217 -2.376 -0.274  2.004  0.679]
[Deoxys INFO] 2025-08-25 11:15:28,910 - Desired Robot joint: [ 0.224 -0.143 -0.216 -2.378 -0.273  2.007  0.68 ]
[Deoxys INFO] 2025-08-25 11:15:28,960 - Current Robot joint: [ 0.216 -0.147 -0.203 -2.382 -0.254  2.035  0.69 ]
[Deoxys INFO] 2025-08-25 11:15:28,960 - Desired Robot joint: [ 0.215 -0.146 -0.202 -2.384 -0.253  2.038  0.691]
[Deoxys INFO] 2025-08-25 11:15:29,010 - Current Robot joint: [ 0.208 -0.15  -0.189 -2.388 -0.234  2.066  0.701]
[Deoxys INFO] 2025-08-25 11:15:29,010 - Desired Robot joint: [ 0.207 -0.149 -0.188 -2.389 -0.233  2.069  0.702]
[Deoxys INFO] 2025-08-25 11:15:29,060 - Current Robot joint: [ 0.199 -0.153 -0.175 -2.394 -0.215  2.097  0.712]
[Deoxys INFO] 2025-08-25 11:15:29,060 - Desired Robot joint: [ 0.198 -0.152 -0.175 -2.395 -0.213  2.099  0.712]
[Deoxys INFO] 2025-08-25 11:15:29,110 - Current Robot joint: [ 0.191 -0.156 -0.162 -2.399 -0.195  2.126  0.722]
[Deoxys INFO] 2025-08-25 11:15:29,110 - Desired Robot joint: [ 0.19  -0.156 -0.161 -2.401 -0.194  2.128  0.723]
[Deoxys INFO] 2025-08-25 11:15:29,160 - Current Robot joint: [ 0.182 -0.159 -0.148 -2.405 -0.175  2.153  0.733]
[Deoxys INFO] 2025-08-25 11:15:29,161 - Desired Robot joint: [ 0.181 -0.159 -0.147 -2.407 -0.174  2.156  0.734]
[Deoxys INFO] 2025-08-25 11:15:29,211 - Current Robot joint: [ 0.175 -0.162 -0.137 -2.41  -0.159  2.174  0.742]
[Deoxys INFO] 2025-08-25 11:15:29,211 - Desired Robot joint: [ 0.174 -0.161 -0.136 -2.412 -0.158  2.177  0.743]
[Deoxys INFO] 2025-08-25 11:15:29,261 - Current Robot joint: [ 0.167 -0.165 -0.123 -2.416 -0.139  2.198  0.753]
[Deoxys INFO] 2025-08-25 11:15:29,261 - Desired Robot joint: [ 0.166 -0.165 -0.123 -2.417 -0.138  2.2    0.754]
[Deoxys INFO] 2025-08-25 11:15:29,311 - Current Robot joint: [ 0.159 -0.168 -0.11  -2.422 -0.12   2.219  0.764]
[Deoxys INFO] 2025-08-25 11:15:29,311 - Desired Robot joint: [ 0.158 -0.168 -0.109 -2.423 -0.118  2.222  0.764]
[Deoxys INFO] 2025-08-25 11:15:29,361 - Current Robot joint: [ 0.15  -0.172 -0.096 -2.427 -0.1    2.239  0.774]
[Deoxys INFO] 2025-08-25 11:15:29,361 - Desired Robot joint: [ 0.149 -0.171 -0.095 -2.429 -0.099  2.241  0.775]
[Deoxys INFO] 2025-08-25 11:15:29,411 - Current Robot joint: [ 0.142 -0.175 -0.082 -2.433 -0.082  2.255  0.785]
[Deoxys INFO] 2025-08-25 11:15:29,411 - Desired Robot joint: [ 0.141 -0.174 -0.082 -2.435 -0.081  2.257  0.786]
[Deoxys INFO] 2025-08-25 11:15:29,461 - Current Robot joint: [ 0.133 -0.178 -0.069 -2.439 -0.066  2.269  0.796]
[Deoxys INFO] 2025-08-25 11:15:29,462 - Desired Robot joint: [ 0.132 -0.178 -0.068 -2.441 -0.065  2.271  0.797]
[Deoxys INFO] 2025-08-25 11:15:29,512 - Current Robot joint: [ 0.125 -0.181 -0.055 -2.445 -0.052  2.28   0.807]
[Deoxys INFO] 2025-08-25 11:15:29,512 - Desired Robot joint: [ 0.124 -0.181 -0.055 -2.447 -0.051  2.282  0.808]
[Deoxys INFO] 2025-08-25 11:15:29,562 - Current Robot joint: [ 0.116 -0.184 -0.043 -2.451 -0.04   2.29   0.818]
[Deoxys INFO] 2025-08-25 11:15:29,562 - Desired Robot joint: [ 0.115 -0.184 -0.042 -2.453 -0.039  2.291  0.819]
[Deoxys INFO] 2025-08-25 11:15:29,612 - Current Robot joint: [ 0.108 -0.188 -0.033 -2.457 -0.031  2.296  0.828]
[Deoxys INFO] 2025-08-25 11:15:29,612 - Desired Robot joint: [ 0.107 -0.187 -0.032 -2.458 -0.03   2.298  0.829]
[Deoxys INFO] 2025-08-25 11:15:29,662 - Current Robot joint: [ 0.099 -0.191 -0.025 -2.462 -0.025  2.301  0.836]
[Deoxys INFO] 2025-08-25 11:15:29,663 - Desired Robot joint: [ 0.098 -0.19  -0.024 -2.464 -0.024  2.302  0.837]
[Deoxys INFO] 2025-08-25 11:15:29,712 - Current Robot joint: [ 0.093 -0.194 -0.019 -2.468 -0.021  2.303  0.842]
[Deoxys INFO] 2025-08-25 11:15:29,712 - Desired Robot joint: [ 0.092 -0.194 -0.019 -2.47  -0.02   2.305  0.843]
[Deoxys INFO] 2025-08-25 11:15:29,762 - Current Robot joint: [ 0.089 -0.197 -0.016 -2.473 -0.018  2.305  0.846]
[Deoxys INFO] 2025-08-25 11:15:29,763 - Desired Robot joint: [ 0.088 -0.197 -0.016 -2.474 -0.018  2.306  0.846]
[Deoxys INFO] 2025-08-25 11:15:29,812 - Current Robot joint: [ 0.088 -0.2   -0.015 -2.474 -0.018  2.305  0.847]
[Deoxys INFO] 2025-08-25 11:15:29,813 - Desired Robot joint: [ 0.087 -0.199 -0.015 -2.476 -0.017  2.307  0.847]
[Deoxys INFO] 2025-08-25 11:15:29,863 - Current Robot joint: [ 0.087 -0.201 -0.015 -2.475 -0.018  2.306  0.847]
[Deoxys INFO] 2025-08-25 11:15:29,863 - Desired Robot joint: [ 0.087 -0.2   -0.015 -2.477 -0.017  2.307  0.848]
[Deoxys INFO] 2025-08-25 11:15:29,913 - Current Robot joint: [ 0.087 -0.201 -0.015 -2.475 -0.018  2.306  0.847]
[Deoxys INFO] 2025-08-25 11:15:29,913 - Desired Robot joint: [ 0.087 -0.2   -0.015 -2.477 -0.017  2.307  0.848]
[Deoxys INFO] 2025-08-25 11:15:29,963 - Current Robot joint: [ 0.087 -0.201 -0.015 -2.475 -0.018  2.306  0.847]
[Deoxys INFO] 2025-08-25 11:15:29,963 - Desired Robot joint: [ 0.087 -0.2   -0.015 -2.477 -0.017  2.307  0.848]
[Deoxys INFO] 2025-08-25 11:15:30,013 - Current Robot joint: [ 0.087 -0.201 -0.015 -2.475 -0.018  2.306  0.847]
[Deoxys INFO] 2025-08-25 11:15:30,013 - Desired Robot joint: [ 0.087 -0.2   -0.015 -2.477 -0.017  2.307  0.848]
[Deoxys INFO] 2025-08-25 11:15:30,063 - Current Robot joint: [ 0.087 -0.201 -0.015 -2.475 -0.018  2.306  0.847]
[Deoxys INFO] 2025-08-25 11:15:30,064 - Desired Robot joint: [ 0.087 -0.2   -0.015 -2.477 -0.017  2.307  0.848]
[Deoxys INFO] 2025-08-25 11:15:30,113 - Current Robot joint: [ 0.087 -0.201 -0.015 -2.475 -0.018  2.306  0.847]
[Deoxys INFO] 2025-08-25 11:15:30,114 - Desired Robot joint: [ 0.087 -0.2   -0.015 -2.477 -0.017  2.307  0.848]
[Deoxys INFO] 2025-08-25 11:15:30,164 - Current Robot joint: [ 0.087 -0.201 -0.015 -2.475 -0.018  2.306  0.847]
[Deoxys INFO] 2025-08-25 11:15:30,164 - Desired Robot joint: [ 0.087 -0.2   -0.015 -2.477 -0.017  2.307  0.848]
[Deoxys INFO] 2025-08-25 11:15:30,214 - Current Robot joint: [ 0.087 -0.201 -0.015 -2.475 -0.018  2.306  0.847]
[Deoxys INFO] 2025-08-25 11:15:30,214 - Desired Robot joint: [ 0.087 -0.2   -0.015 -2.477 -0.017  2.307  0.848]
[Deoxys INFO] 2025-08-25 11:15:30,264 - Current Robot joint: [ 0.087 -0.201 -0.015 -2.475 -0.018  2.306  0.847]
[Deoxys INFO] 2025-08-25 11:15:30,264 - Desired Robot joint: [ 0.087 -0.2   -0.015 -2.477 -0.017  2.307  0.848]
[Deoxys INFO] 2025-08-25 11:15:30,314 - Current Robot joint: [ 0.087 -0.201 -0.015 -2.475 -0.018  2.306  0.847]
[Deoxys INFO] 2025-08-25 11:15:30,314 - Desired Robot joint: [ 0.087 -0.2   -0.015 -2.477 -0.017  2.307  0.848]
[Deoxys INFO] 2025-08-25 11:15:30,364 - Current Robot joint: [ 0.087 -0.201 -0.015 -2.475 -0.018  2.306  0.847]
[Deoxys INFO] 2025-08-25 11:15:30,365 - Desired Robot joint: [ 0.087 -0.2   -0.015 -2.477 -0.017  2.307  0.848]
[Deoxys INFO] 2025-08-25 11:15:30,415 - Current Robot joint: [ 0.087 -0.201 -0.015 -2.475 -0.018  2.306  0.847]
[Deoxys INFO] 2025-08-25 11:15:30,415 - Desired Robot joint: [ 0.087 -0.2   -0.015 -2.477 -0.017  2.307  0.848]
[Deoxys INFO] 2025-08-25 11:15:30,465 - Current Robot joint: [ 0.087 -0.201 -0.015 -2.475 -0.018  2.306  0.847]
[Deoxys INFO] 2025-08-25 11:15:30,465 - Desired Robot joint: [ 0.087 -0.2   -0.015 -2.477 -0.017  2.307  0.848]
[Deoxys INFO] 2025-08-25 11:15:30,515 - Current Robot joint: [ 0.087 -0.201 -0.015 -2.475 -0.018  2.306  0.847]
[Deoxys INFO] 2025-08-25 11:15:30,515 - Desired Robot joint: [ 0.087 -0.2   -0.015 -2.477 -0.017  2.307  0.848]
[Deoxys INFO] 2025-08-25 11:15:30,565 - Current Robot joint: [ 0.087 -0.201 -0.015 -2.475 -0.018  2.306  0.847]
[Deoxys INFO] 2025-08-25 11:15:30,566 - Desired Robot joint: [ 0.087 -0.2   -0.015 -2.477 -0.017  2.307  0.848]
[Deoxys INFO] 2025-08-25 11:15:30,615 - Current Robot joint: [ 0.087 -0.201 -0.015 -2.475 -0.018  2.306  0.847]
[Deoxys INFO] 2025-08-25 11:15:30,616 - Desired Robot joint: [ 0.087 -0.2   -0.015 -2.477 -0.017  2.307  0.848]
[Deoxys INFO] 2025-08-25 11:15:30,666 - Current Robot joint: [ 0.087 -0.201 -0.015 -2.475 -0.018  2.306  0.847]
[Deoxys INFO] 2025-08-25 11:15:30,666 - Desired Robot joint: [ 0.087 -0.2   -0.015 -2.477 -0.017  2.307  0.848]
[Deoxys INFO] 2025-08-25 11:15:30,716 - Current Robot joint: [ 0.087 -0.201 -0.015 -2.475 -0.018  2.306  0.847]
[Deoxys INFO] 2025-08-25 11:15:30,716 - Desired Robot joint: [ 0.087 -0.2   -0.015 -2.477 -0.017  2.307  0.848]
[Deoxys INFO] 2025-08-25 11:15:30,766 - Current Robot joint: [ 0.087 -0.201 -0.015 -2.475 -0.018  2.306  0.847]
[Deoxys INFO] 2025-08-25 11:15:30,766 - Desired Robot joint: [ 0.087 -0.2   -0.015 -2.477 -0.017  2.307  0.848]
[Deoxys INFO] 2025-08-25 11:15:30,816 - Current Robot joint: [ 0.087 -0.201 -0.015 -2.475 -0.018  2.306  0.847]
[Deoxys INFO] 2025-08-25 11:15:30,816 - Desired Robot joint: [ 0.087 -0.2   -0.015 -2.477 -0.017  2.307  0.848]
[Deoxys INFO] 2025-08-25 11:15:30,866 - Current Robot joint: [ 0.087 -0.201 -0.015 -2.475 -0.018  2.306  0.847]
[Deoxys INFO] 2025-08-25 11:15:30,866 - Desired Robot joint: [ 0.087 -0.2   -0.015 -2.477 -0.017  2.307  0.848]
[Deoxys INFO] 2025-08-25 11:15:30,917 - Current Robot joint: [ 0.087 -0.201 -0.015 -2.475 -0.018  2.306  0.847]
[Deoxys INFO] 2025-08-25 11:15:30,917 - Desired Robot joint: [ 0.087 -0.2   -0.015 -2.477 -0.017  2.307  0.848]
[Deoxys INFO] 2025-08-25 11:15:30,967 - Current Robot joint: [ 0.087 -0.201 -0.015 -2.475 -0.018  2.306  0.847]
[Deoxys INFO] 2025-08-25 11:15:30,967 - Desired Robot joint: [ 0.087 -0.2   -0.015 -2.477 -0.017  2.307  0.848]
[Deoxys INFO] 2025-08-25 11:15:31,017 - Current Robot joint: [ 0.087 -0.201 -0.015 -2.475 -0.018  2.306  0.847]
[Deoxys INFO] 2025-08-25 11:15:31,017 - Desired Robot joint: [ 0.087 -0.2   -0.015 -2.477 -0.017  2.307  0.848]
[Deoxys INFO] 2025-08-25 11:15:31,067 - Current Robot joint: [ 0.087 -0.201 -0.015 -2.475 -0.018  2.306  0.847]
[Deoxys INFO] 2025-08-25 11:15:31,068 - Desired Robot joint: [ 0.087 -0.2   -0.015 -2.477 -0.017  2.307  0.848]
[Deoxys INFO] 2025-08-25 11:15:31,117 - Current Robot joint: [ 0.087 -0.201 -0.015 -2.475 -0.018  2.306  0.847]
[Deoxys INFO] 2025-08-25 11:15:31,118 - Desired Robot joint: [ 0.087 -0.2   -0.015 -2.477 -0.017  2.307  0.848]
[Deoxys INFO] 2025-08-25 11:15:31,168 - Current Robot joint: [ 0.087 -0.201 -0.015 -2.475 -0.018  2.306  0.847]
[Deoxys INFO] 2025-08-25 11:15:31,168 - Desired Robot joint: [ 0.087 -0.2   -0.015 -2.477 -0.017  2.307  0.848]
[Deoxys INFO] 2025-08-25 11:15:31,218 - Current Robot joint: [ 0.087 -0.201 -0.015 -2.475 -0.018  2.306  0.847]
[Deoxys INFO] 2025-08-25 11:15:31,218 - Desired Robot joint: [ 0.087 -0.2   -0.015 -2.477 -0.017  2.307  0.848]
[Deoxys INFO] 2025-08-25 11:15:31,268 - Current Robot joint: [ 0.087 -0.201 -0.015 -2.475 -0.018  2.306  0.847]
[Deoxys INFO] 2025-08-25 11:15:31,268 - Desired Robot joint: [ 0.087 -0.2   -0.015 -2.477 -0.017  2.307  0.848]
[Deoxys INFO] 2025-08-25 11:15:31,318 - Current Robot joint: [ 0.087 -0.201 -0.015 -2.475 -0.018  2.306  0.847]
[Deoxys INFO] 2025-08-25 11:15:31,318 - Desired Robot joint: [ 0.087 -0.2   -0.015 -2.477 -0.017  2.307  0.848]
[Deoxys INFO] 2025-08-25 11:15:31,368 - Current Robot joint: [ 0.087 -0.201 -0.015 -2.475 -0.018  2.306  0.847]
[Deoxys INFO] 2025-08-25 11:15:31,368 - Desired Robot joint: [ 0.087 -0.2   -0.015 -2.477 -0.017  2.307  0.848]
[Deoxys INFO] 2025-08-25 11:15:31,418 - Current Robot joint: [ 0.087 -0.201 -0.015 -2.475 -0.018  2.306  0.847]
[Deoxys INFO] 2025-08-25 11:15:31,418 - Desired Robot joint: [ 0.087 -0.2   -0.015 -2.477 -0.017  2.307  0.848]
[Deoxys INFO] 2025-08-25 11:15:31,468 - Current Robot joint: [ 0.087 -0.201 -0.015 -2.475 -0.018  2.306  0.847]
[Deoxys INFO] 2025-08-25 11:15:31,468 - Desired Robot joint: [ 0.087 -0.2   -0.015 -2.477 -0.017  2.307  0.848]
[Deoxys INFO] 2025-08-25 11:15:31,518 - Current Robot joint: [ 0.087 -0.201 -0.015 -2.475 -0.018  2.306  0.847]
[Deoxys INFO] 2025-08-25 11:15:31,519 - Desired Robot joint: [ 0.087 -0.2   -0.015 -2.477 -0.017  2.307  0.848]
[Deoxys INFO] 2025-08-25 11:15:31,568 - Current Robot joint: [ 0.087 -0.201 -0.015 -2.475 -0.018  2.306  0.847]
[Deoxys INFO] 2025-08-25 11:15:31,568 - Desired Robot joint: [ 0.087 -0.2   -0.015 -2.477 -0.017  2.307  0.848]
[Deoxys INFO] 2025-08-25 11:15:31,618 - Current Robot joint: [ 0.087 -0.201 -0.015 -2.475 -0.018  2.306  0.847]
[Deoxys INFO] 2025-08-25 11:15:31,619 - Desired Robot joint: [ 0.087 -0.2   -0.015 -2.477 -0.017  2.307  0.848]
[Deoxys INFO] 2025-08-25 11:15:31,669 - Current Robot joint: [ 0.087 -0.201 -0.015 -2.475 -0.018  2.306  0.847]
[Deoxys INFO] 2025-08-25 11:15:31,669 - Desired Robot joint: [ 0.087 -0.2   -0.015 -2.477 -0.017  2.307  0.848]
[Deoxys INFO] 2025-08-25 11:15:31,719 - Current Robot joint: [ 0.087 -0.201 -0.015 -2.475 -0.018  2.306  0.847]
[Deoxys INFO] 2025-08-25 11:15:31,719 - Desired Robot joint: [ 0.087 -0.2   -0.015 -2.477 -0.017  2.307  0.848]
[Deoxys INFO] 2025-08-25 11:15:31,769 - Current Robot joint: [ 0.087 -0.201 -0.015 -2.475 -0.018  2.306  0.847]
[Deoxys INFO] 2025-08-25 11:15:31,769 - Desired Robot joint: [ 0.087 -0.2   -0.015 -2.477 -0.017  2.307  0.848]
[Deoxys INFO] 2025-08-25 11:15:31,819 - Current Robot joint: [ 0.087 -0.201 -0.015 -2.475 -0.018  2.306  0.847]
[Deoxys INFO] 2025-08-25 11:15:31,819 - Desired Robot joint: [ 0.087 -0.2   -0.015 -2.477 -0.017  2.307  0.848]
[Deoxys INFO] 2025-08-25 11:15:31,869 - Current Robot joint: [ 0.087 -0.201 -0.015 -2.475 -0.018  2.306  0.847]
[Deoxys INFO] 2025-08-25 11:15:31,869 - Desired Robot joint: [ 0.087 -0.2   -0.015 -2.477 -0.017  2.307  0.848]
[Deoxys INFO] 2025-08-25 11:15:31,919 - Current Robot joint: [ 0.087 -0.201 -0.015 -2.475 -0.018  2.306  0.847]
[Deoxys INFO] 2025-08-25 11:15:31,919 - Desired Robot joint: [ 0.087 -0.2   -0.015 -2.477 -0.017  2.307  0.848]
[Deoxys INFO] 2025-08-25 11:15:31,969 - Current Robot joint: [ 0.087 -0.201 -0.015 -2.475 -0.018  2.306  0.847]
[Deoxys INFO] 2025-08-25 11:15:31,969 - Desired Robot joint: [ 0.087 -0.2   -0.015 -2.477 -0.017  2.307  0.848]
[Deoxys INFO] 2025-08-25 11:15:32,019 - Current Robot joint: [ 0.087 -0.201 -0.015 -2.475 -0.018  2.306  0.847]
[Deoxys INFO] 2025-08-25 11:15:32,020 - Desired Robot joint: [ 0.087 -0.2   -0.015 -2.477 -0.017  2.307  0.848]
[Deoxys INFO] 2025-08-25 11:15:32,069 - Current Robot joint: [ 0.087 -0.201 -0.015 -2.475 -0.018  2.306  0.847]
[Deoxys INFO] 2025-08-25 11:15:32,069 - Desired Robot joint: [ 0.087 -0.2   -0.015 -2.477 -0.017  2.307  0.848]
[Deoxys INFO] 2025-08-25 11:15:32,119 - Current Robot joint: [ 0.087 -0.201 -0.015 -2.475 -0.018  2.306  0.847]
[Deoxys INFO] 2025-08-25 11:15:32,119 - Desired Robot joint: [ 0.087 -0.2   -0.015 -2.477 -0.017  2.307  0.848]
[Deoxys INFO] 2025-08-25 11:15:32,169 - Current Robot joint: [ 0.087 -0.201 -0.015 -2.475 -0.018  2.306  0.847]
[Deoxys INFO] 2025-08-25 11:15:32,170 - Desired Robot joint: [ 0.087 -0.2   -0.015 -2.477 -0.017  2.307  0.848]
[Deoxys INFO] 2025-08-25 11:15:32,220 - Current Robot joint: [ 0.087 -0.201 -0.015 -2.475 -0.018  2.306  0.847]
[Deoxys INFO] 2025-08-25 11:15:32,220 - Desired Robot joint: [ 0.087 -0.2   -0.015 -2.477 -0.017  2.307  0.848]
[Deoxys INFO] 2025-08-25 11:15:32,270 - Current Robot joint: [ 0.087 -0.201 -0.015 -2.475 -0.018  2.306  0.847]
[Deoxys INFO] 2025-08-25 11:15:32,270 - Desired Robot joint: [ 0.087 -0.2   -0.015 -2.477 -0.017  2.307  0.848]
[Deoxys INFO] 2025-08-25 11:15:32,320 - Current Robot joint: [ 0.087 -0.201 -0.015 -2.475 -0.018  2.306  0.847]
[Deoxys INFO] 2025-08-25 11:15:32,320 - Desired Robot joint: [ 0.087 -0.2   -0.015 -2.477 -0.017  2.307  0.848]
[Deoxys INFO] 2025-08-25 11:15:32,370 - Current Robot joint: [ 0.087 -0.201 -0.015 -2.475 -0.018  2.306  0.847]
[Deoxys INFO] 2025-08-25 11:15:32,370 - Desired Robot joint: [ 0.087 -0.2   -0.015 -2.477 -0.017  2.307  0.848]
[Deoxys INFO] 2025-08-25 11:15:32,420 - Current Robot joint: [ 0.087 -0.201 -0.015 -2.475 -0.018  2.306  0.847]
[Deoxys INFO] 2025-08-25 11:15:32,420 - Desired Robot joint: [ 0.087 -0.2   -0.015 -2.477 -0.017  2.307  0.848]
[Deoxys INFO] 2025-08-25 11:15:32,470 - Current Robot joint: [ 0.087 -0.201 -0.015 -2.475 -0.018  2.306  0.847]
[Deoxys INFO] 2025-08-25 11:15:32,471 - Desired Robot joint: [ 0.087 -0.2   -0.015 -2.477 -0.017  2.307  0.848]
[Deoxys INFO] 2025-08-25 11:15:32,521 - Current Robot joint: [ 0.087 -0.201 -0.015 -2.475 -0.018  2.306  0.847]
[Deoxys INFO] 2025-08-25 11:15:32,521 - Desired Robot joint: [ 0.087 -0.2   -0.015 -2.477 -0.017  2.307  0.848]
[Deoxys INFO] 2025-08-25 11:15:32,571 - Current Robot joint: [ 0.087 -0.201 -0.015 -2.475 -0.018  2.306  0.847]
[Deoxys INFO] 2025-08-25 11:15:32,571 - Desired Robot joint: [ 0.087 -0.2   -0.015 -2.477 -0.017  2.307  0.848]
[Deoxys INFO] 2025-08-25 11:15:32,621 - Current Robot joint: [ 0.087 -0.201 -0.015 -2.475 -0.018  2.306  0.847]
[Deoxys INFO] 2025-08-25 11:15:32,621 - Desired Robot joint: [ 0.087 -0.2   -0.015 -2.477 -0.017  2.307  0.848]
[Deoxys INFO] 2025-08-25 11:15:32,671 - Current Robot joint: [ 0.087 -0.201 -0.015 -2.475 -0.018  2.306  0.847]
[Deoxys INFO] 2025-08-25 11:15:32,671 - Desired Robot joint: [ 0.087 -0.2   -0.015 -2.477 -0.017  2.307  0.848]
[Deoxys INFO] 2025-08-25 11:15:32,721 - Current Robot joint: [ 0.087 -0.201 -0.015 -2.475 -0.018  2.306  0.847]
[Deoxys INFO] 2025-08-25 11:15:32,721 - Desired Robot joint: [ 0.087 -0.2   -0.015 -2.477 -0.017  2.307  0.848]
[Deoxys INFO] 2025-08-25 11:15:32,771 - Current Robot joint: [ 0.087 -0.201 -0.015 -2.475 -0.018  2.306  0.847]
[Deoxys INFO] 2025-08-25 11:15:32,771 - Desired Robot joint: [ 0.087 -0.2   -0.015 -2.477 -0.017  2.307  0.848]
[Deoxys INFO] 2025-08-25 11:15:32,821 - Current Robot joint: [ 0.087 -0.201 -0.015 -2.475 -0.018  2.306  0.847]
[Deoxys INFO] 2025-08-25 11:15:32,822 - Desired Robot joint: [ 0.087 -0.2   -0.015 -2.477 -0.017  2.307  0.848]
[Deoxys INFO] 2025-08-25 11:15:32,872 - Current Robot joint: [ 0.087 -0.201 -0.015 -2.475 -0.018  2.306  0.847]
[Deoxys INFO] 2025-08-25 11:15:32,872 - Desired Robot joint: [ 0.087 -0.2   -0.015 -2.477 -0.017  2.307  0.848]
[Deoxys INFO] 2025-08-25 11:15:32,922 - Current Robot joint: [ 0.087 -0.201 -0.015 -2.475 -0.018  2.306  0.847]
[Deoxys INFO] 2025-08-25 11:15:32,922 - Desired Robot joint: [ 0.087 -0.2   -0.015 -2.477 -0.017  2.307  0.848]
[Deoxys INFO] 2025-08-25 11:15:32,972 - Current Robot joint: [ 0.087 -0.201 -0.015 -2.475 -0.018  2.306  0.847]
[Deoxys INFO] 2025-08-25 11:15:32,972 - Desired Robot joint: [ 0.087 -0.2   -0.015 -2.477 -0.017  2.307  0.848]
[Deoxys INFO] 2025-08-25 11:15:33,022 - Current Robot joint: [ 0.087 -0.201 -0.015 -2.475 -0.018  2.306  0.847]
[Deoxys INFO] 2025-08-25 11:15:33,022 - Desired Robot joint: [ 0.087 -0.2   -0.015 -2.477 -0.017  2.307  0.848]
[Deoxys INFO] 2025-08-25 11:15:33,072 - Current Robot joint: [ 0.087 -0.201 -0.015 -2.475 -0.018  2.306  0.847]
[Deoxys INFO] 2025-08-25 11:15:33,072 - Desired Robot joint: [ 0.087 -0.2   -0.015 -2.477 -0.017  2.307  0.848]
[Deoxys INFO] 2025-08-25 11:15:33,122 - Current Robot joint: [ 0.087 -0.201 -0.015 -2.475 -0.018  2.306  0.847]
[Deoxys INFO] 2025-08-25 11:15:33,122 - Desired Robot joint: [ 0.087 -0.2   -0.015 -2.477 -0.017  2.307  0.848]
[Deoxys INFO] 2025-08-25 11:15:33,172 - Current Robot joint: [ 0.087 -0.201 -0.015 -2.475 -0.018  2.306  0.847]
[Deoxys INFO] 2025-08-25 11:15:33,173 - Desired Robot joint: [ 0.087 -0.2   -0.015 -2.477 -0.017  2.307  0.848]
[Deoxys INFO] 2025-08-25 11:15:33,222 - Current Robot joint: [ 0.087 -0.201 -0.015 -2.475 -0.018  2.306  0.847]
[Deoxys INFO] 2025-08-25 11:15:33,223 - Desired Robot joint: [ 0.087 -0.2   -0.015 -2.477 -0.017  2.307  0.848]
[Deoxys INFO] 2025-08-25 11:15:33,273 - Current Robot joint: [ 0.087 -0.201 -0.015 -2.475 -0.018  2.306  0.847]
[Deoxys INFO] 2025-08-25 11:15:33,273 - Desired Robot joint: [ 0.087 -0.2   -0.015 -2.477 -0.017  2.307  0.848]
[Deoxys INFO] 2025-08-25 11:15:33,323 - Current Robot joint: [ 0.087 -0.201 -0.015 -2.475 -0.018  2.306  0.847]
[Deoxys INFO] 2025-08-25 11:15:33,323 - Desired Robot joint: [ 0.087 -0.2   -0.015 -2.477 -0.017  2.307  0.848]
[Deoxys WARNING] 2025-08-25 11:15:52,204 - Robot state not received
[Deoxys INFO] 2025-08-25 11:16:56,794 - Current Robot joint: [ 0.173 -0.142 -0.173 -2.489 -0.791  2.614  1.178]
[Deoxys INFO] 2025-08-25 11:16:56,794 - Desired Robot joint: [ 0.173 -0.141 -0.173 -2.49  -0.791  2.615  1.178]
[Deoxys INFO] 2025-08-25 11:16:56,795 - Current Robot joint: [ 0.173 -0.142 -0.173 -2.489 -0.791  2.614  1.178]
[Deoxys INFO] 2025-08-25 11:16:56,795 - Desired Robot joint: [ 0.173 -0.141 -0.173 -2.49  -0.791  2.615  1.178]
[Deoxys INFO] 2025-08-25 11:16:56,846 - Current Robot joint: [ 0.173 -0.142 -0.173 -2.489 -0.791  2.614  1.178]
[Deoxys INFO] 2025-08-25 11:16:56,846 - Desired Robot joint: [ 0.173 -0.141 -0.173 -2.49  -0.791  2.615  1.178]
[Deoxys INFO] 2025-08-25 11:16:56,896 - Current Robot joint: [ 0.173 -0.143 -0.173 -2.489 -0.791  2.614  1.178]
[Deoxys INFO] 2025-08-25 11:16:56,896 - Desired Robot joint: [ 0.172 -0.142 -0.173 -2.49  -0.791  2.615  1.178]
[Deoxys INFO] 2025-08-25 11:16:56,946 - Current Robot joint: [ 0.171 -0.144 -0.171 -2.489 -0.791  2.613  1.177]
[Deoxys INFO] 2025-08-25 11:16:56,946 - Desired Robot joint: [ 0.171 -0.143 -0.171 -2.49  -0.791  2.613  1.177]
[Deoxys INFO] 2025-08-25 11:16:56,996 - Current Robot joint: [ 0.169 -0.146 -0.167 -2.488 -0.79   2.609  1.173]
[Deoxys INFO] 2025-08-25 11:16:56,997 - Desired Robot joint: [ 0.169 -0.145 -0.167 -2.489 -0.79   2.609  1.173]
[Deoxys INFO] 2025-08-25 11:16:57,046 - Current Robot joint: [ 0.168 -0.147 -0.164 -2.488 -0.788  2.604  1.168]
[Deoxys INFO] 2025-08-25 11:16:57,047 - Desired Robot joint: [ 0.167 -0.146 -0.163 -2.489 -0.787  2.603  1.166]
[Deoxys INFO] 2025-08-25 11:16:57,097 - Current Robot joint: [ 0.166 -0.148 -0.16  -2.487 -0.784  2.596  1.16 ]
[Deoxys INFO] 2025-08-25 11:16:57,097 - Desired Robot joint: [ 0.165 -0.148 -0.16  -2.488 -0.784  2.596  1.16 ]
[Deoxys INFO] 2025-08-25 11:16:57,147 - Current Robot joint: [ 0.164 -0.15  -0.156 -2.487 -0.779  2.588  1.152]
[Deoxys INFO] 2025-08-25 11:16:57,147 - Desired Robot joint: [ 0.163 -0.149 -0.156 -2.488 -0.778  2.588  1.151]
[Deoxys INFO] 2025-08-25 11:16:57,197 - Current Robot joint: [ 0.162 -0.151 -0.153 -2.486 -0.772  2.579  1.143]
[Deoxys INFO] 2025-08-25 11:16:57,197 - Desired Robot joint: [ 0.161 -0.151 -0.152 -2.487 -0.771  2.58   1.142]
[Deoxys INFO] 2025-08-25 11:16:57,247 - Current Robot joint: [ 0.16  -0.153 -0.149 -2.485 -0.762  2.571  1.134]
[Deoxys INFO] 2025-08-25 11:16:57,247 - Desired Robot joint: [ 0.159 -0.152 -0.148 -2.487 -0.761  2.571  1.134]
[Deoxys INFO] 2025-08-25 11:16:57,297 - Current Robot joint: [ 0.158 -0.154 -0.145 -2.485 -0.75   2.563  1.125]
[Deoxys INFO] 2025-08-25 11:16:57,298 - Desired Robot joint: [ 0.157 -0.154 -0.145 -2.486 -0.749  2.563  1.125]
[Deoxys INFO] 2025-08-25 11:16:57,347 - Current Robot joint: [ 0.156 -0.156 -0.141 -2.484 -0.735  2.554  1.117]
[Deoxys INFO] 2025-08-25 11:16:57,348 - Desired Robot joint: [ 0.155 -0.155 -0.141 -2.485 -0.734  2.554  1.116]
[Deoxys INFO] 2025-08-25 11:16:57,397 - Current Robot joint: [ 0.154 -0.157 -0.137 -2.484 -0.718  2.546  1.108]
[Deoxys INFO] 2025-08-25 11:16:57,398 - Desired Robot joint: [ 0.153 -0.157 -0.137 -2.485 -0.717  2.546  1.107]
[Deoxys INFO] 2025-08-25 11:16:57,448 - Current Robot joint: [ 0.152 -0.159 -0.134 -2.483 -0.698  2.537  1.099]
[Deoxys INFO] 2025-08-25 11:16:57,448 - Desired Robot joint: [ 0.151 -0.158 -0.133 -2.484 -0.697  2.538  1.098]
[Deoxys INFO] 2025-08-25 11:16:57,498 - Current Robot joint: [ 0.15  -0.16  -0.13  -2.483 -0.676  2.529  1.09 ]
[Deoxys INFO] 2025-08-25 11:16:57,498 - Desired Robot joint: [ 0.149 -0.16  -0.129 -2.484 -0.674  2.529  1.09 ]
[Deoxys INFO] 2025-08-25 11:16:57,548 - Current Robot joint: [ 0.148 -0.162 -0.126 -2.482 -0.651  2.521  1.082]
[Deoxys INFO] 2025-08-25 11:16:57,548 - Desired Robot joint: [ 0.148 -0.161 -0.126 -2.483 -0.649  2.521  1.081]
[Deoxys INFO] 2025-08-25 11:16:57,598 - Current Robot joint: [ 0.147 -0.163 -0.123 -2.482 -0.629  2.514  1.075]
[Deoxys INFO] 2025-08-25 11:16:57,598 - Desired Robot joint: [ 0.146 -0.162 -0.123 -2.483 -0.628  2.514  1.074]
[Deoxys INFO] 2025-08-25 11:16:57,648 - Current Robot joint: [ 0.145 -0.165 -0.119 -2.481 -0.6    2.506  1.066]
[Deoxys INFO] 2025-08-25 11:16:57,649 - Desired Robot joint: [ 0.144 -0.164 -0.119 -2.482 -0.598  2.506  1.065]
[Deoxys INFO] 2025-08-25 11:16:57,698 - Current Robot joint: [ 0.143 -0.166 -0.115 -2.481 -0.569  2.497  1.057]
[Deoxys INFO] 2025-08-25 11:16:57,699 - Desired Robot joint: [ 0.142 -0.165 -0.115 -2.482 -0.567  2.497  1.056]
[Deoxys INFO] 2025-08-25 11:16:57,749 - Current Robot joint: [ 0.141 -0.167 -0.111 -2.48  -0.536  2.489  1.048]
[Deoxys INFO] 2025-08-25 11:16:57,749 - Desired Robot joint: [ 0.14  -0.167 -0.111 -2.481 -0.534  2.489  1.048]
[Deoxys INFO] 2025-08-25 11:16:57,799 - Current Robot joint: [ 0.139 -0.169 -0.108 -2.48  -0.502  2.48   1.04 ]
[Deoxys INFO] 2025-08-25 11:16:57,799 - Desired Robot joint: [ 0.138 -0.168 -0.107 -2.481 -0.5    2.481  1.039]
[Deoxys INFO] 2025-08-25 11:16:57,849 - Current Robot joint: [ 0.137 -0.17  -0.104 -2.479 -0.466  2.472  1.031]
[Deoxys INFO] 2025-08-25 11:16:57,849 - Desired Robot joint: [ 0.136 -0.17  -0.104 -2.48  -0.464  2.472  1.03 ]
[Deoxys INFO] 2025-08-25 11:16:57,899 - Current Robot joint: [ 0.135 -0.172 -0.1   -2.479 -0.429  2.464  1.022]
[Deoxys INFO] 2025-08-25 11:16:57,899 - Desired Robot joint: [ 0.134 -0.171 -0.1   -2.48  -0.427  2.464  1.021]
[Deoxys INFO] 2025-08-25 11:16:57,949 - Current Robot joint: [ 0.133 -0.174 -0.096 -2.478 -0.393  2.455  1.013]
[Deoxys INFO] 2025-08-25 11:16:57,949 - Desired Robot joint: [ 0.132 -0.173 -0.096 -2.479 -0.391  2.455  1.012]
[Deoxys INFO] 2025-08-25 11:16:57,999 - Current Robot joint: [ 0.131 -0.175 -0.092 -2.478 -0.356  2.447  1.004]
[Deoxys INFO] 2025-08-25 11:16:58,000 - Desired Robot joint: [ 0.13  -0.174 -0.092 -2.479 -0.354  2.447  1.004]
[Deoxys INFO] 2025-08-25 11:16:58,050 - Current Robot joint: [ 0.129 -0.177 -0.089 -2.477 -0.32   2.438  0.996]
[Deoxys INFO] 2025-08-25 11:16:58,050 - Desired Robot joint: [ 0.128 -0.176 -0.088 -2.478 -0.319  2.439  0.995]
[Deoxys INFO] 2025-08-25 11:16:58,100 - Current Robot joint: [ 0.127 -0.178 -0.085 -2.477 -0.286  2.43   0.987]
[Deoxys INFO] 2025-08-25 11:16:58,100 - Desired Robot joint: [ 0.126 -0.177 -0.084 -2.478 -0.284  2.43   0.986]
[Deoxys INFO] 2025-08-25 11:16:58,150 - Current Robot joint: [ 0.126 -0.179 -0.082 -2.476 -0.259  2.423  0.98 ]
[Deoxys INFO] 2025-08-25 11:16:58,150 - Desired Robot joint: [ 0.125 -0.179 -0.081 -2.477 -0.25   2.422  0.977]
[Deoxys INFO] 2025-08-25 11:16:58,200 - Current Robot joint: [ 0.124 -0.181 -0.078 -2.476 -0.227  2.415  0.971]
[Deoxys INFO] 2025-08-25 11:16:58,200 - Desired Robot joint: [ 0.123 -0.18  -0.078 -2.477 -0.225  2.415  0.97 ]
[Deoxys INFO] 2025-08-25 11:16:58,250 - Current Robot joint: [ 0.122 -0.182 -0.074 -2.475 -0.197  2.407  0.963]
[Deoxys INFO] 2025-08-25 11:16:58,251 - Desired Robot joint: [ 0.121 -0.182 -0.074 -2.476 -0.195  2.407  0.962]
[Deoxys INFO] 2025-08-25 11:16:58,300 - Current Robot joint: [ 0.12  -0.184 -0.07  -2.475 -0.169  2.399  0.954]
[Deoxys INFO] 2025-08-25 11:16:58,301 - Desired Robot joint: [ 0.119 -0.183 -0.07  -2.476 -0.167  2.399  0.953]
[Deoxys INFO] 2025-08-25 11:16:58,351 - Current Robot joint: [ 0.118 -0.185 -0.067 -2.474 -0.143  2.39   0.945]
[Deoxys INFO] 2025-08-25 11:16:58,351 - Desired Robot joint: [ 0.117 -0.185 -0.066 -2.475 -0.142  2.39   0.944]
[Deoxys INFO] 2025-08-25 11:16:58,401 - Current Robot joint: [ 0.116 -0.187 -0.063 -2.474 -0.119  2.382  0.936]
[Deoxys INFO] 2025-08-25 11:16:58,401 - Desired Robot joint: [ 0.115 -0.186 -0.062 -2.474 -0.118  2.382  0.935]
[Deoxys INFO] 2025-08-25 11:16:58,451 - Current Robot joint: [ 0.114 -0.188 -0.059 -2.473 -0.099  2.373  0.927]
[Deoxys INFO] 2025-08-25 11:16:58,451 - Desired Robot joint: [ 0.113 -0.188 -0.059 -2.474 -0.098  2.373  0.927]
[Deoxys INFO] 2025-08-25 11:16:58,501 - Current Robot joint: [ 0.112 -0.19  -0.055 -2.472 -0.081  2.365  0.919]
[Deoxys INFO] 2025-08-25 11:16:58,501 - Desired Robot joint: [ 0.111 -0.189 -0.055 -2.473 -0.08   2.365  0.918]
[Deoxys INFO] 2025-08-25 11:16:58,551 - Current Robot joint: [ 0.11  -0.191 -0.051 -2.472 -0.065  2.356  0.91 ]
[Deoxys INFO] 2025-08-25 11:16:58,551 - Desired Robot joint: [ 0.109 -0.191 -0.051 -2.473 -0.064  2.357  0.909]
[Deoxys INFO] 2025-08-25 11:16:58,601 - Current Robot joint: [ 0.108 -0.193 -0.047 -2.471 -0.052  2.348  0.901]
[Deoxys INFO] 2025-08-25 11:16:58,602 - Desired Robot joint: [ 0.107 -0.192 -0.047 -2.472 -0.051  2.348  0.9  ]
[Deoxys INFO] 2025-08-25 11:16:58,652 - Current Robot joint: [ 0.106 -0.194 -0.044 -2.471 -0.042  2.34   0.893]
[Deoxys INFO] 2025-08-25 11:16:58,652 - Desired Robot joint: [ 0.105 -0.193 -0.043 -2.472 -0.041  2.34   0.892]
[Deoxys INFO] 2025-08-25 11:16:58,702 - Current Robot joint: [ 0.104 -0.196 -0.04  -2.47  -0.033  2.331  0.884]
[Deoxys INFO] 2025-08-25 11:16:58,702 - Desired Robot joint: [ 0.103 -0.195 -0.04  -2.471 -0.033  2.332  0.883]
[Deoxys INFO] 2025-08-25 11:16:58,752 - Current Robot joint: [ 0.103 -0.197 -0.037 -2.47  -0.028  2.325  0.877]
[Deoxys INFO] 2025-08-25 11:16:58,752 - Desired Robot joint: [ 0.102 -0.196 -0.036 -2.471 -0.028  2.325  0.876]
[Deoxys INFO] 2025-08-25 11:16:58,802 - Current Robot joint: [ 0.101 -0.198 -0.033 -2.469 -0.024  2.316  0.868]
[Deoxys INFO] 2025-08-25 11:16:58,802 - Desired Robot joint: [ 0.1   -0.198 -0.033 -2.47  -0.023  2.317  0.867]
[Deoxys INFO] 2025-08-25 11:16:58,852 - Current Robot joint: [ 0.099 -0.2   -0.029 -2.469 -0.021  2.309  0.861]
[Deoxys INFO] 2025-08-25 11:16:58,852 - Desired Robot joint: [ 0.098 -0.199 -0.029 -2.47  -0.02   2.31   0.86 ]
[Deoxys INFO] 2025-08-25 11:16:58,902 - Current Robot joint: [ 0.097 -0.201 -0.025 -2.468 -0.019  2.304  0.856]
[Deoxys INFO] 2025-08-25 11:16:58,903 - Desired Robot joint: [ 0.096 -0.201 -0.025 -2.469 -0.019  2.305  0.856]
[Deoxys INFO] 2025-08-25 11:16:58,953 - Current Robot joint: [ 0.095 -0.203 -0.022 -2.468 -0.019  2.302  0.854]
[Deoxys INFO] 2025-08-25 11:16:58,953 - Desired Robot joint: [ 0.094 -0.202 -0.022 -2.469 -0.018  2.303  0.854]
[Deoxys INFO] 2025-08-25 11:16:59,003 - Current Robot joint: [ 0.094 -0.204 -0.021 -2.467 -0.018  2.301  0.853]
[Deoxys INFO] 2025-08-25 11:16:59,003 - Desired Robot joint: [ 0.093 -0.203 -0.021 -2.468 -0.018  2.302  0.853]
[Deoxys WARNING] 2025-08-25 11:17:09,582 - Robot state not received
[Deoxys INFO] 2025-08-25 11:18:43,798 - Current Robot joint: [ 0.441 -0.022 -0.164 -2.432 -0.357  2.625  1.347]
[Deoxys INFO] 2025-08-25 11:18:43,799 - Desired Robot joint: [ 0.441 -0.021 -0.164 -2.433 -0.357  2.626  1.347]
[Deoxys INFO] 2025-08-25 11:18:43,799 - Current Robot joint: [ 0.441 -0.022 -0.164 -2.432 -0.357  2.625  1.347]
[Deoxys INFO] 2025-08-25 11:18:43,799 - Desired Robot joint: [ 0.441 -0.021 -0.164 -2.433 -0.357  2.626  1.347]
[Deoxys INFO] 2025-08-25 11:18:43,849 - Current Robot joint: [ 0.441 -0.022 -0.164 -2.432 -0.357  2.625  1.347]
[Deoxys INFO] 2025-08-25 11:18:43,850 - Desired Robot joint: [ 0.441 -0.021 -0.164 -2.433 -0.357  2.626  1.347]
[Deoxys INFO] 2025-08-25 11:18:43,899 - Current Robot joint: [ 0.441 -0.022 -0.164 -2.432 -0.357  2.625  1.347]
[Deoxys INFO] 2025-08-25 11:18:43,900 - Desired Robot joint: [ 0.441 -0.021 -0.164 -2.433 -0.357  2.626  1.347]
[Deoxys INFO] 2025-08-25 11:18:43,950 - Current Robot joint: [ 0.441 -0.022 -0.164 -2.432 -0.357  2.625  1.347]
[Deoxys INFO] 2025-08-25 11:18:43,950 - Desired Robot joint: [ 0.441 -0.021 -0.164 -2.433 -0.357  2.626  1.347]
[Deoxys INFO] 2025-08-25 11:18:44,000 - Current Robot joint: [ 0.44  -0.023 -0.163 -2.432 -0.357  2.625  1.347]
[Deoxys INFO] 2025-08-25 11:18:44,000 - Desired Robot joint: [ 0.44  -0.022 -0.163 -2.434 -0.357  2.626  1.347]
[Deoxys INFO] 2025-08-25 11:18:44,050 - Current Robot joint: [ 0.439 -0.026 -0.16  -2.433 -0.355  2.623  1.346]
[Deoxys INFO] 2025-08-25 11:18:44,050 - Desired Robot joint: [ 0.438 -0.025 -0.16  -2.435 -0.355  2.624  1.346]
[Deoxys INFO] 2025-08-25 11:18:44,100 - Current Robot joint: [ 0.435 -0.031 -0.156 -2.435 -0.352  2.619  1.344]
[Deoxys INFO] 2025-08-25 11:18:44,100 - Desired Robot joint: [ 0.434 -0.03  -0.155 -2.436 -0.351  2.619  1.344]
[Deoxys INFO] 2025-08-25 11:18:44,150 - Current Robot joint: [ 0.429 -0.037 -0.151 -2.436 -0.345  2.613  1.34 ]
[Deoxys INFO] 2025-08-25 11:18:44,150 - Desired Robot joint: [ 0.428 -0.036 -0.151 -2.437 -0.345  2.613  1.34 ]
[Deoxys INFO] 2025-08-25 11:18:44,200 - Current Robot joint: [ 0.42  -0.043 -0.146 -2.437 -0.336  2.603  1.335]
[Deoxys INFO] 2025-08-25 11:18:44,201 - Desired Robot joint: [ 0.419 -0.042 -0.146 -2.438 -0.336  2.604  1.334]
[Deoxys INFO] 2025-08-25 11:18:44,251 - Current Robot joint: [ 0.409 -0.049 -0.142 -2.438 -0.325  2.592  1.327]
[Deoxys INFO] 2025-08-25 11:18:44,251 - Desired Robot joint: [ 0.408 -0.048 -0.141 -2.44  -0.324  2.592  1.326]
[Deoxys INFO] 2025-08-25 11:18:44,301 - Current Robot joint: [ 0.399 -0.053 -0.138 -2.439 -0.315  2.583  1.319]
[Deoxys INFO] 2025-08-25 11:18:44,301 - Desired Robot joint: [ 0.398 -0.053 -0.138 -2.44  -0.314  2.583  1.318]
[Deoxys INFO] 2025-08-25 11:18:44,351 - Current Robot joint: [ 0.385 -0.059 -0.133 -2.44  -0.302  2.571  1.307]
[Deoxys INFO] 2025-08-25 11:18:44,351 - Desired Robot joint: [ 0.384 -0.059 -0.133 -2.442 -0.301  2.571  1.306]
[Deoxys INFO] 2025-08-25 11:18:44,401 - Current Robot joint: [ 0.372 -0.065 -0.129 -2.441 -0.289  2.559  1.292]
[Deoxys INFO] 2025-08-25 11:18:44,401 - Desired Robot joint: [ 0.371 -0.065 -0.128 -2.443 -0.288  2.559  1.291]
[Deoxys INFO] 2025-08-25 11:18:44,451 - Current Robot joint: [ 0.359 -0.071 -0.124 -2.442 -0.276  2.547  1.274]
[Deoxys INFO] 2025-08-25 11:18:44,451 - Desired Robot joint: [ 0.358 -0.07  -0.123 -2.444 -0.275  2.547  1.273]
[Deoxys INFO] 2025-08-25 11:18:44,501 - Current Robot joint: [ 0.346 -0.077 -0.119 -2.444 -0.262  2.535  1.254]
[Deoxys INFO] 2025-08-25 11:18:44,501 - Desired Robot joint: [ 0.344 -0.076 -0.119 -2.445 -0.262  2.535  1.253]
[Deoxys INFO] 2025-08-25 11:18:44,551 - Current Robot joint: [ 0.332 -0.083 -0.115 -2.445 -0.249  2.523  1.232]
[Deoxys INFO] 2025-08-25 11:18:44,551 - Desired Robot joint: [ 0.331 -0.082 -0.114 -2.446 -0.248  2.523  1.231]
[Deoxys INFO] 2025-08-25 11:18:44,601 - Current Robot joint: [ 0.319 -0.089 -0.11  -2.446 -0.236  2.511  1.208]
[Deoxys INFO] 2025-08-25 11:18:44,602 - Desired Robot joint: [ 0.318 -0.088 -0.109 -2.447 -0.235  2.511  1.206]
[Deoxys INFO] 2025-08-25 11:18:44,651 - Current Robot joint: [ 0.306 -0.095 -0.105 -2.447 -0.223  2.499  1.182]
[Deoxys INFO] 2025-08-25 11:18:44,652 - Desired Robot joint: [ 0.304 -0.094 -0.105 -2.449 -0.222  2.499  1.18 ]
[Deoxys INFO] 2025-08-25 11:18:44,701 - Current Robot joint: [ 0.292 -0.101 -0.1   -2.448 -0.21   2.487  1.153]
[Deoxys INFO] 2025-08-25 11:18:44,702 - Desired Robot joint: [ 0.291 -0.1   -0.1   -2.45  -0.209  2.487  1.152]
[Deoxys INFO] 2025-08-25 11:18:44,751 - Current Robot joint: [ 0.279 -0.106 -0.096 -2.449 -0.197  2.475  1.125]
[Deoxys INFO] 2025-08-25 11:18:44,752 - Desired Robot joint: [ 0.278 -0.106 -0.095 -2.451 -0.196  2.475  1.123]
[Deoxys INFO] 2025-08-25 11:18:44,802 - Current Robot joint: [ 0.268 -0.111 -0.092 -2.45  -0.186  2.465  1.101]
[Deoxys INFO] 2025-08-25 11:18:44,802 - Desired Robot joint: [ 0.267 -0.111 -0.092 -2.452 -0.185  2.465  1.099]
[Deoxys INFO] 2025-08-25 11:18:44,852 - Current Robot joint: [ 0.255 -0.117 -0.087 -2.451 -0.173  2.453  1.072]
[Deoxys INFO] 2025-08-25 11:18:44,852 - Desired Robot joint: [ 0.254 -0.117 -0.087 -2.453 -0.172  2.453  1.07 ]
[Deoxys INFO] 2025-08-25 11:18:44,902 - Current Robot joint: [ 0.242 -0.123 -0.083 -2.453 -0.16   2.441  1.043]
[Deoxys INFO] 2025-08-25 11:18:44,902 - Desired Robot joint: [ 0.24  -0.122 -0.082 -2.454 -0.159  2.441  1.041]
[Deoxys INFO] 2025-08-25 11:18:44,952 - Current Robot joint: [ 0.228 -0.129 -0.078 -2.454 -0.147  2.429  1.015]
[Deoxys INFO] 2025-08-25 11:18:44,952 - Desired Robot joint: [ 0.227 -0.128 -0.078 -2.455 -0.146  2.429  1.014]
[Deoxys INFO] 2025-08-25 11:18:45,002 - Current Robot joint: [ 0.215 -0.135 -0.073 -2.455 -0.133  2.417  0.989]
[Deoxys INFO] 2025-08-25 11:18:45,003 - Desired Robot joint: [ 0.214 -0.134 -0.073 -2.456 -0.133  2.417  0.988]
[Deoxys INFO] 2025-08-25 11:18:45,052 - Current Robot joint: [ 0.202 -0.141 -0.069 -2.456 -0.12   2.405  0.965]
[Deoxys INFO] 2025-08-25 11:18:45,053 - Desired Robot joint: [ 0.2   -0.14  -0.068 -2.457 -0.119  2.405  0.963]
[Deoxys INFO] 2025-08-25 11:18:45,102 - Current Robot joint: [ 0.188 -0.147 -0.064 -2.457 -0.107  2.393  0.942]
[Deoxys INFO] 2025-08-25 11:18:45,103 - Desired Robot joint: [ 0.187 -0.146 -0.064 -2.459 -0.106  2.393  0.941]
[Deoxys INFO] 2025-08-25 11:18:45,153 - Current Robot joint: [ 0.175 -0.152 -0.059 -2.458 -0.094  2.381  0.923]
[Deoxys INFO] 2025-08-25 11:18:45,153 - Desired Robot joint: [ 0.174 -0.152 -0.059 -2.46  -0.093  2.381  0.922]
[Deoxys INFO] 2025-08-25 11:18:45,203 - Current Robot joint: [ 0.162 -0.158 -0.055 -2.459 -0.081  2.369  0.905]
[Deoxys INFO] 2025-08-25 11:18:45,203 - Desired Robot joint: [ 0.161 -0.158 -0.054 -2.461 -0.08   2.369  0.904]
[Deoxys INFO] 2025-08-25 11:18:45,253 - Current Robot joint: [ 0.149 -0.164 -0.05  -2.46  -0.068  2.357  0.891]
[Deoxys INFO] 2025-08-25 11:18:45,253 - Desired Robot joint: [ 0.147 -0.164 -0.05  -2.462 -0.067  2.357  0.89 ]
[Deoxys INFO] 2025-08-25 11:18:45,303 - Current Robot joint: [ 0.135 -0.17  -0.045 -2.462 -0.054  2.345  0.878]
[Deoxys INFO] 2025-08-25 11:18:45,303 - Desired Robot joint: [ 0.134 -0.17  -0.045 -2.463 -0.054  2.345  0.877]
[Deoxys INFO] 2025-08-25 11:18:45,353 - Current Robot joint: [ 0.125 -0.175 -0.042 -2.463 -0.045  2.336  0.87 ]
[Deoxys INFO] 2025-08-25 11:18:45,354 - Desired Robot joint: [ 0.124 -0.174 -0.041 -2.464 -0.044  2.336  0.87 ]
[Deoxys INFO] 2025-08-25 11:18:45,403 - Current Robot joint: [ 0.114 -0.181 -0.037 -2.464 -0.033  2.324  0.863]
[Deoxys INFO] 2025-08-25 11:18:45,404 - Desired Robot joint: [ 0.113 -0.18  -0.037 -2.465 -0.033  2.325  0.862]
[Deoxys INFO] 2025-08-25 11:18:45,454 - Current Robot joint: [ 0.105 -0.187 -0.032 -2.465 -0.025  2.316  0.857]
[Deoxys INFO] 2025-08-25 11:18:45,454 - Desired Robot joint: [ 0.104 -0.186 -0.032 -2.466 -0.024  2.316  0.857]
[Deoxys INFO] 2025-08-25 11:18:45,504 - Current Robot joint: [ 0.099 -0.193 -0.028 -2.466 -0.018  2.309  0.854]
[Deoxys INFO] 2025-08-25 11:18:45,504 - Desired Robot joint: [ 0.098 -0.192 -0.027 -2.468 -0.018  2.309  0.853]
[Deoxys INFO] 2025-08-25 11:18:45,554 - Current Robot joint: [ 0.095 -0.198 -0.023 -2.467 -0.015  2.305  0.852]
[Deoxys INFO] 2025-08-25 11:18:45,554 - Desired Robot joint: [ 0.094 -0.197 -0.023 -2.469 -0.014  2.305  0.851]
[Deoxys INFO] 2025-08-25 11:18:45,604 - Current Robot joint: [ 0.094 -0.201 -0.02  -2.468 -0.013  2.303  0.851]
[Deoxys INFO] 2025-08-25 11:18:45,605 - Desired Robot joint: [ 0.093 -0.2   -0.02  -2.47  -0.012  2.304  0.85 ]
[Deoxys INFO] 2025-08-25 11:18:45,654 - Current Robot joint: [ 0.093 -0.201 -0.019 -2.469 -0.013  2.303  0.851]
[Deoxys INFO] 2025-08-25 11:18:45,655 - Desired Robot joint: [ 0.093 -0.201 -0.019 -2.471 -0.012  2.303  0.85 ]
[Deoxys INFO] 2025-08-25 11:18:45,704 - Current Robot joint: [ 0.093 -0.202 -0.019 -2.469 -0.013  2.303  0.851]
[Deoxys INFO] 2025-08-25 11:18:45,705 - Desired Robot joint: [ 0.093 -0.201 -0.019 -2.471 -0.012  2.303  0.85 ]
[Deoxys INFO] 2025-08-25 11:18:45,754 - Current Robot joint: [ 0.093 -0.202 -0.019 -2.469 -0.013  2.303  0.851]
[Deoxys INFO] 2025-08-25 11:18:45,755 - Desired Robot joint: [ 0.093 -0.201 -0.019 -2.471 -0.012  2.303  0.85 ]
[Deoxys INFO] 2025-08-25 11:18:45,805 - Current Robot joint: [ 0.093 -0.202 -0.019 -2.469 -0.013  2.303  0.851]
[Deoxys INFO] 2025-08-25 11:18:45,805 - Desired Robot joint: [ 0.093 -0.201 -0.019 -2.471 -0.012  2.303  0.85 ]
[Deoxys INFO] 2025-08-25 11:18:45,855 - Current Robot joint: [ 0.093 -0.202 -0.019 -2.469 -0.013  2.303  0.851]
[Deoxys INFO] 2025-08-25 11:18:45,855 - Desired Robot joint: [ 0.093 -0.201 -0.019 -2.471 -0.012  2.303  0.85 ]
[Deoxys INFO] 2025-08-25 11:18:45,905 - Current Robot joint: [ 0.093 -0.202 -0.019 -2.469 -0.013  2.303  0.851]
[Deoxys INFO] 2025-08-25 11:18:45,905 - Desired Robot joint: [ 0.093 -0.201 -0.019 -2.471 -0.012  2.303  0.85 ]
[Deoxys INFO] 2025-08-25 11:18:45,955 - Current Robot joint: [ 0.093 -0.202 -0.019 -2.469 -0.013  2.303  0.851]
[Deoxys INFO] 2025-08-25 11:18:45,955 - Desired Robot joint: [ 0.093 -0.201 -0.019 -2.471 -0.012  2.303  0.85 ]
[Deoxys INFO] 2025-08-25 11:18:46,005 - Current Robot joint: [ 0.093 -0.202 -0.019 -2.469 -0.013  2.303  0.851]
[Deoxys INFO] 2025-08-25 11:18:46,005 - Desired Robot joint: [ 0.093 -0.201 -0.019 -2.471 -0.012  2.303  0.85 ]
[Deoxys INFO] 2025-08-25 11:18:46,055 - Current Robot joint: [ 0.093 -0.202 -0.019 -2.469 -0.013  2.303  0.851]
[Deoxys INFO] 2025-08-25 11:18:46,056 - Desired Robot joint: [ 0.093 -0.201 -0.019 -2.471 -0.012  2.303  0.85 ]
[Deoxys INFO] 2025-08-25 11:18:46,105 - Current Robot joint: [ 0.093 -0.202 -0.019 -2.469 -0.013  2.303  0.851]
[Deoxys INFO] 2025-08-25 11:18:46,106 - Desired Robot joint: [ 0.093 -0.201 -0.019 -2.471 -0.012  2.303  0.85 ]
[Deoxys INFO] 2025-08-25 11:18:46,155 - Current Robot joint: [ 0.093 -0.202 -0.019 -2.469 -0.013  2.303  0.851]
[Deoxys INFO] 2025-08-25 11:18:46,156 - Desired Robot joint: [ 0.093 -0.201 -0.019 -2.471 -0.012  2.303  0.85 ]
[Deoxys INFO] 2025-08-25 11:18:46,206 - Current Robot joint: [ 0.093 -0.202 -0.019 -2.469 -0.013  2.303  0.851]
[Deoxys INFO] 2025-08-25 11:18:46,206 - Desired Robot joint: [ 0.093 -0.201 -0.019 -2.471 -0.012  2.303  0.85 ]
[Deoxys INFO] 2025-08-25 11:18:46,256 - Current Robot joint: [ 0.093 -0.202 -0.019 -2.469 -0.013  2.303  0.851]
[Deoxys INFO] 2025-08-25 11:18:46,256 - Desired Robot joint: [ 0.093 -0.201 -0.019 -2.471 -0.012  2.303  0.85 ]
[Deoxys INFO] 2025-08-25 11:18:46,306 - Current Robot joint: [ 0.093 -0.202 -0.019 -2.469 -0.013  2.303  0.851]
[Deoxys INFO] 2025-08-25 11:18:46,306 - Desired Robot joint: [ 0.093 -0.201 -0.019 -2.471 -0.012  2.303  0.85 ]
[Deoxys INFO] 2025-08-25 11:18:46,356 - Current Robot joint: [ 0.093 -0.202 -0.019 -2.469 -0.013  2.303  0.851]
[Deoxys INFO] 2025-08-25 11:18:46,356 - Desired Robot joint: [ 0.093 -0.201 -0.019 -2.471 -0.012  2.303  0.85 ]
[Deoxys INFO] 2025-08-25 11:18:46,406 - Current Robot joint: [ 0.093 -0.202 -0.019 -2.469 -0.013  2.303  0.851]
[Deoxys INFO] 2025-08-25 11:18:46,406 - Desired Robot joint: [ 0.093 -0.201 -0.019 -2.471 -0.012  2.303  0.85 ]
[Deoxys INFO] 2025-08-25 11:18:46,456 - Current Robot joint: [ 0.093 -0.202 -0.019 -2.469 -0.013  2.303  0.851]
[Deoxys INFO] 2025-08-25 11:18:46,457 - Desired Robot joint: [ 0.093 -0.201 -0.019 -2.471 -0.012  2.303  0.85 ]
[Deoxys INFO] 2025-08-25 11:18:46,507 - Current Robot joint: [ 0.093 -0.202 -0.019 -2.469 -0.013  2.303  0.851]
[Deoxys INFO] 2025-08-25 11:18:46,507 - Desired Robot joint: [ 0.093 -0.201 -0.019 -2.471 -0.012  2.303  0.85 ]
[Deoxys INFO] 2025-08-25 11:18:46,557 - Current Robot joint: [ 0.093 -0.202 -0.019 -2.469 -0.013  2.303  0.851]
[Deoxys INFO] 2025-08-25 11:18:46,557 - Desired Robot joint: [ 0.093 -0.201 -0.019 -2.471 -0.012  2.303  0.85 ]
[Deoxys INFO] 2025-08-25 11:18:46,607 - Current Robot joint: [ 0.093 -0.202 -0.019 -2.469 -0.013  2.303  0.851]
[Deoxys INFO] 2025-08-25 11:18:46,607 - Desired Robot joint: [ 0.093 -0.201 -0.019 -2.471 -0.012  2.303  0.85 ]
[Deoxys INFO] 2025-08-25 11:18:46,657 - Current Robot joint: [ 0.093 -0.202 -0.019 -2.469 -0.013  2.303  0.851]
[Deoxys INFO] 2025-08-25 11:18:46,657 - Desired Robot joint: [ 0.093 -0.201 -0.019 -2.471 -0.012  2.303  0.85 ]
[Deoxys INFO] 2025-08-25 11:18:46,707 - Current Robot joint: [ 0.093 -0.202 -0.019 -2.469 -0.013  2.303  0.851]
[Deoxys INFO] 2025-08-25 11:18:46,708 - Desired Robot joint: [ 0.093 -0.201 -0.019 -2.471 -0.012  2.303  0.85 ]
[Deoxys INFO] 2025-08-25 11:18:46,757 - Current Robot joint: [ 0.093 -0.202 -0.019 -2.469 -0.013  2.303  0.851]
[Deoxys INFO] 2025-08-25 11:18:46,758 - Desired Robot joint: [ 0.093 -0.201 -0.019 -2.471 -0.012  2.303  0.85 ]
[Deoxys INFO] 2025-08-25 11:18:46,807 - Current Robot joint: [ 0.093 -0.202 -0.019 -2.469 -0.013  2.303  0.851]
[Deoxys INFO] 2025-08-25 11:18:46,808 - Desired Robot joint: [ 0.093 -0.201 -0.019 -2.471 -0.012  2.303  0.85 ]
[Deoxys INFO] 2025-08-25 11:18:46,857 - Current Robot joint: [ 0.093 -0.202 -0.019 -2.469 -0.013  2.303  0.851]
[Deoxys INFO] 2025-08-25 11:18:46,858 - Desired Robot joint: [ 0.093 -0.201 -0.019 -2.471 -0.012  2.303  0.85 ]
[Deoxys INFO] 2025-08-25 11:18:46,908 - Current Robot joint: [ 0.093 -0.202 -0.019 -2.469 -0.013  2.303  0.851]
[Deoxys INFO] 2025-08-25 11:18:46,908 - Desired Robot joint: [ 0.093 -0.201 -0.019 -2.471 -0.012  2.303  0.85 ]
[Deoxys INFO] 2025-08-25 11:18:46,958 - Current Robot joint: [ 0.093 -0.202 -0.019 -2.469 -0.013  2.303  0.851]
[Deoxys INFO] 2025-08-25 11:18:46,958 - Desired Robot joint: [ 0.093 -0.201 -0.019 -2.471 -0.012  2.303  0.85 ]
[Deoxys INFO] 2025-08-25 11:18:47,008 - Current Robot joint: [ 0.093 -0.202 -0.019 -2.469 -0.013  2.303  0.851]
[Deoxys INFO] 2025-08-25 11:18:47,008 - Desired Robot joint: [ 0.093 -0.201 -0.019 -2.471 -0.012  2.303  0.85 ]
[Deoxys INFO] 2025-08-25 11:18:47,058 - Current Robot joint: [ 0.093 -0.202 -0.019 -2.469 -0.013  2.303  0.851]
[Deoxys INFO] 2025-08-25 11:18:47,058 - Desired Robot joint: [ 0.093 -0.201 -0.019 -2.471 -0.012  2.303  0.85 ]
[Deoxys INFO] 2025-08-25 11:18:47,108 - Current Robot joint: [ 0.093 -0.202 -0.019 -2.469 -0.013  2.303  0.851]
[Deoxys INFO] 2025-08-25 11:18:47,109 - Desired Robot joint: [ 0.093 -0.201 -0.019 -2.471 -0.012  2.303  0.85 ]
[Deoxys INFO] 2025-08-25 11:18:47,158 - Current Robot joint: [ 0.093 -0.202 -0.019 -2.469 -0.013  2.303  0.851]
[Deoxys INFO] 2025-08-25 11:18:47,159 - Desired Robot joint: [ 0.093 -0.201 -0.019 -2.471 -0.012  2.303  0.85 ]
[Deoxys INFO] 2025-08-25 11:18:47,209 - Current Robot joint: [ 0.093 -0.202 -0.019 -2.469 -0.013  2.303  0.851]
[Deoxys INFO] 2025-08-25 11:18:47,209 - Desired Robot joint: [ 0.093 -0.201 -0.019 -2.471 -0.012  2.303  0.85 ]
[Deoxys INFO] 2025-08-25 11:18:47,259 - Current Robot joint: [ 0.093 -0.202 -0.019 -2.469 -0.013  2.303  0.851]
[Deoxys INFO] 2025-08-25 11:18:47,259 - Desired Robot joint: [ 0.093 -0.201 -0.019 -2.471 -0.012  2.303  0.85 ]
[Deoxys INFO] 2025-08-25 11:18:47,309 - Current Robot joint: [ 0.093 -0.202 -0.019 -2.469 -0.013  2.303  0.851]
[Deoxys INFO] 2025-08-25 11:18:47,309 - Desired Robot joint: [ 0.093 -0.201 -0.019 -2.471 -0.012  2.303  0.85 ]
[Deoxys INFO] 2025-08-25 11:18:47,359 - Current Robot joint: [ 0.093 -0.202 -0.019 -2.469 -0.013  2.303  0.851]
[Deoxys INFO] 2025-08-25 11:18:47,359 - Desired Robot joint: [ 0.093 -0.201 -0.019 -2.471 -0.012  2.303  0.85 ]
[Deoxys INFO] 2025-08-25 11:18:47,409 - Current Robot joint: [ 0.093 -0.202 -0.019 -2.469 -0.013  2.303  0.851]
[Deoxys INFO] 2025-08-25 11:18:47,409 - Desired Robot joint: [ 0.093 -0.201 -0.019 -2.471 -0.012  2.303  0.85 ]
[Deoxys INFO] 2025-08-25 11:18:47,459 - Current Robot joint: [ 0.093 -0.202 -0.019 -2.469 -0.013  2.303  0.851]
[Deoxys INFO] 2025-08-25 11:18:47,460 - Desired Robot joint: [ 0.093 -0.201 -0.019 -2.471 -0.012  2.303  0.85 ]
[Deoxys INFO] 2025-08-25 11:18:47,509 - Current Robot joint: [ 0.093 -0.202 -0.019 -2.469 -0.013  2.303  0.851]
[Deoxys INFO] 2025-08-25 11:18:47,510 - Desired Robot joint: [ 0.093 -0.201 -0.019 -2.471 -0.012  2.303  0.85 ]
[Deoxys INFO] 2025-08-25 11:18:47,559 - Current Robot joint: [ 0.093 -0.202 -0.019 -2.469 -0.013  2.303  0.851]
[Deoxys INFO] 2025-08-25 11:18:47,560 - Desired Robot joint: [ 0.093 -0.201 -0.019 -2.471 -0.012  2.303  0.85 ]
[Deoxys INFO] 2025-08-25 11:18:47,610 - Current Robot joint: [ 0.093 -0.202 -0.019 -2.469 -0.013  2.303  0.851]
[Deoxys INFO] 2025-08-25 11:18:47,610 - Desired Robot joint: [ 0.093 -0.201 -0.019 -2.471 -0.012  2.303  0.85 ]
[Deoxys INFO] 2025-08-25 11:18:47,660 - Current Robot joint: [ 0.093 -0.202 -0.019 -2.469 -0.013  2.303  0.851]
[Deoxys INFO] 2025-08-25 11:18:47,660 - Desired Robot joint: [ 0.093 -0.201 -0.019 -2.471 -0.012  2.303  0.85 ]
[Deoxys INFO] 2025-08-25 11:18:47,710 - Current Robot joint: [ 0.093 -0.202 -0.019 -2.469 -0.013  2.303  0.851]
[Deoxys INFO] 2025-08-25 11:18:47,710 - Desired Robot joint: [ 0.093 -0.201 -0.019 -2.471 -0.012  2.303  0.85 ]
[Deoxys INFO] 2025-08-25 11:18:47,760 - Current Robot joint: [ 0.093 -0.202 -0.019 -2.469 -0.013  2.303  0.851]
[Deoxys INFO] 2025-08-25 11:18:47,760 - Desired Robot joint: [ 0.093 -0.201 -0.019 -2.471 -0.012  2.303  0.85 ]
[Deoxys INFO] 2025-08-25 11:18:47,810 - Current Robot joint: [ 0.093 -0.202 -0.019 -2.469 -0.013  2.303  0.851]
[Deoxys INFO] 2025-08-25 11:18:47,811 - Desired Robot joint: [ 0.093 -0.201 -0.019 -2.471 -0.012  2.303  0.85 ]
[Deoxys INFO] 2025-08-25 11:18:47,860 - Current Robot joint: [ 0.093 -0.202 -0.019 -2.469 -0.013  2.303  0.851]
[Deoxys INFO] 2025-08-25 11:18:47,861 - Desired Robot joint: [ 0.093 -0.201 -0.019 -2.471 -0.012  2.303  0.85 ]
[Deoxys INFO] 2025-08-25 11:18:47,910 - Current Robot joint: [ 0.093 -0.202 -0.019 -2.469 -0.013  2.303  0.851]
[Deoxys INFO] 2025-08-25 11:18:47,911 - Desired Robot joint: [ 0.093 -0.201 -0.019 -2.471 -0.012  2.303  0.85 ]
[Deoxys INFO] 2025-08-25 11:18:47,960 - Current Robot joint: [ 0.093 -0.202 -0.019 -2.469 -0.013  2.303  0.851]
[Deoxys INFO] 2025-08-25 11:18:47,961 - Desired Robot joint: [ 0.093 -0.201 -0.019 -2.471 -0.012  2.303  0.85 ]
[Deoxys INFO] 2025-08-25 11:18:48,010 - Current Robot joint: [ 0.093 -0.202 -0.019 -2.469 -0.013  2.303  0.851]
[Deoxys INFO] 2025-08-25 11:18:48,011 - Desired Robot joint: [ 0.093 -0.201 -0.019 -2.471 -0.012  2.303  0.85 ]
[Deoxys INFO] 2025-08-25 11:18:48,061 - Current Robot joint: [ 0.093 -0.202 -0.019 -2.469 -0.013  2.303  0.851]
[Deoxys INFO] 2025-08-25 11:18:48,061 - Desired Robot joint: [ 0.093 -0.201 -0.019 -2.471 -0.012  2.303  0.85 ]
[Deoxys INFO] 2025-08-25 11:18:48,111 - Current Robot joint: [ 0.093 -0.202 -0.019 -2.469 -0.013  2.303  0.851]
[Deoxys INFO] 2025-08-25 11:18:48,111 - Desired Robot joint: [ 0.093 -0.201 -0.019 -2.471 -0.012  2.303  0.85 ]
[Deoxys INFO] 2025-08-25 11:18:48,161 - Current Robot joint: [ 0.093 -0.202 -0.019 -2.469 -0.013  2.303  0.851]
[Deoxys INFO] 2025-08-25 11:18:48,161 - Desired Robot joint: [ 0.093 -0.201 -0.019 -2.471 -0.012  2.303  0.85 ]
[Deoxys INFO] 2025-08-25 11:18:48,211 - Current Robot joint: [ 0.093 -0.202 -0.019 -2.469 -0.013  2.303  0.851]
[Deoxys INFO] 2025-08-25 11:18:48,211 - Desired Robot joint: [ 0.093 -0.201 -0.019 -2.471 -0.012  2.303  0.85 ]
[Deoxys INFO] 2025-08-25 11:18:48,261 - Current Robot joint: [ 0.093 -0.202 -0.019 -2.469 -0.013  2.303  0.851]
[Deoxys INFO] 2025-08-25 11:18:48,261 - Desired Robot joint: [ 0.093 -0.201 -0.019 -2.471 -0.012  2.303  0.85 ]
[Deoxys INFO] 2025-08-25 11:18:48,311 - Current Robot joint: [ 0.093 -0.202 -0.019 -2.469 -0.013  2.303  0.851]
[Deoxys INFO] 2025-08-25 11:18:48,312 - Desired Robot joint: [ 0.093 -0.201 -0.019 -2.471 -0.012  2.303  0.85 ]
[Deoxys INFO] 2025-08-25 11:18:48,361 - Current Robot joint: [ 0.093 -0.202 -0.019 -2.469 -0.013  2.303  0.851]
[Deoxys INFO] 2025-08-25 11:18:48,362 - Desired Robot joint: [ 0.093 -0.201 -0.019 -2.471 -0.012  2.303  0.85 ]
[Deoxys INFO] 2025-08-25 11:18:48,411 - Current Robot joint: [ 0.093 -0.202 -0.019 -2.469 -0.013  2.303  0.851]
[Deoxys INFO] 2025-08-25 11:18:48,412 - Desired Robot joint: [ 0.093 -0.201 -0.019 -2.471 -0.012  2.303  0.85 ]
[Deoxys INFO] 2025-08-25 11:18:48,462 - Current Robot joint: [ 0.093 -0.202 -0.019 -2.469 -0.013  2.303  0.851]
[Deoxys INFO] 2025-08-25 11:18:48,462 - Desired Robot joint: [ 0.093 -0.201 -0.019 -2.471 -0.012  2.303  0.85 ]
[Deoxys INFO] 2025-08-25 11:18:48,512 - Current Robot joint: [ 0.093 -0.202 -0.019 -2.469 -0.013  2.303  0.851]
[Deoxys INFO] 2025-08-25 11:18:48,512 - Desired Robot joint: [ 0.093 -0.201 -0.019 -2.471 -0.012  2.303  0.85 ]
[Deoxys INFO] 2025-08-25 11:18:48,562 - Current Robot joint: [ 0.093 -0.202 -0.019 -2.469 -0.013  2.303  0.851]
[Deoxys INFO] 2025-08-25 11:18:48,562 - Desired Robot joint: [ 0.093 -0.201 -0.019 -2.471 -0.012  2.303  0.85 ]
[Deoxys INFO] 2025-08-25 11:18:48,612 - Current Robot joint: [ 0.093 -0.202 -0.019 -2.469 -0.013  2.303  0.851]
[Deoxys INFO] 2025-08-25 11:18:48,612 - Desired Robot joint: [ 0.093 -0.201 -0.019 -2.471 -0.012  2.303  0.85 ]
[Deoxys INFO] 2025-08-25 11:18:48,662 - Current Robot joint: [ 0.093 -0.202 -0.019 -2.469 -0.013  2.303  0.851]
[Deoxys INFO] 2025-08-25 11:18:48,662 - Desired Robot joint: [ 0.093 -0.201 -0.019 -2.471 -0.012  2.303  0.85 ]
[Deoxys INFO] 2025-08-25 11:18:48,712 - Current Robot joint: [ 0.093 -0.202 -0.019 -2.469 -0.013  2.303  0.851]
[Deoxys INFO] 2025-08-25 11:18:48,712 - Desired Robot joint: [ 0.093 -0.201 -0.019 -2.471 -0.012  2.303  0.85 ]
[Deoxys WARNING] 2025-08-25 11:18:54,898 - Robot state not received
[Deoxys WARNING] 2025-08-25 11:19:13,221 - Robot state not received
[Deoxys INFO] 2025-08-25 11:19:17,202 - Current Robot joint: [ 0.284 -0.024  0.195 -1.813  0.173  2.437  0.811]
[Deoxys INFO] 2025-08-25 11:19:17,203 - Desired Robot joint: [ 0.284 -0.022  0.195 -1.815  0.173  2.437  0.811]
[Deoxys INFO] 2025-08-25 11:19:17,203 - Current Robot joint: [ 0.284 -0.024  0.195 -1.813  0.173  2.437  0.811]
[Deoxys INFO] 2025-08-25 11:19:17,204 - Desired Robot joint: [ 0.284 -0.022  0.195 -1.815  0.173  2.437  0.811]
[Deoxys INFO] 2025-08-25 11:19:17,253 - Current Robot joint: [ 0.284 -0.024  0.195 -1.813  0.173  2.437  0.811]
[Deoxys INFO] 2025-08-25 11:19:17,253 - Desired Robot joint: [ 0.284 -0.022  0.195 -1.815  0.173  2.437  0.811]
[Deoxys INFO] 2025-08-25 11:19:17,304 - Current Robot joint: [ 0.284 -0.024  0.194 -1.813  0.173  2.437  0.811]
[Deoxys INFO] 2025-08-25 11:19:17,304 - Desired Robot joint: [ 0.283 -0.023  0.194 -1.815  0.173  2.437  0.812]
[Deoxys INFO] 2025-08-25 11:19:17,354 - Current Robot joint: [ 0.281 -0.026  0.192 -1.814  0.171  2.434  0.813]
[Deoxys INFO] 2025-08-25 11:19:17,354 - Desired Robot joint: [ 0.281 -0.025  0.192 -1.815  0.17   2.434  0.813]
[Deoxys INFO] 2025-08-25 11:19:17,404 - Current Robot joint: [ 0.277 -0.031  0.188 -1.815  0.166  2.431  0.814]
[Deoxys INFO] 2025-08-25 11:19:17,404 - Desired Robot joint: [ 0.276 -0.03   0.187 -1.817  0.166  2.431  0.814]
[Deoxys INFO] 2025-08-25 11:19:17,454 - Current Robot joint: [ 0.272 -0.036  0.182 -1.818  0.161  2.427  0.815]
[Deoxys INFO] 2025-08-25 11:19:17,454 - Desired Robot joint: [ 0.271 -0.035  0.182 -1.82   0.16   2.427  0.815]
[Deoxys INFO] 2025-08-25 11:19:17,504 - Current Robot joint: [ 0.267 -0.041  0.176 -1.822  0.155  2.424  0.816]
[Deoxys INFO] 2025-08-25 11:19:17,504 - Desired Robot joint: [ 0.266 -0.04   0.176 -1.824  0.155  2.424  0.816]
[Deoxys INFO] 2025-08-25 11:19:17,554 - Current Robot joint: [ 0.262 -0.046  0.17  -1.828  0.15   2.42   0.817]
[Deoxys INFO] 2025-08-25 11:19:17,555 - Desired Robot joint: [ 0.261 -0.045  0.17  -1.83   0.15   2.42   0.817]
[Deoxys INFO] 2025-08-25 11:19:17,605 - Current Robot joint: [ 0.256 -0.05   0.164 -1.837  0.145  2.417  0.818]
[Deoxys INFO] 2025-08-25 11:19:17,605 - Desired Robot joint: [ 0.256 -0.05   0.164 -1.839  0.144  2.417  0.819]
[Deoxys INFO] 2025-08-25 11:19:17,655 - Current Robot joint: [ 0.251 -0.055  0.159 -1.848  0.139  2.413  0.819]
[Deoxys INFO] 2025-08-25 11:19:17,655 - Desired Robot joint: [ 0.25  -0.055  0.158 -1.85   0.139  2.413  0.82 ]
[Deoxys INFO] 2025-08-25 11:19:17,705 - Current Robot joint: [ 0.246 -0.061  0.152 -1.861  0.134  2.41   0.82 ]
[Deoxys INFO] 2025-08-25 11:19:17,705 - Desired Robot joint: [ 0.245 -0.06   0.152 -1.864  0.134  2.41   0.821]
[Deoxys INFO] 2025-08-25 11:19:17,755 - Current Robot joint: [ 0.24  -0.066  0.146 -1.877  0.129  2.406  0.821]
[Deoxys INFO] 2025-08-25 11:19:17,755 - Desired Robot joint: [ 0.24  -0.065  0.146 -1.88   0.128  2.406  0.822]
[Deoxys INFO] 2025-08-25 11:19:17,805 - Current Robot joint: [ 0.237 -0.07   0.142 -1.891  0.124  2.403  0.822]
[Deoxys INFO] 2025-08-25 11:19:17,806 - Desired Robot joint: [ 0.236 -0.069  0.141 -1.894  0.124  2.404  0.823]
[Deoxys INFO] 2025-08-25 11:19:17,856 - Current Robot joint: [ 0.231 -0.075  0.136 -1.912  0.119  2.4    0.823]
[Deoxys INFO] 2025-08-25 11:19:17,856 - Desired Robot joint: [ 0.23  -0.074  0.136 -1.915  0.119  2.4    0.824]
[Deoxys INFO] 2025-08-25 11:19:17,906 - Current Robot joint: [ 0.226 -0.079  0.13  -1.935  0.114  2.396  0.824]
[Deoxys INFO] 2025-08-25 11:19:17,906 - Desired Robot joint: [ 0.225 -0.079  0.13  -1.938  0.113  2.397  0.825]
[Deoxys INFO] 2025-08-25 11:19:17,956 - Current Robot joint: [ 0.221 -0.085  0.124 -1.961  0.109  2.393  0.825]
[Deoxys INFO] 2025-08-25 11:19:17,956 - Desired Robot joint: [ 0.22  -0.084  0.124 -1.964  0.108  2.393  0.826]
[Deoxys INFO] 2025-08-25 11:19:18,006 - Current Robot joint: [ 0.216 -0.09   0.118 -1.988  0.103  2.39   0.827]
[Deoxys INFO] 2025-08-25 11:19:18,006 - Desired Robot joint: [ 0.215 -0.089  0.118 -1.991  0.103  2.39   0.827]
[Deoxys INFO] 2025-08-25 11:19:18,056 - Current Robot joint: [ 0.21  -0.095  0.113 -2.018  0.098  2.386  0.828]
[Deoxys INFO] 2025-08-25 11:19:18,056 - Desired Robot joint: [ 0.21  -0.094  0.112 -2.021  0.097  2.386  0.828]
[Deoxys INFO] 2025-08-25 11:19:18,107 - Current Robot joint: [ 0.205 -0.1    0.106 -2.05   0.092  2.382  0.829]
[Deoxys INFO] 2025-08-25 11:19:18,107 - Desired Robot joint: [ 0.204 -0.099  0.106 -2.053  0.092  2.383  0.829]
[Deoxys INFO] 2025-08-25 11:19:18,157 - Current Robot joint: [ 0.2   -0.105  0.1   -2.082  0.087  2.379  0.83 ]
[Deoxys INFO] 2025-08-25 11:19:18,157 - Desired Robot joint: [ 0.199 -0.104  0.1   -2.085  0.087  2.379  0.83 ]
[Deoxys INFO] 2025-08-25 11:19:18,207 - Current Robot joint: [ 0.195 -0.11   0.095 -2.115  0.082  2.375  0.831]
[Deoxys INFO] 2025-08-25 11:19:18,207 - Desired Robot joint: [ 0.194 -0.109  0.094 -2.119  0.081  2.376  0.831]
[Deoxys INFO] 2025-08-25 11:19:18,257 - Current Robot joint: [ 0.189 -0.115  0.089 -2.149  0.076  2.372  0.832]
[Deoxys INFO] 2025-08-25 11:19:18,257 - Desired Robot joint: [ 0.189 -0.114  0.088 -2.152  0.076  2.372  0.833]
[Deoxys INFO] 2025-08-25 11:19:18,307 - Current Robot joint: [ 0.184 -0.12   0.083 -2.183  0.071  2.368  0.833]
[Deoxys INFO] 2025-08-25 11:19:18,307 - Desired Robot joint: [ 0.183 -0.119  0.082 -2.186  0.071  2.369  0.834]
[Deoxys INFO] 2025-08-25 11:19:18,357 - Current Robot joint: [ 0.179 -0.125  0.077 -2.215  0.066  2.365  0.834]
[Deoxys INFO] 2025-08-25 11:19:18,357 - Desired Robot joint: [ 0.178 -0.124  0.076 -2.219  0.065  2.365  0.835]
[Deoxys INFO] 2025-08-25 11:19:18,407 - Current Robot joint: [ 0.175 -0.129  0.072 -2.241  0.062  2.362  0.835]
[Deoxys INFO] 2025-08-25 11:19:18,408 - Desired Robot joint: [ 0.173 -0.129  0.071 -2.251  0.06   2.362  0.836]
[Deoxys INFO] 2025-08-25 11:19:18,458 - Current Robot joint: [ 0.17  -0.134  0.066 -2.272  0.056  2.359  0.836]
[Deoxys INFO] 2025-08-25 11:19:18,458 - Desired Robot joint: [ 0.169 -0.133  0.066 -2.275  0.056  2.359  0.837]
[Deoxys INFO] 2025-08-25 11:19:18,508 - Current Robot joint: [ 0.164 -0.139  0.06  -2.301  0.051  2.355  0.837]
[Deoxys INFO] 2025-08-25 11:19:18,508 - Desired Robot joint: [ 0.164 -0.138  0.06  -2.304  0.05   2.356  0.838]
[Deoxys INFO] 2025-08-25 11:19:18,558 - Current Robot joint: [ 0.159 -0.144  0.054 -2.328  0.046  2.352  0.838]
[Deoxys INFO] 2025-08-25 11:19:18,558 - Desired Robot joint: [ 0.158 -0.143  0.054 -2.331  0.045  2.352  0.839]
[Deoxys INFO] 2025-08-25 11:19:18,608 - Current Robot joint: [ 0.154 -0.149  0.048 -2.353  0.04   2.348  0.84 ]
[Deoxys INFO] 2025-08-25 11:19:18,609 - Desired Robot joint: [ 0.153 -0.148  0.048 -2.356  0.04   2.349  0.84 ]
[Deoxys INFO] 2025-08-25 11:19:18,658 - Current Robot joint: [ 0.149 -0.154  0.043 -2.376  0.035  2.345  0.841]
[Deoxys INFO] 2025-08-25 11:19:18,658 - Desired Robot joint: [ 0.148 -0.153  0.042 -2.378  0.034  2.345  0.841]
[Deoxys INFO] 2025-08-25 11:19:18,708 - Current Robot joint: [ 0.144 -0.158  0.037 -2.396  0.03   2.341  0.842]
[Deoxys INFO] 2025-08-25 11:19:18,709 - Desired Robot joint: [ 0.143 -0.158  0.036 -2.398  0.029  2.342  0.842]
[Deoxys INFO] 2025-08-25 11:19:18,758 - Current Robot joint: [ 0.138 -0.164  0.031 -2.413  0.024  2.338  0.843]
[Deoxys INFO] 2025-08-25 11:19:18,759 - Desired Robot joint: [ 0.137 -0.163  0.03  -2.415  0.024  2.338  0.843]
[Deoxys INFO] 2025-08-25 11:19:18,809 - Current Robot joint: [ 0.133 -0.169  0.025 -2.428  0.019  2.334  0.844]
[Deoxys INFO] 2025-08-25 11:19:18,809 - Desired Robot joint: [ 0.132 -0.168  0.024 -2.43   0.018  2.335  0.844]
[Deoxys INFO] 2025-08-25 11:19:18,859 - Current Robot joint: [ 0.128 -0.174  0.019 -2.44   0.014  2.331  0.845]
[Deoxys INFO] 2025-08-25 11:19:18,859 - Desired Robot joint: [ 0.127 -0.173  0.019 -2.442  0.013  2.331  0.845]
[Deoxys INFO] 2025-08-25 11:19:18,909 - Current Robot joint: [ 0.123 -0.179  0.013 -2.45   0.008  2.327  0.846]
[Deoxys INFO] 2025-08-25 11:19:18,909 - Desired Robot joint: [ 0.122 -0.178  0.013 -2.452  0.008  2.328  0.846]
[Deoxys INFO] 2025-08-25 11:19:18,959 - Current Robot joint: [ 0.119 -0.182  0.009 -2.456  0.004  2.324  0.847]
[Deoxys INFO] 2025-08-25 11:19:18,959 - Desired Robot joint: [ 1.170e-01 -1.830e-01  7.000e-03 -2.459e+00  2.000e-03  2.324e+00
  8.480e-01]
[Deoxys INFO] 2025-08-25 11:19:19,009 - Current Robot joint: [ 1.130e-01 -1.870e-01  2.000e-03 -2.462e+00 -1.000e-03  2.321e+00
  8.480e-01]
[Deoxys INFO] 2025-08-25 11:19:19,009 - Desired Robot joint: [ 1.120e-01 -1.870e-01  2.000e-03 -2.464e+00 -2.000e-03  2.321e+00
  8.480e-01]
[Deoxys INFO] 2025-08-25 11:19:19,059 - Current Robot joint: [ 0.108 -0.193 -0.003 -2.466 -0.007  2.318  0.849]
[Deoxys INFO] 2025-08-25 11:19:19,059 - Desired Robot joint: [ 0.107 -0.192 -0.004 -2.467 -0.007  2.318  0.85 ]
[Deoxys INFO] 2025-08-25 11:19:19,109 - Current Robot joint: [ 0.103 -0.197 -0.009 -2.468 -0.012  2.314  0.85 ]
[Deoxys INFO] 2025-08-25 11:19:19,110 - Desired Robot joint: [ 0.102 -0.197 -0.009 -2.47  -0.012  2.315  0.851]
[Deoxys INFO] 2025-08-25 11:19:19,160 - Current Robot joint: [ 0.099 -0.202 -0.013 -2.469 -0.016  2.311  0.851]
[Deoxys INFO] 2025-08-25 11:19:19,160 - Desired Robot joint: [ 0.098 -0.201 -0.013 -2.471 -0.016  2.311  0.852]
[Deoxys INFO] 2025-08-25 11:19:19,210 - Current Robot joint: [ 0.097 -0.203 -0.015 -2.47  -0.018  2.309  0.852]
[Deoxys INFO] 2025-08-25 11:19:19,210 - Desired Robot joint: [ 0.096 -0.202 -0.015 -2.471 -0.018  2.309  0.853]
[Deoxys INFO] 2025-08-25 11:19:19,260 - Current Robot joint: [ 0.097 -0.203 -0.015 -2.47  -0.018  2.308  0.853]
[Deoxys INFO] 2025-08-25 11:19:19,260 - Desired Robot joint: [ 0.096 -0.203 -0.015 -2.471 -0.018  2.309  0.853]
[Deoxys INFO] 2025-08-25 11:19:19,310 - Current Robot joint: [ 0.097 -0.203 -0.015 -2.47  -0.018  2.308  0.853]
[Deoxys INFO] 2025-08-25 11:19:19,310 - Desired Robot joint: [ 0.096 -0.203 -0.015 -2.471 -0.018  2.309  0.853]
[Deoxys INFO] 2025-08-25 11:19:19,360 - Current Robot joint: [ 0.097 -0.203 -0.015 -2.47  -0.018  2.308  0.853]
[Deoxys INFO] 2025-08-25 11:19:19,361 - Desired Robot joint: [ 0.096 -0.203 -0.015 -2.471 -0.018  2.309  0.853]
[Deoxys INFO] 2025-08-25 11:19:19,410 - Current Robot joint: [ 0.097 -0.203 -0.015 -2.47  -0.018  2.308  0.853]
[Deoxys INFO] 2025-08-25 11:19:19,410 - Desired Robot joint: [ 0.096 -0.203 -0.015 -2.471 -0.018  2.309  0.853]
[Deoxys INFO] 2025-08-25 11:19:19,460 - Current Robot joint: [ 0.097 -0.203 -0.015 -2.47  -0.018  2.308  0.853]
[Deoxys INFO] 2025-08-25 11:19:19,461 - Desired Robot joint: [ 0.096 -0.203 -0.015 -2.471 -0.018  2.309  0.853]
[Deoxys INFO] 2025-08-25 11:19:19,511 - Current Robot joint: [ 0.097 -0.203 -0.015 -2.47  -0.018  2.308  0.853]
[Deoxys INFO] 2025-08-25 11:19:19,511 - Desired Robot joint: [ 0.096 -0.203 -0.015 -2.471 -0.018  2.309  0.853]
[Deoxys INFO] 2025-08-25 11:19:19,561 - Current Robot joint: [ 0.097 -0.203 -0.015 -2.47  -0.018  2.308  0.853]
[Deoxys INFO] 2025-08-25 11:19:19,561 - Desired Robot joint: [ 0.096 -0.203 -0.015 -2.471 -0.018  2.309  0.853]
[Deoxys INFO] 2025-08-25 11:19:19,611 - Current Robot joint: [ 0.097 -0.203 -0.015 -2.47  -0.018  2.308  0.853]
[Deoxys INFO] 2025-08-25 11:19:19,611 - Desired Robot joint: [ 0.096 -0.203 -0.015 -2.471 -0.018  2.309  0.853]
[Deoxys INFO] 2025-08-25 11:19:19,661 - Current Robot joint: [ 0.097 -0.203 -0.015 -2.47  -0.018  2.308  0.853]
[Deoxys INFO] 2025-08-25 11:19:19,661 - Desired Robot joint: [ 0.096 -0.203 -0.015 -2.471 -0.018  2.309  0.853]
[Deoxys INFO] 2025-08-25 11:19:19,711 - Current Robot joint: [ 0.097 -0.203 -0.015 -2.47  -0.018  2.308  0.853]
[Deoxys INFO] 2025-08-25 11:19:19,711 - Desired Robot joint: [ 0.096 -0.203 -0.015 -2.471 -0.018  2.309  0.853]
[Deoxys INFO] 2025-08-25 11:19:19,761 - Current Robot joint: [ 0.097 -0.203 -0.015 -2.47  -0.018  2.308  0.853]
[Deoxys INFO] 2025-08-25 11:19:19,762 - Desired Robot joint: [ 0.096 -0.203 -0.015 -2.471 -0.018  2.309  0.853]
[Deoxys INFO] 2025-08-25 11:19:19,811 - Current Robot joint: [ 0.097 -0.203 -0.015 -2.47  -0.018  2.308  0.853]
[Deoxys INFO] 2025-08-25 11:19:19,812 - Desired Robot joint: [ 0.096 -0.203 -0.015 -2.471 -0.018  2.309  0.853]
[Deoxys INFO] 2025-08-25 11:19:19,862 - Current Robot joint: [ 0.097 -0.203 -0.015 -2.47  -0.018  2.308  0.853]
[Deoxys INFO] 2025-08-25 11:19:19,862 - Desired Robot joint: [ 0.096 -0.203 -0.015 -2.471 -0.018  2.309  0.853]
[Deoxys INFO] 2025-08-25 11:19:19,912 - Current Robot joint: [ 0.097 -0.203 -0.015 -2.47  -0.018  2.308  0.853]
[Deoxys INFO] 2025-08-25 11:19:19,912 - Desired Robot joint: [ 0.096 -0.203 -0.015 -2.471 -0.018  2.309  0.853]
[Deoxys INFO] 2025-08-25 11:19:19,962 - Current Robot joint: [ 0.097 -0.203 -0.015 -2.47  -0.018  2.308  0.853]
[Deoxys INFO] 2025-08-25 11:19:19,962 - Desired Robot joint: [ 0.096 -0.203 -0.015 -2.471 -0.018  2.309  0.853]
[Deoxys INFO] 2025-08-25 11:19:20,012 - Current Robot joint: [ 0.097 -0.203 -0.015 -2.47  -0.018  2.308  0.853]
[Deoxys INFO] 2025-08-25 11:19:20,012 - Desired Robot joint: [ 0.096 -0.203 -0.015 -2.471 -0.018  2.309  0.853]
[Deoxys INFO] 2025-08-25 11:19:20,062 - Current Robot joint: [ 0.097 -0.203 -0.015 -2.47  -0.018  2.308  0.853]
[Deoxys INFO] 2025-08-25 11:19:20,063 - Desired Robot joint: [ 0.096 -0.203 -0.015 -2.471 -0.018  2.309  0.853]
[Deoxys INFO] 2025-08-25 11:19:20,113 - Current Robot joint: [ 0.097 -0.203 -0.015 -2.47  -0.018  2.308  0.853]
[Deoxys INFO] 2025-08-25 11:19:20,113 - Desired Robot joint: [ 0.096 -0.203 -0.015 -2.471 -0.018  2.309  0.853]
[Deoxys INFO] 2025-08-25 11:19:20,163 - Current Robot joint: [ 0.097 -0.203 -0.015 -2.47  -0.018  2.308  0.853]
[Deoxys INFO] 2025-08-25 11:19:20,163 - Desired Robot joint: [ 0.096 -0.203 -0.015 -2.471 -0.018  2.309  0.853]
[Deoxys INFO] 2025-08-25 11:19:20,213 - Current Robot joint: [ 0.097 -0.203 -0.015 -2.47  -0.018  2.308  0.853]
[Deoxys INFO] 2025-08-25 11:19:20,213 - Desired Robot joint: [ 0.096 -0.203 -0.015 -2.471 -0.018  2.309  0.853]
[Deoxys INFO] 2025-08-25 11:19:20,263 - Current Robot joint: [ 0.097 -0.203 -0.015 -2.47  -0.018  2.308  0.853]
[Deoxys INFO] 2025-08-25 11:19:20,263 - Desired Robot joint: [ 0.096 -0.203 -0.015 -2.471 -0.018  2.309  0.853]
[Deoxys INFO] 2025-08-25 11:19:20,313 - Current Robot joint: [ 0.097 -0.203 -0.015 -2.47  -0.018  2.308  0.853]
[Deoxys INFO] 2025-08-25 11:19:20,313 - Desired Robot joint: [ 0.096 -0.203 -0.015 -2.471 -0.018  2.309  0.853]
[Deoxys INFO] 2025-08-25 11:19:20,363 - Current Robot joint: [ 0.097 -0.203 -0.015 -2.47  -0.018  2.308  0.853]
[Deoxys INFO] 2025-08-25 11:19:20,364 - Desired Robot joint: [ 0.096 -0.203 -0.015 -2.471 -0.018  2.309  0.853]
[Deoxys INFO] 2025-08-25 11:19:20,414 - Current Robot joint: [ 0.097 -0.203 -0.015 -2.47  -0.018  2.308  0.853]
[Deoxys INFO] 2025-08-25 11:19:20,414 - Desired Robot joint: [ 0.096 -0.203 -0.015 -2.471 -0.018  2.309  0.853]
[Deoxys INFO] 2025-08-25 11:19:20,464 - Current Robot joint: [ 0.097 -0.203 -0.015 -2.47  -0.018  2.308  0.853]
[Deoxys INFO] 2025-08-25 11:19:20,464 - Desired Robot joint: [ 0.096 -0.203 -0.015 -2.471 -0.018  2.309  0.853]
[Deoxys INFO] 2025-08-25 11:19:20,514 - Current Robot joint: [ 0.097 -0.203 -0.015 -2.47  -0.018  2.308  0.853]
[Deoxys INFO] 2025-08-25 11:19:20,514 - Desired Robot joint: [ 0.096 -0.203 -0.015 -2.471 -0.018  2.309  0.853]
[Deoxys INFO] 2025-08-25 11:19:20,564 - Current Robot joint: [ 0.097 -0.203 -0.015 -2.47  -0.018  2.308  0.853]
[Deoxys INFO] 2025-08-25 11:19:20,564 - Desired Robot joint: [ 0.096 -0.203 -0.015 -2.471 -0.018  2.309  0.853]
[Deoxys INFO] 2025-08-25 11:19:20,614 - Current Robot joint: [ 0.097 -0.203 -0.015 -2.47  -0.018  2.308  0.853]
[Deoxys INFO] 2025-08-25 11:19:20,615 - Desired Robot joint: [ 0.096 -0.203 -0.015 -2.471 -0.018  2.309  0.853]
[Deoxys INFO] 2025-08-25 11:19:20,664 - Current Robot joint: [ 0.097 -0.203 -0.015 -2.47  -0.018  2.308  0.853]
[Deoxys INFO] 2025-08-25 11:19:20,665 - Desired Robot joint: [ 0.096 -0.203 -0.015 -2.471 -0.018  2.309  0.853]
[Deoxys INFO] 2025-08-25 11:19:20,715 - Current Robot joint: [ 0.097 -0.203 -0.015 -2.47  -0.018  2.308  0.853]
[Deoxys INFO] 2025-08-25 11:19:20,715 - Desired Robot joint: [ 0.096 -0.203 -0.015 -2.471 -0.018  2.309  0.853]
[Deoxys INFO] 2025-08-25 11:19:20,765 - Current Robot joint: [ 0.097 -0.203 -0.015 -2.47  -0.018  2.308  0.853]
[Deoxys INFO] 2025-08-25 11:19:20,765 - Desired Robot joint: [ 0.096 -0.203 -0.015 -2.471 -0.018  2.309  0.853]
[Deoxys INFO] 2025-08-25 11:19:20,815 - Current Robot joint: [ 0.097 -0.203 -0.015 -2.47  -0.018  2.308  0.853]
[Deoxys INFO] 2025-08-25 11:19:20,815 - Desired Robot joint: [ 0.096 -0.203 -0.015 -2.471 -0.018  2.309  0.853]
[Deoxys INFO] 2025-08-25 11:19:20,865 - Current Robot joint: [ 0.097 -0.203 -0.015 -2.47  -0.018  2.308  0.853]
[Deoxys INFO] 2025-08-25 11:19:20,865 - Desired Robot joint: [ 0.096 -0.203 -0.015 -2.471 -0.018  2.309  0.853]
[Deoxys INFO] 2025-08-25 11:19:20,915 - Current Robot joint: [ 0.097 -0.203 -0.015 -2.47  -0.018  2.308  0.853]
[Deoxys INFO] 2025-08-25 11:19:20,916 - Desired Robot joint: [ 0.096 -0.203 -0.015 -2.471 -0.018  2.309  0.853]
[Deoxys INFO] 2025-08-25 11:19:20,965 - Current Robot joint: [ 0.097 -0.203 -0.015 -2.47  -0.018  2.308  0.853]
[Deoxys INFO] 2025-08-25 11:19:20,966 - Desired Robot joint: [ 0.096 -0.203 -0.015 -2.471 -0.018  2.309  0.853]
[Deoxys INFO] 2025-08-25 11:19:21,015 - Current Robot joint: [ 0.097 -0.203 -0.015 -2.47  -0.018  2.308  0.853]
[Deoxys INFO] 2025-08-25 11:19:21,016 - Desired Robot joint: [ 0.096 -0.203 -0.015 -2.471 -0.018  2.309  0.853]
[Deoxys INFO] 2025-08-25 11:19:21,066 - Current Robot joint: [ 0.097 -0.203 -0.015 -2.47  -0.018  2.308  0.853]
[Deoxys INFO] 2025-08-25 11:19:21,066 - Desired Robot joint: [ 0.096 -0.203 -0.015 -2.471 -0.018  2.309  0.853]
[Deoxys INFO] 2025-08-25 11:19:21,116 - Current Robot joint: [ 0.097 -0.203 -0.015 -2.47  -0.018  2.308  0.853]
[Deoxys INFO] 2025-08-25 11:19:21,116 - Desired Robot joint: [ 0.096 -0.203 -0.015 -2.471 -0.018  2.309  0.853]
[Deoxys INFO] 2025-08-25 11:19:21,166 - Current Robot joint: [ 0.097 -0.203 -0.015 -2.47  -0.018  2.308  0.853]
[Deoxys INFO] 2025-08-25 11:19:21,166 - Desired Robot joint: [ 0.096 -0.203 -0.015 -2.471 -0.018  2.309  0.853]
[Deoxys INFO] 2025-08-25 11:19:21,216 - Current Robot joint: [ 0.097 -0.203 -0.015 -2.47  -0.018  2.308  0.853]
[Deoxys INFO] 2025-08-25 11:19:21,216 - Desired Robot joint: [ 0.096 -0.203 -0.015 -2.471 -0.018  2.309  0.853]
[Deoxys INFO] 2025-08-25 11:19:21,266 - Current Robot joint: [ 0.097 -0.203 -0.015 -2.47  -0.018  2.308  0.853]
[Deoxys INFO] 2025-08-25 11:19:21,267 - Desired Robot joint: [ 0.096 -0.203 -0.015 -2.471 -0.018  2.309  0.853]
[Deoxys INFO] 2025-08-25 11:19:21,316 - Current Robot joint: [ 0.097 -0.203 -0.015 -2.47  -0.018  2.308  0.853]
[Deoxys INFO] 2025-08-25 11:19:21,316 - Desired Robot joint: [ 0.096 -0.203 -0.015 -2.471 -0.018  2.309  0.853]
[Deoxys INFO] 2025-08-25 11:19:21,366 - Current Robot joint: [ 0.097 -0.203 -0.015 -2.47  -0.018  2.308  0.853]
[Deoxys INFO] 2025-08-25 11:19:21,367 - Desired Robot joint: [ 0.096 -0.203 -0.015 -2.471 -0.018  2.309  0.853]
[Deoxys INFO] 2025-08-25 11:19:21,416 - Current Robot joint: [ 0.097 -0.203 -0.015 -2.47  -0.018  2.308  0.853]
[Deoxys INFO] 2025-08-25 11:19:21,417 - Desired Robot joint: [ 0.096 -0.203 -0.015 -2.471 -0.018  2.309  0.853]
[Deoxys INFO] 2025-08-25 11:19:21,467 - Current Robot joint: [ 0.097 -0.203 -0.015 -2.47  -0.018  2.308  0.853]
[Deoxys INFO] 2025-08-25 11:19:21,467 - Desired Robot joint: [ 0.096 -0.203 -0.015 -2.471 -0.018  2.309  0.853]
[Deoxys INFO] 2025-08-25 11:19:21,517 - Current Robot joint: [ 0.097 -0.203 -0.015 -2.47  -0.018  2.308  0.853]
[Deoxys INFO] 2025-08-25 11:19:21,517 - Desired Robot joint: [ 0.096 -0.203 -0.015 -2.471 -0.018  2.309  0.853]
[Deoxys INFO] 2025-08-25 11:19:21,567 - Current Robot joint: [ 0.097 -0.203 -0.015 -2.47  -0.018  2.308  0.853]
[Deoxys INFO] 2025-08-25 11:19:21,567 - Desired Robot joint: [ 0.096 -0.203 -0.015 -2.471 -0.018  2.309  0.853]
[Deoxys INFO] 2025-08-25 11:19:21,617 - Current Robot joint: [ 0.097 -0.203 -0.015 -2.47  -0.018  2.308  0.853]
[Deoxys INFO] 2025-08-25 11:19:21,617 - Desired Robot joint: [ 0.096 -0.203 -0.015 -2.471 -0.018  2.309  0.853]
[Deoxys INFO] 2025-08-25 11:19:21,667 - Current Robot joint: [ 0.097 -0.203 -0.015 -2.47  -0.018  2.308  0.853]
[Deoxys INFO] 2025-08-25 11:19:21,667 - Desired Robot joint: [ 0.096 -0.203 -0.015 -2.471 -0.018  2.309  0.853]
[Deoxys INFO] 2025-08-25 11:19:21,717 - Current Robot joint: [ 0.097 -0.203 -0.015 -2.47  -0.018  2.308  0.853]
[Deoxys INFO] 2025-08-25 11:19:21,718 - Desired Robot joint: [ 0.096 -0.203 -0.015 -2.471 -0.018  2.309  0.853]
[Deoxys INFO] 2025-08-25 11:19:21,767 - Current Robot joint: [ 0.097 -0.203 -0.015 -2.47  -0.018  2.308  0.853]
[Deoxys INFO] 2025-08-25 11:19:21,768 - Desired Robot joint: [ 0.096 -0.203 -0.015 -2.471 -0.018  2.309  0.853]
[Deoxys INFO] 2025-08-25 11:19:21,818 - Current Robot joint: [ 0.097 -0.203 -0.015 -2.47  -0.018  2.308  0.853]
[Deoxys INFO] 2025-08-25 11:19:21,818 - Desired Robot joint: [ 0.096 -0.203 -0.015 -2.471 -0.018  2.309  0.853]
[Deoxys INFO] 2025-08-25 11:19:21,868 - Current Robot joint: [ 0.097 -0.203 -0.015 -2.47  -0.018  2.308  0.853]
[Deoxys INFO] 2025-08-25 11:19:21,868 - Desired Robot joint: [ 0.096 -0.203 -0.015 -2.471 -0.018  2.309  0.853]
[Deoxys INFO] 2025-08-25 11:19:21,918 - Current Robot joint: [ 0.097 -0.203 -0.015 -2.47  -0.018  2.308  0.853]
[Deoxys INFO] 2025-08-25 11:19:21,918 - Desired Robot joint: [ 0.096 -0.203 -0.015 -2.471 -0.018  2.309  0.853]
[Deoxys INFO] 2025-08-25 11:19:21,968 - Current Robot joint: [ 0.097 -0.203 -0.015 -2.47  -0.018  2.308  0.853]
[Deoxys INFO] 2025-08-25 11:19:21,968 - Desired Robot joint: [ 0.096 -0.203 -0.015 -2.471 -0.018  2.309  0.853]
[Deoxys INFO] 2025-08-25 11:19:22,018 - Current Robot joint: [ 0.097 -0.203 -0.015 -2.47  -0.018  2.308  0.853]
[Deoxys INFO] 2025-08-25 11:19:22,018 - Desired Robot joint: [ 0.096 -0.203 -0.015 -2.471 -0.018  2.309  0.853]
[Deoxys INFO] 2025-08-25 11:19:22,068 - Current Robot joint: [ 0.097 -0.203 -0.015 -2.47  -0.018  2.308  0.853]
[Deoxys INFO] 2025-08-25 11:19:22,069 - Desired Robot joint: [ 0.096 -0.203 -0.015 -2.471 -0.018  2.309  0.853]
[Deoxys INFO] 2025-08-25 11:19:22,118 - Current Robot joint: [ 0.097 -0.203 -0.015 -2.47  -0.018  2.308  0.853]
[Deoxys INFO] 2025-08-25 11:19:22,119 - Desired Robot joint: [ 0.096 -0.203 -0.015 -2.471 -0.018  2.309  0.853]
[Deoxys INFO] 2025-08-25 11:19:22,168 - Current Robot joint: [ 0.097 -0.203 -0.015 -2.47  -0.018  2.308  0.853]
[Deoxys INFO] 2025-08-25 11:19:22,169 - Desired Robot joint: [ 0.096 -0.203 -0.015 -2.471 -0.018  2.309  0.853]
[Deoxys INFO] 2025-08-25 11:19:22,219 - Current Robot joint: [ 0.097 -0.203 -0.015 -2.47  -0.018  2.308  0.853]
[Deoxys INFO] 2025-08-25 11:19:22,220 - Desired Robot joint: [ 0.096 -0.203 -0.015 -2.471 -0.018  2.309  0.853]
[Deoxys INFO] 2025-08-25 11:19:22,270 - Current Robot joint: [ 0.097 -0.203 -0.015 -2.47  -0.018  2.308  0.853]
[Deoxys INFO] 2025-08-25 11:19:22,270 - Desired Robot joint: [ 0.096 -0.203 -0.015 -2.471 -0.018  2.309  0.853]
[Deoxys INFO] 2025-08-25 11:19:22,320 - Current Robot joint: [ 0.097 -0.203 -0.015 -2.47  -0.018  2.308  0.853]
[Deoxys INFO] 2025-08-25 11:19:22,320 - Desired Robot joint: [ 0.096 -0.203 -0.015 -2.471 -0.018  2.309  0.853]
[Deoxys INFO] 2025-08-25 11:19:22,370 - Current Robot joint: [ 0.097 -0.203 -0.015 -2.47  -0.018  2.308  0.853]
[Deoxys INFO] 2025-08-25 11:19:22,370 - Desired Robot joint: [ 0.096 -0.203 -0.015 -2.471 -0.018  2.309  0.853]
[Deoxys INFO] 2025-08-25 11:19:22,420 - Current Robot joint: [ 0.097 -0.203 -0.015 -2.47  -0.018  2.308  0.853]
[Deoxys INFO] 2025-08-25 11:19:22,420 - Desired Robot joint: [ 0.096 -0.203 -0.015 -2.471 -0.018  2.309  0.853]
[Deoxys INFO] 2025-08-25 11:19:22,470 - Current Robot joint: [ 0.097 -0.203 -0.015 -2.47  -0.018  2.308  0.853]
[Deoxys INFO] 2025-08-25 11:19:22,470 - Desired Robot joint: [ 0.096 -0.203 -0.015 -2.471 -0.018  2.309  0.853]
[Deoxys INFO] 2025-08-25 11:19:22,520 - Current Robot joint: [ 0.097 -0.203 -0.015 -2.47  -0.018  2.308  0.853]
[Deoxys INFO] 2025-08-25 11:19:22,520 - Desired Robot joint: [ 0.096 -0.203 -0.015 -2.471 -0.018  2.309  0.853]
[Deoxys INFO] 2025-08-25 11:19:22,570 - Current Robot joint: [ 0.097 -0.203 -0.015 -2.47  -0.018  2.308  0.853]
[Deoxys INFO] 2025-08-25 11:19:22,571 - Desired Robot joint: [ 0.096 -0.203 -0.015 -2.471 -0.018  2.309  0.853]
[Deoxys INFO] 2025-08-25 11:19:22,621 - Current Robot joint: [ 0.097 -0.203 -0.015 -2.47  -0.018  2.308  0.853]
[Deoxys INFO] 2025-08-25 11:19:22,621 - Desired Robot joint: [ 0.096 -0.203 -0.015 -2.471 -0.018  2.309  0.853]
[Deoxys INFO] 2025-08-25 11:19:22,671 - Current Robot joint: [ 0.097 -0.203 -0.015 -2.47  -0.018  2.308  0.853]
[Deoxys INFO] 2025-08-25 11:19:22,671 - Desired Robot joint: [ 0.096 -0.203 -0.015 -2.471 -0.018  2.309  0.853]
[Deoxys INFO] 2025-08-25 11:19:22,721 - Current Robot joint: [ 0.097 -0.203 -0.015 -2.47  -0.018  2.308  0.853]
[Deoxys INFO] 2025-08-25 11:19:22,721 - Desired Robot joint: [ 0.096 -0.203 -0.015 -2.471 -0.018  2.309  0.853]
[Deoxys INFO] 2025-08-25 11:19:22,771 - Current Robot joint: [ 0.097 -0.203 -0.015 -2.47  -0.018  2.308  0.853]
[Deoxys INFO] 2025-08-25 11:19:22,771 - Desired Robot joint: [ 0.096 -0.203 -0.015 -2.471 -0.018  2.309  0.853]
[Deoxys INFO] 2025-08-25 11:19:22,821 - Current Robot joint: [ 0.097 -0.203 -0.015 -2.47  -0.018  2.308  0.853]
[Deoxys INFO] 2025-08-25 11:19:22,821 - Desired Robot joint: [ 0.096 -0.203 -0.015 -2.471 -0.018  2.309  0.853]
[Deoxys INFO] 2025-08-25 11:19:22,871 - Current Robot joint: [ 0.097 -0.203 -0.015 -2.47  -0.018  2.308  0.853]
[Deoxys INFO] 2025-08-25 11:19:22,872 - Desired Robot joint: [ 0.096 -0.203 -0.015 -2.471 -0.018  2.309  0.853]
[Deoxys INFO] 2025-08-25 11:19:22,921 - Current Robot joint: [ 0.097 -0.203 -0.015 -2.47  -0.018  2.308  0.853]
[Deoxys INFO] 2025-08-25 11:19:22,922 - Desired Robot joint: [ 0.096 -0.203 -0.015 -2.471 -0.018  2.309  0.853]
[Deoxys INFO] 2025-08-25 11:19:22,971 - Current Robot joint: [ 0.097 -0.203 -0.015 -2.47  -0.018  2.308  0.853]
[Deoxys INFO] 2025-08-25 11:19:22,972 - Desired Robot joint: [ 0.096 -0.203 -0.015 -2.471 -0.018  2.309  0.853]
[Deoxys INFO] 2025-08-25 11:19:23,021 - Current Robot joint: [ 0.097 -0.203 -0.015 -2.47  -0.018  2.308  0.853]
[Deoxys INFO] 2025-08-25 11:19:23,022 - Desired Robot joint: [ 0.096 -0.203 -0.015 -2.471 -0.018  2.309  0.853]
[Deoxys INFO] 2025-08-25 11:19:23,072 - Current Robot joint: [ 0.097 -0.203 -0.015 -2.47  -0.018  2.308  0.853]
[Deoxys INFO] 2025-08-25 11:19:23,072 - Desired Robot joint: [ 0.096 -0.203 -0.015 -2.471 -0.018  2.309  0.853]
[Deoxys INFO] 2025-08-25 11:19:23,122 - Current Robot joint: [ 0.097 -0.203 -0.015 -2.47  -0.018  2.308  0.853]
[Deoxys INFO] 2025-08-25 11:19:23,122 - Desired Robot joint: [ 0.096 -0.203 -0.015 -2.471 -0.018  2.309  0.853]
[Deoxys INFO] 2025-08-25 11:19:23,172 - Current Robot joint: [ 0.097 -0.203 -0.015 -2.47  -0.018  2.308  0.853]
[Deoxys INFO] 2025-08-25 11:19:23,172 - Desired Robot joint: [ 0.096 -0.203 -0.015 -2.471 -0.018  2.309  0.853]
[Deoxys INFO] 2025-08-25 11:19:23,222 - Current Robot joint: [ 0.097 -0.203 -0.015 -2.47  -0.018  2.308  0.853]
[Deoxys INFO] 2025-08-25 11:19:23,222 - Desired Robot joint: [ 0.096 -0.203 -0.015 -2.471 -0.018  2.309  0.853]
[Deoxys INFO] 2025-08-25 11:19:23,272 - Current Robot joint: [ 0.097 -0.203 -0.015 -2.47  -0.018  2.308  0.853]
[Deoxys INFO] 2025-08-25 11:19:23,272 - Desired Robot joint: [ 0.096 -0.203 -0.015 -2.471 -0.018  2.309  0.853]
[Deoxys INFO] 2025-08-25 11:19:23,322 - Current Robot joint: [ 0.097 -0.203 -0.015 -2.47  -0.018  2.308  0.853]
[Deoxys INFO] 2025-08-25 11:19:23,322 - Desired Robot joint: [ 0.096 -0.203 -0.015 -2.471 -0.018  2.309  0.853]
[Deoxys INFO] 2025-08-25 11:19:23,372 - Current Robot joint: [ 0.097 -0.203 -0.015 -2.47  -0.018  2.308  0.853]
[Deoxys INFO] 2025-08-25 11:19:23,373 - Desired Robot joint: [ 0.096 -0.203 -0.015 -2.471 -0.018  2.309  0.853]
[Deoxys INFO] 2025-08-25 11:19:23,422 - Current Robot joint: [ 0.097 -0.203 -0.015 -2.47  -0.018  2.308  0.853]
[Deoxys INFO] 2025-08-25 11:19:23,422 - Desired Robot joint: [ 0.096 -0.203 -0.015 -2.471 -0.018  2.309  0.853]
[Deoxys INFO] 2025-08-25 11:19:23,472 - Current Robot joint: [ 0.097 -0.203 -0.015 -2.47  -0.018  2.308  0.853]
[Deoxys INFO] 2025-08-25 11:19:23,473 - Desired Robot joint: [ 0.096 -0.203 -0.015 -2.471 -0.018  2.309  0.853]
[Deoxys INFO] 2025-08-25 11:19:23,522 - Current Robot joint: [ 0.097 -0.203 -0.015 -2.47  -0.018  2.308  0.853]
[Deoxys INFO] 2025-08-25 11:19:23,523 - Desired Robot joint: [ 0.096 -0.203 -0.015 -2.471 -0.018  2.309  0.853]
[Deoxys INFO] 2025-08-25 11:19:23,573 - Current Robot joint: [ 0.097 -0.203 -0.015 -2.47  -0.018  2.308  0.853]
[Deoxys INFO] 2025-08-25 11:19:23,573 - Desired Robot joint: [ 0.096 -0.203 -0.015 -2.471 -0.018  2.309  0.853]
[Deoxys INFO] 2025-08-25 11:19:23,623 - Current Robot joint: [ 0.097 -0.203 -0.015 -2.47  -0.018  2.308  0.853]
[Deoxys INFO] 2025-08-25 11:19:23,623 - Desired Robot joint: [ 0.096 -0.203 -0.015 -2.471 -0.018  2.309  0.853]
[Deoxys INFO] 2025-08-25 11:19:23,673 - Current Robot joint: [ 0.097 -0.203 -0.015 -2.47  -0.018  2.308  0.853]
[Deoxys INFO] 2025-08-25 11:19:23,673 - Desired Robot joint: [ 0.096 -0.203 -0.015 -2.471 -0.018  2.309  0.853]
[Deoxys INFO] 2025-08-25 11:19:23,723 - Current Robot joint: [ 0.097 -0.203 -0.015 -2.47  -0.018  2.308  0.853]
[Deoxys INFO] 2025-08-25 11:19:23,724 - Desired Robot joint: [ 0.096 -0.203 -0.015 -2.471 -0.018  2.309  0.853]
[Deoxys INFO] 2025-08-25 11:19:23,773 - Current Robot joint: [ 0.097 -0.203 -0.015 -2.47  -0.018  2.308  0.853]
[Deoxys INFO] 2025-08-25 11:19:23,774 - Desired Robot joint: [ 0.096 -0.203 -0.015 -2.471 -0.018  2.309  0.853]
[Deoxys INFO] 2025-08-25 11:19:23,824 - Current Robot joint: [ 0.097 -0.203 -0.015 -2.47  -0.018  2.308  0.853]
[Deoxys INFO] 2025-08-25 11:19:23,824 - Desired Robot joint: [ 0.096 -0.203 -0.015 -2.471 -0.018  2.309  0.853]
[Deoxys INFO] 2025-08-25 11:19:23,874 - Current Robot joint: [ 0.097 -0.203 -0.015 -2.47  -0.018  2.308  0.853]
[Deoxys INFO] 2025-08-25 11:19:23,874 - Desired Robot joint: [ 0.096 -0.203 -0.015 -2.471 -0.018  2.309  0.853]
[Deoxys INFO] 2025-08-25 11:19:23,924 - Current Robot joint: [ 0.097 -0.203 -0.015 -2.47  -0.018  2.308  0.853]
[Deoxys INFO] 2025-08-25 11:19:23,924 - Desired Robot joint: [ 0.096 -0.203 -0.015 -2.471 -0.018  2.309  0.853]
[Deoxys INFO] 2025-08-25 11:19:23,974 - Current Robot joint: [ 0.097 -0.203 -0.015 -2.47  -0.018  2.308  0.853]
[Deoxys INFO] 2025-08-25 11:19:23,974 - Desired Robot joint: [ 0.096 -0.203 -0.015 -2.471 -0.018  2.309  0.853]
[Deoxys INFO] 2025-08-25 11:19:24,024 - Current Robot joint: [ 0.097 -0.203 -0.015 -2.47  -0.018  2.308  0.853]
[Deoxys INFO] 2025-08-25 11:19:24,024 - Desired Robot joint: [ 0.096 -0.203 -0.015 -2.471 -0.018  2.309  0.853]
[Deoxys INFO] 2025-08-25 11:19:24,074 - Current Robot joint: [ 0.097 -0.203 -0.015 -2.47  -0.018  2.308  0.853]
[Deoxys INFO] 2025-08-25 11:19:24,075 - Desired Robot joint: [ 0.096 -0.203 -0.015 -2.471 -0.018  2.309  0.853]
[Deoxys INFO] 2025-08-25 11:19:24,124 - Current Robot joint: [ 0.097 -0.203 -0.015 -2.47  -0.018  2.308  0.853]
[Deoxys INFO] 2025-08-25 11:19:24,126 - Desired Robot joint: [ 0.096 -0.203 -0.015 -2.471 -0.018  2.309  0.853]
[Deoxys INFO] 2025-08-25 11:19:24,174 - Current Robot joint: [ 0.097 -0.203 -0.015 -2.47  -0.018  2.308  0.853]
[Deoxys INFO] 2025-08-25 11:19:24,175 - Desired Robot joint: [ 0.096 -0.203 -0.015 -2.471 -0.018  2.309  0.853]
[Deoxys INFO] 2025-08-25 11:19:24,224 - Current Robot joint: [ 0.097 -0.203 -0.015 -2.47  -0.018  2.308  0.853]
[Deoxys INFO] 2025-08-25 11:19:24,225 - Desired Robot joint: [ 0.096 -0.203 -0.015 -2.471 -0.018  2.309  0.853]
[Deoxys INFO] 2025-08-25 11:19:24,274 - Current Robot joint: [ 0.097 -0.203 -0.015 -2.47  -0.018  2.308  0.853]
[Deoxys INFO] 2025-08-25 11:19:24,275 - Desired Robot joint: [ 0.096 -0.203 -0.015 -2.471 -0.018  2.309  0.853]
[Deoxys INFO] 2025-08-25 11:19:24,325 - Current Robot joint: [ 0.097 -0.203 -0.015 -2.47  -0.018  2.308  0.853]
[Deoxys INFO] 2025-08-25 11:19:24,325 - Desired Robot joint: [ 0.096 -0.203 -0.015 -2.471 -0.018  2.309  0.853]
[Deoxys INFO] 2025-08-25 11:19:24,374 - Current Robot joint: [ 0.097 -0.203 -0.015 -2.47  -0.018  2.308  0.853]
[Deoxys INFO] 2025-08-25 11:19:24,375 - Desired Robot joint: [ 0.096 -0.203 -0.015 -2.471 -0.018  2.309  0.853]
[Deoxys INFO] 2025-08-25 11:19:24,425 - Current Robot joint: [ 0.097 -0.203 -0.015 -2.47  -0.018  2.308  0.853]
[Deoxys INFO] 2025-08-25 11:19:24,425 - Desired Robot joint: [ 0.096 -0.203 -0.015 -2.471 -0.018  2.309  0.853]
[Deoxys INFO] 2025-08-25 11:19:24,475 - Current Robot joint: [ 0.097 -0.203 -0.015 -2.47  -0.018  2.308  0.853]
[Deoxys INFO] 2025-08-25 11:19:24,475 - Desired Robot joint: [ 0.096 -0.203 -0.015 -2.471 -0.018  2.309  0.853]
[Deoxys INFO] 2025-08-25 11:19:24,525 - Current Robot joint: [ 0.097 -0.203 -0.015 -2.47  -0.018  2.308  0.853]
[Deoxys INFO] 2025-08-25 11:19:24,525 - Desired Robot joint: [ 0.096 -0.203 -0.015 -2.471 -0.018  2.309  0.853]
[Deoxys INFO] 2025-08-25 11:19:24,575 - Current Robot joint: [ 0.097 -0.203 -0.015 -2.47  -0.018  2.308  0.853]
[Deoxys INFO] 2025-08-25 11:19:24,575 - Desired Robot joint: [ 0.096 -0.203 -0.015 -2.471 -0.018  2.309  0.853]
[Deoxys INFO] 2025-08-25 11:19:24,625 - Current Robot joint: [ 0.097 -0.203 -0.015 -2.47  -0.018  2.308  0.853]
[Deoxys INFO] 2025-08-25 11:19:24,625 - Desired Robot joint: [ 0.096 -0.203 -0.015 -2.471 -0.018  2.309  0.853]
[Deoxys INFO] 2025-08-25 11:19:24,675 - Current Robot joint: [ 0.097 -0.203 -0.015 -2.47  -0.018  2.308  0.853]
[Deoxys INFO] 2025-08-25 11:19:24,675 - Desired Robot joint: [ 0.096 -0.203 -0.015 -2.471 -0.018  2.309  0.853]
[Deoxys INFO] 2025-08-25 11:19:24,725 - Current Robot joint: [ 0.097 -0.203 -0.015 -2.47  -0.018  2.308  0.853]
[Deoxys INFO] 2025-08-25 11:19:24,726 - Desired Robot joint: [ 0.096 -0.203 -0.015 -2.471 -0.018  2.309  0.853]
[Deoxys WARNING] 2025-08-25 11:19:32,608 - Robot state not received
[Deoxys INFO] 2025-08-25 11:21:28,527 - Current Robot joint: [ 0.381 -0.05  -0.223 -2.5   -1.377  2.768  2.233]
[Deoxys INFO] 2025-08-25 11:21:28,528 - Desired Robot joint: [ 0.381 -0.049 -0.223 -2.501 -1.377  2.769  2.233]
[Deoxys INFO] 2025-08-25 11:21:28,529 - Current Robot joint: [ 0.381 -0.05  -0.223 -2.5   -1.377  2.768  2.233]
[Deoxys INFO] 2025-08-25 11:21:28,529 - Desired Robot joint: [ 0.381 -0.049 -0.223 -2.501 -1.377  2.769  2.233]
[Deoxys INFO] 2025-08-25 11:21:28,579 - Current Robot joint: [ 0.381 -0.05  -0.223 -2.499 -1.377  2.768  2.233]
[Deoxys INFO] 2025-08-25 11:21:28,580 - Desired Robot joint: [ 0.38  -0.05  -0.223 -2.5   -1.377  2.769  2.233]
[Deoxys INFO] 2025-08-25 11:21:28,630 - Current Robot joint: [ 0.38  -0.052 -0.221 -2.499 -1.377  2.767  2.233]
[Deoxys INFO] 2025-08-25 11:21:28,630 - Desired Robot joint: [ 0.379 -0.051 -0.221 -2.5   -1.377  2.768  2.233]
[Deoxys INFO] 2025-08-25 11:21:28,680 - Current Robot joint: [ 0.376 -0.055 -0.218 -2.498 -1.376  2.764  2.233]
[Deoxys INFO] 2025-08-25 11:21:28,680 - Desired Robot joint: [ 0.375 -0.054 -0.218 -2.499 -1.376  2.765  2.232]
[Deoxys INFO] 2025-08-25 11:21:28,730 - Current Robot joint: [ 0.371 -0.057 -0.214 -2.498 -1.374  2.758  2.231]
[Deoxys INFO] 2025-08-25 11:21:28,730 - Desired Robot joint: [ 0.37  -0.057 -0.214 -2.499 -1.374  2.759  2.231]
[Deoxys INFO] 2025-08-25 11:21:28,780 - Current Robot joint: [ 0.365 -0.06  -0.21  -2.497 -1.371  2.751  2.228]
[Deoxys INFO] 2025-08-25 11:21:28,780 - Desired Robot joint: [ 0.364 -0.059 -0.21  -2.498 -1.371  2.751  2.228]
[Deoxys INFO] 2025-08-25 11:21:28,830 - Current Robot joint: [ 0.36  -0.063 -0.207 -2.497 -1.367  2.742  2.224]
[Deoxys INFO] 2025-08-25 11:21:28,831 - Desired Robot joint: [ 0.359 -0.062 -0.206 -2.498 -1.366  2.742  2.224]
[Deoxys INFO] 2025-08-25 11:21:28,880 - Current Robot joint: [ 0.355 -0.065 -0.203 -2.496 -1.36   2.733  2.219]
[Deoxys INFO] 2025-08-25 11:21:28,881 - Desired Robot joint: [ 0.354 -0.065 -0.202 -2.497 -1.36   2.733  2.218]
[Deoxys INFO] 2025-08-25 11:21:28,930 - Current Robot joint: [ 0.349 -0.068 -0.199 -2.496 -1.352  2.724  2.211]
[Deoxys INFO] 2025-08-25 11:21:28,931 - Desired Robot joint: [ 0.348 -0.067 -0.199 -2.497 -1.351  2.724  2.21 ]
[Deoxys INFO] 2025-08-25 11:21:28,980 - Current Robot joint: [ 0.344 -0.071 -0.195 -2.495 -1.341  2.715  2.201]
[Deoxys INFO] 2025-08-25 11:21:28,981 - Desired Robot joint: [ 0.343 -0.07  -0.195 -2.496 -1.34   2.715  2.201]
[Deoxys INFO] 2025-08-25 11:21:29,030 - Current Robot joint: [ 0.338 -0.073 -0.191 -2.495 -1.328  2.706  2.19 ]
[Deoxys INFO] 2025-08-25 11:21:29,031 - Desired Robot joint: [ 0.338 -0.072 -0.191 -2.496 -1.327  2.706  2.189]
[Deoxys INFO] 2025-08-25 11:21:29,081 - Current Robot joint: [ 0.334 -0.075 -0.188 -2.494 -1.316  2.699  2.178]
[Deoxys INFO] 2025-08-25 11:21:29,081 - Desired Robot joint: [ 0.333 -0.075 -0.188 -2.495 -1.315  2.699  2.177]
[Deoxys INFO] 2025-08-25 11:21:29,131 - Current Robot joint: [ 0.329 -0.078 -0.185 -2.494 -1.298  2.69   2.162]
[Deoxys INFO] 2025-08-25 11:21:29,131 - Desired Robot joint: [ 0.328 -0.077 -0.184 -2.495 -1.297  2.69   2.161]
[Deoxys INFO] 2025-08-25 11:21:29,181 - Current Robot joint: [ 0.323 -0.08  -0.181 -2.493 -1.278  2.681  2.144]
[Deoxys INFO] 2025-08-25 11:21:29,181 - Desired Robot joint: [ 0.322 -0.08  -0.181 -2.494 -1.277  2.681  2.143]
[Deoxys INFO] 2025-08-25 11:21:29,231 - Current Robot joint: [ 0.318 -0.083 -0.177 -2.493 -1.255  2.672  2.123]
[Deoxys INFO] 2025-08-25 11:21:29,231 - Desired Robot joint: [ 0.317 -0.082 -0.177 -2.494 -1.254  2.672  2.121]
[Deoxys INFO] 2025-08-25 11:21:29,281 - Current Robot joint: [ 0.313 -0.086 -0.173 -2.492 -1.23   2.663  2.099]
[Deoxys INFO] 2025-08-25 11:21:29,281 - Desired Robot joint: [ 0.312 -0.085 -0.173 -2.493 -1.228  2.663  2.098]
[Deoxys INFO] 2025-08-25 11:21:29,331 - Current Robot joint: [ 0.307 -0.088 -0.17  -2.492 -1.202  2.654  2.073]
[Deoxys INFO] 2025-08-25 11:21:29,332 - Desired Robot joint: [ 0.306 -0.088 -0.169 -2.493 -1.2    2.655  2.071]
[Deoxys INFO] 2025-08-25 11:21:29,381 - Current Robot joint: [ 0.302 -0.091 -0.166 -2.491 -1.172  2.645  2.044]
[Deoxys INFO] 2025-08-25 11:21:29,382 - Desired Robot joint: [ 0.301 -0.09  -0.166 -2.492 -1.17   2.646  2.042]
[Deoxys INFO] 2025-08-25 11:21:29,432 - Current Robot joint: [ 0.296 -0.094 -0.162 -2.491 -1.139  2.636  2.013]
[Deoxys INFO] 2025-08-25 11:21:29,432 - Desired Robot joint: [ 0.296 -0.093 -0.162 -2.492 -1.137  2.637  2.011]
[Deoxys INFO] 2025-08-25 11:21:29,482 - Current Robot joint: [ 0.291 -0.096 -0.158 -2.49  -1.104  2.627  1.979]
[Deoxys INFO] 2025-08-25 11:21:29,482 - Desired Robot joint: [ 0.29  -0.096 -0.158 -2.491 -1.103  2.628  1.977]
[Deoxys INFO] 2025-08-25 11:21:29,532 - Current Robot joint: [ 0.286 -0.099 -0.155 -2.49  -1.068  2.618  1.942]
[Deoxys INFO] 2025-08-25 11:21:29,532 - Desired Robot joint: [ 0.285 -0.098 -0.154 -2.491 -1.066  2.619  1.94 ]
[Deoxys INFO] 2025-08-25 11:21:29,582 - Current Robot joint: [ 0.28  -0.101 -0.151 -2.489 -1.029  2.609  1.904]
[Deoxys INFO] 2025-08-25 11:21:29,582 - Desired Robot joint: [ 0.279 -0.101 -0.15  -2.49  -1.027  2.61   1.902]
[Deoxys INFO] 2025-08-25 11:21:29,632 - Current Robot joint: [ 0.276 -0.104 -0.148 -2.489 -0.998  2.602  1.872]
[Deoxys INFO] 2025-08-25 11:21:29,632 - Desired Robot joint: [ 0.274 -0.103 -0.147 -2.49  -0.987  2.601  1.861]
[Deoxys INFO] 2025-08-25 11:21:29,682 - Current Robot joint: [ 0.271 -0.106 -0.144 -2.488 -0.957  2.593  1.829]
[Deoxys INFO] 2025-08-25 11:21:29,683 - Desired Robot joint: [ 0.27  -0.106 -0.144 -2.489 -0.955  2.594  1.827]
[Deoxys INFO] 2025-08-25 11:21:29,732 - Current Robot joint: [ 0.265 -0.109 -0.14  -2.488 -0.915  2.584  1.785]
[Deoxys INFO] 2025-08-25 11:21:29,733 - Desired Robot joint: [ 0.264 -0.108 -0.14  -2.489 -0.913  2.585  1.783]
[Deoxys INFO] 2025-08-25 11:21:29,783 - Current Robot joint: [ 0.26  -0.111 -0.136 -2.487 -0.873  2.575  1.74 ]
[Deoxys INFO] 2025-08-25 11:21:29,783 - Desired Robot joint: [ 0.259 -0.111 -0.136 -2.488 -0.871  2.576  1.738]
[Deoxys INFO] 2025-08-25 11:21:29,833 - Current Robot joint: [ 0.254 -0.114 -0.133 -2.487 -0.831  2.566  1.693]
[Deoxys INFO] 2025-08-25 11:21:29,833 - Desired Robot joint: [ 0.254 -0.113 -0.132 -2.488 -0.829  2.567  1.691]
[Deoxys INFO] 2025-08-25 11:21:29,883 - Current Robot joint: [ 0.249 -0.117 -0.129 -2.486 -0.788  2.558  1.645]
[Deoxys INFO] 2025-08-25 11:21:29,883 - Desired Robot joint: [ 0.248 -0.116 -0.129 -2.487 -0.786  2.558  1.643]
[Deoxys INFO] 2025-08-25 11:21:29,933 - Current Robot joint: [ 0.244 -0.119 -0.125 -2.486 -0.746  2.549  1.597]
[Deoxys INFO] 2025-08-25 11:21:29,933 - Desired Robot joint: [ 0.243 -0.119 -0.125 -2.487 -0.744  2.549  1.594]
[Deoxys INFO] 2025-08-25 11:21:29,983 - Current Robot joint: [ 0.238 -0.122 -0.121 -2.485 -0.704  2.54   1.548]
[Deoxys INFO] 2025-08-25 11:21:29,984 - Desired Robot joint: [ 0.238 -0.121 -0.121 -2.486 -0.702  2.54   1.545]
[Deoxys INFO] 2025-08-25 11:21:30,033 - Current Robot joint: [ 0.233 -0.125 -0.118 -2.485 -0.662  2.531  1.499]
[Deoxys INFO] 2025-08-25 11:21:30,034 - Desired Robot joint: [ 0.232 -0.124 -0.117 -2.486 -0.659  2.531  1.496]
[Deoxys INFO] 2025-08-25 11:21:30,084 - Current Robot joint: [ 0.228 -0.127 -0.114 -2.484 -0.619  2.522  1.45 ]
[Deoxys INFO] 2025-08-25 11:21:30,084 - Desired Robot joint: [ 0.227 -0.127 -0.114 -2.485 -0.617  2.522  1.448]
[Deoxys INFO] 2025-08-25 11:21:30,134 - Current Robot joint: [ 0.222 -0.13  -0.11  -2.484 -0.577  2.513  1.402]
[Deoxys INFO] 2025-08-25 11:21:30,134 - Desired Robot joint: [ 0.221 -0.129 -0.11  -2.485 -0.575  2.513  1.4  ]
[Deoxys INFO] 2025-08-25 11:21:30,184 - Current Robot joint: [ 0.217 -0.132 -0.106 -2.483 -0.535  2.504  1.355]
[Deoxys INFO] 2025-08-25 11:21:30,184 - Desired Robot joint: [ 0.216 -0.132 -0.106 -2.484 -0.533  2.504  1.353]
[Deoxys INFO] 2025-08-25 11:21:30,235 - Current Robot joint: [ 0.212 -0.135 -0.103 -2.482 -0.493  2.495  1.309]
[Deoxys INFO] 2025-08-25 11:21:30,235 - Desired Robot joint: [ 0.211 -0.134 -0.102 -2.483 -0.491  2.495  1.307]
[Deoxys INFO] 2025-08-25 11:21:30,284 - Current Robot joint: [ 0.207 -0.137 -0.1   -2.482 -0.459  2.488  1.273]
[Deoxys INFO] 2025-08-25 11:21:30,285 - Desired Robot joint: [ 0.206 -0.137 -0.099 -2.483 -0.457  2.488  1.271]
[Deoxys INFO] 2025-08-25 11:21:30,335 - Current Robot joint: [ 0.202 -0.14  -0.096 -2.481 -0.418  2.479  1.23 ]
[Deoxys INFO] 2025-08-25 11:21:30,335 - Desired Robot joint: [ 0.201 -0.139 -0.096 -2.483 -0.416  2.479  1.228]
[Deoxys INFO] 2025-08-25 11:21:30,385 - Current Robot joint: [ 0.197 -0.142 -0.092 -2.481 -0.378  2.47   1.189]
[Deoxys INFO] 2025-08-25 11:21:30,385 - Desired Robot joint: [ 0.196 -0.142 -0.092 -2.482 -0.376  2.47   1.187]
[Deoxys INFO] 2025-08-25 11:21:30,435 - Current Robot joint: [ 0.191 -0.145 -0.088 -2.48  -0.339  2.461  1.15 ]
[Deoxys INFO] 2025-08-25 11:21:30,435 - Desired Robot joint: [ 0.19  -0.144 -0.088 -2.481 -0.337  2.461  1.148]
[Deoxys INFO] 2025-08-25 11:21:30,485 - Current Robot joint: [ 0.186 -0.148 -0.085 -2.48  -0.302  2.452  1.113]
[Deoxys INFO] 2025-08-25 11:21:30,485 - Desired Robot joint: [ 0.185 -0.147 -0.084 -2.481 -0.3    2.452  1.111]
[Deoxys INFO] 2025-08-25 11:21:30,535 - Current Robot joint: [ 0.18  -0.15  -0.081 -2.479 -0.266  2.443  1.078]
[Deoxys INFO] 2025-08-25 11:21:30,536 - Desired Robot joint: [ 0.18  -0.15  -0.08  -2.48  -0.264  2.443  1.077]
[Deoxys INFO] 2025-08-25 11:21:30,586 - Current Robot joint: [ 0.175 -0.153 -0.077 -2.479 -0.233  2.434  1.046]
[Deoxys INFO] 2025-08-25 11:21:30,586 - Desired Robot joint: [ 0.174 -0.152 -0.077 -2.48  -0.231  2.434  1.045]
[Deoxys INFO] 2025-08-25 11:21:30,636 - Current Robot joint: [ 0.17  -0.155 -0.073 -2.478 -0.202  2.425  1.017]
[Deoxys INFO] 2025-08-25 11:21:30,636 - Desired Robot joint: [ 0.169 -0.155 -0.073 -2.479 -0.2    2.425  1.015]
[Deoxys INFO] 2025-08-25 11:21:30,686 - Current Robot joint: [ 0.164 -0.158 -0.069 -2.478 -0.173  2.416  0.99 ]
[Deoxys INFO] 2025-08-25 11:21:30,686 - Desired Robot joint: [ 0.163 -0.158 -0.069 -2.479 -0.172  2.416  0.988]
[Deoxys INFO] 2025-08-25 11:21:30,736 - Current Robot joint: [ 0.159 -0.161 -0.066 -2.477 -0.147  2.407  0.965]
[Deoxys INFO] 2025-08-25 11:21:30,736 - Desired Robot joint: [ 0.158 -0.16  -0.065 -2.478 -0.146  2.407  0.964]
[Deoxys INFO] 2025-08-25 11:21:30,786 - Current Robot joint: [ 0.154 -0.163 -0.062 -2.477 -0.124  2.398  0.943]
[Deoxys INFO] 2025-08-25 11:21:30,786 - Desired Robot joint: [ 0.153 -0.163 -0.062 -2.478 -0.122  2.398  0.942]
[Deoxys INFO] 2025-08-25 11:21:30,836 - Current Robot joint: [ 0.148 -0.166 -0.058 -2.476 -0.103  2.389  0.924]
[Deoxys INFO] 2025-08-25 11:21:30,836 - Desired Robot joint: [ 0.147 -0.165 -0.058 -2.477 -0.101  2.389  0.923]
[Deoxys INFO] 2025-08-25 11:21:30,886 - Current Robot joint: [ 0.144 -0.168 -0.055 -2.476 -0.088  2.382  0.91 ]
[Deoxys INFO] 2025-08-25 11:21:30,887 - Desired Robot joint: [ 0.142 -0.168 -0.054 -2.477 -0.083  2.38   0.906]
[Deoxys INFO] 2025-08-25 11:21:30,937 - Current Robot joint: [ 0.138 -0.171 -0.052 -2.475 -0.071  2.373  0.895]
[Deoxys INFO] 2025-08-25 11:21:30,937 - Desired Robot joint: [ 0.138 -0.17  -0.051 -2.476 -0.07   2.373  0.894]
[Deoxys INFO] 2025-08-25 11:21:30,987 - Current Robot joint: [ 0.133 -0.173 -0.048 -2.475 -0.058  2.364  0.883]
[Deoxys INFO] 2025-08-25 11:21:30,987 - Desired Robot joint: [ 0.132 -0.173 -0.047 -2.476 -0.057  2.364  0.882]
[Deoxys INFO] 2025-08-25 11:21:31,037 - Current Robot joint: [ 0.128 -0.176 -0.044 -2.474 -0.046  2.355  0.873]
[Deoxys INFO] 2025-08-25 11:21:31,037 - Desired Robot joint: [ 0.127 -0.175 -0.044 -2.475 -0.046  2.356  0.872]
[Deoxys INFO] 2025-08-25 11:21:31,087 - Current Robot joint: [ 0.122 -0.179 -0.04  -2.474 -0.037  2.346  0.865]
[Deoxys INFO] 2025-08-25 11:21:31,087 - Desired Robot joint: [ 0.122 -0.178 -0.04  -2.475 -0.036  2.347  0.864]
[Deoxys INFO] 2025-08-25 11:21:31,137 - Current Robot joint: [ 0.117 -0.181 -0.036 -2.473 -0.03   2.337  0.858]
[Deoxys INFO] 2025-08-25 11:21:31,137 - Desired Robot joint: [ 0.116 -0.181 -0.036 -2.474 -0.029  2.338  0.858]
[Deoxys INFO] 2025-08-25 11:21:31,187 - Current Robot joint: [ 0.112 -0.184 -0.033 -2.473 -0.025  2.328  0.854]
[Deoxys INFO] 2025-08-25 11:21:31,188 - Desired Robot joint: [ 0.111 -0.183 -0.032 -2.474 -0.024  2.329  0.853]
[Deoxys INFO] 2025-08-25 11:21:31,238 - Current Robot joint: [ 0.106 -0.186 -0.029 -2.472 -0.021  2.32   0.851]
[Deoxys INFO] 2025-08-25 11:21:31,238 - Desired Robot joint: [ 0.105 -0.186 -0.028 -2.473 -0.021  2.32   0.85 ]
[Deoxys INFO] 2025-08-25 11:21:31,288 - Current Robot joint: [ 0.101 -0.189 -0.025 -2.472 -0.019  2.314  0.849]
[Deoxys INFO] 2025-08-25 11:21:31,288 - Desired Robot joint: [ 0.1   -0.188 -0.025 -2.473 -0.019  2.314  0.848]
[Deoxys INFO] 2025-08-25 11:21:31,338 - Current Robot joint: [ 0.096 -0.192 -0.021 -2.471 -0.018  2.31   0.848]
[Deoxys INFO] 2025-08-25 11:21:31,338 - Desired Robot joint: [ 0.096 -0.191 -0.021 -2.472 -0.018  2.31   0.847]
[Deoxys INFO] 2025-08-25 11:21:31,388 - Current Robot joint: [ 0.094 -0.194 -0.019 -2.471 -0.018  2.308  0.847]
[Deoxys INFO] 2025-08-25 11:21:31,389 - Desired Robot joint: [ 0.094 -0.193 -0.019 -2.472 -0.017  2.309  0.847]
[Deoxys WARNING] 2025-08-25 11:22:46,072 - Robot state not received
[Deoxys WARNING] 2025-08-26 17:03:09,839 - Robot state not received
[Deoxys INFO] 2025-08-26 17:11:54,480 - Current Robot joint: [ 0.381 -0.375 -0.41  -2.679  1.488  2.926 -0.744]
[Deoxys INFO] 2025-08-26 17:11:54,481 - Desired Robot joint: [ 0.381 -0.375 -0.41  -2.679  1.488  2.926 -0.744]
[Deoxys INFO] 2025-08-26 17:11:54,481 - Current Robot joint: [ 0.381 -0.375 -0.41  -2.679  1.488  2.926 -0.744]
[Deoxys INFO] 2025-08-26 17:11:54,481 - Desired Robot joint: [ 0.381 -0.375 -0.41  -2.679  1.488  2.926 -0.744]
[Deoxys INFO] 2025-08-26 17:11:54,531 - Current Robot joint: [ 0.381 -0.375 -0.41  -2.679  1.488  2.926 -0.744]
[Deoxys INFO] 2025-08-26 17:11:54,532 - Desired Robot joint: [ 0.381 -0.375 -0.41  -2.679  1.488  2.926 -0.744]
[Deoxys INFO] 2025-08-26 17:11:54,582 - Current Robot joint: [ 0.381 -0.374 -0.41  -2.679  1.488  2.925 -0.744]
[Deoxys INFO] 2025-08-26 17:11:54,582 - Desired Robot joint: [ 0.381 -0.374 -0.41  -2.679  1.488  2.926 -0.744]
[Deoxys INFO] 2025-08-26 17:11:54,632 - Current Robot joint: [ 0.379 -0.372 -0.408 -2.677  1.488  2.924 -0.744]
[Deoxys INFO] 2025-08-26 17:11:54,632 - Desired Robot joint: [ 0.378 -0.371 -0.407 -2.676  1.488  2.925 -0.744]
[Deoxys INFO] 2025-08-26 17:11:54,682 - Current Robot joint: [ 0.374 -0.369 -0.403 -2.673  1.487  2.92  -0.743]
[Deoxys INFO] 2025-08-26 17:11:54,682 - Desired Robot joint: [ 0.374 -0.368 -0.403 -2.672  1.486  2.921 -0.743]
[Deoxys INFO] 2025-08-26 17:11:54,732 - Current Robot joint: [ 0.37  -0.366 -0.397 -2.67   1.484  2.914 -0.741]
[Deoxys INFO] 2025-08-26 17:11:54,733 - Desired Robot joint: [ 0.369 -0.365 -0.396 -2.669  1.484  2.915 -0.741]
[Deoxys INFO] 2025-08-26 17:11:54,783 - Current Robot joint: [ 0.365 -0.362 -0.39  -2.666  1.48   2.906 -0.738]
[Deoxys INFO] 2025-08-26 17:11:54,783 - Desired Robot joint: [ 0.364 -0.362 -0.39  -2.665  1.48   2.907 -0.738]
[Deoxys INFO] 2025-08-26 17:11:54,833 - Current Robot joint: [ 0.36  -0.36  -0.383 -2.663  1.475  2.896 -0.734]
[Deoxys INFO] 2025-08-26 17:11:54,833 - Desired Robot joint: [ 0.359 -0.359 -0.383 -2.662  1.474  2.896 -0.733]
[Deoxys INFO] 2025-08-26 17:11:54,883 - Current Robot joint: [ 0.355 -0.357 -0.377 -2.659  1.467  2.884 -0.728]
[Deoxys INFO] 2025-08-26 17:11:54,883 - Desired Robot joint: [ 0.354 -0.356 -0.376 -2.658  1.467  2.885 -0.727]
[Deoxys INFO] 2025-08-26 17:11:54,933 - Current Robot joint: [ 0.35  -0.354 -0.37  -2.656  1.458  2.873 -0.72 ]
[Deoxys INFO] 2025-08-26 17:11:54,933 - Desired Robot joint: [ 0.349 -0.353 -0.37  -2.655  1.457  2.874 -0.719]
[Deoxys INFO] 2025-08-26 17:11:54,983 - Current Robot joint: [ 0.345 -0.35  -0.363 -2.652  1.446  2.861 -0.71 ]
[Deoxys INFO] 2025-08-26 17:11:54,983 - Desired Robot joint: [ 0.344 -0.35  -0.362 -2.651  1.445  2.862 -0.709]
[Deoxys INFO] 2025-08-26 17:11:55,033 - Current Robot joint: [ 0.34  -0.347 -0.356 -2.648  1.431  2.85  -0.698]
[Deoxys INFO] 2025-08-26 17:11:55,033 - Desired Robot joint: [ 0.339 -0.347 -0.356 -2.648  1.43   2.85  -0.697]
[Deoxys INFO] 2025-08-26 17:11:55,083 - Current Robot joint: [ 0.336 -0.345 -0.351 -2.646  1.418  2.841 -0.687]
[Deoxys INFO] 2025-08-26 17:11:55,083 - Desired Robot joint: [ 0.335 -0.345 -0.35  -2.645  1.417  2.841 -0.686]
[Deoxys INFO] 2025-08-26 17:11:55,133 - Current Robot joint: [ 0.331 -0.342 -0.344 -2.642  1.399  2.829 -0.671]
[Deoxys INFO] 2025-08-26 17:11:55,133 - Desired Robot joint: [ 0.33  -0.342 -0.344 -2.641  1.398  2.83  -0.67 ]
[Deoxys INFO] 2025-08-26 17:11:55,183 - Current Robot joint: [ 0.326 -0.339 -0.337 -2.639  1.378  2.818 -0.652]
[Deoxys INFO] 2025-08-26 17:11:55,184 - Desired Robot joint: [ 0.325 -0.339 -0.337 -2.638  1.376  2.818 -0.651]
[Deoxys INFO] 2025-08-26 17:11:55,234 - Current Robot joint: [ 0.321 -0.336 -0.331 -2.635  1.353  2.806 -0.631]
[Deoxys INFO] 2025-08-26 17:11:55,234 - Desired Robot joint: [ 0.321 -0.336 -0.33  -2.634  1.352  2.807 -0.63 ]
[Deoxys INFO] 2025-08-26 17:11:55,284 - Current Robot joint: [ 0.317 -0.333 -0.324 -2.632  1.327  2.795 -0.607]
[Deoxys INFO] 2025-08-26 17:11:55,284 - Desired Robot joint: [ 0.316 -0.333 -0.323 -2.631  1.325  2.795 -0.606]
[Deoxys INFO] 2025-08-26 17:11:55,334 - Current Robot joint: [ 0.312 -0.33  -0.317 -2.628  1.297  2.783 -0.58 ]
[Deoxys INFO] 2025-08-26 17:11:55,334 - Desired Robot joint: [ 0.311 -0.329 -0.316 -2.627  1.295  2.784 -0.579]
[Deoxys INFO] 2025-08-26 17:11:55,384 - Current Robot joint: [ 0.306 -0.327 -0.31  -2.624  1.266  2.772 -0.551]
[Deoxys INFO] 2025-08-26 17:11:55,384 - Desired Robot joint: [ 0.306 -0.326 -0.309 -2.623  1.264  2.772 -0.55 ]
[Deoxys INFO] 2025-08-26 17:11:55,434 - Current Robot joint: [ 0.302 -0.324 -0.303 -2.621  1.232  2.76  -0.52 ]
[Deoxys INFO] 2025-08-26 17:11:55,435 - Desired Robot joint: [ 0.301 -0.323 -0.303 -2.62   1.23   2.761 -0.518]
[Deoxys INFO] 2025-08-26 17:11:55,484 - Current Robot joint: [ 0.297 -0.321 -0.296 -2.617  1.197  2.749 -0.486]
[Deoxys INFO] 2025-08-26 17:11:55,485 - Desired Robot joint: [ 0.296 -0.32  -0.296 -2.616  1.195  2.749 -0.484]
[Deoxys INFO] 2025-08-26 17:11:55,535 - Current Robot joint: [ 0.292 -0.318 -0.289 -2.614  1.16   2.737 -0.449]
[Deoxys INFO] 2025-08-26 17:11:55,535 - Desired Robot joint: [ 0.291 -0.317 -0.289 -2.613  1.158  2.738 -0.447]
[Deoxys INFO] 2025-08-26 17:11:55,585 - Current Robot joint: [ 0.287 -0.315 -0.283 -2.61   1.121  2.726 -0.41 ]
[Deoxys INFO] 2025-08-26 17:11:55,585 - Desired Robot joint: [ 0.286 -0.314 -0.282 -2.609  1.119  2.726 -0.408]
[Deoxys INFO] 2025-08-26 17:11:55,635 - Current Robot joint: [ 0.283 -0.312 -0.277 -2.607  1.09   2.717 -0.377]
[Deoxys INFO] 2025-08-26 17:11:55,635 - Desired Robot joint: [ 0.281 -0.311 -0.275 -2.606  1.08   2.715 -0.367]
[Deoxys INFO] 2025-08-26 17:11:55,685 - Current Robot joint: [ 0.278 -0.309 -0.27  -2.604  1.05   2.705 -0.334]
[Deoxys INFO] 2025-08-26 17:11:55,685 - Desired Robot joint: [ 0.277 -0.309 -0.27  -2.603  1.048  2.706 -0.332]
[Deoxys INFO] 2025-08-26 17:11:55,735 - Current Robot joint: [ 0.273 -0.306 -0.264 -2.6    1.01   2.694 -0.29 ]
[Deoxys INFO] 2025-08-26 17:11:55,735 - Desired Robot joint: [ 0.272 -0.306 -0.263 -2.599  1.008  2.694 -0.287]
[Deoxys INFO] 2025-08-26 17:11:55,785 - Current Robot joint: [ 0.268 -0.303 -0.257 -2.597  0.97   2.682 -0.243]
[Deoxys INFO] 2025-08-26 17:11:55,786 - Desired Robot joint: [ 0.267 -0.303 -0.256 -2.596  0.968  2.683 -0.241]
[Deoxys INFO] 2025-08-26 17:11:55,836 - Current Robot joint: [ 0.263 -0.3   -0.25  -2.593  0.93   2.671 -0.195]
[Deoxys INFO] 2025-08-26 17:11:55,836 - Desired Robot joint: [ 0.262 -0.3   -0.25  -2.592  0.928  2.671 -0.192]
[Deoxys INFO] 2025-08-26 17:11:55,886 - Current Robot joint: [ 0.258 -0.297 -0.243 -2.589  0.889  2.659 -0.145]
[Deoxys INFO] 2025-08-26 17:11:55,886 - Desired Robot joint: [ 0.257 -0.297 -0.243 -2.589  0.887  2.66  -0.143]
[Deoxys INFO] 2025-08-26 17:11:55,936 - Current Robot joint: [ 0.253 -0.294 -0.236 -2.586  0.849  2.648 -0.094]
[Deoxys INFO] 2025-08-26 17:11:55,936 - Desired Robot joint: [ 0.252 -0.294 -0.236 -2.585  0.847  2.648 -0.092]
[Deoxys INFO] 2025-08-26 17:11:55,986 - Current Robot joint: [ 0.248 -0.291 -0.23  -2.582  0.809  2.636 -0.043]
[Deoxys INFO] 2025-08-26 17:11:55,986 - Desired Robot joint: [ 0.247 -0.291 -0.229 -2.582  0.807  2.637 -0.04 ]
[Deoxys INFO] 2025-08-26 17:11:56,036 - Current Robot joint: [ 0.243 -0.288 -0.223 -2.579  0.769  2.625  0.009]
[Deoxys INFO] 2025-08-26 17:11:56,036 - Desired Robot joint: [ 0.242 -0.288 -0.222 -2.578  0.767  2.625  0.012]
[Deoxys INFO] 2025-08-26 17:11:56,086 - Current Robot joint: [ 0.239 -0.285 -0.216 -2.575  0.729  2.613  0.062]
[Deoxys INFO] 2025-08-26 17:11:56,086 - Desired Robot joint: [ 0.238 -0.285 -0.216 -2.574  0.727  2.614  0.065]
[Deoxys INFO] 2025-08-26 17:11:56,136 - Current Robot joint: [ 0.234 -0.282 -0.209 -2.572  0.689  2.602  0.114]
[Deoxys INFO] 2025-08-26 17:11:56,137 - Desired Robot joint: [ 0.233 -0.281 -0.209 -2.571  0.687  2.602  0.117]
[Deoxys INFO] 2025-08-26 17:11:56,187 - Current Robot joint: [ 0.228 -0.279 -0.202 -2.568  0.649  2.59   0.166]
[Deoxys INFO] 2025-08-26 17:11:56,187 - Desired Robot joint: [ 0.228 -0.278 -0.202 -2.567  0.647  2.591  0.169]
[Deoxys INFO] 2025-08-26 17:11:56,237 - Current Robot joint: [ 0.225 -0.276 -0.197 -2.565  0.616  2.581  0.208]
[Deoxys INFO] 2025-08-26 17:11:56,237 - Desired Robot joint: [ 0.223 -0.275 -0.195 -2.564  0.607  2.579  0.22 ]
[Deoxys INFO] 2025-08-26 17:11:56,287 - Current Robot joint: [ 0.22  -0.273 -0.19  -2.562  0.576  2.57   0.258]
[Deoxys INFO] 2025-08-26 17:11:56,287 - Desired Robot joint: [ 0.219 -0.273 -0.19  -2.561  0.574  2.57   0.261]
[Deoxys INFO] 2025-08-26 17:11:56,337 - Current Robot joint: [ 0.215 -0.27  -0.183 -2.558  0.536  2.558  0.307]
[Deoxys INFO] 2025-08-26 17:11:56,337 - Desired Robot joint: [ 0.214 -0.27  -0.183 -2.557  0.534  2.559  0.31 ]
[Deoxys INFO] 2025-08-26 17:11:56,387 - Current Robot joint: [ 0.21  -0.267 -0.177 -2.555  0.496  2.547  0.355]
[Deoxys INFO] 2025-08-26 17:11:56,387 - Desired Robot joint: [ 0.209 -0.267 -0.176 -2.554  0.494  2.547  0.358]
[Deoxys INFO] 2025-08-26 17:11:56,437 - Current Robot joint: [ 0.205 -0.264 -0.17  -2.551  0.456  2.535  0.401]
[Deoxys INFO] 2025-08-26 17:11:56,438 - Desired Robot joint: [ 0.204 -0.264 -0.169 -2.55   0.454  2.536  0.404]
[Deoxys INFO] 2025-08-26 17:11:56,487 - Current Robot joint: [ 0.2   -0.261 -0.163 -2.547  0.416  2.524  0.446]
[Deoxys INFO] 2025-08-26 17:11:56,488 - Desired Robot joint: [ 0.199 -0.261 -0.162 -2.547  0.414  2.524  0.448]
[Deoxys INFO] 2025-08-26 17:11:56,538 - Current Robot joint: [ 0.195 -0.258 -0.156 -2.544  0.376  2.512  0.488]
[Deoxys INFO] 2025-08-26 17:11:56,538 - Desired Robot joint: [ 0.194 -0.258 -0.156 -2.543  0.374  2.513  0.49 ]
[Deoxys INFO] 2025-08-26 17:11:56,588 - Current Robot joint: [ 0.19  -0.255 -0.149 -2.54   0.336  2.501  0.529]
[Deoxys INFO] 2025-08-26 17:11:56,588 - Desired Robot joint: [ 0.189 -0.255 -0.149 -2.54   0.335  2.501  0.531]
[Deoxys INFO] 2025-08-26 17:11:56,638 - Current Robot joint: [ 0.185 -0.252 -0.142 -2.537  0.299  2.489  0.567]
[Deoxys INFO] 2025-08-26 17:11:56,638 - Desired Robot joint: [ 0.184 -0.252 -0.142 -2.536  0.297  2.49   0.569]
[Deoxys INFO] 2025-08-26 17:11:56,688 - Current Robot joint: [ 0.18  -0.249 -0.136 -2.533  0.262  2.478  0.602]
[Deoxys INFO] 2025-08-26 17:11:56,689 - Desired Robot joint: [ 0.179 -0.249 -0.135 -2.532  0.261  2.478  0.604]
[Deoxys INFO] 2025-08-26 17:11:56,738 - Current Robot joint: [ 0.175 -0.246 -0.129 -2.53   0.228  2.466  0.635]
[Deoxys INFO] 2025-08-26 17:11:56,739 - Desired Robot joint: [ 0.174 -0.246 -0.128 -2.529  0.226  2.467  0.637]
[Deoxys INFO] 2025-08-26 17:11:56,789 - Current Robot joint: [ 0.171 -0.243 -0.123 -2.527  0.202  2.457  0.66 ]
[Deoxys INFO] 2025-08-26 17:11:56,789 - Desired Robot joint: [ 0.169 -0.243 -0.122 -2.525  0.194  2.455  0.667]
[Deoxys INFO] 2025-08-26 17:11:56,839 - Current Robot joint: [ 0.166 -0.24  -0.117 -2.523  0.171  2.445  0.688]
[Deoxys INFO] 2025-08-26 17:11:56,839 - Desired Robot joint: [ 0.165 -0.24  -0.116 -2.522  0.169  2.446  0.689]
[Deoxys INFO] 2025-08-26 17:11:56,889 - Current Robot joint: [ 0.162 -0.237 -0.11  -2.52   0.142  2.434  0.714]
[Deoxys INFO] 2025-08-26 17:11:56,889 - Desired Robot joint: [ 0.16  -0.237 -0.109 -2.519  0.141  2.434  0.715]
[Deoxys INFO] 2025-08-26 17:11:56,939 - Current Robot joint: [ 0.157 -0.234 -0.103 -2.516  0.116  2.422  0.737]
[Deoxys INFO] 2025-08-26 17:11:56,939 - Desired Robot joint: [ 0.156 -0.234 -0.102 -2.515  0.115  2.423  0.738]
[Deoxys INFO] 2025-08-26 17:11:56,989 - Current Robot joint: [ 0.151 -0.231 -0.096 -2.513  0.093  2.411  0.757]
[Deoxys INFO] 2025-08-26 17:11:56,990 - Desired Robot joint: [ 0.151 -0.231 -0.096 -2.512  0.091  2.412  0.758]
[Deoxys INFO] 2025-08-26 17:11:57,039 - Current Robot joint: [ 0.147 -0.228 -0.089 -2.509  0.072  2.4    0.775]
[Deoxys INFO] 2025-08-26 17:11:57,040 - Desired Robot joint: [ 0.146 -0.228 -0.089 -2.508  0.071  2.4    0.776]
[Deoxys INFO] 2025-08-26 17:11:57,089 - Current Robot joint: [ 0.142 -0.225 -0.082 -2.505  0.053  2.388  0.791]
[Deoxys INFO] 2025-08-26 17:11:57,090 - Desired Robot joint: [ 0.141 -0.225 -0.082 -2.505  0.052  2.389  0.792]
[Deoxys INFO] 2025-08-26 17:11:57,140 - Current Robot joint: [ 0.137 -0.222 -0.076 -2.502  0.038  2.377  0.804]
[Deoxys INFO] 2025-08-26 17:11:57,140 - Desired Robot joint: [ 0.136 -0.222 -0.075 -2.501  0.037  2.377  0.805]
[Deoxys INFO] 2025-08-26 17:11:57,190 - Current Robot joint: [ 0.132 -0.219 -0.069 -2.498  0.024  2.365  0.815]
[Deoxys INFO] 2025-08-26 17:11:57,190 - Desired Robot joint: [ 0.131 -0.219 -0.068 -2.498  0.023  2.366  0.816]
[Deoxys INFO] 2025-08-26 17:11:57,240 - Current Robot joint: [ 0.127 -0.216 -0.062 -2.495  0.013  2.354  0.824]
[Deoxys INFO] 2025-08-26 17:11:57,240 - Desired Robot joint: [ 0.126 -0.216 -0.062 -2.494  0.013  2.354  0.824]
[Deoxys INFO] 2025-08-26 17:11:57,290 - Current Robot joint: [ 0.122 -0.213 -0.055 -2.491  0.005  2.342  0.831]
[Deoxys INFO] 2025-08-26 17:11:57,290 - Desired Robot joint: [ 0.121 -0.213 -0.055 -2.491  0.004  2.343  0.831]
[Deoxys INFO] 2025-08-26 17:11:57,340 - Current Robot joint: [ 1.180e-01 -2.110e-01 -5.000e-02 -2.488e+00 -1.000e-03  2.333e+00
  8.350e-01]
[Deoxys INFO] 2025-08-26 17:11:57,340 - Desired Robot joint: [ 1.170e-01 -2.100e-01 -4.900e-02 -2.488e+00 -1.000e-03  2.334e+00
  8.360e-01]
[Deoxys INFO] 2025-08-26 17:11:57,390 - Current Robot joint: [ 0.113 -0.207 -0.043 -2.485 -0.006  2.323  0.839]
[Deoxys INFO] 2025-08-26 17:11:57,391 - Desired Robot joint: [ 0.112 -0.207 -0.043 -2.484 -0.006  2.324  0.84 ]
[Deoxys INFO] 2025-08-26 17:11:57,441 - Current Robot joint: [ 0.108 -0.204 -0.036 -2.481 -0.009  2.316  0.842]
[Deoxys INFO] 2025-08-26 17:11:57,441 - Desired Robot joint: [ 0.107 -0.204 -0.036 -2.481 -0.009  2.316  0.842]
[Deoxys INFO] 2025-08-26 17:11:57,491 - Current Robot joint: [ 0.103 -0.202 -0.03  -2.478 -0.011  2.31   0.843]
[Deoxys INFO] 2025-08-26 17:11:57,491 - Desired Robot joint: [ 0.102 -0.201 -0.03  -2.477 -0.011  2.311  0.844]
[Deoxys INFO] 2025-08-26 17:11:57,541 - Current Robot joint: [ 0.099 -0.199 -0.027 -2.474 -0.012  2.308  0.844]
[Deoxys INFO] 2025-08-26 17:11:57,541 - Desired Robot joint: [ 0.098 -0.198 -0.026 -2.474 -0.012  2.308  0.844]
[Deoxys INFO] 2025-08-26 17:11:57,591 - Current Robot joint: [ 0.097 -0.197 -0.025 -2.472 -0.012  2.307  0.844]
[Deoxys INFO] 2025-08-26 17:11:57,591 - Desired Robot joint: [ 0.097 -0.196 -0.025 -2.472 -0.012  2.308  0.845]
[Deoxys INFO] 2025-08-26 17:12:20,741 - Current Robot joint: [-1.521  1.532  1.468 -1.807  0.015  1.885  0.676]
[Deoxys INFO] 2025-08-26 17:12:20,742 - Desired Robot joint: [-1.521  1.533  1.466 -1.807  0.014  1.884  0.676]
[Deoxys INFO] 2025-08-26 17:12:20,742 - Current Robot joint: [-1.521  1.532  1.468 -1.807  0.015  1.885  0.676]
[Deoxys INFO] 2025-08-26 17:12:20,742 - Desired Robot joint: [-1.521  1.533  1.466 -1.807  0.014  1.884  0.676]
[Deoxys INFO] 2025-08-26 17:12:20,793 - Current Robot joint: [-1.521  1.532  1.468 -1.807  0.015  1.885  0.676]
[Deoxys INFO] 2025-08-26 17:12:20,793 - Desired Robot joint: [-1.521  1.533  1.466 -1.807  0.014  1.884  0.676]
[Deoxys INFO] 2025-08-26 17:12:20,843 - Current Robot joint: [-1.521  1.532  1.468 -1.807  0.014  1.885  0.677]
[Deoxys INFO] 2025-08-26 17:12:20,843 - Desired Robot joint: [-1.521  1.532  1.466 -1.807  0.014  1.885  0.677]
[Deoxys INFO] 2025-08-26 17:12:20,893 - Current Robot joint: [-1.52   1.532  1.467 -1.809  0.014  1.888  0.68 ]
[Deoxys INFO] 2025-08-26 17:12:20,893 - Desired Robot joint: [-1.52   1.532  1.465 -1.809  0.013  1.888  0.68 ]
[Deoxys INFO] 2025-08-26 17:12:20,943 - Current Robot joint: [-1.519  1.531  1.465 -1.813  0.014  1.893  0.682]
[Deoxys INFO] 2025-08-26 17:12:20,943 - Desired Robot joint: [-1.519  1.531  1.464 -1.813  0.013  1.893  0.683]
[Deoxys INFO] 2025-08-26 17:12:20,993 - Current Robot joint: [-1.517  1.529  1.463 -1.818  0.013  1.898  0.685]
[Deoxys INFO] 2025-08-26 17:12:20,993 - Desired Robot joint: [-1.517  1.529  1.461 -1.819  0.013  1.899  0.685]
[Deoxys INFO] 2025-08-26 17:12:21,043 - Current Robot joint: [-1.513  1.526  1.458 -1.827  0.013  1.905  0.687]
[Deoxys INFO] 2025-08-26 17:12:21,043 - Desired Robot joint: [-1.513  1.526  1.456 -1.828  0.012  1.906  0.688]
[Deoxys INFO] 2025-08-26 17:12:21,093 - Current Robot joint: [-1.507  1.522  1.452 -1.838  0.013  1.913  0.69 ]
[Deoxys INFO] 2025-08-26 17:12:21,094 - Desired Robot joint: [-1.507  1.521  1.45  -1.838  0.012  1.913  0.69 ]
[Deoxys INFO] 2025-08-26 17:12:21,143 - Current Robot joint: [-1.5    1.515  1.443 -1.85   0.012  1.92   0.693]
[Deoxys INFO] 2025-08-26 17:12:21,144 - Desired Robot joint: [-1.499  1.515  1.441 -1.85   0.012  1.92   0.693]
[Deoxys INFO] 2025-08-26 17:12:21,194 - Current Robot joint: [-1.49   1.508  1.432 -1.861  0.012  1.927  0.695]
[Deoxys INFO] 2025-08-26 17:12:21,194 - Desired Robot joint: [-1.489  1.507  1.429 -1.862  0.011  1.928  0.696]
[Deoxys INFO] 2025-08-26 17:12:21,244 - Current Robot joint: [-1.477  1.498  1.418 -1.873  0.012  1.934  0.698]
[Deoxys INFO] 2025-08-26 17:12:21,244 - Desired Robot joint: [-1.477  1.497  1.415 -1.874  0.011  1.935  0.699]
[Deoxys INFO] 2025-08-26 17:12:21,294 - Current Robot joint: [-1.463  1.486  1.401 -1.885  0.011  1.941  0.701]
[Deoxys INFO] 2025-08-26 17:12:21,294 - Desired Robot joint: [-1.462  1.485  1.399 -1.886  0.011  1.942  0.701]
[Deoxys INFO] 2025-08-26 17:12:21,344 - Current Robot joint: [-1.445  1.471  1.382 -1.897  0.011  1.949  0.704]
[Deoxys INFO] 2025-08-26 17:12:21,344 - Desired Robot joint: [-1.444  1.471  1.38  -1.897  0.01   1.949  0.704]
[Deoxys INFO] 2025-08-26 17:12:21,394 - Current Robot joint: [-1.425  1.455  1.361 -1.909  0.011  1.956  0.706]
[Deoxys INFO] 2025-08-26 17:12:21,395 - Desired Robot joint: [-1.424  1.454  1.358 -1.909  0.01   1.956  0.707]
[Deoxys INFO] 2025-08-26 17:12:21,444 - Current Robot joint: [-1.403  1.436  1.337 -1.92   0.01   1.963  0.709]
[Deoxys INFO] 2025-08-26 17:12:21,445 - Desired Robot joint: [-1.402  1.435  1.334 -1.921  0.01   1.964  0.71 ]
[Deoxys INFO] 2025-08-26 17:12:21,495 - Current Robot joint: [-1.383  1.418  1.316 -1.93   0.01   1.969  0.711]
[Deoxys INFO] 2025-08-26 17:12:21,495 - Desired Robot joint: [-1.376  1.413  1.308 -1.933  0.009  1.971  0.712]
[Deoxys INFO] 2025-08-26 17:12:21,545 - Current Robot joint: [-1.356  1.395  1.288 -1.942  0.01   1.976  0.714]
[Deoxys INFO] 2025-08-26 17:12:21,545 - Desired Robot joint: [-1.354  1.393  1.285 -1.942  0.009  1.977  0.714]
[Deoxys INFO] 2025-08-26 17:12:21,595 - Current Robot joint: [-1.328  1.37   1.259 -1.953  0.009  1.983  0.717]
[Deoxys INFO] 2025-08-26 17:12:21,595 - Desired Robot joint: [-1.326  1.368  1.256 -1.954  0.009  1.984  0.717]
[Deoxys INFO] 2025-08-26 17:12:21,645 - Current Robot joint: [-1.295  1.34   1.226 -1.965  0.009  1.99   0.719]
[Deoxys INFO] 2025-08-26 17:12:21,645 - Desired Robot joint: [-1.293  1.338  1.223 -1.966  0.008  1.991  0.72 ]
[Deoxys INFO] 2025-08-26 17:12:21,695 - Current Robot joint: [-1.261  1.308  1.194 -1.977  0.009  1.998  0.722]
[Deoxys INFO] 2025-08-26 17:12:21,695 - Desired Robot joint: [-1.259  1.307  1.19  -1.978  0.008  1.998  0.723]
[Deoxys INFO] 2025-08-26 17:12:21,745 - Current Robot joint: [-1.226  1.274  1.16  -1.989  0.008  2.005  0.725]
[Deoxys INFO] 2025-08-26 17:12:21,746 - Desired Robot joint: [-1.223  1.272  1.157 -1.99   0.008  2.005  0.725]
[Deoxys INFO] 2025-08-26 17:12:21,796 - Current Robot joint: [-1.188  1.238  1.126 -2.001  0.008  2.012  0.727]
[Deoxys INFO] 2025-08-26 17:12:21,796 - Desired Robot joint: [-1.186  1.236  1.123 -2.001  0.007  2.013  0.728]
[Deoxys INFO] 2025-08-26 17:12:21,846 - Current Robot joint: [-1.149  1.199  1.092 -2.012  0.007  2.019  0.73 ]
[Deoxys INFO] 2025-08-26 17:12:21,846 - Desired Robot joint: [-1.147  1.197  1.089 -2.013  0.007  2.02   0.731]
[Deoxys INFO] 2025-08-26 17:12:21,896 - Current Robot joint: [-1.109  1.157  1.058 -2.024  0.007  2.026  0.733]
[Deoxys INFO] 2025-08-26 17:12:21,896 - Desired Robot joint: [-1.107  1.155  1.055 -2.025  0.006  2.027  0.733]
[Deoxys INFO] 2025-08-26 17:12:21,946 - Current Robot joint: [-1.069  1.114  1.024 -2.036  0.007  2.034  0.736]
[Deoxys INFO] 2025-08-26 17:12:21,946 - Desired Robot joint: [-1.066  1.112  1.021 -2.037  0.006  2.034  0.736]
[Deoxys INFO] 2025-08-26 17:12:21,996 - Current Robot joint: [-1.028  1.068  0.99  -2.047  0.006  2.041  0.738]
[Deoxys INFO] 2025-08-26 17:12:21,996 - Desired Robot joint: [-1.026  1.066  0.987 -2.048  0.006  2.041  0.739]
[Deoxys INFO] 2025-08-26 17:12:22,046 - Current Robot joint: [-0.987  1.021  0.955 -2.059  0.006  2.048  0.741]
[Deoxys INFO] 2025-08-26 17:12:22,047 - Desired Robot joint: [-0.985  1.019  0.953 -2.06   0.005  2.049  0.742]
[Deoxys INFO] 2025-08-26 17:12:22,097 - Current Robot joint: [-0.954  0.981  0.928 -2.069  0.006  2.054  0.743]
[Deoxys INFO] 2025-08-26 17:12:22,097 - Desired Robot joint: [-0.944  0.969  0.919 -2.072  0.005  2.056  0.744]
[Deoxys INFO] 2025-08-26 17:12:22,147 - Current Robot joint: [-0.913  0.931  0.894 -2.08   0.005  2.061  0.746]
[Deoxys INFO] 2025-08-26 17:12:22,147 - Desired Robot joint: [-0.911  0.928  0.891 -2.082  0.005  2.061  0.746]
[Deoxys INFO] 2025-08-26 17:12:22,197 - Current Robot joint: [-0.872  0.879  0.86  -2.092  0.005  2.068  0.749]
[Deoxys INFO] 2025-08-26 17:12:22,197 - Desired Robot joint: [-0.87   0.877  0.857 -2.093  0.004  2.069  0.749]
[Deoxys INFO] 2025-08-26 17:12:22,247 - Current Robot joint: [-0.831  0.826  0.826 -2.104  0.005  2.075  0.751]
[Deoxys INFO] 2025-08-26 17:12:22,247 - Desired Robot joint: [-0.829  0.824  0.823 -2.105  0.004  2.076  0.752]
[Deoxys INFO] 2025-08-26 17:12:22,297 - Current Robot joint: [-0.79   0.772  0.792 -2.116  0.004  2.082  0.754]
[Deoxys INFO] 2025-08-26 17:12:22,298 - Desired Robot joint: [-0.788  0.77   0.789 -2.117  0.004  2.083  0.755]
[Deoxys INFO] 2025-08-26 17:12:22,347 - Current Robot joint: [-0.75   0.718  0.758 -2.127  0.004  2.09   0.757]
[Deoxys INFO] 2025-08-26 17:12:22,348 - Desired Robot joint: [-0.747  0.715  0.755 -2.129  0.003  2.09   0.757]
[Deoxys INFO] 2025-08-26 17:12:22,398 - Current Robot joint: [-0.709  0.663  0.723 -2.139  0.003  2.097  0.759]
[Deoxys INFO] 2025-08-26 17:12:22,398 - Desired Robot joint: [-0.706  0.661  0.721 -2.14   0.003  2.097  0.76 ]
[Deoxys INFO] 2025-08-26 17:12:22,448 - Current Robot joint: [-0.667  0.607  0.689 -2.151  0.003  2.104  0.762]
[Deoxys INFO] 2025-08-26 17:12:22,448 - Desired Robot joint: [-0.665  0.605  0.686 -2.152  0.003  2.105  0.763]
[Deoxys INFO] 2025-08-26 17:12:22,498 - Current Robot joint: [-0.626  0.553  0.655 -2.163  0.003  2.111  0.765]
[Deoxys INFO] 2025-08-26 17:12:22,498 - Desired Robot joint: [-6.240e-01  5.510e-01  6.520e-01 -2.164e+00  2.000e-03  2.112e+00
  7.650e-01]
[Deoxys INFO] 2025-08-26 17:12:22,548 - Current Robot joint: [-5.850e-01  4.990e-01  6.210e-01 -2.175e+00  2.000e-03  2.119e+00
  7.680e-01]
[Deoxys INFO] 2025-08-26 17:12:22,548 - Desired Robot joint: [-5.830e-01  4.970e-01  6.180e-01 -2.176e+00  2.000e-03  2.119e+00
  7.680e-01]
[Deoxys INFO] 2025-08-26 17:12:22,598 - Current Robot joint: [-5.440e-01  4.460e-01  5.860e-01 -2.186e+00  2.000e-03  2.126e+00
  7.700e-01]
[Deoxys INFO] 2025-08-26 17:12:22,599 - Desired Robot joint: [-5.420e-01  4.440e-01  5.840e-01 -2.188e+00  2.000e-03  2.126e+00
  7.710e-01]
[Deoxys INFO] 2025-08-26 17:12:22,648 - Current Robot joint: [-5.110e-01  4.050e-01  5.590e-01 -2.196e+00  2.000e-03  2.132e+00
  7.730e-01]
[Deoxys INFO] 2025-08-26 17:12:22,649 - Desired Robot joint: [-5.090e-01  4.030e-01  5.570e-01 -2.197e+00  1.000e-03  2.132e+00
  7.730e-01]
[Deoxys INFO] 2025-08-26 17:12:22,699 - Current Robot joint: [-4.700e-01  3.540e-01  5.250e-01 -2.208e+00  1.000e-03  2.139e+00
  7.750e-01]
[Deoxys INFO] 2025-08-26 17:12:22,699 - Desired Robot joint: [-4.680e-01  3.520e-01  5.230e-01 -2.209e+00  1.000e-03  2.139e+00
  7.760e-01]
[Deoxys INFO] 2025-08-26 17:12:22,749 - Current Robot joint: [-4.290e-01  3.040e-01  4.900e-01 -2.220e+00  1.000e-03  2.146e+00
  7.780e-01]
[Deoxys INFO] 2025-08-26 17:12:22,749 - Desired Robot joint: [-4.270e-01  3.030e-01  4.880e-01 -2.221e+00  1.000e-03  2.147e+00
  7.790e-01]
[Deoxys INFO] 2025-08-26 17:12:22,799 - Current Robot joint: [-3.880e-01  2.570e-01  4.560e-01 -2.231e+00  1.000e-03  2.153e+00
  7.810e-01]
[Deoxys INFO] 2025-08-26 17:12:22,799 - Desired Robot joint: [-0.386  0.256  0.454 -2.233  0.     2.154  0.781]
[Deoxys INFO] 2025-08-26 17:12:22,849 - Current Robot joint: [-0.347  0.212  0.422 -2.243  0.     2.161  0.783]
[Deoxys INFO] 2025-08-26 17:12:22,850 - Desired Robot joint: [-0.345  0.211  0.42  -2.245 -0.     2.161  0.784]
[Deoxys INFO] 2025-08-26 17:12:22,899 - Current Robot joint: [-0.307  0.169  0.388 -2.255 -0.     2.168  0.786]
[Deoxys INFO] 2025-08-26 17:12:22,900 - Desired Robot joint: [-0.304  0.168  0.386 -2.257 -0.     2.168  0.787]
[Deoxys INFO] 2025-08-26 17:12:22,949 - Current Robot joint: [-0.267  0.128  0.354 -2.267 -0.     2.175  0.789]
[Deoxys INFO] 2025-08-26 17:12:22,950 - Desired Robot joint: [-2.650e-01  1.270e-01  3.520e-01 -2.268e+00 -1.000e-03  2.175e+00
  7.890e-01]
[Deoxys INFO] 2025-08-26 17:12:23,000 - Current Robot joint: [-2.290e-01  9.000e-02  3.200e-01 -2.278e+00 -1.000e-03  2.182e+00
  7.920e-01]
[Deoxys INFO] 2025-08-26 17:12:23,000 - Desired Robot joint: [-2.260e-01  8.900e-02  3.180e-01 -2.280e+00 -1.000e-03  2.183e+00
  7.920e-01]
[Deoxys INFO] 2025-08-26 17:12:23,050 - Current Robot joint: [-1.910e-01  5.400e-02  2.860e-01 -2.290e+00 -1.000e-03  2.189e+00
  7.940e-01]
[Deoxys INFO] 2025-08-26 17:12:23,050 - Desired Robot joint: [-1.890e-01  5.300e-02  2.840e-01 -2.292e+00 -2.000e-03  2.190e+00
  7.950e-01]
[Deoxys INFO] 2025-08-26 17:12:23,100 - Current Robot joint: [-1.560e-01  2.000e-02  2.520e-01 -2.302e+00 -1.000e-03  2.197e+00
  7.970e-01]
[Deoxys INFO] 2025-08-26 17:12:23,100 - Desired Robot joint: [-1.540e-01  2.000e-02  2.500e-01 -2.304e+00 -2.000e-03  2.197e+00
  7.980e-01]
[Deoxys INFO] 2025-08-26 17:12:23,150 - Current Robot joint: [-1.230e-01 -1.000e-02  2.200e-01 -2.314e+00 -2.000e-03  2.204e+00
  8.000e-01]
[Deoxys INFO] 2025-08-26 17:12:23,150 - Desired Robot joint: [-1.210e-01 -1.100e-02  2.180e-01 -2.315e+00 -2.000e-03  2.204e+00
  8.000e-01]
[Deoxys INFO] 2025-08-26 17:12:23,200 - Current Robot joint: [-9.800e-02 -3.400e-02  1.940e-01 -2.323e+00 -2.000e-03  2.210e+00
  8.020e-01]
[Deoxys INFO] 2025-08-26 17:12:23,201 - Desired Robot joint: [-0.09  -0.039  0.187 -2.327 -0.003  2.211  0.803]
[Deoxys INFO] 2025-08-26 17:12:23,250 - Current Robot joint: [-0.068 -0.06   0.165 -2.335 -0.003  2.217  0.805]
[Deoxys INFO] 2025-08-26 17:12:23,251 - Desired Robot joint: [-0.066 -0.06   0.163 -2.337 -0.003  2.217  0.805]
[Deoxys INFO] 2025-08-26 17:12:23,301 - Current Robot joint: [-0.041 -0.083  0.137 -2.347 -0.003  2.224  0.807]
[Deoxys INFO] 2025-08-26 17:12:23,301 - Desired Robot joint: [-0.04  -0.083  0.135 -2.349 -0.003  2.224  0.808]
[Deoxys INFO] 2025-08-26 17:12:23,351 - Current Robot joint: [-0.017 -0.104  0.111 -2.358 -0.003  2.231  0.81 ]
[Deoxys INFO] 2025-08-26 17:12:23,351 - Desired Robot joint: [-0.015 -0.104  0.109 -2.36  -0.004  2.231  0.811]
[Deoxys INFO] 2025-08-26 17:12:23,401 - Current Robot joint: [ 0.005 -0.123  0.087 -2.37  -0.004  2.238  0.813]
[Deoxys INFO] 2025-08-26 17:12:23,401 - Desired Robot joint: [ 0.006 -0.123  0.086 -2.372 -0.004  2.239  0.813]
[Deoxys INFO] 2025-08-26 17:12:23,451 - Current Robot joint: [ 0.024 -0.139  0.067 -2.382 -0.004  2.246  0.816]
[Deoxys INFO] 2025-08-26 17:12:23,451 - Desired Robot joint: [ 0.026 -0.139  0.065 -2.384 -0.004  2.246  0.816]
[Deoxys INFO] 2025-08-26 17:12:23,501 - Current Robot joint: [ 0.041 -0.153  0.048 -2.394 -0.004  2.253  0.818]
[Deoxys INFO] 2025-08-26 17:12:23,502 - Desired Robot joint: [ 0.042 -0.153  0.047 -2.396 -0.005  2.253  0.819]
[Deoxys INFO] 2025-08-26 17:12:23,551 - Current Robot joint: [ 0.055 -0.165  0.032 -2.406 -0.005  2.26   0.821]
[Deoxys INFO] 2025-08-26 17:12:23,552 - Desired Robot joint: [ 0.056 -0.164  0.031 -2.408 -0.005  2.26   0.821]
[Deoxys INFO] 2025-08-26 17:12:23,602 - Current Robot joint: [ 0.067 -0.174  0.019 -2.418 -0.005  2.267  0.824]
[Deoxys INFO] 2025-08-26 17:12:23,602 - Desired Robot joint: [ 0.068 -0.173  0.018 -2.419 -0.005  2.268  0.824]
[Deoxys INFO] 2025-08-26 17:12:23,652 - Current Robot joint: [ 0.076 -0.181  0.008 -2.429 -0.005  2.274  0.826]
[Deoxys INFO] 2025-08-26 17:12:23,652 - Desired Robot joint: [ 0.077 -0.181  0.008 -2.431 -0.006  2.275  0.827]
[Deoxys INFO] 2025-08-26 17:12:23,702 - Current Robot joint: [ 0.084 -0.187  0.    -2.441 -0.006  2.282  0.829]
[Deoxys INFO] 2025-08-26 17:12:23,702 - Desired Robot joint: [ 0.084 -0.186 -0.    -2.443 -0.006  2.282  0.83 ]
[Deoxys INFO] 2025-08-26 17:12:23,752 - Current Robot joint: [ 0.088 -0.19  -0.005 -2.449 -0.006  2.288  0.831]
[Deoxys INFO] 2025-08-26 17:12:23,752 - Desired Robot joint: [ 0.089 -0.19  -0.007 -2.453 -0.006  2.289  0.832]
[Deoxys INFO] 2025-08-26 17:12:23,802 - Current Robot joint: [ 0.092 -0.194 -0.01  -2.458 -0.006  2.295  0.834]
[Deoxys INFO] 2025-08-26 17:12:23,803 - Desired Robot joint: [ 0.092 -0.193 -0.01  -2.46  -0.007  2.295  0.834]
[Deoxys INFO] 2025-08-26 17:12:23,852 - Current Robot joint: [ 0.095 -0.195 -0.012 -2.464 -0.007  2.301  0.837]
[Deoxys INFO] 2025-08-26 17:12:23,853 - Desired Robot joint: [ 0.095 -0.194 -0.013 -2.466 -0.007  2.301  0.837]
[Deoxys INFO] 2025-08-26 17:12:23,903 - Current Robot joint: [ 0.096 -0.196 -0.014 -2.468 -0.007  2.306  0.839]
[Deoxys INFO] 2025-08-26 17:12:23,903 - Desired Robot joint: [ 0.096 -0.195 -0.014 -2.469 -0.007  2.306  0.84 ]
[Deoxys INFO] 2025-08-26 17:12:23,953 - Current Robot joint: [ 0.096 -0.197 -0.015 -2.469 -0.007  2.308  0.842]
[Deoxys INFO] 2025-08-26 17:12:23,953 - Desired Robot joint: [ 0.097 -0.196 -0.015 -2.471 -0.008  2.308  0.842]
[Deoxys INFO] 2025-08-26 17:12:24,003 - Current Robot joint: [ 0.097 -0.197 -0.015 -2.47  -0.008  2.309  0.843]
[Deoxys INFO] 2025-08-26 17:12:24,004 - Desired Robot joint: [ 0.097 -0.196 -0.015 -2.471 -0.008  2.308  0.843]
[Deoxys INFO] 2025-08-26 17:12:24,053 - Current Robot joint: [ 0.097 -0.197 -0.015 -2.47  -0.008  2.309  0.843]
[Deoxys INFO] 2025-08-26 17:12:24,053 - Desired Robot joint: [ 0.097 -0.196 -0.015 -2.471 -0.008  2.308  0.843]
[Deoxys INFO] 2025-08-26 17:12:24,103 - Current Robot joint: [ 0.097 -0.197 -0.015 -2.47  -0.008  2.309  0.843]
[Deoxys INFO] 2025-08-26 17:12:24,104 - Desired Robot joint: [ 0.097 -0.196 -0.015 -2.471 -0.008  2.308  0.843]
[Deoxys INFO] 2025-08-26 17:12:24,153 - Current Robot joint: [ 0.097 -0.197 -0.015 -2.47  -0.008  2.309  0.843]
[Deoxys INFO] 2025-08-26 17:12:24,154 - Desired Robot joint: [ 0.097 -0.196 -0.015 -2.471 -0.008  2.308  0.843]
[Deoxys INFO] 2025-08-26 17:12:24,204 - Current Robot joint: [ 0.097 -0.197 -0.015 -2.47  -0.008  2.309  0.843]
[Deoxys INFO] 2025-08-26 17:12:24,204 - Desired Robot joint: [ 0.097 -0.196 -0.015 -2.471 -0.008  2.308  0.843]
[Deoxys INFO] 2025-08-26 17:12:24,254 - Current Robot joint: [ 0.097 -0.197 -0.015 -2.47  -0.008  2.309  0.843]
[Deoxys INFO] 2025-08-26 17:12:24,254 - Desired Robot joint: [ 0.097 -0.196 -0.015 -2.471 -0.008  2.308  0.843]
[Deoxys INFO] 2025-08-26 17:12:24,304 - Current Robot joint: [ 0.097 -0.197 -0.015 -2.47  -0.008  2.309  0.843]
[Deoxys INFO] 2025-08-26 17:12:24,305 - Desired Robot joint: [ 0.097 -0.196 -0.015 -2.471 -0.008  2.308  0.843]
[Deoxys INFO] 2025-08-26 17:12:24,354 - Current Robot joint: [ 0.097 -0.197 -0.015 -2.47  -0.008  2.309  0.843]
[Deoxys INFO] 2025-08-26 17:12:24,355 - Desired Robot joint: [ 0.097 -0.196 -0.015 -2.471 -0.008  2.308  0.843]
[Deoxys INFO] 2025-08-26 17:12:24,404 - Current Robot joint: [ 0.097 -0.197 -0.015 -2.47  -0.008  2.309  0.843]
[Deoxys INFO] 2025-08-26 17:12:24,405 - Desired Robot joint: [ 0.097 -0.196 -0.015 -2.471 -0.008  2.308  0.843]
[Deoxys INFO] 2025-08-26 17:12:24,455 - Current Robot joint: [ 0.097 -0.197 -0.015 -2.47  -0.008  2.309  0.843]
[Deoxys INFO] 2025-08-26 17:12:24,455 - Desired Robot joint: [ 0.097 -0.196 -0.015 -2.471 -0.008  2.308  0.843]
[Deoxys INFO] 2025-08-26 17:12:24,505 - Current Robot joint: [ 0.097 -0.197 -0.015 -2.47  -0.008  2.309  0.843]
[Deoxys INFO] 2025-08-26 17:12:24,505 - Desired Robot joint: [ 0.097 -0.196 -0.015 -2.471 -0.008  2.308  0.843]
[Deoxys INFO] 2025-08-26 17:12:24,555 - Current Robot joint: [ 0.097 -0.197 -0.015 -2.47  -0.008  2.309  0.843]
[Deoxys INFO] 2025-08-26 17:12:24,555 - Desired Robot joint: [ 0.097 -0.196 -0.015 -2.471 -0.008  2.308  0.843]
[Deoxys INFO] 2025-08-26 17:12:24,605 - Current Robot joint: [ 0.097 -0.197 -0.015 -2.47  -0.008  2.309  0.843]
[Deoxys INFO] 2025-08-26 17:12:24,605 - Desired Robot joint: [ 0.097 -0.196 -0.015 -2.471 -0.008  2.308  0.843]
[Deoxys INFO] 2025-08-26 17:12:24,655 - Current Robot joint: [ 0.097 -0.197 -0.015 -2.47  -0.008  2.309  0.843]
[Deoxys INFO] 2025-08-26 17:12:24,655 - Desired Robot joint: [ 0.097 -0.196 -0.015 -2.471 -0.008  2.308  0.843]
[Deoxys INFO] 2025-08-26 17:12:24,705 - Current Robot joint: [ 0.097 -0.197 -0.015 -2.47  -0.008  2.309  0.843]
[Deoxys INFO] 2025-08-26 17:12:24,705 - Desired Robot joint: [ 0.097 -0.196 -0.015 -2.471 -0.008  2.308  0.843]
[Deoxys INFO] 2025-08-26 17:12:24,755 - Current Robot joint: [ 0.097 -0.197 -0.015 -2.47  -0.008  2.309  0.843]
[Deoxys INFO] 2025-08-26 17:12:24,756 - Desired Robot joint: [ 0.097 -0.196 -0.015 -2.471 -0.008  2.308  0.843]
[Deoxys INFO] 2025-08-26 17:12:24,806 - Current Robot joint: [ 0.097 -0.197 -0.015 -2.47  -0.008  2.309  0.843]
[Deoxys INFO] 2025-08-26 17:12:24,806 - Desired Robot joint: [ 0.097 -0.196 -0.015 -2.471 -0.008  2.308  0.843]
[Deoxys INFO] 2025-08-26 17:12:24,856 - Current Robot joint: [ 0.097 -0.197 -0.015 -2.47  -0.008  2.309  0.843]
[Deoxys INFO] 2025-08-26 17:12:24,856 - Desired Robot joint: [ 0.097 -0.196 -0.015 -2.471 -0.008  2.308  0.843]
[Deoxys INFO] 2025-08-26 17:12:24,906 - Current Robot joint: [ 0.097 -0.197 -0.015 -2.47  -0.008  2.309  0.843]
[Deoxys INFO] 2025-08-26 17:12:24,906 - Desired Robot joint: [ 0.097 -0.196 -0.015 -2.471 -0.008  2.308  0.843]
[Deoxys INFO] 2025-08-26 17:12:24,956 - Current Robot joint: [ 0.097 -0.197 -0.015 -2.47  -0.008  2.309  0.843]
[Deoxys INFO] 2025-08-26 17:12:24,956 - Desired Robot joint: [ 0.097 -0.196 -0.015 -2.471 -0.008  2.308  0.843]
[Deoxys INFO] 2025-08-26 17:12:25,006 - Current Robot joint: [ 0.097 -0.197 -0.015 -2.47  -0.008  2.309  0.843]
[Deoxys INFO] 2025-08-26 17:12:25,007 - Desired Robot joint: [ 0.097 -0.196 -0.015 -2.471 -0.008  2.308  0.843]
[Deoxys INFO] 2025-08-26 17:12:25,056 - Current Robot joint: [ 0.097 -0.197 -0.015 -2.47  -0.008  2.309  0.843]
[Deoxys INFO] 2025-08-26 17:12:25,057 - Desired Robot joint: [ 0.097 -0.196 -0.015 -2.471 -0.008  2.308  0.843]
[Deoxys INFO] 2025-08-26 17:12:25,107 - Current Robot joint: [ 0.097 -0.197 -0.015 -2.47  -0.008  2.309  0.843]
[Deoxys INFO] 2025-08-26 17:12:25,107 - Desired Robot joint: [ 0.097 -0.196 -0.015 -2.471 -0.008  2.308  0.843]
[Deoxys INFO] 2025-08-26 17:12:25,157 - Current Robot joint: [ 0.097 -0.197 -0.015 -2.47  -0.008  2.309  0.843]
[Deoxys INFO] 2025-08-26 17:12:25,157 - Desired Robot joint: [ 0.097 -0.196 -0.015 -2.471 -0.008  2.308  0.843]
[Deoxys INFO] 2025-08-26 17:12:25,207 - Current Robot joint: [ 0.097 -0.197 -0.015 -2.47  -0.008  2.309  0.843]
[Deoxys INFO] 2025-08-26 17:12:25,207 - Desired Robot joint: [ 0.097 -0.196 -0.015 -2.471 -0.008  2.308  0.843]
[Deoxys INFO] 2025-08-26 17:12:25,257 - Current Robot joint: [ 0.097 -0.197 -0.015 -2.47  -0.008  2.309  0.843]
[Deoxys INFO] 2025-08-26 17:12:25,257 - Desired Robot joint: [ 0.097 -0.196 -0.015 -2.471 -0.008  2.308  0.843]
[Deoxys INFO] 2025-08-26 17:12:25,307 - Current Robot joint: [ 0.097 -0.197 -0.015 -2.47  -0.008  2.309  0.843]
[Deoxys INFO] 2025-08-26 17:12:25,308 - Desired Robot joint: [ 0.097 -0.196 -0.015 -2.471 -0.008  2.308  0.843]
[Deoxys INFO] 2025-08-26 17:12:25,358 - Current Robot joint: [ 0.097 -0.197 -0.015 -2.47  -0.008  2.309  0.843]
[Deoxys INFO] 2025-08-26 17:12:25,358 - Desired Robot joint: [ 0.097 -0.196 -0.015 -2.471 -0.008  2.308  0.843]
[Deoxys INFO] 2025-08-26 17:12:25,408 - Current Robot joint: [ 0.097 -0.197 -0.015 -2.47  -0.008  2.309  0.843]
[Deoxys INFO] 2025-08-26 17:12:25,408 - Desired Robot joint: [ 0.097 -0.196 -0.015 -2.471 -0.008  2.308  0.843]
[Deoxys INFO] 2025-08-26 17:12:25,458 - Current Robot joint: [ 0.097 -0.197 -0.015 -2.47  -0.008  2.309  0.843]
[Deoxys INFO] 2025-08-26 17:12:25,458 - Desired Robot joint: [ 0.097 -0.196 -0.015 -2.471 -0.008  2.308  0.843]
[Deoxys INFO] 2025-08-26 17:12:25,508 - Current Robot joint: [ 0.097 -0.197 -0.015 -2.47  -0.008  2.309  0.843]
[Deoxys INFO] 2025-08-26 17:12:25,508 - Desired Robot joint: [ 0.097 -0.196 -0.015 -2.471 -0.008  2.308  0.843]
[Deoxys INFO] 2025-08-26 17:12:25,558 - Current Robot joint: [ 0.097 -0.197 -0.015 -2.47  -0.008  2.309  0.843]
[Deoxys INFO] 2025-08-26 17:12:25,558 - Desired Robot joint: [ 0.097 -0.196 -0.015 -2.471 -0.008  2.308  0.843]
[Deoxys INFO] 2025-08-26 17:12:25,608 - Current Robot joint: [ 0.097 -0.197 -0.015 -2.47  -0.008  2.309  0.843]
[Deoxys INFO] 2025-08-26 17:12:25,609 - Desired Robot joint: [ 0.097 -0.196 -0.015 -2.471 -0.008  2.308  0.843]
[Deoxys INFO] 2025-08-26 17:12:25,659 - Current Robot joint: [ 0.097 -0.197 -0.015 -2.47  -0.008  2.309  0.843]
[Deoxys INFO] 2025-08-26 17:12:25,659 - Desired Robot joint: [ 0.097 -0.196 -0.015 -2.471 -0.008  2.308  0.843]
[Deoxys INFO] 2025-08-26 17:12:25,709 - Current Robot joint: [ 0.097 -0.197 -0.015 -2.47  -0.008  2.309  0.843]
[Deoxys INFO] 2025-08-26 17:12:25,709 - Desired Robot joint: [ 0.097 -0.196 -0.015 -2.471 -0.008  2.308  0.843]
[Deoxys INFO] 2025-08-26 17:12:25,759 - Current Robot joint: [ 0.097 -0.197 -0.015 -2.47  -0.008  2.309  0.843]
[Deoxys INFO] 2025-08-26 17:12:25,759 - Desired Robot joint: [ 0.097 -0.196 -0.015 -2.471 -0.008  2.308  0.843]
[Deoxys INFO] 2025-08-26 17:12:25,809 - Current Robot joint: [ 0.097 -0.197 -0.015 -2.47  -0.008  2.309  0.843]
[Deoxys INFO] 2025-08-26 17:12:25,809 - Desired Robot joint: [ 0.097 -0.196 -0.015 -2.471 -0.008  2.308  0.843]
[Deoxys INFO] 2025-08-26 17:12:25,859 - Current Robot joint: [ 0.097 -0.197 -0.015 -2.47  -0.008  2.309  0.843]
[Deoxys INFO] 2025-08-26 17:12:25,859 - Desired Robot joint: [ 0.097 -0.196 -0.015 -2.471 -0.008  2.308  0.843]
[Deoxys INFO] 2025-08-26 17:12:25,909 - Current Robot joint: [ 0.097 -0.197 -0.015 -2.47  -0.008  2.309  0.843]
[Deoxys INFO] 2025-08-26 17:12:25,910 - Desired Robot joint: [ 0.097 -0.196 -0.015 -2.471 -0.008  2.308  0.843]
[Deoxys INFO] 2025-08-26 17:12:25,959 - Current Robot joint: [ 0.097 -0.197 -0.015 -2.47  -0.008  2.309  0.843]
[Deoxys INFO] 2025-08-26 17:12:25,960 - Desired Robot joint: [ 0.097 -0.196 -0.015 -2.471 -0.008  2.308  0.843]
[Deoxys INFO] 2025-08-26 17:12:26,010 - Current Robot joint: [ 0.097 -0.197 -0.015 -2.47  -0.008  2.309  0.843]
[Deoxys INFO] 2025-08-26 17:12:26,010 - Desired Robot joint: [ 0.097 -0.196 -0.015 -2.471 -0.008  2.308  0.843]
[Deoxys INFO] 2025-08-26 17:12:26,060 - Current Robot joint: [ 0.097 -0.197 -0.015 -2.47  -0.008  2.309  0.843]
[Deoxys INFO] 2025-08-26 17:12:26,060 - Desired Robot joint: [ 0.097 -0.196 -0.015 -2.471 -0.008  2.308  0.843]
[Deoxys INFO] 2025-08-26 17:12:26,110 - Current Robot joint: [ 0.097 -0.197 -0.015 -2.47  -0.008  2.309  0.843]
[Deoxys INFO] 2025-08-26 17:12:26,110 - Desired Robot joint: [ 0.097 -0.196 -0.015 -2.471 -0.008  2.308  0.843]
[Deoxys INFO] 2025-08-26 17:12:26,160 - Current Robot joint: [ 0.097 -0.197 -0.015 -2.47  -0.008  2.309  0.843]
[Deoxys INFO] 2025-08-26 17:12:26,161 - Desired Robot joint: [ 0.097 -0.196 -0.015 -2.471 -0.008  2.308  0.843]
[Deoxys INFO] 2025-08-26 17:12:26,210 - Current Robot joint: [ 0.097 -0.197 -0.015 -2.47  -0.008  2.309  0.843]
[Deoxys INFO] 2025-08-26 17:12:26,210 - Desired Robot joint: [ 0.097 -0.196 -0.015 -2.471 -0.008  2.308  0.843]
[Deoxys INFO] 2025-08-26 17:12:26,261 - Current Robot joint: [ 0.097 -0.197 -0.015 -2.47  -0.008  2.309  0.843]
[Deoxys INFO] 2025-08-26 17:12:26,261 - Desired Robot joint: [ 0.097 -0.196 -0.015 -2.471 -0.008  2.308  0.843]
[Deoxys INFO] 2025-08-26 17:12:26,311 - Current Robot joint: [ 0.097 -0.197 -0.015 -2.47  -0.008  2.309  0.843]
[Deoxys INFO] 2025-08-26 17:12:26,311 - Desired Robot joint: [ 0.097 -0.196 -0.015 -2.471 -0.008  2.308  0.843]
[Deoxys INFO] 2025-08-26 17:12:26,361 - Current Robot joint: [ 0.097 -0.197 -0.015 -2.47  -0.008  2.309  0.843]
[Deoxys INFO] 2025-08-26 17:12:26,361 - Desired Robot joint: [ 0.097 -0.196 -0.015 -2.471 -0.008  2.308  0.843]
[Deoxys INFO] 2025-08-26 17:12:26,411 - Current Robot joint: [ 0.097 -0.197 -0.015 -2.47  -0.008  2.309  0.843]
[Deoxys INFO] 2025-08-26 17:12:26,411 - Desired Robot joint: [ 0.097 -0.196 -0.015 -2.471 -0.008  2.308  0.843]
[Deoxys INFO] 2025-08-26 17:12:26,461 - Current Robot joint: [ 0.097 -0.197 -0.015 -2.47  -0.008  2.309  0.843]
[Deoxys INFO] 2025-08-26 17:12:26,461 - Desired Robot joint: [ 0.097 -0.196 -0.015 -2.471 -0.008  2.308  0.843]
[Deoxys INFO] 2025-08-26 17:12:26,511 - Current Robot joint: [ 0.097 -0.197 -0.015 -2.47  -0.008  2.309  0.843]
[Deoxys INFO] 2025-08-26 17:12:26,511 - Desired Robot joint: [ 0.097 -0.196 -0.015 -2.471 -0.008  2.308  0.843]
[Deoxys INFO] 2025-08-26 17:12:26,561 - Current Robot joint: [ 0.097 -0.197 -0.015 -2.47  -0.008  2.309  0.843]
[Deoxys INFO] 2025-08-26 17:12:26,562 - Desired Robot joint: [ 0.097 -0.196 -0.015 -2.471 -0.008  2.308  0.843]
[Deoxys INFO] 2025-08-26 17:12:26,611 - Current Robot joint: [ 0.097 -0.197 -0.015 -2.47  -0.008  2.309  0.843]
[Deoxys INFO] 2025-08-26 17:12:26,612 - Desired Robot joint: [ 0.097 -0.196 -0.015 -2.471 -0.008  2.308  0.843]
[Deoxys INFO] 2025-08-26 17:12:26,661 - Current Robot joint: [ 0.097 -0.197 -0.015 -2.47  -0.008  2.309  0.843]
[Deoxys INFO] 2025-08-26 17:12:26,662 - Desired Robot joint: [ 0.097 -0.196 -0.015 -2.471 -0.008  2.308  0.843]
[Deoxys INFO] 2025-08-26 17:12:26,712 - Current Robot joint: [ 0.097 -0.197 -0.015 -2.47  -0.008  2.309  0.843]
[Deoxys INFO] 2025-08-26 17:12:26,712 - Desired Robot joint: [ 0.097 -0.196 -0.015 -2.471 -0.008  2.308  0.843]
[Deoxys INFO] 2025-08-26 17:12:26,762 - Current Robot joint: [ 0.097 -0.197 -0.015 -2.47  -0.008  2.309  0.843]
[Deoxys INFO] 2025-08-26 17:12:26,762 - Desired Robot joint: [ 0.097 -0.196 -0.015 -2.471 -0.008  2.308  0.843]
[Deoxys INFO] 2025-08-26 17:12:26,812 - Current Robot joint: [ 0.097 -0.197 -0.015 -2.47  -0.008  2.309  0.843]
[Deoxys INFO] 2025-08-26 17:12:26,812 - Desired Robot joint: [ 0.097 -0.196 -0.015 -2.471 -0.008  2.308  0.843]
[Deoxys INFO] 2025-08-26 17:12:26,862 - Current Robot joint: [ 0.097 -0.197 -0.015 -2.47  -0.008  2.309  0.843]
[Deoxys INFO] 2025-08-26 17:12:26,862 - Desired Robot joint: [ 0.097 -0.196 -0.015 -2.471 -0.008  2.308  0.843]
[Deoxys INFO] 2025-08-26 17:12:26,913 - Current Robot joint: [ 0.097 -0.197 -0.015 -2.47  -0.008  2.309  0.843]
[Deoxys INFO] 2025-08-26 17:12:26,914 - Desired Robot joint: [ 0.097 -0.196 -0.015 -2.471 -0.008  2.308  0.843]
[Deoxys INFO] 2025-08-26 17:12:26,963 - Current Robot joint: [ 0.097 -0.197 -0.015 -2.47  -0.008  2.309  0.843]
[Deoxys INFO] 2025-08-26 17:12:26,964 - Desired Robot joint: [ 0.097 -0.196 -0.015 -2.471 -0.008  2.308  0.843]
[Deoxys INFO] 2025-08-26 17:12:27,014 - Current Robot joint: [ 0.097 -0.197 -0.015 -2.47  -0.008  2.309  0.843]
[Deoxys INFO] 2025-08-26 17:12:27,014 - Desired Robot joint: [ 0.097 -0.196 -0.015 -2.471 -0.008  2.308  0.843]
[Deoxys INFO] 2025-08-26 17:12:27,064 - Current Robot joint: [ 0.097 -0.197 -0.015 -2.47  -0.008  2.309  0.843]
[Deoxys INFO] 2025-08-26 17:12:27,064 - Desired Robot joint: [ 0.097 -0.196 -0.015 -2.471 -0.008  2.308  0.843]
[Deoxys INFO] 2025-08-26 17:12:27,114 - Current Robot joint: [ 0.097 -0.197 -0.015 -2.47  -0.008  2.309  0.843]
[Deoxys INFO] 2025-08-26 17:12:27,114 - Desired Robot joint: [ 0.097 -0.196 -0.015 -2.471 -0.008  2.308  0.843]
[Deoxys INFO] 2025-08-26 17:12:27,164 - Current Robot joint: [ 0.097 -0.197 -0.015 -2.47  -0.008  2.309  0.843]
[Deoxys INFO] 2025-08-26 17:12:27,164 - Desired Robot joint: [ 0.097 -0.196 -0.015 -2.471 -0.008  2.308  0.843]
[Deoxys INFO] 2025-08-26 17:12:27,215 - Current Robot joint: [ 0.097 -0.197 -0.015 -2.47  -0.008  2.309  0.843]
[Deoxys INFO] 2025-08-26 17:12:27,215 - Desired Robot joint: [ 0.097 -0.196 -0.015 -2.471 -0.008  2.308  0.843]
[Deoxys INFO] 2025-08-26 17:12:27,264 - Current Robot joint: [ 0.097 -0.197 -0.015 -2.47  -0.008  2.309  0.843]
[Deoxys INFO] 2025-08-26 17:12:27,264 - Desired Robot joint: [ 0.097 -0.196 -0.015 -2.471 -0.008  2.308  0.843]
[Deoxys INFO] 2025-08-26 17:12:27,314 - Current Robot joint: [ 0.097 -0.197 -0.015 -2.47  -0.008  2.309  0.843]
[Deoxys INFO] 2025-08-26 17:12:27,314 - Desired Robot joint: [ 0.097 -0.196 -0.015 -2.471 -0.008  2.308  0.843]
[Deoxys INFO] 2025-08-26 17:12:27,364 - Current Robot joint: [ 0.097 -0.197 -0.015 -2.47  -0.008  2.309  0.843]
[Deoxys INFO] 2025-08-26 17:12:27,365 - Desired Robot joint: [ 0.097 -0.196 -0.015 -2.471 -0.008  2.308  0.843]
[Deoxys INFO] 2025-08-26 17:12:27,414 - Current Robot joint: [ 0.097 -0.197 -0.015 -2.47  -0.008  2.309  0.843]
[Deoxys INFO] 2025-08-26 17:12:27,414 - Desired Robot joint: [ 0.097 -0.196 -0.015 -2.471 -0.008  2.308  0.843]
[Deoxys INFO] 2025-08-26 17:12:27,464 - Current Robot joint: [ 0.097 -0.197 -0.015 -2.47  -0.008  2.309  0.843]
[Deoxys INFO] 2025-08-26 17:12:27,464 - Desired Robot joint: [ 0.097 -0.196 -0.015 -2.471 -0.008  2.308  0.843]
[Deoxys INFO] 2025-08-26 17:12:27,514 - Current Robot joint: [ 0.097 -0.197 -0.015 -2.47  -0.008  2.309  0.843]
[Deoxys INFO] 2025-08-26 17:12:27,515 - Desired Robot joint: [ 0.097 -0.196 -0.015 -2.471 -0.008  2.308  0.843]
[Deoxys INFO] 2025-08-26 17:12:27,564 - Current Robot joint: [ 0.097 -0.197 -0.015 -2.47  -0.008  2.309  0.843]
[Deoxys INFO] 2025-08-26 17:12:27,565 - Desired Robot joint: [ 0.097 -0.196 -0.015 -2.471 -0.008  2.308  0.843]
[Deoxys INFO] 2025-08-26 17:12:27,614 - Current Robot joint: [ 0.097 -0.197 -0.015 -2.47  -0.008  2.309  0.843]
[Deoxys INFO] 2025-08-26 17:12:27,615 - Desired Robot joint: [ 0.097 -0.196 -0.015 -2.471 -0.008  2.308  0.843]
[Deoxys INFO] 2025-08-26 17:12:27,665 - Current Robot joint: [ 0.097 -0.197 -0.015 -2.47  -0.008  2.309  0.843]
[Deoxys INFO] 2025-08-26 17:12:27,665 - Desired Robot joint: [ 0.097 -0.196 -0.015 -2.471 -0.008  2.308  0.843]
[Deoxys INFO] 2025-08-26 17:12:27,715 - Current Robot joint: [ 0.097 -0.197 -0.015 -2.47  -0.008  2.309  0.843]
[Deoxys INFO] 2025-08-26 17:12:27,715 - Desired Robot joint: [ 0.097 -0.196 -0.015 -2.471 -0.008  2.308  0.843]
[Deoxys INFO] 2025-08-26 17:12:27,765 - Current Robot joint: [ 0.097 -0.197 -0.015 -2.47  -0.008  2.309  0.843]
[Deoxys INFO] 2025-08-26 17:12:27,765 - Desired Robot joint: [ 0.097 -0.196 -0.015 -2.471 -0.008  2.308  0.843]
[Deoxys INFO] 2025-08-26 17:12:27,815 - Current Robot joint: [ 0.097 -0.197 -0.015 -2.47  -0.008  2.309  0.843]
[Deoxys INFO] 2025-08-26 17:12:27,815 - Desired Robot joint: [ 0.097 -0.196 -0.015 -2.471 -0.008  2.308  0.843]
[Deoxys INFO] 2025-08-26 17:12:27,865 - Current Robot joint: [ 0.097 -0.197 -0.015 -2.47  -0.008  2.309  0.843]
[Deoxys INFO] 2025-08-26 17:12:27,865 - Desired Robot joint: [ 0.097 -0.196 -0.015 -2.471 -0.008  2.308  0.843]
[Deoxys INFO] 2025-08-26 17:12:27,915 - Current Robot joint: [ 0.097 -0.197 -0.015 -2.47  -0.008  2.309  0.843]
[Deoxys INFO] 2025-08-26 17:12:27,915 - Desired Robot joint: [ 0.097 -0.196 -0.015 -2.471 -0.008  2.308  0.843]
[Deoxys INFO] 2025-08-26 17:12:27,965 - Current Robot joint: [ 0.097 -0.197 -0.015 -2.47  -0.008  2.309  0.843]
[Deoxys INFO] 2025-08-26 17:12:27,966 - Desired Robot joint: [ 0.097 -0.196 -0.015 -2.471 -0.008  2.308  0.843]
[Deoxys INFO] 2025-08-26 17:12:28,015 - Current Robot joint: [ 0.097 -0.197 -0.015 -2.47  -0.008  2.309  0.843]
[Deoxys INFO] 2025-08-26 17:12:28,016 - Desired Robot joint: [ 0.097 -0.196 -0.015 -2.471 -0.008  2.308  0.843]
[Deoxys INFO] 2025-08-26 17:12:28,065 - Current Robot joint: [ 0.097 -0.197 -0.015 -2.47  -0.008  2.309  0.843]
[Deoxys INFO] 2025-08-26 17:12:28,066 - Desired Robot joint: [ 0.097 -0.196 -0.015 -2.471 -0.008  2.308  0.843]
[Deoxys INFO] 2025-08-26 17:12:28,116 - Current Robot joint: [ 0.097 -0.197 -0.015 -2.47  -0.008  2.309  0.843]
[Deoxys INFO] 2025-08-26 17:12:28,116 - Desired Robot joint: [ 0.097 -0.196 -0.015 -2.471 -0.008  2.308  0.843]
[Deoxys INFO] 2025-08-26 17:12:28,166 - Current Robot joint: [ 0.097 -0.197 -0.015 -2.47  -0.008  2.309  0.843]
[Deoxys INFO] 2025-08-26 17:12:28,166 - Desired Robot joint: [ 0.097 -0.196 -0.015 -2.471 -0.008  2.308  0.843]
[Deoxys INFO] 2025-08-26 17:12:28,216 - Current Robot joint: [ 0.097 -0.197 -0.015 -2.47  -0.008  2.309  0.843]
[Deoxys INFO] 2025-08-26 17:12:28,216 - Desired Robot joint: [ 0.097 -0.196 -0.015 -2.471 -0.008  2.308  0.843]
[Deoxys INFO] 2025-08-26 17:12:28,266 - Current Robot joint: [ 0.097 -0.197 -0.015 -2.47  -0.008  2.309  0.843]
[Deoxys INFO] 2025-08-26 17:12:28,266 - Desired Robot joint: [ 0.097 -0.196 -0.015 -2.471 -0.008  2.308  0.843]
[Deoxys INFO] 2025-08-26 17:12:28,316 - Current Robot joint: [ 0.097 -0.197 -0.015 -2.47  -0.008  2.309  0.843]
[Deoxys INFO] 2025-08-26 17:12:28,316 - Desired Robot joint: [ 0.097 -0.196 -0.015 -2.471 -0.008  2.308  0.843]
[Deoxys INFO] 2025-08-26 17:12:28,366 - Current Robot joint: [ 0.097 -0.197 -0.015 -2.47  -0.008  2.309  0.843]
[Deoxys INFO] 2025-08-26 17:12:28,367 - Desired Robot joint: [ 0.097 -0.196 -0.015 -2.471 -0.008  2.308  0.843]
[Deoxys INFO] 2025-08-26 17:12:28,417 - Current Robot joint: [ 0.097 -0.197 -0.015 -2.47  -0.008  2.309  0.843]
[Deoxys INFO] 2025-08-26 17:12:28,417 - Desired Robot joint: [ 0.097 -0.196 -0.015 -2.471 -0.008  2.308  0.843]
[Deoxys INFO] 2025-08-26 17:12:28,467 - Current Robot joint: [ 0.097 -0.197 -0.015 -2.47  -0.008  2.309  0.843]
[Deoxys INFO] 2025-08-26 17:12:28,467 - Desired Robot joint: [ 0.097 -0.196 -0.015 -2.471 -0.008  2.308  0.843]
[Deoxys INFO] 2025-08-26 17:12:28,517 - Current Robot joint: [ 0.097 -0.197 -0.015 -2.47  -0.008  2.309  0.843]
[Deoxys INFO] 2025-08-26 17:12:28,517 - Desired Robot joint: [ 0.097 -0.196 -0.015 -2.471 -0.008  2.308  0.843]
[Deoxys INFO] 2025-08-26 17:12:28,567 - Current Robot joint: [ 0.097 -0.197 -0.015 -2.47  -0.008  2.309  0.843]
[Deoxys INFO] 2025-08-26 17:12:28,567 - Desired Robot joint: [ 0.097 -0.196 -0.015 -2.471 -0.008  2.308  0.843]
[Deoxys INFO] 2025-08-26 17:12:28,617 - Current Robot joint: [ 0.097 -0.197 -0.015 -2.47  -0.008  2.309  0.843]
[Deoxys INFO] 2025-08-26 17:12:28,618 - Desired Robot joint: [ 0.097 -0.196 -0.015 -2.471 -0.008  2.308  0.843]
[Deoxys INFO] 2025-08-26 17:12:28,667 - Current Robot joint: [ 0.097 -0.197 -0.015 -2.47  -0.008  2.309  0.843]
[Deoxys INFO] 2025-08-26 17:12:28,668 - Desired Robot joint: [ 0.097 -0.196 -0.015 -2.471 -0.008  2.308  0.843]
[Deoxys INFO] 2025-08-26 17:12:28,718 - Current Robot joint: [ 0.097 -0.197 -0.015 -2.47  -0.008  2.309  0.843]
[Deoxys INFO] 2025-08-26 17:12:28,718 - Desired Robot joint: [ 0.097 -0.196 -0.015 -2.471 -0.008  2.308  0.843]
[Deoxys INFO] 2025-08-26 17:12:28,768 - Current Robot joint: [ 0.097 -0.197 -0.015 -2.47  -0.008  2.309  0.843]
[Deoxys INFO] 2025-08-26 17:12:28,768 - Desired Robot joint: [ 0.097 -0.196 -0.015 -2.471 -0.008  2.308  0.843]
[Deoxys INFO] 2025-08-26 17:12:28,818 - Current Robot joint: [ 0.097 -0.197 -0.015 -2.47  -0.008  2.309  0.843]
[Deoxys INFO] 2025-08-26 17:12:28,818 - Desired Robot joint: [ 0.097 -0.196 -0.015 -2.471 -0.008  2.308  0.843]
[Deoxys INFO] 2025-08-26 17:12:28,868 - Current Robot joint: [ 0.097 -0.197 -0.015 -2.47  -0.008  2.309  0.843]
[Deoxys INFO] 2025-08-26 17:12:28,868 - Desired Robot joint: [ 0.097 -0.196 -0.015 -2.471 -0.008  2.308  0.843]
[Deoxys INFO] 2025-08-26 17:12:28,918 - Current Robot joint: [ 0.097 -0.197 -0.015 -2.47  -0.008  2.309  0.843]
[Deoxys INFO] 2025-08-26 17:12:28,919 - Desired Robot joint: [ 0.097 -0.196 -0.015 -2.471 -0.008  2.308  0.843]
[Deoxys INFO] 2025-08-26 17:12:28,968 - Current Robot joint: [ 0.097 -0.197 -0.015 -2.47  -0.008  2.309  0.843]
[Deoxys INFO] 2025-08-26 17:12:28,969 - Desired Robot joint: [ 0.097 -0.196 -0.015 -2.471 -0.008  2.308  0.843]
[Deoxys INFO] 2025-08-26 17:12:29,019 - Current Robot joint: [ 0.097 -0.197 -0.015 -2.47  -0.008  2.309  0.843]
[Deoxys INFO] 2025-08-26 17:12:29,019 - Desired Robot joint: [ 0.097 -0.196 -0.015 -2.471 -0.008  2.308  0.843]
[Deoxys INFO] 2025-08-26 17:12:29,069 - Current Robot joint: [ 0.097 -0.197 -0.015 -2.47  -0.008  2.309  0.843]
[Deoxys INFO] 2025-08-26 17:12:29,069 - Desired Robot joint: [ 0.097 -0.196 -0.015 -2.471 -0.008  2.308  0.843]
[Deoxys INFO] 2025-08-26 17:12:29,119 - Current Robot joint: [ 0.097 -0.197 -0.015 -2.47  -0.008  2.309  0.843]
[Deoxys INFO] 2025-08-26 17:12:29,119 - Desired Robot joint: [ 0.097 -0.196 -0.015 -2.471 -0.008  2.308  0.843]
[Deoxys INFO] 2025-08-26 17:12:29,169 - Current Robot joint: [ 0.097 -0.197 -0.015 -2.47  -0.008  2.309  0.843]
[Deoxys INFO] 2025-08-26 17:12:29,169 - Desired Robot joint: [ 0.097 -0.196 -0.015 -2.471 -0.008  2.308  0.843]
[Deoxys INFO] 2025-08-26 17:12:29,219 - Current Robot joint: [ 0.097 -0.197 -0.015 -2.47  -0.008  2.309  0.843]
[Deoxys INFO] 2025-08-26 17:12:29,220 - Desired Robot joint: [ 0.097 -0.196 -0.015 -2.471 -0.008  2.308  0.843]
[Deoxys INFO] 2025-08-26 17:12:29,269 - Current Robot joint: [ 0.097 -0.197 -0.015 -2.47  -0.008  2.309  0.843]
[Deoxys INFO] 2025-08-26 17:12:29,270 - Desired Robot joint: [ 0.097 -0.196 -0.015 -2.471 -0.008  2.308  0.843]
[Deoxys INFO] 2025-08-26 17:12:29,319 - Current Robot joint: [ 0.097 -0.197 -0.015 -2.47  -0.008  2.309  0.843]
[Deoxys INFO] 2025-08-26 17:12:29,320 - Desired Robot joint: [ 0.097 -0.196 -0.015 -2.471 -0.008  2.308  0.843]
[Deoxys INFO] 2025-08-26 17:12:29,370 - Current Robot joint: [ 0.097 -0.197 -0.015 -2.47  -0.008  2.309  0.843]
[Deoxys INFO] 2025-08-26 17:12:29,370 - Desired Robot joint: [ 0.097 -0.196 -0.015 -2.471 -0.008  2.308  0.843]
[Deoxys INFO] 2025-08-26 17:12:29,420 - Current Robot joint: [ 0.097 -0.197 -0.015 -2.47  -0.008  2.309  0.843]
[Deoxys INFO] 2025-08-26 17:12:29,420 - Desired Robot joint: [ 0.097 -0.196 -0.015 -2.471 -0.008  2.308  0.843]
[Deoxys INFO] 2025-08-26 17:12:29,470 - Current Robot joint: [ 0.097 -0.197 -0.015 -2.47  -0.008  2.309  0.843]
[Deoxys INFO] 2025-08-26 17:12:29,470 - Desired Robot joint: [ 0.097 -0.196 -0.015 -2.471 -0.008  2.308  0.843]
[Deoxys INFO] 2025-08-26 17:12:29,520 - Current Robot joint: [ 0.097 -0.197 -0.015 -2.47  -0.008  2.309  0.843]
[Deoxys INFO] 2025-08-26 17:12:29,520 - Desired Robot joint: [ 0.097 -0.196 -0.015 -2.471 -0.008  2.308  0.843]
[Deoxys INFO] 2025-08-26 17:12:29,570 - Current Robot joint: [ 0.097 -0.197 -0.015 -2.47  -0.008  2.309  0.843]
[Deoxys INFO] 2025-08-26 17:12:29,571 - Desired Robot joint: [ 0.097 -0.196 -0.015 -2.471 -0.008  2.308  0.843]
[Deoxys INFO] 2025-08-26 17:12:29,621 - Current Robot joint: [ 0.097 -0.197 -0.015 -2.47  -0.008  2.309  0.843]
[Deoxys INFO] 2025-08-26 17:12:29,621 - Desired Robot joint: [ 0.097 -0.196 -0.015 -2.471 -0.008  2.308  0.843]
[Deoxys INFO] 2025-08-26 17:12:29,671 - Current Robot joint: [ 0.097 -0.197 -0.015 -2.47  -0.008  2.309  0.843]
[Deoxys INFO] 2025-08-26 17:12:29,671 - Desired Robot joint: [ 0.097 -0.196 -0.015 -2.471 -0.008  2.308  0.843]
[Deoxys INFO] 2025-08-26 17:12:29,721 - Current Robot joint: [ 0.097 -0.197 -0.015 -2.47  -0.008  2.309  0.843]
[Deoxys INFO] 2025-08-26 17:12:29,721 - Desired Robot joint: [ 0.097 -0.196 -0.015 -2.471 -0.008  2.308  0.843]
[Deoxys INFO] 2025-08-26 17:12:29,771 - Current Robot joint: [ 0.097 -0.197 -0.015 -2.47  -0.008  2.309  0.843]
[Deoxys INFO] 2025-08-26 17:12:29,771 - Desired Robot joint: [ 0.097 -0.196 -0.015 -2.471 -0.008  2.308  0.843]
[Deoxys INFO] 2025-08-26 17:12:29,821 - Current Robot joint: [ 0.097 -0.197 -0.015 -2.47  -0.008  2.309  0.843]
[Deoxys INFO] 2025-08-26 17:12:29,821 - Desired Robot joint: [ 0.097 -0.196 -0.015 -2.471 -0.008  2.308  0.843]
[Deoxys INFO] 2025-08-26 17:12:29,871 - Current Robot joint: [ 0.097 -0.197 -0.015 -2.47  -0.008  2.309  0.843]
[Deoxys INFO] 2025-08-26 17:12:29,871 - Desired Robot joint: [ 0.097 -0.196 -0.015 -2.471 -0.008  2.308  0.843]
[Deoxys INFO] 2025-08-26 17:12:29,921 - Current Robot joint: [ 0.097 -0.197 -0.015 -2.47  -0.008  2.309  0.843]
[Deoxys INFO] 2025-08-26 17:12:29,922 - Desired Robot joint: [ 0.097 -0.196 -0.015 -2.471 -0.008  2.308  0.843]
[Deoxys WARNING] 2025-08-26 17:28:53,716 - Robot state not received
[Deoxys WARNING] 2025-08-26 18:04:34,414 - Robot state not received
[Deoxys INFO] 2025-08-26 20:14:41,937 - Current Robot joint: [ 1.000e-03 -1.000e-03 -0.000e+00 -1.569e+00  0.000e+00  1.570e+00
  7.850e-01]
[Deoxys INFO] 2025-08-26 20:14:41,939 - Desired Robot joint: [ 1.000e-03 -1.000e-03 -0.000e+00 -1.569e+00  0.000e+00  1.570e+00
  7.850e-01]
[Deoxys INFO] 2025-08-26 20:14:41,940 - Current Robot joint: [ 1.000e-03 -1.000e-03 -0.000e+00 -1.569e+00  0.000e+00  1.570e+00
  7.850e-01]
[Deoxys INFO] 2025-08-26 20:14:41,940 - Desired Robot joint: [ 1.000e-03 -1.000e-03 -0.000e+00 -1.569e+00  0.000e+00  1.570e+00
  7.850e-01]
[Deoxys INFO] 2025-08-26 20:14:41,990 - Current Robot joint: [ 1.000e-03 -2.000e-03 -0.000e+00 -1.569e+00  0.000e+00  1.569e+00
  7.850e-01]
[Deoxys INFO] 2025-08-26 20:14:41,990 - Desired Robot joint: [ 1.000e-03 -1.000e-03 -0.000e+00 -1.569e+00  0.000e+00  1.570e+00
  7.850e-01]
[Deoxys INFO] 2025-08-26 20:14:42,040 - Current Robot joint: [ 2.000e-03 -3.000e-03 -1.000e-03 -1.568e+00  0.000e+00  1.569e+00
  7.860e-01]
[Deoxys INFO] 2025-08-26 20:14:42,040 - Desired Robot joint: [ 2.00e-03 -3.00e-03 -1.00e-03 -1.57e+00  0.00e+00  1.57e+00  7.87e-01]
[Deoxys INFO] 2025-08-26 20:14:42,090 - Current Robot joint: [ 4.000e-03 -7.000e-03 -1.000e-03 -1.569e+00  0.000e+00  1.570e+00
  7.870e-01]
[Deoxys INFO] 2025-08-26 20:14:42,090 - Desired Robot joint: [ 4.000e-03 -6.000e-03 -1.000e-03 -1.570e+00 -0.000e+00  1.571e+00
  7.880e-01]
[Deoxys INFO] 2025-08-26 20:14:42,140 - Current Robot joint: [ 6.000e-03 -1.100e-02 -1.000e-03 -1.570e+00  0.000e+00  1.572e+00
  7.890e-01]
[Deoxys INFO] 2025-08-26 20:14:42,141 - Desired Robot joint: [ 6.000e-03 -1.000e-02 -1.000e-03 -1.572e+00 -0.000e+00  1.573e+00
  7.890e-01]
[Deoxys INFO] 2025-08-26 20:14:42,190 - Current Robot joint: [ 0.008 -0.015 -0.002 -1.573 -0.     1.576  0.79 ]
[Deoxys INFO] 2025-08-26 20:14:42,191 - Desired Robot joint: [ 0.008 -0.014 -0.002 -1.574 -0.     1.578  0.791]
[Deoxys INFO] 2025-08-26 20:14:42,241 - Current Robot joint: [ 0.01  -0.02  -0.002 -1.577 -0.     1.583  0.792]
[Deoxys INFO] 2025-08-26 20:14:42,241 - Desired Robot joint: [ 1.000e-02 -1.900e-02 -2.000e-03 -1.579e+00 -1.000e-03  1.585e+00
  7.920e-01]
[Deoxys INFO] 2025-08-26 20:14:42,291 - Current Robot joint: [ 0.012 -0.024 -0.003 -1.583 -0.     1.592  0.793]
[Deoxys INFO] 2025-08-26 20:14:42,291 - Desired Robot joint: [ 1.200e-02 -2.300e-02 -3.000e-03 -1.585e+00 -1.000e-03  1.594e+00
  7.940e-01]
[Deoxys INFO] 2025-08-26 20:14:42,341 - Current Robot joint: [ 1.400e-02 -2.800e-02 -3.000e-03 -1.591e+00 -1.000e-03  1.604e+00
  7.950e-01]
[Deoxys INFO] 2025-08-26 20:14:42,341 - Desired Robot joint: [ 1.400e-02 -2.800e-02 -3.000e-03 -1.593e+00 -1.000e-03  1.606e+00
  7.950e-01]
[Deoxys INFO] 2025-08-26 20:14:42,391 - Current Robot joint: [ 1.600e-02 -3.300e-02 -4.000e-03 -1.602e+00 -1.000e-03  1.618e+00
  7.960e-01]
[Deoxys INFO] 2025-08-26 20:14:42,391 - Desired Robot joint: [ 1.600e-02 -3.200e-02 -4.000e-03 -1.604e+00 -1.000e-03  1.620e+00
  7.970e-01]
[Deoxys INFO] 2025-08-26 20:14:42,441 - Current Robot joint: [ 1.800e-02 -3.800e-02 -4.000e-03 -1.614e+00 -1.000e-03  1.635e+00
  7.980e-01]
[Deoxys INFO] 2025-08-26 20:14:42,442 - Desired Robot joint: [ 1.800e-02 -3.700e-02 -4.000e-03 -1.617e+00 -1.000e-03  1.637e+00
  7.980e-01]
[Deoxys INFO] 2025-08-26 20:14:42,491 - Current Robot joint: [ 2.000e-02 -4.200e-02 -5.000e-03 -1.630e+00 -1.000e-03  1.654e+00
  7.990e-01]
[Deoxys INFO] 2025-08-26 20:14:42,492 - Desired Robot joint: [ 0.02  -0.041 -0.005 -1.632 -0.002  1.656  0.8  ]
[Deoxys INFO] 2025-08-26 20:14:42,542 - Current Robot joint: [ 2.200e-02 -4.600e-02 -5.000e-03 -1.647e+00 -1.000e-03  1.674e+00
  8.010e-01]
[Deoxys INFO] 2025-08-26 20:14:42,542 - Desired Robot joint: [ 0.022 -0.045 -0.005 -1.65  -0.002  1.677  0.801]
[Deoxys INFO] 2025-08-26 20:14:42,592 - Current Robot joint: [ 2.400e-02 -5.000e-02 -5.000e-03 -1.667e+00 -1.000e-03  1.696e+00
  8.020e-01]
[Deoxys INFO] 2025-08-26 20:14:42,592 - Desired Robot joint: [ 0.024 -0.05  -0.006 -1.67  -0.002  1.698  0.803]
[Deoxys INFO] 2025-08-26 20:14:42,642 - Current Robot joint: [ 0.026 -0.055 -0.006 -1.69  -0.002  1.718  0.804]
[Deoxys INFO] 2025-08-26 20:14:42,642 - Desired Robot joint: [ 0.026 -0.054 -0.006 -1.693 -0.002  1.72   0.804]
[Deoxys INFO] 2025-08-26 20:14:42,692 - Current Robot joint: [ 0.028 -0.059 -0.006 -1.716 -0.002  1.74   0.805]
[Deoxys INFO] 2025-08-26 20:14:42,692 - Desired Robot joint: [ 0.028 -0.059 -0.006 -1.719 -0.002  1.742  0.806]
[Deoxys INFO] 2025-08-26 20:14:42,742 - Current Robot joint: [ 0.03  -0.064 -0.007 -1.744 -0.002  1.762  0.807]
[Deoxys INFO] 2025-08-26 20:14:42,742 - Desired Robot joint: [ 0.03  -0.063 -0.007 -1.747 -0.002  1.764  0.807]
[Deoxys INFO] 2025-08-26 20:14:42,792 - Current Robot joint: [ 0.031 -0.068 -0.007 -1.768 -0.002  1.78   0.808]
[Deoxys INFO] 2025-08-26 20:14:42,793 - Desired Robot joint: [ 0.032 -0.068 -0.007 -1.777 -0.003  1.786  0.809]
[Deoxys INFO] 2025-08-26 20:14:42,843 - Current Robot joint: [ 0.033 -0.072 -0.008 -1.8   -0.002  1.802  0.809]
[Deoxys INFO] 2025-08-26 20:14:42,843 - Desired Robot joint: [ 0.033 -0.071 -0.008 -1.803 -0.003  1.804  0.81 ]
[Deoxys INFO] 2025-08-26 20:14:42,893 - Current Robot joint: [ 0.035 -0.076 -0.008 -1.834 -0.003  1.824  0.811]
[Deoxys INFO] 2025-08-26 20:14:42,893 - Desired Robot joint: [ 0.035 -0.076 -0.008 -1.837 -0.003  1.826  0.811]
[Deoxys INFO] 2025-08-26 20:14:42,943 - Current Robot joint: [ 0.037 -0.081 -0.009 -1.869 -0.003  1.846  0.812]
[Deoxys INFO] 2025-08-26 20:14:42,943 - Desired Robot joint: [ 0.037 -0.08  -0.009 -1.872 -0.003  1.848  0.813]
[Deoxys INFO] 2025-08-26 20:14:42,993 - Current Robot joint: [ 0.039 -0.085 -0.009 -1.906 -0.003  1.868  0.814]
[Deoxys INFO] 2025-08-26 20:14:42,993 - Desired Robot joint: [ 0.039 -0.084 -0.009 -1.91  -0.003  1.87   0.814]
[Deoxys INFO] 2025-08-26 20:14:43,043 - Current Robot joint: [ 0.041 -0.09  -0.009 -1.944 -0.003  1.89   0.815]
[Deoxys INFO] 2025-08-26 20:14:43,043 - Desired Robot joint: [ 0.041 -0.089 -0.01  -1.948 -0.004  1.892  0.816]
[Deoxys INFO] 2025-08-26 20:14:43,093 - Current Robot joint: [ 0.043 -0.094 -0.01  -1.984 -0.003  1.912  0.817]
[Deoxys INFO] 2025-08-26 20:14:43,094 - Desired Robot joint: [ 0.043 -0.093 -0.01  -1.987 -0.004  1.914  0.817]
[Deoxys INFO] 2025-08-26 20:14:43,143 - Current Robot joint: [ 0.045 -0.099 -0.01  -2.023 -0.003  1.934  0.818]
[Deoxys INFO] 2025-08-26 20:14:43,144 - Desired Robot joint: [ 0.045 -0.098 -0.01  -2.027 -0.004  1.936  0.819]
[Deoxys INFO] 2025-08-26 20:14:43,194 - Current Robot joint: [ 0.047 -0.103 -0.011 -2.063 -0.004  1.956  0.82 ]
[Deoxys INFO] 2025-08-26 20:14:43,194 - Desired Robot joint: [ 0.047 -0.102 -0.011 -2.066 -0.004  1.959  0.82 ]
[Deoxys INFO] 2025-08-26 20:14:43,244 - Current Robot joint: [ 0.049 -0.107 -0.011 -2.102 -0.004  1.978  0.821]
[Deoxys INFO] 2025-08-26 20:14:43,244 - Desired Robot joint: [ 0.049 -0.107 -0.011 -2.105 -0.004  1.981  0.822]
[Deoxys INFO] 2025-08-26 20:14:43,294 - Current Robot joint: [ 0.051 -0.112 -0.012 -2.14  -0.004  2.001  0.823]
[Deoxys INFO] 2025-08-26 20:14:43,294 - Desired Robot joint: [ 0.051 -0.111 -0.012 -2.144 -0.004  2.003  0.823]
[Deoxys INFO] 2025-08-26 20:14:43,344 - Current Robot joint: [ 0.053 -0.116 -0.012 -2.177 -0.004  2.023  0.824]
[Deoxys INFO] 2025-08-26 20:14:43,344 - Desired Robot joint: [ 0.053 -0.116 -0.012 -2.181 -0.005  2.025  0.825]
[Deoxys INFO] 2025-08-26 20:14:43,394 - Current Robot joint: [ 0.055 -0.121 -0.013 -2.212 -0.004  2.044  0.826]
[Deoxys INFO] 2025-08-26 20:14:43,395 - Desired Robot joint: [ 0.055 -0.12  -0.013 -2.215 -0.005  2.047  0.826]
[Deoxys INFO] 2025-08-26 20:14:43,445 - Current Robot joint: [ 0.057 -0.125 -0.013 -2.246 -0.005  2.066  0.827]
[Deoxys INFO] 2025-08-26 20:14:43,445 - Desired Robot joint: [ 0.057 -0.124 -0.013 -2.249 -0.005  2.069  0.828]
[Deoxys INFO] 2025-08-26 20:14:43,495 - Current Robot joint: [ 0.059 -0.128 -0.013 -2.272 -0.005  2.084  0.828]
[Deoxys INFO] 2025-08-26 20:14:43,495 - Desired Robot joint: [ 0.059 -0.128 -0.014 -2.275 -0.005  2.086  0.829]
[Deoxys INFO] 2025-08-26 20:14:43,545 - Current Robot joint: [ 0.061 -0.133 -0.014 -2.302 -0.005  2.106  0.83 ]
[Deoxys INFO] 2025-08-26 20:14:43,545 - Desired Robot joint: [ 0.061 -0.132 -0.014 -2.305 -0.005  2.109  0.83 ]
[Deoxys INFO] 2025-08-26 20:14:43,595 - Current Robot joint: [ 0.062 -0.138 -0.014 -2.329 -0.005  2.128  0.831]
[Deoxys INFO] 2025-08-26 20:14:43,595 - Desired Robot joint: [ 0.063 -0.137 -0.014 -2.332 -0.006  2.131  0.832]
[Deoxys INFO] 2025-08-26 20:14:43,645 - Current Robot joint: [ 0.064 -0.142 -0.015 -2.354 -0.005  2.15   0.833]
[Deoxys INFO] 2025-08-26 20:14:43,646 - Desired Robot joint: [ 0.065 -0.141 -0.015 -2.357 -0.006  2.152  0.833]
[Deoxys INFO] 2025-08-26 20:14:43,696 - Current Robot joint: [ 0.066 -0.146 -0.015 -2.377 -0.005  2.172  0.834]
[Deoxys INFO] 2025-08-26 20:14:43,696 - Desired Robot joint: [ 0.067 -0.146 -0.015 -2.379 -0.006  2.174  0.835]
[Deoxys INFO] 2025-08-26 20:14:43,746 - Current Robot joint: [ 0.068 -0.151 -0.016 -2.397 -0.006  2.194  0.836]
[Deoxys INFO] 2025-08-26 20:14:43,746 - Desired Robot joint: [ 0.069 -0.15  -0.016 -2.399 -0.006  2.196  0.836]
[Deoxys INFO] 2025-08-26 20:14:43,796 - Current Robot joint: [ 0.07  -0.155 -0.016 -2.415 -0.006  2.214  0.837]
[Deoxys INFO] 2025-08-26 20:14:43,796 - Desired Robot joint: [ 0.071 -0.154 -0.016 -2.417 -0.006  2.216  0.838]
[Deoxys INFO] 2025-08-26 20:14:43,846 - Current Robot joint: [ 0.072 -0.159 -0.017 -2.43  -0.006  2.233  0.839]
[Deoxys INFO] 2025-08-26 20:14:43,846 - Desired Robot joint: [ 0.073 -0.159 -0.017 -2.432 -0.006  2.235  0.839]
[Deoxys INFO] 2025-08-26 20:14:43,896 - Current Robot joint: [ 0.074 -0.164 -0.017 -2.442 -0.006  2.249  0.84 ]
[Deoxys INFO] 2025-08-26 20:14:43,896 - Desired Robot joint: [ 0.075 -0.163 -0.017 -2.444 -0.007  2.251  0.841]
[Deoxys INFO] 2025-08-26 20:14:43,946 - Current Robot joint: [ 0.076 -0.169 -0.018 -2.452 -0.006  2.263  0.842]
[Deoxys INFO] 2025-08-26 20:14:43,946 - Desired Robot joint: [ 0.077 -0.168 -0.018 -2.454 -0.007  2.265  0.842]
[Deoxys INFO] 2025-08-26 20:14:43,996 - Current Robot joint: [ 0.078 -0.173 -0.018 -2.46  -0.006  2.275  0.843]
[Deoxys INFO] 2025-08-26 20:14:43,997 - Desired Robot joint: [ 0.079 -0.172 -0.018 -2.462 -0.007  2.276  0.844]
[Deoxys INFO] 2025-08-26 20:14:44,046 - Current Robot joint: [ 0.08  -0.177 -0.018 -2.466 -0.007  2.284  0.845]
[Deoxys INFO] 2025-08-26 20:14:44,047 - Desired Robot joint: [ 0.081 -0.177 -0.018 -2.468 -0.007  2.285  0.845]
[Deoxys INFO] 2025-08-26 20:14:44,097 - Current Robot joint: [ 0.082 -0.182 -0.019 -2.47  -0.007  2.29   0.846]
[Deoxys INFO] 2025-08-26 20:14:44,097 - Desired Robot joint: [ 0.083 -0.181 -0.019 -2.472 -0.007  2.292  0.847]
[Deoxys INFO] 2025-08-26 20:14:44,147 - Current Robot joint: [ 0.084 -0.186 -0.019 -2.473 -0.007  2.294  0.848]
[Deoxys INFO] 2025-08-26 20:14:44,147 - Desired Robot joint: [ 0.085 -0.186 -0.019 -2.474 -0.008  2.296  0.848]
[Deoxys INFO] 2025-08-26 20:14:44,197 - Current Robot joint: [ 0.086 -0.19  -0.02  -2.474 -0.007  2.296  0.849]
[Deoxys INFO] 2025-08-26 20:14:44,197 - Desired Robot joint: [ 0.086 -0.189 -0.02  -2.475 -0.008  2.298  0.85 ]
[Deoxys INFO] 2025-08-26 20:14:44,247 - Current Robot joint: [ 0.088 -0.193 -0.02  -2.475 -0.007  2.297  0.851]
[Deoxys INFO] 2025-08-26 20:14:44,247 - Desired Robot joint: [ 0.088 -0.192 -0.02  -2.476 -0.008  2.299  0.851]
[Deoxys INFO] 2025-08-26 20:14:44,297 - Current Robot joint: [ 0.089 -0.194 -0.021 -2.475 -0.008  2.298  0.852]
[Deoxys INFO] 2025-08-26 20:14:44,298 - Desired Robot joint: [ 0.089 -0.193 -0.021 -2.476 -0.008  2.299  0.852]
[Deoxys INFO] 2025-08-26 20:14:44,348 - Current Robot joint: [ 0.089 -0.194 -0.021 -2.475 -0.008  2.298  0.852]
[Deoxys INFO] 2025-08-26 20:14:44,348 - Desired Robot joint: [ 0.089 -0.193 -0.021 -2.476 -0.008  2.299  0.852]
[Deoxys INFO] 2025-08-26 20:14:44,398 - Current Robot joint: [ 0.089 -0.194 -0.021 -2.475 -0.008  2.298  0.852]
[Deoxys INFO] 2025-08-26 20:14:44,398 - Desired Robot joint: [ 0.089 -0.193 -0.021 -2.476 -0.008  2.299  0.852]
[Deoxys INFO] 2025-08-26 20:14:44,448 - Current Robot joint: [ 0.089 -0.194 -0.021 -2.475 -0.008  2.298  0.852]
[Deoxys INFO] 2025-08-26 20:14:44,448 - Desired Robot joint: [ 0.089 -0.193 -0.021 -2.476 -0.008  2.299  0.852]
[Deoxys INFO] 2025-08-26 20:14:44,498 - Current Robot joint: [ 0.089 -0.194 -0.021 -2.475 -0.008  2.298  0.852]
[Deoxys INFO] 2025-08-26 20:14:44,498 - Desired Robot joint: [ 0.089 -0.193 -0.021 -2.476 -0.008  2.299  0.852]
[Deoxys INFO] 2025-08-26 20:14:44,548 - Current Robot joint: [ 0.089 -0.194 -0.021 -2.475 -0.008  2.298  0.852]
[Deoxys INFO] 2025-08-26 20:14:44,549 - Desired Robot joint: [ 0.089 -0.193 -0.021 -2.476 -0.008  2.299  0.852]
[Deoxys INFO] 2025-08-26 20:14:44,598 - Current Robot joint: [ 0.089 -0.194 -0.021 -2.475 -0.008  2.298  0.852]
[Deoxys INFO] 2025-08-26 20:14:44,599 - Desired Robot joint: [ 0.089 -0.193 -0.021 -2.476 -0.008  2.299  0.852]
[Deoxys INFO] 2025-08-26 20:14:44,649 - Current Robot joint: [ 0.089 -0.194 -0.021 -2.475 -0.008  2.298  0.852]
[Deoxys INFO] 2025-08-26 20:14:44,649 - Desired Robot joint: [ 0.089 -0.193 -0.021 -2.476 -0.008  2.299  0.852]
[Deoxys INFO] 2025-08-26 20:14:44,699 - Current Robot joint: [ 0.089 -0.194 -0.021 -2.475 -0.008  2.298  0.852]
[Deoxys INFO] 2025-08-26 20:14:44,699 - Desired Robot joint: [ 0.089 -0.193 -0.021 -2.476 -0.008  2.299  0.852]
[Deoxys INFO] 2025-08-26 20:14:44,749 - Current Robot joint: [ 0.089 -0.194 -0.021 -2.475 -0.008  2.298  0.852]
[Deoxys INFO] 2025-08-26 20:14:44,749 - Desired Robot joint: [ 0.089 -0.193 -0.021 -2.476 -0.008  2.299  0.852]
[Deoxys INFO] 2025-08-26 20:14:44,799 - Current Robot joint: [ 0.089 -0.194 -0.021 -2.475 -0.008  2.298  0.852]
[Deoxys INFO] 2025-08-26 20:14:44,799 - Desired Robot joint: [ 0.089 -0.193 -0.021 -2.476 -0.008  2.299  0.852]
[Deoxys INFO] 2025-08-26 20:14:44,849 - Current Robot joint: [ 0.089 -0.194 -0.021 -2.475 -0.008  2.298  0.852]
[Deoxys INFO] 2025-08-26 20:14:44,849 - Desired Robot joint: [ 0.089 -0.193 -0.021 -2.476 -0.008  2.299  0.852]
[Deoxys INFO] 2025-08-26 20:14:44,899 - Current Robot joint: [ 0.089 -0.194 -0.021 -2.475 -0.008  2.298  0.852]
[Deoxys INFO] 2025-08-26 20:14:44,900 - Desired Robot joint: [ 0.089 -0.193 -0.021 -2.476 -0.008  2.299  0.852]
[Deoxys INFO] 2025-08-26 20:14:44,950 - Current Robot joint: [ 0.089 -0.194 -0.021 -2.475 -0.008  2.298  0.852]
[Deoxys INFO] 2025-08-26 20:14:44,950 - Desired Robot joint: [ 0.089 -0.193 -0.021 -2.476 -0.008  2.299  0.852]
[Deoxys INFO] 2025-08-26 20:14:45,000 - Current Robot joint: [ 0.089 -0.194 -0.021 -2.475 -0.008  2.298  0.852]
[Deoxys INFO] 2025-08-26 20:14:45,000 - Desired Robot joint: [ 0.089 -0.193 -0.021 -2.476 -0.008  2.299  0.852]
[Deoxys INFO] 2025-08-26 20:14:45,050 - Current Robot joint: [ 0.089 -0.194 -0.021 -2.475 -0.008  2.298  0.852]
[Deoxys INFO] 2025-08-26 20:14:45,050 - Desired Robot joint: [ 0.089 -0.193 -0.021 -2.476 -0.008  2.299  0.852]
[Deoxys INFO] 2025-08-26 20:14:45,100 - Current Robot joint: [ 0.089 -0.194 -0.021 -2.475 -0.008  2.298  0.852]
[Deoxys INFO] 2025-08-26 20:14:45,100 - Desired Robot joint: [ 0.089 -0.193 -0.021 -2.476 -0.008  2.299  0.852]
[Deoxys INFO] 2025-08-26 20:14:45,150 - Current Robot joint: [ 0.089 -0.194 -0.021 -2.475 -0.008  2.298  0.852]
[Deoxys INFO] 2025-08-26 20:14:45,150 - Desired Robot joint: [ 0.089 -0.193 -0.021 -2.476 -0.008  2.299  0.852]
[Deoxys INFO] 2025-08-26 20:14:45,200 - Current Robot joint: [ 0.089 -0.194 -0.021 -2.475 -0.008  2.298  0.852]
[Deoxys INFO] 2025-08-26 20:14:45,201 - Desired Robot joint: [ 0.089 -0.193 -0.021 -2.476 -0.008  2.299  0.852]
[Deoxys INFO] 2025-08-26 20:14:45,250 - Current Robot joint: [ 0.089 -0.194 -0.021 -2.475 -0.008  2.298  0.852]
[Deoxys INFO] 2025-08-26 20:14:45,251 - Desired Robot joint: [ 0.089 -0.193 -0.021 -2.476 -0.008  2.299  0.852]
[Deoxys INFO] 2025-08-26 20:14:45,301 - Current Robot joint: [ 0.089 -0.194 -0.021 -2.475 -0.008  2.298  0.852]
[Deoxys INFO] 2025-08-26 20:14:45,301 - Desired Robot joint: [ 0.089 -0.193 -0.021 -2.476 -0.008  2.299  0.852]
[Deoxys INFO] 2025-08-26 20:14:45,351 - Current Robot joint: [ 0.089 -0.194 -0.021 -2.475 -0.008  2.298  0.852]
[Deoxys INFO] 2025-08-26 20:14:45,351 - Desired Robot joint: [ 0.089 -0.193 -0.021 -2.476 -0.008  2.299  0.852]
[Deoxys INFO] 2025-08-26 20:14:45,401 - Current Robot joint: [ 0.089 -0.194 -0.021 -2.475 -0.008  2.298  0.852]
[Deoxys INFO] 2025-08-26 20:14:45,401 - Desired Robot joint: [ 0.089 -0.193 -0.021 -2.476 -0.008  2.299  0.852]
[Deoxys INFO] 2025-08-26 20:14:45,451 - Current Robot joint: [ 0.089 -0.194 -0.021 -2.475 -0.008  2.298  0.852]
[Deoxys INFO] 2025-08-26 20:14:45,452 - Desired Robot joint: [ 0.089 -0.193 -0.021 -2.476 -0.008  2.299  0.852]
[Deoxys INFO] 2025-08-26 20:14:45,502 - Current Robot joint: [ 0.089 -0.194 -0.021 -2.475 -0.008  2.298  0.852]
[Deoxys INFO] 2025-08-26 20:14:45,502 - Desired Robot joint: [ 0.089 -0.193 -0.021 -2.476 -0.008  2.299  0.852]
[Deoxys INFO] 2025-08-26 20:14:45,552 - Current Robot joint: [ 0.089 -0.194 -0.021 -2.475 -0.008  2.298  0.852]
[Deoxys INFO] 2025-08-26 20:14:45,552 - Desired Robot joint: [ 0.089 -0.193 -0.021 -2.476 -0.008  2.299  0.852]
[Deoxys INFO] 2025-08-26 20:14:45,602 - Current Robot joint: [ 0.089 -0.194 -0.021 -2.475 -0.008  2.298  0.852]
[Deoxys INFO] 2025-08-26 20:14:45,602 - Desired Robot joint: [ 0.089 -0.193 -0.021 -2.476 -0.008  2.299  0.852]
[Deoxys INFO] 2025-08-26 20:14:45,652 - Current Robot joint: [ 0.089 -0.194 -0.021 -2.475 -0.008  2.298  0.852]
[Deoxys INFO] 2025-08-26 20:14:45,652 - Desired Robot joint: [ 0.089 -0.193 -0.021 -2.476 -0.008  2.299  0.852]
[Deoxys INFO] 2025-08-26 20:14:45,702 - Current Robot joint: [ 0.089 -0.194 -0.021 -2.475 -0.008  2.298  0.852]
[Deoxys INFO] 2025-08-26 20:14:45,703 - Desired Robot joint: [ 0.089 -0.193 -0.021 -2.476 -0.008  2.299  0.852]
[Deoxys INFO] 2025-08-26 20:14:45,752 - Current Robot joint: [ 0.089 -0.194 -0.021 -2.475 -0.008  2.298  0.852]
[Deoxys INFO] 2025-08-26 20:14:45,753 - Desired Robot joint: [ 0.089 -0.193 -0.021 -2.476 -0.008  2.299  0.852]
[Deoxys INFO] 2025-08-26 20:14:45,802 - Current Robot joint: [ 0.089 -0.194 -0.021 -2.475 -0.008  2.298  0.852]
[Deoxys INFO] 2025-08-26 20:14:45,803 - Desired Robot joint: [ 0.089 -0.193 -0.021 -2.476 -0.008  2.299  0.852]
[Deoxys INFO] 2025-08-26 20:14:45,853 - Current Robot joint: [ 0.089 -0.194 -0.021 -2.475 -0.008  2.298  0.852]
[Deoxys INFO] 2025-08-26 20:14:45,853 - Desired Robot joint: [ 0.089 -0.193 -0.021 -2.476 -0.008  2.299  0.852]
[Deoxys INFO] 2025-08-26 20:14:45,903 - Current Robot joint: [ 0.089 -0.194 -0.021 -2.475 -0.008  2.298  0.852]
[Deoxys INFO] 2025-08-26 20:14:45,903 - Desired Robot joint: [ 0.089 -0.193 -0.021 -2.476 -0.008  2.299  0.852]
[Deoxys INFO] 2025-08-26 20:14:45,953 - Current Robot joint: [ 0.089 -0.194 -0.021 -2.475 -0.008  2.298  0.852]
[Deoxys INFO] 2025-08-26 20:14:45,953 - Desired Robot joint: [ 0.089 -0.193 -0.021 -2.476 -0.008  2.299  0.852]
[Deoxys INFO] 2025-08-26 20:14:46,003 - Current Robot joint: [ 0.089 -0.194 -0.021 -2.475 -0.008  2.298  0.852]
[Deoxys INFO] 2025-08-26 20:14:46,004 - Desired Robot joint: [ 0.089 -0.193 -0.021 -2.476 -0.008  2.299  0.852]
[Deoxys INFO] 2025-08-26 20:14:46,053 - Current Robot joint: [ 0.089 -0.194 -0.021 -2.475 -0.008  2.298  0.852]
[Deoxys INFO] 2025-08-26 20:14:46,054 - Desired Robot joint: [ 0.089 -0.193 -0.021 -2.476 -0.008  2.299  0.852]
[Deoxys INFO] 2025-08-26 20:14:46,103 - Current Robot joint: [ 0.089 -0.194 -0.021 -2.475 -0.008  2.298  0.852]
[Deoxys INFO] 2025-08-26 20:14:46,104 - Desired Robot joint: [ 0.089 -0.193 -0.021 -2.476 -0.008  2.299  0.852]
[Deoxys INFO] 2025-08-26 20:14:46,154 - Current Robot joint: [ 0.089 -0.194 -0.021 -2.475 -0.008  2.298  0.852]
[Deoxys INFO] 2025-08-26 20:14:46,154 - Desired Robot joint: [ 0.089 -0.193 -0.021 -2.476 -0.008  2.299  0.852]
[Deoxys INFO] 2025-08-26 20:14:46,204 - Current Robot joint: [ 0.089 -0.194 -0.021 -2.475 -0.008  2.298  0.852]
[Deoxys INFO] 2025-08-26 20:14:46,204 - Desired Robot joint: [ 0.089 -0.193 -0.021 -2.476 -0.008  2.299  0.852]
[Deoxys INFO] 2025-08-26 20:14:46,254 - Current Robot joint: [ 0.089 -0.194 -0.021 -2.475 -0.008  2.298  0.852]
[Deoxys INFO] 2025-08-26 20:14:46,254 - Desired Robot joint: [ 0.089 -0.193 -0.021 -2.476 -0.008  2.299  0.852]
[Deoxys INFO] 2025-08-26 20:14:46,304 - Current Robot joint: [ 0.089 -0.194 -0.021 -2.475 -0.008  2.298  0.852]
[Deoxys INFO] 2025-08-26 20:14:46,304 - Desired Robot joint: [ 0.089 -0.193 -0.021 -2.476 -0.008  2.299  0.852]
[Deoxys INFO] 2025-08-26 20:14:46,354 - Current Robot joint: [ 0.089 -0.194 -0.021 -2.475 -0.008  2.298  0.852]
[Deoxys INFO] 2025-08-26 20:14:46,355 - Desired Robot joint: [ 0.089 -0.193 -0.021 -2.476 -0.008  2.299  0.852]
[Deoxys INFO] 2025-08-26 20:14:46,404 - Current Robot joint: [ 0.089 -0.194 -0.021 -2.475 -0.008  2.298  0.852]
[Deoxys INFO] 2025-08-26 20:14:46,405 - Desired Robot joint: [ 0.089 -0.193 -0.021 -2.476 -0.008  2.299  0.852]
[Deoxys INFO] 2025-08-26 20:14:46,455 - Current Robot joint: [ 0.089 -0.194 -0.021 -2.475 -0.008  2.298  0.852]
[Deoxys INFO] 2025-08-26 20:14:46,455 - Desired Robot joint: [ 0.089 -0.193 -0.021 -2.476 -0.008  2.299  0.852]
[Deoxys INFO] 2025-08-26 20:14:46,505 - Current Robot joint: [ 0.089 -0.194 -0.021 -2.475 -0.008  2.298  0.852]
[Deoxys INFO] 2025-08-26 20:14:46,505 - Desired Robot joint: [ 0.089 -0.193 -0.021 -2.476 -0.008  2.299  0.852]
[Deoxys INFO] 2025-08-26 20:14:46,555 - Current Robot joint: [ 0.089 -0.194 -0.021 -2.475 -0.008  2.298  0.852]
[Deoxys INFO] 2025-08-26 20:14:46,555 - Desired Robot joint: [ 0.089 -0.193 -0.021 -2.476 -0.008  2.299  0.852]
[Deoxys INFO] 2025-08-26 20:14:46,605 - Current Robot joint: [ 0.089 -0.194 -0.021 -2.475 -0.008  2.298  0.852]
[Deoxys INFO] 2025-08-26 20:14:46,605 - Desired Robot joint: [ 0.089 -0.193 -0.021 -2.476 -0.008  2.299  0.852]
[Deoxys INFO] 2025-08-26 20:14:46,655 - Current Robot joint: [ 0.089 -0.194 -0.021 -2.475 -0.008  2.298  0.852]
[Deoxys INFO] 2025-08-26 20:14:46,656 - Desired Robot joint: [ 0.089 -0.193 -0.021 -2.476 -0.008  2.299  0.852]
[Deoxys INFO] 2025-08-26 20:14:46,705 - Current Robot joint: [ 0.089 -0.194 -0.021 -2.475 -0.008  2.298  0.852]
[Deoxys INFO] 2025-08-26 20:14:46,706 - Desired Robot joint: [ 0.089 -0.193 -0.021 -2.476 -0.008  2.299  0.852]
[Deoxys INFO] 2025-08-26 20:14:46,755 - Current Robot joint: [ 0.089 -0.194 -0.021 -2.475 -0.008  2.298  0.852]
[Deoxys INFO] 2025-08-26 20:14:46,756 - Desired Robot joint: [ 0.089 -0.193 -0.021 -2.476 -0.008  2.299  0.852]
[Deoxys INFO] 2025-08-26 20:14:46,806 - Current Robot joint: [ 0.089 -0.194 -0.021 -2.475 -0.008  2.298  0.852]
[Deoxys INFO] 2025-08-26 20:14:46,806 - Desired Robot joint: [ 0.089 -0.193 -0.021 -2.476 -0.008  2.299  0.852]
[Deoxys INFO] 2025-08-26 20:14:46,856 - Current Robot joint: [ 0.089 -0.194 -0.021 -2.475 -0.008  2.298  0.852]
[Deoxys INFO] 2025-08-26 20:14:46,856 - Desired Robot joint: [ 0.089 -0.193 -0.021 -2.476 -0.008  2.299  0.852]
[Deoxys INFO] 2025-08-26 20:14:46,906 - Current Robot joint: [ 0.089 -0.194 -0.021 -2.475 -0.008  2.298  0.852]
[Deoxys INFO] 2025-08-26 20:14:46,906 - Desired Robot joint: [ 0.089 -0.193 -0.021 -2.476 -0.008  2.299  0.852]
[Deoxys INFO] 2025-08-26 20:14:46,956 - Current Robot joint: [ 0.089 -0.194 -0.021 -2.475 -0.008  2.298  0.852]
[Deoxys INFO] 2025-08-26 20:14:46,956 - Desired Robot joint: [ 0.089 -0.193 -0.021 -2.476 -0.008  2.299  0.852]
[Deoxys INFO] 2025-08-26 20:14:47,006 - Current Robot joint: [ 0.089 -0.194 -0.021 -2.475 -0.008  2.298  0.852]
[Deoxys INFO] 2025-08-26 20:14:47,006 - Desired Robot joint: [ 0.089 -0.193 -0.021 -2.476 -0.008  2.299  0.852]
[Deoxys INFO] 2025-08-26 20:14:47,056 - Current Robot joint: [ 0.089 -0.194 -0.021 -2.475 -0.008  2.298  0.852]
[Deoxys INFO] 2025-08-26 20:14:47,057 - Desired Robot joint: [ 0.089 -0.193 -0.021 -2.476 -0.008  2.299  0.852]
[Deoxys INFO] 2025-08-26 20:14:47,107 - Current Robot joint: [ 0.089 -0.194 -0.021 -2.475 -0.008  2.298  0.852]
[Deoxys INFO] 2025-08-26 20:14:47,107 - Desired Robot joint: [ 0.089 -0.193 -0.021 -2.476 -0.008  2.299  0.852]
[Deoxys INFO] 2025-08-26 20:14:47,157 - Current Robot joint: [ 0.089 -0.194 -0.021 -2.475 -0.008  2.298  0.852]
[Deoxys INFO] 2025-08-26 20:14:47,157 - Desired Robot joint: [ 0.089 -0.193 -0.021 -2.476 -0.008  2.299  0.852]
[Deoxys INFO] 2025-08-26 20:14:47,207 - Current Robot joint: [ 0.089 -0.194 -0.021 -2.475 -0.008  2.298  0.852]
[Deoxys INFO] 2025-08-26 20:14:47,207 - Desired Robot joint: [ 0.089 -0.193 -0.021 -2.476 -0.008  2.299  0.852]
[Deoxys INFO] 2025-08-26 20:14:47,257 - Current Robot joint: [ 0.089 -0.194 -0.021 -2.475 -0.008  2.298  0.852]
[Deoxys INFO] 2025-08-26 20:14:47,257 - Desired Robot joint: [ 0.089 -0.193 -0.021 -2.476 -0.008  2.299  0.852]
[Deoxys INFO] 2025-08-26 20:14:47,307 - Current Robot joint: [ 0.089 -0.194 -0.021 -2.475 -0.008  2.298  0.852]
[Deoxys INFO] 2025-08-26 20:14:47,307 - Desired Robot joint: [ 0.089 -0.193 -0.021 -2.476 -0.008  2.299  0.852]
[Deoxys INFO] 2025-08-26 20:14:47,357 - Current Robot joint: [ 0.089 -0.194 -0.021 -2.475 -0.008  2.298  0.852]
[Deoxys INFO] 2025-08-26 20:14:47,357 - Desired Robot joint: [ 0.089 -0.193 -0.021 -2.476 -0.008  2.299  0.852]
[Deoxys INFO] 2025-08-26 20:14:47,407 - Current Robot joint: [ 0.089 -0.194 -0.021 -2.475 -0.008  2.298  0.852]
[Deoxys INFO] 2025-08-26 20:14:47,407 - Desired Robot joint: [ 0.089 -0.193 -0.021 -2.476 -0.008  2.299  0.852]
[Deoxys INFO] 2025-08-26 20:14:47,457 - Current Robot joint: [ 0.089 -0.194 -0.021 -2.475 -0.008  2.298  0.852]
[Deoxys INFO] 2025-08-26 20:14:47,458 - Desired Robot joint: [ 0.089 -0.193 -0.021 -2.476 -0.008  2.299  0.852]
[Deoxys INFO] 2025-08-26 20:14:47,508 - Current Robot joint: [ 0.089 -0.194 -0.021 -2.475 -0.008  2.298  0.852]
[Deoxys INFO] 2025-08-26 20:14:47,508 - Desired Robot joint: [ 0.089 -0.193 -0.021 -2.476 -0.008  2.299  0.852]
[Deoxys INFO] 2025-08-26 20:14:47,558 - Current Robot joint: [ 0.089 -0.194 -0.021 -2.475 -0.008  2.298  0.852]
[Deoxys INFO] 2025-08-26 20:14:47,558 - Desired Robot joint: [ 0.089 -0.193 -0.021 -2.476 -0.008  2.299  0.852]
[Deoxys INFO] 2025-08-26 20:14:47,608 - Current Robot joint: [ 0.089 -0.194 -0.021 -2.475 -0.008  2.298  0.852]
[Deoxys INFO] 2025-08-26 20:14:47,608 - Desired Robot joint: [ 0.089 -0.193 -0.021 -2.476 -0.008  2.299  0.852]
[Deoxys INFO] 2025-08-26 20:14:47,658 - Current Robot joint: [ 0.089 -0.194 -0.021 -2.475 -0.008  2.298  0.852]
[Deoxys INFO] 2025-08-26 20:14:47,659 - Desired Robot joint: [ 0.089 -0.193 -0.021 -2.476 -0.008  2.299  0.852]
[Deoxys INFO] 2025-08-26 20:14:47,709 - Current Robot joint: [ 0.089 -0.194 -0.021 -2.475 -0.008  2.298  0.852]
[Deoxys INFO] 2025-08-26 20:14:47,709 - Desired Robot joint: [ 0.089 -0.193 -0.021 -2.476 -0.008  2.299  0.852]
[Deoxys INFO] 2025-08-26 20:14:47,759 - Current Robot joint: [ 0.089 -0.194 -0.021 -2.475 -0.008  2.298  0.852]
[Deoxys INFO] 2025-08-26 20:14:47,759 - Desired Robot joint: [ 0.089 -0.193 -0.021 -2.476 -0.008  2.299  0.852]
[Deoxys INFO] 2025-08-26 20:14:47,809 - Current Robot joint: [ 0.089 -0.194 -0.021 -2.475 -0.008  2.298  0.852]
[Deoxys INFO] 2025-08-26 20:14:47,809 - Desired Robot joint: [ 0.089 -0.193 -0.021 -2.476 -0.008  2.299  0.852]
[Deoxys INFO] 2025-08-26 20:14:47,859 - Current Robot joint: [ 0.089 -0.194 -0.021 -2.475 -0.008  2.298  0.852]
[Deoxys INFO] 2025-08-26 20:14:47,859 - Desired Robot joint: [ 0.089 -0.193 -0.021 -2.476 -0.008  2.299  0.852]
[Deoxys INFO] 2025-08-26 20:14:47,909 - Current Robot joint: [ 0.089 -0.194 -0.021 -2.475 -0.008  2.298  0.852]
[Deoxys INFO] 2025-08-26 20:14:47,910 - Desired Robot joint: [ 0.089 -0.193 -0.021 -2.476 -0.008  2.299  0.852]
[Deoxys INFO] 2025-08-26 20:14:47,960 - Current Robot joint: [ 0.089 -0.194 -0.021 -2.475 -0.008  2.298  0.852]
[Deoxys INFO] 2025-08-26 20:14:47,960 - Desired Robot joint: [ 0.089 -0.193 -0.021 -2.476 -0.008  2.299  0.852]
[Deoxys INFO] 2025-08-26 20:14:48,010 - Current Robot joint: [ 0.089 -0.194 -0.021 -2.475 -0.008  2.298  0.852]
[Deoxys INFO] 2025-08-26 20:14:48,010 - Desired Robot joint: [ 0.089 -0.193 -0.021 -2.476 -0.008  2.299  0.852]
[Deoxys INFO] 2025-08-26 20:14:48,060 - Current Robot joint: [ 0.089 -0.194 -0.021 -2.475 -0.008  2.298  0.852]
[Deoxys INFO] 2025-08-26 20:14:48,060 - Desired Robot joint: [ 0.089 -0.193 -0.021 -2.476 -0.008  2.299  0.852]
[Deoxys INFO] 2025-08-26 20:14:48,110 - Current Robot joint: [ 0.089 -0.194 -0.021 -2.475 -0.008  2.298  0.852]
[Deoxys INFO] 2025-08-26 20:14:48,110 - Desired Robot joint: [ 0.089 -0.193 -0.021 -2.476 -0.008  2.299  0.852]
[Deoxys INFO] 2025-08-26 20:14:48,160 - Current Robot joint: [ 0.089 -0.194 -0.021 -2.475 -0.008  2.298  0.852]
[Deoxys INFO] 2025-08-26 20:14:48,160 - Desired Robot joint: [ 0.089 -0.193 -0.021 -2.476 -0.008  2.299  0.852]
[Deoxys INFO] 2025-08-26 20:14:48,210 - Current Robot joint: [ 0.089 -0.194 -0.021 -2.475 -0.008  2.298  0.852]
[Deoxys INFO] 2025-08-26 20:14:48,210 - Desired Robot joint: [ 0.089 -0.193 -0.021 -2.476 -0.008  2.299  0.852]
[Deoxys INFO] 2025-08-26 20:14:48,260 - Current Robot joint: [ 0.089 -0.194 -0.021 -2.475 -0.008  2.298  0.852]
[Deoxys INFO] 2025-08-26 20:14:48,261 - Desired Robot joint: [ 0.089 -0.193 -0.021 -2.476 -0.008  2.299  0.852]
[Deoxys INFO] 2025-08-26 20:14:48,310 - Current Robot joint: [ 0.089 -0.194 -0.021 -2.475 -0.008  2.298  0.852]
[Deoxys INFO] 2025-08-26 20:14:48,311 - Desired Robot joint: [ 0.089 -0.193 -0.021 -2.476 -0.008  2.299  0.852]
[Deoxys INFO] 2025-08-26 20:14:48,361 - Current Robot joint: [ 0.089 -0.194 -0.021 -2.475 -0.008  2.298  0.852]
[Deoxys INFO] 2025-08-26 20:14:48,361 - Desired Robot joint: [ 0.089 -0.193 -0.021 -2.476 -0.008  2.299  0.852]
[Deoxys INFO] 2025-08-26 20:14:48,411 - Current Robot joint: [ 0.089 -0.194 -0.021 -2.475 -0.008  2.298  0.852]
[Deoxys INFO] 2025-08-26 20:14:48,411 - Desired Robot joint: [ 0.089 -0.193 -0.021 -2.476 -0.008  2.299  0.852]
[Deoxys INFO] 2025-08-26 20:14:48,461 - Current Robot joint: [ 0.089 -0.194 -0.021 -2.475 -0.008  2.298  0.852]
[Deoxys INFO] 2025-08-26 20:14:48,461 - Desired Robot joint: [ 0.089 -0.193 -0.021 -2.476 -0.008  2.299  0.852]
[Deoxys INFO] 2025-08-26 20:14:48,511 - Current Robot joint: [ 0.089 -0.194 -0.021 -2.475 -0.008  2.298  0.852]
[Deoxys INFO] 2025-08-26 20:14:48,511 - Desired Robot joint: [ 0.089 -0.193 -0.021 -2.476 -0.008  2.299  0.852]
[Deoxys INFO] 2025-08-26 20:14:48,561 - Current Robot joint: [ 0.089 -0.194 -0.021 -2.475 -0.008  2.298  0.852]
[Deoxys INFO] 2025-08-26 20:14:48,561 - Desired Robot joint: [ 0.089 -0.193 -0.021 -2.476 -0.008  2.299  0.852]
[Deoxys INFO] 2025-08-26 20:14:48,611 - Current Robot joint: [ 0.089 -0.194 -0.021 -2.475 -0.008  2.298  0.852]
[Deoxys INFO] 2025-08-26 20:14:48,611 - Desired Robot joint: [ 0.089 -0.193 -0.021 -2.476 -0.008  2.299  0.852]
[Deoxys INFO] 2025-08-26 20:14:48,661 - Current Robot joint: [ 0.089 -0.194 -0.021 -2.475 -0.008  2.298  0.852]
[Deoxys INFO] 2025-08-26 20:14:48,662 - Desired Robot joint: [ 0.089 -0.193 -0.021 -2.476 -0.008  2.299  0.852]
[Deoxys INFO] 2025-08-26 20:14:48,712 - Current Robot joint: [ 0.089 -0.194 -0.021 -2.475 -0.008  2.298  0.852]
[Deoxys INFO] 2025-08-26 20:14:48,712 - Desired Robot joint: [ 0.089 -0.193 -0.021 -2.476 -0.008  2.299  0.852]
[Deoxys INFO] 2025-08-26 20:14:48,762 - Current Robot joint: [ 0.089 -0.194 -0.021 -2.475 -0.008  2.298  0.852]
[Deoxys INFO] 2025-08-26 20:14:48,762 - Desired Robot joint: [ 0.089 -0.193 -0.021 -2.476 -0.008  2.299  0.852]
[Deoxys INFO] 2025-08-26 20:14:48,812 - Current Robot joint: [ 0.089 -0.194 -0.021 -2.475 -0.008  2.298  0.852]
[Deoxys INFO] 2025-08-26 20:14:48,812 - Desired Robot joint: [ 0.089 -0.193 -0.021 -2.476 -0.008  2.299  0.852]
[Deoxys INFO] 2025-08-26 20:14:48,862 - Current Robot joint: [ 0.089 -0.194 -0.021 -2.475 -0.008  2.298  0.852]
[Deoxys INFO] 2025-08-26 20:14:48,862 - Desired Robot joint: [ 0.089 -0.193 -0.021 -2.476 -0.008  2.299  0.852]
[Deoxys INFO] 2025-08-26 20:17:14,400 - Current Robot joint: [-2.893  0.145  2.3   -1.353  2.877  1.972  2.852]
[Deoxys INFO] 2025-08-26 20:17:14,400 - Desired Robot joint: [-2.893  0.145  2.3   -1.353  2.877  1.972  2.852]
[Deoxys INFO] 2025-08-26 20:17:14,401 - Current Robot joint: [-2.893  0.145  2.3   -1.353  2.877  1.972  2.852]
[Deoxys INFO] 2025-08-26 20:17:14,401 - Desired Robot joint: [-2.893  0.145  2.3   -1.353  2.877  1.972  2.852]
[Deoxys INFO] 2025-08-26 20:17:14,451 - Current Robot joint: [-2.893  0.145  2.3   -1.353  2.877  1.972  2.852]
[Deoxys INFO] 2025-08-26 20:17:14,451 - Desired Robot joint: [-2.893  0.145  2.3   -1.353  2.877  1.972  2.852]
[Deoxys INFO] 2025-08-26 20:17:14,501 - Current Robot joint: [-2.893  0.145  2.301 -1.353  2.877  1.972  2.852]
[Deoxys INFO] 2025-08-26 20:17:14,502 - Desired Robot joint: [-2.893  0.144  2.3   -1.354  2.877  1.973  2.852]
[Deoxys INFO] 2025-08-26 20:17:14,551 - Current Robot joint: [-2.892  0.142  2.3   -1.354  2.877  1.975  2.852]
[Deoxys INFO] 2025-08-26 20:17:14,552 - Desired Robot joint: [-2.892  0.141  2.3   -1.355  2.877  1.976  2.851]
[Deoxys INFO] 2025-08-26 20:17:14,602 - Current Robot joint: [-2.892  0.138  2.299 -1.357  2.876  1.979  2.85 ]
[Deoxys INFO] 2025-08-26 20:17:14,602 - Desired Robot joint: [-2.892  0.137  2.298 -1.358  2.876  1.98   2.85 ]
[Deoxys INFO] 2025-08-26 20:17:14,652 - Current Robot joint: [-2.89   0.134  2.296 -1.362  2.875  1.983  2.847]
[Deoxys INFO] 2025-08-26 20:17:14,652 - Desired Robot joint: [-2.89   0.133  2.295 -1.364  2.874  1.984  2.846]
[Deoxys INFO] 2025-08-26 20:17:14,702 - Current Robot joint: [-2.888  0.13   2.292 -1.37   2.872  1.988  2.842]
[Deoxys INFO] 2025-08-26 20:17:14,702 - Desired Robot joint: [-2.888  0.129  2.291 -1.372  2.871  1.988  2.841]
[Deoxys INFO] 2025-08-26 20:17:14,752 - Current Robot joint: [-2.884  0.125  2.286 -1.381  2.867  1.992  2.834]
[Deoxys INFO] 2025-08-26 20:17:14,752 - Desired Robot joint: [-2.884  0.124  2.285 -1.383  2.867  1.992  2.834]
[Deoxys INFO] 2025-08-26 20:17:14,802 - Current Robot joint: [-2.881  0.122  2.28  -1.39   2.863  1.995  2.827]
[Deoxys INFO] 2025-08-26 20:17:14,802 - Desired Robot joint: [-2.879  0.12   2.277 -1.396  2.861  1.997  2.824]
[Deoxys INFO] 2025-08-26 20:17:14,852 - Current Robot joint: [-2.875  0.118  2.269 -1.405  2.856  1.999  2.815]
[Deoxys INFO] 2025-08-26 20:17:14,852 - Desired Robot joint: [-2.874  0.117  2.268 -1.407  2.855  2.     2.815]
[Deoxys INFO] 2025-08-26 20:17:14,902 - Current Robot joint: [-2.867  0.114  2.257 -1.42   2.847  2.003  2.801]
[Deoxys INFO] 2025-08-26 20:17:14,903 - Desired Robot joint: [-2.866  0.113  2.256 -1.422  2.846  2.004  2.8  ]
[Deoxys INFO] 2025-08-26 20:17:14,953 - Current Robot joint: [-2.858  0.109  2.242 -1.435  2.836  2.007  2.785]
[Deoxys INFO] 2025-08-26 20:17:14,953 - Desired Robot joint: [-2.857  0.108  2.241 -1.437  2.835  2.008  2.783]
[Deoxys INFO] 2025-08-26 20:17:15,003 - Current Robot joint: [-2.847  0.105  2.225 -1.45   2.823  2.011  2.765]
[Deoxys INFO] 2025-08-26 20:17:15,003 - Desired Robot joint: [-2.846  0.104  2.223 -1.453  2.822  2.012  2.764]
[Deoxys INFO] 2025-08-26 20:17:15,053 - Current Robot joint: [-2.833  0.101  2.205 -1.465  2.808  2.016  2.744]
[Deoxys INFO] 2025-08-26 20:17:15,053 - Desired Robot joint: [-2.832  0.1    2.203 -1.468  2.807  2.016  2.742]
[Deoxys INFO] 2025-08-26 20:17:15,103 - Current Robot joint: [-2.818  0.097  2.183 -1.48   2.79   2.02   2.72 ]
[Deoxys INFO] 2025-08-26 20:17:15,103 - Desired Robot joint: [-2.817  0.096  2.181 -1.483  2.789  2.02   2.719]
[Deoxys INFO] 2025-08-26 20:17:15,153 - Current Robot joint: [-2.801  0.093  2.157 -1.495  2.77   2.024  2.694]
[Deoxys INFO] 2025-08-26 20:17:15,153 - Desired Robot joint: [-2.8    0.091  2.156 -1.498  2.769  2.025  2.693]
[Deoxys INFO] 2025-08-26 20:17:15,203 - Current Robot joint: [-2.781  0.088  2.13  -1.511  2.748  2.028  2.666]
[Deoxys INFO] 2025-08-26 20:17:15,204 - Desired Robot joint: [-2.78   0.087  2.128 -1.513  2.746  2.029  2.665]
[Deoxys INFO] 2025-08-26 20:17:15,253 - Current Robot joint: [-2.759  0.084  2.1   -1.526  2.723  2.032  2.637]
[Deoxys INFO] 2025-08-26 20:17:15,254 - Desired Robot joint: [-2.757  0.083  2.098 -1.528  2.721  2.033  2.636]
[Deoxys INFO] 2025-08-26 20:17:15,304 - Current Robot joint: [-2.734  0.08   2.068 -1.541  2.695  2.036  2.607]
[Deoxys INFO] 2025-08-26 20:17:15,304 - Desired Robot joint: [-2.732  0.079  2.066 -1.543  2.694  2.037  2.605]
[Deoxys INFO] 2025-08-26 20:17:15,354 - Current Robot joint: [-2.707  0.075  2.035 -1.556  2.665  2.04   2.576]
[Deoxys INFO] 2025-08-26 20:17:15,354 - Desired Robot joint: [-2.705  0.074  2.032 -1.558  2.663  2.041  2.575]
[Deoxys INFO] 2025-08-26 20:17:15,404 - Current Robot joint: [-2.677  0.071  1.999 -1.571  2.632  2.044  2.546]
[Deoxys INFO] 2025-08-26 20:17:15,404 - Desired Robot joint: [-2.675  0.07   1.997 -1.573  2.63   2.045  2.544]
[Deoxys INFO] 2025-08-26 20:17:15,454 - Current Robot joint: [-2.651  0.068  1.97  -1.583  2.604  2.048  2.521]
[Deoxys INFO] 2025-08-26 20:17:15,454 - Desired Robot joint: [-2.643  0.066  1.96  -1.589  2.595  2.049  2.514]
[Deoxys INFO] 2025-08-26 20:17:15,504 - Current Robot joint: [-2.618  0.064  1.933 -1.598  2.567  2.052  2.491]
[Deoxys INFO] 2025-08-26 20:17:15,504 - Desired Robot joint: [-2.615  0.063  1.931 -1.6    2.565  2.053  2.49 ]
[Deoxys INFO] 2025-08-26 20:17:15,554 - Current Robot joint: [-2.581  0.059  1.896 -1.613  2.527  2.056  2.461]
[Deoxys INFO] 2025-08-26 20:17:15,554 - Desired Robot joint: [-2.578  0.058  1.893 -1.616  2.525  2.057  2.459]
[Deoxys INFO] 2025-08-26 20:17:15,604 - Current Robot joint: [-2.541  0.055  1.857 -1.628  2.485  2.06   2.43 ]
[Deoxys INFO] 2025-08-26 20:17:15,605 - Desired Robot joint: [-2.539  0.054  1.855 -1.631  2.483  2.061  2.428]
[Deoxys INFO] 2025-08-26 20:17:15,655 - Current Robot joint: [-2.499  0.051  1.819 -1.644  2.44   2.064  2.399]
[Deoxys INFO] 2025-08-26 20:17:15,655 - Desired Robot joint: [-2.496  0.05   1.817 -1.646  2.438  2.065  2.398]
[Deoxys INFO] 2025-08-26 20:17:15,705 - Current Robot joint: [-2.454  0.046  1.781 -1.659  2.394  2.068  2.369]
[Deoxys INFO] 2025-08-26 20:17:15,705 - Desired Robot joint: [-2.452  0.046  1.779 -1.661  2.391  2.069  2.367]
[Deoxys INFO] 2025-08-26 20:17:15,755 - Current Robot joint: [-2.407  0.042  1.743 -1.674  2.345  2.072  2.338]
[Deoxys INFO] 2025-08-26 20:17:15,755 - Desired Robot joint: [-2.404  0.041  1.741 -1.676  2.342  2.073  2.337]
[Deoxys INFO] 2025-08-26 20:17:15,805 - Current Robot joint: [-2.357  0.038  1.705 -1.689  2.294  2.076  2.308]
[Deoxys INFO] 2025-08-26 20:17:15,805 - Desired Robot joint: [-2.355  0.037  1.703 -1.691  2.291  2.077  2.306]
[Deoxys INFO] 2025-08-26 20:17:15,855 - Current Robot joint: [-2.305  0.033  1.667 -1.704  2.241  2.081  2.277]
[Deoxys INFO] 2025-08-26 20:17:15,855 - Desired Robot joint: [-2.302  0.033  1.664 -1.706  2.238  2.081  2.275]
[Deoxys INFO] 2025-08-26 20:17:15,905 - Current Robot joint: [-2.251  0.029  1.629 -1.719  2.187  2.085  2.247]
[Deoxys INFO] 2025-08-26 20:17:15,905 - Desired Robot joint: [-2.248  0.029  1.626 -1.722  2.183  2.086  2.245]
[Deoxys INFO] 2025-08-26 20:17:15,955 - Current Robot joint: [-2.194  0.025  1.591 -1.734  2.131  2.089  2.216]
[Deoxys INFO] 2025-08-26 20:17:15,955 - Desired Robot joint: [-2.191  0.024  1.588 -1.737  2.128  2.09   2.214]
[Deoxys INFO] 2025-08-26 20:17:16,005 - Current Robot joint: [-2.136  0.021  1.552 -1.749  2.074  2.093  2.185]
[Deoxys INFO] 2025-08-26 20:17:16,005 - Desired Robot joint: [-2.132  0.02   1.55  -1.752  2.07   2.094  2.184]
[Deoxys INFO] 2025-08-26 20:17:16,055 - Current Robot joint: [-2.075  0.016  1.514 -1.765  2.016  2.097  2.155]
[Deoxys INFO] 2025-08-26 20:17:16,056 - Desired Robot joint: [-2.072  0.016  1.512 -1.767  2.012  2.098  2.153]
[Deoxys INFO] 2025-08-26 20:17:16,106 - Current Robot joint: [-2.025  0.013  1.484 -1.777  1.969  2.1    2.13 ]
[Deoxys INFO] 2025-08-26 20:17:16,106 - Desired Robot joint: [-2.021  0.012  1.481 -1.779  1.965  2.101  2.129]
[Deoxys INFO] 2025-08-26 20:17:16,156 - Current Robot joint: [-1.961  0.009  1.446 -1.792  1.909  2.105  2.1  ]
[Deoxys INFO] 2025-08-26 20:17:16,156 - Desired Robot joint: [-1.957  0.008  1.443 -1.794  1.906  2.105  2.098]
[Deoxys INFO] 2025-08-26 20:17:16,206 - Current Robot joint: [-1.895  0.004  1.408 -1.807  1.85   2.109  2.069]
[Deoxys INFO] 2025-08-26 20:17:16,206 - Desired Robot joint: [-1.892  0.004  1.405 -1.81   1.847  2.11   2.067]
[Deoxys INFO] 2025-08-26 20:17:16,256 - Current Robot joint: [-1.828  0.     1.369 -1.822  1.79   2.113  2.038]
[Deoxys INFO] 2025-08-26 20:17:16,256 - Desired Robot joint: [-1.824 -0.     1.367 -1.825  1.787  2.114  2.037]
[Deoxys INFO] 2025-08-26 20:17:16,306 - Current Robot joint: [-1.761 -0.004  1.332 -1.837  1.732  2.117  2.008]
[Deoxys INFO] 2025-08-26 20:17:16,307 - Desired Robot joint: [-1.757 -0.004  1.33  -1.84   1.729  2.118  2.007]
[Deoxys INFO] 2025-08-26 20:17:16,357 - Current Robot joint: [-1.691 -0.009  1.294 -1.852  1.673  2.121  1.978]
[Deoxys INFO] 2025-08-26 20:17:16,357 - Desired Robot joint: [-1.688 -0.009  1.292 -1.855  1.669  2.122  1.976]
[Deoxys INFO] 2025-08-26 20:17:16,407 - Current Robot joint: [-1.621 -0.013  1.256 -1.867  1.613  2.125  1.947]
[Deoxys INFO] 2025-08-26 20:17:16,407 - Desired Robot joint: [-1.617 -0.013  1.253 -1.87   1.61   2.126  1.946]
[Deoxys INFO] 2025-08-26 20:17:16,457 - Current Robot joint: [-1.55  -0.017  1.218 -1.883  1.554  2.13   1.917]
[Deoxys INFO] 2025-08-26 20:17:16,457 - Desired Robot joint: [-1.546 -0.017  1.215 -1.885  1.551  2.13   1.915]
[Deoxys INFO] 2025-08-26 20:17:16,507 - Current Robot joint: [-1.478 -0.021  1.18  -1.898  1.494  2.134  1.886]
[Deoxys INFO] 2025-08-26 20:17:16,507 - Desired Robot joint: [-1.474 -0.021  1.177 -1.9    1.491  2.134  1.884]
[Deoxys INFO] 2025-08-26 20:17:16,557 - Current Robot joint: [-1.406 -0.026  1.141 -1.913  1.435  2.138  1.855]
[Deoxys INFO] 2025-08-26 20:17:16,557 - Desired Robot joint: [-1.403 -0.026  1.139 -1.915  1.432  2.138  1.854]
[Deoxys INFO] 2025-08-26 20:17:16,607 - Current Robot joint: [-1.334 -0.03   1.103 -1.928  1.376  2.142  1.825]
[Deoxys INFO] 2025-08-26 20:17:16,607 - Desired Robot joint: [-1.331 -0.03   1.101 -1.93   1.372  2.143  1.823]
[Deoxys INFO] 2025-08-26 20:17:16,657 - Current Robot joint: [-1.282 -0.033  1.075 -1.939  1.334  2.144  1.803]
[Deoxys INFO] 2025-08-26 20:17:16,658 - Desired Robot joint: [-1.279 -0.033  1.073 -1.941  1.329  2.146  1.801]
[Deoxys INFO] 2025-08-26 20:17:16,707 - Current Robot joint: [-1.282 -0.033  1.075 -1.939  1.334  2.144  1.803]
[Deoxys INFO] 2025-08-26 20:17:16,708 - Desired Robot joint: [-1.279 -0.033  1.073 -1.941  1.329  2.146  1.801]
[Deoxys INFO] 2025-08-26 20:17:16,758 - Current Robot joint: [-1.282 -0.033  1.075 -1.939  1.334  2.144  1.803]
[Deoxys INFO] 2025-08-26 20:17:16,758 - Desired Robot joint: [-1.279 -0.033  1.073 -1.941  1.329  2.146  1.801]
[Deoxys INFO] 2025-08-26 20:17:16,808 - Current Robot joint: [-1.282 -0.033  1.075 -1.939  1.334  2.144  1.803]
[Deoxys INFO] 2025-08-26 20:17:16,808 - Desired Robot joint: [-1.279 -0.033  1.073 -1.941  1.329  2.146  1.801]
[Deoxys INFO] 2025-08-26 20:17:16,858 - Current Robot joint: [-1.282 -0.033  1.075 -1.939  1.334  2.144  1.803]
[Deoxys INFO] 2025-08-26 20:17:16,858 - Desired Robot joint: [-1.279 -0.033  1.073 -1.941  1.329  2.146  1.801]
[Deoxys INFO] 2025-08-26 20:17:16,908 - Current Robot joint: [-1.282 -0.033  1.075 -1.939  1.334  2.144  1.803]
[Deoxys INFO] 2025-08-26 20:17:16,908 - Desired Robot joint: [-1.279 -0.033  1.073 -1.941  1.329  2.146  1.801]
[Deoxys INFO] 2025-08-26 20:17:16,958 - Current Robot joint: [-1.282 -0.033  1.075 -1.939  1.334  2.144  1.803]
[Deoxys INFO] 2025-08-26 20:17:16,958 - Desired Robot joint: [-1.279 -0.033  1.073 -1.941  1.329  2.146  1.801]
[Deoxys INFO] 2025-08-26 20:17:17,008 - Current Robot joint: [-1.282 -0.033  1.075 -1.939  1.334  2.144  1.803]
[Deoxys INFO] 2025-08-26 20:17:17,008 - Desired Robot joint: [-1.279 -0.033  1.073 -1.941  1.329  2.146  1.801]
[Deoxys INFO] 2025-08-26 20:17:17,058 - Current Robot joint: [-1.282 -0.033  1.075 -1.939  1.334  2.144  1.803]
[Deoxys INFO] 2025-08-26 20:17:17,059 - Desired Robot joint: [-1.279 -0.033  1.073 -1.941  1.329  2.146  1.801]
[Deoxys INFO] 2025-08-26 20:17:17,109 - Current Robot joint: [-1.282 -0.033  1.075 -1.939  1.334  2.144  1.803]
[Deoxys INFO] 2025-08-26 20:17:17,109 - Desired Robot joint: [-1.279 -0.033  1.073 -1.941  1.329  2.146  1.801]
[Deoxys INFO] 2025-08-26 20:17:17,159 - Current Robot joint: [-1.282 -0.033  1.075 -1.939  1.334  2.144  1.803]
[Deoxys INFO] 2025-08-26 20:17:17,159 - Desired Robot joint: [-1.279 -0.033  1.073 -1.941  1.329  2.146  1.801]
[Deoxys INFO] 2025-08-26 20:17:17,209 - Current Robot joint: [-1.282 -0.033  1.075 -1.939  1.334  2.144  1.803]
[Deoxys INFO] 2025-08-26 20:17:17,209 - Desired Robot joint: [-1.279 -0.033  1.073 -1.941  1.329  2.146  1.801]
[Deoxys INFO] 2025-08-26 20:17:17,259 - Current Robot joint: [-1.282 -0.033  1.075 -1.939  1.334  2.144  1.803]
[Deoxys INFO] 2025-08-26 20:17:17,259 - Desired Robot joint: [-1.279 -0.033  1.073 -1.941  1.329  2.146  1.801]
[Deoxys INFO] 2025-08-26 20:17:17,309 - Current Robot joint: [-1.282 -0.033  1.075 -1.939  1.334  2.144  1.803]
[Deoxys INFO] 2025-08-26 20:17:17,309 - Desired Robot joint: [-1.279 -0.033  1.073 -1.941  1.329  2.146  1.801]
[Deoxys INFO] 2025-08-26 20:17:17,359 - Current Robot joint: [-1.282 -0.033  1.075 -1.939  1.334  2.144  1.803]
[Deoxys INFO] 2025-08-26 20:17:17,360 - Desired Robot joint: [-1.279 -0.033  1.073 -1.941  1.329  2.146  1.801]
[Deoxys INFO] 2025-08-26 20:17:17,409 - Current Robot joint: [-1.282 -0.033  1.075 -1.939  1.334  2.144  1.803]
[Deoxys INFO] 2025-08-26 20:17:17,410 - Desired Robot joint: [-1.279 -0.033  1.073 -1.941  1.329  2.146  1.801]
[Deoxys INFO] 2025-08-26 20:17:17,460 - Current Robot joint: [-1.282 -0.033  1.075 -1.939  1.334  2.144  1.803]
[Deoxys INFO] 2025-08-26 20:17:17,460 - Desired Robot joint: [-1.279 -0.033  1.073 -1.941  1.329  2.146  1.801]
[Deoxys INFO] 2025-08-26 20:17:17,510 - Current Robot joint: [-1.282 -0.033  1.075 -1.939  1.334  2.144  1.803]
[Deoxys INFO] 2025-08-26 20:17:17,510 - Desired Robot joint: [-1.279 -0.033  1.073 -1.941  1.329  2.146  1.801]
[Deoxys INFO] 2025-08-26 20:17:17,560 - Current Robot joint: [-1.282 -0.033  1.075 -1.939  1.334  2.144  1.803]
[Deoxys INFO] 2025-08-26 20:17:17,560 - Desired Robot joint: [-1.279 -0.033  1.073 -1.941  1.329  2.146  1.801]
[Deoxys INFO] 2025-08-26 20:17:17,610 - Current Robot joint: [-1.282 -0.033  1.075 -1.939  1.334  2.144  1.803]
[Deoxys INFO] 2025-08-26 20:17:17,610 - Desired Robot joint: [-1.279 -0.033  1.073 -1.941  1.329  2.146  1.801]
[Deoxys INFO] 2025-08-26 20:17:17,660 - Current Robot joint: [-1.282 -0.033  1.075 -1.939  1.334  2.144  1.803]
[Deoxys INFO] 2025-08-26 20:17:17,661 - Desired Robot joint: [-1.279 -0.033  1.073 -1.941  1.329  2.146  1.801]
[Deoxys INFO] 2025-08-26 20:17:17,710 - Current Robot joint: [-1.282 -0.033  1.075 -1.939  1.334  2.144  1.803]
[Deoxys INFO] 2025-08-26 20:17:17,711 - Desired Robot joint: [-1.279 -0.033  1.073 -1.941  1.329  2.146  1.801]
[Deoxys INFO] 2025-08-26 20:17:17,761 - Current Robot joint: [-1.282 -0.033  1.075 -1.939  1.334  2.144  1.803]
[Deoxys INFO] 2025-08-26 20:17:17,761 - Desired Robot joint: [-1.279 -0.033  1.073 -1.941  1.329  2.146  1.801]
[Deoxys INFO] 2025-08-26 20:17:17,811 - Current Robot joint: [-1.282 -0.033  1.075 -1.939  1.334  2.144  1.803]
[Deoxys INFO] 2025-08-26 20:17:17,811 - Desired Robot joint: [-1.279 -0.033  1.073 -1.941  1.329  2.146  1.801]
[Deoxys INFO] 2025-08-26 20:17:17,861 - Current Robot joint: [-1.282 -0.033  1.075 -1.939  1.334  2.144  1.803]
[Deoxys INFO] 2025-08-26 20:17:17,861 - Desired Robot joint: [-1.279 -0.033  1.073 -1.941  1.329  2.146  1.801]
[Deoxys INFO] 2025-08-26 20:17:17,911 - Current Robot joint: [-1.282 -0.033  1.075 -1.939  1.334  2.144  1.803]
[Deoxys INFO] 2025-08-26 20:17:17,911 - Desired Robot joint: [-1.279 -0.033  1.073 -1.941  1.329  2.146  1.801]
[Deoxys INFO] 2025-08-26 20:17:17,961 - Current Robot joint: [-1.282 -0.033  1.075 -1.939  1.334  2.144  1.803]
[Deoxys INFO] 2025-08-26 20:17:17,961 - Desired Robot joint: [-1.279 -0.033  1.073 -1.941  1.329  2.146  1.801]
[Deoxys INFO] 2025-08-26 20:17:18,011 - Current Robot joint: [-1.282 -0.033  1.075 -1.939  1.334  2.144  1.803]
[Deoxys INFO] 2025-08-26 20:17:18,011 - Desired Robot joint: [-1.279 -0.033  1.073 -1.941  1.329  2.146  1.801]
[Deoxys INFO] 2025-08-26 20:17:18,061 - Current Robot joint: [-1.282 -0.033  1.075 -1.939  1.334  2.144  1.803]
[Deoxys INFO] 2025-08-26 20:17:18,062 - Desired Robot joint: [-1.279 -0.033  1.073 -1.941  1.329  2.146  1.801]
[Deoxys INFO] 2025-08-26 20:17:18,111 - Current Robot joint: [-1.282 -0.033  1.075 -1.939  1.334  2.144  1.803]
[Deoxys INFO] 2025-08-26 20:17:18,112 - Desired Robot joint: [-1.279 -0.033  1.073 -1.941  1.329  2.146  1.801]
[Deoxys INFO] 2025-08-26 20:17:18,162 - Current Robot joint: [-1.282 -0.033  1.075 -1.939  1.334  2.144  1.803]
[Deoxys INFO] 2025-08-26 20:17:18,162 - Desired Robot joint: [-1.279 -0.033  1.073 -1.941  1.329  2.146  1.801]
[Deoxys INFO] 2025-08-26 20:17:18,212 - Current Robot joint: [-1.282 -0.033  1.075 -1.939  1.334  2.144  1.803]
[Deoxys INFO] 2025-08-26 20:17:18,212 - Desired Robot joint: [-1.279 -0.033  1.073 -1.941  1.329  2.146  1.801]
[Deoxys INFO] 2025-08-26 20:17:18,262 - Current Robot joint: [-1.282 -0.033  1.075 -1.939  1.334  2.144  1.803]
[Deoxys INFO] 2025-08-26 20:17:18,262 - Desired Robot joint: [-1.279 -0.033  1.073 -1.941  1.329  2.146  1.801]
[Deoxys INFO] 2025-08-26 20:17:18,312 - Current Robot joint: [-1.282 -0.033  1.075 -1.939  1.334  2.144  1.803]
[Deoxys INFO] 2025-08-26 20:17:18,312 - Desired Robot joint: [-1.279 -0.033  1.073 -1.941  1.329  2.146  1.801]
[Deoxys INFO] 2025-08-26 20:17:18,362 - Current Robot joint: [-1.282 -0.033  1.075 -1.939  1.334  2.144  1.803]
[Deoxys INFO] 2025-08-26 20:17:18,362 - Desired Robot joint: [-1.279 -0.033  1.073 -1.941  1.329  2.146  1.801]
[Deoxys INFO] 2025-08-26 20:17:18,412 - Current Robot joint: [-1.282 -0.033  1.075 -1.939  1.334  2.144  1.803]
[Deoxys INFO] 2025-08-26 20:17:18,413 - Desired Robot joint: [-1.279 -0.033  1.073 -1.941  1.329  2.146  1.801]
[Deoxys INFO] 2025-08-26 20:17:18,462 - Current Robot joint: [-1.282 -0.033  1.075 -1.939  1.334  2.144  1.803]
[Deoxys INFO] 2025-08-26 20:17:18,463 - Desired Robot joint: [-1.279 -0.033  1.073 -1.941  1.329  2.146  1.801]
[Deoxys INFO] 2025-08-26 20:17:18,513 - Current Robot joint: [-1.282 -0.033  1.075 -1.939  1.334  2.144  1.803]
[Deoxys INFO] 2025-08-26 20:17:18,513 - Desired Robot joint: [-1.279 -0.033  1.073 -1.941  1.329  2.146  1.801]
[Deoxys INFO] 2025-08-26 20:17:18,563 - Current Robot joint: [-1.282 -0.033  1.075 -1.939  1.334  2.144  1.803]
[Deoxys INFO] 2025-08-26 20:17:18,563 - Desired Robot joint: [-1.279 -0.033  1.073 -1.941  1.329  2.146  1.801]
[Deoxys INFO] 2025-08-26 20:17:18,613 - Current Robot joint: [-1.282 -0.033  1.075 -1.939  1.334  2.144  1.803]
[Deoxys INFO] 2025-08-26 20:17:18,613 - Desired Robot joint: [-1.279 -0.033  1.073 -1.941  1.329  2.146  1.801]
[Deoxys INFO] 2025-08-26 20:17:38,503 - Current Robot joint: [-1.264 -0.037  1.069 -1.933  1.313  2.145  1.794]
[Deoxys INFO] 2025-08-26 20:17:38,504 - Desired Robot joint: [-1.264 -0.036  1.069 -1.934  1.313  2.145  1.794]
[Deoxys INFO] 2025-08-26 20:17:38,504 - Current Robot joint: [-1.264 -0.037  1.069 -1.933  1.313  2.145  1.794]
[Deoxys INFO] 2025-08-26 20:17:38,504 - Desired Robot joint: [-1.264 -0.036  1.069 -1.934  1.313  2.145  1.794]
[Deoxys INFO] 2025-08-26 20:17:38,555 - Current Robot joint: [-1.264 -0.037  1.069 -1.933  1.313  2.145  1.794]
[Deoxys INFO] 2025-08-26 20:17:38,555 - Desired Robot joint: [-1.264 -0.036  1.069 -1.934  1.313  2.145  1.794]
[Deoxys INFO] 2025-08-26 20:17:38,605 - Current Robot joint: [-1.264 -0.038  1.069 -1.933  1.313  2.147  1.794]
[Deoxys INFO] 2025-08-26 20:17:38,605 - Desired Robot joint: [-1.264 -0.038  1.069 -1.934  1.313  2.147  1.794]
[Deoxys INFO] 2025-08-26 20:17:38,655 - Current Robot joint: [-1.263 -0.041  1.068 -1.935  1.313  2.149  1.793]
[Deoxys INFO] 2025-08-26 20:17:38,655 - Desired Robot joint: [-1.263 -0.041  1.068 -1.937  1.312  2.15   1.792]
[Deoxys INFO] 2025-08-26 20:17:38,705 - Current Robot joint: [-1.262 -0.044  1.066 -1.939  1.311  2.152  1.79 ]
[Deoxys INFO] 2025-08-26 20:17:38,705 - Desired Robot joint: [-1.262 -0.044  1.066 -1.941  1.31   2.153  1.79 ]
[Deoxys INFO] 2025-08-26 20:17:38,755 - Current Robot joint: [-1.26  -0.047  1.062 -1.947  1.308  2.155  1.785]
[Deoxys INFO] 2025-08-26 20:17:38,756 - Desired Robot joint: [-1.259 -0.046  1.061 -1.949  1.308  2.156  1.785]
[Deoxys INFO] 2025-08-26 20:17:38,805 - Current Robot joint: [-1.256 -0.05   1.056 -1.956  1.304  2.158  1.778]
[Deoxys INFO] 2025-08-26 20:17:38,806 - Desired Robot joint: [-1.255 -0.049  1.055 -1.958  1.303  2.159  1.778]
[Deoxys INFO] 2025-08-26 20:17:38,856 - Current Robot joint: [-1.25  -0.053  1.048 -1.967  1.298  2.161  1.769]
[Deoxys INFO] 2025-08-26 20:17:38,856 - Desired Robot joint: [-1.25  -0.052  1.047 -1.969  1.297  2.161  1.768]
[Deoxys INFO] 2025-08-26 20:17:38,906 - Current Robot joint: [-1.243 -0.055  1.037 -1.977  1.29   2.164  1.756]
[Deoxys INFO] 2025-08-26 20:17:38,906 - Desired Robot joint: [-1.243 -0.055  1.036 -1.98   1.289  2.164  1.755]
[Deoxys INFO] 2025-08-26 20:17:38,956 - Current Robot joint: [-1.234 -0.059  1.023 -1.988  1.279  2.167  1.742]
[Deoxys INFO] 2025-08-26 20:17:38,956 - Desired Robot joint: [-1.233 -0.058  1.022 -1.99   1.278  2.167  1.741]
[Deoxys INFO] 2025-08-26 20:17:39,006 - Current Robot joint: [-1.223 -0.061  1.007 -1.999  1.267  2.17   1.725]
[Deoxys INFO] 2025-08-26 20:17:39,006 - Desired Robot joint: [-1.222 -0.061  1.006 -2.001  1.265  2.17   1.723]
[Deoxys INFO] 2025-08-26 20:17:39,056 - Current Robot joint: [-1.209 -0.064  0.989 -2.01   1.251  2.173  1.705]
[Deoxys INFO] 2025-08-26 20:17:39,057 - Desired Robot joint: [-1.208 -0.064  0.987 -2.012  1.25   2.173  1.704]
[Deoxys INFO] 2025-08-26 20:17:39,106 - Current Robot joint: [-1.193 -0.067  0.968 -2.021  1.233  2.176  1.685]
[Deoxys INFO] 2025-08-26 20:17:39,107 - Desired Robot joint: [-1.192 -0.067  0.966 -2.023  1.232  2.176  1.684]
[Deoxys INFO] 2025-08-26 20:17:39,157 - Current Robot joint: [-1.174 -0.07   0.945 -2.032  1.213  2.179  1.663]
[Deoxys INFO] 2025-08-26 20:17:39,157 - Desired Robot joint: [-1.173 -0.07   0.943 -2.034  1.212  2.179  1.662]
[Deoxys INFO] 2025-08-26 20:17:39,207 - Current Robot joint: [-1.153 -0.073  0.92  -2.043  1.19   2.182  1.642]
[Deoxys INFO] 2025-08-26 20:17:39,207 - Desired Robot joint: [-1.152 -0.073  0.918 -2.045  1.188  2.182  1.64 ]
[Deoxys INFO] 2025-08-26 20:17:39,257 - Current Robot joint: [-1.129 -0.076  0.894 -2.054  1.165  2.185  1.62 ]
[Deoxys INFO] 2025-08-26 20:17:39,257 - Desired Robot joint: [-1.128 -0.076  0.892 -2.056  1.163  2.185  1.618]
[Deoxys INFO] 2025-08-26 20:17:39,307 - Current Robot joint: [-1.109 -0.079  0.873 -2.062  1.143  2.187  1.603]
[Deoxys INFO] 2025-08-26 20:17:39,307 - Desired Robot joint: [-1.101 -0.079  0.865 -2.067  1.135  2.188  1.596]
[Deoxys INFO] 2025-08-26 20:17:39,357 - Current Robot joint: [-1.08  -0.082  0.846 -2.073  1.113  2.19   1.581]
[Deoxys INFO] 2025-08-26 20:17:39,357 - Desired Robot joint: [-1.079 -0.081  0.844 -2.075  1.111  2.191  1.579]
[Deoxys INFO] 2025-08-26 20:17:39,407 - Current Robot joint: [-1.049 -0.084  0.819 -2.084  1.081  2.193  1.559]
[Deoxys INFO] 2025-08-26 20:17:39,408 - Desired Robot joint: [-1.048 -0.084  0.817 -2.086  1.079  2.193  1.557]
[Deoxys INFO] 2025-08-26 20:17:39,457 - Current Robot joint: [-1.016 -0.087  0.791 -2.095  1.047  2.196  1.537]
[Deoxys INFO] 2025-08-26 20:17:39,458 - Desired Robot joint: [-1.014 -0.087  0.79  -2.097  1.044  2.196  1.536]
[Deoxys INFO] 2025-08-26 20:17:39,507 - Current Robot joint: [-0.98  -0.09   0.764 -2.106  1.01   2.199  1.515]
[Deoxys INFO] 2025-08-26 20:17:39,508 - Desired Robot joint: [-0.978 -0.09   0.763 -2.108  1.008  2.199  1.514]
[Deoxys INFO] 2025-08-26 20:17:39,558 - Current Robot joint: [-0.942 -0.093  0.737 -2.116  0.972  2.202  1.493]
[Deoxys INFO] 2025-08-26 20:17:39,558 - Desired Robot joint: [-0.94  -0.093  0.735 -2.119  0.97   2.202  1.492]
[Deoxys INFO] 2025-08-26 20:17:39,608 - Current Robot joint: [-0.902 -0.096  0.71  -2.127  0.933  2.205  1.471]
[Deoxys INFO] 2025-08-26 20:17:39,608 - Desired Robot joint: [-0.9   -0.096  0.708 -2.129  0.931  2.205  1.47 ]
[Deoxys INFO] 2025-08-26 20:17:39,658 - Current Robot joint: [-0.86  -0.099  0.683 -2.138  0.893  2.208  1.449]
[Deoxys INFO] 2025-08-26 20:17:39,659 - Desired Robot joint: [-0.858 -0.099  0.681 -2.14   0.891  2.208  1.448]
[Deoxys INFO] 2025-08-26 20:17:39,708 - Current Robot joint: [-0.816 -0.102  0.656 -2.149  0.852  2.211  1.428]
[Deoxys INFO] 2025-08-26 20:17:39,708 - Desired Robot joint: [-0.814 -0.102  0.654 -2.151  0.85   2.211  1.426]
[Deoxys INFO] 2025-08-26 20:17:39,758 - Current Robot joint: [-0.771 -0.105  0.628 -2.16   0.811  2.214  1.406]
[Deoxys INFO] 2025-08-26 20:17:39,759 - Desired Robot joint: [-0.769 -0.104  0.627 -2.162  0.808  2.214  1.404]
[Deoxys INFO] 2025-08-26 20:17:39,808 - Current Robot joint: [-0.725 -0.108  0.601 -2.171  0.77   2.217  1.384]
[Deoxys INFO] 2025-08-26 20:17:39,809 - Desired Robot joint: [-0.722 -0.107  0.6   -2.173  0.767  2.217  1.383]
[Deoxys INFO] 2025-08-26 20:17:39,859 - Current Robot joint: [-0.677 -0.111  0.574 -2.182  0.728  2.22   1.362]
[Deoxys INFO] 2025-08-26 20:17:39,859 - Desired Robot joint: [-0.675 -0.11   0.572 -2.184  0.726  2.22   1.361]
[Deoxys INFO] 2025-08-26 20:17:39,909 - Current Robot joint: [-0.629 -0.114  0.547 -2.193  0.687  2.223  1.34 ]
[Deoxys INFO] 2025-08-26 20:17:39,909 - Desired Robot joint: [-0.626 -0.113  0.545 -2.195  0.685  2.223  1.339]
[Deoxys INFO] 2025-08-26 20:17:39,959 - Current Robot joint: [-0.591 -0.116  0.526 -2.201  0.655  2.225  1.323]
[Deoxys INFO] 2025-08-26 20:17:39,959 - Desired Robot joint: [-0.578 -0.116  0.518 -2.206  0.643  2.226  1.317]
[Deoxys INFO] 2025-08-26 20:17:40,009 - Current Robot joint: [-0.543 -0.119  0.498 -2.212  0.614  2.229  1.301]
[Deoxys INFO] 2025-08-26 20:17:40,009 - Desired Robot joint: [-0.54  -0.118  0.497 -2.214  0.611  2.228  1.3  ]
[Deoxys INFO] 2025-08-26 20:17:40,059 - Current Robot joint: [-0.495 -0.122  0.471 -2.223  0.572  2.231  1.279]
[Deoxys INFO] 2025-08-26 20:17:40,059 - Desired Robot joint: [-0.492 -0.121  0.47  -2.225  0.57   2.231  1.278]
[Deoxys INFO] 2025-08-26 20:17:40,109 - Current Robot joint: [-0.447 -0.125  0.444 -2.234  0.531  2.234  1.257]
[Deoxys INFO] 2025-08-26 20:17:40,109 - Desired Robot joint: [-0.445 -0.124  0.443 -2.236  0.529  2.234  1.256]
[Deoxys INFO] 2025-08-26 20:17:40,159 - Current Robot joint: [-0.401 -0.128  0.417 -2.245  0.49   2.237  1.236]
[Deoxys INFO] 2025-08-26 20:17:40,159 - Desired Robot joint: [-0.399 -0.127  0.415 -2.247  0.487  2.237  1.234]
[Deoxys INFO] 2025-08-26 20:17:40,209 - Current Robot joint: [-0.356 -0.131  0.39  -2.256  0.449  2.24   1.214]
[Deoxys INFO] 2025-08-26 20:17:40,210 - Desired Robot joint: [-0.354 -0.13   0.388 -2.258  0.446  2.24   1.212]
[Deoxys INFO] 2025-08-26 20:17:40,259 - Current Robot joint: [-0.313 -0.134  0.363 -2.267  0.408  2.243  1.192]
[Deoxys INFO] 2025-08-26 20:17:40,260 - Desired Robot joint: [-0.31  -0.133  0.361 -2.269  0.405  2.243  1.191]
[Deoxys INFO] 2025-08-26 20:17:40,310 - Current Robot joint: [-0.271 -0.137  0.336 -2.277  0.368  2.246  1.17 ]
[Deoxys INFO] 2025-08-26 20:17:40,310 - Desired Robot joint: [-0.268 -0.136  0.334 -2.279  0.365  2.246  1.169]
[Deoxys INFO] 2025-08-26 20:17:40,360 - Current Robot joint: [-0.231 -0.14   0.308 -2.288  0.329  2.249  1.148]
[Deoxys INFO] 2025-08-26 20:17:40,360 - Desired Robot joint: [-0.229 -0.139  0.307 -2.29   0.326  2.249  1.147]
[Deoxys INFO] 2025-08-26 20:17:40,410 - Current Robot joint: [-0.193 -0.143  0.281 -2.299  0.291  2.252  1.126]
[Deoxys INFO] 2025-08-26 20:17:40,410 - Desired Robot joint: [-0.191 -0.142  0.28  -2.301  0.289  2.252  1.125]
[Deoxys INFO] 2025-08-26 20:17:40,460 - Current Robot joint: [-0.158 -0.146  0.254 -2.31   0.256  2.255  1.105]
[Deoxys INFO] 2025-08-26 20:17:40,460 - Desired Robot joint: [-0.156 -0.145  0.253 -2.312  0.254  2.255  1.104]
[Deoxys INFO] 2025-08-26 20:17:40,510 - Current Robot joint: [-0.125 -0.149  0.227 -2.321  0.221  2.258  1.083]
[Deoxys INFO] 2025-08-26 20:17:40,510 - Desired Robot joint: [-0.123 -0.148  0.225 -2.323  0.219  2.258  1.081]
[Deoxys INFO] 2025-08-26 20:17:40,560 - Current Robot joint: [-0.094 -0.152  0.2   -2.332  0.19   2.261  1.061]
[Deoxys INFO] 2025-08-26 20:17:40,561 - Desired Robot joint: [-0.093 -0.151  0.199 -2.334  0.188  2.261  1.06 ]
[Deoxys INFO] 2025-08-26 20:17:40,610 - Current Robot joint: [-0.072 -0.154  0.178 -2.34   0.166  2.263  1.044]
[Deoxys INFO] 2025-08-26 20:17:40,611 - Desired Robot joint: [-0.07  -0.153  0.177 -2.342  0.164  2.263  1.042]
[Deoxys INFO] 2025-08-26 20:17:40,661 - Current Robot joint: [-0.046 -0.157  0.152 -2.351  0.138  2.267  1.022]
[Deoxys INFO] 2025-08-26 20:17:40,661 - Desired Robot joint: [-0.044 -0.156  0.15  -2.353  0.136  2.266  1.02 ]
[Deoxys INFO] 2025-08-26 20:17:40,711 - Current Robot joint: [-0.022 -0.16   0.126 -2.362  0.113  2.269  1.   ]
[Deoxys INFO] 2025-08-26 20:17:40,711 - Desired Robot joint: [-0.021 -0.159  0.124 -2.364  0.111  2.269  0.999]
[Deoxys INFO] 2025-08-26 20:17:40,761 - Current Robot joint: [-1.000e-03 -1.630e-01  1.010e-01 -2.373e+00  9.000e-02  2.272e+00
  9.780e-01]
[Deoxys INFO] 2025-08-26 20:17:40,761 - Desired Robot joint: [-0.    -0.162  0.1   -2.375  0.089  2.272  0.977]
[Deoxys INFO] 2025-08-26 20:17:40,811 - Current Robot joint: [ 0.017 -0.166  0.078 -2.384  0.07   2.275  0.957]
[Deoxys INFO] 2025-08-26 20:17:40,811 - Desired Robot joint: [ 0.018 -0.165  0.077 -2.386  0.069  2.275  0.955]
[Deoxys INFO] 2025-08-26 20:17:40,861 - Current Robot joint: [ 0.033 -0.169  0.058 -2.395  0.053  2.278  0.936]
[Deoxys INFO] 2025-08-26 20:17:40,861 - Desired Robot joint: [ 0.034 -0.168  0.057 -2.397  0.051  2.278  0.935]
[Deoxys INFO] 2025-08-26 20:17:40,911 - Current Robot joint: [ 0.046 -0.172  0.039 -2.406  0.038  2.281  0.917]
[Deoxys INFO] 2025-08-26 20:17:40,911 - Desired Robot joint: [ 0.047 -0.171  0.038 -2.408  0.037  2.281  0.916]
[Deoxys INFO] 2025-08-26 20:17:40,961 - Current Robot joint: [ 0.057 -0.174  0.024 -2.417  0.025  2.284  0.9  ]
[Deoxys INFO] 2025-08-26 20:17:40,961 - Desired Robot joint: [ 0.058 -0.173  0.023 -2.419  0.024  2.284  0.899]
[Deoxys INFO] 2025-08-26 20:17:41,011 - Current Robot joint: [ 0.066 -0.177  0.011 -2.427  0.015  2.287  0.886]
[Deoxys INFO] 2025-08-26 20:17:41,011 - Desired Robot joint: [ 0.067 -0.176  0.01  -2.429  0.014  2.287  0.885]
[Deoxys INFO] 2025-08-26 20:17:41,061 - Current Robot joint: [ 0.073 -0.18   0.    -2.438  0.007  2.29   0.875]
[Deoxys INFO] 2025-08-26 20:17:41,061 - Desired Robot joint: [ 0.074 -0.179 -0.    -2.44   0.007  2.29   0.874]
[Deoxys INFO] 2025-08-26 20:17:41,111 - Current Robot joint: [ 7.900e-02 -1.830e-01 -8.000e-03 -2.449e+00  2.000e-03  2.293e+00
  8.650e-01]
[Deoxys INFO] 2025-08-26 20:17:41,112 - Desired Robot joint: [ 7.900e-02 -1.820e-01 -9.000e-03 -2.451e+00  1.000e-03  2.293e+00
  8.640e-01]
[Deoxys INFO] 2025-08-26 20:17:41,161 - Current Robot joint: [ 0.082 -0.186 -0.014 -2.458 -0.003  2.296  0.858]
[Deoxys INFO] 2025-08-26 20:17:41,162 - Desired Robot joint: [ 0.083 -0.185 -0.014 -2.46  -0.003  2.296  0.858]
[Deoxys INFO] 2025-08-26 20:17:41,212 - Current Robot joint: [ 0.084 -0.188 -0.017 -2.463 -0.005  2.298  0.855]
[Deoxys INFO] 2025-08-26 20:17:41,212 - Desired Robot joint: [ 0.085 -0.188 -0.018 -2.466 -0.006  2.299  0.853]
[Deoxys INFO] 2025-08-26 20:17:41,262 - Current Robot joint: [ 0.086 -0.191 -0.019 -2.468 -0.007  2.301  0.852]
[Deoxys INFO] 2025-08-26 20:17:41,262 - Desired Robot joint: [ 0.086 -0.19  -0.02  -2.47  -0.007  2.301  0.851]
[Deoxys INFO] 2025-08-26 20:17:41,312 - Current Robot joint: [ 0.086 -0.194 -0.021 -2.471 -0.007  2.304  0.85 ]
[Deoxys INFO] 2025-08-26 20:17:41,312 - Desired Robot joint: [ 0.086 -0.193 -0.021 -2.472 -0.008  2.304  0.85 ]
[Deoxys INFO] 2025-08-26 20:17:41,362 - Current Robot joint: [ 0.086 -0.196 -0.021 -2.471 -0.008  2.306  0.85 ]
[Deoxys INFO] 2025-08-26 20:17:41,362 - Desired Robot joint: [ 0.087 -0.195 -0.021 -2.473 -0.008  2.306  0.85 ]
[Deoxys INFO] 2025-08-26 20:17:41,412 - Current Robot joint: [ 0.086 -0.196 -0.021 -2.472 -0.008  2.306  0.85 ]
[Deoxys INFO] 2025-08-26 20:17:41,413 - Desired Robot joint: [ 0.087 -0.195 -0.021 -2.473 -0.008  2.306  0.85 ]
[Deoxys INFO] 2025-08-26 20:17:41,462 - Current Robot joint: [ 0.086 -0.196 -0.021 -2.472 -0.008  2.306  0.85 ]
[Deoxys INFO] 2025-08-26 20:17:41,463 - Desired Robot joint: [ 0.087 -0.195 -0.021 -2.473 -0.008  2.306  0.85 ]
[Deoxys INFO] 2025-08-26 20:17:41,513 - Current Robot joint: [ 0.086 -0.196 -0.021 -2.472 -0.008  2.306  0.85 ]
[Deoxys INFO] 2025-08-26 20:17:41,513 - Desired Robot joint: [ 0.087 -0.195 -0.021 -2.473 -0.008  2.306  0.85 ]
[Deoxys INFO] 2025-08-26 20:17:41,563 - Current Robot joint: [ 0.086 -0.196 -0.021 -2.472 -0.008  2.306  0.85 ]
[Deoxys INFO] 2025-08-26 20:17:41,563 - Desired Robot joint: [ 0.087 -0.195 -0.021 -2.473 -0.008  2.306  0.85 ]
[Deoxys INFO] 2025-08-26 20:17:41,613 - Current Robot joint: [ 0.086 -0.196 -0.021 -2.472 -0.008  2.306  0.85 ]
[Deoxys INFO] 2025-08-26 20:17:41,613 - Desired Robot joint: [ 0.087 -0.195 -0.021 -2.473 -0.008  2.306  0.85 ]
[Deoxys INFO] 2025-08-26 20:17:41,663 - Current Robot joint: [ 0.086 -0.196 -0.021 -2.472 -0.008  2.306  0.85 ]
[Deoxys INFO] 2025-08-26 20:17:41,663 - Desired Robot joint: [ 0.087 -0.195 -0.021 -2.473 -0.008  2.306  0.85 ]
[Deoxys INFO] 2025-08-26 20:17:41,713 - Current Robot joint: [ 0.086 -0.196 -0.021 -2.472 -0.008  2.306  0.85 ]
[Deoxys INFO] 2025-08-26 20:17:41,713 - Desired Robot joint: [ 0.087 -0.195 -0.021 -2.473 -0.008  2.306  0.85 ]
[Deoxys INFO] 2025-08-26 20:17:41,763 - Current Robot joint: [ 0.086 -0.196 -0.021 -2.472 -0.008  2.306  0.85 ]
[Deoxys INFO] 2025-08-26 20:17:41,764 - Desired Robot joint: [ 0.087 -0.195 -0.021 -2.473 -0.008  2.306  0.85 ]
[Deoxys INFO] 2025-08-26 20:17:41,813 - Current Robot joint: [ 0.086 -0.196 -0.021 -2.472 -0.008  2.306  0.85 ]
[Deoxys INFO] 2025-08-26 20:17:41,813 - Desired Robot joint: [ 0.087 -0.195 -0.021 -2.473 -0.008  2.306  0.85 ]
[Deoxys INFO] 2025-08-26 20:17:41,863 - Current Robot joint: [ 0.086 -0.196 -0.021 -2.472 -0.008  2.306  0.85 ]
[Deoxys INFO] 2025-08-26 20:17:41,864 - Desired Robot joint: [ 0.087 -0.195 -0.021 -2.473 -0.008  2.306  0.85 ]
[Deoxys INFO] 2025-08-26 20:17:41,914 - Current Robot joint: [ 0.086 -0.196 -0.021 -2.472 -0.008  2.306  0.85 ]
[Deoxys INFO] 2025-08-26 20:17:41,914 - Desired Robot joint: [ 0.087 -0.195 -0.021 -2.473 -0.008  2.306  0.85 ]
[Deoxys INFO] 2025-08-26 20:17:41,964 - Current Robot joint: [ 0.086 -0.196 -0.021 -2.472 -0.008  2.306  0.85 ]
[Deoxys INFO] 2025-08-26 20:17:41,964 - Desired Robot joint: [ 0.087 -0.195 -0.021 -2.473 -0.008  2.306  0.85 ]
[Deoxys INFO] 2025-08-26 20:17:42,014 - Current Robot joint: [ 0.086 -0.196 -0.021 -2.472 -0.008  2.306  0.85 ]
[Deoxys INFO] 2025-08-26 20:17:42,014 - Desired Robot joint: [ 0.087 -0.195 -0.021 -2.473 -0.008  2.306  0.85 ]
[Deoxys INFO] 2025-08-26 20:17:42,064 - Current Robot joint: [ 0.086 -0.196 -0.021 -2.472 -0.008  2.306  0.85 ]
[Deoxys INFO] 2025-08-26 20:17:42,064 - Desired Robot joint: [ 0.087 -0.195 -0.021 -2.473 -0.008  2.306  0.85 ]
[Deoxys INFO] 2025-08-26 20:17:42,114 - Current Robot joint: [ 0.086 -0.196 -0.021 -2.472 -0.008  2.306  0.85 ]
[Deoxys INFO] 2025-08-26 20:17:42,115 - Desired Robot joint: [ 0.087 -0.195 -0.021 -2.473 -0.008  2.306  0.85 ]
[Deoxys INFO] 2025-08-26 20:17:42,164 - Current Robot joint: [ 0.086 -0.196 -0.021 -2.472 -0.008  2.306  0.85 ]
[Deoxys INFO] 2025-08-26 20:17:42,165 - Desired Robot joint: [ 0.087 -0.195 -0.021 -2.473 -0.008  2.306  0.85 ]
[Deoxys INFO] 2025-08-26 20:17:42,214 - Current Robot joint: [ 0.086 -0.196 -0.021 -2.472 -0.008  2.306  0.85 ]
[Deoxys INFO] 2025-08-26 20:17:42,215 - Desired Robot joint: [ 0.087 -0.195 -0.021 -2.473 -0.008  2.306  0.85 ]
[Deoxys INFO] 2025-08-26 20:17:42,265 - Current Robot joint: [ 0.086 -0.196 -0.021 -2.472 -0.008  2.306  0.85 ]
[Deoxys INFO] 2025-08-26 20:17:42,265 - Desired Robot joint: [ 0.087 -0.195 -0.021 -2.473 -0.008  2.306  0.85 ]
[Deoxys INFO] 2025-08-26 20:17:42,315 - Current Robot joint: [ 0.086 -0.196 -0.021 -2.472 -0.008  2.306  0.85 ]
[Deoxys INFO] 2025-08-26 20:17:42,315 - Desired Robot joint: [ 0.087 -0.195 -0.021 -2.473 -0.008  2.306  0.85 ]
[Deoxys INFO] 2025-08-26 20:17:42,365 - Current Robot joint: [ 0.086 -0.196 -0.021 -2.472 -0.008  2.306  0.85 ]
[Deoxys INFO] 2025-08-26 20:17:42,365 - Desired Robot joint: [ 0.087 -0.195 -0.021 -2.473 -0.008  2.306  0.85 ]
[Deoxys INFO] 2025-08-26 20:17:42,415 - Current Robot joint: [ 0.086 -0.196 -0.021 -2.472 -0.008  2.306  0.85 ]
[Deoxys INFO] 2025-08-26 20:17:42,415 - Desired Robot joint: [ 0.087 -0.195 -0.021 -2.473 -0.008  2.306  0.85 ]
[Deoxys INFO] 2025-08-26 20:17:42,465 - Current Robot joint: [ 0.086 -0.196 -0.021 -2.472 -0.008  2.306  0.85 ]
[Deoxys INFO] 2025-08-26 20:17:42,465 - Desired Robot joint: [ 0.087 -0.195 -0.021 -2.473 -0.008  2.306  0.85 ]
[Deoxys INFO] 2025-08-26 20:17:42,515 - Current Robot joint: [ 0.086 -0.196 -0.021 -2.472 -0.008  2.306  0.85 ]
[Deoxys INFO] 2025-08-26 20:17:42,516 - Desired Robot joint: [ 0.087 -0.195 -0.021 -2.473 -0.008  2.306  0.85 ]
[Deoxys INFO] 2025-08-26 20:17:42,565 - Current Robot joint: [ 0.086 -0.196 -0.021 -2.472 -0.008  2.306  0.85 ]
[Deoxys INFO] 2025-08-26 20:17:42,566 - Desired Robot joint: [ 0.087 -0.195 -0.021 -2.473 -0.008  2.306  0.85 ]
[Deoxys INFO] 2025-08-26 20:17:42,616 - Current Robot joint: [ 0.086 -0.196 -0.021 -2.472 -0.008  2.306  0.85 ]
[Deoxys INFO] 2025-08-26 20:17:42,616 - Desired Robot joint: [ 0.087 -0.195 -0.021 -2.473 -0.008  2.306  0.85 ]
[Deoxys INFO] 2025-08-26 20:17:42,666 - Current Robot joint: [ 0.086 -0.196 -0.021 -2.472 -0.008  2.306  0.85 ]
[Deoxys INFO] 2025-08-26 20:17:42,666 - Desired Robot joint: [ 0.087 -0.195 -0.021 -2.473 -0.008  2.306  0.85 ]
[Deoxys INFO] 2025-08-26 20:17:42,716 - Current Robot joint: [ 0.086 -0.196 -0.021 -2.472 -0.008  2.306  0.85 ]
[Deoxys INFO] 2025-08-26 20:17:42,716 - Desired Robot joint: [ 0.087 -0.195 -0.021 -2.473 -0.008  2.306  0.85 ]
[Deoxys INFO] 2025-08-26 20:17:42,766 - Current Robot joint: [ 0.086 -0.196 -0.021 -2.472 -0.008  2.306  0.85 ]
[Deoxys INFO] 2025-08-26 20:17:42,766 - Desired Robot joint: [ 0.087 -0.195 -0.021 -2.473 -0.008  2.306  0.85 ]
[Deoxys INFO] 2025-08-26 20:17:42,816 - Current Robot joint: [ 0.086 -0.196 -0.021 -2.472 -0.008  2.306  0.85 ]
[Deoxys INFO] 2025-08-26 20:17:42,816 - Desired Robot joint: [ 0.087 -0.195 -0.021 -2.473 -0.008  2.306  0.85 ]
[Deoxys INFO] 2025-08-26 20:17:42,866 - Current Robot joint: [ 0.086 -0.196 -0.021 -2.472 -0.008  2.306  0.85 ]
[Deoxys INFO] 2025-08-26 20:17:42,866 - Desired Robot joint: [ 0.087 -0.195 -0.021 -2.473 -0.008  2.306  0.85 ]
[Deoxys INFO] 2025-08-26 20:17:42,916 - Current Robot joint: [ 0.086 -0.196 -0.021 -2.472 -0.008  2.306  0.85 ]
[Deoxys INFO] 2025-08-26 20:17:42,917 - Desired Robot joint: [ 0.087 -0.195 -0.021 -2.473 -0.008  2.306  0.85 ]
[Deoxys INFO] 2025-08-26 20:17:42,966 - Current Robot joint: [ 0.086 -0.196 -0.021 -2.472 -0.008  2.306  0.85 ]
[Deoxys INFO] 2025-08-26 20:17:42,967 - Desired Robot joint: [ 0.087 -0.195 -0.021 -2.473 -0.008  2.306  0.85 ]
[Deoxys INFO] 2025-08-26 20:17:43,017 - Current Robot joint: [ 0.086 -0.196 -0.021 -2.472 -0.008  2.306  0.85 ]
[Deoxys INFO] 2025-08-26 20:17:43,017 - Desired Robot joint: [ 0.087 -0.195 -0.021 -2.473 -0.008  2.306  0.85 ]
[Deoxys INFO] 2025-08-26 20:17:43,067 - Current Robot joint: [ 0.086 -0.196 -0.021 -2.472 -0.008  2.306  0.85 ]
[Deoxys INFO] 2025-08-26 20:17:43,067 - Desired Robot joint: [ 0.087 -0.195 -0.021 -2.473 -0.008  2.306  0.85 ]
[Deoxys INFO] 2025-08-26 20:17:43,117 - Current Robot joint: [ 0.086 -0.196 -0.021 -2.472 -0.008  2.306  0.85 ]
[Deoxys INFO] 2025-08-26 20:17:43,117 - Desired Robot joint: [ 0.087 -0.195 -0.021 -2.473 -0.008  2.306  0.85 ]
[Deoxys INFO] 2025-08-26 20:17:43,167 - Current Robot joint: [ 0.086 -0.196 -0.021 -2.472 -0.008  2.306  0.85 ]
[Deoxys INFO] 2025-08-26 20:17:43,167 - Desired Robot joint: [ 0.087 -0.195 -0.021 -2.473 -0.008  2.306  0.85 ]
[Deoxys INFO] 2025-08-26 20:17:43,217 - Current Robot joint: [ 0.086 -0.196 -0.021 -2.472 -0.008  2.306  0.85 ]
[Deoxys INFO] 2025-08-26 20:17:43,218 - Desired Robot joint: [ 0.087 -0.195 -0.021 -2.473 -0.008  2.306  0.85 ]
[Deoxys INFO] 2025-08-26 20:17:43,267 - Current Robot joint: [ 0.086 -0.196 -0.021 -2.472 -0.008  2.306  0.85 ]
[Deoxys INFO] 2025-08-26 20:17:43,268 - Desired Robot joint: [ 0.087 -0.195 -0.021 -2.473 -0.008  2.306  0.85 ]
[Deoxys INFO] 2025-08-26 20:17:43,318 - Current Robot joint: [ 0.086 -0.196 -0.021 -2.472 -0.008  2.306  0.85 ]
[Deoxys INFO] 2025-08-26 20:17:43,318 - Desired Robot joint: [ 0.087 -0.195 -0.021 -2.473 -0.008  2.306  0.85 ]
[Deoxys INFO] 2025-08-26 20:17:43,368 - Current Robot joint: [ 0.086 -0.196 -0.021 -2.472 -0.008  2.306  0.85 ]
[Deoxys INFO] 2025-08-26 20:17:43,368 - Desired Robot joint: [ 0.087 -0.195 -0.021 -2.473 -0.008  2.306  0.85 ]
[Deoxys INFO] 2025-08-26 20:17:43,418 - Current Robot joint: [ 0.086 -0.196 -0.021 -2.472 -0.008  2.306  0.85 ]
[Deoxys INFO] 2025-08-26 20:17:43,418 - Desired Robot joint: [ 0.087 -0.195 -0.021 -2.473 -0.008  2.306  0.85 ]
[Deoxys INFO] 2025-08-26 20:17:43,468 - Current Robot joint: [ 0.086 -0.196 -0.021 -2.472 -0.008  2.306  0.85 ]
[Deoxys INFO] 2025-08-26 20:17:43,468 - Desired Robot joint: [ 0.087 -0.195 -0.021 -2.473 -0.008  2.306  0.85 ]
[Deoxys INFO] 2025-08-26 20:17:43,518 - Current Robot joint: [ 0.086 -0.196 -0.021 -2.472 -0.008  2.306  0.85 ]
[Deoxys INFO] 2025-08-26 20:17:43,518 - Desired Robot joint: [ 0.087 -0.195 -0.021 -2.473 -0.008  2.306  0.85 ]
[Deoxys INFO] 2025-08-26 20:17:43,568 - Current Robot joint: [ 0.086 -0.196 -0.021 -2.472 -0.008  2.306  0.85 ]
[Deoxys INFO] 2025-08-26 20:17:43,569 - Desired Robot joint: [ 0.087 -0.195 -0.021 -2.473 -0.008  2.306  0.85 ]
[Deoxys INFO] 2025-08-26 20:17:43,619 - Current Robot joint: [ 0.086 -0.196 -0.021 -2.472 -0.008  2.306  0.85 ]
[Deoxys INFO] 2025-08-26 20:17:43,619 - Desired Robot joint: [ 0.087 -0.195 -0.021 -2.473 -0.008  2.306  0.85 ]
[Deoxys INFO] 2025-08-26 20:17:43,669 - Current Robot joint: [ 0.086 -0.196 -0.021 -2.472 -0.008  2.306  0.85 ]
[Deoxys INFO] 2025-08-26 20:17:43,669 - Desired Robot joint: [ 0.087 -0.195 -0.021 -2.473 -0.008  2.306  0.85 ]
[Deoxys INFO] 2025-08-26 20:17:43,719 - Current Robot joint: [ 0.086 -0.196 -0.021 -2.472 -0.008  2.306  0.85 ]
[Deoxys INFO] 2025-08-26 20:17:43,719 - Desired Robot joint: [ 0.087 -0.195 -0.021 -2.473 -0.008  2.306  0.85 ]
[Deoxys INFO] 2025-08-26 20:17:43,769 - Current Robot joint: [ 0.086 -0.196 -0.021 -2.472 -0.008  2.306  0.85 ]
[Deoxys INFO] 2025-08-26 20:17:43,769 - Desired Robot joint: [ 0.087 -0.195 -0.021 -2.473 -0.008  2.306  0.85 ]
[Deoxys INFO] 2025-08-26 20:17:43,819 - Current Robot joint: [ 0.086 -0.196 -0.021 -2.472 -0.008  2.306  0.85 ]
[Deoxys INFO] 2025-08-26 20:17:43,819 - Desired Robot joint: [ 0.087 -0.195 -0.021 -2.473 -0.008  2.306  0.85 ]
[Deoxys INFO] 2025-08-26 20:17:43,869 - Current Robot joint: [ 0.086 -0.196 -0.021 -2.472 -0.008  2.306  0.85 ]
[Deoxys INFO] 2025-08-26 20:17:43,869 - Desired Robot joint: [ 0.087 -0.195 -0.021 -2.473 -0.008  2.306  0.85 ]
[Deoxys INFO] 2025-08-26 20:17:43,919 - Current Robot joint: [ 0.086 -0.196 -0.021 -2.472 -0.008  2.306  0.85 ]
[Deoxys INFO] 2025-08-26 20:17:43,920 - Desired Robot joint: [ 0.087 -0.195 -0.021 -2.473 -0.008  2.306  0.85 ]
[Deoxys INFO] 2025-08-26 20:17:43,969 - Current Robot joint: [ 0.086 -0.196 -0.021 -2.472 -0.008  2.306  0.85 ]
[Deoxys INFO] 2025-08-26 20:17:43,970 - Desired Robot joint: [ 0.087 -0.195 -0.021 -2.473 -0.008  2.306  0.85 ]
[Deoxys INFO] 2025-08-26 20:17:44,019 - Current Robot joint: [ 0.086 -0.196 -0.021 -2.472 -0.008  2.306  0.85 ]
[Deoxys INFO] 2025-08-26 20:17:44,020 - Desired Robot joint: [ 0.087 -0.195 -0.021 -2.473 -0.008  2.306  0.85 ]
[Deoxys INFO] 2025-08-26 20:17:44,070 - Current Robot joint: [ 0.086 -0.196 -0.021 -2.472 -0.008  2.306  0.85 ]
[Deoxys INFO] 2025-08-26 20:17:44,070 - Desired Robot joint: [ 0.087 -0.195 -0.021 -2.473 -0.008  2.306  0.85 ]
[Deoxys INFO] 2025-08-26 20:17:44,120 - Current Robot joint: [ 0.086 -0.196 -0.021 -2.472 -0.008  2.306  0.85 ]
[Deoxys INFO] 2025-08-26 20:17:44,120 - Desired Robot joint: [ 0.087 -0.195 -0.021 -2.473 -0.008  2.306  0.85 ]
[Deoxys INFO] 2025-08-26 20:17:44,170 - Current Robot joint: [ 0.086 -0.196 -0.021 -2.472 -0.008  2.306  0.85 ]
[Deoxys INFO] 2025-08-26 20:17:44,170 - Desired Robot joint: [ 0.087 -0.195 -0.021 -2.473 -0.008  2.306  0.85 ]
[Deoxys INFO] 2025-08-26 20:17:44,220 - Current Robot joint: [ 0.086 -0.196 -0.021 -2.472 -0.008  2.306  0.85 ]
[Deoxys INFO] 2025-08-26 20:17:44,220 - Desired Robot joint: [ 0.087 -0.195 -0.021 -2.473 -0.008  2.306  0.85 ]
[Deoxys INFO] 2025-08-26 20:17:44,270 - Current Robot joint: [ 0.086 -0.196 -0.021 -2.472 -0.008  2.306  0.85 ]
[Deoxys INFO] 2025-08-26 20:17:44,270 - Desired Robot joint: [ 0.087 -0.195 -0.021 -2.473 -0.008  2.306  0.85 ]
[Deoxys INFO] 2025-08-26 20:17:44,320 - Current Robot joint: [ 0.086 -0.196 -0.021 -2.472 -0.008  2.306  0.85 ]
[Deoxys INFO] 2025-08-26 20:17:44,320 - Desired Robot joint: [ 0.087 -0.195 -0.021 -2.473 -0.008  2.306  0.85 ]
[Deoxys INFO] 2025-08-26 20:17:44,370 - Current Robot joint: [ 0.086 -0.196 -0.021 -2.472 -0.008  2.306  0.85 ]
[Deoxys INFO] 2025-08-26 20:17:44,370 - Desired Robot joint: [ 0.087 -0.195 -0.021 -2.473 -0.008  2.306  0.85 ]
[Deoxys INFO] 2025-08-26 20:17:44,420 - Current Robot joint: [ 0.086 -0.196 -0.021 -2.472 -0.008  2.306  0.85 ]
[Deoxys INFO] 2025-08-26 20:17:44,420 - Desired Robot joint: [ 0.087 -0.195 -0.021 -2.473 -0.008  2.306  0.85 ]
[Deoxys INFO] 2025-08-26 20:17:44,470 - Current Robot joint: [ 0.086 -0.196 -0.021 -2.472 -0.008  2.306  0.85 ]
[Deoxys INFO] 2025-08-26 20:17:44,471 - Desired Robot joint: [ 0.087 -0.195 -0.021 -2.473 -0.008  2.306  0.85 ]
[Deoxys INFO] 2025-08-26 20:17:44,521 - Current Robot joint: [ 0.086 -0.196 -0.021 -2.472 -0.008  2.306  0.85 ]
[Deoxys INFO] 2025-08-26 20:17:44,521 - Desired Robot joint: [ 0.087 -0.195 -0.021 -2.473 -0.008  2.306  0.85 ]
[Deoxys INFO] 2025-08-26 20:17:44,571 - Current Robot joint: [ 0.086 -0.196 -0.021 -2.472 -0.008  2.306  0.85 ]
[Deoxys INFO] 2025-08-26 20:17:44,571 - Desired Robot joint: [ 0.087 -0.195 -0.021 -2.473 -0.008  2.306  0.85 ]
[Deoxys INFO] 2025-08-26 20:17:44,621 - Current Robot joint: [ 0.086 -0.196 -0.021 -2.472 -0.008  2.306  0.85 ]
[Deoxys INFO] 2025-08-26 20:17:44,621 - Desired Robot joint: [ 0.087 -0.195 -0.021 -2.473 -0.008  2.306  0.85 ]
[Deoxys INFO] 2025-08-26 20:17:44,671 - Current Robot joint: [ 0.086 -0.196 -0.021 -2.472 -0.008  2.306  0.85 ]
[Deoxys INFO] 2025-08-26 20:17:44,671 - Desired Robot joint: [ 0.087 -0.195 -0.021 -2.473 -0.008  2.306  0.85 ]
[Deoxys INFO] 2025-08-26 20:17:44,721 - Current Robot joint: [ 0.086 -0.196 -0.021 -2.472 -0.008  2.306  0.85 ]
[Deoxys INFO] 2025-08-26 20:17:44,722 - Desired Robot joint: [ 0.087 -0.195 -0.021 -2.473 -0.008  2.306  0.85 ]
[Deoxys INFO] 2025-08-26 20:17:44,771 - Current Robot joint: [ 0.086 -0.196 -0.021 -2.472 -0.008  2.306  0.85 ]
[Deoxys INFO] 2025-08-26 20:17:44,771 - Desired Robot joint: [ 0.087 -0.195 -0.021 -2.473 -0.008  2.306  0.85 ]
[Deoxys INFO] 2025-08-26 20:17:44,821 - Current Robot joint: [ 0.086 -0.196 -0.021 -2.472 -0.008  2.306  0.85 ]
[Deoxys INFO] 2025-08-26 20:17:44,822 - Desired Robot joint: [ 0.087 -0.195 -0.021 -2.473 -0.008  2.306  0.85 ]
[Deoxys INFO] 2025-08-26 20:17:44,872 - Current Robot joint: [ 0.086 -0.196 -0.021 -2.472 -0.008  2.306  0.85 ]
[Deoxys INFO] 2025-08-26 20:17:44,872 - Desired Robot joint: [ 0.087 -0.195 -0.021 -2.473 -0.008  2.306  0.85 ]
[Deoxys INFO] 2025-08-26 20:17:44,922 - Current Robot joint: [ 0.086 -0.196 -0.021 -2.472 -0.008  2.306  0.85 ]
[Deoxys INFO] 2025-08-26 20:17:44,922 - Desired Robot joint: [ 0.087 -0.195 -0.021 -2.473 -0.008  2.306  0.85 ]
[Deoxys WARNING] 2025-08-26 20:34:36,004 - Robot state not received
[Deoxys WARNING] 2025-08-26 20:34:36,024 - Robot state not received
[Deoxys INFO] 2025-08-26 20:36:05,299 - Current Robot joint: [ 0.243 -0.372  0.05  -2.036 -0.032  0.517  0.337]
[Deoxys INFO] 2025-08-26 20:36:05,299 - Desired Robot joint: [ 0.243 -0.371  0.05  -2.037 -0.032  0.518  0.337]
[Deoxys INFO] 2025-08-26 20:36:05,300 - Current Robot joint: [ 0.243 -0.372  0.05  -2.036 -0.032  0.517  0.337]
[Deoxys INFO] 2025-08-26 20:36:05,300 - Desired Robot joint: [ 0.243 -0.371  0.05  -2.037 -0.032  0.518  0.337]
[Deoxys INFO] 2025-08-26 20:36:05,350 - Current Robot joint: [ 0.243 -0.372  0.05  -2.036 -0.032  0.517  0.337]
[Deoxys INFO] 2025-08-26 20:36:05,350 - Desired Robot joint: [ 0.243 -0.371  0.05  -2.037 -0.032  0.518  0.337]
[Deoxys INFO] 2025-08-26 20:36:05,400 - Current Robot joint: [ 0.243 -0.372  0.049 -2.036 -0.032  0.517  0.337]
[Deoxys INFO] 2025-08-26 20:36:05,401 - Desired Robot joint: [ 0.243 -0.371  0.049 -2.037 -0.032  0.518  0.337]
[Deoxys INFO] 2025-08-26 20:36:05,450 - Current Robot joint: [ 0.241 -0.369  0.048 -2.038 -0.032  0.517  0.338]
[Deoxys INFO] 2025-08-26 20:36:05,450 - Desired Robot joint: [ 0.241 -0.368  0.048 -2.039 -0.031  0.518  0.338]
[Deoxys INFO] 2025-08-26 20:36:05,500 - Current Robot joint: [ 0.239 -0.367  0.047 -2.042 -0.031  0.518  0.342]
[Deoxys INFO] 2025-08-26 20:36:05,501 - Desired Robot joint: [ 0.238 -0.365  0.047 -2.043 -0.031  0.519  0.342]
[Deoxys INFO] 2025-08-26 20:36:05,551 - Current Robot joint: [ 0.236 -0.364  0.046 -2.048 -0.031  0.52   0.348]
[Deoxys INFO] 2025-08-26 20:36:05,551 - Desired Robot joint: [ 0.236 -0.363  0.046 -2.049 -0.03   0.52   0.349]
[Deoxys INFO] 2025-08-26 20:36:05,601 - Current Robot joint: [ 0.234 -0.361  0.045 -2.055 -0.031  0.522  0.356]
[Deoxys INFO] 2025-08-26 20:36:05,601 - Desired Robot joint: [ 0.234 -0.36   0.045 -2.056 -0.03   0.523  0.357]
[Deoxys INFO] 2025-08-26 20:36:05,651 - Current Robot joint: [ 0.232 -0.358  0.044 -2.062 -0.03   0.526  0.365]
[Deoxys INFO] 2025-08-26 20:36:05,651 - Desired Robot joint: [ 0.231 -0.357  0.044 -2.064 -0.03   0.527  0.365]
[Deoxys INFO] 2025-08-26 20:36:05,701 - Current Robot joint: [ 0.23  -0.356  0.043 -2.068 -0.03   0.531  0.371]
[Deoxys INFO] 2025-08-26 20:36:05,701 - Desired Robot joint: [ 0.229 -0.355  0.043 -2.069 -0.029  0.532  0.372]
[Deoxys INFO] 2025-08-26 20:36:05,751 - Current Robot joint: [ 0.227 -0.353  0.043 -2.075 -0.03   0.538  0.38 ]
[Deoxys INFO] 2025-08-26 20:36:05,751 - Desired Robot joint: [ 0.227 -0.352  0.042 -2.077 -0.029  0.539  0.381]
[Deoxys INFO] 2025-08-26 20:36:05,801 - Current Robot joint: [ 0.225 -0.35   0.041 -2.083 -0.029  0.546  0.389]
[Deoxys INFO] 2025-08-26 20:36:05,801 - Desired Robot joint: [ 0.225 -0.349  0.041 -2.084 -0.029  0.548  0.389]
[Deoxys INFO] 2025-08-26 20:36:05,851 - Current Robot joint: [ 0.223 -0.348  0.04  -2.09  -0.029  0.557  0.397]
[Deoxys INFO] 2025-08-26 20:36:05,852 - Desired Robot joint: [ 0.222 -0.346  0.04  -2.091 -0.028  0.558  0.398]
[Deoxys INFO] 2025-08-26 20:36:05,901 - Current Robot joint: [ 0.22  -0.345  0.039 -2.097 -0.028  0.57   0.406]
[Deoxys INFO] 2025-08-26 20:36:05,902 - Desired Robot joint: [ 0.22  -0.344  0.039 -2.098 -0.028  0.572  0.406]
[Deoxys INFO] 2025-08-26 20:36:05,952 - Current Robot joint: [ 0.218 -0.342  0.038 -2.104 -0.028  0.586  0.414]
[Deoxys INFO] 2025-08-26 20:36:05,952 - Desired Robot joint: [ 0.217 -0.341  0.038 -2.105 -0.028  0.587  0.415]
[Deoxys INFO] 2025-08-26 20:36:06,002 - Current Robot joint: [ 0.215 -0.339  0.037 -2.111 -0.028  0.603  0.423]
[Deoxys INFO] 2025-08-26 20:36:06,002 - Desired Robot joint: [ 0.215 -0.338  0.037 -2.113 -0.027  0.605  0.423]
[Deoxys INFO] 2025-08-26 20:36:06,052 - Current Robot joint: [ 0.213 -0.336  0.036 -2.119 -0.027  0.623  0.431]
[Deoxys INFO] 2025-08-26 20:36:06,052 - Desired Robot joint: [ 0.213 -0.335  0.036 -2.12  -0.027  0.625  0.432]
[Deoxys INFO] 2025-08-26 20:36:06,102 - Current Robot joint: [ 0.211 -0.334  0.035 -2.126 -0.027  0.646  0.44 ]
[Deoxys INFO] 2025-08-26 20:36:06,102 - Desired Robot joint: [ 0.21  -0.332  0.035 -2.127 -0.026  0.648  0.441]
[Deoxys INFO] 2025-08-26 20:36:06,152 - Current Robot joint: [ 0.208 -0.331  0.034 -2.133 -0.027  0.671  0.448]
[Deoxys INFO] 2025-08-26 20:36:06,152 - Desired Robot joint: [ 0.208 -0.33   0.034 -2.134 -0.026  0.673  0.449]
[Deoxys INFO] 2025-08-26 20:36:06,202 - Current Robot joint: [ 0.206 -0.328  0.033 -2.14  -0.026  0.699  0.457]
[Deoxys INFO] 2025-08-26 20:36:06,203 - Desired Robot joint: [ 0.206 -0.327  0.033 -2.141 -0.026  0.701  0.458]
[Deoxys INFO] 2025-08-26 20:36:06,252 - Current Robot joint: [ 0.204 -0.325  0.032 -2.147 -0.026  0.73   0.465]
[Deoxys INFO] 2025-08-26 20:36:06,253 - Desired Robot joint: [ 0.203 -0.324  0.032 -2.149 -0.025  0.732  0.466]
[Deoxys INFO] 2025-08-26 20:36:06,302 - Current Robot joint: [ 0.202 -0.323  0.032 -2.153 -0.026  0.756  0.472]
[Deoxys INFO] 2025-08-26 20:36:06,303 - Desired Robot joint: [ 0.201 -0.322  0.031 -2.154 -0.025  0.758  0.473]
[Deoxys INFO] 2025-08-26 20:36:06,353 - Current Robot joint: [ 0.199 -0.32   0.031 -2.16  -0.025  0.791  0.481]
[Deoxys INFO] 2025-08-26 20:36:06,353 - Desired Robot joint: [ 0.199 -0.319  0.03  -2.161 -0.025  0.793  0.481]
[Deoxys INFO] 2025-08-26 20:36:06,403 - Current Robot joint: [ 0.197 -0.317  0.03  -2.167 -0.025  0.828  0.489]
[Deoxys INFO] 2025-08-26 20:36:06,403 - Desired Robot joint: [ 0.197 -0.316  0.029 -2.169 -0.024  0.83   0.49 ]
[Deoxys INFO] 2025-08-26 20:36:06,453 - Current Robot joint: [ 0.195 -0.315  0.029 -2.174 -0.024  0.868  0.498]
[Deoxys INFO] 2025-08-26 20:36:06,454 - Desired Robot joint: [ 0.194 -0.313  0.028 -2.176 -0.024  0.871  0.498]
[Deoxys INFO] 2025-08-26 20:36:06,503 - Current Robot joint: [ 0.192 -0.312  0.028 -2.182 -0.024  0.91   0.506]
[Deoxys INFO] 2025-08-26 20:36:06,503 - Desired Robot joint: [ 0.192 -0.311  0.027 -2.183 -0.024  0.913  0.507]
[Deoxys INFO] 2025-08-26 20:36:06,553 - Current Robot joint: [ 0.19  -0.309  0.027 -2.189 -0.024  0.955  0.515]
[Deoxys INFO] 2025-08-26 20:36:06,554 - Desired Robot joint: [ 0.189 -0.308  0.026 -2.19  -0.023  0.957  0.516]
[Deoxys INFO] 2025-08-26 20:36:06,604 - Current Robot joint: [ 0.187 -0.306  0.025 -2.196 -0.023  1.001  0.523]
[Deoxys INFO] 2025-08-26 20:36:06,604 - Desired Robot joint: [ 0.187 -0.305  0.025 -2.197 -0.023  1.004  0.524]
[Deoxys INFO] 2025-08-26 20:36:06,654 - Current Robot joint: [ 0.185 -0.303  0.025 -2.203 -0.023  1.05   0.532]
[Deoxys INFO] 2025-08-26 20:36:06,654 - Desired Robot joint: [ 0.185 -0.302  0.024 -2.205 -0.022  1.053  0.533]
[Deoxys INFO] 2025-08-26 20:36:06,704 - Current Robot joint: [ 0.183 -0.301  0.023 -2.21  -0.023  1.1    0.541]
[Deoxys INFO] 2025-08-26 20:36:06,705 - Desired Robot joint: [ 0.182 -0.299  0.023 -2.212 -0.022  1.103  0.541]
[Deoxys INFO] 2025-08-26 20:36:06,754 - Current Robot joint: [ 0.18  -0.298  0.022 -2.217 -0.022  1.152  0.549]
[Deoxys INFO] 2025-08-26 20:36:06,755 - Desired Robot joint: [ 0.18  -0.297  0.022 -2.219 -0.022  1.155  0.55 ]
[Deoxys INFO] 2025-08-26 20:36:06,805 - Current Robot joint: [ 0.178 -0.295  0.021 -2.225 -0.022  1.205  0.558]
[Deoxys INFO] 2025-08-26 20:36:06,805 - Desired Robot joint: [ 0.177 -0.294  0.021 -2.226 -0.021  1.208  0.558]
[Deoxys INFO] 2025-08-26 20:36:06,855 - Current Robot joint: [ 0.175 -0.292  0.02  -2.232 -0.021  1.259  0.566]
[Deoxys INFO] 2025-08-26 20:36:06,855 - Desired Robot joint: [ 0.175 -0.291  0.02  -2.233 -0.021  1.262  0.567]
[Deoxys INFO] 2025-08-26 20:36:06,905 - Current Robot joint: [ 0.173 -0.29   0.019 -2.239 -0.021  1.313  0.575]
[Deoxys INFO] 2025-08-26 20:36:06,905 - Desired Robot joint: [ 0.173 -0.288  0.019 -2.24  -0.021  1.316  0.575]
[Deoxys INFO] 2025-08-26 20:36:06,955 - Current Robot joint: [ 0.171 -0.287  0.018 -2.246 -0.021  1.368  0.583]
[Deoxys INFO] 2025-08-26 20:36:06,955 - Desired Robot joint: [ 0.17  -0.285  0.018 -2.248 -0.02   1.371  0.584]
[Deoxys INFO] 2025-08-26 20:36:07,005 - Current Robot joint: [ 0.169 -0.285  0.018 -2.252 -0.02   1.413  0.59 ]
[Deoxys INFO] 2025-08-26 20:36:07,006 - Desired Robot joint: [ 0.168 -0.283  0.017 -2.253 -0.02   1.416  0.591]
[Deoxys INFO] 2025-08-26 20:36:07,055 - Current Robot joint: [ 0.166 -0.282  0.017 -2.259 -0.02   1.469  0.598]
[Deoxys INFO] 2025-08-26 20:36:07,056 - Desired Robot joint: [ 0.166 -0.28   0.016 -2.26  -0.02   1.471  0.599]
[Deoxys INFO] 2025-08-26 20:36:07,105 - Current Robot joint: [ 0.164 -0.279  0.016 -2.266 -0.02   1.522  0.606]
[Deoxys INFO] 2025-08-26 20:36:07,106 - Desired Robot joint: [ 0.164 -0.278  0.015 -2.267 -0.019  1.524  0.607]
[Deoxys INFO] 2025-08-26 20:36:07,156 - Current Robot joint: [ 0.162 -0.276  0.015 -2.273 -0.019  1.579  0.616]
[Deoxys INFO] 2025-08-26 20:36:07,156 - Desired Robot joint: [ 0.161 -0.275  0.014 -2.275 -0.019  1.581  0.616]
[Deoxys INFO] 2025-08-26 20:36:07,206 - Current Robot joint: [ 0.159 -0.274  0.014 -2.28  -0.019  1.632  0.624]
[Deoxys INFO] 2025-08-26 20:36:07,206 - Desired Robot joint: [ 0.159 -0.272  0.013 -2.282 -0.018  1.635  0.625]
[Deoxys INFO] 2025-08-26 20:36:07,256 - Current Robot joint: [ 0.157 -0.271  0.013 -2.287 -0.019  1.684  0.632]
[Deoxys INFO] 2025-08-26 20:36:07,256 - Desired Robot joint: [ 0.157 -0.269  0.012 -2.289 -0.018  1.687  0.633]
[Deoxys INFO] 2025-08-26 20:36:07,306 - Current Robot joint: [ 0.155 -0.268  0.012 -2.295 -0.018  1.735  0.641]
[Deoxys INFO] 2025-08-26 20:36:07,306 - Desired Robot joint: [ 0.154 -0.266  0.011 -2.296 -0.018  1.738  0.642]
[Deoxys INFO] 2025-08-26 20:36:07,356 - Current Robot joint: [ 0.152 -0.265  0.011 -2.302 -0.018  1.785  0.649]
[Deoxys INFO] 2025-08-26 20:36:07,356 - Desired Robot joint: [ 0.152 -0.264  0.01  -2.303 -0.017  1.787  0.65 ]
[Deoxys INFO] 2025-08-26 20:36:07,406 - Current Robot joint: [ 0.15  -0.262  0.009 -2.309 -0.017  1.834  0.658]
[Deoxys INFO] 2025-08-26 20:36:07,407 - Desired Robot joint: [ 0.149 -0.261  0.009 -2.311 -0.017  1.836  0.659]
[Deoxys INFO] 2025-08-26 20:36:07,457 - Current Robot joint: [ 0.147 -0.26   0.008 -2.316 -0.017  1.88   0.667]
[Deoxys INFO] 2025-08-26 20:36:07,457 - Desired Robot joint: [ 0.147 -0.258  0.008 -2.318 -0.017  1.882  0.667]
[Deoxys INFO] 2025-08-26 20:36:07,507 - Current Robot joint: [ 0.145 -0.257  0.007 -2.323 -0.017  1.924  0.675]
[Deoxys INFO] 2025-08-26 20:36:07,507 - Desired Robot joint: [ 0.145 -0.255  0.007 -2.325 -0.016  1.926  0.676]
[Deoxys INFO] 2025-08-26 20:36:07,557 - Current Robot joint: [ 0.143 -0.254  0.006 -2.331 -0.016  1.966  0.684]
[Deoxys INFO] 2025-08-26 20:36:07,557 - Desired Robot joint: [ 0.142 -0.252  0.006 -2.332 -0.016  1.967  0.685]
[Deoxys INFO] 2025-08-26 20:36:07,607 - Current Robot joint: [ 0.141 -0.252  0.006 -2.336 -0.016  1.997  0.691]
[Deoxys INFO] 2025-08-26 20:36:07,607 - Desired Robot joint: [ 0.14  -0.25   0.005 -2.338 -0.016  1.998  0.691]
[Deoxys INFO] 2025-08-26 20:36:07,658 - Current Robot joint: [ 0.138 -0.249  0.005 -2.343 -0.016  2.034  0.699]
[Deoxys INFO] 2025-08-26 20:36:07,659 - Desired Robot joint: [ 0.138 -0.247  0.004 -2.347 -0.015  2.043  0.701]
[Deoxys INFO] 2025-08-26 20:36:07,707 - Current Robot joint: [ 0.136 -0.246  0.004 -2.351 -0.015  2.069  0.708]
[Deoxys INFO] 2025-08-26 20:36:07,708 - Desired Robot joint: [ 0.136 -0.245  0.003 -2.352 -0.015  2.07   0.708]
[Deoxys INFO] 2025-08-26 20:36:07,758 - Current Robot joint: [ 0.134 -0.243  0.003 -2.358 -0.015  2.101  0.716]
[Deoxys INFO] 2025-08-26 20:36:07,758 - Desired Robot joint: [ 1.330e-01 -2.420e-01  2.000e-03 -2.360e+00 -1.400e-02  2.103e+00
  7.170e-01]
[Deoxys INFO] 2025-08-26 20:36:07,808 - Current Robot joint: [ 1.310e-01 -2.410e-01  2.000e-03 -2.365e+00 -1.500e-02  2.131e+00
  7.250e-01]
[Deoxys INFO] 2025-08-26 20:36:07,808 - Desired Robot joint: [ 1.310e-01 -2.390e-01  1.000e-03 -2.367e+00 -1.400e-02  2.132e+00
  7.250e-01]
[Deoxys INFO] 2025-08-26 20:36:07,858 - Current Robot joint: [ 1.290e-01 -2.380e-01  1.000e-03 -2.372e+00 -1.400e-02  2.158e+00
  7.330e-01]
[Deoxys INFO] 2025-08-26 20:36:07,858 - Desired Robot joint: [ 0.128 -0.236  0.    -2.374 -0.014  2.159  0.734]
[Deoxys INFO] 2025-08-26 20:36:07,908 - Current Robot joint: [ 0.126 -0.235 -0.    -2.379 -0.014  2.183  0.742]
[Deoxys INFO] 2025-08-26 20:36:07,908 - Desired Robot joint: [ 1.260e-01 -2.330e-01 -1.000e-03 -2.381e+00 -1.300e-02  2.184e+00
  7.420e-01]
[Deoxys INFO] 2025-08-26 20:36:07,958 - Current Robot joint: [ 1.240e-01 -2.320e-01 -1.000e-03 -2.387e+00 -1.300e-02  2.205e+00
  7.500e-01]
[Deoxys INFO] 2025-08-26 20:36:07,959 - Desired Robot joint: [ 1.240e-01 -2.310e-01 -2.000e-03 -2.388e+00 -1.300e-02  2.206e+00
  7.510e-01]
[Deoxys INFO] 2025-08-26 20:36:08,008 - Current Robot joint: [ 1.220e-01 -2.290e-01 -2.000e-03 -2.394e+00 -1.300e-02  2.224e+00
  7.590e-01]
[Deoxys INFO] 2025-08-26 20:36:08,009 - Desired Robot joint: [ 0.121 -0.228 -0.003 -2.396 -0.013  2.225  0.76 ]
[Deoxys INFO] 2025-08-26 20:36:08,059 - Current Robot joint: [ 0.119 -0.227 -0.003 -2.401 -0.013  2.241  0.767]
[Deoxys INFO] 2025-08-26 20:36:08,059 - Desired Robot joint: [ 0.119 -0.225 -0.004 -2.403 -0.012  2.242  0.768]
[Deoxys INFO] 2025-08-26 20:36:08,109 - Current Robot joint: [ 0.117 -0.224 -0.004 -2.408 -0.012  2.256  0.776]
[Deoxys INFO] 2025-08-26 20:36:08,109 - Desired Robot joint: [ 0.117 -0.222 -0.005 -2.41  -0.012  2.256  0.777]
[Deoxys INFO] 2025-08-26 20:36:08,159 - Current Robot joint: [ 0.115 -0.221 -0.005 -2.415 -0.012  2.268  0.784]
[Deoxys INFO] 2025-08-26 20:36:08,159 - Desired Robot joint: [ 0.114 -0.219 -0.006 -2.417 -0.011  2.269  0.785]
[Deoxys INFO] 2025-08-26 20:36:08,209 - Current Robot joint: [ 0.112 -0.218 -0.007 -2.422 -0.012  2.279  0.793]
[Deoxys INFO] 2025-08-26 20:36:08,209 - Desired Robot joint: [ 0.112 -0.217 -0.007 -2.424 -0.011  2.279  0.794]
[Deoxys INFO] 2025-08-26 20:36:08,259 - Current Robot joint: [ 0.11  -0.216 -0.007 -2.428 -0.011  2.285  0.8  ]
[Deoxys INFO] 2025-08-26 20:36:08,260 - Desired Robot joint: [ 0.109 -0.214 -0.008 -2.431 -0.011  2.287  0.802]
[Deoxys INFO] 2025-08-26 20:36:08,309 - Current Robot joint: [ 0.108 -0.213 -0.008 -2.436 -0.011  2.292  0.808]
[Deoxys INFO] 2025-08-26 20:36:08,310 - Desired Robot joint: [ 0.108 -0.211 -0.009 -2.437 -0.01   2.292  0.809]
[Deoxys INFO] 2025-08-26 20:36:08,360 - Current Robot joint: [ 0.105 -0.21  -0.009 -2.443 -0.011  2.297  0.817]
[Deoxys INFO] 2025-08-26 20:36:08,360 - Desired Robot joint: [ 0.105 -0.209 -0.01  -2.444 -0.01   2.297  0.818]
[Deoxys INFO] 2025-08-26 20:36:08,410 - Current Robot joint: [ 0.103 -0.208 -0.01  -2.45  -0.01   2.301  0.825]
[Deoxys INFO] 2025-08-26 20:36:08,410 - Desired Robot joint: [ 0.103 -0.206 -0.011 -2.452 -0.01   2.301  0.826]
[Deoxys INFO] 2025-08-26 20:36:08,460 - Current Robot joint: [ 0.101 -0.205 -0.011 -2.457 -0.01   2.303  0.833]
[Deoxys INFO] 2025-08-26 20:36:08,462 - Desired Robot joint: [ 0.1   -0.203 -0.012 -2.459 -0.009  2.303  0.834]
[Deoxys INFO] 2025-08-26 20:36:08,510 - Current Robot joint: [ 0.098 -0.202 -0.012 -2.463 -0.009  2.305  0.839]
[Deoxys INFO] 2025-08-26 20:36:08,511 - Desired Robot joint: [ 0.098 -0.2   -0.013 -2.464 -0.009  2.305  0.839]
[Deoxys INFO] 2025-08-26 20:36:08,560 - Current Robot joint: [ 0.096 -0.199 -0.013 -2.466 -0.009  2.305  0.842]
[Deoxys INFO] 2025-08-26 20:36:08,561 - Desired Robot joint: [ 0.096 -0.197 -0.014 -2.468 -0.009  2.305  0.842]
[Deoxys INFO] 2025-08-26 20:36:08,610 - Current Robot joint: [ 0.094 -0.198 -0.014 -2.467 -0.009  2.306  0.843]
[Deoxys INFO] 2025-08-26 20:36:08,611 - Desired Robot joint: [ 0.094 -0.196 -0.015 -2.469 -0.008  2.305  0.843]
[Deoxys INFO] 2025-08-26 20:36:08,661 - Current Robot joint: [ 0.094 -0.197 -0.015 -2.467 -0.009  2.306  0.843]
[Deoxys INFO] 2025-08-26 20:36:08,661 - Desired Robot joint: [ 0.094 -0.196 -0.015 -2.469 -0.008  2.305  0.843]
[Deoxys INFO] 2025-08-26 20:36:08,711 - Current Robot joint: [ 0.094 -0.197 -0.015 -2.467 -0.009  2.306  0.843]
[Deoxys INFO] 2025-08-26 20:36:08,711 - Desired Robot joint: [ 0.094 -0.196 -0.015 -2.469 -0.008  2.305  0.843]
[Deoxys INFO] 2025-08-26 20:36:08,761 - Current Robot joint: [ 0.094 -0.197 -0.015 -2.467 -0.009  2.306  0.843]
[Deoxys INFO] 2025-08-26 20:36:08,761 - Desired Robot joint: [ 0.094 -0.196 -0.015 -2.469 -0.008  2.305  0.843]
[Deoxys INFO] 2025-08-26 20:36:08,811 - Current Robot joint: [ 0.094 -0.197 -0.015 -2.467 -0.009  2.306  0.843]
[Deoxys INFO] 2025-08-26 20:36:08,811 - Desired Robot joint: [ 0.094 -0.196 -0.015 -2.469 -0.008  2.305  0.843]
[Deoxys INFO] 2025-08-26 20:36:08,861 - Current Robot joint: [ 0.094 -0.197 -0.015 -2.467 -0.009  2.306  0.843]
[Deoxys INFO] 2025-08-26 20:36:08,862 - Desired Robot joint: [ 0.094 -0.196 -0.015 -2.469 -0.008  2.305  0.843]
[Deoxys INFO] 2025-08-26 20:36:08,911 - Current Robot joint: [ 0.094 -0.197 -0.015 -2.467 -0.009  2.306  0.843]
[Deoxys INFO] 2025-08-26 20:36:08,912 - Desired Robot joint: [ 0.094 -0.196 -0.015 -2.469 -0.008  2.305  0.843]
[Deoxys INFO] 2025-08-26 20:36:08,962 - Current Robot joint: [ 0.094 -0.197 -0.015 -2.467 -0.009  2.306  0.843]
[Deoxys INFO] 2025-08-26 20:36:08,962 - Desired Robot joint: [ 0.094 -0.196 -0.015 -2.469 -0.008  2.305  0.843]
[Deoxys INFO] 2025-08-26 20:36:09,012 - Current Robot joint: [ 0.094 -0.197 -0.015 -2.467 -0.009  2.306  0.843]
[Deoxys INFO] 2025-08-26 20:36:09,012 - Desired Robot joint: [ 0.094 -0.196 -0.015 -2.469 -0.008  2.305  0.843]
[Deoxys INFO] 2025-08-26 20:36:09,062 - Current Robot joint: [ 0.094 -0.197 -0.015 -2.467 -0.009  2.306  0.843]
[Deoxys INFO] 2025-08-26 20:36:09,062 - Desired Robot joint: [ 0.094 -0.196 -0.015 -2.469 -0.008  2.305  0.843]
[Deoxys INFO] 2025-08-26 20:36:09,112 - Current Robot joint: [ 0.094 -0.197 -0.015 -2.467 -0.009  2.306  0.843]
[Deoxys INFO] 2025-08-26 20:36:09,112 - Desired Robot joint: [ 0.094 -0.196 -0.015 -2.469 -0.008  2.305  0.843]
[Deoxys INFO] 2025-08-26 20:36:09,162 - Current Robot joint: [ 0.094 -0.197 -0.015 -2.467 -0.009  2.306  0.843]
[Deoxys INFO] 2025-08-26 20:36:09,162 - Desired Robot joint: [ 0.094 -0.196 -0.015 -2.469 -0.008  2.305  0.843]
[Deoxys INFO] 2025-08-26 20:36:09,212 - Current Robot joint: [ 0.094 -0.197 -0.015 -2.467 -0.009  2.306  0.843]
[Deoxys INFO] 2025-08-26 20:36:09,212 - Desired Robot joint: [ 0.094 -0.196 -0.015 -2.469 -0.008  2.305  0.843]
[Deoxys INFO] 2025-08-26 20:36:09,262 - Current Robot joint: [ 0.094 -0.197 -0.015 -2.467 -0.009  2.306  0.843]
[Deoxys INFO] 2025-08-26 20:36:09,263 - Desired Robot joint: [ 0.094 -0.196 -0.015 -2.469 -0.008  2.305  0.843]
[Deoxys INFO] 2025-08-26 20:36:09,313 - Current Robot joint: [ 0.094 -0.197 -0.015 -2.467 -0.009  2.306  0.843]
[Deoxys INFO] 2025-08-26 20:36:09,313 - Desired Robot joint: [ 0.094 -0.196 -0.015 -2.469 -0.008  2.305  0.843]
[Deoxys INFO] 2025-08-26 20:36:09,363 - Current Robot joint: [ 0.094 -0.197 -0.015 -2.467 -0.009  2.306  0.843]
[Deoxys INFO] 2025-08-26 20:36:09,363 - Desired Robot joint: [ 0.094 -0.196 -0.015 -2.469 -0.008  2.305  0.843]
[Deoxys INFO] 2025-08-26 20:36:09,413 - Current Robot joint: [ 0.094 -0.197 -0.015 -2.467 -0.009  2.306  0.843]
[Deoxys INFO] 2025-08-26 20:36:09,413 - Desired Robot joint: [ 0.094 -0.196 -0.015 -2.469 -0.008  2.305  0.843]
[Deoxys INFO] 2025-08-26 20:36:09,463 - Current Robot joint: [ 0.094 -0.197 -0.015 -2.467 -0.009  2.306  0.843]
[Deoxys INFO] 2025-08-26 20:36:09,463 - Desired Robot joint: [ 0.094 -0.196 -0.015 -2.469 -0.008  2.305  0.843]
[Deoxys INFO] 2025-08-26 20:36:09,513 - Current Robot joint: [ 0.094 -0.197 -0.015 -2.467 -0.009  2.306  0.843]
[Deoxys INFO] 2025-08-26 20:36:09,514 - Desired Robot joint: [ 0.094 -0.196 -0.015 -2.469 -0.008  2.305  0.843]
[Deoxys INFO] 2025-08-26 20:36:09,564 - Current Robot joint: [ 0.094 -0.197 -0.015 -2.467 -0.009  2.306  0.843]
[Deoxys INFO] 2025-08-26 20:36:09,564 - Desired Robot joint: [ 0.094 -0.196 -0.015 -2.469 -0.008  2.305  0.843]
[Deoxys INFO] 2025-08-26 20:36:09,614 - Current Robot joint: [ 0.094 -0.197 -0.015 -2.467 -0.009  2.306  0.843]
[Deoxys INFO] 2025-08-26 20:36:09,614 - Desired Robot joint: [ 0.094 -0.196 -0.015 -2.469 -0.008  2.305  0.843]
[Deoxys INFO] 2025-08-26 20:36:09,664 - Current Robot joint: [ 0.094 -0.197 -0.015 -2.467 -0.009  2.306  0.843]
[Deoxys INFO] 2025-08-26 20:36:09,664 - Desired Robot joint: [ 0.094 -0.196 -0.015 -2.469 -0.008  2.305  0.843]
[Deoxys INFO] 2025-08-26 20:36:09,714 - Current Robot joint: [ 0.094 -0.197 -0.015 -2.467 -0.009  2.306  0.843]
[Deoxys INFO] 2025-08-26 20:36:09,714 - Desired Robot joint: [ 0.094 -0.196 -0.015 -2.469 -0.008  2.305  0.843]
[Deoxys INFO] 2025-08-26 20:36:09,764 - Current Robot joint: [ 0.094 -0.197 -0.015 -2.467 -0.009  2.306  0.843]
[Deoxys INFO] 2025-08-26 20:36:09,764 - Desired Robot joint: [ 0.094 -0.196 -0.015 -2.469 -0.008  2.305  0.843]
[Deoxys INFO] 2025-08-26 20:36:09,814 - Current Robot joint: [ 0.094 -0.197 -0.015 -2.467 -0.009  2.306  0.843]
[Deoxys INFO] 2025-08-26 20:36:09,814 - Desired Robot joint: [ 0.094 -0.196 -0.015 -2.469 -0.008  2.305  0.843]
[Deoxys INFO] 2025-08-26 20:36:09,864 - Current Robot joint: [ 0.094 -0.197 -0.015 -2.467 -0.009  2.306  0.843]
[Deoxys INFO] 2025-08-26 20:36:09,865 - Desired Robot joint: [ 0.094 -0.196 -0.015 -2.469 -0.008  2.305  0.843]
[Deoxys INFO] 2025-08-26 20:36:09,915 - Current Robot joint: [ 0.094 -0.197 -0.015 -2.467 -0.009  2.306  0.843]
[Deoxys INFO] 2025-08-26 20:36:09,915 - Desired Robot joint: [ 0.094 -0.196 -0.015 -2.469 -0.008  2.305  0.843]
[Deoxys INFO] 2025-08-26 20:36:09,965 - Current Robot joint: [ 0.094 -0.197 -0.015 -2.467 -0.009  2.306  0.843]
[Deoxys INFO] 2025-08-26 20:36:09,965 - Desired Robot joint: [ 0.094 -0.196 -0.015 -2.469 -0.008  2.305  0.843]
[Deoxys INFO] 2025-08-26 20:36:10,015 - Current Robot joint: [ 0.094 -0.197 -0.015 -2.467 -0.009  2.306  0.843]
[Deoxys INFO] 2025-08-26 20:36:10,016 - Desired Robot joint: [ 0.094 -0.196 -0.015 -2.469 -0.008  2.305  0.843]
[Deoxys INFO] 2025-08-26 20:36:10,065 - Current Robot joint: [ 0.094 -0.197 -0.015 -2.467 -0.009  2.306  0.843]
[Deoxys INFO] 2025-08-26 20:36:10,065 - Desired Robot joint: [ 0.094 -0.196 -0.015 -2.469 -0.008  2.305  0.843]
[Deoxys INFO] 2025-08-26 20:36:10,115 - Current Robot joint: [ 0.094 -0.197 -0.015 -2.467 -0.009  2.306  0.843]
[Deoxys INFO] 2025-08-26 20:36:10,115 - Desired Robot joint: [ 0.094 -0.196 -0.015 -2.469 -0.008  2.305  0.843]
[Deoxys INFO] 2025-08-26 20:36:10,165 - Current Robot joint: [ 0.094 -0.197 -0.015 -2.467 -0.009  2.306  0.843]
[Deoxys INFO] 2025-08-26 20:36:10,165 - Desired Robot joint: [ 0.094 -0.196 -0.015 -2.469 -0.008  2.305  0.843]
[Deoxys INFO] 2025-08-26 20:36:10,215 - Current Robot joint: [ 0.094 -0.197 -0.015 -2.467 -0.009  2.306  0.843]
[Deoxys INFO] 2025-08-26 20:36:10,216 - Desired Robot joint: [ 0.094 -0.196 -0.015 -2.469 -0.008  2.305  0.843]
[Deoxys INFO] 2025-08-26 20:36:10,265 - Current Robot joint: [ 0.094 -0.197 -0.015 -2.467 -0.009  2.306  0.843]
[Deoxys INFO] 2025-08-26 20:36:10,266 - Desired Robot joint: [ 0.094 -0.196 -0.015 -2.469 -0.008  2.305  0.843]
[Deoxys INFO] 2025-08-26 20:36:10,316 - Current Robot joint: [ 0.094 -0.197 -0.015 -2.467 -0.009  2.306  0.843]
[Deoxys INFO] 2025-08-26 20:36:10,316 - Desired Robot joint: [ 0.094 -0.196 -0.015 -2.469 -0.008  2.305  0.843]
[Deoxys INFO] 2025-08-26 20:36:10,366 - Current Robot joint: [ 0.094 -0.197 -0.015 -2.467 -0.009  2.306  0.843]
[Deoxys INFO] 2025-08-26 20:36:10,366 - Desired Robot joint: [ 0.094 -0.196 -0.015 -2.469 -0.008  2.305  0.843]
[Deoxys INFO] 2025-08-26 20:36:10,416 - Current Robot joint: [ 0.094 -0.197 -0.015 -2.467 -0.009  2.306  0.843]
[Deoxys INFO] 2025-08-26 20:36:10,416 - Desired Robot joint: [ 0.094 -0.196 -0.015 -2.469 -0.008  2.305  0.843]
[Deoxys INFO] 2025-08-26 20:36:10,466 - Current Robot joint: [ 0.094 -0.197 -0.015 -2.467 -0.009  2.306  0.843]
[Deoxys INFO] 2025-08-26 20:36:10,466 - Desired Robot joint: [ 0.094 -0.196 -0.015 -2.469 -0.008  2.305  0.843]
[Deoxys INFO] 2025-08-26 20:36:10,516 - Current Robot joint: [ 0.094 -0.197 -0.015 -2.467 -0.009  2.306  0.843]
[Deoxys INFO] 2025-08-26 20:36:10,516 - Desired Robot joint: [ 0.094 -0.196 -0.015 -2.469 -0.008  2.305  0.843]
[Deoxys INFO] 2025-08-26 20:36:10,566 - Current Robot joint: [ 0.094 -0.197 -0.015 -2.467 -0.009  2.306  0.843]
[Deoxys INFO] 2025-08-26 20:36:10,566 - Desired Robot joint: [ 0.094 -0.196 -0.015 -2.469 -0.008  2.305  0.843]
[Deoxys INFO] 2025-08-26 20:36:10,616 - Current Robot joint: [ 0.094 -0.197 -0.015 -2.467 -0.009  2.306  0.843]
[Deoxys INFO] 2025-08-26 20:36:10,616 - Desired Robot joint: [ 0.094 -0.196 -0.015 -2.469 -0.008  2.305  0.843]
[Deoxys INFO] 2025-08-26 20:36:10,666 - Current Robot joint: [ 0.094 -0.197 -0.015 -2.467 -0.009  2.306  0.843]
[Deoxys INFO] 2025-08-26 20:36:10,667 - Desired Robot joint: [ 0.094 -0.196 -0.015 -2.469 -0.008  2.305  0.843]
[Deoxys INFO] 2025-08-26 20:36:10,716 - Current Robot joint: [ 0.094 -0.197 -0.015 -2.467 -0.009  2.306  0.843]
[Deoxys INFO] 2025-08-26 20:36:10,717 - Desired Robot joint: [ 0.094 -0.196 -0.015 -2.469 -0.008  2.305  0.843]
[Deoxys INFO] 2025-08-26 20:36:10,766 - Current Robot joint: [ 0.094 -0.197 -0.015 -2.467 -0.009  2.306  0.843]
[Deoxys INFO] 2025-08-26 20:36:10,767 - Desired Robot joint: [ 0.094 -0.196 -0.015 -2.469 -0.008  2.305  0.843]
[Deoxys INFO] 2025-08-26 20:36:10,816 - Current Robot joint: [ 0.094 -0.197 -0.015 -2.467 -0.009  2.306  0.843]
[Deoxys INFO] 2025-08-26 20:36:10,817 - Desired Robot joint: [ 0.094 -0.196 -0.015 -2.469 -0.008  2.305  0.843]
[Deoxys INFO] 2025-08-26 20:36:10,867 - Current Robot joint: [ 0.094 -0.197 -0.015 -2.467 -0.009  2.306  0.843]
[Deoxys INFO] 2025-08-26 20:36:10,867 - Desired Robot joint: [ 0.094 -0.196 -0.015 -2.469 -0.008  2.305  0.843]
[Deoxys INFO] 2025-08-26 20:36:10,917 - Current Robot joint: [ 0.094 -0.197 -0.015 -2.467 -0.009  2.306  0.843]
[Deoxys INFO] 2025-08-26 20:36:10,917 - Desired Robot joint: [ 0.094 -0.196 -0.015 -2.469 -0.008  2.305  0.843]
[Deoxys INFO] 2025-08-26 20:36:10,967 - Current Robot joint: [ 0.094 -0.197 -0.015 -2.467 -0.009  2.306  0.843]
[Deoxys INFO] 2025-08-26 20:36:10,967 - Desired Robot joint: [ 0.094 -0.196 -0.015 -2.469 -0.008  2.305  0.843]
[Deoxys INFO] 2025-08-26 20:36:11,017 - Current Robot joint: [ 0.094 -0.197 -0.015 -2.467 -0.009  2.306  0.843]
[Deoxys INFO] 2025-08-26 20:36:11,017 - Desired Robot joint: [ 0.094 -0.196 -0.015 -2.469 -0.008  2.305  0.843]
[Deoxys INFO] 2025-08-26 20:39:57,818 - Current Robot joint: [ 0.094 -0.197 -0.015 -2.467 -0.008  2.306  0.843]
[Deoxys INFO] 2025-08-26 20:39:57,819 - Desired Robot joint: [ 0.094 -0.196 -0.015 -2.469 -0.008  2.305  0.843]
[Deoxys INFO] 2025-08-26 20:39:57,819 - Current Robot joint: [ 0.094 -0.197 -0.015 -2.467 -0.008  2.306  0.843]
[Deoxys INFO] 2025-08-26 20:39:57,819 - Desired Robot joint: [ 0.094 -0.196 -0.015 -2.469 -0.008  2.305  0.843]
[Deoxys INFO] 2025-08-26 20:39:57,870 - Current Robot joint: [ 0.094 -0.197 -0.015 -2.467 -0.008  2.306  0.843]
[Deoxys INFO] 2025-08-26 20:39:57,870 - Desired Robot joint: [ 0.094 -0.196 -0.015 -2.469 -0.008  2.305  0.843]
[Deoxys INFO] 2025-08-26 20:39:57,920 - Current Robot joint: [ 0.094 -0.197 -0.015 -2.467 -0.008  2.305  0.842]
[Deoxys INFO] 2025-08-26 20:39:57,920 - Desired Robot joint: [ 0.094 -0.196 -0.015 -2.468 -0.008  2.304  0.841]
[Deoxys INFO] 2025-08-26 20:39:57,970 - Current Robot joint: [ 0.093 -0.196 -0.014 -2.465 -0.008  2.302  0.839]
[Deoxys INFO] 2025-08-26 20:39:57,970 - Desired Robot joint: [ 0.093 -0.195 -0.014 -2.466 -0.007  2.301  0.839]
[Deoxys INFO] 2025-08-26 20:39:58,020 - Current Robot joint: [ 0.092 -0.196 -0.012 -2.462 -0.008  2.297  0.837]
[Deoxys INFO] 2025-08-26 20:39:58,020 - Desired Robot joint: [ 0.091 -0.194 -0.012 -2.461 -0.007  2.295  0.836]
[Deoxys INFO] 2025-08-26 20:39:58,070 - Current Robot joint: [ 0.089 -0.194 -0.009 -2.455 -0.008  2.291  0.834]
[Deoxys INFO] 2025-08-26 20:39:58,070 - Desired Robot joint: [ 0.089 -0.192 -0.009 -2.455 -0.007  2.29   0.834]
[Deoxys INFO] 2025-08-26 20:39:58,120 - Current Robot joint: [ 0.085 -0.19  -0.004 -2.446 -0.007  2.284  0.831]
[Deoxys INFO] 2025-08-26 20:39:58,120 - Desired Robot joint: [ 0.084 -0.188 -0.004 -2.446 -0.007  2.283  0.831]
[Deoxys INFO] 2025-08-26 20:39:58,170 - Current Robot joint: [ 0.079 -0.186  0.003 -2.435 -0.007  2.276  0.829]
[Deoxys INFO] 2025-08-26 20:39:58,171 - Desired Robot joint: [ 0.078 -0.184  0.003 -2.435 -0.006  2.276  0.828]
[Deoxys INFO] 2025-08-26 20:39:58,220 - Current Robot joint: [ 0.071 -0.179  0.012 -2.424 -0.007  2.269  0.826]
[Deoxys INFO] 2025-08-26 20:39:58,221 - Desired Robot joint: [ 0.07  -0.177  0.012 -2.424 -0.006  2.269  0.825]
[Deoxys INFO] 2025-08-26 20:39:58,271 - Current Robot joint: [ 0.061 -0.171  0.023 -2.412 -0.007  2.262  0.823]
[Deoxys INFO] 2025-08-26 20:39:58,271 - Desired Robot joint: [ 0.06  -0.169  0.024 -2.412 -0.006  2.261  0.823]
[Deoxys INFO] 2025-08-26 20:39:58,321 - Current Robot joint: [ 0.048 -0.161  0.037 -2.4   -0.006  2.255  0.82 ]
[Deoxys INFO] 2025-08-26 20:39:58,321 - Desired Robot joint: [ 0.047 -0.159  0.038 -2.4   -0.006  2.254  0.82 ]
[Deoxys INFO] 2025-08-26 20:39:58,371 - Current Robot joint: [ 0.033 -0.149  0.054 -2.389 -0.006  2.248  0.818]
[Deoxys INFO] 2025-08-26 20:39:58,371 - Desired Robot joint: [ 0.032 -0.147  0.055 -2.389 -0.005  2.247  0.817]
[Deoxys INFO] 2025-08-26 20:39:58,421 - Current Robot joint: [ 0.016 -0.134  0.073 -2.377 -0.006  2.241  0.815]
[Deoxys INFO] 2025-08-26 20:39:58,421 - Desired Robot joint: [ 0.014 -0.132  0.074 -2.377 -0.005  2.24   0.814]
[Deoxys INFO] 2025-08-26 20:39:58,471 - Current Robot joint: [-0.005 -0.117  0.095 -2.365 -0.005  2.234  0.812]
[Deoxys INFO] 2025-08-26 20:39:58,471 - Desired Robot joint: [-0.006 -0.115  0.096 -2.365 -0.005  2.233  0.812]
[Deoxys INFO] 2025-08-26 20:39:58,521 - Current Robot joint: [-0.027 -0.098  0.119 -2.354 -0.005  2.227  0.809]
[Deoxys INFO] 2025-08-26 20:39:58,521 - Desired Robot joint: [-0.028 -0.096  0.12  -2.354 -0.005  2.226  0.809]
[Deoxys INFO] 2025-08-26 20:39:58,571 - Current Robot joint: [-0.052 -0.076  0.145 -2.342 -0.005  2.22   0.807]
[Deoxys INFO] 2025-08-26 20:39:58,572 - Desired Robot joint: [-0.054 -0.074  0.147 -2.342 -0.004  2.219  0.806]
[Deoxys INFO] 2025-08-26 20:39:58,621 - Current Robot joint: [-0.08  -0.052  0.174 -2.331 -0.005  2.213  0.804]
[Deoxys INFO] 2025-08-26 20:39:58,622 - Desired Robot joint: [-0.082 -0.049  0.175 -2.331 -0.004  2.212  0.803]
[Deoxys INFO] 2025-08-26 20:39:58,672 - Current Robot joint: [-0.11  -0.025  0.204 -2.319 -0.004  2.206  0.801]
[Deoxys INFO] 2025-08-26 20:39:58,672 - Desired Robot joint: [-0.112 -0.022  0.206 -2.319 -0.004  2.205  0.801]
[Deoxys INFO] 2025-08-26 20:39:58,722 - Current Robot joint: [-0.143  0.005  0.236 -2.307 -0.004  2.199  0.798]
[Deoxys INFO] 2025-08-26 20:39:58,722 - Desired Robot joint: [-0.144  0.008  0.238 -2.307 -0.004  2.198  0.798]
[Deoxys INFO] 2025-08-26 20:39:58,772 - Current Robot joint: [-0.169  0.03   0.262 -2.298 -0.004  2.193  0.796]
[Deoxys INFO] 2025-08-26 20:39:58,772 - Desired Robot joint: [-0.178  0.039  0.27  -2.296 -0.003  2.191  0.795]
[Deoxys INFO] 2025-08-26 20:39:58,822 - Current Robot joint: [-0.205  0.064  0.296 -2.287 -0.004  2.186  0.793]
[Deoxys INFO] 2025-08-26 20:39:58,822 - Desired Robot joint: [-0.207  0.067  0.297 -2.287 -0.003  2.185  0.793]
[Deoxys INFO] 2025-08-26 20:39:58,872 - Current Robot joint: [-0.243  0.101  0.33  -2.275 -0.003  2.179  0.791]
[Deoxys INFO] 2025-08-26 20:39:58,873 - Desired Robot joint: [-0.245  0.104  0.331 -2.275 -0.003  2.178  0.79 ]
[Deoxys INFO] 2025-08-26 20:39:58,923 - Current Robot joint: [-0.282  0.14   0.364 -2.264 -0.003  2.172  0.788]
[Deoxys INFO] 2025-08-26 20:39:58,923 - Desired Robot joint: [-0.284  0.143  0.365 -2.263 -0.003  2.171  0.787]
[Deoxys INFO] 2025-08-26 20:39:58,973 - Current Robot joint: [-0.321  0.181  0.398 -2.252 -0.003  2.165  0.785]
[Deoxys INFO] 2025-08-26 20:39:58,973 - Desired Robot joint: [-3.240e-01  1.850e-01  3.990e-01 -2.252e+00 -2.000e-03  2.164e+00
  7.850e-01]
[Deoxys INFO] 2025-08-26 20:39:59,023 - Current Robot joint: [-0.36   0.223  0.43  -2.241 -0.003  2.158  0.782]
[Deoxys INFO] 2025-08-26 20:39:59,023 - Desired Robot joint: [-3.630e-01  2.270e-01  4.320e-01 -2.241e+00 -2.000e-03  2.157e+00
  7.820e-01]
[Deoxys INFO] 2025-08-26 20:39:59,073 - Current Robot joint: [-4.030e-01  2.710e-01  4.660e-01 -2.229e+00 -2.000e-03  2.150e+00
  7.800e-01]
[Deoxys INFO] 2025-08-26 20:39:59,073 - Desired Robot joint: [-4.050e-01  2.740e-01  4.670e-01 -2.228e+00 -2.000e-03  2.150e+00
  7.790e-01]
[Deoxys INFO] 2025-08-26 20:39:59,123 - Current Robot joint: [-4.430e-01  3.180e-01  5.000e-01 -2.217e+00 -2.000e-03  2.143e+00
  7.770e-01]
[Deoxys INFO] 2025-08-26 20:39:59,123 - Desired Robot joint: [-4.460e-01  3.220e-01  5.010e-01 -2.217e+00 -2.000e-03  2.143e+00
  7.760e-01]
[Deoxys INFO] 2025-08-26 20:39:59,173 - Current Robot joint: [-4.840e-01  3.680e-01  5.340e-01 -2.205e+00 -2.000e-03  2.136e+00
  7.740e-01]
[Deoxys INFO] 2025-08-26 20:39:59,174 - Desired Robot joint: [-4.860e-01  3.710e-01  5.350e-01 -2.205e+00 -1.000e-03  2.135e+00
  7.740e-01]
[Deoxys INFO] 2025-08-26 20:39:59,223 - Current Robot joint: [-5.250e-01  4.190e-01  5.680e-01 -2.194e+00 -2.000e-03  2.129e+00
  7.710e-01]
[Deoxys INFO] 2025-08-26 20:39:59,224 - Desired Robot joint: [-5.270e-01  4.220e-01  5.690e-01 -2.194e+00 -1.000e-03  2.128e+00
  7.710e-01]
[Deoxys INFO] 2025-08-26 20:39:59,274 - Current Robot joint: [-5.650e-01  4.700e-01  6.010e-01 -2.182e+00 -1.000e-03  2.122e+00
  7.690e-01]
[Deoxys INFO] 2025-08-26 20:39:59,274 - Desired Robot joint: [-5.670e-01  4.740e-01  6.020e-01 -2.182e+00 -1.000e-03  2.121e+00
  7.680e-01]
[Deoxys INFO] 2025-08-26 20:39:59,324 - Current Robot joint: [-6.040e-01  5.210e-01  6.340e-01 -2.171e+00 -1.000e-03  2.115e+00
  7.660e-01]
[Deoxys INFO] 2025-08-26 20:39:59,324 - Desired Robot joint: [-6.060e-01  5.250e-01  6.350e-01 -2.171e+00 -1.000e-03  2.115e+00
  7.650e-01]
[Deoxys INFO] 2025-08-26 20:39:59,374 - Current Robot joint: [-6.460e-01  5.770e-01  6.690e-01 -2.159e+00 -1.000e-03  2.108e+00
  7.630e-01]
[Deoxys INFO] 2025-08-26 20:39:59,374 - Desired Robot joint: [-0.648  0.581  0.67  -2.159 -0.     2.107  0.763]
[Deoxys INFO] 2025-08-26 20:39:59,424 - Current Robot joint: [-0.686  0.631  0.702 -2.148 -0.     2.101  0.76 ]
[Deoxys INFO] 2025-08-26 20:39:59,424 - Desired Robot joint: [-0.688  0.634  0.704 -2.147 -0.     2.1    0.76 ]
[Deoxys INFO] 2025-08-26 20:39:59,474 - Current Robot joint: [-0.719  0.675  0.73  -2.139 -0.     2.095  0.758]
[Deoxys INFO] 2025-08-26 20:39:59,474 - Desired Robot joint: [-0.721  0.678  0.731 -2.138  0.     2.095  0.758]
[Deoxys INFO] 2025-08-26 20:39:59,524 - Current Robot joint: [-0.759  0.729  0.764 -2.127  0.     2.088  0.755]
[Deoxys INFO] 2025-08-26 20:39:59,525 - Desired Robot joint: [-0.762  0.733  0.765 -2.126  0.     2.087  0.755]
[Deoxys INFO] 2025-08-26 20:39:59,574 - Current Robot joint: [-0.8    0.784  0.798 -2.115  0.     2.081  0.753]
[Deoxys INFO] 2025-08-26 20:39:59,575 - Desired Robot joint: [-8.020e-01  7.870e-01  7.990e-01 -2.115e+00  1.000e-03  2.080e+00
  7.520e-01]
[Deoxys INFO] 2025-08-26 20:39:59,625 - Current Robot joint: [-8.410e-01  8.380e-01  8.320e-01 -2.104e+00  1.000e-03  2.074e+00
  7.500e-01]
[Deoxys INFO] 2025-08-26 20:39:59,625 - Desired Robot joint: [-8.430e-01  8.410e-01  8.330e-01 -2.103e+00  1.000e-03  2.073e+00
  7.490e-01]
[Deoxys INFO] 2025-08-26 20:39:59,675 - Current Robot joint: [-8.820e-01  8.900e-01  8.660e-01 -2.092e+00  1.000e-03  2.067e+00
  7.470e-01]
[Deoxys INFO] 2025-08-26 20:39:59,675 - Desired Robot joint: [-8.840e-01  8.940e-01  8.670e-01 -2.092e+00  1.000e-03  2.066e+00
  7.470e-01]
[Deoxys INFO] 2025-08-26 20:39:59,725 - Current Robot joint: [-9.210e-01  9.410e-01  8.990e-01 -2.081e+00  1.000e-03  2.060e+00
  7.440e-01]
[Deoxys INFO] 2025-08-26 20:39:59,725 - Desired Robot joint: [-9.240e-01  9.450e-01  9.000e-01 -2.080e+00  1.000e-03  2.059e+00
  7.440e-01]
[Deoxys INFO] 2025-08-26 20:40:43,374 - Current Robot joint: [-1.51   1.523  1.454 -1.845  0.007  1.916  0.689]
[Deoxys INFO] 2025-08-26 20:40:43,374 - Desired Robot joint: [-1.51   1.523  1.452 -1.845  0.007  1.916  0.689]
[Deoxys INFO] 2025-08-26 20:40:43,375 - Current Robot joint: [-1.51   1.523  1.454 -1.845  0.007  1.916  0.689]
[Deoxys INFO] 2025-08-26 20:40:43,375 - Desired Robot joint: [-1.51   1.523  1.452 -1.845  0.007  1.916  0.689]
[Deoxys INFO] 2025-08-26 20:40:43,425 - Current Robot joint: [-1.51   1.523  1.454 -1.845  0.007  1.916  0.689]
[Deoxys INFO] 2025-08-26 20:40:43,425 - Desired Robot joint: [-1.51   1.523  1.452 -1.845  0.007  1.916  0.689]
[Deoxys INFO] 2025-08-26 20:40:43,475 - Current Robot joint: [-1.51   1.523  1.454 -1.845  0.007  1.917  0.689]
[Deoxys INFO] 2025-08-26 20:40:43,475 - Desired Robot joint: [-1.51   1.523  1.452 -1.845  0.006  1.917  0.689]
[Deoxys INFO] 2025-08-26 20:40:43,525 - Current Robot joint: [-1.51   1.523  1.453 -1.846  0.006  1.919  0.691]
[Deoxys INFO] 2025-08-26 20:40:43,525 - Desired Robot joint: [-1.51   1.523  1.452 -1.847  0.006  1.919  0.692]
[Deoxys INFO] 2025-08-26 20:40:43,575 - Current Robot joint: [-1.509  1.522  1.452 -1.85   0.006  1.923  0.694]
[Deoxys INFO] 2025-08-26 20:40:43,576 - Desired Robot joint: [-1.508  1.522  1.45  -1.85   0.006  1.924  0.694]
[Deoxys INFO] 2025-08-26 20:40:43,626 - Current Robot joint: [-1.506  1.52   1.449 -1.856  0.006  1.93   0.697]
[Deoxys INFO] 2025-08-26 20:40:43,626 - Desired Robot joint: [-1.506  1.52   1.447 -1.857  0.006  1.93   0.697]
[Deoxys INFO] 2025-08-26 20:40:43,676 - Current Robot joint: [-1.502  1.517  1.445 -1.865  0.006  1.936  0.699]
[Deoxys INFO] 2025-08-26 20:40:43,676 - Desired Robot joint: [-1.502  1.517  1.443 -1.865  0.005  1.937  0.7  ]
[Deoxys INFO] 2025-08-26 20:40:43,726 - Current Robot joint: [-1.497  1.513  1.438 -1.875  0.005  1.943  0.702]
[Deoxys INFO] 2025-08-26 20:40:43,726 - Desired Robot joint: [-1.496  1.512  1.436 -1.876  0.005  1.943  0.702]
[Deoxys INFO] 2025-08-26 20:40:43,776 - Current Robot joint: [-1.489  1.507  1.43  -1.886  0.005  1.949  0.704]
[Deoxys INFO] 2025-08-26 20:40:43,777 - Desired Robot joint: [-1.489  1.507  1.428 -1.886  0.005  1.95   0.705]
[Deoxys INFO] 2025-08-26 20:40:43,826 - Current Robot joint: [-1.479  1.499  1.419 -1.897  0.005  1.956  0.707]
[Deoxys INFO] 2025-08-26 20:40:43,826 - Desired Robot joint: [-1.479  1.499  1.417 -1.897  0.005  1.956  0.707]
[Deoxys INFO] 2025-08-26 20:40:43,877 - Current Robot joint: [-1.468  1.49   1.405 -1.908  0.005  1.962  0.71 ]
[Deoxys INFO] 2025-08-26 20:40:43,877 - Desired Robot joint: [-1.467  1.489  1.403 -1.908  0.004  1.963  0.71 ]
[Deoxys INFO] 2025-08-26 20:40:43,927 - Current Robot joint: [-1.453  1.478  1.389 -1.919  0.004  1.969  0.712]
[Deoxys INFO] 2025-08-26 20:40:43,927 - Desired Robot joint: [-1.452  1.477  1.387 -1.919  0.004  1.97   0.713]
[Deoxys INFO] 2025-08-26 20:40:43,977 - Current Robot joint: [-1.436  1.464  1.371 -1.93   0.004  1.976  0.715]
[Deoxys INFO] 2025-08-26 20:40:43,977 - Desired Robot joint: [-1.435  1.463  1.368 -1.931  0.004  1.976  0.715]
[Deoxys INFO] 2025-08-26 20:40:44,027 - Current Robot joint: [-1.417  1.448  1.35  -1.941  0.004  1.982  0.717]
[Deoxys INFO] 2025-08-26 20:40:44,027 - Desired Robot joint: [-1.415  1.447  1.347 -1.941  0.004  1.983  0.718]
[Deoxys INFO] 2025-08-26 20:40:44,077 - Current Robot joint: [-1.399  1.433  1.331 -1.95   0.004  1.987  0.72 ]
[Deoxys INFO] 2025-08-26 20:40:44,077 - Desired Robot joint: [-1.397  1.432  1.328 -1.95   0.003  1.988  0.72 ]
[Deoxys INFO] 2025-08-26 20:40:44,127 - Current Robot joint: [-1.374  1.412  1.306 -1.96   0.004  1.994  0.722]
[Deoxys INFO] 2025-08-26 20:40:44,128 - Desired Robot joint: [-1.373  1.411  1.303 -1.961  0.003  1.994  0.723]
[Deoxys INFO] 2025-08-26 20:40:44,177 - Current Robot joint: [-1.348  1.389  1.278 -1.972  0.003  2.     0.725]
[Deoxys INFO] 2025-08-26 20:40:44,178 - Desired Robot joint: [-1.346  1.388  1.275 -1.972  0.003  2.001  0.725]
[Deoxys INFO] 2025-08-26 20:40:44,228 - Current Robot joint: [-1.318  1.363  1.248 -1.983  0.003  2.007  0.727]
[Deoxys INFO] 2025-08-26 20:40:44,228 - Desired Robot joint: [-1.317  1.362  1.245 -1.983  0.003  2.008  0.728]
[Deoxys INFO] 2025-08-26 20:40:44,278 - Current Robot joint: [-1.288  1.335  1.218 -1.993  0.003  2.014  0.73 ]
[Deoxys INFO] 2025-08-26 20:40:44,278 - Desired Robot joint: [-1.286e+00  1.334e+00  1.215e+00 -1.994e+00  2.000e-03  2.014e+00
  7.300e-01]
[Deoxys INFO] 2025-08-26 20:40:44,328 - Current Robot joint: [-1.254  1.304  1.185 -2.004  0.003  2.02   0.733]
[Deoxys INFO] 2025-08-26 20:40:44,328 - Desired Robot joint: [-1.252e+00  1.302e+00  1.182e+00 -2.005e+00  2.000e-03  2.021e+00
  7.330e-01]
[Deoxys INFO] 2025-08-26 20:40:44,378 - Current Robot joint: [-1.219e+00  1.270e+00  1.152e+00 -2.015e+00  2.000e-03  2.027e+00
  7.350e-01]
[Deoxys INFO] 2025-08-26 20:40:44,378 - Desired Robot joint: [-1.217e+00  1.269e+00  1.149e+00 -2.016e+00  2.000e-03  2.027e+00
  7.360e-01]
[Deoxys INFO] 2025-08-26 20:40:44,428 - Current Robot joint: [-1.182e+00  1.235e+00  1.118e+00 -2.026e+00  2.000e-03  2.033e+00
  7.380e-01]
[Deoxys INFO] 2025-08-26 20:40:44,428 - Desired Robot joint: [-1.180e+00  1.233e+00  1.115e+00 -2.027e+00  2.000e-03  2.034e+00
  7.380e-01]
[Deoxys INFO] 2025-08-26 20:40:44,478 - Current Robot joint: [-1.144e+00  1.196e+00  1.084e+00 -2.037e+00  2.000e-03  2.040e+00
  7.400e-01]
[Deoxys INFO] 2025-08-26 20:40:44,478 - Desired Robot joint: [-1.141e+00  1.194e+00  1.081e+00 -2.038e+00  1.000e-03  2.040e+00
  7.410e-01]
[Deoxys INFO] 2025-08-26 20:40:44,528 - Current Robot joint: [-1.104e+00  1.155e+00  1.050e+00 -2.048e+00  2.000e-03  2.046e+00
  7.430e-01]
[Deoxys INFO] 2025-08-26 20:40:44,529 - Desired Robot joint: [-1.102e+00  1.153e+00  1.047e+00 -2.049e+00  1.000e-03  2.047e+00
  7.440e-01]
[Deoxys INFO] 2025-08-26 20:40:44,578 - Current Robot joint: [-1.065e+00  1.113e+00  1.017e+00 -2.059e+00  1.000e-03  2.053e+00
  7.460e-01]
[Deoxys INFO] 2025-08-26 20:40:44,579 - Desired Robot joint: [-1.063e+00  1.111e+00  1.014e+00 -2.060e+00  1.000e-03  2.054e+00
  7.460e-01]
[Deoxys INFO] 2025-08-26 20:40:44,629 - Current Robot joint: [-1.025e+00  1.067e+00  9.830e-01 -2.070e+00  1.000e-03  2.059e+00
  7.480e-01]
[Deoxys INFO] 2025-08-26 20:40:44,629 - Desired Robot joint: [-1.023e+00  1.065e+00  9.800e-01 -2.071e+00  1.000e-03  2.060e+00
  7.490e-01]
[Deoxys INFO] 2025-08-26 20:40:44,679 - Current Robot joint: [-9.850e-01  1.020e+00  9.490e-01 -2.081e+00  1.000e-03  2.066e+00
  7.510e-01]
[Deoxys INFO] 2025-08-26 20:40:44,679 - Desired Robot joint: [-9.830e-01  1.018e+00  9.460e-01 -2.082e+00  1.000e-03  2.067e+00
  7.510e-01]
[Deoxys INFO] 2025-08-26 20:40:44,729 - Current Robot joint: [-9.450e-01  9.710e-01  9.160e-01 -2.092e+00  1.000e-03  2.073e+00
  7.540e-01]
[Deoxys INFO] 2025-08-26 20:40:44,729 - Desired Robot joint: [-0.943  0.969  0.912 -2.093  0.     2.073  0.754]
[Deoxys INFO] 2025-08-26 20:40:44,779 - Current Robot joint: [-0.905  0.921  0.882 -2.103  0.     2.079  0.756]
[Deoxys INFO] 2025-08-26 20:40:44,779 - Desired Robot joint: [-0.903  0.919  0.879 -2.104  0.     2.08   0.757]
[Deoxys INFO] 2025-08-26 20:40:44,829 - Current Robot joint: [-0.866  0.87   0.848 -2.113  0.     2.086  0.759]
[Deoxys INFO] 2025-08-26 20:40:44,829 - Desired Robot joint: [-0.864  0.868  0.845 -2.115 -0.     2.086  0.759]
[Deoxys INFO] 2025-08-26 20:40:44,879 - Current Robot joint: [-0.834  0.828  0.821 -2.122 -0.     2.091  0.761]
[Deoxys INFO] 2025-08-26 20:40:44,880 - Desired Robot joint: [-0.824  0.815  0.812 -2.126 -0.     2.093  0.762]
[Deoxys INFO] 2025-08-26 20:40:44,930 - Current Robot joint: [-0.794  0.774  0.787 -2.133 -0.     2.098  0.763]
[Deoxys INFO] 2025-08-26 20:40:44,930 - Desired Robot joint: [-7.920e-01  7.720e-01  7.840e-01 -2.135e+00 -1.000e-03  2.098e+00
  7.640e-01]
[Deoxys INFO] 2025-08-26 20:40:44,980 - Current Robot joint: [-7.550e-01  7.210e-01  7.540e-01 -2.144e+00 -1.000e-03  2.104e+00
  7.660e-01]
[Deoxys INFO] 2025-08-26 20:40:44,980 - Desired Robot joint: [-7.520e-01  7.190e-01  7.510e-01 -2.145e+00 -1.000e-03  2.105e+00
  7.670e-01]
[Deoxys INFO] 2025-08-26 20:40:45,030 - Current Robot joint: [-7.140e-01  6.660e-01  7.200e-01 -2.155e+00 -1.000e-03  2.111e+00
  7.690e-01]
[Deoxys INFO] 2025-08-26 20:40:45,030 - Desired Robot joint: [-7.120e-01  6.640e-01  7.170e-01 -2.156e+00 -1.000e-03  2.111e+00
  7.690e-01]
[Deoxys INFO] 2025-08-26 20:40:45,080 - Current Robot joint: [-6.750e-01  6.120e-01  6.860e-01 -2.166e+00 -1.000e-03  2.117e+00
  7.710e-01]
[Deoxys INFO] 2025-08-26 20:40:45,080 - Desired Robot joint: [-6.720e-01  6.090e-01  6.840e-01 -2.167e+00 -1.000e-03  2.118e+00
  7.720e-01]
[Deoxys INFO] 2025-08-26 20:40:45,130 - Current Robot joint: [-6.340e-01  5.570e-01  6.520e-01 -2.177e+00 -1.000e-03  2.124e+00
  7.740e-01]
[Deoxys INFO] 2025-08-26 20:40:45,130 - Desired Robot joint: [-6.320e-01  5.550e-01  6.500e-01 -2.178e+00 -2.000e-03  2.124e+00
  7.740e-01]
[Deoxys INFO] 2025-08-26 20:40:45,180 - Current Robot joint: [-5.950e-01  5.050e-01  6.190e-01 -2.188e+00 -2.000e-03  2.130e+00
  7.770e-01]
[Deoxys INFO] 2025-08-26 20:40:45,181 - Desired Robot joint: [-5.930e-01  5.030e-01  6.170e-01 -2.189e+00 -2.000e-03  2.131e+00
  7.770e-01]
[Deoxys INFO] 2025-08-26 20:40:45,230 - Current Robot joint: [-5.550e-01  4.520e-01  5.850e-01 -2.199e+00 -2.000e-03  2.137e+00
  7.790e-01]
[Deoxys INFO] 2025-08-26 20:40:45,231 - Desired Robot joint: [-5.530e-01  4.500e-01  5.830e-01 -2.200e+00 -2.000e-03  2.137e+00
  7.800e-01]
[Deoxys INFO] 2025-08-26 20:40:45,281 - Current Robot joint: [-5.150e-01  4.000e-01  5.510e-01 -2.210e+00 -2.000e-03  2.144e+00
  7.820e-01]
[Deoxys INFO] 2025-08-26 20:40:45,281 - Desired Robot joint: [-5.130e-01  3.980e-01  5.490e-01 -2.211e+00 -2.000e-03  2.144e+00
  7.820e-01]
[Deoxys INFO] 2025-08-26 20:40:45,331 - Current Robot joint: [-4.750e-01  3.500e-01  5.170e-01 -2.221e+00 -2.000e-03  2.150e+00
  7.840e-01]
[Deoxys INFO] 2025-08-26 20:40:45,331 - Desired Robot joint: [-0.473  0.348  0.515 -2.222 -0.003  2.151  0.785]
[Deoxys INFO] 2025-08-26 20:40:45,381 - Current Robot joint: [-0.435  0.301  0.483 -2.232 -0.003  2.157  0.787]
[Deoxys INFO] 2025-08-26 20:40:45,381 - Desired Robot joint: [-0.433  0.299  0.481 -2.233 -0.003  2.157  0.787]
[Deoxys INFO] 2025-08-26 20:40:45,431 - Current Robot joint: [-0.396  0.255  0.45  -2.242 -0.003  2.163  0.79 ]
[Deoxys INFO] 2025-08-26 20:40:45,431 - Desired Robot joint: [-0.394  0.253  0.448 -2.244 -0.003  2.164  0.79 ]
[Deoxys INFO] 2025-08-26 20:40:45,481 - Current Robot joint: [-0.356  0.21   0.416 -2.253 -0.003  2.17   0.792]
[Deoxys INFO] 2025-08-26 20:40:45,482 - Desired Robot joint: [-0.354  0.209  0.414 -2.255 -0.003  2.17   0.793]
[Deoxys INFO] 2025-08-26 20:40:45,532 - Current Robot joint: [-0.316  0.167  0.382 -2.264 -0.003  2.176  0.795]
[Deoxys INFO] 2025-08-26 20:40:45,532 - Desired Robot joint: [-0.314  0.166  0.38  -2.266 -0.004  2.177  0.795]
[Deoxys INFO] 2025-08-26 20:40:45,582 - Current Robot joint: [-0.277  0.126  0.349 -2.275 -0.004  2.183  0.797]
[Deoxys INFO] 2025-08-26 20:40:45,582 - Desired Robot joint: [-0.275  0.125  0.347 -2.277 -0.004  2.183  0.798]
[Deoxys INFO] 2025-08-26 20:40:45,632 - Current Robot joint: [-0.239  0.088  0.315 -2.286 -0.004  2.19   0.8  ]
[Deoxys INFO] 2025-08-26 20:40:45,632 - Desired Robot joint: [-0.237  0.087  0.313 -2.288 -0.004  2.19   0.801]
[Deoxys INFO] 2025-08-26 20:40:45,682 - Current Robot joint: [-0.21   0.06   0.288 -2.295 -0.004  2.195  0.802]
[Deoxys INFO] 2025-08-26 20:40:45,682 - Desired Robot joint: [-0.201  0.052  0.28  -2.299 -0.004  2.196  0.803]
[Deoxys INFO] 2025-08-26 20:40:45,732 - Current Robot joint: [-0.174  0.026  0.255 -2.306 -0.004  2.201  0.805]
[Deoxys INFO] 2025-08-26 20:40:45,732 - Desired Robot joint: [-0.172  0.025  0.253 -2.308 -0.005  2.202  0.805]
[Deoxys INFO] 2025-08-26 20:40:45,782 - Current Robot joint: [-0.14  -0.006  0.222 -2.317 -0.005  2.208  0.807]
[Deoxys INFO] 2025-08-26 20:40:45,782 - Desired Robot joint: [-0.139 -0.006  0.22  -2.319 -0.005  2.208  0.808]
[Deoxys INFO] 2025-08-26 20:40:45,832 - Current Robot joint: [-0.109 -0.034  0.191 -2.328 -0.005  2.215  0.81 ]
[Deoxys INFO] 2025-08-26 20:40:45,833 - Desired Robot joint: [-0.108 -0.034  0.189 -2.329 -0.005  2.215  0.81 ]
[Deoxys INFO] 2025-08-26 20:40:45,882 - Current Robot joint: [-0.08  -0.06   0.161 -2.339 -0.005  2.221  0.813]
[Deoxys INFO] 2025-08-26 20:40:45,883 - Desired Robot joint: [-0.078 -0.061  0.16  -2.34  -0.005  2.221  0.813]
[Deoxys INFO] 2025-08-26 20:40:45,933 - Current Robot joint: [-0.053 -0.084  0.133 -2.35  -0.005  2.228  0.815]
[Deoxys INFO] 2025-08-26 20:40:45,933 - Desired Robot joint: [-0.051 -0.084  0.132 -2.351 -0.006  2.228  0.816]
[Deoxys INFO] 2025-08-26 20:40:45,983 - Current Robot joint: [-0.028 -0.105  0.108 -2.361 -0.005  2.234  0.818]
[Deoxys INFO] 2025-08-26 20:40:45,983 - Desired Robot joint: [-0.027 -0.105  0.106 -2.362 -0.006  2.235  0.818]
[Deoxys INFO] 2025-08-26 20:40:46,033 - Current Robot joint: [-0.006 -0.123  0.084 -2.372 -0.006  2.241  0.82 ]
[Deoxys INFO] 2025-08-26 20:40:46,033 - Desired Robot joint: [-0.005 -0.123  0.083 -2.373 -0.006  2.241  0.821]
[Deoxys INFO] 2025-08-26 20:40:46,083 - Current Robot joint: [ 0.013 -0.139  0.064 -2.382 -0.006  2.247  0.823]
[Deoxys INFO] 2025-08-26 20:40:46,083 - Desired Robot joint: [ 0.014 -0.139  0.062 -2.384 -0.006  2.248  0.824]
[Deoxys INFO] 2025-08-26 20:40:46,133 - Current Robot joint: [ 0.03  -0.153  0.045 -2.394 -0.006  2.254  0.826]
[Deoxys INFO] 2025-08-26 20:40:46,133 - Desired Robot joint: [ 0.031 -0.153  0.044 -2.395 -0.007  2.254  0.826]
[Deoxys INFO] 2025-08-26 20:40:46,183 - Current Robot joint: [ 0.044 -0.165  0.029 -2.404 -0.006  2.261  0.828]
[Deoxys INFO] 2025-08-26 20:40:46,183 - Desired Robot joint: [ 0.045 -0.164  0.028 -2.406 -0.007  2.261  0.829]
[Deoxys INFO] 2025-08-26 20:40:46,233 - Current Robot joint: [ 0.056 -0.174  0.016 -2.415 -0.007  2.267  0.831]
[Deoxys INFO] 2025-08-26 20:40:46,234 - Desired Robot joint: [ 0.057 -0.174  0.015 -2.417 -0.007  2.267  0.831]
[Deoxys INFO] 2025-08-26 20:40:46,284 - Current Robot joint: [ 0.066 -0.182  0.006 -2.426 -0.007  2.274  0.833]
[Deoxys INFO] 2025-08-26 20:40:46,284 - Desired Robot joint: [ 0.066 -0.181  0.005 -2.428 -0.007  2.274  0.834]
[Deoxys INFO] 2025-08-26 20:40:46,334 - Current Robot joint: [ 0.073 -0.188 -0.003 -2.437 -0.007  2.28   0.836]
[Deoxys INFO] 2025-08-26 20:40:46,334 - Desired Robot joint: [ 0.074 -0.187 -0.004 -2.439 -0.008  2.28   0.837]
[Deoxys INFO] 2025-08-26 20:40:46,384 - Current Robot joint: [ 0.079 -0.192 -0.009 -2.447 -0.007  2.287  0.839]
[Deoxys INFO] 2025-08-26 20:40:46,384 - Desired Robot joint: [ 0.079 -0.191 -0.01  -2.449 -0.008  2.287  0.839]
[Deoxys INFO] 2025-08-26 20:40:46,434 - Current Robot joint: [ 0.082 -0.195 -0.014 -2.456 -0.008  2.293  0.841]
[Deoxys INFO] 2025-08-26 20:40:46,434 - Desired Robot joint: [ 0.083 -0.194 -0.014 -2.458 -0.008  2.294  0.842]
[Deoxys INFO] 2025-08-26 20:40:46,484 - Current Robot joint: [ 0.084 -0.196 -0.016 -2.461 -0.008  2.298  0.843]
[Deoxys INFO] 2025-08-26 20:40:46,484 - Desired Robot joint: [ 0.085 -0.195 -0.016 -2.462 -0.008  2.298  0.844]
[Deoxys INFO] 2025-08-26 20:40:46,534 - Current Robot joint: [ 0.086 -0.197 -0.017 -2.465 -0.008  2.303  0.846]
[Deoxys INFO] 2025-08-26 20:40:46,534 - Desired Robot joint: [ 0.086 -0.196 -0.018 -2.466 -0.008  2.303  0.847]
[Deoxys INFO] 2025-08-26 20:40:46,584 - Current Robot joint: [ 0.086 -0.198 -0.018 -2.466 -0.008  2.306  0.849]
[Deoxys INFO] 2025-08-26 20:40:46,585 - Desired Robot joint: [ 0.087 -0.197 -0.018 -2.468 -0.009  2.306  0.849]
[Deoxys INFO] 2025-08-26 20:40:46,634 - Current Robot joint: [ 0.086 -0.198 -0.018 -2.467 -0.009  2.306  0.85 ]
[Deoxys INFO] 2025-08-26 20:40:46,634 - Desired Robot joint: [ 0.087 -0.197 -0.018 -2.468 -0.009  2.306  0.85 ]
[Deoxys INFO] 2025-08-26 20:40:46,685 - Current Robot joint: [ 0.086 -0.198 -0.018 -2.467 -0.009  2.306  0.85 ]
[Deoxys INFO] 2025-08-26 20:40:46,685 - Desired Robot joint: [ 0.087 -0.197 -0.018 -2.468 -0.009  2.306  0.85 ]
[Deoxys INFO] 2025-08-26 20:40:46,735 - Current Robot joint: [ 0.086 -0.198 -0.018 -2.467 -0.009  2.306  0.85 ]
[Deoxys INFO] 2025-08-26 20:40:46,735 - Desired Robot joint: [ 0.087 -0.197 -0.018 -2.468 -0.009  2.306  0.85 ]
[Deoxys INFO] 2025-08-26 20:40:46,785 - Current Robot joint: [ 0.086 -0.198 -0.018 -2.467 -0.009  2.306  0.85 ]
[Deoxys INFO] 2025-08-26 20:40:46,785 - Desired Robot joint: [ 0.087 -0.197 -0.018 -2.468 -0.009  2.306  0.85 ]
[Deoxys INFO] 2025-08-26 20:40:46,835 - Current Robot joint: [ 0.086 -0.198 -0.018 -2.467 -0.009  2.306  0.85 ]
[Deoxys INFO] 2025-08-26 20:40:46,835 - Desired Robot joint: [ 0.087 -0.197 -0.018 -2.468 -0.009  2.306  0.85 ]
[Deoxys INFO] 2025-08-26 20:40:46,885 - Current Robot joint: [ 0.086 -0.198 -0.018 -2.467 -0.009  2.306  0.85 ]
[Deoxys INFO] 2025-08-26 20:40:46,885 - Desired Robot joint: [ 0.087 -0.197 -0.018 -2.468 -0.009  2.306  0.85 ]
[Deoxys INFO] 2025-08-26 20:40:46,935 - Current Robot joint: [ 0.086 -0.198 -0.018 -2.467 -0.009  2.306  0.85 ]
[Deoxys INFO] 2025-08-26 20:40:46,936 - Desired Robot joint: [ 0.087 -0.197 -0.018 -2.468 -0.009  2.306  0.85 ]
[Deoxys INFO] 2025-08-26 20:40:46,986 - Current Robot joint: [ 0.086 -0.198 -0.018 -2.467 -0.009  2.306  0.85 ]
[Deoxys INFO] 2025-08-26 20:40:46,986 - Desired Robot joint: [ 0.087 -0.197 -0.018 -2.468 -0.009  2.306  0.85 ]
[Deoxys INFO] 2025-08-26 20:40:47,036 - Current Robot joint: [ 0.086 -0.198 -0.018 -2.467 -0.009  2.306  0.85 ]
[Deoxys INFO] 2025-08-26 20:40:47,036 - Desired Robot joint: [ 0.087 -0.197 -0.018 -2.468 -0.009  2.306  0.85 ]
[Deoxys INFO] 2025-08-26 20:40:47,086 - Current Robot joint: [ 0.086 -0.198 -0.018 -2.467 -0.009  2.306  0.85 ]
[Deoxys INFO] 2025-08-26 20:40:47,086 - Desired Robot joint: [ 0.087 -0.197 -0.018 -2.468 -0.009  2.306  0.85 ]
[Deoxys INFO] 2025-08-26 20:40:47,136 - Current Robot joint: [ 0.086 -0.198 -0.018 -2.467 -0.009  2.306  0.85 ]
[Deoxys INFO] 2025-08-26 20:40:47,136 - Desired Robot joint: [ 0.087 -0.197 -0.018 -2.468 -0.009  2.306  0.85 ]
[Deoxys INFO] 2025-08-26 20:40:47,186 - Current Robot joint: [ 0.086 -0.198 -0.018 -2.467 -0.009  2.306  0.85 ]
[Deoxys INFO] 2025-08-26 20:40:47,186 - Desired Robot joint: [ 0.087 -0.197 -0.018 -2.468 -0.009  2.306  0.85 ]
[Deoxys INFO] 2025-08-26 20:40:47,236 - Current Robot joint: [ 0.086 -0.198 -0.018 -2.467 -0.009  2.306  0.85 ]
[Deoxys INFO] 2025-08-26 20:40:47,236 - Desired Robot joint: [ 0.087 -0.197 -0.018 -2.468 -0.009  2.306  0.85 ]
[Deoxys INFO] 2025-08-26 20:40:47,286 - Current Robot joint: [ 0.086 -0.198 -0.018 -2.467 -0.009  2.306  0.85 ]
[Deoxys INFO] 2025-08-26 20:40:47,286 - Desired Robot joint: [ 0.087 -0.197 -0.018 -2.468 -0.009  2.306  0.85 ]
[Deoxys INFO] 2025-08-26 20:40:47,336 - Current Robot joint: [ 0.086 -0.198 -0.018 -2.467 -0.009  2.306  0.85 ]
[Deoxys INFO] 2025-08-26 20:40:47,336 - Desired Robot joint: [ 0.087 -0.197 -0.018 -2.468 -0.009  2.306  0.85 ]
[Deoxys INFO] 2025-08-26 20:40:47,386 - Current Robot joint: [ 0.086 -0.198 -0.018 -2.467 -0.009  2.306  0.85 ]
[Deoxys INFO] 2025-08-26 20:40:47,386 - Desired Robot joint: [ 0.087 -0.197 -0.018 -2.468 -0.009  2.306  0.85 ]
[Deoxys INFO] 2025-08-26 20:40:47,436 - Current Robot joint: [ 0.086 -0.198 -0.018 -2.467 -0.009  2.306  0.85 ]
[Deoxys INFO] 2025-08-26 20:40:47,437 - Desired Robot joint: [ 0.087 -0.197 -0.018 -2.468 -0.009  2.306  0.85 ]
[Deoxys INFO] 2025-08-26 20:40:47,487 - Current Robot joint: [ 0.086 -0.198 -0.018 -2.467 -0.009  2.306  0.85 ]
[Deoxys INFO] 2025-08-26 20:40:47,487 - Desired Robot joint: [ 0.087 -0.197 -0.018 -2.468 -0.009  2.306  0.85 ]
[Deoxys INFO] 2025-08-26 20:40:47,537 - Current Robot joint: [ 0.086 -0.198 -0.018 -2.467 -0.009  2.306  0.85 ]
[Deoxys INFO] 2025-08-26 20:40:47,537 - Desired Robot joint: [ 0.087 -0.197 -0.018 -2.468 -0.009  2.306  0.85 ]
[Deoxys INFO] 2025-08-26 20:40:47,587 - Current Robot joint: [ 0.086 -0.198 -0.018 -2.467 -0.009  2.306  0.85 ]
[Deoxys INFO] 2025-08-26 20:40:47,587 - Desired Robot joint: [ 0.087 -0.197 -0.018 -2.468 -0.009  2.306  0.85 ]
[Deoxys INFO] 2025-08-26 20:40:47,637 - Current Robot joint: [ 0.086 -0.198 -0.018 -2.467 -0.009  2.306  0.85 ]
[Deoxys INFO] 2025-08-26 20:40:47,637 - Desired Robot joint: [ 0.087 -0.197 -0.018 -2.468 -0.009  2.306  0.85 ]
[Deoxys INFO] 2025-08-26 20:40:47,687 - Current Robot joint: [ 0.086 -0.198 -0.018 -2.467 -0.009  2.306  0.85 ]
[Deoxys INFO] 2025-08-26 20:40:47,688 - Desired Robot joint: [ 0.087 -0.197 -0.018 -2.468 -0.009  2.306  0.85 ]
[Deoxys INFO] 2025-08-26 20:40:47,737 - Current Robot joint: [ 0.086 -0.198 -0.018 -2.467 -0.009  2.306  0.85 ]
[Deoxys INFO] 2025-08-26 20:40:47,738 - Desired Robot joint: [ 0.087 -0.197 -0.018 -2.468 -0.009  2.306  0.85 ]
[Deoxys INFO] 2025-08-26 20:40:47,787 - Current Robot joint: [ 0.086 -0.198 -0.018 -2.467 -0.009  2.306  0.85 ]
[Deoxys INFO] 2025-08-26 20:40:47,788 - Desired Robot joint: [ 0.087 -0.197 -0.018 -2.468 -0.009  2.306  0.85 ]
[Deoxys INFO] 2025-08-26 20:40:47,837 - Current Robot joint: [ 0.086 -0.198 -0.018 -2.467 -0.009  2.306  0.85 ]
[Deoxys INFO] 2025-08-26 20:40:47,838 - Desired Robot joint: [ 0.087 -0.197 -0.018 -2.468 -0.009  2.306  0.85 ]
[Deoxys INFO] 2025-08-26 20:40:47,887 - Current Robot joint: [ 0.086 -0.198 -0.018 -2.467 -0.009  2.306  0.85 ]
[Deoxys INFO] 2025-08-26 20:40:47,887 - Desired Robot joint: [ 0.087 -0.197 -0.018 -2.468 -0.009  2.306  0.85 ]
[Deoxys INFO] 2025-08-26 20:40:47,937 - Current Robot joint: [ 0.086 -0.198 -0.018 -2.467 -0.009  2.306  0.85 ]
[Deoxys INFO] 2025-08-26 20:40:47,937 - Desired Robot joint: [ 0.087 -0.197 -0.018 -2.468 -0.009  2.306  0.85 ]
[Deoxys INFO] 2025-08-26 20:40:47,987 - Current Robot joint: [ 0.086 -0.198 -0.018 -2.467 -0.009  2.306  0.85 ]
[Deoxys INFO] 2025-08-26 20:40:47,988 - Desired Robot joint: [ 0.087 -0.197 -0.018 -2.468 -0.009  2.306  0.85 ]
[Deoxys INFO] 2025-08-26 20:40:48,037 - Current Robot joint: [ 0.086 -0.198 -0.018 -2.467 -0.009  2.306  0.85 ]
[Deoxys INFO] 2025-08-26 20:40:48,038 - Desired Robot joint: [ 0.087 -0.197 -0.018 -2.468 -0.009  2.306  0.85 ]
[Deoxys INFO] 2025-08-26 20:40:48,088 - Current Robot joint: [ 0.086 -0.198 -0.018 -2.467 -0.009  2.306  0.85 ]
[Deoxys INFO] 2025-08-26 20:40:48,088 - Desired Robot joint: [ 0.087 -0.197 -0.018 -2.468 -0.009  2.306  0.85 ]
[Deoxys INFO] 2025-08-26 20:40:48,137 - Current Robot joint: [ 0.086 -0.198 -0.018 -2.467 -0.009  2.306  0.85 ]
[Deoxys INFO] 2025-08-26 20:40:48,138 - Desired Robot joint: [ 0.087 -0.197 -0.018 -2.468 -0.009  2.306  0.85 ]
[Deoxys INFO] 2025-08-26 20:40:48,188 - Current Robot joint: [ 0.086 -0.198 -0.018 -2.467 -0.009  2.306  0.85 ]
[Deoxys INFO] 2025-08-26 20:40:48,188 - Desired Robot joint: [ 0.087 -0.197 -0.018 -2.468 -0.009  2.306  0.85 ]
[Deoxys INFO] 2025-08-26 20:40:48,238 - Current Robot joint: [ 0.086 -0.198 -0.018 -2.467 -0.009  2.306  0.85 ]
[Deoxys INFO] 2025-08-26 20:40:48,238 - Desired Robot joint: [ 0.087 -0.197 -0.018 -2.468 -0.009  2.306  0.85 ]
[Deoxys INFO] 2025-08-26 20:40:48,288 - Current Robot joint: [ 0.086 -0.198 -0.018 -2.467 -0.009  2.306  0.85 ]
[Deoxys INFO] 2025-08-26 20:40:48,288 - Desired Robot joint: [ 0.087 -0.197 -0.018 -2.468 -0.009  2.306  0.85 ]
[Deoxys INFO] 2025-08-26 20:40:48,339 - Current Robot joint: [ 0.086 -0.198 -0.018 -2.467 -0.009  2.306  0.85 ]
[Deoxys INFO] 2025-08-26 20:40:48,339 - Desired Robot joint: [ 0.087 -0.197 -0.018 -2.468 -0.009  2.306  0.85 ]
[Deoxys INFO] 2025-08-26 20:40:48,389 - Current Robot joint: [ 0.086 -0.198 -0.018 -2.467 -0.009  2.306  0.85 ]
[Deoxys INFO] 2025-08-26 20:40:48,389 - Desired Robot joint: [ 0.087 -0.197 -0.018 -2.468 -0.009  2.306  0.85 ]
[Deoxys INFO] 2025-08-26 20:40:48,439 - Current Robot joint: [ 0.086 -0.198 -0.018 -2.467 -0.009  2.306  0.85 ]
[Deoxys INFO] 2025-08-26 20:40:48,439 - Desired Robot joint: [ 0.087 -0.197 -0.018 -2.468 -0.009  2.306  0.85 ]
[Deoxys INFO] 2025-08-26 20:40:48,489 - Current Robot joint: [ 0.086 -0.198 -0.018 -2.467 -0.009  2.306  0.85 ]
[Deoxys INFO] 2025-08-26 20:40:48,490 - Desired Robot joint: [ 0.087 -0.197 -0.018 -2.468 -0.009  2.306  0.85 ]
[Deoxys INFO] 2025-08-26 20:40:48,539 - Current Robot joint: [ 0.086 -0.198 -0.018 -2.467 -0.009  2.306  0.85 ]
[Deoxys INFO] 2025-08-26 20:40:48,540 - Desired Robot joint: [ 0.087 -0.197 -0.018 -2.468 -0.009  2.306  0.85 ]
[Deoxys INFO] 2025-08-26 20:40:48,589 - Current Robot joint: [ 0.086 -0.198 -0.018 -2.467 -0.009  2.306  0.85 ]
[Deoxys INFO] 2025-08-26 20:40:48,590 - Desired Robot joint: [ 0.087 -0.197 -0.018 -2.468 -0.009  2.306  0.85 ]
[Deoxys INFO] 2025-08-26 20:40:48,639 - Current Robot joint: [ 0.086 -0.198 -0.018 -2.467 -0.009  2.306  0.85 ]
[Deoxys INFO] 2025-08-26 20:40:48,640 - Desired Robot joint: [ 0.087 -0.197 -0.018 -2.468 -0.009  2.306  0.85 ]
[Deoxys INFO] 2025-08-26 20:40:48,689 - Current Robot joint: [ 0.086 -0.198 -0.018 -2.467 -0.009  2.306  0.85 ]
[Deoxys INFO] 2025-08-26 20:40:48,690 - Desired Robot joint: [ 0.087 -0.197 -0.018 -2.468 -0.009  2.306  0.85 ]
[Deoxys INFO] 2025-08-26 20:40:48,739 - Current Robot joint: [ 0.086 -0.198 -0.018 -2.467 -0.009  2.306  0.85 ]
[Deoxys INFO] 2025-08-26 20:40:48,740 - Desired Robot joint: [ 0.087 -0.197 -0.018 -2.468 -0.009  2.306  0.85 ]
[Deoxys INFO] 2025-08-26 20:40:48,790 - Current Robot joint: [ 0.086 -0.198 -0.018 -2.467 -0.009  2.306  0.85 ]
[Deoxys INFO] 2025-08-26 20:40:48,790 - Desired Robot joint: [ 0.087 -0.197 -0.018 -2.468 -0.009  2.306  0.85 ]
[Deoxys INFO] 2025-08-26 20:40:48,840 - Current Robot joint: [ 0.086 -0.198 -0.018 -2.467 -0.009  2.306  0.85 ]
[Deoxys INFO] 2025-08-26 20:40:48,840 - Desired Robot joint: [ 0.087 -0.197 -0.018 -2.468 -0.009  2.306  0.85 ]
[Deoxys INFO] 2025-08-26 20:40:48,890 - Current Robot joint: [ 0.086 -0.198 -0.018 -2.467 -0.009  2.306  0.85 ]
[Deoxys INFO] 2025-08-26 20:40:48,890 - Desired Robot joint: [ 0.087 -0.197 -0.018 -2.468 -0.009  2.306  0.85 ]
[Deoxys INFO] 2025-08-26 20:40:48,940 - Current Robot joint: [ 0.086 -0.198 -0.018 -2.467 -0.009  2.306  0.85 ]
[Deoxys INFO] 2025-08-26 20:40:48,940 - Desired Robot joint: [ 0.087 -0.197 -0.018 -2.468 -0.009  2.306  0.85 ]
[Deoxys INFO] 2025-08-26 20:40:48,990 - Current Robot joint: [ 0.086 -0.198 -0.018 -2.467 -0.009  2.306  0.85 ]
[Deoxys INFO] 2025-08-26 20:40:48,990 - Desired Robot joint: [ 0.087 -0.197 -0.018 -2.468 -0.009  2.306  0.85 ]
[Deoxys INFO] 2025-08-26 20:40:49,040 - Current Robot joint: [ 0.086 -0.198 -0.018 -2.467 -0.009  2.306  0.85 ]
[Deoxys INFO] 2025-08-26 20:40:49,040 - Desired Robot joint: [ 0.087 -0.197 -0.018 -2.468 -0.009  2.306  0.85 ]
[Deoxys INFO] 2025-08-26 20:40:49,090 - Current Robot joint: [ 0.086 -0.198 -0.018 -2.467 -0.009  2.306  0.85 ]
[Deoxys INFO] 2025-08-26 20:40:49,091 - Desired Robot joint: [ 0.087 -0.197 -0.018 -2.468 -0.009  2.306  0.85 ]
[Deoxys INFO] 2025-08-26 20:40:49,140 - Current Robot joint: [ 0.086 -0.198 -0.018 -2.467 -0.009  2.306  0.85 ]
[Deoxys INFO] 2025-08-26 20:40:49,140 - Desired Robot joint: [ 0.087 -0.197 -0.018 -2.468 -0.009  2.306  0.85 ]
[Deoxys INFO] 2025-08-26 20:40:49,190 - Current Robot joint: [ 0.086 -0.198 -0.018 -2.467 -0.009  2.306  0.85 ]
[Deoxys INFO] 2025-08-26 20:40:49,190 - Desired Robot joint: [ 0.087 -0.197 -0.018 -2.468 -0.009  2.306  0.85 ]
[Deoxys INFO] 2025-08-26 20:40:49,240 - Current Robot joint: [ 0.086 -0.198 -0.018 -2.467 -0.009  2.306  0.85 ]
[Deoxys INFO] 2025-08-26 20:40:49,240 - Desired Robot joint: [ 0.087 -0.197 -0.018 -2.468 -0.009  2.306  0.85 ]
[Deoxys INFO] 2025-08-26 20:40:49,291 - Current Robot joint: [ 0.086 -0.198 -0.018 -2.467 -0.009  2.306  0.85 ]
[Deoxys INFO] 2025-08-26 20:40:49,291 - Desired Robot joint: [ 0.087 -0.197 -0.018 -2.468 -0.009  2.306  0.85 ]
[Deoxys WARNING] 2025-08-26 20:40:54,608 - Robot state not received
[Deoxys INFO] 2025-08-26 20:43:08,997 - Current Robot joint: [ 0.275  0.042  0.042 -1.761  0.587  2.985  0.849]
[Deoxys INFO] 2025-08-26 20:43:08,997 - Desired Robot joint: [ 0.275  0.044  0.042 -1.762  0.587  2.985  0.849]
[Deoxys INFO] 2025-08-26 20:43:08,997 - Current Robot joint: [ 0.275  0.042  0.042 -1.761  0.587  2.985  0.849]
[Deoxys INFO] 2025-08-26 20:43:08,998 - Desired Robot joint: [ 0.275  0.044  0.042 -1.762  0.587  2.985  0.849]
[Deoxys INFO] 2025-08-26 20:43:09,048 - Current Robot joint: [ 0.275  0.042  0.042 -1.761  0.587  2.985  0.849]
[Deoxys INFO] 2025-08-26 20:43:09,048 - Desired Robot joint: [ 0.275  0.044  0.042 -1.762  0.587  2.985  0.849]
[Deoxys INFO] 2025-08-26 20:43:09,098 - Current Robot joint: [ 0.274  0.041  0.04  -1.761  0.586  2.985  0.849]
[Deoxys INFO] 2025-08-26 20:43:09,098 - Desired Robot joint: [ 0.273  0.042  0.04  -1.763  0.586  2.985  0.849]
[Deoxys INFO] 2025-08-26 20:43:09,148 - Current Robot joint: [ 0.27   0.038  0.039 -1.762  0.585  2.984  0.849]
[Deoxys INFO] 2025-08-26 20:43:09,148 - Desired Robot joint: [ 0.27   0.039  0.039 -1.764  0.585  2.984  0.849]
[Deoxys INFO] 2025-08-26 20:43:09,198 - Current Robot joint: [ 0.265  0.032  0.037 -1.764  0.582  2.982  0.849]
[Deoxys INFO] 2025-08-26 20:43:09,198 - Desired Robot joint: [ 0.265  0.033  0.037 -1.766  0.581  2.981  0.849]
[Deoxys INFO] 2025-08-26 20:43:09,248 - Current Robot joint: [ 0.26   0.025  0.036 -1.767  0.576  2.977  0.849]
[Deoxys INFO] 2025-08-26 20:43:09,249 - Desired Robot joint: [ 0.26   0.026  0.035 -1.769  0.576  2.976  0.849]
[Deoxys INFO] 2025-08-26 20:43:09,298 - Current Robot joint: [ 0.256  0.019  0.034 -1.773  0.568  2.971  0.849]
[Deoxys INFO] 2025-08-26 20:43:09,299 - Desired Robot joint: [ 0.255  0.02   0.034 -1.775  0.568  2.97   0.849]
[Deoxys INFO] 2025-08-26 20:43:09,349 - Current Robot joint: [ 0.251  0.012  0.032 -1.78   0.558  2.962  0.849]
[Deoxys INFO] 2025-08-26 20:43:09,349 - Desired Robot joint: [ 0.25   0.013  0.032 -1.782  0.557  2.961  0.849]
[Deoxys INFO] 2025-08-26 20:43:09,399 - Current Robot joint: [ 0.246  0.006  0.031 -1.79   0.545  2.95   0.849]
[Deoxys INFO] 2025-08-26 20:43:09,399 - Desired Robot joint: [ 0.245  0.007  0.03  -1.792  0.544  2.949  0.849]
[Deoxys INFO] 2025-08-26 20:43:09,449 - Current Robot joint: [ 2.420e-01  1.000e-03  2.900e-02 -1.799e+00  5.330e-01  2.940e+00
  8.490e-01]
[Deoxys INFO] 2025-08-26 20:43:09,449 - Desired Robot joint: [ 0.241  0.     0.029 -1.804  0.529  2.935  0.849]
[Deoxys INFO] 2025-08-26 20:43:09,499 - Current Robot joint: [ 0.237 -0.006  0.028 -1.813  0.516  2.924  0.849]
[Deoxys INFO] 2025-08-26 20:43:09,499 - Desired Robot joint: [ 0.237 -0.005  0.027 -1.816  0.515  2.922  0.849]
[Deoxys INFO] 2025-08-26 20:43:09,549 - Current Robot joint: [ 0.232 -0.012  0.026 -1.83   0.497  2.905  0.849]
[Deoxys INFO] 2025-08-26 20:43:09,549 - Desired Robot joint: [ 0.232 -0.011  0.026 -1.832  0.496  2.903  0.849]
[Deoxys INFO] 2025-08-26 20:43:09,599 - Current Robot joint: [ 0.228 -0.019  0.025 -1.849  0.477  2.884  0.849]
[Deoxys INFO] 2025-08-26 20:43:09,599 - Desired Robot joint: [ 0.227 -0.018  0.024 -1.852  0.476  2.882  0.849]
[Deoxys INFO] 2025-08-26 20:43:09,649 - Current Robot joint: [ 0.223 -0.026  0.023 -1.871  0.456  2.861  0.849]
[Deoxys INFO] 2025-08-26 20:43:09,649 - Desired Robot joint: [ 0.222 -0.024  0.023 -1.874  0.455  2.859  0.849]
[Deoxys INFO] 2025-08-26 20:43:09,700 - Current Robot joint: [ 0.218 -0.032  0.021 -1.895  0.436  2.837  0.849]
[Deoxys INFO] 2025-08-26 20:43:09,700 - Desired Robot joint: [ 0.218 -0.031  0.021 -1.897  0.435  2.835  0.849]
[Deoxys INFO] 2025-08-26 20:43:09,750 - Current Robot joint: [ 0.213 -0.038  0.02  -1.921  0.415  2.811  0.849]
[Deoxys INFO] 2025-08-26 20:43:09,750 - Desired Robot joint: [ 0.213 -0.037  0.019 -1.924  0.414  2.809  0.849]
[Deoxys INFO] 2025-08-26 20:43:09,800 - Current Robot joint: [ 0.208 -0.045  0.018 -1.95   0.395  2.784  0.849]
[Deoxys INFO] 2025-08-26 20:43:09,800 - Desired Robot joint: [ 0.208 -0.044  0.018 -1.953  0.393  2.782  0.849]
[Deoxys INFO] 2025-08-26 20:43:09,850 - Current Robot joint: [ 0.204 -0.052  0.016 -1.981  0.374  2.757  0.849]
[Deoxys INFO] 2025-08-26 20:43:09,850 - Desired Robot joint: [ 0.203 -0.05   0.016 -1.984  0.373  2.755  0.849]
[Deoxys INFO] 2025-08-26 20:43:09,900 - Current Robot joint: [ 0.199 -0.058  0.015 -2.013  0.353  2.73   0.849]
[Deoxys INFO] 2025-08-26 20:43:09,900 - Desired Robot joint: [ 0.198 -0.057  0.014 -2.016  0.352  2.728  0.849]
[Deoxys INFO] 2025-08-26 20:43:09,950 - Current Robot joint: [ 0.194 -0.065  0.013 -2.047  0.332  2.703  0.849]
[Deoxys INFO] 2025-08-26 20:43:09,950 - Desired Robot joint: [ 0.193 -0.064  0.013 -2.05   0.331  2.701  0.849]
[Deoxys INFO] 2025-08-26 20:43:10,000 - Current Robot joint: [ 0.189 -0.071  0.012 -2.081  0.312  2.676  0.849]
[Deoxys INFO] 2025-08-26 20:43:10,001 - Desired Robot joint: [ 0.189 -0.07   0.011 -2.085  0.31   2.674  0.849]
[Deoxys INFO] 2025-08-26 20:43:10,050 - Current Robot joint: [ 0.184 -0.078  0.01  -2.116  0.291  2.649  0.849]
[Deoxys INFO] 2025-08-26 20:43:10,051 - Desired Robot joint: [ 0.184 -0.077  0.009 -2.12   0.29   2.647  0.849]
[Deoxys INFO] 2025-08-26 20:43:10,101 - Current Robot joint: [ 0.179 -0.084  0.008 -2.151  0.27   2.622  0.849]
[Deoxys INFO] 2025-08-26 20:43:10,101 - Desired Robot joint: [ 0.179 -0.083  0.008 -2.155  0.269  2.62   0.849]
[Deoxys INFO] 2025-08-26 20:43:10,151 - Current Robot joint: [ 0.176 -0.089  0.007 -2.177  0.255  2.602  0.849]
[Deoxys INFO] 2025-08-26 20:43:10,151 - Desired Robot joint: [ 0.174 -0.09   0.006 -2.19   0.248  2.593  0.849]
[Deoxys INFO] 2025-08-26 20:43:10,201 - Current Robot joint: [ 0.171 -0.096  0.005 -2.213  0.233  2.574  0.849]
[Deoxys INFO] 2025-08-26 20:43:10,201 - Desired Robot joint: [ 0.17  -0.095  0.005 -2.216  0.232  2.572  0.849]
[Deoxys INFO] 2025-08-26 20:43:10,251 - Current Robot joint: [ 0.166 -0.102  0.004 -2.244  0.214  2.548  0.849]
[Deoxys INFO] 2025-08-26 20:43:10,251 - Desired Robot joint: [ 0.166 -0.101  0.003 -2.247  0.212  2.546  0.849]
[Deoxys INFO] 2025-08-26 20:43:10,301 - Current Robot joint: [ 1.610e-01 -1.090e-01  2.000e-03 -2.277e+00  1.920e-01  2.520e+00
  8.490e-01]
[Deoxys INFO] 2025-08-26 20:43:10,301 - Desired Robot joint: [ 1.610e-01 -1.080e-01  2.000e-03 -2.280e+00  1.900e-01  2.518e+00
  8.480e-01]
[Deoxys INFO] 2025-08-26 20:43:10,351 - Current Robot joint: [ 0.156 -0.115  0.    -2.306  0.171  2.493  0.849]
[Deoxys INFO] 2025-08-26 20:43:10,352 - Desired Robot joint: [ 0.156 -0.114 -0.    -2.309  0.17   2.491  0.848]
[Deoxys INFO] 2025-08-26 20:43:10,402 - Current Robot joint: [ 1.510e-01 -1.220e-01 -1.000e-03 -2.334e+00  1.500e-01  2.466e+00
  8.490e-01]
[Deoxys INFO] 2025-08-26 20:43:10,402 - Desired Robot joint: [ 1.510e-01 -1.210e-01 -2.000e-03 -2.337e+00  1.490e-01  2.464e+00
  8.480e-01]
[Deoxys INFO] 2025-08-26 20:43:10,452 - Current Robot joint: [ 0.147 -0.128 -0.003 -2.358  0.13   2.442  0.849]
[Deoxys INFO] 2025-08-26 20:43:10,452 - Desired Robot joint: [ 0.146 -0.127 -0.003 -2.361  0.129  2.44   0.848]
[Deoxys INFO] 2025-08-26 20:43:10,502 - Current Robot joint: [ 0.142 -0.135 -0.005 -2.381  0.109  2.418  0.849]
[Deoxys INFO] 2025-08-26 20:43:10,502 - Desired Robot joint: [ 0.141 -0.134 -0.005 -2.384  0.107  2.416  0.848]
[Deoxys INFO] 2025-08-26 20:43:10,552 - Current Robot joint: [ 0.137 -0.141 -0.006 -2.401  0.089  2.396  0.849]
[Deoxys INFO] 2025-08-26 20:43:10,552 - Desired Robot joint: [ 0.137 -0.14  -0.007 -2.404  0.087  2.395  0.848]
[Deoxys INFO] 2025-08-26 20:43:10,602 - Current Robot joint: [ 0.132 -0.148 -0.008 -2.419  0.069  2.377  0.849]
[Deoxys INFO] 2025-08-26 20:43:10,603 - Desired Robot joint: [ 0.132 -0.147 -0.008 -2.421  0.068  2.375  0.848]
[Deoxys INFO] 2025-08-26 20:43:10,652 - Current Robot joint: [ 0.127 -0.154 -0.009 -2.434  0.052  2.36   0.848]
[Deoxys INFO] 2025-08-26 20:43:10,652 - Desired Robot joint: [ 0.127 -0.154 -0.01  -2.436  0.05   2.359  0.848]
[Deoxys INFO] 2025-08-26 20:43:10,702 - Current Robot joint: [ 0.123 -0.161 -0.011 -2.446  0.036  2.346  0.848]
[Deoxys INFO] 2025-08-26 20:43:10,702 - Desired Robot joint: [ 0.122 -0.16  -0.011 -2.448  0.035  2.344  0.848]
[Deoxys INFO] 2025-08-26 20:43:10,752 - Current Robot joint: [ 0.118 -0.168 -0.013 -2.456  0.023  2.334  0.848]
[Deoxys INFO] 2025-08-26 20:43:10,752 - Desired Robot joint: [ 0.117 -0.167 -0.013 -2.458  0.022  2.333  0.848]
[Deoxys INFO] 2025-08-26 20:43:10,803 - Current Robot joint: [ 0.113 -0.174 -0.014 -2.464  0.012  2.325  0.848]
[Deoxys INFO] 2025-08-26 20:43:10,803 - Desired Robot joint: [ 0.112 -0.173 -0.015 -2.465  0.011  2.324  0.848]
[Deoxys INFO] 2025-08-26 20:43:10,852 - Current Robot joint: [ 0.109 -0.179 -0.016 -2.468  0.005  2.319  0.848]
[Deoxys INFO] 2025-08-26 20:43:10,853 - Desired Robot joint: [ 0.109 -0.178 -0.016 -2.47   0.005  2.318  0.848]
[Deoxys INFO] 2025-08-26 20:43:10,903 - Current Robot joint: [ 1.040e-01 -1.860e-01 -1.700e-02 -2.472e+00 -1.000e-03  2.314e+00
  8.480e-01]
[Deoxys INFO] 2025-08-26 20:43:10,903 - Desired Robot joint: [ 1.040e-01 -1.850e-01 -1.800e-02 -2.474e+00 -1.000e-03  2.313e+00
  8.480e-01]
[Deoxys INFO] 2025-08-26 20:43:10,953 - Current Robot joint: [ 0.099 -0.192 -0.019 -2.475 -0.005  2.311  0.848]
[Deoxys INFO] 2025-08-26 20:43:10,953 - Desired Robot joint: [ 0.099 -0.191 -0.019 -2.477 -0.005  2.31   0.848]
[Deoxys INFO] 2025-08-26 20:43:11,003 - Current Robot joint: [ 0.095 -0.196 -0.021 -2.476 -0.007  2.309  0.848]
[Deoxys INFO] 2025-08-26 20:43:11,003 - Desired Robot joint: [ 0.095 -0.195 -0.021 -2.478 -0.007  2.308  0.848]
[Deoxys INFO] 2025-08-26 20:43:11,053 - Current Robot joint: [ 0.093 -0.198 -0.022 -2.477 -0.008  2.309  0.848]
[Deoxys INFO] 2025-08-26 20:43:11,053 - Desired Robot joint: [ 0.093 -0.197 -0.023 -2.478 -0.008  2.308  0.848]
[Deoxys INFO] 2025-08-26 20:43:11,103 - Current Robot joint: [ 0.092 -0.198 -0.023 -2.477 -0.008  2.309  0.848]
[Deoxys INFO] 2025-08-26 20:43:11,104 - Desired Robot joint: [ 0.092 -0.197 -0.023 -2.478 -0.008  2.308  0.848]
[Deoxys INFO] 2025-08-26 20:43:11,153 - Current Robot joint: [ 0.092 -0.198 -0.023 -2.477 -0.008  2.309  0.848]
[Deoxys INFO] 2025-08-26 20:43:11,154 - Desired Robot joint: [ 0.092 -0.197 -0.023 -2.478 -0.008  2.308  0.848]
[Deoxys INFO] 2025-08-26 20:43:11,204 - Current Robot joint: [ 0.092 -0.198 -0.023 -2.477 -0.008  2.309  0.848]
[Deoxys INFO] 2025-08-26 20:43:11,204 - Desired Robot joint: [ 0.092 -0.197 -0.023 -2.478 -0.008  2.308  0.848]
[Deoxys INFO] 2025-08-26 20:43:11,254 - Current Robot joint: [ 0.092 -0.198 -0.023 -2.477 -0.008  2.309  0.848]
[Deoxys INFO] 2025-08-26 20:43:11,254 - Desired Robot joint: [ 0.092 -0.197 -0.023 -2.478 -0.008  2.308  0.848]
[Deoxys INFO] 2025-08-26 20:43:11,304 - Current Robot joint: [ 0.092 -0.198 -0.023 -2.477 -0.008  2.309  0.848]
[Deoxys INFO] 2025-08-26 20:43:11,304 - Desired Robot joint: [ 0.092 -0.197 -0.023 -2.478 -0.008  2.308  0.848]
[Deoxys INFO] 2025-08-26 20:43:11,354 - Current Robot joint: [ 0.092 -0.198 -0.023 -2.477 -0.008  2.309  0.848]
[Deoxys INFO] 2025-08-26 20:43:11,354 - Desired Robot joint: [ 0.092 -0.197 -0.023 -2.478 -0.008  2.308  0.848]
[Deoxys INFO] 2025-08-26 20:43:11,404 - Current Robot joint: [ 0.092 -0.198 -0.023 -2.477 -0.008  2.309  0.848]
[Deoxys INFO] 2025-08-26 20:43:11,404 - Desired Robot joint: [ 0.092 -0.197 -0.023 -2.478 -0.008  2.308  0.848]
[Deoxys INFO] 2025-08-26 20:43:11,454 - Current Robot joint: [ 0.092 -0.198 -0.023 -2.477 -0.008  2.309  0.848]
[Deoxys INFO] 2025-08-26 20:43:11,455 - Desired Robot joint: [ 0.092 -0.197 -0.023 -2.478 -0.008  2.308  0.848]
[Deoxys INFO] 2025-08-26 20:43:11,505 - Current Robot joint: [ 0.092 -0.198 -0.023 -2.477 -0.008  2.309  0.848]
[Deoxys INFO] 2025-08-26 20:43:11,505 - Desired Robot joint: [ 0.092 -0.197 -0.023 -2.478 -0.008  2.308  0.848]
[Deoxys INFO] 2025-08-26 20:46:35,725 - Current Robot joint: [ 0.882  0.551  0.372 -0.085  0.211  2.435  2.864]
[Deoxys INFO] 2025-08-26 20:46:35,726 - Desired Robot joint: [ 0.882  0.551  0.372 -0.085  0.211  2.435  2.864]
[Deoxys INFO] 2025-08-26 20:46:35,726 - Current Robot joint: [ 0.882  0.551  0.372 -0.085  0.211  2.435  2.864]
[Deoxys INFO] 2025-08-26 20:46:35,726 - Desired Robot joint: [ 0.882  0.551  0.372 -0.085  0.211  2.435  2.864]
[Deoxys INFO] 2025-08-26 20:46:35,776 - Current Robot joint: [ 0.882  0.551  0.372 -0.085  0.211  2.435  2.864]
[Deoxys INFO] 2025-08-26 20:46:35,777 - Desired Robot joint: [ 0.882  0.551  0.372 -0.085  0.211  2.435  2.864]
[Deoxys INFO] 2025-08-26 20:46:35,827 - Current Robot joint: [ 0.882  0.551  0.372 -0.084  0.211  2.434  2.864]
[Deoxys INFO] 2025-08-26 20:46:35,827 - Desired Robot joint: [ 0.882  0.551  0.372 -0.085  0.21   2.435  2.864]
[Deoxys INFO] 2025-08-26 20:46:35,877 - Current Robot joint: [ 0.881  0.549  0.37  -0.084  0.208  2.432  2.864]
[Deoxys INFO] 2025-08-26 20:46:35,877 - Desired Robot joint: [ 0.881  0.55   0.369 -0.085  0.208  2.433  2.864]
[Deoxys INFO] 2025-08-26 20:46:35,927 - Current Robot joint: [ 0.878  0.545  0.365 -0.085  0.205  2.431  2.863]
[Deoxys INFO] 2025-08-26 20:46:35,927 - Desired Robot joint: [ 0.877  0.546  0.365 -0.086  0.205  2.431  2.862]
[Deoxys INFO] 2025-08-26 20:46:35,977 - Current Robot joint: [ 0.872  0.54   0.36  -0.086  0.202  2.429  2.86 ]
[Deoxys INFO] 2025-08-26 20:46:35,977 - Desired Robot joint: [ 0.871  0.54   0.359 -0.087  0.202  2.429  2.86 ]
[Deoxys INFO] 2025-08-26 20:46:36,027 - Current Robot joint: [ 0.864  0.531  0.354 -0.088  0.199  2.427  2.856]
[Deoxys INFO] 2025-08-26 20:46:36,028 - Desired Robot joint: [ 0.863  0.532  0.354 -0.09   0.199  2.428  2.856]
[Deoxys INFO] 2025-08-26 20:46:36,077 - Current Robot joint: [ 0.854  0.521  0.349 -0.092  0.196  2.425  2.851]
[Deoxys INFO] 2025-08-26 20:46:36,078 - Desired Robot joint: [ 0.853  0.521  0.348 -0.093  0.196  2.426  2.85 ]
[Deoxys INFO] 2025-08-26 20:46:36,127 - Current Robot joint: [ 0.842  0.51   0.343 -0.097  0.193  2.424  2.843]
[Deoxys INFO] 2025-08-26 20:46:36,128 - Desired Robot joint: [ 0.841  0.51   0.343 -0.098  0.193  2.424  2.843]
[Deoxys INFO] 2025-08-26 20:46:36,178 - Current Robot joint: [ 0.83   0.499  0.338 -0.104  0.19   2.422  2.834]
[Deoxys INFO] 2025-08-26 20:46:36,178 - Desired Robot joint: [ 0.829  0.499  0.337 -0.105  0.19   2.423  2.833]
[Deoxys INFO] 2025-08-26 20:46:36,228 - Current Robot joint: [ 0.819  0.489  0.332 -0.112  0.187  2.42   2.821]
[Deoxys INFO] 2025-08-26 20:46:36,228 - Desired Robot joint: [ 0.818  0.488  0.332 -0.114  0.187  2.421  2.821]
[Deoxys INFO] 2025-08-26 20:46:36,278 - Current Robot joint: [ 0.807  0.477  0.327 -0.122  0.184  2.419  2.807]
[Deoxys INFO] 2025-08-26 20:46:36,278 - Desired Robot joint: [ 0.806  0.477  0.326 -0.124  0.184  2.419  2.806]
[Deoxys INFO] 2025-08-26 20:46:36,328 - Current Robot joint: [ 0.798  0.469  0.322 -0.132  0.182  2.417  2.794]
[Deoxys INFO] 2025-08-26 20:46:36,328 - Desired Robot joint: [ 0.795  0.467  0.321 -0.136  0.181  2.417  2.789]
[Deoxys INFO] 2025-08-26 20:46:36,378 - Current Robot joint: [ 0.786  0.458  0.317 -0.146  0.178  2.415  2.774]
[Deoxys INFO] 2025-08-26 20:46:36,378 - Desired Robot joint: [ 0.785  0.458  0.316 -0.147  0.178  2.416  2.773]
[Deoxys INFO] 2025-08-26 20:46:36,428 - Current Robot joint: [ 0.775  0.447  0.311 -0.162  0.175  2.414  2.753]
[Deoxys INFO] 2025-08-26 20:46:36,428 - Desired Robot joint: [ 0.773  0.447  0.311 -0.164  0.175  2.414  2.751]
[Deoxys INFO] 2025-08-26 20:46:36,478 - Current Robot joint: [ 0.763  0.436  0.306 -0.18   0.172  2.412  2.728]
[Deoxys INFO] 2025-08-26 20:46:36,479 - Desired Robot joint: [ 0.762  0.436  0.305 -0.182  0.172  2.413  2.727]
[Deoxys INFO] 2025-08-26 20:46:36,529 - Current Robot joint: [ 0.751  0.425  0.3   -0.201  0.169  2.41   2.702]
[Deoxys INFO] 2025-08-26 20:46:36,529 - Desired Robot joint: [ 0.75   0.425  0.3   -0.203  0.169  2.411  2.7  ]
[Deoxys INFO] 2025-08-26 20:46:36,579 - Current Robot joint: [ 0.74   0.414  0.295 -0.225  0.166  2.409  2.672]
[Deoxys INFO] 2025-08-26 20:46:36,579 - Desired Robot joint: [ 0.738  0.414  0.294 -0.227  0.166  2.409  2.671]
[Deoxys INFO] 2025-08-26 20:46:36,629 - Current Robot joint: [ 0.728  0.403  0.289 -0.25   0.163  2.407  2.641]
[Deoxys INFO] 2025-08-26 20:46:36,629 - Desired Robot joint: [ 0.727  0.403  0.289 -0.253  0.163  2.407  2.639]
[Deoxys INFO] 2025-08-26 20:46:36,679 - Current Robot joint: [ 0.717  0.392  0.284 -0.278  0.16   2.405  2.608]
[Deoxys INFO] 2025-08-26 20:46:36,679 - Desired Robot joint: [ 0.715  0.392  0.283 -0.281  0.16   2.406  2.606]
[Deoxys INFO] 2025-08-26 20:46:36,729 - Current Robot joint: [ 0.705  0.381  0.278 -0.31   0.157  2.403  2.572]
[Deoxys INFO] 2025-08-26 20:46:36,729 - Desired Robot joint: [ 0.703  0.381  0.278 -0.312  0.157  2.404  2.571]
[Deoxys INFO] 2025-08-26 20:46:36,780 - Current Robot joint: [ 0.693  0.37   0.273 -0.344  0.154  2.402  2.536]
[Deoxys INFO] 2025-08-26 20:46:36,780 - Desired Robot joint: [ 0.692  0.37   0.272 -0.346  0.154  2.402  2.534]
[Deoxys INFO] 2025-08-26 20:46:36,830 - Current Robot joint: [ 0.681  0.359  0.267 -0.379  0.151  2.4    2.499]
[Deoxys INFO] 2025-08-26 20:46:36,830 - Desired Robot joint: [ 0.68   0.359  0.267 -0.382  0.151  2.4    2.497]
[Deoxys INFO] 2025-08-26 20:46:36,880 - Current Robot joint: [ 0.67   0.348  0.262 -0.418  0.148  2.398  2.46 ]
[Deoxys INFO] 2025-08-26 20:46:36,880 - Desired Robot joint: [ 0.669  0.348  0.261 -0.421  0.148  2.399  2.458]
[Deoxys INFO] 2025-08-26 20:46:36,930 - Current Robot joint: [ 0.658  0.337  0.256 -0.459  0.145  2.397  2.421]
[Deoxys INFO] 2025-08-26 20:46:36,930 - Desired Robot joint: [ 0.657  0.337  0.256 -0.462  0.145  2.397  2.419]
[Deoxys INFO] 2025-08-26 20:46:36,980 - Current Robot joint: [ 0.646  0.326  0.251 -0.503  0.142  2.395  2.382]
[Deoxys INFO] 2025-08-26 20:46:36,980 - Desired Robot joint: [ 0.645  0.326  0.25  -0.506  0.142  2.395  2.38 ]
[Deoxys INFO] 2025-08-26 20:46:37,030 - Current Robot joint: [ 0.637  0.317  0.246 -0.54   0.14   2.394  2.351]
[Deoxys INFO] 2025-08-26 20:46:37,031 - Desired Robot joint: [ 0.636  0.317  0.246 -0.543  0.139  2.394  2.349]
[Deoxys INFO] 2025-08-26 20:46:37,080 - Current Robot joint: [ 0.625  0.306  0.241 -0.588  0.137  2.392  2.312]
[Deoxys INFO] 2025-08-26 20:46:37,081 - Desired Robot joint: [ 0.624  0.306  0.24  -0.591  0.136  2.392  2.31 ]
[Deoxys INFO] 2025-08-26 20:46:37,130 - Current Robot joint: [ 0.614  0.295  0.235 -0.638  0.134  2.39   2.272]
[Deoxys INFO] 2025-08-26 20:46:37,131 - Desired Robot joint: [ 0.613  0.295  0.235 -0.642  0.133  2.39   2.27 ]
[Deoxys INFO] 2025-08-26 20:46:37,181 - Current Robot joint: [ 0.602  0.284  0.23  -0.69   0.131  2.388  2.234]
[Deoxys INFO] 2025-08-26 20:46:37,181 - Desired Robot joint: [ 0.601  0.285  0.229 -0.693  0.13   2.389  2.232]
[Deoxys INFO] 2025-08-26 20:46:37,231 - Current Robot joint: [ 0.591  0.273  0.224 -0.744  0.128  2.387  2.195]
[Deoxys INFO] 2025-08-26 20:46:37,231 - Desired Robot joint: [ 0.589  0.274  0.224 -0.748  0.127  2.387  2.193]
[Deoxys INFO] 2025-08-26 20:46:37,281 - Current Robot joint: [ 0.579  0.262  0.219 -0.8    0.125  2.385  2.156]
[Deoxys INFO] 2025-08-26 20:46:37,281 - Desired Robot joint: [ 0.578  0.263  0.218 -0.804  0.124  2.385  2.154]
[Deoxys INFO] 2025-08-26 20:46:37,331 - Current Robot joint: [ 0.567  0.251  0.213 -0.858  0.122  2.383  2.117]
[Deoxys INFO] 2025-08-26 20:46:37,331 - Desired Robot joint: [ 0.566  0.252  0.213 -0.862  0.121  2.384  2.115]
[Deoxys INFO] 2025-08-26 20:46:37,381 - Current Robot joint: [ 0.556  0.24   0.208 -0.917  0.119  2.382  2.078]
[Deoxys INFO] 2025-08-26 20:46:37,381 - Desired Robot joint: [ 0.554  0.241  0.207 -0.922  0.118  2.382  2.076]
[Deoxys INFO] 2025-08-26 20:46:37,431 - Current Robot joint: [ 0.544  0.229  0.202 -0.978  0.116  2.38   2.039]
[Deoxys INFO] 2025-08-26 20:46:37,432 - Desired Robot joint: [ 0.543  0.23   0.202 -0.983  0.115  2.38   2.037]
[Deoxys INFO] 2025-08-26 20:46:37,481 - Current Robot joint: [ 0.532  0.218  0.197 -1.04   0.113  2.378  2.   ]
[Deoxys INFO] 2025-08-26 20:46:37,482 - Desired Robot joint: [ 0.531  0.219  0.196 -1.045  0.112  2.378  1.998]
[Deoxys INFO] 2025-08-26 20:46:37,531 - Current Robot joint: [ 0.521  0.207  0.191 -1.103  0.11   2.376  1.961]
[Deoxys INFO] 2025-08-26 20:46:37,532 - Desired Robot joint: [ 0.519  0.208  0.191 -1.108  0.109  2.377  1.959]
[Deoxys INFO] 2025-08-26 20:46:37,582 - Current Robot joint: [ 0.509  0.196  0.186 -1.167  0.107  2.375  1.922]
[Deoxys INFO] 2025-08-26 20:46:37,582 - Desired Robot joint: [ 0.508  0.197  0.185 -1.171  0.106  2.375  1.92 ]
[Deoxys INFO] 2025-08-26 20:46:37,632 - Current Robot joint: [ 0.5    0.187  0.181 -1.218  0.104  2.373  1.89 ]
[Deoxys INFO] 2025-08-26 20:46:37,632 - Desired Robot joint: [ 0.498  0.188  0.181 -1.223  0.104  2.374  1.888]
[Deoxys INFO] 2025-08-26 20:46:37,682 - Current Robot joint: [ 0.488  0.177  0.176 -1.281  0.101  2.372  1.852]
[Deoxys INFO] 2025-08-26 20:46:37,682 - Desired Robot joint: [ 0.487  0.177  0.175 -1.286  0.101  2.372  1.85 ]
[Deoxys INFO] 2025-08-26 20:46:37,732 - Current Robot joint: [ 0.477  0.165  0.17  -1.345  0.098  2.37   1.813]
[Deoxys INFO] 2025-08-26 20:46:37,732 - Desired Robot joint: [ 0.475  0.166  0.17  -1.35   0.098  2.37   1.811]
[Deoxys INFO] 2025-08-26 20:46:37,782 - Current Robot joint: [ 0.465  0.155  0.165 -1.409  0.095  2.368  1.774]
[Deoxys INFO] 2025-08-26 20:46:37,782 - Desired Robot joint: [ 0.464  0.155  0.164 -1.414  0.095  2.368  1.772]
[Deoxys INFO] 2025-08-26 20:46:37,832 - Current Robot joint: [ 0.453  0.144  0.159 -1.473  0.092  2.366  1.735]
[Deoxys INFO] 2025-08-26 20:46:37,833 - Desired Robot joint: [ 0.452  0.144  0.159 -1.477  0.092  2.367  1.733]
[Deoxys INFO] 2025-08-26 20:46:37,883 - Current Robot joint: [ 0.441  0.132  0.154 -1.535  0.089  2.365  1.696]
[Deoxys INFO] 2025-08-26 20:46:37,883 - Desired Robot joint: [ 0.44   0.133  0.153 -1.54   0.089  2.365  1.694]
[Deoxys INFO] 2025-08-26 20:46:37,933 - Current Robot joint: [ 0.43   0.122  0.148 -1.597  0.086  2.363  1.657]
[Deoxys INFO] 2025-08-26 20:46:37,933 - Desired Robot joint: [ 0.429  0.122  0.148 -1.601  0.086  2.363  1.655]
[Deoxys INFO] 2025-08-26 20:46:37,983 - Current Robot joint: [ 0.418  0.11   0.143 -1.657  0.083  2.361  1.618]
[Deoxys INFO] 2025-08-26 20:46:37,983 - Desired Robot joint: [ 0.417  0.111  0.142 -1.662  0.083  2.362  1.616]
[Deoxys INFO] 2025-08-26 20:46:38,033 - Current Robot joint: [ 0.407  0.1    0.137 -1.715  0.08   2.359  1.579]
[Deoxys INFO] 2025-08-26 20:46:38,033 - Desired Robot joint: [ 0.405  0.101  0.137 -1.719  0.08   2.36   1.577]
[Deoxys INFO] 2025-08-26 20:46:38,083 - Current Robot joint: [ 0.395  0.089  0.132 -1.772  0.077  2.358  1.54 ]
[Deoxys INFO] 2025-08-26 20:46:38,083 - Desired Robot joint: [ 0.394  0.09   0.131 -1.777  0.077  2.358  1.538]
[Deoxys INFO] 2025-08-26 20:46:38,133 - Current Robot joint: [ 0.383  0.078  0.126 -1.828  0.074  2.356  1.501]
[Deoxys INFO] 2025-08-26 20:46:38,134 - Desired Robot joint: [ 0.382  0.079  0.126 -1.832  0.074  2.356  1.499]
[Deoxys INFO] 2025-08-26 20:46:38,184 - Current Robot joint: [ 0.372  0.067  0.121 -1.881  0.071  2.354  1.462]
[Deoxys INFO] 2025-08-26 20:46:38,184 - Desired Robot joint: [ 0.37   0.068  0.12  -1.886  0.071  2.355  1.46 ]
[Deoxys INFO] 2025-08-26 20:46:38,234 - Current Robot joint: [ 0.36   0.056  0.115 -1.933  0.068  2.353  1.423]
[Deoxys INFO] 2025-08-26 20:46:38,234 - Desired Robot joint: [ 0.359  0.057  0.115 -1.937  0.068  2.353  1.421]
[Deoxys INFO] 2025-08-26 20:46:38,284 - Current Robot joint: [ 0.348  0.045  0.109 -1.982  0.065  2.351  1.384]
[Deoxys INFO] 2025-08-26 20:46:38,284 - Desired Robot joint: [ 0.347  0.046  0.109 -1.986  0.065  2.351  1.382]
[Deoxys INFO] 2025-08-26 20:46:38,334 - Current Robot joint: [ 0.337  0.034  0.104 -2.029  0.062  2.349  1.345]
[Deoxys INFO] 2025-08-26 20:46:38,334 - Desired Robot joint: [ 0.335  0.035  0.103 -2.033  0.062  2.349  1.343]
[Deoxys INFO] 2025-08-26 20:46:38,384 - Current Robot joint: [ 0.328  0.025  0.1   -2.065  0.06   2.348  1.314]
[Deoxys INFO] 2025-08-26 20:46:38,385 - Desired Robot joint: [ 0.324  0.024  0.098 -2.078  0.059  2.348  1.304]
[Deoxys INFO] 2025-08-26 20:46:38,434 - Current Robot joint: [ 0.316  0.014  0.094 -2.108  0.057  2.346  1.275]
[Deoxys INFO] 2025-08-26 20:46:38,435 - Desired Robot joint: [ 0.315  0.015  0.094 -2.111  0.056  2.346  1.273]
[Deoxys INFO] 2025-08-26 20:46:38,485 - Current Robot joint: [ 0.304  0.003  0.089 -2.148  0.054  2.344  1.236]
[Deoxys INFO] 2025-08-26 20:46:38,485 - Desired Robot joint: [ 0.303  0.004  0.088 -2.151  0.053  2.345  1.234]
[Deoxys INFO] 2025-08-26 20:46:38,535 - Current Robot joint: [ 0.292 -0.007  0.083 -2.186  0.051  2.342  1.198]
[Deoxys INFO] 2025-08-26 20:46:38,535 - Desired Robot joint: [ 0.291 -0.007  0.083 -2.189  0.05   2.343  1.196]
[Deoxys INFO] 2025-08-26 20:46:38,585 - Current Robot joint: [ 0.281 -0.019  0.078 -2.221  0.048  2.341  1.161]
[Deoxys INFO] 2025-08-26 20:46:38,585 - Desired Robot joint: [ 0.28  -0.018  0.077 -2.224  0.047  2.341  1.159]
[Deoxys INFO] 2025-08-26 20:46:38,635 - Current Robot joint: [ 0.269 -0.029  0.072 -2.254  0.045  2.339  1.125]
[Deoxys INFO] 2025-08-26 20:46:38,635 - Desired Robot joint: [ 0.268 -0.029  0.072 -2.257  0.044  2.339  1.123]
[Deoxys INFO] 2025-08-26 20:46:38,685 - Current Robot joint: [ 0.258 -0.041  0.066 -2.284  0.042  2.337  1.09 ]
[Deoxys INFO] 2025-08-26 20:46:38,686 - Desired Robot joint: [ 0.256 -0.04   0.066 -2.286  0.041  2.338  1.088]
[Deoxys INFO] 2025-08-26 20:46:38,735 - Current Robot joint: [ 0.246 -0.051  0.061 -2.311  0.039  2.335  1.057]
[Deoxys INFO] 2025-08-26 20:46:38,735 - Desired Robot joint: [ 0.245 -0.051  0.06  -2.314  0.038  2.336  1.056]
[Deoxys INFO] 2025-08-26 20:46:38,785 - Current Robot joint: [ 0.234 -0.062  0.055 -2.336  0.036  2.334  1.028]
[Deoxys INFO] 2025-08-26 20:46:38,786 - Desired Robot joint: [ 0.233 -0.062  0.055 -2.338  0.035  2.334  1.026]
[Deoxys INFO] 2025-08-26 20:46:38,835 - Current Robot joint: [ 0.223 -0.073  0.05  -2.358  0.033  2.332  0.999]
[Deoxys INFO] 2025-08-26 20:46:38,836 - Desired Robot joint: [ 0.221 -0.073  0.05  -2.36   0.032  2.333  0.998]
[Deoxys INFO] 2025-08-26 20:46:38,886 - Current Robot joint: [ 0.211 -0.084  0.044 -2.378  0.03   2.33   0.974]
[Deoxys INFO] 2025-08-26 20:46:38,886 - Desired Robot joint: [ 0.21  -0.084  0.044 -2.38   0.029  2.331  0.972]
[Deoxys INFO] 2025-08-26 20:46:38,936 - Current Robot joint: [ 0.199 -0.095  0.039 -2.395  0.027  2.329  0.95 ]
[Deoxys INFO] 2025-08-26 20:46:38,936 - Desired Robot joint: [ 0.198 -0.095  0.038 -2.398  0.026  2.329  0.949]
[Deoxys INFO] 2025-08-26 20:46:38,986 - Current Robot joint: [ 0.188 -0.106  0.033 -2.41   0.024  2.327  0.929]
[Deoxys INFO] 2025-08-26 20:46:38,986 - Desired Robot joint: [ 0.186 -0.106  0.033 -2.413  0.023  2.327  0.928]
[Deoxys INFO] 2025-08-26 20:46:39,036 - Current Robot joint: [ 0.176 -0.117  0.028 -2.423  0.021  2.325  0.911]
[Deoxys INFO] 2025-08-26 20:46:39,036 - Desired Robot joint: [ 0.175 -0.117  0.027 -2.426  0.02   2.326  0.91 ]
[Deoxys INFO] 2025-08-26 20:46:39,086 - Current Robot joint: [ 0.165 -0.128  0.023 -2.434  0.018  2.323  0.896]
[Deoxys INFO] 2025-08-26 20:46:39,087 - Desired Robot joint: [ 0.163 -0.127  0.022 -2.436  0.017  2.324  0.895]
[Deoxys INFO] 2025-08-26 20:46:39,136 - Current Robot joint: [ 0.155 -0.136  0.018 -2.442  0.015  2.322  0.885]
[Deoxys INFO] 2025-08-26 20:46:39,137 - Desired Robot joint: [ 0.154 -0.136  0.018 -2.444  0.015  2.323  0.884]
[Deoxys INFO] 2025-08-26 20:46:39,187 - Current Robot joint: [ 0.144 -0.148  0.013 -2.449  0.012  2.32   0.874]
[Deoxys INFO] 2025-08-26 20:46:39,187 - Desired Robot joint: [ 0.142 -0.147  0.012 -2.451  0.012  2.321  0.873]
[Deoxys INFO] 2025-08-26 20:46:39,236 - Current Robot joint: [ 0.132 -0.158  0.007 -2.455  0.009  2.319  0.865]
[Deoxys INFO] 2025-08-26 20:46:39,237 - Desired Robot joint: [ 0.131 -0.158  0.007 -2.457  0.009  2.319  0.865]
[Deoxys INFO] 2025-08-26 20:46:39,287 - Current Robot joint: [ 1.210e-01 -1.690e-01  1.000e-03 -2.460e+00  6.000e-03  2.317e+00
  8.590e-01]
[Deoxys INFO] 2025-08-26 20:46:39,287 - Desired Robot joint: [ 1.200e-01 -1.690e-01  1.000e-03 -2.461e+00  6.000e-03  2.317e+00
  8.580e-01]
[Deoxys INFO] 2025-08-26 20:46:39,337 - Current Robot joint: [ 0.111 -0.179 -0.004 -2.463  0.003  2.315  0.854]
[Deoxys INFO] 2025-08-26 20:46:39,337 - Desired Robot joint: [ 0.11  -0.178 -0.005 -2.464  0.003  2.316  0.853]
[Deoxys INFO] 2025-08-26 20:46:39,387 - Current Robot joint: [ 0.104 -0.186 -0.009 -2.465  0.     2.313  0.851]
[Deoxys INFO] 2025-08-26 20:46:39,387 - Desired Robot joint: [ 0.103 -0.186 -0.01  -2.466 -0.     2.314  0.85 ]
[Deoxys INFO] 2025-08-26 20:46:39,437 - Current Robot joint: [ 0.099 -0.191 -0.015 -2.466 -0.003  2.312  0.849]
[Deoxys INFO] 2025-08-26 20:46:39,437 - Desired Robot joint: [ 0.098 -0.191 -0.015 -2.468 -0.003  2.312  0.848]
[Deoxys INFO] 2025-08-26 20:46:39,487 - Current Robot joint: [ 0.097 -0.194 -0.018 -2.467 -0.006  2.31   0.848]
[Deoxys INFO] 2025-08-26 20:46:39,487 - Desired Robot joint: [ 0.096 -0.193 -0.019 -2.468 -0.006  2.311  0.848]
[Deoxys INFO] 2025-08-26 20:46:39,537 - Current Robot joint: [ 0.096 -0.194 -0.02  -2.467 -0.008  2.308  0.848]
[Deoxys INFO] 2025-08-26 20:46:39,537 - Desired Robot joint: [ 0.095 -0.194 -0.02  -2.468 -0.008  2.309  0.847]
[Deoxys INFO] 2025-08-26 20:46:39,587 - Current Robot joint: [ 0.096 -0.195 -0.02  -2.467 -0.008  2.308  0.848]
[Deoxys INFO] 2025-08-26 20:46:39,588 - Desired Robot joint: [ 0.095 -0.194 -0.02  -2.468 -0.008  2.309  0.847]
[Deoxys INFO] 2025-08-26 20:46:39,638 - Current Robot joint: [ 0.096 -0.195 -0.02  -2.467 -0.008  2.308  0.848]
[Deoxys INFO] 2025-08-26 20:46:39,638 - Desired Robot joint: [ 0.095 -0.194 -0.02  -2.468 -0.008  2.309  0.847]
[Deoxys INFO] 2025-08-26 20:46:39,688 - Current Robot joint: [ 0.096 -0.195 -0.02  -2.467 -0.008  2.308  0.848]
[Deoxys INFO] 2025-08-26 20:46:39,688 - Desired Robot joint: [ 0.095 -0.194 -0.02  -2.468 -0.008  2.309  0.847]
[Deoxys INFO] 2025-08-26 20:46:39,738 - Current Robot joint: [ 0.096 -0.195 -0.02  -2.467 -0.008  2.308  0.848]
[Deoxys INFO] 2025-08-26 20:46:39,738 - Desired Robot joint: [ 0.095 -0.194 -0.02  -2.468 -0.008  2.309  0.847]
[Deoxys INFO] 2025-08-26 20:46:39,788 - Current Robot joint: [ 0.096 -0.195 -0.02  -2.467 -0.008  2.308  0.848]
[Deoxys INFO] 2025-08-26 20:46:39,788 - Desired Robot joint: [ 0.095 -0.194 -0.02  -2.468 -0.008  2.309  0.847]
[Deoxys INFO] 2025-08-26 20:46:39,838 - Current Robot joint: [ 0.096 -0.195 -0.02  -2.467 -0.008  2.308  0.848]
[Deoxys INFO] 2025-08-26 20:46:39,838 - Desired Robot joint: [ 0.095 -0.194 -0.02  -2.468 -0.008  2.309  0.847]
[Deoxys INFO] 2025-08-26 20:46:39,888 - Current Robot joint: [ 0.096 -0.195 -0.02  -2.467 -0.008  2.308  0.848]
[Deoxys INFO] 2025-08-26 20:46:39,888 - Desired Robot joint: [ 0.095 -0.194 -0.02  -2.468 -0.008  2.309  0.847]
[Deoxys INFO] 2025-08-26 20:46:39,938 - Current Robot joint: [ 0.096 -0.195 -0.02  -2.467 -0.008  2.308  0.848]
[Deoxys INFO] 2025-08-26 20:46:39,938 - Desired Robot joint: [ 0.095 -0.194 -0.02  -2.468 -0.008  2.309  0.847]
[Deoxys INFO] 2025-08-26 20:46:39,988 - Current Robot joint: [ 0.096 -0.195 -0.02  -2.467 -0.008  2.308  0.848]
[Deoxys INFO] 2025-08-26 20:46:39,988 - Desired Robot joint: [ 0.095 -0.194 -0.02  -2.468 -0.008  2.309  0.847]
[Deoxys INFO] 2025-08-26 20:46:40,038 - Current Robot joint: [ 0.096 -0.195 -0.02  -2.467 -0.008  2.308  0.848]
[Deoxys INFO] 2025-08-26 20:46:40,039 - Desired Robot joint: [ 0.095 -0.194 -0.02  -2.468 -0.008  2.309  0.847]
[Deoxys INFO] 2025-08-26 20:46:40,088 - Current Robot joint: [ 0.096 -0.195 -0.02  -2.467 -0.008  2.308  0.848]
[Deoxys INFO] 2025-08-26 20:46:40,089 - Desired Robot joint: [ 0.095 -0.194 -0.02  -2.468 -0.008  2.309  0.847]
[Deoxys INFO] 2025-08-26 20:46:40,138 - Current Robot joint: [ 0.096 -0.195 -0.02  -2.467 -0.008  2.308  0.848]
[Deoxys INFO] 2025-08-26 20:46:40,139 - Desired Robot joint: [ 0.095 -0.194 -0.02  -2.468 -0.008  2.309  0.847]
[Deoxys INFO] 2025-08-26 20:46:40,189 - Current Robot joint: [ 0.096 -0.195 -0.02  -2.467 -0.008  2.308  0.848]
[Deoxys INFO] 2025-08-26 20:46:40,189 - Desired Robot joint: [ 0.095 -0.194 -0.02  -2.468 -0.008  2.309  0.847]
[Deoxys INFO] 2025-08-26 20:46:40,239 - Current Robot joint: [ 0.096 -0.195 -0.02  -2.467 -0.008  2.308  0.848]
[Deoxys INFO] 2025-08-26 20:46:40,239 - Desired Robot joint: [ 0.095 -0.194 -0.02  -2.468 -0.008  2.309  0.847]
[Deoxys INFO] 2025-08-26 20:46:40,289 - Current Robot joint: [ 0.096 -0.195 -0.02  -2.467 -0.008  2.308  0.848]
[Deoxys INFO] 2025-08-26 20:46:40,289 - Desired Robot joint: [ 0.095 -0.194 -0.02  -2.468 -0.008  2.309  0.847]
[Deoxys WARNING] 2025-08-27 10:14:28,703 - Robot state not received
[Deoxys WARNING] 2025-08-27 11:15:41,592 - Robot state not received
[Deoxys WARNING] 2025-08-27 11:15:42,093 - Robot state not received
[Deoxys WARNING] 2025-08-27 11:15:42,594 - Robot state not received
[Deoxys WARNING] 2025-08-27 11:15:43,095 - Robot state not received
[Deoxys WARNING] 2025-08-27 11:30:16,540 - Robot state not received
[Deoxys WARNING] 2025-08-27 11:30:32,668 - Robot state not received
[Deoxys WARNING] 2025-08-27 11:47:45,245 - Robot state not received
[Deoxys WARNING] 2025-08-27 11:48:16,668 - Robot state not received
[Deoxys WARNING] 2025-08-27 13:12:19,087 - Robot state not received
[Deoxys WARNING] 2025-08-27 13:12:46,779 - Robot state not received
[Deoxys WARNING] 2025-08-27 13:16:58,327 - Robot state not received
[Deoxys WARNING] 2025-08-27 13:17:17,520 - Robot state not received
[Deoxys WARNING] 2025-08-27 13:17:28,015 - Robot state not received
[Deoxys WARNING] 2025-08-27 13:17:28,516 - Robot state not received
[Deoxys WARNING] 2025-08-27 13:17:29,017 - Robot state not received
[Deoxys WARNING] 2025-08-27 13:17:29,518 - Robot state not received
[Deoxys WARNING] 2025-08-27 13:17:33,366 - Robot state not received
[Deoxys WARNING] 2025-09-01 11:12:30,785 - Robot state not received
[Deoxys WARNING] 2025-09-01 11:17:22,629 - Robot state not received
[Deoxys WARNING] 2025-09-02 15:38:03,551 - Robot state not received
[Deoxys WARNING] 2025-09-03 14:56:14,095 - Robot state not received
[Deoxys WARNING] 2025-09-03 14:56:14,096 - Robot state not received
[Deoxys WARNING] 2025-09-03 14:56:14,596 - Robot state not received
[Deoxys WARNING] 2025-09-03 14:56:14,597 - Robot state not received
[Deoxys WARNING] 2025-09-03 14:56:15,097 - Robot state not received
[Deoxys WARNING] 2025-09-03 14:56:15,098 - Robot state not received
[Deoxys WARNING] 2025-09-03 14:56:15,597 - Robot state not received
[Deoxys WARNING] 2025-09-03 14:56:15,598 - Robot state not received
[Deoxys WARNING] 2025-09-03 14:56:16,098 - Robot state not received
[Deoxys WARNING] 2025-09-03 14:56:16,099 - Robot state not received
[Deoxys WARNING] 2025-09-03 14:56:16,599 - Robot state not received
[Deoxys WARNING] 2025-09-03 14:56:16,599 - Robot state not received
[Deoxys WARNING] 2025-09-03 14:56:17,100 - Robot state not received
[Deoxys WARNING] 2025-09-03 14:56:17,100 - Robot state not received
[Deoxys WARNING] 2025-09-03 15:02:41,285 - Robot state not received
[Deoxys WARNING] 2025-09-03 15:02:41,317 - Robot state not received
[Deoxys WARNING] 2025-09-03 15:39:24,138 - Robot state not received
[Deoxys WARNING] 2025-09-03 15:43:01,183 - Robot state not received
[Deoxys WARNING] 2025-09-03 15:43:01,184 - Robot state not received
[Deoxys WARNING] 2025-09-03 15:43:01,683 - Robot state not received
[Deoxys WARNING] 2025-09-03 15:43:02,184 - Robot state not received
[Deoxys WARNING] 2025-09-03 15:43:02,685 - Robot state not received
[Deoxys WARNING] 2025-09-03 15:43:03,186 - Robot state not received
[Deoxys WARNING] 2025-09-03 15:43:03,687 - Robot state not received
[Deoxys WARNING] 2025-09-03 15:43:04,188 - Robot state not received
[Deoxys WARNING] 2025-09-03 15:43:04,689 - Robot state not received
[Deoxys WARNING] 2025-09-03 15:43:05,190 - Robot state not received
[Deoxys WARNING] 2025-09-03 15:43:05,691 - Robot state not received
[Deoxys WARNING] 2025-09-03 15:43:06,192 - Robot state not received
[Deoxys WARNING] 2025-09-03 15:43:06,693 - Robot state not received
[Deoxys WARNING] 2025-09-03 15:43:07,193 - Robot state not received
[Deoxys WARNING] 2025-09-03 15:43:07,694 - Robot state not received
[Deoxys WARNING] 2025-09-03 15:43:08,195 - Robot state not received
[Deoxys WARNING] 2025-09-03 15:43:08,696 - Robot state not received
[Deoxys WARNING] 2025-09-03 15:43:09,196 - Robot state not received
[Deoxys WARNING] 2025-09-03 15:43:09,697 - Robot state not received
[Deoxys WARNING] 2025-09-03 15:43:10,197 - Robot state not received
[Deoxys WARNING] 2025-09-03 15:43:10,698 - Robot state not received
[Deoxys WARNING] 2025-09-03 15:43:11,199 - Robot state not received
[Deoxys WARNING] 2025-09-03 15:43:11,699 - Robot state not received
[Deoxys WARNING] 2025-09-03 15:43:12,200 - Robot state not received
[Deoxys WARNING] 2025-09-03 15:43:12,701 - Robot state not received
[Deoxys WARNING] 2025-09-03 15:43:13,202 - Robot state not received
[Deoxys WARNING] 2025-09-03 15:43:13,703 - Robot state not received
[Deoxys WARNING] 2025-09-03 15:43:14,204 - Robot state not received
[Deoxys WARNING] 2025-09-03 15:43:14,704 - Robot state not received
[Deoxys WARNING] 2025-09-03 15:43:15,205 - Robot state not received
[Deoxys WARNING] 2025-09-03 15:43:15,706 - Robot state not received
[Deoxys WARNING] 2025-09-03 15:43:16,207 - Robot state not received
[Deoxys WARNING] 2025-09-03 15:43:16,707 - Robot state not received
[Deoxys WARNING] 2025-09-03 15:43:17,208 - Robot state not received
[Deoxys WARNING] 2025-09-03 15:43:17,709 - Robot state not received
[Deoxys WARNING] 2025-09-03 15:43:18,210 - Robot state not received
[Deoxys WARNING] 2025-09-03 15:43:18,711 - Robot state not received
[Deoxys WARNING] 2025-09-03 15:43:19,211 - Robot state not received
[Deoxys WARNING] 2025-09-03 15:43:19,712 - Robot state not received
[Deoxys WARNING] 2025-09-03 15:43:20,213 - Robot state not received
[Deoxys WARNING] 2025-09-03 15:43:20,714 - Robot state not received
[Deoxys WARNING] 2025-09-03 15:43:21,214 - Robot state not received
[Deoxys WARNING] 2025-09-03 15:43:21,715 - Robot state not received
[Deoxys WARNING] 2025-09-03 15:43:22,216 - Robot state not received
[Deoxys WARNING] 2025-09-03 15:43:22,717 - Robot state not received
[Deoxys WARNING] 2025-09-03 15:43:23,218 - Robot state not received
[Deoxys WARNING] 2025-09-03 15:43:23,719 - Robot state not received
[Deoxys WARNING] 2025-09-03 15:43:24,220 - Robot state not received
[Deoxys WARNING] 2025-09-03 15:43:24,720 - Robot state not received
[Deoxys WARNING] 2025-09-03 15:43:25,221 - Robot state not received
[Deoxys WARNING] 2025-09-03 15:43:25,722 - Robot state not received
[Deoxys WARNING] 2025-09-03 15:43:26,223 - Robot state not received
[Deoxys WARNING] 2025-09-03 15:43:26,723 - Robot state not received
[Deoxys WARNING] 2025-09-03 15:43:27,224 - Robot state not received
[Deoxys WARNING] 2025-09-03 15:43:27,725 - Robot state not received
[Deoxys WARNING] 2025-09-03 15:43:28,225 - Robot state not received
[Deoxys WARNING] 2025-09-03 15:43:28,726 - Robot state not received
[Deoxys WARNING] 2025-09-03 15:43:29,228 - Robot state not received
[Deoxys WARNING] 2025-09-03 15:43:29,729 - Robot state not received
[Deoxys WARNING] 2025-09-03 15:43:30,230 - Robot state not received
[Deoxys WARNING] 2025-09-03 15:43:30,734 - Robot state not received
[Deoxys WARNING] 2025-09-03 15:43:31,235 - Robot state not received
[Deoxys WARNING] 2025-09-03 15:43:31,736 - Robot state not received
[Deoxys WARNING] 2025-09-03 15:43:32,237 - Robot state not received
[Deoxys WARNING] 2025-09-03 15:43:32,737 - Robot state not received
[Deoxys WARNING] 2025-09-03 15:43:33,238 - Robot state not received
[Deoxys WARNING] 2025-09-03 15:43:33,739 - Robot state not received
[Deoxys WARNING] 2025-09-03 15:43:34,239 - Robot state not received
[Deoxys WARNING] 2025-09-03 15:43:34,740 - Robot state not received
[Deoxys WARNING] 2025-09-03 15:43:35,241 - Robot state not received
[Deoxys WARNING] 2025-09-03 15:43:35,742 - Robot state not received
[Deoxys WARNING] 2025-09-03 15:43:36,243 - Robot state not received
[Deoxys WARNING] 2025-09-03 15:43:36,744 - Robot state not received
[Deoxys WARNING] 2025-09-03 15:43:37,245 - Robot state not received
[Deoxys WARNING] 2025-09-03 15:43:37,746 - Robot state not received
[Deoxys WARNING] 2025-09-03 15:43:38,246 - Robot state not received
[Deoxys WARNING] 2025-09-03 15:43:38,747 - Robot state not received
[Deoxys WARNING] 2025-09-03 15:43:39,249 - Robot state not received
[Deoxys WARNING] 2025-09-03 15:43:39,749 - Robot state not received
[Deoxys WARNING] 2025-09-03 15:43:40,250 - Robot state not received
[Deoxys WARNING] 2025-09-03 15:43:40,751 - Robot state not received
[Deoxys WARNING] 2025-09-03 15:43:41,252 - Robot state not received
[Deoxys WARNING] 2025-09-03 15:43:41,752 - Robot state not received
[Deoxys WARNING] 2025-09-03 15:43:42,253 - Robot state not received
[Deoxys WARNING] 2025-09-03 15:43:42,754 - Robot state not received
[Deoxys WARNING] 2025-09-03 15:43:43,254 - Robot state not received
[Deoxys WARNING] 2025-09-03 15:43:43,755 - Robot state not received
[Deoxys WARNING] 2025-09-03 15:43:44,256 - Robot state not received
[Deoxys WARNING] 2025-09-03 15:43:44,757 - Robot state not received
[Deoxys WARNING] 2025-09-03 15:43:45,259 - Robot state not received
[Deoxys WARNING] 2025-09-03 15:43:45,759 - Robot state not received
[Deoxys WARNING] 2025-09-03 15:43:46,260 - Robot state not received
[Deoxys WARNING] 2025-09-03 15:43:46,761 - Robot state not received
[Deoxys WARNING] 2025-09-03 15:43:47,262 - Robot state not received
[Deoxys WARNING] 2025-09-03 15:43:47,763 - Robot state not received
[Deoxys WARNING] 2025-09-03 15:43:48,264 - Robot state not received
[Deoxys WARNING] 2025-09-03 15:43:48,764 - Robot state not received
[Deoxys WARNING] 2025-09-03 15:43:49,265 - Robot state not received
[Deoxys WARNING] 2025-09-03 15:43:49,766 - Robot state not received
[Deoxys WARNING] 2025-09-03 15:43:50,267 - Robot state not received
[Deoxys WARNING] 2025-09-03 15:43:50,768 - Robot state not received
[Deoxys WARNING] 2025-09-03 15:43:51,270 - Robot state not received
[Deoxys WARNING] 2025-09-03 15:43:51,771 - Robot state not received
[Deoxys WARNING] 2025-09-03 15:43:52,272 - Robot state not received
[Deoxys WARNING] 2025-09-03 15:43:52,772 - Robot state not received
[Deoxys WARNING] 2025-09-03 15:43:53,273 - Robot state not received
[Deoxys WARNING] 2025-09-03 15:43:53,776 - Robot state not received
[Deoxys WARNING] 2025-09-03 15:43:54,277 - Robot state not received
[Deoxys WARNING] 2025-09-03 15:43:54,778 - Robot state not received
[Deoxys WARNING] 2025-09-03 15:43:55,278 - Robot state not received
[Deoxys WARNING] 2025-09-03 15:43:55,780 - Robot state not received
[Deoxys WARNING] 2025-09-03 15:43:56,280 - Robot state not received
[Deoxys WARNING] 2025-09-03 15:43:56,781 - Robot state not received
[Deoxys WARNING] 2025-09-03 15:43:57,282 - Robot state not received
[Deoxys WARNING] 2025-09-03 15:43:57,784 - Robot state not received
[Deoxys WARNING] 2025-09-03 15:43:58,284 - Robot state not received
[Deoxys WARNING] 2025-09-03 15:43:58,785 - Robot state not received
[Deoxys WARNING] 2025-09-03 15:43:59,286 - Robot state not received
[Deoxys WARNING] 2025-09-03 15:43:59,787 - Robot state not received
[Deoxys WARNING] 2025-09-03 15:44:00,287 - Robot state not received
[Deoxys WARNING] 2025-09-03 15:44:00,788 - Robot state not received
[Deoxys WARNING] 2025-09-03 15:44:01,289 - Robot state not received
[Deoxys WARNING] 2025-09-03 15:44:13,640 - Robot state not received
[Deoxys WARNING] 2025-09-03 15:44:13,655 - Robot state not received
[Deoxys WARNING] 2025-09-03 15:44:14,140 - Robot state not received
[Deoxys WARNING] 2025-09-03 15:44:14,156 - Robot state not received
[Deoxys WARNING] 2025-09-03 15:44:14,641 - Robot state not received
[Deoxys WARNING] 2025-09-03 15:44:14,657 - Robot state not received
[Deoxys WARNING] 2025-09-03 15:44:15,142 - Robot state not received
[Deoxys WARNING] 2025-09-03 15:44:15,157 - Robot state not received
[Deoxys WARNING] 2025-09-03 15:44:15,643 - Robot state not received
[Deoxys WARNING] 2025-09-03 15:44:15,658 - Robot state not received
[Deoxys WARNING] 2025-09-03 15:44:16,144 - Robot state not received
[Deoxys WARNING] 2025-09-03 15:44:16,159 - Robot state not received
[Deoxys WARNING] 2025-09-03 15:44:16,645 - Robot state not received
[Deoxys WARNING] 2025-09-03 15:44:16,659 - Robot state not received
[Deoxys WARNING] 2025-09-03 15:44:17,146 - Robot state not received
[Deoxys WARNING] 2025-09-03 15:44:17,161 - Robot state not received
[Deoxys WARNING] 2025-09-03 15:44:17,647 - Robot state not received
[Deoxys WARNING] 2025-09-03 15:44:17,661 - Robot state not received
[Deoxys WARNING] 2025-09-03 15:44:18,147 - Robot state not received
[Deoxys WARNING] 2025-09-03 15:44:18,162 - Robot state not received
[Deoxys WARNING] 2025-09-03 15:44:18,648 - Robot state not received
[Deoxys WARNING] 2025-09-03 15:44:18,663 - Robot state not received
[Deoxys WARNING] 2025-09-03 15:44:19,149 - Robot state not received
[Deoxys WARNING] 2025-09-03 15:44:19,164 - Robot state not received
[Deoxys WARNING] 2025-09-03 15:44:19,649 - Robot state not received
[Deoxys WARNING] 2025-09-03 15:44:19,665 - Robot state not received
[Deoxys WARNING] 2025-09-03 15:44:20,150 - Robot state not received
[Deoxys WARNING] 2025-09-03 15:44:20,166 - Robot state not received
[Deoxys WARNING] 2025-09-03 15:44:20,651 - Robot state not received
[Deoxys WARNING] 2025-09-03 15:44:20,667 - Robot state not received
[Deoxys WARNING] 2025-09-03 15:44:21,152 - Robot state not received
[Deoxys WARNING] 2025-09-03 15:44:21,168 - Robot state not received
[Deoxys WARNING] 2025-09-03 15:44:21,652 - Robot state not received
[Deoxys WARNING] 2025-09-03 15:44:21,668 - Robot state not received
[Deoxys WARNING] 2025-09-03 15:44:22,153 - Robot state not received
[Deoxys WARNING] 2025-09-03 15:44:22,169 - Robot state not received
[Deoxys WARNING] 2025-09-03 15:44:22,653 - Robot state not received
[Deoxys WARNING] 2025-09-03 15:44:22,670 - Robot state not received
[Deoxys WARNING] 2025-09-03 15:44:23,154 - Robot state not received
[Deoxys WARNING] 2025-09-03 15:44:23,171 - Robot state not received
[Deoxys WARNING] 2025-09-03 15:44:23,657 - Robot state not received
[Deoxys WARNING] 2025-09-03 15:44:23,671 - Robot state not received
[Deoxys WARNING] 2025-09-03 15:44:24,158 - Robot state not received
[Deoxys WARNING] 2025-09-03 15:44:24,172 - Robot state not received
[Deoxys WARNING] 2025-09-03 15:44:24,659 - Robot state not received
[Deoxys WARNING] 2025-09-03 15:44:24,673 - Robot state not received
[Deoxys WARNING] 2025-09-03 15:44:25,159 - Robot state not received
[Deoxys WARNING] 2025-09-03 15:44:25,174 - Robot state not received
[Deoxys WARNING] 2025-09-03 15:44:25,660 - Robot state not received
[Deoxys WARNING] 2025-09-03 15:44:25,675 - Robot state not received
[Deoxys WARNING] 2025-09-03 15:44:26,161 - Robot state not received
[Deoxys WARNING] 2025-09-03 15:44:26,176 - Robot state not received
[Deoxys WARNING] 2025-09-03 15:44:26,661 - Robot state not received
[Deoxys WARNING] 2025-09-03 15:44:26,677 - Robot state not received
[Deoxys WARNING] 2025-09-03 15:44:27,162 - Robot state not received
[Deoxys WARNING] 2025-09-03 15:44:27,178 - Robot state not received
[Deoxys WARNING] 2025-09-03 15:44:27,663 - Robot state not received
[Deoxys WARNING] 2025-09-03 15:44:27,679 - Robot state not received
[Deoxys WARNING] 2025-09-03 15:44:28,163 - Robot state not received
[Deoxys WARNING] 2025-09-03 15:44:28,179 - Robot state not received
[Deoxys WARNING] 2025-09-03 15:44:28,664 - Robot state not received
[Deoxys WARNING] 2025-09-03 15:44:28,680 - Robot state not received
[Deoxys WARNING] 2025-09-03 15:44:29,165 - Robot state not received
[Deoxys WARNING] 2025-09-03 15:44:29,181 - Robot state not received
[Deoxys WARNING] 2025-09-03 15:44:29,665 - Robot state not received
[Deoxys WARNING] 2025-09-03 15:44:29,682 - Robot state not received
[Deoxys WARNING] 2025-09-03 15:44:30,166 - Robot state not received
[Deoxys WARNING] 2025-09-03 15:44:30,184 - Robot state not received
[Deoxys WARNING] 2025-09-03 15:44:30,666 - Robot state not received
[Deoxys WARNING] 2025-09-03 15:44:30,685 - Robot state not received
[Deoxys WARNING] 2025-09-03 15:44:31,169 - Robot state not received
[Deoxys WARNING] 2025-09-03 15:44:31,186 - Robot state not received
[Deoxys WARNING] 2025-09-03 15:44:31,670 - Robot state not received
[Deoxys WARNING] 2025-09-03 15:44:31,686 - Robot state not received
[Deoxys WARNING] 2025-09-03 15:44:32,171 - Robot state not received
[Deoxys WARNING] 2025-09-03 15:44:32,187 - Robot state not received
[Deoxys WARNING] 2025-09-03 15:44:32,674 - Robot state not received
[Deoxys WARNING] 2025-09-03 15:44:32,689 - Robot state not received
[Deoxys WARNING] 2025-09-03 15:44:33,174 - Robot state not received
[Deoxys WARNING] 2025-09-03 15:44:33,190 - Robot state not received
[Deoxys WARNING] 2025-09-03 15:44:33,675 - Robot state not received
[Deoxys WARNING] 2025-09-03 15:44:33,690 - Robot state not received
[Deoxys WARNING] 2025-09-03 15:44:34,177 - Robot state not received
[Deoxys WARNING] 2025-09-03 15:44:34,191 - Robot state not received
[Deoxys WARNING] 2025-09-03 15:47:37,768 - Robot state not received
[Deoxys WARNING] 2025-09-03 15:47:37,794 - Robot state not received
[Deoxys WARNING] 2025-09-03 15:47:38,269 - Robot state not received
[Deoxys WARNING] 2025-09-03 15:47:38,294 - Robot state not received
[Deoxys WARNING] 2025-09-03 15:47:38,770 - Robot state not received
[Deoxys WARNING] 2025-09-03 15:47:38,795 - Robot state not received
[Deoxys WARNING] 2025-09-03 15:47:39,271 - Robot state not received
[Deoxys WARNING] 2025-09-03 15:47:39,296 - Robot state not received
[Deoxys WARNING] 2025-09-03 15:47:39,772 - Robot state not received
[Deoxys WARNING] 2025-09-03 15:47:39,798 - Robot state not received
[Deoxys WARNING] 2025-09-03 15:47:40,272 - Robot state not received
[Deoxys WARNING] 2025-09-03 15:47:40,299 - Robot state not received
[Deoxys WARNING] 2025-09-03 15:47:40,773 - Robot state not received
[Deoxys WARNING] 2025-09-03 15:47:40,799 - Robot state not received
[Deoxys WARNING] 2025-09-03 15:47:41,274 - Robot state not received
[Deoxys WARNING] 2025-09-03 15:47:41,301 - Robot state not received
[Deoxys WARNING] 2025-09-03 15:47:41,775 - Robot state not received
[Deoxys WARNING] 2025-09-03 15:47:41,802 - Robot state not received
[Deoxys WARNING] 2025-09-03 15:47:42,276 - Robot state not received
[Deoxys WARNING] 2025-09-03 15:47:42,303 - Robot state not received
[Deoxys WARNING] 2025-09-03 15:47:42,777 - Robot state not received
[Deoxys WARNING] 2025-09-03 15:47:42,804 - Robot state not received
[Deoxys WARNING] 2025-09-03 15:47:43,278 - Robot state not received
[Deoxys WARNING] 2025-09-03 15:47:43,305 - Robot state not received
[Deoxys WARNING] 2025-09-03 15:47:43,779 - Robot state not received
[Deoxys WARNING] 2025-09-03 15:47:43,806 - Robot state not received
[Deoxys WARNING] 2025-09-03 15:47:44,280 - Robot state not received
[Deoxys WARNING] 2025-09-03 15:47:44,306 - Robot state not received
[Deoxys WARNING] 2025-09-03 15:47:44,780 - Robot state not received
[Deoxys WARNING] 2025-09-03 15:47:44,807 - Robot state not received
[Deoxys WARNING] 2025-09-03 15:47:45,281 - Robot state not received
[Deoxys WARNING] 2025-09-03 15:47:45,308 - Robot state not received
[Deoxys WARNING] 2025-09-03 15:47:45,782 - Robot state not received
[Deoxys WARNING] 2025-09-03 15:47:45,809 - Robot state not received
[Deoxys WARNING] 2025-09-03 15:47:46,283 - Robot state not received
[Deoxys WARNING] 2025-09-03 15:47:46,310 - Robot state not received
[Deoxys WARNING] 2025-09-03 15:47:46,784 - Robot state not received
[Deoxys WARNING] 2025-09-03 15:47:46,811 - Robot state not received
[Deoxys WARNING] 2025-09-03 15:47:47,285 - Robot state not received
[Deoxys WARNING] 2025-09-03 15:47:47,311 - Robot state not received
[Deoxys WARNING] 2025-09-03 15:47:47,786 - Robot state not received
[Deoxys WARNING] 2025-09-03 15:47:47,813 - Robot state not received
[Deoxys WARNING] 2025-09-03 15:47:48,287 - Robot state not received
[Deoxys WARNING] 2025-09-03 15:47:48,313 - Robot state not received
[Deoxys WARNING] 2025-09-03 15:47:48,788 - Robot state not received
[Deoxys WARNING] 2025-09-03 15:47:48,814 - Robot state not received
[Deoxys WARNING] 2025-09-03 15:47:49,289 - Robot state not received
[Deoxys WARNING] 2025-09-03 15:47:49,317 - Robot state not received
[Deoxys WARNING] 2025-09-03 15:47:49,790 - Robot state not received
[Deoxys WARNING] 2025-09-03 15:47:49,817 - Robot state not received
[Deoxys WARNING] 2025-09-03 15:47:50,291 - Robot state not received
[Deoxys WARNING] 2025-09-03 15:47:50,318 - Robot state not received
[Deoxys WARNING] 2025-09-03 15:47:50,792 - Robot state not received
[Deoxys WARNING] 2025-09-03 15:47:50,819 - Robot state not received
[Deoxys WARNING] 2025-09-03 15:47:51,293 - Robot state not received
[Deoxys WARNING] 2025-09-03 15:47:51,320 - Robot state not received
[Deoxys WARNING] 2025-09-03 15:47:51,794 - Robot state not received
[Deoxys WARNING] 2025-09-03 15:47:51,821 - Robot state not received
[Deoxys WARNING] 2025-09-03 15:47:52,295 - Robot state not received
[Deoxys WARNING] 2025-09-03 15:47:52,322 - Robot state not received
[Deoxys WARNING] 2025-09-03 15:47:52,796 - Robot state not received
[Deoxys WARNING] 2025-09-03 15:47:52,823 - Robot state not received
[Deoxys WARNING] 2025-09-03 15:47:53,297 - Robot state not received
[Deoxys WARNING] 2025-09-03 15:47:53,324 - Robot state not received
[Deoxys WARNING] 2025-09-03 15:47:53,798 - Robot state not received
[Deoxys WARNING] 2025-09-03 15:47:53,825 - Robot state not received
[Deoxys WARNING] 2025-09-03 15:47:54,298 - Robot state not received
[Deoxys WARNING] 2025-09-03 15:47:54,326 - Robot state not received
[Deoxys WARNING] 2025-09-03 15:47:54,799 - Robot state not received
[Deoxys WARNING] 2025-09-03 15:47:54,827 - Robot state not received
[Deoxys WARNING] 2025-09-03 15:47:55,300 - Robot state not received
[Deoxys WARNING] 2025-09-03 15:47:55,327 - Robot state not received
[Deoxys WARNING] 2025-09-03 15:47:55,800 - Robot state not received
[Deoxys WARNING] 2025-09-03 15:47:55,828 - Robot state not received
[Deoxys WARNING] 2025-09-03 15:47:56,301 - Robot state not received
[Deoxys WARNING] 2025-09-03 15:47:56,329 - Robot state not received
[Deoxys WARNING] 2025-09-03 15:47:56,802 - Robot state not received
[Deoxys WARNING] 2025-09-03 15:47:56,830 - Robot state not received
[Deoxys WARNING] 2025-09-03 15:47:57,302 - Robot state not received
[Deoxys WARNING] 2025-09-03 15:47:57,331 - Robot state not received
[Deoxys WARNING] 2025-09-03 15:47:57,803 - Robot state not received
[Deoxys WARNING] 2025-09-03 15:47:57,831 - Robot state not received
[Deoxys WARNING] 2025-09-03 15:47:58,304 - Robot state not received
[Deoxys WARNING] 2025-09-03 15:47:58,332 - Robot state not received
[Deoxys WARNING] 2025-09-03 15:47:58,804 - Robot state not received
[Deoxys WARNING] 2025-09-03 15:47:58,833 - Robot state not received
[Deoxys WARNING] 2025-09-03 15:47:59,305 - Robot state not received
[Deoxys WARNING] 2025-09-03 15:47:59,334 - Robot state not received
[Deoxys WARNING] 2025-09-03 15:47:59,806 - Robot state not received
[Deoxys WARNING] 2025-09-03 15:47:59,836 - Robot state not received
[Deoxys WARNING] 2025-09-03 15:48:00,306 - Robot state not received
[Deoxys WARNING] 2025-09-03 15:48:00,340 - Robot state not received
[Deoxys WARNING] 2025-09-03 15:48:00,806 - Robot state not received
[Deoxys WARNING] 2025-09-03 15:48:00,840 - Robot state not received
[Deoxys WARNING] 2025-09-03 15:48:01,307 - Robot state not received
[Deoxys WARNING] 2025-09-03 15:48:01,341 - Robot state not received
[Deoxys WARNING] 2025-09-03 15:48:01,807 - Robot state not received
[Deoxys WARNING] 2025-09-03 15:48:01,842 - Robot state not received
[Deoxys WARNING] 2025-09-03 15:48:02,308 - Robot state not received
[Deoxys WARNING] 2025-09-03 15:48:02,342 - Robot state not received
[Deoxys WARNING] 2025-09-03 15:48:02,808 - Robot state not received
[Deoxys WARNING] 2025-09-03 15:48:02,843 - Robot state not received
[Deoxys WARNING] 2025-09-03 15:48:03,309 - Robot state not received
[Deoxys WARNING] 2025-09-03 15:48:03,344 - Robot state not received
[Deoxys WARNING] 2025-09-03 15:48:03,809 - Robot state not received
[Deoxys WARNING] 2025-09-03 15:48:03,844 - Robot state not received
[Deoxys WARNING] 2025-09-03 15:48:04,310 - Robot state not received
[Deoxys WARNING] 2025-09-03 15:48:04,345 - Robot state not received
[Deoxys WARNING] 2025-09-03 15:48:04,810 - Robot state not received
[Deoxys WARNING] 2025-09-03 15:48:04,846 - Robot state not received
[Deoxys WARNING] 2025-09-03 15:48:05,311 - Robot state not received
[Deoxys WARNING] 2025-09-03 15:48:05,346 - Robot state not received
[Deoxys WARNING] 2025-09-03 15:48:05,812 - Robot state not received
[Deoxys WARNING] 2025-09-03 15:48:05,850 - Robot state not received
[Deoxys WARNING] 2025-09-03 15:48:06,313 - Robot state not received
[Deoxys WARNING] 2025-09-03 15:48:06,353 - Robot state not received
[Deoxys WARNING] 2025-09-03 15:48:06,813 - Robot state not received
[Deoxys WARNING] 2025-09-03 15:48:06,854 - Robot state not received
[Deoxys WARNING] 2025-09-03 15:48:07,314 - Robot state not received
[Deoxys WARNING] 2025-09-03 15:48:07,354 - Robot state not received
[Deoxys WARNING] 2025-09-03 15:48:07,815 - Robot state not received
[Deoxys WARNING] 2025-09-03 15:48:07,859 - Robot state not received
[Deoxys WARNING] 2025-09-03 15:48:08,316 - Robot state not received
[Deoxys WARNING] 2025-09-03 15:48:08,360 - Robot state not received
[Deoxys WARNING] 2025-09-03 15:48:08,817 - Robot state not received
[Deoxys WARNING] 2025-09-03 15:48:08,861 - Robot state not received
[Deoxys WARNING] 2025-09-03 15:48:09,318 - Robot state not received
[Deoxys WARNING] 2025-09-03 15:48:09,361 - Robot state not received
[Deoxys WARNING] 2025-09-03 15:48:09,818 - Robot state not received
[Deoxys WARNING] 2025-09-03 15:48:09,862 - Robot state not received
[Deoxys WARNING] 2025-09-03 15:48:10,319 - Robot state not received
[Deoxys WARNING] 2025-09-03 15:48:10,363 - Robot state not received
[Deoxys WARNING] 2025-09-03 15:48:10,820 - Robot state not received
[Deoxys WARNING] 2025-09-03 15:48:10,867 - Robot state not received
[Deoxys WARNING] 2025-09-03 15:48:11,321 - Robot state not received
[Deoxys WARNING] 2025-09-03 15:48:11,367 - Robot state not received
[Deoxys WARNING] 2025-09-03 15:48:11,821 - Robot state not received
[Deoxys WARNING] 2025-09-03 15:48:11,868 - Robot state not received
[Deoxys WARNING] 2025-09-03 15:48:12,322 - Robot state not received
[Deoxys WARNING] 2025-09-03 15:48:12,372 - Robot state not received
[Deoxys WARNING] 2025-09-03 15:48:12,823 - Robot state not received
[Deoxys WARNING] 2025-09-03 15:48:12,873 - Robot state not received
[Deoxys WARNING] 2025-09-03 15:48:13,324 - Robot state not received
[Deoxys WARNING] 2025-09-03 15:48:13,373 - Robot state not received
[Deoxys WARNING] 2025-09-03 15:48:13,824 - Robot state not received
[Deoxys WARNING] 2025-09-03 15:48:13,874 - Robot state not received
[Deoxys WARNING] 2025-09-03 15:48:14,325 - Robot state not received
[Deoxys WARNING] 2025-09-03 15:48:14,375 - Robot state not received
[Deoxys WARNING] 2025-09-03 15:48:14,826 - Robot state not received
[Deoxys WARNING] 2025-09-03 15:48:14,876 - Robot state not received
[Deoxys WARNING] 2025-09-03 15:48:15,327 - Robot state not received
[Deoxys WARNING] 2025-09-03 15:48:15,377 - Robot state not received
[Deoxys WARNING] 2025-09-03 15:48:15,828 - Robot state not received
[Deoxys WARNING] 2025-09-03 15:48:15,878 - Robot state not received
[Deoxys WARNING] 2025-09-03 15:48:16,328 - Robot state not received
[Deoxys WARNING] 2025-09-03 15:48:16,378 - Robot state not received
[Deoxys WARNING] 2025-09-03 15:48:16,829 - Robot state not received
[Deoxys WARNING] 2025-09-03 15:48:16,879 - Robot state not received
[Deoxys WARNING] 2025-09-03 15:48:17,330 - Robot state not received
[Deoxys WARNING] 2025-09-03 15:48:17,381 - Robot state not received
[Deoxys WARNING] 2025-09-03 15:48:17,831 - Robot state not received
[Deoxys WARNING] 2025-09-03 15:48:17,882 - Robot state not received
[Deoxys WARNING] 2025-09-03 15:48:18,331 - Robot state not received
[Deoxys WARNING] 2025-09-03 15:48:18,383 - Robot state not received
[Deoxys WARNING] 2025-09-03 15:48:18,832 - Robot state not received
[Deoxys WARNING] 2025-09-03 15:48:18,884 - Robot state not received
[Deoxys WARNING] 2025-09-03 15:48:19,333 - Robot state not received
[Deoxys WARNING] 2025-09-03 15:48:19,384 - Robot state not received
[Deoxys WARNING] 2025-09-03 15:48:19,834 - Robot state not received
[Deoxys WARNING] 2025-09-03 15:48:19,885 - Robot state not received
[Deoxys WARNING] 2025-09-03 15:48:20,335 - Robot state not received
[Deoxys WARNING] 2025-09-03 15:48:20,385 - Robot state not received
[Deoxys WARNING] 2025-09-03 15:48:20,836 - Robot state not received
[Deoxys WARNING] 2025-09-03 15:48:20,886 - Robot state not received
[Deoxys WARNING] 2025-09-03 15:48:21,337 - Robot state not received
[Deoxys WARNING] 2025-09-03 15:48:21,387 - Robot state not received
[Deoxys WARNING] 2025-09-03 15:48:21,838 - Robot state not received
[Deoxys WARNING] 2025-09-03 15:48:21,888 - Robot state not received
[Deoxys WARNING] 2025-09-03 15:50:05,544 - Robot state not received
[Deoxys WARNING] 2025-09-03 15:50:05,547 - Robot state not received
[Deoxys WARNING] 2025-09-03 15:50:06,045 - Robot state not received
[Deoxys WARNING] 2025-09-03 15:50:06,047 - Robot state not received
[Deoxys WARNING] 2025-09-03 15:50:06,546 - Robot state not received
[Deoxys WARNING] 2025-09-03 15:50:06,548 - Robot state not received
[Deoxys WARNING] 2025-09-03 15:50:07,047 - Robot state not received
[Deoxys WARNING] 2025-09-03 15:50:07,049 - Robot state not received
[Deoxys WARNING] 2025-09-03 15:50:07,548 - Robot state not received
[Deoxys WARNING] 2025-09-03 15:50:07,549 - Robot state not received
[Deoxys WARNING] 2025-09-03 15:50:08,048 - Robot state not received
[Deoxys WARNING] 2025-09-03 15:50:08,050 - Robot state not received
[Deoxys WARNING] 2025-09-03 15:50:08,549 - Robot state not received
[Deoxys WARNING] 2025-09-03 15:50:08,551 - Robot state not received
[Deoxys WARNING] 2025-09-03 15:50:09,050 - Robot state not received
[Deoxys WARNING] 2025-09-03 15:50:09,052 - Robot state not received
[Deoxys WARNING] 2025-09-03 15:50:09,551 - Robot state not received
[Deoxys WARNING] 2025-09-03 15:50:09,552 - Robot state not received
[Deoxys WARNING] 2025-09-03 15:50:10,052 - Robot state not received
[Deoxys WARNING] 2025-09-03 15:50:10,053 - Robot state not received
[Deoxys WARNING] 2025-09-03 15:50:10,553 - Robot state not received
[Deoxys WARNING] 2025-09-03 15:50:10,554 - Robot state not received
[Deoxys WARNING] 2025-09-03 15:50:11,054 - Robot state not received
[Deoxys WARNING] 2025-09-03 15:50:11,055 - Robot state not received
[Deoxys WARNING] 2025-09-03 15:50:11,555 - Robot state not received
[Deoxys WARNING] 2025-09-03 15:50:11,555 - Robot state not received
[Deoxys WARNING] 2025-09-03 15:50:12,055 - Robot state not received
[Deoxys WARNING] 2025-09-03 15:50:12,056 - Robot state not received
[Deoxys WARNING] 2025-09-03 15:50:12,556 - Robot state not received
[Deoxys WARNING] 2025-09-03 15:50:12,556 - Robot state not received
[Deoxys WARNING] 2025-09-03 15:50:13,057 - Robot state not received
[Deoxys WARNING] 2025-09-03 15:50:13,057 - Robot state not received
[Deoxys WARNING] 2025-09-03 15:50:13,558 - Robot state not received
[Deoxys WARNING] 2025-09-03 15:50:13,558 - Robot state not received
[Deoxys WARNING] 2025-09-03 15:50:14,059 - Robot state not received
[Deoxys WARNING] 2025-09-03 15:50:14,059 - Robot state not received
[Deoxys WARNING] 2025-09-03 15:50:14,560 - Robot state not received
[Deoxys WARNING] 2025-09-03 15:50:14,560 - Robot state not received
[Deoxys WARNING] 2025-09-03 15:50:15,061 - Robot state not received
[Deoxys WARNING] 2025-09-03 15:50:15,061 - Robot state not received
[Deoxys WARNING] 2025-09-03 15:50:15,562 - Robot state not received
[Deoxys WARNING] 2025-09-03 15:50:15,562 - Robot state not received
[Deoxys WARNING] 2025-09-03 15:50:16,062 - Robot state not received
[Deoxys WARNING] 2025-09-03 15:50:16,063 - Robot state not received
[Deoxys WARNING] 2025-09-03 15:50:16,563 - Robot state not received
[Deoxys WARNING] 2025-09-03 15:50:16,563 - Robot state not received
[Deoxys WARNING] 2025-09-03 15:50:17,064 - Robot state not received
[Deoxys WARNING] 2025-09-03 15:50:17,064 - Robot state not received
[Deoxys WARNING] 2025-09-03 15:50:17,565 - Robot state not received
[Deoxys WARNING] 2025-09-03 15:50:17,565 - Robot state not received
[Deoxys WARNING] 2025-09-03 15:50:18,066 - Robot state not received
[Deoxys WARNING] 2025-09-03 15:50:18,066 - Robot state not received
[Deoxys WARNING] 2025-09-03 15:50:18,566 - Robot state not received
[Deoxys WARNING] 2025-09-03 15:50:18,567 - Robot state not received
[Deoxys WARNING] 2025-09-03 15:50:19,067 - Robot state not received
[Deoxys WARNING] 2025-09-03 15:50:19,068 - Robot state not received
[Deoxys WARNING] 2025-09-03 15:50:19,568 - Robot state not received
[Deoxys WARNING] 2025-09-03 15:50:19,569 - Robot state not received
[Deoxys WARNING] 2025-09-03 15:50:20,069 - Robot state not received
[Deoxys WARNING] 2025-09-03 15:50:20,071 - Robot state not received
[Deoxys WARNING] 2025-09-03 15:50:20,570 - Robot state not received
[Deoxys WARNING] 2025-09-03 15:50:20,571 - Robot state not received
[Deoxys WARNING] 2025-09-03 15:50:21,070 - Robot state not received
[Deoxys WARNING] 2025-09-03 15:50:21,071 - Robot state not received
[Deoxys WARNING] 2025-09-03 15:50:21,571 - Robot state not received
[Deoxys WARNING] 2025-09-03 15:50:21,572 - Robot state not received
[Deoxys WARNING] 2025-09-03 15:50:22,072 - Robot state not received
[Deoxys WARNING] 2025-09-03 15:50:22,073 - Robot state not received
[Deoxys WARNING] 2025-09-03 15:50:22,572 - Robot state not received
[Deoxys WARNING] 2025-09-03 15:50:22,573 - Robot state not received
[Deoxys WARNING] 2025-09-03 15:50:23,073 - Robot state not received
[Deoxys WARNING] 2025-09-03 15:50:23,075 - Robot state not received
[Deoxys WARNING] 2025-09-03 15:50:23,574 - Robot state not received
[Deoxys WARNING] 2025-09-03 15:50:23,576 - Robot state not received
[Deoxys WARNING] 2025-09-03 15:50:24,074 - Robot state not received
[Deoxys WARNING] 2025-09-03 15:50:24,079 - Robot state not received
[Deoxys WARNING] 2025-09-03 15:50:24,575 - Robot state not received
[Deoxys WARNING] 2025-09-03 15:50:24,579 - Robot state not received
[Deoxys WARNING] 2025-09-03 15:50:25,075 - Robot state not received
[Deoxys WARNING] 2025-09-03 15:50:25,080 - Robot state not received
[Deoxys WARNING] 2025-09-03 15:50:25,576 - Robot state not received
[Deoxys WARNING] 2025-09-03 15:50:25,580 - Robot state not received
[Deoxys WARNING] 2025-09-03 15:50:26,076 - Robot state not received
[Deoxys WARNING] 2025-09-03 15:50:26,081 - Robot state not received
[Deoxys WARNING] 2025-09-03 15:50:26,577 - Robot state not received
[Deoxys WARNING] 2025-09-03 15:50:26,582 - Robot state not received
[Deoxys WARNING] 2025-09-03 15:50:27,078 - Robot state not received
[Deoxys WARNING] 2025-09-03 15:50:27,085 - Robot state not received
[Deoxys WARNING] 2025-09-03 15:50:27,579 - Robot state not received
[Deoxys WARNING] 2025-09-03 15:50:27,586 - Robot state not received
[Deoxys WARNING] 2025-09-03 15:50:28,080 - Robot state not received
[Deoxys WARNING] 2025-09-03 15:50:28,087 - Robot state not received
[Deoxys WARNING] 2025-09-03 15:50:28,581 - Robot state not received
[Deoxys WARNING] 2025-09-03 15:50:28,588 - Robot state not received
[Deoxys WARNING] 2025-09-03 15:50:29,082 - Robot state not received
[Deoxys WARNING] 2025-09-03 15:50:29,089 - Robot state not received
[Deoxys WARNING] 2025-09-03 15:50:29,583 - Robot state not received
[Deoxys WARNING] 2025-09-03 15:50:29,589 - Robot state not received
[Deoxys WARNING] 2025-09-03 15:50:30,084 - Robot state not received
[Deoxys WARNING] 2025-09-03 15:50:30,094 - Robot state not received
[Deoxys WARNING] 2025-09-03 15:50:30,584 - Robot state not received
[Deoxys WARNING] 2025-09-03 15:50:30,594 - Robot state not received
[Deoxys WARNING] 2025-09-03 15:50:31,085 - Robot state not received
[Deoxys WARNING] 2025-09-03 15:50:31,095 - Robot state not received
[Deoxys WARNING] 2025-09-03 15:50:31,586 - Robot state not received
[Deoxys WARNING] 2025-09-03 15:50:31,595 - Robot state not received
[Deoxys WARNING] 2025-09-03 15:50:32,087 - Robot state not received
[Deoxys WARNING] 2025-09-03 15:50:32,096 - Robot state not received
[Deoxys WARNING] 2025-09-03 15:50:32,590 - Robot state not received
[Deoxys WARNING] 2025-09-03 15:50:32,596 - Robot state not received
[Deoxys WARNING] 2025-09-03 15:50:33,090 - Robot state not received
[Deoxys WARNING] 2025-09-03 15:50:33,097 - Robot state not received
[Deoxys WARNING] 2025-09-03 15:50:33,591 - Robot state not received
[Deoxys WARNING] 2025-09-03 15:50:33,599 - Robot state not received
[Deoxys WARNING] 2025-09-03 15:50:34,093 - Robot state not received
[Deoxys WARNING] 2025-09-03 15:50:34,099 - Robot state not received
[Deoxys WARNING] 2025-09-03 15:50:34,594 - Robot state not received
[Deoxys WARNING] 2025-09-03 15:50:34,600 - Robot state not received
[Deoxys WARNING] 2025-09-03 15:50:35,095 - Robot state not received
[Deoxys WARNING] 2025-09-03 15:50:35,101 - Robot state not received
[Deoxys WARNING] 2025-09-03 15:50:35,596 - Robot state not received
[Deoxys WARNING] 2025-09-03 15:50:35,601 - Robot state not received
[Deoxys WARNING] 2025-09-03 15:50:36,097 - Robot state not received
[Deoxys WARNING] 2025-09-03 15:50:36,102 - Robot state not received
[Deoxys WARNING] 2025-09-03 15:50:36,599 - Robot state not received
[Deoxys WARNING] 2025-09-03 15:50:36,606 - Robot state not received
[Deoxys WARNING] 2025-09-03 15:50:37,099 - Robot state not received
[Deoxys WARNING] 2025-09-03 15:50:37,107 - Robot state not received
[Deoxys WARNING] 2025-09-03 15:50:37,601 - Robot state not received
[Deoxys WARNING] 2025-09-03 15:50:37,608 - Robot state not received
[Deoxys WARNING] 2025-09-03 15:50:38,102 - Robot state not received
[Deoxys WARNING] 2025-09-03 15:50:38,108 - Robot state not received
[Deoxys WARNING] 2025-09-03 15:50:38,602 - Robot state not received
[Deoxys WARNING] 2025-09-03 15:50:38,609 - Robot state not received
[Deoxys WARNING] 2025-09-03 15:50:39,103 - Robot state not received
[Deoxys WARNING] 2025-09-03 15:50:39,110 - Robot state not received
[Deoxys WARNING] 2025-09-03 15:50:39,606 - Robot state not received
[Deoxys WARNING] 2025-09-03 15:50:39,610 - Robot state not received
[Deoxys WARNING] 2025-09-03 15:50:40,107 - Robot state not received
[Deoxys WARNING] 2025-09-03 15:50:40,111 - Robot state not received
[Deoxys WARNING] 2025-09-03 15:50:40,608 - Robot state not received
[Deoxys WARNING] 2025-09-03 15:50:40,612 - Robot state not received
[Deoxys WARNING] 2025-09-03 15:50:41,108 - Robot state not received
[Deoxys WARNING] 2025-09-03 15:50:41,112 - Robot state not received
[Deoxys WARNING] 2025-09-03 15:50:41,609 - Robot state not received
[Deoxys WARNING] 2025-09-03 15:50:41,613 - Robot state not received
[Deoxys WARNING] 2025-09-03 15:50:42,110 - Robot state not received
[Deoxys WARNING] 2025-09-03 15:50:42,113 - Robot state not received
[Deoxys WARNING] 2025-09-03 15:50:42,611 - Robot state not received
[Deoxys WARNING] 2025-09-03 15:50:42,614 - Robot state not received
[Deoxys WARNING] 2025-09-03 15:50:43,112 - Robot state not received
[Deoxys WARNING] 2025-09-03 15:50:43,114 - Robot state not received
[Deoxys WARNING] 2025-09-03 15:50:43,613 - Robot state not received
[Deoxys WARNING] 2025-09-03 15:50:43,615 - Robot state not received
[Deoxys WARNING] 2025-09-03 15:50:44,113 - Robot state not received
[Deoxys WARNING] 2025-09-03 15:50:44,115 - Robot state not received
[Deoxys WARNING] 2025-09-03 15:50:44,614 - Robot state not received
[Deoxys WARNING] 2025-09-03 15:50:44,617 - Robot state not received
[Deoxys WARNING] 2025-09-03 15:50:45,115 - Robot state not received
[Deoxys WARNING] 2025-09-03 15:50:45,117 - Robot state not received
[Deoxys WARNING] 2025-09-03 15:50:45,616 - Robot state not received
[Deoxys WARNING] 2025-09-03 15:50:45,618 - Robot state not received
[Deoxys WARNING] 2025-09-03 15:50:46,116 - Robot state not received
[Deoxys WARNING] 2025-09-03 15:50:46,118 - Robot state not received
[Deoxys WARNING] 2025-09-03 15:50:46,617 - Robot state not received
[Deoxys WARNING] 2025-09-03 15:50:46,619 - Robot state not received
[Deoxys WARNING] 2025-09-03 15:50:47,118 - Robot state not received
[Deoxys WARNING] 2025-09-03 15:50:47,119 - Robot state not received
[Deoxys WARNING] 2025-09-03 15:50:47,618 - Robot state not received
[Deoxys WARNING] 2025-09-03 15:50:47,621 - Robot state not received
[Deoxys WARNING] 2025-09-03 15:50:48,119 - Robot state not received
[Deoxys WARNING] 2025-09-03 15:50:48,121 - Robot state not received
[Deoxys WARNING] 2025-09-03 15:50:48,620 - Robot state not received
[Deoxys WARNING] 2025-09-03 15:50:48,622 - Robot state not received
[Deoxys WARNING] 2025-09-03 15:50:49,120 - Robot state not received
[Deoxys WARNING] 2025-09-03 15:50:49,122 - Robot state not received
[Deoxys WARNING] 2025-09-03 15:50:49,621 - Robot state not received
[Deoxys WARNING] 2025-09-03 15:50:49,623 - Robot state not received
[Deoxys WARNING] 2025-09-03 15:50:50,123 - Robot state not received
[Deoxys WARNING] 2025-09-03 15:50:50,122 - Robot state not received
[Deoxys WARNING] 2025-09-03 15:50:50,626 - Robot state not received
[Deoxys WARNING] 2025-09-03 15:50:50,626 - Robot state not received
[Deoxys WARNING] 2025-09-03 15:50:51,126 - Robot state not received
[Deoxys WARNING] 2025-09-03 15:50:51,126 - Robot state not received
[Deoxys WARNING] 2025-09-03 15:50:51,627 - Robot state not received
[Deoxys WARNING] 2025-09-03 15:50:51,627 - Robot state not received
[Deoxys WARNING] 2025-09-03 15:50:52,128 - Robot state not received
[Deoxys WARNING] 2025-09-03 15:50:52,128 - Robot state not received
[Deoxys WARNING] 2025-09-03 15:50:52,628 - Robot state not received
[Deoxys WARNING] 2025-09-03 15:50:52,628 - Robot state not received
[Deoxys WARNING] 2025-09-03 15:50:53,133 - Robot state not received
[Deoxys WARNING] 2025-09-03 15:50:53,133 - Robot state not received
[Deoxys WARNING] 2025-09-03 15:50:53,634 - Robot state not received
[Deoxys WARNING] 2025-09-03 15:50:53,636 - Robot state not received
[Deoxys WARNING] 2025-09-03 15:50:54,135 - Robot state not received
[Deoxys WARNING] 2025-09-03 15:50:54,137 - Robot state not received
[Deoxys WARNING] 2025-09-03 15:50:54,636 - Robot state not received
[Deoxys WARNING] 2025-09-03 15:50:54,638 - Robot state not received
[Deoxys WARNING] 2025-09-03 15:50:55,136 - Robot state not received
[Deoxys WARNING] 2025-09-03 15:50:55,139 - Robot state not received
[Deoxys WARNING] 2025-09-03 15:50:55,637 - Robot state not received
[Deoxys WARNING] 2025-09-03 15:50:55,641 - Robot state not received
[Deoxys WARNING] 2025-09-03 15:50:56,138 - Robot state not received
[Deoxys WARNING] 2025-09-03 15:50:56,142 - Robot state not received
[Deoxys WARNING] 2025-09-03 15:50:56,639 - Robot state not received
[Deoxys WARNING] 2025-09-03 15:50:56,644 - Robot state not received
[Deoxys WARNING] 2025-09-03 15:50:57,140 - Robot state not received
[Deoxys WARNING] 2025-09-03 15:50:57,145 - Robot state not received
[Deoxys WARNING] 2025-09-03 15:50:57,641 - Robot state not received
[Deoxys WARNING] 2025-09-03 15:50:57,645 - Robot state not received
[Deoxys WARNING] 2025-09-03 15:50:58,141 - Robot state not received
[Deoxys WARNING] 2025-09-03 15:50:58,146 - Robot state not received
[Deoxys WARNING] 2025-09-03 15:50:58,642 - Robot state not received
[Deoxys WARNING] 2025-09-03 15:50:58,646 - Robot state not received
[Deoxys WARNING] 2025-09-03 15:50:59,143 - Robot state not received
[Deoxys WARNING] 2025-09-03 15:50:59,147 - Robot state not received
[Deoxys WARNING] 2025-09-03 15:50:59,644 - Robot state not received
[Deoxys WARNING] 2025-09-03 15:50:59,647 - Robot state not received
[Deoxys WARNING] 2025-09-03 15:51:00,145 - Robot state not received
[Deoxys WARNING] 2025-09-03 15:51:00,148 - Robot state not received
[Deoxys WARNING] 2025-09-03 15:51:00,646 - Robot state not received
[Deoxys WARNING] 2025-09-03 15:51:00,648 - Robot state not received
[Deoxys WARNING] 2025-09-03 15:51:01,147 - Robot state not received
[Deoxys WARNING] 2025-09-03 15:51:01,149 - Robot state not received
[Deoxys WARNING] 2025-09-03 15:51:01,648 - Robot state not received
[Deoxys WARNING] 2025-09-03 15:51:01,649 - Robot state not received
[Deoxys WARNING] 2025-09-03 15:51:02,148 - Robot state not received
[Deoxys WARNING] 2025-09-03 15:51:02,150 - Robot state not received
[Deoxys WARNING] 2025-09-03 15:51:02,649 - Robot state not received
[Deoxys WARNING] 2025-09-03 15:51:02,651 - Robot state not received
[Deoxys WARNING] 2025-09-03 15:51:03,150 - Robot state not received
[Deoxys WARNING] 2025-09-03 15:51:03,152 - Robot state not received
[Deoxys WARNING] 2025-09-03 15:51:03,651 - Robot state not received
[Deoxys WARNING] 2025-09-03 15:51:03,654 - Robot state not received
[Deoxys WARNING] 2025-09-03 15:51:04,152 - Robot state not received
[Deoxys WARNING] 2025-09-03 15:51:04,155 - Robot state not received
[Deoxys WARNING] 2025-09-03 15:51:04,653 - Robot state not received
[Deoxys WARNING] 2025-09-03 15:51:04,656 - Robot state not received
[Deoxys WARNING] 2025-09-03 15:51:05,154 - Robot state not received
[Deoxys WARNING] 2025-09-03 15:51:05,156 - Robot state not received
[Deoxys WARNING] 2025-09-03 15:51:05,655 - Robot state not received
[Deoxys WARNING] 2025-09-03 15:51:05,657 - Robot state not received
[Deoxys WARNING] 2025-09-03 15:51:06,156 - Robot state not received
[Deoxys WARNING] 2025-09-03 15:51:06,157 - Robot state not received
[Deoxys WARNING] 2025-09-03 15:51:06,657 - Robot state not received
[Deoxys WARNING] 2025-09-03 15:51:06,658 - Robot state not received
[Deoxys WARNING] 2025-09-03 15:51:07,157 - Robot state not received
[Deoxys WARNING] 2025-09-03 15:51:07,158 - Robot state not received
[Deoxys WARNING] 2025-09-03 15:51:07,658 - Robot state not received
[Deoxys WARNING] 2025-09-03 15:51:07,659 - Robot state not received
[Deoxys WARNING] 2025-09-03 15:51:08,159 - Robot state not received
[Deoxys WARNING] 2025-09-03 15:51:08,160 - Robot state not received
[Deoxys WARNING] 2025-09-03 15:51:08,660 - Robot state not received
[Deoxys WARNING] 2025-09-03 15:51:08,664 - Robot state not received
[Deoxys WARNING] 2025-09-03 15:51:09,161 - Robot state not received
[Deoxys WARNING] 2025-09-03 15:51:09,165 - Robot state not received
[Deoxys WARNING] 2025-09-03 15:51:38,882 - Robot state not received
[Deoxys WARNING] 2025-09-03 15:51:38,887 - Robot state not received
[Deoxys WARNING] 2025-09-03 15:51:39,383 - Robot state not received
[Deoxys WARNING] 2025-09-03 15:51:39,388 - Robot state not received
[Deoxys WARNING] 2025-09-03 15:51:39,885 - Robot state not received
[Deoxys WARNING] 2025-09-03 15:51:39,888 - Robot state not received
[Deoxys WARNING] 2025-09-03 15:51:40,385 - Robot state not received
[Deoxys WARNING] 2025-09-03 15:51:40,389 - Robot state not received
[Deoxys WARNING] 2025-09-03 15:51:40,886 - Robot state not received
[Deoxys WARNING] 2025-09-03 15:51:40,889 - Robot state not received
[Deoxys WARNING] 2025-09-03 15:51:41,387 - Robot state not received
[Deoxys WARNING] 2025-09-03 15:51:41,390 - Robot state not received
[Deoxys WARNING] 2025-09-03 15:51:41,888 - Robot state not received
[Deoxys WARNING] 2025-09-03 15:51:41,891 - Robot state not received
[Deoxys WARNING] 2025-09-03 15:51:42,389 - Robot state not received
[Deoxys WARNING] 2025-09-03 15:51:42,396 - Robot state not received
[Deoxys WARNING] 2025-09-03 15:51:42,890 - Robot state not received
[Deoxys WARNING] 2025-09-03 15:51:42,896 - Robot state not received
[Deoxys WARNING] 2025-09-03 15:51:43,391 - Robot state not received
[Deoxys WARNING] 2025-09-03 15:51:43,398 - Robot state not received
[Deoxys WARNING] 2025-09-03 15:51:43,892 - Robot state not received
[Deoxys WARNING] 2025-09-03 15:51:43,899 - Robot state not received
[Deoxys WARNING] 2025-09-03 15:51:44,392 - Robot state not received
[Deoxys WARNING] 2025-09-03 15:51:44,399 - Robot state not received
[Deoxys WARNING] 2025-09-03 15:51:44,893 - Robot state not received
[Deoxys WARNING] 2025-09-03 15:51:44,900 - Robot state not received
[Deoxys WARNING] 2025-09-03 15:51:45,394 - Robot state not received
[Deoxys WARNING] 2025-09-03 15:51:45,401 - Robot state not received
[Deoxys WARNING] 2025-09-03 15:51:45,895 - Robot state not received
[Deoxys WARNING] 2025-09-03 15:51:45,902 - Robot state not received
[Deoxys WARNING] 2025-09-03 15:51:46,396 - Robot state not received
[Deoxys WARNING] 2025-09-03 15:51:46,403 - Robot state not received
[Deoxys WARNING] 2025-09-03 15:51:46,896 - Robot state not received
[Deoxys WARNING] 2025-09-03 15:51:46,903 - Robot state not received
[Deoxys WARNING] 2025-09-03 15:51:47,397 - Robot state not received
[Deoxys WARNING] 2025-09-03 15:51:47,404 - Robot state not received
[Deoxys WARNING] 2025-09-03 15:51:47,898 - Robot state not received
[Deoxys WARNING] 2025-09-03 15:51:47,905 - Robot state not received
[Deoxys WARNING] 2025-09-03 15:51:48,398 - Robot state not received
[Deoxys WARNING] 2025-09-03 15:51:48,405 - Robot state not received
[Deoxys WARNING] 2025-09-03 15:51:48,899 - Robot state not received
[Deoxys WARNING] 2025-09-03 15:51:48,906 - Robot state not received
[Deoxys WARNING] 2025-09-03 15:51:49,400 - Robot state not received
[Deoxys WARNING] 2025-09-03 15:51:49,407 - Robot state not received
[Deoxys WARNING] 2025-09-03 15:51:49,901 - Robot state not received
[Deoxys WARNING] 2025-09-03 15:51:49,908 - Robot state not received
[Deoxys WARNING] 2025-09-03 15:51:50,402 - Robot state not received
[Deoxys WARNING] 2025-09-03 15:51:50,409 - Robot state not received
[Deoxys WARNING] 2025-09-03 15:51:50,902 - Robot state not received
[Deoxys WARNING] 2025-09-03 15:51:50,912 - Robot state not received
[Deoxys WARNING] 2025-09-03 15:51:51,403 - Robot state not received
[Deoxys WARNING] 2025-09-03 15:51:51,414 - Robot state not received
[Deoxys WARNING] 2025-09-03 15:51:51,903 - Robot state not received
[Deoxys WARNING] 2025-09-03 15:51:51,915 - Robot state not received
[Deoxys WARNING] 2025-09-03 15:51:52,404 - Robot state not received
[Deoxys WARNING] 2025-09-03 15:51:52,418 - Robot state not received
[Deoxys WARNING] 2025-09-03 15:51:52,904 - Robot state not received
[Deoxys WARNING] 2025-09-03 15:51:52,918 - Robot state not received
[Deoxys WARNING] 2025-09-03 15:51:53,405 - Robot state not received
[Deoxys WARNING] 2025-09-03 15:51:53,419 - Robot state not received
[Deoxys WARNING] 2025-09-03 15:51:53,905 - Robot state not received
[Deoxys WARNING] 2025-09-03 15:51:53,923 - Robot state not received
[Deoxys WARNING] 2025-09-03 15:51:54,408 - Robot state not received
[Deoxys WARNING] 2025-09-03 15:51:54,424 - Robot state not received
[Deoxys WARNING] 2025-09-03 15:51:54,908 - Robot state not received
[Deoxys WARNING] 2025-09-03 15:51:54,924 - Robot state not received
[Deoxys WARNING] 2025-09-03 15:51:55,409 - Robot state not received
[Deoxys WARNING] 2025-09-03 15:51:55,425 - Robot state not received
[Deoxys WARNING] 2025-09-03 15:51:55,910 - Robot state not received
[Deoxys WARNING] 2025-09-03 15:51:55,925 - Robot state not received
[Deoxys WARNING] 2025-09-03 15:51:56,410 - Robot state not received
[Deoxys WARNING] 2025-09-03 15:51:56,426 - Robot state not received
[Deoxys WARNING] 2025-09-03 15:51:56,912 - Robot state not received
[Deoxys WARNING] 2025-09-03 15:51:56,926 - Robot state not received
[Deoxys WARNING] 2025-09-03 15:51:57,413 - Robot state not received
[Deoxys WARNING] 2025-09-03 15:51:57,427 - Robot state not received
[Deoxys WARNING] 2025-09-03 15:51:57,914 - Robot state not received
[Deoxys WARNING] 2025-09-03 15:51:57,927 - Robot state not received
[Deoxys WARNING] 2025-09-03 15:51:58,415 - Robot state not received
[Deoxys WARNING] 2025-09-03 15:51:58,428 - Robot state not received
[Deoxys WARNING] 2025-09-03 15:51:58,916 - Robot state not received
[Deoxys WARNING] 2025-09-03 15:51:58,928 - Robot state not received
[Deoxys WARNING] 2025-09-03 15:51:59,417 - Robot state not received
[Deoxys WARNING] 2025-09-03 15:51:59,429 - Robot state not received
[Deoxys WARNING] 2025-09-03 15:51:59,918 - Robot state not received
[Deoxys WARNING] 2025-09-03 15:51:59,929 - Robot state not received
[Deoxys WARNING] 2025-09-03 15:52:00,419 - Robot state not received
[Deoxys WARNING] 2025-09-03 15:52:00,430 - Robot state not received
[Deoxys WARNING] 2025-09-03 15:52:00,920 - Robot state not received
[Deoxys WARNING] 2025-09-03 15:52:00,930 - Robot state not received
[Deoxys WARNING] 2025-09-03 15:52:01,421 - Robot state not received
[Deoxys WARNING] 2025-09-03 15:52:01,431 - Robot state not received
[Deoxys WARNING] 2025-09-03 15:52:01,922 - Robot state not received
[Deoxys WARNING] 2025-09-03 15:52:01,931 - Robot state not received
[Deoxys WARNING] 2025-09-03 15:52:02,422 - Robot state not received
[Deoxys WARNING] 2025-09-03 15:52:02,432 - Robot state not received
[Deoxys WARNING] 2025-09-03 15:52:02,923 - Robot state not received
[Deoxys WARNING] 2025-09-03 15:52:02,932 - Robot state not received
[Deoxys WARNING] 2025-09-03 15:52:03,424 - Robot state not received
[Deoxys WARNING] 2025-09-03 15:52:03,435 - Robot state not received
[Deoxys WARNING] 2025-09-03 15:52:03,925 - Robot state not received
[Deoxys WARNING] 2025-09-03 15:52:03,935 - Robot state not received
[Deoxys WARNING] 2025-09-03 15:52:04,428 - Robot state not received
[Deoxys WARNING] 2025-09-03 15:52:04,436 - Robot state not received
[Deoxys WARNING] 2025-09-03 15:52:04,929 - Robot state not received
[Deoxys WARNING] 2025-09-03 15:52:04,936 - Robot state not received
[Deoxys WARNING] 2025-09-03 15:52:05,434 - Robot state not received
[Deoxys WARNING] 2025-09-03 15:52:05,437 - Robot state not received
[Deoxys WARNING] 2025-09-03 15:52:05,937 - Robot state not received
[Deoxys WARNING] 2025-09-03 15:52:05,940 - Robot state not received
[Deoxys WARNING] 2025-09-03 15:52:06,438 - Robot state not received
[Deoxys WARNING] 2025-09-03 15:52:06,441 - Robot state not received
[Deoxys WARNING] 2025-09-03 15:52:06,939 - Robot state not received
[Deoxys WARNING] 2025-09-03 15:52:06,942 - Robot state not received
[Deoxys WARNING] 2025-09-03 15:52:07,440 - Robot state not received
[Deoxys WARNING] 2025-09-03 15:52:07,443 - Robot state not received
[Deoxys WARNING] 2025-09-03 15:52:07,940 - Robot state not received
[Deoxys WARNING] 2025-09-03 15:52:07,947 - Robot state not received
[Deoxys WARNING] 2025-09-03 15:52:08,441 - Robot state not received
[Deoxys WARNING] 2025-09-03 15:52:08,447 - Robot state not received
[Deoxys WARNING] 2025-09-03 15:52:08,941 - Robot state not received
[Deoxys WARNING] 2025-09-03 15:52:08,948 - Robot state not received
[Deoxys WARNING] 2025-09-03 15:52:09,442 - Robot state not received
[Deoxys WARNING] 2025-09-03 15:52:09,450 - Robot state not received
[Deoxys WARNING] 2025-09-03 15:52:09,945 - Robot state not received
[Deoxys WARNING] 2025-09-03 15:52:09,950 - Robot state not received
[Deoxys WARNING] 2025-09-03 15:52:10,450 - Robot state not received
[Deoxys WARNING] 2025-09-03 15:52:10,453 - Robot state not received
[Deoxys WARNING] 2025-09-03 15:52:10,953 - Robot state not received
[Deoxys WARNING] 2025-09-03 15:52:10,954 - Robot state not received
[Deoxys WARNING] 2025-09-03 15:52:11,454 - Robot state not received
[Deoxys WARNING] 2025-09-03 15:52:11,454 - Robot state not received
[Deoxys WARNING] 2025-09-03 15:52:11,954 - Robot state not received
[Deoxys WARNING] 2025-09-03 15:52:11,954 - Robot state not received
[Deoxys WARNING] 2025-09-03 15:52:12,455 - Robot state not received
[Deoxys WARNING] 2025-09-03 15:52:12,455 - Robot state not received
[Deoxys WARNING] 2025-09-03 15:52:12,956 - Robot state not received
[Deoxys WARNING] 2025-09-03 15:52:12,956 - Robot state not received
[Deoxys WARNING] 2025-09-03 15:52:13,456 - Robot state not received
[Deoxys WARNING] 2025-09-03 15:52:13,456 - Robot state not received
[Deoxys WARNING] 2025-09-03 15:52:13,958 - Robot state not received
[Deoxys WARNING] 2025-09-03 15:52:13,958 - Robot state not received
[Deoxys WARNING] 2025-09-03 15:52:14,459 - Robot state not received
[Deoxys WARNING] 2025-09-03 15:52:14,459 - Robot state not received
[Deoxys WARNING] 2025-09-03 15:52:14,960 - Robot state not received
[Deoxys WARNING] 2025-09-03 15:52:14,960 - Robot state not received
[Deoxys WARNING] 2025-09-03 15:52:15,461 - Robot state not received
[Deoxys WARNING] 2025-09-03 15:52:15,460 - Robot state not received
[Deoxys WARNING] 2025-09-03 15:52:15,962 - Robot state not received
[Deoxys WARNING] 2025-09-03 15:52:15,962 - Robot state not received
[Deoxys WARNING] 2025-09-03 15:52:16,462 - Robot state not received
[Deoxys WARNING] 2025-09-03 15:52:16,462 - Robot state not received
[Deoxys WARNING] 2025-09-03 15:52:16,963 - Robot state not received
[Deoxys WARNING] 2025-09-03 15:52:16,963 - Robot state not received
[Deoxys WARNING] 2025-09-03 15:52:17,464 - Robot state not received
[Deoxys WARNING] 2025-09-03 15:52:17,464 - Robot state not received
[Deoxys WARNING] 2025-09-03 15:52:17,965 - Robot state not received
[Deoxys WARNING] 2025-09-03 15:52:17,965 - Robot state not received
[Deoxys WARNING] 2025-09-03 15:52:18,466 - Robot state not received
[Deoxys WARNING] 2025-09-03 15:52:18,466 - Robot state not received
[Deoxys WARNING] 2025-09-03 15:52:18,967 - Robot state not received
[Deoxys WARNING] 2025-09-03 15:52:18,967 - Robot state not received
[Deoxys WARNING] 2025-09-03 15:52:19,468 - Robot state not received
[Deoxys WARNING] 2025-09-03 15:52:19,468 - Robot state not received
[Deoxys WARNING] 2025-09-03 15:52:19,969 - Robot state not received
[Deoxys WARNING] 2025-09-03 15:52:19,969 - Robot state not received
[Deoxys WARNING] 2025-09-03 15:52:20,469 - Robot state not received
[Deoxys WARNING] 2025-09-03 15:52:20,469 - Robot state not received
[Deoxys WARNING] 2025-09-03 15:52:20,970 - Robot state not received
[Deoxys WARNING] 2025-09-03 15:52:20,970 - Robot state not received
[Deoxys WARNING] 2025-09-03 15:52:21,471 - Robot state not received
[Deoxys WARNING] 2025-09-03 15:52:21,471 - Robot state not received
[Deoxys WARNING] 2025-09-03 15:52:21,971 - Robot state not received
[Deoxys WARNING] 2025-09-03 15:52:21,971 - Robot state not received
[Deoxys WARNING] 2025-09-03 15:52:22,472 - Robot state not received
[Deoxys WARNING] 2025-09-03 15:52:22,472 - Robot state not received
[Deoxys WARNING] 2025-09-03 15:52:22,972 - Robot state not received
[Deoxys WARNING] 2025-09-03 15:52:22,972 - Robot state not received
[Deoxys WARNING] 2025-09-03 15:52:23,473 - Robot state not received
[Deoxys WARNING] 2025-09-03 15:52:23,473 - Robot state not received
[Deoxys WARNING] 2025-09-03 15:52:23,974 - Robot state not received
[Deoxys WARNING] 2025-09-03 15:52:23,974 - Robot state not received
[Deoxys WARNING] 2025-09-03 15:52:24,474 - Robot state not received
[Deoxys WARNING] 2025-09-03 15:52:24,474 - Robot state not received
[Deoxys WARNING] 2025-09-03 15:52:24,975 - Robot state not received
[Deoxys WARNING] 2025-09-03 15:52:24,975 - Robot state not received
[Deoxys WARNING] 2025-09-03 15:52:25,475 - Robot state not received
[Deoxys WARNING] 2025-09-03 15:52:25,475 - Robot state not received
[Deoxys WARNING] 2025-09-03 15:52:25,976 - Robot state not received
[Deoxys WARNING] 2025-09-03 15:52:25,976 - Robot state not received
[Deoxys WARNING] 2025-09-03 15:52:26,477 - Robot state not received
[Deoxys WARNING] 2025-09-03 15:52:26,477 - Robot state not received
[Deoxys WARNING] 2025-09-03 15:52:26,978 - Robot state not received
[Deoxys WARNING] 2025-09-03 15:52:26,978 - Robot state not received
[Deoxys WARNING] 2025-09-03 15:52:27,478 - Robot state not received
[Deoxys WARNING] 2025-09-03 15:52:27,478 - Robot state not received
[Deoxys WARNING] 2025-09-03 15:52:27,979 - Robot state not received
[Deoxys WARNING] 2025-09-03 15:52:27,979 - Robot state not received
[Deoxys WARNING] 2025-09-03 15:52:28,480 - Robot state not received
[Deoxys WARNING] 2025-09-03 15:52:28,480 - Robot state not received
[Deoxys WARNING] 2025-09-03 15:52:28,980 - Robot state not received
[Deoxys WARNING] 2025-09-03 15:52:28,980 - Robot state not received
[Deoxys WARNING] 2025-09-03 15:52:29,481 - Robot state not received
[Deoxys WARNING] 2025-09-03 15:52:29,481 - Robot state not received
[Deoxys WARNING] 2025-09-03 15:52:29,982 - Robot state not received
[Deoxys WARNING] 2025-09-03 15:52:29,982 - Robot state not received
[Deoxys WARNING] 2025-09-03 15:52:30,482 - Robot state not received
[Deoxys WARNING] 2025-09-03 15:52:30,483 - Robot state not received
[Deoxys WARNING] 2025-09-03 15:52:30,983 - Robot state not received
[Deoxys WARNING] 2025-09-03 15:52:30,983 - Robot state not received
[Deoxys WARNING] 2025-09-03 15:52:31,483 - Robot state not received
[Deoxys WARNING] 2025-09-03 15:52:31,483 - Robot state not received
[Deoxys WARNING] 2025-09-03 15:52:31,984 - Robot state not received
[Deoxys WARNING] 2025-09-03 15:52:31,984 - Robot state not received
[Deoxys WARNING] 2025-09-03 15:52:32,484 - Robot state not received
[Deoxys WARNING] 2025-09-03 15:52:32,485 - Robot state not received
[Deoxys WARNING] 2025-09-03 15:52:32,986 - Robot state not received
[Deoxys WARNING] 2025-09-03 15:52:32,985 - Robot state not received
[Deoxys WARNING] 2025-09-03 15:52:33,486 - Robot state not received
[Deoxys WARNING] 2025-09-03 15:52:33,487 - Robot state not received
[Deoxys WARNING] 2025-09-03 15:52:33,987 - Robot state not received
[Deoxys WARNING] 2025-09-03 15:52:33,987 - Robot state not received
[Deoxys WARNING] 2025-09-03 15:52:34,488 - Robot state not received
[Deoxys WARNING] 2025-09-03 15:52:34,488 - Robot state not received
[Deoxys WARNING] 2025-09-03 15:52:34,988 - Robot state not received
[Deoxys WARNING] 2025-09-03 15:52:34,988 - Robot state not received
[Deoxys WARNING] 2025-09-03 15:52:35,489 - Robot state not received
[Deoxys WARNING] 2025-09-03 15:52:35,489 - Robot state not received
[Deoxys WARNING] 2025-09-03 15:52:35,989 - Robot state not received
[Deoxys WARNING] 2025-09-03 15:52:35,990 - Robot state not received
[Deoxys WARNING] 2025-09-03 15:52:36,490 - Robot state not received
[Deoxys WARNING] 2025-09-03 15:52:36,490 - Robot state not received
[Deoxys WARNING] 2025-09-03 15:52:36,991 - Robot state not received
[Deoxys WARNING] 2025-09-03 15:52:36,991 - Robot state not received
[Deoxys WARNING] 2025-09-03 15:52:37,491 - Robot state not received
[Deoxys WARNING] 2025-09-03 15:52:37,491 - Robot state not received
[Deoxys WARNING] 2025-09-03 15:52:37,992 - Robot state not received
[Deoxys WARNING] 2025-09-03 15:52:37,992 - Robot state not received
[Deoxys WARNING] 2025-09-03 15:52:38,493 - Robot state not received
[Deoxys WARNING] 2025-09-03 15:52:38,493 - Robot state not received
[Deoxys WARNING] 2025-09-03 15:52:38,993 - Robot state not received
[Deoxys WARNING] 2025-09-03 15:52:38,994 - Robot state not received
[Deoxys WARNING] 2025-09-03 15:52:39,494 - Robot state not received
[Deoxys WARNING] 2025-09-03 15:52:39,494 - Robot state not received
[Deoxys WARNING] 2025-09-03 15:52:39,995 - Robot state not received
[Deoxys WARNING] 2025-09-03 15:52:39,995 - Robot state not received
[Deoxys WARNING] 2025-09-03 15:52:40,495 - Robot state not received
[Deoxys WARNING] 2025-09-03 15:52:40,496 - Robot state not received
[Deoxys WARNING] 2025-09-03 15:52:40,996 - Robot state not received
[Deoxys WARNING] 2025-09-03 15:52:40,996 - Robot state not received
[Deoxys WARNING] 2025-09-03 15:52:41,496 - Robot state not received
[Deoxys WARNING] 2025-09-03 15:52:41,496 - Robot state not received
[Deoxys WARNING] 2025-09-03 15:52:41,997 - Robot state not received
[Deoxys WARNING] 2025-09-03 15:52:41,997 - Robot state not received
[Deoxys WARNING] 2025-09-03 15:52:42,497 - Robot state not received
[Deoxys WARNING] 2025-09-03 15:52:42,498 - Robot state not received
[Deoxys WARNING] 2025-09-03 15:52:42,998 - Robot state not received
[Deoxys WARNING] 2025-09-03 15:52:42,998 - Robot state not received
[Deoxys WARNING] 2025-09-03 15:52:43,498 - Robot state not received
[Deoxys WARNING] 2025-09-03 15:52:43,499 - Robot state not received
[Deoxys WARNING] 2025-09-03 15:52:43,999 - Robot state not received
[Deoxys WARNING] 2025-09-03 15:52:43,999 - Robot state not received
[Deoxys WARNING] 2025-09-03 15:52:44,500 - Robot state not received
[Deoxys WARNING] 2025-09-03 15:52:44,500 - Robot state not received
[Deoxys WARNING] 2025-09-03 15:52:45,001 - Robot state not received
[Deoxys WARNING] 2025-09-03 15:52:45,001 - Robot state not received
[Deoxys WARNING] 2025-09-03 15:52:45,501 - Robot state not received
[Deoxys WARNING] 2025-09-03 15:52:45,501 - Robot state not received
[Deoxys WARNING] 2025-09-03 15:52:46,002 - Robot state not received
[Deoxys WARNING] 2025-09-03 15:52:46,002 - Robot state not received
[Deoxys WARNING] 2025-09-03 15:52:46,503 - Robot state not received
[Deoxys WARNING] 2025-09-03 15:52:46,503 - Robot state not received
[Deoxys WARNING] 2025-09-03 15:52:47,003 - Robot state not received
[Deoxys WARNING] 2025-09-03 15:52:47,003 - Robot state not received
[Deoxys WARNING] 2025-09-03 15:52:47,504 - Robot state not received
[Deoxys WARNING] 2025-09-03 15:52:47,504 - Robot state not received
[Deoxys WARNING] 2025-09-03 15:52:48,004 - Robot state not received
[Deoxys WARNING] 2025-09-03 15:52:48,004 - Robot state not received
[Deoxys WARNING] 2025-09-03 15:52:48,505 - Robot state not received
[Deoxys WARNING] 2025-09-03 15:52:48,505 - Robot state not received
[Deoxys WARNING] 2025-09-03 15:52:49,006 - Robot state not received
[Deoxys WARNING] 2025-09-03 15:52:49,006 - Robot state not received
[Deoxys WARNING] 2025-09-03 15:52:49,506 - Robot state not received
[Deoxys WARNING] 2025-09-03 15:52:49,506 - Robot state not received
[Deoxys WARNING] 2025-09-03 15:52:50,007 - Robot state not received
[Deoxys WARNING] 2025-09-03 15:52:50,007 - Robot state not received
[Deoxys WARNING] 2025-09-03 15:52:50,507 - Robot state not received
[Deoxys WARNING] 2025-09-03 15:52:50,507 - Robot state not received
[Deoxys WARNING] 2025-09-03 15:52:51,008 - Robot state not received
[Deoxys WARNING] 2025-09-03 15:52:51,008 - Robot state not received
[Deoxys WARNING] 2025-09-03 15:52:51,509 - Robot state not received
[Deoxys WARNING] 2025-09-03 15:52:51,509 - Robot state not received
[Deoxys WARNING] 2025-09-03 15:52:52,010 - Robot state not received
[Deoxys WARNING] 2025-09-03 15:52:52,009 - Robot state not received
[Deoxys WARNING] 2025-09-03 15:52:52,510 - Robot state not received
[Deoxys WARNING] 2025-09-03 15:52:52,510 - Robot state not received
[Deoxys WARNING] 2025-09-03 15:52:53,013 - Robot state not received
[Deoxys WARNING] 2025-09-03 15:52:53,013 - Robot state not received
[Deoxys WARNING] 2025-09-03 15:52:53,513 - Robot state not received
[Deoxys WARNING] 2025-09-03 15:52:53,513 - Robot state not received
[Deoxys WARNING] 2025-09-03 15:52:54,014 - Robot state not received
[Deoxys WARNING] 2025-09-03 15:52:54,014 - Robot state not received
[Deoxys WARNING] 2025-09-03 15:52:54,515 - Robot state not received
[Deoxys WARNING] 2025-09-03 15:52:54,515 - Robot state not received
[Deoxys WARNING] 2025-09-03 15:52:55,015 - Robot state not received
[Deoxys WARNING] 2025-09-03 15:52:55,015 - Robot state not received
[Deoxys WARNING] 2025-09-03 15:52:55,516 - Robot state not received
[Deoxys WARNING] 2025-09-03 15:52:55,516 - Robot state not received
[Deoxys WARNING] 2025-09-03 15:52:56,016 - Robot state not received
[Deoxys WARNING] 2025-09-03 15:52:56,017 - Robot state not received
[Deoxys WARNING] 2025-09-03 15:52:56,517 - Robot state not received
[Deoxys WARNING] 2025-09-03 15:52:56,517 - Robot state not received
[Deoxys WARNING] 2025-09-03 15:52:57,018 - Robot state not received
[Deoxys WARNING] 2025-09-03 15:52:57,018 - Robot state not received
[Deoxys WARNING] 2025-09-03 15:52:57,519 - Robot state not received
[Deoxys WARNING] 2025-09-03 15:52:57,519 - Robot state not received
[Deoxys WARNING] 2025-09-03 15:52:58,019 - Robot state not received
[Deoxys WARNING] 2025-09-03 15:52:58,020 - Robot state not received
[Deoxys WARNING] 2025-09-03 15:52:58,520 - Robot state not received
[Deoxys WARNING] 2025-09-03 15:52:58,520 - Robot state not received
[Deoxys WARNING] 2025-09-03 15:52:59,021 - Robot state not received
[Deoxys WARNING] 2025-09-03 15:52:59,021 - Robot state not received
[Deoxys WARNING] 2025-09-03 15:52:59,521 - Robot state not received
[Deoxys WARNING] 2025-09-03 15:52:59,521 - Robot state not received
[Deoxys WARNING] 2025-09-03 15:53:00,022 - Robot state not received
[Deoxys WARNING] 2025-09-03 15:53:00,022 - Robot state not received
[Deoxys WARNING] 2025-09-03 15:53:00,522 - Robot state not received
[Deoxys WARNING] 2025-09-03 15:53:00,523 - Robot state not received
[Deoxys WARNING] 2025-09-03 15:53:01,023 - Robot state not received
[Deoxys WARNING] 2025-09-03 15:53:01,024 - Robot state not received
[Deoxys WARNING] 2025-09-03 15:53:01,524 - Robot state not received
[Deoxys WARNING] 2025-09-03 15:53:01,525 - Robot state not received
[Deoxys WARNING] 2025-09-03 15:53:02,025 - Robot state not received
[Deoxys WARNING] 2025-09-03 15:53:02,025 - Robot state not received
[Deoxys WARNING] 2025-09-03 15:53:02,525 - Robot state not received
[Deoxys WARNING] 2025-09-03 15:53:02,526 - Robot state not received
[Deoxys WARNING] 2025-09-03 15:53:03,026 - Robot state not received
[Deoxys WARNING] 2025-09-03 15:53:03,027 - Robot state not received
[Deoxys WARNING] 2025-09-03 15:53:03,526 - Robot state not received
[Deoxys WARNING] 2025-09-03 15:53:03,527 - Robot state not received
[Deoxys WARNING] 2025-09-03 15:53:04,027 - Robot state not received
[Deoxys WARNING] 2025-09-03 15:53:04,028 - Robot state not received
[Deoxys WARNING] 2025-09-03 15:53:04,528 - Robot state not received
[Deoxys WARNING] 2025-09-03 15:53:04,528 - Robot state not received
[Deoxys WARNING] 2025-09-03 15:53:05,029 - Robot state not received
[Deoxys WARNING] 2025-09-03 15:53:05,029 - Robot state not received
[Deoxys WARNING] 2025-09-03 15:53:05,530 - Robot state not received
[Deoxys WARNING] 2025-09-03 15:53:05,530 - Robot state not received
[Deoxys WARNING] 2025-09-03 15:53:06,030 - Robot state not received
[Deoxys WARNING] 2025-09-03 15:53:06,031 - Robot state not received
[Deoxys WARNING] 2025-09-03 15:53:06,531 - Robot state not received
[Deoxys WARNING] 2025-09-03 15:53:06,531 - Robot state not received
[Deoxys WARNING] 2025-09-03 15:53:07,032 - Robot state not received
[Deoxys WARNING] 2025-09-03 15:53:07,032 - Robot state not received
[Deoxys WARNING] 2025-09-03 15:53:07,532 - Robot state not received
[Deoxys WARNING] 2025-09-03 15:53:07,533 - Robot state not received
[Deoxys WARNING] 2025-09-03 15:53:08,033 - Robot state not received
[Deoxys WARNING] 2025-09-03 15:53:08,033 - Robot state not received
[Deoxys WARNING] 2025-09-03 15:53:08,534 - Robot state not received
[Deoxys WARNING] 2025-09-03 15:53:08,534 - Robot state not received
[Deoxys WARNING] 2025-09-03 15:53:09,034 - Robot state not received
[Deoxys WARNING] 2025-09-03 15:53:09,034 - Robot state not received
[Deoxys WARNING] 2025-09-03 15:53:09,535 - Robot state not received
[Deoxys WARNING] 2025-09-03 15:53:09,535 - Robot state not received
[Deoxys WARNING] 2025-09-03 15:53:10,035 - Robot state not received
[Deoxys WARNING] 2025-09-03 15:53:10,036 - Robot state not received
[Deoxys WARNING] 2025-09-03 15:53:10,536 - Robot state not received
[Deoxys WARNING] 2025-09-03 15:53:10,537 - Robot state not received
[Deoxys WARNING] 2025-09-03 15:53:11,037 - Robot state not received
[Deoxys WARNING] 2025-09-03 15:53:11,038 - Robot state not received
[Deoxys WARNING] 2025-09-03 15:53:11,538 - Robot state not received
[Deoxys WARNING] 2025-09-03 15:53:11,538 - Robot state not received
[Deoxys WARNING] 2025-09-03 15:53:12,039 - Robot state not received
[Deoxys WARNING] 2025-09-03 15:53:12,039 - Robot state not received
[Deoxys WARNING] 2025-09-03 15:53:12,540 - Robot state not received
[Deoxys WARNING] 2025-09-03 15:53:12,540 - Robot state not received
[Deoxys WARNING] 2025-09-03 15:53:13,040 - Robot state not received
[Deoxys WARNING] 2025-09-03 15:53:13,040 - Robot state not received
[Deoxys WARNING] 2025-09-03 15:53:13,541 - Robot state not received
[Deoxys WARNING] 2025-09-03 15:53:13,541 - Robot state not received
[Deoxys WARNING] 2025-09-03 15:53:14,041 - Robot state not received
[Deoxys WARNING] 2025-09-03 15:53:14,042 - Robot state not received
[Deoxys WARNING] 2025-09-03 15:53:14,542 - Robot state not received
[Deoxys WARNING] 2025-09-03 15:53:14,542 - Robot state not received
[Deoxys WARNING] 2025-09-03 15:53:15,043 - Robot state not received
[Deoxys WARNING] 2025-09-03 15:53:15,043 - Robot state not received
[Deoxys WARNING] 2025-09-03 15:53:15,545 - Robot state not received
[Deoxys WARNING] 2025-09-03 15:53:15,545 - Robot state not received
[Deoxys WARNING] 2025-09-03 15:53:16,045 - Robot state not received
[Deoxys WARNING] 2025-09-03 15:53:16,047 - Robot state not received
[Deoxys WARNING] 2025-09-03 15:53:16,546 - Robot state not received
[Deoxys WARNING] 2025-09-03 15:53:16,548 - Robot state not received
[Deoxys WARNING] 2025-09-03 15:53:17,047 - Robot state not received
[Deoxys WARNING] 2025-09-03 15:53:17,048 - Robot state not received
[Deoxys WARNING] 2025-09-03 15:53:17,548 - Robot state not received
[Deoxys WARNING] 2025-09-03 15:53:17,549 - Robot state not received
[Deoxys WARNING] 2025-09-03 15:53:18,048 - Robot state not received
[Deoxys WARNING] 2025-09-03 15:53:18,049 - Robot state not received
[Deoxys WARNING] 2025-09-03 15:53:18,549 - Robot state not received
[Deoxys WARNING] 2025-09-03 15:53:18,550 - Robot state not received
[Deoxys WARNING] 2025-09-03 15:53:19,050 - Robot state not received
[Deoxys WARNING] 2025-09-03 15:53:19,051 - Robot state not received
[Deoxys WARNING] 2025-09-03 15:53:19,551 - Robot state not received
[Deoxys WARNING] 2025-09-03 15:53:19,551 - Robot state not received
[Deoxys WARNING] 2025-09-03 15:53:20,052 - Robot state not received
[Deoxys WARNING] 2025-09-03 15:53:20,052 - Robot state not received
[Deoxys WARNING] 2025-09-03 15:53:20,552 - Robot state not received
[Deoxys WARNING] 2025-09-03 15:53:20,553 - Robot state not received
[Deoxys WARNING] 2025-09-03 15:53:21,053 - Robot state not received
[Deoxys WARNING] 2025-09-03 15:53:21,053 - Robot state not received
[Deoxys WARNING] 2025-09-03 15:53:21,553 - Robot state not received
[Deoxys WARNING] 2025-09-03 15:53:21,554 - Robot state not received
[Deoxys WARNING] 2025-09-03 15:53:22,054 - Robot state not received
[Deoxys WARNING] 2025-09-03 15:53:22,055 - Robot state not received
[Deoxys WARNING] 2025-09-03 15:53:22,555 - Robot state not received
[Deoxys WARNING] 2025-09-03 15:53:22,555 - Robot state not received
[Deoxys WARNING] 2025-09-03 15:53:23,056 - Robot state not received
[Deoxys WARNING] 2025-09-03 15:53:23,056 - Robot state not received
[Deoxys WARNING] 2025-09-03 15:53:23,556 - Robot state not received
[Deoxys WARNING] 2025-09-03 15:53:23,557 - Robot state not received
[Deoxys WARNING] 2025-09-03 15:53:24,057 - Robot state not received
[Deoxys WARNING] 2025-09-03 15:53:24,057 - Robot state not received
[Deoxys WARNING] 2025-09-03 15:53:24,557 - Robot state not received
[Deoxys WARNING] 2025-09-03 15:53:24,558 - Robot state not received
[Deoxys WARNING] 2025-09-03 15:53:25,058 - Robot state not received
[Deoxys WARNING] 2025-09-03 15:53:25,058 - Robot state not received
[Deoxys WARNING] 2025-09-03 15:53:25,559 - Robot state not received
[Deoxys WARNING] 2025-09-03 15:53:25,559 - Robot state not received
[Deoxys WARNING] 2025-09-03 15:53:26,059 - Robot state not received
[Deoxys WARNING] 2025-09-03 15:53:26,061 - Robot state not received
[Deoxys WARNING] 2025-09-03 15:53:26,560 - Robot state not received
[Deoxys WARNING] 2025-09-03 15:53:26,562 - Robot state not received
[Deoxys WARNING] 2025-09-03 15:53:27,061 - Robot state not received
[Deoxys WARNING] 2025-09-03 15:53:27,062 - Robot state not received
[Deoxys WARNING] 2025-09-03 15:53:27,561 - Robot state not received
[Deoxys WARNING] 2025-09-03 15:53:27,563 - Robot state not received
[Deoxys WARNING] 2025-09-03 15:53:28,062 - Robot state not received
[Deoxys WARNING] 2025-09-03 15:53:28,063 - Robot state not received
[Deoxys WARNING] 2025-09-03 15:53:28,562 - Robot state not received
[Deoxys WARNING] 2025-09-03 15:53:28,564 - Robot state not received
[Deoxys WARNING] 2025-09-03 15:53:29,063 - Robot state not received
[Deoxys WARNING] 2025-09-03 15:53:29,064 - Robot state not received
[Deoxys WARNING] 2025-09-03 15:53:29,564 - Robot state not received
[Deoxys WARNING] 2025-09-03 15:53:29,565 - Robot state not received
[Deoxys WARNING] 2025-09-03 15:53:30,064 - Robot state not received
[Deoxys WARNING] 2025-09-03 15:53:30,066 - Robot state not received
[Deoxys WARNING] 2025-09-03 15:53:30,565 - Robot state not received
[Deoxys WARNING] 2025-09-03 15:53:30,566 - Robot state not received
[Deoxys WARNING] 2025-09-03 15:53:31,067 - Robot state not received
[Deoxys WARNING] 2025-09-03 15:53:31,067 - Robot state not received
[Deoxys WARNING] 2025-09-03 15:53:31,567 - Robot state not received
[Deoxys WARNING] 2025-09-03 15:53:31,568 - Robot state not received
[Deoxys WARNING] 2025-09-03 15:53:32,068 - Robot state not received
[Deoxys WARNING] 2025-09-03 15:53:32,069 - Robot state not received
[Deoxys WARNING] 2025-09-03 15:53:32,569 - Robot state not received
[Deoxys WARNING] 2025-09-03 15:53:32,569 - Robot state not received
[Deoxys WARNING] 2025-09-03 15:53:33,070 - Robot state not received
[Deoxys WARNING] 2025-09-03 15:53:33,070 - Robot state not received
[Deoxys WARNING] 2025-09-03 15:53:33,570 - Robot state not received
[Deoxys WARNING] 2025-09-03 15:53:33,570 - Robot state not received
[Deoxys WARNING] 2025-09-03 15:53:34,072 - Robot state not received
[Deoxys WARNING] 2025-09-03 15:53:34,072 - Robot state not received
[Deoxys WARNING] 2025-09-03 15:53:34,572 - Robot state not received
[Deoxys WARNING] 2025-09-03 15:53:34,573 - Robot state not received
[Deoxys WARNING] 2025-09-03 15:53:35,073 - Robot state not received
[Deoxys WARNING] 2025-09-03 15:53:35,073 - Robot state not received
[Deoxys WARNING] 2025-09-03 15:53:35,576 - Robot state not received
[Deoxys WARNING] 2025-09-03 15:53:35,576 - Robot state not received
[Deoxys WARNING] 2025-09-03 15:53:36,076 - Robot state not received
[Deoxys WARNING] 2025-09-03 15:53:36,077 - Robot state not received
[Deoxys WARNING] 2025-09-03 15:53:36,577 - Robot state not received
[Deoxys WARNING] 2025-09-03 15:53:36,578 - Robot state not received
[Deoxys WARNING] 2025-09-03 15:53:37,078 - Robot state not received
[Deoxys WARNING] 2025-09-03 15:53:37,079 - Robot state not received
[Deoxys WARNING] 2025-09-03 15:53:37,579 - Robot state not received
[Deoxys WARNING] 2025-09-03 15:53:37,579 - Robot state not received
[Deoxys WARNING] 2025-09-03 15:53:38,080 - Robot state not received
[Deoxys WARNING] 2025-09-03 15:53:38,081 - Robot state not received
[Deoxys WARNING] 2025-09-03 15:53:38,580 - Robot state not received
[Deoxys WARNING] 2025-09-03 15:53:38,581 - Robot state not received
[Deoxys WARNING] 2025-09-03 15:53:39,081 - Robot state not received
[Deoxys WARNING] 2025-09-03 15:53:39,081 - Robot state not received
[Deoxys WARNING] 2025-09-03 15:53:39,582 - Robot state not received
[Deoxys WARNING] 2025-09-03 15:53:39,582 - Robot state not received
[Deoxys WARNING] 2025-09-03 15:53:40,082 - Robot state not received
[Deoxys WARNING] 2025-09-03 15:53:40,083 - Robot state not received
[Deoxys WARNING] 2025-09-03 15:53:40,583 - Robot state not received
[Deoxys WARNING] 2025-09-03 15:53:40,583 - Robot state not received
[Deoxys WARNING] 2025-09-03 15:53:41,085 - Robot state not received
[Deoxys WARNING] 2025-09-03 15:53:41,084 - Robot state not received
[Deoxys WARNING] 2025-09-03 15:53:41,586 - Robot state not received
[Deoxys WARNING] 2025-09-03 15:53:41,586 - Robot state not received
[Deoxys WARNING] 2025-09-03 15:53:42,086 - Robot state not received
[Deoxys WARNING] 2025-09-03 15:53:42,087 - Robot state not received
[Deoxys WARNING] 2025-09-03 15:53:42,587 - Robot state not received
[Deoxys WARNING] 2025-09-03 15:53:42,587 - Robot state not received
[Deoxys WARNING] 2025-09-03 15:53:43,088 - Robot state not received
[Deoxys WARNING] 2025-09-03 15:53:43,088 - Robot state not received
[Deoxys WARNING] 2025-09-03 15:53:43,588 - Robot state not received
[Deoxys WARNING] 2025-09-03 15:53:43,589 - Robot state not received
[Deoxys WARNING] 2025-09-03 15:53:44,090 - Robot state not received
[Deoxys WARNING] 2025-09-03 15:53:44,090 - Robot state not received
[Deoxys WARNING] 2025-09-03 15:53:44,591 - Robot state not received
[Deoxys WARNING] 2025-09-03 15:53:44,591 - Robot state not received
[Deoxys WARNING] 2025-09-03 15:53:45,092 - Robot state not received
[Deoxys WARNING] 2025-09-03 15:53:45,092 - Robot state not received
[Deoxys WARNING] 2025-09-03 15:53:45,592 - Robot state not received
[Deoxys WARNING] 2025-09-03 15:53:45,592 - Robot state not received
[Deoxys WARNING] 2025-09-03 15:53:46,094 - Robot state not received
[Deoxys WARNING] 2025-09-03 15:53:46,094 - Robot state not received
[Deoxys WARNING] 2025-09-03 15:53:46,594 - Robot state not received
[Deoxys WARNING] 2025-09-03 15:53:46,594 - Robot state not received
[Deoxys WARNING] 2025-09-03 15:53:47,095 - Robot state not received
[Deoxys WARNING] 2025-09-03 15:53:47,095 - Robot state not received
[Deoxys WARNING] 2025-09-03 15:53:47,596 - Robot state not received
[Deoxys WARNING] 2025-09-03 15:53:47,596 - Robot state not received
[Deoxys WARNING] 2025-09-03 15:53:48,097 - Robot state not received
[Deoxys WARNING] 2025-09-03 15:53:48,097 - Robot state not received
[Deoxys WARNING] 2025-09-03 15:53:48,598 - Robot state not received
[Deoxys WARNING] 2025-09-03 15:53:48,598 - Robot state not received
[Deoxys WARNING] 2025-09-03 15:53:49,098 - Robot state not received
[Deoxys WARNING] 2025-09-03 15:53:49,098 - Robot state not received
[Deoxys WARNING] 2025-09-03 15:53:49,599 - Robot state not received
[Deoxys WARNING] 2025-09-03 15:53:49,599 - Robot state not received
[Deoxys WARNING] 2025-09-03 15:53:50,099 - Robot state not received
[Deoxys WARNING] 2025-09-03 15:53:50,099 - Robot state not received
[Deoxys WARNING] 2025-09-03 15:53:50,600 - Robot state not received
[Deoxys WARNING] 2025-09-03 15:53:50,600 - Robot state not received
[Deoxys WARNING] 2025-09-03 15:53:51,101 - Robot state not received
[Deoxys WARNING] 2025-09-03 15:53:51,101 - Robot state not received
[Deoxys WARNING] 2025-09-03 15:53:51,602 - Robot state not received
[Deoxys WARNING] 2025-09-03 15:53:51,602 - Robot state not received
[Deoxys WARNING] 2025-09-03 15:53:52,102 - Robot state not received
[Deoxys WARNING] 2025-09-03 15:53:52,102 - Robot state not received
[Deoxys WARNING] 2025-09-03 15:53:52,603 - Robot state not received
[Deoxys WARNING] 2025-09-03 15:53:52,603 - Robot state not received
[Deoxys WARNING] 2025-09-03 15:53:53,103 - Robot state not received
[Deoxys WARNING] 2025-09-03 15:53:53,104 - Robot state not received
[Deoxys WARNING] 2025-09-03 15:53:53,605 - Robot state not received
[Deoxys WARNING] 2025-09-03 15:53:53,605 - Robot state not received
[Deoxys WARNING] 2025-09-03 15:53:54,105 - Robot state not received
[Deoxys WARNING] 2025-09-03 15:53:54,106 - Robot state not received
[Deoxys WARNING] 2025-09-03 15:53:54,606 - Robot state not received
[Deoxys WARNING] 2025-09-03 15:53:54,606 - Robot state not received
[Deoxys WARNING] 2025-09-03 15:53:55,107 - Robot state not received
[Deoxys WARNING] 2025-09-03 15:53:55,107 - Robot state not received
[Deoxys WARNING] 2025-09-03 15:53:55,607 - Robot state not received
[Deoxys WARNING] 2025-09-03 15:53:55,608 - Robot state not received
[Deoxys WARNING] 2025-09-03 15:53:56,108 - Robot state not received
[Deoxys WARNING] 2025-09-03 15:53:56,108 - Robot state not received
[Deoxys WARNING] 2025-09-03 15:53:56,609 - Robot state not received
[Deoxys WARNING] 2025-09-03 15:53:56,609 - Robot state not received
[Deoxys WARNING] 2025-09-03 15:53:57,109 - Robot state not received
[Deoxys WARNING] 2025-09-03 15:53:57,110 - Robot state not received
[Deoxys WARNING] 2025-09-03 15:53:57,610 - Robot state not received
[Deoxys WARNING] 2025-09-03 15:53:57,610 - Robot state not received
[Deoxys WARNING] 2025-09-03 15:53:58,111 - Robot state not received
[Deoxys WARNING] 2025-09-03 15:53:58,111 - Robot state not received
[Deoxys WARNING] 2025-09-03 15:53:58,614 - Robot state not received
[Deoxys WARNING] 2025-09-03 15:53:58,614 - Robot state not received
[Deoxys WARNING] 2025-09-03 15:53:59,114 - Robot state not received
[Deoxys WARNING] 2025-09-03 15:53:59,114 - Robot state not received
[Deoxys WARNING] 2025-09-03 15:53:59,614 - Robot state not received
[Deoxys WARNING] 2025-09-03 15:53:59,615 - Robot state not received
[Deoxys WARNING] 2025-09-03 15:54:00,115 - Robot state not received
[Deoxys WARNING] 2025-09-03 15:54:00,115 - Robot state not received
[Deoxys WARNING] 2025-09-03 15:54:00,616 - Robot state not received
[Deoxys WARNING] 2025-09-03 15:54:00,616 - Robot state not received
[Deoxys WARNING] 2025-09-03 15:54:01,117 - Robot state not received
[Deoxys WARNING] 2025-09-03 15:54:01,117 - Robot state not received
[Deoxys WARNING] 2025-09-03 15:54:01,618 - Robot state not received
[Deoxys WARNING] 2025-09-03 15:54:01,618 - Robot state not received
[Deoxys WARNING] 2025-09-03 15:54:02,119 - Robot state not received
[Deoxys WARNING] 2025-09-03 15:54:02,118 - Robot state not received
[Deoxys WARNING] 2025-09-03 15:54:02,619 - Robot state not received
[Deoxys WARNING] 2025-09-03 15:54:02,619 - Robot state not received
[Deoxys WARNING] 2025-09-03 15:54:03,120 - Robot state not received
[Deoxys WARNING] 2025-09-03 15:54:03,120 - Robot state not received
[Deoxys WARNING] 2025-09-03 15:54:03,621 - Robot state not received
[Deoxys WARNING] 2025-09-03 15:54:03,621 - Robot state not received
[Deoxys WARNING] 2025-09-03 15:54:04,121 - Robot state not received
[Deoxys WARNING] 2025-09-03 15:54:04,121 - Robot state not received
[Deoxys WARNING] 2025-09-03 15:54:04,622 - Robot state not received
[Deoxys WARNING] 2025-09-03 15:54:04,623 - Robot state not received
[Deoxys WARNING] 2025-09-03 15:54:05,123 - Robot state not received
[Deoxys WARNING] 2025-09-03 15:54:05,123 - Robot state not received
[Deoxys WARNING] 2025-09-03 15:54:05,623 - Robot state not received
[Deoxys WARNING] 2025-09-03 15:54:05,624 - Robot state not received
[Deoxys WARNING] 2025-09-03 15:54:06,125 - Robot state not received
[Deoxys WARNING] 2025-09-03 15:54:06,125 - Robot state not received
[Deoxys WARNING] 2025-09-03 15:54:06,625 - Robot state not received
[Deoxys WARNING] 2025-09-03 15:54:06,625 - Robot state not received
[Deoxys WARNING] 2025-09-03 15:54:07,126 - Robot state not received
[Deoxys WARNING] 2025-09-03 15:54:07,126 - Robot state not received
[Deoxys WARNING] 2025-09-03 15:54:07,627 - Robot state not received
[Deoxys WARNING] 2025-09-03 15:54:07,627 - Robot state not received
[Deoxys WARNING] 2025-09-03 15:54:08,127 - Robot state not received
[Deoxys WARNING] 2025-09-03 15:54:08,128 - Robot state not received
[Deoxys WARNING] 2025-09-03 15:54:08,629 - Robot state not received
[Deoxys WARNING] 2025-09-03 15:54:08,629 - Robot state not received
[Deoxys WARNING] 2025-09-03 15:54:09,129 - Robot state not received
[Deoxys WARNING] 2025-09-03 15:54:09,129 - Robot state not received
[Deoxys WARNING] 2025-09-03 15:54:09,630 - Robot state not received
[Deoxys WARNING] 2025-09-03 15:54:09,630 - Robot state not received
[Deoxys WARNING] 2025-09-03 15:54:10,131 - Robot state not received
[Deoxys WARNING] 2025-09-03 15:54:10,131 - Robot state not received
[Deoxys WARNING] 2025-09-03 15:54:10,632 - Robot state not received
[Deoxys WARNING] 2025-09-03 15:54:10,638 - Robot state not received
[Deoxys WARNING] 2025-09-03 15:54:11,133 - Robot state not received
[Deoxys WARNING] 2025-09-03 15:54:11,139 - Robot state not received
[Deoxys WARNING] 2025-09-03 15:54:11,634 - Robot state not received
[Deoxys WARNING] 2025-09-03 15:54:11,640 - Robot state not received
[Deoxys WARNING] 2025-09-03 15:54:12,135 - Robot state not received
[Deoxys WARNING] 2025-09-03 15:54:12,141 - Robot state not received
[Deoxys WARNING] 2025-09-03 15:54:12,636 - Robot state not received
[Deoxys WARNING] 2025-09-03 15:54:12,642 - Robot state not received
[Deoxys WARNING] 2025-09-03 15:54:13,136 - Robot state not received
[Deoxys WARNING] 2025-09-03 15:54:13,142 - Robot state not received
[Deoxys WARNING] 2025-09-03 15:54:13,637 - Robot state not received
[Deoxys WARNING] 2025-09-03 15:54:13,643 - Robot state not received
[Deoxys WARNING] 2025-09-03 15:54:14,138 - Robot state not received
[Deoxys WARNING] 2025-09-03 15:54:14,144 - Robot state not received
[Deoxys WARNING] 2025-09-03 15:54:14,638 - Robot state not received
[Deoxys WARNING] 2025-09-03 15:54:14,645 - Robot state not received
[Deoxys WARNING] 2025-09-03 15:54:15,138 - Robot state not received
[Deoxys WARNING] 2025-09-03 15:54:15,145 - Robot state not received
[Deoxys WARNING] 2025-09-03 15:54:15,639 - Robot state not received
[Deoxys WARNING] 2025-09-03 15:54:15,646 - Robot state not received
[Deoxys WARNING] 2025-09-03 15:54:16,139 - Robot state not received
[Deoxys WARNING] 2025-09-03 15:54:16,147 - Robot state not received
[Deoxys WARNING] 2025-09-03 15:54:16,640 - Robot state not received
[Deoxys WARNING] 2025-09-03 15:54:16,648 - Robot state not received
[Deoxys WARNING] 2025-09-03 15:54:17,141 - Robot state not received
[Deoxys WARNING] 2025-09-03 15:54:17,148 - Robot state not received
[Deoxys WARNING] 2025-09-03 15:54:17,641 - Robot state not received
[Deoxys WARNING] 2025-09-03 15:54:17,648 - Robot state not received
[Deoxys WARNING] 2025-09-03 15:54:18,142 - Robot state not received
[Deoxys WARNING] 2025-09-03 15:54:18,149 - Robot state not received
[Deoxys WARNING] 2025-09-03 15:54:18,642 - Robot state not received
[Deoxys WARNING] 2025-09-03 15:54:18,649 - Robot state not received
[Deoxys WARNING] 2025-09-03 15:54:19,143 - Robot state not received
[Deoxys WARNING] 2025-09-03 15:54:19,150 - Robot state not received
[Deoxys WARNING] 2025-09-03 15:54:19,644 - Robot state not received
[Deoxys WARNING] 2025-09-03 15:54:19,651 - Robot state not received
[Deoxys WARNING] 2025-09-03 15:54:20,144 - Robot state not received
[Deoxys WARNING] 2025-09-03 15:54:20,151 - Robot state not received
[Deoxys WARNING] 2025-09-03 15:54:20,644 - Robot state not received
[Deoxys WARNING] 2025-09-03 15:54:20,652 - Robot state not received
[Deoxys WARNING] 2025-09-03 15:54:21,146 - Robot state not received
[Deoxys WARNING] 2025-09-03 15:54:21,153 - Robot state not received
[Deoxys WARNING] 2025-09-03 15:54:21,647 - Robot state not received
[Deoxys WARNING] 2025-09-03 15:54:21,654 - Robot state not received
[Deoxys WARNING] 2025-09-03 15:54:22,147 - Robot state not received
[Deoxys WARNING] 2025-09-03 15:54:22,154 - Robot state not received
[Deoxys WARNING] 2025-09-03 15:54:22,648 - Robot state not received
[Deoxys WARNING] 2025-09-03 15:54:22,655 - Robot state not received
[Deoxys WARNING] 2025-09-03 15:54:23,148 - Robot state not received
[Deoxys WARNING] 2025-09-03 15:54:23,155 - Robot state not received
[Deoxys WARNING] 2025-09-03 15:54:23,649 - Robot state not received
[Deoxys WARNING] 2025-09-03 15:54:23,656 - Robot state not received
[Deoxys WARNING] 2025-09-03 15:54:24,150 - Robot state not received
[Deoxys WARNING] 2025-09-03 15:54:24,156 - Robot state not received
[Deoxys WARNING] 2025-09-03 15:54:24,651 - Robot state not received
[Deoxys WARNING] 2025-09-03 15:54:24,657 - Robot state not received
[Deoxys WARNING] 2025-09-03 15:54:25,151 - Robot state not received
[Deoxys WARNING] 2025-09-03 15:54:25,158 - Robot state not received
[Deoxys WARNING] 2025-09-03 15:54:25,652 - Robot state not received
[Deoxys WARNING] 2025-09-03 15:54:25,658 - Robot state not received
[Deoxys WARNING] 2025-09-03 15:54:26,153 - Robot state not received
[Deoxys WARNING] 2025-09-03 15:54:26,159 - Robot state not received
[Deoxys WARNING] 2025-09-03 15:54:26,653 - Robot state not received
[Deoxys WARNING] 2025-09-03 15:54:26,660 - Robot state not received
[Deoxys WARNING] 2025-09-03 15:54:27,154 - Robot state not received
[Deoxys WARNING] 2025-09-03 15:54:27,161 - Robot state not received
[Deoxys WARNING] 2025-09-03 15:54:27,655 - Robot state not received
[Deoxys WARNING] 2025-09-03 15:54:27,662 - Robot state not received
[Deoxys WARNING] 2025-09-03 15:54:28,156 - Robot state not received
[Deoxys WARNING] 2025-09-03 15:54:28,162 - Robot state not received
[Deoxys WARNING] 2025-09-03 15:54:28,657 - Robot state not received
[Deoxys WARNING] 2025-09-03 15:54:28,663 - Robot state not received
[Deoxys WARNING] 2025-09-03 15:54:29,157 - Robot state not received
[Deoxys WARNING] 2025-09-03 15:54:29,163 - Robot state not received
[Deoxys WARNING] 2025-09-03 15:54:29,658 - Robot state not received
[Deoxys WARNING] 2025-09-03 15:54:29,664 - Robot state not received
[Deoxys WARNING] 2025-09-03 15:54:30,159 - Robot state not received
[Deoxys WARNING] 2025-09-03 15:54:30,165 - Robot state not received
[Deoxys WARNING] 2025-09-03 15:54:30,659 - Robot state not received
[Deoxys WARNING] 2025-09-03 15:54:30,666 - Robot state not received
[Deoxys WARNING] 2025-09-03 15:54:31,160 - Robot state not received
[Deoxys WARNING] 2025-09-03 15:54:31,166 - Robot state not received
[Deoxys WARNING] 2025-09-03 15:54:31,661 - Robot state not received
[Deoxys WARNING] 2025-09-03 15:54:31,667 - Robot state not received
[Deoxys WARNING] 2025-09-03 15:54:32,162 - Robot state not received
[Deoxys WARNING] 2025-09-03 15:54:32,168 - Robot state not received
[Deoxys WARNING] 2025-09-03 15:54:32,663 - Robot state not received
[Deoxys WARNING] 2025-09-03 15:54:32,668 - Robot state not received
[Deoxys WARNING] 2025-09-03 15:54:33,163 - Robot state not received
[Deoxys WARNING] 2025-09-03 15:54:33,169 - Robot state not received
[Deoxys WARNING] 2025-09-03 15:54:33,664 - Robot state not received
[Deoxys WARNING] 2025-09-03 15:54:33,670 - Robot state not received
[Deoxys WARNING] 2025-09-03 15:54:34,165 - Robot state not received
[Deoxys WARNING] 2025-09-03 15:54:34,170 - Robot state not received
[Deoxys WARNING] 2025-09-03 15:54:34,666 - Robot state not received
[Deoxys WARNING] 2025-09-03 15:54:34,671 - Robot state not received
[Deoxys WARNING] 2025-09-03 15:54:35,167 - Robot state not received
[Deoxys WARNING] 2025-09-03 15:54:35,172 - Robot state not received
[Deoxys WARNING] 2025-09-03 15:54:35,668 - Robot state not received
[Deoxys WARNING] 2025-09-03 15:54:35,672 - Robot state not received
[Deoxys WARNING] 2025-09-03 15:54:36,168 - Robot state not received
[Deoxys WARNING] 2025-09-03 15:54:36,173 - Robot state not received
[Deoxys WARNING] 2025-09-03 15:54:36,669 - Robot state not received
[Deoxys WARNING] 2025-09-03 15:54:36,674 - Robot state not received
[Deoxys WARNING] 2025-09-03 15:54:37,170 - Robot state not received
[Deoxys WARNING] 2025-09-03 15:54:37,174 - Robot state not received
[Deoxys WARNING] 2025-09-03 15:54:37,671 - Robot state not received
[Deoxys WARNING] 2025-09-03 15:54:37,675 - Robot state not received
[Deoxys WARNING] 2025-09-03 15:54:38,172 - Robot state not received
[Deoxys WARNING] 2025-09-03 15:54:38,176 - Robot state not received
[Deoxys WARNING] 2025-09-03 15:54:38,673 - Robot state not received
[Deoxys WARNING] 2025-09-03 15:54:38,677 - Robot state not received
[Deoxys WARNING] 2025-09-03 15:54:39,174 - Robot state not received
[Deoxys WARNING] 2025-09-03 15:54:39,178 - Robot state not received
[Deoxys WARNING] 2025-09-03 15:54:39,675 - Robot state not received
[Deoxys WARNING] 2025-09-03 15:54:39,679 - Robot state not received
[Deoxys WARNING] 2025-09-03 15:54:40,176 - Robot state not received
[Deoxys WARNING] 2025-09-03 15:54:40,179 - Robot state not received
[Deoxys WARNING] 2025-09-03 15:54:40,677 - Robot state not received
[Deoxys WARNING] 2025-09-03 15:54:40,679 - Robot state not received
[Deoxys WARNING] 2025-09-03 15:54:41,177 - Robot state not received
[Deoxys WARNING] 2025-09-03 15:54:41,180 - Robot state not received
[Deoxys WARNING] 2025-09-03 15:54:41,678 - Robot state not received
[Deoxys WARNING] 2025-09-03 15:54:41,681 - Robot state not received
[Deoxys WARNING] 2025-09-03 15:54:42,179 - Robot state not received
[Deoxys WARNING] 2025-09-03 15:54:42,182 - Robot state not received
[Deoxys WARNING] 2025-09-03 15:54:42,680 - Robot state not received
[Deoxys WARNING] 2025-09-03 15:54:42,682 - Robot state not received
[Deoxys WARNING] 2025-09-03 15:54:43,181 - Robot state not received
[Deoxys WARNING] 2025-09-03 15:54:43,183 - Robot state not received
[Deoxys WARNING] 2025-09-03 15:54:43,682 - Robot state not received
[Deoxys WARNING] 2025-09-03 15:54:43,685 - Robot state not received
[Deoxys WARNING] 2025-09-03 15:54:44,183 - Robot state not received
[Deoxys WARNING] 2025-09-03 15:54:44,186 - Robot state not received
[Deoxys WARNING] 2025-09-03 15:54:44,683 - Robot state not received
[Deoxys WARNING] 2025-09-03 15:54:44,686 - Robot state not received
[Deoxys WARNING] 2025-09-03 15:54:45,184 - Robot state not received
[Deoxys WARNING] 2025-09-03 15:54:45,187 - Robot state not received
[Deoxys WARNING] 2025-09-03 15:54:45,685 - Robot state not received
[Deoxys WARNING] 2025-09-03 15:54:45,688 - Robot state not received
[Deoxys WARNING] 2025-09-03 15:54:46,186 - Robot state not received
[Deoxys WARNING] 2025-09-03 15:54:46,189 - Robot state not received
[Deoxys WARNING] 2025-09-03 15:54:46,686 - Robot state not received
[Deoxys WARNING] 2025-09-03 15:54:46,690 - Robot state not received
[Deoxys WARNING] 2025-09-03 15:54:47,187 - Robot state not received
[Deoxys WARNING] 2025-09-03 15:54:47,191 - Robot state not received
[Deoxys WARNING] 2025-09-03 15:54:47,687 - Robot state not received
[Deoxys WARNING] 2025-09-03 15:54:47,691 - Robot state not received
[Deoxys WARNING] 2025-09-03 15:54:48,188 - Robot state not received
[Deoxys WARNING] 2025-09-03 15:54:48,192 - Robot state not received
[Deoxys WARNING] 2025-09-03 15:54:48,688 - Robot state not received
[Deoxys WARNING] 2025-09-03 15:54:48,693 - Robot state not received
[Deoxys WARNING] 2025-09-03 15:54:49,189 - Robot state not received
[Deoxys WARNING] 2025-09-03 15:54:49,193 - Robot state not received
[Deoxys WARNING] 2025-09-03 15:54:49,689 - Robot state not received
[Deoxys WARNING] 2025-09-03 15:54:49,696 - Robot state not received
[Deoxys WARNING] 2025-09-03 15:54:50,190 - Robot state not received
[Deoxys WARNING] 2025-09-03 15:54:50,196 - Robot state not received
[Deoxys WARNING] 2025-09-03 15:54:50,691 - Robot state not received
[Deoxys WARNING] 2025-09-03 15:54:50,697 - Robot state not received
[Deoxys WARNING] 2025-09-03 15:54:51,191 - Robot state not received
[Deoxys WARNING] 2025-09-03 15:54:51,198 - Robot state not received
[Deoxys WARNING] 2025-09-03 15:54:51,692 - Robot state not received
[Deoxys WARNING] 2025-09-03 15:54:51,699 - Robot state not received
[Deoxys WARNING] 2025-09-03 15:54:52,193 - Robot state not received
[Deoxys WARNING] 2025-09-03 15:54:52,200 - Robot state not received
[Deoxys WARNING] 2025-09-03 15:54:52,693 - Robot state not received
[Deoxys WARNING] 2025-09-03 15:54:52,700 - Robot state not received
[Deoxys WARNING] 2025-09-03 15:54:53,194 - Robot state not received
[Deoxys WARNING] 2025-09-03 15:54:53,201 - Robot state not received
[Deoxys WARNING] 2025-09-03 15:54:53,697 - Robot state not received
[Deoxys WARNING] 2025-09-03 15:54:53,702 - Robot state not received
[Deoxys WARNING] 2025-09-03 15:54:54,198 - Robot state not received
[Deoxys WARNING] 2025-09-03 15:54:54,202 - Robot state not received
[Deoxys WARNING] 2025-09-03 15:54:54,699 - Robot state not received
[Deoxys WARNING] 2025-09-03 15:54:54,703 - Robot state not received
[Deoxys WARNING] 2025-09-03 15:54:55,200 - Robot state not received
[Deoxys WARNING] 2025-09-03 15:54:55,204 - Robot state not received
[Deoxys WARNING] 2025-09-03 15:54:55,701 - Robot state not received
[Deoxys WARNING] 2025-09-03 15:54:55,705 - Robot state not received
[Deoxys WARNING] 2025-09-03 15:54:56,201 - Robot state not received
[Deoxys WARNING] 2025-09-03 15:54:56,205 - Robot state not received
[Deoxys WARNING] 2025-09-03 15:54:56,702 - Robot state not received
[Deoxys WARNING] 2025-09-03 15:54:56,706 - Robot state not received
[Deoxys WARNING] 2025-09-03 15:54:57,203 - Robot state not received
[Deoxys WARNING] 2025-09-03 15:54:57,206 - Robot state not received
[Deoxys WARNING] 2025-09-03 15:54:57,704 - Robot state not received
[Deoxys WARNING] 2025-09-03 15:54:57,707 - Robot state not received
[Deoxys WARNING] 2025-09-03 15:54:58,204 - Robot state not received
[Deoxys WARNING] 2025-09-03 15:54:58,208 - Robot state not received
[Deoxys WARNING] 2025-09-03 15:54:58,705 - Robot state not received
[Deoxys WARNING] 2025-09-03 15:54:58,709 - Robot state not received
[Deoxys WARNING] 2025-09-03 15:54:59,206 - Robot state not received
[Deoxys WARNING] 2025-09-03 15:54:59,209 - Robot state not received
[Deoxys WARNING] 2025-09-03 15:54:59,707 - Robot state not received
[Deoxys WARNING] 2025-09-03 15:54:59,710 - Robot state not received
[Deoxys WARNING] 2025-09-03 15:55:00,208 - Robot state not received
[Deoxys WARNING] 2025-09-03 15:55:00,211 - Robot state not received
[Deoxys WARNING] 2025-09-03 15:55:00,709 - Robot state not received
[Deoxys WARNING] 2025-09-03 15:55:00,712 - Robot state not received
[Deoxys WARNING] 2025-09-03 15:55:01,209 - Robot state not received
[Deoxys WARNING] 2025-09-03 15:55:01,212 - Robot state not received
[Deoxys WARNING] 2025-09-03 15:55:01,710 - Robot state not received
[Deoxys WARNING] 2025-09-03 15:55:01,713 - Robot state not received
[Deoxys WARNING] 2025-09-03 15:55:02,211 - Robot state not received
[Deoxys WARNING] 2025-09-03 15:55:02,214 - Robot state not received
[Deoxys WARNING] 2025-09-03 15:55:02,712 - Robot state not received
[Deoxys WARNING] 2025-09-03 15:55:02,715 - Robot state not received
[Deoxys WARNING] 2025-09-03 15:55:03,213 - Robot state not received
[Deoxys WARNING] 2025-09-03 15:55:03,215 - Robot state not received
[Deoxys WARNING] 2025-09-03 15:55:03,714 - Robot state not received
[Deoxys WARNING] 2025-09-03 15:55:03,716 - Robot state not received
[Deoxys WARNING] 2025-09-03 15:55:04,215 - Robot state not received
[Deoxys WARNING] 2025-09-03 15:55:04,217 - Robot state not received
[Deoxys WARNING] 2025-09-03 15:55:04,716 - Robot state not received
[Deoxys WARNING] 2025-09-03 15:55:04,718 - Robot state not received
[Deoxys WARNING] 2025-09-03 15:55:05,216 - Robot state not received
[Deoxys WARNING] 2025-09-03 15:55:05,219 - Robot state not received
[Deoxys WARNING] 2025-09-03 15:55:05,717 - Robot state not received
[Deoxys WARNING] 2025-09-03 15:55:05,720 - Robot state not received
[Deoxys WARNING] 2025-09-03 15:55:06,217 - Robot state not received
[Deoxys WARNING] 2025-09-03 15:55:06,220 - Robot state not received
[Deoxys WARNING] 2025-09-03 15:55:06,718 - Robot state not received
[Deoxys WARNING] 2025-09-03 15:55:06,721 - Robot state not received
[Deoxys WARNING] 2025-09-03 15:55:07,218 - Robot state not received
[Deoxys WARNING] 2025-09-03 15:55:07,221 - Robot state not received
[Deoxys WARNING] 2025-09-03 15:55:07,719 - Robot state not received
[Deoxys WARNING] 2025-09-03 15:55:07,722 - Robot state not received
[Deoxys WARNING] 2025-09-03 15:55:08,220 - Robot state not received
[Deoxys WARNING] 2025-09-03 15:55:08,223 - Robot state not received
[Deoxys WARNING] 2025-09-03 15:55:08,721 - Robot state not received
[Deoxys WARNING] 2025-09-03 15:55:08,723 - Robot state not received
[Deoxys WARNING] 2025-09-03 15:55:09,221 - Robot state not received
[Deoxys WARNING] 2025-09-03 15:55:09,224 - Robot state not received
[Deoxys WARNING] 2025-09-03 15:55:09,722 - Robot state not received
[Deoxys WARNING] 2025-09-03 15:55:09,725 - Robot state not received
[Deoxys WARNING] 2025-09-03 15:55:10,222 - Robot state not received
[Deoxys WARNING] 2025-09-03 15:55:10,226 - Robot state not received
[Deoxys WARNING] 2025-09-03 15:55:10,723 - Robot state not received
[Deoxys WARNING] 2025-09-03 15:55:10,726 - Robot state not received
[Deoxys WARNING] 2025-09-03 15:55:11,224 - Robot state not received
[Deoxys WARNING] 2025-09-03 15:55:11,227 - Robot state not received
[Deoxys WARNING] 2025-09-03 15:55:11,725 - Robot state not received
[Deoxys WARNING] 2025-09-03 15:55:11,727 - Robot state not received
[Deoxys WARNING] 2025-09-03 15:55:12,225 - Robot state not received
[Deoxys WARNING] 2025-09-03 15:55:12,228 - Robot state not received
[Deoxys WARNING] 2025-09-03 15:55:12,726 - Robot state not received
[Deoxys WARNING] 2025-09-03 15:55:12,729 - Robot state not received
[Deoxys WARNING] 2025-09-03 15:55:13,227 - Robot state not received
[Deoxys WARNING] 2025-09-03 15:55:13,229 - Robot state not received
[Deoxys WARNING] 2025-09-03 15:55:13,727 - Robot state not received
[Deoxys WARNING] 2025-09-03 15:55:13,730 - Robot state not received
[Deoxys WARNING] 2025-09-03 15:55:14,228 - Robot state not received
[Deoxys WARNING] 2025-09-03 15:55:14,230 - Robot state not received
[Deoxys WARNING] 2025-09-03 15:55:14,729 - Robot state not received
[Deoxys WARNING] 2025-09-03 15:55:14,731 - Robot state not received
[Deoxys WARNING] 2025-09-03 15:55:15,229 - Robot state not received
[Deoxys WARNING] 2025-09-03 15:55:15,231 - Robot state not received
[Deoxys WARNING] 2025-09-03 15:55:15,730 - Robot state not received
[Deoxys WARNING] 2025-09-03 15:55:15,732 - Robot state not received
[Deoxys WARNING] 2025-09-03 15:55:16,231 - Robot state not received
[Deoxys WARNING] 2025-09-03 15:55:16,233 - Robot state not received
[Deoxys WARNING] 2025-09-03 15:55:16,731 - Robot state not received
[Deoxys WARNING] 2025-09-03 15:55:16,733 - Robot state not received
[Deoxys WARNING] 2025-09-03 15:55:17,232 - Robot state not received
[Deoxys WARNING] 2025-09-03 15:55:17,234 - Robot state not received
[Deoxys WARNING] 2025-09-03 15:55:17,733 - Robot state not received
[Deoxys WARNING] 2025-09-03 15:55:17,735 - Robot state not received
[Deoxys WARNING] 2025-09-03 15:55:18,233 - Robot state not received
[Deoxys WARNING] 2025-09-03 15:55:18,235 - Robot state not received
[Deoxys WARNING] 2025-09-03 15:55:18,734 - Robot state not received
[Deoxys WARNING] 2025-09-03 15:55:18,736 - Robot state not received
[Deoxys WARNING] 2025-09-03 15:55:19,235 - Robot state not received
[Deoxys WARNING] 2025-09-03 15:55:19,237 - Robot state not received
[Deoxys WARNING] 2025-09-03 15:55:19,736 - Robot state not received
[Deoxys WARNING] 2025-09-03 15:55:19,737 - Robot state not received
[Deoxys WARNING] 2025-09-03 15:55:20,236 - Robot state not received
[Deoxys WARNING] 2025-09-03 15:55:20,237 - Robot state not received
[Deoxys WARNING] 2025-09-03 15:55:20,737 - Robot state not received
[Deoxys WARNING] 2025-09-03 15:55:20,738 - Robot state not received
[Deoxys WARNING] 2025-09-03 15:55:21,237 - Robot state not received
[Deoxys WARNING] 2025-09-03 15:55:21,239 - Robot state not received
[Deoxys WARNING] 2025-09-03 15:55:21,738 - Robot state not received
[Deoxys WARNING] 2025-09-03 15:55:21,740 - Robot state not received
[Deoxys WARNING] 2025-09-03 15:55:22,239 - Robot state not received
[Deoxys WARNING] 2025-09-03 15:55:22,240 - Robot state not received
[Deoxys WARNING] 2025-09-03 15:55:22,740 - Robot state not received
[Deoxys WARNING] 2025-09-03 15:55:22,741 - Robot state not received
[Deoxys WARNING] 2025-09-03 15:55:23,241 - Robot state not received
[Deoxys WARNING] 2025-09-03 15:55:23,241 - Robot state not received
[Deoxys WARNING] 2025-09-03 15:55:23,741 - Robot state not received
[Deoxys WARNING] 2025-09-03 15:55:23,743 - Robot state not received
[Deoxys WARNING] 2025-09-03 15:55:24,242 - Robot state not received
[Deoxys WARNING] 2025-09-03 15:55:24,243 - Robot state not received
[Deoxys WARNING] 2025-09-03 15:55:24,742 - Robot state not received
[Deoxys WARNING] 2025-09-03 15:55:24,744 - Robot state not received
[Deoxys WARNING] 2025-09-03 15:55:25,243 - Robot state not received
[Deoxys WARNING] 2025-09-03 15:55:25,246 - Robot state not received
[Deoxys WARNING] 2025-09-03 15:55:25,744 - Robot state not received
[Deoxys WARNING] 2025-09-03 15:55:25,746 - Robot state not received
[Deoxys WARNING] 2025-09-03 15:55:26,245 - Robot state not received
[Deoxys WARNING] 2025-09-03 15:55:26,247 - Robot state not received
[Deoxys WARNING] 2025-09-03 15:55:26,746 - Robot state not received
[Deoxys WARNING] 2025-09-03 15:55:26,747 - Robot state not received
[Deoxys WARNING] 2025-09-03 15:55:27,247 - Robot state not received
[Deoxys WARNING] 2025-09-03 15:55:27,248 - Robot state not received
[Deoxys WARNING] 2025-09-03 15:55:27,747 - Robot state not received
[Deoxys WARNING] 2025-09-03 15:55:27,749 - Robot state not received
[Deoxys WARNING] 2025-09-03 15:55:28,248 - Robot state not received
[Deoxys WARNING] 2025-09-03 15:55:28,249 - Robot state not received
[Deoxys WARNING] 2025-09-03 15:55:28,748 - Robot state not received
[Deoxys WARNING] 2025-09-03 15:55:28,750 - Robot state not received
[Deoxys WARNING] 2025-09-03 15:55:29,249 - Robot state not received
[Deoxys WARNING] 2025-09-03 15:55:29,250 - Robot state not received
[Deoxys WARNING] 2025-09-03 15:55:29,750 - Robot state not received
[Deoxys WARNING] 2025-09-03 15:55:29,751 - Robot state not received
[Deoxys WARNING] 2025-09-03 15:55:30,251 - Robot state not received
[Deoxys WARNING] 2025-09-03 15:55:30,252 - Robot state not received
[Deoxys WARNING] 2025-09-03 15:55:30,752 - Robot state not received
[Deoxys WARNING] 2025-09-03 15:55:30,752 - Robot state not received
[Deoxys WARNING] 2025-09-03 15:55:31,252 - Robot state not received
[Deoxys WARNING] 2025-09-03 15:55:31,253 - Robot state not received
[Deoxys WARNING] 2025-09-03 15:55:31,753 - Robot state not received
[Deoxys WARNING] 2025-09-03 15:55:31,754 - Robot state not received
[Deoxys WARNING] 2025-09-03 15:55:32,254 - Robot state not received
[Deoxys WARNING] 2025-09-03 15:55:32,254 - Robot state not received
[Deoxys WARNING] 2025-09-03 15:55:32,755 - Robot state not received
[Deoxys WARNING] 2025-09-03 15:55:32,756 - Robot state not received
[Deoxys WARNING] 2025-09-03 15:55:33,256 - Robot state not received
[Deoxys WARNING] 2025-09-03 15:55:33,256 - Robot state not received
[Deoxys WARNING] 2025-09-03 15:55:33,757 - Robot state not received
[Deoxys WARNING] 2025-09-03 15:55:33,757 - Robot state not received
[Deoxys WARNING] 2025-09-03 15:55:34,258 - Robot state not received
[Deoxys WARNING] 2025-09-03 15:55:34,257 - Robot state not received
[Deoxys WARNING] 2025-09-03 15:55:34,758 - Robot state not received
[Deoxys WARNING] 2025-09-03 15:55:34,759 - Robot state not received
[Deoxys WARNING] 2025-09-03 15:55:35,259 - Robot state not received
[Deoxys WARNING] 2025-09-03 15:55:35,259 - Robot state not received
[Deoxys WARNING] 2025-09-03 15:55:35,760 - Robot state not received
[Deoxys WARNING] 2025-09-03 15:55:35,760 - Robot state not received
[Deoxys WARNING] 2025-09-03 15:55:36,261 - Robot state not received
[Deoxys WARNING] 2025-09-03 15:55:36,261 - Robot state not received
[Deoxys WARNING] 2025-09-03 15:55:36,762 - Robot state not received
[Deoxys WARNING] 2025-09-03 15:55:36,762 - Robot state not received
[Deoxys WARNING] 2025-09-03 15:55:37,263 - Robot state not received
[Deoxys WARNING] 2025-09-03 15:55:37,263 - Robot state not received
[Deoxys WARNING] 2025-09-03 15:55:37,764 - Robot state not received
[Deoxys WARNING] 2025-09-03 15:55:37,764 - Robot state not received
[Deoxys WARNING] 2025-09-03 15:55:38,265 - Robot state not received
[Deoxys WARNING] 2025-09-03 15:55:38,265 - Robot state not received
[Deoxys WARNING] 2025-09-03 15:55:38,766 - Robot state not received
[Deoxys WARNING] 2025-09-03 15:55:38,766 - Robot state not received
[Deoxys WARNING] 2025-09-03 15:55:39,266 - Robot state not received
[Deoxys WARNING] 2025-09-03 15:55:39,266 - Robot state not received
[Deoxys WARNING] 2025-09-03 15:55:39,767 - Robot state not received
[Deoxys WARNING] 2025-09-03 15:55:39,767 - Robot state not received
[Deoxys WARNING] 2025-09-03 15:55:40,267 - Robot state not received
[Deoxys WARNING] 2025-09-03 15:55:40,269 - Robot state not received
[Deoxys WARNING] 2025-09-03 15:55:40,768 - Robot state not received
[Deoxys WARNING] 2025-09-03 15:55:40,769 - Robot state not received
[Deoxys WARNING] 2025-09-03 15:55:41,270 - Robot state not received
[Deoxys WARNING] 2025-09-03 15:55:41,270 - Robot state not received
[Deoxys WARNING] 2025-09-03 15:55:41,770 - Robot state not received
[Deoxys WARNING] 2025-09-03 15:55:41,771 - Robot state not received
[Deoxys WARNING] 2025-09-03 15:55:42,271 - Robot state not received
[Deoxys WARNING] 2025-09-03 15:55:42,272 - Robot state not received
[Deoxys WARNING] 2025-09-03 15:55:42,772 - Robot state not received
[Deoxys WARNING] 2025-09-03 15:55:42,773 - Robot state not received
[Deoxys WARNING] 2025-09-03 15:55:43,273 - Robot state not received
[Deoxys WARNING] 2025-09-03 15:55:43,273 - Robot state not received
[Deoxys WARNING] 2025-09-03 15:55:43,774 - Robot state not received
[Deoxys WARNING] 2025-09-03 15:55:43,774 - Robot state not received
[Deoxys WARNING] 2025-09-03 15:55:44,275 - Robot state not received
[Deoxys WARNING] 2025-09-03 15:55:44,276 - Robot state not received
[Deoxys WARNING] 2025-09-03 15:55:44,776 - Robot state not received
[Deoxys WARNING] 2025-09-03 15:55:44,776 - Robot state not received
[Deoxys WARNING] 2025-09-03 15:55:45,277 - Robot state not received
[Deoxys WARNING] 2025-09-03 15:55:45,277 - Robot state not received
[Deoxys WARNING] 2025-09-03 15:55:45,777 - Robot state not received
[Deoxys WARNING] 2025-09-03 15:55:45,778 - Robot state not received
[Deoxys WARNING] 2025-09-03 15:55:46,278 - Robot state not received
[Deoxys WARNING] 2025-09-03 15:55:46,278 - Robot state not received
[Deoxys WARNING] 2025-09-03 15:55:46,778 - Robot state not received
[Deoxys WARNING] 2025-09-03 15:55:46,779 - Robot state not received
[Deoxys WARNING] 2025-09-03 15:55:47,279 - Robot state not received
[Deoxys WARNING] 2025-09-03 15:55:47,279 - Robot state not received
[Deoxys WARNING] 2025-09-03 15:55:47,780 - Robot state not received
[Deoxys WARNING] 2025-09-03 15:55:47,780 - Robot state not received
[Deoxys WARNING] 2025-09-03 15:55:48,281 - Robot state not received
[Deoxys WARNING] 2025-09-03 15:55:48,280 - Robot state not received
[Deoxys WARNING] 2025-09-03 15:55:48,782 - Robot state not received
[Deoxys WARNING] 2025-09-03 15:55:48,782 - Robot state not received
[Deoxys WARNING] 2025-09-03 15:55:49,283 - Robot state not received
[Deoxys WARNING] 2025-09-03 15:55:49,283 - Robot state not received
[Deoxys WARNING] 2025-09-03 15:55:49,784 - Robot state not received
[Deoxys WARNING] 2025-09-03 15:55:49,784 - Robot state not received
[Deoxys WARNING] 2025-09-03 15:55:50,285 - Robot state not received
[Deoxys WARNING] 2025-09-03 15:55:50,285 - Robot state not received
[Deoxys WARNING] 2025-09-03 15:55:50,786 - Robot state not received
[Deoxys WARNING] 2025-09-03 15:55:50,785 - Robot state not received
[Deoxys WARNING] 2025-09-03 15:55:51,286 - Robot state not received
[Deoxys WARNING] 2025-09-03 15:55:51,286 - Robot state not received
[Deoxys WARNING] 2025-09-03 15:55:51,787 - Robot state not received
[Deoxys WARNING] 2025-09-03 15:55:51,787 - Robot state not received
[Deoxys WARNING] 2025-09-03 15:55:52,288 - Robot state not received
[Deoxys WARNING] 2025-09-03 15:55:52,291 - Robot state not received
[Deoxys WARNING] 2025-09-03 15:55:52,789 - Robot state not received
[Deoxys WARNING] 2025-09-03 15:55:52,792 - Robot state not received
[Deoxys WARNING] 2025-09-03 15:55:53,289 - Robot state not received
[Deoxys WARNING] 2025-09-03 15:55:53,293 - Robot state not received
[Deoxys WARNING] 2025-09-03 15:55:53,790 - Robot state not received
[Deoxys WARNING] 2025-09-03 15:55:53,793 - Robot state not received
[Deoxys WARNING] 2025-09-03 15:55:54,291 - Robot state not received
[Deoxys WARNING] 2025-09-03 15:55:54,294 - Robot state not received
[Deoxys WARNING] 2025-09-03 15:55:54,792 - Robot state not received
[Deoxys WARNING] 2025-09-03 15:55:54,795 - Robot state not received
[Deoxys WARNING] 2025-09-03 15:55:55,293 - Robot state not received
[Deoxys WARNING] 2025-09-03 15:55:55,296 - Robot state not received
[Deoxys WARNING] 2025-09-03 15:55:55,794 - Robot state not received
[Deoxys WARNING] 2025-09-03 15:55:55,796 - Robot state not received
[Deoxys WARNING] 2025-09-03 15:55:56,294 - Robot state not received
[Deoxys WARNING] 2025-09-03 15:55:56,297 - Robot state not received
[Deoxys WARNING] 2025-09-03 15:55:56,795 - Robot state not received
[Deoxys WARNING] 2025-09-03 15:55:56,797 - Robot state not received
[Deoxys WARNING] 2025-09-03 15:55:57,296 - Robot state not received
[Deoxys WARNING] 2025-09-03 15:55:57,298 - Robot state not received
[Deoxys WARNING] 2025-09-03 15:55:57,797 - Robot state not received
[Deoxys WARNING] 2025-09-03 15:55:57,798 - Robot state not received
[Deoxys WARNING] 2025-09-03 15:55:58,297 - Robot state not received
[Deoxys WARNING] 2025-09-03 15:55:58,299 - Robot state not received
[Deoxys WARNING] 2025-09-03 15:55:58,798 - Robot state not received
[Deoxys WARNING] 2025-09-03 15:55:58,800 - Robot state not received
[Deoxys WARNING] 2025-09-03 15:55:59,299 - Robot state not received
[Deoxys WARNING] 2025-09-03 15:55:59,300 - Robot state not received
[Deoxys WARNING] 2025-09-03 15:55:59,800 - Robot state not received
[Deoxys WARNING] 2025-09-03 15:55:59,801 - Robot state not received
[Deoxys WARNING] 2025-09-03 15:56:00,301 - Robot state not received
[Deoxys WARNING] 2025-09-03 15:56:00,303 - Robot state not received
[Deoxys WARNING] 2025-09-03 15:56:00,801 - Robot state not received
[Deoxys WARNING] 2025-09-03 15:56:00,804 - Robot state not received
[Deoxys WARNING] 2025-09-03 15:56:01,302 - Robot state not received
[Deoxys WARNING] 2025-09-03 15:56:01,304 - Robot state not received
[Deoxys WARNING] 2025-09-03 15:56:01,803 - Robot state not received
[Deoxys WARNING] 2025-09-03 15:56:01,805 - Robot state not received
[Deoxys WARNING] 2025-09-03 15:56:02,304 - Robot state not received
[Deoxys WARNING] 2025-09-03 15:56:02,306 - Robot state not received
[Deoxys WARNING] 2025-09-03 15:56:02,804 - Robot state not received
[Deoxys WARNING] 2025-09-03 15:56:02,806 - Robot state not received
[Deoxys WARNING] 2025-09-03 15:56:03,305 - Robot state not received
[Deoxys WARNING] 2025-09-03 15:56:03,307 - Robot state not received
[Deoxys WARNING] 2025-09-03 15:56:03,806 - Robot state not received
[Deoxys WARNING] 2025-09-03 15:56:03,808 - Robot state not received
[Deoxys WARNING] 2025-09-03 15:56:04,306 - Robot state not received
[Deoxys WARNING] 2025-09-03 15:56:04,309 - Robot state not received
[Deoxys WARNING] 2025-09-03 15:56:04,807 - Robot state not received
[Deoxys WARNING] 2025-09-03 15:56:04,810 - Robot state not received
[Deoxys WARNING] 2025-09-03 15:56:05,308 - Robot state not received
[Deoxys WARNING] 2025-09-03 15:56:05,311 - Robot state not received
[Deoxys WARNING] 2025-09-03 15:56:05,809 - Robot state not received
[Deoxys WARNING] 2025-09-03 15:56:05,812 - Robot state not received
[Deoxys WARNING] 2025-09-03 15:56:06,310 - Robot state not received
[Deoxys WARNING] 2025-09-03 15:56:06,312 - Robot state not received
[Deoxys WARNING] 2025-09-03 15:56:06,811 - Robot state not received
[Deoxys WARNING] 2025-09-03 15:56:06,813 - Robot state not received
[Deoxys WARNING] 2025-09-03 15:56:07,311 - Robot state not received
[Deoxys WARNING] 2025-09-03 15:56:07,314 - Robot state not received
[Deoxys WARNING] 2025-09-03 15:56:07,812 - Robot state not received
[Deoxys WARNING] 2025-09-03 15:56:07,815 - Robot state not received
[Deoxys WARNING] 2025-09-03 15:56:08,312 - Robot state not received
[Deoxys WARNING] 2025-09-03 15:56:08,315 - Robot state not received
[Deoxys WARNING] 2025-09-03 15:56:08,813 - Robot state not received
[Deoxys WARNING] 2025-09-03 15:56:08,816 - Robot state not received
[Deoxys WARNING] 2025-09-03 15:56:09,314 - Robot state not received
[Deoxys WARNING] 2025-09-03 15:56:09,316 - Robot state not received
[Deoxys WARNING] 2025-09-03 15:56:09,815 - Robot state not received
[Deoxys WARNING] 2025-09-03 15:56:09,817 - Robot state not received
[Deoxys WARNING] 2025-09-03 15:56:10,315 - Robot state not received
[Deoxys WARNING] 2025-09-03 15:56:10,317 - Robot state not received
[Deoxys WARNING] 2025-09-03 15:56:10,816 - Robot state not received
[Deoxys WARNING] 2025-09-03 15:56:10,818 - Robot state not received
[Deoxys WARNING] 2025-09-03 15:56:11,317 - Robot state not received
[Deoxys WARNING] 2025-09-03 15:56:11,319 - Robot state not received
[Deoxys WARNING] 2025-09-03 15:56:18,128 - Robot state not received
[Deoxys WARNING] 2025-09-03 15:56:18,177 - Robot state not received
[Deoxys WARNING] 2025-09-03 15:56:18,629 - Robot state not received
[Deoxys WARNING] 2025-09-03 15:56:18,678 - Robot state not received
[Deoxys WARNING] 2025-09-03 15:56:19,129 - Robot state not received
[Deoxys WARNING] 2025-09-03 15:56:19,179 - Robot state not received
[Deoxys WARNING] 2025-09-03 15:56:19,630 - Robot state not received
[Deoxys WARNING] 2025-09-03 15:56:19,679 - Robot state not received
[Deoxys WARNING] 2025-09-03 15:56:20,131 - Robot state not received
[Deoxys WARNING] 2025-09-03 15:56:20,180 - Robot state not received
[Deoxys WARNING] 2025-09-03 15:56:20,632 - Robot state not received
[Deoxys WARNING] 2025-09-03 15:56:20,681 - Robot state not received
[Deoxys WARNING] 2025-09-03 15:56:21,133 - Robot state not received
[Deoxys WARNING] 2025-09-03 15:56:21,182 - Robot state not received
[Deoxys WARNING] 2025-09-03 15:56:21,634 - Robot state not received
[Deoxys WARNING] 2025-09-03 15:56:21,683 - Robot state not received
[Deoxys WARNING] 2025-09-03 15:56:22,135 - Robot state not received
[Deoxys WARNING] 2025-09-03 15:56:22,184 - Robot state not received
[Deoxys WARNING] 2025-09-03 15:56:22,636 - Robot state not received
[Deoxys WARNING] 2025-09-03 15:56:22,685 - Robot state not received
[Deoxys WARNING] 2025-09-03 15:56:23,137 - Robot state not received
[Deoxys WARNING] 2025-09-03 15:56:23,186 - Robot state not received
[Deoxys WARNING] 2025-09-03 15:56:23,638 - Robot state not received
[Deoxys WARNING] 2025-09-03 15:56:23,686 - Robot state not received
[Deoxys WARNING] 2025-09-03 15:56:24,139 - Robot state not received
[Deoxys WARNING] 2025-09-03 15:56:24,187 - Robot state not received
[Deoxys WARNING] 2025-09-03 15:56:24,639 - Robot state not received
[Deoxys WARNING] 2025-09-03 15:56:24,688 - Robot state not received
[Deoxys WARNING] 2025-09-03 15:56:25,140 - Robot state not received
[Deoxys WARNING] 2025-09-03 15:56:25,189 - Robot state not received
[Deoxys WARNING] 2025-09-03 15:56:25,641 - Robot state not received
[Deoxys WARNING] 2025-09-03 15:56:25,690 - Robot state not received
[Deoxys WARNING] 2025-09-03 15:56:26,142 - Robot state not received
[Deoxys WARNING] 2025-09-03 15:56:26,190 - Robot state not received
[Deoxys WARNING] 2025-09-03 15:56:26,643 - Robot state not received
[Deoxys WARNING] 2025-09-03 15:56:26,691 - Robot state not received
[Deoxys WARNING] 2025-09-03 15:56:27,144 - Robot state not received
[Deoxys WARNING] 2025-09-03 15:56:27,192 - Robot state not received
[Deoxys WARNING] 2025-09-03 15:56:27,645 - Robot state not received
[Deoxys WARNING] 2025-09-03 15:56:27,693 - Robot state not received
[Deoxys WARNING] 2025-09-03 15:56:28,146 - Robot state not received
[Deoxys WARNING] 2025-09-03 15:56:28,194 - Robot state not received
[Deoxys WARNING] 2025-09-03 15:56:28,647 - Robot state not received
[Deoxys WARNING] 2025-09-03 15:56:28,695 - Robot state not received
[Deoxys WARNING] 2025-09-03 15:56:29,147 - Robot state not received
[Deoxys WARNING] 2025-09-03 15:56:29,196 - Robot state not received
[Deoxys WARNING] 2025-09-03 15:56:29,648 - Robot state not received
[Deoxys WARNING] 2025-09-03 15:56:29,696 - Robot state not received
[Deoxys WARNING] 2025-09-03 15:56:30,149 - Robot state not received
[Deoxys WARNING] 2025-09-03 15:56:30,197 - Robot state not received
[Deoxys WARNING] 2025-09-03 15:56:30,650 - Robot state not received
[Deoxys WARNING] 2025-09-03 15:56:30,698 - Robot state not received
[Deoxys WARNING] 2025-09-03 15:56:31,151 - Robot state not received
[Deoxys WARNING] 2025-09-03 15:56:31,199 - Robot state not received
[Deoxys WARNING] 2025-09-03 15:56:31,652 - Robot state not received
[Deoxys WARNING] 2025-09-03 15:56:31,700 - Robot state not received
[Deoxys WARNING] 2025-09-03 15:56:32,153 - Robot state not received
[Deoxys WARNING] 2025-09-03 15:56:32,201 - Robot state not received
[Deoxys WARNING] 2025-09-03 15:56:32,654 - Robot state not received
[Deoxys WARNING] 2025-09-03 15:56:32,701 - Robot state not received
[Deoxys WARNING] 2025-09-03 15:56:33,154 - Robot state not received
[Deoxys WARNING] 2025-09-03 15:56:33,202 - Robot state not received
[Deoxys WARNING] 2025-09-03 15:56:33,655 - Robot state not received
[Deoxys WARNING] 2025-09-03 15:56:33,703 - Robot state not received
[Deoxys WARNING] 2025-09-03 15:56:34,156 - Robot state not received
[Deoxys WARNING] 2025-09-03 15:56:34,204 - Robot state not received
[Deoxys WARNING] 2025-09-03 15:56:34,657 - Robot state not received
[Deoxys WARNING] 2025-09-03 15:56:34,705 - Robot state not received
[Deoxys WARNING] 2025-09-03 15:56:35,158 - Robot state not received
[Deoxys WARNING] 2025-09-03 15:56:35,206 - Robot state not received
[Deoxys WARNING] 2025-09-03 15:56:35,659 - Robot state not received
[Deoxys WARNING] 2025-09-03 15:56:35,706 - Robot state not received
[Deoxys WARNING] 2025-09-03 15:56:36,159 - Robot state not received
[Deoxys WARNING] 2025-09-03 15:56:36,207 - Robot state not received
[Deoxys WARNING] 2025-09-03 15:56:36,660 - Robot state not received
[Deoxys WARNING] 2025-09-03 15:56:36,708 - Robot state not received
[Deoxys WARNING] 2025-09-03 15:56:37,161 - Robot state not received
[Deoxys WARNING] 2025-09-03 15:56:37,208 - Robot state not received
[Deoxys WARNING] 2025-09-03 15:56:37,662 - Robot state not received
[Deoxys WARNING] 2025-09-03 15:56:37,709 - Robot state not received
[Deoxys WARNING] 2025-09-03 15:56:38,163 - Robot state not received
[Deoxys WARNING] 2025-09-03 15:56:38,210 - Robot state not received
[Deoxys WARNING] 2025-09-03 15:56:38,663 - Robot state not received
[Deoxys WARNING] 2025-09-03 15:56:38,711 - Robot state not received
[Deoxys WARNING] 2025-09-03 15:56:39,164 - Robot state not received
[Deoxys WARNING] 2025-09-03 15:56:39,212 - Robot state not received
[Deoxys WARNING] 2025-09-03 15:56:39,665 - Robot state not received
[Deoxys WARNING] 2025-09-03 15:56:39,713 - Robot state not received
[Deoxys WARNING] 2025-09-03 15:56:40,166 - Robot state not received
[Deoxys WARNING] 2025-09-03 15:56:40,214 - Robot state not received
[Deoxys WARNING] 2025-09-03 15:56:40,667 - Robot state not received
[Deoxys WARNING] 2025-09-03 15:56:40,715 - Robot state not received
[Deoxys WARNING] 2025-09-03 15:56:41,168 - Robot state not received
[Deoxys WARNING] 2025-09-03 15:56:41,216 - Robot state not received
[Deoxys WARNING] 2025-09-03 15:56:41,669 - Robot state not received
[Deoxys WARNING] 2025-09-03 15:56:41,717 - Robot state not received
[Deoxys WARNING] 2025-09-03 15:56:42,170 - Robot state not received
[Deoxys WARNING] 2025-09-03 15:56:42,217 - Robot state not received
[Deoxys WARNING] 2025-09-03 15:56:42,671 - Robot state not received
[Deoxys WARNING] 2025-09-03 15:56:42,718 - Robot state not received
[Deoxys WARNING] 2025-09-03 15:56:43,172 - Robot state not received
[Deoxys WARNING] 2025-09-03 15:56:43,219 - Robot state not received
[Deoxys WARNING] 2025-09-03 15:56:43,673 - Robot state not received
[Deoxys WARNING] 2025-09-03 15:56:43,720 - Robot state not received
[Deoxys WARNING] 2025-09-03 15:56:44,173 - Robot state not received
[Deoxys WARNING] 2025-09-03 15:56:44,220 - Robot state not received
[Deoxys WARNING] 2025-09-03 15:56:44,674 - Robot state not received
[Deoxys WARNING] 2025-09-03 15:56:44,721 - Robot state not received
[Deoxys WARNING] 2025-09-03 15:56:45,175 - Robot state not received
[Deoxys WARNING] 2025-09-03 15:56:45,222 - Robot state not received
[Deoxys WARNING] 2025-09-03 15:56:45,676 - Robot state not received
[Deoxys WARNING] 2025-09-03 15:56:45,723 - Robot state not received
[Deoxys WARNING] 2025-09-03 15:56:46,177 - Robot state not received
[Deoxys WARNING] 2025-09-03 15:56:46,224 - Robot state not received
[Deoxys WARNING] 2025-09-03 15:56:46,678 - Robot state not received
[Deoxys WARNING] 2025-09-03 15:56:46,725 - Robot state not received
[Deoxys WARNING] 2025-09-03 15:56:47,178 - Robot state not received
[Deoxys WARNING] 2025-09-03 15:56:47,225 - Robot state not received
[Deoxys WARNING] 2025-09-03 15:56:47,679 - Robot state not received
[Deoxys WARNING] 2025-09-03 15:56:47,726 - Robot state not received
[Deoxys WARNING] 2025-09-03 15:56:48,180 - Robot state not received
[Deoxys WARNING] 2025-09-03 15:56:48,227 - Robot state not received
[Deoxys WARNING] 2025-09-03 15:56:48,681 - Robot state not received
[Deoxys WARNING] 2025-09-03 15:56:48,728 - Robot state not received
[Deoxys WARNING] 2025-09-03 15:56:49,182 - Robot state not received
[Deoxys WARNING] 2025-09-03 15:56:49,228 - Robot state not received
[Deoxys WARNING] 2025-09-03 15:56:49,683 - Robot state not received
[Deoxys WARNING] 2025-09-03 15:56:49,729 - Robot state not received
[Deoxys WARNING] 2025-09-03 15:56:50,184 - Robot state not received
[Deoxys WARNING] 2025-09-03 15:56:50,230 - Robot state not received
[Deoxys WARNING] 2025-09-03 15:56:50,685 - Robot state not received
[Deoxys WARNING] 2025-09-03 15:56:50,731 - Robot state not received
[Deoxys WARNING] 2025-09-03 15:56:51,185 - Robot state not received
[Deoxys WARNING] 2025-09-03 15:56:51,232 - Robot state not received
[Deoxys WARNING] 2025-09-03 15:56:51,686 - Robot state not received
[Deoxys WARNING] 2025-09-03 15:56:51,733 - Robot state not received
[Deoxys WARNING] 2025-09-03 15:56:52,187 - Robot state not received
[Deoxys WARNING] 2025-09-03 15:56:52,234 - Robot state not received
[Deoxys WARNING] 2025-09-03 15:56:52,688 - Robot state not received
[Deoxys WARNING] 2025-09-03 15:56:52,734 - Robot state not received
[Deoxys WARNING] 2025-09-03 15:56:53,189 - Robot state not received
[Deoxys WARNING] 2025-09-03 15:56:53,235 - Robot state not received
[Deoxys WARNING] 2025-09-03 15:56:53,690 - Robot state not received
[Deoxys WARNING] 2025-09-03 15:56:53,736 - Robot state not received
[Deoxys WARNING] 2025-09-03 15:56:54,190 - Robot state not received
[Deoxys WARNING] 2025-09-03 15:56:54,237 - Robot state not received
[Deoxys WARNING] 2025-09-03 15:56:54,691 - Robot state not received
[Deoxys WARNING] 2025-09-03 15:56:54,738 - Robot state not received
[Deoxys WARNING] 2025-09-03 15:56:55,192 - Robot state not received
[Deoxys WARNING] 2025-09-03 15:56:55,239 - Robot state not received
[Deoxys WARNING] 2025-09-03 15:56:55,693 - Robot state not received
[Deoxys WARNING] 2025-09-03 15:56:55,740 - Robot state not received
[Deoxys WARNING] 2025-09-03 15:56:56,194 - Robot state not received
[Deoxys WARNING] 2025-09-03 15:56:56,240 - Robot state not received
[Deoxys WARNING] 2025-09-03 15:56:56,695 - Robot state not received
[Deoxys WARNING] 2025-09-03 15:56:56,741 - Robot state not received
[Deoxys WARNING] 2025-09-03 15:56:57,196 - Robot state not received
[Deoxys WARNING] 2025-09-03 15:56:57,242 - Robot state not received
[Deoxys WARNING] 2025-09-03 15:56:57,696 - Robot state not received
[Deoxys WARNING] 2025-09-03 15:56:57,743 - Robot state not received
[Deoxys WARNING] 2025-09-03 15:56:58,197 - Robot state not received
[Deoxys WARNING] 2025-09-03 15:56:58,243 - Robot state not received
[Deoxys WARNING] 2025-09-03 15:56:58,698 - Robot state not received
[Deoxys WARNING] 2025-09-03 15:56:58,744 - Robot state not received
[Deoxys WARNING] 2025-09-03 15:56:59,199 - Robot state not received
[Deoxys WARNING] 2025-09-03 15:56:59,245 - Robot state not received
[Deoxys WARNING] 2025-09-03 15:56:59,700 - Robot state not received
[Deoxys WARNING] 2025-09-03 15:56:59,746 - Robot state not received
[Deoxys WARNING] 2025-09-03 15:57:00,201 - Robot state not received
[Deoxys WARNING] 2025-09-03 15:57:00,247 - Robot state not received
[Deoxys WARNING] 2025-09-03 15:57:00,702 - Robot state not received
[Deoxys WARNING] 2025-09-03 15:57:00,747 - Robot state not received
[Deoxys WARNING] 2025-09-03 15:57:01,202 - Robot state not received
[Deoxys WARNING] 2025-09-03 15:57:01,248 - Robot state not received
[Deoxys WARNING] 2025-09-03 15:57:01,702 - Robot state not received
[Deoxys WARNING] 2025-09-03 15:57:01,749 - Robot state not received
[Deoxys WARNING] 2025-09-03 15:57:02,203 - Robot state not received
[Deoxys WARNING] 2025-09-03 15:57:02,250 - Robot state not received
[Deoxys WARNING] 2025-09-03 15:57:02,704 - Robot state not received
[Deoxys WARNING] 2025-09-03 15:57:02,751 - Robot state not received
[Deoxys WARNING] 2025-09-03 15:57:03,205 - Robot state not received
[Deoxys WARNING] 2025-09-03 15:57:03,252 - Robot state not received
[Deoxys WARNING] 2025-09-03 15:57:03,706 - Robot state not received
[Deoxys WARNING] 2025-09-03 15:57:03,753 - Robot state not received
[Deoxys WARNING] 2025-09-03 15:57:04,207 - Robot state not received
[Deoxys WARNING] 2025-09-03 15:57:04,253 - Robot state not received
[Deoxys WARNING] 2025-09-03 15:57:04,708 - Robot state not received
[Deoxys WARNING] 2025-09-03 15:57:04,754 - Robot state not received
[Deoxys WARNING] 2025-09-03 15:57:05,208 - Robot state not received
[Deoxys WARNING] 2025-09-03 15:57:05,255 - Robot state not received
[Deoxys WARNING] 2025-09-03 15:57:05,709 - Robot state not received
[Deoxys WARNING] 2025-09-03 15:57:05,756 - Robot state not received
[Deoxys WARNING] 2025-09-03 15:57:06,210 - Robot state not received
[Deoxys WARNING] 2025-09-03 15:57:06,256 - Robot state not received
[Deoxys WARNING] 2025-09-03 15:57:06,711 - Robot state not received
[Deoxys WARNING] 2025-09-03 15:57:06,757 - Robot state not received
[Deoxys WARNING] 2025-09-03 15:57:07,211 - Robot state not received
[Deoxys WARNING] 2025-09-03 15:57:07,258 - Robot state not received
[Deoxys WARNING] 2025-09-03 15:57:07,712 - Robot state not received
[Deoxys WARNING] 2025-09-03 15:57:07,759 - Robot state not received
[Deoxys WARNING] 2025-09-03 15:57:08,213 - Robot state not received
[Deoxys WARNING] 2025-09-03 15:57:08,260 - Robot state not received
[Deoxys WARNING] 2025-09-03 15:57:08,714 - Robot state not received
[Deoxys WARNING] 2025-09-03 15:57:08,761 - Robot state not received
[Deoxys WARNING] 2025-09-03 15:57:09,215 - Robot state not received
[Deoxys WARNING] 2025-09-03 15:57:09,262 - Robot state not received
[Deoxys WARNING] 2025-09-03 15:57:09,715 - Robot state not received
[Deoxys WARNING] 2025-09-03 15:57:09,762 - Robot state not received
[Deoxys WARNING] 2025-09-03 15:57:10,216 - Robot state not received
[Deoxys WARNING] 2025-09-03 15:57:10,263 - Robot state not received
[Deoxys WARNING] 2025-09-03 15:57:10,717 - Robot state not received
[Deoxys WARNING] 2025-09-03 15:57:10,764 - Robot state not received
[Deoxys WARNING] 2025-09-03 15:57:11,218 - Robot state not received
[Deoxys WARNING] 2025-09-03 15:57:11,265 - Robot state not received
[Deoxys WARNING] 2025-09-03 15:57:11,719 - Robot state not received
[Deoxys WARNING] 2025-09-03 15:57:11,765 - Robot state not received
[Deoxys WARNING] 2025-09-03 15:57:12,220 - Robot state not received
[Deoxys WARNING] 2025-09-03 15:57:12,266 - Robot state not received
[Deoxys WARNING] 2025-09-03 15:57:12,720 - Robot state not received
[Deoxys WARNING] 2025-09-03 15:57:12,766 - Robot state not received
[Deoxys WARNING] 2025-09-03 15:57:13,221 - Robot state not received
[Deoxys WARNING] 2025-09-03 15:57:13,267 - Robot state not received
[Deoxys WARNING] 2025-09-03 15:57:13,722 - Robot state not received
[Deoxys WARNING] 2025-09-03 15:57:13,768 - Robot state not received
[Deoxys WARNING] 2025-09-03 15:57:14,222 - Robot state not received
[Deoxys WARNING] 2025-09-03 15:57:14,269 - Robot state not received
[Deoxys WARNING] 2025-09-03 15:57:14,723 - Robot state not received
[Deoxys WARNING] 2025-09-03 15:57:14,770 - Robot state not received
[Deoxys WARNING] 2025-09-03 15:57:15,224 - Robot state not received
[Deoxys WARNING] 2025-09-03 15:57:15,271 - Robot state not received
[Deoxys WARNING] 2025-09-03 15:57:15,725 - Robot state not received
[Deoxys WARNING] 2025-09-03 15:57:15,772 - Robot state not received
[Deoxys WARNING] 2025-09-03 15:57:16,226 - Robot state not received
[Deoxys WARNING] 2025-09-03 15:57:16,272 - Robot state not received
[Deoxys WARNING] 2025-09-03 15:57:16,726 - Robot state not received
[Deoxys WARNING] 2025-09-03 15:57:16,773 - Robot state not received
[Deoxys WARNING] 2025-09-03 15:57:17,227 - Robot state not received
[Deoxys WARNING] 2025-09-03 15:57:17,274 - Robot state not received
[Deoxys WARNING] 2025-09-03 15:57:17,728 - Robot state not received
[Deoxys WARNING] 2025-09-03 15:57:17,775 - Robot state not received
[Deoxys WARNING] 2025-09-03 15:57:18,229 - Robot state not received
[Deoxys WARNING] 2025-09-03 15:57:18,276 - Robot state not received
[Deoxys WARNING] 2025-09-03 15:57:18,730 - Robot state not received
[Deoxys WARNING] 2025-09-03 15:57:18,776 - Robot state not received
[Deoxys WARNING] 2025-09-03 15:57:19,231 - Robot state not received
[Deoxys WARNING] 2025-09-03 15:57:19,277 - Robot state not received
[Deoxys WARNING] 2025-09-03 15:57:19,732 - Robot state not received
[Deoxys WARNING] 2025-09-03 15:57:19,778 - Robot state not received
[Deoxys WARNING] 2025-09-03 15:57:20,233 - Robot state not received
[Deoxys WARNING] 2025-09-03 15:57:20,279 - Robot state not received
[Deoxys WARNING] 2025-09-03 15:57:20,733 - Robot state not received
[Deoxys WARNING] 2025-09-03 15:57:20,780 - Robot state not received
[Deoxys WARNING] 2025-09-03 15:57:21,234 - Robot state not received
[Deoxys WARNING] 2025-09-03 15:57:21,280 - Robot state not received
[Deoxys WARNING] 2025-09-03 15:57:21,735 - Robot state not received
[Deoxys WARNING] 2025-09-03 15:57:21,781 - Robot state not received
[Deoxys WARNING] 2025-09-03 15:57:22,236 - Robot state not received
[Deoxys WARNING] 2025-09-03 15:57:22,282 - Robot state not received
[Deoxys WARNING] 2025-09-03 15:57:22,737 - Robot state not received
[Deoxys WARNING] 2025-09-03 15:57:22,783 - Robot state not received
[Deoxys WARNING] 2025-09-03 15:57:23,238 - Robot state not received
[Deoxys WARNING] 2025-09-03 15:57:23,284 - Robot state not received
[Deoxys WARNING] 2025-09-03 15:57:23,739 - Robot state not received
[Deoxys WARNING] 2025-09-03 15:57:23,785 - Robot state not received
[Deoxys WARNING] 2025-09-03 15:57:24,240 - Robot state not received
[Deoxys WARNING] 2025-09-03 15:57:24,286 - Robot state not received
[Deoxys WARNING] 2025-09-03 15:57:24,741 - Robot state not received
[Deoxys WARNING] 2025-09-03 15:57:24,787 - Robot state not received
[Deoxys WARNING] 2025-09-03 15:57:25,241 - Robot state not received
[Deoxys WARNING] 2025-09-03 15:57:25,288 - Robot state not received
[Deoxys WARNING] 2025-09-03 15:57:25,742 - Robot state not received
[Deoxys WARNING] 2025-09-03 15:57:25,789 - Robot state not received
[Deoxys WARNING] 2025-09-03 15:57:26,244 - Robot state not received
[Deoxys WARNING] 2025-09-03 15:57:26,290 - Robot state not received
[Deoxys WARNING] 2025-09-03 15:57:26,744 - Robot state not received
[Deoxys WARNING] 2025-09-03 15:57:26,790 - Robot state not received
[Deoxys WARNING] 2025-09-03 15:57:27,245 - Robot state not received
[Deoxys WARNING] 2025-09-03 15:57:27,291 - Robot state not received
[Deoxys WARNING] 2025-09-03 15:57:27,746 - Robot state not received
[Deoxys WARNING] 2025-09-03 15:57:27,792 - Robot state not received
[Deoxys WARNING] 2025-09-03 15:57:28,247 - Robot state not received
[Deoxys WARNING] 2025-09-03 15:57:28,293 - Robot state not received
[Deoxys WARNING] 2025-09-03 15:57:28,748 - Robot state not received
[Deoxys WARNING] 2025-09-03 15:57:28,793 - Robot state not received
[Deoxys WARNING] 2025-09-03 15:57:29,248 - Robot state not received
[Deoxys WARNING] 2025-09-03 15:57:29,294 - Robot state not received
[Deoxys WARNING] 2025-09-03 15:57:29,749 - Robot state not received
[Deoxys WARNING] 2025-09-03 15:57:29,795 - Robot state not received
[Deoxys WARNING] 2025-09-03 15:57:30,250 - Robot state not received
[Deoxys WARNING] 2025-09-03 15:57:30,296 - Robot state not received
[Deoxys WARNING] 2025-09-03 15:57:30,751 - Robot state not received
[Deoxys WARNING] 2025-09-03 15:57:30,797 - Robot state not received
[Deoxys WARNING] 2025-09-03 15:57:31,252 - Robot state not received
[Deoxys WARNING] 2025-09-03 15:57:31,298 - Robot state not received
[Deoxys WARNING] 2025-09-03 15:57:31,753 - Robot state not received
[Deoxys WARNING] 2025-09-03 15:57:31,799 - Robot state not received
[Deoxys WARNING] 2025-09-03 15:57:32,254 - Robot state not received
[Deoxys WARNING] 2025-09-03 15:57:32,300 - Robot state not received
[Deoxys WARNING] 2025-09-03 15:57:32,755 - Robot state not received
[Deoxys WARNING] 2025-09-03 15:57:32,801 - Robot state not received
[Deoxys WARNING] 2025-09-03 15:57:33,263 - Robot state not received
[Deoxys WARNING] 2025-09-03 15:57:33,302 - Robot state not received
[Deoxys WARNING] 2025-09-03 15:57:33,764 - Robot state not received
[Deoxys WARNING] 2025-09-03 15:57:33,803 - Robot state not received
[Deoxys WARNING] 2025-09-03 15:57:34,264 - Robot state not received
[Deoxys WARNING] 2025-09-03 15:57:34,303 - Robot state not received
[Deoxys WARNING] 2025-09-03 15:57:34,765 - Robot state not received
[Deoxys WARNING] 2025-09-03 15:57:34,805 - Robot state not received
[Deoxys WARNING] 2025-09-03 15:57:35,266 - Robot state not received
[Deoxys WARNING] 2025-09-03 15:57:35,305 - Robot state not received
[Deoxys WARNING] 2025-09-03 15:57:35,767 - Robot state not received
[Deoxys WARNING] 2025-09-03 15:57:35,806 - Robot state not received
[Deoxys WARNING] 2025-09-03 15:57:36,268 - Robot state not received
[Deoxys WARNING] 2025-09-03 15:57:36,307 - Robot state not received
[Deoxys WARNING] 2025-09-03 15:57:36,769 - Robot state not received
[Deoxys WARNING] 2025-09-03 15:57:36,807 - Robot state not received
[Deoxys WARNING] 2025-09-03 15:57:37,269 - Robot state not received
[Deoxys WARNING] 2025-09-03 15:57:37,308 - Robot state not received
[Deoxys WARNING] 2025-09-03 15:57:37,770 - Robot state not received
[Deoxys WARNING] 2025-09-03 15:57:37,809 - Robot state not received
[Deoxys WARNING] 2025-09-03 15:57:38,271 - Robot state not received
[Deoxys WARNING] 2025-09-03 15:57:38,310 - Robot state not received
[Deoxys WARNING] 2025-09-03 15:57:38,772 - Robot state not received
[Deoxys WARNING] 2025-09-03 15:57:38,811 - Robot state not received
[Deoxys WARNING] 2025-09-03 15:57:39,273 - Robot state not received
[Deoxys WARNING] 2025-09-03 15:57:39,311 - Robot state not received
[Deoxys WARNING] 2025-09-03 15:57:39,774 - Robot state not received
[Deoxys WARNING] 2025-09-03 15:57:39,812 - Robot state not received
[Deoxys WARNING] 2025-09-03 15:57:40,274 - Robot state not received
[Deoxys WARNING] 2025-09-03 15:57:40,313 - Robot state not received
[Deoxys WARNING] 2025-09-03 15:57:40,775 - Robot state not received
[Deoxys WARNING] 2025-09-03 15:57:40,813 - Robot state not received
[Deoxys WARNING] 2025-09-03 15:57:41,276 - Robot state not received
[Deoxys WARNING] 2025-09-03 15:57:41,314 - Robot state not received
[Deoxys WARNING] 2025-09-03 15:57:41,776 - Robot state not received
[Deoxys WARNING] 2025-09-03 15:57:41,815 - Robot state not received
[Deoxys WARNING] 2025-09-03 15:57:45,077 - Robot state not received
[Deoxys WARNING] 2025-09-03 15:57:45,080 - Robot state not received
[Deoxys WARNING] 2025-09-03 15:57:45,578 - Robot state not received
[Deoxys WARNING] 2025-09-03 15:57:45,581 - Robot state not received
[Deoxys WARNING] 2025-09-03 15:57:46,079 - Robot state not received
[Deoxys WARNING] 2025-09-03 15:57:46,082 - Robot state not received
[Deoxys WARNING] 2025-09-03 15:57:46,580 - Robot state not received
[Deoxys WARNING] 2025-09-03 15:57:46,582 - Robot state not received
[Deoxys WARNING] 2025-09-03 15:58:12,148 - Robot state not received
[Deoxys WARNING] 2025-09-03 15:58:12,182 - Robot state not received
[Deoxys WARNING] 2025-09-03 15:58:12,649 - Robot state not received
[Deoxys WARNING] 2025-09-03 15:58:12,683 - Robot state not received
[Deoxys WARNING] 2025-09-03 15:58:13,150 - Robot state not received
[Deoxys WARNING] 2025-09-03 15:58:13,183 - Robot state not received
[Deoxys WARNING] 2025-09-03 15:58:13,651 - Robot state not received
[Deoxys WARNING] 2025-09-03 15:58:13,684 - Robot state not received
[Deoxys WARNING] 2025-09-03 15:58:14,152 - Robot state not received
[Deoxys WARNING] 2025-09-03 15:58:14,184 - Robot state not received
[Deoxys WARNING] 2025-09-03 15:58:14,653 - Robot state not received
[Deoxys WARNING] 2025-09-03 15:58:14,685 - Robot state not received
[Deoxys WARNING] 2025-09-03 15:58:15,154 - Robot state not received
[Deoxys WARNING] 2025-09-03 15:58:15,185 - Robot state not received
[Deoxys WARNING] 2025-09-03 15:58:15,655 - Robot state not received
[Deoxys WARNING] 2025-09-03 15:58:15,686 - Robot state not received
[Deoxys WARNING] 2025-09-03 15:58:16,156 - Robot state not received
[Deoxys WARNING] 2025-09-03 15:58:16,187 - Robot state not received
[Deoxys WARNING] 2025-09-03 15:58:16,656 - Robot state not received
[Deoxys WARNING] 2025-09-03 15:58:16,688 - Robot state not received
[Deoxys WARNING] 2025-09-03 15:58:17,157 - Robot state not received
[Deoxys WARNING] 2025-09-03 15:58:17,188 - Robot state not received
[Deoxys WARNING] 2025-09-03 15:58:17,658 - Robot state not received
[Deoxys WARNING] 2025-09-03 15:58:17,689 - Robot state not received
[Deoxys WARNING] 2025-09-03 15:58:18,159 - Robot state not received
[Deoxys WARNING] 2025-09-03 15:58:18,189 - Robot state not received
[Deoxys WARNING] 2025-09-03 15:58:18,660 - Robot state not received
[Deoxys WARNING] 2025-09-03 15:58:18,690 - Robot state not received
[Deoxys WARNING] 2025-09-03 15:58:19,161 - Robot state not received
[Deoxys WARNING] 2025-09-03 15:58:19,190 - Robot state not received
[Deoxys WARNING] 2025-09-03 15:58:19,662 - Robot state not received
[Deoxys WARNING] 2025-09-03 15:58:19,691 - Robot state not received
[Deoxys WARNING] 2025-09-03 15:58:20,162 - Robot state not received
[Deoxys WARNING] 2025-09-03 15:58:20,192 - Robot state not received
[Deoxys WARNING] 2025-09-03 15:58:20,663 - Robot state not received
[Deoxys WARNING] 2025-09-03 15:58:20,692 - Robot state not received
[Deoxys WARNING] 2025-09-03 15:58:21,164 - Robot state not received
[Deoxys WARNING] 2025-09-03 15:58:21,193 - Robot state not received
[Deoxys WARNING] 2025-09-03 15:58:21,665 - Robot state not received
[Deoxys WARNING] 2025-09-03 15:58:21,694 - Robot state not received
[Deoxys WARNING] 2025-09-03 15:58:22,166 - Robot state not received
[Deoxys WARNING] 2025-09-03 15:58:22,195 - Robot state not received
[Deoxys WARNING] 2025-09-03 15:58:22,667 - Robot state not received
[Deoxys WARNING] 2025-09-03 15:58:22,696 - Robot state not received
[Deoxys WARNING] 2025-09-03 15:58:23,168 - Robot state not received
[Deoxys WARNING] 2025-09-03 15:58:23,197 - Robot state not received
[Deoxys WARNING] 2025-09-03 15:58:23,669 - Robot state not received
[Deoxys WARNING] 2025-09-03 15:58:23,697 - Robot state not received
[Deoxys WARNING] 2025-09-03 15:58:24,170 - Robot state not received
[Deoxys WARNING] 2025-09-03 15:58:24,198 - Robot state not received
[Deoxys WARNING] 2025-09-03 15:58:24,671 - Robot state not received
[Deoxys WARNING] 2025-09-03 15:58:24,699 - Robot state not received
[Deoxys WARNING] 2025-09-03 15:58:25,172 - Robot state not received
[Deoxys WARNING] 2025-09-03 15:58:25,200 - Robot state not received
[Deoxys WARNING] 2025-09-03 15:58:25,673 - Robot state not received
[Deoxys WARNING] 2025-09-03 15:58:25,701 - Robot state not received
[Deoxys WARNING] 2025-09-03 15:58:26,174 - Robot state not received
[Deoxys WARNING] 2025-09-03 15:58:26,202 - Robot state not received
[Deoxys WARNING] 2025-09-03 15:58:26,675 - Robot state not received
[Deoxys WARNING] 2025-09-03 15:58:26,703 - Robot state not received
[Deoxys WARNING] 2025-09-03 15:58:27,176 - Robot state not received
[Deoxys WARNING] 2025-09-03 15:58:27,205 - Robot state not received
[Deoxys WARNING] 2025-09-03 15:58:27,676 - Robot state not received
[Deoxys WARNING] 2025-09-03 15:58:27,705 - Robot state not received
[Deoxys WARNING] 2025-09-03 15:58:28,177 - Robot state not received
[Deoxys WARNING] 2025-09-03 15:58:28,206 - Robot state not received
[Deoxys WARNING] 2025-09-03 15:58:28,678 - Robot state not received
[Deoxys WARNING] 2025-09-03 15:58:28,707 - Robot state not received
[Deoxys WARNING] 2025-09-03 15:58:29,179 - Robot state not received
[Deoxys WARNING] 2025-09-03 15:58:29,208 - Robot state not received
[Deoxys WARNING] 2025-09-03 15:58:29,679 - Robot state not received
[Deoxys WARNING] 2025-09-03 15:58:29,708 - Robot state not received
[Deoxys WARNING] 2025-09-03 15:58:30,180 - Robot state not received
[Deoxys WARNING] 2025-09-03 15:58:30,209 - Robot state not received
[Deoxys WARNING] 2025-09-03 15:58:30,681 - Robot state not received
[Deoxys WARNING] 2025-09-03 15:58:30,710 - Robot state not received
[Deoxys WARNING] 2025-09-03 15:58:31,182 - Robot state not received
[Deoxys WARNING] 2025-09-03 15:58:31,211 - Robot state not received
[Deoxys WARNING] 2025-09-03 15:58:31,683 - Robot state not received
[Deoxys WARNING] 2025-09-03 15:58:31,711 - Robot state not received
[Deoxys WARNING] 2025-09-03 15:58:32,184 - Robot state not received
[Deoxys WARNING] 2025-09-03 15:58:32,213 - Robot state not received
[Deoxys WARNING] 2025-09-03 15:58:32,684 - Robot state not received
[Deoxys WARNING] 2025-09-03 15:58:32,713 - Robot state not received
[Deoxys WARNING] 2025-09-03 15:58:33,185 - Robot state not received
[Deoxys WARNING] 2025-09-03 15:58:33,214 - Robot state not received
[Deoxys WARNING] 2025-09-03 16:02:32,745 - Robot state not received
[Deoxys WARNING] 2025-09-03 16:02:32,784 - Robot state not received
[Deoxys WARNING] 2025-09-03 16:02:33,246 - Robot state not received
[Deoxys WARNING] 2025-09-03 16:02:33,284 - Robot state not received
[Deoxys WARNING] 2025-09-03 16:02:33,746 - Robot state not received
[Deoxys WARNING] 2025-09-03 16:02:33,785 - Robot state not received
[Deoxys WARNING] 2025-09-03 16:02:34,247 - Robot state not received
[Deoxys WARNING] 2025-09-03 16:02:34,286 - Robot state not received
[Deoxys WARNING] 2025-09-03 16:02:34,749 - Robot state not received
[Deoxys WARNING] 2025-09-03 16:02:34,786 - Robot state not received
[Deoxys WARNING] 2025-09-03 16:02:35,250 - Robot state not received
[Deoxys WARNING] 2025-09-03 16:02:35,288 - Robot state not received
[Deoxys WARNING] 2025-09-03 16:02:35,751 - Robot state not received
[Deoxys WARNING] 2025-09-03 16:02:35,788 - Robot state not received
[Deoxys WARNING] 2025-09-03 16:02:36,252 - Robot state not received
[Deoxys WARNING] 2025-09-03 16:02:36,289 - Robot state not received
[Deoxys WARNING] 2025-09-03 16:02:36,753 - Robot state not received
[Deoxys WARNING] 2025-09-03 16:02:36,790 - Robot state not received
[Deoxys WARNING] 2025-09-03 16:02:37,254 - Robot state not received
[Deoxys WARNING] 2025-09-03 16:02:37,291 - Robot state not received
[Deoxys WARNING] 2025-09-03 16:02:37,755 - Robot state not received
[Deoxys WARNING] 2025-09-03 16:02:37,792 - Robot state not received
[Deoxys WARNING] 2025-09-03 16:02:38,256 - Robot state not received
[Deoxys WARNING] 2025-09-03 16:02:38,293 - Robot state not received
[Deoxys WARNING] 2025-09-03 16:02:38,757 - Robot state not received
[Deoxys WARNING] 2025-09-03 16:02:38,794 - Robot state not received
[Deoxys WARNING] 2025-09-03 16:02:39,258 - Robot state not received
[Deoxys WARNING] 2025-09-03 16:02:39,295 - Robot state not received
[Deoxys WARNING] 2025-09-03 16:02:39,759 - Robot state not received
[Deoxys WARNING] 2025-09-03 16:02:39,796 - Robot state not received
[Deoxys WARNING] 2025-09-03 16:02:40,260 - Robot state not received
[Deoxys WARNING] 2025-09-03 16:02:40,296 - Robot state not received
[Deoxys WARNING] 2025-09-03 16:02:40,760 - Robot state not received
[Deoxys WARNING] 2025-09-03 16:02:40,797 - Robot state not received
[Deoxys WARNING] 2025-09-03 16:05:28,236 - Robot state not received
[Deoxys WARNING] 2025-09-03 16:05:28,282 - Robot state not received
[Deoxys WARNING] 2025-09-03 16:05:28,737 - Robot state not received
[Deoxys WARNING] 2025-09-03 16:05:28,783 - Robot state not received
[Deoxys WARNING] 2025-09-03 16:05:29,237 - Robot state not received
[Deoxys WARNING] 2025-09-03 16:05:29,283 - Robot state not received
[Deoxys WARNING] 2025-09-03 16:05:29,738 - Robot state not received
[Deoxys WARNING] 2025-09-03 16:05:29,784 - Robot state not received
[Deoxys WARNING] 2025-09-03 16:05:30,239 - Robot state not received
[Deoxys WARNING] 2025-09-03 16:05:30,285 - Robot state not received
[Deoxys WARNING] 2025-09-03 16:05:30,740 - Robot state not received
[Deoxys WARNING] 2025-09-03 16:05:30,786 - Robot state not received
[Deoxys WARNING] 2025-09-03 16:05:31,240 - Robot state not received
[Deoxys WARNING] 2025-09-03 16:05:31,286 - Robot state not received
[Deoxys WARNING] 2025-09-03 16:05:31,741 - Robot state not received
[Deoxys WARNING] 2025-09-03 16:05:31,787 - Robot state not received
[Deoxys WARNING] 2025-09-03 18:07:13,192 - Robot state not received
[Deoxys WARNING] 2025-09-03 18:07:13,693 - Robot state not received
[Deoxys WARNING] 2025-09-03 18:07:14,193 - Robot state not received
[Deoxys WARNING] 2025-09-03 18:07:14,694 - Robot state not received
[Deoxys WARNING] 2025-09-03 18:07:15,196 - Robot state not received
[Deoxys WARNING] 2025-09-03 18:07:15,696 - Robot state not received
[Deoxys WARNING] 2025-09-03 18:07:16,197 - Robot state not received
[Deoxys WARNING] 2025-09-03 18:07:16,698 - Robot state not received
[Deoxys WARNING] 2025-09-03 18:07:17,198 - Robot state not received
[Deoxys WARNING] 2025-09-03 18:07:17,699 - Robot state not received
[Deoxys WARNING] 2025-09-03 18:07:18,200 - Robot state not received
[Deoxys WARNING] 2025-09-03 18:07:18,700 - Robot state not received
[Deoxys WARNING] 2025-09-03 18:07:19,201 - Robot state not received
[Deoxys WARNING] 2025-09-03 18:07:19,702 - Robot state not received
[Deoxys WARNING] 2025-09-03 18:07:20,202 - Robot state not received
[Deoxys WARNING] 2025-09-03 18:07:20,705 - Robot state not received
[Deoxys WARNING] 2025-09-03 18:07:21,206 - Robot state not received
[Deoxys WARNING] 2025-09-03 18:07:21,706 - Robot state not received
[Deoxys WARNING] 2025-09-03 18:07:22,207 - Robot state not received
[Deoxys WARNING] 2025-09-03 18:07:22,708 - Robot state not received
[Deoxys WARNING] 2025-09-03 18:07:23,209 - Robot state not received
[Deoxys WARNING] 2025-09-03 18:07:23,710 - Robot state not received
[Deoxys WARNING] 2025-09-03 18:07:24,211 - Robot state not received
[Deoxys WARNING] 2025-09-03 18:07:24,712 - Robot state not received
[Deoxys WARNING] 2025-09-03 18:07:25,213 - Robot state not received
[Deoxys WARNING] 2025-09-03 18:07:25,714 - Robot state not received
[Deoxys WARNING] 2025-09-03 18:07:26,214 - Robot state not received
[Deoxys WARNING] 2025-09-03 18:07:26,715 - Robot state not received
[Deoxys WARNING] 2025-09-03 18:07:27,216 - Robot state not received
[Deoxys WARNING] 2025-09-03 18:07:27,716 - Robot state not received
[Deoxys WARNING] 2025-09-03 18:07:28,217 - Robot state not received
[Deoxys WARNING] 2025-09-03 18:07:28,718 - Robot state not received
[Deoxys WARNING] 2025-09-03 18:07:29,218 - Robot state not received
[Deoxys WARNING] 2025-09-03 18:07:29,720 - Robot state not received
[Deoxys WARNING] 2025-09-03 18:07:30,221 - Robot state not received
[Deoxys WARNING] 2025-09-03 18:07:30,721 - Robot state not received
[Deoxys WARNING] 2025-09-03 18:07:31,222 - Robot state not received
[Deoxys WARNING] 2025-09-03 18:07:31,723 - Robot state not received
[Deoxys WARNING] 2025-09-03 18:07:32,226 - Robot state not received
[Deoxys WARNING] 2025-09-03 18:07:32,726 - Robot state not received
[Deoxys WARNING] 2025-09-03 18:07:33,227 - Robot state not received
[Deoxys WARNING] 2025-09-03 18:07:33,728 - Robot state not received
[Deoxys WARNING] 2025-09-03 18:07:34,229 - Robot state not received
[Deoxys WARNING] 2025-09-03 18:07:34,729 - Robot state not received
[Deoxys WARNING] 2025-09-03 18:07:35,230 - Robot state not received
[Deoxys WARNING] 2025-09-03 18:07:35,731 - Robot state not received
[Deoxys WARNING] 2025-09-03 18:07:36,232 - Robot state not received
[Deoxys WARNING] 2025-09-03 18:07:36,732 - Robot state not received
[Deoxys WARNING] 2025-09-03 18:07:37,233 - Robot state not received
[Deoxys WARNING] 2025-09-03 18:07:37,734 - Robot state not received
[Deoxys WARNING] 2025-09-03 18:07:38,234 - Robot state not received
[Deoxys WARNING] 2025-09-03 18:07:38,735 - Robot state not received
[Deoxys WARNING] 2025-09-03 18:07:39,235 - Robot state not received
[Deoxys WARNING] 2025-09-03 18:07:39,737 - Robot state not received
[Deoxys WARNING] 2025-09-03 18:07:40,237 - Robot state not received
[Deoxys WARNING] 2025-09-03 18:07:40,738 - Robot state not received
[Deoxys WARNING] 2025-09-03 18:07:41,239 - Robot state not received
[Deoxys WARNING] 2025-09-03 18:07:41,740 - Robot state not received
[Deoxys WARNING] 2025-09-03 18:07:42,240 - Robot state not received
[Deoxys WARNING] 2025-09-03 18:07:42,741 - Robot state not received
[Deoxys WARNING] 2025-09-03 18:07:43,242 - Robot state not received
[Deoxys WARNING] 2025-09-03 18:07:43,742 - Robot state not received
[Deoxys WARNING] 2025-09-03 18:07:44,244 - Robot state not received
[Deoxys WARNING] 2025-09-03 18:07:44,745 - Robot state not received
[Deoxys WARNING] 2025-09-03 18:07:45,245 - Robot state not received
[Deoxys WARNING] 2025-09-03 18:07:45,746 - Robot state not received
[Deoxys WARNING] 2025-09-03 18:07:46,247 - Robot state not received
[Deoxys WARNING] 2025-09-03 18:07:46,748 - Robot state not received
[Deoxys WARNING] 2025-09-03 18:07:47,249 - Robot state not received
[Deoxys WARNING] 2025-09-03 18:07:47,750 - Robot state not received
[Deoxys WARNING] 2025-09-03 18:07:48,251 - Robot state not received
[Deoxys WARNING] 2025-09-03 18:07:48,752 - Robot state not received
[Deoxys WARNING] 2025-09-03 18:07:49,252 - Robot state not received
[Deoxys WARNING] 2025-09-03 18:07:49,753 - Robot state not received
[Deoxys WARNING] 2025-09-03 18:07:50,254 - Robot state not received
[Deoxys WARNING] 2025-09-03 18:07:50,755 - Robot state not received
[Deoxys WARNING] 2025-09-03 18:07:51,255 - Robot state not received
[Deoxys WARNING] 2025-09-03 18:07:51,756 - Robot state not received
[Deoxys WARNING] 2025-09-03 18:07:52,257 - Robot state not received
[Deoxys WARNING] 2025-09-03 18:07:52,758 - Robot state not received
[Deoxys WARNING] 2025-09-03 18:07:53,258 - Robot state not received
[Deoxys WARNING] 2025-09-03 18:07:53,759 - Robot state not received
[Deoxys WARNING] 2025-09-03 18:07:54,260 - Robot state not received
[Deoxys WARNING] 2025-09-03 18:07:54,760 - Robot state not received
[Deoxys WARNING] 2025-09-03 18:07:55,261 - Robot state not received
[Deoxys WARNING] 2025-09-03 18:07:55,762 - Robot state not received
[Deoxys WARNING] 2025-09-03 18:07:56,262 - Robot state not received
[Deoxys WARNING] 2025-09-03 18:07:56,763 - Robot state not received
[Deoxys WARNING] 2025-09-03 18:07:57,264 - Robot state not received
[Deoxys WARNING] 2025-09-03 18:07:57,765 - Robot state not received
[Deoxys WARNING] 2025-09-03 18:07:58,265 - Robot state not received
[Deoxys WARNING] 2025-09-03 18:07:58,767 - Robot state not received
[Deoxys WARNING] 2025-09-03 18:07:59,267 - Robot state not received
[Deoxys WARNING] 2025-09-03 18:07:59,768 - Robot state not received
[Deoxys WARNING] 2025-09-03 18:08:00,269 - Robot state not received
[Deoxys WARNING] 2025-09-03 18:08:00,769 - Robot state not received
[Deoxys WARNING] 2025-09-03 18:08:01,270 - Robot state not received
[Deoxys WARNING] 2025-09-03 18:08:01,771 - Robot state not received
[Deoxys WARNING] 2025-09-03 18:08:02,271 - Robot state not received
[Deoxys WARNING] 2025-09-03 18:08:02,774 - Robot state not received
[Deoxys WARNING] 2025-09-03 18:08:03,274 - Robot state not received
[Deoxys WARNING] 2025-09-03 18:08:03,775 - Robot state not received
[Deoxys WARNING] 2025-09-03 18:08:04,278 - Robot state not received
[Deoxys WARNING] 2025-09-03 18:08:04,779 - Robot state not received
[Deoxys WARNING] 2025-09-03 18:08:05,281 - Robot state not received
[Deoxys WARNING] 2025-09-03 18:08:05,782 - Robot state not received
[Deoxys WARNING] 2025-09-03 18:08:06,282 - Robot state not received
[Deoxys WARNING] 2025-09-03 18:08:06,784 - Robot state not received
[Deoxys WARNING] 2025-09-03 18:08:07,285 - Robot state not received
[Deoxys WARNING] 2025-09-03 18:08:07,786 - Robot state not received
[Deoxys WARNING] 2025-09-03 18:08:08,288 - Robot state not received
[Deoxys WARNING] 2025-09-03 18:08:08,789 - Robot state not received
[Deoxys WARNING] 2025-09-03 18:08:09,289 - Robot state not received
[Deoxys WARNING] 2025-09-03 18:08:09,790 - Robot state not received
[Deoxys WARNING] 2025-09-03 18:08:10,294 - Robot state not received
[Deoxys WARNING] 2025-09-03 18:08:10,795 - Robot state not received
[Deoxys WARNING] 2025-09-03 18:08:11,296 - Robot state not received
[Deoxys WARNING] 2025-09-03 18:08:11,797 - Robot state not received
[Deoxys WARNING] 2025-09-03 18:08:12,297 - Robot state not received
[Deoxys WARNING] 2025-09-03 18:08:12,798 - Robot state not received
[Deoxys WARNING] 2025-09-03 18:08:13,299 - Robot state not received
[Deoxys WARNING] 2025-09-03 18:08:13,799 - Robot state not received
[Deoxys WARNING] 2025-09-03 18:08:14,300 - Robot state not received
[Deoxys WARNING] 2025-09-03 18:08:14,800 - Robot state not received
[Deoxys WARNING] 2025-09-03 18:08:15,301 - Robot state not received
[Deoxys WARNING] 2025-09-03 18:08:15,802 - Robot state not received
[Deoxys WARNING] 2025-09-03 18:08:16,303 - Robot state not received
[Deoxys WARNING] 2025-09-03 18:08:16,804 - Robot state not received
[Deoxys WARNING] 2025-09-03 18:08:17,305 - Robot state not received
[Deoxys WARNING] 2025-09-03 18:08:17,805 - Robot state not received
[Deoxys WARNING] 2025-09-03 18:08:18,306 - Robot state not received
[Deoxys WARNING] 2025-09-03 18:08:18,808 - Robot state not received
[Deoxys WARNING] 2025-09-03 18:08:19,308 - Robot state not received
[Deoxys WARNING] 2025-09-03 18:08:19,810 - Robot state not received
[Deoxys WARNING] 2025-09-03 18:08:20,310 - Robot state not received
[Deoxys WARNING] 2025-09-03 18:08:20,811 - Robot state not received
[Deoxys WARNING] 2025-09-03 18:08:21,313 - Robot state not received
[Deoxys WARNING] 2025-09-03 18:08:21,814 - Robot state not received
[Deoxys WARNING] 2025-09-03 18:08:22,315 - Robot state not received
[Deoxys WARNING] 2025-09-03 18:08:22,816 - Robot state not received
[Deoxys WARNING] 2025-09-03 18:08:23,317 - Robot state not received
[Deoxys WARNING] 2025-09-03 18:08:23,817 - Robot state not received
[Deoxys WARNING] 2025-09-03 18:08:24,318 - Robot state not received
[Deoxys WARNING] 2025-09-03 18:08:24,819 - Robot state not received
[Deoxys WARNING] 2025-09-03 18:08:25,320 - Robot state not received
[Deoxys WARNING] 2025-09-03 18:08:25,820 - Robot state not received
[Deoxys WARNING] 2025-09-03 18:08:26,321 - Robot state not received
[Deoxys WARNING] 2025-09-03 18:08:26,821 - Robot state not received
[Deoxys WARNING] 2025-09-03 18:08:27,323 - Robot state not received
[Deoxys WARNING] 2025-09-03 18:08:27,823 - Robot state not received
[Deoxys WARNING] 2025-09-03 18:08:28,324 - Robot state not received
[Deoxys WARNING] 2025-09-03 18:08:28,825 - Robot state not received
[Deoxys WARNING] 2025-09-03 18:08:29,325 - Robot state not received
[Deoxys WARNING] 2025-09-03 18:08:29,826 - Robot state not received
[Deoxys WARNING] 2025-09-03 18:08:30,334 - Robot state not received
[Deoxys WARNING] 2025-09-03 18:08:30,834 - Robot state not received
[Deoxys WARNING] 2025-09-03 18:08:31,335 - Robot state not received
[Deoxys WARNING] 2025-09-03 18:08:31,836 - Robot state not received
[Deoxys WARNING] 2025-09-03 18:08:32,336 - Robot state not received
[Deoxys WARNING] 2025-09-03 18:08:32,837 - Robot state not received
[Deoxys WARNING] 2025-09-03 18:08:33,338 - Robot state not received
[Deoxys WARNING] 2025-09-03 18:08:33,838 - Robot state not received
[Deoxys WARNING] 2025-09-03 18:08:34,339 - Robot state not received
[Deoxys WARNING] 2025-09-03 18:08:34,842 - Robot state not received
[Deoxys WARNING] 2025-09-03 18:08:35,342 - Robot state not received
[Deoxys WARNING] 2025-09-03 18:08:35,842 - Robot state not received
[Deoxys WARNING] 2025-09-03 18:08:36,343 - Robot state not received
[Deoxys WARNING] 2025-09-03 18:08:36,844 - Robot state not received
[Deoxys WARNING] 2025-09-03 18:08:37,344 - Robot state not received
[Deoxys WARNING] 2025-09-03 18:08:37,845 - Robot state not received
[Deoxys WARNING] 2025-09-03 18:08:38,346 - Robot state not received
[Deoxys WARNING] 2025-09-03 18:08:38,846 - Robot state not received
[Deoxys WARNING] 2025-09-03 18:08:39,347 - Robot state not received
[Deoxys WARNING] 2025-09-03 18:08:39,848 - Robot state not received
[Deoxys WARNING] 2025-09-03 18:08:40,349 - Robot state not received
[Deoxys WARNING] 2025-09-03 18:08:40,850 - Robot state not received
[Deoxys WARNING] 2025-09-03 18:08:41,351 - Robot state not received
[Deoxys WARNING] 2025-09-03 18:08:41,852 - Robot state not received
[Deoxys WARNING] 2025-09-03 18:08:42,352 - Robot state not received
[Deoxys WARNING] 2025-09-03 18:08:42,853 - Robot state not received
[Deoxys WARNING] 2025-09-03 18:08:43,354 - Robot state not received
[Deoxys WARNING] 2025-09-03 18:08:43,854 - Robot state not received
[Deoxys WARNING] 2025-09-03 18:08:44,355 - Robot state not received
[Deoxys WARNING] 2025-09-03 18:08:44,856 - Robot state not received
[Deoxys WARNING] 2025-09-03 18:08:45,357 - Robot state not received
[Deoxys WARNING] 2025-09-03 18:08:45,857 - Robot state not received
[Deoxys WARNING] 2025-09-03 18:08:46,358 - Robot state not received
[Deoxys WARNING] 2025-09-03 18:08:46,859 - Robot state not received
[Deoxys WARNING] 2025-09-03 18:08:47,360 - Robot state not received
[Deoxys WARNING] 2025-09-03 18:08:47,861 - Robot state not received
[Deoxys WARNING] 2025-09-03 18:08:48,362 - Robot state not received
[Deoxys WARNING] 2025-09-03 18:08:48,862 - Robot state not received
[Deoxys WARNING] 2025-09-03 18:08:49,363 - Robot state not received
[Deoxys WARNING] 2025-09-03 18:08:49,864 - Robot state not received
[Deoxys WARNING] 2025-09-03 18:08:50,365 - Robot state not received
[Deoxys WARNING] 2025-09-03 18:08:50,865 - Robot state not received
[Deoxys WARNING] 2025-09-03 18:08:51,366 - Robot state not received
[Deoxys WARNING] 2025-09-03 18:08:51,867 - Robot state not received
[Deoxys WARNING] 2025-09-03 18:08:52,367 - Robot state not received
[Deoxys WARNING] 2025-09-03 18:08:52,868 - Robot state not received
[Deoxys WARNING] 2025-09-03 18:08:53,369 - Robot state not received
[Deoxys WARNING] 2025-09-03 18:08:53,870 - Robot state not received
[Deoxys WARNING] 2025-09-03 18:08:54,370 - Robot state not received
[Deoxys WARNING] 2025-09-03 18:08:54,872 - Robot state not received
[Deoxys WARNING] 2025-09-03 18:08:55,373 - Robot state not received
[Deoxys WARNING] 2025-09-03 18:08:55,873 - Robot state not received
[Deoxys WARNING] 2025-09-03 18:08:56,374 - Robot state not received
[Deoxys WARNING] 2025-09-03 18:08:56,875 - Robot state not received
[Deoxys WARNING] 2025-09-03 18:08:57,377 - Robot state not received
[Deoxys WARNING] 2025-09-03 18:08:57,877 - Robot state not received
[Deoxys WARNING] 2025-09-03 18:08:58,378 - Robot state not received
[Deoxys WARNING] 2025-09-03 18:08:58,881 - Robot state not received
[Deoxys WARNING] 2025-09-03 18:08:59,382 - Robot state not received
[Deoxys WARNING] 2025-09-03 18:08:59,882 - Robot state not received
[Deoxys WARNING] 2025-09-03 18:09:00,385 - Robot state not received
[Deoxys WARNING] 2025-09-03 18:09:00,886 - Robot state not received
[Deoxys WARNING] 2025-09-03 18:09:01,387 - Robot state not received
[Deoxys WARNING] 2025-09-03 18:09:01,888 - Robot state not received
[Deoxys WARNING] 2025-09-03 18:09:02,389 - Robot state not received
[Deoxys WARNING] 2025-09-03 18:09:02,890 - Robot state not received
[Deoxys WARNING] 2025-09-03 18:09:03,391 - Robot state not received
[Deoxys WARNING] 2025-09-03 18:09:03,894 - Robot state not received
[Deoxys WARNING] 2025-09-03 18:09:04,394 - Robot state not received
[Deoxys WARNING] 2025-09-03 18:09:04,896 - Robot state not received
[Deoxys WARNING] 2025-09-03 18:09:05,397 - Robot state not received
[Deoxys WARNING] 2025-09-03 18:09:05,897 - Robot state not received
[Deoxys WARNING] 2025-09-03 18:09:06,398 - Robot state not received
[Deoxys WARNING] 2025-09-03 18:09:06,899 - Robot state not received
[Deoxys WARNING] 2025-09-03 18:09:07,400 - Robot state not received
[Deoxys WARNING] 2025-09-03 18:09:07,901 - Robot state not received
[Deoxys WARNING] 2025-09-03 18:09:08,402 - Robot state not received
[Deoxys WARNING] 2025-09-03 18:09:08,903 - Robot state not received
[Deoxys WARNING] 2025-09-03 18:09:09,404 - Robot state not received
[Deoxys WARNING] 2025-09-03 18:09:09,904 - Robot state not received
[Deoxys WARNING] 2025-09-03 18:09:10,405 - Robot state not received
[Deoxys WARNING] 2025-09-03 18:09:10,905 - Robot state not received
[Deoxys WARNING] 2025-09-03 18:09:11,407 - Robot state not received
[Deoxys WARNING] 2025-09-03 18:09:11,907 - Robot state not received
[Deoxys WARNING] 2025-09-03 18:09:12,408 - Robot state not received
[Deoxys WARNING] 2025-09-03 18:09:12,909 - Robot state not received
[Deoxys WARNING] 2025-09-03 18:09:13,409 - Robot state not received
[Deoxys WARNING] 2025-09-03 18:09:13,910 - Robot state not received
[Deoxys WARNING] 2025-09-03 18:09:14,410 - Robot state not received
[Deoxys WARNING] 2025-09-03 18:09:14,911 - Robot state not received
[Deoxys WARNING] 2025-09-03 18:09:15,414 - Robot state not received
[Deoxys WARNING] 2025-09-03 18:09:15,914 - Robot state not received
[Deoxys WARNING] 2025-09-03 18:09:16,415 - Robot state not received
[Deoxys WARNING] 2025-09-03 18:09:16,917 - Robot state not received
[Deoxys WARNING] 2025-09-03 18:09:17,418 - Robot state not received
[Deoxys WARNING] 2025-09-03 18:09:17,919 - Robot state not received
[Deoxys WARNING] 2025-09-03 18:09:18,420 - Robot state not received
[Deoxys WARNING] 2025-09-03 18:09:18,920 - Robot state not received
[Deoxys WARNING] 2025-09-03 18:09:19,421 - Robot state not received
[Deoxys WARNING] 2025-09-03 18:09:19,922 - Robot state not received
[Deoxys WARNING] 2025-09-03 18:09:20,422 - Robot state not received
[Deoxys WARNING] 2025-09-03 18:09:20,923 - Robot state not received
[Deoxys WARNING] 2025-09-03 18:09:21,423 - Robot state not received
[Deoxys WARNING] 2025-09-03 18:09:21,924 - Robot state not received
[Deoxys WARNING] 2025-09-03 18:09:22,425 - Robot state not received
[Deoxys WARNING] 2025-09-03 18:09:22,926 - Robot state not received
[Deoxys WARNING] 2025-09-03 18:09:23,426 - Robot state not received
[Deoxys WARNING] 2025-09-03 18:09:23,927 - Robot state not received
[Deoxys WARNING] 2025-09-03 18:09:24,428 - Robot state not received
[Deoxys WARNING] 2025-09-03 18:09:24,930 - Robot state not received
[Deoxys WARNING] 2025-09-03 18:09:25,431 - Robot state not received
[Deoxys WARNING] 2025-09-03 18:09:25,931 - Robot state not received
[Deoxys WARNING] 2025-09-03 18:09:26,433 - Robot state not received
[Deoxys WARNING] 2025-09-03 18:09:26,934 - Robot state not received
[Deoxys WARNING] 2025-09-03 18:09:27,434 - Robot state not received
[Deoxys WARNING] 2025-09-03 18:09:27,935 - Robot state not received
[Deoxys WARNING] 2025-09-03 18:09:28,439 - Robot state not received
[Deoxys WARNING] 2025-09-03 18:09:28,940 - Robot state not received
[Deoxys WARNING] 2025-09-03 18:09:29,440 - Robot state not received
[Deoxys WARNING] 2025-09-03 18:09:29,942 - Robot state not received
[Deoxys WARNING] 2025-09-03 18:09:30,442 - Robot state not received
[Deoxys WARNING] 2025-09-03 18:09:30,945 - Robot state not received
[Deoxys WARNING] 2025-09-03 18:09:31,446 - Robot state not received
[Deoxys WARNING] 2025-09-03 18:09:31,947 - Robot state not received
[Deoxys WARNING] 2025-09-03 18:09:32,449 - Robot state not received
[Deoxys WARNING] 2025-09-03 18:09:32,951 - Robot state not received
[Deoxys WARNING] 2025-09-03 18:09:33,453 - Robot state not received
[Deoxys WARNING] 2025-09-03 18:09:33,953 - Robot state not received
[Deoxys WARNING] 2025-09-03 18:09:34,455 - Robot state not received
[Deoxys WARNING] 2025-09-03 18:09:34,955 - Robot state not received
[Deoxys WARNING] 2025-09-03 18:09:35,459 - Robot state not received
[Deoxys WARNING] 2025-09-03 18:09:35,960 - Robot state not received
[Deoxys WARNING] 2025-09-03 18:09:36,460 - Robot state not received
[Deoxys WARNING] 2025-09-03 18:09:36,961 - Robot state not received
[Deoxys WARNING] 2025-09-03 18:09:37,462 - Robot state not received
[Deoxys WARNING] 2025-09-03 18:09:37,963 - Robot state not received
[Deoxys WARNING] 2025-09-03 18:09:38,465 - Robot state not received
[Deoxys WARNING] 2025-09-03 18:09:38,966 - Robot state not received
[Deoxys WARNING] 2025-09-03 18:09:39,466 - Robot state not received
[Deoxys WARNING] 2025-09-03 18:09:39,969 - Robot state not received
[Deoxys WARNING] 2025-09-03 18:09:40,470 - Robot state not received
[Deoxys WARNING] 2025-09-03 18:09:40,971 - Robot state not received
[Deoxys WARNING] 2025-09-03 18:09:41,474 - Robot state not received
[Deoxys WARNING] 2025-09-03 18:09:41,975 - Robot state not received
[Deoxys WARNING] 2025-09-03 18:09:42,475 - Robot state not received
[Deoxys WARNING] 2025-09-03 18:09:42,976 - Robot state not received
[Deoxys WARNING] 2025-09-03 18:09:43,476 - Robot state not received
[Deoxys WARNING] 2025-09-03 18:09:43,977 - Robot state not received
[Deoxys WARNING] 2025-09-03 18:09:44,477 - Robot state not received
[Deoxys WARNING] 2025-09-03 18:09:44,979 - Robot state not received
[Deoxys WARNING] 2025-09-03 18:09:45,479 - Robot state not received
[Deoxys WARNING] 2025-09-03 18:09:45,980 - Robot state not received
[Deoxys WARNING] 2025-09-03 18:09:46,480 - Robot state not received
[Deoxys WARNING] 2025-09-03 18:09:46,981 - Robot state not received
[Deoxys WARNING] 2025-09-03 18:09:47,482 - Robot state not received
[Deoxys WARNING] 2025-09-03 18:09:47,983 - Robot state not received
[Deoxys WARNING] 2025-09-03 18:09:48,483 - Robot state not received
[Deoxys WARNING] 2025-09-03 18:09:48,983 - Robot state not received
[Deoxys WARNING] 2025-09-03 18:09:49,484 - Robot state not received
[Deoxys WARNING] 2025-09-03 18:09:49,984 - Robot state not received
[Deoxys WARNING] 2025-09-03 18:09:50,485 - Robot state not received
[Deoxys WARNING] 2025-09-03 18:09:50,986 - Robot state not received
[Deoxys WARNING] 2025-09-03 18:09:51,489 - Robot state not received
[Deoxys WARNING] 2025-09-03 18:09:51,990 - Robot state not received
[Deoxys WARNING] 2025-09-03 18:09:52,491 - Robot state not received
[Deoxys WARNING] 2025-09-03 18:09:52,992 - Robot state not received
[Deoxys WARNING] 2025-09-03 18:09:53,492 - Robot state not received
[Deoxys WARNING] 2025-09-03 18:09:53,993 - Robot state not received
[Deoxys WARNING] 2025-09-03 18:09:54,494 - Robot state not received
[Deoxys WARNING] 2025-09-03 18:09:54,994 - Robot state not received
[Deoxys WARNING] 2025-09-03 18:09:55,495 - Robot state not received
[Deoxys WARNING] 2025-09-03 18:09:55,996 - Robot state not received
[Deoxys WARNING] 2025-09-03 18:09:56,497 - Robot state not received
[Deoxys WARNING] 2025-09-03 18:09:56,997 - Robot state not received
[Deoxys WARNING] 2025-09-03 18:09:57,498 - Robot state not received
[Deoxys WARNING] 2025-09-03 18:09:57,999 - Robot state not received
[Deoxys WARNING] 2025-09-03 18:09:58,500 - Robot state not received
[Deoxys WARNING] 2025-09-03 18:09:59,001 - Robot state not received
[Deoxys WARNING] 2025-09-03 18:09:59,502 - Robot state not received
[Deoxys WARNING] 2025-09-03 18:10:00,002 - Robot state not received
[Deoxys WARNING] 2025-09-03 18:10:00,504 - Robot state not received
[Deoxys WARNING] 2025-09-03 18:10:01,005 - Robot state not received
[Deoxys WARNING] 2025-09-03 18:10:01,506 - Robot state not received
[Deoxys WARNING] 2025-09-03 18:10:02,006 - Robot state not received
[Deoxys WARNING] 2025-09-03 18:10:02,507 - Robot state not received
[Deoxys WARNING] 2025-09-03 18:10:03,007 - Robot state not received
[Deoxys WARNING] 2025-09-03 18:10:03,508 - Robot state not received
[Deoxys WARNING] 2025-09-03 18:10:04,009 - Robot state not received
[Deoxys WARNING] 2025-09-03 18:10:04,509 - Robot state not received
[Deoxys WARNING] 2025-09-03 18:10:05,010 - Robot state not received
[Deoxys WARNING] 2025-09-03 18:10:05,511 - Robot state not received
[Deoxys WARNING] 2025-09-03 18:10:06,012 - Robot state not received
[Deoxys WARNING] 2025-09-03 18:10:06,512 - Robot state not received
[Deoxys WARNING] 2025-09-03 18:10:07,013 - Robot state not received
[Deoxys WARNING] 2025-09-03 18:10:07,513 - Robot state not received
[Deoxys WARNING] 2025-09-03 18:10:08,014 - Robot state not received
[Deoxys WARNING] 2025-09-03 18:10:08,515 - Robot state not received
[Deoxys WARNING] 2025-09-03 18:10:09,016 - Robot state not received
[Deoxys WARNING] 2025-09-03 18:10:09,516 - Robot state not received
[Deoxys WARNING] 2025-09-03 18:10:10,017 - Robot state not received
[Deoxys WARNING] 2025-09-03 18:10:10,519 - Robot state not received
[Deoxys WARNING] 2025-09-03 18:10:11,020 - Robot state not received
[Deoxys WARNING] 2025-09-03 18:10:11,521 - Robot state not received
[Deoxys WARNING] 2025-09-03 18:10:12,023 - Robot state not received
[Deoxys WARNING] 2025-09-03 18:10:12,524 - Robot state not received
[Deoxys WARNING] 2025-09-03 18:10:13,025 - Robot state not received
[Deoxys WARNING] 2025-09-03 18:10:13,526 - Robot state not received
[Deoxys WARNING] 2025-09-03 18:10:14,027 - Robot state not received
[Deoxys WARNING] 2025-09-03 18:10:14,530 - Robot state not received
[Deoxys WARNING] 2025-09-03 18:10:15,031 - Robot state not received
[Deoxys WARNING] 2025-09-03 18:10:15,531 - Robot state not received
[Deoxys WARNING] 2025-09-03 18:10:16,032 - Robot state not received
[Deoxys WARNING] 2025-09-03 18:10:16,533 - Robot state not received
[Deoxys WARNING] 2025-09-03 18:10:17,033 - Robot state not received
[Deoxys WARNING] 2025-09-03 18:10:17,534 - Robot state not received
[Deoxys WARNING] 2025-09-03 18:10:18,034 - Robot state not received
[Deoxys WARNING] 2025-09-03 18:10:18,535 - Robot state not received
[Deoxys WARNING] 2025-09-03 18:10:19,036 - Robot state not received
[Deoxys WARNING] 2025-09-03 18:10:19,537 - Robot state not received
[Deoxys WARNING] 2025-09-03 18:10:20,037 - Robot state not received
[Deoxys WARNING] 2025-09-03 18:10:20,538 - Robot state not received
[Deoxys WARNING] 2025-09-03 18:10:21,039 - Robot state not received
[Deoxys WARNING] 2025-09-03 18:10:21,540 - Robot state not received
[Deoxys WARNING] 2025-09-03 18:10:22,041 - Robot state not received
[Deoxys WARNING] 2025-09-03 18:10:22,542 - Robot state not received
[Deoxys WARNING] 2025-09-03 18:10:23,045 - Robot state not received
[Deoxys WARNING] 2025-09-03 18:10:23,546 - Robot state not received
[Deoxys WARNING] 2025-09-03 18:10:24,048 - Robot state not received
[Deoxys WARNING] 2025-09-03 18:10:24,548 - Robot state not received
[Deoxys WARNING] 2025-09-05 18:12:09,512 - Robot state not received
[Deoxys WARNING] 2025-09-05 18:12:09,512 - Robot state not received
[Deoxys WARNING] 2025-09-05 18:17:27,032 - Robot state not received
[Deoxys WARNING] 2025-09-05 18:42:24,108 - Robot state not received
[Deoxys WARNING] 2025-09-05 18:42:24,110 - Robot state not received
[Deoxys WARNING] 2025-09-05 19:05:30,246 - Robot state not received
[Deoxys WARNING] 2025-09-05 19:05:30,293 - Robot state not received
[Deoxys WARNING] 2025-09-05 19:05:30,746 - Robot state not received
[Deoxys WARNING] 2025-09-05 19:05:30,794 - Robot state not received
[Deoxys WARNING] 2025-09-05 19:05:31,247 - Robot state not received
[Deoxys WARNING] 2025-09-05 19:05:31,295 - Robot state not received
[Deoxys WARNING] 2025-09-05 19:05:31,748 - Robot state not received
[Deoxys WARNING] 2025-09-05 19:05:31,796 - Robot state not received
[Deoxys WARNING] 2025-09-05 19:05:32,249 - Robot state not received
[Deoxys WARNING] 2025-09-05 19:05:32,297 - Robot state not received
[Deoxys WARNING] 2025-09-05 19:05:32,750 - Robot state not received
[Deoxys WARNING] 2025-09-05 19:05:32,798 - Robot state not received
[Deoxys WARNING] 2025-09-05 19:05:33,251 - Robot state not received
[Deoxys WARNING] 2025-09-05 19:05:33,299 - Robot state not received
[Deoxys WARNING] 2025-09-05 19:05:33,752 - Robot state not received
[Deoxys WARNING] 2025-09-05 19:05:33,800 - Robot state not received
[Deoxys WARNING] 2025-09-05 19:05:34,252 - Robot state not received
[Deoxys WARNING] 2025-09-05 19:05:34,300 - Robot state not received
[Deoxys WARNING] 2025-09-05 19:05:34,753 - Robot state not received
[Deoxys WARNING] 2025-09-05 19:05:34,801 - Robot state not received
[Deoxys WARNING] 2025-09-05 19:05:35,254 - Robot state not received
[Deoxys WARNING] 2025-09-05 19:05:35,302 - Robot state not received
[Deoxys WARNING] 2025-09-05 19:05:35,755 - Robot state not received
[Deoxys WARNING] 2025-09-05 19:05:35,803 - Robot state not received
[Deoxys WARNING] 2025-09-05 19:05:36,256 - Robot state not received
[Deoxys WARNING] 2025-09-05 19:05:36,304 - Robot state not received
[Deoxys WARNING] 2025-09-05 19:05:36,757 - Robot state not received
[Deoxys WARNING] 2025-09-05 19:05:36,804 - Robot state not received
[Deoxys WARNING] 2025-09-05 19:05:37,257 - Robot state not received
[Deoxys WARNING] 2025-09-05 19:05:37,305 - Robot state not received
[Deoxys WARNING] 2025-09-05 19:05:37,758 - Robot state not received
[Deoxys WARNING] 2025-09-05 19:05:37,806 - Robot state not received
[Deoxys WARNING] 2025-09-05 19:05:38,259 - Robot state not received
[Deoxys WARNING] 2025-09-05 19:05:38,307 - Robot state not received
[Deoxys WARNING] 2025-09-05 19:05:38,760 - Robot state not received
[Deoxys WARNING] 2025-09-05 19:05:38,808 - Robot state not received
[Deoxys WARNING] 2025-09-05 19:05:39,261 - Robot state not received
[Deoxys WARNING] 2025-09-05 19:05:39,309 - Robot state not received
[Deoxys WARNING] 2025-09-05 19:05:39,762 - Robot state not received
[Deoxys WARNING] 2025-09-05 19:05:39,810 - Robot state not received
[Deoxys WARNING] 2025-09-05 19:05:40,263 - Robot state not received
[Deoxys WARNING] 2025-09-05 19:05:40,311 - Robot state not received
[Deoxys WARNING] 2025-09-05 19:05:40,764 - Robot state not received
[Deoxys WARNING] 2025-09-05 19:05:40,812 - Robot state not received
[Deoxys WARNING] 2025-09-05 19:05:41,265 - Robot state not received
[Deoxys WARNING] 2025-09-05 19:05:41,312 - Robot state not received
[Deoxys WARNING] 2025-09-05 19:05:41,765 - Robot state not received
[Deoxys WARNING] 2025-09-05 19:05:41,813 - Robot state not received
[Deoxys WARNING] 2025-09-05 19:05:42,267 - Robot state not received
[Deoxys WARNING] 2025-09-05 19:05:42,314 - Robot state not received
[Deoxys WARNING] 2025-09-05 19:05:42,768 - Robot state not received
[Deoxys WARNING] 2025-09-05 19:05:42,815 - Robot state not received
[Deoxys WARNING] 2025-09-05 19:05:43,269 - Robot state not received
[Deoxys WARNING] 2025-09-05 19:05:43,316 - Robot state not received
[Deoxys WARNING] 2025-09-05 19:05:43,770 - Robot state not received
[Deoxys WARNING] 2025-09-05 19:05:43,816 - Robot state not received
[Deoxys WARNING] 2025-09-05 19:05:44,270 - Robot state not received
[Deoxys WARNING] 2025-09-05 19:05:44,317 - Robot state not received
[Deoxys WARNING] 2025-09-05 19:05:44,771 - Robot state not received
[Deoxys WARNING] 2025-09-05 19:05:44,818 - Robot state not received
[Deoxys WARNING] 2025-09-05 19:05:45,272 - Robot state not received
[Deoxys WARNING] 2025-09-05 19:05:45,319 - Robot state not received
[Deoxys WARNING] 2025-09-05 19:05:45,773 - Robot state not received
[Deoxys WARNING] 2025-09-05 19:05:45,819 - Robot state not received
[Deoxys WARNING] 2025-09-05 19:05:46,274 - Robot state not received
[Deoxys WARNING] 2025-09-05 19:05:46,320 - Robot state not received
[Deoxys WARNING] 2025-09-05 19:05:46,775 - Robot state not received
[Deoxys WARNING] 2025-09-05 19:05:46,821 - Robot state not received
[Deoxys WARNING] 2025-09-05 19:05:47,276 - Robot state not received
[Deoxys WARNING] 2025-09-05 19:05:47,322 - Robot state not received
[Deoxys WARNING] 2025-09-05 19:07:47,171 - Robot state not received
[Deoxys WARNING] 2025-09-07 19:28:47,379 - Robot state not received
[Deoxys WARNING] 2025-09-07 19:28:47,379 - Robot state not received
[Deoxys WARNING] 2025-09-07 19:28:47,880 - Robot state not received
[Deoxys WARNING] 2025-09-07 19:28:48,380 - Robot state not received
[Deoxys WARNING] 2025-09-07 19:28:48,881 - Robot state not received
[Deoxys WARNING] 2025-09-07 19:28:49,382 - Robot state not received
[Deoxys WARNING] 2025-09-07 19:31:14,577 - Robot state not received
[Deoxys WARNING] 2025-09-07 19:32:03,720 - Robot state not received
[Deoxys WARNING] 2025-09-07 19:38:46,652 - Robot state not received
[Deoxys WARNING] 2025-09-07 19:41:23,659 - Robot state not received
[Deoxys WARNING] 2025-09-08 10:27:28,406 - Robot state not received
[Deoxys WARNING] 2025-09-08 10:28:41,215 - Robot state not received
[Deoxys WARNING] 2025-09-08 10:29:22,850 - Robot state not received
[Deoxys WARNING] 2025-09-08 11:11:16,463 - Robot state not received
[Deoxys WARNING] 2025-09-08 11:13:18,493 - Robot state not received
[Deoxys WARNING] 2025-09-08 11:13:56,400 - Robot state not received
[Deoxys WARNING] 2025-09-08 11:15:05,547 - Robot state not received
[Deoxys WARNING] 2025-09-08 11:19:15,338 - Robot state not received
[Deoxys WARNING] 2025-09-08 11:40:37,728 - Robot state not received
[Deoxys WARNING] 2025-09-09 16:27:41,506 - Robot state not received
[Deoxys WARNING] 2025-09-09 16:27:41,506 - Robot state not received
[Deoxys WARNING] 2025-09-09 16:27:42,007 - Robot state not received
[Deoxys WARNING] 2025-09-09 16:27:42,007 - Robot state not received
[Deoxys WARNING] 2025-09-09 16:27:42,508 - Robot state not received
[Deoxys WARNING] 2025-09-09 16:27:42,508 - Robot state not received
[Deoxys WARNING] 2025-09-09 16:27:43,009 - Robot state not received
[Deoxys WARNING] 2025-09-09 16:27:43,009 - Robot state not received
[Deoxys WARNING] 2025-09-09 16:27:43,510 - Robot state not received
[Deoxys WARNING] 2025-09-09 16:27:43,510 - Robot state not received
[Deoxys WARNING] 2025-09-09 16:27:44,010 - Robot state not received
[Deoxys WARNING] 2025-09-09 16:27:44,011 - Robot state not received
[Deoxys WARNING] 2025-09-09 16:28:54,636 - Robot state not received
[Deoxys WARNING] 2025-09-09 16:28:54,638 - Robot state not received
[Deoxys WARNING] 2025-09-09 16:34:21,284 - Robot state not received
[Deoxys WARNING] 2025-09-09 16:39:13,976 - Robot state not received
[Deoxys WARNING] 2025-09-09 16:39:13,978 - Robot state not received
[Deoxys WARNING] 2025-09-09 16:42:51,361 - Robot state not received
[Deoxys WARNING] 2025-09-09 17:02:24,874 - Robot state not received
[Deoxys WARNING] 2025-09-10 16:18:10,071 - Robot state not received
[Deoxys WARNING] 2025-09-10 16:22:50,202 - Robot state not received
[Deoxys WARNING] 2025-09-10 16:32:54,168 - Robot state not received
[Deoxys WARNING] 2025-09-10 16:42:07,389 - Robot state not received
[Deoxys WARNING] 2025-09-10 16:44:14,983 - Robot state not received
[Deoxys WARNING] 2025-09-10 17:09:46,431 - Robot state not received
[Deoxys WARNING] 2025-09-10 17:14:37,995 - Robot state not received
[Deoxys WARNING] 2025-09-10 17:14:38,496 - Robot state not received
[Deoxys WARNING] 2025-09-10 17:14:38,996 - Robot state not received
[Deoxys WARNING] 2025-09-10 17:14:39,497 - Robot state not received
[Deoxys WARNING] 2025-09-10 17:14:39,998 - Robot state not received
[Deoxys WARNING] 2025-09-10 17:14:40,499 - Robot state not received
[Deoxys WARNING] 2025-09-10 17:14:41,000 - Robot state not received
[Deoxys WARNING] 2025-09-10 17:14:41,501 - Robot state not received
[Deoxys WARNING] 2025-09-10 17:14:42,001 - Robot state not received
[Deoxys WARNING] 2025-09-10 17:14:42,502 - Robot state not received
[Deoxys WARNING] 2025-09-10 17:14:43,003 - Robot state not received
[Deoxys WARNING] 2025-09-10 17:14:46,446 - Robot state not received
[Deoxys WARNING] 2025-09-10 17:21:33,221 - Robot state not received
[Deoxys WARNING] 2025-09-10 17:22:21,178 - Robot state not received
[Deoxys WARNING] 2025-09-10 17:22:21,679 - Robot state not received
[Deoxys WARNING] 2025-09-10 17:22:22,180 - Robot state not received
[Deoxys WARNING] 2025-09-10 17:22:22,681 - Robot state not received
[Deoxys WARNING] 2025-09-10 17:22:23,182 - Robot state not received
[Deoxys WARNING] 2025-09-10 17:22:23,683 - Robot state not received
[Deoxys WARNING] 2025-09-10 17:22:24,183 - Robot state not received
[Deoxys WARNING] 2025-09-10 17:22:24,684 - Robot state not received
[Deoxys WARNING] 2025-09-10 17:22:25,185 - Robot state not received
[Deoxys WARNING] 2025-09-10 17:22:25,686 - Robot state not received
[Deoxys WARNING] 2025-09-10 17:22:26,187 - Robot state not received
[Deoxys WARNING] 2025-09-10 17:22:26,688 - Robot state not received
[Deoxys WARNING] 2025-09-10 17:22:30,016 - Robot state not received
[Deoxys WARNING] 2025-09-10 17:25:49,971 - Robot state not received
[Deoxys WARNING] 2025-09-10 17:25:55,511 - Robot state not received
[Deoxys WARNING] 2025-09-10 17:31:32,479 - Robot state not received
[Deoxys WARNING] 2025-09-10 17:35:30,489 - Robot state not received
[Deoxys WARNING] 2025-09-10 17:35:42,474 - Robot state not received
[Deoxys WARNING] 2025-09-10 17:52:05,344 - Robot state not received
[Deoxys WARNING] 2025-09-15 15:07:08,107 - Robot state not received
[Deoxys WARNING] 2025-09-15 15:09:37,768 - Robot state not received
[Deoxys WARNING] 2025-09-15 15:12:02,991 - Robot state not received
[Deoxys WARNING] 2025-09-15 15:12:03,492 - Robot state not received
[Deoxys WARNING] 2025-09-15 15:12:03,992 - Robot state not received
[Deoxys WARNING] 2025-09-15 15:12:04,493 - Robot state not received
[Deoxys WARNING] 2025-09-15 15:12:04,993 - Robot state not received
[Deoxys WARNING] 2025-09-15 15:12:05,494 - Robot state not received
[Deoxys WARNING] 2025-09-15 15:12:05,995 - Robot state not received
[Deoxys WARNING] 2025-09-15 15:12:06,496 - Robot state not received
[Deoxys WARNING] 2025-09-15 15:12:06,997 - Robot state not received
[Deoxys WARNING] 2025-09-15 15:12:07,498 - Robot state not received
[Deoxys WARNING] 2025-09-15 15:12:07,998 - Robot state not received
[Deoxys WARNING] 2025-09-15 15:12:08,499 - Robot state not received
[Deoxys WARNING] 2025-09-15 19:14:09,588 - Robot state not received
[Deoxys WARNING] 2025-09-15 19:14:21,544 - Robot state not received
[Deoxys WARNING] 2025-09-15 19:14:22,045 - Robot state not received
[Deoxys WARNING] 2025-09-15 19:14:22,545 - Robot state not received
[Deoxys WARNING] 2025-09-15 19:14:23,046 - Robot state not received
[Deoxys WARNING] 2025-09-15 19:14:23,547 - Robot state not received
[Deoxys WARNING] 2025-09-15 19:14:24,048 - Robot state not received
[Deoxys WARNING] 2025-09-15 19:14:24,548 - Robot state not received
[Deoxys WARNING] 2025-09-15 19:14:25,049 - Robot state not received
[Deoxys WARNING] 2025-09-15 19:14:25,550 - Robot state not received
[Deoxys WARNING] 2025-09-15 19:14:39,092 - Robot state not received
[Deoxys WARNING] 2025-09-15 19:34:23,351 - Robot state not received
[Deoxys WARNING] 2025-09-15 19:46:30,417 - Robot state not received
[Deoxys WARNING] 2025-09-16 10:47:27,228 - Robot state not received
[Deoxys WARNING] 2025-09-16 10:47:27,729 - Robot state not received
[Deoxys WARNING] 2025-09-16 10:47:28,229 - Robot state not received
[Deoxys WARNING] 2025-09-16 10:47:28,730 - Robot state not received
[Deoxys WARNING] 2025-09-16 10:47:29,230 - Robot state not received
[Deoxys WARNING] 2025-09-16 10:47:29,731 - Robot state not received
[Deoxys WARNING] 2025-09-16 10:47:30,231 - Robot state not received
[Deoxys WARNING] 2025-09-16 10:47:30,732 - Robot state not received
[Deoxys WARNING] 2025-09-16 10:47:31,232 - Robot state not received
[Deoxys WARNING] 2025-09-16 10:47:31,733 - Robot state not received
[Deoxys WARNING] 2025-09-16 10:47:32,233 - Robot state not received
[Deoxys WARNING] 2025-09-17 17:27:00,488 - Robot state not received
[Deoxys WARNING] 2025-09-17 17:31:19,178 - Robot state not received
[Deoxys WARNING] 2025-09-17 17:52:36,893 - Robot state not received
[Deoxys WARNING] 2025-09-17 17:59:29,078 - Robot state not received
[Deoxys WARNING] 2025-09-17 18:00:34,642 - Robot state not received
[Deoxys WARNING] 2025-09-17 18:14:03,825 - Robot state not received
[Deoxys WARNING] 2025-09-17 18:15:56,807 - Robot state not received
[Deoxys WARNING] 2025-09-17 18:16:19,809 - Robot state not received
[Deoxys WARNING] 2025-09-17 18:16:33,402 - Robot state not received
[Deoxys WARNING] 2025-09-17 18:30:31,927 - Robot state not received
[Deoxys WARNING] 2025-09-17 18:33:18,032 - Robot state not received
[Deoxys WARNING] 2025-09-17 18:33:45,147 - Robot state not received
[Deoxys WARNING] 2025-09-18 17:00:05,302 - Robot state not received
[Deoxys WARNING] 2025-09-18 17:00:44,013 - Robot state not received
[Deoxys WARNING] 2025-09-18 17:01:42,435 - Robot state not received
[Deoxys WARNING] 2025-09-18 17:01:54,621 - Robot state not received
[Deoxys WARNING] 2025-09-18 17:07:17,302 - Robot state not received
[Deoxys WARNING] 2025-09-18 17:09:09,094 - Robot state not received
[Deoxys WARNING] 2025-09-18 17:09:09,595 - Robot state not received
[Deoxys WARNING] 2025-09-18 17:09:10,096 - Robot state not received
[Deoxys WARNING] 2025-09-18 17:09:10,597 - Robot state not received
[Deoxys WARNING] 2025-09-18 17:09:11,098 - Robot state not received
[Deoxys WARNING] 2025-09-18 17:09:11,598 - Robot state not received
[Deoxys WARNING] 2025-09-18 17:09:12,099 - Robot state not received
[Deoxys WARNING] 2025-09-18 17:09:12,600 - Robot state not received
[Deoxys WARNING] 2025-09-18 17:09:13,100 - Robot state not received
[Deoxys WARNING] 2025-09-18 17:09:13,601 - Robot state not received
[Deoxys WARNING] 2025-09-18 17:09:14,102 - Robot state not received
[Deoxys WARNING] 2025-09-18 17:09:14,603 - Robot state not received
[Deoxys WARNING] 2025-09-18 17:09:15,103 - Robot state not received
[Deoxys WARNING] 2025-09-18 17:09:15,604 - Robot state not received
[Deoxys WARNING] 2025-09-18 17:09:16,104 - Robot state not received
[Deoxys WARNING] 2025-09-18 17:09:16,605 - Robot state not received
[Deoxys WARNING] 2025-09-18 17:09:17,105 - Robot state not received
[Deoxys WARNING] 2025-09-18 17:09:17,606 - Robot state not received
[Deoxys WARNING] 2025-09-18 17:09:18,106 - Robot state not received
[Deoxys WARNING] 2025-09-18 17:09:18,607 - Robot state not received
[Deoxys WARNING] 2025-09-18 17:09:19,108 - Robot state not received
[Deoxys WARNING] 2025-09-18 17:09:19,609 - Robot state not received
[Deoxys WARNING] 2025-09-18 17:09:20,110 - Robot state not received
[Deoxys WARNING] 2025-09-18 17:09:20,610 - Robot state not received
[Deoxys WARNING] 2025-09-18 17:09:21,111 - Robot state not received
[Deoxys WARNING] 2025-09-18 17:09:21,612 - Robot state not received
[Deoxys WARNING] 2025-09-18 17:09:22,112 - Robot state not received
[Deoxys WARNING] 2025-09-18 17:09:22,613 - Robot state not received
[Deoxys WARNING] 2025-09-18 17:09:23,113 - Robot state not received
[Deoxys WARNING] 2025-09-18 17:09:23,614 - Robot state not received
[Deoxys WARNING] 2025-09-18 17:09:24,114 - Robot state not received
[Deoxys WARNING] 2025-09-18 17:09:24,615 - Robot state not received
[Deoxys WARNING] 2025-09-18 17:09:25,115 - Robot state not received
[Deoxys WARNING] 2025-09-18 17:09:25,616 - Robot state not received
[Deoxys WARNING] 2025-09-18 17:09:26,116 - Robot state not received
[Deoxys WARNING] 2025-09-18 17:09:26,617 - Robot state not received
[Deoxys WARNING] 2025-09-18 17:09:27,118 - Robot state not received
[Deoxys WARNING] 2025-09-18 17:09:27,619 - Robot state not received
[Deoxys WARNING] 2025-09-18 17:09:28,120 - Robot state not received
[Deoxys WARNING] 2025-09-18 17:09:28,621 - Robot state not received
[Deoxys WARNING] 2025-09-18 17:09:29,121 - Robot state not received
[Deoxys WARNING] 2025-09-18 17:09:29,622 - Robot state not received
[Deoxys WARNING] 2025-09-18 17:09:30,123 - Robot state not received
[Deoxys WARNING] 2025-09-18 17:09:30,624 - Robot state not received
[Deoxys WARNING] 2025-09-18 17:09:31,125 - Robot state not received
[Deoxys WARNING] 2025-09-18 17:09:31,626 - Robot state not received
[Deoxys WARNING] 2025-09-18 17:09:32,126 - Robot state not received
[Deoxys WARNING] 2025-09-18 17:09:32,627 - Robot state not received
[Deoxys WARNING] 2025-09-18 17:09:33,127 - Robot state not received
[Deoxys WARNING] 2025-09-18 17:09:33,628 - Robot state not received
[Deoxys WARNING] 2025-09-18 17:09:34,129 - Robot state not received
[Deoxys WARNING] 2025-09-18 17:09:34,630 - Robot state not received
[Deoxys WARNING] 2025-09-18 17:09:35,131 - Robot state not received
[Deoxys WARNING] 2025-09-18 17:09:35,631 - Robot state not received
[Deoxys WARNING] 2025-09-18 17:09:36,132 - Robot state not received
[Deoxys WARNING] 2025-09-18 17:09:36,633 - Robot state not received
[Deoxys WARNING] 2025-09-18 17:09:37,134 - Robot state not received
[Deoxys WARNING] 2025-09-18 17:09:37,635 - Robot state not received
[Deoxys WARNING] 2025-09-18 17:09:38,136 - Robot state not received
[Deoxys WARNING] 2025-09-18 17:09:38,636 - Robot state not received
[Deoxys WARNING] 2025-09-18 17:09:39,137 - Robot state not received
[Deoxys WARNING] 2025-09-18 17:09:39,638 - Robot state not received
[Deoxys WARNING] 2025-09-18 17:09:40,138 - Robot state not received
[Deoxys WARNING] 2025-09-18 17:09:40,639 - Robot state not received
[Deoxys WARNING] 2025-09-18 17:09:41,140 - Robot state not received
[Deoxys WARNING] 2025-09-18 17:09:41,640 - Robot state not received
[Deoxys WARNING] 2025-09-18 17:09:42,141 - Robot state not received
[Deoxys WARNING] 2025-09-18 17:09:42,642 - Robot state not received
[Deoxys WARNING] 2025-09-18 17:09:43,143 - Robot state not received
[Deoxys WARNING] 2025-09-18 17:09:43,643 - Robot state not received
[Deoxys WARNING] 2025-09-18 17:09:44,144 - Robot state not received
[Deoxys WARNING] 2025-09-18 17:09:44,645 - Robot state not received
[Deoxys WARNING] 2025-09-18 17:09:45,145 - Robot state not received
[Deoxys WARNING] 2025-09-18 17:09:45,646 - Robot state not received
[Deoxys WARNING] 2025-09-18 17:09:46,147 - Robot state not received
[Deoxys WARNING] 2025-09-18 17:09:46,648 - Robot state not received
[Deoxys WARNING] 2025-09-18 17:09:47,149 - Robot state not received
[Deoxys WARNING] 2025-09-18 17:09:47,649 - Robot state not received
[Deoxys WARNING] 2025-09-18 17:09:48,150 - Robot state not received
[Deoxys WARNING] 2025-09-18 17:09:48,651 - Robot state not received
[Deoxys WARNING] 2025-09-18 17:09:49,151 - Robot state not received
[Deoxys WARNING] 2025-09-18 17:09:49,652 - Robot state not received
[Deoxys WARNING] 2025-09-18 17:09:50,153 - Robot state not received
[Deoxys WARNING] 2025-09-18 17:09:50,653 - Robot state not received
[Deoxys WARNING] 2025-09-18 17:09:51,154 - Robot state not received
[Deoxys WARNING] 2025-09-18 17:09:51,655 - Robot state not received
[Deoxys WARNING] 2025-09-18 17:09:52,155 - Robot state not received
[Deoxys WARNING] 2025-09-18 17:09:52,656 - Robot state not received
[Deoxys WARNING] 2025-09-18 17:09:53,157 - Robot state not received
[Deoxys WARNING] 2025-09-18 17:09:53,658 - Robot state not received
[Deoxys WARNING] 2025-09-18 17:09:54,159 - Robot state not received
[Deoxys WARNING] 2025-09-18 17:09:54,660 - Robot state not received
[Deoxys WARNING] 2025-09-18 17:09:55,160 - Robot state not received
[Deoxys WARNING] 2025-09-18 17:09:55,661 - Robot state not received
[Deoxys WARNING] 2025-09-18 17:09:56,162 - Robot state not received
[Deoxys WARNING] 2025-09-18 17:09:56,663 - Robot state not received
[Deoxys WARNING] 2025-09-18 17:09:57,164 - Robot state not received
[Deoxys WARNING] 2025-09-18 17:09:57,665 - Robot state not received
[Deoxys WARNING] 2025-09-18 17:09:58,165 - Robot state not received
[Deoxys WARNING] 2025-09-18 17:09:58,666 - Robot state not received
[Deoxys WARNING] 2025-09-18 17:09:59,167 - Robot state not received
[Deoxys WARNING] 2025-09-18 17:09:59,668 - Robot state not received
[Deoxys WARNING] 2025-09-18 17:10:00,169 - Robot state not received
[Deoxys WARNING] 2025-09-18 17:10:03,989 - Robot state not received
[Deoxys WARNING] 2025-09-18 17:18:01,192 - Robot state not received
[Deoxys WARNING] 2025-09-18 17:19:53,708 - Robot state not received
[Deoxys WARNING] 2025-09-18 18:36:05,081 - Robot state not received
[Deoxys WARNING] 2025-09-18 18:37:19,620 - Robot state not received
[Deoxys WARNING] 2025-09-18 18:37:32,226 - Robot state not received
[Deoxys WARNING] 2025-09-18 18:40:40,355 - Robot state not received
[Deoxys WARNING] 2025-09-18 18:41:39,673 - Robot state not received
[Deoxys WARNING] 2025-09-18 18:41:47,946 - Robot state not received
[Deoxys WARNING] 2025-09-18 18:44:09,716 - Robot state not received
[Deoxys WARNING] 2025-09-18 18:46:22,818 - Robot state not received
[Deoxys WARNING] 2025-09-18 18:48:29,337 - Robot state not received
[Deoxys WARNING] 2025-09-18 18:48:44,755 - Robot state not received
[Deoxys WARNING] 2025-09-18 18:50:06,248 - Robot state not received
[Deoxys WARNING] 2025-09-18 18:51:09,102 - Robot state not received
[Deoxys WARNING] 2025-09-18 18:56:32,384 - Robot state not received
[Deoxys WARNING] 2025-09-18 18:56:43,043 - Robot state not received
[Deoxys WARNING] 2025-09-18 19:00:40,114 - Robot state not received
[Deoxys WARNING] 2025-09-18 19:00:55,420 - Robot state not received
[Deoxys WARNING] 2025-09-18 19:02:17,526 - Robot state not received
[Deoxys WARNING] 2025-09-18 19:08:00,363 - Robot state not received
[Deoxys WARNING] 2025-09-18 19:08:10,343 - Robot state not received
[Deoxys WARNING] 2025-09-19 17:07:03,891 - Robot state not received
[Deoxys WARNING] 2025-09-19 17:07:49,241 - Robot state not received
[Deoxys WARNING] 2025-09-19 17:08:01,754 - Robot state not received
[Deoxys WARNING] 2025-09-19 17:18:18,830 - Robot state not received
[Deoxys WARNING] 2025-09-19 17:18:19,331 - Robot state not received
[Deoxys WARNING] 2025-09-19 17:18:19,831 - Robot state not received
[Deoxys WARNING] 2025-09-19 17:18:20,332 - Robot state not received
[Deoxys WARNING] 2025-09-19 17:18:20,832 - Robot state not received
[Deoxys WARNING] 2025-09-19 17:18:21,333 - Robot state not received
[Deoxys WARNING] 2025-09-19 17:18:21,833 - Robot state not received
[Deoxys WARNING] 2025-09-19 17:18:22,334 - Robot state not received
[Deoxys WARNING] 2025-09-19 17:18:22,835 - Robot state not received
[Deoxys WARNING] 2025-09-19 17:18:23,335 - Robot state not received
[Deoxys WARNING] 2025-09-19 17:18:23,836 - Robot state not received
[Deoxys WARNING] 2025-09-19 17:18:24,336 - Robot state not received
[Deoxys WARNING] 2025-09-19 17:18:24,837 - Robot state not received
[Deoxys WARNING] 2025-09-19 17:18:25,337 - Robot state not received
[Deoxys WARNING] 2025-09-19 17:18:25,838 - Robot state not received
[Deoxys WARNING] 2025-09-19 17:18:26,339 - Robot state not received
[Deoxys WARNING] 2025-09-19 17:18:26,839 - Robot state not received
[Deoxys WARNING] 2025-09-19 17:18:27,340 - Robot state not received
[Deoxys WARNING] 2025-09-19 17:18:27,841 - Robot state not received
[Deoxys WARNING] 2025-09-19 17:18:28,341 - Robot state not received
[Deoxys WARNING] 2025-09-19 17:18:28,842 - Robot state not received
[Deoxys WARNING] 2025-09-19 17:18:29,343 - Robot state not received
[Deoxys WARNING] 2025-09-19 17:18:29,843 - Robot state not received
[Deoxys WARNING] 2025-09-19 17:18:30,344 - Robot state not received
[Deoxys WARNING] 2025-09-19 17:18:30,845 - Robot state not received
[Deoxys WARNING] 2025-09-19 17:18:31,345 - Robot state not received
[Deoxys WARNING] 2025-09-19 17:18:31,846 - Robot state not received
[Deoxys WARNING] 2025-09-19 17:18:32,347 - Robot state not received
[Deoxys WARNING] 2025-09-19 17:18:32,848 - Robot state not received
[Deoxys WARNING] 2025-09-19 17:18:33,348 - Robot state not received
[Deoxys WARNING] 2025-09-19 17:18:33,849 - Robot state not received
[Deoxys WARNING] 2025-09-19 17:18:34,349 - Robot state not received
[Deoxys WARNING] 2025-09-19 17:18:34,850 - Robot state not received
[Deoxys WARNING] 2025-09-19 17:18:35,351 - Robot state not received
[Deoxys WARNING] 2025-09-19 17:18:35,852 - Robot state not received
[Deoxys WARNING] 2025-09-19 17:18:36,352 - Robot state not received
[Deoxys WARNING] 2025-09-19 17:18:36,853 - Robot state not received
[Deoxys WARNING] 2025-09-19 17:18:37,353 - Robot state not received
[Deoxys WARNING] 2025-09-19 17:18:37,854 - Robot state not received
[Deoxys WARNING] 2025-09-19 17:18:38,355 - Robot state not received
[Deoxys WARNING] 2025-09-19 17:18:38,855 - Robot state not received
[Deoxys WARNING] 2025-09-19 17:18:39,356 - Robot state not received
[Deoxys WARNING] 2025-09-19 17:18:39,856 - Robot state not received
[Deoxys WARNING] 2025-09-19 17:18:40,357 - Robot state not received
[Deoxys WARNING] 2025-09-19 17:18:40,858 - Robot state not received
[Deoxys WARNING] 2025-09-19 17:18:41,358 - Robot state not received
[Deoxys WARNING] 2025-09-19 17:18:41,859 - Robot state not received
[Deoxys WARNING] 2025-09-19 17:18:42,359 - Robot state not received
[Deoxys WARNING] 2025-09-19 17:18:42,860 - Robot state not received
[Deoxys WARNING] 2025-09-19 17:18:43,361 - Robot state not received
[Deoxys WARNING] 2025-09-19 17:18:43,862 - Robot state not received
[Deoxys WARNING] 2025-09-19 17:18:44,363 - Robot state not received
[Deoxys WARNING] 2025-09-19 17:18:44,864 - Robot state not received
[Deoxys WARNING] 2025-09-19 17:18:45,365 - Robot state not received
[Deoxys WARNING] 2025-09-19 17:18:45,865 - Robot state not received
[Deoxys WARNING] 2025-09-19 17:18:46,366 - Robot state not received
[Deoxys WARNING] 2025-09-19 17:18:46,867 - Robot state not received
[Deoxys WARNING] 2025-09-19 17:18:47,367 - Robot state not received
[Deoxys WARNING] 2025-09-19 17:18:47,869 - Robot state not received
[Deoxys WARNING] 2025-09-19 17:18:48,370 - Robot state not received
[Deoxys WARNING] 2025-09-19 17:18:48,870 - Robot state not received
[Deoxys WARNING] 2025-09-19 17:18:49,371 - Robot state not received
[Deoxys WARNING] 2025-09-19 17:18:49,871 - Robot state not received
[Deoxys WARNING] 2025-09-19 17:18:50,372 - Robot state not received
[Deoxys WARNING] 2025-09-19 17:18:50,873 - Robot state not received
[Deoxys WARNING] 2025-09-19 17:18:51,373 - Robot state not received
[Deoxys WARNING] 2025-09-19 17:18:51,874 - Robot state not received
[Deoxys WARNING] 2025-09-19 17:18:52,375 - Robot state not received
[Deoxys WARNING] 2025-09-19 17:18:52,875 - Robot state not received
[Deoxys WARNING] 2025-09-19 17:18:53,376 - Robot state not received
[Deoxys WARNING] 2025-09-19 17:18:53,877 - Robot state not received
[Deoxys WARNING] 2025-09-19 17:18:54,377 - Robot state not received
[Deoxys WARNING] 2025-09-19 17:18:54,878 - Robot state not received
[Deoxys WARNING] 2025-09-19 17:18:55,379 - Robot state not received
[Deoxys WARNING] 2025-09-19 17:18:55,879 - Robot state not received
[Deoxys WARNING] 2025-09-19 17:18:56,380 - Robot state not received
[Deoxys WARNING] 2025-09-19 17:18:56,881 - Robot state not received
[Deoxys WARNING] 2025-09-19 17:18:57,382 - Robot state not received
[Deoxys WARNING] 2025-09-19 17:18:57,883 - Robot state not received
[Deoxys WARNING] 2025-09-19 17:18:58,384 - Robot state not received
[Deoxys WARNING] 2025-09-19 17:18:58,885 - Robot state not received
[Deoxys WARNING] 2025-09-19 17:18:59,385 - Robot state not received
[Deoxys WARNING] 2025-09-19 17:18:59,887 - Robot state not received
[Deoxys WARNING] 2025-09-19 17:19:00,388 - Robot state not received
[Deoxys WARNING] 2025-09-19 17:19:00,888 - Robot state not received
[Deoxys WARNING] 2025-09-19 17:19:01,389 - Robot state not received
[Deoxys WARNING] 2025-09-19 17:19:01,890 - Robot state not received
[Deoxys WARNING] 2025-09-19 17:19:02,390 - Robot state not received
[Deoxys WARNING] 2025-09-19 17:19:02,891 - Robot state not received
[Deoxys WARNING] 2025-09-19 17:19:03,391 - Robot state not received
[Deoxys WARNING] 2025-09-19 17:19:03,892 - Robot state not received
[Deoxys WARNING] 2025-09-19 17:19:04,393 - Robot state not received
[Deoxys WARNING] 2025-09-19 17:19:04,893 - Robot state not received
[Deoxys WARNING] 2025-09-19 17:19:05,394 - Robot state not received
[Deoxys WARNING] 2025-09-19 17:19:05,895 - Robot state not received
[Deoxys WARNING] 2025-09-19 17:19:06,395 - Robot state not received
[Deoxys WARNING] 2025-09-19 17:19:06,896 - Robot state not received
[Deoxys WARNING] 2025-09-19 17:19:07,397 - Robot state not received
[Deoxys WARNING] 2025-09-19 17:19:07,898 - Robot state not received
[Deoxys WARNING] 2025-09-19 17:19:08,398 - Robot state not received
[Deoxys WARNING] 2025-09-19 17:19:08,899 - Robot state not received
[Deoxys WARNING] 2025-09-19 17:19:09,400 - Robot state not received
[Deoxys WARNING] 2025-09-19 17:19:09,901 - Robot state not received
[Deoxys WARNING] 2025-09-19 17:19:10,401 - Robot state not received
[Deoxys WARNING] 2025-09-19 17:19:10,902 - Robot state not received
[Deoxys WARNING] 2025-09-19 17:19:11,403 - Robot state not received
[Deoxys WARNING] 2025-09-19 17:19:11,904 - Robot state not received
[Deoxys WARNING] 2025-09-19 17:19:12,405 - Robot state not received
[Deoxys WARNING] 2025-09-19 17:19:12,906 - Robot state not received
[Deoxys WARNING] 2025-09-19 17:19:13,407 - Robot state not received
[Deoxys WARNING] 2025-09-19 17:19:13,907 - Robot state not received
[Deoxys WARNING] 2025-09-19 17:19:14,410 - Robot state not received
[Deoxys WARNING] 2025-09-19 17:19:14,911 - Robot state not received
[Deoxys WARNING] 2025-09-19 17:19:15,411 - Robot state not received
[Deoxys WARNING] 2025-09-19 17:19:15,912 - Robot state not received
[Deoxys WARNING] 2025-09-19 17:19:16,413 - Robot state not received
[Deoxys WARNING] 2025-09-19 17:19:16,914 - Robot state not received
[Deoxys WARNING] 2025-09-19 17:19:17,415 - Robot state not received
[Deoxys WARNING] 2025-09-19 17:19:17,915 - Robot state not received
[Deoxys WARNING] 2025-09-19 17:19:18,417 - Robot state not received
[Deoxys WARNING] 2025-09-19 17:19:18,918 - Robot state not received
[Deoxys WARNING] 2025-09-19 17:19:19,419 - Robot state not received
[Deoxys WARNING] 2025-09-19 17:19:19,920 - Robot state not received
[Deoxys WARNING] 2025-09-19 17:19:20,420 - Robot state not received
[Deoxys WARNING] 2025-09-19 17:19:20,921 - Robot state not received
[Deoxys WARNING] 2025-09-19 17:19:21,422 - Robot state not received
[Deoxys WARNING] 2025-09-19 17:19:21,924 - Robot state not received
[Deoxys WARNING] 2025-09-19 17:19:22,424 - Robot state not received
[Deoxys WARNING] 2025-09-19 17:19:22,925 - Robot state not received
[Deoxys WARNING] 2025-09-19 17:19:23,425 - Robot state not received
[Deoxys WARNING] 2025-09-19 17:19:23,927 - Robot state not received
[Deoxys WARNING] 2025-09-19 17:19:24,428 - Robot state not received
[Deoxys WARNING] 2025-09-19 17:19:24,928 - Robot state not received
[Deoxys WARNING] 2025-09-19 17:19:25,429 - Robot state not received
[Deoxys WARNING] 2025-09-19 17:19:25,929 - Robot state not received
[Deoxys WARNING] 2025-09-19 17:19:26,430 - Robot state not received
[Deoxys WARNING] 2025-09-19 17:19:26,932 - Robot state not received
[Deoxys WARNING] 2025-09-19 17:19:27,433 - Robot state not received
[Deoxys WARNING] 2025-09-19 17:19:27,934 - Robot state not received
[Deoxys WARNING] 2025-09-19 17:19:28,434 - Robot state not received
[Deoxys WARNING] 2025-09-19 17:19:28,935 - Robot state not received
[Deoxys WARNING] 2025-09-19 17:19:29,436 - Robot state not received
[Deoxys WARNING] 2025-09-19 17:19:29,937 - Robot state not received
[Deoxys WARNING] 2025-09-19 17:19:30,438 - Robot state not received
[Deoxys WARNING] 2025-09-19 17:19:30,938 - Robot state not received
[Deoxys WARNING] 2025-09-19 17:19:31,439 - Robot state not received
[Deoxys WARNING] 2025-09-19 17:19:31,940 - Robot state not received
[Deoxys WARNING] 2025-09-19 17:19:32,441 - Robot state not received
[Deoxys WARNING] 2025-09-19 17:19:32,943 - Robot state not received
[Deoxys WARNING] 2025-09-19 17:19:33,443 - Robot state not received
[Deoxys WARNING] 2025-09-19 17:19:33,944 - Robot state not received
[Deoxys WARNING] 2025-09-19 17:19:34,444 - Robot state not received
[Deoxys WARNING] 2025-09-19 17:19:34,945 - Robot state not received
[Deoxys WARNING] 2025-09-19 17:19:35,446 - Robot state not received
[Deoxys WARNING] 2025-09-19 17:19:35,948 - Robot state not received
[Deoxys WARNING] 2025-09-19 17:19:36,449 - Robot state not received
[Deoxys WARNING] 2025-09-19 17:19:36,950 - Robot state not received
[Deoxys WARNING] 2025-09-19 17:19:37,450 - Robot state not received
[Deoxys WARNING] 2025-09-19 17:19:37,951 - Robot state not received
[Deoxys WARNING] 2025-09-19 17:19:38,451 - Robot state not received
[Deoxys WARNING] 2025-09-19 17:19:38,952 - Robot state not received
[Deoxys WARNING] 2025-09-19 17:19:39,454 - Robot state not received
[Deoxys WARNING] 2025-09-19 17:19:39,956 - Robot state not received
[Deoxys WARNING] 2025-09-19 17:19:40,456 - Robot state not received
[Deoxys WARNING] 2025-09-19 17:19:40,957 - Robot state not received
[Deoxys WARNING] 2025-09-19 17:19:41,458 - Robot state not received
[Deoxys WARNING] 2025-09-19 17:19:41,959 - Robot state not received
[Deoxys WARNING] 2025-09-19 17:19:42,461 - Robot state not received
[Deoxys WARNING] 2025-09-19 17:19:42,961 - Robot state not received
[Deoxys WARNING] 2025-09-19 17:19:43,462 - Robot state not received
[Deoxys WARNING] 2025-09-19 17:19:43,965 - Robot state not received
[Deoxys WARNING] 2025-09-19 17:19:44,465 - Robot state not received
[Deoxys WARNING] 2025-09-19 17:19:44,966 - Robot state not received
[Deoxys WARNING] 2025-09-19 17:19:45,467 - Robot state not received
[Deoxys WARNING] 2025-09-19 17:19:45,967 - Robot state not received
[Deoxys WARNING] 2025-09-19 17:19:46,468 - Robot state not received
[Deoxys WARNING] 2025-09-19 17:19:46,969 - Robot state not received
[Deoxys WARNING] 2025-09-19 17:19:47,470 - Robot state not received
[Deoxys WARNING] 2025-09-19 17:19:47,970 - Robot state not received
[Deoxys WARNING] 2025-09-19 17:19:48,471 - Robot state not received
[Deoxys WARNING] 2025-09-19 17:19:48,972 - Robot state not received
[Deoxys WARNING] 2025-09-19 17:19:49,472 - Robot state not received
[Deoxys WARNING] 2025-09-19 17:19:49,974 - Robot state not received
[Deoxys WARNING] 2025-09-19 17:19:50,475 - Robot state not received
[Deoxys WARNING] 2025-09-19 17:19:50,975 - Robot state not received
[Deoxys WARNING] 2025-09-19 17:19:51,476 - Robot state not received
[Deoxys WARNING] 2025-09-19 17:19:51,978 - Robot state not received
[Deoxys WARNING] 2025-09-19 17:19:52,479 - Robot state not received
[Deoxys WARNING] 2025-09-19 17:19:52,979 - Robot state not received
[Deoxys WARNING] 2025-09-19 17:19:53,480 - Robot state not received
[Deoxys WARNING] 2025-09-19 17:19:53,981 - Robot state not received
[Deoxys WARNING] 2025-09-19 17:19:54,482 - Robot state not received
[Deoxys WARNING] 2025-09-19 17:19:54,983 - Robot state not received
[Deoxys WARNING] 2025-09-19 17:19:55,483 - Robot state not received
[Deoxys WARNING] 2025-09-19 17:19:55,984 - Robot state not received
[Deoxys WARNING] 2025-09-19 17:19:56,485 - Robot state not received
[Deoxys WARNING] 2025-09-19 17:19:56,985 - Robot state not received
[Deoxys WARNING] 2025-09-19 17:19:57,486 - Robot state not received
[Deoxys WARNING] 2025-09-19 17:19:57,986 - Robot state not received
[Deoxys WARNING] 2025-09-19 17:19:58,487 - Robot state not received
[Deoxys WARNING] 2025-09-19 17:19:58,987 - Robot state not received
[Deoxys WARNING] 2025-09-19 17:19:59,488 - Robot state not received
[Deoxys WARNING] 2025-09-19 17:19:59,989 - Robot state not received
[Deoxys WARNING] 2025-09-19 17:20:00,489 - Robot state not received
[Deoxys WARNING] 2025-09-19 17:20:00,990 - Robot state not received
[Deoxys WARNING] 2025-09-19 17:20:01,491 - Robot state not received
[Deoxys WARNING] 2025-09-19 17:20:01,992 - Robot state not received
[Deoxys WARNING] 2025-09-21 16:31:36,122 - Robot state not received
[Deoxys WARNING] 2025-09-21 16:31:36,622 - Robot state not received
[Deoxys WARNING] 2025-09-21 16:31:37,123 - Robot state not received
[Deoxys WARNING] 2025-09-21 16:31:37,624 - Robot state not received
[Deoxys WARNING] 2025-09-21 16:51:34,775 - Robot state not received
[Deoxys WARNING] 2025-09-21 16:51:45,372 - Robot state not received
[Deoxys WARNING] 2025-09-21 16:53:10,535 - Robot state not received
[Deoxys WARNING] 2025-09-21 16:58:01,640 - Robot state not received
[Deoxys WARNING] 2025-09-21 16:58:23,976 - Robot state not received
[Deoxys WARNING] 2025-09-21 16:58:34,891 - Robot state not received
[Deoxys WARNING] 2025-09-21 17:14:04,638 - Robot state not received
[Deoxys WARNING] 2025-09-21 17:26:35,712 - Robot state not received
[Deoxys WARNING] 2025-09-21 18:25:35,255 - Robot state not received
[Deoxys WARNING] 2025-09-21 18:32:26,527 - Robot state not received
[Deoxys WARNING] 2025-09-21 18:35:03,971 - Robot state not received
[Deoxys WARNING] 2025-09-21 18:35:17,033 - Robot state not received
[Deoxys WARNING] 2025-09-28 19:17:37,347 - Robot state not received
[Deoxys WARNING] 2025-09-28 19:21:32,953 - Robot state not received
[Deoxys WARNING] 2025-09-28 19:21:32,973 - Robot state not received
[Deoxys WARNING] 2025-09-28 19:21:33,454 - Robot state not received
[Deoxys WARNING] 2025-09-28 19:21:33,474 - Robot state not received
[Deoxys WARNING] 2025-09-28 19:21:33,955 - Robot state not received
[Deoxys WARNING] 2025-09-28 19:21:33,974 - Robot state not received
[Deoxys WARNING] 2025-09-28 19:21:34,456 - Robot state not received
[Deoxys WARNING] 2025-09-28 19:21:34,475 - Robot state not received
[Deoxys WARNING] 2025-09-28 19:21:34,957 - Robot state not received
[Deoxys WARNING] 2025-09-28 19:21:34,976 - Robot state not received
[Deoxys WARNING] 2025-09-28 19:21:35,458 - Robot state not received
[Deoxys WARNING] 2025-09-28 19:21:35,476 - Robot state not received
[Deoxys WARNING] 2025-09-28 19:22:29,672 - Robot state not received
[Deoxys WARNING] 2025-09-28 19:22:35,592 - Robot state not received
[Deoxys WARNING] 2025-09-28 19:22:35,597 - Robot state not received
[Deoxys WARNING] 2025-09-28 19:22:36,093 - Robot state not received
[Deoxys WARNING] 2025-09-28 19:22:36,098 - Robot state not received
[Deoxys WARNING] 2025-09-28 19:22:36,593 - Robot state not received
[Deoxys WARNING] 2025-09-28 19:22:36,598 - Robot state not received
[Deoxys WARNING] 2025-09-28 19:22:37,094 - Robot state not received
[Deoxys WARNING] 2025-09-28 19:22:37,099 - Robot state not received
[Deoxys WARNING] 2025-09-28 19:22:37,594 - Robot state not received
[Deoxys WARNING] 2025-09-28 19:22:37,600 - Robot state not received
[Deoxys WARNING] 2025-09-28 19:22:38,095 - Robot state not received
[Deoxys WARNING] 2025-09-28 19:22:38,100 - Robot state not received
[Deoxys WARNING] 2025-09-28 19:22:38,596 - Robot state not received
[Deoxys WARNING] 2025-09-28 19:22:38,601 - Robot state not received
[Deoxys WARNING] 2025-09-28 19:22:39,097 - Robot state not received
[Deoxys WARNING] 2025-09-28 19:22:39,101 - Robot state not received
[Deoxys WARNING] 2025-09-28 19:22:39,597 - Robot state not received
[Deoxys WARNING] 2025-09-28 19:22:39,602 - Robot state not received
[Deoxys WARNING] 2025-09-28 19:22:40,098 - Robot state not received
[Deoxys WARNING] 2025-09-28 19:22:40,103 - Robot state not received
[Deoxys WARNING] 2025-09-28 19:22:40,598 - Robot state not received
[Deoxys WARNING] 2025-09-28 19:22:40,603 - Robot state not received
[Deoxys WARNING] 2025-09-28 19:22:41,099 - Robot state not received
[Deoxys WARNING] 2025-09-28 19:22:41,104 - Robot state not received
[Deoxys WARNING] 2025-09-28 19:27:58,285 - Robot state not received
[Deoxys WARNING] 2025-09-28 19:27:58,307 - Robot state not received
[Deoxys WARNING] 2025-09-28 19:27:58,786 - Robot state not received
[Deoxys WARNING] 2025-09-28 19:27:58,808 - Robot state not received
[Deoxys WARNING] 2025-09-28 19:27:59,286 - Robot state not received
[Deoxys WARNING] 2025-09-28 19:27:59,309 - Robot state not received
[Deoxys WARNING] 2025-09-28 19:27:59,787 - Robot state not received
[Deoxys WARNING] 2025-09-28 19:27:59,809 - Robot state not received
[Deoxys WARNING] 2025-09-28 19:28:00,287 - Robot state not received
[Deoxys WARNING] 2025-09-28 19:28:00,310 - Robot state not received
[Deoxys WARNING] 2025-09-28 19:28:00,788 - Robot state not received
[Deoxys WARNING] 2025-09-28 19:28:00,810 - Robot state not received
[Deoxys WARNING] 2025-09-28 19:28:08,756 - Robot state not received
[Deoxys WARNING] 2025-09-28 19:35:36,869 - Robot state not received
[Deoxys WARNING] 2025-09-28 19:35:42,107 - Robot state not received
[Deoxys WARNING] 2025-09-28 19:35:42,131 - Robot state not received
[Deoxys WARNING] 2025-09-28 19:35:42,608 - Robot state not received
[Deoxys WARNING] 2025-09-28 19:35:42,631 - Robot state not received
[Deoxys WARNING] 2025-09-28 19:35:43,109 - Robot state not received
[Deoxys WARNING] 2025-09-28 19:35:43,132 - Robot state not received
[Deoxys WARNING] 2025-09-28 19:35:43,609 - Robot state not received
[Deoxys WARNING] 2025-09-28 19:35:43,633 - Robot state not received
[Deoxys WARNING] 2025-09-28 19:35:44,110 - Robot state not received
[Deoxys WARNING] 2025-09-28 19:35:44,133 - Robot state not received
[Deoxys WARNING] 2025-09-28 19:35:44,611 - Robot state not received
[Deoxys WARNING] 2025-09-28 19:35:44,634 - Robot state not received
[Deoxys WARNING] 2025-09-28 19:35:45,112 - Robot state not received
[Deoxys WARNING] 2025-09-28 19:35:45,134 - Robot state not received
[Deoxys WARNING] 2025-09-28 19:35:45,612 - Robot state not received
[Deoxys WARNING] 2025-09-28 19:35:45,635 - Robot state not received
[Deoxys WARNING] 2025-09-28 19:35:46,114 - Robot state not received
[Deoxys WARNING] 2025-09-28 19:35:46,135 - Robot state not received
[Deoxys WARNING] 2025-09-28 19:35:46,615 - Robot state not received
[Deoxys WARNING] 2025-09-28 19:35:46,636 - Robot state not received
[Deoxys WARNING] 2025-09-28 19:35:47,115 - Robot state not received
[Deoxys WARNING] 2025-09-28 19:35:47,136 - Robot state not received
[Deoxys WARNING] 2025-09-28 19:35:47,616 - Robot state not received
[Deoxys WARNING] 2025-09-28 19:35:47,637 - Robot state not received
[Deoxys WARNING] 2025-09-28 19:42:45,515 - Robot state not received
[Deoxys WARNING] 2025-09-28 19:43:25,593 - Robot state not received
[Deoxys WARNING] 2025-09-29 18:58:02,888 - Robot state not received
[Deoxys WARNING] 2025-09-29 19:04:36,629 - Robot state not received
[Deoxys WARNING] 2025-09-29 19:05:38,038 - Robot state not received
[Deoxys WARNING] 2025-09-29 19:06:33,019 - Robot state not received
[Deoxys WARNING] 2025-09-29 19:18:44,093 - Robot state not received
[Deoxys WARNING] 2025-09-29 19:18:44,593 - Robot state not received
[Deoxys WARNING] 2025-09-29 19:18:45,094 - Robot state not received
[Deoxys WARNING] 2025-09-29 19:18:45,594 - Robot state not received
[Deoxys WARNING] 2025-09-29 19:18:46,095 - Robot state not received
[Deoxys WARNING] 2025-09-29 19:18:46,596 - Robot state not received
[Deoxys WARNING] 2025-09-29 19:18:50,819 - Robot state not received
[Deoxys WARNING] 2025-09-29 19:37:40,024 - Robot state not received
[Deoxys WARNING] 2025-09-29 19:45:21,761 - Robot state not received
[Deoxys WARNING] 2025-09-29 19:55:34,673 - Robot state not received
[Deoxys WARNING] 2025-09-29 19:55:55,662 - Robot state not received
[Deoxys WARNING] 2025-09-29 20:00:19,588 - Robot state not received
[Deoxys WARNING] 2025-09-29 20:02:41,668 - Robot state not received
[Deoxys WARNING] 2025-09-29 20:03:55,102 - Robot state not received
[Deoxys WARNING] 2025-09-29 20:03:58,582 - Robot state not received
[Deoxys WARNING] 2025-09-29 20:03:58,591 - Robot state not received
[Deoxys WARNING] 2025-09-29 20:05:25,394 - Robot state not received
[Deoxys WARNING] 2025-09-29 20:07:19,763 - Robot state not received
[Deoxys WARNING] 2025-09-29 20:07:20,263 - Robot state not received
[Deoxys WARNING] 2025-09-29 20:07:20,764 - Robot state not received
[Deoxys WARNING] 2025-09-29 20:07:21,265 - Robot state not received
[Deoxys WARNING] 2025-09-29 20:07:21,766 - Robot state not received
[Deoxys WARNING] 2025-09-29 20:07:28,144 - Robot state not received
[Deoxys WARNING] 2025-09-29 20:07:28,644 - Robot state not received
[Deoxys WARNING] 2025-09-29 20:07:29,145 - Robot state not received
[Deoxys WARNING] 2025-09-29 20:07:44,135 - Robot state not received
[Deoxys WARNING] 2025-09-29 20:08:01,769 - Robot state not received
[Deoxys WARNING] 2025-09-29 20:08:55,968 - Robot state not received
[Deoxys WARNING] 2025-09-29 20:08:58,401 - Robot state not received
[Deoxys WARNING] 2025-09-29 20:08:58,430 - Robot state not received
[Deoxys WARNING] 2025-09-29 20:14:48,622 - Robot state not received
[Deoxys WARNING] 2025-09-29 20:14:52,171 - Robot state not received
[Deoxys WARNING] 2025-09-30 11:05:46,185 - Robot state not received
[Deoxys WARNING] 2025-09-30 11:05:46,686 - Robot state not received
[Deoxys WARNING] 2025-09-30 11:05:47,187 - Robot state not received
[Deoxys WARNING] 2025-09-30 11:05:47,688 - Robot state not received
[Deoxys WARNING] 2025-09-30 11:05:57,474 - Robot state not received
[Deoxys WARNING] 2025-09-30 11:05:57,975 - Robot state not received
[Deoxys WARNING] 2025-09-30 11:05:58,476 - Robot state not received
[Deoxys WARNING] 2025-09-30 11:05:58,977 - Robot state not received
[Deoxys WARNING] 2025-09-30 11:05:59,477 - Robot state not received
[Deoxys WARNING] 2025-09-30 11:05:59,978 - Robot state not received
[Deoxys WARNING] 2025-09-30 11:07:01,227 - Robot state not received
[Deoxys WARNING] 2025-09-30 11:07:01,258 - Robot state not received
[Deoxys WARNING] 2025-09-30 11:07:01,727 - Robot state not received
[Deoxys WARNING] 2025-09-30 11:07:01,759 - Robot state not received
[Deoxys WARNING] 2025-09-30 11:07:02,228 - Robot state not received
[Deoxys WARNING] 2025-09-30 11:07:02,260 - Robot state not received
[Deoxys WARNING] 2025-09-30 11:07:02,729 - Robot state not received
[Deoxys WARNING] 2025-09-30 11:07:02,760 - Robot state not received
[Deoxys WARNING] 2025-09-30 11:07:03,230 - Robot state not received
[Deoxys WARNING] 2025-09-30 11:07:03,261 - Robot state not received
[Deoxys WARNING] 2025-09-30 11:07:03,731 - Robot state not received
[Deoxys WARNING] 2025-09-30 11:07:03,761 - Robot state not received
[Deoxys WARNING] 2025-09-30 11:34:00,689 - Robot state not received
[Deoxys WARNING] 2025-09-30 11:34:01,190 - Robot state not received
[Deoxys WARNING] 2025-09-30 11:34:01,691 - Robot state not received
[Deoxys WARNING] 2025-09-30 11:34:02,192 - Robot state not received
[Deoxys WARNING] 2025-09-30 11:36:40,110 - Robot state not received
[Deoxys WARNING] 2025-09-30 11:36:40,140 - Robot state not received
[Deoxys WARNING] 2025-09-30 11:36:40,610 - Robot state not received
[Deoxys WARNING] 2025-09-30 11:36:40,641 - Robot state not received
[Deoxys WARNING] 2025-09-30 11:36:41,111 - Robot state not received
[Deoxys WARNING] 2025-09-30 11:36:41,142 - Robot state not received
[Deoxys WARNING] 2025-09-30 11:36:41,612 - Robot state not received
[Deoxys WARNING] 2025-09-30 11:36:41,642 - Robot state not received
[Deoxys WARNING] 2025-09-30 11:39:44,481 - Robot state not received
[Deoxys WARNING] 2025-09-30 11:39:44,981 - Robot state not received
[Deoxys WARNING] 2025-09-30 11:39:45,483 - Robot state not received
[Deoxys WARNING] 2025-09-30 11:39:45,983 - Robot state not received
[Deoxys WARNING] 2025-09-30 11:40:53,011 - Robot state not received
[Deoxys WARNING] 2025-09-30 11:40:53,512 - Robot state not received
[Deoxys WARNING] 2025-09-30 11:40:54,013 - Robot state not received
[Deoxys WARNING] 2025-09-30 11:40:54,514 - Robot state not received
[Deoxys WARNING] 2025-09-30 11:40:55,015 - Robot state not received
[Deoxys WARNING] 2025-09-30 11:41:48,194 - Robot state not received
[Deoxys WARNING] 2025-09-30 11:44:33,488 - Robot state not received
[Deoxys WARNING] 2025-09-30 11:44:42,484 - Robot state not received
[Deoxys WARNING] 2025-09-30 11:46:08,703 - Robot state not received
[Deoxys WARNING] 2025-09-30 11:46:12,610 - Robot state not received
[Deoxys WARNING] 2025-09-30 11:48:39,366 - Robot state not received
[Deoxys WARNING] 2025-09-30 11:51:37,002 - Robot state not received
[Deoxys WARNING] 2025-09-30 12:10:03,505 - Robot state not received
[Deoxys WARNING] 2025-09-30 12:10:04,005 - Robot state not received
[Deoxys WARNING] 2025-09-30 12:10:04,506 - Robot state not received
[Deoxys WARNING] 2025-09-30 12:10:05,006 - Robot state not received
[Deoxys WARNING] 2025-09-30 12:11:25,046 - Robot state not received
[Deoxys WARNING] 2025-09-30 12:11:30,519 - Robot state not received
[Deoxys WARNING] 2025-09-30 12:12:53,842 - Robot state not received
[Deoxys WARNING] 2025-09-30 12:12:54,343 - Robot state not received
[Deoxys WARNING] 2025-09-30 12:12:54,844 - Robot state not received
[Deoxys WARNING] 2025-09-30 12:12:55,345 - Robot state not received
[Deoxys WARNING] 2025-09-30 12:12:55,846 - Robot state not received
[Deoxys WARNING] 2025-09-30 12:18:26,442 - Robot state not received
[Deoxys WARNING] 2025-10-01 14:35:45,125 - Robot state not received
[Deoxys WARNING] 2025-10-01 14:51:26,766 - Robot state not received
[Deoxys WARNING] 2025-10-01 14:55:44,826 - Robot state not received
[Deoxys WARNING] 2025-10-01 15:45:30,896 - Robot state not received
[Deoxys WARNING] 2025-10-01 15:47:59,661 - Robot state not received
[Deoxys WARNING] 2025-10-01 15:48:52,026 - Robot state not received
[Deoxys WARNING] 2025-10-01 15:48:54,886 - Robot state not received
[Deoxys WARNING] 2025-10-01 15:55:35,943 - Robot state not received
[Deoxys WARNING] 2025-10-01 15:58:01,452 - Robot state not received
[Deoxys WARNING] 2025-10-01 15:58:01,953 - Robot state not received
[Deoxys WARNING] 2025-10-01 15:58:02,454 - Robot state not received
[Deoxys WARNING] 2025-10-01 15:58:02,954 - Robot state not received
[Deoxys WARNING] 2025-10-01 15:58:03,455 - Robot state not received
[Deoxys WARNING] 2025-10-01 15:58:03,956 - Robot state not received
[Deoxys WARNING] 2025-10-01 15:58:04,457 - Robot state not received
[Deoxys WARNING] 2025-10-01 15:58:08,874 - Robot state not received
[Deoxys WARNING] 2025-10-01 15:58:11,399 - Robot state not received
[Deoxys WARNING] 2025-10-01 16:04:55,574 - Robot state not received
[Deoxys WARNING] 2025-10-01 16:05:20,426 - Robot state not received
[Deoxys WARNING] 2025-10-01 16:05:22,768 - Robot state not received
[Deoxys WARNING] 2025-10-01 16:05:49,636 - Robot state not received
[Deoxys WARNING] 2025-10-01 16:05:52,012 - Robot state not received
[Deoxys WARNING] 2025-10-01 16:05:52,034 - Robot state not received
[Deoxys WARNING] 2025-10-01 16:07:07,553 - Robot state not received
[Deoxys WARNING] 2025-10-01 16:07:09,713 - Robot state not received
[Deoxys WARNING] 2025-10-01 16:07:28,253 - Robot state not received
[Deoxys WARNING] 2025-10-01 16:07:28,754 - Robot state not received
[Deoxys WARNING] 2025-10-01 16:07:29,255 - Robot state not received
[Deoxys WARNING] 2025-10-01 16:07:29,756 - Robot state not received
[Deoxys WARNING] 2025-10-01 16:07:30,257 - Robot state not received
[Deoxys WARNING] 2025-10-01 16:07:30,758 - Robot state not received
[Deoxys WARNING] 2025-10-01 16:07:31,258 - Robot state not received
[Deoxys WARNING] 2025-10-01 16:07:31,759 - Robot state not received
[Deoxys WARNING] 2025-10-01 16:07:34,731 - Robot state not received
[Deoxys WARNING] 2025-10-01 16:07:34,769 - Robot state not received
[Deoxys WARNING] 2025-10-01 16:12:02,737 - Robot state not received
[Deoxys WARNING] 2025-10-01 16:12:05,946 - Robot state not received
[Deoxys WARNING] 2025-10-01 16:12:05,967 - Robot state not received
[Deoxys WARNING] 2025-10-14 15:10:15,224 - Robot state not received
[Deoxys WARNING] 2025-10-14 15:10:46,131 - Robot state not received
[Deoxys WARNING] 2025-10-14 15:10:46,632 - Robot state not received
[Deoxys WARNING] 2025-10-14 15:10:47,133 - Robot state not received
[Deoxys WARNING] 2025-10-14 15:10:47,633 - Robot state not received
[Deoxys WARNING] 2025-10-14 15:10:48,134 - Robot state not received
[Deoxys WARNING] 2025-10-14 15:10:51,781 - Robot state not received
[Deoxys WARNING] 2025-10-14 15:16:48,459 - Robot state not received
[Deoxys WARNING] 2025-10-14 15:25:30,955 - Robot state not received
[Deoxys WARNING] 2025-10-14 15:30:14,175 - Robot state not received
[Deoxys WARNING] 2025-10-14 15:31:35,341 - Robot state not received
[Deoxys WARNING] 2025-10-15 11:08:26,247 - Robot state not received
[Deoxys WARNING] 2025-10-15 11:08:26,749 - Robot state not received
[Deoxys WARNING] 2025-10-15 11:08:27,249 - Robot state not received
[Deoxys WARNING] 2025-10-15 11:08:27,750 - Robot state not received
[Deoxys WARNING] 2025-10-15 11:11:59,846 - Robot state not received
[Deoxys WARNING] 2025-10-15 11:12:14,399 - Robot state not received
[Deoxys WARNING] 2025-10-15 11:44:17,325 - Robot state not received
[Deoxys WARNING] 2025-10-15 11:44:17,826 - Robot state not received
[Deoxys WARNING] 2025-10-15 11:44:18,327 - Robot state not received
[Deoxys WARNING] 2025-10-15 11:44:18,827 - Robot state not received
[Deoxys WARNING] 2025-10-15 11:44:19,327 - Robot state not received
[Deoxys WARNING] 2025-10-15 11:44:19,828 - Robot state not received
[Deoxys WARNING] 2025-10-15 11:44:24,645 - Robot state not received
[Deoxys WARNING] 2025-10-17 16:50:32,408 - Robot state not received
[Deoxys WARNING] 2025-10-17 16:50:47,625 - Robot state not received
[Deoxys WARNING] 2025-10-17 16:53:11,103 - Robot state not received
[Deoxys WARNING] 2025-10-17 16:53:13,760 - Robot state not received
[Deoxys WARNING] 2025-10-17 17:00:20,257 - Robot state not received
[Deoxys WARNING] 2025-10-17 17:00:20,758 - Robot state not received
[Deoxys WARNING] 2025-10-17 17:00:21,258 - Robot state not received
[Deoxys WARNING] 2025-10-17 17:00:21,759 - Robot state not received
[Deoxys WARNING] 2025-10-17 17:00:22,259 - Robot state not received
[Deoxys WARNING] 2025-10-17 17:00:22,760 - Robot state not received
[Deoxys WARNING] 2025-10-17 17:00:23,260 - Robot state not received
[Deoxys WARNING] 2025-10-17 17:00:23,761 - Robot state not received
[Deoxys WARNING] 2025-10-17 17:00:24,261 - Robot state not received
[Deoxys WARNING] 2025-10-17 17:00:24,762 - Robot state not received
[Deoxys WARNING] 2025-10-17 17:00:25,262 - Robot state not received
[Deoxys WARNING] 2025-10-17 17:00:25,763 - Robot state not received
[Deoxys WARNING] 2025-10-17 17:00:26,263 - Robot state not received
[Deoxys WARNING] 2025-10-17 17:00:26,764 - Robot state not received
[Deoxys WARNING] 2025-10-17 17:00:27,265 - Robot state not received
[Deoxys WARNING] 2025-10-17 17:00:27,765 - Robot state not received
[Deoxys WARNING] 2025-10-17 17:00:28,266 - Robot state not received
[Deoxys WARNING] 2025-10-17 17:00:28,767 - Robot state not received
[Deoxys WARNING] 2025-10-17 17:00:29,268 - Robot state not received
[Deoxys WARNING] 2025-10-17 17:00:29,770 - Robot state not received
[Deoxys WARNING] 2025-10-17 17:00:30,271 - Robot state not received
[Deoxys WARNING] 2025-10-17 17:00:30,772 - Robot state not received
[Deoxys WARNING] 2025-10-17 17:00:31,273 - Robot state not received
[Deoxys WARNING] 2025-10-17 17:00:31,774 - Robot state not received
[Deoxys WARNING] 2025-10-17 17:00:32,276 - Robot state not received
[Deoxys WARNING] 2025-10-17 17:00:32,777 - Robot state not received
[Deoxys WARNING] 2025-10-17 17:00:33,281 - Robot state not received
[Deoxys WARNING] 2025-10-17 17:00:33,781 - Robot state not received
[Deoxys WARNING] 2025-10-17 17:00:34,282 - Robot state not received
[Deoxys WARNING] 2025-10-17 17:00:34,783 - Robot state not received
[Deoxys WARNING] 2025-10-17 17:00:35,283 - Robot state not received
[Deoxys WARNING] 2025-10-17 17:00:35,784 - Robot state not received
[Deoxys WARNING] 2025-10-17 17:00:36,285 - Robot state not received
[Deoxys WARNING] 2025-10-17 17:00:36,786 - Robot state not received
[Deoxys WARNING] 2025-10-17 17:00:37,286 - Robot state not received
[Deoxys WARNING] 2025-10-17 17:00:37,787 - Robot state not received
[Deoxys WARNING] 2025-10-17 17:00:38,288 - Robot state not received
[Deoxys WARNING] 2025-10-17 17:00:38,788 - Robot state not received
[Deoxys WARNING] 2025-10-17 17:00:39,289 - Robot state not received
[Deoxys WARNING] 2025-10-17 17:00:39,790 - Robot state not received
[Deoxys WARNING] 2025-10-17 17:00:40,290 - Robot state not received
[Deoxys WARNING] 2025-10-17 17:00:40,791 - Robot state not received
[Deoxys WARNING] 2025-10-17 17:00:41,292 - Robot state not received
[Deoxys WARNING] 2025-10-17 17:00:41,792 - Robot state not received
[Deoxys WARNING] 2025-10-17 17:00:42,293 - Robot state not received
[Deoxys WARNING] 2025-10-17 17:00:42,793 - Robot state not received
[Deoxys WARNING] 2025-10-17 17:00:43,294 - Robot state not received
[Deoxys WARNING] 2025-10-17 17:00:43,795 - Robot state not received
[Deoxys WARNING] 2025-10-17 17:00:44,295 - Robot state not received
[Deoxys WARNING] 2025-10-17 17:00:44,797 - Robot state not received
[Deoxys WARNING] 2025-10-17 17:00:45,297 - Robot state not received
[Deoxys WARNING] 2025-10-17 17:00:45,798 - Robot state not received
[Deoxys WARNING] 2025-10-17 17:00:46,299 - Robot state not received
[Deoxys WARNING] 2025-10-17 17:00:46,799 - Robot state not received
[Deoxys WARNING] 2025-10-17 17:00:47,300 - Robot state not received
[Deoxys WARNING] 2025-10-17 17:00:47,801 - Robot state not received
[Deoxys WARNING] 2025-10-17 17:00:48,302 - Robot state not received
[Deoxys WARNING] 2025-10-17 17:00:48,802 - Robot state not received
[Deoxys WARNING] 2025-10-17 17:00:49,303 - Robot state not received
[Deoxys WARNING] 2025-10-17 17:00:49,803 - Robot state not received
[Deoxys WARNING] 2025-10-17 17:00:50,304 - Robot state not received
[Deoxys WARNING] 2025-10-17 17:00:50,805 - Robot state not received
[Deoxys WARNING] 2025-10-17 17:00:51,305 - Robot state not received
[Deoxys WARNING] 2025-10-17 17:00:51,806 - Robot state not received
[Deoxys WARNING] 2025-10-17 17:00:52,307 - Robot state not received
[Deoxys WARNING] 2025-10-17 17:00:52,807 - Robot state not received
[Deoxys WARNING] 2025-10-17 17:00:53,308 - Robot state not received
[Deoxys WARNING] 2025-10-17 17:00:53,809 - Robot state not received
[Deoxys WARNING] 2025-10-17 17:00:54,310 - Robot state not received
[Deoxys WARNING] 2025-10-17 17:00:54,810 - Robot state not received
[Deoxys WARNING] 2025-10-17 17:00:55,311 - Robot state not received
[Deoxys WARNING] 2025-10-17 17:00:55,812 - Robot state not received
[Deoxys WARNING] 2025-10-17 17:00:56,312 - Robot state not received
[Deoxys WARNING] 2025-10-17 17:00:56,813 - Robot state not received
[Deoxys WARNING] 2025-10-17 17:00:57,313 - Robot state not received
[Deoxys WARNING] 2025-10-17 17:00:57,814 - Robot state not received
[Deoxys WARNING] 2025-10-17 17:00:58,315 - Robot state not received
[Deoxys WARNING] 2025-10-17 17:00:58,816 - Robot state not received
[Deoxys WARNING] 2025-10-17 17:00:59,316 - Robot state not received
[Deoxys WARNING] 2025-10-17 17:00:59,817 - Robot state not received
[Deoxys WARNING] 2025-10-17 17:01:00,318 - Robot state not received
[Deoxys WARNING] 2025-10-17 17:01:00,818 - Robot state not received
[Deoxys WARNING] 2025-10-17 17:01:01,319 - Robot state not received
[Deoxys WARNING] 2025-10-17 17:01:01,820 - Robot state not received
[Deoxys WARNING] 2025-10-17 17:01:02,321 - Robot state not received
[Deoxys WARNING] 2025-10-17 17:01:02,821 - Robot state not received
[Deoxys WARNING] 2025-10-17 17:01:03,322 - Robot state not received
[Deoxys WARNING] 2025-10-17 17:01:03,822 - Robot state not received
[Deoxys WARNING] 2025-10-17 17:01:04,324 - Robot state not received
[Deoxys WARNING] 2025-10-17 17:01:04,825 - Robot state not received
[Deoxys WARNING] 2025-10-17 17:01:05,326 - Robot state not received
[Deoxys WARNING] 2025-10-17 17:01:05,827 - Robot state not received
[Deoxys WARNING] 2025-10-17 17:01:06,327 - Robot state not received
[Deoxys WARNING] 2025-10-17 17:01:06,828 - Robot state not received
[Deoxys WARNING] 2025-10-17 17:01:07,332 - Robot state not received
[Deoxys WARNING] 2025-10-17 17:01:07,832 - Robot state not received
[Deoxys WARNING] 2025-10-17 17:01:08,333 - Robot state not received
[Deoxys WARNING] 2025-10-17 17:01:08,834 - Robot state not received
[Deoxys WARNING] 2025-10-17 17:01:09,334 - Robot state not received
[Deoxys WARNING] 2025-10-17 17:01:09,835 - Robot state not received
[Deoxys WARNING] 2025-10-17 17:01:10,336 - Robot state not received
[Deoxys WARNING] 2025-10-17 17:01:10,836 - Robot state not received
[Deoxys WARNING] 2025-10-17 17:01:11,337 - Robot state not received
[Deoxys WARNING] 2025-10-17 17:01:11,838 - Robot state not received
[Deoxys WARNING] 2025-10-17 17:01:12,339 - Robot state not received
[Deoxys WARNING] 2025-10-17 17:01:12,840 - Robot state not received
[Deoxys WARNING] 2025-10-17 17:01:13,340 - Robot state not received
[Deoxys WARNING] 2025-10-17 17:01:13,841 - Robot state not received
[Deoxys WARNING] 2025-10-17 17:01:14,341 - Robot state not received
[Deoxys WARNING] 2025-10-17 17:01:14,842 - Robot state not received
[Deoxys WARNING] 2025-10-17 17:01:15,343 - Robot state not received
[Deoxys WARNING] 2025-10-17 17:01:15,844 - Robot state not received
[Deoxys WARNING] 2025-10-17 17:01:16,345 - Robot state not received
[Deoxys WARNING] 2025-10-17 17:01:16,845 - Robot state not received
[Deoxys WARNING] 2025-10-17 17:01:17,346 - Robot state not received
[Deoxys WARNING] 2025-10-17 17:01:17,847 - Robot state not received
[Deoxys WARNING] 2025-10-17 17:01:18,348 - Robot state not received
[Deoxys WARNING] 2025-10-17 17:01:18,849 - Robot state not received
[Deoxys WARNING] 2025-10-17 17:01:19,349 - Robot state not received
[Deoxys WARNING] 2025-10-17 17:01:19,850 - Robot state not received
[Deoxys WARNING] 2025-10-17 17:01:20,351 - Robot state not received
[Deoxys WARNING] 2025-10-17 17:01:20,851 - Robot state not received
[Deoxys WARNING] 2025-10-17 17:01:21,352 - Robot state not received
[Deoxys WARNING] 2025-10-17 17:01:21,853 - Robot state not received
[Deoxys WARNING] 2025-10-17 17:01:22,353 - Robot state not received
[Deoxys WARNING] 2025-10-17 17:01:22,854 - Robot state not received
[Deoxys WARNING] 2025-10-17 17:01:23,355 - Robot state not received
[Deoxys WARNING] 2025-10-17 17:01:23,856 - Robot state not received
[Deoxys WARNING] 2025-10-17 17:01:24,356 - Robot state not received
[Deoxys WARNING] 2025-10-17 17:01:24,857 - Robot state not received
[Deoxys WARNING] 2025-10-17 17:01:25,358 - Robot state not received
[Deoxys WARNING] 2025-10-17 17:01:25,858 - Robot state not received
[Deoxys WARNING] 2025-10-17 17:01:26,359 - Robot state not received
[Deoxys WARNING] 2025-10-17 17:01:26,859 - Robot state not received
[Deoxys WARNING] 2025-10-17 17:01:27,360 - Robot state not received
[Deoxys WARNING] 2025-10-17 17:01:27,860 - Robot state not received
[Deoxys WARNING] 2025-10-17 17:01:28,361 - Robot state not received
[Deoxys WARNING] 2025-10-17 17:01:28,861 - Robot state not received
[Deoxys WARNING] 2025-10-17 17:01:29,362 - Robot state not received
[Deoxys WARNING] 2025-10-17 17:01:29,862 - Robot state not received
[Deoxys WARNING] 2025-10-17 17:01:30,363 - Robot state not received
[Deoxys WARNING] 2025-10-17 17:01:30,863 - Robot state not received
[Deoxys WARNING] 2025-10-17 17:01:31,364 - Robot state not received
[Deoxys WARNING] 2025-10-17 17:01:31,864 - Robot state not received
[Deoxys WARNING] 2025-10-17 17:01:32,365 - Robot state not received
[Deoxys WARNING] 2025-10-17 17:01:32,865 - Robot state not received
[Deoxys WARNING] 2025-10-17 17:01:33,366 - Robot state not received
[Deoxys WARNING] 2025-10-17 17:01:33,866 - Robot state not received
[Deoxys WARNING] 2025-10-17 17:01:34,367 - Robot state not received
[Deoxys WARNING] 2025-10-17 17:10:38,853 - Robot state not received
[Deoxys WARNING] 2025-10-17 17:14:10,125 - Robot state not received
[Deoxys WARNING] 2025-10-17 17:18:40,140 - Robot state not received
[Deoxys WARNING] 2025-10-17 17:18:49,001 - Robot state not received
[Deoxys WARNING] 2025-10-17 17:23:05,866 - Robot state not received
[Deoxys WARNING] 2025-10-17 17:23:15,665 - Robot state not received
[Deoxys WARNING] 2025-10-17 17:27:48,337 - Robot state not received
[Deoxys WARNING] 2025-10-22 12:37:22,006 - Robot state not received
[Deoxys WARNING] 2025-10-22 12:37:39,663 - Robot state not received
[Deoxys WARNING] 2025-10-22 15:06:06,469 - Robot state not received
[Deoxys WARNING] 2025-10-22 15:06:06,471 - Robot state not received
[Deoxys WARNING] 2025-10-22 15:07:32,053 - Robot state not received
[Deoxys WARNING] 2025-10-22 15:07:32,085 - Robot state not received
[Deoxys WARNING] 2025-10-22 15:10:11,951 - Robot state not received
[Deoxys WARNING] 2025-10-22 15:14:10,745 - Robot state not received
[Deoxys WARNING] 2025-10-22 15:14:10,755 - Robot state not received
[Deoxys WARNING] 2025-10-22 15:18:07,181 - Robot state not received
[Deoxys WARNING] 2025-10-22 15:18:07,214 - Robot state not received
[Deoxys WARNING] 2025-10-22 15:34:51,625 - Robot state not received
[Deoxys WARNING] 2025-10-22 15:34:51,662 - Robot state not received
[Deoxys WARNING] 2025-10-22 15:35:20,903 - Robot state not received
[Deoxys WARNING] 2025-10-22 15:35:20,945 - Robot state not received
[Deoxys WARNING] 2025-10-22 15:35:58,964 - Robot state not received
[Deoxys WARNING] 2025-10-22 15:35:58,978 - Robot state not received
[Deoxys WARNING] 2025-10-22 15:37:59,101 - Robot state not received
[Deoxys WARNING] 2025-10-22 15:40:30,673 - Robot state not received
[Deoxys WARNING] 2025-10-22 15:40:31,173 - Robot state not received
[Deoxys WARNING] 2025-10-22 15:40:31,674 - Robot state not received
[Deoxys WARNING] 2025-10-22 15:40:32,175 - Robot state not received
[Deoxys WARNING] 2025-10-22 15:40:32,676 - Robot state not received
[Deoxys WARNING] 2025-10-22 15:40:33,176 - Robot state not received
[Deoxys WARNING] 2025-10-22 15:40:33,677 - Robot state not received
[Deoxys WARNING] 2025-10-22 15:40:34,178 - Robot state not received
[Deoxys WARNING] 2025-10-22 15:45:24,726 - Robot state not received
[Deoxys WARNING] 2025-10-22 15:45:42,222 - Robot state not received
[Deoxys WARNING] 2025-10-22 15:52:00,083 - Robot state not received
[Deoxys WARNING] 2025-10-22 15:53:03,371 - Robot state not received
[Deoxys WARNING] 2025-10-22 16:01:12,126 - Robot state not received
[Deoxys WARNING] 2025-10-22 16:06:00,672 - Robot state not received
[Deoxys WARNING] 2025-10-22 16:06:45,946 - Robot state not received
[Deoxys WARNING] 2025-10-22 16:06:59,718 - Robot state not received
[Deoxys WARNING] 2025-10-22 16:11:58,220 - Robot state not received
[Deoxys WARNING] 2025-10-22 16:12:17,157 - Robot state not received
[Deoxys WARNING] 2025-10-22 16:12:27,341 - Robot state not received
[Deoxys WARNING] 2025-10-22 16:13:16,455 - Robot state not received
[Deoxys WARNING] 2025-10-22 16:13:58,762 - Robot state not received
[Deoxys WARNING] 2025-10-22 16:14:25,053 - Robot state not received
[Deoxys WARNING] 2025-10-22 16:16:21,863 - Robot state not received
[Deoxys WARNING] 2025-10-22 16:16:22,363 - Robot state not received
[Deoxys WARNING] 2025-10-22 16:16:22,864 - Robot state not received
[Deoxys WARNING] 2025-10-22 16:16:23,365 - Robot state not received
[Deoxys WARNING] 2025-10-22 16:16:23,866 - Robot state not received
[Deoxys WARNING] 2025-10-22 16:16:24,366 - Robot state not received
[Deoxys WARNING] 2025-10-22 16:17:16,756 - Robot state not received
[Deoxys WARNING] 2025-10-22 16:23:23,976 - Robot state not received
[Deoxys WARNING] 2025-10-22 16:23:24,477 - Robot state not received
[Deoxys WARNING] 2025-10-22 16:23:24,978 - Robot state not received
[Deoxys WARNING] 2025-10-22 16:23:25,478 - Robot state not received
[Deoxys WARNING] 2025-10-22 16:23:25,979 - Robot state not received
[Deoxys WARNING] 2025-10-22 16:23:26,479 - Robot state not received
[Deoxys WARNING] 2025-10-22 16:23:26,980 - Robot state not received
[Deoxys WARNING] 2025-10-22 16:23:27,480 - Robot state not received
[Deoxys WARNING] 2025-10-22 16:23:27,981 - Robot state not received
[Deoxys WARNING] 2025-10-22 16:23:28,481 - Robot state not received
[Deoxys WARNING] 2025-10-24 17:30:03,969 - Robot state not received
[Deoxys WARNING] 2025-10-24 17:30:03,969 - Robot state not received
[Deoxys WARNING] 2025-10-24 17:30:39,291 - Robot state not received
[Deoxys WARNING] 2025-10-24 17:37:41,128 - Robot state not received
[Deoxys WARNING] 2025-10-24 17:41:25,046 - Robot state not received
[Deoxys WARNING] 2025-10-24 17:42:58,572 - Robot state not received
[Deoxys WARNING] 2025-10-24 17:43:22,379 - Robot state not received
[Deoxys WARNING] 2025-10-24 17:45:39,075 - Robot state not received
[Deoxys WARNING] 2025-10-24 17:45:46,612 - Robot state not received
[Deoxys WARNING] 2025-10-24 17:45:47,112 - Robot state not received
[Deoxys WARNING] 2025-10-24 17:45:47,613 - Robot state not received
[Deoxys WARNING] 2025-10-24 17:45:48,114 - Robot state not received
[Deoxys WARNING] 2025-10-24 17:45:50,256 - Robot state not received
[Deoxys WARNING] 2025-10-24 17:54:43,152 - Robot state not received
[Deoxys WARNING] 2025-10-29 18:48:19,757 - Robot state not received
[Deoxys WARNING] 2025-10-29 18:48:19,757 - Robot state not received
[Deoxys WARNING] 2025-10-29 18:48:33,394 - Robot state not received
[Deoxys WARNING] 2025-10-29 18:51:56,616 - Robot state not received
[Deoxys WARNING] 2025-10-29 18:52:09,521 - Robot state not received
[Deoxys WARNING] 2025-10-29 19:11:29,787 - Robot state not received
[Deoxys WARNING] 2025-10-29 19:11:29,795 - Robot state not received
[Deoxys WARNING] 2025-10-29 19:13:28,487 - Robot state not received
[Deoxys WARNING] 2025-10-29 19:13:43,147 - Robot state not received
[Deoxys WARNING] 2025-10-29 19:27:46,291 - Robot state not received
[Deoxys WARNING] 2025-10-29 19:27:46,302 - Robot state not received
[Deoxys WARNING] 2025-10-29 19:28:27,967 - Robot state not received
[Deoxys WARNING] 2025-10-29 19:28:48,271 - Robot state not received
[Deoxys WARNING] 2025-10-29 19:28:58,671 - Robot state not received
[Deoxys WARNING] 2025-10-29 20:03:41,195 - Robot state not received
[Deoxys WARNING] 2025-10-29 20:05:57,778 - Robot state not received
[Deoxys WARNING] 2025-10-29 20:05:57,811 - Robot state not received
[Deoxys WARNING] 2025-10-29 20:26:54,967 - Robot state not received
[Deoxys WARNING] 2025-10-29 20:27:33,117 - Robot state not received
[Deoxys WARNING] 2025-10-29 20:28:03,161 - Robot state not received
[Deoxys WARNING] 2025-10-29 20:28:03,662 - Robot state not received
[Deoxys WARNING] 2025-10-29 20:28:04,163 - Robot state not received
[Deoxys WARNING] 2025-10-29 20:28:04,664 - Robot state not received
[Deoxys WARNING] 2025-10-29 20:28:05,164 - Robot state not received
[Deoxys WARNING] 2025-10-29 20:28:05,665 - Robot state not received
[Deoxys WARNING] 2025-10-29 20:28:06,166 - Robot state not received
[Deoxys WARNING] 2025-10-29 20:28:06,667 - Robot state not received
[Deoxys WARNING] 2025-10-29 20:28:07,167 - Robot state not received
[Deoxys WARNING] 2025-10-29 20:28:07,668 - Robot state not received
[Deoxys WARNING] 2025-10-29 20:28:08,169 - Robot state not received
[Deoxys WARNING] 2025-10-29 20:31:12,331 - Robot state not received
[Deoxys WARNING] 2025-10-29 20:31:23,740 - Robot state not received
[Deoxys WARNING] 2025-10-29 20:31:44,425 - Robot state not received
[Deoxys WARNING] 2025-10-30 12:28:48,161 - Robot state not received
[Deoxys WARNING] 2025-10-30 12:30:00,682 - Robot state not received
[Deoxys WARNING] 2025-10-30 12:30:00,721 - Robot state not received
[Deoxys WARNING] 2025-10-30 12:35:32,042 - Robot state not received
[Deoxys WARNING] 2025-10-30 12:36:00,126 - Robot state not received
[Deoxys WARNING] 2025-10-30 12:37:02,150 - Robot state not received
[Deoxys WARNING] 2025-10-30 12:37:02,159 - Robot state not received
[Deoxys WARNING] 2025-10-30 12:43:53,802 - Robot state not received
[Deoxys WARNING] 2025-10-30 12:44:04,227 - Robot state not received
[Deoxys WARNING] 2025-10-30 12:44:04,727 - Robot state not received
[Deoxys WARNING] 2025-10-30 12:44:19,466 - Robot state not received
[Deoxys WARNING] 2025-10-30 12:50:35,374 - Robot state not received
[Deoxys WARNING] 2025-10-30 12:53:37,776 - Robot state not received
[Deoxys WARNING] 2025-10-30 12:53:46,657 - Robot state not received
[Deoxys WARNING] 2025-10-30 12:54:19,719 - Robot state not received
[Deoxys WARNING] 2025-10-30 12:54:31,402 - Robot state not received
[Deoxys WARNING] 2025-10-30 12:55:08,824 - Robot state not received
[Deoxys WARNING] 2025-10-30 13:06:31,949 - Robot state not received
[Deoxys WARNING] 2025-10-30 13:06:42,832 - Robot state not received
[Deoxys WARNING] 2025-10-30 13:07:02,090 - Robot state not received
[Deoxys WARNING] 2025-10-30 17:34:36,507 - Robot state not received
[Deoxys WARNING] 2025-10-30 17:34:36,507 - Robot state not received
[Deoxys WARNING] 2025-10-30 17:34:43,770 - Robot state not received
[Deoxys WARNING] 2025-10-30 17:34:57,408 - Robot state not received
[Deoxys WARNING] 2025-10-30 17:35:56,000 - Robot state not received
[Deoxys WARNING] 2025-10-30 17:38:02,177 - Robot state not received
[Deoxys WARNING] 2025-10-30 17:38:14,241 - Robot state not received
[Deoxys WARNING] 2025-10-30 17:44:22,617 - Robot state not received
[Deoxys WARNING] 2025-10-30 17:44:22,647 - Robot state not received
[Deoxys WARNING] 2025-10-30 17:47:27,658 - Robot state not received
[Deoxys WARNING] 2025-10-30 17:47:38,007 - Robot state not received
[Deoxys WARNING] 2025-10-30 17:47:44,976 - Robot state not received
[Deoxys WARNING] 2025-10-30 17:47:44,999 - Robot state not received
[Deoxys WARNING] 2025-10-30 17:49:47,764 - Robot state not received
[Deoxys WARNING] 2025-10-30 17:49:58,449 - Robot state not received
[Deoxys WARNING] 2025-10-30 17:50:41,077 - Robot state not received
[Deoxys WARNING] 2025-10-30 17:52:17,441 - Robot state not received
[Deoxys WARNING] 2025-10-30 17:52:17,941 - Robot state not received
[Deoxys WARNING] 2025-10-30 17:52:18,442 - Robot state not received
[Deoxys WARNING] 2025-10-30 17:52:18,943 - Robot state not received
[Deoxys WARNING] 2025-10-30 17:52:19,444 - Robot state not received
[Deoxys WARNING] 2025-10-30 17:52:25,169 - Robot state not received
[Deoxys WARNING] 2025-10-30 17:52:25,169 - Robot state not received
[Deoxys WARNING] 2025-10-30 17:54:38,180 - Robot state not received
[Deoxys WARNING] 2025-10-30 17:54:45,017 - Robot state not received
[Deoxys WARNING] 2025-10-30 18:07:12,963 - Robot state not received
[Deoxys WARNING] 2025-10-30 18:14:22,320 - Robot state not received
[Deoxys WARNING] 2025-10-30 18:14:37,374 - Robot state not received
[Deoxys WARNING] 2025-10-30 18:18:37,393 - Robot state not received
[Deoxys WARNING] 2025-10-30 18:19:11,745 - Robot state not received
[Deoxys WARNING] 2025-10-30 18:23:08,255 - Robot state not received
[Deoxys WARNING] 2025-10-30 18:23:20,775 - Robot state not received
[Deoxys WARNING] 2025-10-30 18:24:12,121 - Robot state not received
[Deoxys WARNING] 2025-10-30 18:28:20,663 - Robot state not received
[Deoxys WARNING] 2025-10-30 18:29:22,820 - Robot state not received
[Deoxys WARNING] 2025-10-30 18:29:22,825 - Robot state not received
[Deoxys WARNING] 2025-10-30 18:31:08,208 - Robot state not received
[Deoxys WARNING] 2025-10-30 18:31:15,323 - Robot state not received
[Deoxys WARNING] 2025-10-30 18:31:29,446 - Robot state not received
[Deoxys WARNING] 2025-11-06 14:49:53,260 - Robot state not received
[Deoxys WARNING] 2025-11-06 14:50:17,974 - Robot state not received
[Deoxys WARNING] 2025-11-06 15:06:30,279 - Robot state not received
[Deoxys WARNING] 2025-11-06 15:06:37,904 - Robot state not received
[Deoxys WARNING] 2025-11-06 17:29:18,854 - Robot state not received
[Deoxys WARNING] 2025-11-06 17:29:18,864 - Robot state not received
[Deoxys WARNING] 2025-11-06 17:40:47,400 - Robot state not received
[Deoxys WARNING] 2025-11-06 17:43:39,967 - Robot state not received
[Deoxys WARNING] 2025-11-06 17:44:01,087 - Robot state not received
[Deoxys WARNING] 2025-11-06 17:45:58,162 - Robot state not received
[Deoxys WARNING] 2025-11-06 17:45:58,195 - Robot state not received
[Deoxys WARNING] 2025-11-17 12:14:32,580 - Robot state not received
[Deoxys WARNING] 2025-11-17 12:14:32,586 - Robot state not received
[Deoxys WARNING] 2025-11-17 12:15:01,146 - Robot state not received
[Deoxys WARNING] 2025-11-17 12:15:01,196 - Robot state not received
[Deoxys WARNING] 2025-11-20 13:21:18,347 - Robot state not received
[Deoxys WARNING] 2025-11-20 16:19:25,273 - Robot state not received
[Deoxys WARNING] 2025-11-20 16:19:37,056 - Robot state not received
[Deoxys WARNING] 2025-11-20 16:22:22,309 - Robot state not received
[Deoxys WARNING] 2025-11-20 16:24:03,961 - Robot state not received
[Deoxys WARNING] 2025-11-20 16:24:14,905 - Robot state not received
[Deoxys WARNING] 2025-11-20 16:24:26,956 - Robot state not received
[Deoxys WARNING] 2025-11-20 16:24:26,981 - Robot state not received
[Deoxys WARNING] 2025-11-20 16:26:38,964 - Robot state not received
[Deoxys WARNING] 2025-11-20 16:26:46,011 - Robot state not received
[Deoxys WARNING] 2025-11-20 16:37:30,176 - Robot state not received
[Deoxys WARNING] 2025-11-20 16:37:40,444 - Robot state not received
[Deoxys WARNING] 2025-11-20 16:38:29,098 - Robot state not received
[Deoxys WARNING] 2025-11-20 16:47:01,163 - Robot state not received
[Deoxys WARNING] 2025-11-20 16:47:06,577 - Robot state not received
[Deoxys WARNING] 2025-11-20 16:47:07,077 - Robot state not received
[Deoxys WARNING] 2025-11-20 16:47:07,578 - Robot state not received
[Deoxys WARNING] 2025-11-20 16:47:08,079 - Robot state not received
[Deoxys WARNING] 2025-11-20 16:47:10,056 - Robot state not received
[Deoxys WARNING] 2025-11-20 17:18:33,693 - Robot state not received
[Deoxys WARNING] 2025-11-21 10:23:59,681 - Robot state not received
[Deoxys WARNING] 2025-11-21 10:23:59,681 - Robot state not received
[Deoxys WARNING] 2025-11-21 10:24:00,182 - Robot state not received
[Deoxys WARNING] 2025-11-21 10:24:00,182 - Robot state not received
[Deoxys WARNING] 2025-11-21 10:24:00,682 - Robot state not received
[Deoxys WARNING] 2025-11-21 10:24:00,682 - Robot state not received
[Deoxys WARNING] 2025-11-21 10:24:05,647 - Robot state not received
[Deoxys WARNING] 2025-11-21 10:24:06,147 - Robot state not received
[Deoxys WARNING] 2025-11-21 10:24:10,092 - Robot state not received
[Deoxys WARNING] 2025-11-21 10:24:10,593 - Robot state not received
[Deoxys WARNING] 2025-11-21 10:28:13,409 - Robot state not received
[Deoxys WARNING] 2025-11-21 10:28:24,774 - Robot state not received
[Deoxys WARNING] 2025-11-21 10:35:45,818 - Robot state not received
[Deoxys WARNING] 2025-11-21 10:39:00,488 - Robot state not received
[Deoxys WARNING] 2025-11-21 10:39:13,962 - Robot state not received
[Deoxys WARNING] 2025-11-21 10:39:13,969 - Robot state not received
[Deoxys WARNING] 2025-11-21 10:44:45,779 - Robot state not received
[Deoxys WARNING] 2025-11-21 10:44:57,014 - Robot state not received
[Deoxys WARNING] 2025-11-21 10:45:46,270 - Robot state not received
[Deoxys WARNING] 2025-11-21 10:45:46,305 - Robot state not received
[Deoxys WARNING] 2025-11-21 10:50:36,275 - Robot state not received
[Deoxys WARNING] 2025-11-21 10:50:44,119 - Robot state not received
[Deoxys WARNING] 2025-11-21 10:50:57,376 - Robot state not received
[Deoxys WARNING] 2025-11-21 10:50:57,379 - Robot state not received
[Deoxys WARNING] 2025-11-21 10:56:14,110 - Robot state not received
[Deoxys WARNING] 2025-11-21 10:56:14,137 - Robot state not received
[Deoxys WARNING] 2025-11-21 10:56:14,610 - Robot state not received
[Deoxys WARNING] 2025-11-21 10:56:21,030 - Robot state not received
[Deoxys WARNING] 2025-11-21 10:56:32,770 - Robot state not received
[Deoxys WARNING] 2025-11-21 10:56:42,918 - Robot state not received
[Deoxys WARNING] 2025-11-21 10:56:42,954 - Robot state not received
[Deoxys WARNING] 2025-11-21 11:05:27,581 - Robot state not received
[Deoxys WARNING] 2025-11-21 11:05:36,281 - Robot state not received
[Deoxys WARNING] 2025-11-21 11:06:17,982 - Robot state not received
[Deoxys WARNING] 2025-11-21 11:14:46,766 - Robot state not received
[Deoxys WARNING] 2025-11-21 11:14:57,013 - Robot state not received
[Deoxys WARNING] 2025-11-21 11:15:08,770 - Robot state not received
[Deoxys WARNING] 2025-11-21 11:20:43,645 - Robot state not received
[Deoxys WARNING] 2025-11-21 11:20:50,762 - Robot state not received
[Deoxys WARNING] 2025-11-21 11:21:05,520 - Robot state not received
[Deoxys WARNING] 2025-11-21 11:21:05,525 - Robot state not received
[Deoxys WARNING] 2025-11-21 11:27:28,102 - Robot state not received
[Deoxys WARNING] 2025-11-21 11:27:50,340 - Robot state not received
[Deoxys WARNING] 2025-11-21 11:27:50,340 - Robot state not received
[Deoxys WARNING] 2025-11-21 11:30:02,831 - Robot state not received
[Deoxys WARNING] 2025-11-21 11:30:02,836 - Robot state not received
[Deoxys WARNING] 2025-11-21 11:37:26,974 - Robot state not received
[Deoxys WARNING] 2025-11-21 11:37:48,654 - Robot state not received
[Deoxys WARNING] 2025-11-21 11:41:19,148 - Robot state not received
[Deoxys WARNING] 2025-11-21 11:41:31,649 - Robot state not received
[Deoxys WARNING] 2025-11-21 11:41:40,746 - Robot state not received
[Deoxys WARNING] 2025-11-21 11:41:40,780 - Robot state not received
[Deoxys WARNING] 2025-11-30 17:47:30,756 - Robot state not received
[Deoxys WARNING] 2025-11-30 17:47:53,611 - Robot state not received
[Deoxys WARNING] 2025-11-30 18:03:09,345 - Robot state not received
[Deoxys WARNING] 2025-11-30 18:03:56,463 - Robot state not received
[Deoxys WARNING] 2025-11-30 18:18:56,264 - Robot state not received
[Deoxys WARNING] 2025-11-30 18:18:56,764 - Robot state not received
[Deoxys WARNING] 2025-11-30 18:18:57,265 - Robot state not received
[Deoxys WARNING] 2025-11-30 18:18:57,766 - Robot state not received
[Deoxys WARNING] 2025-11-30 18:18:58,267 - Robot state not received
[Deoxys WARNING] 2025-11-30 18:18:58,768 - Robot state not received
[Deoxys WARNING] 2025-11-30 18:18:59,268 - Robot state not received
[Deoxys WARNING] 2025-11-30 18:18:59,769 - Robot state not received
[Deoxys WARNING] 2025-11-30 18:19:00,270 - Robot state not received
[Deoxys WARNING] 2025-11-30 18:19:00,770 - Robot state not received
[Deoxys WARNING] 2025-11-30 18:19:01,271 - Robot state not received
[Deoxys WARNING] 2025-11-30 18:19:01,772 - Robot state not received
[Deoxys WARNING] 2025-11-30 18:19:02,272 - Robot state not received
[Deoxys WARNING] 2025-11-30 18:19:02,773 - Robot state not received
[Deoxys WARNING] 2025-11-30 18:19:03,273 - Robot state not received
[Deoxys WARNING] 2025-11-30 18:19:03,774 - Robot state not received
[Deoxys WARNING] 2025-11-30 18:19:04,275 - Robot state not received
[Deoxys WARNING] 2025-11-30 18:19:52,242 - Robot state not received
[Deoxys WARNING] 2025-11-30 18:19:52,293 - Robot state not received
[Deoxys WARNING] 2025-12-27 16:24:22,439 - Robot state not received
[Deoxys WARNING] 2025-12-27 16:32:26,287 - Robot state not received
[Deoxys WARNING] 2025-12-27 16:32:26,296 - Robot state not received
[Deoxys WARNING] 2025-12-27 17:09:57,454 - Robot state not received
[Deoxys WARNING] 2025-12-27 17:12:01,975 - Robot state not received
[Deoxys WARNING] 2025-12-27 17:13:33,458 - Robot state not received
[Deoxys WARNING] 2025-12-27 17:13:33,473 - Robot state not received
[Deoxys WARNING] 2025-12-27 17:14:54,655 - Robot state not received
[Deoxys WARNING] 2025-12-27 17:14:54,666 - Robot state not received
[Deoxys WARNING] 2025-12-27 17:14:54,673 - Robot state not received
[Deoxys WARNING] 2025-12-27 17:25:37,441 - Robot state not received
[Deoxys WARNING] 2025-12-27 17:25:37,454 - Robot state not received
[Deoxys WARNING] 2025-12-27 17:25:37,941 - Robot state not received
[Deoxys WARNING] 2025-12-27 17:25:37,955 - Robot state not received
[Deoxys WARNING] 2025-12-27 17:25:38,442 - Robot state not received
[Deoxys WARNING] 2025-12-27 17:25:38,455 - Robot state not received
[Deoxys WARNING] 2025-12-27 17:25:38,943 - Robot state not received
[Deoxys WARNING] 2025-12-27 17:25:38,956 - Robot state not received
[Deoxys WARNING] 2025-12-27 17:26:47,174 - Robot state not received
[Deoxys WARNING] 2025-12-27 17:29:34,216 - Robot state not received
[Deoxys WARNING] 2025-12-27 17:29:34,225 - Robot state not received
[Deoxys WARNING] 2025-12-27 17:46:29,414 - Robot state not received
[Deoxys WARNING] 2025-12-27 17:46:47,187 - Robot state not received
[Deoxys WARNING] 2025-12-27 18:08:50,742 - Robot state not received
[Deoxys WARNING] 2025-12-27 18:08:50,783 - Robot state not received
[Deoxys WARNING] 2025-12-27 18:09:01,714 - Robot state not received
[Deoxys WARNING] 2025-12-27 18:09:01,730 - Robot state not received
[Deoxys WARNING] 2025-12-27 18:10:06,207 - Robot state not received
[Deoxys WARNING] 2025-12-27 18:10:06,219 - Robot state not received
[Deoxys WARNING] 2025-12-27 18:10:08,178 - Robot state not received
[Deoxys WARNING] 2025-12-27 18:12:12,180 - Robot state not received
[Deoxys WARNING] 2025-12-27 18:17:57,779 - Robot state not received
[Deoxys WARNING] 2025-12-27 18:17:57,784 - Robot state not received
[Deoxys WARNING] 2025-12-27 18:18:01,559 - Robot state not received
[Deoxys WARNING] 2025-12-27 19:06:12,572 - Robot state not received
[Deoxys WARNING] 2025-12-27 19:06:20,571 - Robot state not received
[Deoxys WARNING] 2025-12-27 19:09:28,339 - Robot state not received
[Deoxys WARNING] 2025-12-27 19:14:59,708 - Robot state not received
[Deoxys WARNING] 2025-12-27 19:18:21,229 - Robot state not received
[Deoxys WARNING] 2025-12-27 19:18:22,644 - Robot state not received
[Deoxys WARNING] 2025-12-27 19:18:22,670 - Robot state not received
[Deoxys WARNING] 2025-12-27 19:18:22,699 - Robot state not received
[Deoxys WARNING] 2025-12-27 19:22:49,361 - Robot state not received
[Deoxys WARNING] 2025-12-27 19:22:57,271 - Robot state not received
[Deoxys WARNING] 2025-12-27 19:23:10,479 - Robot state not received
[Deoxys WARNING] 2025-12-27 19:23:18,375 - Robot state not received
[Deoxys WARNING] 2025-12-27 19:25:08,474 - Robot state not received
[Deoxys WARNING] 2025-12-27 19:25:26,735 - Robot state not received
[Deoxys WARNING] 2025-12-27 19:26:02,138 - Robot state not received
[Deoxys WARNING] 2025-12-27 19:27:21,009 - Robot state not received
[Deoxys WARNING] 2025-12-27 19:27:57,380 - Robot state not received
[Deoxys WARNING] 2025-12-27 19:30:11,565 - Robot state not received
[Deoxys WARNING] 2025-12-27 19:30:11,587 - Robot state not received
[Deoxys WARNING] 2025-12-27 19:30:12,066 - Robot state not received
[Deoxys WARNING] 2025-12-27 19:30:12,567 - Robot state not received
[Deoxys WARNING] 2025-12-27 19:30:13,068 - Robot state not received
[Deoxys WARNING] 2025-12-27 19:30:13,568 - Robot state not received
[Deoxys WARNING] 2025-12-27 19:30:14,069 - Robot state not received
[Deoxys WARNING] 2025-12-27 19:30:14,569 - Robot state not received
[Deoxys WARNING] 2025-12-27 19:30:15,070 - Robot state not received
[Deoxys WARNING] 2025-12-27 19:30:15,570 - Robot state not received
[Deoxys WARNING] 2025-12-27 19:30:16,071 - Robot state not received
[Deoxys WARNING] 2025-12-27 19:30:16,571 - Robot state not received
[Deoxys WARNING] 2025-12-27 19:30:17,072 - Robot state not received
[Deoxys WARNING] 2025-12-27 19:30:17,572 - Robot state not received
[Deoxys WARNING] 2025-12-27 19:30:18,073 - Robot state not received
[Deoxys WARNING] 2025-12-27 19:30:18,573 - Robot state not received
[Deoxys WARNING] 2025-12-27 19:30:19,074 - Robot state not received
[Deoxys WARNING] 2025-12-27 19:30:19,574 - Robot state not received
[Deoxys WARNING] 2025-12-27 19:30:20,075 - Robot state not received
[Deoxys WARNING] 2025-12-27 19:30:20,575 - Robot state not received
[Deoxys WARNING] 2025-12-27 19:30:35,384 - Robot state not received
[Deoxys WARNING] 2025-12-29 17:24:21,800 - Robot state not received
[Deoxys WARNING] 2025-12-29 17:24:35,228 - Robot state not received
[Deoxys WARNING] 2025-12-29 17:24:57,112 - Robot state not received
[Deoxys WARNING] 2025-12-29 17:52:52,653 - Robot state not received
[Deoxys WARNING] 2025-12-29 17:53:05,282 - Robot state not received
[Deoxys WARNING] 2025-12-29 18:01:14,438 - Robot state not received
[Deoxys WARNING] 2025-12-29 18:06:33,027 - Robot state not received
[Deoxys WARNING] 2025-12-29 18:07:46,470 - Robot state not received
[Deoxys WARNING] 2025-12-29 18:08:48,483 - Robot state not received
[Deoxys WARNING] 2025-12-29 18:08:48,508 - Robot state not received
[Deoxys WARNING] 2025-12-29 18:31:55,626 - Robot state not received
[Deoxys WARNING] 2025-12-29 18:31:55,644 - Robot state not received
[Deoxys WARNING] 2025-12-29 18:32:17,294 - Robot state not received
[Deoxys WARNING] 2025-12-29 18:32:45,088 - Robot state not received
[Deoxys WARNING] 2025-12-29 18:48:34,481 - Robot state not received
[Deoxys WARNING] 2025-12-29 18:48:34,982 - Robot state not received
[Deoxys WARNING] 2025-12-29 18:48:35,483 - Robot state not received
[Deoxys WARNING] 2025-12-29 18:48:35,984 - Robot state not received
[Deoxys WARNING] 2025-12-29 18:48:36,485 - Robot state not received
[Deoxys WARNING] 2025-12-29 18:48:36,985 - Robot state not received
[Deoxys WARNING] 2025-12-29 18:48:37,486 - Robot state not received
[Deoxys WARNING] 2025-12-29 18:48:47,908 - Robot state not received
[Deoxys WARNING] 2025-12-29 18:51:09,783 - Robot state not received
[Deoxys WARNING] 2025-12-29 18:51:41,259 - Robot state not received
[Deoxys WARNING] 2025-12-29 18:51:41,277 - Robot state not received
[Deoxys WARNING] 2025-12-29 18:56:12,873 - Robot state not received
[Deoxys WARNING] 2025-12-29 18:56:55,618 - Robot state not received
[Deoxys WARNING] 2025-12-29 19:09:04,031 - Robot state not received
[Deoxys WARNING] 2025-12-29 19:09:04,051 - Robot state not received
[Deoxys WARNING] 2025-12-29 19:10:51,286 - Robot state not received
[Deoxys WARNING] 2025-12-29 19:11:02,801 - Robot state not received
[Deoxys WARNING] 2025-12-29 19:11:34,123 - Robot state not received
[Deoxys WARNING] 2025-12-29 19:11:34,128 - Robot state not received
[Deoxys WARNING] 2025-12-29 19:11:39,514 - Robot state not received
[Deoxys WARNING] 2025-12-29 19:11:39,540 - Robot state not received
[Deoxys WARNING] 2025-12-29 19:23:05,613 - Robot state not received
[Deoxys WARNING] 2025-12-29 19:44:28,492 - Robot state not received
[Deoxys WARNING] 2025-12-29 19:46:43,795 - Robot state not received
[Deoxys WARNING] 2025-12-29 19:48:10,012 - Robot state not received
[Deoxys WARNING] 2025-12-29 19:48:50,457 - Robot state not received
[Deoxys WARNING] 2025-12-29 19:48:50,461 - Robot state not received
[Deoxys WARNING] 2025-12-29 19:56:17,470 - Robot state not received
[Deoxys WARNING] 2025-12-29 19:57:25,664 - Robot state not received
[Deoxys WARNING] 2025-12-29 19:57:25,669 - Robot state not received
[Deoxys WARNING] 2025-12-29 19:57:36,972 - Robot state not received
[Deoxys WARNING] 2025-12-29 19:57:36,982 - Robot state not received
[Deoxys WARNING] 2025-12-29 20:04:14,517 - Robot state not received
[Deoxys WARNING] 2025-12-29 20:05:19,287 - Robot state not received
[Deoxys WARNING] 2025-12-29 20:05:19,290 - Robot state not received
[Deoxys WARNING] 2025-12-29 20:09:06,669 - Robot state not received
[Deoxys WARNING] 2025-12-29 20:09:30,550 - Robot state not received
[Deoxys WARNING] 2025-12-29 20:10:58,554 - Robot state not received
[Deoxys WARNING] 2025-12-29 20:10:58,595 - Robot state not received
[Deoxys WARNING] 2025-12-29 20:14:33,552 - Robot state not received
[Deoxys WARNING] 2025-12-29 20:14:36,874 - Robot state not received
[Deoxys WARNING] 2025-12-29 20:19:17,347 - Robot state not received
[Deoxys WARNING] 2026-01-04 17:49:45,001 - Robot state not received
[Deoxys WARNING] 2026-01-04 17:49:45,035 - Robot state not received
[Deoxys WARNING] 2026-01-04 18:31:38,636 - Robot state not received
[Deoxys WARNING] 2026-01-04 18:31:49,170 - Robot state not received
[Deoxys WARNING] 2026-01-04 18:32:03,186 - Robot state not received
[Deoxys WARNING] 2026-01-04 18:32:03,198 - Robot state not received
[Deoxys WARNING] 2026-01-04 18:32:49,263 - Robot state not received
[Deoxys WARNING] 2026-01-04 19:23:16,389 - Robot state not received
[Deoxys WARNING] 2026-01-04 19:23:16,429 - Robot state not received
[Deoxys WARNING] 2026-01-04 19:49:58,510 - Robot state not received
[Deoxys WARNING] 2026-01-04 19:50:47,960 - Robot state not received
[Deoxys WARNING] 2026-01-04 19:51:21,234 - Robot state not received
[Deoxys WARNING] 2026-01-04 20:17:25,904 - Robot state not received
[Deoxys WARNING] 2026-01-04 20:17:52,323 - Robot state not received
[Deoxys WARNING] 2026-01-04 20:17:52,824 - Robot state not received
[Deoxys WARNING] 2026-01-04 20:17:53,324 - Robot state not received
[Deoxys WARNING] 2026-01-04 20:17:53,825 - Robot state not received
[Deoxys WARNING] 2026-01-04 20:17:54,326 - Robot state not received
[Deoxys WARNING] 2026-01-04 20:17:54,827 - Robot state not received
[Deoxys WARNING] 2026-01-04 20:17:55,328 - Robot state not received
[Deoxys WARNING] 2026-01-04 20:17:55,829 - Robot state not received
[Deoxys WARNING] 2026-01-04 20:17:56,329 - Robot state not received
[Deoxys WARNING] 2026-01-04 20:17:56,830 - Robot state not received
[Deoxys WARNING] 2026-01-04 20:17:57,331 - Robot state not received
[Deoxys WARNING] 2026-01-04 20:17:57,832 - Robot state not received
[Deoxys WARNING] 2026-01-04 20:17:58,332 - Robot state not received
[Deoxys WARNING] 2026-01-04 20:17:58,833 - Robot state not received
[Deoxys WARNING] 2026-01-04 20:17:59,333 - Robot state not received
[Deoxys WARNING] 2026-01-04 20:19:29,646 - Robot state not received
[Deoxys WARNING] 2026-01-04 20:19:49,778 - Robot state not received
[Deoxys WARNING] 2026-01-04 20:19:49,790 - Robot state not received
[Deoxys WARNING] 2026-01-04 20:20:18,552 - Robot state not received
[Deoxys WARNING] 2026-01-04 20:24:21,741 - Robot state not received
[Deoxys WARNING] 2026-01-04 20:24:22,243 - Robot state not received
[Deoxys WARNING] 2026-01-04 20:35:57,145 - Robot state not received
[Deoxys WARNING] 2026-01-04 20:36:26,835 - Robot state not received
[Deoxys WARNING] 2026-01-04 20:45:01,497 - Robot state not received
[Deoxys WARNING] 2026-01-04 20:45:11,796 - Robot state not received
[Deoxys WARNING] 2026-01-04 20:45:25,764 - Robot state not received
[Deoxys WARNING] 2026-01-04 20:45:25,797 - Robot state not received
[Deoxys WARNING] 2026-01-04 20:46:15,028 - Robot state not received
[Deoxys WARNING] 2026-01-04 20:51:49,663 - Robot state not received
[Deoxys WARNING] 2026-01-04 20:53:01,472 - Robot state not received
[Deoxys WARNING] 2026-01-04 20:53:01,535 - Robot state not received
[Deoxys WARNING] 2026-01-04 20:53:02,036 - Robot state not received
[Deoxys WARNING] 2026-01-04 20:53:02,536 - Robot state not received
[Deoxys WARNING] 2026-01-04 20:53:03,037 - Robot state not received
[Deoxys WARNING] 2026-01-04 20:53:03,537 - Robot state not received
[Deoxys WARNING] 2026-01-04 20:53:04,039 - Robot state not received
[Deoxys WARNING] 2026-01-04 20:53:04,539 - Robot state not received
[Deoxys WARNING] 2026-01-04 20:53:05,040 - Robot state not received
[Deoxys WARNING] 2026-01-04 20:53:05,540 - Robot state not received
[Deoxys WARNING] 2026-01-04 20:53:06,041 - Robot state not received
[Deoxys WARNING] 2026-01-04 20:53:06,542 - Robot state not received
[Deoxys WARNING] 2026-01-04 20:53:07,042 - Robot state not received
[Deoxys WARNING] 2026-01-04 20:53:07,543 - Robot state not received
[Deoxys WARNING] 2026-01-04 20:53:08,044 - Robot state not received
[Deoxys WARNING] 2026-01-04 20:53:08,545 - Robot state not received
[Deoxys WARNING] 2026-01-04 20:53:09,046 - Robot state not received
[Deoxys WARNING] 2026-01-04 20:53:09,547 - Robot state not received
[Deoxys WARNING] 2026-01-04 20:53:10,047 - Robot state not received
[Deoxys WARNING] 2026-01-04 20:53:10,548 - Robot state not received
[Deoxys WARNING] 2026-01-04 20:53:11,049 - Robot state not received
[Deoxys WARNING] 2026-01-04 20:53:11,549 - Robot state not received
[Deoxys WARNING] 2026-01-04 20:53:12,050 - Robot state not received
[Deoxys WARNING] 2026-01-04 20:53:12,550 - Robot state not received
[Deoxys WARNING] 2026-01-04 20:53:13,051 - Robot state not received
[Deoxys WARNING] 2026-01-04 20:53:13,552 - Robot state not received
[Deoxys WARNING] 2026-01-04 20:53:14,053 - Robot state not received
[Deoxys WARNING] 2026-01-04 20:53:14,553 - Robot state not received
[Deoxys WARNING] 2026-01-04 20:53:15,054 - Robot state not received
[Deoxys WARNING] 2026-01-04 20:53:15,555 - Robot state not received
[Deoxys WARNING] 2026-01-04 20:53:16,055 - Robot state not received
[Deoxys WARNING] 2026-01-04 20:53:16,557 - Robot state not received
[Deoxys WARNING] 2026-01-04 20:53:17,058 - Robot state not received
[Deoxys WARNING] 2026-01-04 20:53:17,559 - Robot state not received
[Deoxys WARNING] 2026-01-04 20:53:18,060 - Robot state not received
[Deoxys WARNING] 2026-01-04 20:53:41,527 - Robot state not received
[Deoxys WARNING] 2026-01-04 20:53:41,543 - Robot state not received
[Deoxys WARNING] 2026-01-04 20:57:44,536 - Robot state not received
[Deoxys WARNING] 2026-01-04 20:57:45,037 - Robot state not received
[Deoxys WARNING] 2026-01-04 20:57:45,537 - Robot state not received
[Deoxys WARNING] 2026-01-04 20:57:46,038 - Robot state not received
[Deoxys WARNING] 2026-01-04 20:57:46,538 - Robot state not received
[Deoxys WARNING] 2026-01-04 20:57:47,039 - Robot state not received
[Deoxys WARNING] 2026-01-04 20:57:47,539 - Robot state not received
[Deoxys WARNING] 2026-01-04 20:57:48,039 - Robot state not received
[Deoxys WARNING] 2026-01-04 20:57:48,540 - Robot state not received
[Deoxys WARNING] 2026-01-04 20:57:49,041 - Robot state not received
[Deoxys WARNING] 2026-01-04 20:57:49,542 - Robot state not received
[Deoxys WARNING] 2026-01-04 20:57:50,042 - Robot state not received
[Deoxys WARNING] 2026-01-04 20:57:50,543 - Robot state not received
[Deoxys WARNING] 2026-01-04 20:57:51,043 - Robot state not received
[Deoxys WARNING] 2026-01-04 20:57:57,535 - Robot state not received
[Deoxys WARNING] 2026-01-04 20:58:06,036 - Robot state not received
[Deoxys WARNING] 2026-01-04 20:58:06,537 - Robot state not received
[Deoxys WARNING] 2026-01-04 20:58:07,038 - Robot state not received
[Deoxys WARNING] 2026-01-04 20:58:07,539 - Robot state not received
[Deoxys WARNING] 2026-01-04 20:58:08,040 - Robot state not received
[Deoxys WARNING] 2026-01-04 20:58:08,540 - Robot state not received
[Deoxys WARNING] 2026-01-04 20:58:09,041 - Robot state not received
[Deoxys WARNING] 2026-01-04 20:58:09,542 - Robot state not received
[Deoxys WARNING] 2026-01-04 20:58:10,043 - Robot state not received
[Deoxys WARNING] 2026-01-04 20:58:10,544 - Robot state not received
[Deoxys WARNING] 2026-01-04 20:58:11,045 - Robot state not received
[Deoxys WARNING] 2026-01-04 20:58:11,545 - Robot state not received
[Deoxys WARNING] 2026-01-04 20:58:12,046 - Robot state not received
[Deoxys WARNING] 2026-01-04 20:58:12,547 - Robot state not received
[Deoxys WARNING] 2026-01-04 20:58:13,047 - Robot state not received
[Deoxys WARNING] 2026-01-04 20:58:13,548 - Robot state not received
[Deoxys WARNING] 2026-01-04 20:58:14,049 - Robot state not received
[Deoxys WARNING] 2026-01-04 20:58:14,549 - Robot state not received
[Deoxys WARNING] 2026-01-04 20:58:15,050 - Robot state not received
[Deoxys WARNING] 2026-01-04 20:58:15,551 - Robot state not received
[Deoxys WARNING] 2026-01-04 20:58:16,051 - Robot state not received
[Deoxys WARNING] 2026-01-04 20:58:16,552 - Robot state not received
[Deoxys WARNING] 2026-01-04 20:58:17,052 - Robot state not received
[Deoxys WARNING] 2026-01-04 20:58:17,553 - Robot state not received
[Deoxys WARNING] 2026-01-04 20:58:18,054 - Robot state not received
[Deoxys WARNING] 2026-01-04 20:58:18,554 - Robot state not received
[Deoxys WARNING] 2026-01-04 20:58:19,055 - Robot state not received
[Deoxys WARNING] 2026-01-04 20:58:19,556 - Robot state not received
[Deoxys WARNING] 2026-01-04 20:58:20,056 - Robot state not received
[Deoxys WARNING] 2026-01-04 20:58:20,557 - Robot state not received
[Deoxys WARNING] 2026-01-04 20:58:21,057 - Robot state not received
[Deoxys WARNING] 2026-01-04 20:58:21,558 - Robot state not received
[Deoxys WARNING] 2026-01-04 20:58:22,058 - Robot state not received
[Deoxys WARNING] 2026-01-04 20:58:22,559 - Robot state not received
[Deoxys WARNING] 2026-01-04 20:58:23,060 - Robot state not received
[Deoxys WARNING] 2026-01-04 20:58:23,560 - Robot state not received
[Deoxys WARNING] 2026-01-04 20:58:24,061 - Robot state not received
[Deoxys WARNING] 2026-01-04 20:59:28,467 - Robot state not received
[Deoxys WARNING] 2026-01-04 20:59:28,477 - Robot state not received
[Deoxys WARNING] 2026-01-04 20:59:28,978 - Robot state not received
[Deoxys WARNING] 2026-01-04 20:59:29,479 - Robot state not received
[Deoxys WARNING] 2026-01-04 20:59:29,979 - Robot state not received
[Deoxys WARNING] 2026-01-04 20:59:30,480 - Robot state not received
[Deoxys WARNING] 2026-01-04 20:59:30,981 - Robot state not received
[Deoxys WARNING] 2026-01-04 20:59:31,482 - Robot state not received
[Deoxys WARNING] 2026-01-04 20:59:31,983 - Robot state not received
[Deoxys WARNING] 2026-01-04 20:59:32,484 - Robot state not received
[Deoxys WARNING] 2026-01-04 20:59:32,984 - Robot state not received
[Deoxys WARNING] 2026-01-04 20:59:33,485 - Robot state not received
[Deoxys WARNING] 2026-01-04 20:59:33,985 - Robot state not received
[Deoxys WARNING] 2026-01-04 20:59:34,486 - Robot state not received
[Deoxys WARNING] 2026-01-04 20:59:34,986 - Robot state not received
[Deoxys WARNING] 2026-01-04 20:59:35,487 - Robot state not received
[Deoxys WARNING] 2026-01-04 20:59:35,987 - Robot state not received
[Deoxys WARNING] 2026-01-04 20:59:36,488 - Robot state not received
[Deoxys WARNING] 2026-01-04 20:59:36,988 - Robot state not received
[Deoxys WARNING] 2026-01-04 20:59:37,489 - Robot state not received
[Deoxys WARNING] 2026-01-04 20:59:37,989 - Robot state not received
[Deoxys WARNING] 2026-01-04 20:59:38,490 - Robot state not received
[Deoxys WARNING] 2026-01-04 20:59:38,991 - Robot state not received
[Deoxys WARNING] 2026-01-04 20:59:39,491 - Robot state not received
[Deoxys WARNING] 2026-01-04 20:59:39,992 - Robot state not received
[Deoxys WARNING] 2026-01-04 20:59:40,492 - Robot state not received
[Deoxys WARNING] 2026-01-04 20:59:40,993 - Robot state not received
[Deoxys WARNING] 2026-01-04 20:59:41,493 - Robot state not received
[Deoxys WARNING] 2026-01-04 20:59:41,994 - Robot state not received
[Deoxys WARNING] 2026-01-04 20:59:42,494 - Robot state not received
[Deoxys WARNING] 2026-01-04 20:59:42,995 - Robot state not received
[Deoxys WARNING] 2026-01-04 21:02:55,486 - Robot state not received
[Deoxys WARNING] 2026-01-04 21:03:03,468 - Robot state not received
[Deoxys WARNING] 2026-01-07 19:42:34,807 - Robot state not received
[Deoxys WARNING] 2026-01-07 19:42:35,308 - Robot state not received
[Deoxys WARNING] 2026-01-07 19:42:35,809 - Robot state not received
[Deoxys WARNING] 2026-01-07 19:42:36,310 - Robot state not received
[Deoxys WARNING] 2026-01-07 19:42:36,811 - Robot state not received
[Deoxys WARNING] 2026-01-07 19:42:37,311 - Robot state not received
[Deoxys WARNING] 2026-01-16 18:53:24,980 - Robot state not received
[Deoxys WARNING] 2026-01-16 19:12:46,597 - Robot state not received
[Deoxys WARNING] 2026-01-16 19:12:58,452 - Robot state not received
[Deoxys WARNING] 2026-01-16 19:21:17,638 - Robot state not received
[Deoxys WARNING] 2026-01-16 19:21:18,138 - Robot state not received
[Deoxys WARNING] 2026-01-16 19:21:18,639 - Robot state not received
[Deoxys WARNING] 2026-01-16 19:21:19,140 - Robot state not received
[Deoxys WARNING] 2026-01-16 19:21:19,641 - Robot state not received
[Deoxys WARNING] 2026-01-16 19:21:20,142 - Robot state not received
[Deoxys WARNING] 2026-01-16 19:21:20,642 - Robot state not received
[Deoxys WARNING] 2026-01-16 19:21:21,143 - Robot state not received
[Deoxys WARNING] 2026-01-16 19:21:21,644 - Robot state not received
[Deoxys WARNING] 2026-01-16 19:21:22,145 - Robot state not received
[Deoxys WARNING] 2026-01-16 19:21:22,646 - Robot state not received
[Deoxys WARNING] 2026-01-16 19:21:23,146 - Robot state not received
[Deoxys WARNING] 2026-01-16 19:40:13,767 - Robot state not received
[Deoxys WARNING] 2026-01-16 20:08:17,982 - Robot state not received
[Deoxys WARNING] 2026-01-16 20:08:26,569 - Robot state not received
[Deoxys WARNING] 2026-01-16 20:08:42,485 - Robot state not received
[Deoxys WARNING] 2026-01-16 20:08:49,076 - Robot state not received
[Deoxys WARNING] 2026-01-16 20:08:49,092 - Robot state not received
[Deoxys WARNING] 2026-01-16 20:19:38,499 - Robot state not received
[Deoxys WARNING] 2026-01-16 20:19:55,215 - Robot state not received
[Deoxys WARNING] 2026-01-16 20:20:03,169 - Robot state not received
[Deoxys WARNING] 2026-01-16 20:20:03,177 - Robot state not received
[Deoxys WARNING] 2026-01-16 20:20:03,670 - Robot state not received
[Deoxys WARNING] 2026-01-16 20:20:04,170 - Robot state not received
[Deoxys WARNING] 2026-01-16 20:20:04,671 - Robot state not received
[Deoxys WARNING] 2026-01-16 20:20:05,172 - Robot state not received
[Deoxys WARNING] 2026-01-16 20:20:05,672 - Robot state not received
[Deoxys WARNING] 2026-01-16 20:20:06,173 - Robot state not received
[Deoxys WARNING] 2026-01-16 20:20:06,673 - Robot state not received
[Deoxys WARNING] 2026-01-16 20:20:07,174 - Robot state not received
[Deoxys WARNING] 2026-01-16 20:28:33,191 - Robot state not received
[Deoxys WARNING] 2026-01-16 20:28:39,909 - Robot state not received
[Deoxys WARNING] 2026-01-16 20:29:00,113 - Robot state not received
[Deoxys WARNING] 2026-01-16 20:31:57,181 - Robot state not received
[Deoxys WARNING] 2026-01-16 20:32:07,844 - Robot state not received
[Deoxys WARNING] 2026-01-16 20:50:41,240 - Robot state not received
[Deoxys WARNING] 2026-01-16 20:50:41,242 - Robot state not received
[Deoxys WARNING] 2026-01-20 17:51:49,690 - Robot state not received
[Deoxys WARNING] 2026-01-20 17:51:50,191 - Robot state not received
[Deoxys WARNING] 2026-01-20 17:51:50,692 - Robot state not received
[Deoxys WARNING] 2026-01-20 17:51:51,192 - Robot state not received
[Deoxys WARNING] 2026-01-20 17:51:51,693 - Robot state not received
[Deoxys WARNING] 2026-01-20 17:51:52,194 - Robot state not received
[Deoxys WARNING] 2026-01-20 17:51:52,694 - Robot state not received
[Deoxys WARNING] 2026-01-20 17:51:53,195 - Robot state not received
[Deoxys WARNING] 2026-01-20 17:51:53,695 - Robot state not received
[Deoxys WARNING] 2026-01-20 17:51:54,196 - Robot state not received
[Deoxys WARNING] 2026-01-20 17:51:54,696 - Robot state not received
[Deoxys WARNING] 2026-01-20 17:51:55,197 - Robot state not received
[Deoxys WARNING] 2026-01-20 17:51:55,697 - Robot state not received
[Deoxys WARNING] 2026-01-20 17:54:21,969 - Robot state not received
[Deoxys WARNING] 2026-01-20 17:54:29,868 - Robot state not received
[Deoxys WARNING] 2026-01-20 17:54:44,882 - Robot state not received
[Deoxys WARNING] 2026-01-20 17:57:29,535 - Robot state not received
[Deoxys WARNING] 2026-01-20 17:57:40,036 - Robot state not received
[Deoxys WARNING] 2026-01-20 18:00:09,236 - Robot state not received
[Deoxys WARNING] 2026-01-20 18:00:09,737 - Robot state not received
[Deoxys WARNING] 2026-01-20 18:00:10,237 - Robot state not received
[Deoxys WARNING] 2026-01-20 18:00:10,738 - Robot state not received
[Deoxys WARNING] 2026-01-20 18:00:11,238 - Robot state not received
[Deoxys WARNING] 2026-01-20 18:00:11,739 - Robot state not received
[Deoxys WARNING] 2026-01-20 18:00:12,240 - Robot state not received
[Deoxys WARNING] 2026-01-20 18:00:12,741 - Robot state not received
[Deoxys WARNING] 2026-01-20 18:00:13,241 - Robot state not received
[Deoxys WARNING] 2026-01-20 18:00:13,742 - Robot state not received
[Deoxys WARNING] 2026-01-20 18:00:14,243 - Robot state not received
[Deoxys WARNING] 2026-01-20 18:00:14,744 - Robot state not received
[Deoxys WARNING] 2026-01-20 18:00:15,245 - Robot state not received
[Deoxys WARNING] 2026-01-20 18:00:15,745 - Robot state not received
[Deoxys WARNING] 2026-01-20 18:00:16,246 - Robot state not received
[Deoxys WARNING] 2026-01-20 18:00:16,747 - Robot state not received
[Deoxys WARNING] 2026-01-20 18:00:17,248 - Robot state not received
[Deoxys WARNING] 2026-01-20 18:00:17,748 - Robot state not received
[Deoxys WARNING] 2026-01-20 18:00:18,249 - Robot state not received
[Deoxys WARNING] 2026-01-20 18:00:18,750 - Robot state not received
[Deoxys WARNING] 2026-01-20 18:00:39,598 - Robot state not received
[Deoxys WARNING] 2026-01-20 18:18:01,381 - Robot state not received
[Deoxys WARNING] 2026-01-20 18:18:08,262 - Robot state not received
[Deoxys WARNING] 2026-01-20 18:18:08,264 - Robot state not received
[Deoxys WARNING] 2026-01-21 17:28:15,262 - Robot state not received
[Deoxys WARNING] 2026-01-21 18:10:37,336 - Robot state not received
[Deoxys WARNING] 2026-01-21 18:10:37,836 - Robot state not received
[Deoxys WARNING] 2026-01-21 18:42:55,494 - Robot state not received
[Deoxys WARNING] 2026-01-21 18:42:55,498 - Robot state not received
[Deoxys WARNING] 2026-01-22 16:59:28,523 - Robot state not received
[Deoxys WARNING] 2026-01-22 16:59:44,201 - Robot state not received
[Deoxys WARNING] 2026-01-22 17:01:03,025 - Robot state not received
[Deoxys WARNING] 2026-01-22 17:01:03,032 - Robot state not received
[Deoxys WARNING] 2026-01-22 17:01:03,036 - Robot state not received
[Deoxys WARNING] 2026-01-22 17:01:03,041 - Robot state not received
[Deoxys WARNING] 2026-01-22 17:01:52,157 - Robot state not received
[Deoxys WARNING] 2026-01-22 17:02:56,276 - Robot state not received
[Deoxys WARNING] 2026-01-22 17:11:49,385 - Robot state not received
[Deoxys WARNING] 2026-01-22 17:11:49,388 - Robot state not received
[Deoxys WARNING] 2026-01-22 17:11:49,886 - Robot state not received
[Deoxys WARNING] 2026-01-22 17:11:49,889 - Robot state not received
[Deoxys WARNING] 2026-01-22 17:11:50,387 - Robot state not received
[Deoxys WARNING] 2026-01-22 17:11:50,390 - Robot state not received
[Deoxys WARNING] 2026-01-22 17:11:50,888 - Robot state not received
[Deoxys WARNING] 2026-01-22 17:11:50,890 - Robot state not received
[Deoxys WARNING] 2026-01-22 17:12:00,112 - Robot state not received
[Deoxys WARNING] 2026-01-22 17:24:28,136 - Robot state not received
[Deoxys WARNING] 2026-01-22 17:25:07,303 - Robot state not received
[Deoxys WARNING] 2026-01-22 17:32:25,031 - Robot state not received
[Deoxys WARNING] 2026-01-22 17:32:25,531 - Robot state not received
[Deoxys WARNING] 2026-01-22 17:32:26,032 - Robot state not received
[Deoxys WARNING] 2026-01-22 17:32:26,532 - Robot state not received
[Deoxys WARNING] 2026-01-22 17:32:27,033 - Robot state not received
[Deoxys WARNING] 2026-01-22 17:32:38,151 - Robot state not received
[Deoxys WARNING] 2026-01-22 17:36:24,675 - Robot state not received
[Deoxys WARNING] 2026-01-22 17:39:07,077 - Robot state not received
[Deoxys WARNING] 2026-01-22 19:56:17,349 - Robot state not received
[Deoxys WARNING] 2026-01-24 18:33:05,193 - Robot state not received
[Deoxys WARNING] 2026-01-24 18:33:17,611 - Robot state not received
[Deoxys WARNING] 2026-01-24 18:35:39,431 - Robot state not received
[Deoxys WARNING] 2026-01-24 18:35:39,434 - Robot state not received
[Deoxys WARNING] 2026-01-24 18:45:04,616 - Robot state not received
[Deoxys WARNING] 2026-01-24 18:45:15,023 - Robot state not received
[Deoxys WARNING] 2026-01-24 18:45:25,965 - Robot state not received
[Deoxys WARNING] 2026-01-24 18:45:26,046 - Robot state not received
[Deoxys WARNING] 2026-01-24 18:46:50,398 - Robot state not received
[Deoxys WARNING] 2026-01-24 18:46:50,424 - Robot state not received
[Deoxys WARNING] 2026-01-24 18:46:50,899 - Robot state not received
[Deoxys WARNING] 2026-01-24 18:46:50,925 - Robot state not received
[Deoxys WARNING] 2026-01-24 18:46:51,399 - Robot state not received
[Deoxys WARNING] 2026-01-24 18:46:51,425 - Robot state not received
[Deoxys WARNING] 2026-01-24 18:46:51,900 - Robot state not received
[Deoxys WARNING] 2026-01-24 18:46:51,926 - Robot state not received
[Deoxys WARNING] 2026-01-24 18:46:52,401 - Robot state not received
[Deoxys WARNING] 2026-01-24 18:46:52,427 - Robot state not received
[Deoxys WARNING] 2026-01-24 18:46:52,901 - Robot state not received
[Deoxys WARNING] 2026-01-24 18:46:52,928 - Robot state not received
[Deoxys WARNING] 2026-01-24 18:46:53,402 - Robot state not received
[Deoxys WARNING] 2026-01-24 18:46:53,429 - Robot state not received
[Deoxys WARNING] 2026-01-24 18:46:53,904 - Robot state not received
[Deoxys WARNING] 2026-01-24 18:46:53,929 - Robot state not received
[Deoxys WARNING] 2026-01-24 18:47:41,046 - Robot state not received
[Deoxys WARNING] 2026-01-24 18:47:47,172 - Robot state not received
[Deoxys WARNING] 2026-01-24 19:05:13,104 - Robot state not received
[Deoxys WARNING] 2026-01-24 19:05:24,108 - Robot state not received
[Deoxys WARNING] 2026-01-24 19:05:36,980 - Robot state not received
[Deoxys WARNING] 2026-01-24 19:07:56,711 - Robot state not received
[Deoxys WARNING] 2026-01-24 19:09:36,000 - Robot state not received
[Deoxys WARNING] 2026-01-24 19:09:48,968 - Robot state not received
[Deoxys WARNING] 2026-01-24 19:10:06,103 - Robot state not received
[Deoxys WARNING] 2026-01-24 19:10:06,157 - Robot state not received
[Deoxys WARNING] 2026-01-24 19:10:06,604 - Robot state not received
[Deoxys WARNING] 2026-01-24 19:10:06,658 - Robot state not received
[Deoxys WARNING] 2026-01-24 19:10:07,104 - Robot state not received
[Deoxys WARNING] 2026-01-24 19:10:07,159 - Robot state not received
[Deoxys WARNING] 2026-01-24 19:10:07,605 - Robot state not received
[Deoxys WARNING] 2026-01-24 19:10:07,659 - Robot state not received
[Deoxys WARNING] 2026-01-24 19:10:08,106 - Robot state not received
[Deoxys WARNING] 2026-01-24 19:10:08,160 - Robot state not received
[Deoxys WARNING] 2026-01-24 19:10:08,606 - Robot state not received
[Deoxys WARNING] 2026-01-24 19:10:09,107 - Robot state not received
[Deoxys WARNING] 2026-01-24 19:12:08,213 - Robot state not received
[Deoxys WARNING] 2026-01-24 19:12:48,527 - Robot state not received
[Deoxys WARNING] 2026-01-24 19:14:05,719 - Robot state not received
[Deoxys WARNING] 2026-01-24 19:14:05,738 - Robot state not received
[Deoxys WARNING] 2026-01-24 19:14:25,029 - Robot state not received
[Deoxys WARNING] 2026-01-24 19:16:08,695 - Robot state not received
[Deoxys WARNING] 2026-01-24 19:16:09,195 - Robot state not received
[Deoxys WARNING] 2026-01-24 19:16:09,696 - Robot state not received
[Deoxys WARNING] 2026-01-24 19:16:10,196 - Robot state not received
[Deoxys WARNING] 2026-01-24 19:16:10,697 - Robot state not received
[Deoxys WARNING] 2026-01-24 19:16:11,198 - Robot state not received
[Deoxys WARNING] 2026-01-24 19:16:11,699 - Robot state not received
[Deoxys WARNING] 2026-01-24 19:16:12,200 - Robot state not received
[Deoxys WARNING] 2026-01-24 19:26:28,454 - Robot state not received
[Deoxys WARNING] 2026-01-24 19:26:28,460 - Robot state not received
[Deoxys WARNING] 2026-01-24 19:31:13,945 - Robot state not received
[Deoxys WARNING] 2026-01-24 19:31:22,463 - Robot state not received
[Deoxys WARNING] 2026-01-24 19:31:37,455 - Robot state not received
[Deoxys WARNING] 2026-01-24 19:33:07,319 - Robot state not received
[Deoxys WARNING] 2026-01-24 19:33:22,248 - Robot state not received
[Deoxys WARNING] 2026-01-24 20:01:56,557 - Robot state not received
[Deoxys WARNING] 2026-01-24 20:01:56,563 - Robot state not received
[Deoxys WARNING] 2026-01-24 20:08:28,375 - Robot state not received
[Deoxys WARNING] 2026-01-24 20:09:37,838 - Robot state not received
[Deoxys WARNING] 2026-01-24 20:40:30,659 - Robot state not received
[Deoxys WARNING] 2026-01-24 20:40:30,704 - Robot state not received
[Deoxys WARNING] 2026-01-24 20:41:48,921 - Robot state not received
[Deoxys WARNING] 2026-01-24 20:41:48,930 - Robot state not received
[Deoxys WARNING] 2026-01-24 20:41:49,422 - Robot state not received
[Deoxys WARNING] 2026-01-24 20:41:49,431 - Robot state not received
[Deoxys WARNING] 2026-01-24 20:41:49,924 - Robot state not received
[Deoxys WARNING] 2026-01-24 20:41:49,932 - Robot state not received
[Deoxys WARNING] 2026-01-24 20:41:50,425 - Robot state not received
[Deoxys WARNING] 2026-01-24 20:41:50,432 - Robot state not received
[Deoxys WARNING] 2026-01-24 20:41:50,925 - Robot state not received
[Deoxys WARNING] 2026-01-24 20:41:50,933 - Robot state not received
[Deoxys WARNING] 2026-01-24 20:41:51,426 - Robot state not received
[Deoxys WARNING] 2026-01-24 20:41:51,434 - Robot state not received
[Deoxys WARNING] 2026-01-24 20:41:51,927 - Robot state not received
[Deoxys WARNING] 2026-01-24 20:41:51,934 - Robot state not received
[Deoxys WARNING] 2026-01-25 18:08:05,710 - Robot state not received
[Deoxys WARNING] 2026-01-25 18:30:06,711 - Robot state not received
[Deoxys WARNING] 2026-01-25 18:30:06,723 - Robot state not received
[Deoxys WARNING] 2026-01-25 18:32:04,945 - Robot state not received
[Deoxys WARNING] 2026-01-25 18:32:13,157 - Robot state not received
[Deoxys WARNING] 2026-01-25 18:35:15,927 - Robot state not received
[Deoxys WARNING] 2026-01-25 18:38:57,984 - Robot state not received
[Deoxys WARNING] 2026-01-25 18:39:57,232 - Robot state not received
[Deoxys WARNING] 2026-01-25 18:40:20,427 - Robot state not received
[Deoxys WARNING] 2026-01-25 18:40:23,446 - Robot state not received
[Deoxys WARNING] 2026-01-25 18:49:56,372 - Robot state not received
[Deoxys WARNING] 2026-01-25 18:51:32,924 - Robot state not received
[Deoxys WARNING] 2026-01-25 18:51:32,938 - Robot state not received
[Deoxys WARNING] 2026-01-25 18:57:14,255 - Robot state not received
[Deoxys WARNING] 2026-01-25 18:57:14,756 - Robot state not received
[Deoxys WARNING] 2026-01-25 18:57:15,257 - Robot state not received
[Deoxys WARNING] 2026-01-25 18:57:15,757 - Robot state not received
[Deoxys WARNING] 2026-01-25 18:57:16,258 - Robot state not received
[Deoxys WARNING] 2026-01-25 18:57:16,758 - Robot state not received
[Deoxys WARNING] 2026-01-25 18:57:17,259 - Robot state not received
[Deoxys WARNING] 2026-01-25 18:57:17,760 - Robot state not received
[Deoxys WARNING] 2026-01-25 18:57:18,260 - Robot state not received
[Deoxys WARNING] 2026-01-25 18:57:18,763 - Robot state not received
[Deoxys WARNING] 2026-01-25 18:57:34,450 - Robot state not received
[Deoxys WARNING] 2026-01-25 19:09:58,258 - Robot state not received
[Deoxys WARNING] 2026-01-25 19:10:10,288 - Robot state not received
[Deoxys WARNING] 2026-01-25 19:22:18,700 - Robot state not received
[Deoxys WARNING] 2026-01-25 19:22:25,549 - Robot state not received
[Deoxys WARNING] 2026-01-25 19:22:49,471 - Robot state not received
[Deoxys WARNING] 2026-01-25 19:22:49,476 - Robot state not received
[Deoxys WARNING] 2026-01-25 19:28:16,600 - Robot state not received
[Deoxys WARNING] 2026-01-25 19:28:30,232 - Robot state not received
[Deoxys WARNING] 2026-01-25 19:56:20,831 - Robot state not received
[Deoxys WARNING] 2026-01-25 19:56:20,885 - Robot state not received
[Deoxys WARNING] 2026-01-25 19:56:21,332 - Robot state not received
[Deoxys WARNING] 2026-01-25 19:56:21,386 - Robot state not received
[Deoxys WARNING] 2026-01-25 19:56:21,832 - Robot state not received
[Deoxys WARNING] 2026-01-25 19:56:21,886 - Robot state not received
[Deoxys WARNING] 2026-01-25 19:56:22,333 - Robot state not received
[Deoxys WARNING] 2026-01-25 19:56:22,387 - Robot state not received
[Deoxys WARNING] 2026-01-25 19:56:22,834 - Robot state not received
[Deoxys WARNING] 2026-01-25 19:56:22,887 - Robot state not received
[Deoxys WARNING] 2026-01-25 19:56:23,334 - Robot state not received
[Deoxys WARNING] 2026-01-25 19:56:23,388 - Robot state not received
[Deoxys WARNING] 2026-01-25 19:56:23,835 - Robot state not received
[Deoxys WARNING] 2026-01-25 19:56:23,888 - Robot state not received
[Deoxys WARNING] 2026-01-25 19:56:24,335 - Robot state not received
[Deoxys WARNING] 2026-01-25 19:56:24,389 - Robot state not received
[Deoxys WARNING] 2026-01-25 19:56:24,890 - Robot state not received
[Deoxys WARNING] 2026-01-25 19:56:25,390 - Robot state not received
[Deoxys WARNING] 2026-01-25 19:56:25,891 - Robot state not received
[Deoxys WARNING] 2026-01-25 20:07:04,034 - Robot state not received
[Deoxys WARNING] 2026-01-25 20:07:04,069 - Robot state not received
[Deoxys WARNING] 2026-01-25 20:07:04,535 - Robot state not received
[Deoxys WARNING] 2026-01-25 20:07:05,036 - Robot state not received
[Deoxys WARNING] 2026-01-25 20:07:05,536 - Robot state not received
[Deoxys WARNING] 2026-01-25 20:07:06,037 - Robot state not received
[Deoxys WARNING] 2026-01-25 20:07:06,114 - Robot state not received
[Deoxys WARNING] 2026-01-25 20:07:06,123 - Robot state not received
[Deoxys WARNING] 2026-01-25 20:07:06,537 - Robot state not received
[Deoxys WARNING] 2026-01-25 20:07:06,615 - Robot state not received
[Deoxys WARNING] 2026-01-25 20:07:06,624 - Robot state not received
[Deoxys WARNING] 2026-01-25 20:07:07,038 - Robot state not received
[Deoxys WARNING] 2026-01-25 20:07:07,116 - Robot state not received
[Deoxys WARNING] 2026-01-25 20:07:07,124 - Robot state not received
[Deoxys WARNING] 2026-01-25 20:07:07,538 - Robot state not received
[Deoxys WARNING] 2026-01-25 20:07:07,616 - Robot state not received
[Deoxys WARNING] 2026-01-25 20:07:07,625 - Robot state not received
[Deoxys WARNING] 2026-01-25 20:07:08,039 - Robot state not received
[Deoxys WARNING] 2026-01-25 20:07:08,117 - Robot state not received
[Deoxys WARNING] 2026-01-25 20:07:08,126 - Robot state not received
[Deoxys WARNING] 2026-01-25 20:07:08,539 - Robot state not received
[Deoxys WARNING] 2026-01-25 20:07:08,619 - Robot state not received
[Deoxys WARNING] 2026-01-25 20:07:08,627 - Robot state not received
[Deoxys WARNING] 2026-01-25 20:07:09,043 - Robot state not received
[Deoxys WARNING] 2026-01-25 20:07:09,119 - Robot state not received
[Deoxys WARNING] 2026-01-25 20:07:09,130 - Robot state not received
[Deoxys WARNING] 2026-01-25 20:07:09,543 - Robot state not received
[Deoxys WARNING] 2026-01-25 20:07:09,620 - Robot state not received
[Deoxys WARNING] 2026-01-25 20:07:09,631 - Robot state not received
[Deoxys WARNING] 2026-01-25 20:07:10,044 - Robot state not received
[Deoxys WARNING] 2026-01-25 20:07:10,121 - Robot state not received
[Deoxys WARNING] 2026-01-25 20:07:10,131 - Robot state not received
[Deoxys WARNING] 2026-01-25 20:07:10,545 - Robot state not received
[Deoxys WARNING] 2026-01-25 20:07:10,621 - Robot state not received
[Deoxys WARNING] 2026-01-25 20:07:10,632 - Robot state not received
[Deoxys WARNING] 2026-01-25 20:07:11,045 - Robot state not received
[Deoxys WARNING] 2026-01-25 20:07:11,122 - Robot state not received
[Deoxys WARNING] 2026-01-25 20:07:11,133 - Robot state not received
[Deoxys WARNING] 2026-01-25 20:07:11,546 - Robot state not received
[Deoxys WARNING] 2026-01-25 20:07:11,623 - Robot state not received
[Deoxys WARNING] 2026-01-25 20:07:11,635 - Robot state not received
[Deoxys WARNING] 2026-01-25 20:07:12,046 - Robot state not received
[Deoxys WARNING] 2026-01-25 20:07:12,123 - Robot state not received
[Deoxys WARNING] 2026-01-25 20:07:12,136 - Robot state not received
[Deoxys WARNING] 2026-01-25 20:07:12,547 - Robot state not received
[Deoxys WARNING] 2026-01-25 20:07:12,625 - Robot state not received
[Deoxys WARNING] 2026-01-25 20:07:12,636 - Robot state not received
[Deoxys WARNING] 2026-01-25 20:07:13,050 - Robot state not received
[Deoxys WARNING] 2026-01-25 20:07:13,125 - Robot state not received
[Deoxys WARNING] 2026-01-25 20:07:13,137 - Robot state not received
[Deoxys WARNING] 2026-01-25 20:07:13,550 - Robot state not received
[Deoxys WARNING] 2026-01-25 20:07:13,626 - Robot state not received
[Deoxys WARNING] 2026-01-25 20:07:13,638 - Robot state not received
[Deoxys WARNING] 2026-01-25 20:07:14,051 - Robot state not received
[Deoxys WARNING] 2026-01-25 20:07:14,127 - Robot state not received
[Deoxys WARNING] 2026-01-25 20:07:14,138 - Robot state not received
[Deoxys WARNING] 2026-01-25 20:07:14,552 - Robot state not received
[Deoxys WARNING] 2026-01-25 20:07:14,628 - Robot state not received
[Deoxys WARNING] 2026-01-25 20:07:14,639 - Robot state not received
[Deoxys WARNING] 2026-01-25 20:07:15,052 - Robot state not received
[Deoxys WARNING] 2026-01-25 20:07:15,132 - Robot state not received
[Deoxys WARNING] 2026-01-25 20:07:15,139 - Robot state not received
[Deoxys WARNING] 2026-01-25 20:07:15,553 - Robot state not received
[Deoxys WARNING] 2026-01-25 20:07:15,632 - Robot state not received
[Deoxys WARNING] 2026-01-25 20:07:15,640 - Robot state not received
[Deoxys WARNING] 2026-01-25 20:07:16,053 - Robot state not received
[Deoxys WARNING] 2026-01-25 20:07:16,133 - Robot state not received
[Deoxys WARNING] 2026-01-25 20:07:16,142 - Robot state not received
[Deoxys WARNING] 2026-01-25 20:07:16,554 - Robot state not received
[Deoxys WARNING] 2026-01-25 20:07:16,634 - Robot state not received
[Deoxys WARNING] 2026-01-25 20:07:16,643 - Robot state not received
[Deoxys WARNING] 2026-01-25 20:07:17,055 - Robot state not received
[Deoxys WARNING] 2026-01-25 20:07:17,135 - Robot state not received
[Deoxys WARNING] 2026-01-25 20:07:17,145 - Robot state not received
[Deoxys WARNING] 2026-01-25 20:07:17,555 - Robot state not received
[Deoxys WARNING] 2026-01-25 20:07:17,636 - Robot state not received
[Deoxys WARNING] 2026-01-25 20:07:17,645 - Robot state not received
[Deoxys WARNING] 2026-01-25 20:07:18,056 - Robot state not received
[Deoxys WARNING] 2026-01-25 20:07:18,136 - Robot state not received
[Deoxys WARNING] 2026-01-25 20:07:18,146 - Robot state not received
[Deoxys WARNING] 2026-01-25 20:07:18,557 - Robot state not received
[Deoxys WARNING] 2026-01-25 20:07:18,637 - Robot state not received
[Deoxys WARNING] 2026-01-25 20:07:18,647 - Robot state not received
[Deoxys WARNING] 2026-01-25 20:07:19,057 - Robot state not received
[Deoxys WARNING] 2026-01-25 20:07:19,137 - Robot state not received
[Deoxys WARNING] 2026-01-25 20:07:19,147 - Robot state not received
[Deoxys WARNING] 2026-01-25 20:07:19,558 - Robot state not received
[Deoxys WARNING] 2026-01-25 20:07:19,638 - Robot state not received
[Deoxys WARNING] 2026-01-25 20:07:19,648 - Robot state not received
[Deoxys WARNING] 2026-01-25 20:07:20,059 - Robot state not received
[Deoxys WARNING] 2026-01-25 20:07:20,140 - Robot state not received
[Deoxys WARNING] 2026-01-25 20:07:20,149 - Robot state not received
[Deoxys WARNING] 2026-01-25 20:07:20,560 - Robot state not received
[Deoxys WARNING] 2026-01-25 20:07:20,640 - Robot state not received
[Deoxys WARNING] 2026-01-25 20:07:20,649 - Robot state not received
[Deoxys WARNING] 2026-01-25 20:07:21,061 - Robot state not received
[Deoxys WARNING] 2026-01-25 20:07:21,141 - Robot state not received
[Deoxys WARNING] 2026-01-25 20:07:21,150 - Robot state not received
[Deoxys WARNING] 2026-01-25 20:07:21,562 - Robot state not received
[Deoxys WARNING] 2026-01-25 20:07:21,642 - Robot state not received
[Deoxys WARNING] 2026-01-25 20:07:21,653 - Robot state not received
[Deoxys WARNING] 2026-01-25 20:07:22,062 - Robot state not received
[Deoxys WARNING] 2026-01-25 20:07:22,142 - Robot state not received
[Deoxys WARNING] 2026-01-25 20:07:22,154 - Robot state not received
[Deoxys WARNING] 2026-01-25 20:07:22,563 - Robot state not received
[Deoxys WARNING] 2026-01-25 20:07:22,646 - Robot state not received
[Deoxys WARNING] 2026-01-25 20:07:22,656 - Robot state not received
[Deoxys WARNING] 2026-01-25 20:07:23,064 - Robot state not received
[Deoxys WARNING] 2026-01-25 20:07:23,146 - Robot state not received
[Deoxys WARNING] 2026-01-25 20:07:23,158 - Robot state not received
[Deoxys WARNING] 2026-01-25 20:07:23,564 - Robot state not received
[Deoxys WARNING] 2026-01-25 20:07:23,647 - Robot state not received
[Deoxys WARNING] 2026-01-25 20:07:23,660 - Robot state not received
[Deoxys WARNING] 2026-01-25 20:07:24,065 - Robot state not received
[Deoxys WARNING] 2026-01-25 20:07:24,147 - Robot state not received
[Deoxys WARNING] 2026-01-25 20:07:24,161 - Robot state not received
[Deoxys WARNING] 2026-01-25 20:07:24,566 - Robot state not received
[Deoxys WARNING] 2026-01-25 20:07:24,648 - Robot state not received
[Deoxys WARNING] 2026-01-25 20:07:24,661 - Robot state not received
[Deoxys WARNING] 2026-01-25 20:07:25,066 - Robot state not received
[Deoxys WARNING] 2026-01-25 20:07:25,149 - Robot state not received
[Deoxys WARNING] 2026-01-25 20:07:25,163 - Robot state not received
[Deoxys WARNING] 2026-01-25 20:07:25,567 - Robot state not received
[Deoxys WARNING] 2026-01-25 20:07:25,651 - Robot state not received
[Deoxys WARNING] 2026-01-25 20:07:25,664 - Robot state not received
[Deoxys WARNING] 2026-01-25 20:07:26,068 - Robot state not received
[Deoxys WARNING] 2026-01-25 20:07:26,151 - Robot state not received
[Deoxys WARNING] 2026-01-25 20:07:26,164 - Robot state not received
[Deoxys WARNING] 2026-01-25 20:07:26,568 - Robot state not received
[Deoxys WARNING] 2026-01-25 20:07:26,653 - Robot state not received
[Deoxys WARNING] 2026-01-25 20:07:26,665 - Robot state not received
[Deoxys WARNING] 2026-01-25 20:07:27,069 - Robot state not received
[Deoxys WARNING] 2026-01-25 20:07:27,153 - Robot state not received
[Deoxys WARNING] 2026-01-25 20:07:27,165 - Robot state not received
[Deoxys WARNING] 2026-01-25 20:07:27,569 - Robot state not received
[Deoxys WARNING] 2026-01-25 20:07:27,654 - Robot state not received
[Deoxys WARNING] 2026-01-25 20:07:27,666 - Robot state not received
[Deoxys WARNING] 2026-01-25 20:07:28,070 - Robot state not received
[Deoxys WARNING] 2026-01-25 20:07:28,154 - Robot state not received
[Deoxys WARNING] 2026-01-25 20:07:28,167 - Robot state not received
[Deoxys WARNING] 2026-01-25 20:07:28,570 - Robot state not received
[Deoxys WARNING] 2026-01-25 20:07:28,655 - Robot state not received
[Deoxys WARNING] 2026-01-25 20:07:28,667 - Robot state not received
[Deoxys WARNING] 2026-01-25 20:07:29,071 - Robot state not received
[Deoxys WARNING] 2026-01-25 20:07:29,156 - Robot state not received
[Deoxys WARNING] 2026-01-25 20:07:29,168 - Robot state not received
[Deoxys WARNING] 2026-01-25 20:07:29,571 - Robot state not received
[Deoxys WARNING] 2026-01-25 20:07:29,657 - Robot state not received
[Deoxys WARNING] 2026-01-25 20:07:29,668 - Robot state not received
[Deoxys WARNING] 2026-01-25 20:07:30,072 - Robot state not received
[Deoxys WARNING] 2026-01-25 20:07:30,158 - Robot state not received
[Deoxys WARNING] 2026-01-25 20:07:30,169 - Robot state not received
[Deoxys WARNING] 2026-01-25 20:07:30,573 - Robot state not received
[Deoxys WARNING] 2026-01-25 20:07:30,658 - Robot state not received
[Deoxys WARNING] 2026-01-25 20:07:30,670 - Robot state not received
[Deoxys WARNING] 2026-01-25 20:07:31,073 - Robot state not received
[Deoxys WARNING] 2026-01-25 20:07:31,159 - Robot state not received
[Deoxys WARNING] 2026-01-25 20:07:31,170 - Robot state not received
[Deoxys WARNING] 2026-01-25 20:07:31,574 - Robot state not received
[Deoxys WARNING] 2026-01-25 20:07:31,660 - Robot state not received
[Deoxys WARNING] 2026-01-25 20:07:31,671 - Robot state not received
[Deoxys WARNING] 2026-01-25 20:07:32,074 - Robot state not received
[Deoxys WARNING] 2026-01-25 20:07:32,161 - Robot state not received
[Deoxys WARNING] 2026-01-25 20:07:32,172 - Robot state not received
[Deoxys WARNING] 2026-01-25 20:07:32,575 - Robot state not received
[Deoxys WARNING] 2026-01-25 20:07:32,662 - Robot state not received
[Deoxys WARNING] 2026-01-25 20:07:32,673 - Robot state not received
[Deoxys WARNING] 2026-01-25 20:07:33,075 - Robot state not received
[Deoxys WARNING] 2026-01-25 20:07:33,163 - Robot state not received
[Deoxys WARNING] 2026-01-25 20:07:33,174 - Robot state not received
[Deoxys WARNING] 2026-01-25 20:07:33,578 - Robot state not received
[Deoxys WARNING] 2026-01-25 20:07:33,665 - Robot state not received
[Deoxys WARNING] 2026-01-25 20:07:33,679 - Robot state not received
[Deoxys WARNING] 2026-01-25 20:07:34,078 - Robot state not received
[Deoxys WARNING] 2026-01-25 20:07:34,166 - Robot state not received
[Deoxys WARNING] 2026-01-25 20:07:34,180 - Robot state not received
[Deoxys WARNING] 2026-01-25 20:07:34,579 - Robot state not received
[Deoxys WARNING] 2026-01-25 20:07:34,666 - Robot state not received
[Deoxys WARNING] 2026-01-25 20:07:34,682 - Robot state not received
[Deoxys WARNING] 2026-01-25 20:07:35,080 - Robot state not received
[Deoxys WARNING] 2026-01-25 20:07:35,167 - Robot state not received
[Deoxys WARNING] 2026-01-25 20:07:35,183 - Robot state not received
[Deoxys WARNING] 2026-01-25 20:07:35,580 - Robot state not received
[Deoxys WARNING] 2026-01-25 20:07:35,668 - Robot state not received
[Deoxys WARNING] 2026-01-25 20:07:35,687 - Robot state not received
[Deoxys WARNING] 2026-01-25 20:07:36,081 - Robot state not received
[Deoxys WARNING] 2026-01-25 20:07:36,169 - Robot state not received
[Deoxys WARNING] 2026-01-25 20:07:36,189 - Robot state not received
[Deoxys WARNING] 2026-01-25 20:07:36,582 - Robot state not received
[Deoxys WARNING] 2026-01-25 20:07:36,670 - Robot state not received
[Deoxys WARNING] 2026-01-25 20:07:36,689 - Robot state not received
[Deoxys WARNING] 2026-01-25 20:07:37,084 - Robot state not received
[Deoxys WARNING] 2026-01-25 20:07:37,171 - Robot state not received
[Deoxys WARNING] 2026-01-25 20:07:37,190 - Robot state not received
[Deoxys WARNING] 2026-01-25 20:07:37,584 - Robot state not received
[Deoxys WARNING] 2026-01-25 20:07:37,672 - Robot state not received
[Deoxys WARNING] 2026-01-25 20:07:37,691 - Robot state not received
[Deoxys WARNING] 2026-01-25 20:07:38,089 - Robot state not received
[Deoxys WARNING] 2026-01-25 20:07:38,172 - Robot state not received
[Deoxys WARNING] 2026-01-25 20:07:38,191 - Robot state not received
[Deoxys WARNING] 2026-01-25 20:07:38,590 - Robot state not received
[Deoxys WARNING] 2026-01-25 20:07:38,673 - Robot state not received
[Deoxys WARNING] 2026-01-25 20:07:38,692 - Robot state not received
[Deoxys WARNING] 2026-01-25 20:07:39,092 - Robot state not received
[Deoxys WARNING] 2026-01-25 20:07:39,174 - Robot state not received
[Deoxys WARNING] 2026-01-25 20:07:39,192 - Robot state not received
[Deoxys WARNING] 2026-01-25 20:07:39,593 - Robot state not received
[Deoxys WARNING] 2026-01-25 20:07:39,675 - Robot state not received
[Deoxys WARNING] 2026-01-25 20:07:39,693 - Robot state not received
[Deoxys WARNING] 2026-01-25 20:07:40,096 - Robot state not received
[Deoxys WARNING] 2026-01-25 20:07:40,176 - Robot state not received
[Deoxys WARNING] 2026-01-25 20:07:40,193 - Robot state not received
[Deoxys WARNING] 2026-01-25 20:07:40,596 - Robot state not received
[Deoxys WARNING] 2026-01-25 20:07:40,676 - Robot state not received
[Deoxys WARNING] 2026-01-25 20:07:40,694 - Robot state not received
[Deoxys WARNING] 2026-01-25 20:07:41,098 - Robot state not received
[Deoxys WARNING] 2026-01-25 20:07:41,177 - Robot state not received
[Deoxys WARNING] 2026-01-25 20:07:41,194 - Robot state not received
[Deoxys WARNING] 2026-01-25 20:07:41,598 - Robot state not received
[Deoxys WARNING] 2026-01-25 20:07:41,678 - Robot state not received
[Deoxys WARNING] 2026-01-25 20:07:41,695 - Robot state not received
[Deoxys WARNING] 2026-01-25 20:07:42,099 - Robot state not received
[Deoxys WARNING] 2026-01-25 20:07:42,179 - Robot state not received
[Deoxys WARNING] 2026-01-25 20:07:42,196 - Robot state not received
[Deoxys WARNING] 2026-01-25 20:07:42,600 - Robot state not received
[Deoxys WARNING] 2026-01-25 20:07:42,680 - Robot state not received
[Deoxys WARNING] 2026-01-25 20:07:42,696 - Robot state not received
[Deoxys WARNING] 2026-01-25 20:07:43,100 - Robot state not received
[Deoxys WARNING] 2026-01-25 20:07:43,181 - Robot state not received
[Deoxys WARNING] 2026-01-25 20:07:43,197 - Robot state not received
[Deoxys WARNING] 2026-01-25 20:07:43,601 - Robot state not received
[Deoxys WARNING] 2026-01-25 20:07:43,682 - Robot state not received
[Deoxys WARNING] 2026-01-25 20:07:43,698 - Robot state not received
[Deoxys WARNING] 2026-01-25 20:07:44,102 - Robot state not received
[Deoxys WARNING] 2026-01-25 20:07:44,182 - Robot state not received
[Deoxys WARNING] 2026-01-25 20:07:44,199 - Robot state not received
[Deoxys WARNING] 2026-01-25 20:07:44,603 - Robot state not received
[Deoxys WARNING] 2026-01-25 20:07:44,683 - Robot state not received
[Deoxys WARNING] 2026-01-25 20:07:44,700 - Robot state not received
[Deoxys WARNING] 2026-01-25 20:07:45,103 - Robot state not received
[Deoxys WARNING] 2026-01-25 20:07:45,184 - Robot state not received
[Deoxys WARNING] 2026-01-25 20:07:45,200 - Robot state not received
[Deoxys WARNING] 2026-01-25 20:07:45,605 - Robot state not received
[Deoxys WARNING] 2026-01-25 20:07:45,685 - Robot state not received
[Deoxys WARNING] 2026-01-25 20:07:45,701 - Robot state not received
[Deoxys WARNING] 2026-01-25 20:07:46,106 - Robot state not received
[Deoxys WARNING] 2026-01-25 20:07:46,186 - Robot state not received
[Deoxys WARNING] 2026-01-25 20:07:46,202 - Robot state not received
[Deoxys WARNING] 2026-01-25 20:07:46,607 - Robot state not received
[Deoxys WARNING] 2026-01-25 20:07:46,687 - Robot state not received
[Deoxys WARNING] 2026-01-25 20:07:46,702 - Robot state not received
[Deoxys WARNING] 2026-01-25 20:07:47,108 - Robot state not received
[Deoxys WARNING] 2026-01-25 20:07:47,187 - Robot state not received
[Deoxys WARNING] 2026-01-25 20:07:47,203 - Robot state not received
[Deoxys WARNING] 2026-01-25 20:07:47,608 - Robot state not received
[Deoxys WARNING] 2026-01-25 20:07:47,688 - Robot state not received
[Deoxys WARNING] 2026-01-25 20:07:47,704 - Robot state not received
[Deoxys WARNING] 2026-01-25 20:07:48,111 - Robot state not received
[Deoxys WARNING] 2026-01-25 20:07:48,189 - Robot state not received
[Deoxys WARNING] 2026-01-25 20:07:48,204 - Robot state not received
[Deoxys WARNING] 2026-01-25 20:07:48,611 - Robot state not received
[Deoxys WARNING] 2026-01-25 20:07:48,690 - Robot state not received
[Deoxys WARNING] 2026-01-25 20:07:48,705 - Robot state not received
[Deoxys WARNING] 2026-01-25 20:07:49,112 - Robot state not received
[Deoxys WARNING] 2026-01-25 20:07:49,192 - Robot state not received
[Deoxys WARNING] 2026-01-25 20:07:49,206 - Robot state not received
[Deoxys WARNING] 2026-01-25 20:07:49,613 - Robot state not received
[Deoxys WARNING] 2026-01-25 20:07:49,692 - Robot state not received
[Deoxys WARNING] 2026-01-25 20:07:49,707 - Robot state not received
[Deoxys WARNING] 2026-01-25 20:07:50,114 - Robot state not received
[Deoxys WARNING] 2026-01-25 20:07:50,195 - Robot state not received
[Deoxys WARNING] 2026-01-25 20:07:50,209 - Robot state not received
[Deoxys WARNING] 2026-01-25 20:07:50,614 - Robot state not received
[Deoxys WARNING] 2026-01-25 20:07:50,695 - Robot state not received
[Deoxys WARNING] 2026-01-25 20:07:50,710 - Robot state not received
[Deoxys WARNING] 2026-01-25 20:07:51,116 - Robot state not received
[Deoxys WARNING] 2026-01-25 20:07:51,196 - Robot state not received
[Deoxys WARNING] 2026-01-25 20:07:51,211 - Robot state not received
[Deoxys WARNING] 2026-01-25 20:07:51,619 - Robot state not received
[Deoxys WARNING] 2026-01-25 20:07:51,697 - Robot state not received
[Deoxys WARNING] 2026-01-25 20:07:51,716 - Robot state not received
[Deoxys WARNING] 2026-01-25 20:07:52,122 - Robot state not received
[Deoxys WARNING] 2026-01-25 20:07:52,201 - Robot state not received
[Deoxys WARNING] 2026-01-25 20:07:52,217 - Robot state not received
[Deoxys WARNING] 2026-01-25 20:07:52,624 - Robot state not received
[Deoxys WARNING] 2026-01-25 20:07:52,702 - Robot state not received
[Deoxys WARNING] 2026-01-25 20:07:52,717 - Robot state not received
[Deoxys WARNING] 2026-01-25 20:08:38,138 - Robot state not received
[Deoxys WARNING] 2026-01-25 20:08:46,391 - Robot state not received
[Deoxys WARNING] 2026-01-25 20:09:23,564 - Robot state not received
[Deoxys WARNING] 2026-01-25 20:09:23,572 - Robot state not received
[Deoxys WARNING] 2026-02-05 17:41:27,291 - Robot state not received
[Deoxys WARNING] 2026-02-05 17:41:41,028 - Robot state not received
[Deoxys WARNING] 2026-02-05 17:46:28,575 - Robot state not received
[Deoxys WARNING] 2026-02-05 17:46:42,353 - Robot state not received
[Deoxys WARNING] 2026-02-05 17:47:29,499 - Robot state not received
[Deoxys WARNING] 2026-02-05 17:47:41,181 - Robot state not received
[Deoxys WARNING] 2026-02-05 17:50:00,268 - Robot state not received
[Deoxys WARNING] 2026-02-05 17:50:27,920 - Robot state not received
[Deoxys WARNING] 2026-02-05 17:50:28,421 - Robot state not received
[Deoxys WARNING] 2026-02-05 17:50:28,922 - Robot state not received
[Deoxys WARNING] 2026-02-05 17:50:29,423 - Robot state not received
[Deoxys WARNING] 2026-02-05 17:50:29,924 - Robot state not received
[Deoxys WARNING] 2026-02-05 17:50:30,424 - Robot state not received
[Deoxys WARNING] 2026-02-05 17:50:30,925 - Robot state not received
[Deoxys WARNING] 2026-02-05 17:50:31,426 - Robot state not received
[Deoxys WARNING] 2026-02-05 17:50:42,383 - Robot state not received
[Deoxys WARNING] 2026-02-05 17:50:42,399 - Robot state not received
[Deoxys WARNING] 2026-02-05 17:50:47,845 - Robot state not received
[Deoxys WARNING] 2026-02-05 17:55:04,300 - Robot state not received
[Deoxys WARNING] 2026-02-05 17:55:16,361 - Robot state not received
[Deoxys WARNING] 2026-02-05 17:55:16,362 - Robot state not received
[Deoxys WARNING] 2026-02-05 17:55:18,800 - Robot state not received
[Deoxys WARNING] 2026-02-05 17:55:18,806 - Robot state not received
[Deoxys WARNING] 2026-02-05 17:55:30,238 - Robot state not received
[Deoxys WARNING] 2026-02-05 17:55:33,949 - Robot state not received
[Deoxys WARNING] 2026-02-05 17:56:40,140 - Robot state not received
[Deoxys WARNING] 2026-02-05 17:59:42,757 - Robot state not received
[Deoxys WARNING] 2026-02-05 17:59:42,804 - Robot state not received
[Deoxys WARNING] 2026-02-06 19:23:49,011 - Robot state not received
[Deoxys WARNING] 2026-02-06 19:29:25,750 - Robot state not received
[Deoxys WARNING] 2026-02-06 19:35:43,915 - Robot state not received
[Deoxys WARNING] 2026-02-06 19:36:16,285 - Robot state not received
[Deoxys WARNING] 2026-02-06 19:50:34,113 - Robot state not received
[Deoxys WARNING] 2026-02-06 19:50:38,900 - Robot state not received
[Deoxys WARNING] 2026-02-06 19:50:38,912 - Robot state not received
[Deoxys WARNING] 2026-02-06 19:58:34,138 - Robot state not received
[Deoxys WARNING] 2026-02-06 19:58:34,172 - Robot state not received
[Deoxys WARNING] 2026-02-06 19:58:59,963 - Robot state not received
[Deoxys WARNING] 2026-02-06 20:02:07,108 - Robot state not received
[Deoxys WARNING] 2026-02-06 20:02:14,831 - Robot state not received
[Deoxys WARNING] 2026-02-06 20:06:38,136 - Robot state not received
[Deoxys WARNING] 2026-02-06 20:06:38,146 - Robot state not received
[Deoxys WARNING] 2026-02-06 20:08:43,713 - Robot state not received
[Deoxys WARNING] 2026-02-06 20:09:30,740 - Robot state not received
[Deoxys WARNING] 2026-02-06 20:13:06,993 - Robot state not received
[Deoxys WARNING] 2026-02-06 20:13:18,223 - Robot state not received
[Deoxys WARNING] 2026-02-06 20:34:52,864 - Robot state not received
[Deoxys WARNING] 2026-02-06 20:35:14,767 - Robot state not received
[Deoxys WARNING] 2026-02-06 20:35:20,168 - Robot state not received
[Deoxys WARNING] 2026-02-06 20:35:20,669 - Robot state not received
[Deoxys WARNING] 2026-02-06 20:35:21,169 - Robot state not received
[Deoxys WARNING] 2026-02-06 20:35:21,670 - Robot state not received
[Deoxys WARNING] 2026-02-06 20:35:54,969 - Robot state not received
[Deoxys WARNING] 2026-02-06 20:38:59,443 - Robot state not received
[Deoxys WARNING] 2026-02-06 20:38:59,943 - Robot state not received
[Deoxys WARNING] 2026-02-06 20:39:00,444 - Robot state not received
[Deoxys WARNING] 2026-02-06 20:39:00,944 - Robot state not received
[Deoxys WARNING] 2026-02-06 20:39:01,445 - Robot state not received
[Deoxys WARNING] 2026-02-06 20:39:01,945 - Robot state not received
[Deoxys WARNING] 2026-02-06 20:39:02,446 - Robot state not received
[Deoxys WARNING] 2026-02-06 20:41:14,682 - Robot state not received
[Deoxys WARNING] 2026-02-06 20:48:10,655 - Robot state not received
[Deoxys WARNING] 2026-02-06 20:48:22,582 - Robot state not received
[Deoxys WARNING] 2026-02-06 20:48:37,493 - Robot state not received
[Deoxys WARNING] 2026-02-06 20:55:47,025 - Robot state not received
[Deoxys WARNING] 2026-02-06 20:55:47,525 - Robot state not received
[Deoxys WARNING] 2026-02-06 20:55:48,026 - Robot state not received
[Deoxys WARNING] 2026-02-06 20:55:48,526 - Robot state not received
[Deoxys WARNING] 2026-02-06 20:55:49,027 - Robot state not received
[Deoxys WARNING] 2026-02-06 20:55:49,527 - Robot state not received
[Deoxys WARNING] 2026-02-06 20:55:50,028 - Robot state not received
[Deoxys WARNING] 2026-02-06 20:57:21,871 - Robot state not received
[Deoxys WARNING] 2026-02-08 18:22:50,574 - Robot state not received
[Deoxys WARNING] 2026-02-08 18:23:04,598 - Robot state not received
[Deoxys WARNING] 2026-02-08 18:24:05,454 - Robot state not received
[Deoxys WARNING] 2026-02-08 18:24:05,458 - Robot state not received
[Deoxys WARNING] 2026-02-08 18:24:05,955 - Robot state not received
[Deoxys WARNING] 2026-02-08 18:24:05,958 - Robot state not received
[Deoxys WARNING] 2026-02-08 18:24:06,455 - Robot state not received
[Deoxys WARNING] 2026-02-08 18:24:06,459 - Robot state not received
[Deoxys WARNING] 2026-02-08 18:24:06,956 - Robot state not received
[Deoxys WARNING] 2026-02-08 18:24:06,959 - Robot state not received
[Deoxys WARNING] 2026-02-08 18:24:07,456 - Robot state not received
[Deoxys WARNING] 2026-02-08 18:24:07,460 - Robot state not received
[Deoxys WARNING] 2026-02-08 18:24:07,957 - Robot state not received
[Deoxys WARNING] 2026-02-08 18:24:07,960 - Robot state not received
[Deoxys WARNING] 2026-02-08 18:24:08,457 - Robot state not received
[Deoxys WARNING] 2026-02-08 18:24:08,461 - Robot state not received
[Deoxys WARNING] 2026-02-08 18:24:08,958 - Robot state not received
[Deoxys WARNING] 2026-02-08 18:24:08,961 - Robot state not received
[Deoxys WARNING] 2026-02-08 18:24:09,458 - Robot state not received
[Deoxys WARNING] 2026-02-08 18:24:09,462 - Robot state not received
[Deoxys WARNING] 2026-02-08 18:24:09,959 - Robot state not received
[Deoxys WARNING] 2026-02-08 18:25:20,289 - Robot state not received
[Deoxys WARNING] 2026-02-08 18:25:27,108 - Robot state not received
[Deoxys WARNING] 2026-02-08 18:26:06,198 - Robot state not received
[Deoxys WARNING] 2026-02-08 18:26:06,209 - Robot state not received
[Deoxys WARNING] 2026-02-08 18:30:45,051 - Robot state not received
[Deoxys WARNING] 2026-02-08 18:30:45,103 - Robot state not received
[Deoxys WARNING] 2026-02-08 18:36:43,917 - Robot state not received
[Deoxys WARNING] 2026-02-08 18:48:20,608 - Robot state not received
[Deoxys WARNING] 2026-02-08 18:54:38,509 - Robot state not received
[Deoxys WARNING] 2026-02-08 18:54:45,994 - Robot state not received
[Deoxys WARNING] 2026-02-08 18:55:13,009 - Robot state not received
[Deoxys WARNING] 2026-02-08 18:57:39,828 - Robot state not received
[Deoxys WARNING] 2026-02-10 14:37:43,579 - Robot state not received
[Deoxys WARNING] 2026-02-10 14:37:57,229 - Robot state not received
[Deoxys WARNING] 2026-02-10 14:38:24,293 - Robot state not received
[Deoxys WARNING] 2026-02-10 14:40:58,487 - Robot state not received
[Deoxys WARNING] 2026-02-10 14:40:58,509 - Robot state not received
[Deoxys WARNING] 2026-02-10 14:44:01,582 - Robot state not received
[Deoxys WARNING] 2026-02-10 14:44:09,029 - Robot state not received
[Deoxys WARNING] 2026-02-10 20:33:29,281 - Robot state not received
[Deoxys WARNING] 2026-02-10 20:33:49,106 - Robot state not received
[Deoxys WARNING] 2026-02-10 20:33:49,107 - Robot state not received
[Deoxys WARNING] 2026-02-10 20:33:49,608 - Robot state not received
[Deoxys WARNING] 2026-02-10 20:33:49,608 - Robot state not received
[Deoxys WARNING] 2026-02-10 20:33:50,112 - Robot state not received
[Deoxys WARNING] 2026-02-10 20:33:50,114 - Robot state not received
[Deoxys WARNING] 2026-02-10 20:33:50,613 - Robot state not received
[Deoxys WARNING] 2026-02-10 20:33:50,615 - Robot state not received
[Deoxys WARNING] 2026-02-10 20:33:51,114 - Robot state not received
[Deoxys WARNING] 2026-02-10 20:33:51,115 - Robot state not received
[Deoxys WARNING] 2026-02-10 20:38:04,138 - Robot state not received
[Deoxys WARNING] 2026-02-10 20:38:04,143 - Robot state not received
[Deoxys WARNING] 2026-02-10 20:43:41,461 - Robot state not received
[Deoxys WARNING] 2026-02-10 20:46:54,338 - Robot state not received
[Deoxys WARNING] 2026-02-10 20:46:54,340 - Robot state not received
[Deoxys WARNING] 2026-02-10 20:46:54,839 - Robot state not received
[Deoxys WARNING] 2026-02-10 20:46:54,840 - Robot state not received
[Deoxys WARNING] 2026-02-10 20:46:55,340 - Robot state not received
[Deoxys WARNING] 2026-02-10 20:46:55,341 - Robot state not received
[Deoxys WARNING] 2026-02-10 20:46:55,841 - Robot state not received
[Deoxys WARNING] 2026-02-10 20:46:55,842 - Robot state not received
[Deoxys WARNING] 2026-02-10 20:46:56,342 - Robot state not received
[Deoxys WARNING] 2026-02-10 20:46:56,342 - Robot state not received
[Deoxys WARNING] 2026-02-10 20:46:56,843 - Robot state not received
[Deoxys WARNING] 2026-02-10 20:46:56,843 - Robot state not received
[Deoxys WARNING] 2026-02-10 20:46:57,344 - Robot state not received
[Deoxys WARNING] 2026-02-10 20:46:57,344 - Robot state not received
[Deoxys WARNING] 2026-02-10 20:46:57,845 - Robot state not received
[Deoxys WARNING] 2026-02-10 20:46:57,845 - Robot state not received
[Deoxys WARNING] 2026-02-10 20:46:58,346 - Robot state not received
[Deoxys WARNING] 2026-02-10 20:46:58,346 - Robot state not received
[Deoxys WARNING] 2026-02-10 20:46:58,846 - Robot state not received
[Deoxys WARNING] 2026-02-10 20:46:58,846 - Robot state not received
[Deoxys WARNING] 2026-02-10 20:46:59,347 - Robot state not received
[Deoxys WARNING] 2026-02-10 20:46:59,347 - Robot state not received
[Deoxys WARNING] 2026-02-10 20:47:13,502 - Robot state not received
[Deoxys WARNING] 2026-02-10 20:47:13,513 - Robot state not received
[Deoxys WARNING] 2026-02-10 20:47:14,003 - Robot state not received
[Deoxys WARNING] 2026-02-10 20:47:14,013 - Robot state not received
[Deoxys WARNING] 2026-02-10 20:47:14,504 - Robot state not received
[Deoxys WARNING] 2026-02-10 20:47:14,514 - Robot state not received
[Deoxys WARNING] 2026-02-10 20:47:15,006 - Robot state not received
[Deoxys WARNING] 2026-02-10 20:47:15,016 - Robot state not received
[Deoxys WARNING] 2026-02-10 20:47:15,506 - Robot state not received
[Deoxys WARNING] 2026-02-10 20:47:15,518 - Robot state not received
[Deoxys WARNING] 2026-02-10 20:47:16,007 - Robot state not received
[Deoxys WARNING] 2026-02-10 20:47:16,019 - Robot state not received
[Deoxys WARNING] 2026-02-10 20:47:16,508 - Robot state not received
[Deoxys WARNING] 2026-02-10 20:47:16,519 - Robot state not received
[Deoxys WARNING] 2026-02-10 20:47:17,011 - Robot state not received
[Deoxys WARNING] 2026-02-10 20:47:17,020 - Robot state not received
[Deoxys WARNING] 2026-02-10 20:47:17,511 - Robot state not received
[Deoxys WARNING] 2026-02-10 20:47:17,520 - Robot state not received
[Deoxys WARNING] 2026-02-10 20:47:18,013 - Robot state not received
[Deoxys WARNING] 2026-02-10 20:47:18,021 - Robot state not received
[Deoxys WARNING] 2026-02-10 20:47:18,514 - Robot state not received
[Deoxys WARNING] 2026-02-10 20:47:18,522 - Robot state not received
[Deoxys WARNING] 2026-02-10 20:47:19,015 - Robot state not received
[Deoxys WARNING] 2026-02-10 20:47:19,022 - Robot state not received
[Deoxys WARNING] 2026-02-10 20:47:19,515 - Robot state not received
[Deoxys WARNING] 2026-02-10 20:47:19,523 - Robot state not received
[Deoxys WARNING] 2026-02-10 20:47:20,016 - Robot state not received
[Deoxys WARNING] 2026-02-10 20:47:20,024 - Robot state not received
[Deoxys WARNING] 2026-02-10 20:47:20,517 - Robot state not received
[Deoxys WARNING] 2026-02-10 20:47:20,524 - Robot state not received
[Deoxys WARNING] 2026-02-10 20:47:21,018 - Robot state not received
[Deoxys WARNING] 2026-02-10 20:47:21,025 - Robot state not received
[Deoxys WARNING] 2026-02-10 20:47:21,519 - Robot state not received
[Deoxys WARNING] 2026-02-10 20:47:21,526 - Robot state not received
[Deoxys WARNING] 2026-02-10 20:47:40,478 - Robot state not received
[Deoxys WARNING] 2026-02-10 20:47:40,507 - Robot state not received
[Deoxys WARNING] 2026-02-11 16:32:21,696 - Robot state not received
[Deoxys WARNING] 2026-02-11 16:32:21,702 - Robot state not received
[Deoxys WARNING] 2026-02-11 16:32:22,197 - Robot state not received
[Deoxys WARNING] 2026-02-11 16:32:22,203 - Robot state not received
[Deoxys WARNING] 2026-02-11 16:32:22,698 - Robot state not received
[Deoxys WARNING] 2026-02-11 16:32:22,704 - Robot state not received
[Deoxys WARNING] 2026-02-11 16:32:23,199 - Robot state not received
[Deoxys WARNING] 2026-02-11 16:32:23,204 - Robot state not received
[Deoxys WARNING] 2026-02-11 16:32:23,699 - Robot state not received
[Deoxys WARNING] 2026-02-11 16:32:23,705 - Robot state not received
[Deoxys WARNING] 2026-02-11 16:32:24,200 - Robot state not received
[Deoxys WARNING] 2026-02-11 16:32:24,206 - Robot state not received
[Deoxys WARNING] 2026-02-11 16:32:24,700 - Robot state not received
[Deoxys WARNING] 2026-02-11 16:32:24,707 - Robot state not received
[Deoxys WARNING] 2026-02-11 16:32:25,200 - Robot state not received
[Deoxys WARNING] 2026-02-11 16:32:25,207 - Robot state not received
[Deoxys WARNING] 2026-02-11 16:32:25,701 - Robot state not received
[Deoxys WARNING] 2026-02-11 16:32:25,708 - Robot state not received
[Deoxys WARNING] 2026-02-11 16:32:26,201 - Robot state not received
[Deoxys WARNING] 2026-02-11 16:32:26,209 - Robot state not received
[Deoxys WARNING] 2026-02-11 16:32:26,702 - Robot state not received
[Deoxys WARNING] 2026-02-11 16:32:26,709 - Robot state not received
[Deoxys WARNING] 2026-02-11 16:32:27,202 - Robot state not received
[Deoxys WARNING] 2026-02-11 16:32:27,210 - Robot state not received
[Deoxys WARNING] 2026-02-11 16:32:27,703 - Robot state not received
[Deoxys WARNING] 2026-02-11 16:32:27,711 - Robot state not received
[Deoxys WARNING] 2026-02-11 16:32:28,204 - Robot state not received
[Deoxys WARNING] 2026-02-11 16:32:28,213 - Robot state not received
[Deoxys WARNING] 2026-02-11 16:32:28,705 - Robot state not received
[Deoxys WARNING] 2026-02-11 16:32:28,713 - Robot state not received
[Deoxys WARNING] 2026-02-11 16:32:29,205 - Robot state not received
[Deoxys WARNING] 2026-02-11 16:32:29,213 - Robot state not received
[Deoxys WARNING] 2026-02-11 16:32:29,706 - Robot state not received
[Deoxys WARNING] 2026-02-11 16:32:29,714 - Robot state not received
[Deoxys WARNING] 2026-02-11 16:32:30,207 - Robot state not received
[Deoxys WARNING] 2026-02-11 16:32:30,215 - Robot state not received
[Deoxys WARNING] 2026-02-11 16:32:30,707 - Robot state not received
[Deoxys WARNING] 2026-02-11 16:32:30,716 - Robot state not received
[Deoxys WARNING] 2026-02-11 16:32:31,208 - Robot state not received
[Deoxys WARNING] 2026-02-11 16:32:31,216 - Robot state not received
[Deoxys WARNING] 2026-02-11 16:32:31,709 - Robot state not received
[Deoxys WARNING] 2026-02-11 16:32:31,717 - Robot state not received
[Deoxys WARNING] 2026-02-11 16:32:32,209 - Robot state not received
[Deoxys WARNING] 2026-02-11 16:32:32,218 - Robot state not received
[Deoxys WARNING] 2026-02-11 16:32:32,710 - Robot state not received
[Deoxys WARNING] 2026-02-11 16:32:32,718 - Robot state not received
[Deoxys WARNING] 2026-02-11 16:32:33,211 - Robot state not received
[Deoxys WARNING] 2026-02-11 16:32:33,219 - Robot state not received
[Deoxys WARNING] 2026-02-11 16:32:33,711 - Robot state not received
[Deoxys WARNING] 2026-02-11 16:32:33,720 - Robot state not received
[Deoxys WARNING] 2026-02-11 16:32:34,212 - Robot state not received
[Deoxys WARNING] 2026-02-11 16:32:34,220 - Robot state not received
[Deoxys WARNING] 2026-02-11 16:32:34,712 - Robot state not received
[Deoxys WARNING] 2026-02-11 16:32:34,721 - Robot state not received
[Deoxys WARNING] 2026-02-11 16:32:35,213 - Robot state not received
[Deoxys WARNING] 2026-02-11 16:32:35,221 - Robot state not received
[Deoxys WARNING] 2026-02-11 16:32:35,714 - Robot state not received
[Deoxys WARNING] 2026-02-11 16:32:35,722 - Robot state not received
[Deoxys WARNING] 2026-02-11 16:32:36,214 - Robot state not received
[Deoxys WARNING] 2026-02-11 16:32:36,223 - Robot state not received
[Deoxys WARNING] 2026-02-11 16:32:36,715 - Robot state not received
[Deoxys WARNING] 2026-02-11 16:32:36,723 - Robot state not received
[Deoxys WARNING] 2026-02-11 16:32:37,216 - Robot state not received
[Deoxys WARNING] 2026-02-11 16:32:37,224 - Robot state not received
[Deoxys WARNING] 2026-02-11 16:32:37,716 - Robot state not received
[Deoxys WARNING] 2026-02-11 16:32:37,724 - Robot state not received
[Deoxys WARNING] 2026-02-11 16:32:38,217 - Robot state not received
[Deoxys WARNING] 2026-02-11 16:32:38,225 - Robot state not received
[Deoxys WARNING] 2026-02-11 16:32:38,718 - Robot state not received
[Deoxys WARNING] 2026-02-11 16:32:38,725 - Robot state not received
[Deoxys WARNING] 2026-02-11 16:32:39,218 - Robot state not received
[Deoxys WARNING] 2026-02-11 16:32:39,226 - Robot state not received
[Deoxys WARNING] 2026-02-11 16:32:39,719 - Robot state not received
[Deoxys WARNING] 2026-02-11 16:32:39,726 - Robot state not received
[Deoxys WARNING] 2026-02-11 16:32:40,220 - Robot state not received
[Deoxys WARNING] 2026-02-11 16:32:40,227 - Robot state not received
[Deoxys WARNING] 2026-02-11 16:32:40,720 - Robot state not received
[Deoxys WARNING] 2026-02-11 16:32:40,727 - Robot state not received
[Deoxys WARNING] 2026-02-11 16:32:41,221 - Robot state not received
[Deoxys WARNING] 2026-02-11 16:32:41,227 - Robot state not received
[Deoxys WARNING] 2026-02-11 16:32:41,721 - Robot state not received
[Deoxys WARNING] 2026-02-11 16:32:41,728 - Robot state not received
[Deoxys WARNING] 2026-02-11 16:32:42,222 - Robot state not received
[Deoxys WARNING] 2026-02-11 16:32:42,228 - Robot state not received
[Deoxys WARNING] 2026-02-11 16:32:42,722 - Robot state not received
[Deoxys WARNING] 2026-02-11 16:32:42,729 - Robot state not received
[Deoxys WARNING] 2026-02-11 16:32:43,223 - Robot state not received
[Deoxys WARNING] 2026-02-11 16:32:43,229 - Robot state not received
[Deoxys WARNING] 2026-02-11 16:32:43,724 - Robot state not received
[Deoxys WARNING] 2026-02-11 16:32:43,730 - Robot state not received
[Deoxys WARNING] 2026-02-11 16:32:44,225 - Robot state not received
[Deoxys WARNING] 2026-02-11 16:32:44,231 - Robot state not received
[Deoxys WARNING] 2026-02-11 16:32:44,725 - Robot state not received
[Deoxys WARNING] 2026-02-11 16:32:44,731 - Robot state not received
[Deoxys WARNING] 2026-02-11 16:32:45,226 - Robot state not received
[Deoxys WARNING] 2026-02-11 16:32:45,232 - Robot state not received
[Deoxys WARNING] 2026-02-11 16:32:45,727 - Robot state not received
[Deoxys WARNING] 2026-02-11 16:32:45,733 - Robot state not received
[Deoxys WARNING] 2026-02-11 16:32:46,227 - Robot state not received
[Deoxys WARNING] 2026-02-11 16:32:46,233 - Robot state not received
[Deoxys WARNING] 2026-02-11 16:32:46,728 - Robot state not received
[Deoxys WARNING] 2026-02-11 16:32:46,734 - Robot state not received
[Deoxys WARNING] 2026-02-11 16:32:47,229 - Robot state not received
[Deoxys WARNING] 2026-02-11 16:32:47,235 - Robot state not received
[Deoxys WARNING] 2026-02-11 16:32:47,729 - Robot state not received
[Deoxys WARNING] 2026-02-11 16:32:47,735 - Robot state not received
[Deoxys WARNING] 2026-02-11 16:32:48,230 - Robot state not received
[Deoxys WARNING] 2026-02-11 16:32:48,236 - Robot state not received
[Deoxys WARNING] 2026-02-11 16:32:48,731 - Robot state not received
[Deoxys WARNING] 2026-02-11 16:32:48,736 - Robot state not received
[Deoxys WARNING] 2026-02-11 16:32:49,231 - Robot state not received
[Deoxys WARNING] 2026-02-11 16:32:49,236 - Robot state not received
[Deoxys WARNING] 2026-02-11 16:32:49,732 - Robot state not received
[Deoxys WARNING] 2026-02-11 16:32:49,737 - Robot state not received
[Deoxys WARNING] 2026-02-11 16:32:50,233 - Robot state not received
[Deoxys WARNING] 2026-02-11 16:32:50,238 - Robot state not received
[Deoxys WARNING] 2026-02-11 16:32:50,733 - Robot state not received
[Deoxys WARNING] 2026-02-11 16:32:50,738 - Robot state not received
[Deoxys WARNING] 2026-02-11 16:32:51,234 - Robot state not received
[Deoxys WARNING] 2026-02-11 16:32:51,239 - Robot state not received
[Deoxys WARNING] 2026-02-11 16:32:51,735 - Robot state not received
[Deoxys WARNING] 2026-02-11 16:32:51,740 - Robot state not received
[Deoxys WARNING] 2026-02-11 16:32:52,235 - Robot state not received
[Deoxys WARNING] 2026-02-11 16:32:52,240 - Robot state not received
[Deoxys WARNING] 2026-02-11 16:32:52,736 - Robot state not received
[Deoxys WARNING] 2026-02-11 16:32:52,741 - Robot state not received
[Deoxys WARNING] 2026-02-11 16:32:53,236 - Robot state not received
[Deoxys WARNING] 2026-02-11 16:32:53,241 - Robot state not received
[Deoxys WARNING] 2026-02-11 16:32:53,737 - Robot state not received
[Deoxys WARNING] 2026-02-11 16:32:53,742 - Robot state not received
[Deoxys WARNING] 2026-02-11 16:32:54,238 - Robot state not received
[Deoxys WARNING] 2026-02-11 16:32:54,242 - Robot state not received
[Deoxys WARNING] 2026-02-11 16:32:54,739 - Robot state not received
[Deoxys WARNING] 2026-02-11 16:32:54,743 - Robot state not received
[Deoxys WARNING] 2026-02-11 16:32:55,240 - Robot state not received
[Deoxys WARNING] 2026-02-11 16:32:55,244 - Robot state not received
[Deoxys WARNING] 2026-02-11 16:32:55,740 - Robot state not received
[Deoxys WARNING] 2026-02-11 16:32:55,745 - Robot state not received
[Deoxys WARNING] 2026-02-11 16:32:56,241 - Robot state not received
[Deoxys WARNING] 2026-02-11 16:32:56,245 - Robot state not received
[Deoxys WARNING] 2026-02-11 16:32:56,742 - Robot state not received
[Deoxys WARNING] 2026-02-11 16:32:56,746 - Robot state not received
[Deoxys WARNING] 2026-02-11 16:32:57,242 - Robot state not received
[Deoxys WARNING] 2026-02-11 16:32:57,246 - Robot state not received
[Deoxys WARNING] 2026-02-11 16:32:57,743 - Robot state not received
[Deoxys WARNING] 2026-02-11 16:32:57,747 - Robot state not received
[Deoxys WARNING] 2026-02-11 16:32:58,244 - Robot state not received
[Deoxys WARNING] 2026-02-11 16:32:58,248 - Robot state not received
[Deoxys WARNING] 2026-02-11 16:32:58,745 - Robot state not received
[Deoxys WARNING] 2026-02-11 16:32:58,748 - Robot state not received
[Deoxys WARNING] 2026-02-11 16:32:59,246 - Robot state not received
[Deoxys WARNING] 2026-02-11 16:32:59,249 - Robot state not received
[Deoxys WARNING] 2026-02-11 16:32:59,747 - Robot state not received
[Deoxys WARNING] 2026-02-11 16:32:59,750 - Robot state not received
[Deoxys WARNING] 2026-02-11 16:33:00,247 - Robot state not received
[Deoxys WARNING] 2026-02-11 16:33:00,250 - Robot state not received
[Deoxys WARNING] 2026-02-11 16:33:00,748 - Robot state not received
[Deoxys WARNING] 2026-02-11 16:33:00,751 - Robot state not received
[Deoxys WARNING] 2026-02-11 16:33:01,249 - Robot state not received
[Deoxys WARNING] 2026-02-11 16:33:01,251 - Robot state not received
[Deoxys WARNING] 2026-02-11 16:33:01,750 - Robot state not received
[Deoxys WARNING] 2026-02-11 16:33:01,752 - Robot state not received
[Deoxys WARNING] 2026-02-11 16:33:02,250 - Robot state not received
[Deoxys WARNING] 2026-02-11 16:33:02,253 - Robot state not received
[Deoxys WARNING] 2026-02-11 16:33:02,751 - Robot state not received
[Deoxys WARNING] 2026-02-11 16:33:02,753 - Robot state not received
[Deoxys WARNING] 2026-02-11 16:33:03,252 - Robot state not received
[Deoxys WARNING] 2026-02-11 16:33:03,254 - Robot state not received
[Deoxys WARNING] 2026-02-11 16:33:03,752 - Robot state not received
[Deoxys WARNING] 2026-02-11 16:33:03,754 - Robot state not received
[Deoxys WARNING] 2026-02-11 16:33:04,253 - Robot state not received
[Deoxys WARNING] 2026-02-11 16:33:04,255 - Robot state not received
[Deoxys WARNING] 2026-02-11 16:33:04,754 - Robot state not received
[Deoxys WARNING] 2026-02-11 16:33:04,755 - Robot state not received
[Deoxys WARNING] 2026-02-11 16:33:05,255 - Robot state not received
[Deoxys WARNING] 2026-02-11 16:33:05,255 - Robot state not received
[Deoxys WARNING] 2026-02-11 16:33:05,755 - Robot state not received
[Deoxys WARNING] 2026-02-11 16:33:05,756 - Robot state not received
[Deoxys WARNING] 2026-02-11 16:33:06,256 - Robot state not received
[Deoxys WARNING] 2026-02-11 16:33:06,257 - Robot state not received
[Deoxys WARNING] 2026-02-11 16:33:06,756 - Robot state not received
[Deoxys WARNING] 2026-02-11 16:33:06,757 - Robot state not received
[Deoxys WARNING] 2026-02-11 16:33:07,257 - Robot state not received
[Deoxys WARNING] 2026-02-11 16:33:07,258 - Robot state not received
[Deoxys WARNING] 2026-02-11 16:33:07,758 - Robot state not received
[Deoxys WARNING] 2026-02-11 16:33:07,758 - Robot state not received
[Deoxys WARNING] 2026-02-11 16:33:08,259 - Robot state not received
[Deoxys WARNING] 2026-02-11 16:33:08,259 - Robot state not received
[Deoxys WARNING] 2026-02-11 16:33:08,759 - Robot state not received
[Deoxys WARNING] 2026-02-11 16:33:08,760 - Robot state not received
[Deoxys WARNING] 2026-02-11 16:33:09,260 - Robot state not received
[Deoxys WARNING] 2026-02-11 16:33:09,260 - Robot state not received
[Deoxys WARNING] 2026-02-11 16:33:09,761 - Robot state not received
[Deoxys WARNING] 2026-02-11 16:33:09,767 - Robot state not received
[Deoxys WARNING] 2026-02-11 16:33:10,262 - Robot state not received
[Deoxys WARNING] 2026-02-11 16:33:10,268 - Robot state not received
[Deoxys WARNING] 2026-02-11 16:33:10,762 - Robot state not received
[Deoxys WARNING] 2026-02-11 16:33:10,768 - Robot state not received
[Deoxys WARNING] 2026-02-11 16:33:11,263 - Robot state not received
[Deoxys WARNING] 2026-02-11 16:33:11,269 - Robot state not received
[Deoxys WARNING] 2026-02-11 16:33:11,764 - Robot state not received
[Deoxys WARNING] 2026-02-11 16:33:11,769 - Robot state not received
[Deoxys WARNING] 2026-02-11 16:33:12,264 - Robot state not received
[Deoxys WARNING] 2026-02-11 16:33:12,270 - Robot state not received
[Deoxys WARNING] 2026-02-11 16:33:12,765 - Robot state not received
[Deoxys WARNING] 2026-02-11 16:33:12,771 - Robot state not received
[Deoxys WARNING] 2026-02-11 16:33:13,266 - Robot state not received
[Deoxys WARNING] 2026-02-11 16:33:13,272 - Robot state not received
[Deoxys WARNING] 2026-02-11 16:33:13,767 - Robot state not received
[Deoxys WARNING] 2026-02-11 16:33:13,772 - Robot state not received
[Deoxys WARNING] 2026-02-11 16:33:14,267 - Robot state not received
[Deoxys WARNING] 2026-02-11 16:33:14,273 - Robot state not received
[Deoxys WARNING] 2026-02-11 16:33:14,768 - Robot state not received
[Deoxys WARNING] 2026-02-11 16:33:14,773 - Robot state not received
[Deoxys WARNING] 2026-02-11 16:33:15,269 - Robot state not received
[Deoxys WARNING] 2026-02-11 16:33:15,274 - Robot state not received
[Deoxys WARNING] 2026-02-11 16:33:15,770 - Robot state not received
[Deoxys WARNING] 2026-02-11 16:33:15,775 - Robot state not received
[Deoxys WARNING] 2026-02-11 16:33:16,270 - Robot state not received
[Deoxys WARNING] 2026-02-11 16:33:16,275 - Robot state not received
[Deoxys WARNING] 2026-02-11 16:33:16,771 - Robot state not received
[Deoxys WARNING] 2026-02-11 16:33:16,775 - Robot state not received
[Deoxys WARNING] 2026-02-11 16:33:17,272 - Robot state not received
[Deoxys WARNING] 2026-02-11 16:33:17,276 - Robot state not received
[Deoxys WARNING] 2026-02-11 16:33:17,773 - Robot state not received
[Deoxys WARNING] 2026-02-11 16:33:17,777 - Robot state not received
[Deoxys WARNING] 2026-02-11 16:33:18,273 - Robot state not received
[Deoxys WARNING] 2026-02-11 16:33:18,277 - Robot state not received
[Deoxys WARNING] 2026-02-11 16:33:18,774 - Robot state not received
[Deoxys WARNING] 2026-02-11 16:33:18,777 - Robot state not received
[Deoxys WARNING] 2026-02-11 16:33:19,275 - Robot state not received
[Deoxys WARNING] 2026-02-11 16:33:19,278 - Robot state not received
[Deoxys WARNING] 2026-02-11 16:33:19,776 - Robot state not received
[Deoxys WARNING] 2026-02-11 16:33:19,779 - Robot state not received
[Deoxys WARNING] 2026-02-11 16:33:20,277 - Robot state not received
[Deoxys WARNING] 2026-02-11 16:33:20,279 - Robot state not received
[Deoxys WARNING] 2026-02-11 16:33:20,777 - Robot state not received
[Deoxys WARNING] 2026-02-11 16:33:20,780 - Robot state not received
[Deoxys WARNING] 2026-02-11 16:33:21,278 - Robot state not received
[Deoxys WARNING] 2026-02-11 16:33:21,281 - Robot state not received
[Deoxys WARNING] 2026-02-11 16:33:21,778 - Robot state not received
[Deoxys WARNING] 2026-02-11 16:33:21,781 - Robot state not received
[Deoxys WARNING] 2026-02-11 16:33:22,279 - Robot state not received
[Deoxys WARNING] 2026-02-11 16:33:22,282 - Robot state not received
[Deoxys WARNING] 2026-02-11 16:33:22,780 - Robot state not received
[Deoxys WARNING] 2026-02-11 16:33:22,782 - Robot state not received
[Deoxys WARNING] 2026-02-11 16:33:23,281 - Robot state not received
[Deoxys WARNING] 2026-02-11 16:33:23,283 - Robot state not received
[Deoxys WARNING] 2026-02-11 16:33:23,781 - Robot state not received
[Deoxys WARNING] 2026-02-11 16:33:23,784 - Robot state not received
[Deoxys WARNING] 2026-02-11 16:33:24,282 - Robot state not received
[Deoxys WARNING] 2026-02-11 16:33:24,284 - Robot state not received
[Deoxys WARNING] 2026-02-11 16:33:24,783 - Robot state not received
[Deoxys WARNING] 2026-02-11 16:33:24,785 - Robot state not received
[Deoxys WARNING] 2026-02-11 16:33:25,284 - Robot state not received
[Deoxys WARNING] 2026-02-11 16:33:25,286 - Robot state not received
[Deoxys WARNING] 2026-02-11 16:33:25,785 - Robot state not received
[Deoxys WARNING] 2026-02-11 16:33:25,786 - Robot state not received
[Deoxys WARNING] 2026-02-11 16:33:26,286 - Robot state not received
[Deoxys WARNING] 2026-02-11 16:33:26,287 - Robot state not received
[Deoxys WARNING] 2026-02-11 16:33:26,786 - Robot state not received
[Deoxys WARNING] 2026-02-11 16:33:26,787 - Robot state not received
[Deoxys WARNING] 2026-02-11 16:33:27,287 - Robot state not received
[Deoxys WARNING] 2026-02-11 16:33:27,288 - Robot state not received
[Deoxys WARNING] 2026-02-11 16:33:27,788 - Robot state not received
[Deoxys WARNING] 2026-02-11 16:33:27,788 - Robot state not received
[Deoxys WARNING] 2026-02-11 16:33:28,288 - Robot state not received
[Deoxys WARNING] 2026-02-11 16:33:28,289 - Robot state not received
[Deoxys WARNING] 2026-02-11 16:33:28,789 - Robot state not received
[Deoxys WARNING] 2026-02-11 16:33:28,789 - Robot state not received
[Deoxys WARNING] 2026-02-11 16:33:29,290 - Robot state not received
[Deoxys WARNING] 2026-02-11 16:33:29,290 - Robot state not received
[Deoxys WARNING] 2026-02-11 16:33:29,790 - Robot state not received
[Deoxys WARNING] 2026-02-11 16:33:29,791 - Robot state not received
[Deoxys WARNING] 2026-02-11 16:33:30,291 - Robot state not received
[Deoxys WARNING] 2026-02-11 16:33:30,292 - Robot state not received
[Deoxys WARNING] 2026-02-11 16:33:30,792 - Robot state not received
[Deoxys WARNING] 2026-02-11 16:33:30,792 - Robot state not received
[Deoxys WARNING] 2026-02-11 16:33:31,293 - Robot state not received
[Deoxys WARNING] 2026-02-11 16:33:31,293 - Robot state not received
[Deoxys WARNING] 2026-02-11 16:33:31,794 - Robot state not received
[Deoxys WARNING] 2026-02-11 16:33:31,794 - Robot state not received
[Deoxys WARNING] 2026-02-11 16:33:32,294 - Robot state not received
[Deoxys WARNING] 2026-02-11 16:33:32,294 - Robot state not received
[Deoxys WARNING] 2026-02-11 16:33:32,795 - Robot state not received
[Deoxys WARNING] 2026-02-11 16:33:32,795 - Robot state not received
[Deoxys WARNING] 2026-02-11 16:33:33,296 - Robot state not received
[Deoxys WARNING] 2026-02-11 16:33:33,296 - Robot state not received
[Deoxys WARNING] 2026-02-11 16:33:33,796 - Robot state not received
[Deoxys WARNING] 2026-02-11 16:33:33,797 - Robot state not received
[Deoxys WARNING] 2026-02-11 16:33:34,297 - Robot state not received
[Deoxys WARNING] 2026-02-11 16:33:34,297 - Robot state not received
[Deoxys WARNING] 2026-02-11 16:33:34,798 - Robot state not received
[Deoxys WARNING] 2026-02-11 16:33:34,798 - Robot state not received
[Deoxys WARNING] 2026-02-11 16:33:35,299 - Robot state not received
[Deoxys WARNING] 2026-02-11 16:33:35,299 - Robot state not received
[Deoxys WARNING] 2026-02-11 16:33:35,799 - Robot state not received
[Deoxys WARNING] 2026-02-11 16:33:35,800 - Robot state not received
[Deoxys WARNING] 2026-02-11 16:33:36,300 - Robot state not received
[Deoxys WARNING] 2026-02-11 16:33:36,300 - Robot state not received
[Deoxys WARNING] 2026-02-11 16:33:36,801 - Robot state not received
[Deoxys WARNING] 2026-02-11 16:33:36,801 - Robot state not received
[Deoxys WARNING] 2026-02-11 16:33:37,302 - Robot state not received
[Deoxys WARNING] 2026-02-11 16:33:37,302 - Robot state not received
[Deoxys WARNING] 2026-02-11 16:33:37,802 - Robot state not received
[Deoxys WARNING] 2026-02-11 16:33:37,802 - Robot state not received
[Deoxys WARNING] 2026-02-11 16:33:38,303 - Robot state not received
[Deoxys WARNING] 2026-02-11 16:33:38,303 - Robot state not received
[Deoxys WARNING] 2026-02-11 16:33:38,803 - Robot state not received
[Deoxys WARNING] 2026-02-11 16:33:38,804 - Robot state not received
[Deoxys WARNING] 2026-02-11 16:33:39,304 - Robot state not received
[Deoxys WARNING] 2026-02-11 16:33:39,305 - Robot state not received
[Deoxys WARNING] 2026-02-11 16:33:39,805 - Robot state not received
[Deoxys WARNING] 2026-02-11 16:33:39,805 - Robot state not received
[Deoxys WARNING] 2026-02-11 16:33:40,306 - Robot state not received
[Deoxys WARNING] 2026-02-11 16:33:40,306 - Robot state not received
[Deoxys WARNING] 2026-02-11 16:33:40,807 - Robot state not received
[Deoxys WARNING] 2026-02-11 16:33:40,807 - Robot state not received
[Deoxys WARNING] 2026-02-11 16:33:41,308 - Robot state not received
[Deoxys WARNING] 2026-02-11 16:33:41,308 - Robot state not received
[Deoxys WARNING] 2026-02-11 16:33:41,808 - Robot state not received
[Deoxys WARNING] 2026-02-11 16:33:41,809 - Robot state not received
[Deoxys WARNING] 2026-02-11 16:33:42,309 - Robot state not received
[Deoxys WARNING] 2026-02-11 16:33:42,310 - Robot state not received
[Deoxys WARNING] 2026-02-11 16:33:42,810 - Robot state not received
[Deoxys WARNING] 2026-02-11 16:33:42,810 - Robot state not received
[Deoxys WARNING] 2026-02-11 16:33:43,311 - Robot state not received
[Deoxys WARNING] 2026-02-11 16:33:43,311 - Robot state not received
[Deoxys WARNING] 2026-02-11 16:33:43,811 - Robot state not received
[Deoxys WARNING] 2026-02-11 16:33:43,812 - Robot state not received
[Deoxys WARNING] 2026-02-11 16:34:59,482 - Robot state not received
[Deoxys WARNING] 2026-02-11 16:34:59,499 - Robot state not received
[Deoxys WARNING] 2026-02-11 16:34:59,983 - Robot state not received
[Deoxys WARNING] 2026-02-11 16:35:00,000 - Robot state not received
[Deoxys WARNING] 2026-02-11 16:35:00,484 - Robot state not received
[Deoxys WARNING] 2026-02-11 16:35:00,501 - Robot state not received
[Deoxys WARNING] 2026-02-11 16:35:00,985 - Robot state not received
[Deoxys WARNING] 2026-02-11 16:35:01,002 - Robot state not received
[Deoxys WARNING] 2026-02-11 16:35:01,486 - Robot state not received
[Deoxys WARNING] 2026-02-11 16:35:01,502 - Robot state not received
[Deoxys WARNING] 2026-02-11 16:35:01,987 - Robot state not received
[Deoxys WARNING] 2026-02-11 16:35:02,003 - Robot state not received
[Deoxys WARNING] 2026-02-11 16:35:02,487 - Robot state not received
[Deoxys WARNING] 2026-02-11 16:35:02,504 - Robot state not received
[Deoxys WARNING] 2026-02-11 16:35:02,988 - Robot state not received
[Deoxys WARNING] 2026-02-11 16:35:03,005 - Robot state not received
[Deoxys WARNING] 2026-02-11 16:35:03,489 - Robot state not received
[Deoxys WARNING] 2026-02-11 16:35:03,505 - Robot state not received
[Deoxys WARNING] 2026-02-11 16:35:03,990 - Robot state not received
[Deoxys WARNING] 2026-02-11 16:35:04,006 - Robot state not received
[Deoxys WARNING] 2026-02-11 16:35:04,491 - Robot state not received
[Deoxys WARNING] 2026-02-11 16:35:04,507 - Robot state not received
[Deoxys WARNING] 2026-02-11 16:35:04,992 - Robot state not received
[Deoxys WARNING] 2026-02-11 16:35:05,008 - Robot state not received
[Deoxys WARNING] 2026-02-11 16:35:05,492 - Robot state not received
[Deoxys WARNING] 2026-02-11 16:35:05,509 - Robot state not received
[Deoxys WARNING] 2026-02-11 16:35:05,995 - Robot state not received
[Deoxys WARNING] 2026-02-11 16:35:06,009 - Robot state not received
[Deoxys WARNING] 2026-02-11 16:35:06,495 - Robot state not received
[Deoxys WARNING] 2026-02-11 16:35:06,510 - Robot state not received
[Deoxys WARNING] 2026-02-11 16:35:06,996 - Robot state not received
[Deoxys WARNING] 2026-02-11 16:35:07,011 - Robot state not received
[Deoxys WARNING] 2026-02-11 16:35:07,500 - Robot state not received
[Deoxys WARNING] 2026-02-11 16:35:07,512 - Robot state not received
[Deoxys WARNING] 2026-02-11 16:35:08,000 - Robot state not received
[Deoxys WARNING] 2026-02-11 16:35:08,012 - Robot state not received
[Deoxys WARNING] 2026-02-11 16:35:08,501 - Robot state not received
[Deoxys WARNING] 2026-02-11 16:35:08,513 - Robot state not received
[Deoxys WARNING] 2026-02-11 16:35:09,002 - Robot state not received
[Deoxys WARNING] 2026-02-11 16:35:09,013 - Robot state not received
[Deoxys WARNING] 2026-02-11 16:35:09,503 - Robot state not received
[Deoxys WARNING] 2026-02-11 16:35:09,514 - Robot state not received
[Deoxys WARNING] 2026-02-11 16:35:10,004 - Robot state not received
[Deoxys WARNING] 2026-02-11 16:35:10,014 - Robot state not received
[Deoxys WARNING] 2026-02-11 16:35:10,504 - Robot state not received
[Deoxys WARNING] 2026-02-11 16:35:10,515 - Robot state not received
[Deoxys WARNING] 2026-02-11 16:35:11,005 - Robot state not received
[Deoxys WARNING] 2026-02-11 16:35:11,016 - Robot state not received
[Deoxys WARNING] 2026-02-11 16:35:11,506 - Robot state not received
[Deoxys WARNING] 2026-02-11 16:35:11,517 - Robot state not received
[Deoxys WARNING] 2026-02-11 16:35:12,007 - Robot state not received
[Deoxys WARNING] 2026-02-11 16:35:12,018 - Robot state not received
[Deoxys WARNING] 2026-02-11 16:35:12,508 - Robot state not received
[Deoxys WARNING] 2026-02-11 16:35:12,519 - Robot state not received
[Deoxys WARNING] 2026-02-11 16:35:13,009 - Robot state not received
[Deoxys WARNING] 2026-02-11 16:35:13,020 - Robot state not received
[Deoxys WARNING] 2026-02-11 16:35:13,509 - Robot state not received
[Deoxys WARNING] 2026-02-11 16:35:13,520 - Robot state not received
[Deoxys WARNING] 2026-02-11 16:35:14,010 - Robot state not received
[Deoxys WARNING] 2026-02-11 16:35:14,021 - Robot state not received
[Deoxys WARNING] 2026-02-11 16:35:14,511 - Robot state not received
[Deoxys WARNING] 2026-02-11 16:35:14,521 - Robot state not received
[Deoxys WARNING] 2026-02-11 16:35:15,011 - Robot state not received
[Deoxys WARNING] 2026-02-11 16:35:15,022 - Robot state not received
[Deoxys WARNING] 2026-02-11 16:35:15,512 - Robot state not received
[Deoxys WARNING] 2026-02-11 16:35:15,523 - Robot state not received
[Deoxys WARNING] 2026-02-11 16:35:16,013 - Robot state not received
[Deoxys WARNING] 2026-02-11 16:35:16,024 - Robot state not received
[Deoxys WARNING] 2026-02-11 16:35:16,514 - Robot state not received
[Deoxys WARNING] 2026-02-11 16:35:16,525 - Robot state not received
[Deoxys WARNING] 2026-02-11 16:35:17,015 - Robot state not received
[Deoxys WARNING] 2026-02-11 16:35:17,026 - Robot state not received
[Deoxys WARNING] 2026-02-11 16:35:17,515 - Robot state not received
[Deoxys WARNING] 2026-02-11 16:35:17,526 - Robot state not received
[Deoxys WARNING] 2026-02-11 16:35:18,016 - Robot state not received
[Deoxys WARNING] 2026-02-11 16:35:18,027 - Robot state not received
[Deoxys WARNING] 2026-02-11 16:35:18,517 - Robot state not received
[Deoxys WARNING] 2026-02-11 16:35:18,527 - Robot state not received
[Deoxys WARNING] 2026-02-11 16:35:19,017 - Robot state not received
[Deoxys WARNING] 2026-02-11 16:35:19,028 - Robot state not received
[Deoxys WARNING] 2026-02-11 16:35:19,518 - Robot state not received
[Deoxys WARNING] 2026-02-11 16:35:19,529 - Robot state not received
[Deoxys WARNING] 2026-02-11 16:35:20,019 - Robot state not received
[Deoxys WARNING] 2026-02-11 16:35:20,030 - Robot state not received
[Deoxys WARNING] 2026-02-11 16:35:20,520 - Robot state not received
[Deoxys WARNING] 2026-02-11 16:35:20,531 - Robot state not received
[Deoxys WARNING] 2026-02-11 16:35:21,021 - Robot state not received
[Deoxys WARNING] 2026-02-11 16:35:21,032 - Robot state not received
[Deoxys WARNING] 2026-02-11 16:35:21,521 - Robot state not received
[Deoxys WARNING] 2026-02-11 16:35:21,532 - Robot state not received
[Deoxys WARNING] 2026-02-11 16:35:22,022 - Robot state not received
[Deoxys WARNING] 2026-02-11 16:35:22,033 - Robot state not received
[Deoxys WARNING] 2026-02-11 16:35:22,523 - Robot state not received
[Deoxys WARNING] 2026-02-11 16:35:22,534 - Robot state not received
[Deoxys WARNING] 2026-02-11 16:35:23,024 - Robot state not received
[Deoxys WARNING] 2026-02-11 16:35:23,035 - Robot state not received
[Deoxys WARNING] 2026-02-11 16:35:23,525 - Robot state not received
[Deoxys WARNING] 2026-02-11 16:35:23,535 - Robot state not received
[Deoxys WARNING] 2026-02-11 16:35:24,025 - Robot state not received
[Deoxys WARNING] 2026-02-11 16:35:24,036 - Robot state not received
[Deoxys WARNING] 2026-02-11 16:35:24,526 - Robot state not received
[Deoxys WARNING] 2026-02-11 16:35:24,537 - Robot state not received
[Deoxys WARNING] 2026-02-11 16:35:25,027 - Robot state not received
[Deoxys WARNING] 2026-02-11 16:35:25,037 - Robot state not received
[Deoxys WARNING] 2026-02-11 16:35:25,527 - Robot state not received
[Deoxys WARNING] 2026-02-11 16:35:25,538 - Robot state not received
[Deoxys WARNING] 2026-02-11 16:35:26,028 - Robot state not received
[Deoxys WARNING] 2026-02-11 16:35:26,039 - Robot state not received
[Deoxys WARNING] 2026-02-11 16:35:26,529 - Robot state not received
[Deoxys WARNING] 2026-02-11 16:35:26,540 - Robot state not received
[Deoxys WARNING] 2026-02-11 16:35:27,030 - Robot state not received
[Deoxys WARNING] 2026-02-11 16:35:27,041 - Robot state not received
[Deoxys WARNING] 2026-02-11 16:35:27,534 - Robot state not received
[Deoxys WARNING] 2026-02-11 16:35:27,541 - Robot state not received
[Deoxys WARNING] 2026-02-11 16:35:28,035 - Robot state not received
[Deoxys WARNING] 2026-02-11 16:35:28,042 - Robot state not received
[Deoxys WARNING] 2026-02-11 16:35:28,536 - Robot state not received
[Deoxys WARNING] 2026-02-11 16:35:28,543 - Robot state not received
[Deoxys WARNING] 2026-02-11 16:35:29,036 - Robot state not received
[Deoxys WARNING] 2026-02-11 16:35:29,044 - Robot state not received
[Deoxys WARNING] 2026-02-11 16:35:29,537 - Robot state not received
[Deoxys WARNING] 2026-02-11 16:35:29,545 - Robot state not received
[Deoxys WARNING] 2026-02-11 16:35:30,038 - Robot state not received
[Deoxys WARNING] 2026-02-11 16:35:30,045 - Robot state not received
[Deoxys WARNING] 2026-02-11 16:35:30,539 - Robot state not received
[Deoxys WARNING] 2026-02-11 16:35:30,546 - Robot state not received
[Deoxys WARNING] 2026-02-11 16:35:31,040 - Robot state not received
[Deoxys WARNING] 2026-02-11 16:35:31,046 - Robot state not received
[Deoxys WARNING] 2026-02-11 16:35:31,540 - Robot state not received
[Deoxys WARNING] 2026-02-11 16:35:31,547 - Robot state not received
[Deoxys WARNING] 2026-02-11 16:35:32,041 - Robot state not received
[Deoxys WARNING] 2026-02-11 16:35:32,048 - Robot state not received
[Deoxys WARNING] 2026-02-11 16:35:32,542 - Robot state not received
[Deoxys WARNING] 2026-02-11 16:35:32,549 - Robot state not received
[Deoxys WARNING] 2026-02-11 16:35:33,043 - Robot state not received
[Deoxys WARNING] 2026-02-11 16:35:33,050 - Robot state not received
[Deoxys WARNING] 2026-02-11 16:35:33,543 - Robot state not received
[Deoxys WARNING] 2026-02-11 16:35:33,551 - Robot state not received
[Deoxys WARNING] 2026-02-11 16:35:34,044 - Robot state not received
[Deoxys WARNING] 2026-02-11 16:35:34,051 - Robot state not received
[Deoxys WARNING] 2026-02-11 16:35:34,545 - Robot state not received
[Deoxys WARNING] 2026-02-11 16:35:34,553 - Robot state not received
[Deoxys WARNING] 2026-02-11 16:35:35,046 - Robot state not received
[Deoxys WARNING] 2026-02-11 16:35:35,054 - Robot state not received
[Deoxys WARNING] 2026-02-11 16:35:35,546 - Robot state not received
[Deoxys WARNING] 2026-02-11 16:35:35,555 - Robot state not received
[Deoxys WARNING] 2026-02-11 16:35:36,047 - Robot state not received
[Deoxys WARNING] 2026-02-11 16:35:36,056 - Robot state not received
[Deoxys WARNING] 2026-02-11 16:35:36,548 - Robot state not received
[Deoxys WARNING] 2026-02-11 16:35:36,556 - Robot state not received
[Deoxys WARNING] 2026-02-11 16:35:37,049 - Robot state not received
[Deoxys WARNING] 2026-02-11 16:35:37,057 - Robot state not received
[Deoxys WARNING] 2026-02-11 16:35:37,549 - Robot state not received
[Deoxys WARNING] 2026-02-11 16:35:37,558 - Robot state not received
[Deoxys WARNING] 2026-02-11 16:35:38,050 - Robot state not received
[Deoxys WARNING] 2026-02-11 16:35:38,059 - Robot state not received
[Deoxys WARNING] 2026-02-11 16:35:38,550 - Robot state not received
[Deoxys WARNING] 2026-02-11 16:35:38,559 - Robot state not received
[Deoxys WARNING] 2026-02-11 16:35:39,051 - Robot state not received
[Deoxys WARNING] 2026-02-11 16:35:39,060 - Robot state not received
[Deoxys WARNING] 2026-02-11 16:35:39,552 - Robot state not received
[Deoxys WARNING] 2026-02-11 16:35:39,561 - Robot state not received
[Deoxys WARNING] 2026-02-11 16:35:40,053 - Robot state not received
[Deoxys WARNING] 2026-02-11 16:35:40,062 - Robot state not received
[Deoxys WARNING] 2026-02-11 16:35:40,554 - Robot state not received
[Deoxys WARNING] 2026-02-11 16:35:40,563 - Robot state not received
[Deoxys WARNING] 2026-02-11 16:35:41,055 - Robot state not received
[Deoxys WARNING] 2026-02-11 16:35:41,063 - Robot state not received
[Deoxys WARNING] 2026-02-11 16:35:41,556 - Robot state not received
[Deoxys WARNING] 2026-02-11 16:35:41,564 - Robot state not received
[Deoxys WARNING] 2026-02-11 16:35:42,056 - Robot state not received
[Deoxys WARNING] 2026-02-11 16:35:42,065 - Robot state not received
[Deoxys WARNING] 2026-02-11 16:35:42,557 - Robot state not received
[Deoxys WARNING] 2026-02-11 16:35:42,566 - Robot state not received
[Deoxys WARNING] 2026-02-11 16:35:43,058 - Robot state not received
[Deoxys WARNING] 2026-02-11 16:35:43,066 - Robot state not received
[Deoxys WARNING] 2026-02-11 16:35:43,559 - Robot state not received
[Deoxys WARNING] 2026-02-11 16:35:43,567 - Robot state not received
[Deoxys WARNING] 2026-02-11 16:35:44,060 - Robot state not received
[Deoxys WARNING] 2026-02-11 16:35:44,068 - Robot state not received
[Deoxys WARNING] 2026-02-11 16:35:44,561 - Robot state not received
[Deoxys WARNING] 2026-02-11 16:35:44,568 - Robot state not received
[Deoxys WARNING] 2026-02-11 16:35:45,061 - Robot state not received
[Deoxys WARNING] 2026-02-11 16:35:45,069 - Robot state not received
[Deoxys WARNING] 2026-02-11 16:35:45,562 - Robot state not received
[Deoxys WARNING] 2026-02-11 16:35:45,570 - Robot state not received
[Deoxys WARNING] 2026-02-11 16:35:46,063 - Robot state not received
[Deoxys WARNING] 2026-02-11 16:35:46,071 - Robot state not received
[Deoxys WARNING] 2026-02-11 16:35:46,564 - Robot state not received
[Deoxys WARNING] 2026-02-11 16:35:46,571 - Robot state not received
[Deoxys WARNING] 2026-02-11 16:35:47,064 - Robot state not received
[Deoxys WARNING] 2026-02-11 16:35:47,072 - Robot state not received
[Deoxys WARNING] 2026-02-11 16:35:47,565 - Robot state not received
[Deoxys WARNING] 2026-02-11 16:35:47,573 - Robot state not received
[Deoxys WARNING] 2026-02-11 16:35:48,065 - Robot state not received
[Deoxys WARNING] 2026-02-11 16:35:48,073 - Robot state not received
[Deoxys WARNING] 2026-02-11 16:35:48,566 - Robot state not received
[Deoxys WARNING] 2026-02-11 16:35:48,574 - Robot state not received
[Deoxys WARNING] 2026-02-11 16:35:49,067 - Robot state not received
[Deoxys WARNING] 2026-02-11 16:35:49,075 - Robot state not received
[Deoxys WARNING] 2026-02-11 16:35:49,568 - Robot state not received
[Deoxys WARNING] 2026-02-11 16:35:49,575 - Robot state not received
[Deoxys WARNING] 2026-02-11 16:35:50,069 - Robot state not received
[Deoxys WARNING] 2026-02-11 16:35:50,076 - Robot state not received
[Deoxys WARNING] 2026-02-11 16:35:50,569 - Robot state not received
[Deoxys WARNING] 2026-02-11 16:35:50,577 - Robot state not received
[Deoxys WARNING] 2026-02-11 16:35:51,070 - Robot state not received
[Deoxys WARNING] 2026-02-11 16:35:51,077 - Robot state not received
[Deoxys WARNING] 2026-02-11 16:35:51,571 - Robot state not received
[Deoxys WARNING] 2026-02-11 16:35:51,578 - Robot state not received
[Deoxys WARNING] 2026-02-11 16:35:52,072 - Robot state not received
[Deoxys WARNING] 2026-02-11 16:35:52,078 - Robot state not received
[Deoxys WARNING] 2026-02-11 16:35:52,573 - Robot state not received
[Deoxys WARNING] 2026-02-11 16:35:52,579 - Robot state not received
[Deoxys WARNING] 2026-02-11 16:35:53,074 - Robot state not received
[Deoxys WARNING] 2026-02-11 16:35:53,080 - Robot state not received
[Deoxys WARNING] 2026-02-11 16:35:53,574 - Robot state not received
[Deoxys WARNING] 2026-02-11 16:35:53,580 - Robot state not received
[Deoxys WARNING] 2026-02-11 19:25:03,332 - Robot state not received
[Deoxys WARNING] 2026-02-11 19:25:25,204 - Robot state not received
[Deoxys WARNING] 2026-02-11 19:27:27,936 - Robot state not received
[Deoxys WARNING] 2026-02-11 19:27:27,983 - Robot state not received
[Deoxys WARNING] 2026-02-11 19:34:23,170 - Robot state not received
[Deoxys WARNING] 2026-02-11 20:10:13,179 - Robot state not received
[Deoxys WARNING] 2026-02-11 20:10:27,967 - Robot state not received
[Deoxys WARNING] 2026-02-11 20:35:13,156 - Robot state not received
[Deoxys WARNING] 2026-02-11 20:36:10,064 - Robot state not received
[Deoxys WARNING] 2026-02-11 20:39:48,932 - Robot state not received
[Deoxys WARNING] 2026-02-11 20:39:48,942 - Robot state not received
[Deoxys WARNING] 2026-02-11 20:39:49,433 - Robot state not received
[Deoxys WARNING] 2026-02-11 20:39:49,443 - Robot state not received
[Deoxys WARNING] 2026-02-11 20:39:49,934 - Robot state not received
[Deoxys WARNING] 2026-02-11 20:39:49,944 - Robot state not received
[Deoxys WARNING] 2026-02-11 20:39:50,435 - Robot state not received
[Deoxys WARNING] 2026-02-11 20:39:50,444 - Robot state not received
[Deoxys WARNING] 2026-02-11 20:39:50,936 - Robot state not received
[Deoxys WARNING] 2026-02-11 20:39:50,945 - Robot state not received
[Deoxys WARNING] 2026-02-11 20:39:51,437 - Robot state not received
[Deoxys WARNING] 2026-02-11 20:39:51,446 - Robot state not received
[Deoxys WARNING] 2026-02-11 20:39:51,937 - Robot state not received
[Deoxys WARNING] 2026-02-11 20:39:51,947 - Robot state not received
[Deoxys WARNING] 2026-02-11 20:39:52,447 - Robot state not received
[Deoxys WARNING] 2026-02-11 20:39:52,947 - Robot state not received
[Deoxys WARNING] 2026-02-11 20:39:53,448 - Robot state not received
[Deoxys WARNING] 2026-02-13 17:17:45,857 - Robot state not received
[Deoxys WARNING] 2026-02-13 17:24:15,888 - Robot state not received
[Deoxys WARNING] 2026-02-13 17:24:15,888 - Robot state not received
[Deoxys WARNING] 2026-02-13 17:26:20,291 - Robot state not received
[Deoxys WARNING] 2026-02-13 17:30:09,163 - Robot state not received
[Deoxys WARNING] 2026-02-13 17:30:09,166 - Robot state not received
[Deoxys WARNING] 2026-02-13 17:39:58,644 - Robot state not received
[Deoxys WARNING] 2026-02-13 17:39:59,144 - Robot state not received
[Deoxys WARNING] 2026-02-13 17:39:59,645 - Robot state not received
[Deoxys WARNING] 2026-02-13 17:40:00,146 - Robot state not received
[Deoxys WARNING] 2026-02-13 17:40:00,647 - Robot state not received
[Deoxys WARNING] 2026-02-13 17:40:01,148 - Robot state not received
[Deoxys WARNING] 2026-02-13 17:40:01,649 - Robot state not received
[Deoxys WARNING] 2026-02-13 17:40:02,150 - Robot state not received
[Deoxys WARNING] 2026-02-13 17:40:02,651 - Robot state not received
[Deoxys WARNING] 2026-02-13 17:40:03,151 - Robot state not received
[Deoxys WARNING] 2026-02-13 17:40:03,652 - Robot state not received
[Deoxys WARNING] 2026-02-13 17:40:04,153 - Robot state not received
[Deoxys WARNING] 2026-02-13 17:40:04,654 - Robot state not received
[Deoxys WARNING] 2026-02-13 17:40:05,154 - Robot state not received
[Deoxys WARNING] 2026-02-13 17:40:05,655 - Robot state not received
[Deoxys WARNING] 2026-02-13 17:45:51,960 - Robot state not received
[Deoxys WARNING] 2026-02-13 17:45:51,984 - Robot state not received
[Deoxys WARNING] 2026-02-13 17:48:11,649 - Robot state not received
[Deoxys WARNING] 2026-02-13 17:48:11,653 - Robot state not received
[Deoxys WARNING] 2026-02-13 17:48:12,150 - Robot state not received
[Deoxys WARNING] 2026-02-13 17:48:12,154 - Robot state not received
[Deoxys WARNING] 2026-02-13 17:48:12,651 - Robot state not received
[Deoxys WARNING] 2026-02-13 17:48:12,654 - Robot state not received
[Deoxys WARNING] 2026-02-13 17:48:13,151 - Robot state not received
[Deoxys WARNING] 2026-02-13 17:48:13,155 - Robot state not received
[Deoxys WARNING] 2026-02-13 17:48:13,652 - Robot state not received
[Deoxys WARNING] 2026-02-13 17:48:13,655 - Robot state not received
[Deoxys WARNING] 2026-02-13 17:48:14,157 - Robot state not received
[Deoxys WARNING] 2026-02-13 17:48:14,660 - Robot state not received
[Deoxys WARNING] 2026-02-13 17:50:49,363 - Robot state not received
[Deoxys WARNING] 2026-02-13 17:56:47,618 - Robot state not received
[Deoxys WARNING] 2026-02-13 17:56:58,347 - Robot state not received
[Deoxys WARNING] 2026-02-13 17:58:10,725 - Robot state not received
[Deoxys WARNING] 2026-02-13 19:05:58,773 - Robot state not received
[Deoxys WARNING] 2026-02-13 19:07:36,174 - Robot state not received
[Deoxys WARNING] 2026-02-14 15:59:05,071 - Robot state not received
[Deoxys WARNING] 2026-02-14 15:59:17,739 - Robot state not received
[Deoxys WARNING] 2026-02-14 16:01:22,654 - Robot state not received
[Deoxys WARNING] 2026-02-14 16:14:56,398 - Robot state not received
[Deoxys WARNING] 2026-02-14 16:15:03,118 - Robot state not received
[Deoxys WARNING] 2026-02-14 16:15:15,850 - Robot state not received
[Deoxys WARNING] 2026-02-14 16:16:48,092 - Robot state not received
[Deoxys WARNING] 2026-02-14 16:26:23,886 - Robot state not received
[Deoxys WARNING] 2026-02-14 16:56:29,323 - Robot state not received
[Deoxys WARNING] 2026-02-14 17:01:11,297 - Robot state not received
[Deoxys WARNING] 2026-02-14 17:16:54,850 - Robot state not received
[Deoxys WARNING] 2026-02-14 17:53:44,389 - Robot state not received
[Deoxys WARNING] 2026-02-14 17:53:52,542 - Robot state not received
[Deoxys WARNING] 2026-02-14 17:54:22,859 - Robot state not received
[Deoxys WARNING] 2026-02-14 17:54:22,864 - Robot state not received
[Deoxys WARNING] 2026-02-14 17:58:46,868 - Robot state not received
[Deoxys WARNING] 2026-02-14 18:07:00,210 - Robot state not received
[Deoxys WARNING] 2026-02-14 18:10:49,050 - Robot state not received
[Deoxys WARNING] 2026-02-14 18:10:56,237 - Robot state not received
[Deoxys WARNING] 2026-02-14 18:34:18,301 - Robot state not received
[Deoxys WARNING] 2026-02-14 18:42:46,731 - Robot state not received
[Deoxys WARNING] 2026-02-14 18:42:57,782 - Robot state not received
[Deoxys WARNING] 2026-02-14 18:46:23,681 - Robot state not received
[Deoxys WARNING] 2026-02-15 16:31:07,269 - Robot state not received
[Deoxys WARNING] 2026-02-15 16:33:12,975 - Robot state not received
[Deoxys WARNING] 2026-02-15 16:33:12,976 - Robot state not received
[Deoxys WARNING] 2026-02-15 16:35:08,642 - Robot state not received
[Deoxys WARNING] 2026-02-15 16:36:59,469 - Robot state not received
[Deoxys WARNING] 2026-02-15 16:36:59,480 - Robot state not received
[Deoxys WARNING] 2026-02-15 16:36:59,970 - Robot state not received
[Deoxys WARNING] 2026-02-15 16:36:59,981 - Robot state not received
[Deoxys WARNING] 2026-02-15 16:37:00,470 - Robot state not received
[Deoxys WARNING] 2026-02-15 16:37:00,482 - Robot state not received
[Deoxys WARNING] 2026-02-15 16:37:00,971 - Robot state not received
[Deoxys WARNING] 2026-02-15 16:37:00,982 - Robot state not received
[Deoxys WARNING] 2026-02-15 16:37:01,472 - Robot state not received
[Deoxys WARNING] 2026-02-15 16:37:01,483 - Robot state not received
[Deoxys WARNING] 2026-02-15 16:38:16,277 - Robot state not received
[Deoxys WARNING] 2026-02-15 16:38:16,288 - Robot state not received
[Deoxys WARNING] 2026-02-15 16:39:39,959 - Robot state not received
[Deoxys WARNING] 2026-02-15 16:47:40,798 - Robot state not received
[Deoxys WARNING] 2026-02-15 16:47:49,806 - Robot state not received
[Deoxys WARNING] 2026-02-15 16:48:10,344 - Robot state not received
[Deoxys WARNING] 2026-02-15 16:48:10,344 - Robot state not received
[Deoxys WARNING] 2026-02-15 16:55:55,786 - Robot state not received
[Deoxys WARNING] 2026-02-15 16:56:19,623 - Robot state not received
[Deoxys WARNING] 2026-02-15 17:22:59,317 - Robot state not received
[Deoxys WARNING] 2026-02-15 17:29:26,338 - Robot state not received
[Deoxys WARNING] 2026-02-15 17:29:33,079 - Robot state not received
[Deoxys WARNING] 2026-02-15 18:54:36,080 - Robot state not received
[Deoxys WARNING] 2026-02-15 18:54:51,069 - Robot state not received
[Deoxys WARNING] 2026-02-15 18:55:30,400 - Robot state not received
[Deoxys WARNING] 2026-02-15 18:55:30,414 - Robot state not received
[Deoxys WARNING] 2026-02-15 18:55:30,900 - Robot state not received
[Deoxys WARNING] 2026-02-15 18:55:30,915 - Robot state not received
[Deoxys WARNING] 2026-02-15 18:55:31,401 - Robot state not received
[Deoxys WARNING] 2026-02-15 18:55:31,415 - Robot state not received
[Deoxys WARNING] 2026-02-15 18:55:31,902 - Robot state not received
[Deoxys WARNING] 2026-02-15 18:55:31,916 - Robot state not received
[Deoxys WARNING] 2026-02-15 18:55:32,403 - Robot state not received
[Deoxys WARNING] 2026-02-15 18:55:32,416 - Robot state not received
[Deoxys WARNING] 2026-02-15 18:55:32,903 - Robot state not received
[Deoxys WARNING] 2026-02-15 18:55:32,918 - Robot state not received
[Deoxys WARNING] 2026-02-15 18:55:33,404 - Robot state not received
[Deoxys WARNING] 2026-02-15 18:55:33,419 - Robot state not received
[Deoxys WARNING] 2026-02-15 18:55:33,905 - Robot state not received
[Deoxys WARNING] 2026-02-15 18:55:33,920 - Robot state not received
[Deoxys WARNING] 2026-02-15 18:55:34,405 - Robot state not received
[Deoxys WARNING] 2026-02-15 18:55:34,421 - Robot state not received
[Deoxys WARNING] 2026-02-15 18:55:34,906 - Robot state not received
[Deoxys WARNING] 2026-02-15 18:55:34,921 - Robot state not received
[Deoxys WARNING] 2026-02-15 18:55:35,422 - Robot state not received
[Deoxys WARNING] 2026-02-15 18:55:35,922 - Robot state not received
[Deoxys WARNING] 2026-02-15 18:55:36,423 - Robot state not received
[Deoxys WARNING] 2026-02-15 19:00:01,156 - Robot state not received
[Deoxys WARNING] 2026-02-15 19:00:01,657 - Robot state not received
[Deoxys WARNING] 2026-02-15 19:00:02,158 - Robot state not received
[Deoxys WARNING] 2026-02-15 19:00:02,658 - Robot state not received
[Deoxys WARNING] 2026-02-15 19:00:03,159 - Robot state not received
[Deoxys WARNING] 2026-02-15 19:00:03,660 - Robot state not received
[Deoxys WARNING] 2026-02-15 19:00:20,956 - Robot state not received
[Deoxys WARNING] 2026-02-15 19:01:25,968 - Robot state not received
[Deoxys WARNING] 2026-02-16 18:51:26,337 - Robot state not received
[Deoxys WARNING] 2026-02-16 18:51:48,188 - Robot state not received
[Deoxys WARNING] 2026-02-16 19:01:16,821 - Robot state not received
[Deoxys WARNING] 2026-02-16 19:01:16,827 - Robot state not received
[Deoxys WARNING] 2026-02-16 19:01:17,322 - Robot state not received
[Deoxys WARNING] 2026-02-16 19:01:17,330 - Robot state not received
[Deoxys WARNING] 2026-02-16 19:01:17,823 - Robot state not received
[Deoxys WARNING] 2026-02-16 19:01:17,831 - Robot state not received
[Deoxys WARNING] 2026-02-16 19:01:18,324 - Robot state not received
[Deoxys WARNING] 2026-02-16 19:01:18,331 - Robot state not received
[Deoxys WARNING] 2026-02-16 19:01:18,825 - Robot state not received
[Deoxys WARNING] 2026-02-16 19:01:18,832 - Robot state not received
[Deoxys WARNING] 2026-02-16 19:01:19,326 - Robot state not received
[Deoxys WARNING] 2026-02-16 19:01:19,333 - Robot state not received
[Deoxys WARNING] 2026-02-16 19:01:19,826 - Robot state not received
[Deoxys WARNING] 2026-02-16 19:01:19,834 - Robot state not received
[Deoxys WARNING] 2026-02-16 19:01:20,327 - Robot state not received
[Deoxys WARNING] 2026-02-16 19:01:20,334 - Robot state not received
[Deoxys WARNING] 2026-02-16 19:01:20,828 - Robot state not received
[Deoxys WARNING] 2026-02-16 19:01:20,835 - Robot state not received
[Deoxys WARNING] 2026-02-16 19:02:09,393 - Robot state not received
[Deoxys WARNING] 2026-02-16 19:02:09,409 - Robot state not received
[Deoxys WARNING] 2026-02-16 19:02:41,179 - Robot state not received
[Deoxys WARNING] 2026-02-16 19:02:41,189 - Robot state not received
[Deoxys WARNING] 2026-02-16 19:04:12,435 - Robot state not received
[Deoxys WARNING] 2026-02-16 19:04:15,798 - Robot state not received
[Deoxys WARNING] 2026-02-16 19:04:15,802 - Robot state not received
[Deoxys WARNING] 2026-02-16 19:05:45,557 - Robot state not received
[Deoxys WARNING] 2026-02-16 19:05:50,270 - Robot state not received
[Deoxys WARNING] 2026-02-16 19:05:50,300 - Robot state not received
[Deoxys WARNING] 2026-02-16 19:08:46,813 - Robot state not received
[Deoxys WARNING] 2026-02-16 19:09:10,999 - Robot state not received
[Deoxys WARNING] 2026-02-18 15:27:02,498 - Robot state not received
[Deoxys WARNING] 2026-02-18 15:27:13,804 - Robot state not received
[Deoxys WARNING] 2026-02-18 15:27:33,109 - Robot state not received
[Deoxys WARNING] 2026-02-18 15:27:33,609 - Robot state not received
[Deoxys WARNING] 2026-02-18 15:27:34,110 - Robot state not received
[Deoxys WARNING] 2026-02-18 15:27:34,611 - Robot state not received
[Deoxys WARNING] 2026-02-18 15:27:35,111 - Robot state not received
[Deoxys WARNING] 2026-02-18 15:27:35,612 - Robot state not received
[Deoxys WARNING] 2026-02-18 15:27:36,113 - Robot state not received
[Deoxys WARNING] 2026-02-18 15:27:56,886 - Robot state not received
[Deoxys WARNING] 2026-02-18 15:27:57,395 - Robot state not received
[Deoxys WARNING] 2026-02-18 15:29:33,847 - Robot state not received
[Deoxys WARNING] 2026-02-18 15:29:34,357 - Robot state not received
[Deoxys WARNING] 2026-02-18 18:48:42,862 - Robot state not received
[Deoxys WARNING] 2026-02-18 18:48:43,372 - Robot state not received
[Deoxys WARNING] 2026-02-18 18:52:58,887 - Robot state not received
[Deoxys WARNING] 2026-02-18 18:53:24,287 - Robot state not received
[Deoxys WARNING] 2026-02-18 18:53:36,354 - Robot state not received
[Deoxys WARNING] 2026-02-18 18:53:49,714 - Robot state not received
[Deoxys WARNING] 2026-02-18 18:53:50,222 - Robot state not received
[Deoxys WARNING] 2026-02-18 18:54:11,339 - Robot state not received
[Deoxys WARNING] 2026-02-18 18:54:24,176 - Robot state not received
[Deoxys WARNING] 2026-02-18 18:54:24,685 - Robot state not received
[Deoxys WARNING] 2026-02-18 19:19:20,583 - Robot state not received
[Deoxys WARNING] 2026-02-18 19:19:20,583 - Robot state not received
[Deoxys WARNING] 2026-02-18 19:19:21,085 - Robot state not received
[Deoxys WARNING] 2026-02-18 19:19:21,085 - Robot state not received
[Deoxys WARNING] 2026-02-18 19:19:21,585 - Robot state not received
[Deoxys WARNING] 2026-02-18 19:19:21,586 - Robot state not received
[Deoxys WARNING] 2026-02-18 19:19:22,086 - Robot state not received
[Deoxys WARNING] 2026-02-18 19:19:22,086 - Robot state not received
[Deoxys WARNING] 2026-02-18 19:19:22,587 - Robot state not received
[Deoxys WARNING] 2026-02-18 19:19:22,587 - Robot state not received
[Deoxys WARNING] 2026-02-18 19:19:23,087 - Robot state not received
[Deoxys WARNING] 2026-02-18 19:19:23,087 - Robot state not received
[Deoxys WARNING] 2026-02-18 19:19:23,588 - Robot state not received
[Deoxys WARNING] 2026-02-18 19:19:24,089 - Robot state not received
[Deoxys WARNING] 2026-02-18 19:19:24,589 - Robot state not received
[Deoxys WARNING] 2026-02-18 19:19:25,090 - Robot state not received
[Deoxys WARNING] 2026-02-18 19:19:25,590 - Robot state not received
[Deoxys WARNING] 2026-02-18 19:21:00,779 - Robot state not received
[Deoxys WARNING] 2026-02-18 19:21:12,410 - Robot state not received
[Deoxys WARNING] 2026-02-18 19:21:21,933 - Robot state not received
[Deoxys WARNING] 2026-02-18 19:21:21,935 - Robot state not received
[Deoxys WARNING] 2026-02-18 19:23:08,685 - Robot state not received
[Deoxys WARNING] 2026-02-18 19:26:01,155 - Robot state not received
[Deoxys WARNING] 2026-02-18 19:26:10,517 - Robot state not received
[Deoxys WARNING] 2026-02-18 19:32:31,000 - Robot state not received
[Deoxys WARNING] 2026-02-18 19:34:36,938 - Robot state not received
[Deoxys WARNING] 2026-02-18 19:34:45,516 - Robot state not received
[Deoxys WARNING] 2026-02-18 19:35:00,083 - Robot state not received
[Deoxys WARNING] 2026-02-18 19:35:00,105 - Robot state not received
[Deoxys WARNING] 2026-02-18 19:36:03,205 - Robot state not received
[Deoxys WARNING] 2026-02-18 19:36:26,660 - Robot state not received
[Deoxys WARNING] 2026-02-18 19:36:39,221 - Robot state not received
[Deoxys WARNING] 2026-02-18 19:36:39,249 - Robot state not received
[Deoxys WARNING] 2026-02-18 19:41:50,475 - Robot state not received
[Deoxys WARNING] 2026-02-18 19:42:03,767 - Robot state not received
[Deoxys WARNING] 2026-02-18 19:42:03,777 - Robot state not received
[Deoxys WARNING] 2026-02-18 19:45:13,610 - Robot state not received
[Deoxys WARNING] 2026-02-18 19:45:19,878 - Robot state not received
[Deoxys WARNING] 2026-02-18 19:53:09,972 - Robot state not received
[Deoxys WARNING] 2026-02-18 19:53:10,017 - Robot state not received
[Deoxys WARNING] 2026-02-19 19:46:05,243 - Robot state not received
[Deoxys WARNING] 2026-02-19 19:46:19,988 - Robot state not received
[Deoxys WARNING] 2026-02-19 19:49:06,247 - Robot state not received
[Deoxys WARNING] 2026-02-19 19:49:06,747 - Robot state not received
[Deoxys WARNING] 2026-02-19 19:49:07,248 - Robot state not received
[Deoxys WARNING] 2026-02-19 19:49:07,749 - Robot state not received
[Deoxys WARNING] 2026-02-19 19:49:08,250 - Robot state not received
[Deoxys WARNING] 2026-02-19 19:49:08,751 - Robot state not received
[Deoxys WARNING] 2026-02-19 19:49:09,251 - Robot state not received
[Deoxys WARNING] 2026-02-19 19:49:09,752 - Robot state not received
[Deoxys WARNING] 2026-02-19 19:49:10,253 - Robot state not received
[Deoxys WARNING] 2026-02-19 19:49:10,754 - Robot state not received
[Deoxys WARNING] 2026-02-19 19:49:11,255 - Robot state not received
[Deoxys WARNING] 2026-02-19 19:49:11,755 - Robot state not received
[Deoxys WARNING] 2026-02-19 19:49:12,256 - Robot state not received
[Deoxys WARNING] 2026-02-19 19:49:12,757 - Robot state not received
[Deoxys WARNING] 2026-02-19 19:49:13,257 - Robot state not received
[Deoxys WARNING] 2026-02-19 19:49:13,758 - Robot state not received
[Deoxys WARNING] 2026-02-19 19:49:14,259 - Robot state not received
[Deoxys WARNING] 2026-02-19 19:49:14,759 - Robot state not received
[Deoxys WARNING] 2026-02-19 19:49:15,259 - Robot state not received
[Deoxys WARNING] 2026-02-19 19:49:15,760 - Robot state not received
[Deoxys WARNING] 2026-02-19 19:49:16,261 - Robot state not received
[Deoxys WARNING] 2026-02-19 19:49:16,762 - Robot state not received
[Deoxys WARNING] 2026-02-19 19:49:17,262 - Robot state not received
[Deoxys WARNING] 2026-02-19 19:49:17,763 - Robot state not received
[Deoxys WARNING] 2026-02-19 19:49:18,264 - Robot state not received
[Deoxys WARNING] 2026-02-19 19:49:18,764 - Robot state not received
[Deoxys WARNING] 2026-02-19 19:49:19,265 - Robot state not received
[Deoxys WARNING] 2026-02-19 19:49:19,766 - Robot state not received
[Deoxys WARNING] 2026-02-19 19:49:20,267 - Robot state not received
[Deoxys WARNING] 2026-02-19 19:49:25,075 - Robot state not received
[Deoxys WARNING] 2026-02-19 19:49:25,575 - Robot state not received
[Deoxys WARNING] 2026-02-19 19:49:26,076 - Robot state not received
[Deoxys WARNING] 2026-02-19 19:49:26,577 - Robot state not received
[Deoxys WARNING] 2026-02-19 19:49:27,077 - Robot state not received
[Deoxys WARNING] 2026-02-19 19:49:27,578 - Robot state not received
[Deoxys WARNING] 2026-02-19 19:49:28,079 - Robot state not received
[Deoxys WARNING] 2026-02-19 19:49:40,889 - Robot state not received
[Deoxys WARNING] 2026-02-19 19:50:27,999 - Robot state not received
[Deoxys WARNING] 2026-02-19 19:50:28,499 - Robot state not received
[Deoxys WARNING] 2026-02-19 19:50:28,999 - Robot state not received
[Deoxys WARNING] 2026-02-19 19:50:29,500 - Robot state not received
[Deoxys WARNING] 2026-02-19 19:50:30,001 - Robot state not received
[Deoxys WARNING] 2026-02-19 19:50:30,502 - Robot state not received
[Deoxys WARNING] 2026-02-19 19:50:31,003 - Robot state not received
[Deoxys WARNING] 2026-02-19 19:50:31,503 - Robot state not received
[Deoxys WARNING] 2026-02-19 19:50:32,005 - Robot state not received
[Deoxys WARNING] 2026-02-19 19:50:44,788 - Robot state not received
[Deoxys WARNING] 2026-02-19 19:53:12,989 - Robot state not received
[Deoxys WARNING] 2026-02-19 19:53:20,957 - Robot state not received
[Deoxys WARNING] 2026-02-19 19:53:37,867 - Robot state not received
[Deoxys WARNING] 2026-02-19 19:53:37,868 - Robot state not received
[Deoxys WARNING] 2026-02-19 19:59:16,216 - Robot state not received
[Deoxys WARNING] 2026-02-19 19:59:26,662 - Robot state not received
[Deoxys WARNING] 2026-02-19 19:59:51,017 - Robot state not received
[Deoxys WARNING] 2026-02-19 20:02:41,905 - Robot state not received
[Deoxys WARNING] 2026-02-19 20:07:11,607 - Robot state not received
[Deoxys WARNING] 2026-02-19 20:07:11,650 - Robot state not received
[Deoxys WARNING] 2026-02-20 12:38:15,597 - Robot state not received
[Deoxys WARNING] 2026-02-20 12:44:58,665 - Robot state not received
[Deoxys WARNING] 2026-02-20 12:44:58,666 - Robot state not received
[Deoxys WARNING] 2026-02-20 12:49:27,604 - Robot state not received
[Deoxys WARNING] 2026-02-20 12:49:27,613 - Robot state not received
[Deoxys WARNING] 2026-02-20 12:49:37,233 - Robot state not received
[Deoxys WARNING] 2026-02-20 12:49:49,094 - Robot state not received
[Deoxys WARNING] 2026-02-20 12:58:04,506 - Robot state not received
[Deoxys WARNING] 2026-02-20 12:58:04,525 - Robot state not received
[Deoxys WARNING] 2026-02-20 13:00:35,152 - Robot state not received
[Deoxys WARNING] 2026-02-20 13:00:42,306 - Robot state not received
[Deoxys WARNING] 2026-02-20 13:01:59,855 - Robot state not received
[Deoxys WARNING] 2026-02-20 13:02:10,632 - Robot state not received
[Deoxys WARNING] 2026-02-20 13:02:29,501 - Robot state not received
[Deoxys WARNING] 2026-02-20 13:02:43,624 - Robot state not received
[Deoxys WARNING] 2026-02-20 13:02:50,943 - Robot state not received
[Deoxys WARNING] 2026-02-20 13:03:09,056 - Robot state not received
[Deoxys WARNING] 2026-02-20 13:06:33,736 - Robot state not received
[Deoxys WARNING] 2026-02-20 13:11:28,134 - Robot state not received
[Deoxys WARNING] 2026-02-20 13:14:52,778 - Robot state not received
[Deoxys WARNING] 2026-02-20 13:16:53,927 - Robot state not received
[Deoxys WARNING] 2026-02-20 13:17:17,745 - Robot state not received
[Deoxys WARNING] 2026-02-20 13:17:24,351 - Robot state not received
[Deoxys WARNING] 2026-02-20 13:19:07,672 - Robot state not received
[Deoxys WARNING] 2026-02-20 13:19:20,908 - Robot state not received
[Deoxys WARNING] 2026-02-20 13:20:20,799 - Robot state not received
[Deoxys WARNING] 2026-02-20 13:20:53,738 - Robot state not received
[Deoxys WARNING] 2026-02-20 13:39:38,068 - Robot state not received
[Deoxys WARNING] 2026-02-20 13:41:39,634 - Robot state not received
[Deoxys WARNING] 2026-02-20 13:41:39,653 - Robot state not received
[Deoxys WARNING] 2026-02-20 13:44:17,892 - Robot state not received
[Deoxys WARNING] 2026-02-20 13:44:18,392 - Robot state not received
[Deoxys WARNING] 2026-02-20 13:44:18,893 - Robot state not received
[Deoxys WARNING] 2026-02-20 13:44:19,393 - Robot state not received
[Deoxys WARNING] 2026-02-20 13:44:19,894 - Robot state not received
[Deoxys WARNING] 2026-02-20 13:44:20,395 - Robot state not received
[Deoxys WARNING] 2026-02-20 13:44:45,743 - Robot state not received
[Deoxys WARNING] 2026-02-20 13:49:31,109 - Robot state not received
[Deoxys WARNING] 2026-02-20 13:50:00,448 - Robot state not received
[Deoxys WARNING] 2026-02-20 13:51:51,276 - Robot state not received
[Deoxys WARNING] 2026-02-20 13:51:51,777 - Robot state not received
[Deoxys WARNING] 2026-02-20 13:51:52,278 - Robot state not received
[Deoxys WARNING] 2026-02-20 13:51:52,778 - Robot state not received
[Deoxys WARNING] 2026-02-20 13:51:53,279 - Robot state not received
[Deoxys WARNING] 2026-02-20 13:51:53,780 - Robot state not received
[Deoxys WARNING] 2026-02-20 13:51:54,281 - Robot state not received
[Deoxys WARNING] 2026-02-20 13:51:54,782 - Robot state not received
[Deoxys WARNING] 2026-02-20 13:51:55,283 - Robot state not received
[Deoxys WARNING] 2026-02-20 13:53:34,765 - Robot state not received
[Deoxys WARNING] 2026-02-20 13:57:27,478 - Robot state not received
[Deoxys WARNING] 2026-02-20 13:57:27,482 - Robot state not received
[Deoxys WARNING] 2026-02-20 13:59:20,962 - Robot state not received
[Deoxys WARNING] 2026-02-20 13:59:31,420 - Robot state not received
[Deoxys WARNING] 2026-02-20 17:18:42,357 - Robot state not received
[Deoxys WARNING] 2026-02-20 17:20:22,155 - Robot state not received
[Deoxys WARNING] 2026-02-20 17:23:44,711 - Robot state not received
[Deoxys WARNING] 2026-02-20 17:23:51,759 - Robot state not received
[Deoxys WARNING] 2026-02-20 17:24:36,863 - Robot state not received
[Deoxys WARNING] 2026-02-20 17:24:36,866 - Robot state not received
[Deoxys WARNING] 2026-02-20 17:28:36,657 - Robot state not received
[Deoxys WARNING] 2026-02-20 17:31:34,009 - Robot state not received
[Deoxys WARNING] 2026-02-20 17:39:09,313 - Robot state not received
[Deoxys WARNING] 2026-02-20 17:39:28,348 - Robot state not received
[Deoxys WARNING] 2026-02-20 17:39:48,099 - Robot state not received
[Deoxys WARNING] 2026-02-20 17:40:21,078 - Robot state not received
[Deoxys WARNING] 2026-02-20 17:40:35,544 - Robot state not received
[Deoxys WARNING] 2026-02-20 17:40:35,556 - Robot state not received
[Deoxys WARNING] 2026-02-20 17:41:36,038 - Robot state not received
[Deoxys WARNING] 2026-02-20 17:43:39,560 - Robot state not received
[Deoxys WARNING] 2026-02-20 17:54:07,982 - Robot state not received
[Deoxys WARNING] 2026-02-20 17:56:41,850 - Robot state not received
[Deoxys WARNING] 2026-02-20 17:56:56,231 - Robot state not received
[Deoxys WARNING] 2026-02-20 17:59:01,894 - Robot state not received
[Deoxys WARNING] 2026-02-20 17:59:09,733 - Robot state not received
[Deoxys WARNING] 2026-02-20 18:08:19,349 - Robot state not received
[Deoxys WARNING] 2026-02-20 18:08:30,912 - Robot state not received
[Deoxys WARNING] 2026-02-20 18:20:44,343 - Robot state not received
[Deoxys WARNING] 2026-02-20 18:20:44,370 - Robot state not received
[Deoxys WARNING] 2026-02-20 18:22:36,632 - Robot state not received
[Deoxys WARNING] 2026-02-20 18:22:47,220 - Robot state not received
[Deoxys WARNING] 2026-02-20 18:23:02,158 - Robot state not received
[Deoxys WARNING] 2026-02-20 18:23:02,168 - Robot state not received
[Deoxys WARNING] 2026-02-20 18:26:00,898 - Robot state not received
[Deoxys WARNING] 2026-02-20 18:26:11,629 - Robot state not received
[Deoxys WARNING] 2026-02-20 18:27:26,247 - Robot state not received
[Deoxys WARNING] 2026-02-20 18:27:26,256 - Robot state not received
[Deoxys WARNING] 2026-02-20 18:30:06,993 - Robot state not received
[Deoxys WARNING] 2026-02-20 18:30:14,026 - Robot state not received
[Deoxys WARNING] 2026-02-20 18:35:31,460 - Robot state not received
[Deoxys WARNING] 2026-02-20 18:35:31,477 - Robot state not received
[Deoxys WARNING] 2026-02-20 18:47:24,083 - Robot state not received
[Deoxys WARNING] 2026-02-20 18:58:11,590 - Robot state not received
[Deoxys WARNING] 2026-02-20 18:59:12,009 - Robot state not received
[Deoxys WARNING] 2026-02-20 19:09:27,359 - Robot state not received
[Deoxys WARNING] 2026-02-20 19:09:35,528 - Robot state not received
[Deoxys WARNING] 2026-02-20 19:10:15,217 - Robot state not received
[Deoxys WARNING] 2026-02-20 19:15:17,546 - Robot state not received
[Deoxys WARNING] 2026-02-20 19:15:28,110 - Robot state not received
[Deoxys WARNING] 2026-02-20 19:16:02,971 - Robot state not received
[Deoxys WARNING] 2026-02-20 19:16:31,508 - Robot state not received
[Deoxys WARNING] 2026-02-20 19:16:43,094 - Robot state not received
[Deoxys WARNING] 2026-02-20 19:17:17,000 - Robot state not received
[Deoxys WARNING] 2026-02-20 19:17:17,501 - Robot state not received
[Deoxys WARNING] 2026-02-20 19:17:18,002 - Robot state not received
[Deoxys WARNING] 2026-02-20 19:17:18,502 - Robot state not received
[Deoxys WARNING] 2026-02-20 19:17:19,003 - Robot state not received
[Deoxys WARNING] 2026-02-20 19:17:19,503 - Robot state not received
[Deoxys WARNING] 2026-02-20 19:17:20,004 - Robot state not received
[Deoxys WARNING] 2026-02-20 19:17:20,505 - Robot state not received
[Deoxys WARNING] 2026-02-20 19:17:21,005 - Robot state not received
[Deoxys WARNING] 2026-02-20 19:17:21,506 - Robot state not received
[Deoxys WARNING] 2026-02-20 19:17:22,006 - Robot state not received
[Deoxys WARNING] 2026-02-20 19:17:22,507 - Robot state not received
[Deoxys WARNING] 2026-02-20 19:17:23,008 - Robot state not received
[Deoxys WARNING] 2026-02-20 19:17:23,509 - Robot state not received
[Deoxys WARNING] 2026-02-20 19:17:24,009 - Robot state not received
[Deoxys WARNING] 2026-02-20 19:17:24,510 - Robot state not received
[Deoxys WARNING] 2026-02-20 19:17:25,011 - Robot state not received
[Deoxys WARNING] 2026-02-20 19:17:25,512 - Robot state not received
[Deoxys WARNING] 2026-02-20 19:17:26,012 - Robot state not received
[Deoxys WARNING] 2026-02-20 19:17:26,513 - Robot state not received
[Deoxys WARNING] 2026-02-20 19:17:27,015 - Robot state not received
[Deoxys WARNING] 2026-02-20 19:17:27,516 - Robot state not received
[Deoxys WARNING] 2026-02-20 19:17:28,017 - Robot state not received
[Deoxys WARNING] 2026-02-20 19:17:28,518 - Robot state not received
[Deoxys WARNING] 2026-02-20 19:17:29,018 - Robot state not received
[Deoxys WARNING] 2026-02-20 19:17:29,520 - Robot state not received
[Deoxys WARNING] 2026-02-20 19:17:30,022 - Robot state not received
[Deoxys WARNING] 2026-02-20 19:17:30,523 - Robot state not received
[Deoxys WARNING] 2026-02-20 19:17:31,025 - Robot state not received
[Deoxys WARNING] 2026-02-20 19:17:31,526 - Robot state not received
[Deoxys WARNING] 2026-02-20 19:17:32,026 - Robot state not received
[Deoxys WARNING] 2026-02-20 19:17:32,527 - Robot state not received
[Deoxys WARNING] 2026-02-20 19:17:33,027 - Robot state not received
[Deoxys WARNING] 2026-02-20 19:17:33,529 - Robot state not received
[Deoxys WARNING] 2026-02-20 19:17:34,029 - Robot state not received
[Deoxys WARNING] 2026-02-20 19:17:34,530 - Robot state not received
[Deoxys WARNING] 2026-02-20 19:17:35,030 - Robot state not received
[Deoxys WARNING] 2026-02-20 19:17:35,531 - Robot state not received
[Deoxys WARNING] 2026-02-20 19:17:36,032 - Robot state not received
[Deoxys WARNING] 2026-02-20 19:17:36,532 - Robot state not received
[Deoxys WARNING] 2026-02-20 19:17:37,033 - Robot state not received
[Deoxys WARNING] 2026-02-20 19:17:37,533 - Robot state not received
[Deoxys WARNING] 2026-02-20 19:17:38,034 - Robot state not received
[Deoxys WARNING] 2026-02-20 19:17:38,535 - Robot state not received
[Deoxys WARNING] 2026-02-20 19:17:39,035 - Robot state not received
[Deoxys WARNING] 2026-02-20 19:17:39,536 - Robot state not received
[Deoxys WARNING] 2026-02-20 19:17:40,036 - Robot state not received
[Deoxys WARNING] 2026-02-20 19:17:40,537 - Robot state not received
[Deoxys WARNING] 2026-02-20 19:17:41,038 - Robot state not received
[Deoxys WARNING] 2026-02-20 19:17:41,539 - Robot state not received
[Deoxys WARNING] 2026-02-20 19:17:42,039 - Robot state not received
[Deoxys WARNING] 2026-02-20 19:17:42,540 - Robot state not received
[Deoxys WARNING] 2026-02-20 19:17:43,040 - Robot state not received
[Deoxys WARNING] 2026-02-20 19:17:43,541 - Robot state not received
[Deoxys WARNING] 2026-02-20 19:17:44,042 - Robot state not received
[Deoxys WARNING] 2026-02-20 19:17:44,543 - Robot state not received
[Deoxys WARNING] 2026-02-20 19:17:45,044 - Robot state not received
[Deoxys WARNING] 2026-02-20 19:17:45,544 - Robot state not received
[Deoxys WARNING] 2026-02-20 19:17:46,045 - Robot state not received
[Deoxys WARNING] 2026-02-20 19:17:46,546 - Robot state not received
[Deoxys WARNING] 2026-02-20 19:17:47,047 - Robot state not received
[Deoxys WARNING] 2026-02-20 19:17:47,547 - Robot state not received
[Deoxys WARNING] 2026-02-20 19:17:48,048 - Robot state not received
[Deoxys WARNING] 2026-02-20 19:17:48,548 - Robot state not received
[Deoxys WARNING] 2026-02-20 19:17:49,049 - Robot state not received
[Deoxys WARNING] 2026-02-20 19:17:49,550 - Robot state not received
[Deoxys WARNING] 2026-02-20 19:17:50,051 - Robot state not received
[Deoxys WARNING] 2026-02-20 19:17:50,552 - Robot state not received
[Deoxys WARNING] 2026-02-20 19:17:51,052 - Robot state not received
[Deoxys WARNING] 2026-02-20 19:17:51,553 - Robot state not received
[Deoxys WARNING] 2026-02-20 19:18:12,683 - Robot state not received
[Deoxys WARNING] 2026-02-20 19:19:00,503 - Robot state not received
[Deoxys WARNING] 2026-02-20 19:19:19,064 - Robot state not received
[Deoxys WARNING] 2026-02-20 19:20:58,520 - Robot state not received
[Deoxys WARNING] 2026-02-20 19:21:51,634 - Robot state not received
[Deoxys WARNING] 2026-02-20 19:21:51,640 - Robot state not received
[Deoxys WARNING] 2026-02-20 19:21:52,135 - Robot state not received
[Deoxys WARNING] 2026-02-20 19:21:52,141 - Robot state not received
[Deoxys WARNING] 2026-02-20 19:21:52,636 - Robot state not received
[Deoxys WARNING] 2026-02-20 19:21:52,642 - Robot state not received
[Deoxys WARNING] 2026-02-20 19:21:53,136 - Robot state not received
[Deoxys WARNING] 2026-02-20 19:21:53,143 - Robot state not received
[Deoxys WARNING] 2026-02-20 19:21:53,637 - Robot state not received
[Deoxys WARNING] 2026-02-20 19:21:53,644 - Robot state not received
[Deoxys WARNING] 2026-02-20 19:21:54,138 - Robot state not received
[Deoxys WARNING] 2026-02-20 19:21:54,145 - Robot state not received
[Deoxys WARNING] 2026-02-20 19:21:54,639 - Robot state not received
[Deoxys WARNING] 2026-02-20 19:21:54,645 - Robot state not received
[Deoxys WARNING] 2026-02-20 19:21:55,140 - Robot state not received
[Deoxys WARNING] 2026-02-20 19:21:55,146 - Robot state not received
[Deoxys WARNING] 2026-02-20 19:21:55,641 - Robot state not received
[Deoxys WARNING] 2026-02-20 19:21:55,647 - Robot state not received
[Deoxys WARNING] 2026-02-20 19:21:56,142 - Robot state not received
[Deoxys WARNING] 2026-02-20 19:21:56,147 - Robot state not received
[Deoxys WARNING] 2026-02-20 19:21:56,643 - Robot state not received
[Deoxys WARNING] 2026-02-20 19:21:56,648 - Robot state not received
[Deoxys WARNING] 2026-02-20 19:21:57,144 - Robot state not received
[Deoxys WARNING] 2026-02-20 19:21:57,149 - Robot state not received
[Deoxys WARNING] 2026-02-20 19:21:57,644 - Robot state not received
[Deoxys WARNING] 2026-02-20 19:21:57,649 - Robot state not received
[Deoxys WARNING] 2026-02-20 19:21:58,145 - Robot state not received
[Deoxys WARNING] 2026-02-20 19:21:58,150 - Robot state not received
[Deoxys WARNING] 2026-02-20 19:21:58,646 - Robot state not received
[Deoxys WARNING] 2026-02-20 19:21:58,651 - Robot state not received
[Deoxys WARNING] 2026-02-20 19:21:59,146 - Robot state not received
[Deoxys WARNING] 2026-02-20 19:21:59,152 - Robot state not received
[Deoxys WARNING] 2026-02-20 19:21:59,647 - Robot state not received
[Deoxys WARNING] 2026-02-20 19:21:59,653 - Robot state not received
[Deoxys WARNING] 2026-02-20 19:22:00,148 - Robot state not received
[Deoxys WARNING] 2026-02-20 19:22:00,153 - Robot state not received
[Deoxys WARNING] 2026-02-20 19:22:00,648 - Robot state not received
[Deoxys WARNING] 2026-02-20 19:22:00,654 - Robot state not received
[Deoxys WARNING] 2026-02-20 19:22:01,149 - Robot state not received
[Deoxys WARNING] 2026-02-20 19:22:01,155 - Robot state not received
[Deoxys WARNING] 2026-02-20 19:22:01,650 - Robot state not received
[Deoxys WARNING] 2026-02-20 19:22:01,655 - Robot state not received
[Deoxys WARNING] 2026-02-20 19:22:02,150 - Robot state not received
[Deoxys WARNING] 2026-02-20 19:22:02,156 - Robot state not received
[Deoxys WARNING] 2026-02-20 19:22:02,651 - Robot state not received
[Deoxys WARNING] 2026-02-20 19:22:02,657 - Robot state not received
[Deoxys WARNING] 2026-02-20 19:22:03,152 - Robot state not received
[Deoxys WARNING] 2026-02-20 19:22:03,158 - Robot state not received
[Deoxys WARNING] 2026-02-20 19:22:03,652 - Robot state not received
[Deoxys WARNING] 2026-02-20 19:22:03,659 - Robot state not received
[Deoxys WARNING] 2026-02-20 19:22:04,153 - Robot state not received
[Deoxys WARNING] 2026-02-20 19:22:04,159 - Robot state not received
[Deoxys WARNING] 2026-02-20 19:22:04,654 - Robot state not received
[Deoxys WARNING] 2026-02-20 19:22:04,660 - Robot state not received
[Deoxys WARNING] 2026-02-21 13:44:17,740 - Robot state not received
[Deoxys WARNING] 2026-02-21 13:44:46,983 - Robot state not received
[Deoxys WARNING] 2026-02-21 13:49:33,828 - Robot state not received
[Deoxys WARNING] 2026-02-21 13:52:01,367 - Robot state not received
[Deoxys WARNING] 2026-02-21 13:56:09,960 - Robot state not received
[Deoxys WARNING] 2026-02-21 13:57:22,396 - Robot state not received
[Deoxys WARNING] 2026-02-21 13:57:31,284 - Robot state not received
[Deoxys WARNING] 2026-02-21 13:57:31,305 - Robot state not received
[Deoxys WARNING] 2026-02-21 13:57:31,785 - Robot state not received
[Deoxys WARNING] 2026-02-21 13:57:32,286 - Robot state not received
[Deoxys WARNING] 2026-02-21 13:57:32,787 - Robot state not received
[Deoxys WARNING] 2026-02-21 13:57:33,287 - Robot state not received
[Deoxys WARNING] 2026-02-21 13:57:33,789 - Robot state not received
[Deoxys WARNING] 2026-02-21 13:57:34,290 - Robot state not received
[Deoxys WARNING] 2026-02-21 13:57:34,790 - Robot state not received
[Deoxys WARNING] 2026-02-21 13:57:35,291 - Robot state not received
[Deoxys WARNING] 2026-02-21 13:57:35,792 - Robot state not received
[Deoxys WARNING] 2026-02-21 13:57:36,293 - Robot state not received
[Deoxys WARNING] 2026-02-21 13:57:36,794 - Robot state not received
[Deoxys WARNING] 2026-02-21 13:57:37,295 - Robot state not received
[Deoxys WARNING] 2026-02-21 13:57:37,796 - Robot state not received
[Deoxys WARNING] 2026-02-21 13:57:38,297 - Robot state not received
[Deoxys WARNING] 2026-02-21 13:57:38,798 - Robot state not received
[Deoxys WARNING] 2026-02-21 13:57:39,299 - Robot state not received
[Deoxys WARNING] 2026-02-21 13:57:39,799 - Robot state not received
[Deoxys WARNING] 2026-02-21 13:57:40,300 - Robot state not received
[Deoxys WARNING] 2026-02-21 13:57:40,801 - Robot state not received
[Deoxys WARNING] 2026-02-21 13:57:41,301 - Robot state not received
[Deoxys WARNING] 2026-02-21 13:57:41,806 - Robot state not received
[Deoxys WARNING] 2026-02-21 13:57:42,307 - Robot state not received
[Deoxys WARNING] 2026-02-21 13:57:42,807 - Robot state not received
[Deoxys WARNING] 2026-02-21 13:57:43,308 - Robot state not received
[Deoxys WARNING] 2026-02-21 13:57:43,808 - Robot state not received
[Deoxys WARNING] 2026-02-21 13:57:44,309 - Robot state not received
[Deoxys WARNING] 2026-02-21 13:57:44,809 - Robot state not received
[Deoxys WARNING] 2026-02-21 13:57:45,310 - Robot state not received
[Deoxys WARNING] 2026-02-21 13:57:45,811 - Robot state not received
[Deoxys WARNING] 2026-02-21 13:57:46,312 - Robot state not received
[Deoxys WARNING] 2026-02-21 13:57:46,813 - Robot state not received
[Deoxys WARNING] 2026-02-21 13:57:47,313 - Robot state not received
[Deoxys WARNING] 2026-02-21 13:57:47,814 - Robot state not received
[Deoxys WARNING] 2026-02-21 13:57:48,315 - Robot state not received
[Deoxys WARNING] 2026-02-21 13:57:48,815 - Robot state not received
[Deoxys WARNING] 2026-02-21 13:57:49,316 - Robot state not received
[Deoxys WARNING] 2026-02-21 13:57:49,817 - Robot state not received
[Deoxys WARNING] 2026-02-21 13:57:50,318 - Robot state not received
[Deoxys WARNING] 2026-02-21 13:57:50,819 - Robot state not received
[Deoxys WARNING] 2026-02-21 13:57:51,319 - Robot state not received
[Deoxys WARNING] 2026-02-21 13:57:51,820 - Robot state not received
[Deoxys WARNING] 2026-02-21 13:57:52,321 - Robot state not received
[Deoxys WARNING] 2026-02-21 13:57:52,821 - Robot state not received
[Deoxys WARNING] 2026-02-21 13:57:53,322 - Robot state not received
[Deoxys WARNING] 2026-02-21 13:57:53,823 - Robot state not received
[Deoxys WARNING] 2026-02-21 13:57:54,324 - Robot state not received
[Deoxys WARNING] 2026-02-21 13:57:54,824 - Robot state not received
[Deoxys WARNING] 2026-02-21 13:57:55,325 - Robot state not received
[Deoxys WARNING] 2026-02-21 13:57:55,826 - Robot state not received
[Deoxys WARNING] 2026-02-21 13:57:56,327 - Robot state not received
[Deoxys WARNING] 2026-02-21 13:57:56,828 - Robot state not received
[Deoxys WARNING] 2026-02-21 13:57:57,328 - Robot state not received
[Deoxys WARNING] 2026-02-21 13:57:57,829 - Robot state not received
[Deoxys WARNING] 2026-02-21 13:57:58,330 - Robot state not received
[Deoxys WARNING] 2026-02-21 13:57:58,831 - Robot state not received
[Deoxys WARNING] 2026-02-21 13:57:59,331 - Robot state not received
[Deoxys WARNING] 2026-02-21 13:57:59,832 - Robot state not received
[Deoxys WARNING] 2026-02-21 13:58:00,333 - Robot state not received
[Deoxys WARNING] 2026-02-21 13:58:00,833 - Robot state not received
[Deoxys WARNING] 2026-02-21 13:58:01,334 - Robot state not received
[Deoxys WARNING] 2026-02-21 13:58:01,835 - Robot state not received
[Deoxys WARNING] 2026-02-21 13:58:02,338 - Robot state not received
[Deoxys WARNING] 2026-02-21 13:58:02,839 - Robot state not received
[Deoxys WARNING] 2026-02-21 13:58:03,339 - Robot state not received
[Deoxys WARNING] 2026-02-21 13:58:03,840 - Robot state not received
[Deoxys WARNING] 2026-02-21 13:58:04,341 - Robot state not received
[Deoxys WARNING] 2026-02-21 13:58:04,841 - Robot state not received
[Deoxys WARNING] 2026-02-21 13:58:05,342 - Robot state not received
[Deoxys WARNING] 2026-02-21 13:58:05,843 - Robot state not received
[Deoxys WARNING] 2026-02-21 13:58:06,343 - Robot state not received
[Deoxys WARNING] 2026-02-21 13:58:06,844 - Robot state not received
[Deoxys WARNING] 2026-02-21 13:58:07,345 - Robot state not received
[Deoxys WARNING] 2026-02-21 13:58:07,846 - Robot state not received
[Deoxys WARNING] 2026-02-21 13:58:08,346 - Robot state not received
[Deoxys WARNING] 2026-02-21 13:58:08,847 - Robot state not received
[Deoxys WARNING] 2026-02-21 13:58:09,348 - Robot state not received
[Deoxys WARNING] 2026-02-21 13:58:09,848 - Robot state not received
[Deoxys WARNING] 2026-02-21 13:58:10,349 - Robot state not received
[Deoxys WARNING] 2026-02-21 13:58:10,850 - Robot state not received
[Deoxys WARNING] 2026-02-21 13:58:11,351 - Robot state not received
[Deoxys WARNING] 2026-02-21 13:58:11,852 - Robot state not received
[Deoxys WARNING] 2026-02-21 13:58:12,353 - Robot state not received
[Deoxys WARNING] 2026-02-21 13:58:12,854 - Robot state not received
[Deoxys WARNING] 2026-02-21 13:58:13,355 - Robot state not received
[Deoxys WARNING] 2026-02-21 13:58:13,855 - Robot state not received
[Deoxys WARNING] 2026-02-21 13:58:14,359 - Robot state not received
[Deoxys WARNING] 2026-02-21 13:58:14,860 - Robot state not received
[Deoxys WARNING] 2026-02-21 13:58:15,360 - Robot state not received
[Deoxys WARNING] 2026-02-21 13:58:15,861 - Robot state not received
[Deoxys WARNING] 2026-02-21 13:58:16,362 - Robot state not received
[Deoxys WARNING] 2026-02-21 13:58:16,863 - Robot state not received
[Deoxys WARNING] 2026-02-21 13:58:17,364 - Robot state not received
[Deoxys WARNING] 2026-02-21 13:58:17,865 - Robot state not received
[Deoxys WARNING] 2026-02-21 13:58:18,366 - Robot state not received
[Deoxys WARNING] 2026-02-21 13:58:18,866 - Robot state not received
[Deoxys WARNING] 2026-02-21 13:58:19,367 - Robot state not received
[Deoxys WARNING] 2026-02-21 13:58:19,868 - Robot state not received
[Deoxys WARNING] 2026-02-21 13:58:20,369 - Robot state not received
[Deoxys WARNING] 2026-02-21 13:58:20,870 - Robot state not received
[Deoxys WARNING] 2026-02-21 13:58:21,371 - Robot state not received
[Deoxys WARNING] 2026-02-21 13:58:21,872 - Robot state not received
[Deoxys WARNING] 2026-02-21 13:58:22,373 - Robot state not received
[Deoxys WARNING] 2026-02-21 13:58:22,873 - Robot state not received
[Deoxys WARNING] 2026-02-21 13:58:23,374 - Robot state not received
[Deoxys WARNING] 2026-02-21 13:58:23,875 - Robot state not received
[Deoxys WARNING] 2026-02-21 13:58:24,375 - Robot state not received
[Deoxys WARNING] 2026-02-21 13:58:24,876 - Robot state not received
[Deoxys WARNING] 2026-02-21 13:58:25,376 - Robot state not received
[Deoxys WARNING] 2026-02-21 13:58:25,877 - Robot state not received
[Deoxys WARNING] 2026-02-21 13:58:26,378 - Robot state not received
[Deoxys WARNING] 2026-02-21 13:58:26,879 - Robot state not received
[Deoxys WARNING] 2026-02-21 13:58:27,380 - Robot state not received
[Deoxys WARNING] 2026-02-21 13:58:27,881 - Robot state not received
[Deoxys WARNING] 2026-02-21 13:58:28,381 - Robot state not received
[Deoxys WARNING] 2026-02-21 13:58:28,882 - Robot state not received
[Deoxys WARNING] 2026-02-21 13:58:29,383 - Robot state not received
[Deoxys WARNING] 2026-02-21 13:58:29,884 - Robot state not received
[Deoxys WARNING] 2026-02-21 13:58:30,385 - Robot state not received
[Deoxys WARNING] 2026-02-21 13:58:30,886 - Robot state not received
[Deoxys WARNING] 2026-02-21 13:58:31,387 - Robot state not received
[Deoxys WARNING] 2026-02-21 13:58:31,888 - Robot state not received
[Deoxys WARNING] 2026-02-21 13:58:32,388 - Robot state not received
[Deoxys WARNING] 2026-02-21 13:58:32,889 - Robot state not received
[Deoxys WARNING] 2026-02-21 13:58:33,390 - Robot state not received
[Deoxys WARNING] 2026-02-21 14:14:31,276 - Robot state not received
[Deoxys WARNING] 2026-02-21 14:14:31,325 - Robot state not received
[Deoxys WARNING] 2026-02-21 14:14:31,776 - Robot state not received
[Deoxys WARNING] 2026-02-21 14:14:31,826 - Robot state not received
[Deoxys WARNING] 2026-02-21 14:14:32,277 - Robot state not received
[Deoxys WARNING] 2026-02-21 14:14:32,330 - Robot state not received
[Deoxys WARNING] 2026-02-21 14:14:32,778 - Robot state not received
[Deoxys WARNING] 2026-02-21 14:14:32,831 - Robot state not received
[Deoxys WARNING] 2026-02-21 14:14:33,279 - Robot state not received
[Deoxys WARNING] 2026-02-21 14:14:33,332 - Robot state not received
[Deoxys WARNING] 2026-02-21 14:14:33,780 - Robot state not received
[Deoxys WARNING] 2026-02-21 14:14:33,832 - Robot state not received
[Deoxys WARNING] 2026-02-21 14:14:34,281 - Robot state not received
[Deoxys WARNING] 2026-02-21 14:14:34,333 - Robot state not received
[Deoxys WARNING] 2026-02-21 14:14:34,782 - Robot state not received
[Deoxys WARNING] 2026-02-21 14:14:34,834 - Robot state not received
[Deoxys WARNING] 2026-02-21 14:14:35,282 - Robot state not received
[Deoxys WARNING] 2026-02-21 14:14:35,335 - Robot state not received
[Deoxys WARNING] 2026-02-21 14:14:35,783 - Robot state not received
[Deoxys WARNING] 2026-02-21 14:14:35,836 - Robot state not received
[Deoxys WARNING] 2026-02-21 14:14:36,283 - Robot state not received
[Deoxys WARNING] 2026-02-21 14:14:36,336 - Robot state not received
[Deoxys WARNING] 2026-02-21 14:14:36,784 - Robot state not received
[Deoxys WARNING] 2026-02-21 14:14:36,837 - Robot state not received
[Deoxys WARNING] 2026-02-21 14:14:37,285 - Robot state not received
[Deoxys WARNING] 2026-02-21 14:14:37,338 - Robot state not received
[Deoxys WARNING] 2026-02-21 14:14:37,785 - Robot state not received
[Deoxys WARNING] 2026-02-21 14:14:37,839 - Robot state not received
[Deoxys WARNING] 2026-02-21 14:14:38,286 - Robot state not received
[Deoxys WARNING] 2026-02-21 14:14:38,339 - Robot state not received
[Deoxys WARNING] 2026-02-21 14:14:38,787 - Robot state not received
[Deoxys WARNING] 2026-02-21 14:14:38,840 - Robot state not received
[Deoxys WARNING] 2026-02-21 14:14:39,287 - Robot state not received
[Deoxys WARNING] 2026-02-21 14:14:39,341 - Robot state not received
[Deoxys WARNING] 2026-02-21 14:14:39,788 - Robot state not received
[Deoxys WARNING] 2026-02-21 14:14:39,842 - Robot state not received
[Deoxys WARNING] 2026-02-21 14:14:40,288 - Robot state not received
[Deoxys WARNING] 2026-02-21 14:14:40,343 - Robot state not received
[Deoxys WARNING] 2026-02-21 14:14:40,789 - Robot state not received
[Deoxys WARNING] 2026-02-21 14:14:40,843 - Robot state not received
[Deoxys WARNING] 2026-02-21 14:14:41,290 - Robot state not received
[Deoxys WARNING] 2026-02-21 14:14:41,344 - Robot state not received
[Deoxys WARNING] 2026-02-21 14:14:41,790 - Robot state not received
[Deoxys WARNING] 2026-02-21 14:14:41,845 - Robot state not received
[Deoxys WARNING] 2026-02-21 14:14:42,291 - Robot state not received
[Deoxys WARNING] 2026-02-21 14:14:42,345 - Robot state not received
[Deoxys WARNING] 2026-02-21 14:14:42,792 - Robot state not received
[Deoxys WARNING] 2026-02-21 14:14:42,846 - Robot state not received
[Deoxys WARNING] 2026-02-21 14:14:43,294 - Robot state not received
[Deoxys WARNING] 2026-02-21 14:14:43,347 - Robot state not received
[Deoxys WARNING] 2026-02-21 14:14:43,795 - Robot state not received
[Deoxys WARNING] 2026-02-21 14:14:43,847 - Robot state not received
[Deoxys WARNING] 2026-02-21 14:14:44,295 - Robot state not received
[Deoxys WARNING] 2026-02-21 14:14:44,348 - Robot state not received
[Deoxys WARNING] 2026-02-21 14:14:44,796 - Robot state not received
[Deoxys WARNING] 2026-02-21 14:14:44,849 - Robot state not received
[Deoxys WARNING] 2026-02-21 14:14:45,297 - Robot state not received
[Deoxys WARNING] 2026-02-21 14:14:45,350 - Robot state not received
[Deoxys WARNING] 2026-02-21 14:14:45,797 - Robot state not received
[Deoxys WARNING] 2026-02-21 14:14:45,851 - Robot state not received
[Deoxys WARNING] 2026-02-21 14:14:46,298 - Robot state not received
[Deoxys WARNING] 2026-02-21 14:14:46,351 - Robot state not received
[Deoxys WARNING] 2026-02-21 14:14:46,798 - Robot state not received
[Deoxys WARNING] 2026-02-21 14:14:46,852 - Robot state not received
[Deoxys WARNING] 2026-02-21 14:14:47,299 - Robot state not received
[Deoxys WARNING] 2026-02-21 14:14:47,353 - Robot state not received
[Deoxys WARNING] 2026-02-21 14:14:47,800 - Robot state not received
[Deoxys WARNING] 2026-02-21 14:14:47,854 - Robot state not received
[Deoxys WARNING] 2026-02-21 14:14:48,300 - Robot state not received
[Deoxys WARNING] 2026-02-21 14:14:48,354 - Robot state not received
[Deoxys WARNING] 2026-02-21 14:14:48,801 - Robot state not received
[Deoxys WARNING] 2026-02-21 14:14:48,855 - Robot state not received
[Deoxys WARNING] 2026-02-21 14:14:49,302 - Robot state not received
[Deoxys WARNING] 2026-02-21 14:14:49,356 - Robot state not received
[Deoxys WARNING] 2026-02-21 14:14:49,802 - Robot state not received
[Deoxys WARNING] 2026-02-21 14:14:49,857 - Robot state not received
[Deoxys WARNING] 2026-02-21 14:14:50,303 - Robot state not received
[Deoxys WARNING] 2026-02-21 14:14:50,358 - Robot state not received
[Deoxys WARNING] 2026-02-21 14:14:50,803 - Robot state not received
[Deoxys WARNING] 2026-02-21 14:14:50,859 - Robot state not received
[Deoxys WARNING] 2026-02-21 14:14:51,304 - Robot state not received
[Deoxys WARNING] 2026-02-21 14:14:51,359 - Robot state not received
[Deoxys WARNING] 2026-02-21 14:14:51,807 - Robot state not received
[Deoxys WARNING] 2026-02-21 14:14:51,860 - Robot state not received
[Deoxys WARNING] 2026-02-21 14:14:52,307 - Robot state not received
[Deoxys WARNING] 2026-02-21 14:14:52,361 - Robot state not received
[Deoxys WARNING] 2026-02-21 14:14:52,809 - Robot state not received
[Deoxys WARNING] 2026-02-21 14:14:52,861 - Robot state not received
[Deoxys WARNING] 2026-02-21 14:14:53,310 - Robot state not received
[Deoxys WARNING] 2026-02-21 14:14:53,362 - Robot state not received
[Deoxys WARNING] 2026-02-21 14:14:53,811 - Robot state not received
[Deoxys WARNING] 2026-02-21 14:14:53,863 - Robot state not received
[Deoxys WARNING] 2026-02-21 14:14:54,311 - Robot state not received
[Deoxys WARNING] 2026-02-21 14:14:54,364 - Robot state not received
[Deoxys WARNING] 2026-02-21 14:14:54,812 - Robot state not received
[Deoxys WARNING] 2026-02-21 14:14:54,865 - Robot state not received
[Deoxys WARNING] 2026-02-21 14:14:55,313 - Robot state not received
[Deoxys WARNING] 2026-02-21 14:14:55,365 - Robot state not received
[Deoxys WARNING] 2026-02-21 14:14:55,814 - Robot state not received
[Deoxys WARNING] 2026-02-21 14:14:55,866 - Robot state not received
[Deoxys WARNING] 2026-02-21 14:14:56,315 - Robot state not received
[Deoxys WARNING] 2026-02-21 14:14:56,367 - Robot state not received
[Deoxys WARNING] 2026-02-21 14:14:56,815 - Robot state not received
[Deoxys WARNING] 2026-02-21 14:14:56,867 - Robot state not received
[Deoxys WARNING] 2026-02-21 14:14:57,316 - Robot state not received
[Deoxys WARNING] 2026-02-21 14:14:57,368 - Robot state not received
[Deoxys WARNING] 2026-02-21 14:14:57,819 - Robot state not received
[Deoxys WARNING] 2026-02-21 14:14:57,868 - Robot state not received
[Deoxys WARNING] 2026-02-21 14:14:58,320 - Robot state not received
[Deoxys WARNING] 2026-02-21 14:14:58,369 - Robot state not received
[Deoxys WARNING] 2026-02-21 14:15:07,541 - Robot state not received
[Deoxys WARNING] 2026-02-21 14:15:07,545 - Robot state not received
[Deoxys WARNING] 2026-02-21 14:15:08,041 - Robot state not received
[Deoxys WARNING] 2026-02-21 14:15:08,045 - Robot state not received
[Deoxys WARNING] 2026-02-21 14:15:08,542 - Robot state not received
[Deoxys WARNING] 2026-02-21 14:15:08,546 - Robot state not received
[Deoxys WARNING] 2026-02-21 14:15:09,044 - Robot state not received
[Deoxys WARNING] 2026-02-21 14:15:09,047 - Robot state not received
[Deoxys WARNING] 2026-02-21 14:15:09,544 - Robot state not received
[Deoxys WARNING] 2026-02-21 14:15:09,547 - Robot state not received
[Deoxys WARNING] 2026-02-21 14:15:10,045 - Robot state not received
[Deoxys WARNING] 2026-02-21 14:15:10,048 - Robot state not received
[Deoxys WARNING] 2026-02-21 14:15:10,548 - Robot state not received
[Deoxys WARNING] 2026-02-21 14:15:10,546 - Robot state not received
[Deoxys WARNING] 2026-02-21 14:15:11,055 - Robot state not received
[Deoxys WARNING] 2026-02-21 14:15:11,055 - Robot state not received
[Deoxys WARNING] 2026-02-21 14:15:11,556 - Robot state not received
[Deoxys WARNING] 2026-02-21 14:15:11,559 - Robot state not received
[Deoxys WARNING] 2026-02-21 14:15:12,056 - Robot state not received
[Deoxys WARNING] 2026-02-21 14:15:12,060 - Robot state not received
[Deoxys WARNING] 2026-02-21 14:15:12,557 - Robot state not received
[Deoxys WARNING] 2026-02-21 14:15:12,560 - Robot state not received
[Deoxys WARNING] 2026-02-21 14:15:13,058 - Robot state not received
[Deoxys WARNING] 2026-02-21 14:15:13,061 - Robot state not received
[Deoxys WARNING] 2026-02-21 14:15:13,558 - Robot state not received
[Deoxys WARNING] 2026-02-21 14:15:13,561 - Robot state not received
[Deoxys WARNING] 2026-02-21 14:15:14,059 - Robot state not received
[Deoxys WARNING] 2026-02-21 14:15:14,062 - Robot state not received
[Deoxys WARNING] 2026-02-21 14:15:14,560 - Robot state not received
[Deoxys WARNING] 2026-02-21 14:15:14,563 - Robot state not received
[Deoxys WARNING] 2026-02-21 14:15:15,061 - Robot state not received
[Deoxys WARNING] 2026-02-21 14:15:15,063 - Robot state not received
[Deoxys WARNING] 2026-02-21 14:15:15,561 - Robot state not received
[Deoxys WARNING] 2026-02-21 14:15:15,564 - Robot state not received
[Deoxys WARNING] 2026-02-21 14:16:29,007 - Robot state not received
[Deoxys WARNING] 2026-02-21 14:17:17,050 - Robot state not received
[Deoxys WARNING] 2026-02-21 14:17:28,394 - Robot state not received
[Deoxys WARNING] 2026-02-21 14:17:50,844 - Robot state not received
[Deoxys WARNING] 2026-02-21 14:21:43,618 - Robot state not received
[Deoxys WARNING] 2026-02-21 14:25:29,360 - Robot state not received
[Deoxys WARNING] 2026-02-21 14:25:29,860 - Robot state not received
[Deoxys WARNING] 2026-02-21 14:25:30,361 - Robot state not received
[Deoxys WARNING] 2026-02-21 14:25:30,861 - Robot state not received
[Deoxys WARNING] 2026-02-21 14:25:31,362 - Robot state not received
[Deoxys WARNING] 2026-02-21 14:25:31,862 - Robot state not received
[Deoxys WARNING] 2026-02-21 14:26:18,632 - Robot state not received
[Deoxys WARNING] 2026-02-21 14:30:50,909 - Robot state not received
[Deoxys WARNING] 2026-02-21 14:30:51,409 - Robot state not received
[Deoxys WARNING] 2026-02-21 14:30:51,910 - Robot state not received
[Deoxys WARNING] 2026-02-21 14:30:52,411 - Robot state not received
[Deoxys WARNING] 2026-02-21 14:30:52,912 - Robot state not received
[Deoxys WARNING] 2026-02-21 14:30:53,413 - Robot state not received
[Deoxys WARNING] 2026-02-21 14:30:53,914 - Robot state not received
[Deoxys WARNING] 2026-02-21 14:30:54,414 - Robot state not received
[Deoxys WARNING] 2026-02-21 14:30:54,915 - Robot state not received
[Deoxys WARNING] 2026-02-21 14:30:55,416 - Robot state not received
[Deoxys WARNING] 2026-02-21 14:30:55,916 - Robot state not received
[Deoxys WARNING] 2026-02-21 14:30:56,417 - Robot state not received
[Deoxys WARNING] 2026-02-21 14:31:27,358 - Robot state not received
[Deoxys WARNING] 2026-02-21 14:34:15,788 - Robot state not received
[Deoxys WARNING] 2026-02-21 14:36:04,457 - Robot state not received
[Deoxys WARNING] 2026-02-21 14:36:30,726 - Robot state not received
[Deoxys WARNING] 2026-02-21 14:40:28,889 - Robot state not received
[Deoxys WARNING] 2026-02-21 14:40:54,634 - Robot state not received
[Deoxys WARNING] 2026-02-21 14:40:54,641 - Robot state not received
[Deoxys WARNING] 2026-02-21 14:42:48,294 - Robot state not received
[Deoxys WARNING] 2026-02-21 14:43:00,093 - Robot state not received
[Deoxys WARNING] 2026-02-21 14:43:00,139 - Robot state not received
[Deoxys WARNING] 2026-02-21 14:44:12,978 - Robot state not received
[Deoxys WARNING] 2026-02-21 14:44:24,797 - Robot state not received
[Deoxys WARNING] 2026-02-21 14:44:45,976 - Robot state not received
[Deoxys WARNING] 2026-02-21 14:46:56,422 - Robot state not received
[Deoxys WARNING] 2026-02-21 14:47:04,485 - Robot state not received
[Deoxys WARNING] 2026-02-21 14:49:27,344 - Robot state not received
[Deoxys WARNING] 2026-02-21 14:49:46,808 - Robot state not received
[Deoxys WARNING] 2026-02-21 14:50:56,564 - Robot state not received
[Deoxys WARNING] 2026-02-21 14:51:35,073 - Robot state not received
[Deoxys WARNING] 2026-02-21 15:04:39,713 - Robot state not received
[Deoxys WARNING] 2026-02-21 15:14:02,237 - Robot state not received
[Deoxys WARNING] 2026-02-21 15:14:02,241 - Robot state not received
[Deoxys WARNING] 2026-02-21 15:20:06,148 - Robot state not received
[Deoxys WARNING] 2026-02-21 15:20:16,511 - Robot state not received
[Deoxys WARNING] 2026-02-21 15:26:50,660 - Robot state not received
[Deoxys WARNING] 2026-02-21 15:26:51,160 - Robot state not received
[Deoxys WARNING] 2026-02-21 15:26:51,661 - Robot state not received
[Deoxys WARNING] 2026-02-21 15:26:52,162 - Robot state not received
[Deoxys WARNING] 2026-02-21 15:26:52,662 - Robot state not received
[Deoxys WARNING] 2026-02-21 15:26:53,163 - Robot state not received
[Deoxys WARNING] 2026-02-21 15:26:53,664 - Robot state not received
[Deoxys WARNING] 2026-02-21 15:26:54,164 - Robot state not received
[Deoxys WARNING] 2026-02-21 15:26:54,665 - Robot state not received
[Deoxys WARNING] 2026-02-21 15:26:55,165 - Robot state not received
[Deoxys WARNING] 2026-02-21 15:26:55,666 - Robot state not received
[Deoxys WARNING] 2026-02-21 15:26:56,167 - Robot state not received
[Deoxys WARNING] 2026-02-21 15:26:56,668 - Robot state not received
[Deoxys WARNING] 2026-02-21 15:26:57,168 - Robot state not received
[Deoxys WARNING] 2026-02-21 15:26:57,669 - Robot state not received
[Deoxys WARNING] 2026-02-21 15:27:05,870 - Robot state not received
[Deoxys WARNING] 2026-02-21 15:27:34,028 - Robot state not received
[Deoxys WARNING] 2026-02-21 15:29:56,679 - Robot state not received
[Deoxys WARNING] 2026-02-21 15:30:23,958 - Robot state not received
[Deoxys WARNING] 2026-02-21 15:30:54,065 - Robot state not received
[Deoxys WARNING] 2026-02-21 15:33:02,515 - Robot state not received
[Deoxys WARNING] 2026-02-21 15:33:03,015 - Robot state not received
[Deoxys WARNING] 2026-02-21 15:33:03,516 - Robot state not received
[Deoxys WARNING] 2026-02-21 15:33:04,016 - Robot state not received
[Deoxys WARNING] 2026-02-21 15:33:04,517 - Robot state not received
[Deoxys WARNING] 2026-02-21 15:33:05,018 - Robot state not received
[Deoxys WARNING] 2026-02-21 15:33:15,142 - Robot state not received
[Deoxys WARNING] 2026-02-21 15:35:55,150 - Robot state not received
[Deoxys WARNING] 2026-02-21 15:35:55,232 - Robot state not received
[Deoxys WARNING] 2026-02-21 15:52:31,440 - Robot state not received
[Deoxys WARNING] 2026-02-21 15:52:42,074 - Robot state not received
[Deoxys WARNING] 2026-02-21 16:25:03,754 - Robot state not received
[Deoxys WARNING] 2026-02-21 16:25:11,461 - Robot state not received
[Deoxys WARNING] 2026-02-21 16:26:09,628 - Robot state not received
[Deoxys WARNING] 2026-02-21 16:27:42,924 - Robot state not received
[Deoxys WARNING] 2026-02-21 16:27:55,974 - Robot state not received
[Deoxys WARNING] 2026-02-21 16:28:28,103 - Robot state not received
[Deoxys WARNING] 2026-02-21 16:31:26,147 - Robot state not received
[Deoxys WARNING] 2026-02-21 16:32:19,969 - Robot state not received
[Deoxys WARNING] 2026-02-21 16:33:09,327 - Robot state not received
[Deoxys WARNING] 2026-02-21 16:33:09,828 - Robot state not received
[Deoxys WARNING] 2026-02-21 16:33:10,329 - Robot state not received
[Deoxys WARNING] 2026-02-21 16:33:10,829 - Robot state not received
[Deoxys WARNING] 2026-02-21 16:33:11,330 - Robot state not received
[Deoxys WARNING] 2026-02-21 16:33:11,830 - Robot state not received
[Deoxys WARNING] 2026-02-21 16:33:39,504 - Robot state not received
[Deoxys WARNING] 2026-02-21 16:35:42,562 - Robot state not received
[Deoxys WARNING] 2026-02-21 16:36:56,551 - Robot state not received
[Deoxys WARNING] 2026-02-21 16:37:07,442 - Robot state not received
[Deoxys WARNING] 2026-02-21 16:37:55,991 - Robot state not received
[Deoxys WARNING] 2026-02-21 16:40:18,509 - Robot state not received
[Deoxys WARNING] 2026-02-21 16:40:28,574 - Robot state not received
[Deoxys WARNING] 2026-02-21 16:40:49,232 - Robot state not received
[Deoxys WARNING] 2026-02-21 16:40:49,732 - Robot state not received
[Deoxys WARNING] 2026-02-21 16:40:50,233 - Robot state not received
[Deoxys WARNING] 2026-02-21 16:40:50,734 - Robot state not received
[Deoxys WARNING] 2026-02-21 16:40:51,235 - Robot state not received
[Deoxys WARNING] 2026-02-21 16:40:51,736 - Robot state not received
[Deoxys WARNING] 2026-02-21 16:40:52,236 - Robot state not received
[Deoxys WARNING] 2026-02-21 16:40:52,737 - Robot state not received
[Deoxys WARNING] 2026-02-21 16:42:27,919 - Robot state not received
[Deoxys WARNING] 2026-02-21 16:42:36,243 - Robot state not received
[Deoxys WARNING] 2026-02-21 16:42:36,744 - Robot state not received
[Deoxys WARNING] 2026-02-21 16:42:37,244 - Robot state not received
[Deoxys WARNING] 2026-02-21 16:42:39,204 - Robot state not received
[Deoxys WARNING] 2026-02-21 17:14:38,669 - Robot state not received
[Deoxys WARNING] 2026-02-21 17:14:45,535 - Robot state not received
[Deoxys WARNING] 2026-02-21 17:15:52,793 - Robot state not received
[Deoxys WARNING] 2026-02-21 17:15:52,804 - Robot state not received
[Deoxys WARNING] 2026-02-21 17:22:56,153 - Robot state not received
[Deoxys WARNING] 2026-02-21 17:32:28,870 - Robot state not received
[Deoxys WARNING] 2026-02-21 17:32:44,675 - Robot state not received
[Deoxys WARNING] 2026-02-21 17:35:35,051 - Robot state not received
[Deoxys WARNING] 2026-02-21 17:35:50,942 - Robot state not received
[Deoxys WARNING] 2026-02-21 17:36:40,383 - Robot state not received
[Deoxys WARNING] 2026-02-21 17:37:09,210 - Robot state not received
[Deoxys WARNING] 2026-02-21 17:37:14,223 - Robot state not received
[Deoxys WARNING] 2026-02-21 17:40:16,879 - Robot state not received
[Deoxys WARNING] 2026-02-21 17:40:28,347 - Robot state not received
[Deoxys WARNING] 2026-02-21 17:40:28,359 - Robot state not received
[Deoxys WARNING] 2026-02-21 17:40:28,861 - Robot state not received
[Deoxys WARNING] 2026-02-21 17:40:33,365 - Robot state not received
[Deoxys WARNING] 2026-02-21 17:44:39,689 - Robot state not received
[Deoxys WARNING] 2026-02-21 17:45:01,859 - Robot state not received
[Deoxys WARNING] 2026-02-21 17:45:19,964 - Robot state not received
[Deoxys WARNING] 2026-02-21 17:45:19,969 - Robot state not received
[Deoxys WARNING] 2026-02-21 17:46:32,228 - Robot state not received
[Deoxys WARNING] 2026-02-21 17:46:41,559 - Robot state not received
[Deoxys WARNING] 2026-02-21 17:50:40,794 - Robot state not received
[Deoxys WARNING] 2026-02-21 17:52:58,009 - Robot state not received
[Deoxys WARNING] 2026-02-21 17:54:10,360 - Robot state not received
[Deoxys WARNING] 2026-02-21 17:54:10,370 - Robot state not received
[Deoxys WARNING] 2026-02-22 11:54:03,991 - Robot state not received
[Deoxys WARNING] 2026-02-22 11:54:23,644 - Robot state not received
[Deoxys WARNING] 2026-02-22 11:55:16,873 - Robot state not received
[Deoxys WARNING] 2026-02-22 11:55:17,373 - Robot state not received
[Deoxys WARNING] 2026-02-22 11:55:17,874 - Robot state not received
[Deoxys WARNING] 2026-02-22 11:55:18,375 - Robot state not received
[Deoxys WARNING] 2026-02-22 11:55:18,875 - Robot state not received
[Deoxys WARNING] 2026-02-22 11:55:19,376 - Robot state not received
[Deoxys WARNING] 2026-02-22 11:55:19,876 - Robot state not received
[Deoxys WARNING] 2026-02-22 11:55:20,377 - Robot state not received
[Deoxys WARNING] 2026-02-22 11:55:20,877 - Robot state not received
[Deoxys WARNING] 2026-02-22 11:55:21,378 - Robot state not received
[Deoxys WARNING] 2026-02-22 11:55:21,878 - Robot state not received
[Deoxys WARNING] 2026-02-22 11:55:22,379 - Robot state not received
[Deoxys WARNING] 2026-02-22 11:55:22,880 - Robot state not received
[Deoxys WARNING] 2026-02-22 11:55:23,380 - Robot state not received
[Deoxys WARNING] 2026-02-22 11:55:23,881 - Robot state not received
[Deoxys WARNING] 2026-02-22 11:55:24,382 - Robot state not received
[Deoxys WARNING] 2026-02-22 11:55:24,882 - Robot state not received
[Deoxys WARNING] 2026-02-22 11:55:25,383 - Robot state not received
[Deoxys WARNING] 2026-02-22 11:55:38,729 - Robot state not received
[Deoxys WARNING] 2026-02-22 12:15:55,671 - Robot state not received
[Deoxys WARNING] 2026-02-22 12:16:08,579 - Robot state not received
[Deoxys WARNING] 2026-02-22 12:16:08,583 - Robot state not received
[Deoxys WARNING] 2026-02-22 12:18:20,874 - Robot state not received
[Deoxys WARNING] 2026-02-22 12:18:20,907 - Robot state not received
[Deoxys WARNING] 2026-02-22 12:18:21,375 - Robot state not received
[Deoxys WARNING] 2026-02-22 12:18:21,408 - Robot state not received
[Deoxys WARNING] 2026-02-22 12:18:21,875 - Robot state not received
[Deoxys WARNING] 2026-02-22 12:18:21,908 - Robot state not received
[Deoxys WARNING] 2026-02-22 12:18:29,967 - Robot state not received
[Deoxys WARNING] 2026-02-22 12:18:40,414 - Robot state not received
[Deoxys WARNING] 2026-02-22 12:24:49,307 - Robot state not received
[Deoxys WARNING] 2026-02-22 12:24:59,808 - Robot state not received
[Deoxys WARNING] 2026-02-22 12:25:16,607 - Robot state not received
[Deoxys WARNING] 2026-02-22 12:25:17,107 - Robot state not received
[Deoxys WARNING] 2026-02-22 12:25:17,608 - Robot state not received
[Deoxys WARNING] 2026-02-22 12:25:31,602 - Robot state not received
[Deoxys WARNING] 2026-02-22 12:25:31,633 - Robot state not received
[Deoxys WARNING] 2026-02-22 12:25:55,610 - Robot state not received
[Deoxys WARNING] 2026-02-22 12:26:30,965 - Robot state not received
[Deoxys WARNING] 2026-02-22 12:26:43,936 - Robot state not received
[Deoxys WARNING] 2026-02-22 12:26:58,866 - Robot state not received
[Deoxys WARNING] 2026-02-22 12:27:14,124 - Robot state not received
[Deoxys WARNING] 2026-02-22 12:27:26,861 - Robot state not received
[Deoxys WARNING] 2026-02-22 12:29:10,805 - Robot state not received
[Deoxys WARNING] 2026-02-22 12:30:47,647 - Robot state not received
[Deoxys WARNING] 2026-02-22 12:31:31,779 - Robot state not received
[Deoxys WARNING] 2026-02-22 12:31:56,426 - Robot state not received
[Deoxys WARNING] 2026-02-22 12:32:24,638 - Robot state not received
[Deoxys WARNING] 2026-02-22 12:32:24,649 - Robot state not received
[Deoxys WARNING] 2026-02-22 12:32:38,979 - Robot state not received
[Deoxys WARNING] 2026-02-22 12:34:50,063 - Robot state not received
[Deoxys WARNING] 2026-02-22 12:35:26,883 - Robot state not received
[Deoxys WARNING] 2026-02-22 12:37:20,803 - Robot state not received
[Deoxys WARNING] 2026-02-22 12:39:21,656 - Robot state not received
[Deoxys WARNING] 2026-02-22 12:39:27,867 - Robot state not received
[Deoxys WARNING] 2026-02-22 12:39:49,843 - Robot state not received
[Deoxys WARNING] 2026-02-22 12:40:00,509 - Robot state not received
[Deoxys WARNING] 2026-02-22 12:40:08,899 - Robot state not received
[Deoxys WARNING] 2026-02-22 12:40:08,904 - Robot state not received
[Deoxys WARNING] 2026-02-22 16:42:01,177 - Robot state not received
[Deoxys WARNING] 2026-02-22 16:42:31,794 - Robot state not received
[Deoxys WARNING] 2026-02-22 16:43:01,572 - Robot state not received
[Deoxys WARNING] 2026-02-22 16:43:01,572 - Robot state not received
[Deoxys WARNING] 2026-02-22 16:46:56,505 - Robot state not received
[Deoxys WARNING] 2026-02-22 16:46:56,522 - Robot state not received
[Deoxys WARNING] 2026-02-22 16:46:57,006 - Robot state not received
[Deoxys WARNING] 2026-02-22 16:46:57,023 - Robot state not received
[Deoxys WARNING] 2026-02-22 16:46:57,507 - Robot state not received
[Deoxys WARNING] 2026-02-22 16:46:57,524 - Robot state not received
[Deoxys WARNING] 2026-02-22 16:46:59,279 - Robot state not received
[Deoxys WARNING] 2026-02-22 16:46:59,780 - Robot state not received
[Deoxys WARNING] 2026-02-22 16:47:00,281 - Robot state not received
[Deoxys WARNING] 2026-02-22 16:47:00,782 - Robot state not received
[Deoxys WARNING] 2026-02-22 17:15:35,213 - Robot state not received
[Deoxys WARNING] 2026-02-22 17:15:35,239 - Robot state not received
[Deoxys WARNING] 2026-02-22 17:18:50,876 - Robot state not received
[Deoxys WARNING] 2026-02-22 17:19:01,205 - Robot state not received
[Deoxys WARNING] 2026-02-22 17:19:27,189 - Robot state not received
[Deoxys WARNING] 2026-02-22 17:19:27,198 - Robot state not received
[Deoxys WARNING] 2026-02-22 17:19:27,698 - Robot state not received
[Deoxys WARNING] 2026-02-22 17:19:28,199 - Robot state not received
[Deoxys WARNING] 2026-02-22 17:19:28,700 - Robot state not received
[Deoxys WARNING] 2026-02-22 17:19:29,200 - Robot state not received
[Deoxys WARNING] 2026-02-22 17:19:29,701 - Robot state not received
[Deoxys WARNING] 2026-02-22 17:19:30,202 - Robot state not received
[Deoxys WARNING] 2026-02-22 17:19:30,708 - Robot state not received
[Deoxys WARNING] 2026-02-22 17:19:31,209 - Robot state not received
[Deoxys WARNING] 2026-02-22 17:19:31,710 - Robot state not received
[Deoxys WARNING] 2026-02-22 17:19:32,211 - Robot state not received
[Deoxys WARNING] 2026-02-22 17:19:32,711 - Robot state not received
[Deoxys WARNING] 2026-02-22 17:19:33,212 - Robot state not received
[Deoxys WARNING] 2026-02-22 17:19:33,712 - Robot state not received
[Deoxys WARNING] 2026-02-22 17:19:34,213 - Robot state not received
[Deoxys WARNING] 2026-02-22 17:20:30,339 - Robot state not received
[Deoxys WARNING] 2026-02-22 17:21:08,773 - Robot state not received
[Deoxys WARNING] 2026-02-22 17:21:08,802 - Robot state not received
[Deoxys WARNING] 2026-02-22 17:21:25,386 - Robot state not received
[Deoxys WARNING] 2026-02-22 17:21:38,061 - Robot state not received
[Deoxys WARNING] 2026-02-26 10:46:11,266 - Robot state not received
[Deoxys WARNING] 2026-02-26 10:46:23,298 - Robot state not received
[Deoxys WARNING] 2026-02-26 10:46:59,556 - Robot state not received
[Deoxys WARNING] 2026-02-26 10:46:59,582 - Robot state not received
[Deoxys WARNING] 2026-02-26 10:47:00,057 - Robot state not received
[Deoxys WARNING] 2026-02-26 10:47:00,085 - Robot state not received
[Deoxys WARNING] 2026-02-26 10:47:00,558 - Robot state not received
[Deoxys WARNING] 2026-02-26 10:47:00,586 - Robot state not received
[Deoxys WARNING] 2026-02-26 10:47:01,059 - Robot state not received
[Deoxys WARNING] 2026-02-26 10:47:01,086 - Robot state not received
[Deoxys WARNING] 2026-02-26 10:48:25,645 - Robot state not received
[Deoxys WARNING] 2026-02-26 11:01:15,588 - Robot state not received
[Deoxys WARNING] 2026-02-26 11:06:37,024 - Robot state not received
[Deoxys WARNING] 2026-02-26 11:06:37,052 - Robot state not received
[Deoxys WARNING] 2026-02-26 11:11:07,206 - Robot state not received
[Deoxys WARNING] 2026-02-26 11:11:07,706 - Robot state not received
[Deoxys WARNING] 2026-02-26 11:11:08,207 - Robot state not received
[Deoxys WARNING] 2026-02-26 11:11:08,708 - Robot state not received
[Deoxys WARNING] 2026-02-26 11:11:09,208 - Robot state not received
[Deoxys WARNING] 2026-02-26 11:11:09,709 - Robot state not received
[Deoxys WARNING] 2026-02-26 11:11:10,210 - Robot state not received
[Deoxys WARNING] 2026-02-26 11:11:10,711 - Robot state not received
[Deoxys WARNING] 2026-02-26 11:11:11,212 - Robot state not received
[Deoxys WARNING] 2026-02-26 11:11:11,712 - Robot state not received
[Deoxys WARNING] 2026-02-26 11:11:12,213 - Robot state not received
[Deoxys WARNING] 2026-02-26 11:11:26,131 - Robot state not received
[Deoxys WARNING] 2026-02-26 11:11:53,428 - Robot state not received
[Deoxys WARNING] 2026-02-26 11:14:56,955 - Robot state not received
[Deoxys WARNING] 2026-02-26 11:15:07,356 - Robot state not received
[Deoxys WARNING] 2026-02-26 11:17:41,163 - Robot state not received
[Deoxys WARNING] 2026-02-26 11:18:44,584 - Robot state not received
[Deoxys WARNING] 2026-02-26 11:18:54,598 - Robot state not received
[Deoxys WARNING] 2026-02-26 11:18:54,601 - Robot state not received
[Deoxys WARNING] 2026-02-26 11:25:37,589 - Robot state not received
[Deoxys WARNING] 2026-02-26 11:25:45,751 - Robot state not received
[Deoxys WARNING] 2026-02-26 11:27:08,818 - Robot state not received
[Deoxys WARNING] 2026-02-26 11:29:33,384 - Robot state not received
[Deoxys WARNING] 2026-02-26 11:33:47,363 - Robot state not received
[Deoxys WARNING] 2026-02-26 11:33:47,864 - Robot state not received
[Deoxys WARNING] 2026-02-26 11:34:49,095 - Robot state not received
[Deoxys WARNING] 2026-02-27 09:48:46,384 - Robot state not received
[Deoxys WARNING] 2026-02-27 09:49:04,677 - Robot state not received
[Deoxys WARNING] 2026-02-27 09:49:04,677 - Robot state not received
[Deoxys WARNING] 2026-02-27 09:49:05,178 - Robot state not received
[Deoxys WARNING] 2026-02-27 09:49:05,178 - Robot state not received
[Deoxys WARNING] 2026-02-27 09:49:05,679 - Robot state not received
[Deoxys WARNING] 2026-02-27 09:49:05,679 - Robot state not received
[Deoxys WARNING] 2026-02-27 09:51:11,704 - Robot state not received
[Deoxys WARNING] 2026-02-27 09:51:11,726 - Robot state not received
[Deoxys WARNING] 2026-02-27 09:52:17,448 - Robot state not received
[Deoxys WARNING] 2026-02-27 10:20:42,456 - Robot state not received
[Deoxys WARNING] 2026-02-27 10:20:42,957 - Robot state not received
[Deoxys WARNING] 2026-02-27 10:20:43,458 - Robot state not received
[Deoxys WARNING] 2026-02-27 10:20:43,958 - Robot state not received
[Deoxys WARNING] 2026-02-27 10:20:44,459 - Robot state not received
[Deoxys WARNING] 2026-02-27 10:20:44,960 - Robot state not received
[Deoxys WARNING] 2026-02-27 10:20:45,460 - Robot state not received
[Deoxys WARNING] 2026-02-27 10:20:45,961 - Robot state not received
[Deoxys WARNING] 2026-02-27 10:20:46,462 - Robot state not received
[Deoxys WARNING] 2026-02-27 10:20:56,844 - Robot state not received
[Deoxys WARNING] 2026-02-27 10:28:20,054 - Robot state not received
[Deoxys WARNING] 2026-02-27 10:28:30,605 - Robot state not received
[Deoxys WARNING] 2026-02-27 10:30:52,456 - Robot state not received
[Deoxys WARNING] 2026-02-27 10:30:58,947 - Robot state not received
[Deoxys WARNING] 2026-02-27 10:36:33,612 - Robot state not received
[Deoxys WARNING] 2026-02-27 10:40:26,330 - Robot state not received
[Deoxys WARNING] 2026-02-27 10:42:02,210 - Robot state not received
[Deoxys WARNING] 2026-02-27 10:47:10,336 - Robot state not received
[Deoxys WARNING] 2026-02-27 10:47:27,021 - Robot state not received
[Deoxys WARNING] 2026-02-27 10:47:39,327 - Robot state not received
[Deoxys WARNING] 2026-02-27 10:54:20,870 - Robot state not received
[Deoxys WARNING] 2026-02-27 10:54:21,370 - Robot state not received
[Deoxys WARNING] 2026-02-27 10:54:21,871 - Robot state not received
[Deoxys WARNING] 2026-02-27 10:54:22,371 - Robot state not received
[Deoxys WARNING] 2026-02-27 10:54:22,872 - Robot state not received
[Deoxys WARNING] 2026-02-27 10:54:23,373 - Robot state not received
[Deoxys WARNING] 2026-02-27 10:54:23,873 - Robot state not received
[Deoxys WARNING] 2026-02-27 10:54:52,461 - Robot state not received
[Deoxys WARNING] 2026-02-27 10:54:52,961 - Robot state not received
[Deoxys WARNING] 2026-02-27 10:55:03,190 - Robot state not received
[Deoxys WARNING] 2026-02-27 10:55:31,203 - Robot state not received
[Deoxys WARNING] 2026-02-27 10:55:38,115 - Robot state not received
[Deoxys WARNING] 2026-02-27 10:55:50,648 - Robot state not received
[Deoxys WARNING] 2026-02-27 13:34:41,143 - Robot state not received
[Deoxys WARNING] 2026-02-27 13:34:41,644 - Robot state not received
[Deoxys WARNING] 2026-02-27 13:34:42,145 - Robot state not received
[Deoxys WARNING] 2026-02-27 13:34:42,646 - Robot state not received
[Deoxys WARNING] 2026-02-27 13:34:43,146 - Robot state not received
[Deoxys WARNING] 2026-02-27 13:34:43,647 - Robot state not received
[Deoxys WARNING] 2026-02-27 13:34:44,148 - Robot state not received
[Deoxys WARNING] 2026-02-27 13:34:44,649 - Robot state not received
[Deoxys WARNING] 2026-02-27 13:35:00,298 - Robot state not received
[Deoxys WARNING] 2026-02-27 13:47:18,693 - Robot state not received
[Deoxys WARNING] 2026-02-27 13:47:27,693 - Robot state not received
[Deoxys WARNING] 2026-02-27 13:47:52,026 - Robot state not received
[Deoxys WARNING] 2026-02-27 13:53:50,756 - Robot state not received
[Deoxys WARNING] 2026-02-27 13:54:03,440 - Robot state not received
[Deoxys WARNING] 2026-02-27 13:54:56,273 - Robot state not received
[Deoxys WARNING] 2026-02-27 13:54:56,281 - Robot state not received
[Deoxys WARNING] 2026-02-27 13:56:25,657 - Robot state not received
[Deoxys WARNING] 2026-02-27 13:56:57,657 - Robot state not received
[Deoxys WARNING] 2026-02-27 13:56:57,665 - Robot state not received
[Deoxys WARNING] 2026-02-27 13:58:25,657 - Robot state not received
[Deoxys WARNING] 2026-02-27 13:59:41,669 - Robot state not received
[Deoxys WARNING] 2026-02-27 13:59:45,380 - Robot state not received
[Deoxys WARNING] 2026-02-27 14:00:12,382 - Robot state not received
[Deoxys WARNING] 2026-02-27 14:02:12,428 - Robot state not received
[Deoxys WARNING] 2026-02-27 14:02:23,996 - Robot state not received
[Deoxys WARNING] 2026-02-27 14:02:34,763 - Robot state not received
