0,-0.001745329238474369,0.001745329238474369,0.001745329238474369,-0.001745329238474369,-0.001745329238474369,0,0,0,-0.001745329238474369,0.005235987715423107,0
0,-0.001745329238474369,0.001745329238474369,0.001745329238474369,-0.001745329238474369,-0.001745329238474369,0,0,0,-0.001745329238474369,0.005235987715423107,0
0,-0.001745329238474369,0.001745329238474369,0.001745329238474369,-0.001745329238474369,-0.001745329238474369,0,0,0,-0.001745329238474369,0.005235987715423107,0
0,-0.001745329238474369,0.001745329238474369,0.001745329238474369,-0.001745329238474369,-0.001745329238474369,0,0,0,-0.001745329238474369,0.005235987715423107,0
0,-0.001745329238474369,0.001745329238474369,0.001745329238474369,-0.001745329238474369,-0.001745329238474369,0,0,0,-0.001745329238474369,0.005235987715423107,0
0,-0.001745329238474369,0.001745329238474369,0.001745329238474369,-0.001745329238474369,-0.001745329238474369,0,0,0,-0.001745329238474369,0.005235987715423107,0
0,-0.001745329238474369,0.001745329238474369,0.001745329238474369,-0.001745329238474369,-0.001745329238474369,0,0,0,-0.001745329238474369,0.005235987715423107,0
0,-0.001745329238474369,0.001745329238474369,0.001745329238474369,-0.001745329238474369,-0.001745329238474369,0,0,0,-0.001745329238474369,0.005235987715423107,0
0,-0.001745329238474369,0.001745329238474369,0.001745329238474369,-0.001745329238474369,-0.001745329238474369,0,0,0,-0.001745329238474369,0.005235987715423107,0
0,-0.001745329238474369,0.001745329238474369,0.001745329238474369,-0.001745329238474369,-0.001745329238474369,0,0,0,-0.001745329238474369,0.005235987715423107,0
0,-0.001745329238474369,0.001745329238474369,0.001745329238474369,-0.001745329238474369,-0.001745329238474369,0,0,0,-0.001745329238474369,0.005235987715423107,0
0,-0.001745329238474369,0.001745329238474369,0.001745329238474369,-0.001745329238474369,-0.001745329238474369,0,0,0,-0.001745329238474369,0.005235987715423107,0
0,-0.001745329238474369,0.001745329238474369,0.001745329238474369,-0.001745329238474369,-0.001745329238474369,0,0,0,-0.001745329238474369,0.005235987715423107,0
0,-0.001745329238474369,0.001745329238474369,0.001745329238474369,-0.001745329238474369,-0.001745329238474369,0,0,0,-0.001745329238474369,0.005235987715423107,0
0,-0.001745329238474369,0.001745329238474369,0.001745329238474369,-0.001745329238474369,-0.001745329238474369,0,0,0,-0.001745329238474369,0.005235987715423107,0
0,-0.001745329238474369,0.001745329238474369,0.001745329238474369,-0.001745329238474369,-0.001745329238474369,0,0,0,-0.001745329238474369,0.005235987715423107,0
0,-0.001745329238474369,0.001745329238474369,0.001745329238474369,-0.001745329238474369,-0.001745329238474369,0,0,0,-0.001745329238474369,0.005235987715423107,0
0,-0.001745329238474369,0.001745329238474369,0.001745329238474369,-0.001745329238474369,-0.001745329238474369,0,0,0,-0.001745329238474369,0.005235987715423107,0
0,-0.001745329238474369,0.001745329238474369,0.001745329238474369,-0.001745329238474369,-0.001745329238474369,0,0,0,-0.001745329238474369,0.005235987715423107,0
0,-0.001745329238474369,0.001745329238474369,0.001745329238474369,-0.001745329238474369,-0.001745329238474369,0,0,0,-0.001745329238474369,0.005235987715423107,0
0,-0.001745329238474369,0.001745329238474369,0.001745329238474369,-0.001745329238474369,-0.001745329238474369,0,0,0,-0.001745329238474369,0.005235987715423107,0
0,-0.001745329238474369,0.001745329238474369,0.001745329238474369,-0.001745329238474369,-0.001745329238474369,0,0,0,-0.001745329238474369,0.005235987715423107,0
0,-0.001745329238474369,0.001745329238474369,0.001745329238474369,-0.001745329238474369,-0.001745329238474369,0,0,0,-0.001745329238474369,0.005235987715423107,0
0,-0.001745329238474369,0.001745329238474369,0.001745329238474369,-0.001745329238474369,-0.001745329238474369,0,0,0,-0.001745329238474369,0.005235987715423107,0
0,-0.001745329238474369,0.001745329238474369,0.001745329238474369,-0.001745329238474369,-0.001745329238474369,0,0,0,-0.001745329238474369,0.005235987715423107,0
0,-0.001745329238474369,0.001745329238474369,0.001745329238474369,-0.001745329238474369,-0.001745329238474369,0,0,0,-0.001745329238474369,0.005235987715423107,0
0,-0.001745329238474369,0.001745329238474369,0.001745329238474369,-0.001745329238474369,-0.001745329238474369,0,0,0,-0.001745329238474369,0.005235987715423107,0
0,-0.001745329238474369,0.001745329238474369,0.001745329238474369,-0.001745329238474369,-0.001745329238474369,0,0,0,-0.001745329238474369,0.005235987715423107,0
0,-0.001745329238474369,0.001745329238474369,0.001745329238474369,-0.001745329238474369,-0.001745329238474369,0,0,0,-0.001745329238474369,0.005235987715423107,0
0,-0.001745329238474369,0.001745329238474369,0.001745329238474369,-0.001745329238474369,-0.001745329238474369,0,0,0,-0.001745329238474369,0.005235987715423107,0
0,-0.001745329238474369,0.001745329238474369,0.001745329238474369,-0.001745329238474369,-0.001745329238474369,0,0,0,-0.001745329238474369,0.005235987715423107,0
0,-0.001745329238474369,0.001745329238474369,0.001745329238474369,-0.001745329238474369,-0.001745329238474369,0,0,0,-0.001745329238474369,0.005235987715423107,0
0,-0.001745329238474369,0.001745329238474369,0.001745329238474369,-0.001745329238474369,-0.001745329238474369,0,0,0,-0.001745329238474369,0.005235987715423107,0
0,-0.001745329238474369,0.001745329238474369,0.001745329238474369,-0.001745329238474369,-0.001745329238474369,0,0,0,-0.001745329238474369,0.005235987715423107,0
0,-0.001745329238474369,0.001745329238474369,0.001745329238474369,-0.001745329238474369,-0.001745329238474369,0,0,0,-0.001745329238474369,0.005235987715423107,0
0,-0.001745329238474369,0.001745329238474369,0.001745329238474369,-0.001745329238474369,-0.001745329238474369,0,0,0,-0.001745329238474369,0.005235987715423107,0
0,-0.001745329238474369,0.001745329238474369,0.001745329238474369,-0.001745329238474369,-0.001745329238474369,0,0,0,-0.001745329238474369,0.005235987715423107,0
0,-0.001745329238474369,0.001745329238474369,0.001745329238474369,-0.001745329238474369,-0.001745329238474369,0,0,0,-0.001745329238474369,0.005235987715423107,0
0,-0.001745329238474369,0.001745329238474369,0.001745329238474369,-0.001745329238474369,-0.001745329238474369,0,0,0,-0.001745329238474369,0.005235987715423107,0
0,-0.001745329238474369,0.001745329238474369,0.001745329238474369,-0.001745329238474369,-0.001745329238474369,0,0,0,-0.001745329238474369,0.005235987715423107,0
0,-0.001745329238474369,0.001745329238474369,0.001745329238474369,-0.001745329238474369,-0.001745329238474369,0,0,0,-0.001745329238474369,0.005235987715423107,0
0,-0.001745329238474369,0.001745329238474369,0.001745329238474369,-0.001745329238474369,-0.001745329238474369,0,0,0,-0.001745329238474369,0.005235987715423107,0
0,-0.001745329238474369,0.001745329238474369,0.001745329238474369,-0.001745329238474369,-0.001745329238474369,0,0,0,-0.001745329238474369,0.005235987715423107,0
0,-0.001745329238474369,0.001745329238474369,0.001745329238474369,-0.001745329238474369,-0.001745329238474369,0,0,0,-0.001745329238474369,0.005235987715423107,0
0,-0.001745329238474369,0.001745329238474369,0.001745329238474369,-0.001745329238474369,-0.001745329238474369,0,0,0,-0.001745329238474369,0.005235987715423107,0
0,-0.001745329238474369,0.001745329238474369,0.001745329238474369,-0.001745329238474369,-0.001745329238474369,0,0,0,-0.001745329238474369,0.005235987715423107,0
0,-0.001745329238474369,0.001745329238474369,0.001745329238474369,-0.001745329238474369,-0.001745329238474369,0,0,0,-0.001745329238474369,0.005235987715423107,0
0,-0.001745329238474369,0.001745329238474369,0.001745329238474369,-0.001745329238474369,-0.001745329238474369,0,0,0,-0.001745329238474369,0.005235987715423107,0
0,-0.001745329238474369,0.001745329238474369,0.001745329238474369,-0.001745329238474369,-0.001745329238474369,0,0,0,-0.001745329238474369,0.005235987715423107,0
0,-0.001745329238474369,0.001745329238474369,0.001745329238474369,-0.001745329238474369,-0.001745329238474369,0,0,0,-0.001745329238474369,0.005235987715423107,0
0,-0.001745329238474369,0.001745329238474369,0.001745329238474369,-0.001745329238474369,-0.001745329238474369,0,0,0,-0.001745329238474369,0.005235987715423107,0
0,-0.001745329238474369,0.001745329238474369,0.001745329238474369,-0.001745329238474369,-0.001745329238474369,0,0,0,-0.001745329238474369,0.005235987715423107,0
0,-0.001745329238474369,0.001745329238474369,0.001745329238474369,-0.001745329238474369,-0.001745329238474369,0,0,0,-0.001745329238474369,0.005235987715423107,0
0,-0.001745329238474369,0.001745329238474369,0.001745329238474369,-0.001745329238474369,-0.001745329238474369,0,0,0,-0.001745329238474369,0.005235987715423107,0
0,-0.001745329238474369,0.001745329238474369,0.001745329238474369,-0.001745329238474369,-0.001745329238474369,0,0,0,-0.001745329238474369,0.005235987715423107,0
0,-0.001745329238474369,0.001745329238474369,0.001745329238474369,-0.001745329238474369,-0.001745329238474369,0,0,0,-0.001745329238474369,0.005235987715423107,0
0,-0.001745329238474369,0.001745329238474369,0.001745329238474369,-0.001745329238474369,-0.001745329238474369,0,0,0,-0.001745329238474369,0.005235987715423107,0
0,-0.001745329238474369,0.001745329238474369,0.001745329238474369,-0.001745329238474369,-0.001745329238474369,0,0,0,-0.001745329238474369,0.005235987715423107,0
0,-0.001745329238474369,0.001745329238474369,0.001745329238474369,-0.001745329238474369,-0.001745329238474369,0,0,0,-0.001745329238474369,0.005235987715423107,0
0,-0.001745329238474369,0.001745329238474369,0.001745329238474369,-0.001745329238474369,-0.001745329238474369,0,0,0,-0.001745329238474369,0.005235987715423107,0
0,-0.001745329238474369,0.001745329238474369,0.001745329238474369,-0.001745329238474369,-0.001745329238474369,0,0,0,-0.001745329238474369,0.005235987715423107,0
0,-0.001745329238474369,0.001745329238474369,0.001745329238474369,-0.001745329238474369,-0.001745329238474369,0,0,0,-0.001745329238474369,0.005235987715423107,0
0,-0.001745329238474369,0.001745329238474369,0.001745329238474369,-0.001745329238474369,-0.001745329238474369,0,0,0,-0.001745329238474369,0.005235987715423107,0
0,-0.001745329238474369,0.001745329238474369,0.001745329238474369,-0.001745329238474369,-0.001745329238474369,0,0,0,-0.001745329238474369,0.005235987715423107,0
0,-0.001745329238474369,0.001745329238474369,0.001745329238474369,-0.001745329238474369,-0.001745329238474369,0,0,0,-0.001745329238474369,0.005235987715423107,0
0,-0.001745329238474369,0.001745329238474369,0.001745329238474369,-0.001745329238474369,-0.001745329238474369,0,0,0,-0.001745329238474369,0.005235987715423107,0
0,-0.001745329238474369,0.001745329238474369,0.001745329238474369,-0.001745329238474369,-0.001745329238474369,0,0,0,-0.001745329238474369,0.005235987715423107,0
0,-0.001745329238474369,0.001745329238474369,0.001745329238474369,-0.001745329238474369,-0.001745329238474369,0,0,0,-0.001745329238474369,0.005235987715423107,0
0,-0.001745329238474369,0.001745329238474369,0.001745329238474369,-0.001745329238474369,-0.001745329238474369,0,0,0,-0.001745329238474369,0.005235987715423107,0
0,-0.001745329238474369,0.001745329238474369,0.001745329238474369,-0.001745329238474369,-0.001745329238474369,0,0,0,-0.001745329238474369,0.005235987715423107,0
0,-0.001745329238474369,0.001745329238474369,0.001745329238474369,-0.001745329238474369,-0.001745329238474369,0,0,0,-0.001745329238474369,0.005235987715423107,0
0,-0.001745329238474369,0.001745329238474369,0.001745329238474369,-0.001745329238474369,-0.001745329238474369,0,0,0,-0.001745329238474369,0.005235987715423107,0
0,-0.001745329238474369,0.001745329238474369,0.001745329238474369,-0.001745329238474369,-0.001745329238474369,0,0,0,-0.001745329238474369,0.005235987715423107,0
0,-0.001745329238474369,0.001745329238474369,0.001745329238474369,-0.001745329238474369,-0.001745329238474369,0,0,0,-0.001745329238474369,0.005235987715423107,0
0,-0.001745329238474369,0.001745329238474369,0.001745329238474369,-0.001745329238474369,-0.001745329238474369,0,0,0,-0.001745329238474369,0.005235987715423107,0
0,-0.001745329238474369,0.001745329238474369,0.001745329238474369,-0.001745329238474369,-0.001745329238474369,0,0,0,-0.001745329238474369,0.005235987715423107,0
0,-0.001745329238474369,0.001745329238474369,0.001745329238474369,-0.001745329238474369,-0.001745329238474369,0,0,0,-0.001745329238474369,0.005235987715423107,0
0,-0.001745329238474369,0.001745329238474369,0.001745329238474369,-0.001745329238474369,-0.001745329238474369,0,0,0,-0.001745329238474369,0.005235987715423107,0
0,-0.001745329238474369,0.001745329238474369,0.001745329238474369,-0.001745329238474369,-0.001745329238474369,0,0,0,-0.001745329238474369,0.005235987715423107,0
0,-0.001745329238474369,0.001745329238474369,0.001745329238474369,-0.001745329238474369,-0.001745329238474369,0,0,0,-0.001745329238474369,0.005235987715423107,0
0,-0.001745329238474369,0.001745329238474369,0.001745329238474369,-0.001745329238474369,-0.001745329238474369,0,0,0,-0.001745329238474369,0.005235987715423107,0
0,-0.001745329238474369,0.001745329238474369,0.001745329238474369,-0.001745329238474369,-0.001745329238474369,0,0,0,-0.001745329238474369,0.005235987715423107,0
0,-0.001745329238474369,0.001745329238474369,0.001745329238474369,-0.001745329238474369,-0.001745329238474369,0,0,0,-0.001745329238474369,0.005235987715423107,0
0,-0.001745329238474369,0.001745329238474369,0.001745329238474369,-0.001745329238474369,-0.001745329238474369,0,0,0,-0.001745329238474369,0.005235987715423107,0
0,-0.001745329238474369,0.001745329238474369,0.001745329238474369,-0.001745329238474369,-0.001745329238474369,0,0,0,-0.001745329238474369,0.005235987715423107,0
0,-0.001745329238474369,0.001745329238474369,0.001745329238474369,-0.001745329238474369,-0.001745329238474369,0,0,0,-0.001745329238474369,0.005235987715423107,0
0,-0.001745329238474369,0.001745329238474369,0.001745329238474369,-0.001745329238474369,-0.001745329238474369,0,0,0,-0.001745329238474369,0.005235987715423107,0
0,-0.001745329238474369,0.001745329238474369,0.001745329238474369,-0.001745329238474369,-0.001745329238474369,0,0,0,-0.001745329238474369,0.005235987715423107,0
0,-0.001745329238474369,0.001745329238474369,0.001745329238474369,-0.001745329238474369,-0.001745329238474369,0,0,0,-0.001745329238474369,0.005235987715423107,0
0,-0.001745329238474369,0.001745329238474369,0.001745329238474369,-0.001745329238474369,-0.001745329238474369,0,0,0,-0.001745329238474369,0.005235987715423107,0
0,-0.001745329238474369,0.001745329238474369,0.001745329238474369,-0.001745329238474369,-0.001745329238474369,0,0,0,-0.001745329238474369,0.005235987715423107,0
0,-0.001745329238474369,0.001745329238474369,0.001745329238474369,-0.001745329238474369,-0.001745329238474369,0,0,0,-0.001745329238474369,0.005235987715423107,0
0,-0.001745329238474369,0.001745329238474369,0.001745329238474369,-0.001745329238474369,-0.001745329238474369,0,0,0,-0.001745329238474369,0.005235987715423107,0
0,-0.001745329238474369,0.001745329238474369,0.001745329238474369,-0.001745329238474369,-0.001745329238474369,0,0,0,-0.001745329238474369,0.005235987715423107,0
0,-0.001745329238474369,0.001745329238474369,0.001745329238474369,-0.001745329238474369,-0.001745329238474369,0,0,0,-0.001745329238474369,0.005235987715423107,0
0,-0.001745329238474369,0.001745329238474369,0.001745329238474369,-0.001745329238474369,-0.001745329238474369,0,0,0,-0.001745329238474369,0.005235987715423107,0
0,-0.001745329238474369,0.001745329238474369,0.001745329238474369,-0.001745329238474369,-0.001745329238474369,0,0,0,-0.001745329238474369,0.005235987715423107,0
0,-0.001745329238474369,0.001745329238474369,0.001745329238474369,-0.001745329238474369,-0.001745329238474369,0,0,0,-0.001745329238474369,0.005235987715423107,0
0,-0.001745329238474369,0.001745329238474369,0.001745329238474369,-0.001745329238474369,-0.001745329238474369,0,0,0,-0.001745329238474369,0.005235987715423107,0
0,-0.001745329238474369,0.001745329238474369,0.001745329238474369,-0.001745329238474369,-0.001745329238474369,0,0,0,-0.001745329238474369,0.005235987715423107,0
0,-0.001745329238474369,0.001745329238474369,0.001745329238474369,-0.001745329238474369,-0.001745329238474369,0,0,0,-0.001745329238474369,0.005235987715423107,0
0,-0.001745329238474369,0.001745329238474369,0.001745329238474369,-0.001745329238474369,-0.001745329238474369,0,0,0,-0.001745329238474369,0.005235987715423107,0
0,-0.001745329238474369,0.001745329238474369,0.001745329238474369,-0.001745329238474369,-0.001745329238474369,0,0,0,-0.001745329238474369,0.005235987715423107,0
0,-0.001745329238474369,0.001745329238474369,0.001745329238474369,-0.001745329238474369,-0.001745329238474369,0,0,0,-0.001745329238474369,0.005235987715423107,0
0,-0.001745329238474369,0.001745329238474369,0.001745329238474369,-0.001745329238474369,-0.001745329238474369,0,0,0,-0.001745329238474369,0.005235987715423107,0
0,-0.001745329238474369,0.001745329238474369,0.001745329238474369,-0.001745329238474369,-0.001745329238474369,0,0,0,-0.001745329238474369,0.005235987715423107,0
0,-0.001745329238474369,0.001745329238474369,0.001745329238474369,-0.001745329238474369,-0.001745329238474369,0,0,0,-0.001745329238474369,0.005235987715423107,0
0,-0.001745329238474369,0.001745329238474369,0.001745329238474369,-0.001745329238474369,-0.001745329238474369,0,0,0,-0.001745329238474369,0.005235987715423107,0
0,-0.001745329238474369,0.001745329238474369,0.001745329238474369,-0.001745329238474369,-0.001745329238474369,0,0,0,-0.001745329238474369,0.005235987715423107,0
0,-0.001745329238474369,0.001745329238474369,0.001745329238474369,-0.001745329238474369,-0.001745329238474369,0,0,0,-0.001745329238474369,0.005235987715423107,0
0,-0.001745329238474369,0.001745329238474369,0.001745329238474369,-0.001745329238474369,-0.001745329238474369,0,0,0,-0.001745329238474369,0.005235987715423107,0
0,-0.001745329238474369,0.001745329238474369,0.001745329238474369,-0.001745329238474369,-0.001745329238474369,0,0,0,-0.001745329238474369,0.005235987715423107,0
0,-0.001745329238474369,0.001745329238474369,0.001745329238474369,-0.001745329238474369,-0.001745329238474369,0,0,0,-0.001745329238474369,0.005235987715423107,0
0,-0.001745329238474369,0.001745329238474369,0.001745329238474369,-0.001745329238474369,-0.001745329238474369,0,0,0,-0.001745329238474369,0.005235987715423107,0
0,-0.001745329238474369,0.001745329238474369,0.001745329238474369,-0.001745329238474369,-0.001745329238474369,0,0,0,-0.001745329238474369,0.005235987715423107,0
0,-0.001745329238474369,0.001745329238474369,0.001745329238474369,-0.001745329238474369,-0.001745329238474369,0,0,0,-0.001745329238474369,0.005235987715423107,0
0,-0.001745329238474369,0.001745329238474369,0.001745329238474369,-0.001745329238474369,-0.001745329238474369,0,0,0,-0.001745329238474369,0.005235987715423107,0
0,-0.001745329238474369,0.001745329238474369,0.001745329238474369,-0.001745329238474369,-0.001745329238474369,0,0,0,-0.001745329238474369,0.005235987715423107,0
0,-0.001745329238474369,0.001745329238474369,0.001745329238474369,-0.001745329238474369,-0.001745329238474369,0,0,0,-0.001745329238474369,0.005235987715423107,0
0,-0.001745329238474369,0.001745329238474369,0.001745329238474369,-0.001745329238474369,-0.001745329238474369,0,0,0,-0.001745329238474369,0.005235987715423107,0
0,-0.001745329238474369,0.001745329238474369,0.001745329238474369,-0.001745329238474369,-0.001745329238474369,0,0,0,-0.001745329238474369,0.005235987715423107,0
0,-0.001745329238474369,0.001745329238474369,0.001745329238474369,-0.001745329238474369,-0.001745329238474369,0,0,0,-0.001745329238474369,0.005235987715423107,0
0,-0.001745329238474369,0.001745329238474369,0.001745329238474369,-0.001745329238474369,-0.001745329238474369,0,0,0,-0.001745329238474369,0.005235987715423107,0
0,-0.001745329238474369,0.001745329238474369,0.001745329238474369,-0.001745329238474369,-0.001745329238474369,0,0,0,-0.001745329238474369,0.005235987715423107,0
0,-0.001745329238474369,0.001745329238474369,0.001745329238474369,-0.001745329238474369,-0.001745329238474369,0,0,0,-0.001745329238474369,0.005235987715423107,0
0,-0.001745329238474369,0.001745329238474369,0.001745329238474369,-0.001745329238474369,-0.001745329238474369,0,0,0,-0.001745329238474369,0.005235987715423107,0
0,-0.001745329238474369,0.001745329238474369,0.001745329238474369,-0.001745329238474369,-0.001745329238474369,0,0,0,-0.001745329238474369,0.005235987715423107,0
0,-0.001745329238474369,0.001745329238474369,0.001745329238474369,-0.001745329238474369,-0.001745329238474369,0,0,0,-0.001745329238474369,0.005235987715423107,0
0,-0.001745329238474369,0.001745329238474369,0.001745329238474369,-0.001745329238474369,-0.001745329238474369,0,0,0,-0.001745329238474369,0.005235987715423107,0
0,-0.001745329238474369,0.001745329238474369,0.001745329238474369,-0.001745329238474369,-0.001745329238474369,0,0,0,-0.001745329238474369,0.005235987715423107,0
0,-0.001745329238474369,0.001745329238474369,0.001745329238474369,-0.001745329238474369,-0.001745329238474369,0,0,0,-0.001745329238474369,0.005235987715423107,0
0,-0.001745329238474369,0.001745329238474369,0.001745329238474369,-0.001745329238474369,-0.001745329238474369,0,0,0,-0.001745329238474369,0.005235987715423107,0
0,-0.001745329238474369,0.001745329238474369,0.001745329238474369,-0.001745329238474369,-0.001745329238474369,0,0,0,-0.001745329238474369,0.005235987715423107,0
0,-0.001745329238474369,0.001745329238474369,0.001745329238474369,-0.001745329238474369,-0.001745329238474369,0,0,0,-0.001745329238474369,0.005235987715423107,0
0,-0.001745329238474369,0.001745329238474369,0.001745329238474369,-0.001745329238474369,-0.001745329238474369,0,0,0,-0.001745329238474369,0.005235987715423107,0
0,-0.001745329238474369,0.001745329238474369,0.001745329238474369,-0.001745329238474369,-0.001745329238474369,0,0,0,-0.001745329238474369,0.005235987715423107,0
0,-0.001745329238474369,0.001745329238474369,0.001745329238474369,-0.001745329238474369,-0.001745329238474369,0,0,0,-0.001745329238474369,0.005235987715423107,0
0,-0.001745329238474369,0.001745329238474369,0.001745329238474369,-0.001745329238474369,-0.001745329238474369,0,0,0,-0.001745329238474369,0.005235987715423107,0
0,-0.001745329238474369,0.001745329238474369,0.001745329238474369,-0.001745329238474369,-0.001745329238474369,0,0,0,-0.001745329238474369,0.005235987715423107,0
0,-0.001745329238474369,0.001745329238474369,0.001745329238474369,-0.001745329238474369,-0.001745329238474369,0,0,0,-0.001745329238474369,0.005235987715423107,0
0,-0.001745329238474369,0.001745329238474369,0.001745329238474369,-0.001745329238474369,-0.001745329238474369,0,0,0,-0.001745329238474369,0.005235987715423107,0
0,-0.001745329238474369,0.001745329238474369,0.001745329238474369,-0.001745329238474369,-0.001745329238474369,0,0,0,-0.001745329238474369,0.005235987715423107,0
0,-0.001745329238474369,0.001745329238474369,0.001745329238474369,-0.001745329238474369,-0.001745329238474369,0,0,0,-0.001745329238474369,0.005235987715423107,0
0,-0.001745329238474369,0.001745329238474369,0.001745329238474369,-0.001745329238474369,-0.001745329238474369,0,0,0,-0.001745329238474369,0.005235987715423107,0
0,-0.001745329238474369,0.001745329238474369,0.001745329238474369,-0.001745329238474369,-0.001745329238474369,0,0,0,-0.001745329238474369,0.005235987715423107,0
0,-0.001745329238474369,0.001745329238474369,0.001745329238474369,-0.001745329238474369,-0.001745329238474369,0,0,0,-0.001745329238474369,0.005235987715423107,0
0,-0.001745329238474369,0.001745329238474369,0.001745329238474369,-0.001745329238474369,-0.001745329238474369,0,0,0,-0.001745329238474369,0.005235987715423107,0
0,-0.001745329238474369,0.001745329238474369,0.001745329238474369,-0.001745329238474369,-0.001745329238474369,0,0,0,-0.001745329238474369,0.005235987715423107,0
0,-0.001745329238474369,0.001745329238474369,0.001745329238474369,-0.001745329238474369,-0.001745329238474369,0,0,0,-0.001745329238474369,0.005235987715423107,0
0,-0.001745329238474369,0.001745329238474369,0.001745329238474369,-0.001745329238474369,-0.001745329238474369,0,0,0,-0.001745329238474369,0.005235987715423107,0
0,-0.001745329238474369,0.001745329238474369,0.001745329238474369,-0.001745329238474369,-0.001745329238474369,0,0,0,-0.001745329238474369,0.005235987715423107,0
0,-0.001745329238474369,0.001745329238474369,0.001745329238474369,-0.001745329238474369,-0.001745329238474369,0,0,0,-0.001745329238474369,0.005235987715423107,0
0,-0.001745329238474369,0.001745329238474369,0.001745329238474369,-0.001745329238474369,-0.001745329238474369,0,0,0,-0.001745329238474369,0.005235987715423107,0
0,-0.001745329238474369,0.001745329238474369,0.001745329238474369,-0.001745329238474369,-0.001745329238474369,0,0,0,-0.001745329238474369,0.005235987715423107,0
0,-0.001745329238474369,0.001745329238474369,0.001745329238474369,-0.001745329238474369,-0.001745329238474369,0,0,0,-0.001745329238474369,0.005235987715423107,0
0,-0.001745329238474369,0.001745329238474369,0.001745329238474369,-0.001745329238474369,-0.001745329238474369,0,0,0,-0.001745329238474369,0.005235987715423107,0
0,-0.001745329238474369,0.001745329238474369,0.001745329238474369,-0.001745329238474369,-0.001745329238474369,0,0,0,-0.001745329238474369,0.005235987715423107,0
0,-0.001745329238474369,0.001745329238474369,0.001745329238474369,-0.001745329238474369,-0.001745329238474369,0,0,0,-0.001745329238474369,0.005235987715423107,0
0,-0.001745329238474369,0.001745329238474369,0.001745329238474369,-0.001745329238474369,-0.001745329238474369,0,0,0,-0.001745329238474369,0.005235987715423107,0
0,-0.001745329238474369,0.001745329238474369,0.001745329238474369,-0.001745329238474369,-0.001745329238474369,0,0,0,-0.001745329238474369,0.005235987715423107,0
0,-0.001745329238474369,0.001745329238474369,0.001745329238474369,-0.001745329238474369,-0.001745329238474369,0,0,0,-0.001745329238474369,0.005235987715423107,0
0,-0.001745329238474369,0.001745329238474369,0.001745329238474369,-0.001745329238474369,-0.001745329238474369,0,0,0,-0.001745329238474369,0.005235987715423107,0
0,-0.001745329238474369,0.001745329238474369,0.001745329238474369,-0.001745329238474369,-0.001745329238474369,0,0,0,-0.001745329238474369,0.005235987715423107,0
0,-0.001745329238474369,0.001745329238474369,0.001745329238474369,-0.001745329238474369,-0.001745329238474369,0,0,0,-0.001745329238474369,0.005235987715423107,0
0,-0.001745329238474369,0.001745329238474369,0.001745329238474369,-0.001745329238474369,-0.001745329238474369,0,0,0,-0.001745329238474369,0.005235987715423107,0
0,-0.001745329238474369,0.001745329238474369,0.001745329238474369,-0.001745329238474369,-0.001745329238474369,0,0,0,-0.001745329238474369,0.005235987715423107,0
0,-0.001745329238474369,0.001745329238474369,0.001745329238474369,-0.001745329238474369,-0.001745329238474369,0,0,0,-0.001745329238474369,0.005235987715423107,0
0,-0.001745329238474369,0.001745329238474369,0.001745329238474369,-0.001745329238474369,-0.001745329238474369,0,0,0,-0.001745329238474369,0.005235987715423107,0
0,-0.001745329238474369,0.001745329238474369,0.001745329238474369,-0.001745329238474369,-0.001745329238474369,0,0,0,-0.001745329238474369,0.005235987715423107,0
0,-0.001745329238474369,0.001745329238474369,0.001745329238474369,-0.001745329238474369,-0.001745329238474369,0,0,0,-0.001745329238474369,0.005235987715423107,0
0,-0.001745329238474369,0.001745329238474369,0.001745329238474369,-0.001745329238474369,-0.001745329238474369,0,0,0,-0.001745329238474369,0.005235987715423107,0
0,-0.001745329238474369,0.001745329238474369,0.001745329238474369,-0.001745329238474369,-0.001745329238474369,0,0,0,-0.001745329238474369,0.005235987715423107,0
0,-0.001745329238474369,0.001745329238474369,0.001745329238474369,-0.001745329238474369,-0.001745329238474369,0,0,0,-0.001745329238474369,0.005235987715423107,0
0,-0.001745329238474369,0.001745329238474369,0.001745329238474369,-0.001745329238474369,-0.001745329238474369,0,0,0,-0.001745329238474369,0.005235987715423107,0
0,-0.001745329238474369,0.001745329238474369,0.001745329238474369,-0.001745329238474369,-0.001745329238474369,0,0,0,-0.001745329238474369,0.005235987715423107,0
0,-0.001745329238474369,0.001745329238474369,0.001745329238474369,-0.001745329238474369,-0.001745329238474369,0,0,0,-0.001745329238474369,0.005235987715423107,0
0,-0.001745329238474369,0.001745329238474369,0.001745329238474369,-0.001745329238474369,-0.001745329238474369,0,0,0,-0.001745329238474369,0.005235987715423107,0
0,-0.001745329238474369,0.001745329238474369,0.001745329238474369,-0.001745329238474369,-0.001745329238474369,0,0,0,-0.001745329238474369,0.005235987715423107,0
0,-0.001745329238474369,0.001745329238474369,0.001745329238474369,-0.001745329238474369,-0.001745329238474369,0,0,0,-0.001745329238474369,0.005235987715423107,0
0,-0.001745329238474369,0.001745329238474369,0.001745329238474369,-0.001745329238474369,-0.001745329238474369,0,0,0,-0.001745329238474369,0.005235987715423107,0
0,-0.001745329238474369,0.001745329238474369,0.001745329238474369,-0.001745329238474369,-0.001745329238474369,0,0,0,-0.001745329238474369,0.005235987715423107,0
0,-0.001745329238474369,0.001745329238474369,0.001745329238474369,-0.001745329238474369,-0.001745329238474369,0,0,0,-0.001745329238474369,0.005235987715423107,0
0,-0.001745329238474369,0.001745329238474369,0.001745329238474369,-0.001745329238474369,-0.001745329238474369,0,0,0,-0.001745329238474369,0.005235987715423107,0
0,-0.001745329238474369,0.001745329238474369,0.001745329238474369,-0.001745329238474369,-0.001745329238474369,0,0,0,-0.001745329238474369,0.005235987715423107,0
0,-0.001745329238474369,0.001745329238474369,0.001745329238474369,-0.001745329238474369,-0.001745329238474369,0,0,0,-0.001745329238474369,0.005235987715423107,0
0,-0.001745329238474369,0.001745329238474369,0.001745329238474369,-0.001745329238474369,-0.001745329238474369,0,0,0,-0.001745329238474369,0.005235987715423107,0
0,-0.001745329238474369,0.001745329238474369,0.001745329238474369,-0.001745329238474369,-0.001745329238474369,0,0,0,-0.001745329238474369,0.005235987715423107,0
0,-0.001745329238474369,0.001745329238474369,0.001745329238474369,-0.001745329238474369,-0.001745329238474369,0,0,0,-0.001745329238474369,0.005235987715423107,0
0,-0.001745329238474369,0.001745329238474369,0.001745329238474369,-0.001745329238474369,-0.001745329238474369,0,0,0,-0.001745329238474369,0.005235987715423107,0
0,-0.001745329238474369,0.001745329238474369,0.001745329238474369,-0.001745329238474369,-0.001745329238474369,0,0,0,-0.001745329238474369,0.005235987715423107,0
0,-0.001745329238474369,0.001745329238474369,0.001745329238474369,-0.001745329238474369,-0.001745329238474369,0,0,0,-0.001745329238474369,0.005235987715423107,0
0,-0.001745329238474369,0.001745329238474369,0.001745329238474369,-0.001745329238474369,-0.001745329238474369,0,0,0,-0.001745329238474369,0.005235987715423107,0
0,-0.001745329238474369,0.001745329238474369,0.001745329238474369,-0.001745329238474369,-0.001745329238474369,0,0,0,-0.001745329238474369,0.005235987715423107,0
0,-0.001745329238474369,0.001745329238474369,0.001745329238474369,-0.001745329238474369,-0.001745329238474369,0,0,0,-0.001745329238474369,0.005235987715423107,0
0,-0.001745329238474369,0.001745329238474369,0.001745329238474369,-0.001745329238474369,-0.001745329238474369,0,0,0,-0.001745329238474369,0.005235987715423107,0
0,-0.001745329238474369,0.001745329238474369,0.001745329238474369,-0.001745329238474369,-0.001745329238474369,0,0,0,-0.001745329238474369,0.005235987715423107,0
0,-0.001745329238474369,0.001745329238474369,0.001745329238474369,-0.001745329238474369,-0.001745329238474369,0,0,0,-0.001745329238474369,0.005235987715423107,0
0,-0.001745329238474369,0.001745329238474369,0.001745329238474369,-0.001745329238474369,-0.001745329238474369,0,0,0,-0.001745329238474369,0.005235987715423107,0
0,-0.001745329238474369,0.001745329238474369,0.001745329238474369,-0.001745329238474369,-0.001745329238474369,0,0,0,-0.001745329238474369,0.005235987715423107,0
0,-0.001745329238474369,0.001745329238474369,0.001745329238474369,-0.001745329238474369,-0.001745329238474369,0,0,0,-0.001745329238474369,0.005235987715423107,0
0,-0.001745329238474369,0.001745329238474369,0.001745329238474369,-0.001745329238474369,-0.001745329238474369,0,0,0,-0.001745329238474369,0.005235987715423107,0
0,-0.001745329238474369,0.001745329238474369,0.001745329238474369,-0.001745329238474369,-0.001745329238474369,0,0,0,-0.001745329238474369,0.005235987715423107,0
0,-0.001745329238474369,0.001745329238474369,0.001745329238474369,-0.001745329238474369,-0.001745329238474369,0,0,0,-0.001745329238474369,0.005235987715423107,0
0,-0.001745329238474369,0.001745329238474369,0.001745329238474369,-0.001745329238474369,-0.001745329238474369,0,0,0,-0.001745329238474369,0.005235987715423107,0
0,-0.001745329238474369,0.001745329238474369,0.001745329238474369,-0.001745329238474369,-0.001745329238474369,0,0,0,-0.001745329238474369,0.005235987715423107,0
0,-0.001745329238474369,0.001745329238474369,0.001745329238474369,-0.001745329238474369,-0.001745329238474369,0,0,0,-0.001745329238474369,0.005235987715423107,0
0,-0.001745329238474369,0.001745329238474369,0.001745329238474369,-0.001745329238474369,-0.001745329238474369,0,0,0,-0.001745329238474369,0.005235987715423107,0
0,-0.001745329238474369,0.001745329238474369,0.001745329238474369,-0.001745329238474369,-0.001745329238474369,0,0,0,-0.001745329238474369,0.005235987715423107,0
0,-0.001745329238474369,0.001745329238474369,0.001745329238474369,-0.001745329238474369,-0.001745329238474369,0,0,0,-0.001745329238474369,0.005235987715423107,0
0,-0.001745329238474369,0.001745329238474369,0.001745329238474369,-0.001745329238474369,-0.001745329238474369,0,0,0,-0.001745329238474369,0.005235987715423107,0
0,-0.001745329238474369,0.001745329238474369,0.001745329238474369,-0.001745329238474369,-0.001745329238474369,0,0,0,-0.001745329238474369,0.005235987715423107,0
0,-0.001745329238474369,0.001745329238474369,0.001745329238474369,-0.001745329238474369,-0.001745329238474369,0,0,0,-0.001745329238474369,0.005235987715423107,0
0,-0.001745329238474369,0.001745329238474369,0.001745329238474369,-0.001745329238474369,-0.001745329238474369,0,0,0,-0.001745329238474369,0.005235987715423107,0
0,-0.001745329238474369,0.001745329238474369,0.001745329238474369,-0.001745329238474369,-0.001745329238474369,0,0,0,-0.001745329238474369,0.005235987715423107,0
0,-0.001745329238474369,0.001745329238474369,0.001745329238474369,-0.001745329238474369,-0.001745329238474369,0,0,0,-0.001745329238474369,0.005235987715423107,0
0,-0.001745329238474369,0.001745329238474369,0.001745329238474369,-0.001745329238474369,-0.001745329238474369,0,0,0,-0.001745329238474369,0.005235987715423107,0
0,-0.001745329238474369,0.001745329238474369,0.001745329238474369,-0.001745329238474369,-0.001745329238474369,0,0,0,-0.001745329238474369,0.005235987715423107,0
0,-0.001745329238474369,0.001745329238474369,0.001745329238474369,-0.001745329238474369,-0.001745329238474369,0,0,0,-0.001745329238474369,0.005235987715423107,0
0,-0.001745329238474369,0.001745329238474369,0.001745329238474369,-0.001745329238474369,-0.001745329238474369,0,0,0,-0.001745329238474369,0.005235987715423107,0
0,-0.001745329238474369,0.001745329238474369,0.001745329238474369,-0.001745329238474369,-0.001745329238474369,0,0,0,-0.001745329238474369,0.005235987715423107,0
0,-0.001745329238474369,0.001745329238474369,0.001745329238474369,-0.001745329238474369,-0.001745329238474369,0,0,0,-0.001745329238474369,0.005235987715423107,0
0,-0.001745329238474369,0.001745329238474369,0.001745329238474369,-0.001745329238474369,-0.001745329238474369,0,0,0,-0.001745329238474369,0.005235987715423107,0
0,-0.001745329238474369,0.001745329238474369,0.001745329238474369,-0.001745329238474369,-0.001745329238474369,0,0,0,-0.001745329238474369,0.005235987715423107,0
0,-0.001745329238474369,0.001745329238474369,0.001745329238474369,-0.001745329238474369,-0.001745329238474369,0,0,0,-0.001745329238474369,0.005235987715423107,0
0,-0.001745329238474369,0.001745329238474369,0.001745329238474369,-0.001745329238474369,-0.001745329238474369,0,0,0,-0.001745329238474369,0.005235987715423107,0
0,-0.001745329238474369,0.001745329238474369,0.001745329238474369,-0.001745329238474369,-0.001745329238474369,0,0,0,-0.001745329238474369,0.005235987715423107,0
0,-0.001745329238474369,0.001745329238474369,0.001745329238474369,-0.001745329238474369,-0.001745329238474369,0,0,0,-0.001745329238474369,0.005235987715423107,0
0,-0.001745329238474369,0.001745329238474369,0.001745329238474369,-0.001745329238474369,-0.001745329238474369,0,0,0,-0.001745329238474369,0.005235987715423107,0
0,-0.001745329238474369,0.001745329238474369,0.001745329238474369,-0.001745329238474369,-0.001745329238474369,0,0,0,-0.001745329238474369,0.005235987715423107,0
0,-0.001745329238474369,0.001745329238474369,0.001745329238474369,-0.001745329238474369,-0.001745329238474369,0,0,0,-0.001745329238474369,0.005235987715423107,0
0,-0.001745329238474369,0.001745329238474369,0.001745329238474369,-0.001745329238474369,-0.001745329238474369,0,0,0,-0.001745329238474369,0.005235987715423107,0
0,-0.001745329238474369,0.001745329238474369,0.001745329238474369,-0.001745329238474369,-0.001745329238474369,0,0,0,-0.001745329238474369,0.005235987715423107,0
0,-0.001745329238474369,0.001745329238474369,0.001745329238474369,-0.001745329238474369,-0.001745329238474369,0,0,0,-0.001745329238474369,0.005235987715423107,0
0,-0.001745329238474369,0.001745329238474369,0.001745329238474369,-0.001745329238474369,-0.001745329238474369,0,0,0,-0.001745329238474369,0.005235987715423107,0
0,-0.001745329238474369,0.001745329238474369,0.001745329238474369,-0.001745329238474369,-0.001745329238474369,0,0,0,-0.001745329238474369,0.005235987715423107,0
0,-0.001745329238474369,0.001745329238474369,0.001745329238474369,-0.001745329238474369,-0.001745329238474369,0,0,0,-0.001745329238474369,0.005235987715423107,0
0,-0.001745329238474369,0.001745329238474369,0.001745329238474369,-0.001745329238474369,-0.001745329238474369,0,0,0,-0.001745329238474369,0.005235987715423107,0
0,-0.001745329238474369,0.001745329238474369,0.001745329238474369,-0.001745329238474369,-0.001745329238474369,0,0,0,-0.001745329238474369,0.005235987715423107,0
0,-0.001745329238474369,0.001745329238474369,0.001745329238474369,-0.001745329238474369,-0.001745329238474369,0,0,0,-0.001745329238474369,0.005235987715423107,0
0,-0.001745329238474369,0.001745329238474369,0.001745329238474369,-0.001745329238474369,-0.001745329238474369,0,0,0,-0.001745329238474369,0.005235987715423107,0
0,-0.001745329238474369,0.001745329238474369,0.001745329238474369,-0.001745329238474369,-0.001745329238474369,0,0,0,-0.001745329238474369,0.005235987715423107,0
0,-0.001745329238474369,0.001745329238474369,0.001745329238474369,-0.001745329238474369,-0.001745329238474369,0,0,0,-0.001745329238474369,0.005235987715423107,0
0,-0.001745329238474369,0.001745329238474369,0.001745329238474369,-0.001745329238474369,-0.001745329238474369,0,0,0,-0.001745329238474369,0.005235987715423107,0
0,-0.001745329238474369,0.001745329238474369,0.001745329238474369,-0.001745329238474369,-0.001745329238474369,0,0,0,-0.001745329238474369,0.005235987715423107,0
0,-0.001745329238474369,0.001745329238474369,0.001745329238474369,-0.001745329238474369,-0.001745329238474369,0,0,0,-0.001745329238474369,0.005235987715423107,0
0,-0.001745329238474369,0.001745329238474369,0.001745329238474369,-0.001745329238474369,-0.001745329238474369,0,0,0,-0.001745329238474369,0.005235987715423107,0
0,-0.001745329238474369,0.001745329238474369,0.001745329238474369,-0.001745329238474369,-0.001745329238474369,0,0,0,-0.001745329238474369,0.005235987715423107,0
0,-0.001745329238474369,0.001745329238474369,0.001745329238474369,-0.001745329238474369,-0.001745329238474369,0,0,0,-0.001745329238474369,0.005235987715423107,0
0,-0.001745329238474369,0.001745329238474369,0.001745329238474369,-0.001745329238474369,-0.001745329238474369,0,0,0,-0.001745329238474369,0.005235987715423107,0
0,-0.001745329238474369,0.001745329238474369,0.001745329238474369,-0.001745329238474369,-0.001745329238474369,0,0,0,-0.001745329238474369,0.005235987715423107,0
0,-0.001745329238474369,0.001745329238474369,0.001745329238474369,-0.001745329238474369,-0.001745329238474369,0,0,0,-0.001745329238474369,0.005235987715423107,0
0,-0.001745329238474369,0.001745329238474369,0.001745329238474369,-0.001745329238474369,-0.001745329238474369,0,0,0,-0.001745329238474369,0.005235987715423107,0
0,-0.001745329238474369,0.001745329238474369,0.001745329238474369,-0.001745329238474369,-0.001745329238474369,0,0,0,-0.001745329238474369,0.005235987715423107,0
0,-0.001745329238474369,0.001745329238474369,0.001745329238474369,-0.001745329238474369,-0.001745329238474369,0,0,0,-0.001745329238474369,0.005235987715423107,0
0,-0.001745329238474369,0.001745329238474369,0.001745329238474369,-0.001745329238474369,-0.001745329238474369,0,0,0,-0.001745329238474369,0.005235987715423107,0
0,-0.001745329238474369,0.001745329238474369,0.001745329238474369,-0.001745329238474369,-0.001745329238474369,0,0,0,-0.001745329238474369,0.005235987715423107,0
0,-0.001745329238474369,0.001745329238474369,0.001745329238474369,-0.001745329238474369,-0.001745329238474369,0,0,0,-0.001745329238474369,0.005235987715423107,0
0,-0.001745329238474369,0.001745329238474369,0.001745329238474369,-0.001745329238474369,-0.001745329238474369,0,0,0,-0.001745329238474369,0.005235987715423107,0
0,-0.001745329238474369,0.001745329238474369,0.001745329238474369,-0.001745329238474369,-0.001745329238474369,0,0,0,-0.001745329238474369,0.005235987715423107,0
0,-0.001745329238474369,0.001745329238474369,0.001745329238474369,-0.001745329238474369,-0.001745329238474369,0,0,0,-0.001745329238474369,0.005235987715423107,0
0,-0.001745329238474369,0.001745329238474369,0.001745329238474369,-0.001745329238474369,-0.001745329238474369,0,0,0,-0.001745329238474369,0.005235987715423107,0
0,-0.001745329238474369,0.001745329238474369,0.001745329238474369,-0.001745329238474369,-0.001745329238474369,0,0,0,-0.001745329238474369,0.005235987715423107,0
0,-0.001745329238474369,0.001745329238474369,0.001745329238474369,-0.001745329238474369,-0.001745329238474369,0,0,0,-0.001745329238474369,0.005235987715423107,0
0,-0.001745329238474369,0.001745329238474369,0.001745329238474369,-0.001745329238474369,-0.001745329238474369,0,0,0,-0.001745329238474369,0.005235987715423107,0
0,-0.001745329238474369,0.001745329238474369,0.001745329238474369,-0.001745329238474369,-0.001745329238474369,0,0,0,-0.001745329238474369,0.005235987715423107,0
0,-0.001745329238474369,0.001745329238474369,0.001745329238474369,-0.001745329238474369,-0.001745329238474369,0,0,0,-0.001745329238474369,0.005235987715423107,0
0,-0.001745329238474369,0.001745329238474369,0.001745329238474369,-0.001745329238474369,-0.001745329238474369,0,0,0,-0.001745329238474369,0.005235987715423107,0
0,-0.001745329238474369,0.001745329238474369,0.001745329238474369,-0.001745329238474369,-0.001745329238474369,0,0,0,-0.001745329238474369,0.005235987715423107,0
0,-0.001745329238474369,0.001745329238474369,0.001745329238474369,-0.001745329238474369,-0.001745329238474369,0,0,0,-0.001745329238474369,0.005235987715423107,0
0,-0.001745329238474369,0.001745329238474369,0.001745329238474369,-0.001745329238474369,-0.001745329238474369,0,0,0,-0.001745329238474369,0.005235987715423107,0
0,-0.001745329238474369,0.001745329238474369,0.001745329238474369,-0.001745329238474369,-0.001745329238474369,0,0,0,-0.001745329238474369,0.005235987715423107,0
0,-0.001745329238474369,0.001745329238474369,0.001745329238474369,-0.001745329238474369,-0.001745329238474369,0,0,0,-0.001745329238474369,0.005235987715423107,0
0,-0.001745329238474369,0.001745329238474369,0.001745329238474369,-0.001745329238474369,-0.001745329238474369,0,0,0,-0.001745329238474369,0.005235987715423107,0
0,-0.001745329238474369,0.001745329238474369,0.001745329238474369,-0.001745329238474369,-0.001745329238474369,0,0,0,-0.001745329238474369,0.005235987715423107,0
0,-0.001745329238474369,0.001745329238474369,0.001745329238474369,-0.001745329238474369,-0.001745329238474369,0,0,0,-0.001745329238474369,0.005235987715423107,0
0,-0.001745329238474369,0.001745329238474369,0.001745329238474369,-0.001745329238474369,-0.001745329238474369,0,0,0,-0.001745329238474369,0.005235987715423107,0
0,-0.001745329238474369,0.001745329238474369,0.001745329238474369,-0.001745329238474369,-0.001745329238474369,0,0,0,-0.001745329238474369,0.005235987715423107,0
0,-0.001745329238474369,0.001745329238474369,0.001745329238474369,-0.001745329238474369,-0.001745329238474369,0,0,0,-0.001745329238474369,0.005235987715423107,0
0,-0.001745329238474369,0.001745329238474369,0.001745329238474369,-0.001745329238474369,-0.001745329238474369,0,0,0,-0.001745329238474369,0.005235987715423107,0
0,-0.001745329238474369,0.001745329238474369,0.001745329238474369,-0.001745329238474369,-0.001745329238474369,0,0,0,-0.001745329238474369,0.005235987715423107,0
0,-0.001745329238474369,0.001745329238474369,0.001745329238474369,-0.001745329238474369,-0.001745329238474369,0,0,0,-0.001745329238474369,0.005235987715423107,0
0,-0.001745329238474369,0.001745329238474369,0.001745329238474369,-0.001745329238474369,-0.001745329238474369,0,0,0,-0.001745329238474369,0.005235987715423107,0
0,-0.001745329238474369,0.001745329238474369,0.001745329238474369,-0.001745329238474369,-0.001745329238474369,0,0,0,-0.001745329238474369,0.005235987715423107,0
0,-0.001745329238474369,0.001745329238474369,0.001745329238474369,-0.001745329238474369,-0.001745329238474369,0,0,0,-0.001745329238474369,0.005235987715423107,0
0,-0.001745329238474369,0.001745329238474369,0.001745329238474369,-0.001745329238474369,-0.001745329238474369,0,0,0,-0.001745329238474369,0.005235987715423107,0
0,-0.001745329238474369,0.001745329238474369,0.001745329238474369,-0.001745329238474369,-0.001745329238474369,0,0,0,-0.001745329238474369,0.005235987715423107,0
0,-0.001745329238474369,0.001745329238474369,0.001745329238474369,-0.001745329238474369,-0.001745329238474369,0,0,0,-0.001745329238474369,0.005235987715423107,0
0,-0.001745329238474369,0.001745329238474369,0.001745329238474369,-0.001745329238474369,-0.001745329238474369,0,0,0,-0.001745329238474369,0.005235987715423107,0
0,-0.001745329238474369,0.001745329238474369,0.001745329238474369,-0.001745329238474369,-0.001745329238474369,0,0,0,-0.001745329238474369,0.005235987715423107,0
0,-0.001745329238474369,0.001745329238474369,0.001745329238474369,-0.001745329238474369,-0.001745329238474369,0,0,0,-0.001745329238474369,0.005235987715423107,0
0,-0.001745329238474369,0.001745329238474369,0.001745329238474369,-0.001745329238474369,-0.001745329238474369,0,0,0,-0.001745329238474369,0.005235987715423107,0
0,-0.001745329238474369,0.001745329238474369,0.001745329238474369,-0.001745329238474369,-0.001745329238474369,0,0,0,-0.001745329238474369,0.005235987715423107,0
0,-0.001745329238474369,0.001745329238474369,0.001745329238474369,-0.001745329238474369,-0.001745329238474369,0,0,0,-0.001745329238474369,0.005235987715423107,0
0,-0.001745329238474369,0.001745329238474369,0.001745329238474369,-0.001745329238474369,-0.001745329238474369,0,0,0,-0.001745329238474369,0.005235987715423107,0
0,-0.001745329238474369,0.001745329238474369,0.001745329238474369,-0.001745329238474369,-0.001745329238474369,0,0,0,-0.001745329238474369,0.005235987715423107,0
0,-0.001745329238474369,0.001745329238474369,0.001745329238474369,-0.001745329238474369,-0.001745329238474369,0,0,0,-0.001745329238474369,0.005235987715423107,0
0,-0.001745329238474369,0.001745329238474369,0.001745329238474369,-0.001745329238474369,-0.001745329238474369,0,0,0,-0.001745329238474369,0.005235987715423107,0
0,-0.001745329238474369,0.001745329238474369,0.001745329238474369,-0.001745329238474369,-0.001745329238474369,0,0,0,-0.001745329238474369,0.005235987715423107,0
0,-0.001745329238474369,0.001745329238474369,0.001745329238474369,-0.001745329238474369,-0.001745329238474369,0,0,0,-0.001745329238474369,0.005235987715423107,0
0,-0.001745329238474369,0.001745329238474369,0.001745329238474369,-0.001745329238474369,-0.001745329238474369,0,0,0,-0.001745329238474369,0.005235987715423107,0
0,-0.001745329238474369,0.001745329238474369,0.001745329238474369,-0.001745329238474369,-0.001745329238474369,0,0,0,-0.001745329238474369,0.005235987715423107,0
0,-0.001745329238474369,0.001745329238474369,0.001745329238474369,-0.001745329238474369,-0.001745329238474369,0,0,0,-0.001745329238474369,0.005235987715423107,0
0,-0.001745329238474369,0.001745329238474369,0.001745329238474369,-0.001745329238474369,-0.001745329238474369,0,0,0,-0.001745329238474369,0.005235987715423107,0
0,-0.001745329238474369,0.001745329238474369,0.001745329238474369,-0.001745329238474369,-0.001745329238474369,0,0,0,-0.001745329238474369,0.005235987715423107,0
0,-0.001745329238474369,0.001745329238474369,0.001745329238474369,-0.001745329238474369,-0.001745329238474369,0,0,0,-0.001745329238474369,0.005235987715423107,0
0,-0.001745329238474369,0.001745329238474369,0.001745329238474369,-0.001745329238474369,-0.001745329238474369,0,0,0,-0.001745329238474369,0.005235987715423107,0
0,-0.001745329238474369,0.001745329238474369,0.001745329238474369,-0.001745329238474369,-0.001745329238474369,0,0,0,-0.001745329238474369,0.005235987715423107,0
0,-0.001745329238474369,0.001745329238474369,0.001745329238474369,-0.001745329238474369,-0.001745329238474369,0,0,0,-0.001745329238474369,0.005235987715423107,0
0,-0.001745329238474369,0.001745329238474369,0.001745329238474369,-0.001745329238474369,-0.001745329238474369,0,0,0,-0.001745329238474369,0.005235987715423107,0
0,-0.001745329238474369,0.001745329238474369,0.001745329238474369,-0.001745329238474369,-0.001745329238474369,0,0,0,-0.001745329238474369,0.005235987715423107,0
0,-0.001745329238474369,0.001745329238474369,0.001745329238474369,-0.001745329238474369,-0.001745329238474369,0,0,0,-0.001745329238474369,0.005235987715423107,0
0,-0.001745329238474369,0.001745329238474369,0.001745329238474369,-0.001745329238474369,-0.001745329238474369,0,0,0,-0.001745329238474369,0.005235987715423107,0
0,-0.001745329238474369,0.001745329238474369,0.001745329238474369,-0.001745329238474369,-0.001745329238474369,0,0,0,-0.001745329238474369,0.005235987715423107,0
0,-0.001745329238474369,0.001745329238474369,0.001745329238474369,-0.001745329238474369,-0.001745329238474369,0,0,0,-0.001745329238474369,0.005235987715423107,0
0,-0.001745329238474369,0.001745329238474369,0.001745329238474369,-0.001745329238474369,-0.001745329238474369,0,0,0,-0.001745329238474369,0.005235987715423107,0
0,-0.001745329238474369,0.001745329238474369,0.001745329238474369,-0.001745329238474369,-0.001745329238474369,0,0,0,-0.001745329238474369,0.005235987715423107,0
0,-0.001745329238474369,0.001745329238474369,0.001745329238474369,-0.001745329238474369,-0.001745329238474369,0,0,0,-0.001745329238474369,0.005235987715423107,0
0,-0.001745329238474369,0.001745329238474369,0.001745329238474369,-0.001745329238474369,-0.001745329238474369,0,0,0,-0.001745329238474369,0.005235987715423107,0
0,-0.001745329238474369,0.001745329238474369,0.001745329238474369,-0.001745329238474369,-0.001745329238474369,0,0,0,-0.001745329238474369,0.005235987715423107,0
0,-0.001745329238474369,0.001745329238474369,0.001745329238474369,-0.001745329238474369,-0.001745329238474369,0,0,0,-0.001745329238474369,0.005235987715423107,0
0,-0.001745329238474369,0.001745329238474369,0.001745329238474369,-0.001745329238474369,-0.001745329238474369,0,0,0,-0.001745329238474369,0.005235987715423107,0
0,-0.001745329238474369,0.001745329238474369,0.001745329238474369,-0.001745329238474369,-0.001745329238474369,0,0,0,-0.001745329238474369,0.005235987715423107,0
-0.001745329238474369,-0.001745329238474369,0.001745329238474369,0.001745329238474369,-0.001745329238474369,-0.001745329238474369,0,0,0,-0.001745329238474369,0.005235987715423107,0
0,-0.001745329238474369,0.001745329238474369,0.001745329238474369,-0.001745329238474369,-0.001745329238474369,0,0,0,-0.001745329238474369,0.005235987715423107,0
0,-0.001745329238474369,0.001745329238474369,0.001745329238474369,-0.001745329238474369,-0.001745329238474369,0,0,0,-0.001745329238474369,0.005235987715423107,0
0,-0.001745329238474369,0.001745329238474369,0.001745329238474369,-0.001745329238474369,-0.001745329238474369,0,0,0,-0.001745329238474369,0.005235987715423107,0
0,-0.001745329238474369,0.001745329238474369,0.001745329238474369,-0.001745329238474369,-0.001745329238474369,0,0,0,-0.001745329238474369,0.005235987715423107,0
0,-0.001745329238474369,0.001745329238474369,0.001745329238474369,-0.001745329238474369,-0.001745329238474369,0,0,0,-0.001745329238474369,0.005235987715423107,0
0,-0.001745329238474369,0.001745329238474369,0.001745329238474369,-0.001745329238474369,-0.001745329238474369,0,0,0,-0.001745329238474369,0.005235987715423107,0
0,-0.001745329238474369,0.001745329238474369,0.001745329238474369,-0.001745329238474369,-0.001745329238474369,0,0,0,-0.001745329238474369,0.005235987715423107,0
0,-0.001745329238474369,0.001745329238474369,0.001745329238474369,-0.001745329238474369,-0.001745329238474369,0,0,0,-0.001745329238474369,0.005235987715423107,0
0,-0.001745329238474369,0.001745329238474369,0.001745329238474369,-0.001745329238474369,-0.001745329238474369,0,0,0,-0.001745329238474369,0.005235987715423107,0
0,-0.001745329238474369,0.001745329238474369,0.001745329238474369,-0.001745329238474369,-0.001745329238474369,0,0,0,-0.001745329238474369,0.005235987715423107,0
0,-0.001745329238474369,0.001745329238474369,0.001745329238474369,-0.001745329238474369,-0.001745329238474369,0,0,0,-0.001745329238474369,0.005235987715423107,0
0,-0.001745329238474369,0.001745329238474369,0.001745329238474369,-0.001745329238474369,-0.001745329238474369,0,0,0,-0.001745329238474369,0.005235987715423107,0
0,-0.001745329238474369,0.001745329238474369,0.001745329238474369,-0.001745329238474369,-0.001745329238474369,0,0,0,-0.001745329238474369,0.005235987715423107,0
0,-0.001745329238474369,0.001745329238474369,0.001745329238474369,-0.001745329238474369,-0.001745329238474369,0,0,0,-0.001745329238474369,0.005235987715423107,0
0,-0.001745329238474369,0.001745329238474369,0.001745329238474369,-0.001745329238474369,-0.001745329238474369,0,0,0,-0.001745329238474369,0.005235987715423107,0
0,-0.001745329238474369,0.001745329238474369,0.001745329238474369,-0.001745329238474369,-0.001745329238474369,0,0,0,-0.001745329238474369,0.005235987715423107,0
0,-0.001745329238474369,0.001745329238474369,0.001745329238474369,-0.001745329238474369,-0.001745329238474369,0,0,0,-0.001745329238474369,0.005235987715423107,0
0,-0.001745329238474369,0.001745329238474369,0.001745329238474369,-0.001745329238474369,-0.001745329238474369,0,0,0,-0.001745329238474369,0.005235987715423107,0
0,-0.001745329238474369,0.001745329238474369,0.001745329238474369,-0.001745329238474369,-0.001745329238474369,0,0,0,-0.001745329238474369,0.005235987715423107,0
0,-0.001745329238474369,0.001745329238474369,0.001745329238474369,-0.001745329238474369,-0.001745329238474369,0,0,0,-0.001745329238474369,0.005235987715423107,0
0,-0.001745329238474369,0.001745329238474369,0.001745329238474369,-0.001745329238474369,-0.001745329238474369,0,0,0,-0.001745329238474369,0.005235987715423107,0
0,-0.001745329238474369,0.001745329238474369,0.001745329238474369,-0.001745329238474369,-0.001745329238474369,0,0,0,-0.001745329238474369,0.005235987715423107,0
0,-0.001745329238474369,0.001745329238474369,0.001745329238474369,-0.001745329238474369,-0.001745329238474369,0,0,0,-0.001745329238474369,0.005235987715423107,0
0,-0.001745329238474369,0.001745329238474369,0.001745329238474369,-0.001745329238474369,-0.001745329238474369,0,0,0,-0.001745329238474369,0.005235987715423107,0
0,-0.001745329238474369,0.001745329238474369,0.001745329238474369,-0.001745329238474369,-0.001745329238474369,0,0,0,-0.001745329238474369,0.005235987715423107,0
0,-0.001745329238474369,0.001745329238474369,0.001745329238474369,-0.001745329238474369,-0.001745329238474369,0,0,0,-0.001745329238474369,0.005235987715423107,0
0,-0.001745329238474369,0.001745329238474369,0.001745329238474369,-0.001745329238474369,-0.001745329238474369,0,0,0,-0.001745329238474369,0.005235987715423107,0
0,-0.001745329238474369,0.001745329238474369,0.001745329238474369,-0.001745329238474369,-0.001745329238474369,0,0,0,-0.001745329238474369,0.005235987715423107,0
0,-0.001745329238474369,0.001745329238474369,0.001745329238474369,-0.001745329238474369,-0.001745329238474369,0,0,0,-0.001745329238474369,0.005235987715423107,0
0,-0.001745329238474369,0.001745329238474369,0.001745329238474369,-0.001745329238474369,-0.001745329238474369,0,0,0,-0.001745329238474369,0.005235987715423107,0
0,-0.001745329238474369,0.001745329238474369,0.001745329238474369,-0.001745329238474369,-0.001745329238474369,0,0,0,-0.001745329238474369,0.005235987715423107,0
0,-0.001745329238474369,0.001745329238474369,0.001745329238474369,-0.001745329238474369,-0.001745329238474369,0,0,0,-0.001745329238474369,0.005235987715423107,0
0,-0.001745329238474369,0.001745329238474369,0.001745329238474369,-0.001745329238474369,-0.001745329238474369,0,0,0,-0.001745329238474369,0.005235987715423107,0
0,-0.001745329238474369,0.001745329238474369,0.001745329238474369,-0.001745329238474369,-0.001745329238474369,0,0,0,-0.001745329238474369,0.005235987715423107,0
0,-0.001745329238474369,0.001745329238474369,0.001745329238474369,-0.001745329238474369,-0.001745329238474369,0,0,0,-0.001745329238474369,0.005235987715423107,0
0,-0.001745329238474369,0.001745329238474369,0.001745329238474369,-0.001745329238474369,-0.001745329238474369,0,0,0,-0.001745329238474369,0.005235987715423107,0
0,-0.001745329238474369,0.001745329238474369,0.001745329238474369,-0.001745329238474369,-0.001745329238474369,0,0,0,-0.001745329238474369,0.005235987715423107,0
0,-0.001745329238474369,0.001745329238474369,0.001745329238474369,-0.001745329238474369,-0.001745329238474369,0,0,0,-0.001745329238474369,0.005235987715423107,0
0,-0.001745329238474369,0.001745329238474369,0.001745329238474369,-0.001745329238474369,-0.001745329238474369,0,0,0,-0.001745329238474369,0.005235987715423107,0
0,-0.001745329238474369,0.001745329238474369,0.001745329238474369,-0.001745329238474369,-0.001745329238474369,0,0,0,-0.001745329238474369,0.005235987715423107,0
0,-0.001745329238474369,0.001745329238474369,0.001745329238474369,-0.001745329238474369,-0.001745329238474369,0,0,0,-0.001745329238474369,0.005235987715423107,0
0,-0.001745329238474369,0.001745329238474369,0.001745329238474369,-0.001745329238474369,-0.001745329238474369,0,0,0,-0.001745329238474369,0.005235987715423107,0
0,-0.001745329238474369,0.001745329238474369,0.001745329238474369,-0.001745329238474369,-0.001745329238474369,0,0,0,-0.001745329238474369,0.005235987715423107,0
0,-0.001745329238474369,0.001745329238474369,0.001745329238474369,-0.001745329238474369,-0.001745329238474369,0,0,0,-0.001745329238474369,0.005235987715423107,0
0,-0.001745329238474369,0.001745329238474369,0.001745329238474369,-0.001745329238474369,-0.001745329238474369,0,0,0,-0.001745329238474369,0.005235987715423107,0
0,-0.001745329238474369,0.001745329238474369,0.001745329238474369,-0.001745329238474369,-0.001745329238474369,0,0,0,-0.001745329238474369,0.005235987715423107,0
0,-0.001745329238474369,0.001745329238474369,0.001745329238474369,-0.001745329238474369,-0.001745329238474369,0,0,0,-0.001745329238474369,0.005235987715423107,0
0,-0.001745329238474369,0.001745329238474369,0.001745329238474369,-0.001745329238474369,-0.001745329238474369,0,0,0,-0.001745329238474369,0.005235987715423107,0
0,-0.001745329238474369,0.001745329238474369,0.001745329238474369,-0.001745329238474369,-0.001745329238474369,0,0,0,-0.001745329238474369,0.005235987715423107,0
0,-0.001745329238474369,0.001745329238474369,0.001745329238474369,-0.001745329238474369,-0.001745329238474369,0,0,0,-0.001745329238474369,0.005235987715423107,0
0,-0.001745329238474369,0.001745329238474369,0.001745329238474369,-0.001745329238474369,-0.001745329238474369,0,0,0,-0.001745329238474369,0.005235987715423107,0
0,-0.001745329238474369,0.001745329238474369,0.001745329238474369,-0.001745329238474369,-0.001745329238474369,0,0,0,-0.001745329238474369,0.005235987715423107,0
0,-0.001745329238474369,0.001745329238474369,0.001745329238474369,-0.001745329238474369,-0.001745329238474369,0,0,0,-0.001745329238474369,0.005235987715423107,0
0,-0.001745329238474369,0.001745329238474369,0.001745329238474369,-0.001745329238474369,-0.001745329238474369,0,0,0,-0.001745329238474369,0.005235987715423107,0
0,-0.001745329238474369,0.001745329238474369,0.001745329238474369,-0.001745329238474369,-0.001745329238474369,0,0,0,-0.001745329238474369,0.005235987715423107,0
0,-0.001745329238474369,0.001745329238474369,0.001745329238474369,-0.001745329238474369,-0.001745329238474369,0,0,0,-0.001745329238474369,0.005235987715423107,0
0,-0.001745329238474369,0.001745329238474369,0.001745329238474369,-0.001745329238474369,-0.001745329238474369,0,0,0,-0.001745329238474369,0.005235987715423107,0
0,-0.001745329238474369,0.001745329238474369,0.001745329238474369,-0.001745329238474369,-0.001745329238474369,0,0,0,-0.001745329238474369,0.005235987715423107,0
0,-0.001745329238474369,0.001745329238474369,0.001745329238474369,-0.001745329238474369,-0.001745329238474369,0,0,0,-0.001745329238474369,0.005235987715423107,0
0,-0.001745329238474369,0.001745329238474369,0.001745329238474369,-0.001745329238474369,-0.001745329238474369,0,0,0,-0.001745329238474369,0.005235987715423107,0
0,-0.001745329238474369,0.001745329238474369,0.001745329238474369,-0.001745329238474369,-0.001745329238474369,0,0,0,-0.001745329238474369,0.005235987715423107,0
0,-0.001745329238474369,0.001745329238474369,0.001745329238474369,-0.001745329238474369,-0.001745329238474369,0,0,0,-0.001745329238474369,0.005235987715423107,0
0,-0.001745329238474369,0.001745329238474369,0.001745329238474369,-0.001745329238474369,-0.001745329238474369,0,0,0,-0.001745329238474369,0.005235987715423107,0
0,-0.001745329238474369,0.001745329238474369,0.001745329238474369,-0.001745329238474369,-0.001745329238474369,0,0,0,-0.001745329238474369,0.005235987715423107,0
0,-0.001745329238474369,0.001745329238474369,0.001745329238474369,-0.001745329238474369,-0.001745329238474369,0,0,0,-0.001745329238474369,0.005235987715423107,0
0,-0.001745329238474369,0.001745329238474369,0.001745329238474369,-0.001745329238474369,-0.001745329238474369,0,0,0,-0.001745329238474369,0.005235987715423107,0
0,-0.001745329238474369,0.001745329238474369,0.001745329238474369,-0.001745329238474369,-0.001745329238474369,0,0,0,-0.001745329238474369,0.005235987715423107,0
0,-0.001745329238474369,0.001745329238474369,0.001745329238474369,-0.001745329238474369,-0.001745329238474369,0,0,0,-0.001745329238474369,0.005235987715423107,0
0,-0.001745329238474369,0.001745329238474369,0.001745329238474369,-0.001745329238474369,-0.001745329238474369,0,0,0,-0.001745329238474369,0.005235987715423107,0
0,-0.001745329238474369,0.001745329238474369,0.001745329238474369,-0.001745329238474369,-0.001745329238474369,0,0,0,-0.001745329238474369,0.005235987715423107,0
0,-0.001745329238474369,0.001745329238474369,0.001745329238474369,-0.001745329238474369,-0.001745329238474369,0,0,0,-0.001745329238474369,0.005235987715423107,0
0,-0.001745329238474369,0.001745329238474369,0.001745329238474369,-0.001745329238474369,-0.001745329238474369,0,0,0,-0.001745329238474369,0.005235987715423107,0
0,-0.001745329238474369,0.001745329238474369,0.001745329238474369,-0.001745329238474369,-0.001745329238474369,0,0,0,-0.001745329238474369,0.005235987715423107,0
0,-0.001745329238474369,0.001745329238474369,0.001745329238474369,-0.001745329238474369,-0.001745329238474369,0,0,0,-0.001745329238474369,0.005235987715423107,0
0,-0.001745329238474369,0.001745329238474369,0.001745329238474369,-0.001745329238474369,-0.001745329238474369,0,0,0,-0.001745329238474369,0.005235987715423107,0
0,-0.001745329238474369,0.001745329238474369,0.001745329238474369,-0.001745329238474369,-0.001745329238474369,0,0,0,-0.001745329238474369,0.005235987715423107,0
0,-0.001745329238474369,0.001745329238474369,0.001745329238474369,-0.001745329238474369,-0.001745329238474369,0,0,0,-0.001745329238474369,0.005235987715423107,0
0,-0.001745329238474369,0.001745329238474369,0.001745329238474369,-0.001745329238474369,-0.001745329238474369,0,0,0,-0.001745329238474369,0.005235987715423107,0
0,-0.001745329238474369,0.001745329238474369,0.001745329238474369,-0.001745329238474369,-0.001745329238474369,0,0,0,-0.001745329238474369,0.005235987715423107,0
0,-0.001745329238474369,0.001745329238474369,0.001745329238474369,-0.001745329238474369,-0.001745329238474369,0,0,0,-0.001745329238474369,0.005235987715423107,0
0.001745329238474369,-0.001745329238474369,0.001745329238474369,0.001745329238474369,-0.001745329238474369,-0.001745329238474369,0,0,0,-0.001745329238474369,0.005235987715423107,0
0,-0.001745329238474369,0.001745329238474369,0.001745329238474369,-0.001745329238474369,-0.001745329238474369,0,0,0,-0.001745329238474369,0.005235987715423107,0
0,-0.001745329238474369,0.001745329238474369,0.001745329238474369,-0.001745329238474369,-0.001745329238474369,0,0,0,-0.001745329238474369,0.005235987715423107,0
0,-0.001745329238474369,0.001745329238474369,0.001745329238474369,-0.001745329238474369,-0.001745329238474369,0,0,0,-0.001745329238474369,0.005235987715423107,0
0,-0.001745329238474369,0.001745329238474369,0.001745329238474369,-0.001745329238474369,-0.001745329238474369,0,0,0,-0.001745329238474369,0.005235987715423107,0
0,-0.001745329238474369,0.001745329238474369,0.001745329238474369,-0.001745329238474369,-0.001745329238474369,0,0,0,-0.001745329238474369,0.005235987715423107,0
0,-0.001745329238474369,0.001745329238474369,0.001745329238474369,-0.001745329238474369,-0.001745329238474369,0,0,0,-0.001745329238474369,0.005235987715423107,0
0,-0.001745329238474369,0.001745329238474369,0.001745329238474369,-0.001745329238474369,-0.001745329238474369,0,0,0,-0.001745329238474369,0.005235987715423107,0
0,-0.001745329238474369,0.001745329238474369,0.001745329238474369,-0.001745329238474369,-0.001745329238474369,0,0,0,-0.001745329238474369,0.005235987715423107,0
0,-0.001745329238474369,0.001745329238474369,0.001745329238474369,-0.001745329238474369,-0.001745329238474369,0,0,0,-0.001745329238474369,0.005235987715423107,0
0,-0.001745329238474369,0.001745329238474369,0.001745329238474369,-0.001745329238474369,-0.001745329238474369,0,0,0,-0.001745329238474369,0.005235987715423107,0
0,-0.001745329238474369,0.001745329238474369,0.001745329238474369,-0.001745329238474369,-0.001745329238474369,0,0,0,-0.001745329238474369,0.005235987715423107,0
0,-0.001745329238474369,0.001745329238474369,0.001745329238474369,-0.001745329238474369,-0.001745329238474369,0,0,0,-0.001745329238474369,0.005235987715423107,0
0,-0.001745329238474369,0.001745329238474369,0.001745329238474369,-0.001745329238474369,-0.001745329238474369,0,0,0,-0.001745329238474369,0.005235987715423107,0
0,-0.001745329238474369,0.001745329238474369,0.001745329238474369,-0.001745329238474369,-0.001745329238474369,0,0,0,-0.001745329238474369,0.005235987715423107,0
0,-0.001745329238474369,0.001745329238474369,0.001745329238474369,-0.001745329238474369,-0.001745329238474369,0,0,0,-0.001745329238474369,0.005235987715423107,0
0,-0.001745329238474369,0.001745329238474369,0.001745329238474369,-0.001745329238474369,-0.001745329238474369,0,0,0,-0.001745329238474369,0.005235987715423107,0
0,-0.001745329238474369,0.001745329238474369,0.001745329238474369,-0.001745329238474369,-0.001745329238474369,0,0,0,-0.001745329238474369,0.005235987715423107,0
0,-0.001745329238474369,0.001745329238474369,0.001745329238474369,-0.001745329238474369,-0.001745329238474369,0,0,0,-0.001745329238474369,0.005235987715423107,0
0,-0.001745329238474369,0.001745329238474369,0.001745329238474369,-0.001745329238474369,-0.001745329238474369,0,0,0,-0.001745329238474369,0.005235987715423107,0
0,-0.001745329238474369,0.001745329238474369,0.001745329238474369,-0.001745329238474369,-0.001745329238474369,0,0,0,-0.001745329238474369,0.005235987715423107,0
0,-0.001745329238474369,0.001745329238474369,0.001745329238474369,-0.001745329238474369,-0.001745329238474369,0,0,0,-0.001745329238474369,0.005235987715423107,0
0,-0.001745329238474369,0.001745329238474369,0.001745329238474369,-0.001745329238474369,-0.001745329238474369,0,0,0,-0.001745329238474369,0.005235987715423107,0
0,-0.001745329238474369,0.001745329238474369,0.001745329238474369,-0.001745329238474369,-0.001745329238474369,0,0,0,-0.001745329238474369,0.005235987715423107,0
0,-0.001745329238474369,0.001745329238474369,0.001745329238474369,-0.001745329238474369,-0.001745329238474369,0,0,0,-0.001745329238474369,0.005235987715423107,0
0,-0.001745329238474369,0.001745329238474369,0.001745329238474369,-0.001745329238474369,-0.001745329238474369,0,0,0,-0.001745329238474369,0.005235987715423107,0
0,-0.001745329238474369,0.001745329238474369,0.001745329238474369,-0.001745329238474369,-0.001745329238474369,0,0,0,-0.001745329238474369,0.005235987715423107,0
0,-0.001745329238474369,0.001745329238474369,0.001745329238474369,-0.001745329238474369,-0.001745329238474369,0,0,0,-0.001745329238474369,0.005235987715423107,0
0,-0.001745329238474369,0.001745329238474369,0.001745329238474369,-0.001745329238474369,-0.001745329238474369,0,0,0,-0.001745329238474369,0.005235987715423107,0
0,-0.001745329238474369,0.001745329238474369,0.001745329238474369,-0.001745329238474369,-0.001745329238474369,0,0,0,-0.001745329238474369,0.005235987715423107,0
0,-0.001745329238474369,0.001745329238474369,0.001745329238474369,-0.001745329238474369,-0.001745329238474369,0,0,0,-0.001745329238474369,0.005235987715423107,0
0,-0.001745329238474369,0.001745329238474369,0.001745329238474369,-0.001745329238474369,-0.001745329238474369,0,0,0,-0.001745329238474369,0.005235987715423107,0
0,-0.001745329238474369,0.001745329238474369,0.001745329238474369,-0.001745329238474369,-0.001745329238474369,0,0,0,-0.001745329238474369,0.005235987715423107,0
0,-0.001745329238474369,0.001745329238474369,0.001745329238474369,-0.001745329238474369,-0.001745329238474369,0,0,0,-0.001745329238474369,0.005235987715423107,0
0,-0.001745329238474369,0.001745329238474369,0.001745329238474369,-0.001745329238474369,-0.001745329238474369,0,0,0,-0.001745329238474369,0.005235987715423107,0
0,-0.001745329238474369,0.001745329238474369,0.001745329238474369,-0.001745329238474369,-0.001745329238474369,0,0,0,-0.001745329238474369,0.005235987715423107,0
-0.001745329238474369,-0.001745329238474369,0.001745329238474369,0.001745329238474369,-0.001745329238474369,-0.001745329238474369,0,0,0,-0.001745329238474369,0.005235987715423107,0
-0.001745329238474369,-0.001745329238474369,0.001745329238474369,0.001745329238474369,-0.001745329238474369,-0.001745329238474369,0,0,0,-0.001745329238474369,0.005235987715423107,0
0,-0.001745329238474369,0.001745329238474369,0.001745329238474369,-0.001745329238474369,-0.001745329238474369,0,0,0,-0.001745329238474369,0.005235987715423107,0
0.001745329238474369,-0.001745329238474369,0.001745329238474369,0.001745329238474369,-0.001745329238474369,-0.001745329238474369,0,0,0,-0.001745329238474369,0.005235987715423107,0
0,-0.001745329238474369,0.001745329238474369,0.001745329238474369,-0.001745329238474369,-0.001745329238474369,0,0,0,-0.001745329238474369,0.005235987715423107,0
0,-0.001745329238474369,0.001745329238474369,0.001745329238474369,-0.001745329238474369,-0.001745329238474369,0,0,0,-0.001745329238474369,0.005235987715423107,0
0,-0.001745329238474369,0.001745329238474369,0.001745329238474369,-0.001745329238474369,-0.001745329238474369,0,0,0,-0.001745329238474369,0.005235987715423107,0
0,-0.001745329238474369,0.001745329238474369,0.001745329238474369,-0.001745329238474369,-0.001745329238474369,0,0,0,-0.001745329238474369,0.005235987715423107,0
0,-0.001745329238474369,0.001745329238474369,0.001745329238474369,-0.001745329238474369,-0.001745329238474369,0,0,0,-0.001745329238474369,0.005235987715423107,0
0,-0.001745329238474369,0.001745329238474369,0.001745329238474369,-0.001745329238474369,-0.001745329238474369,0,0,0,-0.001745329238474369,0.005235987715423107,0
0,-0.001745329238474369,0.001745329238474369,0.001745329238474369,-0.001745329238474369,-0.001745329238474369,0,0,0,-0.001745329238474369,0.005235987715423107,0
0,-0.001745329238474369,0.001745329238474369,0.001745329238474369,-0.001745329238474369,-0.001745329238474369,0,0,0,-0.001745329238474369,0.005235987715423107,0
0,-0.001745329238474369,0.001745329238474369,0.001745329238474369,-0.001745329238474369,-0.001745329238474369,0,0,0,-0.001745329238474369,0.005235987715423107,0
0,-0.001745329238474369,0.001745329238474369,0.001745329238474369,-0.001745329238474369,-0.001745329238474369,0,0,0,-0.001745329238474369,0.005235987715423107,0
0,-0.001745329238474369,0.001745329238474369,0.001745329238474369,-0.001745329238474369,-0.001745329238474369,0,0,0,-0.001745329238474369,0.005235987715423107,0
0,-0.001745329238474369,0.001745329238474369,0.001745329238474369,-0.001745329238474369,-0.001745329238474369,0,0,0,-0.001745329238474369,0.005235987715423107,0
0,-0.001745329238474369,0.001745329238474369,0.001745329238474369,-0.001745329238474369,-0.001745329238474369,0,0,0,-0.001745329238474369,0.005235987715423107,0
0,-0.001745329238474369,0.001745329238474369,0.001745329238474369,-0.001745329238474369,-0.001745329238474369,0,0,0,-0.001745329238474369,0.005235987715423107,0
0,-0.001745329238474369,0.001745329238474369,0.001745329238474369,-0.001745329238474369,-0.001745329238474369,0,0,0,-0.001745329238474369,0.005235987715423107,0
0,-0.001745329238474369,0.001745329238474369,0.001745329238474369,-0.001745329238474369,-0.001745329238474369,0,0,0,-0.001745329238474369,0.005235987715423107,0
0,-0.001745329238474369,0.001745329238474369,0.001745329238474369,-0.001745329238474369,-0.001745329238474369,0,0,0,-0.001745329238474369,0.005235987715423107,0
0,-0.001745329238474369,0.001745329238474369,0.001745329238474369,-0.001745329238474369,-0.001745329238474369,0,0,0,-0.001745329238474369,0.005235987715423107,0
0,-0.001745329238474369,0.001745329238474369,0.001745329238474369,-0.001745329238474369,-0.001745329238474369,0,0,0,-0.001745329238474369,0.005235987715423107,0
0,-0.001745329238474369,0.001745329238474369,0.001745329238474369,-0.001745329238474369,-0.001745329238474369,0,0,0,-0.001745329238474369,0.005235987715423107,0
0,-0.001745329238474369,0.001745329238474369,0.001745329238474369,-0.001745329238474369,-0.001745329238474369,0,0,0,-0.001745329238474369,0.005235987715423107,0
0,-0.001745329238474369,0.001745329238474369,0.001745329238474369,-0.001745329238474369,-0.001745329238474369,0,0,0,-0.001745329238474369,0.005235987715423107,0
0,-0.001745329238474369,0.001745329238474369,0.001745329238474369,-0.001745329238474369,-0.001745329238474369,0,0,0,-0.001745329238474369,0.005235987715423107,0
0,-0.001745329238474369,0.001745329238474369,0.001745329238474369,-0.001745329238474369,-0.001745329238474369,0,0,0,-0.001745329238474369,0.005235987715423107,0
0,-0.001745329238474369,0.001745329238474369,0.001745329238474369,-0.001745329238474369,-0.001745329238474369,0,0,0,-0.001745329238474369,0.005235987715423107,0
0,-0.001745329238474369,0.001745329238474369,0.001745329238474369,-0.001745329238474369,-0.001745329238474369,0,0,0,-0.001745329238474369,0.005235987715423107,0
0,-0.001745329238474369,0.001745329238474369,0.001745329238474369,-0.001745329238474369,-0.001745329238474369,0,0,0,-0.001745329238474369,0.005235987715423107,0
0,-0.001745329238474369,0.001745329238474369,0.001745329238474369,-0.001745329238474369,-0.001745329238474369,0,0,0,-0.001745329238474369,0.005235987715423107,0
0,-0.001745329238474369,0.001745329238474369,0.001745329238474369,-0.001745329238474369,-0.001745329238474369,0,0,0,-0.001745329238474369,0.005235987715423107,0
0,-0.001745329238474369,0.001745329238474369,0.001745329238474369,-0.001745329238474369,-0.001745329238474369,0,0,0,-0.001745329238474369,0.005235987715423107,0
0,-0.001745329238474369,0.001745329238474369,0.001745329238474369,-0.001745329238474369,-0.001745329238474369,0,0,0,-0.001745329238474369,0.005235987715423107,0
0,-0.001745329238474369,0.001745329238474369,0.001745329238474369,-0.001745329238474369,-0.001745329238474369,0,0,0,-0.001745329238474369,0.005235987715423107,0
0,-0.001745329238474369,0.001745329238474369,0.001745329238474369,-0.001745329238474369,-0.001745329238474369,0,0,0,-0.001745329238474369,0.005235987715423107,0
0,-0.001745329238474369,0.001745329238474369,0.001745329238474369,-0.001745329238474369,-0.001745329238474369,0,0,0,-0.001745329238474369,0.005235987715423107,0
0,-0.001745329238474369,0.001745329238474369,0.001745329238474369,-0.001745329238474369,-0.001745329238474369,0,0,0,-0.001745329238474369,0.005235987715423107,0
0,-0.001745329238474369,0.001745329238474369,0.001745329238474369,-0.001745329238474369,-0.001745329238474369,0,0,0,-0.001745329238474369,0.005235987715423107,0
0,-0.001745329238474369,0.001745329238474369,0.001745329238474369,-0.001745329238474369,-0.001745329238474369,0,0,0,-0.001745329238474369,0.005235987715423107,0
0,-0.001745329238474369,0.001745329238474369,0.001745329238474369,-0.001745329238474369,-0.001745329238474369,0,0,0,-0.001745329238474369,0.005235987715423107,0
0,-0.001745329238474369,0.001745329238474369,0.001745329238474369,-0.001745329238474369,-0.001745329238474369,0,0,0,-0.001745329238474369,0.005235987715423107,0
0,-0.001745329238474369,0.001745329238474369,0.001745329238474369,-0.001745329238474369,-0.001745329238474369,0,0,0,-0.001745329238474369,0.005235987715423107,0
0,-0.001745329238474369,0.001745329238474369,0.001745329238474369,-0.001745329238474369,-0.001745329238474369,0,0,0,-0.001745329238474369,0.005235987715423107,0
0,-0.001745329238474369,0.001745329238474369,0.001745329238474369,-0.001745329238474369,-0.001745329238474369,0,0,0,-0.001745329238474369,0.005235987715423107,0
0,-0.001745329238474369,0.001745329238474369,0.001745329238474369,-0.001745329238474369,-0.001745329238474369,0,0,0,-0.001745329238474369,0.005235987715423107,0
0,-0.001745329238474369,0.001745329238474369,0.001745329238474369,-0.001745329238474369,-0.001745329238474369,0,0,0,-0.001745329238474369,0.005235987715423107,0
0,-0.001745329238474369,0.001745329238474369,0.001745329238474369,-0.001745329238474369,-0.001745329238474369,0,0,0,-0.001745329238474369,0.005235987715423107,0
0,-0.001745329238474369,0.001745329238474369,0.001745329238474369,-0.001745329238474369,-0.001745329238474369,0,0,0,-0.001745329238474369,0.005235987715423107,0
0,-0.001745329238474369,0.001745329238474369,0.001745329238474369,-0.001745329238474369,-0.001745329238474369,0,0,0,-0.001745329238474369,0.005235987715423107,0
0,-0.001745329238474369,0.001745329238474369,0.001745329238474369,-0.001745329238474369,-0.001745329238474369,0,0,0,-0.001745329238474369,0.005235987715423107,0
0,-0.001745329238474369,0.001745329238474369,0.001745329238474369,-0.001745329238474369,-0.001745329238474369,0,0,0,-0.001745329238474369,0.005235987715423107,0
0,-0.001745329238474369,0.001745329238474369,0.001745329238474369,-0.001745329238474369,-0.001745329238474369,0,0,0,-0.001745329238474369,0.005235987715423107,0
0,-0.001745329238474369,0.001745329238474369,0.001745329238474369,-0.001745329238474369,-0.001745329238474369,0,0,0,-0.001745329238474369,0.005235987715423107,0
0,-0.001745329238474369,0.001745329238474369,0.001745329238474369,-0.001745329238474369,-0.001745329238474369,0,0,0,-0.001745329238474369,0.005235987715423107,0
0,-0.001745329238474369,0.001745329238474369,0.001745329238474369,-0.001745329238474369,-0.001745329238474369,0,0,0,-0.001745329238474369,0.005235987715423107,0
0,-0.001745329238474369,0.001745329238474369,0.001745329238474369,-0.001745329238474369,-0.001745329238474369,0,0,0,-0.001745329238474369,0.005235987715423107,0
0,-0.001745329238474369,0.001745329238474369,0.001745329238474369,-0.001745329238474369,-0.001745329238474369,0,0,0,-0.001745329238474369,0.005235987715423107,0
0,-0.001745329238474369,0.001745329238474369,0.001745329238474369,-0.001745329238474369,-0.001745329238474369,0,0,0,-0.001745329238474369,0.005235987715423107,0
0,-0.001745329238474369,0.001745329238474369,0.001745329238474369,-0.001745329238474369,-0.001745329238474369,0,0,0,-0.001745329238474369,0.005235987715423107,0
0,-0.001745329238474369,0.001745329238474369,0.001745329238474369,-0.001745329238474369,-0.001745329238474369,0,0,0,-0.001745329238474369,0.005235987715423107,0
0,-0.001745329238474369,0.001745329238474369,0.001745329238474369,-0.001745329238474369,-0.001745329238474369,0,0,0,-0.001745329238474369,0.005235987715423107,0
0,-0.001745329238474369,0.001745329238474369,0.001745329238474369,-0.001745329238474369,-0.001745329238474369,0,0,0,-0.001745329238474369,0.005235987715423107,0
0,-0.001745329238474369,0.001745329238474369,0.001745329238474369,-0.001745329238474369,-0.001745329238474369,0,0,0,-0.001745329238474369,0.005235987715423107,0
0,-0.001745329238474369,0.001745329238474369,0.001745329238474369,-0.001745329238474369,-0.001745329238474369,0,0,0,-0.001745329238474369,0.005235987715423107,0
0,-0.001745329238474369,0.001745329238474369,0.001745329238474369,-0.001745329238474369,-0.001745329238474369,0,0,0,-0.001745329238474369,0.005235987715423107,0
0,-0.001745329238474369,0.001745329238474369,0.001745329238474369,-0.001745329238474369,-0.001745329238474369,0,0,0,-0.001745329238474369,0.005235987715423107,0
0,-0.001745329238474369,0.001745329238474369,0.001745329238474369,-0.001745329238474369,-0.001745329238474369,0,0,0,-0.001745329238474369,0.005235987715423107,0
0,-0.001745329238474369,0.001745329238474369,0.001745329238474369,-0.001745329238474369,-0.001745329238474369,0,0,0,-0.001745329238474369,0.005235987715423107,0
0,-0.001745329238474369,0.001745329238474369,0.001745329238474369,-0.001745329238474369,-0.001745329238474369,0,0,0,-0.001745329238474369,0.005235987715423107,0
0,-0.001745329238474369,0.001745329238474369,0.001745329238474369,-0.001745329238474369,-0.001745329238474369,0,0,0,-0.001745329238474369,0.005235987715423107,0
0,-0.001745329238474369,0.001745329238474369,0.001745329238474369,-0.001745329238474369,-0.001745329238474369,0,0,0,-0.001745329238474369,0.005235987715423107,0
0,-0.001745329238474369,0.001745329238474369,0.001745329238474369,-0.001745329238474369,-0.001745329238474369,0,0,0,-0.001745329238474369,0.005235987715423107,0
0,-0.001745329238474369,0.001745329238474369,0.001745329238474369,-0.001745329238474369,-0.001745329238474369,0,0,0,-0.001745329238474369,0.005235987715423107,0
0,-0.001745329238474369,0.001745329238474369,0.001745329238474369,-0.001745329238474369,-0.001745329238474369,0,0,0,-0.001745329238474369,0.005235987715423107,0
0,-0.001745329238474369,0.001745329238474369,0.001745329238474369,-0.001745329238474369,-0.001745329238474369,0,0,0,-0.001745329238474369,0.005235987715423107,0
0,-0.001745329238474369,0.001745329238474369,0.001745329238474369,-0.001745329238474369,-0.001745329238474369,0,0,0,-0.001745329238474369,0.005235987715423107,0
0,-0.001745329238474369,0.001745329238474369,0.001745329238474369,-0.001745329238474369,-0.001745329238474369,0,0,0,-0.001745329238474369,0.005235987715423107,0
0,-0.001745329238474369,0.001745329238474369,0.001745329238474369,-0.001745329238474369,-0.001745329238474369,0,0,0,-0.001745329238474369,0.005235987715423107,0
0,-0.001745329238474369,0.001745329238474369,0.001745329238474369,-0.001745329238474369,-0.001745329238474369,0,0,0,-0.001745329238474369,0.005235987715423107,0
0,-0.001745329238474369,0.001745329238474369,0.001745329238474369,-0.001745329238474369,-0.001745329238474369,0,0,0,-0.001745329238474369,0.005235987715423107,0
0,-0.001745329238474369,0.001745329238474369,0.001745329238474369,-0.001745329238474369,-0.001745329238474369,0,0,0,-0.001745329238474369,0.005235987715423107,0
0,-0.001745329238474369,0.001745329238474369,0.001745329238474369,-0.001745329238474369,-0.001745329238474369,0,0,0,-0.001745329238474369,0.005235987715423107,0
0,-0.001745329238474369,0.001745329238474369,0.001745329238474369,-0.001745329238474369,-0.001745329238474369,0,0,0,-0.001745329238474369,0.005235987715423107,0
0,-0.001745329238474369,0.001745329238474369,0.001745329238474369,-0.001745329238474369,-0.001745329238474369,0,0,0,-0.001745329238474369,0.005235987715423107,0
0,-0.001745329238474369,0.001745329238474369,0.001745329238474369,-0.001745329238474369,-0.001745329238474369,0,0,0,-0.001745329238474369,0.005235987715423107,0
0,-0.001745329238474369,0.001745329238474369,0.001745329238474369,-0.001745329238474369,-0.001745329238474369,0,0,0,-0.001745329238474369,0.005235987715423107,0
0,-0.001745329238474369,0.001745329238474369,0.001745329238474369,-0.001745329238474369,-0.001745329238474369,0,0,0,-0.001745329238474369,0.005235987715423107,0
0,-0.001745329238474369,0.001745329238474369,0.001745329238474369,-0.001745329238474369,-0.001745329238474369,0,0,0,-0.001745329238474369,0.005235987715423107,0
0,-0.001745329238474369,0.001745329238474369,0.001745329238474369,-0.001745329238474369,-0.001745329238474369,0,0,0,-0.001745329238474369,0.005235987715423107,0
0,-0.001745329238474369,0.001745329238474369,0.001745329238474369,-0.001745329238474369,-0.001745329238474369,0,0,0,-0.001745329238474369,0.005235987715423107,0
0,-0.001745329238474369,0.001745329238474369,0.001745329238474369,-0.001745329238474369,-0.001745329238474369,0,0,0,-0.001745329238474369,0.005235987715423107,0
0,-0.001745329238474369,0.001745329238474369,0.001745329238474369,-0.001745329238474369,-0.001745329238474369,0,0,0,-0.001745329238474369,0.005235987715423107,0
0,-0.001745329238474369,0.001745329238474369,0.001745329238474369,-0.001745329238474369,-0.001745329238474369,0,0,0,-0.001745329238474369,0.005235987715423107,0
0,-0.001745329238474369,0.001745329238474369,0.001745329238474369,-0.001745329238474369,-0.001745329238474369,0,0,0,-0.001745329238474369,0.005235987715423107,0
0,-0.001745329238474369,0.001745329238474369,0.001745329238474369,-0.001745329238474369,-0.001745329238474369,0,0,0,-0.001745329238474369,0.005235987715423107,0
0,-0.001745329238474369,0.001745329238474369,0.001745329238474369,-0.001745329238474369,-0.001745329238474369,0,0,0,-0.001745329238474369,0.005235987715423107,0
0,-0.001745329238474369,0.001745329238474369,0.001745329238474369,-0.001745329238474369,-0.001745329238474369,0,0,0,-0.001745329238474369,0.005235987715423107,0
0,-0.001745329238474369,0.001745329238474369,0.001745329238474369,-0.001745329238474369,-0.001745329238474369,0,0,0,-0.001745329238474369,0.005235987715423107,0
0,-0.001745329238474369,0.001745329238474369,0.001745329238474369,-0.001745329238474369,-0.001745329238474369,0,0,0,-0.001745329238474369,0.005235987715423107,0
0,-0.001745329238474369,0.001745329238474369,0.001745329238474369,-0.001745329238474369,-0.001745329238474369,0,0,0,-0.001745329238474369,0.005235987715423107,0
0,-0.001745329238474369,0.001745329238474369,0.001745329238474369,-0.001745329238474369,-0.001745329238474369,0,0,0,-0.001745329238474369,0.005235987715423107,0
0,-0.001745329238474369,0.001745329238474369,0.001745329238474369,-0.001745329238474369,-0.001745329238474369,0,0,0,-0.001745329238474369,0.005235987715423107,0
0,-0.001745329238474369,0.001745329238474369,0.001745329238474369,-0.001745329238474369,-0.001745329238474369,0,0,0,-0.001745329238474369,0.005235987715423107,0
0,-0.001745329238474369,0.001745329238474369,0.001745329238474369,-0.001745329238474369,-0.001745329238474369,0,0,0,-0.001745329238474369,0.005235987715423107,0
0,-0.001745329238474369,0.001745329238474369,0.001745329238474369,-0.001745329238474369,-0.001745329238474369,0,0,0,-0.001745329238474369,0.005235987715423107,0
0,-0.001745329238474369,0.001745329238474369,0.001745329238474369,-0.001745329238474369,-0.001745329238474369,0,0,0,-0.001745329238474369,0.005235987715423107,0
0,-0.001745329238474369,0.001745329238474369,0.001745329238474369,-0.001745329238474369,-0.001745329238474369,0,0,0,-0.001745329238474369,0.005235987715423107,0
0,-0.001745329238474369,0.001745329238474369,0.001745329238474369,-0.001745329238474369,-0.001745329238474369,0,0,0,-0.001745329238474369,0.005235987715423107,0
0,-0.001745329238474369,0.001745329238474369,0.001745329238474369,-0.001745329238474369,-0.001745329238474369,0,0,0,-0.001745329238474369,0.005235987715423107,0
0,-0.001745329238474369,0.001745329238474369,0.001745329238474369,-0.001745329238474369,-0.001745329238474369,0,0,0,-0.001745329238474369,0.005235987715423107,0
0,-0.001745329238474369,0.001745329238474369,0.001745329238474369,-0.001745329238474369,-0.001745329238474369,0,0,0,-0.001745329238474369,0.005235987715423107,0
0,-0.001745329238474369,0.001745329238474369,0.001745329238474369,-0.001745329238474369,-0.001745329238474369,0,0,0,-0.001745329238474369,0.005235987715423107,0
0,-0.001745329238474369,0.001745329238474369,0.001745329238474369,-0.001745329238474369,-0.001745329238474369,0,0,0,-0.001745329238474369,0.005235987715423107,0
0,-0.001745329238474369,0.001745329238474369,0.001745329238474369,-0.001745329238474369,-0.001745329238474369,0,0,0,-0.001745329238474369,0.005235987715423107,0
0,-0.001745329238474369,0.001745329238474369,0.001745329238474369,-0.001745329238474369,-0.001745329238474369,0,0,0,-0.001745329238474369,0.005235987715423107,0
0,-0.001745329238474369,0.001745329238474369,0.001745329238474369,-0.001745329238474369,-0.001745329238474369,0,0,0,-0.001745329238474369,0.005235987715423107,0
0,-0.001745329238474369,0.001745329238474369,0.001745329238474369,-0.001745329238474369,-0.001745329238474369,0,0,0,-0.001745329238474369,0.005235987715423107,0
0,-0.001745329238474369,0.001745329238474369,0.001745329238474369,-0.001745329238474369,-0.001745329238474369,0,0,0,-0.001745329238474369,0.005235987715423107,0
0,-0.001745329238474369,0.001745329238474369,0.001745329238474369,-0.001745329238474369,-0.001745329238474369,0,0,0,-0.001745329238474369,0.005235987715423107,0
0,-0.001745329238474369,0.001745329238474369,0.001745329238474369,-0.001745329238474369,-0.001745329238474369,0,0,0,-0.001745329238474369,0.005235987715423107,0
0,-0.001745329238474369,0.001745329238474369,0.001745329238474369,-0.001745329238474369,-0.001745329238474369,0,0,0,-0.001745329238474369,0.005235987715423107,0
0,-0.001745329238474369,0.001745329238474369,0.001745329238474369,-0.001745329238474369,-0.001745329238474369,0,0,0,-0.001745329238474369,0.005235987715423107,0
0,-0.001745329238474369,0.001745329238474369,0.001745329238474369,-0.001745329238474369,-0.001745329238474369,0,0,0,-0.001745329238474369,0.005235987715423107,0
0,-0.001745329238474369,0.001745329238474369,0.001745329238474369,-0.001745329238474369,-0.001745329238474369,0,0,0,-0.001745329238474369,0.005235987715423107,0
0,-0.001745329238474369,0.001745329238474369,0.001745329238474369,-0.001745329238474369,-0.001745329238474369,0,0,0,-0.001745329238474369,0.005235987715423107,0
0,-0.001745329238474369,0.001745329238474369,0.001745329238474369,-0.001745329238474369,-0.001745329238474369,0,0,0,-0.001745329238474369,0.005235987715423107,0
0,-0.001745329238474369,0.001745329238474369,0.001745329238474369,-0.001745329238474369,-0.001745329238474369,0,0,0,-0.001745329238474369,0.005235987715423107,0
0,-0.001745329238474369,0.001745329238474369,0.001745329238474369,-0.001745329238474369,-0.001745329238474369,0,0,0,-0.001745329238474369,0.005235987715423107,0
0,-0.001745329238474369,0.001745329238474369,0.001745329238474369,-0.001745329238474369,-0.001745329238474369,0,0,0,-0.001745329238474369,0.005235987715423107,0
0,-0.001745329238474369,0.001745329238474369,0.001745329238474369,-0.001745329238474369,-0.001745329238474369,0,0,0,-0.001745329238474369,0.005235987715423107,0
0,-0.001745329238474369,0.001745329238474369,0.001745329238474369,-0.001745329238474369,-0.001745329238474369,0,0,0,-0.001745329238474369,0.005235987715423107,0
0,-0.001745329238474369,0.001745329238474369,0.001745329238474369,-0.001745329238474369,-0.001745329238474369,0,0,0,-0.001745329238474369,0.005235987715423107,0
0,-0.001745329238474369,0.001745329238474369,0.001745329238474369,-0.001745329238474369,-0.001745329238474369,0,0,0,-0.001745329238474369,0.005235987715423107,0
0,-0.001745329238474369,0.001745329238474369,0.001745329238474369,-0.001745329238474369,-0.001745329238474369,0,0,0,-0.001745329238474369,0.005235987715423107,0
0,-0.001745329238474369,0.001745329238474369,0.001745329238474369,-0.001745329238474369,-0.001745329238474369,0,0,0,-0.001745329238474369,0.005235987715423107,0
0,-0.001745329238474369,0.001745329238474369,0.001745329238474369,-0.001745329238474369,-0.001745329238474369,0,0,0,-0.001745329238474369,0.005235987715423107,0
0,-0.001745329238474369,0.001745329238474369,0.001745329238474369,-0.001745329238474369,-0.001745329238474369,0,0,0,-0.001745329238474369,0.005235987715423107,0
0,-0.001745329238474369,0.001745329238474369,0.001745329238474369,-0.001745329238474369,-0.001745329238474369,0,0,0,-0.001745329238474369,0.005235987715423107,0
0,-0.001745329238474369,0.001745329238474369,0.001745329238474369,-0.001745329238474369,-0.001745329238474369,0,0,0,-0.001745329238474369,0.005235987715423107,0
0,-0.001745329238474369,0.001745329238474369,0.001745329238474369,-0.001745329238474369,-0.001745329238474369,0,0,0,-0.001745329238474369,0.005235987715423107,0
0,-0.001745329238474369,0.001745329238474369,0.001745329238474369,-0.001745329238474369,-0.001745329238474369,0,0,0,-0.001745329238474369,0.005235987715423107,0
0,-0.001745329238474369,0.001745329238474369,0.001745329238474369,-0.001745329238474369,-0.001745329238474369,0,0,0,-0.001745329238474369,0.005235987715423107,0
0,-0.001745329238474369,0.001745329238474369,0.001745329238474369,-0.001745329238474369,-0.001745329238474369,0,0,0,-0.001745329238474369,0.005235987715423107,0
0,-0.001745329238474369,0.001745329238474369,0.001745329238474369,-0.001745329238474369,-0.001745329238474369,0,0,0,-0.001745329238474369,0.005235987715423107,0
0,-0.001745329238474369,0.001745329238474369,0.001745329238474369,-0.001745329238474369,-0.001745329238474369,0,0,0,-0.001745329238474369,0.005235987715423107,0
0,-0.001745329238474369,0.001745329238474369,0.001745329238474369,-0.001745329238474369,-0.001745329238474369,0,0,0,-0.001745329238474369,0.005235987715423107,0
0,-0.001745329238474369,0.001745329238474369,0.001745329238474369,-0.001745329238474369,-0.001745329238474369,0,0,0,-0.001745329238474369,0.005235987715423107,0
0,-0.001745329238474369,0.001745329238474369,0.001745329238474369,-0.001745329238474369,-0.001745329238474369,0,0,0,-0.001745329238474369,0.005235987715423107,0
0,-0.001745329238474369,0.001745329238474369,0.001745329238474369,-0.001745329238474369,-0.001745329238474369,0,0,0,-0.001745329238474369,0.005235987715423107,0
0,-0.001745329238474369,0.001745329238474369,0.001745329238474369,-0.001745329238474369,-0.001745329238474369,0,0,0,-0.001745329238474369,0.005235987715423107,0
0,-0.001745329238474369,0.001745329238474369,0.001745329238474369,-0.001745329238474369,-0.001745329238474369,0,0,0,-0.001745329238474369,0.005235987715423107,0
0,-0.001745329238474369,0.001745329238474369,0.001745329238474369,-0.001745329238474369,-0.001745329238474369,0,0,0,-0.001745329238474369,0.005235987715423107,0
0,-0.001745329238474369,0.001745329238474369,0.001745329238474369,-0.001745329238474369,-0.001745329238474369,0,0,0,-0.001745329238474369,0.005235987715423107,0
0,-0.001745329238474369,0.001745329238474369,0.001745329238474369,-0.001745329238474369,-0.001745329238474369,0,0,0,-0.001745329238474369,0.005235987715423107,0
0,-0.001745329238474369,0.001745329238474369,0.001745329238474369,-0.001745329238474369,-0.001745329238474369,0,0,0,-0.001745329238474369,0.005235987715423107,0
0,-0.001745329238474369,0.001745329238474369,0.001745329238474369,-0.001745329238474369,-0.001745329238474369,0,0,0,-0.001745329238474369,0.005235987715423107,0
0,-0.001745329238474369,0.001745329238474369,0.001745329238474369,-0.001745329238474369,-0.001745329238474369,0,0,0,-0.001745329238474369,0.005235987715423107,0
0,-0.001745329238474369,0.001745329238474369,0.001745329238474369,-0.001745329238474369,-0.001745329238474369,0,0,0,-0.001745329238474369,0.005235987715423107,0
0,-0.001745329238474369,0.001745329238474369,0.001745329238474369,-0.001745329238474369,-0.001745329238474369,0,0,0,-0.001745329238474369,0.005235987715423107,0
0,-0.001745329238474369,0.001745329238474369,0.001745329238474369,-0.001745329238474369,-0.001745329238474369,0,0,0,-0.001745329238474369,0.005235987715423107,0
0,-0.001745329238474369,0.001745329238474369,0.001745329238474369,-0.001745329238474369,-0.001745329238474369,0,0,0,-0.001745329238474369,0.005235987715423107,0
0,-0.001745329238474369,0.001745329238474369,0.001745329238474369,-0.001745329238474369,-0.001745329238474369,0,0,0,-0.001745329238474369,0.005235987715423107,0
0,-0.001745329238474369,0.001745329238474369,0.001745329238474369,-0.001745329238474369,-0.001745329238474369,0,0,0,-0.001745329238474369,0.005235987715423107,0
0,-0.001745329238474369,0.001745329238474369,0.001745329238474369,-0.001745329238474369,-0.001745329238474369,0,0,0,-0.001745329238474369,0.005235987715423107,0
0,-0.001745329238474369,0.001745329238474369,0.001745329238474369,-0.001745329238474369,-0.001745329238474369,0,0,0,-0.001745329238474369,0.005235987715423107,0
0,-0.001745329238474369,0.001745329238474369,0.001745329238474369,-0.001745329238474369,-0.001745329238474369,0,0,0,-0.001745329238474369,0.005235987715423107,0
0,-0.001745329238474369,0.001745329238474369,0.001745329238474369,-0.001745329238474369,-0.001745329238474369,0,0,0,-0.001745329238474369,0.005235987715423107,0
0,-0.001745329238474369,0.001745329238474369,0.001745329238474369,-0.001745329238474369,-0.001745329238474369,0,0,0,-0.001745329238474369,0.005235987715423107,0
0,-0.001745329238474369,0.001745329238474369,0.001745329238474369,-0.001745329238474369,-0.001745329238474369,0,0,0,-0.001745329238474369,0.005235987715423107,0
0,-0.001745329238474369,0.001745329238474369,0.001745329238474369,-0.001745329238474369,-0.001745329238474369,0,0,0,-0.001745329238474369,0.005235987715423107,0
0,-0.001745329238474369,0.001745329238474369,0.001745329238474369,-0.001745329238474369,-0.001745329238474369,0,0,0,-0.001745329238474369,0.005235987715423107,0
0,-0.001745329238474369,0.001745329238474369,0.001745329238474369,-0.001745329238474369,-0.001745329238474369,0,0,0,-0.001745329238474369,0.005235987715423107,0
0,-0.001745329238474369,0.001745329238474369,0.001745329238474369,-0.001745329238474369,-0.001745329238474369,0,0,0,-0.001745329238474369,0.005235987715423107,0
0,-0.001745329238474369,0.001745329238474369,0.001745329238474369,-0.001745329238474369,-0.001745329238474369,0,0,0,-0.001745329238474369,0.005235987715423107,0
0,-0.001745329238474369,0.001745329238474369,0.001745329238474369,-0.001745329238474369,-0.001745329238474369,0,0,0,-0.001745329238474369,0.005235987715423107,0
0,-0.001745329238474369,0.001745329238474369,0.001745329238474369,-0.001745329238474369,-0.001745329238474369,0,0,0,-0.001745329238474369,0.005235987715423107,0
0,-0.001745329238474369,0.001745329238474369,0.001745329238474369,-0.001745329238474369,-0.001745329238474369,0,0,0,-0.001745329238474369,0.005235987715423107,0
0,-0.001745329238474369,0.001745329238474369,0.001745329238474369,-0.001745329238474369,-0.001745329238474369,0,0,0,-0.001745329238474369,0.005235987715423107,0
0,-0.001745329238474369,0.001745329238474369,0.001745329238474369,-0.001745329238474369,-0.001745329238474369,0,0,0,-0.001745329238474369,0.005235987715423107,0
0,-0.001745329238474369,0.001745329238474369,0.001745329238474369,-0.001745329238474369,-0.001745329238474369,0,0,0,-0.001745329238474369,0.005235987715423107,0
0,-0.001745329238474369,0.001745329238474369,0.001745329238474369,-0.001745329238474369,-0.001745329238474369,0,0,0,-0.001745329238474369,0.005235987715423107,0
0,-0.001745329238474369,0.001745329238474369,0.001745329238474369,-0.001745329238474369,-0.001745329238474369,0,0,0,-0.001745329238474369,0.005235987715423107,0
0,-0.001745329238474369,0.001745329238474369,0.001745329238474369,-0.001745329238474369,-0.001745329238474369,0,0,0,-0.001745329238474369,0.005235987715423107,0
0,-0.001745329238474369,0.001745329238474369,0.001745329238474369,-0.001745329238474369,-0.001745329238474369,0,0,0,-0.001745329238474369,0.005235987715423107,0
0,-0.001745329238474369,0.001745329238474369,0.001745329238474369,-0.001745329238474369,-0.001745329238474369,0,0,0,-0.001745329238474369,0.005235987715423107,0
0,-0.001745329238474369,0.001745329238474369,0.001745329238474369,-0.001745329238474369,-0.001745329238474369,0,0,0,-0.001745329238474369,0.005235987715423107,0
0,-0.001745329238474369,0.001745329238474369,0.001745329238474369,-0.001745329238474369,-0.001745329238474369,0,0,0,-0.001745329238474369,0.005235987715423107,0
0,-0.001745329238474369,0.001745329238474369,0.001745329238474369,-0.001745329238474369,-0.001745329238474369,0,0,0,-0.001745329238474369,0.005235987715423107,0
0,-0.001745329238474369,0.001745329238474369,0.001745329238474369,-0.001745329238474369,-0.001745329238474369,0,0,0,-0.001745329238474369,0.005235987715423107,0
0,-0.001745329238474369,0.001745329238474369,0.001745329238474369,-0.001745329238474369,-0.001745329238474369,0,0,0,-0.001745329238474369,0.005235987715423107,0
0,-0.001745329238474369,0.001745329238474369,0.001745329238474369,-0.001745329238474369,-0.001745329238474369,0,0,0,-0.001745329238474369,0.005235987715423107,0
0,-0.001745329238474369,0.001745329238474369,0.001745329238474369,-0.001745329238474369,-0.001745329238474369,0,0,0,-0.001745329238474369,0.005235987715423107,0
0,-0.001745329238474369,0.001745329238474369,0.001745329238474369,-0.001745329238474369,-0.001745329238474369,0,0,0,-0.001745329238474369,0.005235987715423107,0
0,-0.001745329238474369,0.001745329238474369,0.001745329238474369,-0.001745329238474369,-0.001745329238474369,0,0,0,-0.001745329238474369,0.005235987715423107,0
0,-0.001745329238474369,0.001745329238474369,0.001745329238474369,-0.001745329238474369,-0.001745329238474369,0,0,0,-0.001745329238474369,0.005235987715423107,0
0,-0.001745329238474369,0.001745329238474369,0.001745329238474369,-0.001745329238474369,-0.001745329238474369,0,0,0,-0.001745329238474369,0.005235987715423107,0
0,-0.001745329238474369,0.001745329238474369,0.001745329238474369,-0.001745329238474369,-0.001745329238474369,0,0,0,-0.001745329238474369,0.005235987715423107,0
0,-0.001745329238474369,0.001745329238474369,0.001745329238474369,-0.001745329238474369,-0.001745329238474369,0,0,0,-0.001745329238474369,0.005235987715423107,0
0,-0.001745329238474369,0.001745329238474369,0.001745329238474369,-0.001745329238474369,-0.001745329238474369,0,0,0,-0.001745329238474369,0.005235987715423107,0
0,-0.001745329238474369,0.001745329238474369,0.001745329238474369,-0.001745329238474369,-0.001745329238474369,0,0,0,-0.001745329238474369,0.005235987715423107,0
0,-0.001745329238474369,0.001745329238474369,0.001745329238474369,-0.001745329238474369,-0.001745329238474369,0,0,0,-0.001745329238474369,0.005235987715423107,0
0,-0.001745329238474369,0.001745329238474369,0.001745329238474369,-0.001745329238474369,-0.001745329238474369,0,0,0,-0.001745329238474369,0.005235987715423107,0
0,-0.001745329238474369,0.001745329238474369,0.001745329238474369,-0.001745329238474369,-0.001745329238474369,0,0,0,-0.001745329238474369,0.005235987715423107,0
0,-0.001745329238474369,0.001745329238474369,0.001745329238474369,-0.001745329238474369,-0.001745329238474369,0,0,0,-0.001745329238474369,0.005235987715423107,0
0,-0.001745329238474369,0.001745329238474369,0.001745329238474369,-0.001745329238474369,-0.001745329238474369,0,0,0,-0.001745329238474369,0.005235987715423107,0
0,-0.001745329238474369,0.001745329238474369,0.001745329238474369,-0.001745329238474369,-0.001745329238474369,0,0,0,-0.001745329238474369,0.005235987715423107,0
0,-0.001745329238474369,0.001745329238474369,0.001745329238474369,-0.001745329238474369,-0.001745329238474369,0,0,0,-0.001745329238474369,0.005235987715423107,0
0,-0.001745329238474369,0.001745329238474369,0.001745329238474369,-0.001745329238474369,-0.001745329238474369,0,0,0,-0.001745329238474369,0.005235987715423107,0
0,-0.001745329238474369,0.001745329238474369,0.001745329238474369,-0.001745329238474369,-0.001745329238474369,0,0,0,-0.001745329238474369,0.005235987715423107,0
0,-0.001745329238474369,0.001745329238474369,0.001745329238474369,-0.001745329238474369,-0.001745329238474369,0,0,0,-0.001745329238474369,0.005235987715423107,0
0,-0.001745329238474369,0.001745329238474369,0.001745329238474369,-0.001745329238474369,-0.001745329238474369,0,0,0,-0.001745329238474369,0.005235987715423107,0
0,-0.001745329238474369,0.001745329238474369,0.001745329238474369,-0.001745329238474369,-0.001745329238474369,0,0,0,-0.001745329238474369,0.005235987715423107,0
0,-0.001745329238474369,0.001745329238474369,0.001745329238474369,-0.001745329238474369,-0.001745329238474369,0,0,0,-0.001745329238474369,0.005235987715423107,0
0,-0.001745329238474369,0.001745329238474369,0.001745329238474369,-0.001745329238474369,-0.001745329238474369,0,0,0,-0.001745329238474369,0.005235987715423107,0
0,-0.001745329238474369,0.001745329238474369,0.001745329238474369,-0.001745329238474369,-0.001745329238474369,0,0,0,-0.001745329238474369,0.005235987715423107,0
0,-0.001745329238474369,0.001745329238474369,0.001745329238474369,-0.001745329238474369,-0.001745329238474369,0,0,0,-0.001745329238474369,0.005235987715423107,0
0,-0.001745329238474369,0.001745329238474369,0.001745329238474369,-0.001745329238474369,-0.001745329238474369,0,0,0,-0.001745329238474369,0.005235987715423107,0
0,-0.001745329238474369,0.001745329238474369,0.001745329238474369,-0.001745329238474369,-0.001745329238474369,0,0,0,-0.001745329238474369,0.005235987715423107,0
0,-0.001745329238474369,0.001745329238474369,0.001745329238474369,-0.001745329238474369,-0.001745329238474369,0,0,0,-0.001745329238474369,0.005235987715423107,0
0,-0.001745329238474369,0.001745329238474369,0.001745329238474369,-0.001745329238474369,-0.001745329238474369,0,0,0,-0.001745329238474369,0.005235987715423107,0
0,-0.001745329238474369,0.001745329238474369,0.001745329238474369,-0.001745329238474369,-0.001745329238474369,0,0,0,-0.001745329238474369,0.005235987715423107,0
0,-0.001745329238474369,0.001745329238474369,0.001745329238474369,-0.001745329238474369,-0.001745329238474369,0,0,0,-0.001745329238474369,0.005235987715423107,0
0,-0.001745329238474369,0.001745329238474369,0.001745329238474369,-0.001745329238474369,-0.001745329238474369,0,0,0,-0.001745329238474369,0.005235987715423107,0
0,-0.001745329238474369,0.001745329238474369,0.001745329238474369,-0.001745329238474369,-0.001745329238474369,0,0,0,-0.001745329238474369,0.005235987715423107,0
0,-0.001745329238474369,0.001745329238474369,0.001745329238474369,-0.001745329238474369,-0.001745329238474369,0,0,0,-0.001745329238474369,0.005235987715423107,0
0,-0.001745329238474369,0.001745329238474369,0.001745329238474369,-0.001745329238474369,-0.001745329238474369,0,0,0,-0.001745329238474369,0.005235987715423107,0
0,-0.001745329238474369,0.001745329238474369,0.001745329238474369,-0.001745329238474369,-0.001745329238474369,0,0,0,-0.001745329238474369,0.005235987715423107,0
0,-0.001745329238474369,0.001745329238474369,0.001745329238474369,-0.001745329238474369,-0.001745329238474369,0,0,0,-0.001745329238474369,0.005235987715423107,0
0,-0.001745329238474369,0.001745329238474369,0.001745329238474369,-0.001745329238474369,-0.001745329238474369,0,0,0,-0.001745329238474369,0.005235987715423107,0
0,-0.001745329238474369,0.001745329238474369,0.001745329238474369,-0.001745329238474369,-0.001745329238474369,0,0,0,-0.001745329238474369,0.005235987715423107,0
0,-0.001745329238474369,0.001745329238474369,0.001745329238474369,-0.001745329238474369,-0.001745329238474369,0,0,0,-0.001745329238474369,0.005235987715423107,0
0,-0.001745329238474369,0.001745329238474369,0.001745329238474369,-0.001745329238474369,-0.001745329238474369,0,0,0,-0.001745329238474369,0.005235987715423107,0
0,-0.001745329238474369,0.001745329238474369,0.001745329238474369,-0.001745329238474369,-0.001745329238474369,0,0,0,-0.001745329238474369,0.005235987715423107,0
0,-0.001745329238474369,0.001745329238474369,0.001745329238474369,-0.001745329238474369,-0.001745329238474369,0,0,0,-0.001745329238474369,0.005235987715423107,0
0,-0.001745329238474369,0.001745329238474369,0.001745329238474369,-0.001745329238474369,-0.001745329238474369,0,0,0,-0.001745329238474369,0.005235987715423107,0
0,-0.001745329238474369,0.001745329238474369,0.001745329238474369,-0.001745329238474369,-0.001745329238474369,0,0,0,-0.001745329238474369,0.005235987715423107,0
0,-0.001745329238474369,0.001745329238474369,0.001745329238474369,-0.001745329238474369,-0.001745329238474369,0,0,0,-0.001745329238474369,0.005235987715423107,0
0,-0.001745329238474369,0.001745329238474369,0.001745329238474369,-0.001745329238474369,-0.001745329238474369,0,0,0,-0.001745329238474369,0.005235987715423107,0
0,-0.001745329238474369,0.001745329238474369,0.001745329238474369,-0.001745329238474369,-0.001745329238474369,0,0,0,-0.001745329238474369,0.005235987715423107,0
0,-0.001745329238474369,0.001745329238474369,0.001745329238474369,-0.001745329238474369,-0.001745329238474369,0,0,0,-0.001745329238474369,0.005235987715423107,0
0,-0.001745329238474369,0.001745329238474369,0.001745329238474369,-0.001745329238474369,-0.001745329238474369,0,0,0,-0.001745329238474369,0.005235987715423107,0
0,-0.001745329238474369,0.001745329238474369,0.001745329238474369,-0.001745329238474369,-0.001745329238474369,0,0,0,-0.001745329238474369,0.005235987715423107,0
0,-0.001745329238474369,0.001745329238474369,0.001745329238474369,-0.001745329238474369,-0.001745329238474369,0,0,0,-0.001745329238474369,0.005235987715423107,0
0,-0.001745329238474369,0.001745329238474369,0.001745329238474369,-0.001745329238474369,-0.001745329238474369,0,0,0,-0.001745329238474369,0.005235987715423107,0
0,-0.001745329238474369,0.001745329238474369,0.001745329238474369,-0.001745329238474369,-0.001745329238474369,0,0,0,-0.001745329238474369,0.005235987715423107,0
0,-0.001745329238474369,0.001745329238474369,0.001745329238474369,-0.001745329238474369,-0.001745329238474369,0,0,0,-0.001745329238474369,0.005235987715423107,0
0,-0.001745329238474369,0.001745329238474369,0.001745329238474369,-0.001745329238474369,-0.001745329238474369,0,0,0,-0.001745329238474369,0.005235987715423107,0
0,-0.001745329238474369,0.001745329238474369,0.001745329238474369,-0.001745329238474369,-0.001745329238474369,0,0,0,-0.001745329238474369,0.005235987715423107,0
0,-0.001745329238474369,0.001745329238474369,0.001745329238474369,-0.001745329238474369,-0.001745329238474369,0,0,0,-0.001745329238474369,0.005235987715423107,0
0,-0.001745329238474369,0.001745329238474369,0.001745329238474369,-0.001745329238474369,-0.001745329238474369,0,0,0,-0.001745329238474369,0.005235987715423107,0
0,-0.001745329238474369,0.001745329238474369,0.001745329238474369,-0.001745329238474369,-0.001745329238474369,0,0,0,-0.001745329238474369,0.005235987715423107,0
0,-0.001745329238474369,0.001745329238474369,0.001745329238474369,-0.001745329238474369,-0.001745329238474369,0,0,0,-0.001745329238474369,0.005235987715423107,0
0,-0.001745329238474369,0.001745329238474369,0.001745329238474369,-0.001745329238474369,-0.001745329238474369,0,0,0,-0.001745329238474369,0.005235987715423107,0
0,-0.001745329238474369,0.001745329238474369,0.001745329238474369,-0.001745329238474369,-0.001745329238474369,0,0,0,-0.001745329238474369,0.005235987715423107,0
0,-0.001745329238474369,0.001745329238474369,0.001745329238474369,-0.001745329238474369,-0.001745329238474369,0,0,0,-0.001745329238474369,0.005235987715423107,0
0,-0.001745329238474369,0.001745329238474369,0.001745329238474369,-0.001745329238474369,-0.001745329238474369,0,0,0,-0.001745329238474369,0.005235987715423107,0
0,-0.001745329238474369,0.001745329238474369,0.001745329238474369,-0.001745329238474369,-0.001745329238474369,0,0,0,-0.001745329238474369,0.005235987715423107,0
0,-0.001745329238474369,0.001745329238474369,0.001745329238474369,-0.001745329238474369,-0.001745329238474369,0,0,0,-0.001745329238474369,0.005235987715423107,0
0,-0.001745329238474369,0.001745329238474369,0.001745329238474369,-0.001745329238474369,-0.001745329238474369,0,0,0,-0.001745329238474369,0.005235987715423107,0
0,-0.001745329238474369,0.001745329238474369,0.001745329238474369,-0.001745329238474369,-0.001745329238474369,0,0,0,-0.001745329238474369,0.005235987715423107,0
0,-0.001745329238474369,0.001745329238474369,0.001745329238474369,-0.001745329238474369,-0.001745329238474369,0,0,0,-0.001745329238474369,0.005235987715423107,0
0,-0.001745329238474369,0.001745329238474369,0.001745329238474369,-0.001745329238474369,-0.001745329238474369,0,0,0,-0.001745329238474369,0.005235987715423107,0
0,-0.001745329238474369,0.001745329238474369,0.001745329238474369,-0.001745329238474369,-0.001745329238474369,0,0,0,-0.001745329238474369,0.005235987715423107,0
0,-0.001745329238474369,0.001745329238474369,0.001745329238474369,-0.001745329238474369,-0.001745329238474369,0,0,0,-0.001745329238474369,0.005235987715423107,0
0,-0.001745329238474369,0.001745329238474369,0.001745329238474369,-0.001745329238474369,-0.001745329238474369,0,0,0,-0.001745329238474369,0.005235987715423107,0
0,-0.001745329238474369,0.001745329238474369,0.001745329238474369,-0.001745329238474369,-0.001745329238474369,0,0,0,-0.001745329238474369,0.005235987715423107,0
0,-0.001745329238474369,0.001745329238474369,0.001745329238474369,-0.001745329238474369,-0.001745329238474369,0,0,0,-0.001745329238474369,0.005235987715423107,0
0,-0.001745329238474369,0.001745329238474369,0.001745329238474369,-0.001745329238474369,-0.001745329238474369,0,0,0,-0.001745329238474369,0.005235987715423107,0
0,-0.001745329238474369,0.001745329238474369,0.001745329238474369,-0.001745329238474369,-0.001745329238474369,0,0,0,-0.001745329238474369,0.005235987715423107,0
0,-0.001745329238474369,0.001745329238474369,0.001745329238474369,-0.001745329238474369,-0.001745329238474369,0,0,0,-0.001745329238474369,0.005235987715423107,0
0,-0.001745329238474369,0.001745329238474369,0.001745329238474369,-0.001745329238474369,-0.001745329238474369,0,0,0,-0.001745329238474369,0.005235987715423107,0
0,-0.001745329238474369,0.001745329238474369,0.001745329238474369,-0.001745329238474369,-0.001745329238474369,0,0,0,-0.001745329238474369,0.005235987715423107,0
0,-0.001745329238474369,0.001745329238474369,0.001745329238474369,-0.001745329238474369,-0.001745329238474369,0,0,0,-0.001745329238474369,0.005235987715423107,0
0,-0.001745329238474369,0.001745329238474369,0.001745329238474369,-0.001745329238474369,-0.001745329238474369,0,0,0,-0.001745329238474369,0.005235987715423107,0
0,-0.001745329238474369,0.001745329238474369,0.001745329238474369,-0.001745329238474369,-0.001745329238474369,0,0,0,-0.001745329238474369,0.005235987715423107,0
0,-0.001745329238474369,0.001745329238474369,0.001745329238474369,-0.001745329238474369,-0.001745329238474369,0,0,0,-0.001745329238474369,0.005235987715423107,0
0,-0.001745329238474369,0.001745329238474369,0.001745329238474369,-0.001745329238474369,-0.001745329238474369,0,0,0,-0.001745329238474369,0.005235987715423107,0
0,-0.001745329238474369,0.001745329238474369,0.001745329238474369,-0.001745329238474369,-0.001745329238474369,0,0,0,-0.001745329238474369,0.005235987715423107,0
0,-0.001745329238474369,0.001745329238474369,0.001745329238474369,-0.001745329238474369,-0.001745329238474369,0,0,0,-0.001745329238474369,0.005235987715423107,0
0,-0.001745329238474369,0.001745329238474369,0.001745329238474369,-0.001745329238474369,-0.001745329238474369,0,0,0,-0.001745329238474369,0.005235987715423107,0
0,-0.001745329238474369,0.001745329238474369,0.001745329238474369,-0.001745329238474369,-0.001745329238474369,0,0,0,-0.001745329238474369,0.005235987715423107,0
0,-0.001745329238474369,0.001745329238474369,0.001745329238474369,-0.001745329238474369,-0.001745329238474369,0,0,0,-0.001745329238474369,0.005235987715423107,0
0,-0.001745329238474369,0.001745329238474369,0.001745329238474369,-0.001745329238474369,-0.001745329238474369,0,0,0,-0.001745329238474369,0.005235987715423107,0
0,-0.001745329238474369,0.001745329238474369,0.001745329238474369,-0.001745329238474369,-0.001745329238474369,0,0,0,-0.001745329238474369,0.005235987715423107,0
0,-0.001745329238474369,0.001745329238474369,0.001745329238474369,-0.001745329238474369,-0.001745329238474369,0,0,0,-0.001745329238474369,0.005235987715423107,0
0,-0.001745329238474369,0.001745329238474369,0.001745329238474369,-0.001745329238474369,-0.001745329238474369,0,0,0,-0.001745329238474369,0.005235987715423107,0
0,-0.001745329238474369,0.001745329238474369,0.001745329238474369,-0.001745329238474369,-0.001745329238474369,0,0,0,-0.001745329238474369,0.005235987715423107,0
0,-0.001745329238474369,0.001745329238474369,0.001745329238474369,-0.001745329238474369,-0.001745329238474369,0,0,0,-0.001745329238474369,0.005235987715423107,0
0,-0.001745329238474369,0.001745329238474369,0.001745329238474369,-0.001745329238474369,-0.001745329238474369,0,0,0,-0.001745329238474369,0.005235987715423107,0
0,-0.001745329238474369,0.001745329238474369,0.001745329238474369,-0.001745329238474369,-0.001745329238474369,0,0,0,-0.001745329238474369,0.005235987715423107,0
0,-0.001745329238474369,0.001745329238474369,0.001745329238474369,-0.001745329238474369,-0.001745329238474369,0,0,0,-0.001745329238474369,0.005235987715423107,0
0,-0.001745329238474369,0.001745329238474369,0.001745329238474369,-0.001745329238474369,-0.001745329238474369,0,0,0,-0.001745329238474369,0.005235987715423107,0
0,-0.001745329238474369,0.001745329238474369,0.001745329238474369,-0.001745329238474369,-0.001745329238474369,0,0,0,-0.001745329238474369,0.005235987715423107,0
0,-0.001745329238474369,0.001745329238474369,0.001745329238474369,-0.001745329238474369,-0.001745329238474369,0,0,0,-0.001745329238474369,0.005235987715423107,0
0,-0.001745329238474369,0.001745329238474369,0.001745329238474369,-0.001745329238474369,-0.001745329238474369,0,0,0,-0.001745329238474369,0.005235987715423107,0
0,-0.001745329238474369,0.001745329238474369,0.001745329238474369,-0.001745329238474369,-0.001745329238474369,0,0,0,-0.001745329238474369,0.005235987715423107,0
0,-0.001745329238474369,0.001745329238474369,0.001745329238474369,-0.001745329238474369,-0.001745329238474369,0,0,0,-0.001745329238474369,0.005235987715423107,0
0,-0.001745329238474369,0.001745329238474369,0.001745329238474369,-0.001745329238474369,-0.001745329238474369,0,0,0,-0.001745329238474369,0.005235987715423107,0
0,-0.001745329238474369,0.001745329238474369,0.001745329238474369,-0.001745329238474369,-0.001745329238474369,0,0,0,-0.001745329238474369,0.005235987715423107,0
0,-0.001745329238474369,0.001745329238474369,0.001745329238474369,-0.001745329238474369,-0.001745329238474369,0,0,0,-0.001745329238474369,0.005235987715423107,0
0,-0.001745329238474369,0.001745329238474369,0.001745329238474369,-0.001745329238474369,-0.001745329238474369,0,0,0,-0.001745329238474369,0.005235987715423107,0
0,-0.001745329238474369,0.001745329238474369,0.001745329238474369,-0.001745329238474369,-0.001745329238474369,0,0,0,-0.001745329238474369,0.005235987715423107,0
0,-0.001745329238474369,0.001745329238474369,0.001745329238474369,-0.001745329238474369,-0.001745329238474369,0,0,0,-0.001745329238474369,0.005235987715423107,0
0,-0.001745329238474369,0.001745329238474369,0.001745329238474369,-0.001745329238474369,-0.001745329238474369,0,0,0,-0.001745329238474369,0.005235987715423107,0
0,-0.001745329238474369,0.001745329238474369,0.001745329238474369,-0.001745329238474369,-0.001745329238474369,0,0,0,-0.001745329238474369,0.005235987715423107,0
0,-0.001745329238474369,0.001745329238474369,0.001745329238474369,-0.001745329238474369,-0.001745329238474369,0,0,0,-0.001745329238474369,0.005235987715423107,0
0,-0.001745329238474369,0.001745329238474369,0.001745329238474369,-0.001745329238474369,-0.001745329238474369,0,0,0,-0.001745329238474369,0.005235987715423107,0
0,-0.001745329238474369,0.001745329238474369,0.001745329238474369,-0.001745329238474369,-0.001745329238474369,0,0,0,-0.001745329238474369,0.005235987715423107,0
0,-0.001745329238474369,0.001745329238474369,0.001745329238474369,-0.001745329238474369,-0.001745329238474369,0,0,0,-0.001745329238474369,0.005235987715423107,0
0,-0.001745329238474369,0.001745329238474369,0.001745329238474369,-0.001745329238474369,-0.001745329238474369,0,0,0,-0.001745329238474369,0.005235987715423107,0
0,-0.001745329238474369,0.001745329238474369,0.001745329238474369,-0.001745329238474369,-0.001745329238474369,0,0,0,-0.001745329238474369,0.005235987715423107,0
0,-0.001745329238474369,0.001745329238474369,0.001745329238474369,-0.001745329238474369,-0.001745329238474369,0,0,0,-0.001745329238474369,0.005235987715423107,0
0,-0.001745329238474369,0.001745329238474369,0.001745329238474369,-0.001745329238474369,-0.001745329238474369,0,0,0,-0.001745329238474369,0.005235987715423107,0
0,-0.001745329238474369,0.001745329238474369,0.001745329238474369,-0.001745329238474369,-0.001745329238474369,0,0,0,-0.001745329238474369,0.005235987715423107,0
0,-0.001745329238474369,0.001745329238474369,0.001745329238474369,-0.001745329238474369,-0.001745329238474369,0,0,0,-0.001745329238474369,0.005235987715423107,0
0,-0.001745329238474369,0.001745329238474369,0.001745329238474369,-0.001745329238474369,-0.001745329238474369,0,0,0,-0.001745329238474369,0.005235987715423107,0
0,-0.001745329238474369,0.001745329238474369,0.001745329238474369,-0.001745329238474369,-0.001745329238474369,0,0,0,-0.001745329238474369,0.005235987715423107,0
0,-0.001745329238474369,0.001745329238474369,0.001745329238474369,-0.001745329238474369,-0.001745329238474369,0,0,0,-0.001745329238474369,0.005235987715423107,0
0,-0.001745329238474369,0.001745329238474369,0.001745329238474369,-0.001745329238474369,-0.001745329238474369,0,0,0,-0.001745329238474369,0.005235987715423107,0
0,-0.001745329238474369,0.001745329238474369,0.001745329238474369,-0.001745329238474369,-0.001745329238474369,0,0,0,-0.001745329238474369,0.005235987715423107,0
0,-0.001745329238474369,0.001745329238474369,0.001745329238474369,-0.001745329238474369,-0.001745329238474369,0,0,0,-0.001745329238474369,0.005235987715423107,0
0,-0.001745329238474369,0.001745329238474369,0.001745329238474369,-0.001745329238474369,-0.001745329238474369,0,0,0,-0.001745329238474369,0.005235987715423107,0
0,-0.001745329238474369,0.001745329238474369,0.001745329238474369,-0.001745329238474369,-0.001745329238474369,0,0,0,-0.001745329238474369,0.005235987715423107,0
0,-0.001745329238474369,0.001745329238474369,0.001745329238474369,-0.001745329238474369,-0.001745329238474369,0,0,0,-0.001745329238474369,0.005235987715423107,0
0,-0.001745329238474369,0.001745329238474369,0.001745329238474369,-0.001745329238474369,-0.001745329238474369,0,0,0,-0.001745329238474369,0.005235987715423107,0
0,-0.001745329238474369,0.001745329238474369,0.001745329238474369,-0.001745329238474369,-0.001745329238474369,0,0,0,-0.001745329238474369,0.005235987715423107,0
0,-0.001745329238474369,0.001745329238474369,0.001745329238474369,-0.001745329238474369,-0.001745329238474369,0,0,0,-0.001745329238474369,0.005235987715423107,0
0,-0.001745329238474369,0.001745329238474369,0.001745329238474369,-0.001745329238474369,-0.001745329238474369,0,0,0,-0.001745329238474369,0.005235987715423107,0
0,-0.001745329238474369,0.001745329238474369,0.001745329238474369,-0.001745329238474369,-0.001745329238474369,0,0,0,-0.001745329238474369,0.005235987715423107,0
0,-0.001745329238474369,0.001745329238474369,0.001745329238474369,-0.001745329238474369,-0.001745329238474369,0,0,0,-0.001745329238474369,0.005235987715423107,0
0,-0.001745329238474369,0.001745329238474369,0.001745329238474369,-0.001745329238474369,-0.001745329238474369,0,0,0,-0.001745329238474369,0.005235987715423107,0
0,-0.001745329238474369,0.001745329238474369,0.001745329238474369,-0.001745329238474369,-0.001745329238474369,0,0,0,-0.001745329238474369,0.005235987715423107,0
0,-0.001745329238474369,0.001745329238474369,0.001745329238474369,-0.001745329238474369,-0.001745329238474369,0,0,0,-0.001745329238474369,0.005235987715423107,0
0,-0.001745329238474369,0.001745329238474369,0.001745329238474369,-0.001745329238474369,-0.001745329238474369,0,0,0,-0.001745329238474369,0.005235987715423107,0
0,-0.001745329238474369,0.001745329238474369,0.001745329238474369,-0.001745329238474369,-0.001745329238474369,0,0,0,-0.001745329238474369,0.005235987715423107,0
0,-0.001745329238474369,0.001745329238474369,0.001745329238474369,-0.001745329238474369,-0.001745329238474369,0,0,0,-0.001745329238474369,0.005235987715423107,0
0,-0.001745329238474369,0.001745329238474369,0.001745329238474369,-0.001745329238474369,-0.001745329238474369,0,0,0,-0.001745329238474369,0.005235987715423107,0
0,-0.001745329238474369,0.001745329238474369,0.001745329238474369,-0.001745329238474369,-0.001745329238474369,0,0,0,-0.001745329238474369,0.005235987715423107,0
0,-0.001745329238474369,0.001745329238474369,0.001745329238474369,-0.001745329238474369,-0.001745329238474369,0,0,0,-0.001745329238474369,0.005235987715423107,0
0,-0.001745329238474369,0.001745329238474369,0.001745329238474369,-0.001745329238474369,-0.001745329238474369,0,0,0,-0.001745329238474369,0.005235987715423107,0
0,-0.001745329238474369,0.001745329238474369,0.001745329238474369,-0.001745329238474369,-0.001745329238474369,0,0,0,-0.001745329238474369,0.005235987715423107,0
0,-0.001745329238474369,0.001745329238474369,0.001745329238474369,-0.001745329238474369,-0.001745329238474369,0,0,0,-0.001745329238474369,0.005235987715423107,0
0,-0.001745329238474369,0.001745329238474369,0.001745329238474369,-0.001745329238474369,-0.001745329238474369,0,0,0,-0.001745329238474369,0.005235987715423107,0
0,-0.001745329238474369,0.001745329238474369,0.001745329238474369,-0.001745329238474369,-0.001745329238474369,0,0,0,-0.001745329238474369,0.005235987715423107,0
0,-0.001745329238474369,0.001745329238474369,0.001745329238474369,-0.001745329238474369,-0.001745329238474369,0,0,0,-0.001745329238474369,0.005235987715423107,0
0,-0.001745329238474369,0.001745329238474369,0.001745329238474369,-0.001745329238474369,-0.001745329238474369,0,0,0,-0.001745329238474369,0.005235987715423107,0
0,-0.001745329238474369,0.001745329238474369,0.001745329238474369,-0.001745329238474369,-0.001745329238474369,0,0,0,-0.001745329238474369,0.005235987715423107,0
0,-0.001745329238474369,0.001745329238474369,0.001745329238474369,-0.001745329238474369,-0.001745329238474369,0,0,0,-0.001745329238474369,0.005235987715423107,0
0,-0.001745329238474369,0.001745329238474369,0.001745329238474369,-0.001745329238474369,-0.001745329238474369,0,0,0,-0.001745329238474369,0.005235987715423107,0
0,-0.001745329238474369,0.001745329238474369,0.001745329238474369,-0.001745329238474369,-0.001745329238474369,0,0,0,-0.001745329238474369,0.005235987715423107,0
0,-0.001745329238474369,0.001745329238474369,0.001745329238474369,-0.001745329238474369,-0.001745329238474369,0,0,0,-0.001745329238474369,0.005235987715423107,0
0,-0.001745329238474369,0.001745329238474369,0.001745329238474369,-0.001745329238474369,-0.001745329238474369,0,0,0,-0.001745329238474369,0.005235987715423107,0
0,-0.001745329238474369,0.001745329238474369,0.001745329238474369,-0.001745329238474369,-0.001745329238474369,0,0,0,-0.001745329238474369,0.005235987715423107,0
0,-0.001745329238474369,0.001745329238474369,0.001745329238474369,-0.001745329238474369,-0.001745329238474369,0,0,0,-0.001745329238474369,0.005235987715423107,0
0,-0.001745329238474369,0.001745329238474369,0.001745329238474369,-0.001745329238474369,-0.001745329238474369,0,0,0,-0.001745329238474369,0.005235987715423107,0
0,-0.001745329238474369,0.001745329238474369,0.001745329238474369,-0.001745329238474369,-0.001745329238474369,0,0,0,-0.001745329238474369,0.005235987715423107,0
0,-0.001745329238474369,0.001745329238474369,0.001745329238474369,-0.001745329238474369,-0.001745329238474369,0,0,0,-0.001745329238474369,0.005235987715423107,0
0,-0.001745329238474369,0.001745329238474369,0.001745329238474369,-0.001745329238474369,-0.001745329238474369,0,0,0,-0.001745329238474369,0.005235987715423107,0
0,-0.001745329238474369,0.001745329238474369,0.001745329238474369,-0.001745329238474369,-0.001745329238474369,0,0,0,-0.001745329238474369,0.005235987715423107,0
0,-0.001745329238474369,0.001745329238474369,0.001745329238474369,-0.001745329238474369,-0.001745329238474369,0,0,0,-0.001745329238474369,0.005235987715423107,0
0,-0.001745329238474369,0.001745329238474369,0.001745329238474369,-0.001745329238474369,-0.001745329238474369,0,0,0,-0.001745329238474369,0.005235987715423107,0
0,-0.001745329238474369,0.001745329238474369,0.001745329238474369,-0.001745329238474369,-0.001745329238474369,0,0,0,-0.001745329238474369,0.005235987715423107,0
0,-0.001745329238474369,0.001745329238474369,0.001745329238474369,-0.001745329238474369,-0.001745329238474369,0,0,0,-0.001745329238474369,0.005235987715423107,0
0,-0.001745329238474369,0.001745329238474369,0.001745329238474369,-0.001745329238474369,-0.001745329238474369,0,0,0,-0.001745329238474369,0.005235987715423107,0
0,-0.001745329238474369,0.001745329238474369,0.001745329238474369,-0.001745329238474369,-0.001745329238474369,0,0,0,-0.001745329238474369,0.005235987715423107,0
0,-0.001745329238474369,0.001745329238474369,0.001745329238474369,-0.001745329238474369,-0.001745329238474369,0,0,0,-0.001745329238474369,0.005235987715423107,0
0,-0.001745329238474369,0.001745329238474369,0.001745329238474369,-0.001745329238474369,-0.001745329238474369,0,0,0,-0.001745329238474369,0.005235987715423107,0
0,-0.001745329238474369,0.001745329238474369,0.001745329238474369,-0.001745329238474369,-0.001745329238474369,0,0,0,-0.001745329238474369,0.005235987715423107,0
0,-0.001745329238474369,0.001745329238474369,0.001745329238474369,-0.001745329238474369,-0.001745329238474369,0,0,0,-0.001745329238474369,0.005235987715423107,0
0,-0.001745329238474369,0.001745329238474369,0.001745329238474369,-0.001745329238474369,-0.001745329238474369,0,0,0,-0.001745329238474369,0.005235987715423107,0
0,-0.001745329238474369,0.001745329238474369,0.001745329238474369,-0.001745329238474369,-0.001745329238474369,0,0,0,-0.001745329238474369,0.005235987715423107,0
0,-0.001745329238474369,0.001745329238474369,0.001745329238474369,-0.001745329238474369,-0.001745329238474369,0,0,0,-0.001745329238474369,0.005235987715423107,0
0,-0.001745329238474369,0.001745329238474369,0.001745329238474369,-0.001745329238474369,-0.001745329238474369,0,0,0,-0.001745329238474369,0.005235987715423107,0
0,-0.001745329238474369,0.001745329238474369,0.001745329238474369,-0.001745329238474369,-0.001745329238474369,0,0,0,-0.001745329238474369,0.005235987715423107,0
0,-0.001745329238474369,0.001745329238474369,0.001745329238474369,-0.001745329238474369,-0.001745329238474369,0,0,0,-0.001745329238474369,0.005235987715423107,0
0,-0.001745329238474369,0.001745329238474369,0.001745329238474369,-0.001745329238474369,-0.001745329238474369,0,0,0,-0.001745329238474369,0.005235987715423107,0
0,-0.001745329238474369,0.001745329238474369,0.001745329238474369,-0.001745329238474369,-0.001745329238474369,0,0,0,-0.001745329238474369,0.005235987715423107,0
0,-0.001745329238474369,0.001745329238474369,0.001745329238474369,-0.001745329238474369,-0.001745329238474369,0,0,0,-0.001745329238474369,0.005235987715423107,0
0,-0.001745329238474369,0.001745329238474369,0.001745329238474369,-0.001745329238474369,-0.001745329238474369,0,0,0,-0.001745329238474369,0.005235987715423107,0
0,-0.001745329238474369,0.001745329238474369,0.001745329238474369,-0.001745329238474369,-0.001745329238474369,0,0,0,-0.001745329238474369,0.005235987715423107,0
0,-0.001745329238474369,0.001745329238474369,0.001745329238474369,-0.001745329238474369,-0.001745329238474369,0,0,0,-0.001745329238474369,0.005235987715423107,0
0,-0.001745329238474369,0.001745329238474369,0.001745329238474369,-0.001745329238474369,-0.001745329238474369,0,0,0,-0.001745329238474369,0.005235987715423107,0
0,-0.001745329238474369,0.001745329238474369,0.001745329238474369,-0.001745329238474369,-0.001745329238474369,0,0,0,-0.001745329238474369,0.005235987715423107,0
0,-0.001745329238474369,0.001745329238474369,0.001745329238474369,-0.001745329238474369,-0.001745329238474369,0,0,0,-0.001745329238474369,0.005235987715423107,0
0,-0.001745329238474369,0.001745329238474369,0.001745329238474369,-0.001745329238474369,-0.001745329238474369,0,0,0,-0.001745329238474369,0.005235987715423107,0
0,-0.001745329238474369,0.001745329238474369,0.001745329238474369,-0.001745329238474369,-0.001745329238474369,0,0,0,-0.001745329238474369,0.005235987715423107,0
0,-0.001745329238474369,0.001745329238474369,0.001745329238474369,-0.001745329238474369,-0.001745329238474369,0,0,0,-0.001745329238474369,0.005235987715423107,0
0,-0.001745329238474369,0.001745329238474369,0.001745329238474369,-0.001745329238474369,-0.001745329238474369,0,0,0,-0.001745329238474369,0.005235987715423107,0
0,-0.001745329238474369,0.001745329238474369,0.001745329238474369,-0.001745329238474369,-0.001745329238474369,0,0,0,-0.001745329238474369,0.005235987715423107,0
0,-0.001745329238474369,0.001745329238474369,0.001745329238474369,-0.001745329238474369,-0.001745329238474369,0,0,0,-0.001745329238474369,0.005235987715423107,0
0,-0.001745329238474369,0.001745329238474369,0.001745329238474369,-0.001745329238474369,-0.001745329238474369,0,0,0,-0.001745329238474369,0.005235987715423107,0
0,-0.001745329238474369,0.001745329238474369,0.001745329238474369,-0.001745329238474369,-0.001745329238474369,0,0,0,-0.001745329238474369,0.005235987715423107,0
0,-0.001745329238474369,0.001745329238474369,0.001745329238474369,-0.001745329238474369,-0.001745329238474369,0,0,0,-0.001745329238474369,0.005235987715423107,0
0,-0.001745329238474369,0.001745329238474369,0.001745329238474369,-0.001745329238474369,-0.001745329238474369,0,0,0,-0.001745329238474369,0.005235987715423107,0
0,-0.001745329238474369,0.001745329238474369,0.001745329238474369,-0.001745329238474369,-0.001745329238474369,0,0,0,-0.001745329238474369,0.005235987715423107,0
0,-0.001745329238474369,0.001745329238474369,0.001745329238474369,-0.001745329238474369,-0.001745329238474369,0,0,0,-0.001745329238474369,0.005235987715423107,0
0,-0.001745329238474369,0.001745329238474369,0.001745329238474369,-0.001745329238474369,-0.001745329238474369,0,0,0,-0.001745329238474369,0.005235987715423107,0
0,-0.001745329238474369,0.001745329238474369,0.001745329238474369,-0.001745329238474369,-0.001745329238474369,0,0,0,-0.001745329238474369,0.005235987715423107,0
0,-0.001745329238474369,0.001745329238474369,0.001745329238474369,-0.001745329238474369,-0.001745329238474369,0,0,0,-0.001745329238474369,0.005235987715423107,0
0,-0.001745329238474369,0.001745329238474369,0.001745329238474369,-0.001745329238474369,-0.001745329238474369,0,0,0,-0.001745329238474369,0.005235987715423107,0
0,-0.001745329238474369,0.001745329238474369,0.001745329238474369,-0.001745329238474369,-0.001745329238474369,0,0,0,-0.001745329238474369,0.005235987715423107,0
0,-0.001745329238474369,0.001745329238474369,0.001745329238474369,-0.001745329238474369,-0.001745329238474369,0,0,0,-0.001745329238474369,0.005235987715423107,0
0,-0.001745329238474369,0.001745329238474369,0.001745329238474369,-0.001745329238474369,-0.001745329238474369,0,0,0,-0.001745329238474369,0.005235987715423107,0
0,-0.001745329238474369,0.001745329238474369,0.001745329238474369,-0.001745329238474369,-0.001745329238474369,0,0,0,-0.001745329238474369,0.005235987715423107,0
0,-0.001745329238474369,0.001745329238474369,0.001745329238474369,-0.001745329238474369,-0.001745329238474369,0,0,0,-0.001745329238474369,0.005235987715423107,0
0,-0.001745329238474369,0.001745329238474369,0.001745329238474369,-0.001745329238474369,-0.001745329238474369,0,0,0,-0.001745329238474369,0.005235987715423107,0
0,-0.001745329238474369,0.001745329238474369,0.001745329238474369,-0.001745329238474369,-0.001745329238474369,0,0,0,-0.001745329238474369,0.005235987715423107,0
0,-0.001745329238474369,0.001745329238474369,0.001745329238474369,-0.001745329238474369,-0.001745329238474369,0,0,0,-0.001745329238474369,0.005235987715423107,0
0,-0.001745329238474369,0.001745329238474369,0.001745329238474369,-0.001745329238474369,-0.001745329238474369,0,0,0,-0.001745329238474369,0.005235987715423107,0
0,-0.001745329238474369,0.001745329238474369,0.001745329238474369,-0.001745329238474369,-0.001745329238474369,0,0,0,-0.001745329238474369,0.005235987715423107,0
0,-0.001745329238474369,0.001745329238474369,0.001745329238474369,-0.001745329238474369,-0.001745329238474369,0,0,0,-0.001745329238474369,0.005235987715423107,0
0,-0.001745329238474369,0.001745329238474369,0.001745329238474369,-0.001745329238474369,-0.001745329238474369,0,0,0,-0.001745329238474369,0.005235987715423107,0
0,-0.001745329238474369,0.001745329238474369,0.001745329238474369,-0.001745329238474369,-0.001745329238474369,0,0,0,-0.001745329238474369,0.005235987715423107,0
0,-0.001745329238474369,0.001745329238474369,0.001745329238474369,-0.001745329238474369,-0.001745329238474369,0,0,0,-0.001745329238474369,0.005235987715423107,0
0,-0.001745329238474369,0.001745329238474369,0.001745329238474369,-0.001745329238474369,-0.001745329238474369,0,0,0,-0.001745329238474369,0.005235987715423107,0
0,-0.001745329238474369,0.001745329238474369,0.001745329238474369,-0.001745329238474369,-0.001745329238474369,0,0,0,-0.001745329238474369,0.005235987715423107,0
0,-0.001745329238474369,0.001745329238474369,0.001745329238474369,-0.001745329238474369,-0.001745329238474369,0,0,0,-0.001745329238474369,0.005235987715423107,0
0,-0.001745329238474369,0.001745329238474369,0.001745329238474369,-0.001745329238474369,-0.001745329238474369,0,0,0,-0.001745329238474369,0.005235987715423107,0
0,-0.001745329238474369,0.001745329238474369,0.001745329238474369,-0.001745329238474369,-0.001745329238474369,0,0,0,-0.001745329238474369,0.005235987715423107,0
0,-0.001745329238474369,0.001745329238474369,0.001745329238474369,-0.001745329238474369,-0.001745329238474369,0,0,0,-0.001745329238474369,0.005235987715423107,0
0,-0.001745329238474369,0.001745329238474369,0.001745329238474369,-0.001745329238474369,-0.001745329238474369,0,0,0,-0.001745329238474369,0.005235987715423107,0
0,-0.001745329238474369,0.001745329238474369,0.001745329238474369,-0.001745329238474369,-0.001745329238474369,0,0,0,-0.001745329238474369,0.005235987715423107,0
0,-0.001745329238474369,0.001745329238474369,0.001745329238474369,-0.001745329238474369,-0.001745329238474369,0,0,0,-0.001745329238474369,0.005235987715423107,0
0,-0.001745329238474369,0.001745329238474369,0.001745329238474369,-0.001745329238474369,-0.001745329238474369,0,0,0,-0.001745329238474369,0.005235987715423107,0
0,-0.001745329238474369,0.001745329238474369,0.001745329238474369,-0.001745329238474369,-0.001745329238474369,0,0,0,-0.001745329238474369,0.005235987715423107,0
0,-0.001745329238474369,0.001745329238474369,0.001745329238474369,-0.001745329238474369,-0.001745329238474369,0,0,0,-0.001745329238474369,0.005235987715423107,0
0,-0.001745329238474369,0.001745329238474369,0.001745329238474369,-0.001745329238474369,-0.001745329238474369,0,0,0,-0.001745329238474369,0.005235987715423107,0
0,-0.001745329238474369,0.001745329238474369,0.001745329238474369,-0.001745329238474369,-0.001745329238474369,0,0,0,-0.001745329238474369,0.005235987715423107,0
0,-0.001745329238474369,0.001745329238474369,0.001745329238474369,-0.001745329238474369,-0.001745329238474369,0,0,0,-0.001745329238474369,0.005235987715423107,0
0,-0.001745329238474369,0.001745329238474369,0.001745329238474369,-0.001745329238474369,-0.001745329238474369,0,0,0,-0.001745329238474369,0.005235987715423107,0
0,-0.001745329238474369,0.001745329238474369,0.001745329238474369,-0.001745329238474369,-0.001745329238474369,0,0,0,-0.001745329238474369,0.005235987715423107,0
0,-0.001745329238474369,0.001745329238474369,0.001745329238474369,-0.001745329238474369,-0.001745329238474369,0,0,0,-0.001745329238474369,0.005235987715423107,0
0,-0.001745329238474369,0.001745329238474369,0.001745329238474369,-0.001745329238474369,-0.001745329238474369,0,0,0,-0.001745329238474369,0.005235987715423107,0
0,-0.001745329238474369,0.001745329238474369,0.001745329238474369,-0.001745329238474369,-0.001745329238474369,0,0,0,-0.001745329238474369,0.005235987715423107,0
0,-0.001745329238474369,0.001745329238474369,0.001745329238474369,-0.001745329238474369,-0.001745329238474369,0,0,0,-0.001745329238474369,0.005235987715423107,0
0,-0.001745329238474369,0.001745329238474369,0.001745329238474369,-0.001745329238474369,-0.001745329238474369,0,0,0,-0.001745329238474369,0.005235987715423107,0
0,-0.001745329238474369,0.001745329238474369,0.001745329238474369,-0.001745329238474369,-0.001745329238474369,0,0,0,-0.001745329238474369,0.005235987715423107,0
0,-0.001745329238474369,0.001745329238474369,0.001745329238474369,-0.001745329238474369,-0.001745329238474369,0,0,0,-0.001745329238474369,0.005235987715423107,0
0,-0.001745329238474369,0.001745329238474369,0.001745329238474369,-0.001745329238474369,-0.001745329238474369,0,0,0,-0.001745329238474369,0.005235987715423107,0
0,-0.001745329238474369,0.001745329238474369,0.001745329238474369,-0.001745329238474369,-0.001745329238474369,0,0,0,-0.001745329238474369,0.005235987715423107,0
0,-0.001745329238474369,0.001745329238474369,0.001745329238474369,-0.001745329238474369,-0.001745329238474369,0,0,0,-0.001745329238474369,0.005235987715423107,0
0,-0.001745329238474369,0.001745329238474369,0.001745329238474369,-0.001745329238474369,-0.001745329238474369,0,0,0,-0.001745329238474369,0.005235987715423107,0
0,-0.001745329238474369,0.001745329238474369,0.001745329238474369,-0.001745329238474369,-0.001745329238474369,0,0,0,-0.001745329238474369,0.005235987715423107,0
0,-0.001745329238474369,0.001745329238474369,0.001745329238474369,-0.001745329238474369,-0.001745329238474369,0,0,0,-0.001745329238474369,0.005235987715423107,0
0,-0.001745329238474369,0.001745329238474369,0.001745329238474369,-0.001745329238474369,-0.001745329238474369,0,0,0,-0.001745329238474369,0.005235987715423107,0
0,-0.001745329238474369,0.001745329238474369,0.001745329238474369,-0.001745329238474369,-0.001745329238474369,0,0,0,-0.001745329238474369,0.005235987715423107,0
0,-0.001745329238474369,0.001745329238474369,0.001745329238474369,-0.001745329238474369,-0.001745329238474369,0,0,0,-0.001745329238474369,0.005235987715423107,0
0,-0.001745329238474369,0.001745329238474369,0.001745329238474369,-0.001745329238474369,-0.001745329238474369,0,0,0,-0.001745329238474369,0.005235987715423107,0
0,-0.001745329238474369,0.001745329238474369,0.001745329238474369,-0.001745329238474369,-0.001745329238474369,0,0,0,-0.001745329238474369,0.005235987715423107,0
0,-0.001745329238474369,0.001745329238474369,0.001745329238474369,-0.001745329238474369,-0.001745329238474369,0,0,0,-0.001745329238474369,0.005235987715423107,0
0,-0.001745329238474369,0.001745329238474369,0.001745329238474369,-0.001745329238474369,-0.001745329238474369,0,0,0,-0.001745329238474369,0.005235987715423107,0
0,-0.001745329238474369,0.001745329238474369,0.001745329238474369,-0.001745329238474369,-0.001745329238474369,0,0,0,-0.001745329238474369,0.005235987715423107,0
0,-0.001745329238474369,0.001745329238474369,0.001745329238474369,-0.001745329238474369,-0.001745329238474369,0,0,0,-0.001745329238474369,0.005235987715423107,0
0,-0.001745329238474369,0.001745329238474369,0.001745329238474369,-0.001745329238474369,-0.001745329238474369,0,0,0,-0.001745329238474369,0.005235987715423107,0
0,-0.001745329238474369,0.001745329238474369,0.001745329238474369,-0.001745329238474369,-0.001745329238474369,0,0,0,-0.001745329238474369,0.005235987715423107,0
0,-0.001745329238474369,0.001745329238474369,0.001745329238474369,-0.001745329238474369,-0.001745329238474369,0,0,0,-0.001745329238474369,0.005235987715423107,0
0,-0.001745329238474369,0.001745329238474369,0.001745329238474369,-0.001745329238474369,-0.001745329238474369,0,0,0,-0.001745329238474369,0.005235987715423107,0
0,-0.001745329238474369,0.001745329238474369,0.001745329238474369,-0.001745329238474369,-0.001745329238474369,0,0,0,-0.001745329238474369,0.005235987715423107,0
0,-0.001745329238474369,0.001745329238474369,0.001745329238474369,-0.001745329238474369,-0.001745329238474369,0,0,0,-0.001745329238474369,0.005235987715423107,0
0,-0.001745329238474369,0.001745329238474369,0.001745329238474369,-0.001745329238474369,-0.001745329238474369,0,0,0,-0.001745329238474369,0.005235987715423107,0
0,-0.001745329238474369,0.001745329238474369,0.001745329238474369,-0.001745329238474369,-0.001745329238474369,0,0,0,-0.001745329238474369,0.005235987715423107,0
0,-0.001745329238474369,0.001745329238474369,0.001745329238474369,-0.001745329238474369,-0.001745329238474369,0,0,0,-0.001745329238474369,0.005235987715423107,0
0,-0.001745329238474369,0.001745329238474369,0.001745329238474369,-0.001745329238474369,-0.001745329238474369,0,0,0,-0.001745329238474369,0.005235987715423107,0
0,-0.001745329238474369,0.001745329238474369,0.001745329238474369,-0.001745329238474369,-0.001745329238474369,0,0,0,-0.001745329238474369,0.005235987715423107,0
0,-0.001745329238474369,0.001745329238474369,0.001745329238474369,-0.001745329238474369,-0.001745329238474369,0,0,0,-0.001745329238474369,0.005235987715423107,0
0,-0.001745329238474369,0.001745329238474369,0.001745329238474369,-0.001745329238474369,-0.001745329238474369,0,0,0,-0.001745329238474369,0.005235987715423107,0
0,-0.001745329238474369,0.001745329238474369,0.001745329238474369,-0.001745329238474369,-0.001745329238474369,0,0,0,-0.001745329238474369,0.005235987715423107,0
0,-0.001745329238474369,0.001745329238474369,0.001745329238474369,-0.001745329238474369,-0.001745329238474369,0,0,0,-0.001745329238474369,0.005235987715423107,0
0,-0.001745329238474369,0.001745329238474369,0.001745329238474369,-0.001745329238474369,-0.001745329238474369,0,0,0,-0.001745329238474369,0.005235987715423107,0
0,-0.001745329238474369,0.001745329238474369,0.001745329238474369,-0.001745329238474369,-0.001745329238474369,0,0,0,-0.001745329238474369,0.005235987715423107,0
0,-0.001745329238474369,0.001745329238474369,0.001745329238474369,-0.001745329238474369,-0.001745329238474369,0,0,0,-0.001745329238474369,0.005235987715423107,0
0,-0.001745329238474369,0.001745329238474369,0.001745329238474369,-0.001745329238474369,-0.001745329238474369,0,0,0,-0.001745329238474369,0.005235987715423107,0
0,-0.001745329238474369,0.001745329238474369,0.001745329238474369,-0.001745329238474369,-0.001745329238474369,0,0,0,-0.001745329238474369,0.005235987715423107,0
0,-0.001745329238474369,0.001745329238474369,0.001745329238474369,-0.001745329238474369,-0.001745329238474369,0,0,0,-0.001745329238474369,0.005235987715423107,0
0,-0.001745329238474369,0.001745329238474369,0.001745329238474369,-0.001745329238474369,-0.001745329238474369,0,0,0,-0.001745329238474369,0.005235987715423107,0
0,-0.001745329238474369,0.001745329238474369,0.001745329238474369,-0.001745329238474369,-0.001745329238474369,0,0,0,-0.001745329238474369,0.005235987715423107,0
0,-0.001745329238474369,0.001745329238474369,0.001745329238474369,-0.001745329238474369,-0.001745329238474369,0,0,0,-0.001745329238474369,0.005235987715423107,0
0,-0.001745329238474369,0.001745329238474369,0.001745329238474369,-0.001745329238474369,-0.001745329238474369,0,0,0,-0.001745329238474369,0.005235987715423107,0
0,-0.001745329238474369,0.001745329238474369,0.001745329238474369,-0.001745329238474369,-0.001745329238474369,0,0,0,-0.001745329238474369,0.005235987715423107,0
0,-0.001745329238474369,0.001745329238474369,0.001745329238474369,-0.001745329238474369,-0.001745329238474369,0,0,0,-0.001745329238474369,0.005235987715423107,0
0,-0.001745329238474369,0.001745329238474369,0.001745329238474369,-0.001745329238474369,-0.001745329238474369,0,0,0,-0.001745329238474369,0.005235987715423107,0
0,-0.001745329238474369,0.001745329238474369,0.001745329238474369,-0.001745329238474369,-0.001745329238474369,0,0,0,-0.001745329238474369,0.005235987715423107,0
0,-0.001745329238474369,0.001745329238474369,0.001745329238474369,-0.001745329238474369,-0.001745329238474369,0,0,0,-0.001745329238474369,0.005235987715423107,0
0,-0.001745329238474369,0.001745329238474369,0.001745329238474369,-0.001745329238474369,-0.001745329238474369,0,0,0,-0.001745329238474369,0.005235987715423107,0
0,-0.001745329238474369,0.001745329238474369,0.001745329238474369,-0.001745329238474369,-0.001745329238474369,0,0,0,-0.001745329238474369,0.005235987715423107,0
0,-0.001745329238474369,0.001745329238474369,0.001745329238474369,-0.001745329238474369,-0.001745329238474369,0,0,0,-0.001745329238474369,0.005235987715423107,0
0,-0.001745329238474369,0.001745329238474369,0.001745329238474369,-0.001745329238474369,-0.001745329238474369,0,0,0,-0.001745329238474369,0.005235987715423107,0
0,-0.001745329238474369,0.001745329238474369,0.001745329238474369,-0.001745329238474369,-0.001745329238474369,0,0,0,-0.001745329238474369,0.005235987715423107,0
0,-0.001745329238474369,0.001745329238474369,0.001745329238474369,-0.001745329238474369,-0.001745329238474369,0,0,0,-0.001745329238474369,0.005235987715423107,0
0,-0.001745329238474369,0.001745329238474369,0.001745329238474369,-0.001745329238474369,-0.001745329238474369,0,0,0,-0.001745329238474369,0.005235987715423107,0
0,-0.001745329238474369,0.001745329238474369,0.001745329238474369,-0.001745329238474369,-0.001745329238474369,0,0,0,-0.001745329238474369,0.005235987715423107,0
0,-0.001745329238474369,0.001745329238474369,0.001745329238474369,-0.001745329238474369,-0.001745329238474369,0,0,0,-0.001745329238474369,0.005235987715423107,0
0,-0.001745329238474369,0.001745329238474369,0.001745329238474369,-0.001745329238474369,-0.001745329238474369,0,0,0,-0.001745329238474369,0.005235987715423107,0
0,-0.001745329238474369,0.001745329238474369,0.001745329238474369,-0.001745329238474369,-0.001745329238474369,0,0,0,-0.001745329238474369,0.005235987715423107,0
0,-0.001745329238474369,0.001745329238474369,0.001745329238474369,-0.001745329238474369,-0.001745329238474369,0,0,0,-0.001745329238474369,0.005235987715423107,0
0,-0.001745329238474369,0.001745329238474369,0.001745329238474369,-0.001745329238474369,-0.001745329238474369,0,0,0,-0.001745329238474369,0.005235987715423107,0
0,-0.001745329238474369,0.001745329238474369,0.001745329238474369,-0.001745329238474369,-0.001745329238474369,0,0,0,-0.001745329238474369,0.005235987715423107,0
0,-0.001745329238474369,0.001745329238474369,0.001745329238474369,-0.001745329238474369,-0.001745329238474369,0,0,0,-0.001745329238474369,0.005235987715423107,0
0,-0.001745329238474369,0.001745329238474369,0.001745329238474369,-0.001745329238474369,-0.001745329238474369,0,0,0,-0.001745329238474369,0.005235987715423107,0
0,-0.001745329238474369,0.001745329238474369,0.001745329238474369,-0.001745329238474369,-0.001745329238474369,0,0,0,-0.001745329238474369,0.005235987715423107,0
0,-0.001745329238474369,0.001745329238474369,0.001745329238474369,-0.001745329238474369,-0.001745329238474369,0,0,0,-0.001745329238474369,0.005235987715423107,0
0,-0.001745329238474369,0.001745329238474369,0.001745329238474369,-0.001745329238474369,-0.001745329238474369,0,0,0,-0.001745329238474369,0.005235987715423107,0
0,-0.001745329238474369,0.001745329238474369,0.001745329238474369,-0.001745329238474369,-0.001745329238474369,0,0,0,-0.001745329238474369,0.005235987715423107,0
0,-0.001745329238474369,0.001745329238474369,0.001745329238474369,-0.001745329238474369,-0.001745329238474369,0,0,0,-0.001745329238474369,0.005235987715423107,0
0,-0.001745329238474369,0.001745329238474369,0.001745329238474369,-0.001745329238474369,-0.001745329238474369,0,0,0,-0.001745329238474369,0.005235987715423107,0
0,-0.001745329238474369,0.001745329238474369,0.001745329238474369,-0.001745329238474369,-0.001745329238474369,0,0,0,-0.001745329238474369,0.005235987715423107,0
0,-0.001745329238474369,0.001745329238474369,0.001745329238474369,-0.001745329238474369,-0.001745329238474369,0,0,0,-0.001745329238474369,0.005235987715423107,0
0,-0.001745329238474369,0.001745329238474369,0.001745329238474369,-0.001745329238474369,-0.001745329238474369,0,0,0,-0.001745329238474369,0.005235987715423107,0
0,-0.001745329238474369,0.001745329238474369,0.001745329238474369,-0.001745329238474369,-0.001745329238474369,0,0,0,-0.001745329238474369,0.005235987715423107,0
0,-0.001745329238474369,0.001745329238474369,0.001745329238474369,-0.001745329238474369,-0.001745329238474369,0,0,0,-0.001745329238474369,0.005235987715423107,0
0,-0.001745329238474369,0.001745329238474369,0.001745329238474369,-0.001745329238474369,-0.001745329238474369,0,0,0,-0.001745329238474369,0.005235987715423107,0
0,-0.001745329238474369,0.001745329238474369,0.001745329238474369,-0.001745329238474369,-0.001745329238474369,0,0,0,-0.001745329238474369,0.005235987715423107,0
0,-0.001745329238474369,0.001745329238474369,0.001745329238474369,-0.001745329238474369,-0.001745329238474369,0,0,0,-0.001745329238474369,0.005235987715423107,0
0,-0.001745329238474369,0.001745329238474369,0.001745329238474369,-0.001745329238474369,-0.001745329238474369,0,0,0,-0.001745329238474369,0.005235987715423107,0
0,-0.001745329238474369,0.001745329238474369,0.001745329238474369,-0.001745329238474369,-0.001745329238474369,0,0,0,-0.001745329238474369,0.005235987715423107,0
0,-0.001745329238474369,0.001745329238474369,0.001745329238474369,-0.001745329238474369,-0.001745329238474369,0,0,0,-0.001745329238474369,0.005235987715423107,0
0,-0.001745329238474369,0.001745329238474369,0.001745329238474369,-0.001745329238474369,-0.001745329238474369,0,0,0,-0.001745329238474369,0.005235987715423107,0
0,-0.001745329238474369,0.001745329238474369,0.001745329238474369,-0.001745329238474369,-0.001745329238474369,0,0,0,-0.001745329238474369,0.005235987715423107,0
0,-0.001745329238474369,0.001745329238474369,0.001745329238474369,-0.001745329238474369,-0.001745329238474369,0,0,0,-0.001745329238474369,0.005235987715423107,0
0,-0.001745329238474369,0.001745329238474369,0.001745329238474369,-0.001745329238474369,-0.001745329238474369,0,0,0,-0.001745329238474369,0.005235987715423107,0
0,-0.001745329238474369,0.001745329238474369,0.001745329238474369,-0.001745329238474369,-0.001745329238474369,0,0,0,-0.001745329238474369,0.005235987715423107,0
0,-0.001745329238474369,0.001745329238474369,0.001745329238474369,-0.001745329238474369,-0.001745329238474369,0,0,0,-0.001745329238474369,0.005235987715423107,0
0,-0.001745329238474369,0.001745329238474369,0.001745329238474369,-0.001745329238474369,-0.001745329238474369,0,0,0,-0.001745329238474369,0.005235987715423107,0
0,-0.001745329238474369,0.001745329238474369,0.001745329238474369,-0.001745329238474369,-0.001745329238474369,0,0,0,-0.001745329238474369,0.005235987715423107,0
0,-0.001745329238474369,0.001745329238474369,0.001745329238474369,-0.001745329238474369,-0.001745329238474369,0,0,0,-0.001745329238474369,0.005235987715423107,0
0,-0.001745329238474369,0.001745329238474369,0.001745329238474369,-0.001745329238474369,-0.001745329238474369,0,0,0,-0.001745329238474369,0.005235987715423107,0
0,-0.001745329238474369,0.001745329238474369,0.001745329238474369,-0.001745329238474369,-0.001745329238474369,0,0,0,-0.001745329238474369,0.005235987715423107,0
0,-0.001745329238474369,0.001745329238474369,0.001745329238474369,-0.001745329238474369,-0.001745329238474369,0,0,0,-0.001745329238474369,0.005235987715423107,0
0,-0.001745329238474369,0.001745329238474369,0.001745329238474369,-0.001745329238474369,-0.001745329238474369,0,0,0,-0.001745329238474369,0.005235987715423107,0
0,-0.001745329238474369,0.001745329238474369,0.001745329238474369,-0.001745329238474369,-0.001745329238474369,0,0,0,-0.001745329238474369,0.005235987715423107,0
0,-0.001745329238474369,0.001745329238474369,0.001745329238474369,-0.001745329238474369,-0.001745329238474369,0,0,0,-0.001745329238474369,0.005235987715423107,0
0,-0.001745329238474369,0.001745329238474369,0.001745329238474369,-0.001745329238474369,-0.001745329238474369,0,0,0,-0.001745329238474369,0.005235987715423107,0
0,-0.001745329238474369,0.001745329238474369,0.001745329238474369,-0.001745329238474369,-0.001745329238474369,0,0,0,-0.001745329238474369,0.005235987715423107,0
0,-0.001745329238474369,0.001745329238474369,0.001745329238474369,-0.001745329238474369,-0.001745329238474369,0,0,0,-0.001745329238474369,0.005235987715423107,0
0,-0.001745329238474369,0.001745329238474369,0.001745329238474369,-0.001745329238474369,-0.001745329238474369,0,0,0,-0.001745329238474369,0.005235987715423107,0
0,-0.001745329238474369,0.001745329238474369,0.001745329238474369,-0.001745329238474369,-0.001745329238474369,0,0,0,-0.001745329238474369,0.005235987715423107,0
0,-0.001745329238474369,0.001745329238474369,0.001745329238474369,-0.001745329238474369,-0.001745329238474369,0,0,0,-0.001745329238474369,0.005235987715423107,0
0,-0.001745329238474369,0.001745329238474369,0.001745329238474369,-0.001745329238474369,-0.001745329238474369,0,0,0,-0.001745329238474369,0.005235987715423107,0
0,-0.001745329238474369,0.001745329238474369,0.001745329238474369,-0.001745329238474369,-0.001745329238474369,0,0,0,-0.001745329238474369,0.005235987715423107,0
0,-0.001745329238474369,0.001745329238474369,0.001745329238474369,-0.001745329238474369,-0.001745329238474369,0,0,0,-0.001745329238474369,0.005235987715423107,0
0,-0.001745329238474369,0.001745329238474369,0.001745329238474369,-0.001745329238474369,-0.001745329238474369,0,0,0,-0.001745329238474369,0.005235987715423107,0
0,-0.001745329238474369,0.001745329238474369,0.001745329238474369,-0.001745329238474369,-0.001745329238474369,0,0,0,-0.001745329238474369,0.005235987715423107,0
0,-0.001745329238474369,0.001745329238474369,0.001745329238474369,-0.001745329238474369,-0.001745329238474369,0,0,0,-0.001745329238474369,0.005235987715423107,0
0,-0.001745329238474369,0.001745329238474369,0.001745329238474369,-0.001745329238474369,-0.001745329238474369,0,0,0,-0.001745329238474369,0.005235987715423107,0
0,-0.001745329238474369,0.001745329238474369,0.001745329238474369,-0.001745329238474369,-0.001745329238474369,0,0,0,-0.001745329238474369,0.005235987715423107,0
0,-0.001745329238474369,0.001745329238474369,0.001745329238474369,-0.001745329238474369,-0.001745329238474369,0,0,0,-0.001745329238474369,0.005235987715423107,0
0,-0.001745329238474369,0.001745329238474369,0.001745329238474369,-0.001745329238474369,-0.001745329238474369,0,0,0,-0.001745329238474369,0.005235987715423107,0
0,-0.001745329238474369,0.001745329238474369,0.001745329238474369,-0.001745329238474369,-0.001745329238474369,0,0,0,-0.001745329238474369,0.005235987715423107,0
0,-0.001745329238474369,0.001745329238474369,0.001745329238474369,-0.001745329238474369,-0.001745329238474369,0,0,0,-0.001745329238474369,0.005235987715423107,0
0,-0.001745329238474369,0.001745329238474369,0.001745329238474369,-0.001745329238474369,-0.001745329238474369,0,0,0,-0.001745329238474369,0.005235987715423107,0
0,-0.001745329238474369,0.001745329238474369,0.001745329238474369,-0.001745329238474369,-0.001745329238474369,0,0,0,-0.001745329238474369,0.005235987715423107,0
0,-0.001745329238474369,0.001745329238474369,0.001745329238474369,-0.001745329238474369,-0.001745329238474369,0,0,0,-0.001745329238474369,0.005235987715423107,0
0,-0.001745329238474369,0.001745329238474369,0.001745329238474369,-0.001745329238474369,-0.001745329238474369,0,0,0,-0.001745329238474369,0.005235987715423107,0
0,-0.001745329238474369,0.001745329238474369,0.001745329238474369,-0.001745329238474369,-0.001745329238474369,0,0,0,-0.001745329238474369,0.005235987715423107,0
0,-0.001745329238474369,0.001745329238474369,0.001745329238474369,-0.001745329238474369,-0.001745329238474369,0,0,0,-0.001745329238474369,0.005235987715423107,0
0,-0.001745329238474369,0.001745329238474369,0.001745329238474369,-0.001745329238474369,-0.001745329238474369,0,0,0,-0.001745329238474369,0.005235987715423107,0
0,-0.001745329238474369,0.001745329238474369,0.001745329238474369,-0.001745329238474369,-0.001745329238474369,0,0,0,-0.001745329238474369,0.005235987715423107,0
0,-0.001745329238474369,0.001745329238474369,0.001745329238474369,-0.001745329238474369,-0.001745329238474369,0,0,0,-0.001745329238474369,0.005235987715423107,0
0,-0.001745329238474369,0.001745329238474369,0.001745329238474369,-0.001745329238474369,-0.001745329238474369,0,0,0,-0.001745329238474369,0.005235987715423107,0
0,-0.001745329238474369,0.001745329238474369,0.001745329238474369,-0.001745329238474369,-0.001745329238474369,0,0,0,-0.001745329238474369,0.005235987715423107,0
0,-0.001745329238474369,0.001745329238474369,0.001745329238474369,-0.001745329238474369,-0.001745329238474369,0,0,0,-0.001745329238474369,0.005235987715423107,0
0,-0.001745329238474369,0.001745329238474369,0.001745329238474369,-0.001745329238474369,-0.001745329238474369,0,0,0,-0.001745329238474369,0.005235987715423107,0
0,-0.001745329238474369,0.001745329238474369,0.001745329238474369,-0.001745329238474369,-0.001745329238474369,0,0,0,-0.001745329238474369,0.005235987715423107,0
0,-0.001745329238474369,0.001745329238474369,0.001745329238474369,-0.001745329238474369,-0.001745329238474369,0,0,0,-0.001745329238474369,0.005235987715423107,0
0,-0.001745329238474369,0.001745329238474369,0.001745329238474369,-0.001745329238474369,-0.001745329238474369,0,0,0,-0.001745329238474369,0.005235987715423107,0
0,-0.001745329238474369,0.001745329238474369,0.001745329238474369,-0.001745329238474369,-0.001745329238474369,0,0,0,-0.001745329238474369,0.005235987715423107,0
0,-0.001745329238474369,0.001745329238474369,0.001745329238474369,-0.001745329238474369,-0.001745329238474369,0,0,0,-0.001745329238474369,0.005235987715423107,0
0,-0.001745329238474369,0.001745329238474369,0.001745329238474369,-0.001745329238474369,-0.001745329238474369,0,0,0,-0.001745329238474369,0.005235987715423107,0
0,-0.001745329238474369,0.001745329238474369,0.001745329238474369,-0.001745329238474369,-0.001745329238474369,0,0,0,-0.001745329238474369,0.005235987715423107,0
0,-0.001745329238474369,0.001745329238474369,0.001745329238474369,-0.001745329238474369,-0.001745329238474369,0,0,0,-0.001745329238474369,0.005235987715423107,0
0,-0.001745329238474369,0.001745329238474369,0.001745329238474369,-0.001745329238474369,-0.001745329238474369,0,0,0,-0.001745329238474369,0.005235987715423107,0
0,-0.001745329238474369,0.001745329238474369,0.001745329238474369,-0.001745329238474369,-0.001745329238474369,0,0,0,-0.001745329238474369,0.005235987715423107,0
0,-0.001745329238474369,0.001745329238474369,0.001745329238474369,-0.001745329238474369,-0.001745329238474369,0,0,0,-0.001745329238474369,0.005235987715423107,0
0,-0.001745329238474369,0.001745329238474369,0.001745329238474369,-0.001745329238474369,-0.001745329238474369,0,0,0,-0.001745329238474369,0.005235987715423107,0
0,-0.001745329238474369,0.001745329238474369,0.001745329238474369,-0.001745329238474369,-0.001745329238474369,0,0,0,-0.001745329238474369,0.005235987715423107,0
0,-0.001745329238474369,0.001745329238474369,0.001745329238474369,-0.001745329238474369,-0.001745329238474369,0,0,0,-0.001745329238474369,0.005235987715423107,0
0,-0.001745329238474369,0.001745329238474369,0.001745329238474369,-0.001745329238474369,-0.001745329238474369,0,0,0,-0.001745329238474369,0.005235987715423107,0
0,-0.001745329238474369,0.001745329238474369,0.001745329238474369,-0.001745329238474369,-0.001745329238474369,0,0,0,-0.001745329238474369,0.005235987715423107,0
0,-0.001745329238474369,0.001745329238474369,0.001745329238474369,-0.001745329238474369,-0.001745329238474369,0,0,0,-0.001745329238474369,0.005235987715423107,0
0,-0.001745329238474369,0.001745329238474369,0.001745329238474369,-0.001745329238474369,-0.001745329238474369,0,0,0,-0.001745329238474369,0.005235987715423107,0
0,-0.001745329238474369,0.001745329238474369,0.001745329238474369,-0.001745329238474369,-0.001745329238474369,0,0,0,-0.001745329238474369,0.005235987715423107,0
0,-0.001745329238474369,0.001745329238474369,0.001745329238474369,-0.001745329238474369,-0.001745329238474369,0,0,0,-0.001745329238474369,0.005235987715423107,0
0,-0.001745329238474369,0.001745329238474369,0.001745329238474369,-0.001745329238474369,-0.001745329238474369,0,0,0,-0.001745329238474369,0.005235987715423107,0
0,-0.001745329238474369,0.001745329238474369,0.001745329238474369,-0.001745329238474369,-0.001745329238474369,0,0,0,-0.001745329238474369,0.005235987715423107,0
0,-0.001745329238474369,0.001745329238474369,0.001745329238474369,-0.001745329238474369,-0.001745329238474369,0,0,0,-0.001745329238474369,0.005235987715423107,0
0,-0.001745329238474369,0.001745329238474369,0.001745329238474369,-0.001745329238474369,-0.001745329238474369,0,0,0,-0.001745329238474369,0.005235987715423107,0
0,-0.001745329238474369,0.001745329238474369,0.001745329238474369,-0.001745329238474369,-0.001745329238474369,0,0,0,-0.001745329238474369,0.005235987715423107,0
0,-0.001745329238474369,0.001745329238474369,0.001745329238474369,-0.001745329238474369,-0.001745329238474369,0,0,0,-0.001745329238474369,0.005235987715423107,0
0,-0.001745329238474369,0.001745329238474369,0.001745329238474369,-0.001745329238474369,-0.001745329238474369,0,0,0,-0.001745329238474369,0.005235987715423107,0
0,-0.001745329238474369,0.001745329238474369,0.001745329238474369,-0.001745329238474369,-0.001745329238474369,0,0,0,-0.001745329238474369,0.005235987715423107,0
0,-0.001745329238474369,0.001745329238474369,0.001745329238474369,-0.001745329238474369,-0.001745329238474369,0,0,0,-0.001745329238474369,0.005235987715423107,0
0,-0.001745329238474369,0.001745329238474369,0.001745329238474369,-0.001745329238474369,-0.001745329238474369,0,0,0,-0.001745329238474369,0.005235987715423107,0
0,-0.001745329238474369,0.001745329238474369,0.001745329238474369,-0.001745329238474369,-0.001745329238474369,0,0,0,-0.001745329238474369,0.005235987715423107,0
0,-0.001745329238474369,0.001745329238474369,0.001745329238474369,-0.001745329238474369,-0.001745329238474369,0,0,0,-0.001745329238474369,0.005235987715423107,0
0,-0.001745329238474369,0.001745329238474369,0.001745329238474369,-0.001745329238474369,-0.001745329238474369,0,0,0,-0.001745329238474369,0.005235987715423107,0
0,-0.001745329238474369,0.001745329238474369,0.001745329238474369,-0.001745329238474369,-0.001745329238474369,0,0,0,-0.001745329238474369,0.005235987715423107,0
0,-0.001745329238474369,0.001745329238474369,0.001745329238474369,-0.001745329238474369,-0.001745329238474369,0,0,0,-0.001745329238474369,0.005235987715423107,0
0,-0.001745329238474369,0.001745329238474369,0.001745329238474369,-0.001745329238474369,-0.001745329238474369,0,0,0,-0.001745329238474369,0.005235987715423107,0
0,-0.001745329238474369,0.001745329238474369,0.001745329238474369,-0.001745329238474369,-0.001745329238474369,0,0,0,-0.001745329238474369,0.005235987715423107,0
0,-0.001745329238474369,0.001745329238474369,0.001745329238474369,-0.001745329238474369,-0.001745329238474369,0,0,0,-0.001745329238474369,0.005235987715423107,0
0,-0.001745329238474369,0.001745329238474369,0.001745329238474369,-0.001745329238474369,-0.001745329238474369,0,0,0,-0.001745329238474369,0.005235987715423107,0
0,-0.001745329238474369,0.001745329238474369,0.001745329238474369,-0.001745329238474369,-0.001745329238474369,0,0,0,-0.001745329238474369,0.005235987715423107,0
0,-0.001745329238474369,0.001745329238474369,0.001745329238474369,-0.001745329238474369,-0.001745329238474369,0,0,0,-0.001745329238474369,0.005235987715423107,0
0,-0.001745329238474369,0.001745329238474369,0.001745329238474369,-0.001745329238474369,-0.001745329238474369,0,0,0,-0.001745329238474369,0.005235987715423107,0
0,-0.001745329238474369,0.001745329238474369,0.001745329238474369,-0.001745329238474369,-0.001745329238474369,0,0,0,-0.001745329238474369,0.005235987715423107,0
0,-0.001745329238474369,0.001745329238474369,0.001745329238474369,-0.001745329238474369,-0.001745329238474369,0,0,0,-0.001745329238474369,0.005235987715423107,0
0,-0.001745329238474369,0.001745329238474369,0.001745329238474369,-0.001745329238474369,-0.001745329238474369,0,0,0,-0.001745329238474369,0.005235987715423107,0
0,-0.001745329238474369,0.001745329238474369,0.001745329238474369,-0.001745329238474369,-0.001745329238474369,0,0,0,-0.001745329238474369,0.005235987715423107,0
0,-0.001745329238474369,0.001745329238474369,0.001745329238474369,-0.001745329238474369,-0.001745329238474369,0,0,0,-0.001745329238474369,0.005235987715423107,0
0,-0.001745329238474369,0.001745329238474369,0.001745329238474369,-0.001745329238474369,-0.001745329238474369,0,0,0,-0.001745329238474369,0.005235987715423107,0
0,-0.001745329238474369,0.001745329238474369,0.001745329238474369,-0.001745329238474369,-0.001745329238474369,0,0,0,-0.001745329238474369,0.005235987715423107,0
0,-0.001745329238474369,0.001745329238474369,0.001745329238474369,-0.001745329238474369,-0.001745329238474369,0,0,0,-0.001745329238474369,0.005235987715423107,0
0,-0.001745329238474369,0.001745329238474369,0.001745329238474369,-0.001745329238474369,-0.001745329238474369,0,0,0,-0.001745329238474369,0.005235987715423107,0
0,-0.001745329238474369,0.001745329238474369,0.001745329238474369,-0.001745329238474369,-0.001745329238474369,0,0,0,-0.001745329238474369,0.005235987715423107,0
0,-0.001745329238474369,0.001745329238474369,0.001745329238474369,-0.001745329238474369,-0.001745329238474369,0,0,0,-0.001745329238474369,0.005235987715423107,0
0,-0.001745329238474369,0.001745329238474369,0.001745329238474369,-0.001745329238474369,-0.001745329238474369,0,0,0,-0.001745329238474369,0.005235987715423107,0
0,-0.001745329238474369,0.001745329238474369,0.001745329238474369,-0.001745329238474369,-0.001745329238474369,0,0,0,-0.001745329238474369,0.005235987715423107,0
0,-0.001745329238474369,0.001745329238474369,0.001745329238474369,-0.001745329238474369,-0.001745329238474369,0,0,0,-0.001745329238474369,0.005235987715423107,0
0,-0.001745329238474369,0.001745329238474369,0.001745329238474369,-0.001745329238474369,-0.001745329238474369,0,0,0,-0.001745329238474369,0.005235987715423107,0
0,-0.001745329238474369,0.001745329238474369,0.001745329238474369,-0.001745329238474369,-0.001745329238474369,0,0,0,-0.001745329238474369,0.005235987715423107,0
0,-0.001745329238474369,0.001745329238474369,0.001745329238474369,-0.001745329238474369,-0.001745329238474369,0,0,0,-0.001745329238474369,0.005235987715423107,0
0,-0.001745329238474369,0.001745329238474369,0.001745329238474369,-0.001745329238474369,-0.001745329238474369,0,0,0,-0.001745329238474369,0.005235987715423107,0
0,-0.001745329238474369,0.001745329238474369,0.001745329238474369,-0.001745329238474369,-0.001745329238474369,0,0,0,-0.001745329238474369,0.005235987715423107,0
0,-0.001745329238474369,0.001745329238474369,0.001745329238474369,-0.001745329238474369,-0.001745329238474369,0,0,0,-0.001745329238474369,0.005235987715423107,0
0,-0.001745329238474369,0.001745329238474369,0.001745329238474369,-0.001745329238474369,-0.001745329238474369,0,0,0,-0.001745329238474369,0.005235987715423107,0
0,-0.001745329238474369,0.001745329238474369,0.001745329238474369,-0.001745329238474369,-0.001745329238474369,0,0,0,-0.001745329238474369,0.005235987715423107,0
0,-0.001745329238474369,0.001745329238474369,0.001745329238474369,-0.001745329238474369,-0.001745329238474369,0,0,0,-0.001745329238474369,0.005235987715423107,0
0,-0.001745329238474369,0.001745329238474369,0.001745329238474369,-0.001745329238474369,-0.001745329238474369,0,0,0,-0.001745329238474369,0.005235987715423107,0
0,-0.001745329238474369,0.001745329238474369,0.001745329238474369,-0.001745329238474369,-0.001745329238474369,0,0,0,-0.001745329238474369,0.005235987715423107,0
0,-0.001745329238474369,0.001745329238474369,0.001745329238474369,-0.001745329238474369,-0.001745329238474369,0,0,0,-0.001745329238474369,0.005235987715423107,0
0,-0.001745329238474369,0.001745329238474369,0.001745329238474369,-0.001745329238474369,-0.001745329238474369,0,0,0,-0.001745329238474369,0.005235987715423107,0
0,-0.001745329238474369,0.001745329238474369,0.001745329238474369,-0.001745329238474369,-0.001745329238474369,0,0,0,-0.001745329238474369,0.005235987715423107,0
0,-0.001745329238474369,0.001745329238474369,0.001745329238474369,-0.001745329238474369,-0.001745329238474369,0,0,0,-0.001745329238474369,0.005235987715423107,0
0,-0.001745329238474369,0.001745329238474369,0.001745329238474369,-0.001745329238474369,-0.001745329238474369,0,0,0,-0.001745329238474369,0.005235987715423107,0
0,-0.001745329238474369,0.001745329238474369,0.001745329238474369,-0.001745329238474369,-0.001745329238474369,0,0,0,-0.001745329238474369,0.005235987715423107,0
0,-0.001745329238474369,0.001745329238474369,0.001745329238474369,-0.001745329238474369,-0.001745329238474369,0,0,0,-0.001745329238474369,0.005235987715423107,0
0,-0.001745329238474369,0.001745329238474369,0.001745329238474369,-0.001745329238474369,-0.001745329238474369,0,0,0,-0.001745329238474369,0.005235987715423107,0
0,-0.001745329238474369,0.001745329238474369,0.001745329238474369,-0.001745329238474369,-0.001745329238474369,0,0,0,-0.001745329238474369,0.005235987715423107,0
0,-0.001745329238474369,0.001745329238474369,0.001745329238474369,-0.001745329238474369,-0.001745329238474369,0,0,0,-0.001745329238474369,0.005235987715423107,0
0,-0.001745329238474369,0.001745329238474369,0.001745329238474369,-0.001745329238474369,-0.001745329238474369,0,0,0,-0.001745329238474369,0.005235987715423107,0
0,-0.001745329238474369,0.001745329238474369,0.001745329238474369,-0.001745329238474369,-0.001745329238474369,0,0,0,-0.001745329238474369,0.005235987715423107,0
0,-0.001745329238474369,0.001745329238474369,0.001745329238474369,-0.001745329238474369,-0.001745329238474369,0,0,0,-0.001745329238474369,0.005235987715423107,0
0,-0.001745329238474369,0.001745329238474369,0.001745329238474369,-0.001745329238474369,-0.001745329238474369,0,0,0,-0.001745329238474369,0.005235987715423107,0
0,-0.001745329238474369,0.001745329238474369,0.001745329238474369,-0.001745329238474369,-0.001745329238474369,0,0,0,-0.001745329238474369,0.005235987715423107,0
0,-0.001745329238474369,0.001745329238474369,0.001745329238474369,-0.001745329238474369,-0.001745329238474369,0,0,0,-0.001745329238474369,0.005235987715423107,0
0,-0.001745329238474369,0.001745329238474369,0.001745329238474369,-0.001745329238474369,-0.001745329238474369,0,0,0,-0.001745329238474369,0.005235987715423107,0
0,-0.001745329238474369,0.001745329238474369,0.001745329238474369,-0.001745329238474369,-0.001745329238474369,0,0,0,-0.001745329238474369,0.005235987715423107,0
0,-0.001745329238474369,0.001745329238474369,0.001745329238474369,-0.001745329238474369,-0.001745329238474369,0,0,0,-0.001745329238474369,0.005235987715423107,0
0,-0.001745329238474369,0.001745329238474369,0.001745329238474369,-0.001745329238474369,-0.001745329238474369,0,0,0,-0.001745329238474369,0.005235987715423107,0
0,-0.001745329238474369,0.001745329238474369,0.001745329238474369,-0.001745329238474369,-0.001745329238474369,0,0,0,-0.001745329238474369,0.005235987715423107,0
0,-0.001745329238474369,0.001745329238474369,0.001745329238474369,-0.001745329238474369,-0.001745329238474369,0,0,0,-0.001745329238474369,0.005235987715423107,0
0,-0.001745329238474369,0.001745329238474369,0.001745329238474369,-0.001745329238474369,-0.001745329238474369,0,0,0,-0.001745329238474369,0.005235987715423107,0
0,-0.001745329238474369,0.001745329238474369,0.001745329238474369,-0.001745329238474369,-0.001745329238474369,0,0,0,-0.001745329238474369,0.005235987715423107,0
0,-0.001745329238474369,0.001745329238474369,0.001745329238474369,-0.001745329238474369,-0.001745329238474369,0,0,0,-0.001745329238474369,0.005235987715423107,0
0,-0.001745329238474369,0.001745329238474369,0.001745329238474369,-0.001745329238474369,-0.001745329238474369,0,0,0,-0.001745329238474369,0.005235987715423107,0
0,-0.001745329238474369,0.001745329238474369,0.001745329238474369,-0.001745329238474369,-0.001745329238474369,0,0,0,-0.001745329238474369,0.005235987715423107,0
0,-0.001745329238474369,0.001745329238474369,0.001745329238474369,-0.001745329238474369,-0.001745329238474369,0,0,0,-0.001745329238474369,0.005235987715423107,0
0,-0.001745329238474369,0.001745329238474369,0.001745329238474369,-0.001745329238474369,-0.001745329238474369,0,0,0,-0.001745329238474369,0.005235987715423107,0
0,-0.001745329238474369,0.001745329238474369,0.001745329238474369,-0.001745329238474369,-0.001745329238474369,0,0,0,-0.001745329238474369,0.005235987715423107,0
0,-0.001745329238474369,0.001745329238474369,0.001745329238474369,-0.001745329238474369,-0.001745329238474369,0,0,0,-0.001745329238474369,0.005235987715423107,0
0,-0.001745329238474369,0.001745329238474369,0.001745329238474369,-0.001745329238474369,-0.001745329238474369,0,0,0,-0.001745329238474369,0.005235987715423107,0
0,-0.001745329238474369,0.001745329238474369,0.001745329238474369,-0.001745329238474369,-0.001745329238474369,0,0,0,-0.001745329238474369,0.005235987715423107,0
0,-0.001745329238474369,0.001745329238474369,0.001745329238474369,-0.001745329238474369,-0.001745329238474369,0,0,0,-0.001745329238474369,0.005235987715423107,0
0,-0.001745329238474369,0.001745329238474369,0.001745329238474369,-0.001745329238474369,-0.001745329238474369,0,0,0,-0.001745329238474369,0.005235987715423107,0
0,-0.001745329238474369,0.001745329238474369,0.001745329238474369,-0.001745329238474369,-0.001745329238474369,0,0,0,-0.001745329238474369,0.005235987715423107,0
0,-0.001745329238474369,0.001745329238474369,0.001745329238474369,-0.001745329238474369,-0.001745329238474369,0,0,0,-0.001745329238474369,0.005235987715423107,0
0,-0.001745329238474369,0.001745329238474369,0.001745329238474369,-0.001745329238474369,-0.001745329238474369,0,0,0,-0.001745329238474369,0.005235987715423107,0
0,-0.001745329238474369,0.001745329238474369,0.001745329238474369,-0.001745329238474369,-0.001745329238474369,0,0,0,-0.001745329238474369,0.005235987715423107,0
0,-0.001745329238474369,0.001745329238474369,0.001745329238474369,-0.001745329238474369,-0.001745329238474369,0,0,0,-0.001745329238474369,0.005235987715423107,0
0,-0.001745329238474369,0.001745329238474369,0.001745329238474369,-0.001745329238474369,-0.001745329238474369,0,0,0,-0.001745329238474369,0.005235987715423107,0
0,-0.001745329238474369,0.001745329238474369,0.001745329238474369,-0.001745329238474369,-0.001745329238474369,0,0,0,-0.001745329238474369,0.005235987715423107,0
0,-0.001745329238474369,0.001745329238474369,0.001745329238474369,-0.001745329238474369,-0.001745329238474369,0,0,0,-0.001745329238474369,0.005235987715423107,0
0,-0.001745329238474369,0.001745329238474369,0.001745329238474369,-0.001745329238474369,-0.001745329238474369,0,0,0,-0.001745329238474369,0.005235987715423107,0
0,-0.001745329238474369,0.001745329238474369,0.001745329238474369,-0.001745329238474369,-0.001745329238474369,0,0,0,-0.001745329238474369,0.005235987715423107,0
0,-0.001745329238474369,0.001745329238474369,0.001745329238474369,-0.001745329238474369,-0.001745329238474369,0,0,0,-0.001745329238474369,0.005235987715423107,0
0,-0.001745329238474369,0.001745329238474369,0.001745329238474369,-0.001745329238474369,-0.001745329238474369,0,0,0,-0.001745329238474369,0.005235987715423107,0
0,-0.001745329238474369,0.001745329238474369,0.001745329238474369,-0.001745329238474369,-0.001745329238474369,0,0,0,-0.001745329238474369,0.005235987715423107,0
0,-0.001745329238474369,0.001745329238474369,0.001745329238474369,-0.001745329238474369,-0.001745329238474369,0,0,0,-0.001745329238474369,0.005235987715423107,0
0,-0.001745329238474369,0.001745329238474369,0.001745329238474369,-0.001745329238474369,-0.001745329238474369,0,0,0,-0.001745329238474369,0.005235987715423107,0
0,-0.001745329238474369,0.001745329238474369,0.001745329238474369,-0.001745329238474369,-0.001745329238474369,0,0,0,-0.001745329238474369,0.005235987715423107,0
0,-0.001745329238474369,0.001745329238474369,0.001745329238474369,-0.001745329238474369,-0.001745329238474369,0,0,0,-0.001745329238474369,0.005235987715423107,0
0,-0.001745329238474369,0.001745329238474369,0.001745329238474369,-0.001745329238474369,-0.001745329238474369,0,0,0,-0.001745329238474369,0.005235987715423107,0
0,-0.001745329238474369,0.001745329238474369,0.001745329238474369,-0.001745329238474369,-0.001745329238474369,0,0,0,-0.001745329238474369,0.005235987715423107,0
0,-0.001745329238474369,0.001745329238474369,0.001745329238474369,-0.001745329238474369,-0.001745329238474369,0,0,0,-0.001745329238474369,0.005235987715423107,0
0,-0.001745329238474369,0.001745329238474369,0.001745329238474369,-0.001745329238474369,-0.001745329238474369,0,0,0,-0.001745329238474369,0.005235987715423107,0
0,-0.001745329238474369,0.001745329238474369,0.001745329238474369,-0.001745329238474369,-0.001745329238474369,0,0,0,-0.001745329238474369,0.005235987715423107,0
0,-0.001745329238474369,0.001745329238474369,0.001745329238474369,-0.001745329238474369,-0.001745329238474369,0,0,0,-0.001745329238474369,0.005235987715423107,0
0,-0.001745329238474369,0.001745329238474369,0.001745329238474369,-0.001745329238474369,-0.001745329238474369,0,0,0,-0.001745329238474369,0.005235987715423107,0
0,-0.001745329238474369,0.001745329238474369,0.001745329238474369,-0.001745329238474369,-0.001745329238474369,0,0,0,-0.001745329238474369,0.005235987715423107,0
0,-0.001745329238474369,0.001745329238474369,0.001745329238474369,-0.001745329238474369,-0.001745329238474369,0,0,0,-0.001745329238474369,0.005235987715423107,0
0,-0.001745329238474369,0.001745329238474369,0.001745329238474369,-0.001745329238474369,-0.001745329238474369,0,0,0,-0.001745329238474369,0.005235987715423107,0
0,-0.001745329238474369,0.001745329238474369,0.001745329238474369,-0.001745329238474369,-0.001745329238474369,0,0,0,-0.001745329238474369,0.005235987715423107,0
0,-0.001745329238474369,0.001745329238474369,0.001745329238474369,-0.001745329238474369,-0.001745329238474369,0,0,0,-0.001745329238474369,0.005235987715423107,0
0,-0.001745329238474369,0.001745329238474369,0.001745329238474369,-0.001745329238474369,-0.001745329238474369,0,0,0,-0.001745329238474369,0.005235987715423107,0
0,-0.001745329238474369,0.001745329238474369,0.001745329238474369,-0.001745329238474369,-0.001745329238474369,0,0,0,-0.001745329238474369,0.005235987715423107,0
0,-0.001745329238474369,0.001745329238474369,0.001745329238474369,-0.001745329238474369,-0.001745329238474369,0,0,0,-0.001745329238474369,0.005235987715423107,0
0,-0.001745329238474369,0.001745329238474369,0.001745329238474369,-0.001745329238474369,-0.001745329238474369,0,0,0,-0.001745329238474369,0.005235987715423107,0
0,-0.001745329238474369,0.001745329238474369,0.001745329238474369,-0.001745329238474369,-0.001745329238474369,0,0,0,-0.001745329238474369,0.005235987715423107,0
0,-0.001745329238474369,0.001745329238474369,0.001745329238474369,-0.001745329238474369,-0.001745329238474369,0,0,0,-0.001745329238474369,0.005235987715423107,0
0,-0.001745329238474369,0.001745329238474369,0.001745329238474369,-0.001745329238474369,-0.001745329238474369,0,0,0,-0.001745329238474369,0.005235987715423107,0
0,-0.001745329238474369,0.001745329238474369,0.001745329238474369,-0.001745329238474369,-0.001745329238474369,0,0,0,-0.001745329238474369,0.005235987715423107,0
0,-0.001745329238474369,0.001745329238474369,0.001745329238474369,-0.001745329238474369,-0.001745329238474369,0,0,0,-0.001745329238474369,0.005235987715423107,0
0,-0.001745329238474369,0.001745329238474369,0.001745329238474369,-0.001745329238474369,-0.001745329238474369,0,0,0,-0.001745329238474369,0.005235987715423107,0
0,-0.001745329238474369,0.001745329238474369,0.001745329238474369,-0.001745329238474369,-0.001745329238474369,0,0,0,-0.001745329238474369,0.005235987715423107,0
0,-0.001745329238474369,0.001745329238474369,0.001745329238474369,-0.001745329238474369,-0.001745329238474369,0,0,0,-0.001745329238474369,0.005235987715423107,0
0,-0.001745329238474369,0.001745329238474369,0.001745329238474369,-0.001745329238474369,-0.001745329238474369,0,0,0,-0.001745329238474369,0.005235987715423107,0
0,-0.001745329238474369,0.001745329238474369,0.001745329238474369,-0.001745329238474369,-0.001745329238474369,0,0,0,-0.001745329238474369,0.005235987715423107,0
0,-0.001745329238474369,0.001745329238474369,0.001745329238474369,-0.001745329238474369,-0.001745329238474369,0,0,0,-0.001745329238474369,0.005235987715423107,0
0,-0.001745329238474369,0.001745329238474369,0.001745329238474369,-0.001745329238474369,-0.001745329238474369,0,0,0,-0.001745329238474369,0.005235987715423107,0
0,-0.001745329238474369,0.001745329238474369,0.001745329238474369,-0.001745329238474369,-0.001745329238474369,0,0,0,-0.001745329238474369,0.005235987715423107,0
0,-0.001745329238474369,0.001745329238474369,0.001745329238474369,-0.001745329238474369,-0.001745329238474369,0,0,0,-0.001745329238474369,0.005235987715423107,0
0,-0.001745329238474369,0.001745329238474369,0.001745329238474369,-0.001745329238474369,-0.001745329238474369,0,0,0,-0.001745329238474369,0.005235987715423107,0
0,-0.001745329238474369,0.001745329238474369,0.001745329238474369,-0.001745329238474369,-0.001745329238474369,0,0,0,-0.001745329238474369,0.005235987715423107,0
0,-0.001745329238474369,0.001745329238474369,0.001745329238474369,-0.001745329238474369,-0.001745329238474369,0,0,0,-0.001745329238474369,0.005235987715423107,0
0,-0.001745329238474369,0.001745329238474369,0.001745329238474369,-0.001745329238474369,-0.001745329238474369,0,0,0,-0.001745329238474369,0.005235987715423107,0
0,-0.001745329238474369,0.001745329238474369,0.001745329238474369,-0.001745329238474369,-0.001745329238474369,0,0,0,-0.001745329238474369,0.005235987715423107,0
0,-0.001745329238474369,0.001745329238474369,0.001745329238474369,-0.001745329238474369,-0.001745329238474369,0,0,0,-0.001745329238474369,0.005235987715423107,0
0,-0.001745329238474369,0.001745329238474369,0.001745329238474369,-0.001745329238474369,-0.001745329238474369,0,0,0,-0.001745329238474369,0.005235987715423107,0
0,-0.001745329238474369,0.001745329238474369,0.001745329238474369,-0.001745329238474369,-0.001745329238474369,0,0,0,-0.001745329238474369,0.005235987715423107,0
0,-0.001745329238474369,0.001745329238474369,0.001745329238474369,-0.001745329238474369,-0.001745329238474369,0,0,0,-0.001745329238474369,0.005235987715423107,0
0,-0.001745329238474369,0.001745329238474369,0.001745329238474369,-0.001745329238474369,-0.001745329238474369,0,0,0,-0.001745329238474369,0.005235987715423107,0
0,-0.001745329238474369,0.001745329238474369,0.001745329238474369,-0.001745329238474369,-0.001745329238474369,0,0,0,-0.001745329238474369,0.005235987715423107,0
0,-0.001745329238474369,0.001745329238474369,0.001745329238474369,-0.001745329238474369,-0.001745329238474369,0,0,0,-0.001745329238474369,0.005235987715423107,0
0,-0.001745329238474369,0.001745329238474369,0.001745329238474369,-0.001745329238474369,-0.001745329238474369,0,0,0,-0.001745329238474369,0.005235987715423107,0
0,-0.001745329238474369,0.001745329238474369,0.001745329238474369,-0.001745329238474369,-0.001745329238474369,0,0,0,-0.001745329238474369,0.005235987715423107,0
0,-0.001745329238474369,0.001745329238474369,0.001745329238474369,-0.001745329238474369,-0.001745329238474369,0,0,0,-0.001745329238474369,0.005235987715423107,0
0,-0.001745329238474369,0.001745329238474369,0.001745329238474369,-0.001745329238474369,-0.001745329238474369,0,0,0,-0.001745329238474369,0.005235987715423107,0
0,-0.001745329238474369,0.001745329238474369,0.001745329238474369,-0.001745329238474369,-0.001745329238474369,0,0,0,-0.001745329238474369,0.005235987715423107,0
0,-0.001745329238474369,0.001745329238474369,0.001745329238474369,-0.001745329238474369,-0.001745329238474369,0,0,0,-0.001745329238474369,0.005235987715423107,0
0,-0.001745329238474369,0.001745329238474369,0.001745329238474369,-0.001745329238474369,-0.001745329238474369,0,0,0,-0.001745329238474369,0.005235987715423107,0
0,-0.001745329238474369,0.001745329238474369,0.001745329238474369,-0.001745329238474369,-0.001745329238474369,0,0,0,-0.001745329238474369,0.005235987715423107,0
0,-0.001745329238474369,0.001745329238474369,0.001745329238474369,-0.001745329238474369,-0.001745329238474369,0,0,0,-0.001745329238474369,0.005235987715423107,0
0,-0.001745329238474369,0.001745329238474369,0.001745329238474369,-0.001745329238474369,-0.001745329238474369,0,0,0,-0.001745329238474369,0.005235987715423107,0
0,-0.001745329238474369,0.001745329238474369,0.001745329238474369,-0.001745329238474369,-0.001745329238474369,0,0,0,-0.001745329238474369,0.005235987715423107,0
0,-0.001745329238474369,0.001745329238474369,0.001745329238474369,-0.001745329238474369,-0.001745329238474369,0,0,0,-0.001745329238474369,0.005235987715423107,0
0,-0.001745329238474369,0.001745329238474369,0.001745329238474369,-0.001745329238474369,-0.001745329238474369,0,0,0,-0.001745329238474369,0.005235987715423107,0
0,-0.001745329238474369,0.001745329238474369,0.001745329238474369,-0.001745329238474369,-0.001745329238474369,0,0,0,-0.001745329238474369,0.005235987715423107,0
0,-0.001745329238474369,0.001745329238474369,0.001745329238474369,-0.001745329238474369,-0.001745329238474369,0,0,0,-0.001745329238474369,0.005235987715423107,0
0,-0.001745329238474369,0.001745329238474369,0.001745329238474369,-0.001745329238474369,-0.001745329238474369,0,0,0,-0.001745329238474369,0.005235987715423107,0
0,-0.001745329238474369,0.001745329238474369,0.001745329238474369,-0.001745329238474369,-0.001745329238474369,0,0,0,-0.001745329238474369,0.005235987715423107,0
0,-0.001745329238474369,0.001745329238474369,0.001745329238474369,-0.001745329238474369,-0.001745329238474369,0,0,0,-0.001745329238474369,0.005235987715423107,0
0,-0.001745329238474369,0.001745329238474369,0.001745329238474369,-0.001745329238474369,-0.001745329238474369,0,0,0,-0.001745329238474369,0.005235987715423107,0
0,-0.001745329238474369,0.001745329238474369,0.001745329238474369,-0.001745329238474369,-0.001745329238474369,0,0,0,-0.001745329238474369,0.005235987715423107,0
0,-0.001745329238474369,0.001745329238474369,0.001745329238474369,-0.001745329238474369,-0.001745329238474369,0,0,0,-0.001745329238474369,0.005235987715423107,0
0,-0.001745329238474369,0.001745329238474369,0.001745329238474369,-0.001745329238474369,-0.001745329238474369,0,0,0,-0.001745329238474369,0.005235987715423107,0
0,-0.001745329238474369,0.001745329238474369,0.001745329238474369,-0.001745329238474369,-0.001745329238474369,0,0,0,-0.001745329238474369,0.005235987715423107,0
0,-0.001745329238474369,0.001745329238474369,0.001745329238474369,-0.001745329238474369,-0.001745329238474369,0,0,0,-0.001745329238474369,0.005235987715423107,0
0,-0.001745329238474369,0.001745329238474369,0.001745329238474369,-0.001745329238474369,-0.001745329238474369,0,0,0,-0.001745329238474369,0.005235987715423107,0
0,-0.001745329238474369,0.001745329238474369,0.001745329238474369,-0.001745329238474369,-0.001745329238474369,0,0,0,-0.001745329238474369,0.005235987715423107,0
0,-0.001745329238474369,0.001745329238474369,0.001745329238474369,-0.001745329238474369,-0.001745329238474369,0,0,0,-0.001745329238474369,0.005235987715423107,0
0,-0.001745329238474369,0.001745329238474369,0.001745329238474369,-0.001745329238474369,-0.001745329238474369,0,0,0,-0.001745329238474369,0.005235987715423107,0
0,-0.001745329238474369,0.001745329238474369,0.001745329238474369,-0.001745329238474369,-0.001745329238474369,0,0,0,-0.001745329238474369,0.005235987715423107,0
0,-0.001745329238474369,0.001745329238474369,0.001745329238474369,-0.001745329238474369,-0.001745329238474369,0,0,0,-0.001745329238474369,0.005235987715423107,0
0,-0.001745329238474369,0.001745329238474369,0.001745329238474369,-0.001745329238474369,-0.001745329238474369,0,0,0,-0.001745329238474369,0.005235987715423107,0
0,-0.001745329238474369,0.001745329238474369,0.001745329238474369,-0.001745329238474369,-0.001745329238474369,0,0,0,-0.001745329238474369,0.005235987715423107,0
0,-0.001745329238474369,0.001745329238474369,0.001745329238474369,-0.001745329238474369,-0.001745329238474369,0,0,0,-0.001745329238474369,0.005235987715423107,0
0,-0.001745329238474369,0.001745329238474369,0.001745329238474369,-0.001745329238474369,-0.001745329238474369,0,0,0,-0.001745329238474369,0.005235987715423107,0
0,-0.001745329238474369,0.001745329238474369,0.001745329238474369,-0.001745329238474369,-0.001745329238474369,0,0,0,-0.001745329238474369,0.005235987715423107,0
0,-0.001745329238474369,0.001745329238474369,0.001745329238474369,-0.001745329238474369,-0.001745329238474369,0,0,0,-0.001745329238474369,0.005235987715423107,0
0,-0.001745329238474369,0.001745329238474369,0.001745329238474369,-0.001745329238474369,-0.001745329238474369,0,0,0,-0.001745329238474369,0.005235987715423107,0
0,-0.001745329238474369,0.001745329238474369,0.001745329238474369,-0.001745329238474369,-0.001745329238474369,0,0,0,-0.001745329238474369,0.005235987715423107,0
0,-0.001745329238474369,0.001745329238474369,0.001745329238474369,-0.001745329238474369,-0.001745329238474369,0,0,0,-0.001745329238474369,0.005235987715423107,0
0,-0.001745329238474369,0.001745329238474369,0.001745329238474369,-0.001745329238474369,-0.001745329238474369,0,0,0,-0.001745329238474369,0.005235987715423107,0
0,-0.001745329238474369,0.001745329238474369,0.001745329238474369,-0.001745329238474369,-0.001745329238474369,0,0,0,-0.001745329238474369,0.005235987715423107,0
0,-0.001745329238474369,0.001745329238474369,0.001745329238474369,-0.001745329238474369,-0.001745329238474369,0,0,0,-0.001745329238474369,0.005235987715423107,0
0,-0.001745329238474369,0.001745329238474369,0.001745329238474369,-0.001745329238474369,-0.001745329238474369,0,0,0,-0.001745329238474369,0.005235987715423107,0
0,-0.001745329238474369,0.001745329238474369,0.001745329238474369,-0.001745329238474369,-0.001745329238474369,0,0,0,-0.001745329238474369,0.005235987715423107,0
0,-0.001745329238474369,0.001745329238474369,0.001745329238474369,-0.001745329238474369,-0.001745329238474369,0,0,0,-0.001745329238474369,0.005235987715423107,0
0,-0.001745329238474369,0.001745329238474369,0.001745329238474369,-0.001745329238474369,-0.001745329238474369,0,0,0,-0.001745329238474369,0.005235987715423107,0
0,-0.001745329238474369,0.001745329238474369,0.001745329238474369,-0.001745329238474369,-0.001745329238474369,0,0,0,-0.001745329238474369,0.005235987715423107,0
0,-0.001745329238474369,0.001745329238474369,0.001745329238474369,-0.001745329238474369,-0.001745329238474369,0,0,0,-0.001745329238474369,0.005235987715423107,0
0,-0.001745329238474369,0.001745329238474369,0.001745329238474369,-0.001745329238474369,-0.001745329238474369,0,0,0,-0.001745329238474369,0.005235987715423107,0
0,-0.001745329238474369,0.001745329238474369,0.001745329238474369,-0.001745329238474369,-0.001745329238474369,0,0,0,-0.001745329238474369,0.005235987715423107,0
0,-0.001745329238474369,0.001745329238474369,0.001745329238474369,-0.001745329238474369,-0.001745329238474369,0,0,0,-0.001745329238474369,0.005235987715423107,0
0,-0.001745329238474369,0.001745329238474369,0.001745329238474369,-0.001745329238474369,-0.001745329238474369,0,0,0,-0.001745329238474369,0.005235987715423107,0
0,-0.001745329238474369,0.001745329238474369,0.001745329238474369,-0.001745329238474369,-0.001745329238474369,0,0,0,-0.001745329238474369,0.005235987715423107,0
0,-0.001745329238474369,0.001745329238474369,0.001745329238474369,-0.001745329238474369,-0.001745329238474369,0,0,0,-0.001745329238474369,0.005235987715423107,0
0,-0.001745329238474369,0.001745329238474369,0.001745329238474369,-0.001745329238474369,-0.001745329238474369,0,0,0,-0.001745329238474369,0.005235987715423107,0
0,-0.001745329238474369,0.001745329238474369,0.001745329238474369,-0.001745329238474369,-0.001745329238474369,0,0,0,-0.001745329238474369,0.005235987715423107,0
0,-0.001745329238474369,0.001745329238474369,0.001745329238474369,-0.001745329238474369,-0.001745329238474369,0,0,0,-0.001745329238474369,0.005235987715423107,0
0,-0.001745329238474369,0.001745329238474369,0.001745329238474369,-0.001745329238474369,-0.001745329238474369,0,0,0,-0.001745329238474369,0.005235987715423107,0
0,-0.001745329238474369,0.001745329238474369,0.001745329238474369,-0.001745329238474369,-0.001745329238474369,0,0,0,-0.001745329238474369,0.005235987715423107,0
0,-0.001745329238474369,0.001745329238474369,0.001745329238474369,-0.001745329238474369,-0.001745329238474369,0,0,0,-0.001745329238474369,0.005235987715423107,0
0,-0.001745329238474369,0.001745329238474369,0.001745329238474369,-0.001745329238474369,-0.001745329238474369,0,0,0,-0.001745329238474369,0.005235987715423107,0
0,-0.001745329238474369,0.001745329238474369,0.001745329238474369,-0.001745329238474369,-0.001745329238474369,0,0,0,-0.001745329238474369,0.005235987715423107,0
0,-0.001745329238474369,0.001745329238474369,0.001745329238474369,-0.001745329238474369,-0.001745329238474369,0,0,0,-0.001745329238474369,0.005235987715423107,0
0,-0.001745329238474369,0.001745329238474369,0.001745329238474369,-0.001745329238474369,-0.001745329238474369,0,0,0,-0.001745329238474369,0.005235987715423107,0
0,-0.001745329238474369,0.001745329238474369,0.001745329238474369,-0.001745329238474369,-0.001745329238474369,0,0,0,-0.001745329238474369,0.005235987715423107,0
0,-0.001745329238474369,0.001745329238474369,0.001745329238474369,-0.001745329238474369,-0.001745329238474369,0,0,0,-0.001745329238474369,0.005235987715423107,0
0,-0.001745329238474369,0.001745329238474369,0.001745329238474369,-0.001745329238474369,-0.001745329238474369,0,0,0,-0.001745329238474369,0.005235987715423107,0
0,-0.001745329238474369,0.001745329238474369,0.001745329238474369,-0.001745329238474369,-0.001745329238474369,0,0,0,-0.001745329238474369,0.005235987715423107,0
0,-0.001745329238474369,0.001745329238474369,0.001745329238474369,-0.001745329238474369,-0.001745329238474369,0,0,0,-0.001745329238474369,0.005235987715423107,0
0,-0.001745329238474369,0.001745329238474369,0.001745329238474369,-0.001745329238474369,-0.001745329238474369,0,0,0,-0.001745329238474369,0.005235987715423107,0
0,-0.001745329238474369,0.001745329238474369,0.001745329238474369,-0.001745329238474369,-0.001745329238474369,0,0,0,-0.001745329238474369,0.005235987715423107,0
0,-0.001745329238474369,0.001745329238474369,0.001745329238474369,-0.001745329238474369,-0.001745329238474369,0,0,0,-0.001745329238474369,0.005235987715423107,0
0,-0.001745329238474369,0.001745329238474369,0.001745329238474369,-0.001745329238474369,-0.001745329238474369,0,0,0,-0.001745329238474369,0.005235987715423107,0
0,-0.001745329238474369,0.001745329238474369,0.001745329238474369,-0.001745329238474369,-0.001745329238474369,0,0,0,-0.001745329238474369,0.005235987715423107,0
0,-0.001745329238474369,0.001745329238474369,0.001745329238474369,-0.001745329238474369,-0.001745329238474369,0,0,0,-0.001745329238474369,0.005235987715423107,0
0,-0.001745329238474369,0.001745329238474369,0.001745329238474369,-0.001745329238474369,-0.001745329238474369,0,0,0,-0.001745329238474369,0.005235987715423107,0
0,-0.001745329238474369,0.001745329238474369,0.001745329238474369,-0.001745329238474369,-0.001745329238474369,0,0,0,-0.001745329238474369,0.005235987715423107,0
0,-0.001745329238474369,0.001745329238474369,0.001745329238474369,-0.001745329238474369,-0.001745329238474369,0,0,0,-0.001745329238474369,0.005235987715423107,0
0,-0.001745329238474369,0.001745329238474369,0.001745329238474369,-0.001745329238474369,-0.001745329238474369,0,0,0,-0.001745329238474369,0.005235987715423107,0
0,-0.001745329238474369,0.001745329238474369,0.001745329238474369,-0.001745329238474369,-0.001745329238474369,0,0,0,-0.001745329238474369,0.005235987715423107,0
0,-0.001745329238474369,0.001745329238474369,0.001745329238474369,-0.001745329238474369,-0.001745329238474369,0,0,0,-0.001745329238474369,0.005235987715423107,0
0,-0.001745329238474369,0.001745329238474369,0.001745329238474369,-0.001745329238474369,-0.001745329238474369,0,0,0,-0.001745329238474369,0.005235987715423107,0
0,-0.001745329238474369,0.001745329238474369,0.001745329238474369,-0.001745329238474369,-0.001745329238474369,0,0,0,-0.001745329238474369,0.005235987715423107,0
0,-0.001745329238474369,0.001745329238474369,0.001745329238474369,-0.001745329238474369,-0.001745329238474369,0,0,0,-0.001745329238474369,0.005235987715423107,0
0,-0.001745329238474369,0.001745329238474369,0.001745329238474369,-0.001745329238474369,-0.001745329238474369,0,0,0,-0.001745329238474369,0.005235987715423107,0
0,-0.001745329238474369,0.001745329238474369,0.001745329238474369,-0.001745329238474369,-0.001745329238474369,0,0,0,-0.001745329238474369,0.005235987715423107,0
0,-0.001745329238474369,0.001745329238474369,0.001745329238474369,-0.001745329238474369,-0.001745329238474369,0,0,0,-0.001745329238474369,0.005235987715423107,0
0,-0.001745329238474369,0.001745329238474369,0.001745329238474369,-0.001745329238474369,-0.001745329238474369,0,0,0,-0.001745329238474369,0.005235987715423107,0
0,-0.001745329238474369,0.001745329238474369,0.001745329238474369,-0.001745329238474369,-0.001745329238474369,0,0,0,-0.001745329238474369,0.005235987715423107,0
0,-0.001745329238474369,0.001745329238474369,0.001745329238474369,-0.001745329238474369,-0.001745329238474369,0,0,0,-0.001745329238474369,0.005235987715423107,0
0,-0.001745329238474369,0.001745329238474369,0.001745329238474369,-0.001745329238474369,-0.001745329238474369,0,0,0,-0.001745329238474369,0.005235987715423107,0
0,-0.001745329238474369,0.001745329238474369,0.001745329238474369,-0.001745329238474369,-0.001745329238474369,0,0,0,-0.001745329238474369,0.005235987715423107,0
0,-0.001745329238474369,0.001745329238474369,0.001745329238474369,-0.001745329238474369,-0.001745329238474369,0,0,0,-0.001745329238474369,0.005235987715423107,0
0,-0.001745329238474369,0.001745329238474369,0.001745329238474369,-0.001745329238474369,-0.001745329238474369,0,0,0,-0.001745329238474369,0.005235987715423107,0
0,-0.001745329238474369,0.001745329238474369,0.001745329238474369,-0.001745329238474369,-0.001745329238474369,0,0,0,-0.001745329238474369,0.005235987715423107,0
0,-0.001745329238474369,0.001745329238474369,0.001745329238474369,-0.001745329238474369,-0.001745329238474369,0,0,0,-0.001745329238474369,0.005235987715423107,0
0,-0.001745329238474369,0.001745329238474369,0.001745329238474369,-0.001745329238474369,-0.001745329238474369,0,0,0,-0.001745329238474369,0.005235987715423107,0
0,-0.001745329238474369,0.001745329238474369,0.001745329238474369,-0.001745329238474369,-0.001745329238474369,0,0,0,-0.001745329238474369,0.005235987715423107,0
0,-0.001745329238474369,0.001745329238474369,0.001745329238474369,-0.001745329238474369,-0.001745329238474369,0,0,0,-0.001745329238474369,0.005235987715423107,0
0,-0.001745329238474369,0.001745329238474369,0.001745329238474369,-0.001745329238474369,-0.001745329238474369,0,0,0,-0.001745329238474369,0.005235987715423107,0
0,-0.001745329238474369,0.001745329238474369,0.001745329238474369,-0.001745329238474369,-0.001745329238474369,0,0,0,-0.001745329238474369,0.005235987715423107,0
0,-0.001745329238474369,0.001745329238474369,0.001745329238474369,-0.001745329238474369,-0.001745329238474369,0,0,0,-0.001745329238474369,0.005235987715423107,0
0,-0.001745329238474369,0.001745329238474369,0.001745329238474369,-0.001745329238474369,-0.001745329238474369,0,0,0,-0.001745329238474369,0.005235987715423107,0
0,-0.001745329238474369,0.001745329238474369,0.001745329238474369,-0.001745329238474369,-0.001745329238474369,0,0,0,-0.001745329238474369,0.005235987715423107,0
0,-0.001745329238474369,0.001745329238474369,0.001745329238474369,-0.001745329238474369,-0.001745329238474369,0,0,0,-0.001745329238474369,0.005235987715423107,0
0,-0.001745329238474369,0.001745329238474369,0.001745329238474369,-0.001745329238474369,-0.001745329238474369,0,0,0,-0.001745329238474369,0.005235987715423107,0
0,-0.001745329238474369,0.001745329238474369,0.001745329238474369,-0.001745329238474369,-0.001745329238474369,0,0,0,-0.001745329238474369,0.005235987715423107,0
0,-0.001745329238474369,0.001745329238474369,0.001745329238474369,-0.001745329238474369,-0.001745329238474369,0,0,0,-0.001745329238474369,0.005235987715423107,0
0,-0.001745329238474369,0.001745329238474369,0.001745329238474369,-0.001745329238474369,-0.001745329238474369,0,0,0,-0.001745329238474369,0.005235987715423107,0
0,-0.001745329238474369,0.001745329238474369,0.001745329238474369,-0.001745329238474369,-0.001745329238474369,0,0,0,-0.001745329238474369,0.005235987715423107,0
0,-0.001745329238474369,0.001745329238474369,0.001745329238474369,-0.001745329238474369,-0.001745329238474369,0,0,0,-0.001745329238474369,0.005235987715423107,0
0,-0.001745329238474369,0.001745329238474369,0.001745329238474369,-0.001745329238474369,-0.001745329238474369,0,0,0,-0.001745329238474369,0.005235987715423107,0
0,-0.001745329238474369,0.001745329238474369,0.001745329238474369,-0.001745329238474369,-0.001745329238474369,0,0,0,-0.001745329238474369,0.005235987715423107,0
0,-0.001745329238474369,0.001745329238474369,0.001745329238474369,-0.001745329238474369,-0.001745329238474369,0,0,0,-0.001745329238474369,0.005235987715423107,0
0,-0.001745329238474369,0.001745329238474369,0.001745329238474369,-0.001745329238474369,-0.001745329238474369,0,0,0,-0.001745329238474369,0.005235987715423107,0
0,-0.001745329238474369,0.001745329238474369,0.001745329238474369,-0.001745329238474369,-0.001745329238474369,0,0,0,-0.001745329238474369,0.005235987715423107,0
0,-0.001745329238474369,0.001745329238474369,0.001745329238474369,-0.001745329238474369,-0.001745329238474369,0,0,0,-0.001745329238474369,0.005235987715423107,0
0,-0.001745329238474369,0.001745329238474369,0.001745329238474369,-0.001745329238474369,-0.001745329238474369,0,0,0,-0.001745329238474369,0.005235987715423107,0
0,-0.001745329238474369,0.001745329238474369,0.001745329238474369,-0.001745329238474369,-0.001745329238474369,0,0,0,-0.001745329238474369,0.005235987715423107,0
0,-0.001745329238474369,0.001745329238474369,0.001745329238474369,-0.001745329238474369,-0.001745329238474369,0,0,0,-0.001745329238474369,0.005235987715423107,0
0,-0.001745329238474369,0.001745329238474369,0.001745329238474369,-0.001745329238474369,-0.001745329238474369,0,0,0,-0.001745329238474369,0.005235987715423107,0
0,-0.001745329238474369,0.001745329238474369,0.001745329238474369,-0.001745329238474369,-0.001745329238474369,0,0,0,-0.001745329238474369,0.005235987715423107,0
0,-0.001745329238474369,0.001745329238474369,0.001745329238474369,-0.001745329238474369,-0.001745329238474369,0,0,0,-0.001745329238474369,0.005235987715423107,0
0,-0.001745329238474369,0.001745329238474369,0.001745329238474369,-0.001745329238474369,-0.001745329238474369,0,0,0,-0.001745329238474369,0.005235987715423107,0
0,-0.001745329238474369,0.001745329238474369,0.001745329238474369,-0.001745329238474369,-0.001745329238474369,0,0,0,-0.001745329238474369,0.005235987715423107,0
0,-0.001745329238474369,0.001745329238474369,0.001745329238474369,-0.001745329238474369,-0.001745329238474369,0,0,0,-0.001745329238474369,0.005235987715423107,0
0,-0.001745329238474369,0.001745329238474369,0.001745329238474369,-0.001745329238474369,-0.001745329238474369,0,0,0,-0.001745329238474369,0.005235987715423107,0
0,-0.001745329238474369,0.001745329238474369,0.001745329238474369,-0.001745329238474369,-0.001745329238474369,0,0,0,-0.001745329238474369,0.005235987715423107,0
0,-0.001745329238474369,0.001745329238474369,0.001745329238474369,-0.001745329238474369,-0.001745329238474369,0,0,0,-0.001745329238474369,0.005235987715423107,0
0,-0.001745329238474369,0.001745329238474369,0.001745329238474369,-0.001745329238474369,-0.001745329238474369,0,0,0,-0.001745329238474369,0.005235987715423107,0
0,-0.001745329238474369,0.001745329238474369,0.001745329238474369,-0.001745329238474369,-0.001745329238474369,0,0,0,-0.001745329238474369,0.005235987715423107,0
0,-0.001745329238474369,0.001745329238474369,0.001745329238474369,-0.001745329238474369,-0.001745329238474369,0,0,0,-0.001745329238474369,0.005235987715423107,0
0,-0.001745329238474369,0.001745329238474369,0.001745329238474369,-0.001745329238474369,-0.001745329238474369,0,0,0,-0.001745329238474369,0.005235987715423107,0
0,-0.001745329238474369,0.001745329238474369,0.001745329238474369,-0.001745329238474369,-0.001745329238474369,0,0,0,-0.001745329238474369,0.005235987715423107,0
0,-0.001745329238474369,0.001745329238474369,0.001745329238474369,-0.001745329238474369,-0.001745329238474369,0,0,0,-0.001745329238474369,0.005235987715423107,0
0,-0.001745329238474369,0.001745329238474369,0.001745329238474369,-0.001745329238474369,-0.001745329238474369,0,0,0,-0.001745329238474369,0.005235987715423107,0
0,-0.001745329238474369,0.001745329238474369,0.001745329238474369,-0.001745329238474369,-0.001745329238474369,0,0,0,-0.001745329238474369,0.005235987715423107,0
0,-0.001745329238474369,0.001745329238474369,0.001745329238474369,-0.001745329238474369,-0.001745329238474369,0,0,0,-0.001745329238474369,0.005235987715423107,0
0,-0.001745329238474369,0.001745329238474369,0.001745329238474369,-0.001745329238474369,-0.001745329238474369,0,0,0,-0.001745329238474369,0.005235987715423107,0
0,-0.001745329238474369,0.001745329238474369,0.001745329238474369,-0.001745329238474369,-0.001745329238474369,0,0,0,-0.001745329238474369,0.005235987715423107,0
0,-0.001745329238474369,0.001745329238474369,0.001745329238474369,-0.001745329238474369,-0.001745329238474369,0,0,0,-0.001745329238474369,0.005235987715423107,0
0,-0.001745329238474369,0.001745329238474369,0.001745329238474369,-0.001745329238474369,-0.001745329238474369,0,0,0,-0.001745329238474369,0.005235987715423107,0
0,-0.001745329238474369,0.001745329238474369,0.001745329238474369,-0.001745329238474369,-0.001745329238474369,0,0,0,-0.001745329238474369,0.005235987715423107,0
0,-0.001745329238474369,0.001745329238474369,0.001745329238474369,-0.001745329238474369,-0.001745329238474369,0,0,0,-0.001745329238474369,0.005235987715423107,0
-0.01867506094276905,-0.005187517032027245,-0.4896751940250397,0.12544284760951996,-0.004106225911527872,0,-0.611632764339447,0.01617673598229885,-0.00004378769517643377,0.007262523751705885,-0.5968419909477234,0.7643098831176758
-0.022689281031489372,-0.005235987715423107,-0.797016441822052,0.16747324168682098,-0.005162326153367758,0,-1.0004329681396484,0.018486501649022102,-0.00007366139470832422,0.010471975430846214,-0.9662700891494751,1.2479912042617798
0,0,0,0,0,0,0,0,0,0,0,0
-0.010563873685896397,-0.0021127748768776655,-0.4468807876110077,0.0707235261797905,-0.003124577458947897,0,-0.5521794557571411,0.011539805680513382,-0.000044584692659555,0.005281936842948198,-0.5181882381439209,0.6879112124443054
-0.007823449559509754,-0.0021263952367007732,-0.4227941036224365,0.04516991227865219,-0.0013993914471939206,0,-0.5260340571403503,0.005986089818179607,-0.00004487211481318809,0.003570658853277564,-0.4861098527908325,0.6607265472412109
0,0,0,0,0,0,0,0,0,0,0,0
-0.006981316953897476,0,-0.6230301856994629,0.03623390942811966,-0.0016716679092496634,0,-0.7793395519256592,0.007897626608610153,-0.00007366139470832422,0.001745329238474369,-0.6999265551567078,0.9960551857948303
0,0,0,0,0,0,0,0,0,0,0,0
-0.0038205592427402735,-0.0009551398106850684,-0.2849450409412384,0.01826789788901806,-0.0009148282697424293,0,-0.36381006240844727,0.005411012098193169,-0.000040311551856575534,0.0009551398106850684,-0.32401010394096375,0.48188212513923645
-0.003490658476948738,0,-0.5022600293159485,0.026399657130241394,-0.0016716679092496634,0,-0.6454660296440125,0.0046515678986907005,-0.00007366139470832422,0.001745329238474369,-0.5695502758026123,0.8609179854393005
-0.003490658476948738,0,-0.47608011960983276,0.021163668483495712,-0.0016716679092496634,0,-0.6123048067092896,0.0046515678986907005,-0.00007366139470832422,0.001745329238474369,-0.5363890528678894,0.8260114192962646
-0.003490658476948738,0,-0.4621174931526184,0.021163668483495712,-0.0016716679092496634,0,-0.5983421802520752,0.0046515678986907005,-0.00007366139470832422,0.001745329238474369,-0.5224263668060303,0.8050674796104431
-0.003490658476948738,0,-0.4394282102584839,0.021163668483495712,-0.0016716679092496634,0,-0.5686715841293335,0.0046515678986907005,-0.00007366139470832422,0.001745329238474369,-0.49799177050590515,0.7666702270507812
-0.0038177701644599438,0,-0.20364829897880554,0.034117765724658966,0.00004373354749986902,0,-0.29959946870803833,0.014888581819832325,-0.00004373354749986902,0.0010362204629927874,-0.31948772072792053,0.4232792258262634
0,0,0,0,0,0,0,0,0,0,0,0
-0.00037541237543337047,0,-0.17353205382823944,0.015437872149050236,-0.0010156179778277874,0,-0.2630377411842346,0.0075773517601192,-0.000044752810936188325,0,-0.2904905080795288,0.38202378153800964
0,0,0,0,0,0,0,0,0,0,0,0
0,0,-0.14590859413146973,0.006910680793225765,0.00004387187073007226,0,-0.22600746154785156,0.004745458252727985,-0.00004387187073007226,0,-0.26232507824897766,0.33723247051239014
0,0,-0.11332100629806519,0.0032298178412020206,-0.0009137351880781353,0,-0.18167462944984436,0.0012375522637739778,-0.00004026338501716964,0.0009539985912851989,-0.21482987701892853,0.27897265553474426
0,0,-0.18544244766235352,0.005611314903944731,0.00007366139470832422,0,-0.3014703392982483,0.00022115911997389048,-0.00007366139470832422,0,-0.35833922028541565,0.47917836904525757
0,0,0,0,0,0,0,0,0,0,0,0
0,0,0,0,0,0,0,0,0,0,0,0
0,0,-0.08387111127376556,-0.00030548579525202513,0.00004408047971082851,0,-0.1423204392194748,0.0009259539656341076,-0.00004408047971082851,0,-0.17774228751659393,0.2405044287443161
0,0,0,0,0,0,0,0,0,0,0,0
0,0,-0.03332352638244629,0.00798603892326355,0.00004410986366565339,0,-0.049354128539562225,0.025347381830215454,-0.00004410986366565339,0,-0.09386592358350754,0.1691613793373108
0,0,0,0,0,0,0,0,0,0,0,0
0,0,-0.010516838170588017,0.010006539523601532,0.00004422846541274339,-0.0006973822601139545,-0.005838203709572554,0.021760854870080948,-0.00004422846541274339,0,-0.03590604290366173,0.10732758790254593
0,0,0,0,0,0,0,0,0,0,0,0
0,0,0,0,0,0,0,0,0,0,0,0
0,0,0.020712334662675858,0.020188534632325172,0.000044963198888581246,0,0.017954936251044273,0.017777925357222557,-0.000044963198888581246,0,-0.00595669774338603,0.037467267364263535
0,0,0.032669469714164734,0.034039296209812164,0.00007366139470832422,0,0.03212541341781616,0.02659943327307701,-0.00007366139470832422,0,-0.011503946967422962,0.06204887479543686
0,0,0,0,0,0,0,0,0,0,0,0
0,0,0.042788706719875336,0.026166744530200958,0.00004426692612469196,0,0.05056288093328476,0.026079101487994194,-0.00004426692612469196,0,0.0006934035336598754,0.03361807018518448
0,0,0.045635148882865906,0.02824391797184944,0.00003873917739838362,0,0.05277397856116295,0.034129880368709564,-0.00003873917739838362,0,-0.00023227532801683992,0.02697841078042984
0,0,0,0,0,0,0,0,0,0,0,0
0,0,0,0,0,0,0,0,0,0,0,0
0,0,0,0,0,0,0,0,0,0,0,0
0,0,0,0,0,0,0,0,0,0,0,0
0,0,-0.01512063667178154,-0.005786448251456022,0.000044072923628846183,0,0.00021627075329888612,0.0024097657296806574,-0.000044072923628846183,0,-0.017361247912049294,0.015841009095311165
0,0,-0.008841685019433498,-0.004427699372172356,0.000035187724279239774,0,0.002070455579087138,0.002258066553622484,-0.000035187724279239774,0,-0.015388581901788712,0.012039325200021267
0,0,-0.01188891101628542,-0.007660864386707544,0.00004433009962667711,0,0.005005198996514082,0.0037874849513173103,-0.00004433009962667711,0,-0.021628864109516144,0.015350017696619034
0,0,0,0,0,0,0,0,0,0,0,0
0,0,0,0,0,0,0,0,0,0,0,0
0,0,0,0,0,0,0,0,0,0,0,0
0,0,0,0,0,0,0,0,0,0,0,0
0,0,0.005001884885132313,-0.00017737991583999246,0.000046922399633331224,0,0.025094572454690933,0.013474196195602417,-0.000046922399633331224,0,-0.012566217221319675,0.01134095061570406
0,0,0,0,0,0,0,0,0,0,0,0
0,0,0.021573832258582115,0.0031916850712150335,0.00007366139470832422,0,0.030273405835032463,0.021067310124635696,-0.00007366139470832422,0,-0.012381351552903652,0.005431280937045813
0,0,0,0,0,0,0,0,0,0,0,0
0,0,0,0,0,0,0,0,0,0,0,0
0,0,0.02015617862343788,0.009333902038633823,0.0008334723534062505,0,0.06165935844182968,0.03765694797039032,-0.000040180617361329496,0,0.0058120982721447945,0.002502386923879385
0,0,0.0501871295273304,0.02848673053085804,0.00007366139470832422,0,0.14180035889148712,0.08466134965419769,-0.00007366139470832422,0,0.020332714542746544,0.008473025634884834
0,0,0.0501871295273304,0.02848673053085804,0.00007366139470832422,0,0.14180035889148712,0.08466134965419769,-0.00007366139470832422,0,0.020332714542746544,0.008473025634884834
0,0,0,0,0,0,0,0,0,0,0,0
0,0,0,0,0,0,0,0,0,0,0,0
0,0,0.14333701133728027,0.08161623775959015,0.00004380655809654854,0,0.19983601570129395,0.11419294029474258,-0.00004380655809654854,0,0.06895492225885391,0.019346540793776512
0,0,0.13442547619342804,0.05802250653505325,0.00004561943205771968,0,0.17268991470336914,0.08756132423877716,-0.00004561943205771968,0,0.0428503081202507,0.02071445807814598
0,0,0,0,0,0,0,0,0,0,0,0
0,0,0.12182068824768066,0.04262914881110191,0.0000439655123045668,0,0.11859464645385742,0.04350797459483147,-0.0000439655123045668,0,0.035127971321344376,0.02188459038734436
0,0,0.09940051287412643,0.0331386923789978,0.00004435477967490442,0,0.07281766831874847,0.021693941205739975,-0.00004435477967490442,0.001745329238474369,0.03367314115166664,0.01875489018857479
0,0,0.04342130571603775,-0.0013511213473975658,0.00004426490340847522,0,0.014326009899377823,-0.012477920390665531,-0.00004426490340847522,0.001745329238474369,0.08549784123897552,0.01851096749305725
0,0,0,0,0,0,0,0,0,0,0,0
0,0,0,0,0,0,0,0,0,0,0,0
0,0,-0.018720639869570732,-0.030400913208723068,0.00004421963240019977,0,-0.01041596569120884,-0.024838749319314957,-0.00004421963240019977,0,0.10935892164707184,0.012059379369020462
0,0,-0.01957535184919834,-0.03761126473546028,0.00004444170190254226,0,-0.008995766751468182,-0.025504862889647484,-0.0007367715588770807,0,0.11293435096740723,0.007924594916403294
0,0,-0.023155486211180687,-0.04073864594101906,0.00004573109617922455,0,-0.009883779101073742,-0.024138549342751503,-0.00004573109617922455,0,0.10476121306419373,0.002497596200555563
0,0,0,0,0,0,0,0,0,0,0,0
0,0,-0.04086069017648697,-0.04726599156856537,0.00004412316047819331,0,-0.01824624091386795,-0.019780302420258522,-0.00004412316047819331,0,0.07840418815612793,-0.01666771061718464
0,0,-0.03611595556139946,-0.037047602236270905,0.00004429544787853956,0,-0.01685522496700287,-0.01261533610522747,-0.00004429544787853956,0,0.053734924644231796,-0.01856156997382641
0,0,-0.03611595556139946,-0.037047602236270905,0.00004429544787853956,0,-0.01685522496700287,-0.01261533610522747,-0.00004429544787853956,0,0.053734924644231796,-0.01856156997382641
0,0,-0.03743709996342659,-0.022093765437602997,0.00004407067899592221,0,-0.013708502054214478,-0.003594683948904276,-0.00004407067899592221,0.001745329238474369,0.03578943759202957,-0.01675650291144848
0,0,-0.030482273548841476,-0.01931278593838215,0.00003530958201736212,0,-0.008128688670694828,-0.0024776507634669542,-0.00003530958201736212,-0.000908705813344568,0.0256258063018322,-0.010990623384714127
0,0,0,0,0,0,0,0,0,0,0,0
0,0,0,0,0,0,0,0,0,0,0,0
0,0,-0.032590508460998535,-0.013482244685292244,0.00004039362829644233,0,-0.014225517399609089,-0.00037726343725807965,-0.00004039362829644233,0,0.004623543471097946,-0.006134488619863987
0,0,-0.032590508460998535,-0.013482244685292244,0.00004039362829644233,0,-0.014225517399609089,-0.00037726343725807965,-0.00004039362829644233,0,0.004623543471097946,-0.006134488619863987
0,0,-0.027445640414953232,-0.009491552598774433,0.000041484545363346115,0,-0.017772452905774117,-0.0007441947818733752,-0.000041484545363346115,0,0.0005035002832300961,-0.0027873481158167124
0,0,-0.01906883344054222,-0.0037857284769415855,0.000044514978071674705,0,-0.021094581112265587,-0.0064298491925001144,-0.000044514978071674705,0,-0.015323515981435776,-0.0004946107510477304
0,0,0,0,0,0,0,0,0,0,0,0
0,0,0,0,0,0,0,0,0,0,0,0
0,0,0,0,0,0,0,0,0,0,0,0
0,0,0,0,0,0,0,0,0,0,0,0
0,0,0,0,0,0,0,0,0,0,0,0
0,0,0,0,0,0,0,0,0,0,0,0
0,0,0,0,0,0,0,0,0,0,0,0
0,0,0,0,0,0,0,0,0,0,0,0
0,0,0.021297212690114975,0.02153685875236988,0.00004381331382319331,0,-0.00026465373230166733,0.0005328002152964473,-0.00004381331382319331,0.001745329238474369,-0.17204521596431732,-0.012359929271042347
0,0,0.00815515499562025,0.0152877327054739,0.000046863620809745044,0,-0.00368576031178236,-0.0001679663546383381,-0.000046863620809745044,-0.0006349449977278709,-0.15340906381607056,-0.020053988322615623
0,0,0,0,0,0,0,0,0,0,0,0
0,0,-0.007170490454882383,0.0041068983264267445,0.00004454487134353258,0,-0.004413815215229988,-0.0029143854044377804,-0.00004454487134353258,0,-0.08369751274585724,-0.028950244188308716
0,0,0,0,0,0,0,0,0,0,0,0
0,0,0,0,0,0,0,0,0,0,0,0
0,0,0,0,0,0,0,0,0,0,0,0
0,0,0,0,0,0,0,0,0,0,0,0
0,0,0,0,0,0,0,0,0,0,0,0
0,0,-0.07978879660367966,-0.027422506362199783,0.00007366139470832422,0,-0.03437715023756027,-0.011181820183992386,-0.00007366139470832422,0,-0.03398209810256958,-0.05369772017002106
0,0,0,0,0,0,0,0,0,0,0,0
0,0,0,0,0,0,0,0,0,0,0,0
0,0,0,0,0,0,0,0,0,0,0,0
0,0,-0.022190114483237267,-0.006863281596451998,0.00002611549643916078,0,-0.018609365448355675,-0.008876923471689224,-0.00002611549643916078,0,0.00043100042967125773,-0.006375487893819809
0,0,0,0,0,0,0,0,0,0,0,0
0,0,0,0,0,0,0,0,0,0,0,0
0,0,0,0,0,0,0,0,0,0,0,0
0,0,0.007094481959939003,0.002325409557670355,0.00007366139470832422,0,-0.0012780653778463602,-0.005040107294917107,-0.00007366139470832422,0,-0.0780831053853035,0.12866026163101196
0,0,0,0,0,0,0,0,0,0,0,0
0,0,0.04982408881187439,0.016925068572163582,0.000042917741666315123,0,0.039903394877910614,0.014242504723370075,-0.000042917741666315123,0.0010168907465413213,0.0509934164583683,0.17414730787277222
0,0,0.05271347984671593,0.022005533799529076,0.000047618374082958326,0,0.051009614020586014,0.01912992261350155,-0.0006646802648901939,-0.0006170619162730873,0.1098862886428833,0.206536665558815
0,0,0.027316195890307426,0.00848457869142294,0.000044593572965823114,0,0.04167981073260307,0.022006338462233543,-0.000044593572965823114,0,0.1705782115459442,0.1783289760351181
0,0,0,0,0,0,0,0,0,0,0,0
0,0,0.004629606381058693,0.002437855117022991,0.000044817032176069915,0,0.021842215210199356,0.017131904140114784,-0.000044817032176069915,0,0.17530812323093414,0.14924819767475128
0,0,0,0,0,0,0,0,0,0,0,0
0,0,0,0,0,0,0,0,0,0,0,0
0,0,0,0,0,0,0,0,0,0,0,0
0,0,0,0,0,0,0,0,0,0,0,0
0,0,0,0,0,0,0,0,0,0,0,0
0,0,0,0,0,0,0,0,0,0,0,0
0,0,0,0,0,0,0,0,0,0,0,0
0,0,0,0,0,0,0,0,0,0,0,0
0,0,0,0,0,0,0,0,0,0,0,0
0,0,-0.022707020863890648,-0.011710688471794128,0.00007366139470832422,0,-0.00040487595833837986,0.010921183042228222,-0.00007366139470832422,0,-0.0012272369349375367,-0.0014443611726164818
0,0,-0.022707020863890648,-0.011710688471794128,0.00007366139470832422,0,-0.00040487595833837986,0.010921183042228222,-0.00007366139470832422,0,-0.0012272369349375367,-0.0014443611726164818
0,0,-0.009964772500097752,-0.004803096875548363,0.000040230617742054164,0,0.0018268265994265676,0.00707893306389451,-0.000040230617742054164,0,-0.0004481833311729133,-0.005465423688292503
0,0,0,0,0,0,0,0,0,0,0,0
0,0,-0.009168380871415138,-0.0014067592564970255,0.000043779346015071496,0,0.009411330334842205,0.014154134318232536,-0.000043779346015071496,0,-0.006808027159422636,-0.025732040405273438
0,0,-0.007082959171384573,0.00007928264676593244,0.000034231132303830236,0,0.006435914896428585,0.009779171086847782,-0.000034231132303830236,0,-0.008705898188054562,-0.024995926767587662
0,0,-0.008934366516768932,0.00046162708895280957,0.00004422156416694634,0,0.004748785402625799,0.00754204485565424,-0.00004422156416694634,0,-0.01504852157086134,-0.038194671273231506
0,0,0,0,0,0,0,0,0,0,0,0
0,0,0,0,0,0,0,0,0,0,0,0
0,0,-0.008070423267781734,0.0015288630966097116,0.00004373827687231824,0,-0.0008242693147622049,0.00288602476939559,-0.00004373827687231824,0,-0.05068383738398552,-0.08384104818105698
0,0,0,0,0,0,0,0,0,0,0,0
0,0,-0.00829215906560421,-0.0005838049692101777,0.00004388309389469214,0,0.00003728024967131205,0.0019511579303070903,-0.00004388309389469214,0,-0.048429716378450394,-0.08344438672065735
0,0,0,0,0,0,0,0,0,0,0,0
0,0,0,0,0,0,0,0,0,0,0,0
0,0,-0.001131047261878848,0.011631171219050884,0.00004376655851956457,0,0.007036881055682898,0.00808641966432333,-0.00004376655851956457,0,-0.0458475686609745,-0.06677315384149551
0,0,-0.001131047261878848,0.011631171219050884,0.00004376655851956457,0,0.007036881055682898,0.00808641966432333,-0.00004376655851956457,0,-0.0458475686609745,-0.06677315384149551
0,0,0.009716256521642208,0.020048025995492935,0.00004470753628993407,0,0.014861960895359516,0.020192380994558334,-0.00004470753628993407,0.001745329238474369,-0.05087732896208763,-0.0461234413087368
0,0,0.013208705931901932,0.02737930789589882,0.00004376201832201332,0,0.015224448405206203,0.02752687968313694,-0.00004376201832201332,0,-0.05086599290370941,-0.040015265345573425
0,0,0.013208705931901932,0.02737930789589882,0.00004376201832201332,0,0.015224448405206203,0.02752687968313694,-0.00004376201832201332,0,-0.05086599290370941,-0.040015265345573425
0,0,0.013562596403062344,0.02449023351073265,0.00004364182677818462,0,0.003960753791034222,0.017666149884462357,-0.00004364182677818462,0,-0.03811948373913765,-0.029479211196303368
0,0,0,0,0,0,0,0,0,0,0,0
0,0,0,0,0,0,0,0,0,0,0,0
0,0,0,0,0,0,0,0,0,0,0,0
0,0,0.004059246275573969,0.014664014801383018,0.000048345988034270704,0,-0.008274223655462265,0.003916840068995953,-0.000048345988034270704,-0.0005998219130560756,-0.025030747056007385,-0.013857467100024223
0,0,-0.00012073092511855066,0.007997832261025906,0.00004044550587423146,0,-0.012928316369652748,0.0008595327963121235,-0.00004044550587423146,0,-0.015541261062026024,-0.010175536386668682
0,0,0,0,0,0,0,0,0,0,0,0
0,0,-0.0021491185761988163,0.004017084836959839,0.000044493448513094336,0,-0.019382841885089874,-0.0012060892768204212,-0.000044493448513094336,0,-0.011899241246283054,-0.01053502969443798
0,0,0,0,0,0,0,0,0,0,0,0
0,0,-0.004550338257104158,0.0006199354538694024,-0.0017047018045559525,0,-0.029079215601086617,-0.0061992765404284,-0.000040627492126077414,0,-0.014614060521125793,-0.011758014559745789
0,0,0,0,0,0,0,0,0,0,0,0
0,0,-0.010915344581007957,-0.0009649042622186244,0.00007366139470832422,0,-0.05909781530499458,-0.026444291695952415,-0.00007366139470832422,0,-0.024594565853476524,-0.019298676401376724
0,0,0,0,0,0,0,0,0,0,0,0
0,0,-0.003960189409554005,-0.0006391683127731085,0.00004839096436626278,0,-0.025611022487282753,-0.0217420794069767,-0.00004839096436626278,0,-0.012872425839304924,-0.004846722353249788
0,0,0.00006655290781054646,0.0004860012559220195,0.00004807972800335847,0,-0.01857060380280018,-0.017253676429390907,-0.00004807972800335847,0.001745329238474369,-0.0028095259331166744,0.008035847917199135
0,0,0.004397058859467506,0.0018240546341985464,0.000044295557017903775,0,-0.009679298847913742,-0.00999574363231659,-0.000044295557017903775,-0.0006957926671020687,0.017529696226119995,0.026442136615514755
0,0,0,0,0,0,0,0,0,0,0,0
0,0,0.00645354762673378,0.003161422908306122,0.00004423471546033397,0,0.00016744215099606663,-0.00511781545355916,-0.00004423471546033397,0,0.11820501834154129,0.0813032016158104
0,0,0.0012704362161457539,-0.0022362335585057735,0.0000444071447418537,0,-0.00020371083519421518,-0.00411896500736475,-0.0000444071447418537,0,0.18368445336818695,0.09528905153274536
0,0,0.0012704362161457539,-0.0022362335585057735,0.0000444071447418537,0,-0.00020371083519421518,-0.00411896500736475,-0.0000444071447418537,0,0.18368445336818695,0.09528905153274536
0,0,0,0,0,0,0,0,0,0,0,0
0,0,0,0,0,0,0,0,0,0,0,0
0,0,-0.048265501856803894,-0.052685800939798355,0.00004427886597113684,0,0.06580264866352081,0.030651943758130074,-0.00004427886597113684,0,0.4922425150871277,0.07405398041009903
0,0,-0.05259579047560692,-0.04950477555394173,0.00004422295751282945,0,0.11307162046432495,0.06639598309993744,-0.00004422295751282945,0,0.49360042810440063,0.0542030967772007
0,0,-0.051246825605630875,-0.03678133338689804,0.00004471756983548403,0,0.15518376231193542,0.09596434980630875,-0.00004471756983548403,0,0.4788500964641571,0.036629464477300644
0,0,-0.051246825605630875,-0.03678133338689804,0.00004471756983548403,0,0.15518376231193542,0.09596434980630875,-0.00004471756983548403,0,0.4788500964641571,0.036629464477300644
0,0,0,0,0,0,0,0,0,0,0,0
0,0,0,0,0,0,0,0,0,0,0,0
0,0,-0.013730279169976711,-0.002561961766332388,0.00004399680983624421,0,0.23529790341854095,0.15626199543476105,-0.00004399680983624421,0,0.29822635650634766,0.04469380900263786
0,0,0,0,0,0,0,0,0,0,0,0
0,0,0,0,0,0,0,0,0,0,0,0
0,0,-0.006539701949805021,0.0032043871469795704,0.00004371793693280779,0,0.11571216583251953,0.05021284148097038,-0.00004371793693280779,0,0.1906031370162964,0.02740226872265339
0,0,-0.011407368816435337,0.00012325817078817636,0.00004381097824079916,0,0.06759260594844818,0.017763392999768257,-0.00004381097824079916,0,0.1564241498708725,0.01839158497750759
0,0,0,0,0,0,0,0,0,0,0,0
0,0,0,0,0,0,0,0,0,0,0,0
0,0,0,0,0,0,0,0,0,0,0,0
0,0,-0.09359802305698395,-0.03368500620126724,0.00007366139470832422,-0.008726646192371845,-0.28325918316841125,-0.16773144900798798,-0.00007366139470832422,0.003490658476948738,0.0491650365293026,-0.014716755598783493
0,0,0,0,0,0,0,0,0,0,0,0
0,0,0,0,0,0,0,0,0,0,0,0
0,0,0,0,0,0,0,0,0,0,0,0
-0.001745329238474369,0,-0.0034947029780596495,0.0056574782356619835,0.00004424072176334448,0,-0.16905593872070312,-0.10433033853769302,-0.0007413325947709382,0.003841803874820471,-0.2939492166042328,-0.056011516600847244
0,0,0.010461900383234024,0.00874735414981842,0.000047874345909804106,0,-0.13572052121162415,-0.07451372593641281,-0.000047874345909804106,0.0016576675698161125,-0.3276245892047882,-0.04863448068499565
0,0,0.020005695521831512,0.015580901876091957,0.000047831639676587656,-0.001745329238474369,-0.0969080701470375,-0.04998259246349335,-0.000047831639676587656,0.0005213115364313126,-0.32110026478767395,-0.0380440354347229
0,0,0,0,0,0,0,0,0,0,0,0
0,0,0.038471609354019165,0.03022165223956108,0.00004378323501441628,0,-0.0403626449406147,-0.024927251040935516,-0.00004378323501441628,0,-0.2742113471031189,-0.039005082100629807
0,0,0.03510319069027901,0.026670334860682487,0.0000439171381003689,0,-0.02660476043820381,-0.02267804741859436,-0.0000439171381003689,0,-0.2466684877872467,-0.03540191799402237
0,0,0.027059538289904594,0.02096669375896454,0.00004428728061611764,0,-0.02059134654700756,-0.021000584587454796,-0.0017896165372803807,0.001745329238474369,-0.21228428184986115,-0.02687249705195427
0,0,0.015831390395760536,0.015567800030112267,0.000040932649426395074,0,-0.022075535729527473,-0.016012437641620636,-0.000040932649426395074,0.0009698561043478549,-0.1648831069469452,-0.016695111989974976
0,0,0.015831390395760536,0.015567800030112267,0.000040932649426395074,0,-0.022075535729527473,-0.016012437641620636,-0.000040932649426395074,0.0009698561043478549,-0.1648831069469452,-0.016695111989974976
0,0,0.044269807636737823,0.045088332146406174,0.00007366139470832422,0,-0.04967835545539856,-0.025958994403481483,-0.00007366139470832422,0,-0.2224189043045044,-0.021253161132335663
0,0,0,0,0,0,0,0,0,0,0,0
0,0,0,0,0,0,0,0,0,0,0,0
0,0,0,0,0,0,0,0,0,0,0,0
0,0,0,0,0,0,0,0,0,0,0,0
0,-0.001745329238474369,0.03645859658718109,0.028237370774149895,0.000040894981793826446,0,-0.003161695087328553,-0.0029215249232947826,-0.000040894981793826446,0,-0.07325085252523422,-0.014297107234597206
0,0,0.019037863239645958,0.017854783684015274,0.00004053081283927895,0,-0.0016680601984262466,0.0017911127069965005,0.000919804151635617,0,-0.049820177257061005,-0.012236090376973152
0,0,0,0,0,0,0,0,0,0,0,0
0,0,0,0,0,0,0,0,0,0,0,0
0,0,0.002557842992246151,0.015704955905675888,0.00004428542888490483,0,0.0008894664351828396,0.0038031041622161865,-0.0010935821337625384,0,-0.03073013946413994,-0.01216179970651865
0,0,0,0,0,0,0,0,0,0,0,0
0,0,0.0009474893449805677,0.011195001192390919,0.000044438922486733645,0,-0.00027953466633334756,0.0033156052231788635,-0.000044438922486733645,0,-0.03743239492177963,-0.009381254203617573
0,0,0,0,0,0,0,0,0,0,0,0
0,0,0,0,0,0,0,0,0,0,0,0
0,0,0,0,0,0,0,0,0,0,0,0
0,0,0,0,0,0,0,0,0,0,0,0
0,0,0,0,0,0,0,0,0,0,0,0
0,0,-0.02378767915070057,0.002406240673735738,0.00004381372491479851,0,-0.01639639027416706,-0.004347523208707571,0.0006633953307755291,0.001745329238474369,-0.09821261465549469,-0.04494185000658035
0,0,-0.03338179364800453,-0.003174631856381893,0.000043856540287379175,0,-0.02299194224178791,-0.0073845274746418,0.001701472676359117,0,-0.10711228102445602,-0.05755726620554924
0,0,-0.06800460070371628,-0.015563208609819412,0.00004387987428344786,0,-0.03521472215652466,-0.013529352843761444,0.000995807582512498,0,-0.1452379673719406,-0.11556980013847351
0,0,0,0,0,0,0,0,0,0,0,0
0,0,0,0,0,0,0,0,0,0,0,0
0,0,0,0,0,0,0,0,0,0,0,0
0,0,-0.08731842786073685,-0.03458644822239876,0.000040434111724607646,0,-0.042366448789834976,-0.016006292775273323,-0.0009984779171645641,0,-0.11314529925584793,-0.11788264662027359
0,0,0,0,0,0,0,0,0,0,0,0
0,0,0,0,0,0,0,0,0,0,0,0
0,0,0,0,0,0,0,0,0,0,0,0
0,0,-0.15675251185894012,-0.08523034304380417,0.00007366139470832422,0,-0.131548210978508,-0.06637351214885712,-0.00007366139470832422,0,-0.03332821652293205,-0.10411761701107025
0,0,0,0,0,0,0,0,0,0,0,0
0,0,0,0,0,0,0,0,0,0,0,0
0,0,0,0,0,0,0,0,0,0,0,0
0,0,0,0,0,0,0,0,0,0,0,0
0,0,0,0,0,0,0,0,0,0,0,0
0,0,0.007861215621232986,-0.0002572694793343544,0.000044270651414990425,0,-0.004432639107108116,-0.004342713858932257,-0.0007406533695757389,0,0.047345444560050964,0.1866806000471115
0,0,0,0,0,0,0,0,0,0,0,0
0,0,0,0,0,0,0,0,0,0,0,0
0,0,0.03277526795864105,0.015799954533576965,0.00004047694892506115,0,0.029290640726685524,0.016814352944493294,0.0007457935716956854,0,0.14906467497348785,0.2440168410539627
0,0,0,0,0,0,0,0,0,0,0,0
0,0,0,0,0,0,0,0,0,0,0,0
0,0,0.10806730389595032,0.07579314708709717,0.0000437953531218227,0,0.14564073085784912,0.11475803703069687,0.0002862451074179262,0,0.18114688992500305,0.18835096061229706
0,0,0.1070665568113327,0.06974387168884277,0.000044001957576256245,0,0.1438334882259369,0.11683011054992676,-0.000044001957576256245,0,0.14665940403938293,0.14939561486244202
0,0,0,0,0,0,0,0,0,0,0,0
0,0,0,0,0,0,0,0,0,0,0,0
0,0,0.06451375782489777,0.0341336652636528,0.00004454392546904273,0,0.10769788175821304,0.07773405313491821,0.0017007853602990508,0,0.06408150494098663,0.04739744961261749
0,0,0,0,0,0,0,0,0,0,0,0
0,0,0,0,0,0,0,0,0,0,0,0
0,0,0,0,0,0,0,0,0,0,0,0
0,0,0,0,0,0,0,0,0,0,0,0
0,0,0.026462890207767487,0.02429060824215412,0.00007366139470832422,0,0.007582210469990969,0.014486286789178848,0.0016716679092496634,0,0.029857229441404343,-0.008294315077364445
0,0,0,0,0,0,0,0,0,0,0,0
0,0,0.012925801798701286,0.013615958392620087,0.00004324825567891821,0,-0.002250202000141144,0.0037617816124111414,-0.00004324825567891821,0,0.0014583644224330783,-0.012888023629784584
0,0,0,0,0,0,0,0,0,0,0,0
0,0,0,0,0,0,0,0,0,0,0,0
0,0,0,0,0,0,0,0,0,0,0,0
0,0,-0.002807675627991557,0.004668935667723417,0.00003749894676730037,-0.000856831087730825,-0.0010666255839169025,0.0036113255191594362,-0.00003749894676730037,0,-0.005727289244532585,-0.015770357102155685
0,0,-0.002807675627991557,0.004668935667723417,0.00003749894676730037,-0.000856831087730825,-0.0010666255839169025,0.0036113255191594362,-0.00003749894676730037,0,-0.005727289244532585,-0.015770357102155685
0,0,0,0,0,0,0,0,0,0,0,0
0,0,0.0015288282884284854,0.005407258868217468,0.00004786564386449754,0,0.005439445376396179,0.007434344384819269,-0.00004786564386449754,0,-0.006292247213423252,-0.019670113921165466
0,0,0,0,0,0,0,0,0,0,0,0
0,0,0.0000851220975164324,0.00820911768823862,0.0007473428267985582,0,0.009238945320248604,0.012314248830080032,-0.00004397588418214582,0,0.00041059564682655036,-0.02758750319480896
0,0,0,0,0,0,0,0,0,0,0,0
0,0,0,0,0,0,0,0,0,0,0,0
0,0,-0.000370977446436882,0.010724668391048908,0.000044249860366107896,0,0.006357314996421337,0.01146773248910904,-0.000044249860366107896,0,0.0023736862931400537,-0.019462650641798973
0,0,-0.0013200645335018635,0.010965636931359768,0.000044077136408304796,0,0.0027540794108062983,0.009447476826608181,-0.000044077136408304796,0,-0.002122257137671113,-0.016532301902770996
0,0,0.00047572696348652244,0.006392596289515495,0.00003285628554294817,0,0.0002586030459497124,0.0062171099707484245,-0.00003285628554294817,0,-0.0023470961023122072,-0.011725652031600475
0,0,0,0,0,0,0,0,0,0,0,0
0,0,0.00016482931096106768,0.009179774671792984,0.00007366139470832422,0,-0.00432995380833745,0.011715469881892204,-0.00007366139470832422,0,-0.020366597920656204,-0.032917384058237076
0,0,0.00016482931096106768,0.009179774671792984,0.00007366139470832422,0,-0.00432995380833745,0.011715469881892204,-0.00007366139470832422,0,-0.020366597920656204,-0.032917384058237076
0,0,0,0,0,0,0,0,0,0,0,0
0,0,-0.0022647518198937178,0.006149506662040949,0.000052803985454374924,0,0.0037733654025942087,0.011001460254192352,-0.000052803985454374924,0,-0.037381354719400406,-0.04405989870429039
0,0,0.0005215838900767267,0.005239628255367279,0.00004535765037871897,0,0.0016255532391369343,0.010672780685126781,-0.0007159850792959332,0,-0.0351722352206707,-0.029659049585461617
0,0,0.0005215838900767267,0.005239628255367279,0.00004535765037871897,0,0.0016255532391369343,0.010672780685126781,-0.0007159850792959332,0,-0.0351722352206707,-0.029659049585461617
0,0,0,0,0,0,0,0,0,0,0,0
0,0,0,0,0,0,0,0,0,0,0,0
0,0,0,0,0,0,0,0,0,0,0,0
0,0,0,0,0,0,0,0,0,0,0,0
0,0,-0.035252925008535385,-0.002690550172701478,0.00004425267979968339,0,-0.02276466228067875,0.005394080188125372,-0.00004425267979968339,0,-0.0488063246011734,-0.01827896200120449
0,0,0,0,0,0,0,0,0,0,0,0
0,0,0,0,0,0,0,0,0,0,0,0
0,0,0,0,0,0,0,0,0,0,0,0
0,0,-0.050293367356061935,-0.0244622603058815,0.00002937828321591951,0,-0.04242033511400223,-0.033162672072649,-0.00002937828321591951,0,-0.014629557728767395,-0.01169736310839653
0,0,-0.13842245936393738,-0.06662248820066452,0.00007366139470832422,0,-0.12219837307929993,-0.08671768754720688,-0.00007366139470832422,0,-0.03668129816651344,-0.02583862654864788
0,0,0,0,0,0,0,0,0,0,0,0
0,0,-0.05602113530039787,-0.033846646547317505,0.00004414115028339438,0,-0.049199122935533524,-0.04222367703914642,-0.00004414115028339438,0,-0.013356438837945461,-0.010116356424987316
0,0,-0.03574404865503311,-0.022409023717045784,0.0000479202572023496,0,-0.034254834055900574,-0.038132887333631516,-0.0000479202572023496,0,-0.006887421477586031,-0.003078504465520382
0,0,0,0,0,0,0,0,0,0,0,0
0,0,0,0,0,0,0,0,0,0,0,0
0,0,0,0,0,0,0,0,0,0,0,0
0,0,-0.010717399418354034,-0.0021414991933852434,0.00007366139470832422,0,0.0011227794457226992,-0.00019958073971793056,-0.00007366139470832422,0,0.00856718234717846,0.02482745423913002
0,0,0,0,0,0,0,0,0,0,0,0
0,0,0.0010579449590295553,0.0027989763766527176,0.00004434696165844798,0,0.02249276265501976,0.017573630437254906,-0.00004434696165844798,0,-0.0012857989640906453,0.03471694141626358
0,0,0,0,0,0,0,0,0,0,0,0
0,0,0.001023261807858944,0.004883083514869213,-0.0017174644162878394,0,0.01612488180398941,0.014041954651474953,-0.001112965284846723,0,-0.001511012902483344,0.011828331276774406
0,0,0.005393390078097582,0.010223502293229103,0.00004467825056053698,0,0.025133060291409492,0.021179750561714172,-0.00004467825056053698,0,-0.0018388463649898767,0.019579654559493065
0,0,0,0,0,0,0,0,0,0,0,0
0,0,0.022977182641625404,0.023990018293261528,-0.0016716679092496634,0.001745329238474369,0.035617511719465256,0.027937617152929306,-0.00007366139470832422,0,0.002796018263325095,0.030964788049459457
0,0,0,0,0,0,0,0,0,0,0,0
0,0,0,0,0,0,0,0,0,0,0,0
0,0,0.021816013380885124,0.021102940663695335,-0.0016716679092496634,0,0.02019856870174408,0.017283132299780846,-0.00007366139470832422,0,0.025636423379182816,0.03365587443113327
0,0,0,0,0,0,0,0,0,0,0,0
0,0,0,0,0,0,0,0,0,0,0,0
0,0,0,0,0,0,0,0,0,0,0,0
0,0,0,0,0,0,0,0,0,0,0,0
0,0,0.0411190465092659,0.028123263269662857,0.000044556833017850295,0,0.029469067230820656,0.0225110724568367,-0.000044556833017850295,0,0.06770903617143631,0.0224026907235384
0,0,0,0,0,0,0,0,0,0,0,0
0,0,0.0588519386947155,0.03896016627550125,0.00007366139470832422,0,0.041093092411756516,0.030319638550281525,-0.00007366139470832422,0,0.07222491502761841,0.0345383919775486
0,0,0,0,0,0,0,0,0,0,0,0
0,0,0.045617446303367615,0.03253466635942459,0.000052586940000765026,0,0.03461373597383499,0.02797228842973709,-0.000052586940000765026,0,0.03523099794983864,0.02480209991335869
0,0,0,0,0,0,0,0,0,0,0,0
0,0,0,0,0,0,0,0,0,0,0,0
0,0,0,0,0,0,0,0,0,0,0,0
0,0,0,0,0,0,0,0,0,0,0,0
0,0,0,0,0,0,0,0,0,0,0,0
0,0,0,0,0,0,0,0,0,0,0,0
0,0,0,0,0,0,0,0,0,0,0,0
0,0,0.16788722574710846,0.021423140540719032,0.00003954701969632879,0,0.1609216183423996,0.10719303786754608,-0.00003954701969632879,0.001745329238474369,0.19466236233711243,0.07951491326093674
0,0,0.16788722574710846,0.021423140540719032,0.00003954701969632879,0,0.1609216183423996,0.10719303786754608,-0.00003954701969632879,0.001745329238474369,0.19466236233711243,0.07951491326093674
0,0,0,0,0,0,0,0,0,0,0,0
0,0,0.2519582509994507,0.04527529701590538,0.00007366139470832422,0,0.20934630930423737,0.1360403448343277,-0.00007366139470832422,0,0.23290199041366577,0.06896365433931351
0,0,0.09931798279285431,0.03825898468494415,0.00004452425127965398,0.001745329238474369,0.055797278881073,0.025320976972579956,-0.00004452425127965398,0,0.06573975086212158,0.009730384685099125
0,0,0.09931798279285431,0.03825898468494415,0.00004452425127965398,0.001745329238474369,0.055797278881073,0.025320976972579956,-0.00004452425127965398,0,0.06573975086212158,0.009730384685099125
0,0,0.08085181564092636,0.03183004632592201,0.00004487856131163426,-0.0006819789414294064,0.04058712348341942,0.0196877159178257,-0.00004487856131163426,0.0006819789414294064,0.04488333687186241,0.006272670812904835
0,0,0,0,0,0,0,0,0,0,0,0
0,0,0,0,0,0,0,0,0,0,0,0
0,0,0,0,0,0,0,0,0,0,0,0
0,0,0,0,0,0,0,0,0,0,0,0
0,0,0,0,0,0,0,0,0,0,0,0
0,0,0,0,0,0,0,0,0,0,0,0
0,0,0,0,0,0,0,0,0,0,0,0
0,0,0,0,0,0,0,0,0,0,0,0
-0.002083682455122471,-0.005912694148719311,0.06816411018371582,0.04914546385407448,0.00004397077645990066,0.0010418412275612354,0.031854722648859024,0.009379672817885876,-0.00004397077645990066,0.002083682455122471,0.017944201827049255,-0.019023675471544266
-0.0010578780202195048,-0.008092598058283329,0.06380845606327057,0.04303407669067383,0.00004464760422706604,0.0038610852789133787,0.02573082596063614,0.0030996371060609818,-0.00004464760422706604,0.0021157560404390097,0.01659359596669674,-0.015521606430411339
0,0,0,0,0,0,0,0,0,0,0,0
-0.002080719219520688,-0.009027846157550812,0.02425334043800831,0.026524899527430534,0.000043908239604206756,0.0031210787128657103,-0.009868379682302475,-0.01771724410355091,-0.000043908239604206756,0.00033538995194248855,0.012624313123524189,-0.03221163898706436
0,0,0,0,0,0,0,0,0,0,0,0
0,0,0,0,0,0,0,0,0,0,0,0
0,0,0,0,0,0,0,0,0,0,0,0
-0.001745329238474369,0.0007003016653470695,-0.6373357176780701,-0.3417243957519531,-0.0017012240132316947,-0.002090055262669921,-0.6256921887397766,-0.4019439220428467,-0.00004410525434650481,0,-0.5735453963279724,-0.44936811923980713
0,0,0,0,0,0,0,0,0,0,0,0
0,0,0,0,0,0,0,0,0,0,0,0
0,-0.001745329238474369,-0.7829894423484802,-0.3712698221206665,0.000050281116273254156,0,-0.832026481628418,-0.5396980047225952,-0.000050281116273254156,0,-0.7336268424987793,-0.46099159121513367
0,-0.003490658476948738,-1.0971038341522217,-0.47577816247940063,-0.0016716679092496634,0.001745329238474369,-1.1694179773330688,-0.7579267621040344,-0.00007366139470832422,0,-1.0020560026168823,-0.6160576939582825
0,0,0,0,0,0,0,0,0,0,0,0
0,0,0,0,0,0,0,0,0,0,0,0
0,0,0,0,0,0,0,0,0,0,0,0
0,0,0,0,0,0,0,0,0,0,0,0
0,0,0,0,0,0,0,0,0,0,0,0
0,0,0,0,0,0,0,0,0,0,0,0
0,0,0,0,0,0,0,0,0,0,0,0
0,0,0,0,0,0,0,0,0,0,0,0
0,0,0,0,0,0,0,0,0,0,0,0
0,0,0,0,0,0,0,0,0,0,0,0
0,0,-0.5324832797050476,-0.01189893577247858,0.00004052398799103685,0,-0.47271427512168884,-0.09805106371641159,-0.00004052398799103685,0,0.019355377182364464,-0.14104819297790527
0,0,0,0,0,0,0,0,0,0,0,0
0,0,0,0,0,0,0,0,0,0,0,0
0,0,-0.5211631059646606,-0.010592999868094921,0.000044218475522939116,0,-0.440469354391098,-0.04122238978743553,-0.000044218475522939116,0,-0.0040588825941085815,-0.08803867548704147
0,0,0,0,0,0,0,0,0,0,0,0
0,0,-0.7856109738349915,-0.016551701352000237,0.00007366139470832422,0,-0.6051390171051025,-0.03709353134036064,-0.00007366139470832422,0,-0.010282160714268684,-0.05571609362959862
0,0,-0.5415874123573303,-0.013520492240786552,0.00005371596125769429,0,-0.3952600955963135,-0.022812366485595703,-0.00005371596125769429,0,-0.006129239220172167,-0.02645842358469963
0,0,0,0,0,0,0,0,0,0,0,0
0,0,0,0,0,0,0,0,0,0,0,0
0,0,-0.4078669250011444,-0.009305455721914768,0.000043794319935841486,0,-0.2715432941913605,-0.01966256834566593,-0.000043794319935841486,0,-0.0016088885022327304,-0.01928711123764515
0,0,-0.42123040556907654,-0.008892319165170193,0.000048230202082777396,0,-0.25767984986305237,-0.021013393998146057,0.001697099069133401,0,0.0014078270178288221,-0.016279246658086777
0,0,-0.26947689056396484,-0.0063487994484603405,0.00003367981480550952,0,-0.13570548593997955,-0.01327322144061327,-0.0009810012998059392,0,0.004379549063742161,-0.008161411620676517
0,0,0,0,0,0,0,0,0,0,0,0
0,0,-0.28303447365760803,-0.009813365526497364,-0.0017047496512532234,0,-0.10384466499090195,-0.011981045827269554,-0.00004057959085912444,0,-0.0016272065695375204,-0.010960535146296024
0,0,-0.28303447365760803,-0.009813365526497364,-0.0017047496512532234,0,-0.10384466499090195,-0.011981045827269554,-0.00004057959085912444,0,-0.0016272065695375204,-0.010960535146296024
0,0,-0.4730159640312195,-0.018066462129354477,0.00007366139470832422,0,-0.13195383548736572,-0.01490265317261219,-0.00007366139470832422,0,-0.005204017739742994,-0.017949335277080536
0,0,-0.4607986509799957,-0.018066462129354477,0.00007366139470832422,0,-0.12322719395160675,-0.01490265317261219,-0.00007366139470832422,0,-0.005204017739742994,-0.017949335277080536
0,0,0,0,0,0,0,0,0,0,0,0
0,0,-0.20001523196697235,-0.0065388004295527935,0.0000348869725712575,0,-0.05125713348388672,-0.006050458177924156,0.0017104422440752387,-0.00165322027169168,-0.0023551019839942455,-0.008905477821826935
0,-0.0008017836953513324,-0.21218468248844147,-0.00621917936950922,0.00003982221824117005,0,-0.04290977120399475,-0.006153617985546589,0.000903723353985697,-0.00014176186232361943,-0.0007397362496703863,-0.01129437331110239
0,0,-0.22204287350177765,-0.0067666335962712765,0.00004446578532224521,0,-0.03313038498163223,-0.005955977831035852,-0.00004446578532224521,0.0006917592254467309,0.002354768104851246,-0.014044282957911491
0,0,-0.20687167346477509,-0.00662966025993228,0.00004464657467906363,0,-0.02581454999744892,-0.0034518998581916094,-0.00004464657467906363,0.003490658476948738,0.002467580372467637,-0.01260397583246231
0,0,-0.20687167346477509,-0.00662966025993228,0.00004464657467906363,0,-0.02581454999744892,-0.0034518998581916094,-0.00004464657467906363,0.003490658476948738,0.002467580372467637,-0.01260397583246231
0,0,0,0,0,0,0,0,0,0,0,0
0,0,-0.2719883620738983,-0.00666474224999547,0.00007366139470832422,0,-0.03044409491121769,-0.004683994688093662,-0.00007366139470832422,-0.001745329238474369,0.03747064620256424,-0.020023321732878685
0,0,-0.2719883620738983,-0.00666474224999547,0.00007366139470832422,0,-0.03044409491121769,-0.004683994688093662,-0.00007366139470832422,-0.001745329238474369,0.03747064620256424,-0.020023321732878685
0,0,-0.09615899622440338,-0.0026876090560108423,0.0000311652293021325,0,-0.011267049238085747,-0.0021039436105638742,0.000707262079231441,-0.0022152818273752928,0.01361170131713152,-0.008299280889332294
0,0,0,0,0,0,0,0,0,0,0,0
0,0,0,0,0,0,0,0,0,0,0,0
0,0,0,0,0,0,0,0,0,0,0,0
0,0,0,0,0,0,0,0,0,0,0,0
0,0,0,0,0,0,0,0,0,0,0,0
0,0,-0.08775728940963745,-0.000573681085370481,-0.0016716679092496634,0,-0.018810609355568886,-0.00531739741563797,-0.00007366139470832422,-0.005235987715423107,-0.04024267941713333,-0.01894999109208584
0,0,-0.028494980186223984,-0.00030269453418441117,0.0000340064252668526,0,-0.007571198046207428,-0.004382763989269733,-0.0000340064252668526,-0.0006719102384522557,-0.03115944378077984,-0.008190645836293697
0,0,0,0,0,0,0,0,0,0,0,0
0,0,0,0,0,0,0,0,0,0,0,0
0,0,0,0,0,0,0,0,0,0,0,0
0,0,0,0,0,0,0,0,0,0,0,0
0,0,0,0,0,0,0,0,0,0,0,0
-0.0010491970460861921,0,-0.02528754249215126,-0.0011762636713683605,0.000044281223381403834,0,-0.01063112635165453,-0.008798282593488693,0.0003087835502810776,0,-0.024769067764282227,-0.000990750384517014
0,0,0,0,0,0,0,0,0,0,0,0
0,0,0,0,0,0,0,0,0,0,0,0
0,0,-0.03360125795006752,-0.00029023122624494135,0.00007366139470832422,0,-0.016185292974114418,-0.014839252457022667,0.0016716679092496634,0,-0.0300215482711792,0.01823830045759678
0,0,0,0,0,0,0,0,0,0,0,0
0,0,-0.017993805930018425,-0.0020399473141878843,0.00004433190406416543,0,-0.007652775384485722,-0.009497467428445816,0.00031113449949771166,0,-0.015661317855119705,0.0147478599101305
0,0,-0.016628984361886978,-0.00006145424413261935,0.000047814577555982396,0,-0.006477009039372206,-0.011480635032057762,0.0010851016268134117,0,-0.015732374042272568,0.015998050570487976
0,0,-0.016628984361886978,-0.00006145424413261935,0.000047814577555982396,0,-0.006477009039372206,-0.011480635032057762,0.0010851016268134117,0,-0.015732374042272568,0.015998050570487976
0,0,0,0,0,0,0,0,0,0,0,0
0,0,0,0,0,0,0,0,0,0,0,0
0,0,0,0,0,0,0,0,0,0,0,0
0,0,0,0,0,0,0,0,0,0,0,0
0,0,0,0,0,0,0,0,0,0,0,0
0,0,0.02694639563560486,-0.01067767571657896,0.00004589740274241194,0,0.028693458065390587,-0.01921147108078003,-0.00004589740274241194,0,-0.0009345929720439017,0.015755312517285347
0,0,0.019467424601316452,-0.010835004970431328,0.00004460683339857496,0,0.02390219084918499,-0.017428994178771973,0.0010123051470145583,-0.001056912005878985,0.0031769105698913336,0.01244264468550682
0,0,0,0,0,0,0,0,0,0,0,0
0,0,0.016721010208129883,-0.011622226797044277,0.00004408899258123711,0,0.023821769282221794,-0.019034530967473984,-0.0007447759271599352,0,0.009522251784801483,0.01011898834258318
0,0,0.010519424453377724,-0.010057314299046993,0.000044243417505640537,0,0.01915847137570381,-0.007202296983450651,-0.000044243417505640537,0,-0.009973106905817986,0.009660446085035801
0,0,0.010519424453377724,-0.010057314299046993,0.000044243417505640537,0,0.01915847137570381,-0.007202296983450651,-0.000044243417505640537,0,-0.009973106905817986,0.009660446085035801
0,0,0,0,0,0,0,0,0,0,0,0
0,0,0.014667659997940063,-0.018324604257941246,0.00007366139470832422,0,0.021701345220208168,-0.004225436132401228,0.0016716679092496634,0,-0.03487700596451759,0.02164854109287262
0,0,0,0,0,0,0,0,0,0,0,0
0,0,0,0,0,0,0,0,0,0,0,0
0,0,0,0,0,0,0,0,0,0,0,0
0,0,0.006500849034637213,-0.01153800543397665,0.000048092824727064,0,0.009427450597286224,0.004068651236593723,-0.0006539131863974035,0,-0.023809412494301796,0.01857553981244564
0,0,0,0,0,0,0,0,0,0,0,0
0,0,0.006223250180482864,-0.010021934285759926,0.000040546368836658075,0,0.011461684480309486,0.009102348238229752,0.0009201571810990572,0,-0.012155471369624138,0.019164176657795906
0,0,0.006223250180482864,-0.010021934285759926,0.000040546368836658075,0,0.011461684480309486,0.009102348238229752,0.0009201571810990572,0,-0.012155471369624138,0.019164176657795906
0,0,0,0,0,0,0,0,0,0,0,0
0,0,0,0,0,0,0,0,0,0,0,0
0,0,0,0,0,0,0,0,0,0,0,0
0,0,0.0036460994742810726,-0.01701808162033558,-0.0016716679092496634,0,0.006856722291558981,0.015849202871322632,-0.00007366139470832422,0.001745329238474369,-0.02329891547560692,0.030248472467064857
0,0,0.0036460994742810726,-0.01701808162033558,-0.0016716679092496634,0,0.006856722291558981,0.015849202871322632,-0.00007366139470832422,0.001745329238474369,-0.02329891547560692,0.030248472467064857
-0.001745329238474369,0,0.010634665377438068,-0.010208267718553543,0.00004819595778826624,0,0.004560855217278004,0.009575027041137218,-0.00004819595778826624,-0.0006033767131157219,-0.029758967459201813,0.0277988463640213
-0.001745329238474369,0,0.010634665377438068,-0.010208267718553543,0.00004819595778826624,0,0.004560855217278004,0.009575027041137218,-0.00004819595778826624,-0.0006033767131157219,-0.029758967459201813,0.0277988463640213
0,0,0.00023967445304151624,-0.006749119143933058,0.00004780914605362341,0,-0.004566968884319067,0.0009576870361343026,0.001697520143352449,-0.002878116676583886,-0.0322999507188797,0.019572004675865173
0,0,0,0,0,0,0,0,0,0,0,0
0,0,0,0,0,0,0,0,0,0,0,0
0,0,0,0,0,0,0,0,0,0,0,0
0,0,0,0,0,0,0,0,0,0,0,0
0,0,-0.015068014152348042,-0.007694395259022713,0.00007366139470832422,0,-0.0063428389839828014,0.0012991458643227816,-0.00007366139470832422,0.001745329238474369,-0.08253319561481476,0.022230401635169983
0,0,0,0,0,0,0,0,0,0,0,0
0,0,0,0,0,0,0,0,0,0,0,0
0,0,0,0,0,0,0,0,0,0,0,0
0,0.001745329238474369,-0.009860031306743622,-0.0038724676705896854,0.000044456624891608953,0,0.0011615706607699394,0.002587277675047517,-0.000044456624891608953,0,-0.0491766594350338,0.01075758133083582
0,0,0,0,0,0,0,0,0,0,0,0
0,0,-0.01700415089726448,-0.003977217711508274,0.00007366139470832422,0,-0.0013738736743107438,0.0032699296716600657,0.0016716679092496634,0,-0.057177335023880005,0.018773328512907028
0,0,-0.011159672401845455,-0.0017763611394912004,0.000044091884774388745,0,-0.000765277654863894,0.002557953353971243,0.0017012374009937048,0,-0.02913215570151806,0.01490182988345623
0,0,0,0,0,0,0,0,0,0,0,0
0,0,0,0,0,0,0,0,0,0,0,0
0,0,0,0,0,0,0,0,0,0,0,0
0,0,0,0,0,0,0,0,0,0,0,0
0,0,0,0,0,0,0,0,0,0,0,0
0,0,0.0011326103704050183,-0.0029648595955222845,0.00004484738747123629,0,0.008123965002596378,0.007046613842248917,-0.0007275649113580585,0,-0.009448780678212643,0.023089898750185966
0,0,0.0011326103704050183,-0.0029648595955222845,0.00004484738747123629,0,0.008123965002596378,0.007046613842248917,-0.0007275649113580585,0,-0.009448780678212643,0.023089898750185966
0,0,0,0,0,0,0,0,0,0,0,0
0,0,0,0,0,0,0,0,0,0,0,0
0,0,0.03512921184301376,-0.0064195021986961365,0.00004365172208053991,0,0.019624784588813782,0.013479099608957767,-0.00004365172208053991,0,-0.03158607706427574,0.009418638423085213
0,0,0.023967202752828598,-0.005985839758068323,0.00004377043660497293,0,0.013019025325775146,0.010260694660246372,-0.00004377043660497293,0,-0.03583257645368576,0.009349708445370197
0,0,0.009148755110800266,-0.004051677882671356,0.00004390930916997604,0,0.008268225938081741,0.006702532060444355,-0.00004390930916997604,0,-0.033728424459695816,0.007856210693717003
0,0,0,0,0,0,0,0,0,0,0,0
0,0,-0.003361060982570052,-0.006036684382706881,0.000043635118345264345,0,-0.0020713312551379204,0.0016466403612866998,-0.000043635118345264345,0,-0.03241054341197014,0.006333491764962673
0,0,-0.006994966883212328,-0.004599046427756548,0.000044273041567066684,0,-0.0020699857268482447,0.0006190474377945065,-0.000044273041567066684,0,-0.028320472687482834,0.0057744733057916164
0,0,0,0,0,0,0,0,0,0,0,0
0,0,-0.013737997971475124,-0.005814566742628813,0.00004433760841493495,0,-0.007040958385914564,-0.0025324819143861532,0.0010061954380944371,0,-0.018395783379673958,0.004791012033820152
0,0,-0.01695719175040722,-0.00590963801369071,0.000044184125727042556,0,-0.008863380178809166,-0.001320081064477563,-0.000044184125727042556,0,-0.015429668128490448,0.004847826901823282
0,0,0,0,0,0,0,0,0,0,0,0
0,0,0,0,0,0,0,0,0,0,0,0
0,0,-0.0301562137901783,-0.008276542648673058,0.00007366139470832422,0,-0.023659907281398773,-0.003928867634385824,-0.00007366139470832422,0,-0.019251784309744835,0.009836199693381786
0,0,0,0,0,0,0,0,0,0,0,0
0,0,0,0,0,0,0,0,0,0,0,0
0,0,-0.006138751748949289,-0.002798918867483735,0.00004440940756467171,0,-0.008792178705334663,0.0000727604710846208,-0.00004440940756467171,0,-0.019423343241214752,0.0072442046366631985
0,0,0,0,0,0,0,0,0,0,0,0
0,0,0,0,0,0,0,0,0,0,0,0
0,0,0,0,0,0,0,0,0,0,0,0
0,0,0,0,0,0,0,0,0,0,0,0
0,0,0,0,0,0,0,0,0,0,0,0
0,0,-0.014695181511342525,-0.0020228265784680843,0.000040539751353207976,0,-0.0036818329244852066,-0.002040187129750848,0.0009200070635415614,0,-0.022127676755189896,0.005304996855556965
0,0,-0.014695181511342525,-0.0020228265784680843,0.000040539751353207976,0,-0.0036818329244852066,-0.002040187129750848,0.0009200070635415614,0,-0.022127676755189896,0.005304996855556965
0,0,-0.026701385155320168,-0.003675509011372924,0.00007366139470832422,0,-0.008115912787616253,-0.001961724366992712,-0.00007366139470832422,0,-0.03671569004654884,0.009639265947043896
0,0,0,0,0,0,0,0,0,0,0,0
0,0,0,0,0,0,0,0,0,0,0,0
0,0,-0.030247854068875313,-0.0032093538902699947,0.00004653088399209082,0,-0.009870254434645176,-0.003907475620508194,-0.00004653088399209082,0,-0.021426429972052574,0.004795743152499199
0,0,-0.02261407859623432,-0.0015858002007007599,0.00004815500506083481,0,-0.01091509684920311,-0.0010527727426961064,-0.00004815500506083481,0,-0.01572917401790619,0.006961561273783445
0,0,0,0,0,0,0,0,0,0,0,0
0,0,-0.016832657158374786,-0.002018720144405961,0.00004419876495376229,0,-0.009339794516563416,-0.0009435167885385454,-0.00004419876495376229,0,-0.013934566639363766,0.006296065170317888
0,0,-0.008796228095889091,-0.0014712398406118155,0.00003344379729242064,0,-0.005519896745681763,0.0004684999003075063,-0.00003344379729242064,0,-0.01037826482206583,0.004559877794235945
0,0,-0.008796228095889091,-0.0014712398406118155,0.00003344379729242064,0,-0.005519896745681763,0.0004684999003075063,-0.00003344379729242064,0,-0.01037826482206583,0.004559877794235945
0,0,-0.008648929186165333,-0.0025880064349621534,0.00007366139470832422,0,-0.00855625793337822,0.0025108004920184612,-0.00007366139470832422,0,-0.025330407544970512,0.008977237157523632
0,0,0,0,0,0,0,0,0,0,0,0
0,0,0.0038111242465674877,-0.0008697237935848534,0.00007366139470832422,0,-0.0065677878446877,0.0012017913395538926,-0.00007366139470832422,0,-0.025078577920794487,0.007261577527970076
0,0,0,0,0,0,0,0,0,0,0,0
0,0,0.009231019765138626,0.002965544583275914,0.0000442782293248456,0,-0.000785908370744437,0.0037661809474229813,-0.0000442782293248456,0,-0.0020070928148925304,0.004283424466848373
0,-0.0007026866660453379,0.009325295686721802,0.0024389862082898617,0.00004400459511089139,0,0.0007294071838259697,0.0020176854450255632,-0.00004400459511089139,0,0.0018069167854264379,0.004719277378171682
0,0,0,0,0,0,0,0,0,0,0,0
0,0,0.015345978550612926,0.0034577101469039917,0.00007366139470832422,0,0.0012616678141057491,0.0021768300794065,-0.00007366139470832422,0,0.006612403318285942,0.008943143300712109
0,0,0,0,0,0,0,0,0,0,0,0
0,0,0,0,0,0,0,0,0,0,0,0
0,0,0.0030953134410083294,0.00034563898225314915,0.00004311142402002588,0,-0.0032474773470312357,-0.0021649806294590235,-0.00004311142402002588,0,-0.005187302827835083,0.00355176767334342
0,0,0,0,0,0,0,0,0,0,0,0
0,0,-0.005360363516956568,-0.0006247527780942619,0.00004387055378174409,0,-0.005339556373655796,-0.001439665094949305,-0.00004387055378174409,0,-0.014533208683133125,0.001201848266646266
0,0,-0.022663811221718788,-0.004778933245688677,0.00004759898001793772,0,-0.009702231734991074,-0.0044611236080527306,-0.00004759898001793772,0,-0.028492245823144913,-0.0049899001605808735
0,0,-0.022663811221718788,-0.004778933245688677,0.00004759898001793772,0,-0.009702231734991074,-0.0044611236080527306,-0.00004759898001793772,0,-0.028492245823144913,-0.0049899001605808735
0,0,0,0,0,0,0,0,0,0,0,0
0,0,-0.03341788053512573,-0.007828186266124249,0.00004428125248523429,0,-0.0113815413787961,-0.005337689537554979,0.0017010479932650924,0,-0.02321326918900013,-0.010353786870837212
0,0,0,0,0,0,0,0,0,0,0,0
0,0,0,0,0,0,0,0,0,0,0,0
0,0,0,0,0,0,0,0,0,0,0,0
0,0,-0.08026380836963654,0.0009960030438378453,0.00004800934038939886,0,-0.033327482640743256,-0.015135562047362328,-0.00004800934038939886,0,-0.037561625242233276,-0.027565987780690193
0,0,0,0,0,0,0,0,0,0,0,0
0,0,-0.05525418370962143,0.0013958938652649522,0.00004420217373990454,0,-0.030737904831767082,-0.013516156002879143,0.0017011270392686129,0,-0.036134179681539536,-0.021255210041999817
0,0,-0.0634433776140213,0.008161935955286026,-0.0017015046905726194,0,-0.043370600789785385,-0.018910028040409088,-0.00004382461338536814,0,-0.04803163558244705,-0.02452346868813038
0,0,-0.0634433776140213,0.008161935955286026,-0.0017015046905726194,0,-0.043370600789785385,-0.018910028040409088,-0.00004382461338536814,0,-0.04803163558244705,-0.02452346868813038
0,0,0,0,0,0,0,0,0,0,0,0
0,0,-0.04118778556585312,0.005786346271634102,0.00004377911682240665,0,-0.0301930233836174,-0.015010859817266464,-0.00004377911682240665,0,-0.032058533281087875,-0.018897153437137604
0,0,0,0,0,0,0,0,0,0,0,0
0,0,-0.02293676696717739,0.004942245315760374,0.00004400786929181777,0,-0.02375347726047039,-0.014630969613790512,-0.00004400786929181777,0,-0.017249708995223045,-0.016148976981639862
0,0,-0.02381642535328865,0.00013031404523644596,0.0000623666201136075,0,-0.030532000586390495,-0.018948331475257874,-0.00032998446840792894,0,-0.02113131619989872,-0.01960771530866623
0,0,0,0,0,0,0,0,0,0,0,0
0,0,0,0,0,0,0,0,0,0,0,0
0,0,-0.009727166965603828,-0.0030148650985211134,0.0000446668709628284,0,-0.013819701038300991,-0.005678636021912098,-0.0000446668709628284,0,-0.015388340689241886,-0.012496775947511196
0,0,-0.0035356672015041113,-0.004257114604115486,0.00003796903183683753,0,-0.009199468418955803,-0.004030694253742695,-0.00003796903183683753,0,-0.011571460403501987,-0.010229750536382198
0,0,0,0,0,0,0,0,0,0,0,0
0,0,0,0,0,0,0,0,0,0,0,0
0,0,0,0,0,0,0,0,0,0,0,0
0,0,0.02871760167181492,-0.013683833181858063,0.000044158521632198244,0,0.01500821765512228,0.009420152753591537,-0.000044158521632198244,0,-0.005919885355979204,-0.010214932262897491
0,0,0.031224332749843597,-0.015470977872610092,0.0000476746863569133,0,0.016805972903966904,0.012883984483778477,-0.0000476746863569133,0.0011296016164124012,-0.004186780657619238,-0.010499859228730202
0,0,0,0,0,0,0,0,0,0,0,0
0,0,0.02397887408733368,-0.014652097597718239,0.000047217625251505524,0,0.013240515254437923,0.01143212802708149,-0.000047217625251505524,0,-0.0018860790878534317,-0.010001861490309238
0,0,0.014611715450882912,-0.01058018859475851,0.00004757294664159417,0,0.010544370859861374,0.012365004979074001,-0.00004757294664159417,0,-0.0002163050085073337,-0.009885173290967941
0,0,0,0,0,0,0,0,0,0,0,0
0,0,0,0,0,0,0,0,0,0,0,0
-0.001745329238474369,0,-0.0027249720878899097,-0.008630556054413319,0.00004772717511514202,0,0.004458894021809101,0.011271065101027489,-0.00004772717511514202,0,-0.005684141535311937,-0.01070248894393444
0,0,-0.003263021819293499,-0.00686336075887084,0.000043901447497773916,0,0.0015915983822196722,0.005170101299881935,-0.000043901447497773916,0,-0.0033185838256031275,-0.009754383936524391
0,0,0,0,0,0,0,0,0,0,0,0
0,0,0,0,0,0,0,0,0,0,0,0
0,0,0.010843943804502487,-0.006469200365245342,0.00004768779399455525,0,-0.0009141216287389398,0.002098004100844264,-0.00004768779399455525,0,0.010405826382339,-0.0044420091435313225
0,0,0,0,0,0,0,0,0,0,0,0
0,0,0,0,0,0,0,0,0,0,0,0
0,0,0,0,0,0,0,0,0,0,0,0
0,0,0.028026608750224113,0.006183170247823,0.000040821516449796036,0,0.00856628455221653,0.002147984690964222,-0.000040821516449796036,0,0.0035271262750029564,0.010628139600157738
0,0,0,0,0,0,0,0,0,0,0,0
0,0,0.028203360736370087,0.009264242835342884,0.000044053333112969995,0,0.014003798365592957,0.005673627369105816,-0.000044053333112969995,0,0.005969707388430834,0.023000596091151237
0,0,0.03640611097216606,0.019124237820506096,0.00004065412576892413,0,0.01621452532708645,0.01259101927280426,-0.00004065412576892413,0,0.018511230126023293,0.07401040941476822
0,0,0.03640611097216606,0.019124237820506096,0.00004065412576892413,0,0.01621452532708645,0.01259101927280426,-0.00004065412576892413,0,0.018511230126023293,0.07401040941476822
0,0,0,0,0,0,0,0,0,0,0,0
0,0,0.05308825895190239,0.035893380641937256,0.00004472927321330644,0,0.02590116299688816,0.018313921988010406,-0.00004472927321330644,0,0.07171893119812012,0.21458934247493744
0,0,0,0,0,0,0,0,0,0,0,0
0,0,0.062138985842466354,0.04759732633829117,0.00004298003113945015,0,0.037867289036512375,0.021922506392002106,-0.00004298003113945015,0,0.08125621825456619,0.2749232351779938
0,0,0.062138985842466354,0.04759732633829117,0.00004298003113945015,0,0.037867289036512375,0.021922506392002106,-0.00004298003113945015,0,0.08125621825456619,0.2749232351779938
0,0,0.06571917980909348,0.05064952373504639,0.00004704467937699519,0,0.03695705160498619,0.027693012729287148,0.0016982845263555646,0,0.08806351572275162,0.2996044158935547
0,0,0.04204965755343437,0.026786135509610176,0.0000449231629318092,0,0.031153827905654907,0.022180115804076195,-0.0007258452824316919,0,0.0626651793718338,0.26912185549736023
0,0,0,0,0,0,0,0,0,0,0,0
0,0,0.13151085376739502,0.044540099799633026,0.000043885775085072964,0,0.1540573239326477,0.08944975584745407,-0.000043885775085072964,0,0.17836563289165497,0.26493608951568604
0,-0.0007494059973396361,0.2746310234069824,0.06993596255779266,0.00004203281059744768,0,0.35459843277931213,0.19635659456253052,-0.00004203281059744768,0,0.5335818529129028,0.2898915112018585
0,0,0,0,0,0,0,0,0,0,0,0
0,0,0,0,0,0,0,0,0,0,0,0
0,0,0.1863744556903839,0.013729508966207504,0.00004765856283484027,0,0.41080442070961,0.2832140326499939,-0.00004765856283484027,0,0.6146363019943237,0.2812522351741791
0,0,0.13805779814720154,0.00416707806289196,0.00004769843508256599,0,0.3628041446208954,0.2380363494157791,-0.00004769843508256599,0.001745329238474369,0.5451197624206543,0.23607505857944489
0,0,0.13805779814720154,0.00416707806289196,0.00004769843508256599,0,0.3628041446208954,0.2380363494157791,-0.00004769843508256599,0.001745329238474369,0.5451197624206543,0.23607505857944489
0,0,0.06294750422239304,0.006209825165569782,0.000043566404201556,0,0.23566953837871552,0.13725154101848602,-0.0017888956936076283,0,0.41192853450775146,0.15709301829338074
0,0,0,0,0,0,0,0,0,0,0,0
0,0,0,0,0,0,0,0,0,0,0,0
0,0,0.02925671637058258,0.008426585234701633,0.00004431656634551473,0,0.09896084666252136,-0.009226571768522263,0.001005717902444303,0,0.2958991527557373,0.09394372254610062
0,0,0.01813703589141369,0.003991359379142523,0.00004805648131878115,0,0.054725728929042816,-0.03978324308991432,-0.00004805648131878115,0,0.2828953266143799,0.07160766422748566
0,0,0,0,0,0,0,0,0,0,0,0
0,0,0,0,0,0,0,0,0,0,0,0
0,0,0.020178083330392838,0.0022248635068535805,0.00003442846718826331,0,-0.013354928232729435,-0.053970225155353546,-0.00003442846718826331,0.0008157463162206113,0.129010871052742,0.02356063574552536
0,0,0,0,0,0,0,0,0,0,0,0
0,0,0.0316290520131588,0.004493054933845997,0.00004909245762974024,0,-0.019189203158020973,-0.052977751940488815,-0.00004909245762974024,0,0.12262453138828278,0.02213858813047409
0,0,0,0,0,0,0,0,0,0,0,0
0,0,0.038035545498132706,0.007021967321634293,0.0000705389174981974,0,-0.020914586260914803,-0.06061488389968872,-0.0000705389174981974,0,0.1172439455986023,0.026618991047143936
0,0,0.038035545498132706,0.007021967321634293,0.0000705389174981974,0,-0.020914586260914803,-0.06061488389968872,-0.0000705389174981974,0,0.1172439455986023,0.026618991047143936
0,0,0,0,0,0,0,0,0,0,0,0
0,0,0,0,0,0,0,0,0,0,0,0
0,0,-0.004072124604135752,0.005786688067018986,0.00003933960761060007,0,-0.03234386816620827,-0.025209549814462662,-0.00003933960761060007,0,0.012361012399196625,0.011029709130525589
0,0,-0.03272835165262222,0.004002245608717203,0.00004376241486170329,0.0007084248936735094,-0.08001481741666794,-0.042677540332078934,-0.00004376241486170329,0,-0.016416829079389572,-0.010119671933352947
0,0,-0.03272835165262222,0.004002245608717203,0.00004376241486170329,0.0007084248936735094,-0.08001481741666794,-0.042677540332078934,-0.00004376241486170329,0,-0.016416829079389572,-0.010119671933352947
0,0,0,0,0,0,0,0,0,0,0,0
0,0,0,0,0,0,0,0,0,0,0,0
0,0,0,0,0,0,0,0,0,0,0,0
0,0,-0.5971204042434692,-0.13581576943397522,0.00004483312659431249,0,-0.5563623905181885,-0.1890643984079361,-0.00004483312659431249,0,-0.4808597266674042,-0.3403865694999695
0,0,0,0,0,0,0,0,0,0,0,0
0,0,-0.5664988160133362,-0.06652499735355377,0.00004342657848610543,0,-0.5289685130119324,-0.11312800645828247,-0.00004342657848610543,0,-0.45972010493278503,-0.3364582061767578
0,0,0,0,0,0,0,0,0,0,0,0
0,0,-0.44457170367240906,-0.055792782455682755,0.000044014181185048074,0,-0.4165590703487396,-0.09671039879322052,-0.000044014181185048074,0,-0.37067288160324097,-0.2929608225822449
0,0,-0.3223227858543396,-0.05340725556015968,0.000044227133912499994,0,-0.3010384440422058,-0.06545659899711609,-0.000044227133912499994,0.001745329238474369,-0.28570568561553955,-0.24945883452892303
0,0,-0.3223227858543396,-0.05340725556015968,0.000044227133912499994,0,-0.3010384440422058,-0.06545659899711609,-0.000044227133912499994,0.001745329238474369,-0.28570568561553955,-0.24945883452892303
0,0,-0.3223227858543396,-0.05340725556015968,0.000044227133912499994,0,-0.3010384440422058,-0.06545659899711609,-0.000044227133912499994,0.001745329238474369,-0.28570568561553955,-0.24945883452892303
0,0,0,0,0,0,0,0,0,0,0,0
0,0,0,0,0,0,0,0,0,0,0,0
0,0,-0.22258301079273224,-0.015576018951833248,0.000044267788325669244,0,-0.19224098324775696,-0.016683626919984818,-0.000044267788325669244,0,-0.23405227065086365,-0.1732194870710373
0,0,-0.35986319184303284,-0.02301420457661152,0.00007366139470832422,0,-0.3076288402080536,-0.026016147807240486,-0.00007366139470832422,0,-0.3708077371120453,-0.27713605761528015
0,0,0,0,0,0,0,0,0,0,0,0
0,0,0,0,0,0,0,0,0,0,0,0
0,0,0,0,0,0,0,0,0,0,0,0
0,0,0,0,0,0,0,0,0,0,0,0
0,0,0,0,0,0,0,0,0,0,0,0
0,0,0,0,0,0,0,0,0,0,0,0
0,0,0,0,0,0,0,0,0,0,0,0
0,0,-0.04390757903456688,-0.0027265383396297693,0.00004508694837568328,0,-0.03220989182591438,-0.009554899297654629,-0.00004508694837568328,-0.0006770414183847606,-0.0798724815249443,-0.013119460083544254
0,0,0,0,0,0,0,0,0,0,0,0
0,0,0,0,0,0,0,0,0,0,0,0
0,0,-0.01923428848385811,-0.005377511493861675,0.000043635518522933125,0,-0.022719426080584526,-0.00927388109266758,-0.0007550669834017754,0,-0.052727390080690384,-0.011638439260423183
0,0,0,0,0,0,0,0,0,0,0,0
0,0,0.005042826756834984,-0.01157219149172306,0.00004895811798633076,0,-0.011735779233276844,-0.00955796055495739,-0.002954298397526145,0,-0.031231218948960304,-0.010702196508646011
0,0,0,0,0,0,0,0,0,0,0,0
0,0,0,0,0,0,0,0,0,0,0,0
0,0,0.02367507852613926,-0.008975525386631489,0.00004411700138007291,0,0.017680488526821136,0.00216084741987288,0.002746518235653639,0,-0.020253900438547134,-0.008926549926400185
0,0,0.02367507852613926,-0.008975525386631489,0.00004411700138007291,0,0.017680488526821136,0.00216084741987288,0.002746518235653639,0,-0.020253900438547134,-0.008926549926400185
0,0,0,0,0,0,0,0,0,0,0,0
0,0,0.02965705655515194,-0.0013220127439126372,0.000043708998418878764,0,0.03805936872959137,0.01681932993233204,-0.000043708998418878764,0,-0.030008571222424507,-0.009243477135896683
0,0,0,0,0,0,0,0,0,0,0,0
0,0,0,0,0,0,0,0,0,0,0,0
0,0,0,0,0,0,0,0,0,0,0,0
0,0,0,0,0,0,0,0,0,0,0,0
0,0.001745329238474369,-0.002187620848417282,-0.0019362615421414375,0.00004410664041643031,0,0.007052382454276085,0.00872937310487032,0.000300685060210526,0,-0.03130127117037773,-0.006662540603429079
0,0.0027745994739234447,-0.005145063158124685,-0.0022939080372452736,0.000043440217268653214,0,0.0027137587312608957,0.005426682066172361,-0.000043440217268653214,0,-0.026862360537052155,-0.005174200516194105
0,0.0027745994739234447,-0.005145063158124685,-0.0022939080372452736,0.000043440217268653214,0,0.0027137587312608957,0.005426682066172361,-0.000043440217268653214,0,-0.026862360537052155,-0.005174200516194105
0,0,0,0,0,0,0,0,0,0,0,0
0,-0.001745329238474369,0.01314250286668539,0.0017526689916849136,0.00004427367093740031,0,0.011252537369728088,0.01266387477517128,0.0006520375609397888,0,-0.02406228892505169,0.0028084218502044678
0,0,0,0,0,0,0,0,0,0,0,0
0,0,0,0,0,0,0,0,0,0,0,0
0,0,0.027755647897720337,0.007829569280147552,0.00004750768857775256,0,0.027313221246004105,0.02320287749171257,0.0010781370801851153,0.001745329238474369,-0.015950053930282593,0.006174715235829353
0,0,0.029576171189546585,0.018655985593795776,0.00004089590220246464,0,0.03482223302125931,0.030394161120057106,-0.00004089590220246464,0,-0.019178640097379684,0.003069828264415264
0,0,0.029576171189546585,0.018655985593795776,0.00004089590220246464,0,0.03482223302125931,0.030394161120057106,-0.00004089590220246464,0,-0.019178640097379684,0.003069828264415264
0,0,0.020003104582428932,0.01502770371735096,0.00003977692540502176,0,0.02535117231309414,0.02712615206837654,-0.00003977692540502176,-0.000802856869995594,-0.01841047778725624,0.002414364367723465
0,0,0.02040443941950798,0.021138006821274757,0.00004436249946593307,0,0.026580698788166046,0.030436692759394646,-0.0007385689532384276,0,-0.02230616845190525,0.0020878722425550222
0,0,0,0,0,0,0,0,0,0,0,0
0,0,0,0,0,0,0,0,0,0,0,0
0,0,0,0,0,0,0,0,0,0,0,0
0,0,0,0,0,0,0,0,0,0,0,0
0,0,0,0,0,0,0,0,0,0,0,0
0,0,0,0,0,0,0,0,0,0,0,0
0,0,0.0005985160823911428,0.0038771708495914936,0.000044255066313780844,0,0.009159047156572342,0.011588369496166706,-0.000044255066313780844,0,0.02050483040511608,0.007789804600179195
0,0,-0.0031218193471431732,0.0028639626689255238,0.00007366139470832422,0,0.008699839934706688,0.012494677677750587,-0.00007366139470832422,0.001745329238474369,0.047868065536022186,0.011081418953835964
0,0,-0.0031218193471431732,0.0028639626689255238,0.00007366139470832422,0,0.008699839934706688,0.012494677677750587,-0.00007366139470832422,0.001745329238474369,0.047868065536022186,0.011081418953835964
0,0,0,0,0,0,0,0,0,0,0,0
0,0,0.00520210899412632,0.0052766320295631886,0.00004485072349780239,0,0.014558346010744572,0.013723811134696007,-0.00004485072349780239,0.001745329238474369,0.07005324959754944,0.0068108681589365005
0,0,0,0,0,0,0,0,0,0,0,0
0,0,-0.0016363828908652067,0.004106318112462759,0.00004438030009623617,0,0.009753886610269547,0.011882005259394646,-0.00004438030009623617,0,0.023585671558976173,0.006251225713640451
0,0,0,0,0,0,0,0,0,0,0,0
0,0,0,0,0,0,0,0,0,0,0,0
0,0,0.0006286065909080207,0.0005605753394775093,0.00004423067002790049,0,0.0068685212172567844,0.003511701012030244,-0.00004423067002790049,0,0.009717355482280254,0.007766979746520519
0,0,0.0004088429850526154,0.0008718479075469077,0.00004412032285472378,0,0.004620222840458155,0.00600302591919899,-0.00004412032285472378,0,0.010011804290115833,0.008605316281318665
0,0,-0.0005134386592544615,0.0013428142992779613,0.00004082154555362649,0,-0.0029659653082489967,0.0030224055517464876,-0.00004082154555362649,0,0.004980830941349268,0.008707967586815357
0,0,-0.0005134386592544615,0.0013428142992779613,0.00004082154555362649,0,-0.0029659653082489967,0.0030224055517464876,-0.00004082154555362649,0,0.004980830941349268,0.008707967586815357
0,0,0,0,0,0,0,0,0,0,0,0
0,0,0,0,0,0,0,0,0,0,0,0
0,0,-0.005371650215238333,-0.0020254699047654867,0.00004132107278564945,0,-0.006796018220484257,-0.0028159802313894033,-0.0017866502748802304,0,-0.0045468444004654884,0.009190043434500694
0,0,-0.007631203625351191,-0.0006129200919531286,0.000044109248847234994,0,-0.007865916937589645,-0.002656763419508934,-0.000044109248847234994,0,-0.008729145862162113,0.010438612662255764
0,0,-0.008078858256340027,-0.00008347452967427671,0.00004409818211570382,0,-0.009218075312674046,-0.0010566249256953597,-0.00004409818211570382,0.001745329238474369,-0.020090194419026375,0.011490068398416042
0,0,-0.008078858256340027,-0.00008347452967427671,0.00004409818211570382,0,-0.009218075312674046,-0.0010566249256953597,-0.00004409818211570382,0.001745329238474369,-0.020090194419026375,0.011490068398416042
0,0,0,0,0,0,0,0,0,0,0,0
0,0,0,0,0,0,0,0,0,0,0,0
0,0,0,0,0,0,0,0,0,0,0,0
0,0,-0.0129085099324584,-0.0010404480854049325,0.00007366139470832422,0,-0.01414148323237896,0.0005522544961422682,-0.00007366139470832422,0,-0.05944538116455078,0.019433951005339622
0,0,-0.0129085099324584,-0.0010404480854049325,0.00007366139470832422,0,-0.01414148323237896,0.0005522544961422682,-0.00007366139470832422,0,-0.05944538116455078,0.019433951005339622
0,0,0,0,0,0,0,0,0,0,0,0
0,0,-0.008379646576941013,-0.0026846022810786963,0.000033485248422948644,0,-0.008252158761024475,-0.0017153810476884246,-0.000033485248422948644,0,-0.02939595840871334,0.013562411069869995
0,0,-0.008379646576941013,-0.0026846022810786963,0.000033485248422948644,0,-0.008252158761024475,-0.0017153810476884246,-0.000033485248422948644,0,-0.02939595840871334,0.013562411069869995
0,0,0,0,0,0,0,0,0,0,0,0
0,0,0,0,0,0,0,0,0,0,0,0
0,0,-0.0120357945561409,-0.002335576806217432,0.00004355720375315286,0,-0.013391127809882164,-0.0004915723111480474,0.0006697298958897591,0.001032042084261775,-0.021425412967801094,0.014573222026228905
0,0,-0.012030240148305893,-0.0007822045590728521,0.000048870362661546096,0,-0.014240465126931667,-0.00005254301140666939,-0.000048870362661546096,0,-0.021708689630031586,0.014418982900679111
0,0,-0.012030240148305893,-0.0007822045590728521,0.000048870362661546096,0,-0.014240465126931667,-0.00005254301140666939,-0.000048870362661546096,0,-0.021708689630031586,0.014418982900679111
0,0,0,0,0,0,0,0,0,0,0,0
0,0,0,0,0,0,0,0,0,0,0,0
0,0,0,0,0,0,0,0,0,0,0,0
0,0,0,0,0,0,0,0,0,0,0,0
0,0,0,0,0,0,0,0,0,0,0,0
0,0,-0.014589991420507431,-0.003030491527169943,0.000043973948777420446,0,-0.011100214906036854,-0.004340721759945154,-0.000043973948777420446,0.0010419164318591356,-0.02132994495332241,0.008048935793340206
0,0,-0.015494993887841702,-0.0017365310341119766,0.00004422223719302565,0,-0.012024910189211369,-0.003861954202875495,0.0006533075938932598,0,-0.0252931397408247,0.008004365488886833
0,0,0,0,0,0,0,0,0,0,0,0
0,0,-0.010428708977997303,0.0009027341147884727,0.00004214993168716319,0,-0.012817789800465107,-0.0017099290853366256,0.0017031793249771,0,-0.025844279676675797,0.006950045935809612
0,0,-0.010428708977997303,0.0009027341147884727,0.00004214993168716319,0,-0.012817789800465107,-0.0017099290853366256,0.0017031793249771,0,-0.025844279676675797,0.006950045935809612
0,0,0,0,0,0,0,0,0,0,0,0
0,0,0,0,0,0,0,0,0,0,0,0
0,0,0,0,0,0,0,0,0,0,0,0
0,0,0,0,0,0,0,0,0,0,0,0
0,0,0,0,0,0,0,0,0,0,0,0
0,0,0,0,0,0,0,0,0,0,0,0
0,0,-0.0032588078174740076,0.00014096792438067496,0.000034623841202119365,0,-0.0010554053587839007,0.000993124907836318,0.0007857516757212579,0,-0.013233081437647343,-0.009389801882207394
0,0,0,0,0,0,0,0,0,0,0,0
0,0,0,0,0,0,0,0,0,0,0,0
0,0,0,0,0,0,0,0,0,0,0,0
0,0,-0.016327785328030586,-0.007224608678370714,0.00004382258339319378,0,-0.0038032117299735546,-0.003676357911899686,-0.0010821525938808918,0,-0.019025256857275963,-0.012119071558117867
0,0,0,0,0,0,0,0,0,0,0,0
0,0,0,0,0,0,0,0,0,0,0,0
0,0,-0.019521091133356094,-0.010776187293231487,0.00004683360020862892,0,-0.009886282496154308,-0.003276644740253687,0.0016984957037493587,0.0011096728267148137,-0.0024504978209733963,-0.009864657185971737
0,0,-0.019521091133356094,-0.010776187293231487,0.00004683360020862892,0,-0.009886282496154308,-0.003276644740253687,0.0016984957037493587,0.0011096728267148137,-0.0024504978209733963,-0.009864657185971737
0,0,-0.01495353039354086,-0.00613018311560154,0.00004695154711953364,0,-0.009397645480930805,-0.003242973005399108,-0.0006798132671974599,0,0.0021928453352302313,-0.009548979811370373
0,0,0,0,0,0,0,0,0,0,0,0
0,0,-0.010368190705776215,-0.0029392270371317863,0.000044716711272485554,0,-0.008268018253147602,-0.0009395482484251261,-0.001104232156649232,0,0.017382729798555374,-0.008414139039814472
0,0,0,0,0,0,0,0,0,0,0,0
0,0,0,0,0,0,0,0,0,0,0,0
0,0,-0.008962192572653294,-0.0004659324767999351,0.00003518318408168852,0,-0.006187032908201218,-0.0010522286174818873,0.0007984453695826232,0.0008336285827681422,0.0029907000716775656,-0.006212636828422546
0,0,-0.018763724714517593,-0.002720830263569951,0.00007366139470832422,0,-0.012953503057360649,-0.00045767263509333134,-0.00007366139470832422,0,0.005496895872056484,-0.013007108122110367
0,0,-0.018763724714517593,-0.002720830263569951,0.00007366139470832422,0,-0.012953503057360649,-0.00045767263509333134,-0.00007366139470832422,0,0.005496895872056484,-0.013007108122110367
0,0,-0.006981406826525927,-0.0009961476316675544,0.00004443588841240853,0,-0.00484692445024848,0.0001001030977931805,-0.00004443588841240853,0,-0.008982638828456402,-0.007467426359653473
0,0,0,0,0,0,0,0,0,0,0,0
0,0,0.009060262702405453,0.0019417592557147145,0.00004285985778551549,0,0.0011030025780200958,-0.0003833556838799268,-0.0017881890526041389,0,-0.009579124860465527,-0.0067229378037154675
0,0,0.009060262702405453,0.0019417592557147145,0.00004285985778551549,0,0.0011030025780200958,-0.0003833556838799268,-0.0017881890526041389,0,-0.009579124860465527,-0.0067229378037154675
0,0,0.008471001870930195,0.002876718295738101,0.00003074412961723283,0,-5.8718519824196846e-8,0.0005351783474907279,-0.0007591939647682011,0,-0.00576956057921052,-0.004269460216164589
0,0,0.015552731230854988,0.006172293331474066,0.00004482403164729476,0,-0.0015001341234892607,-0.0015215235762298107,-0.00004482403164729476,0,-0.001750083640217781,-0.0019491680432111025
0,0,0.015552731230854988,0.006172293331474066,0.00004482403164729476,0,-0.0015001341234892607,-0.0015215235762298107,-0.00004482403164729476,0,-0.001750083640217781,-0.0019491680432111025
0,0,0,0,0,0,0,0,0,0,0,0
0,0,0,0,0,0,0,0,0,0,0,0
0,0,-0.00815173052251339,-0.002286693546921015,0.00004524775067693554,0,-0.0066518052481114864,-0.0022910134866833687,-0.00004524775067693554,0,-0.016514752060174942,0.008786715567111969
0,0,-0.00815173052251339,-0.002286693546921015,0.00004524775067693554,0,-0.0066518052481114864,-0.0022910134866833687,-0.00004524775067693554,0,-0.016514752060174942,0.008786715567111969
0,0,-0.009703915566205978,-0.004501763265579939,0.00004125423947698437,0,-0.008221928961575031,-0.0038134281057864428,-0.00004125423947698437,0,-0.017996618524193764,0.008781728334724903
0,0,-0.014975973404943943,-0.0029195714741945267,0.00004160863682045601,0,-0.014441953040659428,-0.005501467734575272,-0.00004160863682045601,0,-0.022650647908449173,0.013409335166215897
0,0,-0.027857046574354172,-0.0047677974216639996,0.00007366139470832422,0,-0.026911647990345955,-0.01108395867049694,-0.00007366139470832422,0.001745329238474369,-0.042788319289684296,0.025083566084504128
0,0,0,0,0,0,0,0,0,0,0,0
0,0,0,0,0,0,0,0,0,0,0,0
0,0,0,0,0,0,0,0,0,0,0,0
0,0,-0.021035438403487206,-0.0013878396712243557,0.00007366139470832422,0,-0.02777489833533764,-0.008186767809092999,-0.00007366139470832422,0,-0.015170947648584843,0.03811396658420563
0,0,0,0,0,0,0,0,0,0,0,0
0,0,0,0,0,0,0,0,0,0,0,0
0,0,0,0,0,0,0,0,0,0,0,0
0,0,-0.012914428487420082,0.0005603620666079223,0.000036678320611827075,0,-0.014785421080887318,-0.0034236654173582792,-0.000036678320611827075,0,-0.01079830527305603,0.009065929800271988
0,0,-0.021392108872532845,-0.00025314505910500884,0.00007366139470832422,0,-0.02738378755748272,-0.005012997426092625,-0.0018189906841143966,0,-0.02435167133808136,0.016272300854325294
0,0,0,0,0,0,0,0,0,0,0,0
0,-0.001745329238474369,-0.003909223712980747,0.003889252431690693,0.000044169541070004925,0,-0.013836823403835297,-0.0016967948758974671,-0.000044169541070004925,0.001046550809405744,-0.030219698324799538,0.006298080086708069
0,0,0.00009057293937075883,0.00407034857198596,0.00003674795152619481,0,-0.011384296230971813,0.0004824490752071142,-0.00003674795152619481,0,-0.0266927108168602,0.0047228061594069
0,0,0.00009057293937075883,0.00407034857198596,0.00003674795152619481,0,-0.011384296230971813,0.0004824490752071142,-0.00003674795152619481,0,-0.0266927108168602,0.0047228061594069
0,0,0,0,0,0,0,0,0,0,0,0
0,0,0,0,0,0,0,0,0,0,0,0
0,0,0.0013090315042063594,0.006384404841810465,0.00007366139470832422,0,-0.020045382902026176,0.001824028673581779,-0.00007366139470832422,0.001745329238474369,-0.04536280408501625,0.005963856820017099
0,0,-0.0035412583965808153,0.0025993259623646736,0.00004419722608872689,0,-0.011071101762354374,0.0009648476261645555,-0.0017895264318212867,0.0010472068097442389,-0.021069608628749847,0.002003875095397234
0,0,-0.000925850064959377,0.003435656661167741,0.00004411677218740806,0,-0.010635923594236374,0.0013618913944810629,0.000655911979265511,0,-0.024297093972563744,0.0006880758446641266
0,0,0,0,0,0,0,0,0,0,0,0
0,0,-0.00214388151653111,-0.0017236461862921715,0.00004425728548085317,0,-0.010438062250614166,-0.0003127052041236311,-0.00004425728548085317,0,-0.02168365940451622,-0.0023332787677645683
0,0,0,0,0,0,0,0,0,0,0,0
0,0,-0.0005113090737722814,0.0005744975642301142,0.00004417428499436937,0,-0.008589295670390129,-0.00009671311272541061,-0.00004417428499436937,-0.0006986660300754011,-0.021716898307204247,-0.007154272403568029
0,0,-0.0005113090737722814,0.0005744975642301142,0.00004417428499436937,0,-0.008589295670390129,-0.00009671311272541061,-0.00004417428499436937,-0.0006986660300754011,-0.021716898307204247,-0.007154272403568029
0,0,-0.0033329648431390524,-0.0005666704964824021,0.00004420445111463778,0,-0.009222262538969517,-0.00028479864704422653,-0.00004420445111463778,0,-0.016461942344903946,-0.009684482589364052
0,0,-0.0033329648431390524,-0.0005666704964824021,0.00004420445111463778,0,-0.009222262538969517,-0.00028479864704422653,-0.00004420445111463778,0,-0.016461942344903946,-0.009684482589364052
0,0,-0.0028029289096593857,-0.0010097525082528591,0.00004409563553053886,0,-0.010411711409687996,-0.0008258941816166043,-0.00004409563553053886,0,-0.014807743951678276,-0.011616633273661137
0,0,0,0,0,0,0,0,0,0,0,0
0,0,-0.009876348078250885,0.0003774616925511509,0.00007366139470832422,0,-0.021101636812090874,-0.0009918457362800837,-0.00007366139470832422,0.001745329238474369,-0.028109608218073845,-0.01840021088719368
0,0,-0.009876348078250885,0.0003774616925511509,0.00007366139470832422,0,-0.021101636812090874,-0.0009918457362800837,-0.00007366139470832422,0.001745329238474369,-0.028109608218073845,-0.01840021088719368
0,0,-0.017864644527435303,-0.003619173774495721,0.000057587731134844944,0,-0.0234073419123888,-0.004546056967228651,-0.000057587731134844944,0,-0.02762500010430813,-0.0141114741563797
0,0,-0.017864644527435303,-0.003619173774495721,0.000057587731134844944,0,-0.0234073419123888,-0.004546056967228651,-0.000057587731134844944,0,-0.02762500010430813,-0.0141114741563797
0,0,-0.013064474798738956,-0.00217012083157897,0.000045454340579453856,0,-0.01920880749821663,-0.0033536520786583424,-0.000045454340579453856,0.001745329238474369,-0.020377865061163902,-0.010834979824721813
0,0,-0.011034158989787102,-0.0004639590042643249,0.00004541155067272484,0,-0.018785089254379272,-0.0037753318902105093,-0.00004541155067272484,-0.0006693502655252814,-0.017095252871513367,-0.008859858848154545
0,0,0,0,0,0,0,0,0,0,0,0
0,0,-0.005935067310929298,0.0017314398428425193,0.0000435815891250968,0,-0.016445975750684738,-0.001101244823075831,-0.0000435815891250968,0,-0.01587698981165886,-0.009438750334084034
0,0,0,0,0,0,0,0,0,0,0,0
0,0,0,0,0,0,0,0,0,0,0,0
0,0,0,0,0,0,0,0,0,0,0,0
0,0,0,0,0,0,0,0,0,0,0,0
0,0,-0.014330988749861717,-0.0005468722665682435,0.00007366139470832422,0,-0.025025172159075737,-0.0009720690432004631,-0.00007366139470832422,0,-0.0429740734398365,-0.012993772514164448
0,0,-0.014330988749861717,-0.0005468722665682435,0.00007366139470832422,0,-0.025025172159075737,-0.0009720690432004631,-0.00007366139470832422,0,-0.0429740734398365,-0.012993772514164448
0,0,-0.006437618751078844,-0.0005618574214167893,0.000036832283512922004,0,-0.011452057398855686,-0.00021941748855169863,-0.000036832283512922004,0,-0.023966265842318535,-0.005324870813637972
0,0,-0.0070159705355763435,-0.0006823549047112465,0.00004070262730238028,0,-0.011310921050608158,0.0001989589218283072,-0.00004070262730238028,0,-0.020496975630521774,-0.006345849018543959
0,0,-0.0070159705355763435,-0.0006823549047112465,0.00004070262730238028,0,-0.011310921050608158,0.0001989589218283072,-0.00004070262730238028,0,-0.020496975630521774,-0.006345849018543959
0,0,-0.008758904412388802,-0.0008485345169901848,0.000047665245801908895,0,-0.007808888331055641,0.0021266695111989975,-0.000047665245801908895,0.0011293778661638498,-0.016090694814920425,-0.01043675560504198
0,0,0,0,0,0,0,0,0,0,0,0
0,0,0,0,0,0,0,0,0,0,0,0
0,0,-0.011992950923740864,0.00020770861010532826,0.00007366139470832422,0,-0.010542256757616997,-0.0003584708902053535,-0.00007366139470832422,0,-0.010294669307768345,-0.016213495284318924
0,0,-0.011992950923740864,0.00020770861010532826,0.00007366139470832422,0,-0.010542256757616997,-0.0003584708902053535,-0.00007366139470832422,0,-0.010294669307768345,-0.01446816697716713
0,0,-0.00799234677106142,0.00043578576878644526,0.00007366139470832422,0,-0.0038415619637817144,-0.0020838326308876276,-0.00007366139470832422,0,0.03547351807355881,-0.010172579437494278
0,0,-0.00799234677106142,0.00043578576878644526,0.00007366139470832422,0,-0.0038415619637817144,-0.0020838326308876276,-0.00007366139470832422,0,0.03547351807355881,-0.010172579437494278
0,0,-0.0025506948586553335,-0.0017444059485569596,0.00004425160295795649,0,0.000723242003004998,-0.0007956663612276316,-0.00004425160295795649,0.0010484951781108975,0.02169746905565262,-0.005504744593054056
0,0,-0.0002540394780226052,-0.00009905400656862184,0.00004418498429004103,0,0.004526293370872736,0.0015140533214434981,-0.00004418498429004103,-0.0006984125357121229,0.020197344943881035,-0.003528743516653776
0,0,0,0,0,0,0,0,0,0,0,0
0,0,0,0,0,0,0,0,0,0,0,0
0,0,0,0,0,0,0,0,0,0,0,0
0,0,0,0,0,0,0,0,0,0,0,0
0,0,0,0,0,0,0,0,0,0,0,0
0,0,0,0,0,0,0,0,0,0,0,0
0,0,0,0,0,0,0,0,0,0,0,0
0,0,0,0,0,0,0,0,0,0,0,0
0,0,0,0,0,0,0,0,0,0,0,0
0,0,-0.023586364462971687,-0.00877191312611103,0.000047994672058848664,0,-0.0162462517619133,-0.003300458425655961,-0.0017933238996192813,0,-0.007676461711525917,-0.010329285636544228
0,0,0,0,0,0,0,0,0,0,0,0
0,0,0,0,0,0,0,0,0,0,0,0
0,0,0,0,0,0,0,0,0,0,0,0
0,0,0,0,0,0,0,0,0,0,0,0
0,0.0006747980951331556,-0.0018907800549641252,0.0010656267404556274,0.00004518162677413784,0,-0.00785687193274498,-0.00019508639525156468,-0.00004518162677413784,0,0.018347229808568954,-0.007790609262883663
0,0,0.0019558006897568703,0.0007381042814813554,0.000044857810280518606,0,-0.006203466095030308,-0.0015727198915556073,0.0017004713881760836,0.001745329238474369,0.0134453559294343,-0.010734203271567822
0,0,0.0028745566960424185,-0.0005747542600147426,0.000035658937122207135,0,-0.004432333633303642,-0.0005299032782204449,-0.0009360871626995504,0,0.0010694550583139062,-0.008586115203797817
0,0,0,0,0,0,0,0,0,0,0,0
0,0,0,0,0,0,0,0,0,0,0,0
0,0,0.007120348978787661,0.0038017418701201677,0.00003348591781104915,0,-0.0037225207779556513,-0.0013598399236798286,-0.00003348591781104915,0,-0.004669410642236471,-0.008673660457134247
0,0,0,0,0,0,0,0,0,0,0,0
0,0,0.02542855218052864,0.01895059458911419,0.00007366139470832422,0,0.0028432104736566544,0.0006994817522354424,0.0016716679092496634,0,-0.040622081607580185,-0.023870084434747696
0,0,0,0,0,0,0,0,0,0,0,0
0,0,0.0017384621314704418,0.005743078887462616,0.00004557961074169725,0,0.0011281883344054222,0.0008467429433949292,-0.00004557961074169725,0,-0.029715199023485184,-0.014537417329847813
0,0,0.0017384621314704418,0.005743078887462616,0.00004557961074169725,0,0.0011281883344054222,0.0008467429433949292,-0.00004557961074169725,0,-0.029715199023485184,-0.014537417329847813
0,0,0,0,0,0,0,0,0,0,0,0
0,0,0,0,0,0,0,0,0,0,0,0
0,0,0,0,0,0,0,0,0,0,0,0
0,0,0,0,0,0,0,0,0,0,0,0
0,0,0,0,0,0,0,0,0,0,0,0
0,0,-0.003311713458970189,0.0007433119462803006,0.000025912022465490736,0,0.011894568800926208,0.006038040388375521,-0.000025912022465490736,0,0.005027481354773045,0.004692495334893465
0,0,0,0,0,0,0,0,0,0,0,0
0,0,0,0,0,0,0,0,0,0,0,0
0,0,-0.0034500202164053917,0.00019594460900407284,0.000034174281609011814,0,0.010621276684105396,0.009437618777155876,0.0017111549386754632,-0.0009356056107208133,0.00553498649969697,0.004854051396250725
0,0,0,0,0,0,0,0,0,0,0,0
0,0,0,0,0,0,0,0,0,0,0,0
0,0,0,0,0,0,0,0,0,0,0,0
0,0,0.0034931486006826162,0.0029290684033185244,0.00007366139470832422,0,0.02374005876481533,0.0236192774027586,-0.00007366139470832422,0,0.0005390438018366694,0.01511708926409483
0,0,0,0,0,0,0,0,0,0,0,0
0,0,0.011363891884684563,0.006733484100550413,0.000035136861697537825,0,0.007992519065737724,0.007100590504705906,-0.000035136861697537825,0,-0.0006697910139337182,0.0072913626208901405
0,0,0,0,0,0,0,0,0,0,0,0
0,0,0,0,0,0,0,0,0,0,0,0
0,0,0,0,0,0,0,0,0,0,0,0
0,0,0.003353914013132453,0.0014426569687202573,0.00003694366751005873,0,0.0015155638102442026,0.004380325321108103,-0.00003694366751005873,0,-0.002094022696837783,0.007556469179689884
0,0,0.00033010198967531323,0.004118175245821476,0.00004536737469607033,0,0.0018144851783290505,0.004484249744564295,0.001699961838312447,0,-0.003930713515728712,0.009595382027328014
0,0,0,0,0,0,0,0,0,0,0,0
0,0,0.005047061014920473,0.010243276134133339,0.00007366139470832422,0,0.0028041014447808266,0.01003815047442913,-0.0018189906841143966,0.001745329238474369,-0.016425780951976776,0.019609134644269943
0,0,0,0,0,0,0,0,0,0,0,0
0,0,0.0029051739256829023,0.004452961962670088,0.000044277669076109305,0,0.00028026252402924,0.004479835741221905,-0.0021425033919513226,0,-0.01196245662868023,0.013132741674780846
0,0,0,0,0,0,0,0,0,0,0,0
0,0,-0.0016586550045758486,0.004102550446987152,0.00004477658512769267,0,-0.0008140708669088781,0.004126337822526693,0.003445881884545088,0,-0.011971559375524521,0.009657998569309711
0,0,-0.0011791008291766047,-0.004422413185238838,0.000040677827200852334,0,0.0003149979456793517,0.0037266486324369907,0.00014162964362185448,0,-0.010285535827279091,0.00802389346063137
0,0,0,0,0,0,0,0,0,0,0,0
0,0,-0.003978532738983631,-0.0021636374294757843,0.00004423006612341851,0,0.002718544565141201,0.006798126269131899,-0.002837544307112694,0.00104798492975533,0.0028371592052280903,0.000639665755443275
0,0,0,0,0,0,0,0,0,0,0,0
0,0,0,0,0,0,0,0,0,0,0,0
0,0,0,0,0,0,0,0,0,0,0,0
0,0,-0.007616051472723484,-0.0012483061291277409,0.00004401206751936115,0,-0.002286498202010989,0.006839050445705652,0.0002962980361189693,0,0.01840106025338173,-0.005343027412891388
0,0,0,0,0,0,0,0,0,0,0,0
0,0,-0.008022024296224117,-0.0004568901495076716,0.000039044523873599246,0,-0.005297360010445118,-0.00016694019723217934,-0.0017843737732619047,0,0.01508256420493126,-0.0048964000307023525
0,0,0,0,0,0,0,0,0,0,0,0
0,0,-0.00903795100748539,0.00030783176771365106,0.00004423291829880327,0,-0.009989774785935879,-0.0017728223465383053,-0.0003950087120756507,0.0010480525670573115,0.009071468375623226,-0.008103137835860252
0,0,0,0,0,0,0,0,0,0,0,0
0,0,0,0,0,0,0,0,0,0,0,0
0,0,0,0,0,0,0,0,0,0,0,0
0,0,0,0,0,0,0,0,0,0,0,0
0,0,-0.012198599986732006,0.0007299188291653991,0.00004346042624092661,0,-0.016649343073368073,-0.003304809797555208,-0.0007590405875816941,0.0020594981033354998,-0.015682946890592575,-0.02545720338821411
0,0,0,0,0,0,0,0,0,0,0,0
0,0,0,0,0,0,0,0,0,0,0,0
0,0,0,0,0,0,0,0,0,0,0,0
0,0,-0.012089823372662067,-0.0005573209491558373,0.000044975935452384874,0,-0.023755032569169998,-0.010770894587039948,0.0038316682912409306,0,-0.024937491863965988,-0.02518726885318756
0,0,0,0,0,0,0,0,0,0,0,0
0,0,0,0,0,0,0,0,0,0,0,0
0,0,0,0,0,0,0,0,0,0,0,0
0,0,0,0,0,0,0,0,0,0,0,0
0,0,0,0,0,0,0,0,0,0,0,0
0,0,0,0,0,0,0,0,0,0,0,0
0,0,-0.009573373943567276,-0.0005343537195585668,0.00004392701885080896,0,-0.009736341424286366,-0.005086536984890699,0.002037682104855776,0,-0.024113208055496216,-0.0012242232915014029
0,0,0,0,0,0,0,0,0,0,0,0
0,0,-0.009045889601111412,-0.00027038934058509767,0.0000447023194283247,0,-0.006444951053708792,-0.00023829368001315743,0.0003283174301031977,0,-0.049406733363866806,0.0025715220253914595
0,0,0,0,0,0,0,0,0,0,0,0
0,0,-0.008173911832273006,-0.0002498593821655959,0.00004326900307205506,0,-0.0029796299058943987,0.00005694175706594251,-0.00004326900307205506,0,-0.0332273431122303,0.0059599969536066055
0,0,0,0,0,0,0,0,0,0,0,0
0,0,-0.012642886489629745,-0.0019099945202469826,0.00007366139470832422,0,-0.0005829377332702279,0.0003454893303569406,-0.00007366139470832422,0.001745329238474369,-0.02851666510105133,0.007502641528844833
0,0,-0.008490684442222118,-0.0013651440385729074,0.000040895069105317816,0,-0.0021188638638705015,-0.0003546422522049397,-0.000040895069105317816,0,-0.00931656826287508,0.0034534342121332884
0,0,-0.008490684442222118,-0.0013651440385729074,0.000040895069105317816,0,-0.0021188638638705015,-0.0003546422522049397,-0.000040895069105317816,0,-0.00931656826287508,0.0034534342121332884
0,0,-0.009972791187465191,-0.002264097100123763,0.00004449863263289444,0,-0.00474913464859128,-0.0011786582181230187,-0.00004449863263289444,0,-0.011419914662837982,0.003194808028638363
0,0,0,0,0,0,0,0,0,0,0,0
0,0,-0.013679428026080132,-0.0015812712954357266,0.0000442816672148183,0,-0.018782662227749825,-0.007489840034395456,-0.0000442816672148183,0.001745329238474369,-0.008412512950599194,-0.005335347726941109
0,0,-0.013679428026080132,-0.0015812712954357266,0.0000442816672148183,0,-0.018782662227749825,-0.007489840034395456,-0.0000442816672148183,0.001745329238474369,-0.008412512950599194,-0.005335347726941109
0,0,-0.01216740533709526,0.0011652386747300625,0.00004382782935863361,0,-0.022308940067887306,-0.008705773390829563,-0.00004382782935863361,-0.0007068749400787055,-0.007076818961650133,-0.0072420137003064156
0,0,-0.01216740533709526,0.0011652386747300625,0.00004382782935863361,0,-0.022308940067887306,-0.008705773390829563,-0.00004382782935863361,-0.0007068749400787055,-0.007076818961650133,-0.0072420137003064156
0,0,0,0,0,0,0,0,0,0,0,0
0,0,-0.010081297717988491,0.0008740166667848825,0.0000450838815595489,0,-0.011326456442475319,-0.004003371577709913,-0.0000450838815595489,0,0.01085704192519188,-0.006426181644201279
0,0,-0.008840221911668777,0.0017543677240610123,0.000044856347813038155,0,-0.011022192426025867,-0.0015105182537809014,-0.000044856347813038155,0,0.009033885784447193,-0.00723524484783411
0,0,0,0,0,0,0,0,0,0,0,0
0,0,0,0,0,0,0,0,0,0,0,0
0,0,0,0,0,0,0,0,0,0,0,0
0,0,0,0,0,0,0,0,0,0,0,0
0,0,-0.0059984405525028706,-0.0006906939670443535,0.00007366139470832422,0,-0.01605060137808323,-0.00027549409423954785,-0.00007366139470832422,0,0.01214831043034792,-0.020496772602200508
0,0,0,0,0,0,0,0,0,0,0,0
0,0,0,0,0,0,0,0,0,0,0,0
0,0,0,0,0,0,0,0,0,0,0,0
0,0,-0.0029948060400784016,0.0012874325038865209,0.00005260568650555797,0,-0.006446148734539747,0.0018664335366338491,-0.00005260568650555797,0,0.0019649488385766745,-0.01742713712155819
0,0,0,0,0,0,0,0,0,0,0,0
0,0,0,0,0,0,0,0,0,0,0,0
0,0,0,0,0,0,0,0,0,0,0,0
0,0,-0.009226124733686447,-0.0033610458485782146,0.00004634785727830604,0,-0.00733495457097888,-0.0027411868795752525,-0.00004634785727830604,0,0.003810999682173133,-0.01507710013538599
0,0,-0.009226124733686447,-0.0033610458485782146,0.00004634785727830604,0,-0.00733495457097888,-0.0027411868795752525,-0.00004634785727830604,0,0.003810999682173133,-0.01507710013538599
0,0,0,0,0,0,0,0,0,0,0,0
0,0,0,0,0,0,0,0,0,0,0,0
0,0,0,0,0,0,0,0,0,0,0,0
0,0,0,0,0,0,0,0,0,0,0,0
0,0,0,0,0,0,0,0,0,0,0,0
0,0,0,0,0,0,0,0,0,0,0,0
0,0,0,0,0,0,0,0,0,0,0,0
0,0,0,0,0,0,0,0,0,0,0,0
0,0,0,0,0,0,0,0,0,0,0,0
0,0,0,0,0,0,0,0,0,0,0,0
0,0,-0.05639246851205826,-0.009688248857855797,0.00004469975829124451,0,-0.061087336391210556,-0.03280780464410782,-0.00004469975829124451,0,-0.07075052708387375,-0.022372929379343987
0,0,-0.028101423755288124,-0.0046790847554802895,0.000043738771637436,0,-0.039718933403491974,-0.02025807462632656,-0.000043738771637436,0.0010363442124798894,-0.05648895725607872,-0.017931368201971054
0,0,-0.006532271392643452,0.001705896109342575,0.00004414079012349248,0,-0.025771362707018852,-0.014699375256896019,-0.00004414079012349248,0,-0.04982216656208038,-0.016047291457653046
0,0,-0.006532271392643452,0.001705896109342575,0.00004414079012349248,0,-0.025771362707018852,-0.014699375256896019,-0.00004414079012349248,0,-0.04982216656208038,-0.016047291457653046
0,0,0,0,0,0,0,0,0,0,0,0
0,0,0,0,0,0,0,0,0,0,0,0
0,0,-0.0021327759604901075,-0.002010245807468891,0.000046080756874289364,0,0.0002698140451684594,0.0031924427021294832,-0.0017914100317284465,0,-0.027360321953892708,-0.022505972534418106
0,0,0,0,0,0,0,0,0,0,0,0
0,0,0.00381816946901381,0.002119230106472969,0.00007366139470832422,0,0.014839143492281437,0.017460975795984268,-0.00007366139470832422,0,-0.034517720341682434,-0.03816995024681091
0,0,0.00381816946901381,0.002119230106472969,0.00007366139470832422,0,0.014839143492281437,0.017460975795984268,-0.00007366139470832422,0,-0.034517720341682434,-0.03816995024681091
0,0,0,0,0,0,0,0,0,0,0,0
0,0,0.024361832067370415,0.008982918225228786,0.00004535763946478255,0,0.005426080897450447,0.005562236998230219,-0.00004535763946478255,0.0010747016640380025,-0.02139621041715145,-0.026235396042466164
0,0,0.019700147211551666,0.009854959324002266,0.00004501617149799131,0,-0.0011810261057689786,-0.00042032089550048113,-0.00004501617149799131,-0.0006787183810956776,-0.02167271450161934,-0.02041577361524105
0,0,0,0,0,0,0,0,0,0,0,0
0,0,0,0,0,0,0,0,0,0,0,0
0,0,0,0,0,0,0,0,0,0,0,0
0,0,-0.0013806469505652785,0.00033803729456849396,0.00004488975537242368,0,-0.009845614433288574,-0.004525494761765003,-0.00004488975537242368,0,-0.021520476788282394,-0.019578471779823303
0,0,-0.0013806469505652785,0.00033803729456849396,0.00004488975537242368,0,-0.009845614433288574,-0.004525494761765003,-0.00004488975537242368,0,-0.021520476788282394,-0.019578471779823303
0,0,0.0010961524676531553,0.0005681201000697911,0.000039699611079413444,0,-0.008495635353028774,-0.0037941602058708668,-0.000039699611079413444,0,-0.020643996074795723,-0.018342643976211548
0,0,0.008941514417529106,0.0017400395590811968,0.000044125546992290765,0,-0.007522913161665201,-0.0018389264587312937,-0.000044125546992290765,0,-0.024805765599012375,-0.0197075717151165
0,0,0,0,0,0,0,0,0,0,0,0
0,0,0,0,0,0,0,0,0,0,0,0
0,0,0,0,0,0,0,0,0,0,0,0
0,0,0.06307634711265564,0.04155541583895683,0.00004602402259479277,0,0.020556161180138588,0.02108260802924633,-0.00004602402259479277,0.001090490841306746,-0.039002615958452225,-0.022898942232131958
0,0,0,0,0,0,0,0,0,0,0,0
0,0,0,0,0,0,0,0,0,0,0,0
0,0,0.09927872568368912,0.08371974527835846,0.000044129261368652806,0,0.10992179811000824,0.10324230790138245,-0.000044129261368652806,0,-0.055046118795871735,-0.01916549913585186
0,0,0,0,0,0,0,0,0,0,0,0
0,0,0.04852056875824928,0.045199017971754074,0.000044171116314828396,0,0.06968611478805542,0.06797876954078674,-0.0017895003547891974,0,-0.0262224692851305,-0.014194082468748093
0,0,0.0200098417699337,0.01923225261271,0.00003848776759696193,0,0.024899810552597046,0.03299776464700699,0.0007949142600409687,0,-0.013162310235202312,-0.010802038945257664
0,0,0,0,0,0,0,0,0,0,0,0
0,0,0,0,0,0,0,0,0,0,0,0
0,0,-0.012970845215022564,0.003556361887603998,0.00004422256461111829,0,-0.013113864697515965,0.004246615804731846,-0.0007417446468025446,-0.0006975220749154687,-0.013589099980890751,-0.010906888172030449
0,0,-0.008582998998463154,0.0004213504143990576,0.000035337754525244236,0,-0.009235740639269352,0.003313824301585555,0.0017099914839491248,0,-0.011136004701256752,-0.0081975432112813
0,0,0,0,0,0,0,0,0,0,0,0
0,-0.001745329238474369,-0.007563496008515358,0.0034526786766946316,0.00004519267167779617,0,-0.007309465203434229,0.005462366156280041,-0.0017905218992382288,0,-0.015610059723258018,-0.009509158320724964
0,0,0,0,0,0,0,0,0,0,0,0
0,0,0.00026765288203023374,0.011511076241731644,0.00004520167931332253,0,-0.0006652968004345894,0.007441430352628231,-0.0007195246871560812,0,-0.02165525034070015,-0.005942180752754211
0,0,-0.00021027000911999494,0.018112195655703545,0.00007366139470832422,0,-0.0010841784533113241,0.013225563801825047,-0.0018189906841143966,0,-0.03528974577784538,-0.009683474898338318
0,0,0,0,0,0,0,0,0,0,0,0
0,0,0,0,0,0,0,0,0,0,0,0
0,0,0.0009073795517906547,0.009164480492472649,0.0000449285471404437,0,-0.0021938765421509743,0.005505125969648361,0.0006358660175465047,0.001745329238474369,-0.023708129301667213,0.0049793897196650505
0,0,-0.001855191309005022,0.003358276095241308,0.00004488567719818093,0,-0.006459300871938467,-0.0005349922575987875,-0.00004488567719818093,0,-0.017368514090776443,0.00801156833767891
0,-0.001745329238474369,-0.0030445342417806387,0.006630141753703356,0.00007366139470832422,0,-0.010600288398563862,0.001359853078611195,-0.00007366139470832422,0,-0.030741102993488312,0.014266609214246273
0,-0.001745329238474369,-0.0030445342417806387,0.006630141753703356,0.00007366139470832422,0,-0.010600288398563862,0.001359853078611195,-0.00007366139470832422,0,-0.030741102993488312,0.014266609214246273
0,0,-0.003016783855855465,0.0014258881565183401,0.000044199237891007215,0,-0.010510193184018135,-0.003730305703356862,-0.000044199237891007215,0,-0.013731461018323898,0.012827306054532528
0,0,0,0,0,0,0,0,0,0,0,0
0,0,-0.005808534566313028,0.0006366107845678926,0.00007366139470832422,0,-0.020287130028009415,-0.003986220806837082,0.0016716679092496634,0,-0.011441029608249664,0.0249938927590847
0,0,0,0,0,0,0,0,0,0,0,0
0,0,0.005999373272061348,0.005411261226981878,0.00004321123196859844,0,0.005611372645944357,0.008408991619944572,-0.00004321123196859844,0,-0.00238676811568439,0.0181473009288311
0,0,0.042370524257421494,0.027613302692770958,0.00004426714440342039,-0.001745329238474369,0.051555272191762924,0.03958268463611603,-0.0017895963974297047,0.001048863516189158,0.004171591252088547,0.0257277712225914
0,0,0.06468299776315689,0.04071308672428131,0.00007366139470832422,0,0.08402978628873825,0.060043975710868835,-0.0018189906841143966,0.001745329238474369,0.003450950840488076,0.039893388748168945
0,0,0,0,0,0,0,0,0,0,0,0
0,0,0,0,0,0,0,0,0,0,0,0
0,0,0,0,0,0,0,0,0,0,0,0
0,0,0.0021969785448163748,0.006192164029926062,0.00004424768121680245,0,-0.00575999915599823,0.007703518029302359,0.0010041545610874891,0.001745329238474369,-0.0030507908668369055,0.009010536596179008
0,0,-0.01393657922744751,-0.00032319751335307956,0.00004376137803774327,0,-0.012407935224473476,-0.0032496536150574684,-0.00004376137803774327,0,-0.0029881459195166826,0.005740533582866192
0,0,-0.01393657922744751,-0.00032319751335307956,0.00004376137803774327,0,-0.012407935224473476,-0.0032496536150574684,-0.00004376137803774327,0,-0.0029881459195166826,0.005740533582866192
0,0,0,0,0,0,0,0,0,0,0,0
0,0,-0.027978381142020226,-0.0066891564056277275,0.00007366139470832422,0,-0.0251908078789711,-0.012276560999453068,-0.00007366139470832422,0,-0.005889452062547207,0.012526379898190498
0,0,0,0,0,0,0,0,0,0,0,0
0,0,-0.02085310034453869,-0.0092360470443964,0.00007366139470832422,0,-0.0245993472635746,-0.0215157400816679,0.0016716679092496634,0,0.002741121919825673,0.01865696907043457
0,0,0,0,0,0,0,0,0,0,0,0
0,0,0,0,0,0,0,0,0,0,0,0
0,0,0,0,0,0,0,0,0,0,0,0
0,0,-0.015443401411175728,-0.005878949537873268,0.00004422716665430926,0,-0.011456248350441456,-0.008622926659882069,-0.001789556466974318,-0.0006974130519665778,-0.0034127584658563137,0.014431009069085121
0,0,0,0,0,0,0,0,0,0,0,0
0,0,0,0,0,0,0,0,0,0,0,0
0,0,-0.010382067412137985,-0.0026709369849413633,0.00004412491762195714,0,0.0012975700665265322,-0.0003300799580756575,0.000655710871797055,0,-0.012879563495516777,0.010954111814498901
0,0,-0.009141954593360424,-0.00026525670546106994,0.00004319236541050486,0,0.0027127217035740614,0.0025486303493380547,0.0009802053682506084,0,-0.014727028086781502,0.009333265945315361
0,0,-0.009141954593360424,-0.00026525670546106994,0.00004319236541050486,0,0.0027127217035740614,0.0025486303493380547,0.0009802053682506084,0,-0.014727028086781502,0.009333265945315361
0,0,-0.0075540682300925255,0.0009241501684300601,0.00004820180402020924,0,0.0067965066991746426,0.003138047643005848,0.0010938892373815179,0,-0.01665244996547699,0.011057191528379917
0,0,-0.0032341203186661005,0.001828430569730699,0.00004295962571632117,0,0.007419526111334562,0.004015549086034298,-0.00004295962571632117,0,-0.01528006512671709,0.007866181433200836
0,0,0.00043869693763554096,0.004168894607573748,0.00004341053863754496,0,0.00994404498487711,0.0027697060722857714,-0.002817306900396943,0.001028567086905241,-0.014735686592757702,0.00837727915495634
0,0,0,0,0,0,0,0,0,0,0,0
0,0,0,0,0,0,0,0,0,0,0,0
0,0,0,0,0,0,0,0,0,0,0,0
0,0,0,0,0,0,0,0,0,0,0,0
0,0,0,0,0,0,0,0,0,0,0,0
0,0,0.0003442385059315711,0.006764907389879227,0.00003979513348895125,0,-0.0029388703405857086,0.0011843711836263537,-0.0008422205573879182,0,-0.0007386179640889168,-0.00026080969837494195
0,0,0,0,0,0,0,0,0,0,0,0
0,0,0,0,0,0,0,0,0,0,0,0
0,0,0,0,0,0,0,0,0,0,0,0
0,0,0.01428969856351614,0.009289996698498726,0.00007366139470832422,0,-0.004441442433744669,0.0001632253115531057,0.0016716679092496634,0,-0.006571517325937748,-0.008835890330374241
0,0,0.02147703617811203,0.009609523229300976,0.0000438670685980469,0,-0.0012797368690371513,0.0005097916000522673,0.0037802301812916994,0,-0.006019092630594969,-0.01019289717078209
0,0,0.02147703617811203,0.009609523229300976,0.0000438670685980469,0,-0.0012797368690371513,0.0005097916000522673,0.0037802301812916994,0,-0.006019092630594969,-0.01019289717078209
0,0,0.011316250078380108,0.011383180506527424,0.00004371545946924016,0,0.00035327134537510574,0.0009413876687176526,0.00028253893833607435,0,-0.006696152035146952,-0.011180770583450794
0,0,0.003951198887079954,0.007745842449367046,0.0000432004890171811,0,-0.00029506994178518653,-0.000846422160975635,-0.0000432004890171811,0,-0.007051082327961922,-0.01237444020807743
0,0,-0.0009923764737322927,0.003917948342859745,0.000043029045627918094,0,-0.0012353038182482123,-0.00026600135606713593,-0.002807886339724064,0,-0.007347811013460159,-0.011728143319487572
0,0,-0.0048586297780275345,0.0006864250754006207,0.000043970736442133784,0,-0.0036395692732185125,-0.0024955407716333866,0.000659518176689744,0,-0.007955660112202168,-0.01232253760099411
0,0,-0.0048586297780275345,0.0006864250754006207,0.000043970736442133784,0,-0.0036395692732185125,-0.0024955407716333866,0.000659518176689744,0,-0.007955660112202168,-0.01232253760099411
0,0,0,0,0,0,0,0,0,0,0,0
0,0,-0.015383240766823292,-0.0015984978526830673,0.00007366139470832422,0,-0.01353925745934248,-0.0025837302673608065,0.0034169971477240324,0,-0.015154347755014896,-0.020080439746379852
0,0,0,0,0,0,0,0,0,0,0,0
0,0,-0.015228429809212685,-0.00499250553548336,0.00007366139470832422,0,-0.016764240339398384,-0.0008686502696946263,-0.00007366139470832422,0.001745329238474369,-0.01693345606327057,-0.01863180845975876
0,0,0,0,0,0,0,0,0,0,0,0
0,0,0,0,0,0,0,0,0,0,0,0
0,0,0,0,0,0,0,0,0,0,0,0
0,0.001745329238474369,-0.009463416412472725,-0.003462909022346139,0.00004315969272283837,0,-0.016820652410387993,-0.001675345003604889,0.0020020874217152596,-0.0027679528575390577,-0.010255452245473862,-0.010445946827530861
0,0,-0.011705834418535233,-0.007091416046023369,0.00004546166746877134,0,-0.0264021884649992,-0.004180449061095715,-0.00004546166746877134,0.001745329238474369,-0.012911873869597912,-0.01123731303960085
0,0,-0.018304217606782913,-0.00974486954510212,0.00007366139470832422,0,-0.039708636701107025,-0.007856190204620361,-0.0018189906841143966,0.001745329238474369,-0.020921066403388977,-0.01820778101682663
0,0,0,0,0,0,0,0,0,0,0,0
0,0,-0.013339472003281116,-0.006132036913186312,0.000045435266656568274,0,-0.020262816920876503,-0.0042410041205585,-0.000045435266656568274,0,-0.015421411022543907,-0.011623583734035492
0,0,0,0,0,0,0,0,0,0,0,0
0,0,0,0,0,0,0,0,0,0,0,0
0,0,-0.02429300919175148,-0.012018867768347263,0.00004518393689068034,0,-0.022883595898747444,-0.006153018679469824,0.00035065863630734384,0.000674743321724236,-0.01601521670818329,-0.013054579496383667
0,0,0,0,0,0,0,0,0,0,0,0
0,0,0,0,0,0,0,0,0,0,0,0
0,0,0,0,0,0,0,0,0,0,0,0
0,0,0,0,0,0,0,0,0,0,0,0
0,0,-0.004200991243124008,-0.0014647672651335597,0.000043095478758914396,0,-0.008213088847696781,-0.004539973568171263,0.0009780066320672631,0,-0.017471518367528915,-0.011028488166630268
0,0,0.00017011993622872978,-0.0006214578170329332,0.00004420988989295438,0,-0.00775887118652463,-0.003353961743414402,-0.000742032309062779,0,-0.015551703050732613,-0.012427549809217453
0,0,0.00017011993622872978,-0.0006214578170329332,0.00004420988989295438,0,-0.00775887118652463,-0.003353961743414402,-0.000742032309062779,0,-0.015551703050732613,-0.012427549809217453
0,0,0.0026803782675415277,0.0015200176276266575,0.00003568969259504229,0,-0.005402021110057831,0.0013856518780812621,-0.0017810189165174961,-0.0008996995165944099,-0.012385591864585876,-0.012175810523331165
0,0,0.0026803782675415277,0.0015200176276266575,0.00003568969259504229,0,-0.005402021110057831,0.0013856518780812621,-0.0017810189165174961,-0.0008996995165944099,-0.012385591864585876,-0.012175810523331165
0,0,0.00774286687374115,0.005200365092605352,0.00005166601840755902,0,-0.005710731726139784,0.0027263257652521133,-0.00005166601840755902,0,-0.01716643013060093,-0.018439436331391335
0,0,0.015937617048621178,0.01067122258245945,0.000044793876440962777,0,0.002552047837525606,0.008709650486707687,-0.000044793876440962777,0,-0.012738130055367947,-0.01599114015698433
0,0,0.012725777924060822,0.01074244361370802,0.000030018416509847157,0,0.007648942060768604,0.010059383697807789,-0.0010640928521752357,0,-0.005706978030502796,-0.01006726548075676
0,0,0.012725777924060822,0.01074244361370802,0.000030018416509847157,0,0.007648942060768604,0.010059383697807789,-0.0010640928521752357,0,-0.005706978030502796,-0.01006726548075676
0,0,0.019698139280080795,0.020408321171998978,0.00007366139470832422,0,0.03909954056143761,0.039978258311748505,-0.00007366139470832422,0,-0.00006797907553846017,-0.024032942950725555
0,0,0.007165434304624796,0.010136285796761513,0.00003510564783937298,0,0.02031749114394188,0.021521739661693573,-0.00003510564783937298,0,0.00840633176267147,-0.009564368054270744
0,0,0,0,0,0,0,0,0,0,0,0
0,0,0,0,0,0,0,0,0,0,0,0
0,0,0,0,0,0,0,0,0,0,0,0
0,0,0,0,0,0,0,0,0,0,0,0
0,0,0.016964761540293694,0.01610778272151947,0.00004326654743636027,0,-0.0001325952762272209,0.006035130936652422,-0.00004326654743636027,0,0.0004521544906310737,0.005526896566152573
0,0,0,0,0,0,0,0,0,0,0,0
0,0,0,0,0,0,0,0,0,0,0,0
0,0,0,0,0,0,0,0,0,0,0,0
0,0,0.006573881488293409,0.012286204844713211,0.00005129290002514608,0,-0.004689797759056091,0.0023166812025010586,0.001694036298431456,0,-0.002514502964913845,0.014720672741532326
0,0,0.006573881488293409,0.012286204844713211,0.00005129290002514608,0,-0.004689797759056091,0.0023166812025010586,0.001694036298431456,0,-0.002514502964913845,0.014720672741532326
0,0,-0.0037291047628968954,0.0042428080923855305,0.00003971874320995994,0,-0.003193366341292858,0.002926395507529378,-0.00003971874320995994,0,-0.0007494727615267038,0.006908651906996965
0,0,-0.0037291047628968954,0.0042428080923855305,0.00003971874320995994,0,-0.003193366341292858,0.002926395507529378,-0.00003971874320995994,0,-0.0007494727615267038,0.006908651906996965
0,0,-0.005342231132090092,0.002030895557254553,0.00004552331301965751,0,-0.0020487732253968716,0.006375537253916264,-0.00004552331301965751,0,0.002433451823890209,0.006275476887822151
0,0,0,0,0,0,0,0,0,0,0,0
0,0,0,0,0,0,0,0,0,0,0,0
0,0,0,0,0,0,0,0,0,0,0,0
0,0,0,0,0,0,0,0,0,0,0,0
0,0,0,0,0,0,0,0,0,0,0,0
0,0,0,0,0,0,0,0,0,0,0,0
0,0,-0.008820981718599796,-0.001237576943822205,0.000043212352466071025,0,0.0008660919847898185,0.008515488356351852,-0.000043212352466071025,0,-0.003529084613546729,0.0033391292672604322
0,0,-0.007808503694832325,-0.001679697772487998,0.00003474039476714097,0,-0.0012169727124273777,0.006452945526689291,-0.00003474039476714097,0,-0.0011155613465234637,0.0016147466376423836
0,0,-0.008590667508542538,-0.0019044849323108792,0.00004440256452653557,0,-0.0023064042907208204,0.0074246833100914955,-0.00004440256452653557,0,-0.001211739843711257,-0.0005319626652635634
0,0,-0.006578964181244373,-0.0008648790535517037,0.00004378586891107261,0,-0.0008656980353407562,0.006314184051007032,0.001701543340459466,0,-0.002181034069508314,-0.00029835011810064316
0,0,-0.006578964181244373,-0.0008648790535517037,0.00004378586891107261,0,-0.0008656980353407562,0.006314184051007032,0.001701543340459466,0,-0.002181034069508314,-0.00029835011810064316
0,0,-0.00446727080270648,0.00006245789700187743,0.000039537844713777304,0,0.012378940358757973,0.01205090805888176,-0.000039537844713777304,0,-0.0019045047229155898,0.0013297811383381486
0,0,-0.00446727080270648,0.00006245789700187743,0.000039537844713777304,0,0.012378940358757973,0.01205090805888176,-0.000039537844713777304,0,-0.0019045047229155898,0.0013297811383381486
0,0,-0.003445338923484087,0.0002958163386210799,0.000043191048462176695,0,0.011415078304708004,0.01652047596871853,-0.000043191048462176695,0,-0.004549461416900158,-0.00016076542669907212
0,0,-0.003445338923484087,0.0002958163386210799,0.000043191048462176695,0,0.011415078304708004,0.01652047596871853,-0.000043191048462176695,0,-0.004549461416900158,-0.00016076542669907212
0,0,-0.004692327696830034,0.00019885356596205384,0.00004130773595534265,0,0.007704913150519133,0.011351087130606174,-0.00004130773595534265,0,-0.006028502713888884,-0.0008332857978530228
0,0,-0.0035437459591776133,0.0005260566249489784,0.000044524847908178344,0,0.007115976884961128,0.011303363367915154,-0.0007348846411332488,0,-0.008626576513051987,-0.0032372786663472652
0,0,-0.0002286006201757118,0.0009371736668981612,0.000038741680327802896,0,0.005689132027328014,0.007368610706180334,-0.000038741680327802896,0.0009179433691315353,-0.007438781205564737,-0.00423002801835537
0,0,0,0,0,0,0,0,0,0,0,0
0,0,0.006193841807544231,0.00802486203610897,0.00004277309199096635,0,0.015531105920672417,0.01504305750131607,-0.00004277309199096635,0,-0.005311555229127407,-0.008357455022633076
0,0,0.006193841807544231,0.00802486203610897,0.00004277309199096635,0,0.015531105920672417,0.01504305750131607,-0.00004277309199096635,0,-0.005311555229127407,-0.008357455022633076
0,0,0,0,0,0,0,0,0,0,0,0
0,0,0,0,0,0,0,0,0,0,0,0
0,0,0.004792485386133194,0.009325987659394741,0.00004374609488877468,0,0.001464448869228363,0.005486737005412579,-0.00004374609488877468,0,-0.00044808772508986294,-0.007810511626303196
0,0,0,0,0,0,0,0,0,0,0,0
0,0,-0.0038098401855677366,0.0007748764473944902,0.00004352846372057684,0,-0.00003504941560095176,0.0025709837209433317,-0.00004352846372057684,0,-0.002768200822174549,-0.01291832234710455
0,0,0,0,0,0,0,0,0,0,0,0
0,0,0,0,0,0,0,0,0,0,0,0
0,0,-0.007268314715474844,-0.00035754393320530653,0.0000445983350800816,0,-0.0011969233164563775,0.0027781121898442507,0.0017007308779284358,0,-0.004303582012653351,-0.014854667708277702
0,0,-0.005952818319201469,0.00018665663083083928,0.00004375403659651056,0,-0.0018752730684354901,0.00004452031498658471,-0.00004375403659651056,0,-0.004498283378779888,-0.012774485163390636
0,0,0,0,0,0,0,0,0,0,0,0
0,0,0,0,0,0,0,0,0,0,0,0
0,0,0,0,0,0,0,0,0,0,0,0
0,0,0,0,0,0,0,0,0,0,0,0
0,0,0,0,0,0,0,0,0,0,0,0
0,0,0,0,0,0,0,0,0,0,0,0
0,0,-0.0009724831907078624,-0.00043427987839095294,0.00003504699998302385,0,0.0006683164392597973,-0.0019305722089484334,-0.00003504699998302385,0,-0.009251134470105171,-0.009547414258122444
0,0,-0.0009724831907078624,-0.00043427987839095294,0.00003504699998302385,0,0.0006683164392597973,-0.0019305722089484334,-0.00003504699998302385,0,-0.009251134470105171,-0.009547414258122444
0,0,0,0,0,0,0,0,0,0,0,0
0,0,0,0,0,0,0,0,0,0,0,0
0,0,0.0007414032006636262,0.0006491454550996423,0.00004411009285831824,0,0.008310171775519848,0.003736028913408518,0.001001032185740769,0,-0.01056095864623785,-0.014010217972099781
0,0,0.00011354529851814732,0.0009639261406846344,0.00003721950633917004,0,0.008360662497580051,0.0027011462952941656,-0.00003721950633917004,0,-0.008686131797730923,-0.011942613869905472
0,0,0.00011354529851814732,0.0009639261406846344,0.00003721950633917004,0,0.008360662497580051,0.0027011462952941656,-0.00003721950633917004,0,-0.008686131797730923,-0.011942613869905472
0,0,0,0,0,0,0,0,0,0,0,0
0,0,0,0,0,0,0,0,0,0,0,0
0,-0.001071619102731347,-0.0011939035030081868,-0.00023377456818707287,0.000028433849365683272,0,0.00338733964599669,0.007530439179390669,-0.000028433849365683272,0,-0.008261908777058125,-0.00932244211435318
0,-0.001071619102731347,-0.0011939035030081868,-0.00023377456818707287,0.000028433849365683272,0,0.00338733964599669,0.007530439179390669,-0.000028433849365683272,0,-0.008261908777058125,-0.00932244211435318
0,0,0,0,0,0,0,0,0,0,0,0
0,0,0,0,0,0,0,0,0,0,0,0
0,0,0,0,0,0,0,0,0,0,0,0
0,0,-0.006538796238601208,-0.003594812238588929,0.0000379305420210585,0,-0.005589399486780167,0.001567892380990088,-0.0000379305420210585,0,-0.008020387031137943,-0.013721492141485214
0,0,-0.009439263492822647,-0.0037249312736094,0.000044688415073323995,0,-0.006544017232954502,0.0016284998273476958,0.0017006408888846636,0,-0.00937759131193161,-0.017621925100684166
0,0,0,0,0,0,0,0,0,0,0,0
0,0,-0.009632709436118603,-0.0018610357074066997,0.00003223140083719045,0,-0.002412454690784216,0.0038488928694278,-0.00003223140083719045,0,-0.008466320112347603,-0.014898799359798431
0,0,0,0,0,0,0,0,0,0,0,0
0,0,-0.0074877808801829815,-0.0020196279510855675,0.000044958771468373016,0,-0.005632895510643721,0.004755917936563492,-0.000044958771468373016,0,-0.012031935155391693,-0.020948341116309166
0,0,-0.011637061834335327,-0.001563671394251287,0.00007366139470832422,0,-0.009229053743183613,0.006677940487861633,-0.00007366139470832422,0,-0.019713373854756355,-0.03432219848036766
0,0,-0.00649410393089056,-0.00021610726253129542,0.000044729131332132965,0,-0.007058372255414724,0.0009380662231706083,-0.000044729131332132965,0,-0.011827223934233189,-0.019848626106977463
0,0,0,0,0,0,0,0,0,0,0,0
0,0,0,0,0,0,0,0,0,0,0,0
0,0.001745329238474369,-0.010144701227545738,-0.002267582342028618,0.0000411878754675854,0,-0.012769903056323528,-0.0008747040410526097,-0.0000411878754675854,0,-0.011487588286399841,-0.019669782370328903
0,0.001745329238474369,-0.010144701227545738,-0.002267582342028618,0.0000411878754675854,0,-0.012769903056323528,-0.0008747040410526097,-0.0000411878754675854,0,-0.011487588286399841,-0.019669782370328903
0,0,-0.026798265054821968,-0.011616772972047329,0.00004591885954141617,0,-0.00980568490922451,0.0004268507764209062,-0.00004591885954141617,0,-0.013005860149860382,-0.026814701035618782
0,0,0,0,0,0,0,0,0,0,0,0
0,0,0,0,0,0,0,0,0,0,0,0
0,0,-0.023554623126983643,-0.008600196801126003,0.00007366139470832422,0,-0.009958570823073387,0.005512150935828686,-0.00007366139470832422,0,-0.019879313185811043,-0.04098714515566826
0,0,-0.009607343003153801,-0.004122501704841852,0.00004290922879590653,0,-0.00474034296348691,0.0029748438391834497,-0.00004290922879590653,0,-0.011109350249171257,-0.019840938970446587
0,0,0,0,0,0,0,0,0,0,0,0
0,0,0,0,0,0,0,0,0,0,0,0
0,0,-0.0059422156773507595,0.002414426766335964,0.00005014948328607716,0,-0.006943129003047943,0.001249240362085402,-0.00005014948328607716,0,-0.003605712903663516,-0.019815072417259216
0,0,0,0,0,0,0,0,0,0,0,0
0,0,0.004400494508445263,0.007112620398402214,0.00007366139470832422,0,-0.0045526050962507725,0.003040984272956848,-0.00007366139470832422,0,0.005936246830970049,-0.022893358021974564
0,0,0,0,0,0,0,0,0,0,0,0
0,0,0,0,0,0,0,0,0,0,0,0
0,0,0.011080151423811913,0.008333892561495304,0.00004294814425520599,0,0.010595878586173058,0.010996605269610882,-0.00004294814425520599,0,0.01139050628989935,-0.008744926191866398
0,0,0,0,0,0,0,0,0,0,0,0
0,0,0,0,0,0,0,0,0,0,0,0
0,0,0,0,0,0,0,0,0,0,0,0
0,0,0,0,0,0,0,0,0,0,0,0
0,0,0,0,0,0,0,0,0,0,0,0
0,0,0,0,0,0,0,0,0,0,0,0
0,0,0,0,0,0,0,0,0,0,0,0
0,0,-0.0029442247468978167,0.004283950198441744,0.00004367954534245655,0,-0.0011826024856418371,0.0051666502840816975,-0.0007540679071098566,0,-0.00380211160518229,0.0055728512816131115
0,0,0,0,0,0,0,0,0,0,0,0
0,0,0,0,0,0,0,0,0,0,0,0
0,0,0,0,0,0,0,0,0,0,0,0
0,0,-0.014266391284763813,0.0024047004990279675,0.00007366139470832422,0,-0.0027923984453082085,0.005662818904966116,-0.00007366139470832422,0,-0.010034422390162945,0.011436025612056255
0,0,-0.007282376755028963,0.0014824658865109086,0.00004192578126094304,0,0.002731501590460539,0.006552495993673801,-0.00004192578126094304,0,-0.009905241429805756,0.005687059834599495
0,0,0,0,0,0,0,0,0,0,0,0
0,0,0,0,0,0,0,0,0,0,0,0
0,0,0.0012296056374907494,0.0038849853444844484,0.00004623448694474064,0,-0.00018751801690086722,0.01133748423308134,0.0010492431465536356,0,-0.016996609047055244,0.005911543499678373
0,0,0.0012296056374907494,0.0038849853444844484,0.00004623448694474064,0,-0.00018751801690086722,0.01133748423308134,0.0010492431465536356,0,-0.016996609047055244,0.005911543499678373
0,0,0,0,0,0,0,0,0,0,0,0
0,0,0,0,0,0,0,0,0,0,0,0
0,0,-0.0008629757212474942,0.004986040759831667,0.00007366139470832422,0,0.0017338870093226433,0.012754667550325394,-0.00007366139470832422,0,-0.03465644270181656,0.00872055720537901
0,0,-0.0008629757212474942,0.004986040759831667,0.00007366139470832422,0,0.0017338870093226433,0.012754667550325394,-0.00007366139470832422,0,-0.03465644270181656,0.00872055720537901
0,0,0.008333143778145313,0.0066648321226239204,0.000037917478039162233,0,-0.0036968153435736895,0.003715917933732271,-0.000037917478039162233,0,-0.03411358967423439,0.0031270396430045366
0,0,0.017157094553112984,0.011862696148455143,0.000043315500079188496,0,-0.009835845790803432,-0.003424461232498288,-0.000043315500079188496,0,-0.044229328632354736,0.0012627566466107965
0,0,0,0,0,0,0,0,0,0,0,0
0,0,0,0,0,0,0,0,0,0,0,0
0,0.0008580835419707,0.03519095480442047,0.02176452800631523,0.00003621530413511209,0,-0.007216792553663254,-0.008398115634918213,-0.00003621530413511209,0,-0.030280055478215218,-0.005075994413346052
0,0,0.05522063001990318,0.03197344020009041,0.000043435000407043844,0,-0.004343547858297825,-0.005629632622003555,-0.000043435000407043844,0,-0.02354946732521057,-0.006594113539904356
0,0,0.05411263555288315,0.026494957506656647,0.000044060423533665016,0,-0.004599305801093578,-0.0069463495165109634,-0.0007454242440871894,0,-0.024106599390506744,-0.006322894711047411
0,0,0,0,0,0,0,0,0,0,0,0
0,0,0,0,0,0,0,0,0,0,0,0
0,0,-0.003995030652731657,0.003802801249548793,0.000042848838347708806,0,-0.011331669054925442,-0.015043319202959538,-0.000042848838347708806,0,-0.016901977360248566,-0.004903693683445454
0,0,-0.008479165844619274,-0.000007485958576580742,0.00004282098961994052,0,-0.012881495989859104,-0.01584537886083126,-0.00004282098961994052,-0.0007307309424504638,-0.017589146271348,-0.0025897840969264507
0,0,-0.008479165844619274,-0.000007485958576580742,0.00004282098961994052,0,-0.012881495989859104,-0.01584537886083126,-0.00004282098961994052,-0.0007307309424504638,-0.017589146271348,-0.0025897840969264507
0,0,-0.02618209458887577,-0.010513991117477417,0.00003943625415558927,0,-0.024290012195706367,-0.01867772452533245,-0.00003943625415558927,0,-0.01860795170068741,-0.0031895453575998545
0,0,-0.02618209458887577,-0.010513991117477417,0.00003943625415558927,0,-0.024290012195706367,-0.01867772452533245,-0.00003943625415558927,0,-0.01860795170068741,-0.0031895453575998545
0,0,-0.046482957899570465,-0.025857560336589813,0.000040145172533812,0,-0.035006918013095856,-0.022479722276329994,-0.000040145172533812,0,-0.018989164382219315,-0.0005558692500926554
0,0,-0.046482957899570465,-0.025857560336589813,0.000040145172533812,0,-0.035006918013095856,-0.022479722276329994,-0.000040145172533812,0,-0.018989164382219315,-0.0005558692500926554
0,0,0,0,0,0,0,0,0,0,0,0
0,0,-0.10583635419607162,-0.06147395446896553,0.00007366139470832422,0,-0.08286934345960617,-0.04833951219916344,-0.00007366139470832422,0,-0.04262206330895424,0.0015353224007412791
0,0,-0.04107922688126564,-0.02962081879377365,0.00004866563540417701,0,-0.03773348778486252,-0.02461112104356289,-0.00004866563540417701,0,-0.025074182078242302,0.0010527794947847724
0,0,-0.03478962555527687,-0.02598666399717331,0.000042941130232065916,0,-0.036664221435785294,-0.02545698545873165,-0.000042941130232065916,0,-0.01919189840555191,0.0012653593439608812
0,0,-0.03192417696118355,-0.026080485433340073,0.00004304846515879035,0,-0.03366255760192871,-0.02398073300719261,-0.00004304846515879035,0,-0.01947525143623352,0.001374381361529231
0,0,-0.03722554072737694,-0.027162913233041763,0.000043059702875325456,0,-0.040031082928180695,-0.02868245169520378,-0.000043059702875325456,0,-0.01491549238562584,-0.00010332000238122419
0,0,-0.03722554072737694,-0.027162913233041763,0.000043059702875325456,0,-0.040031082928180695,-0.02868245169520378,-0.000043059702875325456,0,-0.01491549238562584,-0.00010332000238122419
0,0,0,0,0,0,0,0,0,0,0,0
0,0,-0.021459411829710007,-0.018673818558454514,0.00004555531631922349,0,-0.027141651138663292,-0.02232552133500576,-0.00004555531631922349,0,-0.012247203849256039,-0.004357767757028341
0,0,0,0,0,0,0,0,0,0,0,0
0,0.001745329238474369,-0.014033638872206211,-0.013825480826199055,0.00004292350422474556,0,-0.024066705256700516,-0.019796116277575493,-0.00004292350422474556,0,-0.007802815176546574,-0.006535077001899481
0,0.001745329238474369,-0.014033638872206211,-0.013825480826199055,0.00004292350422474556,0,-0.024066705256700516,-0.019796116277575493,-0.00004292350422474556,0,-0.007802815176546574,-0.006535077001899481
0,0,0,0,0,0,0,0,0,0,0,0
0,0,0,0,0,0,0,0,0,0,0,0
0,0,0,0,0,0,0,0,0,0,0,0
0,0,-0.006262906361371279,-0.002410612069070339,0.000041604795114835724,0,-0.012981204316020012,-0.006044301670044661,-0.000041604795114835724,0,-0.009092395193874836,-0.013944757170975208
0,0,-0.006262906361371279,-0.002410612069070339,0.000041604795114835724,0,-0.012981204316020012,-0.006044301670044661,-0.000041604795114835724,0,-0.009092395193874836,-0.013944757170975208
0,0,-0.006262906361371279,-0.002410612069070339,0.000041604795114835724,0,-0.012981204316020012,-0.006044301670044661,-0.000041604795114835724,0,-0.009092395193874836,-0.013944757170975208
0,0,-0.007050297223031521,-0.002201956929638982,0.000044161071855342016,0,-0.016864759847521782,-0.011972318403422832,0.001002189121209085,0,-0.009926878847181797,-0.01711348630487919
0,0,0,0,0,0,0,0,0,0,0,0
0,0,-0.027090683579444885,-0.009217844344675541,0.00007366139470832422,0,-0.039374954998493195,-0.031015895307064056,-0.00007366139470832422,0,-0.014316435903310776,-0.029631050303578377
0,0,-0.027090683579444885,-0.009217844344675541,0.00007366139470832422,0,-0.039374954998493195,-0.031015895307064056,-0.00007366139470832422,0,-0.014316435903310776,-0.029631050303578377
0,0,-0.015265688300132751,-0.003919182810932398,0.000041836090531433,0,-0.018720420077443123,-0.014200344681739807,-0.000041836090531433,0,-0.006732032634317875,-0.01648900657892227
0,0,-0.010281218215823174,-0.0036396661307662725,0.00003476247366052121,0,-0.012735041789710522,-0.011694502085447311,0.0008869065204635262,0,-0.0026607695035636425,-0.013731562532484531
0,0,0,0,0,0,0,0,0,0,0,0
0,0,0.028715355321764946,0.017539378255605698,0.000044271102524362504,0,-0.004713749047368765,-0.001694182399660349,-0.000044271102524362504,0.0010489572305232286,0.0015164358774200082,-0.011856434866786003
0,0,0,0,0,0,0,0,0,0,0,0
0,0,0.036456648260354996,0.026053326204419136,0.00004420936602400616,0,-0.0035600566770881414,-0.0004009112890344113,0.0010032850550487638,-0.0006978347664698958,0.0024185192305594683,-0.009295639581978321
0,0,0,0,0,0,0,0,0,0,0,0
0,0,0,0,0,0,0,0,0,0,0,0
0,0,0,0,0,0,0,0,0,0,0,0
0,0,0,0,0,0,0,0,0,0,0,0
0,0,0,0,0,0,0,0,0,0,0,0
0,0,0,0,0,0,0,0,0,0,0,0
0,0,0,0,0,0,0,0,0,0,0,0
0,0,0,0,0,0,0,0,0,0,0,0
0,0,0,0,0,0,0,0,0,0,0,0
0,0,0,0,0,0,0,0,0,0,0,0
0,0,-0.009149306453764439,-0.003351372666656971,0.00004420688492245972,0,-0.005452041979879141,0.0037037476431578398,0.0027485580649226904,0,-0.01591857150197029,-0.0030858730897307396
0,0,0,0,0,0,0,0,0,0,0,0
0,0,0,0,0,0,0,0,0,0,0,0
0,0,-0.018695469945669174,-0.008952876552939415,0.00007366139470832422,0,-0.008549650199711323,0.0014413458993658423,-0.00007366139470832422,0,-0.02666657231748104,-0.005290909670293331
0,0,0,0,0,0,0,0,0,0,0,0
0,0,0,0,0,0,0,0,0,0,0,0
0,0,-0.015116078779101372,-0.008174245245754719,0.00004457549221115187,0,-0.0054185413755476475,0.0017473899060860276,0.0017007538117468357,0,-0.01209242269396782,0.002572382101789117
0,0,0,0,0,0,0,0,0,0,0,0
0,0,0,0,0,0,0,0,0,0,0,0
0,0,0,0,0,0,0,0,0,0,0,0
0,0,0,0,0,0,0,0,0,0,0,0
0,0,0,0,0,0,0,0,0,0,0,0
0,0,0,0,0,0,0,0,0,0,0,0
0,0,0,0,0,0,0,0,0,0,0,0
0,0,-0.05889153108000755,-0.028866268694400787,0.000042475159716559574,0,0.006266367621719837,0.01293689850717783,0.0009639290510676801,0,0.00781683437526226,0.005223697517067194
0,0,-0.05429597198963165,-0.025583915412425995,0.00004626107693184167,0,0.013233892619609833,0.01999703422188759,-0.00004626107693184167,0,0.011760009452700615,0.006659714505076408
0,0,0,0,0,0,0,0,0,0,0,0
0,0,-0.016397548839449883,-0.007364268414676189,0.000048614703700877726,0,0.02764897048473358,0.03405976668000221,0.0005448402371257544,0,0.009369445033371449,0.007002003025263548
0,0,-0.00217025401070714,0.0001227595203090459,0.00004460757554625161,0,0.025297844782471657,0.03043285757303238,0.0034460509195923805,0,0.0029198541305959225,0.006101730279624462
0,0,0,0,0,0,0,0,0,0,0,0
0,0,0.015440721064805984,0.011388004757463932,0.00004321188316680491,0,0.023508990183472633,0.028464920818805695,0.0020045083947479725,0,-0.0013222949346527457,0.0032138715032488108
0,0,0.0158919058740139,0.016536209732294083,0.00005321306161931716,0.0012608275283128023,0.01543910801410675,0.028567979112267494,-0.0005377147463150322,0,0.005396702326834202,0.0022405781783163548
0,0,0.007154676131904125,0.011480060406029224,0.0000422833654738497,0,0.003637111745774746,0.015079205855727196,-0.0017876125639304519,0,0.0091696260496974,0.00025560709764249623
0,0,0.007154676131904125,0.011480060406029224,0.0000422833654738497,0,0.003637111745774746,0.015079205855727196,-0.0017876125639304519,0,0.0091696260496974,0.00025560709764249623
0,0,0.007154676131904125,0.011480060406029224,0.0000422833654738497,0,0.003637111745774746,0.015079205855727196,-0.0017876125639304519,0,0.0091696260496974,0.00025560709764249623
0,0,0,0,0,0,0,0,0,0,0,0
0,0,-0.0003551383560989052,0.011221567168831825,0.00007366139470832422,0,0.009880557656288147,0.02313118800520897,0.0016716679092496634,0,0.038051482290029526,-0.01087434682995081
0,0,0,0,0,0,0,0,0,0,0,0
0,0,0,0,0,0,0,0,0,0,0,0
0,0,-0.0015498254215344787,0.0019714951049536467,0.00003656580884126015,0.0008663883781991899,0.007516618352383375,0.010870501399040222,0.0008423750987276435,0.001745329238474369,0.013693285174667835,-0.006861623842269182
0,0,0.002921532141044736,0.0028576243203133345,0.000044940708903595805,0,0.008482610806822777,0.014113105833530426,0.0017003885004669428,-0.0006805064040236175,0.013932949863374233,-0.007530540693551302
0,0,0.002921532141044736,0.0028576243203133345,0.000044940708903595805,0,0.008482610806822777,0.014113105833530426,0.0017003885004669428,-0.0006805064040236175,0.013932949863374233,-0.007530540693551302
0,0,0.010550751350820065,0.010437806136906147,0.00007366139470832422,-0.001745329238474369,0.012514759786427021,0.015705451369285583,-0.00007366139470832422,0,0.007640475407242775,-0.010487065650522709
0,0,0,0,0,0,0,0,0,0,0,0
0,0,0.032817963510751724,0.024802036583423615,0.000056822991609806195,0,0.01913931407034397,0.015595739707350731,-0.00100421579554677,0,-0.0023089952301234007,-0.0022685490548610687
0,0,0,0,0,0,0,0,0,0,0,0
0,0,0.031090378761291504,0.022985540330410004,0.00004469125997275114,-0.001745329238474369,0.008331581950187683,0.008574752137064934,0.001700637978501618,0,-0.00014443178952205926,0.0058471993543207645
0,0,0.031090378761291504,0.022985540330410004,0.00004469125997275114,-0.001745329238474369,0.008331581950187683,0.008574752137064934,0.001700637978501618,0,-0.00014443178952205926,0.0058471993543207645
0,0,0,0,0,0,0,0,0,0,0,0
0,0,0,0,0,0,0,0,0,0,0,0
0,0,0,0,0,0,0,0,0,0,0,0
0,0,0,0,0,0,0,0,0,0,0,0
0,0,0,0,0,0,0,0,0,0,0,0
0,0,0,0,0,0,0,0,0,0,0,0
0,0,-0.0006910917581990361,0.004646894056349993,0.00004569410521071404,-0.002165347570553422,-0.0003384651499800384,0.0023063139524310827,-0.0007083495147526264,0,-0.0063544027507305145,0.011409534141421318
0,0,0,0,0,0,0,0,0,0,0,0
0,0,0,0,0,0,0,0,0,0,0,0
0,0,0,0,0,0,0,0,0,0,0,0
0,0,0,0,0,0,0,0,0,0,0,0
0,0,0,0,0,0,0,0,0,0,0,0
0,0,0.014784173108637333,0.010834181681275368,0.000029243354219943285,-0.001745329238474369,0.012686612084507942,0.006289999932050705,0.0013565376866608858,0,0.00018145114881917834,0.0034161151852458715
0,0,0,0,0,0,0,0,0,0,0,0
0,0,0.07055801898241043,0.05664149299263954,0.000073577044531703,0,0.032584741711616516,0.026923077180981636,-0.000073577044531703,0,0.005065638571977615,0.006559009663760662
0,0,0,0,0,0,0,0,0,0,0,0
0,0,0.039181239902973175,0.03539391607046127,0.00007366139470832422,0.003490658476948738,0.007175575476139784,0.012872482649981976,-0.00007366139470832422,0,-0.0047950115986168385,0.0071339053101837635
0,0,0,0,0,0,0,0,0,0,0,0
0,0,0,0,0,0,0,0,0,0,0,0
0,0,0,0,0,0,0,0,0,0,0,0
0,0,0,0,0,0,0,0,0,0,0,0
0,0,0,0,0,0,0,0,0,0,0,0
0,0,0,0,0,0,0,0,0,0,0,0
0,0,0,0,0,0,0,0,0,0,0,0
0,0,0,0,0,0,0,0,0,0,0,0
0,0,0,0,0,0,0,0,0,0,0,0
0,0.001745329238474369,-0.017824536189436913,-0.013263296335935593,0.00007366139470832422,0,-0.0011426383862271905,0.004937999881803989,-0.00007366139470832422,0,-0.038556184619665146,-0.012754568830132484
0,0.001745329238474369,-0.017824536189436913,-0.013263296335935593,0.00007366139470832422,0,-0.0011426383862271905,0.004937999881803989,-0.00007366139470832422,0,-0.038556184619665146,-0.012754568830132484
0,0,0,0,0,0,0,0,0,0,0,0
0,0,0,0,0,0,0,0,0,0,0,0
0,0,0,0,0,0,0,0,0,0,0,0
0,0,0,0,0,0,0,0,0,0,0,0
0,0,-0.00818601530045271,-0.005058076232671738,0.00004485304089030251,0,0.003371027298271656,0.01058508176356554,0.0017004761612042785,0,-0.02245815098285675,-0.013911171816289425
0,0,0,0,0,0,0,0,0,0,0,0
0,0,-0.005564565304666758,-0.0005432253237813711,0.00004362158142612316,0,0.00518022058531642,0.017205534502863884,-0.00004362158142612316,0,-0.015495779924094677,-0.016713447868824005
0,0,-0.005564565304666758,-0.0005432253237813711,0.00004362158142612316,0,0.00518022058531642,0.017205534502863884,-0.00004362158142612316,0,-0.015495779924094677,-0.016713447868824005
0,0,-0.004152320325374603,0.00045892925118096173,0.00004458801049622707,0,0.00587912742048502,0.01512903906404972,-0.00004458801049622707,0,-0.014044319279491901,-0.015690727159380913
0,0,0.010122298263013363,0.005583999212831259,0.000028959566407138482,0,0.013656317256391048,0.015955688431859016,-0.000028959566407138482,0,-0.010059106163680553,-0.008483747020363808
0,0,0,0,0,0,0,0,0,0,0,0
0,0,0.0226095300167799,0.015093415044248104,0.00007366139470832422,0,0.04165048897266388,0.035437799990177155,-0.00007366139470832422,0,-0.0266567412763834,-0.022253787145018578
0,0,0,0,0,0,0,0,0,0,0,0
0,0,0,0,0,0,0,0,0,0,0,0
0,0,0.0029439402278512716,0.005371516570448875,0.000044184864236740395,0,0.019822843372821808,0.019176634028553963,-0.000044184864236740395,0,-0.026428231969475746,-0.017797037959098816
0,0,0.005859529599547386,0.0055566453374922276,0.00004447957326192409,0,0.012012455612421036,0.014651104807853699,0.0017008496215566993,0,-0.026978574693202972,-0.01816982589662075
0,0,0,0,0,0,0,0,0,0,0,0
0,0,0.005435975268483162,0.004105094820261002,0.00003349932376295328,0,0.012312428094446659,0.012418768368661404,-0.00003349932376295328,0,-0.025260331109166145,-0.0100333197042346
0,0,0.005548351909965277,0.0062657012604177,0.00003342801210237667,0,0.014094085432589054,0.012759561650454998,-0.00003342801210237667,0,-0.027675069868564606,-0.0067662810906767845
0,0,0,0,0,0,0,0,0,0,0,0
0,0,0,0,0,0,0,0,0,0,0,0
0,0,0,0,0,0,0,0,0,0,0,0
0,0,0,0,0,0,0,0,0,0,0,0
0,0,0.014298513531684875,0.010519684292376041,0.00004449443076737225,0,0.005307886283844709,0.00900199357420206,-0.00004449443076737225,0,-0.031044987961649895,0.0030177924782037735
0,0.0010434607975184917,0.01521705836057663,0.012895409017801285,0.0000440391268057283,0,0.003020673058927059,0.008434468880295753,0.0017012901371344924,0,-0.029200183227658272,0.004477967042475939
0,0,0,0,0,0,0,0,0,0,0,0
0,0,0,0,0,0,0,0,0,0,0,0
0,0,0,0,0,0,0,0,0,0,0,0
0,0,0,0,0,0,0,0,0,0,0,0
0,0,0,0,0,0,0,0,0,0,0,0
0,0,0,0,0,0,0,0,0,0,0,0
0,0,0,0,0,0,0,0,0,0,0,0
0,0,-0.011360550299286842,-0.007010016590356827,0.00003803154322667979,0,-0.04770023375749588,-0.03371379151940346,-0.00003803154322667979,0,-0.02728874608874321,0.007252631243318319
0,0,-0.008590886369347572,-0.003884976962581277,0.000044359163439366966,0,-0.04272669181227684,-0.029560159891843796,0.0017009701114147902,0,-0.027553508058190346,0.008019572123885155
0,0,-0.008590886369347572,-0.003884976962581277,0.000044359163439366966,0,-0.04272669181227684,-0.029560159891843796,0.0017009701114147902,0,-0.027553508058190346,0.008019572123885155
0,0,0,0,0,0,0,0,0,0,0,0
0,0,0,0,0,0,0,0,0,0,0,0
0,0,-0.004076377023011446,0.0009800479747354984,0.000044284111936576664,0,-0.024996154010295868,-0.01865382120013237,0.0017010450828820467,0,-0.012501705437898636,0.009118344634771347
0,0,-0.004076377023011446,0.0009800479747354984,0.000044284111936576664,0,-0.024996154010295868,-0.01865382120013237,0.0017010450828820467,0,-0.012501705437898636,0.009118344634771347
0,0,0,0,0,0,0,0,0,0,0,0
0,0,-0.0039707631804049015,0.0013461322523653507,0.00007366139470832422,0,-0.03633983060717583,-0.02961997501552105,-0.00007366139470832422,0,-0.015137169510126114,0.020187372341752052
0,0,0,0,0,0,0,0,0,0,0,0
0,0,-0.002239113673567772,0.0007643178105354309,0.0000459994662378449,0,-0.016023291274905205,-0.013314650394022465,-0.0000459994662378449,0,-0.010385523550212383,0.016353825107216835
0,0,0,0,0,0,0,0,0,0,0,0
0,0,0,0,0,0,0,0,0,0,0,0
0,0,0,0,0,0,0,0,0,0,0,0
0,0,0,0,0,0,0,0,0,0,0,0
0,0,-0.0022679404355585575,-0.0001830598630476743,0.00004263169830664992,0,-0.004168713930994272,0.0005010993336327374,-0.00004263169830664992,0,-0.013619995675981045,0.01980867050588131
0,0,0,0,0,0,0,0,0,0,0,0
0,0,0,0,0,0,0,0,0,0,0,0
0,0,0,0,0,0,0,0,0,0,0,0
0,0,0,0,0,0,0,0,0,0,0,0
0,0,-0.022818397730588913,-0.005569225177168846,0.000044610620534513146,0,-0.004341365769505501,0.0007753871032036841,-0.000044610620534513146,0,-0.01930364966392517,0.027437640354037285
0,0,-0.03349754959344864,-0.0068418593145906925,0.00007366139470832422,0,-0.007168496027588844,0.001280324999243021,-0.00007366139470832422,0,-0.03187433257699013,0.03824297711253166
0,0,0,0,0,0,0,0,0,0,0,0
0,0,0,0,0,0,0,0,0,0,0,0
0,0,0,0,0,0,0,0,0,0,0,0
0,0,-0.0039038914255797863,-0.00013795668201055378,0.00004423248174134642,0,-0.0004765577905345708,0.0017608953639864922,-0.00004423248174134642,0,-0.02791655622422695,0.007461708039045334
0,0,0,0,0,0,0,0,0,0,0,0
0,0,0,0,0,0,0,0,0,0,0,0
0,0,0,0,0,0,0,0,0,0,0,0
0,0,0,0,0,0,0,0,0,0,0,0
0,0,0,0,0,0,0,0,0,0,0,0
0,0,0,0,0,0,0,0,0,0,0,0
0,0,0,0,0,0,0,0,0,0,0,0
0,0,-0.0070093413814902306,-0.005129590630531311,0.0007479069754481316,0,-0.0039356779307127,0.0007526493864133954,-0.000043951022234978154,0,-0.019882729277014732,0.0004924081731587648
0,0,-0.0070093413814902306,-0.005129590630531311,0.0007479069754481316,0,-0.0039356779307127,0.0007526493864133954,-0.000043951022234978154,0,-0.019882729277014732,0.0004924081731587648
0,0,0,0,0,0,0,0,0,0,0,0
0,0,0,0,0,0,0,0,0,0,0,0
0,0,0,0,0,0,0,0,0,0,0,0
0,0,-0.011850051581859589,-0.0115838423371315,0.00004584651833283715,0,-0.0057561942376196384,-0.0021830748300999403,-0.00004584651833283715,0,-0.008182141929864883,-0.01776159182190895
0,0,-0.011850051581859589,-0.0115838423371315,0.00004584651833283715,0,-0.0057561942376196384,-0.0021830748300999403,-0.00004584651833283715,0,-0.008182141929864883,-0.01776159182190895
0,0,0,0,0,0,0,0,0,0,0,0
0,0,0,0,0,0,0,0,0,0,0,0
0,0,-0.020474521443247795,-0.013925805687904358,0.00007366139470832422,0,-0.003631905186921358,0.0018224164377897978,-0.00007366139470832422,0,-0.01654874160885811,-0.022169258445501328
0,0,0,0,0,0,0,0,0,0,0,0
0,0,-0.035598061978816986,-0.021248873323202133,0.00007366139470832422,0,0.0000032489529075974133,0.003277365816757083,0.0016716679092496634,0,-0.024619687348604202,-0.01865854486823082
0,0,0,0,0,0,0,0,0,0,0,0
0,0,0,0,0,0,0,0,0,0,0,0
0,0,0,0,0,0,0,0,0,0,0,0
0,0,-0.015811150893568993,-0.008474954403936863,0.00004468841143534519,0,-0.011702903546392918,-0.005155724938958883,-0.00004468841143534519,0,-0.018669217824935913,-0.007512913551181555
0,0,-0.011820417828857899,-0.006158121395856142,0.000044580661779036745,0,-0.014931108802556992,-0.007842663675546646,-0.000044580661779036745,0,-0.01818130351603031,-0.007140702567994595
0,0,0,0,0,0,0,0,0,0,0,0
0,0,0,0,0,0,0,0,0,0,0,0
0,0,0,0,0,0,0,0,0,0,0,0
0,0,0,0,0,0,0,0,0,0,0,0
0,0,-0.016571134328842163,-0.011159884743392467,0.00004240030830260366,0,-0.017810001969337463,-0.012220134027302265,0.0009622303768992424,0,-0.021314255893230438,-0.006244749296456575
0,0,0,0,0,0,0,0,0,0,0,0
0,0,0,0,0,0,0,0,0,0,0,0
0,0,-0.03065396100282669,-0.019561264663934708,0.00007366139470832422,0,-0.020117422565817833,-0.012523719109594822,-0.0018189906841143966,0.001745329238474369,-0.03844727575778961,-0.016904082149267197
0,0,-0.03065396100282669,-0.019561264663934708,0.00007366139470832422,0,-0.020117422565817833,-0.012523719109594822,-0.0018189906841143966,0.001745329238474369,-0.03844727575778961,-0.016904082149267197
0,0,-0.052573904395103455,-0.029536068439483643,0.00007366139470832422,0,-0.028844749554991722,-0.01117438729852438,0.0016716679092496634,0,-0.032534390687942505,-0.04948177561163902
0,0,-0.052573904395103455,-0.029536068439483643,0.00007366139470832422,0,-0.028844749554991722,-0.01117438729852438,0.0016716679092496634,0,-0.032534390687942505,-0.04948177561163902
0,0,-0.02925562672317028,-0.013071892783045769,0.00004593803532770835,0,-0.018935564905405045,-0.006319815758615732,0.0010425153886899352,0,-0.005652609746903181,-0.03871515765786171
0,0,-0.017499787732958794,-0.008288603276014328,0.00004602574699674733,0,-0.012926347553730011,-0.006830081809312105,-0.00004602574699674733,0,0.02263411320745945,-0.0428411141037941
0,0,-0.017499787732958794,-0.008288603276014328,0.00004602574699674733,0,-0.012926347553730011,-0.006830081809312105,-0.00004602574699674733,0,0.02263411320745945,-0.0428411141037941
0,0,0,0,0,0,0,0,0,0,0,0
0,0,0,0,0,0,0,0,0,0,0,0
0,0,0,0,0,0,0,0,0,0,0,0
0,0,0,0,0,0,0,0,0,0,0,0
0,0,0,0,0,0,0,0,0,0,0,0
0,0,0,0,0,0,0,0,0,0,0,0
0,0,0,0,0,0,0,0,0,0,0,0
0,0,0,0,0,0,0,0,0,0,0,0
0,0,0,0,0,0,0,0,0,0,0,0
0,0,-0.0033188117668032646,-0.0022357162088155746,0.00004373108095023781,0,-0.011779479682445526,-0.0067016384564340115,0.0002832637110259384,0,0.014649487100541592,-0.0132251912727952
0,0,0,0,0,0,0,0,0,0,0,0
0,0,0,0,0,0,0,0,0,0,0,0
0,0,0.0017942789709195495,0.0029220697470009327,0.00004429111868375912,0,-0.006850697100162506,-0.0019266849849373102,-0.0028390518855303526,0,0.013907652348279953,-0.01054341346025467
0,0,0.0017667521024122834,0.005443814676254988,0.000046438213757937774,0,-0.001279062358662486,0.003413347527384758,-0.0011467428412288427,0,0.015509179793298244,-0.012378514744341373
0,0,0,0,0,0,0,0,0,0,0,0
0,0,0,0,0,0,0,0,0,0,0,0
0,0,0.011257349513471127,0.012847458012402058,0.00004596650251187384,0,0.011583171784877777,0.016115086153149605,0.0010431613773107529,0,0.012034122832119465,-0.014815171249210835
0,0,0,0,0,0,0,0,0,0,0,0
0,0,0,0,0,0,0,0,0,0,0,0
0,0,0.016383234411478043,0.014687816612422466,0.00004411482223076746,0,0.013719771057367325,0.015654506161808968,-0.0010893691796809435,0,0.0016970573924481869,-0.013317637145519257
0,0,0,0,0,0,0,0,0,0,0,0
0,0,0,0,0,0,0,0,0,0,0,0
0,0,0.009901846759021282,0.014470967464148998,0.00007366139470832422,0,-0.00014459615340456367,0.00823640264570713,0.005162326153367758,0,-0.010136985220015049,-0.021564777940511703
0,0,0,0,0,0,0,0,0,0,0,0
0,0,-0.0030369972810149193,0.004589138086885214,0.000044185766455484554,0,0.004295512102544308,0.00187298737000674,-0.0017895150231197476,0,-0.014548100531101227,-0.012441168539226055
0,0,-0.0030369972810149193,0.004589138086885214,0.000044185766455484554,0,0.004295512102544308,0.00187298737000674,-0.0017895150231197476,0,-0.014548100531101227,-0.012441168539226055
0,0,0,0,0,0,0,0,0,0,0,0
0,0,-0.010349104180932045,-0.0028712672647088766,0.00004657325189327821,0,0.0038897122722119093,0.0010637399973347783,0.0023405810352414846,0,-0.01370072178542614,-0.01383308507502079
0,0,0,0,0,0,0,0,0,0,0,0
0,0,0,0,0,0,0,0,0,0,0,0
0,0,-0.009968259371817112,-0.0009332320769317448,0.00004431306660990231,0,0.002315497724339366,0.004512712359428406,-0.0007396907894872129,0,-0.011423706077039242,-0.016002796590328217
0,0,0,0,0,0,0,0,0,0,0,0
0,0,-0.01227825041860342,0.0005286425584927201,0.00004424887083587237,0,-0.008761788718402386,0.0007564886473119259,-0.0028380085714161396,0,-0.01420330349355936,-0.017351370304822922
0,0,0,0,0,0,0,0,0,0,0,0
0,0,0,0,0,0,0,0,0,0,0,0
0,0,0,0,0,0,0,0,0,0,0,0
0,0,0,0,0,0,0,0,0,0,0,0
0,0,-0.0055873338133096695,-0.0005573289818130434,0.000044243093725526705,0,-0.004335073754191399,0.0020611342042684555,0.002052344148978591,0,-0.014403066597878933,-0.015798140317201614
0,0,0.003913132473826408,0.003753499360755086,0.00004407723099575378,0,0.020319219678640366,0.012924293987452984,-0.00004407723099575378,0,-0.013867544941604137,-0.01622379571199417
0,0,0.003913132473826408,0.003753499360755086,0.00004407723099575378,0,0.020319219678640366,0.012924293987452984,-0.00004407723099575378,0,-0.013867544941604137,-0.01622379571199417
0,0,0,0,0,0,0,0,0,0,0,0
0,0,0,0,0,0,0,0,0,0,0,0
0,0,0,0,0,0,0,0,0,0,0,0
0,0,0,0,0,0,0,0,0,0,0,0
0,0,0.012470153160393238,0.012319565750658512,0.00004406891457620077,0,0.023710012435913086,0.022816654294729233,-0.0007452315767295659,0,-0.009285456500947475,-0.0180085189640522
0,0,0,0,0,0,0,0,0,0,0,0
0,0,0.006506334990262985,0.00993487611413002,0.00004417869422468357,0,0.0023470588494092226,0.01412698533385992,-0.00004417869422468357,0,-0.007989375852048397,-0.01748836413025856
0,0,-0.0004777209833264351,0.01145714707672596,0.00007366139470832422,0,-0.0016264711739495397,0.017789749428629875,-0.00007366139470832422,0.001745329238474369,-0.018742583692073822,-0.03000011295080185
0,0,0,0,0,0,0,0,0,0,0,0
0,0,0,0,0,0,0,0,0,0,0,0
0,0,0,0,0,0,0,0,0,0,0,0
0,0,0.004714825190603733,0.008869407698512077,0.00007366139470832422,0,-0.007057064212858677,0.011094938963651657,-0.00007366139470832422,0,-0.04197601228952408,-0.019086992368102074
0,0,0,0,0,0,0,0,0,0,0,0
0,0,0.009781517088413239,0.009856638498604298,0.00004081126826349646,0,-0.003683677641674876,0.009186306037008762,-0.00004081126826349646,0,-0.02833946980535984,-0.003827451728284359
0,0,0.015569139271974564,0.016045192256569862,0.00007366139470832422,0,-0.006648772396147251,0.014835291542112827,-0.00007366139470832422,0,-0.047319576144218445,-0.006908274255692959
0,0,0.013921193778514862,0.01203335914760828,0.000025138042474281974,0,-0.0035088963340967894,0.0043418025597929955,-0.000025138042474281974,0,-0.012308632023632526,0.0034346110187470913
0,0,0.02714991755783558,0.018422717228531837,0.000039757062040735036,0,-0.007429522927850485,0.00640654843300581,-0.000039757062040735036,0,-0.01601422019302845,0.007072131149470806
0,0,0.044810112565755844,0.035364843904972076,0.00007366139470832422,0,-0.01376532856374979,0.010124645195901394,-0.00007366139470832422,0,-0.02792561985552311,0.01633688248693943
0,0,0.018070967867970467,0.016799019649624825,0.000044267762859817594,0,-0.01209060475230217,0.0055200099013745785,-0.000044267762859817594,0,-0.002880242420360446,0.01663237065076828
0,0,0.018070967867970467,0.016799019649624825,0.000044267762859817594,0,-0.01209060475230217,0.0055200099013745785,-0.000044267762859817594,0,-0.002880242420360446,0.01663237065076828
0,0,0.02527034282684326,0.02293792925775051,0.000044475786125985906,0,-0.0033376365900039673,0.010849223472177982,-0.000044475786125985906,0,0.010143040679395199,0.021514950320124626
0,0,0,0,0,0,0,0,0,0,0,0
0,0,0,0,0,0,0,0,0,0,0,0
0,0,0.016974491998553276,0.02028670348227024,0.00004424817598192021,0,0.011937337927520275,0.020345916971564293,-0.00004424817598192021,0,-0.00454777292907238,0.011183654889464378
0,0,0,0,0,0,0,0,0,0,0,0
0,0,0.0007156045758165419,0.010758083313703537,0.00004504391472437419,0,0.008096744306385517,0.009415783919394016,-0.00004504391472437419,0,-0.00820988230407238,-0.002151576103642583
0,0,-0.004407438915222883,0.005515917669981718,0.00004623112181434408,0,0.0022194706834852695,0.005038783419877291,-0.00004623112181434408,0,-0.006499878596514463,-0.00970592349767685
0,0,-0.008449978195130825,0.0025324502494186163,0.000044208471081219614,0,-0.001061159186065197,0.005262997001409531,-0.000044208471081219614,0.001745329238474369,-0.003595010843127966,-0.017246069386601448
0,0,0,0,0,0,0,0,0,0,0,0
0,0,0,0,0,0,0,0,0,0,0,0
0,0,-0.009820125997066498,-0.0009686197736300528,0.00004422240817802958,0,-0.0036086931359022856,0.0018581217154860497,-0.00004422240817802958,0,0.012557467445731163,-0.021423567086458206
0,0,-0.009820125997066498,-0.0009686197736300528,0.00004422240817802958,0,-0.0036086931359022856,0.0018581217154860497,-0.00004422240817802958,0,0.012557467445731163,-0.021423567086458206
0,0,0,0,0,0,0,0,0,0,0,0
0,0,0,0,0,0,0,0,0,0,0,0
0,0,0,0,0,0,0,0,0,0,0,0
0,0,0.02187213860452175,0.012777235358953476,0.00004807137884199619,0,0.017319848760962486,0.0061305915005505085,-0.00004807137884199619,0,0.09943617880344391,0.07090695202350616
0,0,0,0,0,0,0,0,0,0,0,0
0,0,0,0,0,0,0,0,0,0,0,0
0,0,0.020410427823662758,0.010754230432212353,0.00004361767787486315,0,0.034011781215667725,0.01703963801264763,-0.00004361767787486315,0,0.21697981655597687,0.1700930893421173
0,0,0,0,0,0,0,0,0,0,0,0
0,0,0,0,0,0,0,0,0,0,0,0
0,0,0,0,0,0,0,0,0,0,0,0
0,0,0,0,0,0,0,0,0,0,0,0
0,0,0,0,0,0,0,0,0,0,0,0
0,0,0,0,0,0,0,0,0,0,0,0
0,0,0.024596160277724266,-0.006245524622499943,0.00003724113048519939,0,-0.03996824473142624,-0.02805200405418873,-0.00003724113048519939,0,0.17509905993938446,0.11555903404951096
0,0,0,0,0,0,0,0,0,0,0,0
0,0,0,0,0,0,0,0,0,0,0,0
0,0,0.019836127758026123,-0.003011110471561551,0.000044164724386064336,0,-0.03439714387059212,-0.030476069077849388,0.0010022720089182258,0,0.05786142125725746,0.08723491430282593
0,0,0.019836127758026123,-0.003011110471561551,0.000044164724386064336,0,-0.03439714387059212,-0.030476069077849388,0.0010022720089182258,0,0.05786142125725746,0.08723491430282593
0,0,0.010693266056478024,-0.0032676877453923225,0.000048727160901762545,0,0.006314062047749758,0.0012248663697391748,-0.000048727160901762545,-0.0005907904705964029,-0.04088246077299118,0.058186378329992294
0,0,0,0,0,0,0,0,0,0,0,0
0,0,0.010756445117294788,0.007140366826206446,0.00004382908809930086,0,0.008692231960594654,0.0054939822293818,-0.00178915832657367,0,-0.04769052937626839,0.02673552930355072
0,0,0,0,0,0,0,0,0,0,0,0
0,0,0,0,0,0,0,0,0,0,0,0
0,0,0,0,0,0,0,0,0,0,0,0
0,0,0,0,0,0,0,0,0,0,0,0
0,0,0.020791061222553253,0.012709014117717743,0.00004227023964631371,0,0.05159033089876175,0.03296611085534096,-0.00004227023964631371,0,-0.017336497083306313,0.026496846228837967
0,0,0.016081999987363815,0.01585439033806324,0.00004245984382578172,0.001745329238474369,0.03131513297557831,0.026447491720318794,-0.00004245984382578172,0,-0.01232362724840641,0.022135276347398758
0,0,0,0,0,0,0,0,0,0,0,0
0,0,0,0,0,0,0,0,0,0,0,0
0,0,0,0,0,0,0,0,0,0,0,0
0,0,0,0,0,0,0,0,0,0,0,0
0,0,0.014191276393830776,0.02071702480316162,0.00004248627010383643,0,0.007354150526225567,0.013050024397671223,0.0027095105033367872,-0.001745329238474369,0.0040603382512927055,0.017766376957297325
0,0,0.004867661744356155,0.015242369845509529,0.00004252433791407384,0,-0.00036804357660003006,0.007681563962250948,0.0009650451247580349,0.0007377598085440695,0.007417656015604734,0.0194243136793375
0,0,0,0,0,0,0,0,0,0,0,0
0,0,-0.00007063620432745665,0.003960305359214544,0.00004373713454697281,0,-0.014544720761477947,-0.003671555547043681,-0.0017890663584694266,0.0020726106595247984,0.03275631368160248,0.02976595051586628
0,-0.001039450871758163,0.0027203985955566168,0.004416630603373051,0.000043869888031622395,0,-0.012675641104578972,-0.0052929348312318325,-0.0010833207052201033,0.002078901743516326,0.04623860493302345,0.033010706305503845
0,0.001745329238474369,0.014603247866034508,0.0011889729648828506,0.0007655578665435314,0,0.0034664866980165243,-0.004905241541564465,0.0034474851563572884,-0.0007223846623674035,0.09111473709344864,0.051783375442028046
0,0,0,0,0,0,0,0,0,0,0,0
0,0.002086826367303729,0.07203369587659836,0.004331883508712053,0.00004403711500344798,0,0.05707326531410217,0.011312554590404034,0.0037881184834986925,0,0.17159788310527802,0.07247719913721085
0,0,0,0,0,0,0,0,0,0,0,0
0,0,0,0,0,0,0,0,0,0,0,0
0,0.0000677891875966452,0.16015222668647766,0.031331129372119904,0.00007080035720719025,0,0.12773016095161438,0.055054016411304474,-0.00007080035720719025,0,0.28867965936660767,0.05422208458185196
0,0,0,0,0,0,0,0,0,0,0,0
0,0.0010864613577723503,0.04436960443854332,0.03383849188685417,0.00004585395799949765,0,0.019220832735300064,0.023295890539884567,-0.00004585395799949765,0,0.08660069108009338,0.013404705561697483
0,0,0.024921035394072533,0.02691630832850933,0.00004643921784008853,0,0.013460245914757252,0.017470918595790863,-0.00004643921784008853,0,0.04138026013970375,0.014835992828011513
0,0,0,0,0,0,0,0,0,0,0,0
0,0,0,0,0,0,0,0,0,0,0,0
0,0,0,0,0,0,0,0,0,0,0,0
0,0,0.020693600177764893,0.04467263072729111,0.00007366139470832422,0,0.013596347533166409,0.023291392251849174,-0.00007366139470832422,0,0.002980922581627965,0.02373294159770012
0,0,0,0,0,0,0,0,0,0,0,0
0,0,0,0,0,0,0,0,0,0,0,0
0,0,0.012812984175980091,0.032443299889564514,0.0005097072571516037,0,0.0037841214798390865,0.009664449840784073,-0.00005444720227387734,0,-0.0060194130055606365,0.01945563778281212
0,0,0,0,0,0,0,0,0,0,0,0
0,0,0,0,0,0,0,0,0,0,0,0
0,0,-0.16097848117351532,-0.03920148313045502,0.00004603734123520553,0,-0.11738815158605576,-0.05726137384772301,-0.00004603734123520553,0,-0.06468570232391357,-0.022019291296601295
0,0,0,0,0,0,0,0,0,0,0,0
0,0,-0.3594959080219269,-0.09461749345064163,0.00007366139470832422,0,-0.29309019446372986,-0.14725911617279053,-0.00007366139470832422,0,-0.18452942371368408,-0.1263599842786789
0,0,0,0,0,0,0,0,0,0,0,0
0,0,0,0,0,0,0,0,0,0,0,0
0,0,0,0,0,0,0,0,0,0,0,0
0,0,0,0,0,0,0,0,0,0,0,0
0,0,0,0,0,0,0,0,0,0,0,0
0,0,0,0,0,0,0,0,0,0,0,0
0,0,-0.5511605739593506,-0.16528141498565674,0.000043913980334764346,0,-0.5495539307594299,-0.21984997391700745,-0.000043913980334764346,0,-0.37117740511894226,-0.3032929599285126
0,0,-0.5511605739593506,-0.16528141498565674,0.000043913980334764346,0,-0.5495539307594299,-0.21984997391700745,-0.000043913980334764346,0,-0.37117740511894226,-0.3032929599285126
0,0,-0.6085650324821472,-0.10391366481781006,0.000049033395043807104,0,-0.5884352326393127,-0.16069883108139038,-0.000049033395043807104,0,-0.3658630847930908,-0.34673571586608887
0,0,-0.6085650324821472,-0.10391366481781006,0.000049033395043807104,0,-0.5884352326393127,-0.16069883108139038,-0.000049033395043807104,0,-0.3658630847930908,-0.34673571586608887
0,0,0,0,0,0,0,0,0,0,0,0
0,0,0,0,0,0,0,0,0,0,0,0
0,0,-0.4055343270301819,-0.018252458423376083,0.00004038723272969946,0,-0.38022398948669434,-0.04593626782298088,0.0009165458031930029,0,-0.17823931574821472,-0.2575177550315857
0,0,0,0,0,0,0,0,0,0,0,0
0,0,0,0,0,0,0,0,0,0,0,0
0,-0.001745329238474369,-0.39721062779426575,-0.013088534586131573,0.00004481965515878983,0,-0.3637327253818512,-0.022642280906438828,-0.0004233995859976858,-0.0006833746447227895,-0.1666804403066635,-0.21714657545089722
0,0,0,0,0,0,0,0,0,0,0,0
0,0,0,0,0,0,0,0,0,0,0,0
0,0.001745329238474369,-0.4145994484424591,-0.0020125675946474075,0.00005442906331154518,0,-0.3671860992908478,0.004866151604801416,0.0012352103367447853,0.0004556898202281445,-0.06102030351758003,-0.16099800169467926
0,0,0,0,0,0,0,0,0,0,0,0
0,0,0,0,0,0,0,0,0,0,0,0
0,0,-0.2791598439216614,0.0020814063027501106,0.00004112528404220939,-0.001745329238474369,-0.2318078726530075,0.009146936237812042,-0.0019899660255759954,0.001948840799741447,0.015082326717674732,-0.06413500010967255
0,0,-0.4851698875427246,0.003363583702594042,-0.0016716679092496634,0,-0.40173637866973877,0.014925424009561539,-0.0018189906841143966,0.001745329238474369,0.019304294139146805,-0.10140976309776306
0,0,-0.4851698875427246,0.003363583702594042,-0.0016716679092496634,0,-0.40173637866973877,0.014925424009561539,-0.0018189906841143966,0.001745329238474369,0.019304294139146805,-0.10140976309776306
0,0,0,0,0,0,0,0,0,0,0,0
0,0,0,0,0,0,0,0,0,0,0,0
0,0,-0.3594479262828827,-0.0011970099294558167,0.00007366139470832422,0,-0.27068307995796204,0.002022620989009738,0.0016716679092496634,0,-0.05590922012925148,-0.04246830940246582
0,0,0,0,0,0,0,0,0,0,0,0
0,0,0,0,0,0,0,0,0,0,0,0
0,0,0,0,0,0,0,0,0,0,0,0
0,0,-0.08848541229963303,-0.007497643586248159,0.00004188531238469295,0,-0.03537174314260483,-0.013147423975169659,0.0009505430934950709,0,-0.03455043211579323,-0.012243089266121387
0,0,0,0,0,0,0,0,0,0,0,0
0,0,0,0,0,0,0,0,0,0,0,0
0,0,0,0,0,0,0,0,0,0,0,0
0,0,0.009550775401294231,-0.0165374968200922,0.00003943925548810512,0,0.0251106396317482,-0.02780609019100666,-0.0027192402631044388,0,-0.0004094006144441664,-0.006761396303772926
0,0,0,0,0,0,0,0,0,0,0,0
0,0,0,0,0,0,0,0,0,0,0,0
0,0,0,0,0,0,0,0,0,0,0,0
0,0,0,0,0,0,0,0,0,0,0,0
0,-0.001745329238474369,-0.00038085540290921926,-0.009974432177841663,0.00003875123002217151,0,-0.005212258081883192,-0.01077576819807291,-0.00352940964512527,0.001745329238474369,0.020862607285380363,0.0031506544910371304
0,0,0,0,0,0,0,0,0,0,0,0
0,0,-0.012877597473561764,-0.007489866577088833,0.0000442166201537475,0,-0.010341721586883068,-0.008165386505424976,0.0006534463027492166,-0.0006976629374548793,-0.004543771501630545,0.009499983862042427
0,0,0,0,0,0,0,0,0,0,0,0
-0.0012786929728463292,0.0025573859456926584,-0.01830482669174671,-0.007201345171779394,-0.0016913622384890914,0,-0.016838133335113525,-0.007556650787591934,0.0012247258564457297,0,-0.03149331733584404,0.007327246014028788
0.0007748610805720091,-0.0007748610805720091,-0.013798610307276249,-0.005618254188448191,0.00004095848271390423,0,-0.012862985953688622,-0.006583154667168856,0.0009295096970163286,-0.003686265554279089,-0.027986224740743637,0.0034101938363164663
0.0007748610805720091,-0.0007748610805720091,-0.013798610307276249,-0.005618254188448191,0.00004095848271390423,0,-0.012862985953688622,-0.006583154667168856,0.0009295096970163286,-0.003686265554279089,-0.027986224740743637,0.0034101938363164663
0,0,0,0,0,0,0,0,0,0,0,0
0,0,0,0,0,0,0,0,0,0,0,0
0.0007383795455098152,0,-0.012489070184528828,-0.004049381706863642,0.00004249818084645085,0,-0.012089803814888,-0.007317015901207924,-0.00004249818084645085,0,-0.03205122426152229,0.008906425908207893
0.0007383795455098152,0,-0.012489070184528828,-0.004049381706863642,0.00004249818084645085,0,-0.012089803814888,-0.007317015901207924,-0.00004249818084645085,0,-0.03205122426152229,0.008906425908207893
0,0,-0.006860964000225067,-0.003861351404339075,0.00004221476410748437,0,-0.012472276575863361,-0.007608489133417606,-0.00004221476410748437,-0.001745329238474369,-0.002024234738200903,0.0403762124478817
0,0,0,0,0,0,0,0,0,0,0,0
0,0,0,0,0,0,0,0,0,0,0,0
0,0,0,0,0,0,0,0,0,0,0,0
0,0,0,0,0,0,0,0,0,0,0,0
0,0,0.020554479211568832,-0.005137740168720484,0.0009491760283708572,0,0.02555166184902191,-0.0082365358248353,0.0007961532101035118,0.0024937062989920378,0.019747689366340637,0.039786309003829956
0,0,0,0,0,0,0,0,0,0,0,0
0,0,0.05468125268816948,-0.014707649126648903,0.00007366139470832422,0,0.05918360874056816,-0.004696869757026434,-0.00007366139470832422,-0.001745329238474369,0.008952966891229153,0.06082036346197128
0,0,0,0,0,0,0,0,0,0,0,0
0,0,0,0,0,0,0,0,0,0,0,0
0,0,0,0,0,0,0,0,0,0,0,0
0,0,0,0,0,0,0,0,0,0,0,0
0,0,0.05080605298280716,-0.003429603297263384,0.00005086151577415876,0,0.04750964790582657,0.01621692068874836,-0.00005086151577415876,0.003490658476948738,-0.019982125610113144,0.015271676704287529
0,0,0.05080605298280716,-0.003429603297263384,0.00005086151577415876,0,0.04750964790582657,0.01621692068874836,-0.00005086151577415876,0.003490658476948738,-0.019982125610113144,0.015271676704287529
0,0,0,0,0,0,0,0,0,0,0,0
0,0,0,0,0,0,0,0,0,0,0,0
0,0,0.020576054230332375,0.005195943173021078,0.0000446456870122347,0,0.02489658072590828,0.016725219786167145,0.001700683613307774,0,-0.023160036653280258,0.007272553630173206
0,0,0,0,0,0,0,0,0,0,0,0
0,0,0,0,0,0,0,0,0,0,0,0
0,0,0.027224788442254066,0.00935859140008688,-0.0016716679092496634,0,0.024218827486038208,0.023150531575083733,-0.00007366139470832422,0,-0.038619861006736755,0.01972746104001999
0,0,0,0,0,0,0,0,0,0,0,0
0,0,0,0,0,0,0,0,0,0,0,0
0,0.001745329238474369,0.01782098226249218,0.009851922281086445,0.000041706880438141525,0.0009882006561383605,0.006459483876824379,0.008783994242548943,-0.000041706880438141525,0,-0.030502377077937126,0.02239457331597805
-0.001745329238474369,-0.0008680505561642349,0.011028507724404335,0.007054094225168228,0.00003702543108374812,0,0.0066210185177624226,0.005687984172254801,-0.00003702543108374812,0,-0.026040781289339066,0.016869794577360153
-0.001745329238474369,-0.0008680505561642349,0.011028507724404335,0.007054094225168228,0.00003702543108374812,0,0.0066210185177624226,0.005687984172254801,-0.00003702543108374812,0,-0.026040781289339066,0.016869794577360153
0,0,0.01630173996090889,0.011108271777629852,0.00007366139470832422,0,0.008309568278491497,0.013029946014285088,0.0016716679092496634,0,-0.047321319580078125,0.03387308865785599
0,0,0,0,0,0,0,0,0,0,0,0
0,0,0,0,0,0,0,0,0,0,0,0
0,0,-0.004909595940262079,0.0019342360319569707,0.000044152653572382405,0,-0.004573567304760218,-0.00009883497114060447,0.0003028195060323924,0,-0.03783685341477394,0.03700144216418266
0,0,0.0010371856624260545,0.002696645213291049,0.0000442569944425486,0,0.010965795256197453,0.007847621105611324,-0.0007409633253701031,0,-0.03432955592870712,0.03216199576854706
0,0,0.026053626090288162,0.013685374520719051,0.0000441183838120196,0,0.07157579064369202,0.036739248782396317,-0.0000441183838120196,0,-0.0310977715998888,0.022759927436709404
0,0,0.026053626090288162,0.013685374520719051,0.0000441183838120196,0,0.07157579064369202,0.036739248782396317,-0.0000441183838120196,0,-0.0310977715998888,0.022759927436709404
0,0,0.03702624887228012,0.02271094359457493,0.000046786524762865156,0,0.08699552714824677,0.05074476823210716,-0.000046786524762865156,0,-0.027214592322707176,0.019858267158269882
0,0,0.02903716452419758,0.017235254868865013,0.00004209174949210137,0,0.059058789163827896,0.04100874438881874,-0.00004209174949210137,0,-0.022981634363532066,0.011935827322304249
0,0,0.014936228282749653,0.014505086466670036,0.00004451913991943002,0,0.03351808339357376,0.034740086644887924,0.0017008101567626,-0.002800163347274065,-0.02335122786462307,0.008282642811536789
0,0,-0.005520851816982031,0.0021803330164402723,0.00004427069870871492,-0.0006963815540075302,0.0020290068350732327,0.011054602451622486,-0.0007406522636301816,0,-0.014758827164769173,0.004256279673427343
0,0,-0.005520851816982031,0.0021803330164402723,0.00004427069870871492,-0.0006963815540075302,0.0020290068350732327,0.011054602451622486,-0.0007406522636301816,0,-0.014758827164769173,0.004256279673427343
0,0,0,0,0,0,0,0,0,0,0,0
0,0,0,0,0,0,0,0,0,0,0,0
0,0,0,0,0,0,0,0,0,0,0,0
0,0,-0.02023627981543541,-0.0030120545998215675,0.00004431097477208823,0,-0.007009376771748066,0.002985479775816202,0.0010055910097435117,0,0.0038792937994003296,-0.020216425880789757
0,0,0,0,0,0,0,0,0,0,0,0
0,0,0,0,0,0,0,0,0,0,0,0
0,0,0,0,0,0,0,0,0,0,0,0
0,-0.0006808419129811227,-0.016941608861088753,-0.002300565829500556,0.000044926549890078604,0,0.0022246812004595995,0.007273700088262558,-0.000044926549890078604,0.001745329238474369,-0.017085203900933266,-0.007938448339700699
0,-0.0006808419129811227,-0.016941608861088753,-0.002300565829500556,0.000044926549890078604,0,0.0022246812004595995,0.007273700088262558,-0.000044926549890078604,0.001745329238474369,-0.017085203900933266,-0.007938448339700699
0,0,-0.014383419416844845,0.0002749712730292231,0.0000445370351371821,0,-0.0004866461385972798,0.008907211944460869,-0.0000445370351371821,0,-0.014112124219536781,-0.006831004749983549
0,0,-0.014383419416844845,0.0002749712730292231,0.0000445370351371821,0,-0.0004866461385972798,0.008907211944460869,-0.0000445370351371821,0,-0.014112124219536781,-0.006831004749983549
0,0,0,0,0,0,0,0,0,0,0,0
0,0,0,0,0,0,0,0,0,0,0,0
0,0,0,0,0,0,0,0,0,0,0,0
0,0,0,0,0,0,0,0,0,0,0,0
0,0,0.0013722172006964684,0.0005439746310003102,0.00004604990317602642,0,0.01059111300855875,0.010369712486863136,-0.000700275064446032,0,0.053696077316999435,-0.004124434199184179
0,0,0.0013722172006964684,0.0005439746310003102,0.00004604990317602642,0,0.01059111300855875,0.010369712486863136,-0.000700275064446032,0,0.053696077316999435,-0.004124434199184179
0,0,0.0032933710608631372,0.0019802581518888474,0.0000441527517978102,0,0.008357962593436241,0.007473088800907135,-0.0000441527517978102,0,0.07318493723869324,-0.002708712127059698
0,0,-0.002519628731533885,-0.00004711647852673195,0.0000423087585659232,0,0.0019201894756406546,0.0030035877134650946,-0.0000423087585659232,0,0.04271434620022774,-0.002181821269914508
0,0,0,0,0,0,0,0,0,0,0,0
0,0,0,0,0,0,0,0,0,0,0,0
0,0,0,0,0,0,0,0,0,0,0,0
0,0,0,0,0,0,0,0,0,0,0,0
0,0,-0.008133381605148315,-0.001343687647022307,0.0006990025867708027,0,-0.009446272626519203,-0.0033540960866957903,-0.00004610597898135893,0,-0.03177545592188835,-0.0025805190671235323
0,0,0,0,0,0,0,0,0,0,0,0
0,0,0,0,0,0,0,0,0,0,0,0
0,0,0,0,0,0,0,0,0,0,0,0
0,0,0,0,0,0,0,0,0,0,0,0
0,0,0,0,0,0,0,0,0,0,0,0
0,0,0,0,0,0,0,0,0,0,0,0
0,0,0,0,0,0,0,0,0,0,0,0
0,0,-0.015630751848220825,-0.00035975128412246704,0.00004351532697910443,0.001745329238474369,-0.007802134845405817,0.0002778483321890235,-0.00004351532697910443,0,0.0028984704986214638,0.009855915792286396
0,0,-0.015630751848220825,-0.00035975128412246704,0.00004351532697910443,0.001745329238474369,-0.007802134845405817,0.0002778483321890235,-0.00004351532697910443,0,0.0028984704986214638,0.009855915792286396
0,0,-0.01722634769976139,-0.0004312132077757269,0.00004360350430943072,0,-0.010055184364318848,-0.0012281943345442414,-0.00004360350430943072,0,0.00017824186943471432,0.007813693955540657
0,0,-0.018158765509724617,-0.0007721145520918071,0.000046817385737085715,0,-0.016101909801363945,-0.004237910266965628,-0.000046817385737085715,0,-0.000016988675270113163,0.0049584172666072845
0,0,0,0,0,0,0,0,0,0,0,0
0,0,0,0,0,0,0,0,0,0,0,0
0,0,0,0,0,0,0,0,0,0,0,0
0,0,0,0,0,0,0,0,0,0,0,0
0,0,0,0,0,0,0,0,0,0,0,0
0,0,0,0,0,0,0,0,0,0,0,0
0,0,-0.01375152263790369,-0.005667728837579489,0.00004270345743861981,0,-0.006921189371496439,0.0010967889102175832,-0.00004270345743861981,0,0.0018391903722658753,-0.002809383673593402
0,0,-0.01375152263790369,-0.005667728837579489,0.00004270345743861981,0,-0.006921189371496439,0.0010967889102175832,-0.00004270345743861981,0,0.0018391903722658753,-0.002809383673593402
0,0,0,0,0,0,0,0,0,0,0,0
0,0,0,0,0,0,0,0,0,0,0,0
0,0,0,0,0,0,0,0,0,0,0,0
0,0,-0.00798665452748537,-0.0051047480665147305,0.00004631976116797887,0,-0.011810976080596447,0.002166853751987219,-0.00004631976116797887,0,0.009467529132962227,0.0039860899560153484
0,0,-0.00798665452748537,-0.0051047480665147305,0.00004631976116797887,0,-0.011810976080596447,0.002166853751987219,-0.00004631976116797887,0,0.009467529132962227,0.0039860899560153484
0,0,-0.0005971742211841047,-0.0007104083779267967,0.000041996299842139706,0,-0.004152270033955574,0.005879772361367941,-0.000041996299842139706,0,-0.0013568064896389842,0.006711607798933983
0,0,0.004357938189059496,0.003470049239695072,0.000036771114537259564,0,0.004378774203360081,0.008236822672188282,-0.000036771114537259564,0,-0.009166696108877659,0.007846240885555744
0,0,0,0,0,0,0,0,0,0,0,0
0,0,0.015716269612312317,0.010991149581968784,0.00007366139470832422,0,0.015782790258526802,0.0187546219676733,-0.00007366139470832422,0,-0.04442482441663742,0.017153367400169373
0,0,0,0,0,0,0,0,0,0,0,0
0,0,0,0,0,0,0,0,0,0,0,0
0,0,0,0,0,0,0,0,0,0,0,0
0,0,0,0,0,0,0,0,0,0,0,0
0,0,0,0,0,0,0,0,0,0,0,0
0,0,0.00337816565297544,0.007712415419518948,0.000044487958803074434,0,0.013280135579407215,0.013382280245423317,-0.000044487958803074434,0,-0.0029492625035345554,0.00845942460000515
0,0,0,0,0,0,0,0,0,0,0,0
0,0,0,0,0,0,0,0,0,0,0,0
0,0,0,0,0,0,0,0,0,0,0,0
0,0,0,0,0,0,0,0,0,0,0,0
0,0,0,0,0,0,0,0,0,0,0,0
0,0,0,0,0,0,0,0,0,0,0,0
0,0,0,0,0,0,0,0,0,0,0,0
0,0,0,0,0,0,0,0,0,0,0,0
0,0,0,0,0,0,0,0,0,0,0,0
0,0,0,0,0,0,0,0,0,0,0,0
0,0,0,0,0,0,0,0,0,0,0,0
0,0,-0.01045280322432518,0.0015492300735786557,0.000685110513586551,0,0.0014657701831310987,0.004549108911305666,-0.000046718127123313025,0,-0.00014714656572323292,0.003213203279301524
0,0,-0.01045280322432518,0.0015492300735786557,0.000685110513586551,0,0.0014657701831310987,0.004549108911305666,-0.000046718127123313025,0,-0.00014714656572323292,0.003213203279301524
0,-0.0007489446434192359,-0.008664575405418873,-0.0005563799059018493,0.00004205228469800204,0,-0.0017148263286799192,0.004090534057468176,-0.00004205228469800204,0,-0.0024124966003000736,0.0006739401142112911
0,0,-0.0094218198210001,-0.0007090465514920652,0.00004692569200415164,0,-0.0019656906370073557,0.002328498987480998,-0.00004692569200415164,0,-0.004217521753162146,-0.0014621163718402386
0,0,-0.008899922482669353,-0.00045402790419757366,0.000044154643546789885,0,-0.004870791453868151,-0.0022082782816141844,-0.000044154643546789885,0,-0.007120093330740929,-0.007053807843476534
0,0,-0.008677568286657333,-0.0005758280167356133,0.00004224141957820393,0,-0.008919589221477509,-0.004964878782629967,-0.0007867046515457332,0,-0.010771495290100574,-0.00854489952325821
0,0,-0.008717924356460571,-0.0006741837714798748,0.000041981304093496874,0,-0.010143942199647427,-0.006983242928981781,-0.000041981304093496874,0,-0.010501192882657051,-0.007847767323255539
0,0,-0.008717924356460571,-0.0006741837714798748,0.000041981304093496874,0,-0.010143942199647427,-0.006983242928981781,-0.000041981304093496874,0,-0.010501192882657051,-0.007847767323255539
0,0,0,0,0,0,0,0,0,0,0,0
0,0,-0.01017957367002964,-0.0009222133085131645,0.00007366139470832422,0,-0.01477288082242012,-0.01636727713048458,-0.00007366139470832422,0,-0.019729120656847954,-0.007948352955281734
0,0,-0.01017957367002964,-0.0009222133085131645,0.00007366139470832422,0,-0.01477288082242012,-0.01636727713048458,-0.00007366139470832422,0,-0.019729120656847954,-0.007948352955281734
0,0,-0.007287990301847458,-0.0007187284645624459,0.000043830834329128265,0,-0.011145345866680145,-0.010042795911431313,-0.000043830834329128265,0,-0.01198930386453867,-0.002449936931952834
0,0,0,0,0,0,0,0,0,0,0,0
0,0,0,0,0,0,0,0,0,0,0,0
0,0,0,0,0,0,0,0,0,0,0,0
0,0,0,0,0,0,0,0,0,0,0,0
0,0,-0.009295799769461155,0.001029585488140583,0.000043978241592412814,0,-0.011531149968504906,-0.003896518610417843,-0.000043978241592412814,0,-0.00710725924000144,-0.0033469339832663536
0,0,0,0,0,0,0,0,0,0,0,0
0,0,-0.003952934872359037,0.001638225861825049,0.00003724525959114544,0,-0.004615975543856621,0.0028875404968857765,-0.00003724525959114544,0,-0.0070228902623057365,-0.004902940709143877
0,0,0.00642078323289752,0.005054107867181301,0.00007366139470832422,0,-0.002453354187309742,0.00495506264269352,-0.00007366139470832422,0,-0.01702059432864189,-0.014492406509816647
0,0,0,0,0,0,0,0,0,0,0,0
0,0,0,0,0,0,0,0,0,0,0,0
0,0,0.023017913103103638,0.011005106382071972,0.00007366139470832422,0,0.005561829544603825,0.003699981840327382,-0.00007366139470832422,0,-0.030217433348298073,-0.01714952290058136
0,0,0,0,0,0,0,0,0,0,0,0
0,0,0.017420120537281036,0.0067903646267950535,0.00004224770964356139,0,0.005046505481004715,0.0013848372036591172,-0.00004224770964356139,0,-0.03022276610136032,-0.01250288262963295
0,0,0,0,0,0,0,0,0,0,0,0
0,0,0,0,0,0,0,0,0,0,0,0
0,0,0,0,0,0,0,0,0,0,0,0
0,0,0,0,0,0,0,0,0,0,0,0
0,0,0,0,0,0,0,0,0,0,0,0
0,0,-0.05945828557014465,-0.016352467238903046,0.00004631200499716215,0,-0.06485489010810852,-0.019527575001120567,-0.00004631200499716215,0,-0.031263962388038635,-0.012730835005640984
0,0,-0.05945828557014465,-0.016352467238903046,0.00004631200499716215,0,-0.06485489010810852,-0.019527575001120567,-0.00004631200499716215,0,-0.031263962388038635,-0.012730835005640984
0,0,-0.06893863528966904,-0.023996399715542793,0.00004648120011552237,0,-0.0733259916305542,-0.023663900792598724,-0.00004648120011552237,0,-0.02023804374039173,-0.009768559597432613
0,0,0,0,0,0,0,0,0,0,0,0
0,0,0,0,0,0,0,0,0,0,0,0
0,0.001745329238474369,-0.05579870566725731,-0.03185403347015381,0.0017872886965051293,0,-0.045735977590084076,-0.02345733717083931,-0.0035326178185641766,0.001745329238474369,0.01649443432688713,0.0008413629839196801
0,0,-0.024292780086398125,-0.015641186386346817,0.00004061523577547632,0,-0.02218516543507576,-0.01017624232918024,-0.0002199566224589944,-0.0007829939131624997,0.018949421122670174,0.0015793348429724574
0,0,0,0,0,0,0,0,0,0,0,0
0,0,0,0,0,0,0,0,0,0,0,0
0,0,0,0,0,0,0,0,0,0,0,0
0,0,0,0,0,0,0,0,0,0,0,0
0,0,0,0,0,0,0,0,0,0,0,0
0,0,0.00919282715767622,0.0008372845477424562,0.00007366139470832422,0,0.003941715229302645,0.0043834722600877285,-0.003564319806173444,0,-0.03425280377268791,-0.07233909517526627
0,0,0.00919282715767622,0.0008372845477424562,0.00007366139470832422,0,0.003941715229302645,0.0043834722600877285,-0.003564319806173444,0,-0.03425280377268791,-0.07233909517526627
0,0,-0.006991758942604065,-0.008052660152316093,0.00007366139470832422,0.001745329238474369,-0.004707606043666601,-0.0009765805443748832,0.0016716679092496634,-0.001745329238474369,-0.022517239674925804,-0.06411507725715637
0,0,0,0,0,0,0,0,0,0,0,0
0,0,0,0,0,0,0,0,0,0,0,0
0,-0.001745329238474369,-0.043329328298568726,-0.025969112291932106,0.00007366139470832422,0,-0.037401244044303894,-0.017909156158566475,-0.00007366139470832422,0.001745329238474369,-0.03198081627488136,-0.050612807273864746
0,0,0,0,0,0,0,0,0,0,0,0
0,0,0,0,0,0,0,0,0,0,0,0
0,0,-0.03046964295208454,-0.0150210652500391,0.000046149678382789716,0,-0.024064216762781143,-0.012532399967312813,0.003444508882239461,0,-0.024643221870064735,-0.01911551132798195
0,0,0,0,0,0,0,0,0,0,0,0
0,0,0,0,0,0,0,0,0,0,0,0
0,0,-0.03627612069249153,-0.016111377626657486,0.000043905500206165016,0,-0.04738292843103409,-0.024097200483083725,0.0017014237819239497,0.0027856240049004555,-0.03604810684919357,-0.016785206273198128
0,0,-0.035556014627218246,-0.012582000344991684,0.00004377200093585998,0,-0.05537183955311775,-0.02821212261915207,-0.00004377200093585998,0.00032893376192077994,-0.03176335245370865,-0.013787133619189262
0,-0.0027864803560078144,-0.03251171112060547,-0.011335658840835094,0.00004394164352561347,-0.001745329238474369,-0.04822148382663727,-0.028250407427549362,-0.00004394164352561347,0.0010411511175334454,-0.025982078164815903,-0.012234492227435112
0,0,0,0,0,0,0,0,0,0,0,0
0,0.001745329238474369,-0.01583503559231758,-0.00950685515999794,0.000043971522245556116,0.000703470257576555,-0.009084329009056091,-0.010563529096543789,0.002039746381342411,-0.002787188161164522,-0.020449969917535782,-0.004988433793187141
0,0,0,0,0,0,0,0,0,0,0,0
0,0,0,0,0,0,0,0,0,0,0,0
0,0,0,0,0,0,0,0,0,0,0,0
0,0,0,0,0,0,0,0,0,0,0,0
0,0.001745329238474369,-0.0159466490149498,-0.004063733853399754,0.00004421651465236209,0,0.005265352316200733,-0.0011124525917693973,0.003446442075073719,0,-0.03457395359873772,0.0034737742971628904
0,0,0,0,0,0,0,0,0,0,0,0
0,-0.001745329238474369,0.0003963588969781995,0.0026063371915370226,-0.0010102831292897463,0,0.0008056617225520313,-0.001991057302802801,0.0020650839433073997,0.0006905283662490547,-0.05000342056155205,-0.0009370740735903382
0,0.0007477240869775414,0.006755508948117495,0.004191337153315544,0.0007898279000073671,0,-0.0007085304823704064,-0.0018074174877256155,0.0009555013384670019,0.001745329238474369,-0.04191900044679642,-0.0024965275079011917
0,0,0,0,0,0,0,0,0,0,0,0
0,0,0,0,0,0,0,0,0,0,0,0
0,0,0,0,0,0,0,0,0,0,0,0
0,0.003490658476948738,0.0027945598121732473,0.0011242246255278587,0.001084547839127481,-0.001745329238474369,-0.014328728429973125,-0.013512234203517437,-0.00004391958282212727,0,-0.007030944339931011,-0.013077078387141228
0,0,-0.0010406343499198556,-0.00034766699536703527,-0.0006544955540448427,-0.0010466595413163304,-0.01863487996160984,-0.015194067731499672,0.0017011550953611732,0,-0.0020499257370829582,-0.01504276692867279
0,0.003490658476948738,-0.004582285415381193,-0.000946006563026458,0.000044615186197916046,0,-0.0191880501806736,-0.01278748270124197,0.0027578240260481834,0,0.0017437817296013236,-0.015197871252894402
0,0,0,0,0,0,0,0,0,0,0,0
0,0,0,0,0,0,0,0,0,0,0,0
0,0,-0.012423453852534294,-0.00192820664960891,-0.0016716679092496634,0,-0.03725573047995567,-0.022719139233231544,-0.0018189906841143966,0,-0.025246908888220787,-0.016393210738897324
0,0,-0.012423453852534294,-0.00192820664960891,-0.0016716679092496634,0,-0.03725573047995567,-0.022719139233231544,-0.0018189906841143966,0,-0.025246908888220787,-0.016393210738897324
0,0,-0.0046799867413938046,-0.000003886265403707512,0.00004409329267218709,-0.001745329238474369,-0.014783858321607113,-0.007665048819035292,-0.00004409329267218709,-0.0007005850202403963,-0.016066720709204674,-0.0007200547843240201
0,0,-0.005175722762942314,-0.0010249230545014143,0.002837514039129019,-0.0020959116518497467,-0.00963775534182787,-0.002568037947639823,-0.00004422884012456052,0,-0.0006863354938104749,0.02357584238052368
0,0,0,0,0,0,0,0,0,0,0,0
0,-0.001745329238474369,-0.009633207693696022,-0.0008631945820525289,0.00004186604201095179,0,-0.0073545523919165134,-0.0007114321342669427,-0.0017871953314170241,0.0009919718140736222,0.017127886414527893,0.04229151830077171
0,0.000735245062969625,-0.012309079058468342,-0.0009524565539322793,-0.0009674536995589733,0.001745329238474369,-0.008777031674981117,-0.000905272492673248,-0.000042630472307791933,0,0.01403727661818266,0.03181998059153557
0,0.000735245062969625,-0.012309079058468342,-0.0009524565539322793,-0.0009674536995589733,0.001745329238474369,-0.008777031674981117,-0.000905272492673248,-0.000042630472307791933,0,0.01403727661818266,0.03181998059153557
0,0,0,0,0,0,0,0,0,0,0,0
0,0,-0.011469801887869835,-0.00002369602589169517,0.0017916709184646606,-0.0010980158112943172,-0.02393391914665699,-0.0012511051027104259,-0.00004634161450667307,0.001745329238474369,0.007926998659968376,0.014345885254442692
0,0,-0.011293740011751652,0.00013945819227956235,0.0005059599643573165,0.0006429476197808981,-0.03013375960290432,-0.0033166236244142056,-0.000046525874495273456,-0.0006429476197808981,0.005119702313095331,0.010677832178771496
0,0,0,0,0,0,0,0,0,0,0,0
0,0,0,0,0,0,0,0,0,0,0,0
0,0,-0.009911562316119671,0.0008204216719605029,0.00004263805385562591,0.0010102639207616448,-0.04361308738589287,-0.011526932939887047,-0.00004263805385562591,0,-0.00033469448680989444,0.005436289589852095
0,0,0,0,0,0,0,0,0,0,0,0
0,-0.001745329238474369,-0.010239258408546448,-0.002496938919648528,0.001088239485397935,-0.002789499703794718,-0.034087300300598145,-0.011766091920435429,-0.00004406907828524709,0.0010441704653203487,0.0008072977070696652,0.00438243942335248
0,0,0,0,0,0,0,0,0,0,0,0
-0.0006444008904509246,0.0006444008904509246,-0.013000263832509518,-0.00020321036572568119,-0.0005979363340884447,0.0006444008904509246,-0.03547900170087814,-0.01570199243724346,-0.00004646453817258589,0,-0.0037312330678105354,0.006675672717392445
0,0,-0.020609643310308456,-0.001343739335425198,-0.0016716679092496634,0,-0.0550961010158062,-0.025190602988004684,-0.00007366139470832422,0,-0.002126718172803521,0.010583111084997654
0,0,-0.014958063140511513,-0.0006105247302912176,-0.0037980307824909687,0.001745329238474369,-0.03307854384183884,-0.015345530584454536,-0.00004425080260261893,0.001745329238474369,-0.0041778674349188805,0.009110349230468273
0,0,-0.014958063140511513,-0.0006105247302912176,-0.0037980307824909687,0.001745329238474369,-0.03307854384183884,-0.015345530584454536,-0.00004425080260261893,0.001745329238474369,-0.0041778674349188805,0.009110349230468273
0,0,0,0,0,0,0,0,0,0,0,0
-0.0007024240330792964,0,-0.023685170337557793,-0.0010065993992611766,0.000044015680032316595,0,-0.035939544439315796,-0.017100865021348,-0.0017893449403345585,0,-0.009707700461149216,0.014795366674661636
-0.0007024240330792964,0,-0.023685170337557793,-0.0010065993992611766,0.000044015680032316595,0,-0.035939544439315796,-0.017100865021348,-0.0017893449403345585,0,-0.009707700461149216,0.014795366674661636
0,0,0,0,0,0,0,0,0,0,0,0
0,0,-0.017626745626330376,0.00020188084454275668,0.0010881471680477262,-0.0003428344789426774,-0.027223292738199234,-0.011040821671485901,-0.0000440653384430334,0.0010440818732604384,-0.01038763765245676,0.012663787230849266
0,0,0,0,0,0,0,0,0,0,0,0
0,0,0,0,0,0,0,0,0,0,0,0
0,0,0,0,0,0,0,0,0,0,0,0
0,0,0,0,0,0,0,0,0,0,0,0
0,0,-0.058613121509552,-0.01217922754585743,0.00007366139470832422,-0.001745329238474369,-0.03525378182530403,-0.015201893635094166,-0.0018189906841143966,0.001745329238474369,-0.014467249624431133,0.018328653648495674
0,0,-0.058613121509552,-0.01217922754585743,0.00007366139470832422,-0.001745329238474369,-0.03525378182530403,-0.015201893635094166,-0.0018189906841143966,0.001745329238474369,-0.014467249624431133,0.018328653648495674
0,0,0,0,0,0,0,0,0,0,0,0
0,0,-0.0782160684466362,-0.015206042677164078,0.00004270031786290929,0,-0.028012055903673172,-0.01531300414353609,-0.001788029563613236,-0.0007335901027545333,-0.0032410812564194202,-0.0010006555821746588
0,0,-0.0529109463095665,-0.006083411164581776,0.000043989213736495,0.001042278134264052,-0.0238304752856493,-0.008545671589672565,-0.000043989213736495,-0.0007030511042103171,-0.0008480062824673951,-0.000712525739800185
0,0,0,0,0,0,0,0,0,0,0,0
0,0,0,0,0,0,0,0,0,0,0,0
0,0,0,0,0,0,0,0,0,0,0,0
0,0,0,0,0,0,0,0,0,0,0,0
0,0,0,0,0,0,0,0,0,0,0,0
0,0,0,0,0,0,0,0,0,0,0,0
0,0,0,0,0,0,0,0,0,0,0,0
-0.0008832172607071698,0,-0.012989279814064503,-0.0028537309262901545,-0.001708943978883326,0,-0.01781228929758072,-0.0072683836333453655,0.000846831884700805,0.0008621120359748602,0.019438110291957855,-0.009354718960821629
-0.0008832172607071698,0,-0.012989279814064503,-0.0028537309262901545,-0.001708943978883326,0,-0.01781228929758072,-0.0072683836333453655,0.000846831884700805,0.0008621120359748602,0.019438110291957855,-0.009354718960821629
0,0,0,0,0,0,0,0,0,0,0,0
0,0,0,0,0,0,0,0,0,0,0,0
0.001745329238474369,-0.0011286989320069551,-0.008747224695980549,-0.0028329011984169483,0.000047636589442845434,0,-0.025412915274500847,-0.008190064691007137,-0.000047636589442845434,0,0.016272293403744698,-0.013549956493079662
0,0,0,0,0,0,0,0,0,0,0,0
0.0010484537342563272,0,-0.00801862683147192,-0.0019281231798231602,0.00004424985309015028,0,-0.03007148951292038,-0.009606647305190563,-0.00004424985309015028,0.0010484537342563272,0.0019403137266635895,-0.013776799663901329
0.0010484537342563272,0,-0.00801862683147192,-0.0019281231798231602,0.00004424985309015028,0,-0.03007148951292038,-0.009606647305190563,-0.00004424985309015028,0.0010484537342563272,0.0019403137266635895,-0.013776799663901329
0.0010580116650089622,0,-0.006365923676639795,-0.0030756760388612747,0.00004465324309421703,0,-0.030872132629156113,-0.00831522885710001,-0.00004465324309421703,0.0010580116650089622,-0.00247393362224102,-0.012031503953039646
0,0,0,0,0,0,0,0,0,0,0,0
0,0,0,0,0,0,0,0,0,0,0,0
0,0,0,0,0,0,0,0,0,0,0,0
0,0,0,0,0,0,0,0,0,0,0,0
0,0,0,0,0,0,0,0,0,0,0,0
0.0010442439233884215,0,-0.00962664932012558,-0.001465831184759736,0.00004407217420521192,0,-0.017948903143405914,-0.007948762737214565,-0.00004407217420521192,-0.0007010853732936084,-0.011655590496957302,-0.009194637648761272
0,0,0,0,0,0,0,0,0,0,0,0
0,0,0,0,0,0,0,0,0,0,0,0
0.0011049327440559864,-0.0011049327440559864,-0.02049444057047367,-0.0005390908918343484,-0.0010582992108538747,0,-0.018903162330389023,-0.009939135983586311,-0.000046633540478069335,0,-0.031799815595149994,-0.005998650100082159
0.0011049327440559864,-0.0011049327440559864,-0.02049444057047367,-0.0005390908918343484,-0.0010582992108538747,0,-0.018903162330389023,-0.009939135983586311,-0.000046633540478069335,0,-0.031799815595149994,-0.005998650100082159
0.001745329238474369,0.0006076942081563175,-0.016544682905077934,-0.0007963808020576835,0.00004801373870577663,0,-0.017851779237389565,-0.008475752547383308,-0.00004801373870577663,0.0011376350885257125,-0.03386319801211357,-0.0059757172130048275
0.001745329238474369,-0.001745329238474369,-0.012591073289513588,-0.0008935283403843641,0.00004467662802198902,0,-0.013528971001505852,-0.005794326309114695,-0.00004467662802198902,-0.0006867634947411716,-0.013774030841886997,-0.00501103512942791
-0.0006867693737149239,0.0006867693737149239,0.004377288278192282,-0.0017477944493293762,0.000044676380639430135,0,0.01691032014787197,0.00495816208422184,-0.000044676380639430135,0,-0.011727225035429,-0.002902112901210785
-0.0006867693737149239,0.0006867693737149239,0.004377288278192282,-0.0017477944493293762,0.000044676380639430135,0,0.01691032014787197,0.00495816208422184,-0.000044676380639430135,0,-0.011727225035429,-0.002902112901210785
0,0,0,0,0,0,0,0,0,0,0,0
0.0009919641306623816,-0.001745329238474369,0.0463109016418457,0.0008195071131922305,0.0017871949821710587,0,0.05729573592543602,0.030894450843334198,-0.0027791589964181185,0.001745329238474369,-0.017651986330747604,0.012984463013708591
0.0009919641306623816,-0.001745329238474369,0.0463109016418457,0.0008195071131922305,0.0017871949821710587,0,0.05729573592543602,0.030894450843334198,-0.0027791589964181185,0.001745329238474369,-0.017651986330747604,0.012984463013708591
0,-0.001745329238474369,0.057924140244722366,0.006836292799562216,0.000044289190554991364,0,0.05845730006694794,0.032573748379945755,-0.000044289190554991364,0.0010493858717381954,-0.026152057573199272,0.03285450115799904
0,-0.001745329238474369,0.057924140244722366,0.006836292799562216,0.000044289190554991364,0,0.05845730006694794,0.032573748379945755,-0.000044289190554991364,0.0010493858717381954,-0.026152057573199272,0.03285450115799904
0,0,0,0,0,0,0,0,0,0,0,0
0,0,0,0,0,0,0,0,0,0,0,0
-0.0006968662491999567,0,0.0524057000875473,0.02275552973151207,0.00004425024599186145,0,0.05059933289885521,0.03539271280169487,-0.0017895795172080398,0.0010484630474820733,0.004747042432427406,0.04154207929968834
-0.0006968662491999567,0,0.0524057000875473,0.02275552973151207,0.00004425024599186145,0,0.05059933289885521,0.03539271280169487,-0.0017895795172080398,0.0010484630474820733,0.004747042432427406,0.04154207929968834
0.001745329238474369,-0.0027914356905966997,0.013781243935227394,0.014630390331149101,0.00004415078728925437,0,0.029548438265919685,0.022217882797122,-0.00004415078728925437,0,0.009838397614657879,0.025961745530366898
0.001745329238474369,-0.0027914356905966997,0.013781243935227394,0.014630390331149101,0.00004415078728925437,0,0.029548438265919685,0.022217882797122,-0.00004415078728925437,0,0.009838397614657879,0.025961745530366898
0,0,0,0,0,0,0,0,0,0,0,0
0.001003528363071382,-0.001003528363071382,-0.0037924412172287703,0.0013057517353445292,0.00004235378582961857,0,0.0072250585071742535,0.008325737901031971,-0.00004235378582961857,0.001003528363071382,0.0065306928008794785,0.01449587382376194
0,0.000698838965035975,-0.004929712973535061,0.002226361306384206,0.00004416698720888235,0,0.012592241168022156,0.015248543582856655,0.0006546719232574105,0.001046490273438394,0.03239769488573074,0.020301595330238342
0,0.000698838965035975,-0.004929712973535061,0.002226361306384206,0.00004416698720888235,0,0.012592241168022156,0.015248543582856655,0.0006546719232574105,0.001046490273438394,0.03239769488573074,0.020301595330238342
-0.0009886999614536762,0.006456758361309767,0.005329105071723461,0.006644880399107933,-0.0009469720534980297,0,0.01989690586924553,0.019300106912851334,-0.00004172795524937101,0,0.03897881880402565,0.02520984411239624
0.0009131297119893134,0.0050741275772452354,0.01404530368745327,0.006546671036630869,0.00003512287366902456,0,0.0220818929374218,0.021398436278104782,-0.00003512287366902456,0.001745329238474369,0.0445459708571434,0.027829516679048538
0,-0.0021190911065787077,0.044718869030475616,0.025566093623638153,0.00004384940621093847,0,0.04409042373299599,0.033029716461896896,-0.00004384940621093847,0.0010389655362814665,0.14209070801734924,0.07690884917974472
0,0,0.058984436094760895,0.04087849706411362,0.000042252511775586754,0,0.06314744800329208,0.04913003742694855,-0.000042252511775586754,0.0010011288104578853,0.20530246198177338,0.10396341234445572
0,0,0,0,0,0,0,0,0,0,0,0
0,0,0,0,0,0,0,0,0,0,0,0
0,0,0,0,0,0,0,0,0,0,0,0
0,0,0,0,0,0,0,0,0,0,0,0
0,0,0,0,0,0,0,0,0,0,0,0
0,0,0,0,0,0,0,0,0,0,0,0
0,0,0.2081981897354126,0.04357850179076195,0.00004110380177735351,0,0.10723423957824707,0.0451253317296505,0.0007303141173906624,0.0009739113738760352,0.2793132960796356,0.08779198676347733
0,0,0.2081981897354126,0.04357850179076195,0.00004110380177735351,0,0.10723423957824707,0.0451253317296505,0.0007303141173906624,0.0009739113738760352,0.2793132960796356,0.08779198676347733
0,0,0.1947862058877945,0.061405207961797714,0.00003414707680349238,0,0.08477763831615448,0.04307546094059944,-0.00003414707680349238,0.000809079094324261,0.180736243724823,0.039346542209386826
0,0,0,0,0,0,0,0,0,0,0,0
0,0,0,0,0,0,0,0,0,0,0,0
0,0,0,0,0,0,0,0,0,0,0,0
0.0011091874912381172,-0.0004730457440018654,0.1547216922044754,0.035593803972005844,0.006701938342303038,-0.017273955047130585,0.09965497255325317,0.033651016652584076,-0.002901329891756177,0.03803856670856476,0.20625780522823334,0.016718124970793724
0,-0.0010333835380151868,0.09883210808038712,0.014326858334243298,0.007277298253029585,-0.014788806438446045,0.07848817855119705,0.02305631898343563,-0.0003650515282060951,0.038625698536634445,0.18744346499443054,0.001215202733874321
0,-0.0010333835380151868,0.09883210808038712,0.014326858334243298,0.007277298253029585,-0.014788806438446045,0.07848817855119705,0.02305631898343563,-0.0003650515282060951,0.038625698536634445,0.18744346499443054,0.001215202733874321
0,-0.0010407759109511971,0.026955150067806244,-0.0008031341130845249,0.007329357787966728,-0.016652414575219154,0.06477894634008408,0.014664055779576302,-0.002830031095072627,0.03746793419122696,0.18383090198040009,-0.005601110868155956
0,-0.0009417511755600572,0.009378856979310513,-0.002540421672165394,0.006632004864513874,-0.015068018808960915,0.05470125749707222,0.00989234633743763,-0.0009814976947382092,0.03390304371714592,0.16200439631938934,-0.005067445337772369
0,0,0,0,0,0,0,0,0,0,0,0
0,0,0,0,0,0,0,0,0,0,0,0
0,0.0007652753265574574,0.010817980393767357,-0.00028836826095357537,0.006901740562170744,-0.013935533352196217,0.057589881122112274,0.00026188872288912535,-0.0010214169742539525,0.035281941294670105,0.1434830129146576,-0.016821613535284996
0,-0.002799625974148512,0.014964407309889793,0.0003748699673451483,0.007424573879688978,-0.016868747770786285,0.06478980928659439,0.0022106391843408346,-0.0010987932328134775,0.03795468434691429,0.14267757534980774,-0.010357801802456379
0,0.00037832086673006415,0.011876730248332024,0.002097879769280553,0.004813376348465681,-0.011997892521321774,0.04696552827954292,0.003378122579306364,-0.0007123514078557491,0.02460615150630474,0.08053521811962128,-0.0021178077440708876
0,0.00037832086673006415,0.011876730248332024,0.002097879769280553,0.004813376348465681,-0.011997892521321774,0.04696552827954292,0.003378122579306364,-0.0007123514078557491,0.02460615150630474,0.08053521811962128,-0.0021178077440708876
0,0,0,0,0,0,0,0,0,0,0,0
0,0,0,0,0,0,0,0,0,0,0,0
0,0,0,0,0,0,0,0,0,0,0,0
0,0,0,0,0,0,0,0,0,0,0,0
0,0,0,0,0,0,0,0,0,0,0,0
0,0,0,0,0,0,0,0,0,0,0,0
0,0,0,0,0,0,0,0,0,0,0,0
0,0,0,0,0,0,0,0,0,0,0,0
0,0,0,0,0,0,0,0,0,0,0,0
0,0,0,0,0,0,0,0,0,0,0,0
0,0,0,0,0,0,0,0,0,0,0,0
0,0,0,0,0,0,0,0,0,0,0,0
0,-0.0010466816602274776,0.0313570462167263,0.02404072694480419,0.00737094646319747,-0.01884027011692524,0.2200510948896408,0.07002892345190048,-0.001090856734663248,0.03768054023385048,0.09237090498209,0.0011357610346749425
0,0,0,0,0,0,0,0,0,0,0,0
0,0,0,0,0,0,0,0,0,0,0,0
0,0,0,0,0,0,0,0,0,0,0,0
0,0,0,0,0,0,0,0,0,0,0,0
0,0,0,0,0,0,0,0,0,0,0,0
0,0,0,0,0,0,0,0,0,0,0,0
0,0,0,0,0,0,0,0,0,0,0,0
0,0,0,0,0,0,0,0,0,0,0,0
0,0,0,0,0,0,0,0,0,0,0,0
0,0,0,0,0,0,0,0,0,0,0,0
-0.001745329238474369,-0.007341205142438412,0.023565497249364853,0.02313372865319252,0.007385467179119587,-0.018525226041674614,0.20636500418186188,0.051091309636831284,-0.0010930056450888515,0.03775477036833763,0.0935797244310379,0.015401436015963554
-0.001745329238474369,-0.007341205142438412,0.023565497249364853,0.02313372865319252,0.007385467179119587,-0.018525226041674614,0.20636500418186188,0.051091309636831284,-0.0010930056450888515,0.03775477036833763,0.0935797244310379,0.015401436015963554
-0.0010587179567664862,-0.0074110254645347595,-0.02802460826933384,0.001919618109241128,0.007455708459019661,-0.01799820549786091,0.1900649070739746,0.04786405712366104,-0.0011034009512513876,0.03811384364962578,0.09721746295690536,0.013642952777445316
-0.0010587179567664862,-0.0074110254645347595,-0.02802460826933384,0.001919618109241128,0.007455708459019661,-0.01799820549786091,0.1900649070739746,0.04786405712366104,-0.0011034009512513876,0.03811384364962578,0.09721746295690536,0.013642952777445316
-0.0009787402814254165,-0.00859651155769825,-0.03668705001473427,-0.007841037586331367,0.006892489735037088,-0.018383914604783058,0.16586177051067352,0.04253537207841873,-0.0010200479300692677,0.03523465245962143,0.08798723667860031,0.011146053671836853
0.0010464951628819108,-0.008024300448596478,-0.03899986669421196,-0.008160391822457314,0.007369633298367262,-0.019883407279849052,0.1817912459373474,0.050977673381567,-0.001090662321075797,0.03767382353544235,0.08395936340093613,0.006739058531820774
0.00048802109085954726,-0.006700051017105579,-0.016484785825014114,-0.0021072104573249817,0.007863854989409447,-0.021216828376054764,0.19903960824012756,0.06465788185596466,-0.0011638043215498328,0.040200307965278625,0.07599081099033356,-0.002002274850383401
0,0,0,0,0,0,0,0,0,0,0,0
0,0,0,0,0,0,0,0,0,0,0,0
0,0,0,0,0,0,0,0,0,0,0,0
0,0,0,0,0,0,0,0,0,0,0,0
0,0,0,0,0,0,0,0,0,0,0,0
0,0,0,0,0,0,0,0,0,0,0,0
0,0,0,0,0,0,0,0,0,0,0,0
0,0,0,0,0,0,0,0,0,0,0,0
0,0,0,0,0,0,0,0,0,0,0,0
0,0,0,0,0,0,0,0,0,0,0,0
0,0,0,0,0,0,0,0,0,0,0,0
0,0,0,0,0,0,0,0,0,0,0,0
0,-0.001745329238474369,0.05916939303278923,0.05128695070743561,0.008800307288765907,-0.03316125646233559,0.08112454414367676,0.047703467309474945,-0.00007366139470832422,0.06457718461751938,0.12660706043243408,0.04326507821679115
0,-0.001745329238474369,0.05916939303278923,0.05128695070743561,0.008800307288765907,-0.03316125646233559,0.08112454414367676,0.047703467309474945,-0.00007366139470832422,0.06457718461751938,0.12660706043243408,0.04326507821679115
0,-0.001745329238474369,0.05916939303278923,0.05128695070743561,0.008800307288765907,-0.03316125646233559,0.08112454414367676,0.047703467309474945,-0.00007366139470832422,0.06457718461751938,0.12660706043243408,0.04326507821679115
0,0,0,0,0,0,0,0,0,0,0,0
0,-0.0010646453592926264,0.04582688957452774,0.05410602316260338,0.005368160083889961,-0.023038236424326897,0.07744096219539642,0.05606309324502945,-0.000044933218305232,0.046460434794425964,0.053621191531419754,0.03642230108380318
0,0,0,0,0,0,0,0,0,0,0,0
0,0.00039391531026922166,0.007308521773666143,0.011976557783782482,0.0034070529509335756,-0.014189846813678741,0.04772498831152916,0.031000662595033646,-0.000028518124963738956,0.02905539982020855,0.028442060574889183,0.021045926958322525
0,0.00039391531026922166,0.007308521773666143,0.011976557783782482,0.0034070529509335756,-0.014189846813678741,0.04772498831152916,0.031000662595033646,-0.000028518124963738956,0.02905539982020855,0.028442060574889183,0.021045926958322525
0,0,-0.00015899100981187075,0.011666204780340195,0.00539355119690299,-0.022463303059339523,0.07322610169649124,0.04783118516206741,0.0010245353914797306,0.0459962897002697,0.0420529879629612,0.034783631563186646
0,-0.001119794207625091,0.0011659110896289349,0.008397618308663368,0.005646232049912214,-0.02351567894220352,0.07585784047842026,0.051621079444885254,-0.00004726077168015763,0.048151154071092606,0.04358135536313057,0.04020558297634125
0,-0.001119794207625091,0.0011659110896289349,0.008397618308663368,0.005646232049912214,-0.02351567894220352,0.07585784047842026,0.051621079444885254,-0.00004726077168015763,0.048151154071092606,0.04358135536313057,0.04020558297634125
0,0,0,0,0,0,0,0,0,0,0,0
0,0,0,0,0,0,0,0,0,0,0,0
0,0,0,0,0,0,0,0,0,0,0,0
0,-0.002778425347059965,0.0002803730603773147,0.01807466149330139,0.00417598569765687,-0.023440346121788025,0.07167738676071167,0.06415680050849915,-0.000043601681682048365,0.04442312940955162,0.03399479761719704,0.048369985073804855
0,0,0,0,0,0,0,0,0,0,0,0
0,0,0,0,0,0,0,0,0,0,0,0
0,-0.001745329238474369,-0.003726898692548275,0.01974519155919552,0.008800307288765907,-0.03839724510908127,0.12122836709022522,0.09363634139299393,-0.0018189906841143966,0.07504915446043015,0.05885520204901695,0.08202742040157318
0,0,0,0,0,0,0,0,0,0,0,0
0,0,0,0,0,0,0,0,0,0,0,0
0,-0.003490658476948738,-0.0069795940071344376,0.005511437077075243,0.0070549785159528255,-0.04014257341623306,0.11222486197948456,0.07826272398233414,-0.0018189906841143966,0.08203047513961792,0.0651678591966629,0.07218290865421295
0,0,0,0,0,0,0,0,0,0,0,0
0,0,0,0,0,0,0,0,0,0,0,0
0,0,0,0,0,0,0,0,0,0,0,0
0,0,-0.005779987666755915,-0.008777491748332977,0.006359605118632317,-0.026255063712596893,0.06222158670425415,0.035086192190647125,-0.00004817789522348903,0.05479317903518677,0.04177971929311752,0.040059298276901245
0,-0.0010548672871664166,0.0014598722336813807,-0.00360573991201818,0.004263989627361298,-0.02357148565351963,0.056446198374032974,0.033138446509838104,-0.000044520533265313134,0.05063362792134285,0.039806775748729706,0.037214331328868866
0,-0.00104458536952734,0.0038184458389878273,0.0008480923133902252,0.00526701333001256,-0.02507004886865616,0.057662058621644974,0.03491600230336189,-0.00004408658787724562,0.04943935200572014,0.03825616091489792,0.037128105759620667
0,-0.00104458536952734,0.0038184458389878273,0.0008480923133902252,0.00526701333001256,-0.02507004886865616,0.057662058621644974,0.03491600230336189,-0.00004408658787724562,0.04943935200572014,0.03825616091489792,0.037128105759620667
0,0,0,0,0,0,0,0,0,0,0,0
0,0,0,0,0,0,0,0,0,0,0,0
0,0,0.00938260555267334,0.007904820144176483,0.004167019855231047,-0.024741070345044136,0.05962291732430458,0.04245239123702049,-0.00004350806921138428,0.04948214069008827,0.03455629572272301,0.032663844525814056
0,0,0,0,0,0,0,0,0,0,0,0
0,0,0.006547281984239817,0.0070336805656552315,0.0042169285006821156,-0.02503739669919014,0.06008930504322052,0.04356740415096283,-0.00004402916965773329,0.05007479339838028,0.03529488295316696,0.02568192221224308
0,0,0.004478325601667166,0.006440691649913788,0.004197232890874147,-0.024920456111431122,0.06232883408665657,0.04417852312326431,-0.00004382352562970482,0.049840912222862244,0.035654641687870026,0.021986007690429688
0,0,0.00504352618008852,0.005406663287431002,0.004198173992335796,-0.024926042184233665,0.0621325857937336,0.04234268143773079,-0.000043833348172483966,0.04985208436846733,0.03740279749035835,0.014635232277214527
0,0,0.00504352618008852,0.005406663287431002,0.004198173992335796,-0.024926042184233665,0.0621325857937336,0.04234268143773079,-0.000043833348172483966,0.04985208436846733,0.03740279749035835,0.014635232277214527
0,0,0,0,0,0,0,0,0,0,0,0
0,0,0,0,0,0,0,0,0,0,0,0
0,-0.001745329238474369,0.015247587114572525,0.007180827669799328,0.005372421350330114,-0.03189796581864357,0.0766550675034523,0.05228159949183464,-0.000056093729654094204,0.06379593163728714,0.048534292727708817,0.01609104499220848
0,0,0.02321760542690754,0.008702394552528858,0.004976860713213682,-0.029549382627010345,0.07514391094446182,0.04642484709620476,-0.00005196365964366123,0.05909876525402069,0.03773999586701393,0.01695997640490532
0,0,0,0,0,0,0,0,0,0,0,0
0,0,0,0,0,0,0,0,0,0,0,0
0,0.0006967202643863857,0.018443480134010315,0.009695383720099926,0.004238692577928305,-0.025166615843772888,0.06531345099210739,0.04068635404109955,-0.000044256405089981854,0.05207855999469757,0.022913331165909767,0.015995731577277184
0,0,0.01861843653023243,0.013635723851621151,0.0038520602975040674,-0.022871043533086777,0.059790510684251785,0.03849950060248375,-0.000040219558286480606,0.04574208706617355,0.014590046368539333,0.01536633912473917
0,0,0.01861843653023243,0.013635723851621151,0.0038520602975040674,-0.022871043533086777,0.059790510684251785,0.03849950060248375,-0.000040219558286480606,0.04574208706617355,0.014590046368539333,0.01536633912473917
0,0,0,0,0,0,0,0,0,0,0,0
0,0,0,0,0,0,0,0,0,0,0,0
0,0,0.00610495638102293,0.007253685966134071,0.0027825324796140194,-0.016520880162715912,0.04156792163848877,0.02959631010890007,-0.00002905256587837357,0.033041760325431824,0.010073083452880383,0.01153147779405117
0,0,0,0,0,0,0,0,0,0,0,0
0,0,0,0,0,0,0,0,0,0,0,0
0,0,0,0,0,0,0,0,0,0,0,0
0,0,0,0,0,0,0,0,0,0,0,0
0,0,0,0,0,0,0,0,0,0,0,0
0,0,0,0,0,0,0,0,0,0,0,0
0,0,0,0,0,0,0,0,0,0,0,0
0,0,0,0,0,0,0,0,0,0,0,0
0,0,0,0,0,0,0,0,0,0,0,0
0,0,0,0,0,0,0,0,0,0,0,0
0,0,0,0,0,0,0,0,0,0,0,0
0,-0.0027792376931756735,0.023510798811912537,0.022115986794233322,0.0024339405354112387,-0.023779895156621933,0.08037781715393066,0.057667747139930725,-0.000043635969632305205,0.04859369620680809,0.02245817519724369,0.01803991012275219
0,-0.0027792376931756735,0.023510798811912537,0.022115986794233322,0.0024339405354112387,-0.023779895156621933,0.08037781715393066,0.057667747139930725,-0.000043635969632305205,0.04859369620680809,0.02245817519724369,0.01803991012275219
0,0,0,0,0,0,0,0,0,0,0,0
0,0,0,0,0,0,0,0,0,0,0,0
0.0007010124973021448,-0.0031329502817243338,0.034036874771118164,0.03162688761949539,0.004922354593873024,-0.02576461434364319,0.09187893569469452,0.0644938126206398,-0.00004407525193528272,0.049082886427640915,0.02412588708102703,0.017752530053257942
-0.001745329238474369,-0.002155396854504943,0.025397490710020065,0.023356817662715912,0.003931048791855574,-0.01652470976114273,0.06698616594076157,0.04906948655843735,-0.000030322747988975607,0.033767882734537125,0.016837719827890396,0.011929614469408989
-0.0010483174119144678,-0.003144952468574047,0.03749848157167435,0.03396279737353325,0.004237513989210129,-0.025159619748592377,0.09953941404819489,0.07382456213235855,-0.00004424410144565627,0.04927092045545578,0.026372060179710388,0.017071152105927467
-0.0010483174119144678,-0.003144952468574047,0.03749848157167435,0.03396279737353325,0.004237513989210129,-0.025159619748592377,0.09953941404819489,0.07382456213235855,-0.00004424410144565627,0.04927092045545578,0.026372060179710388,0.017071152105927467
-0.0010165248531848192,-0.00479490403085947,0.035716038197278976,0.030232425779104233,0.0030924768652766943,-0.02439659647643566,0.09639234840869904,0.06903315335512161,-0.00004290229844627902,0.04777666926383972,0.025714555755257607,0.01609629951417446
0,0,0,0,0,0,0,0,0,0,0,0
-0.0010384126799181104,-0.00519206328317523,0.03560275584459305,0.03143681585788727,0.00490439310669899,-0.024921903386712074,0.10166937857866287,0.07247547060251236,-0.000043826068576890975,0.048805393278598785,0.03588169068098068,0.010023484006524086
-0.002371222013607621,-0.0076733846217393875,0.03829306736588478,0.03428597375750542,0.0036068717017769814,-0.02845466509461403,0.11883246153593063,0.08773311227560043,-0.00005003855767427012,0.05572371929883957,0.042554259300231934,0.009397567249834538
-0.002371222013607621,-0.0076733846217393875,0.03829306736588478,0.03428597375750542,0.0036068717017769814,-0.02845466509461403,0.11883246153593063,0.08773311227560043,-0.00005003855767427012,0.05572371929883957,0.042554259300231934,0.009397567249834538
0,0,0,0,0,0,0,0,0,0,0,0
0,0,0,0,0,0,0,0,0,0,0,0
-0.001598180620931089,-0.008937141858041286,0.028053294867277145,0.02775573916733265,0.0024309963919222355,-0.01917816698551178,0.09881827235221863,0.06559976190328598,-0.00003372550054336898,0.037557244300842285,0.03082999959588051,0.0015654072631150484
0,0,0,0,0,0,0,0,0,0,0,0
-0.002111211884766817,-0.015468207187950611,0.041278108954429626,0.037813615053892136,0.004956698976457119,-0.02707987278699875,0.13814151287078857,0.08392969518899918,-0.0017898809164762497,0.049613479524850845,0.03899698704481125,0.007424489129334688
-0.002111211884766817,-0.015468207187950611,0.041278108954429626,0.037813615053892136,0.004956698976457119,-0.02707987278699875,0.13814151287078857,0.08392969518899918,-0.0017898809164762497,0.049613479524850845,0.03899698704481125,0.007424489129334688
0,0,0,0,0,0,0,0,0,0,0,0
0,0,0,0,0,0,0,0,0,0,0,0
0,0,0,0,0,0,0,0,0,0,0,0
0,0,0,0,0,0,0,0,0,0,0,0
0,0,0,0,0,0,0,0,0,0,0,0
-0.0017193639650940895,-0.012035547755658627,0.05799172446131706,0.033101197332143784,0.0026153286453336477,-0.020632367581129074,0.11254355311393738,0.05606379732489586,-0.0008959647384472191,0.036080677062273026,0.032034147530794144,0.012795188464224339
-0.0017193639650940895,-0.012035547755658627,0.05799172446131706,0.033101197332143784,0.0026153286453336477,-0.020632367581129074,0.11254355311393738,0.05606379732489586,-0.0008959647384472191,0.036080677062273026,0.032034147530794144,0.012795188464224339
0,0,0,0,0,0,0,0,0,0,0,0
0,0,0,0,0,0,0,0,0,0,0,0
0,0,0,0,0,0,0,0,0,0,0,0
0,0,0,0,0,0,0,0,0,0,0,0
-0.0020724122878164053,-0.014506885781884193,0.0641164779663086,0.032907452434301376,0.0031523513607680798,-0.02486894652247429,0.13011160492897034,0.06292834877967834,-0.0010799390729516745,0.03899379074573517,0.03726939111948013,0.020000118762254715
-0.0020724122878164053,-0.014506885781884193,0.0641164779663086,0.032907452434301376,0.0031523513607680798,-0.02486894652247429,0.13011160492897034,0.06292834877967834,-0.0010799390729516745,0.03899379074573517,0.03726939111948013,0.020000118762254715
0,0,0,0,0,0,0,0,0,0,0,0
-0.003490658476948738,-0.024434609338641167,0.10382699221372604,0.051577478647232056,0.0053096492774784565,-0.04363323003053665,0.21006762981414795,0.09757870435714722,-0.0018189906841143966,0.06806784123182297,0.06456804275512695,0.03660881146788597
0,0,0,0,0,0,0,0,0,0,0,0
0,0,0,0,0,0,0,0,0,0,0,0
-0.002089418238028884,-0.014625928364694118,0.0531872920691967,0.02771046943962574,0.003178219310939312,-0.024372398853302002,0.11863302439451218,0.05104415491223335,0.0006565282819792628,0.03620828688144684,0.043751828372478485,0.025132684037089348
-0.002089418238028884,-0.014625928364694118,0.0531872920691967,0.02771046943962574,0.003178219310939312,-0.024372398853302002,0.11863302439451218,0.05104415491223335,0.0006565282819792628,0.03620828688144684,0.043751828372478485,0.025132684037089348
-0.0020900992676615715,-0.014630693942308426,0.04343327507376671,0.01758255995810032,0.0031792549416422844,-0.026126239448785782,0.11330734938383102,0.042907360941171646,-0.000044106182031100616,0.036576736718416214,0.04968574643135071,0.026187216863036156
-0.0021178852766752243,-0.01482519693672657,0.03492220118641853,0.009118490852415562,0.0032215204555541277,-0.02647356688976288,0.11213306337594986,0.03907301649451256,0.0006416940595954657,0.03706299141049385,0.05384940281510353,0.02724405936896801
0,0,0,0,0,0,0,0,0,0,0,0
-0.0021004555746912956,-0.01644851826131344,0.01111822109669447,-0.017385726794600487,0.004940337501466274,-0.026255693286657333,0.10338686406612396,0.026137463748455048,-0.001094552455469966,0.036757972091436386,0.06791701167821884,0.028599826619029045
0,0,0,0,0,0,0,0,0,0,0,0
0,0,0,0,0,0,0,0,0,0,0,0
-0.0020881742238998413,-0.01461721956729889,0.009808911941945553,-0.004269609227776527,0.0031763268634676933,-0.02889159321784973,0.10180699825286865,0.027565419673919678,-0.001088152639567852,0.037587136030197144,0.07321701943874359,0.028336437419056892
0,0,0,0,0,0,0,0,0,0,0,0
-0.00051430071471259,-0.01581740938127041,0.017516791820526123,0.008942440152168274,0.0034371286164969206,-0.03050500527024269,0.1232718676328659,0.046852439641952515,0.0005678305751644075,0.04067333787679672,0.08808484673500061,0.029798297211527824
0,0,0,0,0,0,0,0,0,0,0,0
-0.0009751095785759389,-0.013651533983647823,0.01891312561929226,0.011786115355789661,0.002966483123600483,-0.026327958330512047,0.1202460452914238,0.05900433287024498,-0.001016263966448605,0.035103943198919296,0.08543404191732407,0.024927889928221703
0,0,0,0,0,0,0,0,0,0,0,0
0,0,0,0,0,0,0,0,0,0,0,0
-0.001745329238474369,-0.024434609338641167,0.031588442623615265,0.017241882160305977,0.0053096492774784565,-0.04712389037013054,0.2083462029695511,0.09751304984092712,-0.0018189906841143966,0.06283185631036758,0.1658715307712555,0.04427115619182587
0,0,0,0,0,0,0,0,0,0,0,0
0,0,0,0,0,0,0,0,0,0,0,0
-0.0010456538293510675,-0.014639153145253658,-0.013774518854916096,-0.019806239753961563,0.00248141773045063,-0.03032395988702774,0.0824616402387619,0.027203839272260666,-0.0010897854808717966,0.039734844118356705,0.13559451699256897,0.02911379188299179
0.0007096498738974333,-0.014499510638415813,-0.015653640031814575,-0.018110323697328568,0.00315074878744781,-0.030034702271223068,0.084418885409832,0.021758653223514557,-0.0010793900582939386,0.0393558144569397,0.14033682644367218,0.02945100888609886
0,0,0,0,0,0,0,0,0,0,0,0
0,-0.010721923783421516,-0.012799483723938465,-0.016200514510273933,0.00316066131927073,-0.031168131157755852,0.08369001746177673,0.021292513236403465,-0.0010827858932316303,0.04051857069134712,0.14340150356292725,0.030725164338946342
0,-0.006005723495036364,-0.01298845000565052,-0.013501103967428207,0.0016232836060225964,-0.03321879729628563,0.09072652459144592,0.017717920243740082,-0.001154026365838945,0.04318443685770035,0.16032470762729645,0.03192833065986633
0,-0.006005723495036364,-0.01298845000565052,-0.013501103967428207,0.0016232836060225964,-0.03321879729628563,0.09072652459144592,0.017717920243740082,-0.001154026365838945,0.04318443685770035,0.16032470762729645,0.03192833065986633
0,-0.003165934234857559,-0.011897710151970387,-0.011155574582517147,0.0012428846675902605,-0.02946758083999157,0.08036897331476212,0.014623275958001614,-0.0010237084934487939,0.038307856768369675,0.14448300004005432,0.027736473828554153
0,0,0,0,0,0,0,0,0,0,0,0
0,0,0,0,0,0,0,0,0,0,0,0
0,-0.0009368464234285057,-0.00008690959657542408,0.0015797665109857917,0.0009745800634846091,-0.02682175673544407,0.07236094772815704,0.017956320196390152,-0.0009317921940237284,0.034868285059928894,0.12483802437782288,0.0266470555216074
0,-0.0010573192266747355,0.0009836056269705296,0.0030502653680741787,0.003904591780155897,-0.03171958029270172,0.0846496969461441,0.023140989243984222,-0.0011019433150067925,0.04123545065522194,0.14492198824882507,0.03243421018123627
0,0,0,0,0,0,0,0,0,0,0,0
0,0,0,0,0,0,0,0,0,0,0,0
0,-0.0027822048868983984,-0.0014951527118682861,-0.0026667367201298475,0.003154388163238764,-0.033888474106788635,0.08263910561800003,0.0227934792637825,-0.0010806368663907051,0.04354877769947052,0.12916603684425354,0.03355925530195236
0,0,0,0,0,0,0,0,0,0,0,0
-0.0007111682207323611,-0.0010341610759496689,-0.0017803728114813566,-0.009225529618561268,0.002111968584358692,-0.0348384827375412,0.0853055790066719,0.02111187018454075,-0.0010778076248243451,0.04446892440319061,0.12281497567892075,0.03496327996253967
0,0,0.0012895838590338826,-0.005347039084881544,0.0038607041351497173,-0.0341823548078537,0.08683480322360992,0.021582724526524544,-0.001079545938409865,0.0445406436920166,0.12083569914102554,0.03523729369044304
0,0,0.0012895838590338826,-0.005347039084881544,0.0038607041351497173,-0.0341823548078537,0.08683480322360992,0.021582724526524544,-0.001079545938409865,0.0445406436920166,0.12083569914102554,0.03523729369044304
0,0,0,0,0,0,0,0,0,0,0,0
0,0,0,0,0,0,0,0,0,0,0,0
0,-0.001745329238474369,0.04791523888707161,0.01830844208598137,0.003564319806173444,-0.057595863938331604,0.19341816008090973,0.056215185672044754,-0.0018189906841143966,0.07504915446043015,0.1865495890378952,0.05649729073047638
0,0,0,0,0,0,0,0,0,0,0,0
0,-0.0010588348377496004,0.030364254489541054,0.011155756190419197,0.002162357559427619,-0.03668687865138054,0.12512023746967316,0.04027104377746582,-0.0011035227216780186,0.04552989453077316,0.11273041367530823,0.034411754459142685
0,0,0,0,0,0,0,0,0,0,0,0
0,0,0,0,0,0,0,0,0,0,0,0
0,0,0,0,0,0,0,0,0,0,0,0
0,0,0,0,0,0,0,0,0,0,0,0
0,-0.0011172150261700153,0.014449690468609333,0.007927956990897655,0.0022815819829702377,-0.039102524518966675,0.1339636892080307,0.039354924112558365,-0.0029096961952745914,0.04978557303547859,0.1049959808588028,0.031182384118437767
0,0.0007636658847332001,0.017803866416215897,0.006974137853831053,0.0020047577563673258,-0.03359455242753029,0.1088842824101448,0.024554992094635963,-0.001023094286210835,0.043193187564611435,0.07038560509681702,0.024369362741708755
0,0.0007636658847332001,0.017803866416215897,0.006974137853831053,0.0020047577563673258,-0.03359455242753029,0.1088842824101448,0.024554992094635963,-0.001023094286210835,0.043193187564611435,0.07038560509681702,0.024369362741708755
0,-0.0009826758177950978,0.016496507450938225,0.006858470384031534,0.002006825525313616,-0.03537633270025253,0.10773112624883652,0.022220922634005547,-0.002006825525313616,0.04596574231982231,0.0744398906826973,0.024911673739552498
0,-0.0009826758177950978,0.016496507450938225,0.006858470384031534,0.002006825525313616,-0.03537633270025253,0.10773112624883652,0.022220922634005547,-0.002006825525313616,0.04596574231982231,0.0744398906826973,0.024911673739552498
0,0,0,0,0,0,0,0,0,0,0,0
0,-0.0009774239733815193,0.020316066220402718,0.006595465820282698,0.0010186759755015373,-0.03616468608379364,0.09087440371513367,0.01035499107092619,-0.0019960999488830566,0.04496150091290474,0.07535599172115326,0.02440357580780983
0,0,0,0,0,0,0,0,0,0,0,0
0,0,0,0,0,0,0,0,0,0,0,0
0,0,0,0,0,0,0,0,0,0,0,0
0,0,0,0,0,0,0,0,0,0,0,0
0,0,0,0,0,0,0,0,0,0,0,0
0,0,0,0,0,0,0,0,0,0,0,0
0,0,0,0,0,0,0,0,0,0,0,0
0,0,0,0,0,0,0,0,0,0,0,0
0.0010422355262562633,0.0031267066951841116,0.020483091473579407,0.0028448195662349463,0.0010862229391932487,-0.0336906798183918,0.03613689914345741,-0.013086904771625996,-0.002128458581864834,0.04132546856999397,0.07864371687173843,0.030293190851807594
0,0.0012098191073164344,-0.005122038070112467,-0.020353782922029495,-0.0007187059381976724,-0.032506633549928665,0.015886519104242325,-0.011674699373543262,-0.0010266233002766967,0.03644682839512825,0.06826020777225494,0.027810385450720787
0,0,0,0,0,0,0,0,0,0,0,0
0,0,0,0,0,0,0,0,0,0,0,0
0,-0.00559986662119627,-0.01795409806072712,-0.021338671445846558,0.001167241600342095,-0.03583914786577225,0.008528340607881546,-0.004346679430454969,-0.0005418857326731086,0.04143901169300079,0.0626664012670517,0.030352460220456123
0,0,0,0,0,0,0,0,0,0,0,0
0,0,0,0,0,0,0,0,0,0,0,0
0,-0.0039038846734911203,-0.011814447119832039,-0.012211577035486698,0.001786520006135106,-0.02753380686044693,-0.003521251492202282,-0.006469959858804941,-0.0010171618778258562,0.03708690404891968,0.056983403861522675,0.021278148517012596
0,0,0,0,0,0,0,0,0,0,0,0
0,-0.003143801586702466,-0.008927885442972183,-0.0094333840534091,0.001092161750420928,-0.027596820145845413,-0.0002457647060509771,-0.0038398755714297295,-0.00004422791243996471,0.0387735553085804,0.055313773453235626,0.020542195066809654
0,0,0,0,0,0,0,0,0,0,0,0
0,0,0,0,0,0,0,0,0,0,0,0
0,0,0,0,0,0,0,0,0,0,0,0
0,-0.003399788634851575,-0.011102104559540749,-0.022198686376214027,0.0017931584734469652,-0.023798519745469093,0.012360001914203167,-0.0034393654204905033,-0.000047829213144723326,0.04079746454954147,0.052565403282642365,0.010313455015420914
0,0,0,0,0,0,0,0,0,0,0,0
0,0,0,0,0,0,0,0,0,0,0,0
0.001745329238474369,-0.0031535292509943247,-0.003959364257752895,-0.008260353468358517,-0.000649788067676127,-0.01997235231101513,0.01798040233552456,0.006622109562158585,-0.00004436476228875108,0.03784235194325447,0.04327704384922981,0.010134904645383358
0.001745329238474369,-0.0031535292509943247,-0.003959364257752895,-0.008260353468358517,-0.000649788067676127,-0.01997235231101513,0.01798040233552456,0.006622109562158585,-0.00004436476228875108,0.03784235194325447,0.04327704384922981,0.010134904645383358
0,0,0,0,0,0,0,0,0,0,0,0
0,0,0,0,0,0,0,0,0,0,0,0
0,0,0,0,0,0,0,0,0,0,0,0
0,0,0,0,0,0,0,0,0,0,0,0
0,-0.0019558360800147057,-0.0025709241162985563,-0.0034272733610123396,0.0010191909968852997,-0.01739201694726944,0.01784522645175457,0.008886290714144707,-0.00004127290230826475,0.03520504757761955,0.041300684213638306,0.00919420551508665
0,0,0,0,0,0,0,0,0,0,0,0
0,0,0,0,0,0,0,0,0,0,0,0
0,0,0,0,0,0,0,0,0,0,0,0
0,-0.003490658476948738,-0.045449502766132355,-0.03490390628576279,0.00007366139470832422,-0.027925267815589905,0.030841052532196045,-0.0018042813753709197,-0.00007366139470832422,0.06283185631036758,0.07109707593917847,0.014613436535000801
0,0,0,0,0,0,0,0,0,0,0,0
0,0,0,0,0,0,0,0,0,0,0,0
0,-0.001921583549119532,-0.02452464960515499,-0.011823390610516071,0.00004055009048897773,-0.013627339154481888,0.01084071397781372,0.001058386405929923,-0.0017858793726190925,0.03458850458264351,0.037223950028419495,0.005949619226157665
0,-0.001921583549119532,-0.02452464960515499,-0.011823390610516071,0.00004055009048897773,-0.013627339154481888,0.01084071397781372,0.001058386405929923,-0.0017858793726190925,0.03458850458264351,0.037223950028419495,0.005949619226157665
0,-0.002068257424980402,-0.045209117233753204,-0.0034188111312687397,0.0010777739807963371,-0.015511929988861084,-0.0129668228328228,-0.00041575595969334245,-0.000043645264668157324,0.03722863271832466,0.03284366428852081,0.00027581409085541964
0,0,0,0,0,0,0,0,0,0,0,0
0,-0.0037194332107901573,-0.03466285765171051,0.0022309033665806055,0.00004165840073255822,-0.011086346581578255,-0.026590242981910706,-0.00048566542682237923,-0.00004165840073255822,0.03553387150168419,0.006955732125788927,-0.002984209917485714
0,0,0,0,0,0,0,0,0,0,0,0
0,0,0,0,0,0,0,0,0,0,0,0
0,0,0,0,0,0,0,0,0,0,0,0
0,0,0,0,0,0,0,0,0,0,0,0
0,0,0,0,0,0,0,0,0,0,0,0
0,-0.003490658476948738,-0.11100271344184875,0.003523028688505292,-0.0016716679092496634,0,-0.10508286952972412,-0.04502122104167938,-0.00007366139470832422,0.015707964077591896,-0.1289440542459488,0.03838127851486206
0,0,0,0,0,0,0,0,0,0,0,0
0,0.000173400214407593,-0.06498749554157257,-0.010458570905029774,0.0000331715309584979,-0.004276623018085957,-0.03812519088387489,-0.020717376843094826,0.0009261931991204619,0.007073680870234966,-0.035845037549734116,0.02259020507335663
0.0010366977658122778,-0.0010366977658122778,-0.09271471947431564,-0.01900378242135048,0.0007523851818405092,-0.0020733955316245556,-0.055964864790439606,-0.028866667300462723,-0.00004375369462650269,0.009330280125141144,-0.0459028035402298,0.03296231850981712
0.0010366977658122778,-0.0010366977658122778,-0.09271471947431564,-0.01900378242135048,0.0007523851818405092,-0.0020733955316245556,-0.055964864790439606,-0.028866667300462723,-0.00004375369462650269,0.009330280125141144,-0.0459028035402298,0.03296231850981712
0,-0.00119126180652529,-0.15505854785442352,-0.06253179162740707,-0.0016950522549450397,0.000554067431949079,-0.07939793914556503,-0.04642857611179352,-0.00005027704901294783,0.00953009445220232,-0.031522322446107864,0.0353834293782711
0,0,0,0,0,0,0,0,0,0,0,0
0,-0.001745329238474369,-0.20836278796195984,-0.08554576337337494,-0.0016716679092496634,0,-0.08772935718297958,-0.05322018638253212,-0.00007366139470832422,0.012217304669320583,-0.03303275629878044,0.04236515238881111
0,0,0,0,0,0,0,0,0,0,0,0
0,0,0,0,0,0,0,0,0,0,0,0
0,0,0,0,0,0,0,0,0,0,0,0
0.001745329238474369,-0.0024673568550497293,-0.03503371402621269,-0.02768706902861595,0.00005206723653827794,0,-0.007368787191808224,-0.004729048348963261,-0.00005206723653827794,0.008635749109089375,-0.017940623685717583,0.02433285117149353
0.001745329238474369,0,-0.0477776899933815,-0.03900086134672165,0.00007366139470832422,0,-0.005486527923494577,-0.005668875761330128,-0.00007366139470832422,0.012217304669320583,-0.02478598803281784,0.03340307995676994
0,0,0,0,0,0,0,0,0,0,0,0
0,0,0,0,0,0,0,0,0,0,0,0
0.0009708260768093169,-0.004657807759940624,-0.004421877674758434,-0.005800260696560144,0.000040973587601911277,0,0.00048697652528062463,0.0007099492941051722,-0.0010117996716871858,0.006795782595872879,-0.011864439584314823,0.022823022678494453
0,0,0,0,0,0,0,0,0,0,0,0
0,0,0,0,0,0,0,0,0,0,0,0
0,0,0,0,0,0,0,0,0,0,0,0
0.0010583994444459677,-0.003175198333337903,0.011849411763250828,0.004997513722628355,0.00004466961036087014,0,0.007546540815383196,0.009847288019955158,-0.00004466961036087014,0.006350396666675806,-0.038874126970767975,0.024360697716474533
0,0,0,0,0,0,0,0,0,0,0,0
0.0010464913211762905,-0.003139474196359515,0.004573066718876362,0.004722177051007748,0.00004416703086462803,0,-0.005235213786363602,0.002606745343655348,-0.00004416703086462803,0.00627894839271903,-0.05236473307013512,0.02501761168241501
0.0009821995627135038,-0.002946598455309868,-0.001269185566343367,0.0016677750973030925,0.00004145360071561299,0,-0.007504900451749563,-0.0009832729119807482,-0.00004145360071561299,0.005893196910619736,-0.04510558769106865,0.022716080769896507
0,0,0,0,0,0,0,0,0,0,0,0
0,0,0,0,0,0,0,0,0,0,0,0
-0.0007034917362034321,-0.003829004243016243,-0.009165474213659763,-0.0038008878473192453,0.0007474623271264136,0,-0.023408187553286552,-0.00804816372692585,-0.00004397061638883315,0.006251025013625622,-0.02086285687983036,0.01684456691145897
0,0,0,0,0,0,0,0,0,0,0,0
0.001745329238474369,-0.003490658476948738,-0.03970697149634361,-0.01892748847603798,0.00007366139470832422,0,-0.0677001029253006,-0.023066682741045952,-0.00007366139470832422,0.010471975430846214,-0.0054175639525055885,0.023382842540740967
-0.0007514241733588278,-0.0012363860150799155,-0.04995426908135414,-0.020857470110058784,-0.001703381654806435,0.001745329238474369,-0.0770779699087143,-0.02908049151301384,-0.00004194763459963724,0.0059634302742779255,0.012357438914477825,0.009674817323684692
0,0,0,0,0,0,0,0,0,0,0,0
0,0.0013450323604047298,-0.09421279281377792,-0.04029073193669319,0.00004527793498709798,-0.0006725161802023649,-0.15664441883563995,-0.06614557653665543,-0.00004527793498709798,0.004691549111157656,0.037165991961956024,-0.007710122969001532
0,0,0,0,0,0,0,0,0,0,0,0
0,0.001745329238474369,-0.056569501757621765,-0.020561637356877327,0.00003341529372846708,0,-0.09697480499744415,-0.030242348089814186,-0.0008251555263996124,0.005704030394554138,0.014155282638967037,-0.01029231771826744
0,-0.001745329238474369,-0.056393034756183624,-0.018977196887135506,0.00004137909854762256,0,-0.09947416186332703,-0.025762097910046577,-0.00004137909854762256,0.004902171436697245,0.012281752191483974,-0.03239215910434723
0,0,0,0,0,0,0,0,0,0,0,0
0,0,0,0,0,0,0,0,0,0,0,0
0,0,0,0,0,0,0,0,0,0,0,0
0,0,0,0,0,0,0,0,0,0,0,0
0,0,0,0,0,0,0,0,0,0,0,0
0,0,0,0,0,0,0,0,0,0,0,0
0,0,0,0,0,0,0,0,0,0,0,0
0,0,0.0062316423282027245,0.0051319655030965805,0.00007366139470832422,0,0.009925038553774357,0.00422382028773427,0.0016716679092496634,0.003490658476948738,-0.01890341192483902,-0.02056322805583477
0,0,0.0009956546127796173,0.0051319655030965805,0.00007366139470832422,0,0.00468905083835125,0.002478491049259901,-0.00007366139470832422,0.003490658476948738,-0.015412752516567707,-0.017072569578886032
0,0,0,0,0,0,0,0,0,0,0,0
0,0.001745329238474369,-0.005602681078016758,0.006088168825954199,0.000044445176172303036,0,-0.001178227597847581,0.0023447612766176462,-0.001789774396456778,0.0038514926563948393,-0.016578322276473045,-0.00963658932596445
0,-0.001745329238474369,-0.0016221394762396812,0.013410705141723156,0.00007366139470832422,0,-0.001454385812394321,-0.0020081312395632267,-0.00007366139470832422,0.001745329238474369,-0.0430271290242672,-0.008146489970386028
0,-0.001745329238474369,-0.0016221394762396812,0.013410705141723156,0.00007366139470832422,0,-0.001454385812394321,-0.0020081312395632267,-0.00007366139470832422,0.001745329238474369,-0.0430271290242672,-0.008146489970386028
0,0,0,0,0,0,0,0,0,0,0,0
0,0,0,0,0,0,0,0,0,0,0,0
0.001745329238474369,-0.003490658476948738,0.0006391377537511289,0.01287014689296484,0.00007366139470832422,0,-0.01934494450688362,-0.005033661145716906,-0.0018189906841143966,0.001745329238474369,-0.07066259533166885,0.015767786651849747
-0.000706288090441376,0.000706288090441376,-0.003059720154851675,-0.0026618491392582655,0.0007501406944356859,-0.000706288090441376,-0.01664743945002556,-0.006742850877344608,0.0006624354864470661,0.001745329238474369,-0.02141444757580757,0.018421316519379616
0.001745329238474369,-0.003490658476948738,-0.005355985835194588,-0.00281528546474874,0.000743808806873858,0,-0.028729567304253578,-0.010621628724038601,-0.00004413160786498338,0.0027909812051802874,-0.012939710170030594,0.026665866374969482
0.0007474911981262267,-0.0004971444141119719,-0.004564567469060421,-0.0009707575663924217,0.00003154777004965581,0,-0.019392196089029312,-0.008188066072762012,-0.00003154777004965581,0.0014949823962524533,-0.007222883868962526,0.014763602055609226
0.0007474911981262267,-0.0004971444141119719,-0.004564567469060421,-0.0009707575663924217,0.00003154777004965581,0,-0.019392196089029312,-0.008188066072762012,-0.00003154777004965581,0.0014949823962524533,-0.007222883868962526,0.014763602055609226
0,0,0,0,0,0,0,0,0,0,0,0
0,-0.0022282309364527464,-0.008913512341678143,0.0005587806808762252,0.00004702109799836762,0,-0.02514011785387993,-0.0139386635273695,-0.00004702109799836762,0.0011141154682263732,-0.014855721965432167,0.025972852483391762
0,-0.0021812368649989367,-0.008820871822535992,-0.0023193443194031715,0.000046029406803427264,0,-0.01797403395175934,-0.009907734580338001,-0.000046029406803427264,0.0010906184324994683,-0.011531178839504719,0.021742573007941246
0,-0.0021812368649989367,-0.008820871822535992,-0.0023193443194031715,0.000046029406803427264,0,-0.01797403395175934,-0.009907734580338001,-0.000046029406803427264,0.0010906184324994683,-0.011531178839504719,0.021742573007941246
0,0,0,0,0,0,0,0,0,0,0,0
0,0,0,0,0,0,0,0,0,0,0,0
0,0,0,0,0,0,0,0,0,0,0,0
0,0,0,0,0,0,0,0,0,0,0,0
0,-0.0009107156074605882,-0.02553654834628105,-0.006886585149914026,0.00003843663216684945,-0.0008346136310137808,-0.01590605080127716,-0.00835141260176897,-0.00003843663216684945,-0.0008346136310137808,-0.011885743588209152,0.012930845841765404
0,0,0,0,0,0,0,0,0,0,0,0
0,0,0,0,0,0,0,0,0,0,0,0
0,0,-0.05952875316143036,-0.02508997730910778,0.00007366139470832422,0,-0.04159742221236229,-0.019919922575354576,-0.00007366139470832422,0.001745329238474369,-0.030931679531931877,0.030500851571559906
0,0,0,0,0,0,0,0,0,0,0,0
0,0,0,0,0,0,0,0,0,0,0,0
0.001745329238474369,-0.001745329238474369,-0.06387338787317276,-0.023912491276860237,0.00007366139470832422,0,-0.054230064153671265,-0.01142765674740076,-0.00007366139470832422,0,-0.09657630324363708,0.025358187034726143
0.001745329238474369,-0.001745329238474369,-0.06387338787317276,-0.023912491276860237,0.00007366139470832422,0,-0.054230064153671265,-0.01142765674740076,-0.00007366139470832422,0,-0.09657630324363708,0.025358187034726143
0,0,-0.0349208265542984,-0.008236224763095379,0.00004143078695051372,0,-0.028467604890465736,-0.006977078039199114,-0.00004143078695051372,0.0009816589299589396,-0.04456742852926254,0.011940048076212406
0,0,-0.040232136845588684,-0.014404773712158203,0.00004556561907520518,0,-0.02800668403506279,-0.008429072797298431,-0.0017908948939293623,0.0010796294081956148,-0.036963097751140594,0.011628213338553905
0,0,-0.040232136845588684,-0.014404773712158203,0.00004556561907520518,0,-0.02800668403506279,-0.008429072797298431,-0.0017908948939293623,0.0010796294081956148,-0.036963097751140594,0.011628213338553905
0,0,0,0,0,0,0,0,0,0,0,0
0,0,0,0,0,0,0,0,0,0,0,0
0,0,0,0,0,0,0,0,0,0,0,0
0,0,0,0,0,0,0,0,0,0,0,0
0,0,0,0,0,0,0,0,0,0,0,0
0,-0.001268612453714013,-0.036539915949106216,-0.01986510492861271,0.00005354162203730084,0,-0.017649956047534943,-0.009573577903211117,0.001215070835314691,0.001268612453714013,0.015748772770166397,-0.0415630079805851
0,0,0,0,0,0,0,0,0,0,0,0
0,0,0,0,0,0,0,0,0,0,0,0
0,0,0,0,0,0,0,0,0,0,0,0
0,0,-0.025646818801760674,-0.009487786330282688,0.0007434503640979528,0,-0.01556243747472763,-0.008234903216362,-0.00004414740396896377,0.0010460263583809137,0.014794201590120792,-0.037832628935575485
0,0,-0.025646818801760674,-0.009487786330282688,0.0007434503640979528,0,-0.01556243747472763,-0.008234903216362,-0.00004414740396896377,0.0010460263583809137,0.014794201590120792,-0.037832628935575485
0,0,-0.025646818801760674,-0.009487786330282688,0.0007434503640979528,0,-0.01556243747472763,-0.008234903216362,-0.00004414740396896377,0.0010460263583809137,0.014794201590120792,-0.037832628935575485
0,0,-0.020682062953710556,-0.009466535411775112,0.00002464366116328165,0,-0.016277235001325607,-0.010184001177549362,-0.00002464366116328165,0,-0.00019257687381468713,-0.009971297346055508
0,0,0,0,0,0,0,0,0,0,0,0
0,0,-0.03809163346886635,-0.016085989773273468,0.000044178308598930016,0,-0.03654351085424423,-0.021057704463601112,-0.0010909369448199868,-0.0006985706277191639,-0.0020764118526130915,-0.00516776368021965
0,0,-0.03809163346886635,-0.016085989773273468,0.000044178308598930016,0,-0.03654351085424423,-0.021057704463601112,-0.0010909369448199868,-0.0006985706277191639,-0.0020764118526130915,-0.00516776368021965
0,0,-0.042111046612262726,-0.0206756629049778,0.00004431177512742579,0,-0.051550522446632385,-0.03229983150959015,-0.00004431177512742579,-0.000695408321917057,0.00930273998528719,0.008634133264422417
0,0,-0.042111046612262726,-0.0206756629049778,0.00004431177512742579,0,-0.051550522446632385,-0.03229983150959015,-0.00004431177512742579,-0.000695408321917057,0.00930273998528719,0.008634133264422417
0,0,-0.05010263994336128,-0.02097909525036812,0.0018189906841143966,0,-0.060188814997673035,-0.035121407359838486,-0.0018189906841143966,0,0.006907127797603607,0.01897931657731533
0,0,-0.05010263994336128,-0.02097909525036812,0.0018189906841143966,0,-0.060188814997673035,-0.035121407359838486,-0.0018189906841143966,0,0.006907127797603607,0.01897931657731533
0,0,-0.027591213583946228,-0.010456079617142677,0.000042060335545102134,0,-0.025369830429553986,-0.013073688372969627,-0.0017873896285891533,0,0.0002767591504380107,0.013002017512917519
0,0,-0.0199268888682127,-0.009093597531318665,0.000033258671464864165,0,-0.018876779824495316,-0.010168028995394707,-0.001778587931767106,0.000788029283285141,0.0005500966217368841,0.008126680739223957
0,0,-0.0199268888682127,-0.009093597531318665,0.000033258671464864165,0,-0.018876779824495316,-0.010168028995394707,-0.001778587931767106,0.000788029283285141,0.0005500966217368841,0.008126680739223957
0,0,0,0,0,0,0,0,0,0,0,0
0,0,0.0068970839492976665,-0.002740679308772087,0.0018189906841143966,0,-0.01511745247989893,0.002264137612655759,-0.00007366139470832422,0,-0.007635739631950855,0.01340711209923029
0,0,0,0,0,0,0,0,0,0,0,0
0,0,0,0,0,0,0,0,0,0,0,0
0,-0.001745329238474369,0.04919964820146561,0.017592092975974083,0.0018189906841143966,0,0.0024668395053595304,0.018123185262084007,-0.003564319806173444,0.001745329238474369,-0.0176920834928751,0.011804462410509586
0.0010459101758897305,-0.0010459101758897305,0.040152255445718765,0.021245136857032776,0.00004414250361151062,0,0.004458151757717133,0.014033525250852108,-0.00039063359145075083,0.0010459101758897305,-0.010190405882894993,0.010348457843065262
0.0010459101758897305,-0.0010459101758897305,0.040152255445718765,0.021245136857032776,0.00004414250361151062,0,0.004458151757717133,0.014033525250852108,-0.00039063359145075083,0.0010459101758897305,-0.010190405882894993,0.010348457843065262
0,0,0.04725160449743271,0.028764633461833,-0.0016716679092496634,0,0.000049313144700136036,0.01225521881133318,-0.00007366139470832422,0.001745329238474369,-0.017481066286563873,0.01908828318119049
0,0,0,0,0,0,0,0,0,0,0,0
0,0,0,0,0,0,0,0,0,0,0,0
0,0,0.007011606357991695,0.007223489694297314,0.00004424992948770523,0,-0.00667522894218564,0.0014060789253562689,-0.00004424992948770523,-0.0006968736415728927,-0.015845485031604767,0.02651655301451683
0,0,0,0,0,0,0,0,0,0,0,0
0,0,-0.0025852168910205364,0.0002959357516374439,0.00007366139470832422,0,-0.01453226525336504,-0.0005470439209602773,-0.00007366139470832422,0,-0.024420812726020813,0.04030365124344826
0,0,0,0,0,0,0,0,0,0,0,0
0,0,-0.010523601435124874,-0.0049115740694105625,0.00007366139470832422,0,-0.016584156081080437,-0.0015793666243553162,-0.00007366139470832422,0.001745329238474369,-0.02863895706832409,0.04263530299067497
0,0,0,0,0,0,0,0,0,0,0,0
0,0.0007620151154696941,-0.017733652144670486,-0.005868499632924795,0.000041500643419567496,0,-0.009015955030918121,-0.002595253987237811,-0.000041500643419567496,0,-0.03070763312280178,0.024119261652231216
0,0,0,0,0,0,0,0,0,0,0,0
0,0,-0.021456407383084297,-0.009346777573227882,-0.001001431024633348,0,-0.010539044626057148,-0.002719337120652199,-0.0010896864114329219,0.001045558718033135,-0.016407284885644913,0.012374971993267536
0,0,-0.03349418193101883,-0.013857049867510796,-0.0016716679092496634,0,-0.01759260706603527,-0.00453933235257864,-0.00007366139470832422,0.001745329238474369,-0.026247581467032433,0.022416288033127785
0,0,-0.01871117204427719,-0.007162507623434067,0.00003764753637369722,0,-0.00901460275053978,-0.0035451683215796947,-0.00003764753637369722,0.0008920188411138952,-0.00748400529846549,0.0056182267144322395
0,-0.0009796884842216969,-0.027078596875071526,-0.01179126650094986,0.00004134762639296241,0,-0.010038389824330807,-0.00400721188634634,-0.00004134762639296241,0.0009796884842216969,-0.0084878820925951,-0.001522535807453096
0,-0.001745329238474369,-0.046114254742860794,-0.017515653744339943,0.00007366139470832422,0,-0.017883537337183952,-0.008502906188368797,-0.00007366139470832422,0.001745329238474369,-0.015121283940970898,-0.0027124194893985987
0,0,0,0,0,0,0,0,0,0,0,0
0,-0.001745329238474369,-0.03263738751411438,-0.014644463546574116,0.00004107777203898877,0,-0.013607320375740528,-0.009534507989883423,-0.00004107777203898877,0.000973294663708657,-0.015045704320073128,-0.02113209292292595
0,0,-0.02398129180073738,-0.009035813622176647,0.00003861045479425229,0,-0.015063920989632607,-0.00793511513620615,-0.00003861045479425229,0.001829668297432363,-0.016404950991272926,-0.020408138632774353
0,0,-0.04526903107762337,-0.016916805878281593,0.00007366139470832422,0,-0.028739092871546745,-0.016723114997148514,-0.00007366139470832422,0.003490658476948738,-0.02780686318874359,-0.03861303627490997
-0.0006888331845402718,-0.0010564960539340973,-0.022895706817507744,-0.011259417049586773,0.000044589280150830746,0,-0.027546869590878487,-0.015062867663800716,-0.000044589280150830746,0.0021129921078681946,-0.022585047408938408,-0.02552466280758381
0,0,0,0,0,0,0,0,0,0,0,0
0,0,-0.028610127046704292,-0.012635870836675167,0.00004354208067525178,0,-0.04534599557518959,-0.022648079320788383,-0.00004354208067525178,0.0027770129963755608,-0.015210728161036968,-0.02443801425397396
0,0,-0.03766559436917305,-0.014538317918777466,0.000057124521845253184,0,-0.06722874194383621,-0.03685471788048744,-0.000057124521845253184,0.000961681769695133,-0.016209522262215614,-0.02714414894580841
0,-0.001745329238474369,-0.05358479917049408,-0.014168260619044304,0.00004724473910755478,0,-0.08288977295160294,-0.04622441902756691,-0.00004724473910755478,0.0011194144608452916,-0.011409818194806576,-0.01798326149582863
0,-0.001745329238474369,-0.05358479917049408,-0.014168260619044304,0.00004724473910755478,0,-0.08288977295160294,-0.04622441902756691,-0.00004724473910755478,0.0011194144608452916,-0.011409818194806576,-0.01798326149582863
0,0,-0.029018698260188103,-0.009656100533902645,0.000029946208087494597,0,-0.03686116263270378,-0.02232872135937214,-0.000029946208087494597,0.0007095439359545708,-0.008489497937262058,-0.007535579614341259
0,0,0,0,0,0,0,0,0,0,0,0
0,0,0,0,0,0,0,0,0,0,0,0
0,0,0,0,0,0,0,0,0,0,0,0
0,0,0,0,0,0,0,0,0,0,0,0
0,0,0,0,0,0,0,0,0,0,0,0
0,-0.0007175145437940955,-0.010093217715620995,-0.0038796989247202873,0.00004337878635851666,0,0.016575831919908524,0.0040594954043626785,-0.0010711934883147478,0.0010278146946802735,-0.012717681005597115,-0.013336220756173134
0,0,0,0,0,0,0,0,0,0,0,0
0,0,0,0,0,0,0,0,0,0,0,0
0,0,0,0,0,0,0,0,0,0,0,0
0,0,0,0,0,0,0,0,0,0,0,0
0,0,0,0,0,0,0,0,0,0,0,0
0,0,0,0,0,0,0,0,0,0,0,0
0.001745329238474369,0.0006935839774087071,-0.016623107716441154,-0.0020313046406954527,-0.0006491952226497233,0,-0.01910693198442459,-0.012839757837355137,-0.0010961340740323067,0.001745329238474369,-0.05518776550889015,-0.015546894632279873
0,0,0,0,0,0,0,0,0,0,0,0
0,0,-0.03388037905097008,0.0026374368462711573,0.000037589339626720175,0,-0.024862585589289665,-0.01180971134454012,-0.001782918581739068,0.0008906399016268551,-0.045679375529289246,-0.023097431287169456
0,0,0,0,0,0,0,0,0,0,0,0
0,0,0,0,0,0,0,0,0,0,0,0
0,0,0,0,0,0,0,0,0,0,0,0
0,-0.0005134296952746809,-0.025799663737416267,0.00002313492223038338,0.00004766531128552742,0,-0.020894985646009445,-0.00814769510179758,0.0005682844785042107,0,-0.04520687088370323,-0.025876767933368683
0,0,0,0,0,0,0,0,0,0,0,0
0,0,0,0,0,0,0,0,0,0,0,0
0,0,-0.011359087191522121,-0.001046480261720717,0.000043610762077150866,0,-0.013843236491084099,-0.006192374508827925,-0.000043610762077150866,0.0010333111276850104,-0.029455117881298065,-0.01836308464407921
0,0,0,0,0,0,0,0,0,0,0,0
0,0,0,0,0,0,0,0,0,0,0,0
0.001291121356189251,-0.001291121356189251,0.005659221671521664,-0.0008808543207123876,0.0000544916074431967,0,-0.01283864676952362,-0.0056947679258883,-0.0013456129236146808,0.001291121356189251,-0.01614406146109104,-0.01213810220360756
0,0,0.003545444691553712,-0.001190733048133552,0.00007366139470832422,0,-0.019100526347756386,-0.007698149420320988,-0.00007366139470832422,0.001745329238474369,-0.019560765475034714,-0.017022201791405678
0,0,0.061232492327690125,-0.004594194702804089,0.00004379855818115175,0,-0.0017376093892380595,-0.000996171380393207,-0.00004379855818115175,0.0010377607541158795,0.007865006104111671,-0.005567213986068964
0,0,0.05039827153086662,0.0004141943354625255,0.00003622229996835813,0,-0.001573300687596202,0.00015924817125778645,-0.0017815515166148543,0.0008582493173889816,0.009262599982321262,-0.0031440909951925278
0,-0.001745329238474369,0.03874847665429115,0.003982480615377426,0.000041088969737757,0,-0.0017498215893283486,0.002281368477270007,0.00073068035999313,0.0009735599160194397,0.013018811121582985,0.00009438588313059881
0,-0.001745329238474369,0.03874847665429115,0.003982480615377426,0.000041088969737757,0,-0.0017498215893283486,0.002281368477270007,0.00073068035999313,0.0009735599160194397,0.013018811121582985,0.00009438588313059881
0,0,0,0,0,0,0,0,0,0,0,0
0,0,0.0050853281281888485,0.003987839911133051,0.000039488746551796794,0,-0.0051999399438500404,0.0015285402769222856,-0.000975133094470948,0.001745329238474369,0.013348390348255634,0.0073684207163751125
0.0009726841235533357,0,0.0022735304664820433,0.00282119819894433,0.0017863812390714884,0,-0.004455929156392813,0.0009105955250561237,-0.0017863812390714884,0.0019453682471066713,0.01540327724069357,0.011161968111991882
0,0,-0.0010499468771740794,0.001309109153226018,0.00004118030483368784,0,-0.004150631371885538,0.000330196984577924,-0.00004118030483368784,0.0019514481537044048,0.019129836931824684,0.0151855843141675
0,0,0,0,0,0,0,0,0,0,0,0
0,-0.001745329238474369,-0.0043907021172344685,0.00011933364294236526,0.00004412844282342121,0,-0.0027232877910137177,0.0038689863868057728,-0.0017894577467814088,0.002091154223307967,0.029184091836214066,0.021313128992915154
0,0,0,0,0,0,0,0,0,0,0,0
0,0,0,0,0,0,0,0,0,0,0,0
0,0,0,0,0,0,0,0,0,0,0,0
0,0,0,0,0,0,0,0,0,0,0,0
0,0,0,0,0,0,0,0,0,0,0,0
0,0,0,0,0,0,0,0,0,0,0,0
0,-0.0010848281672224402,-0.01925414614379406,-0.001955949468538165,0.000045785029215039685,0,-0.012111911550164223,-0.0011345818638801575,-0.000045785029215039685,0.0010848281672224402,-0.0569118894636631,0.027129512280225754
0,0,0,0,0,0,0,0,0,0,0,0
0,0,-0.013914145529270172,-0.0010216617956757545,0.0000410126376664266,0,-0.010292299091815948,-0.0005132406949996948,-0.0017863418906927109,0.0009717512875795364,-0.041050661355257034,0.02344602160155773
0,0,0,0,0,0,0,0,0,0,0,0
0,0,0,0,0,0,0,0,0,0,0,0
0,0,0,0,0,0,0,0,0,0,0,0
0,0,0,0,0,0,0,0,0,0,0,0
0,0,-0.001581421704031527,-0.0015592137351632118,0.00007366139470832422,0,-0.004561821464449167,0.004040684085339308,-0.00007366139470832422,0.001745329238474369,-0.024146873503923416,0.015883298590779305
0,0,0,0,0,0,0,0,0,0,0,0
0,0,0.0008995443349704146,0.0008164644241333008,0.0018189906841143966,0,0.0006414393428713083,0.00546076288446784,-0.00007366139470832422,0.001745329238474369,0.0210880134254694,0.0168211180716753
0,0,0.0008995443349704146,0.0008164644241333008,0.0018189906841143966,0,0.0006414393428713083,0.00546076288446784,-0.00007366139470832422,0.001745329238474369,0.0210880134254694,0.0168211180716753
0,0,0,0,0,0,0,0,0,0,0,0
0,0,0,0,0,0,0,0,0,0,0,0
0,0,0,0,0,0,0,0,0,0,0,0
0,0,0,0,0,0,0,0,0,0,0,0
0,0,0,0,0,0,0,0,0,0,0,0
0,0,0,0,0,0,0,0,0,0,0,0
0.008726646192371845,-0.012217304669320583,0.08521460741758347,0.04010902717709541,0.00007366139470832422,0,0.09122321754693985,0.06646013259887695,-0.00007366139470832422,0.001745329238474369,0.0835718959569931,0.10426823049783707
0,0,0,0,0,0,0,0,0,0,0,0
0.015612034127116203,-0.018017122521996498,0.08253534138202667,0.03715963289141655,-0.001701537286862731,0.001745329238474369,0.06100877374410629,0.040148451924324036,-0.00490193534642458,0.0076410770416259766,0.08858773112297058,0.07676396518945694
0,0,0,0,0,0,0,0,0,0,0,0
0.04886921867728233,-0.06108652427792549,0.18305805325508118,0.08310416340827942,0.00007366139470832422,0,0.11268030852079391,0.08477531373500824,-0.0070549785159528255,0.02967059798538685,0.2913190424442291,0.16072535514831543
0.04886921867728233,-0.06108652427792549,0.18305805325508118,0.08310416340827942,0.00007366139470832422,0,0.11268030852079391,0.08477531373500824,-0.0070549785159528255,0.02967059798538685,0.2913190424442291,0.16072535514831543
0.04010939598083496,-0.047138575464487076,0.12225238978862762,0.055735353380441666,0.00041281143785454333,0.0006885593174956739,0.04556611552834511,0.03096712939441204,-0.004271680489182472,0.023569287732243538,0.26383504271507263,0.13150116801261902
0.04010939598083496,-0.047138575464487076,0.12225238978862762,0.055735353380441666,0.00041281143785454333,0.0006885593174956739,0.04556611552834511,0.03096712939441204,-0.004271680489182472,0.023569287732243538,0.26383504271507263,0.13150116801261902
0.0406562015414238,-0.047390103340148926,0.10989494621753693,0.05312025547027588,-0.0017032208852469921,0,0.08098804950714111,0.0336233489215374,-0.004032967146486044,0.026688195765018463,0.33370915055274963,0.2291772961616516
0.039843183010816574,-0.04807461425662041,0.10676870495080948,0.05322885885834694,0.0008578500128351152,0,0.11781471222639084,0.05092739686369896,-0.0054907784797251225,0.02594439871609211,0.3382309675216675,0.2566988468170166
0.049253180623054504,-0.05595369264483452,0.1286485344171524,0.06226229667663574,0.001789886155165732,0,0.14899152517318726,0.06294117867946625,-0.006012806203216314,0.030616171658039093,0.40560048818588257,0.3088572919368744
0.04508829489350319,-0.04887611046433449,0.18760459125041962,0.07138331979513168,0.0009611117420718074,0,0.15635418891906738,0.07877950370311737,-0.005473013501614332,0.026743533089756966,0.3928934633731842,0.26737916469573975
0.04508829489350319,-0.04887611046433449,0.18760459125041962,0.07138331979513168,0.0009611117420718074,0,0.15635418891906738,0.07877950370311737,-0.005473013501614332,0.026743533089756966,0.3928934633731842,0.26737916469573975
0.05256844684481621,-0.054263822734355927,0.30242207646369934,0.10113426297903061,-0.0024096767883747816,0,0.19379132986068726,0.09391456842422485,-0.005937930196523666,0.030078988522291183,0.47047412395477295,0.29058247804641724
0.07510960847139359,-0.07559330016374588,0.5956457853317261,0.1938846856355667,-0.00499329250305891,0.001745329238474369,0.3274511694908142,0.16725729405879974,-0.00810675136744976,0.04007807374000549,0.6267614960670471,0.3333909213542938
0.07510960847139359,-0.07559330016374588,0.5956457853317261,0.1938846856355667,-0.00499329250305891,0.001745329238474369,0.3274511694908142,0.16725729405879974,-0.00810675136744976,0.04007807374000549,0.6267614960670471,0.3333909213542938
0,0,0,0,0,0,0,0,0,0,0,0
0.060084566473960876,-0.060084566473960876,0.5536766052246094,0.23040710389614105,-0.0029134072829037905,0.0009849929483607411,0.31839853525161743,0.16202250123023987,-0.006936521735042334,0.035459745675325394,0.4986216425895691,0.2398080974817276
0,0,0,0,0,0,0,0,0,0,0,0
0,0,0,0,0,0,0,0,0,0,0,0
0,0,0,0,0,0,0,0,0,0,0,0
0,0,0,0,0,0,0,0,0,0,0,0
0.06874920427799225,-0.07086456567049026,0.5439417958259583,0.25861409306526184,-0.0003253915929235518,0,0.295308381319046,0.11533968150615692,-0.011679119430482388,0.045480240136384964,0.5210702419281006,0.2182556837797165
0.06874920427799225,-0.07086456567049026,0.5439417958259583,0.25861409306526184,-0.0003253915929235518,0,0.295308381319046,0.11533968150615692,-0.011679119430482388,0.045480240136384964,0.5210702419281006,0.2182556837797165
0.07713289558887482,-0.07950621098279953,0.6412400603294373,0.31638211011886597,-0.0011365771060809493,0,0.3300342857837677,0.11151603609323502,-0.01547666173428297,0.05102637782692909,0.586222231388092,0.2353159338235855
0.07713289558887482,-0.07950621098279953,0.6412400603294373,0.31638211011886597,-0.0011365771060809493,0,0.3300342857837677,0.11151603609323502,-0.01547666173428297,0.05102637782692909,0.586222231388092,0.2353159338235855
0,0,0,0,0,0,0,0,0,0,0,0
0.0677897110581398,-0.0716208815574646,0.6141300797462463,0.3278770446777344,0.000044016243919031695,0,0.2941623032093048,0.07465701550245285,-0.014644877053797245,0.04484550282359123,0.5170577168464661,0.18995627760887146
0,0,0,0,0,0,0,0,0,0,0,0
0,0,0,0,0,0,0,0,0,0,0,0
0,0,0,0,0,0,0,0,0,0,0,0
0,0,0,0,0,0,0,0,0,0,0,0
0,0,0,0,0,0,0,0,0,0,0,0
0.11344639956951141,-0.12042772024869919,1.003604769706726,0.5659325122833252,0.00007366139470832422,0,0.21463115513324738,0.01157007273286581,-0.021017612889409065,0.06283185631036758,0.9121313095092773,0.14691586792469025
0,0,0,0,0,0,0,0,0,0,0,0
0.1186823919415474,-0.13089969754219055,0.982955813407898,0.5556796193122864,0.00007366139470832422,0,0.1992972046136856,0.02202776074409485,-0.0018189906841143966,0.06283185631036758,0.9286142587661743,0.11357979476451874
0.1186823919415474,-0.13089969754219055,0.982955813407898,0.5556796193122864,0.00007366139470832422,0,0.1992972046136856,0.02202776074409485,-0.0018189906841143966,0.06283185631036758,0.9286142587661743,0.11357979476451874
0.12566371262073517,-0.1431169956922531,0.9539265632629395,0.5500987768173218,-0.0016716679092496634,-0.003490658476948738,0.18641424179077148,0.01621885597705841,0.0016716679092496634,0.06283185631036758,0.9392044544219971,0.10455463826656342
0,0,0,0,0,0,0,0,0,0,0,0
0.13264502584934235,-0.15533430874347687,0.9428801536560059,0.5503271818161011,0.00007366139470832422,-0.008726646192371845,0.17351630330085754,0.016866955906152725,0.005162326153367758,0.054105207324028015,0.9364526867866516,0.0874926745891571
0,0,0,0,0,0,0,0,0,0,0,0
0.08901285380125046,-0.1083703339099884,0.6112826466560364,0.360111802816391,0.000047832654672674835,-0.010812085121870041,0.1130937784910202,0.013764973729848862,0.004485545214265585,0.021352294832468033,0.6004325151443481,0.041151855140924454
0,0,0,0,0,0,0,0,0,0,0,0
0,0,0,0,0,0,0,0,0,0,0,0
0,0,0,0,0,0,0,0,0,0,0,0
0,0,0,0,0,0,0,0,0,0,0,0
0,0,0,0,0,0,0,0,0,0,0,0
0.08124331384897232,-0.10189744830131531,0.5940952897071838,0.3201694190502167,0.00004433575668372214,-0.01575733721256256,0.10826779156923294,0.02814202569425106,0.004157620947808027,0.006658583879470825,0.48353713750839233,0.028517242521047592
0.08124331384897232,-0.10189744830131531,0.5940952897071838,0.3201694190502167,0.00004433575668372214,-0.01575733721256256,0.10826779156923294,0.02814202569425106,0.004157620947808027,0.006658583879470825,0.48353713750839233,0.028517242521047592
0,0,0,0,0,0,0,0,0,0,0,0
0,0,0,0,0,0,0,0,0,0,0,0
0,0,0,0,0,0,0,0,0,0,0,0
0,0,0,0,0,0,0,0,0,0,0,0
0,0,0,0,0,0,0,0,0,0,0,0
0.014993596822023392,-0.05811977759003639,0.6708005666732788,0.24672497808933258,-0.0011309924302622676,-0.010062962770462036,0.13617372512817383,0.04372956603765488,0.0046734800562262535,0.008830304257571697,0.4547882676124573,0.013357278890907764
0,0,0,0,0,0,0,0,0,0,0,0
0,0,0,0,0,0,0,0,0,0,0,0
-0.003490658476948738,-0.05061454698443413,1.1681619882583618,0.4042814373970032,-0.0016716679092496634,-0.006981316953897476,0.20711657404899597,0.08045341819524765,0.008652985095977783,0.012217304669320583,0.672615110874176,0.014148139394819736
-0.003490658476948738,-0.05061454698443413,1.1681619882583618,0.4042814373970032,-0.0016716679092496634,-0.006981316953897476,0.20711657404899597,0.08045341819524765,0.008652985095977783,0.012217304669320583,0.672615110874176,0.014148139394819736
0,0,0,0,0,0,0,0,0,0,0,0
0,0,0,0,0,0,0,0,0,0,0,0
-0.008218026719987392,-0.017772482708096504,0.7828128933906555,0.27311035990715027,-0.0027292275335639715,0,0.1367967575788498,0.06153056025505066,0.0071474178694188595,0.0071907732635736465,0.3839649260044098,-0.0005229299422353506
0,0,0,0,0,0,0,0,0,0,0,0
0,0,0,0,0,0,0,0,0,0,0,0
-0.012106244452297688,-0.0165774654597044,0.796376645565033,0.2540929615497589,-0.002028455026447773,0.001036091591231525,0.1417885720729828,0.07461356371641159,0.009281096048653126,0.004471220076084137,0.37294742465019226,-0.02128870040178299
-0.012106244452297688,-0.0165774654597044,0.796376645565033,0.2540929615497589,-0.002028455026447773,0.001036091591231525,0.1417885720729828,0.07461356371641159,0.009281096048653126,0.004471220076084137,0.37294742465019226,-0.02128870040178299
0,0,0,0,0,0,0,0,0,0,0,0
-0.014519966207444668,-0.01703285053372383,0.8164805173873901,0.2058752030134201,-0.0014034007908776402,0.0028098823968321085,0.15359999239444733,0.08546104282140732,0.011665155179798603,0,0.38114577531814575,-0.020717140287160873
-0.014658973552286625,-0.016054851934313774,0.8046517968177795,0.19116400182247162,-0.0037952768616378307,0.003839468350633979,0.1541510820388794,0.08682555705308914,0.011473573744297028,-0.001745329238474369,0.3753106892108917,-0.01955135352909565
-0.014658973552286625,-0.016054851934313774,0.8046517968177795,0.19116400182247162,-0.0037952768616378307,0.003839468350633979,0.1541510820388794,0.08682555705308914,0.011473573744297028,-0.001745329238474369,0.3753106892108917,-0.01955135352909565
-0.014629707671701908,-0.016719665378332138,0.8069913387298584,0.17827652394771576,-0.0013455048901960254,0.00034462896292097867,0.16338589787483215,0.09221439808607101,0.014240975491702557,-0.0020899581722915173,0.3767721951007843,-0.023987188935279846
0,0,0,0,0,0,0,0,0,0,0,0
-0.01381681114435196,-0.013795978389680386,0.6681665778160095,0.13086098432540894,-0.002550354925915599,0.0017244972987100482,0.14834216237068176,0.08253691345453262,0.012897338718175888,-0.002607577946037054,0.3117436468601227,-0.023841073736548424
-0.021310023963451385,-0.017468299716711044,0.8137693405151367,0.1383998692035675,-0.0031003549229353666,-0.0006971312686800957,0.19196473062038422,0.10451487451791763,0.018472258001565933,-0.0020963959395885468,0.38070377707481384,-0.02717306651175022
-0.021310023963451385,-0.017468299716711044,0.8137693405151367,0.1383998692035675,-0.0031003549229353666,-0.0006971312686800957,0.19196473062038422,0.10451487451791763,0.018472258001565933,-0.0020963959395885468,0.38070377707481384,-0.02717306651175022
0,0,0,0,0,0,0,0,0,0,0,0
0,0,0,0,0,0,0,0,0,0,0,0
0,0,0,0,0,0,0,0,0,0,0,0
0,0,0,0,0,0,0,0,0,0,0,0
0,0,0,0,0,0,0,0,0,0,0,0
-0.036651913076639175,-0.013962633907794952,1.377264142036438,0.08775215595960617,-0.006907655391842127,-0.008726646192371845,0.3794684410095215,0.15388117730617523,0.0330875925719738,-0.003490658476948738,0.6348435282707214,-0.041786108165979385
-0.036651913076639175,-0.013962633907794952,1.377264142036438,0.08775215595960617,-0.006907655391842127,-0.008726646192371845,0.3794684410095215,0.15388117730617523,0.0330875925719738,-0.003490658476948738,0.6348435282707214,-0.041786108165979385
-0.02382555417716503,-0.009105403907597065,0.829849898815155,0.0555744394659996,-0.0031099419575184584,-0.003511867020279169,0.22932447493076324,0.09246150404214859,0.021678298711776733,-0.0021028786431998014,0.382595419883728,-0.023641405627131462
0,0,0,0,0,0,0,0,0,0,0,0
0,0,0,0,0,0,0,0,0,0,0,0
0,0,0,0,0,0,0,0,0,0,0,0
0,0,0,0,0,0,0,0,0,0,0,0
0,0,0,0,0,0,0,0,0,0,0,0
-0.019520575180649757,-0.006211092229932547,0.707265317440033,0.0403074286878109,-0.0017664179904386401,-0.004436494316905737,0.19146771728992462,0.05829521268606186,0.01770852878689766,0,0.33270135521888733,-0.008727806620299816
0,0,0,0,0,0,0,0,0,0,0,0
0,0,0,0,0,0,0,0,0,0,0,0
-0.04014257341623306,-0.012217304669320583,1.393887996673584,0.08323679119348526,-0.005162326153367758,-0.008726646192371845,0.37697821855545044,0.11133730411529541,0.03657825291156769,-0.001745329238474369,0.6534890532493591,-0.013845195062458515
-0.026098592206835747,-0.007411862723529339,0.8592635989189148,0.05251431092619896,-0.004877153784036636,-0.005980679299682379,0.22594386339187622,0.06348232924938202,0.022190898656845093,-0.0010588375153020024,0.39502376317977905,-0.004389874637126923
-0.026098592206835747,-0.007411862723529339,0.8592635989189148,0.05251431092619896,-0.004877153784036636,-0.005980679299682379,0.22594386339187622,0.06348232924938202,0.022190898656845093,-0.0010588375153020024,0.39502376317977905,-0.004389874637126923
-0.025840844959020615,-0.007536912802606821,0.8800749778747559,0.0524001345038414,-0.004929992835968733,-0.00363817997276783,0.22665411233901978,0.05582442507147789,0.022565297782421112,0.0006686273845843971,0.399392694234848,-0.003519737394526601
-0.025840844959020615,-0.007536912802606821,0.8800749778747559,0.0524001345038414,-0.004929992835968733,-0.00363817997276783,0.22665411233901978,0.05582442507147789,0.022565297782421112,0.0006686273845843971,0.399392694234848,-0.003519737394526601
-0.02127368561923504,-0.006204824894666672,0.7307658791542053,0.04315287992358208,-0.003508203662931919,-0.003545614192262292,0.1825508028268814,0.04134785756468773,0.01857706345617771,0,0.3258752226829529,-0.001169965835288167
-0.02334725670516491,-0.006809616461396217,0.8021090626716614,0.04779505357146263,-0.0021048232447355986,-0.0038912093732506037,0.1978565752506256,0.04262758791446686,0.020387792959809303,0,0.35626256465911865,0.00032148839090950787
-0.024986887350678444,-0.007287842221558094,0.8695435523986816,0.057445235550403595,-0.004824749659746885,-0.004164481069892645,0.20251794159412384,0.04070035740733147,0.02181958593428135,0,0.3803991675376892,0.007037091534584761
-0.024986887350678444,-0.007287842221558094,0.8695435523986816,0.057445235550403595,-0.004824749659746885,-0.004164481069892645,0.20251794159412384,0.04070035740733147,0.02181958593428135,0,0.3803991675376892,0.007037091534584761
-0.024986887350678444,-0.007287842221558094,0.8695435523986816,0.057445235550403595,-0.004824749659746885,-0.004164481069892645,0.20251794159412384,0.04070035740733147,0.02181958593428135,0,0.3803991675376892,0.007037091534584761
0,0,0,0,0,0,0,0,0,0,0,0
0,0,0,0,0,0,0,0,0,0,0,0
0,0,0,0,0,0,0,0,0,0,0,0
-0.02338503859937191,-0.005075307097285986,0.8894898295402527,0.12408185750246048,-0.002111053792759776,-0.0038975065108388662,0.18393242359161377,0.04646588861942291,0.01964983344078064,0,0.36657148599624634,0.009906177408993244
-0.026935823261737823,-0.006733955815434456,1.0398184061050415,0.1583663672208786,-0.0026966070290654898,-0.004489304032176733,0.21246951818466187,0.05372663214802742,0.02526680752635002,0,0.42564040422439575,0.01219874806702137
-0.026935823261737823,-0.006733955815434456,1.0398184061050415,0.1583663672208786,-0.0026966070290654898,-0.004489304032176733,0.21246951818466187,0.05372663214802742,0.02526680752635002,0,0.42564040422439575,0.01219874806702137
-0.025226756930351257,-0.006306689232587814,0.9849441051483154,0.15932534635066986,-0.0031089824624359608,-0.004204459488391876,0.19910098612308502,0.05284951999783516,0.02377437800168991,0,0.40298378467559814,0.012356653809547424
-0.025226756930351257,-0.006306689232587814,0.9849441051483154,0.15932534635066986,-0.0031089824624359608,-0.004204459488391876,0.19910098612308502,0.05284951999783516,0.02377437800168991,0,0.40298378467559814,0.012356653809547424
-0.025128595530986786,-0.0062821488827466965,1.0093084573745728,0.19151733815670013,-0.002398580312728882,-0.004188099410384893,0.20134249329566956,0.07373972982168198,0.021943330764770508,0,0.4046732187271118,0.01762981340289116
0,0,0,0,0,0,0,0,0,0,0,0
-0.02306259423494339,-0.0057656485587358475,0.9372379183769226,0.18864724040031433,-0.0028422677423805,-0.0038437654729932547,0.190963476896286,0.08587267994880676,0.02188454195857048,0,0.3647669851779938,0.019636187702417374
-0.02306259423494339,-0.0057656485587358475,0.9372379183769226,0.18864724040031433,-0.0028422677423805,-0.0038437654729932547,0.190963476896286,0.08587267994880676,0.02188454195857048,0,0.3647669851779938,0.019636187702417374
0,0,0,0,0,0,0,0,0,0,0,0
0,0,0,0,0,0,0,0,0,0,0,0
-0.024800896644592285,-0.006200224161148071,1.0181978940963745,0.21632961928844452,-0.0030564989428967237,-0.0023881536908447742,0.22378294169902802,0.10954192280769348,0.02340250089764595,0,0.38642603158950806,0.014897113665938377
-0.0251156035810709,-0.006278900895267725,1.0354597568511963,0.2219424992799759,-0.0030952838715165854,-0.004185934085398912,0.23733411729335785,0.11899980902671814,0.02193198725581169,0,0.38814881443977356,0.014041850343346596
-0.018564969301223755,-0.004641242325305939,0.7717649340629578,0.16895925998687744,-0.0013161849929019809,-0.00309416139498353,0.19362986087799072,0.10053723305463791,0.016211699694395065,0,0.2821861207485199,0.007913747802376747
-0.04188790172338486,-0.010471975430846214,1.7413233518600464,0.38122060894966125,-0.005162326153367758,-0.005235987715423107,0.4368845820426941,0.22684086859226227,0.03832358121871948,0,0.6366929411888123,0.0178556889295578
0,0,0,0,0,0,0,0,0,0,0,0
0,0,0,0,0,0,0,0,0,0,0,0
-0.0251053124666214,-0.00627632811665535,1.049830436706543,0.23488301038742065,-0.0023947409354150295,-0.004184218589216471,0.2863655388355255,0.1516892910003662,0.021922999992966652,0,0.3803337812423706,0.006936329882591963
0,0,0,0,0,0,0,0,0,0,0,0
0,0,0,0,0,0,0,0,0,0,0,0
0,0,0,0,0,0,0,0,0,0,0,0
-0.025112463161349297,-0.006278115790337324,1.0463334321975708,0.23242801427841187,-0.003094896674156189,-0.004185410216450691,0.2982531487941742,0.14975841343402863,0.02297559566795826,0,0.4063560664653778,-0.0073716058395802975
0,0,0,0,0,0,0,0,0,0,0,0
-0.026153655722737312,-0.0062768771313130856,1.0445457696914673,0.2323051393032074,-0.0030942861922085285,-0.002439255593344569,0.2971856892108917,0.14834924042224884,0.02297106385231018,0.0006991830305196345,0.4017926752567291,-0.011441229842603207
-0.016412440687417984,-0.004357864614576101,0.7235561609268188,0.1578989326953888,-0.002148278523236513,-0.0021789323072880507,0.20491904020309448,0.10161305218935013,0.015948183834552765,0,0.2734270393848419,-0.009168146178126335
0,0,0,0,0,0,0,0,0,0,0,0
0,0,0,0,0,0,0,0,0,0,0,0
-0.02690728008747101,-0.0062904879450798035,1.0390498638153076,0.2299102246761322,-0.003100995672866702,-0.0031452439725399017,0.2918998599052429,0.14546018838882446,0.023717788979411125,0.001745329238474369,0.38909250497817993,-0.01184921432286501
-0.02441626600921154,-0.006278783082962036,1.034917950630188,0.22789300978183746,-0.003095225663855672,-0.003139391541481018,0.29165494441986084,0.14834679663181305,0.023676903918385506,0,0.3876543343067169,-0.011295754462480545
0,0,0,0,0,0,0,0,0,0,0,0
-0.021024886518716812,-0.004819889552891254,0.7912461757659912,0.17532306909561157,-0.0023760409094393253,-0.002409944776445627,0.2246750295162201,0.11582054942846298,0.017639024183154106,0,0.29667413234710693,-0.009865518659353256
-0.02312818542122841,-0.005782046355307102,0.9475759267807007,0.21033671498298645,-0.0028503513894975185,-0.002891023177653551,0.2705737352371216,0.14106638729572296,0.02194182015955448,0,0.3558392822742462,-0.01182993222028017
0,0,0,0,0,0,0,0,0,0,0,0
0,0,0,0,0,0,0,0,0,0,0,0
0,0,0,0,0,0,0,0,0,0,0,0
-0.028136519715189934,-0.0070341299287974834,1.1435431241989136,0.25420135259628296,-0.0034675858914852142,-0.002944090636447072,0.332711786031723,0.18000593781471252,0.02574232965707779,0,0.4378202557563782,-0.02258913591504097
0,0,0,0,0,0,0,0,0,0,0,0
-0.025098729878664017,-0.006274682469666004,1.0122178792953491,0.2266625165939331,-0.0013478749897331,-0.003137341234833002,0.29609549045562744,0.16251662373542786,0.02366258017718792,-0.0006995488074608147,0.391634464263916,-0.018193012103438377
-0.04188790172338486,-0.008726646192371845,1.6337605714797974,0.3454418480396271,-0.005162326153367758,-0.005235987715423107,0.4906455874443054,0.2702294886112213,0.03832358121871948,0.001745329238474369,0.6501956582069397,-0.024415425956249237
-0.04188790172338486,-0.008726646192371845,1.6337605714797974,0.3454418480396271,-0.005162326153367758,-0.005235987715423107,0.4906455874443054,0.2702294886112213,0.03832358121871948,0.001745329238474369,0.6501956582069397,-0.024415425956249237
0,0,0,0,0,0,0,0,0,0,0,0
0,0,0,0,0,0,0,0,0,0,0,0
0,0,0,0,0,0,0,0,0,0,0,0
0,0,0,0,0,0,0,0,0,0,0,0
-0.026973046362400055,-0.0052557741291821,0.9368417859077454,0.12411782890558243,-0.003109100740402937,-0.003153464524075389,0.2935711145401001,0.15007878839969635,0.023081043735146523,0.001745329238474369,0.3764769434928894,-0.009435629472136497
-0.02678406611084938,-0.005580013617873192,0.9929571747779846,0.11881757527589798,-0.0033009075559675694,-0.005093337502330542,0.30462145805358887,0.14797274768352509,0.02450495958328247,0,0.3861803114414215,-0.004668378736823797
-0.04188790172338486,-0.008726646192371845,1.5528968572616577,0.18582013249397278,-0.005162326153367758,-0.005235987715423107,0.4764009118080139,0.23414577543735504,0.03832358121871948,0,0.6039517521858215,-0.007300929632037878
0,0,0,0,0,0,0,0,0,0,0,0
0,0,0,0,0,0,0,0,0,0,0,0
0,0,0,0,0,0,0,0,0,0,0,0
-0.02126365154981613,-0.0042527299374341965,0.7446807026863098,0.07111542671918869,-0.0025157409254461527,-0.0025516380555927753,0.21555055677890778,0.09705226123332977,0.018676115199923515,0,0.25758594274520874,0.022558478638529778
-0.04188790172338486,-0.008726646192371845,1.5280925035476685,0.14592958986759186,-0.005162326153367758,-0.005235987715423107,0.43873053789138794,0.19915224611759186,0.03832358121871948,0,0.5285690426826477,0.04463567957282066
-0.026634272187948227,-0.005185196176171303,0.9060733318328857,0.083200603723526,-0.003067349549382925,-0.0031111177522689104,0.26209837198257446,0.11859232187271118,0.022771095857024193,0.001745329238474369,0.30722638964653015,0.030003622174263
-0.045378562062978745,-0.008726646192371845,1.5249146223068237,0.1417713314294815,-0.005162326153367758,-0.005235987715423107,0.4411095976829529,0.19958998262882233,0.03832358121871948,0.001745329238474369,0.5170597434043884,0.04994259029626846
-0.02073349803686142,-0.003797633806243539,0.6584885120391846,0.05053770914673805,-0.003006051294505596,-0.002278580330312252,0.19399480521678925,0.08627507090568542,0.016677532345056534,0,0.21524076163768768,0.041776929050683975
-0.045378562062978745,-0.008726646192371845,1.51315176486969,0.11613144725561142,-0.005162326153367758,-0.005235987715423107,0.44578391313552856,0.19825293123722076,0.03832358121871948,0.001745329238474369,0.49460533261299133,0.08901858329772949
0,0,0,0,0,0,0,0,0,0,0,0
0,0,0,0,0,0,0,0,0,0,0,0
0,0,0,0,0,0,0,0,0,0,0,0
-0.030495192855596542,-0.006776709575206041,0.9532377123832703,0.044437773525714874,-0.0033406864386051893,-0.0033883547876030207,0.2886190116405487,0.1212121769785881,0.024800267070531845,0,0.32695910334587097,0.03436128422617912
-0.030495192855596542,-0.006776709575206041,0.9532377123832703,0.044437773525714874,-0.0033406864386051893,-0.0033883547876030207,0.2886190116405487,0.1212121769785881,0.024800267070531845,0,0.32695910334587097,0.03436128422617912
0,0,0,0,0,0,0,0,0,0,0,0
-0.028518296778202057,-0.008082728832960129,0.8631091117858887,0.004108532797545195,-0.0031241215765476227,-0.00316869979724288,0.25687533617019653,0.09367634356021881,0.023192552849650383,0,0.3094484508037567,0.017097795382142067
0,0,0,0,0,0,0,0,0,0,0,0
0,0,0,0,0,0,0,0,0,0,0,0
0,0,0,0,0,0,0,0,0,0,0,0
0,0,0,0,0,0,0,0,0,0,0,0
0,0,0,0,0,0,0,0,0,0,0,0
0,0,0,0,0,0,0,0,0,0,0,0
0,0,0,0,0,0,0,0,0,0,0,0
-0.02613053470849991,-0.0058067855425179005,0.7558797001838684,0.0036392926704138517,-0.0018947494681924582,-0.0011580635327845812,0.2024991661310196,0.06286007165908813,0.021250702440738678,0,0.32149237394332886,0.027264663949608803
-0.02827330306172371,-0.006282956339418888,0.8170529007911682,0.0042758542113006115,-0.0020501234102994204,-0.003141478169709444,0.2213127762079239,0.07606043666601181,0.022993311285972595,0,0.3498592674732208,0.034097447991371155
-0.028327643871307373,-0.0073442040011286736,0.818341076374054,0.005336405709385872,-0.001004891819320619,-0.0038436732720583677,0.22200952470302582,0.08028937131166458,0.0230375025421381,0,0.35025012493133545,0.030810460448265076
-0.04712389037013054,-0.010471975430846214,1.361335039138794,0.00887727178633213,-0.0016716679092496634,-0.003490658476948738,0.3704776167869568,0.1335637867450714,0.03832358121871948,0,0.582651674747467,0.04774704948067665
0,0,0,0,0,0,0,0,0,0,0,0
0,0,0,0,0,0,0,0,0,0,0,0
0,0,0,0,0,0,0,0,0,0,0,0
0,0,0,0,0,0,0,0,0,0,0,0
-0.02870102785527706,-0.006988514680415392,0.799588143825531,0.03328065946698189,0.0007891056593507528,-0.0012497483985498548,0.21420814096927643,0.08849898725748062,0.02192176692187786,0,0.3123799264431,0.04195636883378029
0,0,0,0,0,0,0,0,0,0,0,0
-0.020493624731898308,-0.005123406182974577,0.5908635854721069,0.02647983282804489,-0.0017144388984888792,-0.0014638303546234965,0.1570522040128708,0.07084210962057114,0.016071243211627007,-0.0007319151773117483,0.22659245133399963,0.028375918045639992
-0.026524284854531288,-0.004885741975158453,0.7609032988548279,0.02823439985513687,0.0008380138897337019,-0.0018945917254313827,0.19961120188236237,0.10011248290538788,0.020800529047846794,0,0.29405760765075684,0.028743550181388855
0,0,0,0,0,0,0,0,0,0,0,0
-0.03356964513659477,-0.0075674946419894695,1.0126664638519287,0.04032621532678604,0.00005323085133568384,-0.0012612490681931376,0.26218000054359436,0.13689976930618286,0.027694249525666237,0.0004840801702812314,0.39151808619499207,0.021689878776669502
0,0,0,0,0,0,0,0,0,0,0,0
-0.031730856746435165,-0.00854479894042015,0.9202625751495361,0.049666523933410645,-0.0010854164138436317,-0.0011332448339089751,0.2313353270292282,0.12385453283786774,0.024883558973670006,-0.001745329238474369,0.3532642424106598,0.015403448604047298
0,0,0,0,0,0,0,0,0,0,0,0
0,0,0,0,0,0,0,0,0,0,0,0
-0.030681345611810684,-0.006574573926627636,0.9127691984176636,0.07238410413265228,-0.0010495157912373543,-0.0010957623599097133,0.21089200675487518,0.1148979440331459,0.024060525000095367,0,0.3482515215873718,0.013245638459920883
-0.04886921867728233,-0.010471975430846214,1.4538578987121582,0.11354801058769226,-0.0016716679092496634,-0.001745329238474369,0.33590859174728394,0.1830093413591385,0.03832358121871948,0,0.5546947121620178,0.021097641438245773
-0.02838948927819729,-0.00570946279913187,0.800014317035675,0.07015156000852585,0.00083391327643767,-0.0009515771525911987,0.17454567551612854,0.09703496843576431,0.02089453674852848,0,0.30371296405792236,0.010897328145802021
-0.0262790285050869,-0.005798143334686756,0.8295336365699768,0.0893554538488388,-0.0017045442946255207,-0.0009663571836426854,0.14931203424930573,0.08523791283369064,0.021219072863459587,0,0.310422420501709,0.004276720806956291
-0.028753668069839478,-0.005258447956293821,0.9061905145645142,0.10014998912811279,-0.0010073031298816204,0.0006936396821402013,0.15840201079845428,0.09158738702535629,0.023092783987522125,0.003490658476948738,0.33834752440452576,-0.0010697748512029648
0,0,0,0,0,0,0,0,0,0,0,0
0,0,0,0,0,0,0,0,0,0,0,0
-0.02932148613035679,-0.005356347654014826,0.9273759722709656,0.10981658846139908,-0.0017001164378598332,-0.0010712695075199008,0.15751150250434875,0.08989908546209335,0.023522716015577316,0.001745329238474369,0.34591367840766907,-0.01751970872282982
0,0,0,0,0,0,0,0,0,0,0,0
-0.0265571977943182,-0.0048797461204230785,0.8402298092842102,0.09454838186502457,-0.0026800886262208223,0.0007693800725974143,0.14108684659004211,0.08242418617010117,0.021429693326354027,0.0009759492240846157,0.3186750113964081,-0.047393810003995895
0,0,0,0,0,0,0,0,0,0,0,0
0,0,0,0,0,0,0,0,0,0,0,0
0,0,0,0,0,0,0,0,0,0,0,0
0,0,0,0,0,0,0,0,0,0,0,0
-0.02859458513557911,-0.0010590587044134736,0.7533366084098816,0.02524617500603199,-0.0020734199788421392,-0.001745329238474369,0.18476249277591705,0.11050096154212952,0.023254593834280968,0.0010590587044134736,0.3575740456581116,-0.027908513322472572
0,0,0,0,0,0,0,0,0,0,0,0
0,0,0,0,0,0,0,0,0,0,0,0
0,0,0,0,0,0,0,0,0,0,0,0
0,0,0,0,0,0,0,0,0,0,0,0
-0.02788153477013111,-0.003861533710733056,0.6125708818435669,-0.050277113914489746,-0.0010134452022612095,-0.0010581022361293435,0.17442834377288818,0.11206953972578049,0.02323359251022339,0,0.36348485946655273,-0.017986930906772614
-0.02788153477013111,-0.003861533710733056,0.6125708818435669,-0.050277113914489746,-0.0010134452022612095,-0.0010581022361293435,0.17442834377288818,0.11206953972578049,0.02323359251022339,0,0.36348485946655273,-0.017986930906772614
-0.029034925624728203,-0.0014807736733928323,0.6108865737915039,-0.038690365850925446,-0.0010299818823114038,-0.0004054059972986579,0.17171108722686768,0.11253667622804642,0.023612702265381813,0,0.36905503273010254,-0.010728836059570312
0,0,0,0,0,0,0,0,0,0,0,0
0,0,0,0,0,0,0,0,0,0,0,0
0,0,0,0,0,0,0,0,0,0,0,0
0,0,0,0,0,0,0,0,0,0,0,0
0,0,0,0,0,0,0,0,0,0,0,0
0,0,0,0,0,0,0,0,0,0,0,0
-0.04712389037013054,-0.005235987715423107,0.9102431535720825,-0.026331385597586632,-0.0016716679092496634,-0.001745329238474369,0.17735159397125244,0.13206718862056732,0.03832358121871948,0,0.5898626446723938,0.00419502193108201
-0.03003368340432644,-0.003143150359392166,0.5485258102416992,-0.011805149726569653,-0.001003498095087707,-0.0010477168252691627,0.07564319670200348,0.05007976293563843,0.023005550727248192,0,0.3271234929561615,-0.007096858695149422
-0.03003368340432644,-0.003143150359392166,0.5485258102416992,-0.011805149726569653,-0.001003498095087707,-0.0010477168252691627,0.07564319670200348,0.05007976293563843,0.023005550727248192,0,0.3271234929561615,-0.007096858695149422
-0.029595568776130676,-0.00211396929807961,0.5504621267318726,-0.009258143603801727,-0.001012374646961689,-0.001056984649039805,0.06473477929830551,0.036514509469270706,0.022520706057548523,-0.003490658476948738,0.31363528966903687,-0.014684276655316353
0,0,0,0,0,0,0,0,0,0,0,0
-0.03147458657622337,-0.002123518381267786,0.5171003937721252,-0.023258676752448082,-0.0017005178378894925,0.000683570047840476,0.0201254952698946,-0.017214469611644745,0.02505921944975853,-0.003185277571901679,0.24933819472789764,-0.05225738510489464
-0.03303564339876175,0.0006061691674403846,0.5115969777107239,-0.039569925516843796,-0.0022302421275526285,0,0.012151296250522137,-0.02336488664150238,0.024407275021076202,-0.005162809509783983,0.2589298486709595,-0.044178836047649384
-0.03303564339876175,0.0006061691674403846,0.5115969777107239,-0.039569925516843796,-0.0022302421275526285,0,0.012151296250522137,-0.02336488664150238,0.024407275021076202,-0.005162809509783983,0.2589298486709595,-0.044178836047649384
0,0,0,0,0,0,0,0,0,0,0,0
0,0,0,0,0,0,0,0,0,0,0,0
0,0,0,0,0,0,0,0,0,0,0,0
-0.028478069230914116,0.009379674680531025,0.14988820254802704,-0.12732383608818054,0.00004398532837512903,-0.0020843723323196173,0.002117793308570981,-0.016701139509677887,0.024629438295960426,-0.012506233528256416,0.21508945524692535,0.0016927375691011548
-0.028478069230914116,0.009379674680531025,0.14988820254802704,-0.12732383608818054,0.00004398532837512903,-0.0020843723323196173,0.002117793308570981,-0.016701139509677887,0.024629438295960426,-0.012506233528256416,0.21508945524692535,0.0016927375691011548
0,0,0,0,0,0,0,0,0,0,0,0
0,0,0,0,0,0,0,0,0,0,0,0
0,0,0,0,0,0,0,0,0,0,0,0
0,0,0,0,0,0,0,0,0,0,0,0
-0.02293974719941616,0.007373490370810032,0.13148020207881927,0.004240089096128941,-0.0007846992230042815,-0.0007125008851289749,0.01745443232357502,-0.005030020140111446,0.0179895106703043,-0.009831320494413376,0.16652566194534302,0.01737932115793228
-0.02293974719941616,0.007373490370810032,0.13148020207881927,0.004240089096128941,-0.0007846992230042815,-0.0007125008851289749,0.01745443232357502,-0.005030020140111446,0.0179895106703043,-0.009831320494413376,0.16652566194534302,0.01737932115793228
-0.0313265398144722,0.009508245624601841,0.20001859962940216,0.012302471324801445,-0.0010118834907189012,-0.0021129436790943146,0.033396974205970764,0.0054173641838133335,0.022508934140205383,-0.012677661143243313,0.2069755643606186,0.03745420277118683
0,0,0,0,0,0,0,0,0,0,0,0
-0.028365958482027054,0.00934488233178854,0.21520590782165527,0.015113232657313347,0.00004382217230158858,-0.0003313113411422819,0.048972662538290024,0.013366553001105785,0.02279922366142273,-0.012459843419492245,0.19428429007530212,0.03799828141927719
-0.02144491672515869,0.0071969726122915745,0.1734931319952011,0.013142365030944347,-0.001711579505354166,-0.0007996636559255421,0.04093065857887268,0.01301654614508152,0.018358513712882996,-0.009595964103937149,0.14388208091259003,0.023629987612366676
-0.03062751702964306,0.009505091235041618,0.23872920870780945,0.017086049541831017,0.0007337814313359559,-0.0010561213130131364,0.055599864572286606,0.01905043236911297,0.023190094158053398,-0.01267345529049635,0.18268905580043793,0.024352174252271652
-0.03062751702964306,0.009505091235041618,0.23872920870780945,0.017086049541831017,0.0007337814313359559,-0.0010561213130131364,0.055599864572286606,0.01905043236911297,0.023190094158053398,-0.01267345529049635,0.18268905580043793,0.024352174252271652
0,0,0,0,0,0,0,0,0,0,0,0
-0.029102670028805733,0.009354430250823498,0.25396081805229187,0.02299817092716694,0.00004386694490676746,-0.0010393811389803886,0.036413222551345825,0.01287571806460619,0.024567846208810806,-0.012472573667764664,0.16224488615989685,0.02422502264380455
-0.029102670028805733,0.009354430250823498,0.25396081805229187,0.02299817092716694,0.00004386694490676746,-0.0010393811389803886,0.036413222551345825,0.01287571806460619,0.024567846208810806,-0.012472573667764664,0.16224488615989685,0.02422502264380455
0,0,0,0,0,0,0,0,0,0,0,0
0,0,0,0,0,0,0,0,0,0,0,0
-0.027034832164645195,0.008420825004577637,0.2374485731124878,0.009333000518381596,0.00004442497811396606,0.0006927261129021645,-0.016730524599552155,-0.024553049355745316,0.023112842813134193,-0.012631237506866455,0.13987956941127777,0.026288354769349098
-0.027034832164645195,0.008420825004577637,0.2374485731124878,0.009333000518381596,0.00004442497811396606,0.0006927261129021645,-0.016730524599552155,-0.024553049355745316,0.023112842813134193,-0.012631237506866455,0.13987956941127777,0.026288354769349098
0,0,0,0,0,0,0,0,0,0,0,0
-0.020234400406479836,0.004999470431357622,0.1651143580675125,-0.005487644579261541,0.0008224525954574347,-0.0015635727904736996,-0.03569599986076355,-0.03330259025096893,0.018266648054122925,-0.009635427966713905,0.07976869493722916,0.020178932696580887
-0.03490658476948738,0.010471975430846214,0.29427504539489746,-0.007536351215094328,0.00007366139470832422,0,-0.055372629314661026,-0.054857172071933746,0.031342264264822006,-0.01745329238474369,0.13902433216571808,0.03447688743472099
0,0,0,0,0,0,0,0,0,0,0,0
0,0,0,0,0,0,0,0,0,0,0,0
0,0,0,0,0,0,0,0,0,0,0,0
-0.008548310957849026,0.001104107708670199,0.009596206247806549,-0.028278473764657974,-0.000909725611563772,0.001104107708670199,-0.038945406675338745,-0.020290615037083626,0.00691719027236104,-0.008548310957849026,0.029330413788557053,0.014422324486076832
0,0,0,0,0,0,0,0,0,0,0,0
0,0,0,0,0,0,0,0,0,0,0,0
0.0010013468563556671,-0.005235987715423107,0.018005816265940666,-0.006539360620081425,0.00004468061524676159,0,-0.011205672286450863,-0.0014685424976050854,0.000699301774147898,-0.003919962793588638,0.009778846055269241,0.017747167497873306
0,0,0,0,0,0,0,0,0,0,0,0
0,0,0,0,0,0,0,0,0,0,0,0
0,0,0,0,0,0,0,0,0,0,0,0
0,0,0,0,0,0,0,0,0,0,0,0
0,0,0,0,0,0,0,0,0,0,0,0
0,0,0,0,0,0,0,0,0,0,0,0
0.0010589213343337178,-0.00037251331377774477,0.0351988710463047,0.016088979318737984,0.00004469163468456827,-0.0006864079623483121,0.019099848344922066,0.018385913223028183,-0.00004469163468456827,0,-0.0011109831975772977,0.026960771530866623
0.0010589213343337178,-0.00037251331377774477,0.0351988710463047,0.016088979318737984,0.00004469163468456827,-0.0006864079623483121,0.019099848344922066,0.018385913223028183,-0.00004469163468456827,0,-0.0011109831975772977,0.026960771530866623
0.0010371293174102902,-0.0010371293174102902,0.04090598225593567,0.0240037739276886,0.0007519718492403626,0.0010371293174102902,0.0328490324318409,0.02196474000811577,-0.000043771906348410994,0.0010371293174102902,0.0010901575442403555,0.024765046313405037
0.0010495876194909215,-0.0010495876194909215,0.04542889446020126,0.02496211975812912,-0.0010052899597212672,0.0014034336199983954,0.03802692890167236,0.02327253855764866,-0.000044297707063378766,0.0010495876194909215,0.001406255061738193,0.021554309874773026
0,0,0,0,0,0,0,0,0,0,0,0
0,0,0,0,0,0,0,0,0,0,0,0
0,0,0,0,0,0,0,0,0,0,0,0
0,0,0,0,0,0,0,0,0,0,0,0
0,0,0,0,0,0,0,0,0,0,0,0
0.002071748021990061,-0.005888825282454491,0.05915774405002594,0.020886309444904327,-0.0009921550517901778,0.005888825282454491,0.04606654867529869,0.015706302598118782,-0.00004371892646304332,0.0010358740109950304,0.0037840474396944046,0.01604500412940979
0,0,0,0,0,0,0,0,0,0,0,0
0,0,0,0,0,0,0,0,0,0,0,0
0,0,0,0,0,0,0,0,0,0,0,0
0,0,0,0,0,0,0,0,0,0,0,0
0,0,0,0,0,0,0,0,0,0,0,0
0.0021130740642547607,-0.007028014399111271,0.071019247174263,0.01980527676641941,-0.00032315379939973354,0.005282685160636902,0.06579816341400146,0.016885874792933464,-0.000044591008190764114,0,0.015270905569195747,0.021257273852825165
0,0,0,0,0,0,0,0,0,0,0,0
0.00228801928460598,-0.00686405785381794,0.07106294482946396,0.01776760071516037,-0.001095726853236556,0.00572004821151495,0.07891412824392319,0.02248990908265114,-0.000048282778152497485,0.001745329238474369,0.012758965604007244,0.04971382021903992
0.002070310991257429,-0.006210932508111,0.06387563794851303,0.015007656998932362,-0.000991466804407537,0.005175777245312929,0.07329055666923523,0.021675998345017433,-0.0000436886002717074,0.0010351554956287146,0.013091254979372025,0.052171070128679276
0.002070310991257429,-0.006210932508111,0.06387563794851303,0.015007656998932362,-0.000991466804407537,0.005175777245312929,0.07329055666923523,0.021675998345017433,-0.0000436886002717074,0.0010351554956287146,0.013091254979372025,0.052171070128679276
0.002100568963214755,-0.006301707122474909,0.06459075957536697,0.013964562676846981,-0.001005957368761301,0.0052514225244522095,0.07325883209705353,0.022124551236629486,-0.0017896563513204455,0.0010502844816073775,0.015636993572115898,0.05681983754038811
0.002100568963214755,-0.006301707122474909,0.06459075957536697,0.013964562676846981,-0.001005957368761301,0.0052514225244522095,0.07325883209705353,0.022124551236629486,-0.0017896563513204455,0.0010502844816073775,0.015636993572115898,0.05681983754038811
0.002098711207509041,-0.006296133156865835,0.06308455020189285,0.008590266108512878,-0.0010050676064565778,0.0035014485474675894,0.06701565533876419,0.017746739089488983,-0.000044287913624430075,-0.0006959736929275095,0.012311140075325966,0.0693260133266449
0.0010644200956448913,-0.006386520806699991,0.06279395520687103,0.006448215339332819,-0.0010194963542744517,0.006003009621053934,0.06055589020252228,0.012708011083304882,-0.00004492371226660907,0,0.017704080790281296,0.06584790349006653
0,0,0,0,0,0,0,0,0,0,0,0
0,0,0,0,0,0,0,0,0,0,0,0
0,0,0,0,0,0,0,0,0,0,0,0
0.0005341987125575542,-0.00683858385309577,0.055540766566991806,0.00008814108150545508,-0.0010916603496298194,0.003953490871936083,0.05428681522607803,0.013563038781285286,-0.00004810358950635418,0,0.017390089109539986,0.06103069335222244
0,0,0,0,0,0,0,0,0,0,0,0
0.0011293016141280532,-0.006775809917598963,0.051597774028778076,0.0015855311648920178,-0.0010816396679729223,0.006262535694986582,0.05192791298031807,0.013327890075743198,-0.000047662029828643426,0.0011293016141280532,0.016649039462208748,0.05972424894571304
0,0,0,0,0,0,0,0,0,0,0,0
0,0,0,0,0,0,0,0,0,0,0,0
0,0,0,0,0,0,0,0,0,0,0,0
0,0,0,0,0,0,0,0,0,0,0,0
0,0,0,0,0,0,0,0,0,0,0,0
0,0,0,0,0,0,0,0,0,0,0,0
0,-0.006333255674690008,0.04154524207115173,-0.00041980325477197766,-0.001010993611998856,0.0035323838237673044,0.034627240151166916,0.009286567568778992,-0.0000445490368292667,0,0.01858394965529442,0.04633760824799538
0.0010502658551558852,-0.006301595363765955,0.03999696671962738,0.0006380318664014339,0.0007393896812573075,0.004201063420623541,0.03509980067610741,0.009097677655518055,-0.00004432633431861177,0,0.01786567084491253,0.04753228649497032
0,0,0,0,0,0,0,0,0,0,0,0
0,0,0,0,0,0,0,0,0,0,0,0
0,0,0,0,0,0,0,0,0,0,0,0
0,0,0,0,0,0,0,0,0,0,0,0
0,0,0,0,0,0,0,0,0,0,0,0
0,-0.006643826607614756,0.04006963223218918,0.0010268220212310553,-0.0010605708230286837,0.004429217893630266,0.02582920342683792,0.0032331987749785185,-0.000046733639464946464,0,0.026231054216623306,0.043430835008621216
0,0,0,0,0,0,0,0,0,0,0,0
0,0,0,0,0,0,0,0,0,0,0,0
0,0,0,0,0,0,0,0,0,0,0,0
0,-0.006224045064300299,0.03494483232498169,0.0015511871315538883,-0.000993560068309307,0.004149363376200199,0.013311614282429218,-0.0012139021418988705,-0.0000437808339484036,0,0.029843853786587715,0.029563328251242638
0,-0.006224045064300299,0.03494483232498169,0.0015511871315538883,-0.000993560068309307,0.004149363376200199,0.013311614282429218,-0.0012139021418988705,-0.0000437808339484036,0,0.029843853786587715,0.029563328251242638
0,0,0,0,0,0,0,0,0,0,0,0
0,-0.006329667288810015,0.022871853783726692,-0.001111823134124279,-0.0010104207322001457,0.004219778347760439,-0.02393966168165207,-0.01446957141160965,-0.000044523796532303095,0,0.026993580162525177,0.0260115098208189
0,-0.0045340717770159245,-0.06129677966237068,-0.02813735418021679,-0.0017011590534821153,0.0031397005077451468,-0.16405992209911346,-0.0914485901594162,0.0006545921787619591,-0.002791896229609847,0.015770401805639267,-0.00034760768176056445
0,0,0,0,0,0,0,0,0,0,0,0
0,0,0,0,0,0,0,0,0,0,0,0
0,0,0,0,0,0,0,0,0,0,0,0
0.0010457048192620277,-0.0031371144577860832,-0.09636513888835907,-0.04946676641702652,0.00004413383430801332,0,-0.20635288953781128,-0.09520864486694336,-0.002489087637513876,0.0038367388769984245,-0.015179245732724667,-0.032579340040683746
0.0010461013298481703,-0.0020922026596963406,-0.08994676917791367,-0.05503310263156891,0.00004415057264850475,0,-0.20563507080078125,-0.08952484279870987,-0.0038816826418042183,0.004184405319392681,-0.030659222975373268,-0.037481311708688736
0,-0.00034611031878739595,-0.06078483164310455,-0.04294198751449585,0.000044134467316325754,0,-0.17576313018798828,-0.056935716420412064,-0.0010898542823269963,0.0013918301556259394,-0.042560044676065445,-0.029124686494469643
0,-0.00034611031878739595,-0.06078483164310455,-0.04294198751449585,0.000044134467316325754,0,-0.17576313018798828,-0.056935716420412064,-0.0010898542823269963,0.0013918301556259394,-0.042560044676065445,-0.029124686494469643
0,0,0,0,0,0,0,0,0,0,0,0
0,0,0,0,0,0,0,0,0,0,0,0
0.0010516582988202572,-0.0027969875372946262,-0.07147977501153946,-0.04932001605629921,0.00004438510222826153,0,-0.12794113159179688,-0.040228359401226044,-0.0010960433864966035,0,-0.04698682203888893,-0.028775924816727638
0,0,0,0,0,0,0,0,0,0,0,0
0.001745329238474369,-0.0010646246373653412,-0.08840267360210419,-0.055442046374082565,0.0000449323451903183,0,-0.10882207751274109,-0.037228960543870926,-0.0000449323451903183,0.0010646246373653412,-0.031409814953804016,-0.02895745448768139
0.0010356585262343287,-0.0010356585262343287,-0.08289243280887604,-0.04439188912510872,0.00004370983151602559,0,-0.08976322412490845,-0.02896389178931713,-0.00004370983151602559,0.0010356585262343287,-0.023353613913059235,-0.02450822852551937
-0.0007088396814651787,0.0007088396814651787,-0.0953293964266777,-0.02715231478214264,0.00004374490526970476,0,-0.07791326195001602,-0.029979262501001358,-0.00004374490526970476,0,-0.013508702628314495,-0.0234723798930645
0,0,0,0,0,0,0,0,0,0,0,0
0,0,0,0,0,0,0,0,0,0,0,0
-0.0006678646896034479,-0.001745329238474369,-0.05472159758210182,-0.008319931104779243,0.00004547425123746507,0,-0.047218963503837585,-0.021038955077528954,-0.00004547425123746507,0.0010774645488709211,-0.010065932758152485,-0.01682831346988678
-0.0006678646896034479,-0.001745329238474369,-0.05472159758210182,-0.008319931104779243,0.00004547425123746507,0,-0.047218963503837585,-0.021038955077528954,-0.00004547425123746507,0.0010774645488709211,-0.010065932758152485,-0.01682831346988678
0,0,0,0,0,0,0,0,0,0,0,0
0,0,0,0,0,0,0,0,0,0,0,0
0,0,0,0,0,0,0,0,0,0,0,0
0,-0.001745329238474369,-0.005074525251984596,-0.008425706066191196,0.00005312406938173808,0,-0.014371718280017376,-0.006054441910237074,-0.00005312406938173808,0.001745329238474369,0.05126640200614929,-0.0006430012290365994
0.001745329238474369,-0.001745329238474369,-0.002377399243414402,-0.0064032129012048244,0.00004413900023791939,0,-0.008489139378070831,-0.0025040688924491405,-0.00004413900023791939,0.0010458272881805897,0.04013722017407417,0.0006967360386624932
0.0010490602580830455,-0.0027943893801420927,0.009460043162107468,-0.00865852553397417,0.00004427544990903698,0,-0.002699467819184065,-0.00046661036321893334,-0.00004427544990903698,0,0.04063734784722328,0.006398010067641735
0.0010490602580830455,-0.0027943893801420927,0.009460043162107468,-0.00865852553397417,0.00004427544990903698,0,-0.002699467819184065,-0.00046661036321893334,-0.00004427544990903698,0,0.04063734784722328,0.006398010067641735
0.0011324983788654208,-0.0005196674028411508,0.012509326450526714,-0.008508821949362755,0.00004779694427270442,0,-0.0009442550363019109,-0.0009686751873232424,-0.00004779694427270442,0.001745329238474369,0.02654476836323738,0.008095826953649521
0,0,0,0,0,0,0,0,0,0,0,0
0,0,0,0,0,0,0,0,0,0,0,0
0,0,0,0,0,0,0,0,0,0,0,0
0,0,0,0,0,0,0,0,0,0,0,0
-0.0006978731835260987,-0.0010474560549482703,0.004390188492834568,-0.004463442135602236,0.000044207743485458195,0.001745329238474369,-0.0044932556338608265,-0.002810467965900898,-0.000044207743485458195,0,-0.009269414469599724,0.008345598354935646
0.0010483970399945974,0,-0.0011930825421586633,-0.005174535792320967,0.000044247459300095215,0,-0.004990663379430771,-0.004033954348415136,-0.000044247459300095215,0.0010483970399945974,-0.008740874007344246,0.008453350514173508
0,0,0,0,0,0,0,0,0,0,0,0
0,0,0,0,0,0,0,0,0,0,0,0
0.001745329238474369,0,-0.009875696152448654,-0.006827038712799549,-0.0016716679092496634,0,-0.01860436238348484,-0.01348189078271389,-0.00007366139470832422,0,-0.01686382107436657,0.008488333784043789
0,0,0,0,0,0,0,0,0,0,0,0
0,0,0,0,0,0,0,0,0,0,0,0
0.0027919658459722996,0,-0.009142886847257614,-0.00408816197887063,-0.0010024633957073092,0,-0.01497818436473608,-0.010083735920488834,-0.000044173157220939174,0.0010466364910826087,-0.00974801741540432,0.002284563845023513
0,0,0,0,0,0,0,0,0,0,0,0
0,0,0,0,0,0,0,0,0,0,0,0
0.0007198487292043865,0,-0.005197586957365274,-0.00209186808206141,0.0000303811229969142,0,-0.009872086346149445,-0.005450043827295303,-0.0000303811229969142,0,-0.00776553712785244,0.004037237260490656
0,0,0,0,0,0,0,0,0,0,0,0
0,0,0,0,0,0,0,0,0,0,0,0
0.0010597319342195988,0,0.11395026743412018,0.025133050978183746,0.00004472584623727016,0,0.055320192128419876,0.023091772571206093,-0.00004472584623727016,-0.0006855973042547703,0.03288141265511513,0.1005488857626915
0.001059864996932447,0,0.2388257086277008,0.08555013686418533,-0.0017005978152155876,0,0.13296200335025787,0.0636863112449646,-0.00004473146327654831,0,0.10108800232410431,0.14526121318340302
0.001059864996932447,0,0.2388257086277008,0.08555013686418533,-0.0017005978152155876,0,0.13296200335025787,0.0636863112449646,-0.00004473146327654831,0,0.10108800232410431,0.14526121318340302
0,0,0,0,0,0,0,0,0,0,0,0
0.001745329238474369,-0.0010379240848124027,0.5961161255836487,0.2633090615272522,0.000043805452150991186,0,0.5523179769515991,0.2908056974411011,-0.000043805452150991186,-0.0007074050954543054,0.3411892354488373,0.2851623296737671
0.001745329238474369,-0.0010379240848124027,0.5961161255836487,0.2633090615272522,0.000043805452150991186,0,0.5523179769515991,0.2908056974411011,-0.000043805452150991186,-0.0007074050954543054,0.3411892354488373,0.2851623296737671
0,0,0,0,0,0,0,0,0,0,0,0
0,0,0.47931522130966187,0.2066955715417862,0.000040660212107468396,0,0.5201008915901184,0.29139629006385803,-0.000040660212107468396,0.0009634009329602122,0.2725977301597595,0.28357967734336853
0,0,0,0,0,0,0,0,0,0,0,0
0,0,0,0,0,0,0,0,0,0,0,0
0,0,0,0,0,0,0,0,0,0,0,0
0,0,0,0,0,0,0,0,0,0,0,0
0,0,0,0,0,0,0,0,0,0,0,0
0,0,0,0,0,0,0,0,0,0,0,0
0,0,0,0,0,0,0,0,0,0,0,0
0,0,0,0,0,0,0,0,0,0,0,0
0,0,0,0,0,0,0,0,0,0,0,0
0,0,0,0,0,0,0,0,0,0,0,0
-0.0007087790290825069,-0.001036550267599523,0.23099884390830994,0.045800235122442245,0.00004374746640678495,0,0.14159691333770752,0.020756008103489876,-0.00004374746640678495,0.0027818793896585703,-0.009888941422104836,0.07061755657196045
0,-0.0010443121427670121,0.19616667926311493,0.03003571182489395,0.000044075059122405946,0,0.10749103128910065,0.018817327916622162,-0.000044075059122405946,0.0010443121427670121,-0.014281260780990124,0.044174645096063614
0,0,0,0,0,0,0,0,0,0,0,0
0,0,0,0,0,0,0,0,0,0,0,0
0,-0.0018773343181237578,0.08035832643508911,0.011743844486773014,0.00003961632683058269,0,0.026145558804273605,0.011777197010815144,-0.00003961632683058269,0.0009386671590618789,-0.014540277421474457,0.01722576841711998
0,-0.0018773343181237578,0.08035832643508911,0.011743844486773014,0.00003961632683058269,0,0.026145558804273605,0.011777197010815144,-0.00003961632683058269,0.0009386671590618789,-0.014540277421474457,0.01722576841711998
0,0,0,0,0,0,0,0,0,0,0,0
0,0,0,0,0,0,0,0,0,0,0,0
0,-0.0009580900077708066,0.027361879125237465,0.01871504820883274,0.00004043606168124825,0,0.012560124509036541,0.012995817698538303,-0.00004043606168124825,0.0009580900077708066,-0.0047013587318360806,0.015435435809195042
0,-0.00017019579536281526,0.02482687681913376,0.017758168280124664,0.000040422240999760106,0,0.00995226576924324,0.010486338287591934,-0.000040422240999760106,-0.0007875667070038617,-0.0014357863692566752,0.016005568206310272
0,0,0.046367015689611435,0.032050538808107376,-0.0016716679092496634,0,0.016080522909760475,0.01879909075796604,-0.0018189906841143966,0,-0.00405161315575242,0.028856776654720306
0,0,0,0,0,0,0,0,0,0,0,0
0,0,0.02741050347685814,0.018238842487335205,0.000044163600250612944,0,0.0063224309124052525,0.007817714475095272,-0.000044163600250612944,0.0006989191751927137,0.0004868888936471194,0.017606060951948166
0,0,0,0,0,0,0,0,0,0,0,0
0,0,0,0,0,0,0,0,0,0,0,0
0,0,0.016524961218237877,0.011614439077675343,0.0000441539341409225,0,-0.004933704622089863,0.0009672177257016301,-0.0000441539341409225,-0.0003470329102128744,-0.00464092381298542,0.011181197129189968
0,0,-0.00012582619092427194,0.004501095972955227,0.0000403936646762304,0,-0.03642916679382324,-0.016463175415992737,-0.0000403936646762304,-0.000957085401751101,-0.017343441024422646,-0.005658979527652264
0,0,-0.00012582619092427194,0.004501095972955227,0.0000403936646762304,0,-0.03642916679382324,-0.016463175415992737,-0.0000403936646762304,-0.000957085401751101,-0.017343441024422646,-0.005658979527652264
0,0,0,0,0,0,0,0,0,0,0,0
0,-0.0009577094460837543,-0.26006901264190674,-0.10684186965227127,0.00004042000000481494,0,-0.15001589059829712,-0.08045419305562973,-0.00004042000000481494,0.003490658476948738,-0.18319356441497803,-0.13608033955097198
0,0,0,0,0,0,0,0,0,0,0,0
0,0,-0.4430241882801056,-0.2308976799249649,0.00003983005808549933,0,-0.27693143486976624,-0.15465721487998962,-0.00003983005808549933,0.002973327413201332,-0.27574020624160767,-0.26060739159584045
0,0,-0.4430241882801056,-0.2308976799249649,0.00003983005808549933,0,-0.27693143486976624,-0.15465721487998962,-0.00003983005808549933,0.002973327413201332,-0.27574020624160767,-0.26060739159584045
0,0,-0.4430241882801056,-0.2308976799249649,0.00003983005808549933,0,-0.27693143486976624,-0.15465721487998962,-0.00003983005808549933,0.002973327413201332,-0.27574020624160767,-0.26060739159584045
0,0,0,0,0,0,0,0,0,0,0,0
0,0,0,0,0,0,0,0,0,0,0,0
0,-0.0011580574791878462,-0.4357975125312805,-0.23180650174617767,0.0006361474515870214,0,-0.36981675028800964,-0.17758075892925262,-0.00004887566319666803,0.0005707857199013233,-0.18719346821308136,-0.27384868264198303
0,-0.0011580574791878462,-0.4357975125312805,-0.23180650174617767,0.0006361474515870214,0,-0.36981675028800964,-0.17758075892925262,-0.00004887566319666803,0.0005707857199013233,-0.18719346821308136,-0.27384868264198303
0,0,0,0,0,0,0,0,0,0,0,0
0,0,0,0,0,0,0,0,0,0,0,0
0,0,0,0,0,0,0,0,0,0,0,0
0,0,0,0,0,0,0,0,0,0,0,0
0,-0.0010348904179409146,-0.3627621531486511,-0.1110730767250061,0.000043677413486875594,0,-0.2675637900829315,-0.08118464052677155,-0.000043677413486875594,0.0010348904179409146,-0.050689004361629486,-0.16850125789642334
0,0,0,0,0,0,0,0,0,0,0,0
0,-0.001745329238474369,-0.5492113828659058,-0.11604676395654678,0.00007366139470832422,0,-0.3986983001232147,-0.08391081541776657,-0.00007366139470832422,0,-0.06638620793819427,-0.21769174933433533
0,0,0,0,0,0,0,0,0,0,0,0
-0.0006997374584898353,0,-0.2708600163459778,-0.03460490331053734,-0.0010014628060162067,0,-0.20286531746387482,-0.02979661151766777,-0.00004412906491779722,0.001745329238474369,-0.030241800472140312,-0.08943209052085876
0,0,0,0,0,0,0,0,0,0,0,0
0,0,0,0,0,0,0,0,0,0,0,0
0.001745329238474369,-0.001745329238474369,-0.3141895830631256,-0.03130709007382393,0.00007366139470832422,0,-0.2435823529958725,-0.02828703261911869,-0.00007366139470832422,0,-0.04489748552441597,-0.038239046931266785
0.001745329238474369,-0.001745329238474369,-0.3141895830631256,-0.03130709007382393,0.00007366139470832422,0,-0.2435823529958725,-0.02828703261911869,-0.00007366139470832422,0,-0.04489748552441597,-0.038239046931266785
0,0,0,0,0,0,0,0,0,0,0,0
0,-0.001745329238474369,-0.17042230069637299,-0.016922855749726295,0.00007366139470832422,0,-0.11958543211221695,-0.010768923908472061,-0.00007366139470832422,0.001745329238474369,0.011715061031281948,-0.018773352727293968
0,-0.001745329238474369,-0.17042230069637299,-0.016922855749726295,0.00007366139470832422,0,-0.11958543211221695,-0.010768923908472061,-0.00007366139470832422,0.001745329238474369,0.011715061031281948,-0.018773352727293968
0,0,0,0,0,0,0,0,0,0,0,0
0,0,0,0,0,0,0,0,0,0,0,0
0,-0.001745329238474369,-0.04532412812113762,-0.0060236952267587185,0.00004424684448167682,0,-0.028704654425382614,0.0006634058081544936,-0.00004424684448167682,-0.000696946750395,0.05546445772051811,-0.008992491289973259
0,0,0,0,0,0,0,0,0,0,0,0
0,0,-0.026154816150665283,-0.00580087024718523,0.00007366139470832422,0,-0.011439057998359203,0.006139553152024746,-0.00007366139470832422,0,0.04126808047294617,-0.004538091365247965
0,0,-0.026154816150665283,-0.00580087024718523,0.00007366139470832422,0,-0.011439057998359203,0.006139553152024746,-0.00007366139470832422,0,0.04126808047294617,-0.004538091365247965
0,0,-0.01229934860020876,-0.00201980397105217,0.00004808495214092545,0,0.004979934077709913,0.008359938859939575,-0.00004808495214092545,0.001745329238474369,0.008941976353526115,0.0032147911842912436
0,0,0,0,0,0,0,0,0,0,0,0
0,-0.0009554531425237656,-0.007052364759147167,-0.002209680387750268,-0.0009151283884420991,0.001745329238474369,0.011241805739700794,0.010060971602797508,-0.00004032477590953931,0,0.013103765435516834,0.020276717841625214
0,-0.0009554531425237656,-0.007052364759147167,-0.002209680387750268,-0.0009151283884420991,0.001745329238474369,0.011241805739700794,0.010060971602797508,-0.00004032477590953931,0,0.013103765435516834,0.020276717841625214
0,0,0,0,0,0,0,0,0,0,0,0
0,0,-0.01140192523598671,-0.0005808155983686447,0.0000392172769352328,0,-0.003092169761657715,0.00262869312427938,-0.000855334394145757,0,-0.009447569958865643,0.012224368751049042
-0.000746107951272279,0,-0.01559682097285986,-0.0016743128653615713,-0.0017031572060659528,0,-0.00952157936990261,-0.003242277540266514,-0.000042172003304585814,-0.000746107951272279,-0.014441133476793766,0.009255724959075451
0,0,0,0,0,0,0,0,0,0,0,0
0,0,0,0,0,0,0,0,0,0,0,0
0,0,0,0,0,0,0,0,0,0,0,0
0,0,0,0,0,0,0,0,0,0,0,0
0,0,0,0,0,0,0,0,0,0,0,0
0,0,0,0,0,0,0,0,0,0,0,0
0,0,-0.034963589161634445,-0.00018944604380521923,-0.00030178396264091134,-0.0006997074815444648,-0.03135029226541519,-0.014677876606583595,0.00170119886752218,0,-0.023296324536204338,0.002753047738224268
0,0,0,0,0,0,0,0,0,0,0,0
0,0,0,0,0,0,0,0,0,0,0,0
0,0,-0.042505763471126556,-0.0007566314307041466,0.00007366139470832422,0,-0.041034258902072906,-0.02430301532149315,0.0016716679092496634,0,-0.014825846068561077,0.005600619595497847
0,0,-0.042505763471126556,-0.0007566314307041466,0.00007366139470832422,0,-0.041034258902072906,-0.02430301532149315,0.0016716679092496634,0,-0.014825846068561077,0.005600619595497847
0,0,0,0,0,0,0,0,0,0,0,0
0,0,0,0,0,0,0,0,0,0,0,0
0,-0.001745329238474369,-0.010192320682108402,-0.00019104754028376192,0.00004735764014185406,0,-0.009987940080463886,-0.007633905857801437,-0.0011694470886141062,0.001745329238474369,-0.01442478783428669,0.005281810648739338
0,0,0,0,0,0,0,0,0,0,0,0
0,0,0.003695047227665782,-0.0006901558372192085,0.0007413268904201686,-0.0006970859249122441,-0.009928571991622448,-0.0071715801022946835,0.0027493315283209085,-0.001745329238474369,-0.015489112585783005,0.004330000840127468
0,0,-0.001284563448280096,-0.0016394135309383273,0.00004049517883686349,0,-0.007677675690501928,-0.005550902336835861,0.00013315699470695108,0,-0.01325945183634758,0.003839363344013691
0,0,-0.0038541743997484446,-0.00007890159031376243,-0.0027602436020970345,0.001745329238474369,-0.010668957605957985,-0.008015311323106289,-0.0007304149330593646,-0.001745329238474369,-0.012328101322054863,0.004154507536441088
0,0,-0.00702977878972888,-0.0008015246712602675,0.0006593380239792168,0,-0.013496552594006062,-0.010689405724406242,-0.000047853780415607616,0.001745329238474369,-0.012675332836806774,0.004813354462385178
0,0,0,0,0,0,0,0,0,0,0,0
0.0009544834028929472,0,-0.00860859826207161,-0.0005725668161176145,-0.002659528749063611,0.001745329238474369,-0.021512005478143692,-0.013856802135705948,-0.00004028384864795953,0.00016363761096727103,-0.015115773305296898,0.006314231548458338
0,0,-0.008734027855098248,-0.0005181151791475713,0.0008304375223815441,0,-0.025852873921394348,-0.01468996237963438,0.0009148917743004858,0,-0.020395424216985703,0.008508057333528996
0,0,-0.008734027855098248,-0.0005181151791475713,0.0008304375223815441,0,-0.025852873921394348,-0.01468996237963438,0.0009148917743004858,0,-0.020395424216985703,0.008508057333528996
0,-0.001745329238474369,-0.017703931778669357,-0.00269201654009521,0.00007366139470832422,0,-0.04025642201304436,-0.023048846051096916,-0.00007366139470832422,0,-0.03172839805483818,0.015545714646577835
0,0,-0.024173015728592873,-0.002236704109236598,0.00007366139470832422,0,-0.05256270989775658,-0.03116484358906746,-0.00007366139470832422,0,-0.07149795442819595,0.022821666672825813
0,0,-0.024173015728592873,-0.002236704109236598,0.00007366139470832422,0,-0.05256270989775658,-0.03116484358906746,-0.00007366139470832422,0,-0.07149795442819595,0.022821666672825813
0,0,-0.01772538386285305,0.0004748715728055686,0.000704145641066134,0,-0.0267868060618639,-0.014591550454497337,-0.000045879347453592345,0.00042879662942141294,-0.06247744336724281,0.012936420738697052
0,0,-0.010894592851400375,-0.00018849379557650536,0.00003462463428149931,0,-0.01620141975581646,-0.008369458839297295,-0.00003462463428149931,0,-0.033559687435626984,0.00743494275957346
0,0,-0.010894592851400375,-0.00018849379557650536,0.00003462463428149931,0,-0.01620141975581646,-0.008369458839297295,-0.00003462463428149931,0,-0.033559687435626984,0.00743494275957346
0,0,0,0,0,0,0,0,0,0,0,0
0,0,-0.008007792755961418,-0.0004061881627421826,-0.000946485495660454,0,-0.01264498382806778,-0.006899802479892969,-0.00004170651300228201,0,-0.021655863150954247,0.00136233598459512
0,0,-0.008007792755961418,-0.0004061881627421826,-0.000946485495660454,0,-0.01264498382806778,-0.006899802479892969,-0.00004170651300228201,0,-0.021655863150954247,0.00136233598459512
0,0,0,0,0,0,0,0,0,0,0,0
0,0,0,0,0,0,0,0,0,0,0,0
0,0,0,0,0,0,0,0,0,0,0,0
0,0,-0.031225644052028656,-0.000832105812150985,0.00007366139470832422,0,-0.029181648045778275,-0.01848137378692627,-0.0018189906841143966,0,-0.03045971691608429,-0.018161578103899956
0,0,-0.031225644052028656,-0.000832105812150985,0.00007366139470832422,0,-0.029181648045778275,-0.01848137378692627,-0.0018189906841143966,0,-0.03045971691608429,-0.018161578103899956
0,0,0,0,0,0,0,0,0,0,0,0
0,0.0007070881547406316,-0.02069157361984253,0.00022740835265722126,0.00004381882899906486,0,-0.017136143520474434,-0.008744251914322376,-0.0017891480820253491,0,0.0012863532174378633,-0.007339048199355602
0,0,-0.018362533301115036,-0.0006181495264172554,0.00004372261537355371,0,-0.009251936338841915,-0.003530976129695773,0.0006656452897004783,-0.0007093678577803075,0.04990772902965546,-0.0018679068889468908
0,0,-0.008067314513027668,-0.002252706326544285,0.00004034220546600409,0,0.002812916412949562,0.007125070784240961,-0.0008298053289763629,0,0.06289242208003998,0.00005787863483419642
0,0,-0.006533664185553789,-0.0027644364163279533,0.00004407504457049072,0,0.009428952820599079,0.010247612372040749,-0.00038736945134587586,0.0010443117935210466,0.055582478642463684,0.00008006762800505385
0,0,-0.010919530875980854,-0.004620125517249107,0.00007366139470832422,0,0.014013017527759075,0.015979072079062462,-0.00007366139470832422,0,0.08309166133403778,0.00013381479948293418
0,0,0,0,0,0,0,0,0,0,0,0
0,0,0,0,0,0,0,0,0,0,0,0
0,0,0,0,0,0,0,0,0,0,0,0
0,0,0,0,0,0,0,0,0,0,0,0
0,0,0.020213518291711807,-0.0009333536145277321,-0.0010218509705737233,0,0.03576993569731712,0.029598431661725044,0.000633423391263932,0,-0.0437442772090435,0.0036542003508657217
0,0,0,0,0,0,0,0,0,0,0,0
0,0,0,0,0,0,0,0,0,0,0,0
0,0,0,0,0,0,0,0,0,0,0,0
0,0,0.026864515617489815,0.01224724855273962,-0.0016716679092496634,0,0.010522590950131416,0.01939118281006813,-0.00007366139470832422,0,-0.02174348756670952,-0.008025569841265678
0,0,0,0,0,0,0,0,0,0,0,0
0,0,0,0,0,0,0,0,0,0,0,0
0,0,0,0,0,0,0,0,0,0,0,0
0,0,0.018443908542394638,0.010437487624585629,-0.0009139906615018845,0,0.002904857276007533,0.010369032621383667,-0.0008313385769724846,0,0.020568137988448143,-0.0044848076067864895
0,0,0.018443908542394638,0.010437487624585629,-0.0009139906615018845,0,0.002904857276007533,0.010369032621383667,-0.0008313385769724846,0,0.020568137988448143,-0.0044848076067864895
0,0,0,0,0,0,0,0,0,0,0,0
0.0009538941667415202,-0.0009538941667415202,-0.01385094691067934,-0.001586821279488504,0.00004025897942483425,0,-0.026538455858826637,-0.0110344672575593,-0.0011566122993826866,0.001745329238474369,0.002836495405063033,-0.005980990827083588
0.0009538941667415202,-0.0009538941667415202,-0.01385094691067934,-0.001586821279488504,0.00004025897942483425,0,-0.026538455858826637,-0.0110344672575593,-0.0011566122993826866,0.001745329238474369,0.002836495405063033,-0.005980990827083588
0,0,0,0,0,0,0,0,0,0,0,0
0.001745329238474369,0,-0.03877568617463112,-0.004926101304590702,-0.0010928008705377579,0.001745329238474369,-0.05664951354265213,-0.02530706115067005,0.0010928008705377579,0,-0.008409433998167515,-0.01711476780474186
0,0,0,0,0,0,0,0,0,0,0,0
0,0,0,0,0,0,0,0,0,0,0,0
-0.0007738862186670303,-0.001745329238474369,-0.01631424017250538,-0.0032898515928536654,0.00004099962461623363,0,-0.01075816061347723,-0.006529729813337326,-0.007022316567599773,0.0009714430198073387,-0.03136278688907623,-0.022014256566762924
0,0,0,0,0,0,0,0,0,0,0,0
0,0,-0.005592244677245617,-0.00022936181630939245,0.00002652318471518811,0,-0.0006044977344572544,0.0003366347518749535,-0.0006549621466547251,0,-0.014242294244468212,-0.013466994278132915
0,0,0,0,0,0,0,0,0,0,0,0
0,0,0,0,0,0,0,0,0,0,0,0
0,0,0,0,0,0,0,0,0,0,0,0
0.001745329238474369,-0.001745329238474369,-0.013662418350577354,-0.004452532157301903,0.00004809578967979178,0,-0.011406764388084412,-0.003771041054278612,-0.00407258328050375,0,0.010399185121059418,-0.026716407388448715
0,0,0,0,0,0,0,0,0,0,0,0
0,0,0,0,0,0,0,0,0,0,0,0
0,0,0,0,0,0,0,0,0,0,0,0
0,0,0,0,0,0,0,0,0,0,0,0
0,0,0,0,0,0,0,0,0,0,0,0
0,0,0,0,0,0,0,0,0,0,0,0
0.0010491122957319021,0,-0.010258897207677364,-0.004867415875196457,0.0007404946372844279,0,-0.012816461734473705,-0.006718032527714968,-0.00004427764724823646,0,0.0009872568771243095,-0.0077131460420787334
0,0,0,0,0,0,0,0,0,0,0,0
0,0,0.011674733832478523,0.0010537569178268313,-0.0007497243350371718,-0.0009552871342748404,0.002139599993824959,-0.00022931257262825966,0.0015397664392367005,0.0009552871342748404,0.005724460352212191,-0.006503735203295946
0,0,0.013165085576474667,0.003933251835405827,0.0008215004345402122,0,0.002174394205212593,0.003726247465237975,-0.0008215004345402122,0,0.004947110544890165,-0.007184067741036415
0,0,0,0,0,0,0,0,0,0,0,0
0,0,0,0,0,0,0,0,0,0,0,0
0,0,0.054088324308395386,0.021701643243432045,-0.0010038678301498294,-0.0003463498142082244,0.04117096588015556,0.02649688720703125,0.0017010942101478577,-0.0020962057169526815,-0.007231305353343487,-0.00969954114407301
0.001049654558300972,0,0.061253491789102554,0.032132234424352646,-0.002750683343037963,0.001049654558300972,0.048644840717315674,0.03219182789325714,0.002055008430033922,-0.001403634320013225,-0.01332246232777834,-0.008669041097164154
0,0,0.06949183344841003,0.04213529825210571,0.0007408126839436591,0,0.034992046654224396,0.024645458906888962,0.0003079675661865622,0.0006965490174479783,-0.023086773231625557,-0.004870429169386625
0,-0.001049271086230874,0.03584187850356102,0.035523638129234314,-0.001701044850051403,0.003490658476948738,0.01014066394418478,0.012790117412805557,-0.000044284348405199125,-0.0006960582104511559,-0.021827491000294685,-0.0008975800592452288
0,-0.001049271086230874,0.03584187850356102,0.035523638129234314,-0.001701044850051403,0.003490658476948738,0.01014066394418478,0.012790117412805557,-0.000044284348405199125,-0.0006960582104511559,-0.021827491000294685,-0.0008975800592452288
0,-0.001745329238474369,0.0020540470723062754,0.014247296378016472,-0.0009917339775711298,0.00103543431032449,-0.004146084189414978,0.0018554588314145803,-0.00004370036913314834,0.001745329238474369,-0.011180369183421135,-0.0002220872847829014
0,0,0,0,0,0,0,0,0,0,0,0
0,0,-0.024295639246702194,-0.0007630478939972818,-0.0004994971095584333,-0.000050830236432375386,-0.014704008586704731,0.0023292184341698885,0.0028435462154448032,-0.005783877335488796,-0.007878320291638374,-0.003647844772785902
0,0,-0.024295639246702194,-0.0007630478939972818,-0.0004994971095584333,-0.000050830236432375386,-0.014704008586704731,0.0023292184341698885,0.0028435462154448032,-0.005783877335488796,-0.007878320291638374,-0.003647844772785902
0,0,0,0,0,0,0,0,0,0,0,0
0,0,-0.048356860876083374,-0.014711969532072544,-0.0010056658647954464,0,-0.01446539256721735,-0.0031814235262572765,-0.00004431427441886626,0.001390698249451816,-0.008232420310378075,-0.0014659950975328684
0,0,-0.048356860876083374,-0.014711969532072544,-0.0010056658647954464,0,-0.01446539256721735,-0.0031814235262572765,-0.00004431427441886626,0.001390698249451816,-0.008232420310378075,-0.0014659950975328684
0,0,0,0,0,0,0,0,0,0,0,0
-0.0006983615458011627,0.0006983615458011627,-0.03428664430975914,-0.017102837562561035,0.00004418713797349483,-0.0006983615458011627,-0.00855912547558546,0.0016715751262381673,0.0017011421732604504,-0.0024436907842755318,-0.0062429592944681644,0.0018229455454275012
0,0,0,0,0,0,0,0,0,0,0,0
0,0,0,0,0,0,0,0,0,0,0,0
0,0,0,0,0,0,0,0,0,0,0,0
0,0,0,0,0,0,0,0,0,0,0,0
0,0,0,0,0,0,0,0,0,0,0,0
0,0,0,0,0,0,0,0,0,0,0,0
0,0,0.008529752492904663,-0.0015795269282534719,0.00005102136856294237,0,-0.0027476558461785316,-0.003435293445363641,-0.0005874529597349465,0,0.003204372012987733,0.02237754687666893
0,0,0.011147449724376202,-0.002280420158058405,0.00007366139470832422,0,-0.0031924245413392782,-0.004185191821306944,-0.00007366139470832422,0,0.0046262675896286964,0.032110873609781265
0,0,0,0,0,0,0,0,0,0,0,0
0.001034177839756012,-0.001034177839756012,0.00655595026910305,-0.0007546023116447031,0.000043647338316077366,0,-0.0029669010546058416,0.0001919982023537159,-0.00282315444201231,0,0.00915522314608097,0.023021358996629715
0.001034177839756012,-0.001034177839756012,0.00655595026910305,-0.0007546023116447031,0.000043647338316077366,0,-0.0029669010546058416,0.0001919982023537159,-0.00282315444201231,0,0.00915522314608097,0.023021358996629715
0,0,0,0,0,0,0,0,0,0,0,0
0,0,0.004142198711633682,0.0002109169727191329,0.000041914168832590804,0.001745329238474369,-0.0030733405146747828,0.0001731284282868728,-0.000041914168832590804,0,0.02295263670384884,0.017469480633735657
0,0,0,0,0,0,0,0,0,0,0,0
0,0,0,0,0,0,0,0,0,0,0,0
0,0,0,0,0,0,0,0,0,0,0,0
0,0,0,0,0,0,0,0,0,0,0,0
0,0,0,0,0,0,0,0,0,0,0,0
0.001745329238474369,0,-0.003573762718588114,-0.0007686285534873605,0.00004025531961815432,0,-0.004761465359479189,0.001497714314609766,-0.0017855846090242267,0,0.010930378921329975,0.0018833053763955832
0,0,-0.003200692357495427,-0.000176329180249013,0.000044252414227230474,0.001745329238474369,-0.002664025640115142,0.0061149317771196365,-0.000044252414227230474,0,0.006694264244288206,-0.008002345450222492
0,0,0,0,0,0,0,0,0,0,0,0
0.001745329238474369,0,-0.005476620048284531,-0.00008909177995519713,0.00007366139470832422,0,-0.003974139224737883,0.011159025132656097,-0.00007366139470832422,0.001745329238474369,0.007568701170384884,-0.025844143703579903
0,0,-0.005476620048284531,-0.00008909177995519713,0.00007366139470832422,0,-0.005719468463212252,0.009413695894181728,-0.00007366139470832422,0,0.002332713222131133,-0.02409881353378296
0.001745329238474369,0,-0.0072219492867589,-0.00008909177995519713,-0.0016716679092496634,0,-0.005719468463212252,0.0006870492361485958,-0.0018189906841143966,0.001745329238474369,0.002332713222131133,-0.022353485226631165
-0.001745329238474369,0.003490658476948738,-0.003013571025803685,0.00012172786227893084,0.0008320235647261143,0,-0.0074286977760493755,-0.0005454813945107162,-0.00004024446025141515,-0.0007917790790088475,0.018966246396303177,-0.027721863240003586
0,0,-0.0029111590702086687,0.000463255331851542,0.00004449401967576705,0,-0.01334390789270401,-0.0005650981329381466,-0.00004449401967576705,0,0.022586097940802574,-0.03136194869875908
0.001745329238474369,0,-0.004819524474442005,0.0007669352344237268,0.00007366139470832422,0,-0.022091301158070564,-0.0020796633325517178,-0.00007366139470832422,0,0.03673257306218147,-0.04837184399366379
0.001745329238474369,0,-0.004819524474442005,0.0007669352344237268,0.00007366139470832422,0,-0.022091301158070564,-0.0020796633325517178,-0.00007366139470832422,0,0.03673257306218147,-0.04837184399366379
0,0,0,0,0,0,0,0,0,0,0,0
0,0,0,0,0,0,0,0,0,0,0,0
0,0,0,0,0,0,0,0,0,0,0,0
0,0,-0.01653686724603176,-0.004487109370529652,0.000039601363823749125,0,-0.04463684558868408,-0.018729520961642265,-0.000039601363823749125,0,-0.008205851539969444,-0.009968359023332596
0,0,-0.029014434665441513,-0.0066010174341499805,0.00007366139470832422,0,-0.0813182070851326,-0.03434981778264046,-0.00007366139470832422,0,-0.008770599961280823,-0.018297646194696426
0,0,0,0,0,0,0,0,0,0,0,0
0.0011335015296936035,0,-0.028346708044409752,-0.009324599988758564,-0.0016974899917840958,0.0011335015296936035,-0.035979632288217545,-0.0190805085003376,-0.000047839283070061356,-0.0006118277087807655,-0.013650358654558659,-0.009470933116972446
0,0,0,0,0,0,0,0,0,0,0,0
0,0,0,0,0,0,0,0,0,0,0,0
0,0.0006774195353500545,-0.022217972204089165,-0.009025744162499905,0.000045070988562656567,0,-0.026586344465613365,-0.012377879582345486,-0.000045070988562656567,0,-0.010081666521728039,-0.010654849000275135
0,0,-0.010930231772363186,-0.005177313461899757,0.00003082770490436815,0,-0.015312619507312775,-0.00644645094871521,-0.00003082770490436815,0,-0.008174310438334942,-0.008060881868004799
0,0,-0.0160391665995121,-0.005494018085300922,0.00004452606299309991,0,-0.01647290214896202,-0.004589763469994068,-0.00004452606299309991,0,-0.018854549154639244,-0.012646418064832687
0,0,-0.023463211953639984,-0.006441232282668352,0.00006149482214823365,0,-0.019604455679655075,-0.004304171539843082,-0.00006149482214823365,0.001745329238474369,-0.034677229821681976,-0.015201523900032043
0,0,-0.023463211953639984,-0.006441232282668352,0.00006149482214823365,0,-0.019604455679655075,-0.004304171539843082,-0.00006149482214823365,0.001745329238474369,-0.034677229821681976,-0.015201523900032043
0,0,0,0,0,0,0,0,0,0,0,0
0,0,-0.03030954673886299,-0.0036192690022289753,0.00007366139470832422,0,-0.019081415608525276,-0.0006897710263729095,-0.00007366139470832422,0,-0.09296230971813202,-0.008022071793675423
0,0,0,0,0,0,0,0,0,0,0,0
0,0,0,0,0,0,0,0,0,0,0,0
0,-0.001745329238474369,-0.024942608550190926,-0.002112060086801648,0.00007366139470832422,0,-0.0029864932876080275,0.00020057240908499807,0.0016716679092496634,0,-0.08920054882764816,0.01914501003921032
0,-0.001745329238474369,-0.024942608550190926,-0.002112060086801648,0.00007366139470832422,0,-0.0029864932876080275,0.00020057240908499807,0.0016716679092496634,0,-0.08920054882764816,0.01914501003921032
0.0010396698489785194,0.0007056594477035105,-0.011099963448941708,-0.0010107406415045261,0.00004387912849779241,0,0.01958981156349182,0.0050193630158901215,-0.0010835489956662059,0.001745329238474369,-0.0393359437584877,0.019723249599337578
0.0010396698489785194,0.0007056594477035105,-0.011099963448941708,-0.0010107406415045261,0.00004387912849779241,0,0.01958981156349182,0.0050193630158901215,-0.0010835489956662059,0.001745329238474369,-0.0393359437584877,0.019723249599337578
0,-0.0010391507530584931,0.007241202052682638,0.006340646650642157,-0.0009952934924513102,0.0010391507530584931,0.0732698142528534,0.030801989138126373,-0.0000438572205894161,0,-0.06994053721427917,0.014178606681525707
0,0,0.009857545606791973,0.008904248476028442,-0.0016716679092496634,0,0.10113468021154404,0.043634362518787384,0.0016716679092496634,0,-0.10308348387479782,0.02095017209649086
0,0,0.009857545606791973,0.008904248476028442,-0.0016716679092496634,0,0.10113468021154404,0.043634362518787384,0.0016716679092496634,0,-0.10308348387479782,0.02095017209649086
0,0,0,0,0,0,0,0,0,0,0,0
-0.0008022624533623457,0,0.032562170177698135,0.020130522549152374,-0.0009032647940330207,0,0.020959513261914253,0.015284157358109951,-0.0009828688343986869,-0.0008022624533623457,-0.019613759592175484,0.006482747383415699
0,0,0,0,0,0,0,0,0,0,0,0
0,0,0,0,0,0,0,0,0,0,0,0
0,-0.001745329238474369,0.032546691596508026,0.02081453986465931,-0.0016716679092496634,0,0.02117856778204441,0.01815951056778431,-0.00007366139470832422,0.001745329238474369,-0.007642859127372503,0.010437384247779846
0,0,0.015275845304131508,0.012348251417279243,0.00004376189463073388,0,0.0023695561103522778,0.0108187235891819,0.0017015673220157623,0,0.03128521144390106,-0.0013200013199821115
0,0,0,0,0,0,0,0,0,0,0,0
0,0,0.014012151397764683,0.018970077857375145,-0.0016716679092496634,0,-0.0073792459443211555,0.006759684067219496,0.0016716679092496634,0.001745329238474369,0.04610494151711464,-0.01437836792320013
0,0,0.006920069456100464,0.009488187730312347,0.00004413554415805265,0,-0.006917474325746298,0.000643458217382431,-0.00004413554415805265,-0.0006995839066803455,0.01683698780834675,-0.011818422935903072
0,0,0.006920069456100464,0.009488187730312347,0.00004413554415805265,0,-0.006917474325746298,0.000643458217382431,-0.00004413554415805265,-0.0006995839066803455,0.01683698780834675,-0.011818422935903072
0,0,0.002155587775632739,0.004206378012895584,0.00004162680124863982,0,-0.0038505680859088898,0.00205854419618845,-0.00004162680124863982,0,0.015576769597828388,-0.012024501338601112
0,-0.001745329238474369,0.0007951430161483586,0.0052976845763623714,0.000030650578992208466,0,-0.0019825913477689028,0.0018220057245343924,0.0017146787140518427,0,0.004086012952029705,-0.00888630747795105
0,0,0,0,0,0,0,0,0,0,0,0
0,0,-0.006605243775993586,0.00379287451505661,-0.0016716679092496634,0.001745329238474369,-0.005854261107742786,0.0019444891950115561,-0.00007366139470832422,0.001745329238474369,-0.008954319171607494,-0.022040169686079025
0,0,0,0,0,0,0,0,0,0,0,0
0,0,0,0,0,0,0,0,0,0,0,0
0,0,0,0,0,0,0,0,0,0,0,0
0,-0.001745329238474369,-0.007435417268425226,0.0015060976147651672,-0.0016716679092496634,0,-0.017913831397891045,-0.0018017521360889077,0.0034169971477240324,0,-0.005045579746365547,-0.04113958030939102
0,0,0,0,0,0,0,0,0,0,0,0
0,0,0,0,0,0,0,0,0,0,0,0
0,0,0,0,0,0,0,0,0,0,0,0
0,0,0,0,0,0,0,0,0,0,0,0
0,0,0,0,0,0,0,0,0,0,0,0
0,0,-0.007831371389329433,-0.0023910924792289734,-0.0016716679092496634,0,-0.03161365166306496,-0.011446435935795307,-0.00007366139470832422,0,-0.07079171389341354,-0.040627118200063705
-0.001745329238474369,0,-0.007831371389329433,-0.0023910924792289734,0.00007366139470832422,0,-0.029868323355913162,-0.009701106697320938,-0.00007366139470832422,0,-0.06206506863236427,-0.035391129553318024
0,0,0,0,0,0,0,0,0,0,0,0
0.0007426032098010182,-0.0011139047564938664,-0.006435796152800322,-0.0037450494710355997,-0.003061366267502308,0,-0.009179073385894299,-0.00493044825270772,-0.000057990655477624387,0.0003713016049005091,-0.08058428764343262,-0.02220216579735279
0,0,-0.008777535520493984,-0.006515077315270901,-0.0016716679092496634,0,0.021396053954958916,-0.0001781438768375665,-0.00007366139470832422,0.003490658476948738,-0.09958766400814056,-0.021371563896536827
0,0,-0.008777535520493984,-0.006515077315270901,-0.0016716679092496634,0,0.021396053954958916,-0.0001781438768375665,-0.00007366139470832422,0.003490658476948738,-0.09958766400814056,-0.021371563896536827
0,0,0,0,0,0,0,0,0,0,0,0
0,0,0,0,0,0,0,0,0,0,0,0
-0.001745329238474369,0.003490658476948738,-0.01408687885850668,-0.010610464960336685,-0.0016716679092496634,0,0.0201262217015028,0.0034618224017322063,0.0034169971477240324,-0.003490658476948738,-0.03274773061275482,-0.016252538189291954
-0.001745329238474369,0.003490658476948738,-0.01408687885850668,-0.010610464960336685,-0.0016716679092496634,0,0.0201262217015028,0.0034618224017322063,0.0034169971477240324,-0.003490658476948738,-0.03274773061275482,-0.016252538189291954
-0.0007014875882305205,0,-0.020200811326503754,-0.013086837716400623,-0.0009997864253818989,0,-0.0011848469730466604,-0.0011533698998391628,-0.00004405519939609803,0.0010438415920361876,-0.0014044041745364666,-0.0012784358114004135
-0.0007014875882305205,0,-0.020200811326503754,-0.013086837716400623,-0.0009997864253818989,0,-0.0011848469730466604,-0.0011533698998391628,-0.00004405519939609803,0.0010438415920361876,-0.0014044041745364666,-0.0012784358114004135
0,0,0,0,0,0,0,0,0,0,0,0
-0.001745329238474369,0,-0.027837740257382393,-0.01188616082072258,0.00007366139470832422,0.001745329238474369,0.003625278128311038,0.0014478093944489956,0.0016716679092496634,-0.005235987715423107,0.032662492245435715,0.014190832152962685
0,0,0,0,0,0,0,0,0,0,0,0
0,0,0,0,0,0,0,0,0,0,0,0
0,0,0,0,0,0,0,0,0,0,0,0
0.003714518388733268,-0.0009845945751294494,-0.03574063628911972,-0.009596414864063263,-0.0009430398931726813,0.001745329238474369,0.006588281597942114,-0.001963129499927163,-0.001786883920431137,0,0.0034834169782698154,0.02413116954267025
0,0.001745329238474369,-0.02591460384428501,-0.008256490342319012,0.00098981277551502,0,0.0036569428630173206,0.000061015409301035106,-0.00003329153696540743,0,-0.005053376778960228,0.016786156222224236
0,0,0,0,0,0,0,0,0,0,0,0
0,0,0,0,0,0,0,0,0,0,0,0
0,0,0,0,0,0,0,0,0,0,0,0
0,0,0,0,0,0,0,0,0,0,0,0
0,0,0,0,0,0,0,0,0,0,0,0
0,0,0,0,0,0,0,0,0,0,0,0
0,0,0,0,0,0,0,0,0,0,0,0
0.0006957972655072808,0,-0.006413183640688658,-0.0008408140856772661,-0.0010052366415038705,0.0010495319729670882,-0.007381388917565346,0.00001935632826643996,0.0010052366415038705,-0.0020990639459341764,-0.026901811361312866,-0.0011137162800878286
0,0,0,0,0,0,0,0,0,0,0,0
0.000950606307014823,-0.000950606307014823,-0.0020762006752192974,0.0006200747448019683,0.0008348432020284235,0,-0.017885226756334305,-0.00017560877313371748,-0.000040120212361216545,0,-0.029872236773371696,-0.0032457448542118073
-0.001745329238474369,0.001745329238474369,0.007264629937708378,0.0020867609418928623,0.00007366139470832422,0,-0.03569747880101204,-0.00009133348794421181,0.0016716679092496634,-0.001745329238474369,-0.05203711986541748,-0.0035170752089470625
-0.001745329238474369,0.001745329238474369,0.007264629937708378,0.0020867609418928623,0.00007366139470832422,0,-0.03569747880101204,-0.00009133348794421181,0.0016716679092496634,-0.001745329238474369,-0.05203711986541748,-0.0035170752089470625
0,0,0,0,0,0,0,0,0,0,0,0
0,0,0,0,0,0,0,0,0,0,0,0
0,0,0,0,0,0,0,0,0,0,0,0
0,0.0008256089058704674,-0.01751229539513588,0.0014237751020118594,-0.0008809036808088422,0.0009197203326039016,-0.045174647122621536,-0.007217338774353266,-0.00003881667726091109,-0.001745329238474369,-0.025767359882593155,-0.008831286802887917
0,0,0,0,0,0,0,0,0,0,0,0
0.0006634448072873056,0,-0.035419147461652756,-0.0026040542870759964,0.0007091055740602314,0,-0.05594055354595184,-0.011237445287406445,0.0027815529610961676,0.0006634448072873056,-0.02976156398653984,-0.016517868265509605
0.0006634448072873056,0,-0.035419147461652756,-0.0026040542870759964,0.0007091055740602314,0,-0.05594055354595184,-0.011237445287406445,0.0027815529610961676,0.0006634448072873056,-0.02976156398653984,-0.016517868265509605
0,0,0,0,0,0,0,0,0,0,0,0
0,0,0,0,0,0,0,0,0,0,0,0
0,0,0,0,0,0,0,0,0,0,0,0
0,-0.0009474815451540053,-0.033445198088884354,-0.006509614177048206,-0.0017053409246727824,0,-0.026277517899870872,-0.008783268742263317,0.0017053409246727824,0,-0.021395539864897728,-0.018294652923941612
0.001745329238474369,0,-0.04920703545212746,-0.010245849378407001,-0.0016716679092496634,0,-0.03976994380354881,-0.01415844727307558,0.0016716679092496634,0,-0.032797954976558685,-0.02791280671954155
0,0,0,0,0,0,0,0,0,0,0,0
0,0,-0.058718811720609665,-0.017962966114282608,0.000691482680849731,0,-0.04763920605182648,-0.01578448712825775,-0.000691482680849731,-0.0006450453656725585,-0.0021293452009558678,-0.01341034471988678
0,0,-0.058718811720609665,-0.017962966114282608,0.000691482680849731,0,-0.04763920605182648,-0.01578448712825775,-0.000691482680849731,-0.0006450453656725585,-0.0021293452009558678,-0.01341034471988678
0,0,-0.041463740170001984,-0.01781139336526394,0.000043675070628523827,0,-0.04180464521050453,-0.015794692561030388,-0.000043675070628523827,0,0.03811262175440788,-0.010461580008268356
0,0,-0.041463740170001984,-0.01781139336526394,0.000043675070628523827,0,-0.04180464521050453,-0.015794692561030388,-0.000043675070628523827,0,0.03811262175440788,-0.010461580008268356
0,0,-0.040579743683338165,-0.019892437383532524,0.000043927953811362386,0,-0.04144907742738724,-0.017336249351501465,-0.000043927953811362386,-0.0020816533360630274,0.0868670865893364,-0.009016528725624084
0,0,0,0,0,0,0,0,0,0,0,0
0,0,0,0,0,0,0,0,0,0,0,0
-0.00031680805841460824,0,-0.033660147339105606,-0.01201021857559681,0.00004351611642050557,0,-0.02189740724861622,-0.006258077919483185,-0.00004351611642050557,0,0.033519044518470764,-0.006936745718121529
-0.00031680805841460824,0,-0.033660147339105606,-0.01201021857559681,0.00004351611642050557,0,-0.02189740724861622,-0.006258077919483185,-0.00004351611642050557,0,0.033519044518470764,-0.006936745718121529
0,0,0,0,0,0,0,0,0,0,0,0
0,0,0,0,0,0,0,0,0,0,0,0
0,0,0,0,0,0,0,0,0,0,0,0
0,0,0,0,0,0,0,0,0,0,0,0
0,0,0,0,0,0,0,0,0,0,0,0
0,0,0,0,0,0,0,0,0,0,0,0
0.0001719056599540636,-0.0009586174273863435,-0.012124145403504372,-0.00347712985239923,0.000033203068596776575,0,-0.008874285034835339,0.001109303324483335,-0.000033203068596776575,0,0.006770477630198002,0.011398347094655037
0,0,-0.013008658774197102,-0.0016186691354960203,-0.0017126802122220397,0,-0.008946872316300869,0.00010555822518654168,0.000740935793146491,0,0.0063155354000627995,0.011994896456599236
0,0,0,0,0,0,0,0,0,0,0,0
0,0,-0.011475722305476665,-0.001973682316020131,0.00003368292163941078,0,-0.01861502416431904,-0.0028155723121017218,-0.000980930752120912,0.001745329238474369,0.004654406104236841,0.014620330184698105
0,0,-0.011475722305476665,-0.001973682316020131,0.00003368292163941078,0,-0.01861502416431904,-0.0028155723121017218,-0.000980930752120912,0.001745329238474369,0.004654406104236841,0.014620330184698105
-0.0007475035963580012,0.001745329238474369,-0.007336525712162256,-0.0016936433967202902,0.000031548290280625224,-0.0009978256421163678,-0.018197495490312576,-0.004889889620244503,0.0007159552769735456,-0.0007475035963580012,-0.0010901883943006396,0.012988266535103321
-0.0007326299091801047,0.0007326299091801047,-0.008725350722670555,-0.0015942910686135292,0.000030920549761503935,0,-0.013231689110398293,-0.003172299824655056,0.0007017093594186008,-0.0007326299091801047,-0.002569570206105709,0.010606909170746803
-0.0007326299091801047,0.0007326299091801047,-0.008725350722670555,-0.0015942910686135292,0.000030920549761503935,0,-0.013231689110398293,-0.003172299824655056,0.0007017093594186008,-0.0007326299091801047,-0.002569570206105709,0.010606909170746803
0,0,0,0,0,0,0,0,0,0,0,0
-0.002284955233335495,0.0006028516800142825,-0.007179001811891794,-0.0026157775428146124,0.00004821811671718024,0,-0.006411457899957895,0.0009237115737050772,-0.00004821811671718024,0,-0.008000279776751995,0.02449662797152996
-0.003490658476948738,0,-0.010967148467898369,-0.0030750874429941177,0.00007366139470832422,0,-0.009794594720005989,0.0004901681677438319,-0.00007366139470832422,0,-0.01222179178148508,0.03577403351664543
-0.0003296008217148483,0,-0.004968060180544853,-0.0015817963285371661,0.000043786076275864616,0,0.03161955252289772,0.026088135316967964,0.0027390082832425833,0,-0.044622041285037994,0.036546748131513596
0,0,0,0,0,0,0,0,0,0,0,0
0,0,0,0,0,0,0,0,0,0,0,0
0,0,0,0,0,0,0,0,0,0,0,0
-0.001138406223617494,0,0.04649699106812477,0.020013755187392235,0.000048046284064184874,0,0.08834625780582428,0.03045576624572277,0.0010903598740696907,0,-0.19626201689243317,0.011064043268561363
0,0,0,0,0,0,0,0,0,0,0,0
0,0,0,0,0,0,0,0,0,0,0,0
0,0,0,0,0,0,0,0,0,0,0,0
0,0,0,0,0,0,0,0,0,0,0,0
0,0,0,0,0,0,0,0,0,0,0,0
-0.002077978104352951,0,0.056818392127752304,0.027589762583374977,0.000043850395741174,0.001745329238474369,0.05450547859072685,0.0267336405813694,0.0009951386600732803,0,-0.01395717728883028,-0.027460284531116486
0,0,0,0,0,0,0,0,0,0,0,0
0,0,0,0,0,0,0,0,0,0,0,0
0,0,0,0,0,0,0,0,0,0,0,0
0,0,0.030394192785024643,0.017946500331163406,0.0007508482085540891,0,0.05429283529520035,0.031014014035463333,0.00099448102992028,-0.001745329238474369,0.06978193670511246,-0.006999580189585686
0,0,0.030394192785024643,0.017946500331163406,0.0007508482085540891,0,0.05429283529520035,0.031014014035463333,0.00099448102992028,-0.001745329238474369,0.06978193670511246,-0.006999580189585686
0,0,0,0,0,0,0,0,0,0,0,0
0,0,0.01575985737144947,0.005476136691868305,0.00005269108805805445,0.001745329238474369,0.0005840394296683371,0.005634937435388565,0.002444228855893016,0,0.017118919640779495,-0.004780195187777281
0,0.001745329238474369,-0.003248359076678753,-0.0018317492213100195,0.00004038394399685785,0,-0.011136098764836788,-0.0016111399745568633,0.0018733262550085783,0,0.03596601262688637,-0.0020199096761643887
0,0,-0.00892494898289442,-0.005337105598300695,0.000040526105294702575,0,-0.01958828791975975,-0.005504597909748554,0.0009196973405778408,0,0.04678799584507942,-0.0010795780690386891
0,0.0007863211794756353,-0.023034390062093735,-0.014266837388277054,-0.0009185332455672324,0.0009590080589987338,-0.04557046294212341,-0.02050733007490635,0.0009185332455672324,0,0.07838739454746246,0.002402069279924035
0,0.0007863211794756353,-0.023034390062093735,-0.014266837388277054,-0.0009185332455672324,0.0009590080589987338,-0.04557046294212341,-0.02050733007490635,0.0009185332455672324,0,0.07838739454746246,0.002402069279924035
0,0,-0.03233344107866287,-0.021631302312016487,0.000040550447010900825,0,-0.06752455234527588,-0.029953427612781525,0.0009202497894875705,0,0.0748518705368042,0.0029126289300620556
0,0,0,0,0,0,0,0,0,0,0,0
0,0,0,0,0,0,0,0,0,0,0,0
0,0,-0.1089528426527977,-0.053800564259290695,-0.0017011436866596341,0,-0.13138262927532196,-0.06040889024734497,-0.0007425844669342041,-0.0006983989151194692,0.041364241391420364,0.019765209406614304
0,0,-0.1089528426527977,-0.053800564259290695,-0.0017011436866596341,0,-0.13138262927532196,-0.06040889024734497,-0.0007425844669342041,-0.0006983989151194692,0.041364241391420364,0.019765209406614304
0,0,0,0,0,0,0,0,0,0,0,0
0,0,0,0,0,0,0,0,0,0,0,0
0,0,0,0,0,0,0,0,0,0,0,0
0,0,0,0,0,0,0,0,0,0,0,0
0.0006960229948163033,-0.0006960229948163033,-0.013109341263771057,-0.008915207348763943,0.00004428583270055242,0,-0.00915051531046629,-0.0018398150568827987,-0.00004428583270055242,0,-0.0037472497206181288,0.01909654773771763
0,0,0,0,0,0,0,0,0,0,0,0
0,0,-0.00010308645869372413,-0.002862539840862155,0.00004466427708393894,0,-0.0005818128120154142,-0.00019101318321190774,-0.00004466427708393894,0,-0.003039309987798333,0.008515972644090652
0,0,0,0,0,0,0,0,0,0,0,0
0,0,0,0,0,0,0,0,0,0,0,0
0,0,-0.010363255627453327,-0.0074326759204268456,0.00007366139470832422,0,-0.0028054004069417715,-0.0011409706203266978,-0.00007366139470832422,0,-0.006139413453638554,0.00755348103120923
0,0,0,0,0,0,0,0,0,0,0,0
0,0,0,0,0,0,0,0,0,0,0,0
0,0,0,0,0,0,0,0,0,0,0,0
0,0,0,0,0,0,0,0,0,0,0,0
0.001745329238474369,-0.001930037047713995,-0.0036880921106785536,-0.0021479828283190727,-0.0017046007560566068,0,0.0011540446430444717,0.0013515851460397243,-0.00004072848241776228,0.0009650185238569975,-0.005077848676592112,0.004395723342895508
0,-0.0009564399369992316,-0.0038252538070082664,-0.0005447849398478866,0.00004036641985294409,0,-0.0010268777841702104,0.0006634468445554376,-0.00004036641985294409,0,-0.00519906310364604,0.004417760297656059
0,0,0,0,0,0,0,0,0,0,0,0
0,0,0,0,0,0,0,0,0,0,0,0
0,0,-0.006870999000966549,-0.002061886480078101,0.00004789678132510744,0,-0.00008380759391002357,0.0009038214338943362,-0.0017932259943336248,0.0011348638217896223,-0.01352887973189354,0.008184494450688362
0,0,-0.006870999000966549,-0.002061886480078101,0.00004789678132510744,0,-0.00008380759391002357,0.0009038214338943362,-0.0017932259943336248,0.0011348638217896223,-0.01352887973189354,0.008184494450688362
0.001745329238474369,-0.001745329238474369,-0.007975087501108646,-0.003946244250983,0.0007621680269949138,0,-0.00024631337146274745,-0.002648552879691124,0.0017020066734403372,0,-0.019302358850836754,0.010953877121210098
0,0,0,0,0,0,0,0,0,0,0,0
0,0,0,0,0,0,0,0,0,0,0,0
0,0,0,0,0,0,0,0,0,0,0,0
0,0,0,0,0,0,0,0,0,0,0,0
0,0,0,0,0,0,0,0,0,0,0,0
0,0,0,0,0,0,0,0,0,0,0,0
0,0,0,0,0,0,0,0,0,0,0,0
0,0,0,0,0,0,0,0,0,0,0,0
0,-0.001745329238474369,0.06078914925456047,0.019755853340029716,0.000044155280193081126,0,0.0597514808177948,0.03158613666892052,-0.000044155280193081126,0,-0.04967460781335831,0.017307333648204803
0,-0.001050486695021391,0.058073364198207855,0.02224447764456272,0.00004433565482031554,0.001745329238474369,0.04260530322790146,0.01978123001754284,-0.0010948224226012826,0.001745329238474369,-0.053618162870407104,0.013209782540798187
0,0,0,0,0,0,0,0,0,0,0,0
0,0,0,0,0,0,0,0,0,0,0,0
0,0.001745329238474369,-0.007832937873899937,0.004545607138425112,-0.0009989188984036446,0,0.004497636575251818,0.004501101095229387,-0.0007464103982783854,-0.001745329238474369,-0.13290727138519287,-0.03323300927877426
0,-0.0007013268768787384,-0.004359570797532797,0.003896558890119195,0.000745388853829354,-0.0007013268768787384,0.01200927421450615,0.006982102058827877,0.000999940442852676,-0.0003426755138207227,-0.13262474536895752,-0.04872070997953415
0,0,0,0,0,0,0,0,0,0,0,0
0,0,0,0,0,0,0,0,0,0,0,0
0,0,0.019108574837446213,0.018204154446721077,0.0007435347069986165,-0.0006993910064920783,0.026786131784319878,0.02281193435192108,-0.000044143685954622924,0,-0.08301631361246109,-0.05725115165114403
0,0,0.019108574837446213,0.018204154446721077,0.0007435347069986165,-0.0006993910064920783,0.026786131784319878,0.02281193435192108,-0.000044143685954622924,0,-0.08301631361246109,-0.05725115165114403
0,-0.0010478529147803783,0.03541252017021179,0.03702301159501076,0.00004422449637786485,0,0.033357296139001846,0.03932258114218712,-0.0010920774657279253,0.0027931821532547474,-0.04011340066790581,-0.05015379935503006
0,0,0,0,0,0,0,0,0,0,0,0
0.001745329238474369,0,0.025006700307130814,0.03410870581865311,-0.000654413946904242,-0.00104673788882792,0.010576647706329823,0.023392245173454285,0.002049298258498311,0.0006985913496464491,-0.0063231224194169044,-0.026865921914577484
0,0,0,0,0,0,0,0,0,0,0,0
0,0,0,0,0,0,0,0,0,0,0,0
0,0,0,0,0,0,0,0,0,0,0,0
-0.000595250865444541,0.000595250865444541,-0.007401170674711466,0.0031453126575797796,-0.0016967903356999159,0,0.004665939137339592,0.023133734241127968,0.0005467119626700878,-0.001190501730889082,-0.002589598298072815,-0.0268681850284338
0,-0.0021059922873973846,-0.008140314370393753,0.004373777192085981,0.000044441563659347594,0,0.0032856410834938288,0.02065064013004303,-0.000044441563659347594,0,-0.0007648271857760847,-0.020269932225346565
0,0,0,0,0,0,0,0,0,0,0,0
0,0,0,0,0,0,0,0,0,0,0,0
0,0,0,0,0,0,0,0,0,0,0,0
0,0,0,0,0,0,0,0,0,0,0,0
0,0,-0.028281668201088905,-0.008474685251712799,0.00004040500789415091,0,-0.006055177189409733,-0.0001342513132840395,-0.00004040500789415091,0.001745329238474369,0.02106284350156784,-0.010973239317536354
0,0,-0.026579691097140312,-0.008684348315000534,0.00004422537676873617,0,-0.007291891146451235,-0.0010949487332254648,-0.0007416808512061834,0.00035041829687543213,0.021880371496081352,-0.013272642157971859
0,0,0,0,0,0,0,0,0,0,0,0
-0.001046052435413003,0,-0.028188273310661316,-0.008145510219037533,-0.001701180706731975,0,-0.010673788376152515,-0.002213898813351989,-0.00004414850991452113,-0.001745329238474369,0.012784861028194427,-0.019888149574398994
0,0,-0.020959315821528435,-0.008927782997488976,0.00004013957368442789,-0.0007942643132992089,-0.011039766483008862,-0.002288554795086384,0.0009109253878705204,-0.0028531949501484632,0.0035935225896537304,-0.01789502240717411
0,0,-0.020959315821528435,-0.008927782997488976,0.00004013957368442789,-0.0007942643132992089,-0.011039766483008862,-0.002288554795086384,0.0009109253878705204,-0.0028531949501484632,0.0035935225896537304,-0.01789502240717411
0,0.0008462989353574812,-0.02244548499584198,-0.009679397568106651,0.0009347482700832188,0,-0.009582281112670898,-0.0036482280120253563,0.0008105809683911502,0.00005273142596706748,-0.0005312035791575909,-0.016328614205121994
0,0,0,0,0,0,0,0,0,0,0,0
0,0,0,0,0,0,0,0,0,0,0,0
0,0,0,0,0,0,0,0,0,0,0,0
0.000695933063980192,0,-0.024669814854860306,-0.012056676670908928,0.000044289627112448215,0,-0.016385367140173912,-0.006888359785079956,-0.000044289627112448215,0,-0.009865890257060528,-0.013079814612865448
0,0,-0.022033240646123886,-0.010611120611429214,0.00004002058267360553,0,-0.00841419119387865,-0.00713353231549263,-0.0008371042204089463,-0.001745329238474369,-0.011200970970094204,-0.010624399408698082
0,-0.0006962007028050721,-0.020713048055768013,-0.008432960137724876,0.0007404790376313031,0,-0.009475857950747013,-0.005439200904220343,0.001004850142635405,-0.001049128477461636,-0.01314324326813221,-0.009871873073279858
0,0,0,0,0,0,0,0,0,0,0,0
0,0,0,0,0,0,0,0,0,0,0,0
0,0,0,0,0,0,0,0,0,0,0,0
0,0,0,0,0,0,0,0,0,0,0,0
0,0,0,0,0,0,0,0,0,0,0,0
0,0,0,0,0,0,0,0,0,0,0,0
0,0,0,0,0,0,0,0,0,0,0,0
0,0,0,0,0,0,0,0,0,0,0,0
0.0007018750766292214,0,0.003263956867158413,-0.0005118345143273473,0.000044038846681360155,0,0.0024254925083369017,0.00023840238281991333,0.0009994152933359146,0,-0.03204558789730072,-0.005712924525141716
0,0,0,0,0,0,0,0,0,0,0,0
0,0,0,0,0,0,0,0,0,0,0,0
0,0,0,0,0,0,0,0,0,0,0,0
-0.001745329238474369,-0.0007004332146607339,0.0067869145423173904,-0.0008059185347519815,0.000044099702790845186,0,0.02584540657699108,0.013753147795796394,0.0010007963282987475,-0.001044896082021296,-0.008465458638966084,0.01680210418999195
-0.0013712330255657434,0,0.006073908414691687,-0.0031937365420162678,0.0004319689760450274,0,0.018341360613703728,0.014566745609045029,0.0013133602915331721,0.0003740962711162865,-0.003985534887760878,0.03160485252737999
0,0,0,0,0,0,0,0,0,0,0,0
0,0,-0.0017193329986184835,-0.0016620850656181574,0.000044924636313226074,0.0010644419817253947,-0.013980547897517681,0.0012845405144616961,0.0027648466639220715,0,0.032463639974594116,0.060008514672517776
0,0,0,0,0,0,0,0,0,0,0,0
0,0,0.00004036711834487505,0.00035456145997159183,-0.0005938205868005753,-0.0028502068016678095,-0.008377392776310444,-0.00593502027913928,0.0010582462418824434,0,0.028032610192894936,0.048523712903261185
-0.001745329238474369,0.0011880035744979978,-0.0008133387891575694,-0.0004117926291655749,-0.0016951897414401174,0,-0.007497700862586498,-0.006666329689323902,0.001137864077463746,0,0.02400093525648117,0.0343005508184433
-0.001745329238474369,0.0011880035744979978,-0.0008133387891575694,-0.0004117926291655749,-0.0016951897414401174,0,-0.007497700862586498,-0.006666329689323902,0.001137864077463746,0,0.02400093525648117,0.0343005508184433
0,0,0,0,0,0,0,0,0,0,0,0
0,0,0,0,0,0,0,0,0,0,0,0
0,0,0,0,0,0,0,0,0,0,0,0
0,0,0,0,0,0,0,0,0,0,0,0
0,0,0,0,0,0,0,0,0,0,0,0
0,0,0,0,0,0,0,0,0,0,0,0
0,0,0,0,0,0,0,0,0,0,0,0
0,0.001745329238474369,-0.02709933929145336,-0.024062231183052063,0.00007366139470832422,0,-0.020091312006115913,-0.0067933849059045315,-0.00007366139470832422,-0.001745329238474369,0.09343236684799194,0.043462224304676056
0,0,0,0,0,0,0,0,0,0,0,0
0,0,0,0,0,0,0,0,0,0,0,0
0,0,0,0,0,0,0,0,0,0,0,0
0,0,0,0,0,0,0,0,0,0,0,0
0,0,0,0,0,0,0,0,0,0,0,0
0,0,-0.007096624467521906,-0.005426380783319473,0.0007438333122991025,0,-0.0006241477676667273,0.0010534009197726846,0.0010014959843829274,0,0.01643919013440609,0.021721333265304565
0,0,0,0,0,0,0,0,0,0,0,0
0,0,-0.006437480915337801,-0.004832254257053137,0.000040180279029300436,0,-0.002575866412371397,0.0006682980456389487,-0.000040180279029300436,0,0.005063205026090145,0.014332504943013191
0,0,-0.006437480915337801,-0.004832254257053137,0.000040180279029300436,0,-0.002575866412371397,0.0006682980456389487,-0.000040180279029300436,0,0.005063205026090145,0.014332504943013191
0,0,0,0,0,0,0,0,0,0,0,0
0,0,0,0,0,0,0,0,0,0,0,0
0,0,0,0,0,0,0,0,0,0,0,0
0,0,0,0,0,0,0,0,0,0,0,0
0,0,0,0,0,0,0,0,0,0,0,0
0,0,0,0,0,0,0,0,0,0,0,0
0,0,-0.011797861196100712,-0.00823711697012186,0.000028503376597655006,-0.0010699717095121741,-0.005108505953103304,-0.00631019938737154,-0.000028503376597655006,0,-0.010126098990440369,0.003206617198884487
0,0,0,0,0,0,0,0,0,0,0,0
0,0,0,0,0,0,0,0,0,0,0,0
0,0,0,0,0,0,0,0,0,0,0,0
0,0,-0.015331794507801533,-0.009963400661945343,0.000040193051972892135,0,-0.0037159749772399664,-0.0008854321204125881,0.0009121390176005661,0,-0.008084657602012157,0.0017824798123911023
0,0,0,0,0,0,0,0,0,0,0,0
0,0,0,0,0,0,0,0,0,0,0,0
0,0,0,0,0,0,0,0,0,0,0,0
0,0,-0.02293703705072403,-0.004942025523632765,0.00003529633249854669,0.001745329238474369,-0.0015593385323882103,-0.000119222910143435,0.0008010131423361599,0,-0.021055174991488457,-0.00960322842001915
0,0,0,0,0,0,0,0,0,0,0,0
0,0,0,0,0,0,0,0,0,0,0,0
0,0,0,0,0,0,0,0,0,0,0,0
-0.0008262923220172524,0,-0.028606027364730835,-0.0087981466203928,0.0008650801610201597,-0.0008262923220172524,-0.005727413576096296,-0.0022052477579563856,0.0008802491356618702,0.0008262923220172524,-0.03074883483350277,-0.017744822427630424
0,0,0,0,0,0,0,0,0,0,0,0
0,-0.001745329238474369,-0.026957929134368896,-0.010272335261106491,0.00004050063944305293,0,-0.004623156972229481,-0.002389521338045597,0.000919119396712631,-0.0007857091841287911,-0.02432016097009182,-0.01714334450662136
0,0,0,0,0,0,0,0,0,0,0,0
0,0,-0.028242316097021103,-0.011335814371705055,-0.0009988276287913322,0,-0.008153097704052925,-0.0003162650973536074,0.0009988276287913322,-0.001745329238474369,-0.02360025979578495,-0.013721096329391003
0,0,0,0,0,0,0,0,0,0,0,0
0,0,-0.029199888929724693,-0.009617283008992672,0.0006482486496679485,-0.0005999061977490783,-0.01971544697880745,-0.007939232513308525,0.0010970806470140815,0.002345235552638769,-0.04113975912332535,-0.021097959950566292
0,0,-0.021576371043920517,-0.006489502731710672,0.00004366867142380215,-0.0007106459815986454,-0.01808715984225273,-0.006319496780633926,-0.00004366867142380215,0.00032403727527707815,-0.034042418003082275,-0.015931157395243645
0,0,0,0,0,0,0,0,0,0,0,0
0,0,0,0,0,0,0,0,0,0,0,0
0,0,0,0,0,0,0,0,0,0,0,0
0,0,0,0,0,0,0,0,0,0,0,0
0,0,-0.0056475563906133175,-0.001891384250484407,0.0007449024124071002,0,-0.02282661758363247,-0.015896394848823547,0.0010004268260672688,0.003490658476948738,-0.011914901435375214,-0.01873984932899475
0,0,-0.0020310336258262396,0.0010631864424794912,0.000037930061807855964,0.0008466163417324424,-0.013625109568238258,-0.01245715282857418,-0.0017832593293860555,0.002696138806641102,-0.004543149843811989,-0.017408572137355804
0,0,0,0,0,0,0,0,0,0,0,0
0,0,0,0,0,0,0,0,0,0,0,0
0,0,0.01815664954483509,0.008275766856968403,0.0009409883641637862,0.0008397838682867587,-0.004319863859564066,-0.0006495827692560852,0.0008043409325182438,-0.001745329238474369,0.00811269786208868,-0.01692819967865944
0,0,0.01815664954483509,0.008275766856968403,0.0009409883641637862,0.0008397838682867587,-0.004319863859564066,-0.0006495827692560852,0.0008043409325182438,-0.001745329238474369,0.00811269786208868,-0.01692819967865944
0,0,0,0,0,0,0,0,0,0,0,0
0.0007016962044872344,-0.0007016962044872344,0.016838153824210167,0.012995324097573757,0.00004404639548738487,0,-0.0048117139376699924,-0.0011949521722272038,0.0009995866566896439,0.001745329238474369,0.004781137686222792,-0.016958583146333694
0.0007016962044872344,-0.0007016962044872344,0.016838153824210167,0.012995324097573757,0.00004404639548738487,0,-0.0048117139376699924,-0.0011949521722272038,0.0009995866566896439,0.001745329238474369,0.004781137686222792,-0.016958583146333694
0,0,0,0,0,0,0,0,0,0,0,0
0,0,0.013232303783297539,0.010445459745824337,0.00004481578798731789,-0.0006834662635810673,-0.00018418097170069814,0.004075316712260246,-0.00004481578798731789,0,0.0018457835540175438,-0.015711167827248573
0,0,0.013232303783297539,0.010445459745824337,0.00004481578798731789,-0.0006834662635810673,-0.00018418097170069814,0.004075316712260246,-0.00004481578798731789,0,0.0018457835540175438,-0.015711167827248573
0,0.000696567352861166,0.004316887818276882,0.0054460554383695126,0.000044262858864385635,0,0.0006596154416911304,0.0050815073773264885,0.001701066386885941,0,-0.002457943046465516,-0.015530649572610855
0,0.0026770245749503374,-0.007119970396161079,-0.002628826070576906,0.000039322076190728694,0,0.013928592205047607,0.010315639898180962,-0.0008529560873284936,0,-0.006718350574374199,-0.009766479954123497
0,0.0026770245749503374,-0.007119970396161079,-0.002628826070576906,0.000039322076190728694,0,0.013928592205047607,0.010315639898180962,-0.0008529560873284936,0,-0.006718350574374199,-0.009766479954123497
0,0,0,0,0,0,0,0,0,0,0,0
0,0,0,0,0,0,0,0,0,0,0,0
0,0,0,0,0,0,0,0,0,0,0,0
0,0.001119428314268589,-0.00519242137670517,0.0008862119284458458,-0.0005994849489070475,0.0006259009824134409,0.009198724292218685,0.005100830923765898,0.0005994849489070475,-0.0006259009824134409,-0.01085746195167303,0.008601175621151924
0,0,-0.007783847860991955,-0.002016467973589897,0.00004540472218650393,0,0.01343254279345274,0.008122347295284271,-0.0007149167940951884,0.001745329238474369,-0.026042677462100983,0.01716773211956024
0,0,0,0,0,0,0,0,0,0,0,0
-0.0006941009196452796,0.0006941009196452796,-0.004740546923130751,0.0004336091806180775,0.00004436695598997176,0,0.002187393605709076,0.002678536344319582,-0.0017896961653605103,0,-0.04233535751700401,0.012455154210329056
-0.0006941009196452796,0.0006941009196452796,-0.004740546923130751,0.0004336091806180775,0.00004436695598997176,0,0.002187393605709076,0.002678536344319582,-0.0017896961653605103,0,-0.04233535751700401,0.012455154210329056
0,0,0,0,0,0,0,0,0,0,0,0
-0.0009861604776233435,0,0.023190902546048164,0.005491890478879213,-0.0009445397299714386,0.0009861604776233435,-0.0037547617685049772,-0.0017670548986643553,0.0017037084326148033,-0.001745329238474369,-0.05895707756280899,0.004320354200899601
-0.0009861604776233435,0,0.023190902546048164,0.005491890478879213,-0.0009445397299714386,0.0009861604776233435,-0.0037547617685049772,-0.0017670548986643553,0.0017037084326148033,-0.001745329238474369,-0.05895707756280899,0.004320354200899601
0,0,0,0,0,0,0,0,0,0,0,0
0,0,0,0,0,0,0,0,0,0,0,0
0,-0.001745329238474369,-0.002158572431653738,0.001037802780047059,0.001370100537315011,0.00039176299469545484,-0.00583356199786067,-0.00029257137794047594,-0.000016534306269022636,0.00039176299469545484,-0.0006288918666541576,-0.004411001689732075
0,-0.001745329238474369,-0.002158572431653738,0.001037802780047059,0.001370100537315011,0.00039176299469545484,-0.00583356199786067,-0.00029257137794047594,-0.000016534306269022636,0.00039176299469545484,-0.0006288918666541576,-0.004411001689732075
0,0,0,0,0,0,0,0,0,0,0,0
0,0,0,0,0,0,0,0,0,0,0,0
0,0,0,0,0,0,0,0,0,0,0,0
0,0,0,0,0,0,0,0,0,0,0,0
0.0006902989116497338,-0.0006902989116497338,-0.010207189247012138,-0.0008860675734467804,0.00004452741632121615,0,-0.024919714778661728,-0.002673575421795249,0.0010105029214173555,0.0006902989116497338,0.0043119098991155624,-0.009284409694373608
0,-0.001745329238474369,-0.008428125642240047,-0.0009523021872155368,-0.0009808395989239216,0,-0.022782349959015846,-0.0006135316798463464,-0.00004322031600167975,0.0007212692871689796,-0.002648658584803343,-0.008241593837738037
0,-0.001745329238474369,-0.00933867134153843,-0.00020910799503326416,0.000719035102520138,0.001745329238474369,-0.02478780969977379,-0.0010692115174606442,-0.00004522325252764858,0,-0.009485394693911076,-0.005591845139861107
0,0,0,0,0,0,0,0,0,0,0,0
0,0,0,0,0,0,0,0,0,0,0,0
0,0,0,0,0,0,0,0,0,0,0,0
0,0,0,0,0,0,0,0,0,0,0,0
0,0,0,0,0,0,0,0,0,0,0,0
0,0,0,0,0,0,0,0,0,0,0,0
0,0,0,0,0,0,0,0,0,0,0,0
0.0006931493990123272,0,-0.006633959244936705,-0.0006070027011446655,0.000029254280889290385,-0.0010521798394620419,-0.007255142088979483,-0.00022803194588050246,0.0006638951017521322,0,-0.017963645979762077,0.0026455437764525414
0,0,0,0,0,0,0,0,0,0,0,0
0,0,0,0,0,0,0,0,0,0,0,0
0,0,0,0,0,0,0,0,0,0,0,0
0,0,0,0,0,0,0,0,0,0,0,0
0,0,0,0,0,0,0,0,0,0,0,0
0,0,0,0,0,0,0,0,0,0,0,0
0.001745329238474369,-0.001745329238474369,0.04736829549074173,0.012529605068266392,0.00002684907849470619,0,0.039239052683115005,0.010996486991643906,-0.00002684907849470619,0.0004730078508146107,0.18861955404281616,0.23508870601654053
0,0,0,0,0,0,0,0,0,0,0,0
0,0,0,0,0,0,0,0,0,0,0,0
0,0,0,0,0,0,0,0,0,0,0,0
0,0,0,0,0,0,0,0,0,0,0,0
0,0,0.1678786277770996,0.04375067725777626,-0.001700985012575984,0.0010506908874958754,0.2028643786907196,0.07583694159984589,0.001700985012575984,-0.001745329238474369,0.45511671900749207,0.1605903059244156
0,0,0.1678786277770996,0.04375067725777626,-0.001700985012575984,0.0010506908874958754,0.2028643786907196,0.07583694159984589,0.001700985012575984,-0.001745329238474369,0.45511671900749207,0.1605903059244156
0,0,0,0,0,0,0,0,0,0,0,0
0,0,0,0,0,0,0,0,0,0,0,0
0,0,0,0,0,0,0,0,0,0,0,0
0,0,0,0,0,0,0,0,0,0,0,0
0,0,-0.006143702194094658,0.052766501903533936,-0.0016943695954978466,0,0.06872439384460449,0.07937216758728027,0.0016943695954978466,0,0.22594404220581055,0.007370091509073973
0,0,-0.015442626550793648,0.02742173708975315,-0.0017010042211040854,0,0.037650663405656815,0.054510850459337234,-0.000739420298486948,0,0.15346036851406097,0.0021521691232919693
0,0,0,0,0,0,0,0,0,0,0,0
0,0,0,0,0,0,0,0,0,0,0,0
0,0,0,0,0,0,0,0,0,0,0,0
0,0,0,0,0,0,0,0,0,0,0,0
0,0,0,0,0,0,0,0,0,0,0,0
0,0,-0.01062053069472313,-0.001137806917540729,0.00004397331576910801,0,-0.01830981858074665,-0.0105658620595932,-0.00004397331576910801,0,-0.03507115691900253,-0.007247730158269405
0,0,-0.009606286883354187,-0.002129659056663513,0.00004361653554951772,0,-0.058782123029232025,-0.040938276797533035,-0.00004361653554951772,-0.001745329238474369,-0.1383543610572815,-0.011807943694293499
0,0,0,0,0,0,0,0,0,0,0,0
0,0,0,0,0,0,0,0,0,0,0,0
0.0007838240708224475,0,-0.008804463781416416,-0.0026151856873184443,0.00004058020203956403,0,-0.07884835451841354,-0.059829797595739365,-0.00004058020203956403,0,-0.24534910917282104,-0.021425746381282806
0,0,0,0,0,0,0,0,0,0,0,0
0,0,0,0,0,0,0,0,0,0,0,0
0,0,-0.053543541580438614,-0.02193317376077175,0.000035636134271044284,0,-0.058447062969207764,-0.05193185806274414,-0.000035636134271044284,-0.00005660773240379058,-0.20809634029865265,-0.033140771090984344
0,0,-0.09251689910888672,-0.04457348585128784,0.00004453294968698174,0,-0.059720709919929504,-0.05559819936752319,-0.00004453294968698174,0,-0.23041222989559174,-0.04103606939315796
0,0,-0.09251689910888672,-0.04457348585128784,0.00004453294968698174,0,-0.059720709919929504,-0.05559819936752319,-0.00004453294968698174,0,-0.23041222989559174,-0.04103606939315796
0,0,-0.12300410866737366,-0.0691487044095993,-0.0010003637289628386,0,-0.051576945930719376,-0.05373072251677513,-0.000044080639781896025,0,-0.17812463641166687,-0.047566380351781845
0,0,-0.09252599626779556,-0.058412808924913406,0.00004404136780067347,0,-0.039239030331373215,-0.04082271829247475,-0.00004404136780067347,0,-0.13989561796188354,-0.04527117311954498
0,0,0,0,0,0,0,0,0,0,0,0
0,0,-0.030162721872329712,-0.036129627376794815,0.000044102016545366496,0,-0.022062690928578377,-0.02198171429336071,-0.000044102016545366496,0,-0.1059575006365776,-0.053583793342113495
0,0,-0.006592471152544022,-0.015430642291903496,0.000040274873754242435,0,-0.015547480434179306,-0.012086436152458191,-0.000040274873754242435,0,-0.08020006865262985,-0.040098778903484344
0,0,0,0,0,0,0,0,0,0,0,0
0,0,0,0,0,0,0,0,0,0,0,0
0,0,0,0,0,0,0,0,0,0,0,0
0,0,0,0,0,0,0,0,0,0,0,0
0,0,0,0,0,0,0,0,0,0,0,0
0,0,0,0,0,0,0,0,0,0,0,0
0,0,-0.05624573677778244,-0.02934461273252964,0.0007454183651134372,0,-0.01602930948138237,-0.004845252726227045,-0.00004406068546813913,0,-0.0362449586391449,-0.008158418349921703
0,0,0,0,0,0,0,0,0,0,0,0
0,0,0,0,0,0,0,0,0,0,0,0
0,0,-0.020929068326950073,-0.01024392805993557,0.0005455035134218633,0,-0.005625701043754816,-0.0005524571752175689,-0.00005286985106067732,-0.002505391137674451,-0.025611119344830513,-0.0010539923096075654
0,0,-0.020929068326950073,-0.01024392805993557,0.0005455035134218633,0,-0.005625701043754816,-0.0005524571752175689,-0.00005286985106067732,-0.002505391137674451,-0.025611119344830513,-0.0010539923096075654
0,0,-0.004428914748132229,-0.00024425587616860867,0.000029651038857991807,0,0.00018376520893070847,0.0032165125012397766,-0.000029651038857991807,0.0014051004545763135,-0.021622179076075554,0.004988577216863632
0,0,-0.004428914748132229,-0.00024425587616860867,0.000029651038857991807,0,0.00018376520893070847,0.0032165125012397766,-0.000029651038857991807,0.0014051004545763135,-0.021622179076075554,0.004988577216863632
0,0,-0.002459646901115775,-0.000570796022657305,0.00003359139009262435,0.0007959126960486174,0.001405666465871036,0.003137734951451421,0.000762321287766099,-0.001745329238474369,-0.028014177456498146,0.010897208005189896
0,0,0,0,0,0,0,0,0,0,0,0
0,0,-0.0052376980893313885,0.003322381991893053,0.00007286719483090565,0,0.002635297831147909,0.007773376069962978,-0.00007286719483090565,0.000018817721866071224,-0.05545765161514282,0.02778014726936817
0,0,-0.0052376980893313885,0.003322381991893053,0.00007286719483090565,0,0.002635297831147909,0.007773376069962978,-0.00007286719483090565,0.000018817721866071224,-0.05545765161514282,0.02778014726936817
0,0,-0.001407707342877984,0.00034228767617605627,-0.001031397725455463,0,0.015125693753361702,0.0137418732047081,-0.000045448137825587764,0.0014852082822471857,-0.03188572824001312,0.023217888548970222
0,0,-0.001407707342877984,0.00034228767617605627,-0.001031397725455463,0,0.015125693753361702,0.0137418732047081,-0.000045448137825587764,0.0014852082822471857,-0.03188572824001312,0.023217888548970222
0,0,0,0,0,0,0,0,0,0,0,0
0,0,0.01051846519112587,0.005739634390920401,0.00004364484630059451,0,0.0005882015102542937,0.007802898529917002,-0.00004364484630059451,0,-0.018103772774338722,0.021065151318907738
0,0,0.01427505537867546,0.008739139884710312,0.000047367306251544505,0,-0.001222954597324133,0.0047977217473089695,-0.000047367306251544505,0,-0.01824101060628891,0.024768060073256493
0,0,0.01427505537867546,0.008739139884710312,0.000047367306251544505,0,-0.001222954597324133,0.0047977217473089695,-0.000047367306251544505,0,-0.01824101060628891,0.024768060073256493
0,0,0.009214520454406738,0.01597469113767147,0.00005409504592535086,0,-0.0037226183339953423,0.0021025717724114656,-0.00005409504592535086,0,-0.021200187504291534,0.03810425102710724
0,0,-0.00017203080642502755,0.008004080504179,0.00004362847175798379,0.0010337306885048747,-0.005463594105094671,-0.001027401303872466,0.001701700733974576,0,-0.023203924298286438,0.031114837154746056
0,0,-0.00017203080642502755,0.008004080504179,0.00004362847175798379,0.0010337306885048747,-0.005463594105094671,-0.001027401303872466,0.001701700733974576,0,-0.023203924298286438,0.031114837154746056
-0.0009271337767131627,0,-0.001629966776818037,0.0034751947969198227,0.00003453183308010921,0,-0.006819823756814003,-0.0033447379246354103,-0.00003453183308010921,0,-0.020133469253778458,0.01783582754433155
0,0,0,0,0,0,0,0,0,0,0,0
0,0,0,0,0,0,0,0,0,0,0,0
0,0,-0.004504743497818708,-0.00185923941899091,0.000047902878577588126,-0.0011350084096193314,-0.012449226342141628,-0.004940513521432877,-0.000047902878577588126,0,-0.024822711944580078,0.0171408262103796
0,0,-0.004504743497818708,-0.00185923941899091,0.000047902878577588126,-0.0011350084096193314,-0.012449226342141628,-0.004940513521432877,-0.000047902878577588126,0,-0.024822711944580078,0.0171408262103796
0,0,0,0,0,0,0,0,0,0,0,0
0,0,-0.0020949707832187414,-0.0007115710177458823,0.0007449468248523772,0.0027897930704057217,-0.009954351000487804,-0.008001933805644512,-0.0007449468248523772,0,-0.03184283524751663,0.012416364625096321
0,0,-0.0021412724163383245,-0.0009357918170280755,0.00004404123319545761,-0.0007018184987828135,-0.008459573611617088,-0.006762249860912561,-0.00004404123319545761,-0.0007018184987828135,-0.03655533120036125,0.011676936410367489
0,0,0,0,0,0,0,0,0,0,0,0
0,0,0,0,0,0,0,0,0,0,0,0
0,0,0.0046629272401332855,-0.0029649401549249887,0.00004395168798509985,0,-0.00815537665039301,-0.011995218694210052,-0.00004395168798509985,0,-0.027845876291394234,0.009713524021208286
0,0,0,0,0,0,0,0,0,0,0,0
0,0,0.00020929527818225324,-0.002243239665403962,0.000039875649235909805,0,-0.009865742176771164,-0.012647627852857113,-0.000039875649235909805,0,-0.011405300348997116,0.006201151758432388
0,0,-0.0019209834281355143,-0.0019695316441357136,0.00004062706284457818,0,-0.011411658488214016,-0.010890494100749493,-0.00004062706284457818,0.001745329238474369,-0.012410595081746578,0.0028710917104035616
0,0,0,0,0,0,0,0,0,0,0,0
0,0,0,0,0,0,0,0,0,0,0,0
0,0,0,0,0,0,0,0,0,0,0,0
0,0,-0.004308757837861776,0.0004924415261484683,0.00004421847916091792,0,-0.009130623191595078,-0.005381411407142878,-0.00004421847916091792,0,-0.0009330202010460198,-0.004628990776836872
0,0,-0.004308757837861776,0.0004924415261484683,0.00004421847916091792,0,-0.009130623191595078,-0.005381411407142878,-0.00004421847916091792,0,-0.0009330202010460198,-0.004628990776836872
0,0,0,0,0,0,0,0,0,0,0,0
0,0,-0.005641444586217403,-0.00010302356531610712,0.00004311775410315022,0,-0.013440459966659546,-0.003909791819751263,-0.00004311775410315022,0,-0.000467570498585701,-0.011976835317909718
0,0,-0.005641444586217403,-0.00010302356531610712,0.00004311775410315022,0,-0.013440459966659546,-0.003909791819751263,-0.00004311775410315022,0,-0.000467570498585701,-0.011976835317909718
0,0,0,0,0,0,0,0,0,0,0,0
0,0,0,0,0,0,0,0,0,0,0,0
0,0,0,0,0,0,0,0,0,0,0,0
0,0,0.004273693542927504,0.011458534747362137,0.00004042319778818637,0,0.013062244281172752,0.019058257341384888,-0.00004042319778818637,0,0.00014942670532036573,-0.010446837171912193
0,0,0.004273693542927504,0.011458534747362137,0.00004042319778818637,0,0.013062244281172752,0.019058257341384888,-0.00004042319778818637,0,0.00014942670532036573,-0.010446837171912193
0,0,0.0032431313302367926,0.011460811831057072,0.000040015111153479666,0,0.009412323124706745,0.013471505604684353,-0.000040015111153479666,0.001745329238474369,-0.00016787275671958923,-0.00952552817761898
0,0,0,0,0,0,0,0,0,0,0,0
0,0,0,0,0,0,0,0,0,0,0,0
0,0,-0.001636399538256228,0.004155716393142939,0.00004352890027803369,0,-0.000698633783031255,0.004349514376372099,-0.00004352890027803369,0,-0.003613918786868453,-0.0030299623031169176
0,0,0,0,0,0,0,0,0,0,0,0
0,0,0,0,0,0,0,0,0,0,0,0
0,0,0,0,0,0,0,0,0,0,0,0
0,0,-0.0036885878071188927,-0.0029504401609301567,0.000043804917368106544,0,-0.008273836225271225,-0.0036301417276263237,0.0009941065218299627,0,-0.0193642508238554,0.006234928499907255
0,0,-0.002594251185655594,-0.002224836265668273,0.000044652137148659676,0,-0.008187878876924515,-0.005239468067884445,-0.000044652137148659676,0,-0.01589731127023697,0.005045696627348661
0,0,-0.002594251185655594,-0.002224836265668273,0.000044652137148659676,0,-0.008187878876924515,-0.005239468067884445,-0.000044652137148659676,0,-0.01589731127023697,0.005045696627348661
0,0,0,0,0,0,0,0,0,0,0,0
0,0,0,0,0,0,0,0,0,0,0,0
0,0,0,0,0,0,0,0,0,0,0,0
0,0,0,0,0,0,0,0,0,0,0,0
0,0,0,0,0,0,0,0,0,0,0,0
0,0,-0.01556080486625433,-0.006983189843595028,0.00004073537274962291,0,-0.010857678949832916,-0.0037486115470528603,-0.0017860645893961191,-0.0007801474421285093,-0.006357861682772636,-0.005085677839815617
0,0,0,0,0,0,0,0,0,0,0,0
0,0,0,0,0,0,0,0,0,0,0,0
0,0,-0.021083218976855278,-0.013835825026035309,0.00004778567745233886,0,-0.019826771691441536,-0.00591290183365345,-0.00004778567745233886,0,-0.005497592035681009,-0.002871508477255702
0,0,-0.023101016879081726,-0.015770256519317627,0.00004394296774989925,0,-0.018290679901838303,-0.004266990348696709,0.0017013862961903214,0.0010411824332550168,-0.0009218563209287822,-0.0021130298264324665
0,0,-0.023101016879081726,-0.015770256519317627,0.00004394296774989925,0,-0.018290679901838303,-0.004266990348696709,0.0017013862961903214,0.0010411824332550168,-0.0009218563209287822,-0.0021130298264324665
-0.001745329238474369,0.001745329238474369,-0.021018868312239647,-0.009045576676726341,0.0038585495203733444,-0.003814877010881901,-0.011541751213371754,-0.0005660338210873306,-0.004569104872643948,0,0.0018509543733671308,0.0006596657913178205
-0.0010451978305354714,0.002090395661070943,-0.022047322243452072,-0.01009093876928091,-0.0013561503728851676,0.0007001314079388976,-0.009463606402277946,0.0010330064687877893,0.00031095248414203525,-0.0007001314079388976,-0.0032863514497876167,0.0023500204551965
0,0,0,0,0,0,0,0,0,0,0,0
0,0,0,0,0,0,0,0,0,0,0,0
0,0,0,0,0,0,0,0,0,0,0,0
0,0,0,0,0,0,0,0,0,0,0,0
0,0,0,0,0,0,0,0,0,0,0,0
0,0,0,0,0,0,0,0,0,0,0,0
0,0,0,0,0,0,0,0,0,0,0,0
-0.001745329238474369,0,-0.008126243948936462,0.003449456999078393,0.000043808955524582416,0,-0.007224211003631353,0.005371223669499159,0.0009941982571035624,0,-0.018057923763990402,0.03814120963215828
-0.001745329238474369,0,-0.008126243948936462,0.003449456999078393,0.000043808955524582416,0,-0.007224211003631353,0.005371223669499159,0.0009941982571035624,0,-0.018057923763990402,0.03814120963215828
0,0,0,0,0,0,0,0,0,0,0,0
0,0,0,0,0,0,0,0,0,0,0,0
0,0,0,0,0,0,0,0,0,0,0,0
0,0,0,0,0,0,0,0,0,0,0,0
0,0,0,0,0,0,0,0,0,0,0,0
0,0.0008834055042825639,-0.008223841898143291,-0.0003674218023661524,0.000036377379728946835,-0.0008834055042825639,0.010080208070576191,0.009940456598997116,0.0008255463326349854,0,-0.019054146483540535,0.0129926186054945
-0.000782521441578865,0,-0.008748563006520271,-0.00143807556014508,0.0000406351791752968,0,0.02284647896885872,0.0164200346916914,-0.0000406351791752968,0,-0.01793910190463066,0.015958132222294807
0,0,0.003191100200638175,0.0028328471817076206,0.00004760932279168628,0,0.07830008864402771,0.047198135405778885,-0.0017929385649040341,0,-0.011021947488188744,0.021336711943149567
0,0,0,0,0,0,0,0,0,0,0,0
0,0,0,0,0,0,0,0,0,0,0,0
0,0,0.015221416018903255,0.009334225207567215,0.00004027433897135779,0,0.025539273396134377,0.02172580547630787,0.0009139837347902358,0,-0.001275676186196506,0.01147354394197464
0,0,0,0,0,0,0,0,0,0,0,0
0,0,0.016885919496417046,0.007188444025814533,0.000043738193198805675,0,-0.006528892554342747,0.0025288055185228586,-0.0007527369307354093,0,0.009657727554440498,0.011946255341172218
0,0,0,0,0,0,0,0,0,0,0,0
0,0,0.015418147668242455,0.006936731748282909,0.000035389093682169914,0,-0.0036375331692397594,0.0036168613005429506,-0.0008738964097574353,0,0.01396083552390337,0.009847007691860199
0,0,0.015418147668242455,0.006936731748282909,0.000035389093682169914,0,-0.0036375331692397594,0.0036168613005429506,-0.0008738964097574353,0,0.01396083552390337,0.009847007691860199
0,0,0,0,0,0,0,0,0,0,0,0
0,0,0.056427787989377975,0.04230378940701485,0.000045595406845677644,0,0.023274600505828857,0.03726080805063248,-0.000045595406845677644,0,0.007419575937092304,0.01147227268666029
0,0,0.056427787989377975,0.04230378940701485,0.000045595406845677644,0,0.023274600505828857,0.03726080805063248,-0.000045595406845677644,0,0.007419575937092304,0.01147227268666029
0,0,0,0,0,0,0,0,0,0,0,0
0,0,0,0,0,0,0,0,0,0,0,0
0,0,0,0,0,0,0,0,0,0,0,0
0,0,0.07612591981887817,0.05586497485637665,0.00007366139470832422,0,0.11430411785840988,0.09074663370847702,-0.00007366139470832422,0,0.01080021820962429,0.010839374735951424
0,0,0.029736468568444252,0.022214746102690697,0.00004504801472648978,0,-0.0016013288404792547,-0.004535180516541004,-0.00004504801472648978,0,-0.00959339551627636,-0.0021010558120906353
0,0,0.029736468568444252,0.022214746102690697,0.00004504801472648978,0,-0.0016013288404792547,-0.004535180516541004,-0.00004504801472648978,0,-0.00959339551627636,-0.0021010558120906353
0,0,0,0,0,0,0,0,0,0,0,0
0,0,-0.0030327350832521915,-0.0012442277511581779,0.000044277130655245855,0,-0.03943726420402527,-0.04588649049401283,-0.000044277130655245855,0,-0.011322226375341415,-0.002666398650035262
0,0,-0.008292755112051964,-0.005582187790423632,0.000044175707444082946,0,-0.022485721856355667,-0.02946329303085804,-0.000044175707444082946,0,0.006944702472537756,0.0014165323227643967
0,0,0,0,0,0,0,0,0,0,0,0
0,0,-0.007793670520186424,-0.009649688377976418,0.00004399398676468991,0,-0.0003185361856594682,-0.0018506937194615602,-0.00004399398676468991,0,0.06075336039066315,0.0027782274410128593
0,0,0,0,0,0,0,0,0,0,0,0
0,0,-0.008825298398733139,-0.011930180713534355,0.00004415804141899571,0,-0.0016412102850154042,-0.0022596325725317,-0.00004415804141899571,0,0.09332983195781708,0.002934264251962304
0,0,0,0,0,0,0,0,0,0,0,0
0,0,-0.009084682911634445,-0.00020347919780761003,0.00004373619594844058,0,-0.014634626917541027,-0.0008430681773461401,-0.00004373619594844058,-0.0007090460858307779,0.16611787676811218,-0.0041315387934446335
0,0,0,0,0,0,0,0,0,0,0,0
0,0,-0.010485890321433544,0.009312286041676998,0.00004980991798220202,0,-0.02195177786052227,-0.003340906696394086,-0.00004980991798220202,0,0.12740716338157654,-0.012608969584107399
0,0,-0.010485890321433544,0.009312286041676998,0.00004980991798220202,0,-0.02195177786052227,-0.003340906696394086,-0.00004980991798220202,0,0.12740716338157654,-0.012608969584107399
0,0,0,0,0,0,0,0,0,0,0,0
0,0,0,0,0,0,0,0,0,0,0,0
0,0,-0.0038310911040753126,0.03215242549777031,0.000038323207263601944,0,-0.044786181300878525,-0.009957683272659779,-0.000038323207263601944,0.001745329238474369,0.0028144726529717445,-0.013307463377714157
0,0,-0.0038310911040753126,0.03215242549777031,0.000038323207263601944,0,-0.044786181300878525,-0.009957683272659779,-0.000038323207263601944,0.001745329238474369,0.0028144726529717445,-0.013307463377714157
0,0,0.01281458418816328,0.06664519757032394,0.000044415817683329806,0,-0.023052789270877838,-0.003050976200029254,-0.000044415817683329806,0,0.00032230172655545175,-0.01624489016830921
0,0,0.029909582808613777,0.08339259028434753,0.00004453891597222537,0,-0.005171352531760931,0.006712549366056919,-0.00004453891597222537,0,-0.007141973357647657,-0.017366506159305573
0,0,0,0,0,0,0,0,0,0,0,0
0,0,0,0,0,0,0,0,0,0,0,0
0,0,0,0,0,0,0,0,0,0,0,0
0,0,0,0,0,0,0,0,0,0,0,0
0,0,0,0,0,0,0,0,0,0,0,0
0,0,0.005396082531660795,0.020379064604640007,0.000044248423364479095,0,0.008704203180968761,0.014659075997769833,-0.000044248423364479095,0,-0.029213065281510353,-0.06199215352535248
0,0,-0.016052089631557465,0.0005919299437664449,0.000043991549318889156,0,0.008118286728858948,0.012015020474791527,-0.000043991549318889156,0,-0.017499029636383057,-0.07668875902891159
0,0,0,0,0,0,0,0,0,0,0,0
0,0,-0.025637393817305565,-0.00721672922372818,0.000044339813030092046,0,0.0016928744735196233,0.008977827616035938,-0.000044339813030092046,0,-0.013870789669454098,-0.060387007892131805
0,0,-0.025637393817305565,-0.00721672922372818,0.000044339813030092046,0,0.0016928744735196233,0.008977827616035938,-0.000044339813030092046,0,-0.013870789669454098,-0.060387007892131805
0,0,0,0,0,0,0,0,0,0,0,0
0,0,0,0,0,0,0,0,0,0,0,0
0,0,0,0,0,0,0,0,0,0,0,0
0,0,0.006987579632550478,0.014604729600250721,0.000044261756556807086,0,-0.02140870876610279,-0.0018166821682825685,-0.000044261756556807086,0,0.001739722560159862,-0.05868694931268692
0,0,0,0,0,0,0,0,0,0,0,0
0,0,0,0,0,0,0,0,0,0,0,0
0,0,0,0,0,0,0,0,0,0,0,0
0,0,0,0,0,0,0,0,0,0,0,0
0,0,0,0,0,0,0,0,0,0,0,0
0,0,-0.0009244507527910173,0.003471169387921691,0.000042942043364746496,0,0.032181866466999054,0.014154234901070595,-0.000042942043364746496,-0.0007278626435436308,0.04432458430528641,-0.016487762331962585
0,0,0,0,0,0,0,0,0,0,0,0
0,0,0,0,0,0,0,0,0,0,0,0
0,0,0,0,0,0,0,0,0,0,0,0
0,0,0,0,0,0,0,0,0,0,0,0
0,0,0,0,0,0,0,0,0,0,0,0
0,0,0,0,0,0,0,0,0,0,0,0
0,0,0,0,0,0,0,0,0,0,0,0
0,0,0,0,0,0,0,0,0,0,0,0
0,0,-0.011305717751383781,0.0047905840910971165,0.00004404178253025748,0,0.005131815560162067,0.020132705569267273,-0.00004404178253025748,0,0.006799817550927401,0.02999560534954071
0,0,-0.011305717751383781,0.0047905840910971165,0.00004404178253025748,0,0.005131815560162067,0.020132705569267273,-0.00004404178253025748,0,0.006799817550927401,0.02999560534954071
0,0,0,0,0,0,0,0,0,0,0,0
0,0,0,0,0,0,0,0,0,0,0,0
0,0,0,0,0,0,0,0,0,0,0,0
0,0,-0.014808671548962593,-0.009348921477794647,0.00003424454916967079,0,0.005103420931845903,0.003837880678474903,-0.00003424454916967079,0,0.015414952300488949,0.005592832807451487
0,0,0,0,0,0,0,0,0,0,0,0
0,0,0,0,0,0,0,0,0,0,0,0
0,0,-0.006210004910826683,-0.005725729279220104,0.00004401549813337624,0,0.02008836343884468,0.0072887614369392395,-0.00004401549813337624,0,0.017731495201587677,0.018331697210669518
0,0,-0.006210004910826683,-0.005725729279220104,0.00004401549813337624,0,0.02008836343884468,0.0072887614369392395,-0.00004401549813337624,0,0.017731495201587677,0.018331697210669518
0,0,-0.006757050286978483,0.000021478741473401897,0.000037483900086954236,0,0.012547122314572334,0.011658405885100365,-0.000037483900086954236,0,0.006128219421952963,0.022441690787672997
0,0,-0.006757050286978483,0.000021478741473401897,0.000037483900086954236,0,0.012547122314572334,0.011658405885100365,-0.000037483900086954236,0,0.006128219421952963,0.022441690787672997
0,0,0,0,0,0,0,0,0,0,0,0
0,0,0,0,0,0,0,0,0,0,0,0
0,0,0,0,0,0,0,0,0,0,0,0
0,0,-0.0989488735795021,-0.029631134122610092,0.00004403911952977069,0,-0.022958487272262573,0.019830726087093353,-0.00004403911952977069,0,-0.0034741938579827547,0.03817951679229736
0,0,-0.0989488735795021,-0.029631134122610092,0.00004403911952977069,0,-0.022958487272262573,0.019830726087093353,-0.00004403911952977069,0,-0.0034741938579827547,0.03817951679229736
0,0,-0.101444311439991,-0.03606455773115158,0.00005338394839782268,0,-0.0352364219725132,0.020528802648186684,-0.00005338394839782268,0,-0.021996786817908287,0.024370551109313965
0,0,0,0,0,0,0,0,0,0,0,0
0,0,-0.017740398645401,-0.0021694872993975878,0.00004763350443681702,0,-0.017214665189385414,0.01523467618972063,-0.00004763350443681702,0,-0.03218504786491394,0.011949258856475353
0,0,0,0,0,0,0,0,0,0,0,0
0,0,0.014155625365674496,0.005712206941097975,0.000032350555557059124,0,-0.002646308857947588,0.012592209503054619,-0.000032350555557059124,0,-0.01498141884803772,0.004760335199534893
0,0,0.017527395859360695,0.006537686102092266,0.0000451413870905526,0,-0.0024892122019082308,0.015177457593381405,-0.0000451413870905526,0,-0.011963960714638233,0.005849702283740044
0,0,0,0,0,0,0,0,0,0,0,0
0,0,0.007324281148612499,0.006040516309440136,0.00004450566120794974,0,-0.006611738819628954,0.01324402540922165,-0.00004450566120794974,0,-0.004277859814465046,0.004842119757086039
0,0,0,0,0,0,0,0,0,0,0,0
0,0,0,0,0,0,0,0,0,0,0,0
0,0,-0.001974519807845354,0.0009690921287983656,0.00004092125527677126,0,-0.03356756642460823,0.002661582315340638,-0.00004092125527677126,0,-0.004172085784375668,0.01289680227637291
0,0,0,0,0,0,0,0,0,0,0,0
0,0,0.0013185350690037012,0.0033336279448121786,0.00004546409400063567,0,-0.040634118020534515,-0.0007266955217346549,-0.00004546409400063567,0,-0.007877717725932598,0.021874021738767624
0,0,0.0013185350690037012,0.0033336279448121786,0.00004546409400063567,0,-0.040634118020534515,-0.0007266955217346549,-0.00004546409400063567,0,-0.007877717725932598,0.021874021738767624
0,0,0,0,0,0,0,0,0,0,0,0
0,0,0,0,0,0,0,0,0,0,0,0
0,0,0,0,0,0,0,0,0,0,0,0
0,0,0,0,0,0,0,0,0,0,0,0
0,0,-0.0028447953518480062,0.017992861568927765,0.00004791293395101093,0,-0.03342229872941971,-0.007000108249485493,-0.00004791293395101093,-0.0006100826431065798,-0.07251597195863724,0.023973001167178154
0,0,0,0,0,0,0,0,0,0,0,0
0,0,0,0,0,0,0,0,0,0,0,0
0,0,0.006376062519848347,0.020495779812335968,0.000044639080442721024,0,-0.014784055761992931,-0.005947756581008434,-0.000044639080442721024,0,-0.03698202595114708,0.030160952359437943
0,0,0.021135324612259865,0.02231409214437008,0.000044706102926284075,0,0.0021466354373842478,-0.0025047354865819216,-0.000044706102926284075,0,-0.03023451752960682,0.04129910096526146
0,0,0,0,0,0,0,0,0,0,0,0
0,0,0,0,0,0,0,0,0,0,0,0
0,0,0,0,0,0,0,0,0,0,0,0
0,0,0,0,0,0,0,0,0,0,0,0
0,0,-0.04015634208917618,-0.013118976727128029,0.00004397338125272654,0,0.0072057186625897884,0.010614251717925072,-0.00004397338125272654,0,-0.02089550718665123,0.019036157056689262
0,0,0,0,0,0,0,0,0,0,0,0
0,0,-0.04053561016917229,-0.0159553624689579,0.00004146597348153591,0,0.001278007635846734,0.00834405142813921,-0.00004146597348153591,0,-0.019631169736385345,0.016662759706377983
0,0,-0.04848293587565422,-0.025193102657794952,0.00004780282324645668,0,-0.001645064796321094,0.0071018454618752,-0.00004780282324645668,0,-0.027186037972569466,0.015781307592988014
0,0,0,0,0,0,0,0,0,0,0,0
0,0,-0.04401392117142677,-0.027805091813206673,0.00004756419366458431,0,-0.0012771578039973974,0.005763637367635965,-0.00004756419366458431,0,-0.02275940589606762,0.014186917804181576
0,0,-0.03520854935050011,-0.02346397005021572,0.00004794282358488999,0,-0.00004383293344289996,0.005784961860626936,-0.00004794282358488999,0.0011359548661857843,-0.014929883182048798,0.012162703089416027
0,0,0,0,0,0,0,0,0,0,0,0
0,0,0,0,0,0,0,0,0,0,0,0
0,0,-0.020576057955622673,-0.011086899787187576,0.00004086855551577173,0,-0.006066423375159502,0.001000101212412119,-0.00004086855551577173,0,-0.006916040554642677,0.003656138200312853
0,0,0,0,0,0,0,0,0,0,0,0
0,0,-0.025479309260845184,-0.008535990491509438,0.000045133783714845777,0,-0.028793834149837494,-0.01554395817220211,-0.000045133783714845777,0,-0.00986086018383503,-0.0010777051793411374
0,0,0,0,0,0,0,0,0,0,0,0
0,0,0,0,0,0,0,0,0,0,0,0
0,0,0,0,0,0,0,0,0,0,0,0
0,0,0,0,0,0,0,0,0,0,0,0
0,0,0,0,0,0,0,0,0,0,0,0
0,0,0,0,0,0,0,0,0,0,0,0
0,0,0,0,0,0,0,0,0,0,0,0
0,0,0,0,0,0,0,0,0,0,0,0
0,0,0.024074655026197433,0.00909880269318819,0.00004066561086801812,0,0.004727974534034729,-0.0013727372279390693,-0.00004066561086801812,0,0.054110199213027954,0.019771235063672066
0,0,0.029938148334622383,0.011337967589497566,0.00004075133983860724,0,0.02516818791627884,0.009093636646866798,-0.00004075133983860724,0.001745329238474369,0.05023122951388359,0.0045246253721416
0,0,0,0,0,0,0,0,0,0,0,0
0,0,0.01854204386472702,0.008875261060893536,0.000028238933737156913,0,0.026692554354667664,0.01745477132499218,-0.000028238933737156913,0,0.03408082202076912,-0.0649423599243164
0,0,0.048957955092191696,0.021989356726408005,0.00007238906982820481,0,0.07607077062129974,0.049439962953329086,-0.00007238906982820481,0,0.0997057631611824,-0.16473111510276794
0,0,0.003779646474868059,0.004683817271143198,0.00004348214861238375,0,0.02434595115482807,0.022048916667699814,-0.00004348214861238375,0,0.06344427913427353,-0.13132432103157043
0,0,0,0,0,0,0,0,0,0,0,0
0,0,-0.014611760154366493,-0.010382810607552528,0.00004395944415591657,0,-0.009936739690601826,-0.003570087254047394,-0.00004395944415591657,0,0.042574383318424225,-0.12232106924057007
0,0,-0.014967293478548527,-0.025369256734848022,0.000044252577936276793,0,-0.020839154720306396,-0.018419815227389336,-0.000044252577936276793,0,0.01696346141397953,-0.09329412132501602
0,0,0,0,0,0,0,0,0,0,0,0
0,0,-0.018037745729088783,-0.026379898190498352,0.0000443217322754208,0,-0.02413737028837204,-0.029063494876027107,-0.0000443217322754208,0,0.0032946947030723095,-0.05514827370643616
0,0,-0.5113880038261414,-0.24740535020828247,0.000037274927308317274,0,-0.5405545234680176,-0.29987192153930664,-0.000037274927308317274,0,0.6764399409294128,-0.33043909072875977
0,0,-0.5739205479621887,-0.2651819884777069,0.000042947711335727945,0,-0.6057562828063965,-0.3236224055290222,-0.000042947711335727945,0.001745329238474369,0.7658851742744446,-0.3545503318309784
0,0,0,0,0,0,0,0,0,0,0,0
0,0,-0.5474801063537598,-0.22557410597801208,0.0000440195290138945,0,-0.5787661671638489,-0.28477051854133606,-0.0000440195290138945,0,0.7309731841087341,-0.322175532579422
0,0,-0.50466388463974,-0.18761682510375977,0.00004293188248993829,0,-0.5351769328117371,-0.24530747532844543,-0.00004293188248993829,0,0.6801530718803406,-0.2839089632034302
0,0,0,0,0,0,0,0,0,0,0,0
0,0,-0.47626540064811707,-0.14459431171417236,0.000044209959014551714,0,-0.5076867938041687,-0.20475216209888458,-0.000044209959014551714,0,0.6507977247238159,-0.24719330668449402
0,0,0,0,0,0,0,0,0,0,0,0
0,0,-0.40319472551345825,-0.0671343058347702,0.00004423633072292432,0,-0.43847647309303284,-0.12418365478515625,-0.00004423633072292432,0,0.5694481730461121,-0.17189078032970428
0,0,-0.40319472551345825,-0.0671343058347702,0.00004423633072292432,0,-0.43847647309303284,-0.12418365478515625,-0.00004423633072292432,0,0.5694481730461121,-0.17189078032970428
0,0,-0.37463411688804626,-0.04193330556154251,0.000044207419705344364,0,-0.4098939597606659,-0.09266192466020584,-0.000044207419705344364,0,0.5372847318649292,-0.14313064515590668
0,0,-0.2357553094625473,-0.01481708511710167,0.00003081324030063115,0,-0.261590838432312,-0.034752022475004196,-0.00003081324030063115,0,0.34640616178512573,-0.07017313688993454
0,0,-0.3050045073032379,-0.014376116916537285,0.00004428126703714952,0,-0.34416404366493225,-0.02394644357264042,-0.00004428126703714952,0,0.4588399827480316,-0.06786830723285675
0,0,-0.3050045073032379,-0.014376116916537285,0.00004428126703714952,0,-0.34416404366493225,-0.02394644357264042,-0.00004428126703714952,0,0.4588399827480316,-0.06786830723285675
0,0,0,0,0,0,0,0,0,0,0,0
0,0,0,0,0,0,0,0,0,0,0,0
0,0,-0.2368025928735733,-0.008748743683099747,0.00004416210867930204,0,-0.27621355652809143,-0.015476382337510586,-0.00004416210867930204,0,0.3814963102340698,-0.025078322738409042
0,0,0,0,0,0,0,0,0,0,0,0
0,0,-0.18255315721035004,-0.008451081812381744,0.0000444236648036167,0,-0.2253449261188507,-0.01206084992736578,-0.0000444236648036167,0,0.323903888463974,-0.01437646709382534
0,0,-0.13593950867652893,-0.0047416542656719685,0.00003895048575941473,0,-0.17110642790794373,-0.007906683720648289,-0.00003895048575941473,0,0.2559686601161957,-0.010228930041193962
0,0,0,0,0,0,0,0,0,0,0,0
0,0,-0.11898281425237656,-0.004566397983580828,0.00004418418029672466,0,-0.1594580113887787,-0.008855137974023819,-0.00004418418029672466,0,0.24769628047943115,-0.008697192184627056
0,0,0,0,0,0,0,0,0,0,0,0
0,0,0,0,0,0,0,0,0,0,0,0
0,0,0,0,0,0,0,0,0,0,0,0
0,0,-0.0371759757399559,-0.004205570090562105,0.000044054682803107426,0,-0.07090017199516296,-0.007785355672240257,-0.000044054682803107426,0,0.14739258587360382,-0.006236598361283541
0,0,0,0,0,0,0,0,0,0,0,0
0,0,-0.026093177497386932,-0.0031625251285731792,0.00004406561129144393,0,-0.0326811745762825,-0.006743198726326227,-0.00004406561129144393,0,0.07852495461702347,-0.003105880692601204
0,0,0,0,0,0,0,0,0,0,0,0
0,0,-0.023345686495304108,-0.0021219823975116014,0.000044139367673778906,0,-0.025779858231544495,-0.007453978527337313,-0.000044139367673778906,0,0.042443256825208664,-0.00031991410651244223
0,0,-0.023345686495304108,-0.0021219823975116014,0.000044139367673778906,0,-0.025779858231544495,-0.007453978527337313,-0.000044139367673778906,0,0.042443256825208664,-0.00031991410651244223
0,0,-0.02392873354256153,-0.0021117061842232943,0.00004392561095301062,0,-0.023220352828502655,-0.006721774581819773,-0.00004392561095301062,0,0.024852104485034943,0.000730858591850847
0,0,-0.02231745421886444,-0.0019695109222084284,0.00004096780685358681,0,-0.022313887253403664,-0.004523823503404856,-0.00004096780685358681,0,0.020718615502119064,0.00002452952139719855
0,0,0,0,0,0,0,0,0,0,0,0
0,0,0,0,0,0,0,0,0,0,0,0
0,0,0,0,0,0,0,0,0,0,0,0
0,0,0,0,0,0,0,0,0,0,0,0
0,0,-0.021589841693639755,-0.0019919378682971,0.000041434308513998985,0,-0.021586233749985695,-0.006340540014207363,-0.000041434308513998985,0.001745329238474369,0.016631005331873894,0.00002480883995303884
0,0,0,0,0,0,0,0,0,0,0,0
0,0,-0.0249867495149374,-0.002144317142665386,0.000044603952119359747,0,-0.02323753759264946,-0.007514064200222492,-0.000044603952119359747,0,0.017903245985507965,0.000026706667995313182
0,0,-0.022963503375649452,-0.002118675736710429,0.000044070584408473223,0,-0.022959668189287186,-0.004998630378395319,-0.000044070584408473223,0,0.017689161002635956,0.000026387313482700847
0,0,0,0,0,0,0,0,0,0,0,0
0,0,-0.023623161017894745,-0.0021795376669615507,0.00004533657192951068,0,-0.023619214072823524,-0.007608816027641296,-0.00004533657192951068,0,0.018197305500507355,0.00002714532456593588
0,0,0,0,0,0,0,0,0,0,0,0
0,0,0,0,0,0,0,0,0,0,0,0
0,0,-0.025194769725203514,-0.0023245385382324457,0.00004835273648495786,0,-0.025190560147166252,-0.007998903281986713,-0.00004835273648495786,0,0.01940794102847576,0.000028951257263543084
0,0,0,0,0,0,0,0,0,0,0,0
0,0,0,0,0,0,0,0,0,0,0,0
0,0,0,0,0,0,0,0,0,0,0,0
0,0,-0.020899340510368347,-0.0019282303983345628,0.000040109131077770144,0,-0.02089584805071354,-0.006137752439826727,-0.000040109131077770144,0,0.016099102795124054,0.00002401538768026512
0,0,0,0,0,0,0,0,0,0,0,0
0,0,0,0,0,0,0,0,0,0,0,0
0,0,-0.025810575112700462,-0.0023813543375581503,0.00004953456300427206,0,-0.025806263089179993,-0.008151751942932606,-0.00004953456300427206,0,0.019882306456565857,0.000029658876883331686
0,0,0,0,0,0,0,0,0,0,0,0
0,0,-0.02677742950618267,-0.0023095300421118736,0.00004804054697160609,0,-0.025027917698025703,-0.007958527654409409,-0.00004804054697160609,0,0.019282635301351547,0.0000287643324554665
0,0,0,0,0,0,0,0,0,0,0,0
0,0,-0.0383821465075016,-0.003541241865605116,0.00007366139470832422,0,-0.03837573528289795,-0.011272132396697998,-0.00007366139470832422,0,0.029566392302513123,0.000044104843254899606
0,0,-0.0383821465075016,-0.003541241865605116,0.00007366139470832422,0,-0.03837573528289795,-0.011272132396697998,-0.00007366139470832422,0,0.029566392302513123,0.000044104843254899606
0,0,0,0,0,0,0,0,0,0,0,0
0,0,0,0,0,0,0,0,0,0,0,0
0,0,-0.03839661926031113,-0.003546114545315504,0.00007366139470832422,0,-0.03665187582373619,-0.011277101933956146,-0.00007366139470832422,0,0.029545173048973083,6.646590122727503e-7
0,0,0,0,0,0,0,0,0,0,0,0
0,0,-0.03839661926031113,-0.003546114545315504,0.00007366139470832422,0,-0.038397204130887985,-0.009531772695481777,-0.00007366139470832422,0,0.029545173048973083,6.646590122727503e-7
0,0,-0.02306443825364113,-0.0021301130764186382,0.00004424761209520511,0,-0.023761719465255737,-0.005028705112636089,-0.00004424761209520511,0,0.01774746924638748,3.9925356531966827e-7
0,0,-0.02306443825364113,-0.0021301130764186382,0.00004424761209520511,0,-0.023761719465255737,-0.005028705112636089,-0.00004424761209520511,0,0.01774746924638748,3.9925356531966827e-7
0,0,0,0,0,0,0,0,0,0,0,0
0,0,0,0,0,0,0,0,0,0,0,0
0,0,-0.014875015243887901,-0.0014391993172466755,0.000029895656552980654,0,-0.013838269747793674,-0.0038684930186718702,-0.000029895656552980654,0,0.011990980245172977,2.697534853268735e-7
0,0,-0.014875015243887901,-0.0014391993172466755,0.000029895656552980654,0,-0.013838269747793674,-0.0038684930186718702,-0.000029895656552980654,0,0.011990980245172977,2.697534853268735e-7
0,0,-0.02203390561044216,-0.002131841843947768,0.00004428351894603111,0,-0.023083508014678955,-0.0050342027097940445,-0.00004428351894603111,0,0.017761873081326485,3.995775728071749e-7
0,0,-0.022111285477876663,-0.002139328746125102,0.00004443903890205547,0,-0.023164575919508934,-0.005750404670834541,-0.00004443903890205547,0,0.01782425120472908,4.0098086628859164e-7
0,0,0,0,0,0,0,0,0,0,0,0
0,0,0,0,0,0,0,0,0,0,0,0
0,0,0,0,0,0,0,0,0,0,0,0
0,0,0,0,0,0,0,0,0,0,0,0
0,0,-0.023536209017038345,-0.002277194056659937,0.00004730283762910403,0,-0.02465737611055374,-0.005496441386640072,-0.00004730283762910403,0,0.01897290349006653,4.268213729119452e-7
0,0,0,0,0,0,0,0,0,0,0,0
0,0,-0.02369539625942707,-0.0022925958037376404,0.00004762276876135729,0,-0.02307881787419319,-0.007907708175480366,-0.00004762276876135729,0,0.019101226702332497,4.2970816593879135e-7
0,0,0,0,0,0,0,0,0,0,0,0
0,0,-0.036651287227869034,-0.003546114545315504,0.00007366139470832422,0,-0.038397204130887985,-0.011277101933956146,-0.00007366139470832422,0,0.029545173048973083,6.646590122727503e-7
0,0,0,0,0,0,0,0,0,0,0,0
0,0,0,0,0,0,0,0,0,0,0,0
0,0,0,0,0,0,0,0,0,0,0,0
0,0,0,0,0,0,0,0,0,0,0,0
0,0,0,0,0,0,0,0,0,0,0,0
0,0,0,0,0,0,0,0,0,0,0,0
0,0,0,0,0,0,0,0,0,0,0,0
0,0,-0.02202163077890873,-0.0021306544076651335,0.00004425885344971903,0,-0.023070652037858963,-0.0057270885445177555,-0.00004425885344971903,0,0.01775197871029377,3.993550024006254e-7
0,0,-0.036651287227869034,-0.003546114545315504,0.00007366139470832422,0,-0.03665187582373619,-0.009531772695481777,-0.00007366139470832422,0,0.029545173048973083,6.646590122727503e-7
0,0,0,0,0,0,0,0,0,0,0,0
0,0,0,0,0,0,0,0,0,0,0,0
0,0,-0.036651287227869034,-0.003546114545315504,0.00007366139470832422,0,-0.038397204130887985,-0.009531772695481777,-0.00007366139470832422,0,0.029545173048973083,6.646590122727503e-7
0,0,0,0,0,0,0,0,0,0,0,0
0,0,-0.020688053220510483,-0.002001627115532756,0.00004157864168519154,0,-0.021673547104001045,-0.004620102699846029,-0.00004157864168519154,0,0.01667696237564087,3.7517102668971347e-7
0,0,0,0,0,0,0,0,0,0,0,0
0,0,-0.021909765899181366,-0.0021198312751948833,0.000044034029997419566,0,-0.02295345813035965,-0.0049960073083639145,-0.000044034029997419566,0,0.0176618043333292,3.9732637446832086e-7
0,0,-0.022040193900465965,-0.0021324504632502794,0.00004429616092238575,0,-0.02204054780304432,-0.007477245293557644,-0.00004429616092238575,0,0.01776694320142269,3.996916291271191e-7
0,0,0,0,0,0,0,0,0,0,0,0
0,0,-0.021972525864839554,-0.0021259032655507326,0.00004416016236064024,0,-0.023019205778837204,-0.00745964702218771,-0.00004416016236064024,0.001745329238474369,0.017712395638227463,3.9846449340075196e-7
0,0,-0.02210143394768238,-0.002138375537469983,0.00004441924102138728,0,-0.022101787850260735,-0.005747842602431774,-0.00004441924102138728,0,0.01781630888581276,4.008022074231121e-7
0,0,-0.02122611552476883,-0.002053685951977968,0.00004266003452357836,0,-0.020491911098361015,-0.006530986167490482,-0.00004266003452357836,0,0.017110701650381088,3.849285974411032e-7
0,0,-0.02122611552476883,-0.002053685951977968,0.00004266003452357836,0,-0.020491911098361015,-0.006530986167490482,-0.00004266003452357836,0,0.017110701650381088,3.849285974411032e-7
0,0,-0.022827640175819397,-0.0022086380049586296,0.0000458787617390044,0,-0.02391505427658558,-0.005936704576015472,-0.0000458787617390044,0,0.01840171590447426,4.139716907047841e-7
0,0,-0.022656433284282684,-0.002192073268815875,0.00004553467078949325,0,-0.02199036255478859,-0.005225745961070061,-0.00004553467078949325,0,0.01826370321214199,4.108669315883162e-7
0,0,-0.036651287227869034,-0.003546114545315504,0.00007366139470832422,0,-0.03665187582373619,-0.009531772695481777,-0.00007366139470832422,0,0.029545173048973083,6.646590122727503e-7
0,0,-0.036651287227869034,-0.003546114545315504,0.00007366139470832422,0,-0.038397204130887985,-0.011277101933956146,-0.00007366139470832422,0,0.029545173048973083,6.646590122727503e-7
0,0,-0.036651287227869034,-0.003546114545315504,0.00007366139470832422,0,-0.03665187582373619,-0.009531772695481777,-0.00007366139470832422,0,0.029545173048973083,6.646590122727503e-7
0,0,-0.036651287227869034,-0.003546114545315504,0.00007366139470832422,0,-0.038397204130887985,-0.009531772695481777,-0.00007366139470832422,0,0.029545173048973083,6.646590122727503e-7
0,0,-0.036651287227869034,-0.003546114545315504,0.00007366139470832422,0,-0.038397204130887985,-0.009531772695481777,-0.00007366139470832422,0,0.029545173048973083,6.646590122727503e-7
0,0,-0.036651287227869034,-0.003546114545315504,0.00007366139470832422,0,-0.03665187582373619,-0.011277101933956146,-0.00007366139470832422,0,0.029545173048973083,6.646590122727503e-7
0,0,-0.036651287227869034,-0.003546114545315504,0.00007366139470832422,0,-0.03665187582373619,-0.011277101933956146,-0.00007366139470832422,0,0.029545173048973083,6.646590122727503e-7
0,0,-0.036651287227869034,-0.003546114545315504,0.00007366139470832422,0,-0.038397204130887985,-0.009531772695481777,-0.00007366139470832422,0,0.029545173048973083,6.646590122727503e-7
0,0,-0.036651287227869034,-0.003546114545315504,0.00007366139470832422,0,-0.03665187582373619,-0.009531772695481777,-0.00007366139470832422,0,0.029545173048973083,6.646590122727503e-7
0,0,-0.036651287227869034,-0.003546114545315504,0.00007366139470832422,0,-0.03665187582373619,-0.009531772695481777,-0.00007366139470832422,0,0.029545173048973083,6.646590122727503e-7
0,0,-0.036651287227869034,-0.003546114545315504,0.00007366139470832422,0,-0.03665187582373619,-0.009531772695481777,-0.00007366139470832422,0,0.029545173048973083,6.646590122727503e-7
0,0,-0.036651287227869034,-0.005291443783789873,0.00007366139470832422,0,-0.03665187582373619,-0.009531772695481777,-0.00007366139470832422,0,0.029545173048973083,6.646590122727503e-7
0,0,-0.036651287227869034,-0.005291443783789873,0.00007366139470832422,0,-0.03665187582373619,-0.009531772695481777,-0.00007366139470832422,0,0.029545173048973083,6.646590122727503e-7
0,0,-0.036651287227869034,-0.005291443783789873,0.00007366139470832422,0,-0.038397204130887985,-0.009531772695481777,-0.00007366139470832422,0,0.029545173048973083,6.646590122727503e-7
0,0,-0.036651287227869034,-0.003546114545315504,0.00007366139470832422,0,-0.03665187582373619,-0.009531772695481777,-0.00007366139470832422,0,0.029545173048973083,6.646590122727503e-7
0,0,-0.036651287227869034,-0.003546114545315504,0.00007366139470832422,0,-0.03665187582373619,-0.009531772695481777,-0.00007366139470832422,0,0.029545173048973083,6.646590122727503e-7
0,0,-0.036651287227869034,-0.005291443783789873,0.00007366139470832422,0,-0.038397204130887985,-0.009531772695481777,-0.00007366139470832422,0.001745329238474369,0.029545173048973083,6.646590122727503e-7
0,0,-0.036651287227869034,-0.003546114545315504,0.00007366139470832422,0,-0.03665187582373619,-0.009531772695481777,-0.00007366139470832422,0,0.029545173048973083,6.646590122727503e-7
0,0,-0.036651287227869034,-0.003546114545315504,0.00007366139470832422,0,-0.03665187582373619,-0.009531772695481777,-0.00007366139470832422,0,0.029545173048973083,6.646590122727503e-7
0,0,-0.036651287227869034,-0.005291443783789873,0.00007366139470832422,0,-0.03665187582373619,-0.009531772695481777,-0.00007366139470832422,0,0.029545173048973083,6.646590122727503e-7
0,0,-0.036651287227869034,-0.003546114545315504,0.00007366139470832422,0,-0.03665187582373619,-0.009531772695481777,-0.00007366139470832422,0,0.029545173048973083,6.646590122727503e-7
0,0,-0.036651287227869034,-0.003546114545315504,0.00007366139470832422,0,-0.038397204130887985,-0.009531772695481777,-0.00007366139470832422,0,0.029545173048973083,6.646590122727503e-7
0,0,-0.036651287227869034,-0.005291443783789873,0.00007366139470832422,0,-0.03665187582373619,-0.011277101933956146,-0.00007366139470832422,0,0.029545173048973083,6.646590122727503e-7
0,0,-0.036651287227869034,-0.005291443783789873,0.00007366139470832422,0,-0.03665187582373619,-0.009531772695481777,-0.00007366139470832422,0,0.029545173048973083,6.646590122727503e-7
0,0,-0.036651287227869034,-0.005291443783789873,0.00007366139470832422,0,-0.03665187582373619,-0.009531772695481777,-0.00007366139470832422,0,0.029545173048973083,6.646590122727503e-7
0,0,-0.036651287227869034,-0.003546114545315504,0.00007366139470832422,0,-0.03665187582373619,-0.009531772695481777,-0.00007366139470832422,0,0.029545173048973083,6.646590122727503e-7
0,0,-0.036651287227869034,-0.003546114545315504,0.00007366139470832422,0,-0.038397204130887985,-0.011277101933956146,-0.00007366139470832422,0,0.029545173048973083,6.646590122727503e-7
0,0,-0.036651287227869034,-0.005291443783789873,0.00007366139470832422,0,-0.038397204130887985,-0.009531772695481777,-0.00007366139470832422,0,0.029545173048973083,6.646590122727503e-7
0,0,-0.036651287227869034,-0.005291443783789873,0.00007366139470832422,0,-0.03665187582373619,-0.009531772695481777,-0.00007366139470832422,0,0.029545173048973083,6.646590122727503e-7
0,0,-0.036651287227869034,-0.005291443783789873,0.00007366139470832422,0,-0.03665187582373619,-0.009531772695481777,-0.00007366139470832422,0,0.029545173048973083,6.646590122727503e-7
0,0,-0.036651287227869034,-0.003546114545315504,0.00007366139470832422,0,-0.03665187582373619,-0.009531772695481777,-0.00007366139470832422,0,0.029545173048973083,6.646590122727503e-7
0,0,-0.036651287227869034,-0.005291443783789873,0.00007366139470832422,0,-0.038397204130887985,-0.009531772695481777,-0.00007366139470832422,0,0.029545173048973083,6.646590122727503e-7
0,0,-0.036651287227869034,-0.003546114545315504,0.00007366139470832422,0,-0.03665187582373619,-0.009531772695481777,-0.00007366139470832422,0,0.029545173048973083,6.646590122727503e-7
0,0,-0.036651287227869034,-0.003546114545315504,0.00007366139470832422,0,-0.03665187582373619,-0.009531772695481777,-0.00007366139470832422,0,0.029545173048973083,6.646590122727503e-7
0,0,-0.036651287227869034,-0.003546114545315504,0.00007366139470832422,0,-0.03665187582373619,-0.009531772695481777,-0.00007366139470832422,0,0.029545173048973083,6.646590122727503e-7
0,0,-0.036651287227869034,-0.003546114545315504,0.00007366139470832422,0,-0.03665187582373619,-0.009531772695481777,-0.00007366139470832422,0,0.029545173048973083,6.646590122727503e-7
0,0,-0.036651287227869034,-0.005291443783789873,0.00007366139470832422,0,-0.038397204130887985,-0.009531772695481777,0.0016716679092496634,0,0.029545173048973083,6.646590122727503e-7
0,0,-0.036651287227869034,-0.005291443783789873,0.00007366139470832422,0,-0.038397204130887985,-0.009531772695481777,0.0016716679092496634,0,0.029545173048973083,6.646590122727503e-7
0,0,-0.036651287227869034,-0.003546114545315504,0.00007366139470832422,0,-0.038397204130887985,-0.009531772695481777,-0.00007366139470832422,0,0.029545173048973083,6.646590122727503e-7
0,0,-0.036651287227869034,-0.003546114545315504,0.00007366139470832422,0,-0.03665187582373619,-0.009531772695481777,-0.00007366139470832422,0,0.029545173048973083,6.646590122727503e-7
0,0,-0.036651287227869034,-0.003546114545315504,0.00007366139470832422,0,-0.038397204130887985,-0.009531772695481777,-0.00007366139470832422,0,0.029545173048973083,6.646590122727503e-7
0,0,-0.036651287227869034,-0.005291443783789873,0.00007366139470832422,0,-0.03665187582373619,-0.009531772695481777,-0.00007366139470832422,0.001745329238474369,0.029545173048973083,6.646590122727503e-7
0,0,-0.036651287227869034,-0.003546114545315504,0.00007366139470832422,0,-0.038397204130887985,-0.009531772695481777,-0.00007366139470832422,0,0.029545173048973083,6.646590122727503e-7
0,0,-0.036651287227869034,-0.003546114545315504,0.00007366139470832422,0,-0.038397204130887985,-0.009531772695481777,-0.00007366139470832422,0,0.029545173048973083,6.646590122727503e-7
0,0,-0.036651287227869034,-0.003546114545315504,0.00007366139470832422,0,-0.03665187582373619,-0.009531772695481777,-0.00007366139470832422,0,0.029545173048973083,6.646590122727503e-7
0,0,-0.036651287227869034,-0.003546114545315504,0.00007366139470832422,0,-0.03665187582373619,-0.009531772695481777,-0.00007366139470832422,0,0.029545173048973083,6.646590122727503e-7
0,0,-0.036651287227869034,-0.003546114545315504,0.00007366139470832422,0,-0.03665187582373619,-0.009531772695481777,-0.00007366139470832422,0,0.029545173048973083,6.646590122727503e-7
0,0,-0.036651287227869034,-0.005291443783789873,0.00007366139470832422,0,-0.038397204130887985,-0.009531772695481777,-0.00007366139470832422,0,0.029545173048973083,6.646590122727503e-7
0,0,-0.036651287227869034,-0.005291443783789873,0.00007366139470832422,0,-0.03665187582373619,-0.009531772695481777,-0.00007366139470832422,0,0.029545173048973083,6.646590122727503e-7
0,0,-0.036651287227869034,-0.005291443783789873,0.00007366139470832422,0,-0.038397204130887985,-0.009531772695481777,-0.00007366139470832422,0,0.029545173048973083,6.646590122727503e-7
0,0,-0.036651287227869034,-0.003546114545315504,0.00007366139470832422,0,-0.038397204130887985,-0.009531772695481777,-0.00007366139470832422,0,0.029545173048973083,6.646590122727503e-7
0,0,-0.036651287227869034,-0.003546114545315504,0.00007366139470832422,0,-0.03665187582373619,-0.009531772695481777,-0.00007366139470832422,0,0.029545173048973083,6.646590122727503e-7
0,0,-0.036651287227869034,-0.003546114545315504,0.00007366139470832422,0,-0.038397204130887985,-0.009531772695481777,-0.00007366139470832422,0,0.029545173048973083,6.646590122727503e-7
0,0,-0.036651287227869034,-0.003546114545315504,0.00007366139470832422,0,-0.038397204130887985,-0.009531772695481777,-0.00007366139470832422,0,0.029545173048973083,6.646590122727503e-7
0,0,-0.036651287227869034,-0.003546114545315504,0.00007366139470832422,0,-0.03665187582373619,-0.009531772695481777,-0.00007366139470832422,0,0.029545173048973083,6.646590122727503e-7
0,0,-0.036651287227869034,-0.003546114545315504,0.00007366139470832422,0,-0.03665187582373619,-0.009531772695481777,-0.00007366139470832422,0,0.029545173048973083,6.646590122727503e-7
0,0,-0.036651287227869034,-0.005291443783789873,0.00007366139470832422,0,-0.038397204130887985,-0.009531772695481777,-0.00007366139470832422,0,0.029545173048973083,6.646590122727503e-7
0,0,-0.036651287227869034,-0.003546114545315504,0.00007366139470832422,0,-0.03665187582373619,-0.009531772695481777,-0.00007366139470832422,0,0.029545173048973083,6.646590122727503e-7
0,0,-0.036651287227869034,-0.003546114545315504,0.00007366139470832422,0,-0.03665187582373619,-0.009531772695481777,-0.00007366139470832422,0,0.029545173048973083,6.646590122727503e-7
0,0,-0.036651287227869034,-0.005291443783789873,0.00007366139470832422,0,-0.038397204130887985,-0.009531772695481777,-0.00007366139470832422,0,0.029545173048973083,6.646590122727503e-7
0,0,-0.036651287227869034,-0.003546114545315504,0.00007366139470832422,0,-0.03665187582373619,-0.009531772695481777,-0.00007366139470832422,0,0.029545173048973083,6.646590122727503e-7
0,0,-0.036651287227869034,-0.003546114545315504,0.00007366139470832422,0,-0.03665187582373619,-0.009531772695481777,-0.00007366139470832422,0,0.029545173048973083,6.646590122727503e-7
0,0,-0.036651287227869034,-0.005291443783789873,0.00007366139470832422,0,-0.038397204130887985,-0.009531772695481777,-0.00007366139470832422,0,0.029545173048973083,6.646590122727503e-7
0,0,-0.036651287227869034,-0.005291443783789873,0.00007366139470832422,0,-0.038397204130887985,-0.009531772695481777,-0.00007366139470832422,0,0.029545173048973083,6.646590122727503e-7
0,0,-0.036651287227869034,-0.005291443783789873,0.00007366139470832422,0,-0.038397204130887985,-0.009531772695481777,-0.00007366139470832422,0,0.029545173048973083,6.646590122727503e-7
0,0,-0.036651287227869034,-0.003546114545315504,0.00007366139470832422,0,-0.03665187582373619,-0.009531772695481777,-0.00007366139470832422,0,0.029545173048973083,6.646590122727503e-7
0,0,-0.036651287227869034,-0.003546114545315504,0.00007366139470832422,0,-0.03665187582373619,-0.009531772695481777,-0.00007366139470832422,0,0.029545173048973083,6.646590122727503e-7
0,0,-0.036651287227869034,-0.003546114545315504,0.00007366139470832422,0,-0.038397204130887985,-0.009531772695481777,-0.00007366139470832422,0,0.029545173048973083,6.646590122727503e-7
0,0,-0.036651287227869034,-0.003546114545315504,0.00007366139470832422,0,-0.038397204130887985,-0.009531772695481777,-0.00007366139470832422,0,0.029545173048973083,6.646590122727503e-7
0,0,-0.036651287227869034,-0.005291443783789873,0.00007366139470832422,0,-0.038397204130887985,-0.011277101933956146,-0.00007366139470832422,0,0.029545173048973083,6.646590122727503e-7
0,0,-0.036651287227869034,-0.005291443783789873,0.00007366139470832422,0,-0.03665187582373619,-0.009531772695481777,-0.00007366139470832422,0,0.029545173048973083,6.646590122727503e-7
0,0,-0.036651287227869034,-0.005291443783789873,0.00007366139470832422,0,-0.038397204130887985,-0.009531772695481777,-0.00007366139470832422,0,0.029545173048973083,6.646590122727503e-7
0,0,-0.036651287227869034,-0.005291443783789873,0.00007366139470832422,0,-0.038397204130887985,-0.009531772695481777,-0.00007366139470832422,0,0.029545173048973083,6.646590122727503e-7
0,0,-0.036651287227869034,-0.005291443783789873,0.00007366139470832422,0,-0.03665187582373619,-0.009531772695481777,-0.00007366139470832422,0,0.029545173048973083,6.646590122727503e-7
0,0,-0.036651287227869034,-0.005291443783789873,0.00007366139470832422,0,-0.03665187582373619,-0.009531772695481777,-0.00007366139470832422,0,0.029545173048973083,6.646590122727503e-7
0,0,-0.036651287227869034,-0.003546114545315504,0.00007366139470832422,0,-0.038397204130887985,-0.009531772695481777,-0.00007366139470832422,0,0.029545173048973083,6.646590122727503e-7
0,0,-0.036651287227869034,-0.005291443783789873,0.00007366139470832422,0,-0.03665187582373619,-0.009531772695481777,-0.00007366139470832422,0,0.029545173048973083,6.646590122727503e-7
0,0,-0.036651287227869034,-0.005291443783789873,0.00007366139470832422,0,-0.038397204130887985,-0.009531772695481777,-0.00007366139470832422,0,0.029545173048973083,6.646590122727503e-7
0,0,-0.036651287227869034,-0.005291443783789873,0.00007366139470832422,0,-0.038397204130887985,-0.009531772695481777,-0.00007366139470832422,0,0.029545173048973083,6.646590122727503e-7
0,0,-0.036651287227869034,-0.003546114545315504,0.00007366139470832422,0,-0.038397204130887985,-0.009531772695481777,-0.00007366139470832422,0.001745329238474369,0.029545173048973083,6.646590122727503e-7
0,0,-0.036651287227869034,-0.003546114545315504,0.00007366139470832422,0,-0.038397204130887985,-0.011277101933956146,-0.00007366139470832422,0,0.029545173048973083,6.646590122727503e-7
0,0,-0.036651287227869034,-0.003546114545315504,0.00007366139470832422,0,-0.03665187582373619,-0.009531772695481777,-0.00007366139470832422,0,0.029545173048973083,6.646590122727503e-7
0,0,-0.036651287227869034,-0.003546114545315504,0.00007366139470832422,0,-0.038397204130887985,-0.009531772695481777,-0.00007366139470832422,0,0.029545173048973083,6.646590122727503e-7
0,0,-0.036651287227869034,-0.003546114545315504,0.00007366139470832422,0,-0.03665187582373619,-0.009531772695481777,-0.00007366139470832422,0,0.029545173048973083,6.646590122727503e-7
0,0,-0.036651287227869034,-0.005291443783789873,0.00007366139470832422,0,-0.03665187582373619,-0.009531772695481777,-0.00007366139470832422,0,0.029545173048973083,6.646590122727503e-7
0,0,-0.036651287227869034,-0.005291443783789873,0.00007366139470832422,0,-0.03665187582373619,-0.011277101933956146,-0.00007366139470832422,0,0.029545173048973083,6.646590122727503e-7
0,0,-0.036651287227869034,-0.005291443783789873,0.00007366139470832422,0,-0.03665187582373619,-0.011277101933956146,-0.00007366139470832422,0,0.029545173048973083,6.646590122727503e-7
0,0,-0.036651287227869034,-0.003546114545315504,0.00007366139470832422,0,-0.038397204130887985,-0.009531772695481777,-0.00007366139470832422,0,0.029545173048973083,6.646590122727503e-7
0,0,-0.036651287227869034,-0.003546114545315504,0.00007366139470832422,0,-0.038397204130887985,-0.009531772695481777,-0.00007366139470832422,0,0.029545173048973083,6.646590122727503e-7
0,0,-0.036651287227869034,-0.005291443783789873,0.00007366139470832422,0,-0.03665187582373619,-0.009531772695481777,-0.00007366139470832422,0,0.029545173048973083,6.646590122727503e-7
0,0,-0.036651287227869034,-0.005291443783789873,0.00007366139470832422,0,-0.03665187582373619,-0.009531772695481777,-0.00007366139470832422,0,0.029545173048973083,6.646590122727503e-7
0,0,-0.036651287227869034,-0.005291443783789873,0.00007366139470832422,0,-0.038397204130887985,-0.009531772695481777,-0.00007366139470832422,0,0.029545173048973083,6.646590122727503e-7
0,0,-0.036651287227869034,-0.003546114545315504,0.00007366139470832422,0,-0.03665187582373619,-0.009531772695481777,-0.00007366139470832422,0,0.029545173048973083,6.646590122727503e-7
0,0,-0.036651287227869034,-0.003546114545315504,0.00007366139470832422,0,-0.03665187582373619,-0.009531772695481777,-0.00007366139470832422,0,0.029545173048973083,6.646590122727503e-7
0,0,-0.036651287227869034,-0.005291443783789873,0.00007366139470832422,0,-0.03665187582373619,-0.009531772695481777,-0.00007366139470832422,0,0.029545173048973083,6.646590122727503e-7
0,0,-0.036651287227869034,-0.003546114545315504,0.00007366139470832422,0,-0.03665187582373619,-0.009531772695481777,-0.00007366139470832422,0,0.029545173048973083,6.646590122727503e-7
0,0,-0.036651287227869034,-0.003546114545315504,0.00007366139470832422,0,-0.038397204130887985,-0.009531772695481777,-0.00007366139470832422,0,0.029545173048973083,6.646590122727503e-7
0,0,-0.036651287227869034,-0.003546114545315504,0.00007366139470832422,0,-0.038397204130887985,-0.009531772695481777,-0.00007366139470832422,0,0.029545173048973083,6.646590122727503e-7
0,0,-0.036651287227869034,-0.005291443783789873,0.00007366139470832422,0,-0.038397204130887985,-0.009531772695481777,-0.00007366139470832422,0,0.029545173048973083,6.646590122727503e-7
0,0,-0.036651287227869034,-0.005291443783789873,0.00007366139470832422,0,-0.038397204130887985,-0.009531772695481777,-0.00007366139470832422,0,0.029545173048973083,6.646590122727503e-7
0,0,-0.036651287227869034,-0.003546114545315504,0.00007366139470832422,0,-0.03665187582373619,-0.009531772695481777,-0.00007366139470832422,0,0.029545173048973083,6.646590122727503e-7
0,0,-0.036651287227869034,-0.003546114545315504,0.00007366139470832422,0,-0.03665187582373619,-0.009531772695481777,-0.00007366139470832422,0,0.029545173048973083,6.646590122727503e-7
0,0,-0.036651287227869034,-0.003546114545315504,0.00007366139470832422,0,-0.03665187582373619,-0.009531772695481777,-0.00007366139470832422,0,0.029545173048973083,6.646590122727503e-7
0,0,-0.036651287227869034,-0.005291443783789873,0.00007366139470832422,0,-0.03665187582373619,-0.009531772695481777,-0.00007366139470832422,0,0.029545173048973083,6.646590122727503e-7
0,0,-0.036651287227869034,-0.003546114545315504,0.00007366139470832422,0,-0.038397204130887985,-0.009531772695481777,-0.00007366139470832422,0,0.029545173048973083,6.646590122727503e-7
0,0,-0.036651287227869034,-0.003546114545315504,0.00007366139470832422,0,-0.038397204130887985,-0.009531772695481777,-0.00007366139470832422,0,0.029545173048973083,6.646590122727503e-7
0,0,-0.036651287227869034,-0.003546114545315504,0.00007366139470832422,0,-0.038397204130887985,-0.009531772695481777,-0.00007366139470832422,0,0.029545173048973083,6.646590122727503e-7
0,0,-0.036651287227869034,-0.005291443783789873,0.00007366139470832422,0,-0.03665187582373619,-0.009531772695481777,-0.00007366139470832422,0,0.029545173048973083,6.646590122727503e-7
0,0,-0.036651287227869034,-0.003546114545315504,0.00007366139470832422,0,-0.038397204130887985,-0.009531772695481777,-0.00007366139470832422,0,0.029545173048973083,6.646590122727503e-7
0,0,-0.036651287227869034,-0.003546114545315504,0.00007366139470832422,0,-0.03665187582373619,-0.009531772695481777,-0.00007366139470832422,0,0.029545173048973083,6.646590122727503e-7
0,0,-0.036651287227869034,-0.005291443783789873,0.00007366139470832422,0,-0.038397204130887985,-0.009531772695481777,-0.00007366139470832422,0,0.029545173048973083,6.646590122727503e-7
0,0,-0.036651287227869034,-0.005291443783789873,0.00007366139470832422,0,-0.038397204130887985,-0.009531772695481777,-0.00007366139470832422,0,0.029545173048973083,6.646590122727503e-7
0,0,-0.036651287227869034,-0.003546114545315504,0.00007366139470832422,0,-0.038397204130887985,-0.011277101933956146,-0.00007366139470832422,0,0.029545173048973083,6.646590122727503e-7
0,0,-0.036651287227869034,-0.003546114545315504,0.00007366139470832422,0,-0.038397204130887985,-0.011277101933956146,-0.00007366139470832422,0,0.029545173048973083,6.646590122727503e-7
0,0,-0.036651287227869034,-0.003546114545315504,0.00007366139470832422,0,-0.03665187582373619,-0.009531772695481777,-0.00007366139470832422,0,0.029545173048973083,6.646590122727503e-7
0,0,-0.036651287227869034,-0.003546114545315504,0.00007366139470832422,0,-0.03665187582373619,-0.009531772695481777,-0.00007366139470832422,0,0.029545173048973083,6.646590122727503e-7
0,0,-0.036651287227869034,-0.003546114545315504,0.00007366139470832422,0,-0.038397204130887985,-0.009531772695481777,-0.00007366139470832422,0,0.029545173048973083,6.646590122727503e-7
0,0,-0.036651287227869034,-0.003546114545315504,0.00007366139470832422,0,-0.038397204130887985,-0.009531772695481777,-0.00007366139470832422,0,0.029545173048973083,6.646590122727503e-7
0,0,-0.036651287227869034,-0.005291443783789873,0.00007366139470832422,0,-0.03665187582373619,-0.009531772695481777,-0.00007366139470832422,0,0.029545173048973083,6.646590122727503e-7
0,0,-0.036651287227869034,-0.005291443783789873,0.00007366139470832422,0,-0.03665187582373619,-0.009531772695481777,-0.00007366139470832422,0,0.029545173048973083,6.646590122727503e-7
0,0,-0.036651287227869034,-0.005291443783789873,0.00007366139470832422,0,-0.03665187582373619,-0.009531772695481777,-0.00007366139470832422,0,0.029545173048973083,6.646590122727503e-7
0,0,-0.036651287227869034,-0.003546114545315504,0.00007366139470832422,0,-0.03665187582373619,-0.009531772695481777,-0.00007366139470832422,0,0.029545173048973083,6.646590122727503e-7
0,0,-0.036651287227869034,-0.005291443783789873,0.00007366139470832422,0,-0.038397204130887985,-0.009531772695481777,-0.00007366139470832422,0,0.029545173048973083,6.646590122727503e-7
0,0,-0.036651287227869034,-0.005291443783789873,0.00007366139470832422,0,-0.03665187582373619,-0.009531772695481777,-0.00007366139470832422,0,0.029545173048973083,6.646590122727503e-7
0,0,-0.036651287227869034,-0.005291443783789873,0.00007366139470832422,0,-0.03665187582373619,-0.009531772695481777,-0.00007366139470832422,0,0.029545173048973083,6.646590122727503e-7
0,0,-0.036651287227869034,-0.005291443783789873,0.00007366139470832422,0,-0.03665187582373619,-0.009531772695481777,-0.00007366139470832422,0,0.029545173048973083,6.646590122727503e-7
0,0,-0.036651287227869034,-0.003546114545315504,0.00007366139470832422,0,-0.038397204130887985,-0.009531772695481777,-0.00007366139470832422,0,0.029545173048973083,6.646590122727503e-7
0,0,-0.036651287227869034,-0.003546114545315504,0.00007366139470832422,0,-0.038397204130887985,-0.009531772695481777,-0.00007366139470832422,0,0.029545173048973083,6.646590122727503e-7
0,0,-0.036651287227869034,-0.005291443783789873,0.00007366139470832422,0,-0.038397204130887985,-0.009531772695481777,-0.00007366139470832422,0,0.029545173048973083,6.646590122727503e-7
0,0,-0.036651287227869034,-0.005291443783789873,0.00007366139470832422,0,-0.038397204130887985,-0.009531772695481777,-0.00007366139470832422,0,0.029545173048973083,6.646590122727503e-7
0,0,-0.036651287227869034,-0.003546114545315504,0.00007366139470832422,0,-0.03665187582373619,-0.009531772695481777,-0.00007366139470832422,0,0.029545173048973083,6.646590122727503e-7
0,0,-0.036651287227869034,-0.003546114545315504,0.00007366139470832422,0,-0.03665187582373619,-0.009531772695481777,-0.00007366139470832422,0,0.029545173048973083,6.646590122727503e-7
0,0,-0.036651287227869034,-0.003546114545315504,0.00007366139470832422,0,-0.038397204130887985,-0.009531772695481777,-0.00007366139470832422,0,0.029545173048973083,6.646590122727503e-7
0,0,-0.036651287227869034,-0.005291443783789873,0.00007366139470832422,0,-0.03665187582373619,-0.009531772695481777,-0.00007366139470832422,0,0.029545173048973083,6.646590122727503e-7
0,0,-0.036651287227869034,-0.003546114545315504,0.00007366139470832422,0,-0.038397204130887985,-0.009531772695481777,-0.00007366139470832422,0,0.029545173048973083,6.646590122727503e-7
0,0,-0.036651287227869034,-0.003546114545315504,0.00007366139470832422,0,-0.038397204130887985,-0.009531772695481777,-0.00007366139470832422,0,0.029545173048973083,6.646590122727503e-7
0,0,-0.036651287227869034,-0.003546114545315504,0.00007366139470832422,0,-0.038397204130887985,-0.009531772695481777,-0.00007366139470832422,0,0.029545173048973083,6.646590122727503e-7
0,0,-0.036651287227869034,-0.005291443783789873,0.00007366139470832422,0,-0.03665187582373619,-0.011277101933956146,-0.00007366139470832422,0,0.029545173048973083,6.646590122727503e-7
0,0,-0.036651287227869034,-0.005291443783789873,0.00007366139470832422,0,-0.03665187582373619,-0.009531772695481777,-0.00007366139470832422,0,0.029545173048973083,6.646590122727503e-7
0,0,-0.036651287227869034,-0.005291443783789873,0.00007366139470832422,0,-0.03665187582373619,-0.009531772695481777,-0.00007366139470832422,0,0.029545173048973083,6.646590122727503e-7
0,0,-0.036651287227869034,-0.003546114545315504,-0.0016716679092496634,0,-0.038397204130887985,-0.009531772695481777,-0.00007366139470832422,0,0.029545173048973083,6.646590122727503e-7
0,0,-0.036651287227869034,-0.005291443783789873,0.00007366139470832422,0,-0.03665187582373619,-0.009531772695481777,-0.00007366139470832422,0,0.029545173048973083,6.646590122727503e-7
0,0,-0.036651287227869034,-0.005291443783789873,0.00007366139470832422,0,-0.03665187582373619,-0.009531772695481777,-0.00007366139470832422,0,0.029545173048973083,6.646590122727503e-7
0,0,-0.036651287227869034,-0.003546114545315504,0.00007366139470832422,0,-0.03665187582373619,-0.009531772695481777,-0.00007366139470832422,0,0.029545173048973083,6.646590122727503e-7
0,0,-0.036651287227869034,-0.003546114545315504,0.00007366139470832422,0,-0.038397204130887985,-0.009531772695481777,-0.00007366139470832422,0,0.029545173048973083,6.646590122727503e-7
0,0,-0.036651287227869034,-0.003546114545315504,0.00007366139470832422,0,-0.038397204130887985,-0.009531772695481777,-0.00007366139470832422,0,0.029545173048973083,6.646590122727503e-7
0,0,-0.036651287227869034,-0.005291443783789873,0.00007366139470832422,0,-0.038397204130887985,-0.009531772695481777,-0.00007366139470832422,0,0.029545173048973083,6.646590122727503e-7
0,0,-0.036651287227869034,-0.003546114545315504,0.00007366139470832422,0,-0.03665187582373619,-0.009531772695481777,-0.00007366139470832422,0,0.029545173048973083,6.646590122727503e-7
0,0,-0.036651287227869034,-0.003546114545315504,0.00007366139470832422,0,-0.03665187582373619,-0.009531772695481777,-0.00007366139470832422,0,0.029545173048973083,6.646590122727503e-7
0,0,-0.036651287227869034,-0.003546114545315504,0.00007366139470832422,0,-0.03665187582373619,-0.009531772695481777,-0.00007366139470832422,0,0.029545173048973083,6.646590122727503e-7
0,0,-0.036651287227869034,-0.005291443783789873,0.00007366139470832422,0,-0.03665187582373619,-0.009531772695481777,-0.00007366139470832422,0,0.029545173048973083,6.646590122727503e-7
0,0,-0.036651287227869034,-0.005291443783789873,0.00007366139470832422,0,-0.038397204130887985,-0.009531772695481777,-0.00007366139470832422,0,0.029545173048973083,6.646590122727503e-7
0,0,-0.036651287227869034,-0.005291443783789873,0.00007366139470832422,0,-0.03665187582373619,-0.009531772695481777,-0.00007366139470832422,0,0.029545173048973083,6.646590122727503e-7
0,0,-0.036651287227869034,-0.003546114545315504,0.00007366139470832422,0,-0.038397204130887985,-0.009531772695481777,-0.00007366139470832422,0,0.029545173048973083,6.646590122727503e-7
0,0,-0.036651287227869034,-0.003546114545315504,0.00007366139470832422,0,-0.03665187582373619,-0.009531772695481777,-0.00007366139470832422,0,0.029545173048973083,6.646590122727503e-7
0,0,-0.036651287227869034,-0.003546114545315504,0.00007366139470832422,0,-0.03665187582373619,-0.009531772695481777,-0.00007366139470832422,0,0.029545173048973083,6.646590122727503e-7
0,0,-0.036651287227869034,-0.005291443783789873,0.00007366139470832422,0,-0.038397204130887985,-0.009531772695481777,-0.00007366139470832422,0,0.029545173048973083,6.646590122727503e-7
0,0,-0.036651287227869034,-0.003546114545315504,0.00007366139470832422,0,-0.03665187582373619,-0.009531772695481777,-0.00007366139470832422,0,0.029545173048973083,6.646590122727503e-7
0,0,-0.036651287227869034,-0.003546114545315504,0.00007366139470832422,0,-0.03665187582373619,-0.009531772695481777,-0.00007366139470832422,0,0.029545173048973083,6.646590122727503e-7
0,0,-0.036651287227869034,-0.003546114545315504,0.00007366139470832422,0,-0.03665187582373619,-0.009531772695481777,-0.00007366139470832422,0,0.029545173048973083,6.646590122727503e-7
0,0,-0.036651287227869034,-0.005291443783789873,0.00007366139470832422,0,-0.038397204130887985,-0.009531772695481777,-0.00007366139470832422,0,0.029545173048973083,6.646590122727503e-7
0,0,-0.036651287227869034,-0.005291443783789873,0.00007366139470832422,0,-0.038397204130887985,-0.009531772695481777,-0.00007366139470832422,0,0.029545173048973083,6.646590122727503e-7
0,0,-0.036651287227869034,-0.005291443783789873,0.00007366139470832422,0,-0.038397204130887985,-0.009531772695481777,-0.00007366139470832422,0,0.029545173048973083,6.646590122727503e-7
0,0,-0.036651287227869034,-0.005291443783789873,0.00007366139470832422,0,-0.038397204130887985,-0.009531772695481777,-0.00007366139470832422,0,0.029545173048973083,6.646590122727503e-7
0,0,-0.036651287227869034,-0.005291443783789873,0.00007366139470832422,0,-0.038397204130887985,-0.009531772695481777,-0.00007366139470832422,0,0.029545173048973083,6.646590122727503e-7
0,0,-0.036651287227869034,-0.005291443783789873,0.00007366139470832422,0,-0.038397204130887985,-0.009531772695481777,-0.00007366139470832422,0,0.029545173048973083,6.646590122727503e-7
0,0,-0.036651287227869034,-0.003546114545315504,0.00007366139470832422,0,-0.03665187582373619,-0.009531772695481777,-0.00007366139470832422,0,0.029545173048973083,6.646590122727503e-7
0,0,-0.036651287227869034,-0.003546114545315504,0.00007366139470832422,0,-0.03665187582373619,-0.009531772695481777,-0.00007366139470832422,0,0.029545173048973083,6.646590122727503e-7
0,0,-0.036651287227869034,-0.003546114545315504,0.00007366139470832422,0,-0.038397204130887985,-0.009531772695481777,-0.00007366139470832422,0,0.029545173048973083,6.646590122727503e-7
0,0,-0.036651287227869034,-0.003546114545315504,0.00007366139470832422,0,-0.038397204130887985,-0.009531772695481777,-0.00007366139470832422,0,0.029545173048973083,6.646590122727503e-7
0,0,-0.036651287227869034,-0.005291443783789873,0.00007366139470832422,0,-0.038397204130887985,-0.009531772695481777,-0.00007366139470832422,0,0.029545173048973083,6.646590122727503e-7
0,0,-0.036651287227869034,-0.005291443783789873,0.00007366139470832422,0,-0.038397204130887985,-0.009531772695481777,-0.00007366139470832422,0,0.029545173048973083,6.646590122727503e-7
0,0,-0.036651287227869034,-0.005291443783789873,0.00007366139470832422,0,-0.03665187582373619,-0.009531772695481777,-0.00007366139470832422,0,0.029545173048973083,6.646590122727503e-7
0,0,-0.036651287227869034,-0.003546114545315504,0.00007366139470832422,0,-0.03665187582373619,-0.009531772695481777,-0.00007366139470832422,0,0.029545173048973083,6.646590122727503e-7
0,0,-0.036651287227869034,-0.003546114545315504,0.00007366139470832422,0,-0.038397204130887985,-0.009531772695481777,-0.00007366139470832422,0,0.029545173048973083,6.646590122727503e-7
0,0,-0.036651287227869034,-0.003546114545315504,0.00007366139470832422,0,-0.038397204130887985,-0.009531772695481777,-0.00007366139470832422,0,0.029545173048973083,6.646590122727503e-7
0,0,-0.036651287227869034,-0.003546114545315504,0.00007366139470832422,0,-0.03665187582373619,-0.009531772695481777,-0.00007366139470832422,0,0.029545173048973083,6.646590122727503e-7
0,0,-0.036651287227869034,-0.003546114545315504,0.00007366139470832422,0,-0.03665187582373619,-0.009531772695481777,-0.00007366139470832422,0.001745329238474369,0.029545173048973083,6.646590122727503e-7
0,0,-0.036651287227869034,-0.003546114545315504,0.00007366139470832422,0,-0.038397204130887985,-0.009531772695481777,-0.00007366139470832422,0,0.029545173048973083,6.646590122727503e-7
0,0,-0.036651287227869034,-0.005291443783789873,0.00007366139470832422,0,-0.03665187582373619,-0.009531772695481777,-0.00007366139470832422,0,0.029545173048973083,6.646590122727503e-7
0,0,-0.036651287227869034,-0.003546114545315504,0.00007366139470832422,0,-0.03665187582373619,-0.009531772695481777,-0.00007366139470832422,0,0.029545173048973083,6.646590122727503e-7
0,0,-0.036651287227869034,-0.003546114545315504,0.00007366139470832422,0,-0.03665187582373619,-0.009531772695481777,-0.00007366139470832422,0,0.029545173048973083,6.646590122727503e-7
0,0,-0.036651287227869034,-0.003546114545315504,0.00007366139470832422,0,-0.038397204130887985,-0.009531772695481777,-0.00007366139470832422,0,0.029545173048973083,6.646590122727503e-7
0,0,-0.036651287227869034,-0.005291443783789873,0.00007366139470832422,0,-0.038397204130887985,-0.009531772695481777,-0.00007366139470832422,0,0.029545173048973083,6.646590122727503e-7
0,0,-0.036651287227869034,-0.005291443783789873,0.00007366139470832422,0,-0.038397204130887985,-0.009531772695481777,-0.00007366139470832422,0,0.029545173048973083,6.646590122727503e-7
0,0,-0.036651287227869034,-0.005291443783789873,0.00007366139470832422,0,-0.038397204130887985,-0.009531772695481777,-0.00007366139470832422,0,0.029545173048973083,6.646590122727503e-7
0,0,-0.036651287227869034,-0.003546114545315504,0.00007366139470832422,0,-0.03665187582373619,-0.009531772695481777,-0.00007366139470832422,0,0.029545173048973083,6.646590122727503e-7
0,0,-0.036651287227869034,-0.003546114545315504,0.00007366139470832422,0,-0.038397204130887985,-0.009531772695481777,-0.00007366139470832422,0,0.029545173048973083,6.646590122727503e-7
0,0,-0.036651287227869034,-0.005291443783789873,0.00007366139470832422,0,-0.038397204130887985,-0.009531772695481777,-0.00007366139470832422,0,0.029545173048973083,6.646590122727503e-7
0,0,-0.036651287227869034,-0.005291443783789873,0.00007366139470832422,0,-0.03665187582373619,-0.009531772695481777,-0.00007366139470832422,0,0.029545173048973083,6.646590122727503e-7
0,0,-0.036651287227869034,-0.005291443783789873,0.00007366139470832422,0,-0.03665187582373619,-0.009531772695481777,-0.00007366139470832422,0,0.029545173048973083,6.646590122727503e-7
0,0,-0.036651287227869034,-0.005291443783789873,0.00007366139470832422,0,-0.038397204130887985,-0.009531772695481777,-0.00007366139470832422,0,0.029545173048973083,6.646590122727503e-7
0,0,-0.036651287227869034,-0.003546114545315504,0.00007366139470832422,0,-0.03665187582373619,-0.009531772695481777,-0.00007366139470832422,0,0.029545173048973083,6.646590122727503e-7
0,0,-0.036651287227869034,-0.003546114545315504,0.00007366139470832422,0,-0.03665187582373619,-0.009531772695481777,-0.00007366139470832422,0,0.029545173048973083,6.646590122727503e-7
0,0,-0.036651287227869034,-0.003546114545315504,0.00007366139470832422,0,-0.038397204130887985,-0.009531772695481777,-0.00007366139470832422,0,0.029545173048973083,6.646590122727503e-7
0,0,-0.036651287227869034,-0.003546114545315504,0.00007366139470832422,0,-0.038397204130887985,-0.009531772695481777,-0.00007366139470832422,0,0.029545173048973083,6.646590122727503e-7
0,0,-0.036651287227869034,-0.003546114545315504,0.00007366139470832422,0,-0.038397204130887985,-0.009531772695481777,-0.00007366139470832422,0,0.029545173048973083,6.646590122727503e-7
0,0,-0.036651287227869034,-0.005291443783789873,0.00007366139470832422,0,-0.038397204130887985,-0.009531772695481777,-0.00007366139470832422,0,0.029545173048973083,6.646590122727503e-7
0,0,-0.036651287227869034,-0.003546114545315504,0.00007366139470832422,0,-0.038397204130887985,-0.009531772695481777,-0.00007366139470832422,0,0.029545173048973083,6.646590122727503e-7
0,0,-0.036651287227869034,-0.003546114545315504,0.00007366139470832422,0,-0.03665187582373619,-0.009531772695481777,-0.00007366139470832422,0,0.029545173048973083,6.646590122727503e-7
0,0,-0.036651287227869034,-0.003546114545315504,0.00007366139470832422,0,-0.03665187582373619,-0.009531772695481777,-0.00007366139470832422,0,0.029545173048973083,6.646590122727503e-7
0,0,-0.036651287227869034,-0.005291443783789873,0.00007366139470832422,0,-0.03665187582373619,-0.009531772695481777,-0.00007366139470832422,0,0.029545173048973083,6.646590122727503e-7
0,0,-0.036651287227869034,-0.005291443783789873,0.00007366139470832422,0,-0.03665187582373619,-0.009531772695481777,-0.00007366139470832422,0,0.029545173048973083,6.646590122727503e-7
0,0,-0.036651287227869034,-0.005291443783789873,0.00007366139470832422,0,-0.03665187582373619,-0.009531772695481777,-0.00007366139470832422,0,0.029545173048973083,6.646590122727503e-7
0,0,-0.036651287227869034,-0.003546114545315504,0.00007366139470832422,0,-0.038397204130887985,-0.009531772695481777,-0.00007366139470832422,0,0.029545173048973083,6.646590122727503e-7
0,0,-0.036651287227869034,-0.003546114545315504,0.00007366139470832422,0,-0.03665187582373619,-0.009531772695481777,-0.00007366139470832422,0,0.029545173048973083,6.646590122727503e-7
0,0,-0.036651287227869034,-0.005291443783789873,0.00007366139470832422,0,-0.038397204130887985,-0.009531772695481777,-0.00007366139470832422,0,0.029545173048973083,6.646590122727503e-7
0,0,-0.036651287227869034,-0.005291443783789873,0.00007366139470832422,0,-0.03665187582373619,-0.009531772695481777,-0.00007366139470832422,0,0.029545173048973083,6.646590122727503e-7
0,0,-0.036651287227869034,-0.003546114545315504,0.00007366139470832422,0,-0.03665187582373619,-0.009531772695481777,-0.00007366139470832422,0,0.029545173048973083,6.646590122727503e-7
0,0,-0.036651287227869034,-0.003546114545315504,0.00007366139470832422,0,-0.03665187582373619,-0.009531772695481777,-0.00007366139470832422,0,0.029545173048973083,6.646590122727503e-7
0,0,-0.036651287227869034,-0.007036773022264242,0.00007366139470832422,0,-0.03665187582373619,-0.009531772695481777,-0.00007366139470832422,0,0.029545173048973083,6.646590122727503e-7
0,0,-0.036651287227869034,-0.007036773022264242,0.00007366139470832422,0,-0.038397204130887985,-0.009531772695481777,-0.00007366139470832422,0,0.029545173048973083,6.646590122727503e-7
0,0,-0.036651287227869034,-0.007036773022264242,0.00007366139470832422,0,-0.038397204130887985,-0.009531772695481777,-0.00007366139470832422,0,0.029545173048973083,6.646590122727503e-7
0,0,-0.036651287227869034,-0.005291443783789873,0.00007366139470832422,0,-0.038397204130887985,-0.009531772695481777,-0.00007366139470832422,0,0.029545173048973083,6.646590122727503e-7
0,0,-0.036651287227869034,-0.005291443783789873,0.00007366139470832422,0,-0.038397204130887985,-0.009531772695481777,-0.00007366139470832422,0,0.029545173048973083,6.646590122727503e-7
0,0,-0.036651287227869034,-0.007036773022264242,0.00007366139470832422,0,-0.03665187582373619,-0.009531772695481777,-0.00007366139470832422,0,0.029545173048973083,6.646590122727503e-7
0,0,-0.036651287227869034,-0.005291443783789873,0.00007366139470832422,0,-0.03665187582373619,-0.009531772695481777,-0.00007366139470832422,0,0.029545173048973083,6.646590122727503e-7
0,0,-0.036651287227869034,-0.005291443783789873,0.00007366139470832422,0,-0.03665187582373619,-0.009531772695481777,-0.00007366139470832422,0,0.029545173048973083,6.646590122727503e-7
0,0,-0.036651287227869034,-0.005291443783789873,0.00007366139470832422,0,-0.03665187582373619,-0.009531772695481777,-0.00007366139470832422,0,0.029545173048973083,6.646590122727503e-7
0,0,-0.036651287227869034,-0.005291443783789873,0.00007366139470832422,0,-0.03665187582373619,-0.009531772695481777,-0.00007366139470832422,0,0.029545173048973083,6.646590122727503e-7
0,0,-0.036651287227869034,-0.005291443783789873,0.00007366139470832422,0,-0.03665187582373619,-0.009531772695481777,-0.00007366139470832422,0,0.029545173048973083,6.646590122727503e-7
0,0,-0.036651287227869034,-0.005291443783789873,0.00007366139470832422,0,-0.03665187582373619,-0.009531772695481777,-0.00007366139470832422,0,0.029545173048973083,6.646590122727503e-7
0,0,-0.036651287227869034,-0.007036773022264242,0.00007366139470832422,0,-0.03665187582373619,-0.009531772695481777,-0.00007366139470832422,0,0.029545173048973083,6.646590122727503e-7
0,0,-0.036651287227869034,-0.007036773022264242,0.00007366139470832422,0,-0.03665187582373619,-0.009531772695481777,-0.00007366139470832422,0,0.029545173048973083,6.646590122727503e-7
0,0,-0.036651287227869034,-0.005291443783789873,0.00007366139470832422,0,-0.038397204130887985,-0.009531772695481777,-0.00007366139470832422,0,0.029545173048973083,6.646590122727503e-7
0,0,-0.036651287227869034,-0.005291443783789873,0.00007366139470832422,0,-0.038397204130887985,-0.009531772695481777,-0.00007366139470832422,0,0.029545173048973083,6.646590122727503e-7
0,0,-0.036651287227869034,-0.007036773022264242,0.00007366139470832422,0,-0.038397204130887985,-0.009531772695481777,-0.00007366139470832422,0,0.029545173048973083,6.646590122727503e-7
0,0,-0.036651287227869034,-0.007036773022264242,0.00007366139470832422,0,-0.03665187582373619,-0.009531772695481777,-0.00007366139470832422,0,0.029545173048973083,6.646590122727503e-7
0,0,-0.036651287227869034,-0.005291443783789873,0.00007366139470832422,0,-0.038397204130887985,-0.009531772695481777,-0.00007366139470832422,0,0.029545173048973083,6.646590122727503e-7
0,0,-0.036651287227869034,-0.005291443783789873,0.00007366139470832422,0,-0.038397204130887985,-0.009531772695481777,-0.00007366139470832422,0,0.029545173048973083,6.646590122727503e-7
0,0,-0.036651287227869034,-0.005291443783789873,0.00007366139470832422,0,-0.038397204130887985,-0.009531772695481777,-0.00007366139470832422,0,0.029545173048973083,6.646590122727503e-7
0,0,-0.036651287227869034,-0.007036773022264242,0.00007366139470832422,0,-0.038397204130887985,-0.009531772695481777,-0.00007366139470832422,0,0.029545173048973083,6.646590122727503e-7
0,0,-0.036651287227869034,-0.007036773022264242,0.00007366139470832422,0,-0.03665187582373619,-0.009531772695481777,-0.00007366139470832422,0,0.029545173048973083,6.646590122727503e-7
0,0,-0.036651287227869034,-0.007036773022264242,0.00007366139470832422,0,-0.03665187582373619,-0.009531772695481777,-0.00007366139470832422,0,0.029545173048973083,6.646590122727503e-7
0,0,-0.036651287227869034,-0.005291443783789873,0.00007366139470832422,0,-0.038397204130887985,-0.009531772695481777,-0.00007366139470832422,0,0.029545173048973083,6.646590122727503e-7
0,0,-0.036651287227869034,-0.005291443783789873,0.00007366139470832422,0,-0.03665187582373619,-0.009531772695481777,-0.00007366139470832422,0,0.029545173048973083,6.646590122727503e-7
0,0,-0.036651287227869034,-0.005291443783789873,0.00007366139470832422,0,-0.03665187582373619,-0.009531772695481777,-0.00007366139470832422,0,0.029545173048973083,6.646590122727503e-7
0,0,-0.036651287227869034,-0.007036773022264242,0.00007366139470832422,0,-0.038397204130887985,-0.009531772695481777,-0.00007366139470832422,0,0.029545173048973083,6.646590122727503e-7
0,0,-0.036651287227869034,-0.007036773022264242,0.00007366139470832422,0,-0.03665187582373619,-0.009531772695481777,-0.00007366139470832422,0,0.029545173048973083,6.646590122727503e-7
0,0,-0.036651287227869034,-0.005291443783789873,0.00007366139470832422,0,-0.03665187582373619,-0.009531772695481777,-0.00007366139470832422,0,0.029545173048973083,6.646590122727503e-7
0,0,-0.036651287227869034,-0.005291443783789873,0.00007366139470832422,0,-0.03665187582373619,-0.009531772695481777,-0.00007366139470832422,0,0.029545173048973083,6.646590122727503e-7
0,0,-0.036651287227869034,-0.005291443783789873,0.00007366139470832422,0,-0.03665187582373619,-0.009531772695481777,-0.00007366139470832422,0,0.029545173048973083,6.646590122727503e-7
0,0,-0.036651287227869034,-0.005291443783789873,0.00007366139470832422,0,-0.03665187582373619,-0.009531772695481777,-0.00007366139470832422,0,0.029545173048973083,6.646590122727503e-7
0,0,-0.036651287227869034,-0.007036773022264242,0.00007366139470832422,0,-0.038397204130887985,-0.009531772695481777,-0.00007366139470832422,0,0.029545173048973083,6.646590122727503e-7
0,0,-0.036651287227869034,-0.007036773022264242,0.00007366139470832422,0,-0.038397204130887985,-0.009531772695481777,-0.00007366139470832422,0,0.029545173048973083,6.646590122727503e-7
0,0,-0.036651287227869034,-0.005291443783789873,0.00007366139470832422,0,-0.03665187582373619,-0.011277101933956146,-0.00007366139470832422,0,0.029545173048973083,6.646590122727503e-7
0,0,-0.036651287227869034,-0.007036773022264242,0.00007366139470832422,0,-0.03665187582373619,-0.009531772695481777,-0.00007366139470832422,0,0.029545173048973083,6.646590122727503e-7
0,0,-0.036651287227869034,-0.007036773022264242,0.00007366139470832422,0,-0.03665187582373619,-0.009531772695481777,-0.00007366139470832422,0,0.029545173048973083,6.646590122727503e-7
0,0,-0.036651287227869034,-0.005291443783789873,0.00007366139470832422,0,-0.03665187582373619,-0.009531772695481777,-0.00007366139470832422,0,0.029545173048973083,6.646590122727503e-7
0,0,-0.036651287227869034,-0.005291443783789873,0.00007366139470832422,0,-0.03665187582373619,-0.009531772695481777,-0.00007366139470832422,0,0.029545173048973083,6.646590122727503e-7
0,0,-0.036651287227869034,-0.007036773022264242,0.00007366139470832422,0,-0.038397204130887985,-0.009531772695481777,-0.00007366139470832422,0,0.029545173048973083,6.646590122727503e-7
0,0,-0.036651287227869034,-0.007036773022264242,0.00007366139470832422,0,-0.03665187582373619,-0.009531772695481777,-0.00007366139470832422,0,0.029545173048973083,6.646590122727503e-7
0,0,-0.036651287227869034,-0.005291443783789873,0.00007366139470832422,0,-0.03665187582373619,-0.009531772695481777,-0.00007366139470832422,0,0.029545173048973083,6.646590122727503e-7
0,0,-0.036651287227869034,-0.005291443783789873,0.00007366139470832422,0,-0.03665187582373619,-0.009531772695481777,-0.00007366139470832422,0,0.029545173048973083,6.646590122727503e-7
0,0,-0.036651287227869034,-0.005291443783789873,0.00007366139470832422,0,-0.03665187582373619,-0.009531772695481777,-0.00007366139470832422,0,0.029545173048973083,6.646590122727503e-7
0,0,-0.036651287227869034,-0.005291443783789873,0.00007366139470832422,0,-0.03665187582373619,-0.009531772695481777,-0.00007366139470832422,0,0.029545173048973083,6.646590122727503e-7
0,0,-0.036651287227869034,-0.005291443783789873,0.00007366139470832422,0,-0.03665187582373619,-0.009531772695481777,-0.00007366139470832422,0,0.029545173048973083,6.646590122727503e-7
0,0,-0.036651287227869034,-0.007036773022264242,0.00007366139470832422,0,-0.03665187582373619,-0.011277101933956146,-0.00007366139470832422,0,0.029545173048973083,6.646590122727503e-7
0,0,-0.036651287227869034,-0.007036773022264242,0.00007366139470832422,0,-0.03665187582373619,-0.011277101933956146,-0.00007366139470832422,0,0.029545173048973083,6.646590122727503e-7
0,0,-0.036651287227869034,-0.005291443783789873,0.00007366139470832422,0,-0.03665187582373619,-0.009531772695481777,-0.00007366139470832422,0,0.029545173048973083,6.646590122727503e-7
0,0,-0.036651287227869034,-0.005291443783789873,0.00007366139470832422,0,-0.03665187582373619,-0.009531772695481777,-0.00007366139470832422,0,0.029545173048973083,6.646590122727503e-7
0,0,-0.036651287227869034,-0.005291443783789873,0.00007366139470832422,0,-0.03665187582373619,-0.011277101933956146,-0.00007366139470832422,0,0.029545173048973083,6.646590122727503e-7
0,0,-0.036651287227869034,-0.007036773022264242,0.00007366139470832422,0,-0.038397204130887985,-0.011277101933956146,-0.00007366139470832422,0,0.029545173048973083,6.646590122727503e-7
0,0,-0.036651287227869034,-0.007036773022264242,0.00007366139470832422,0,-0.038397204130887985,-0.011277101933956146,-0.00007366139470832422,0,0.029545173048973083,6.646590122727503e-7
0,0,-0.036651287227869034,-0.007036773022264242,0.00007366139470832422,0,-0.038397204130887985,-0.009531772695481777,-0.00007366139470832422,0,0.029545173048973083,6.646590122727503e-7
0,0,-0.036651287227869034,-0.005291443783789873,0.00007366139470832422,0,-0.038397204130887985,-0.009531772695481777,-0.00007366139470832422,0,0.029545173048973083,6.646590122727503e-7
0,0,-0.036651287227869034,-0.005291443783789873,0.00007366139470832422,0,-0.038397204130887985,-0.009531772695481777,-0.00007366139470832422,0,0.029545173048973083,6.646590122727503e-7
0,0,-0.036651287227869034,-0.005291443783789873,0.00007366139470832422,0,-0.038397204130887985,-0.009531772695481777,-0.00007366139470832422,0,0.029545173048973083,6.646590122727503e-7
0,0,-0.036651287227869034,-0.005291443783789873,0.00007366139470832422,0,-0.03665187582373619,-0.009531772695481777,-0.00007366139470832422,0,0.029545173048973083,6.646590122727503e-7
0,0,-0.036651287227869034,-0.005291443783789873,0.00007366139470832422,0,-0.03665187582373619,-0.009531772695481777,-0.00007366139470832422,0,0.029545173048973083,6.646590122727503e-7
0,0,-0.036651287227869034,-0.007036773022264242,0.00007366139470832422,0,-0.03665187582373619,-0.009531772695481777,-0.00007366139470832422,0,0.029545173048973083,6.646590122727503e-7
0,0,-0.036651287227869034,-0.007036773022264242,0.00007366139470832422,0,-0.03665187582373619,-0.009531772695481777,-0.00007366139470832422,0,0.029545173048973083,6.646590122727503e-7
0,0,-0.036651287227869034,-0.005291443783789873,0.00007366139470832422,0,-0.03665187582373619,-0.009531772695481777,-0.00007366139470832422,0,0.029545173048973083,6.646590122727503e-7
0,0,-0.036651287227869034,-0.005291443783789873,0.00007366139470832422,0,-0.038397204130887985,-0.009531772695481777,-0.00007366139470832422,0,0.029545173048973083,6.646590122727503e-7
0,0,-0.036651287227869034,-0.005291443783789873,0.00007366139470832422,0,-0.038397204130887985,-0.009531772695481777,-0.00007366139470832422,0,0.029545173048973083,6.646590122727503e-7
0,0,-0.036651287227869034,-0.005291443783789873,0.00007366139470832422,0,-0.038397204130887985,-0.009531772695481777,-0.00007366139470832422,0,0.029545173048973083,6.646590122727503e-7
0,0,-0.036651287227869034,-0.005291443783789873,0.00007366139470832422,0,-0.038397204130887985,-0.009531772695481777,-0.00007366139470832422,0,0.029545173048973083,6.646590122727503e-7
0,0,-0.036651287227869034,-0.005291443783789873,0.00007366139470832422,0,-0.038397204130887985,-0.009531772695481777,-0.00007366139470832422,0,0.029545173048973083,6.646590122727503e-7
0,0,-0.036651287227869034,-0.007036773022264242,0.00007366139470832422,0,-0.03665187582373619,-0.011277101933956146,-0.00007366139470832422,0,0.029545173048973083,6.646590122727503e-7
0,0,-0.036651287227869034,-0.005291443783789873,0.00007366139470832422,0,-0.03665187582373619,-0.009531772695481777,-0.00007366139470832422,0,0.029545173048973083,6.646590122727503e-7
0,0,-0.036651287227869034,-0.005291443783789873,0.00007366139470832422,0,-0.03665187582373619,-0.011277101933956146,-0.00007366139470832422,0,0.029545173048973083,6.646590122727503e-7
0,0,-0.036651287227869034,-0.005291443783789873,0.00007366139470832422,0,-0.03665187582373619,-0.011277101933956146,-0.00007366139470832422,0,0.029545173048973083,6.646590122727503e-7
0,0,-0.036651287227869034,-0.007036773022264242,0.00007366139470832422,0,-0.03665187582373619,-0.009531772695481777,-0.00007366139470832422,0,0.029545173048973083,6.646590122727503e-7
0,0,-0.036651287227869034,-0.007036773022264242,0.00007366139470832422,0,-0.03665187582373619,-0.009531772695481777,-0.00007366139470832422,0,0.029545173048973083,6.646590122727503e-7
0,0,-0.036651287227869034,-0.005291443783789873,0.00007366139470832422,0,-0.038397204130887985,-0.011277101933956146,-0.00007366139470832422,0.001745329238474369,0.029545173048973083,6.646590122727503e-7
0,0,-0.036651287227869034,-0.005291443783789873,0.00007366139470832422,0,-0.03665187582373619,-0.009531772695481777,-0.00007366139470832422,0,0.029545173048973083,6.646590122727503e-7
0,0,-0.036651287227869034,-0.005291443783789873,0.00007366139470832422,0,-0.03665187582373619,-0.009531772695481777,-0.00007366139470832422,0,0.029545173048973083,6.646590122727503e-7
0,0,-0.036651287227869034,-0.007036773022264242,0.00007366139470832422,0,-0.038397204130887985,-0.009531772695481777,-0.00007366139470832422,0,0.029545173048973083,6.646590122727503e-7
0,0,-0.036651287227869034,-0.007036773022264242,0.00007366139470832422,0,-0.038397204130887985,-0.009531772695481777,-0.00007366139470832422,0,0.029545173048973083,6.646590122727503e-7
0,0,-0.036651287227869034,-0.007036773022264242,0.00007366139470832422,0,-0.03665187582373619,-0.009531772695481777,-0.00007366139470832422,0,0.029545173048973083,6.646590122727503e-7
0,0,-0.036651287227869034,-0.005291443783789873,0.00007366139470832422,0,-0.038397204130887985,-0.009531772695481777,-0.00007366139470832422,0,0.029545173048973083,6.646590122727503e-7
0,0,-0.036651287227869034,-0.005291443783789873,0.00007366139470832422,0,-0.03665187582373619,-0.009531772695481777,-0.00007366139470832422,0,0.029545173048973083,6.646590122727503e-7
0,0,-0.036651287227869034,-0.007036773022264242,0.00007366139470832422,0,-0.03665187582373619,-0.009531772695481777,-0.00007366139470832422,0,0.029545173048973083,6.646590122727503e-7
0,0,-0.036651287227869034,-0.007036773022264242,0.00007366139470832422,0,-0.03665187582373619,-0.009531772695481777,-0.00007366139470832422,0,0.029545173048973083,6.646590122727503e-7
0,0,-0.036651287227869034,-0.005291443783789873,0.00007366139470832422,0,-0.03665187582373619,-0.009531772695481777,-0.00007366139470832422,0,0.029545173048973083,6.646590122727503e-7
0,0,-0.036651287227869034,-0.005291443783789873,0.00007366139470832422,0,-0.03665187582373619,-0.009531772695481777,-0.00007366139470832422,0,0.029545173048973083,6.646590122727503e-7
0,0,-0.036651287227869034,-0.005291443783789873,0.00007366139470832422,0,-0.038397204130887985,-0.009531772695481777,-0.00007366139470832422,0,0.029545173048973083,6.646590122727503e-7
0,0,-0.036651287227869034,-0.005291443783789873,0.00007366139470832422,0,-0.038397204130887985,-0.009531772695481777,-0.00007366139470832422,0,0.029545173048973083,6.646590122727503e-7
0,0,-0.036651287227869034,-0.005291443783789873,0.00007366139470832422,0,-0.03665187582373619,-0.009531772695481777,-0.00007366139470832422,0,0.029545173048973083,6.646590122727503e-7
0,0,-0.036651287227869034,-0.005291443783789873,0.00007366139470832422,0,-0.03665187582373619,-0.009531772695481777,-0.00007366139470832422,0,0.029545173048973083,6.646590122727503e-7
0,0,-0.036651287227869034,-0.005291443783789873,0.00007366139470832422,0,-0.03665187582373619,-0.009531772695481777,-0.00007366139470832422,0,0.029545173048973083,6.646590122727503e-7
0,0,-0.036651287227869034,-0.005291443783789873,0.00007366139470832422,0,-0.03665187582373619,-0.009531772695481777,-0.00007366139470832422,0,0.029545173048973083,6.646590122727503e-7
0,0,-0.036651287227869034,-0.005291443783789873,0.00007366139470832422,0,-0.03665187582373619,-0.009531772695481777,-0.00007366139470832422,0,0.029545173048973083,6.646590122727503e-7
0,0,-0.036651287227869034,-0.007036773022264242,0.00007366139470832422,0,-0.038397204130887985,-0.009531772695481777,-0.00007366139470832422,0,0.029545173048973083,6.646590122727503e-7
0,0,-0.036651287227869034,-0.005291443783789873,0.00007366139470832422,0,-0.03665187582373619,-0.009531772695481777,-0.00007366139470832422,0,0.029545173048973083,6.646590122727503e-7
0,0,-0.036651287227869034,-0.005291443783789873,0.00007366139470832422,0,-0.03665187582373619,-0.009531772695481777,-0.00007366139470832422,0,0.029545173048973083,6.646590122727503e-7
0,0,-0.036651287227869034,-0.005291443783789873,0.00007366139470832422,0,-0.03665187582373619,-0.009531772695481777,-0.00007366139470832422,0,0.029545173048973083,6.646590122727503e-7
0,0,-0.036651287227869034,-0.005291443783789873,0.00007366139470832422,0,-0.03665187582373619,-0.009531772695481777,-0.00007366139470832422,0,0.029545173048973083,6.646590122727503e-7
0,0,-0.036651287227869034,-0.007036773022264242,0.00007366139470832422,0,-0.03665187582373619,-0.009531772695481777,-0.00007366139470832422,0,0.029545173048973083,6.646590122727503e-7
0,0,-0.036651287227869034,-0.007036773022264242,0.00007366139470832422,0,-0.03665187582373619,-0.009531772695481777,-0.00007366139470832422,0,0.029545173048973083,6.646590122727503e-7
0,0,-0.036651287227869034,-0.007036773022264242,0.00007366139470832422,0,-0.03665187582373619,-0.009531772695481777,-0.00007366139470832422,0,0.029545173048973083,6.646590122727503e-7
0,0,-0.036651287227869034,-0.007036773022264242,0.00007366139470832422,0,-0.03665187582373619,-0.009531772695481777,-0.00007366139470832422,0,0.029545173048973083,6.646590122727503e-7
0,0,-0.036651287227869034,-0.005291443783789873,0.00007366139470832422,0,-0.03665187582373619,-0.009531772695481777,-0.00007366139470832422,0,0.029545173048973083,6.646590122727503e-7
0,0,-0.036651287227869034,-0.007036773022264242,0.00007366139470832422,0,-0.03665187582373619,-0.009531772695481777,-0.00007366139470832422,0,0.029545173048973083,6.646590122727503e-7
0,0,-0.036651287227869034,-0.007036773022264242,0.00007366139470832422,0,-0.03665187582373619,-0.009531772695481777,-0.00007366139470832422,0,0.029545173048973083,6.646590122727503e-7
0,0,-0.036651287227869034,-0.005291443783789873,0.00007366139470832422,0,-0.03665187582373619,-0.009531772695481777,-0.00007366139470832422,0,0.029545173048973083,6.646590122727503e-7
0,0,-0.036651287227869034,-0.007036773022264242,0.00007366139470832422,0,-0.03665187582373619,-0.009531772695481777,-0.00007366139470832422,0,0.029545173048973083,6.646590122727503e-7
0,0,-0.036651287227869034,-0.007036773022264242,0.00007366139470832422,0,-0.03665187582373619,-0.009531772695481777,-0.00007366139470832422,0,0.029545173048973083,6.646590122727503e-7
0,0,-0.036651287227869034,-0.005291443783789873,0.00007366139470832422,0,-0.03665187582373619,-0.009531772695481777,-0.00007366139470832422,0,0.029545173048973083,6.646590122727503e-7
0,0,-0.036651287227869034,-0.005291443783789873,0.00007366139470832422,0,-0.03665187582373619,-0.009531772695481777,-0.00007366139470832422,0,0.029545173048973083,6.646590122727503e-7
0,0,-0.036651287227869034,-0.005291443783789873,0.00007366139470832422,0,-0.03665187582373619,-0.009531772695481777,-0.00007366139470832422,0,0.029545173048973083,6.646590122727503e-7
0,0,-0.036651287227869034,-0.007036773022264242,0.00007366139470832422,0,-0.03665187582373619,-0.009531772695481777,-0.00007366139470832422,0,0.029545173048973083,6.646590122727503e-7
0,0,-0.036651287227869034,-0.007036773022264242,0.00007366139470832422,0,-0.03665187582373619,-0.009531772695481777,-0.00007366139470832422,0,0.029545173048973083,6.646590122727503e-7
0,0,-0.036651287227869034,-0.007036773022264242,0.00007366139470832422,0,-0.038397204130887985,-0.009531772695481777,-0.00007366139470832422,0,0.029545173048973083,6.646590122727503e-7
0,0,-0.036651287227869034,-0.005291443783789873,0.00007366139470832422,0,-0.03665187582373619,-0.009531772695481777,-0.00007366139470832422,0,0.029545173048973083,6.646590122727503e-7
0,0,-0.036651287227869034,-0.005291443783789873,0.00007366139470832422,0,-0.03665187582373619,-0.009531772695481777,-0.00007366139470832422,0,0.029545173048973083,6.646590122727503e-7
0,0,-0.036651287227869034,-0.005291443783789873,0.00007366139470832422,0,-0.03665187582373619,-0.009531772695481777,-0.00007366139470832422,0,0.029545173048973083,6.646590122727503e-7
0,0,-0.036651287227869034,-0.007036773022264242,0.00007366139470832422,0,-0.03665187582373619,-0.009531772695481777,-0.00007366139470832422,0,0.029545173048973083,6.646590122727503e-7
0,0,-0.036651287227869034,-0.007036773022264242,0.00007366139470832422,0,-0.03665187582373619,-0.009531772695481777,-0.00007366139470832422,0,0.029545173048973083,6.646590122727503e-7
0,0,-0.036651287227869034,-0.007036773022264242,0.00007366139470832422,0,-0.03665187582373619,-0.009531772695481777,-0.00007366139470832422,0,0.029545173048973083,6.646590122727503e-7
0,0,-0.036651287227869034,-0.005291443783789873,0.00007366139470832422,0,-0.03665187582373619,-0.009531772695481777,-0.00007366139470832422,0,0.029545173048973083,6.646590122727503e-7
0,0,-0.036651287227869034,-0.005291443783789873,0.00007366139470832422,0,-0.038397204130887985,-0.009531772695481777,-0.00007366139470832422,0,0.029545173048973083,6.646590122727503e-7
0,0,-0.036651287227869034,-0.007036773022264242,0.00007366139470832422,0,-0.038397204130887985,-0.009531772695481777,-0.00007366139470832422,0,0.029545173048973083,6.646590122727503e-7
0,0,-0.036651287227869034,-0.007036773022264242,0.00007366139470832422,0,-0.038397204130887985,-0.009531772695481777,-0.00007366139470832422,0,0.029545173048973083,6.646590122727503e-7
0,0,-0.036651287227869034,-0.005291443783789873,0.00007366139470832422,0,-0.03665187582373619,-0.009531772695481777,-0.00007366139470832422,0,0.029545173048973083,6.646590122727503e-7
0,0,-0.036651287227869034,-0.005291443783789873,0.00007366139470832422,0,-0.03665187582373619,-0.009531772695481777,-0.00007366139470832422,0,0.029545173048973083,6.646590122727503e-7
0,0,-0.036651287227869034,-0.005291443783789873,0.00007366139470832422,0,-0.03665187582373619,-0.011277101933956146,-0.00007366139470832422,0,0.029545173048973083,6.646590122727503e-7
0,0,-0.036651287227869034,-0.007036773022264242,0.00007366139470832422,0,-0.038397204130887985,-0.009531772695481777,-0.00007366139470832422,0,0.029545173048973083,6.646590122727503e-7
0,0,-0.036651287227869034,-0.007036773022264242,0.00007366139470832422,0,-0.038397204130887985,-0.009531772695481777,-0.00007366139470832422,0,0.029545173048973083,6.646590122727503e-7
0,0,-0.036651287227869034,-0.007036773022264242,0.00007366139470832422,0,-0.038397204130887985,-0.009531772695481777,-0.00007366139470832422,0,0.029545173048973083,6.646590122727503e-7
0,0,-0.036651287227869034,-0.005291443783789873,0.00007366139470832422,0,-0.03665187582373619,-0.009531772695481777,-0.00007366139470832422,0,0.029545173048973083,6.646590122727503e-7
0,0,-0.036651287227869034,-0.005291443783789873,0.00007366139470832422,0,-0.03665187582373619,-0.009531772695481777,-0.00007366139470832422,0,0.029545173048973083,6.646590122727503e-7
0,0,-0.036651287227869034,-0.005291443783789873,0.00007366139470832422,0,-0.038397204130887985,-0.011277101933956146,-0.00007366139470832422,0,0.029545173048973083,6.646590122727503e-7
0,0,-0.036651287227869034,-0.005291443783789873,0.00007366139470832422,0,-0.03665187582373619,-0.009531772695481777,-0.00007366139470832422,0,0.029545173048973083,6.646590122727503e-7
0,0,-0.036651287227869034,-0.007036773022264242,0.00007366139470832422,0,-0.038397204130887985,-0.009531772695481777,-0.00007366139470832422,0,0.029545173048973083,6.646590122727503e-7
0,0,-0.036651287227869034,-0.007036773022264242,0.00007366139470832422,0,-0.038397204130887985,-0.009531772695481777,-0.00007366139470832422,0,0.029545173048973083,6.646590122727503e-7
0,0,-0.036651287227869034,-0.007036773022264242,0.00007366139470832422,0,-0.03665187582373619,-0.009531772695481777,-0.00007366139470832422,0,0.029545173048973083,6.646590122727503e-7
0,0,-0.036651287227869034,-0.005291443783789873,0.00007366139470832422,0,-0.03665187582373619,-0.009531772695481777,-0.00007366139470832422,0,0.029545173048973083,6.646590122727503e-7
0,0,-0.036651287227869034,-0.005291443783789873,0.00007366139470832422,0,-0.03665187582373619,-0.009531772695481777,-0.00007366139470832422,0,0.029545173048973083,6.646590122727503e-7
0,0,-0.036651287227869034,-0.005291443783789873,0.00007366139470832422,0,-0.038397204130887985,-0.009531772695481777,-0.00007366139470832422,0,0.029545173048973083,6.646590122727503e-7
0,0,-0.036651287227869034,-0.005291443783789873,0.00007366139470832422,0,-0.03665187582373619,-0.009531772695481777,-0.00007366139470832422,0,0.029545173048973083,6.646590122727503e-7
0,0,-0.036651287227869034,-0.007036773022264242,0.00007366139470832422,0,-0.03665187582373619,-0.009531772695481777,-0.00007366139470832422,0,0.029545173048973083,6.646590122727503e-7
0,0,-0.036651287227869034,-0.007036773022264242,0.00007366139470832422,0,-0.03665187582373619,-0.009531772695481777,-0.00007366139470832422,0,0.029545173048973083,6.646590122727503e-7
0,0,-0.036651287227869034,-0.005291443783789873,0.00007366139470832422,0,-0.03665187582373619,-0.009531772695481777,-0.00007366139470832422,0,0.029545173048973083,6.646590122727503e-7
0,0,-0.036651287227869034,-0.005291443783789873,0.00007366139470832422,0,-0.038397204130887985,-0.009531772695481777,-0.00007366139470832422,0,0.029545173048973083,6.646590122727503e-7
0,0,-0.036651287227869034,-0.005291443783789873,0.00007366139470832422,0,-0.03665187582373619,-0.009531772695481777,-0.00007366139470832422,0,0.029545173048973083,6.646590122727503e-7
0,0,-0.036651287227869034,-0.007036773022264242,0.00007366139470832422,0,-0.03665187582373619,-0.009531772695481777,-0.00007366139470832422,0,0.029545173048973083,6.646590122727503e-7
0,0,-0.036651287227869034,-0.007036773022264242,0.00007366139470832422,0,-0.03665187582373619,-0.009531772695481777,-0.00007366139470832422,0,0.029545173048973083,6.646590122727503e-7
0,0,-0.036651287227869034,-0.005291443783789873,0.00007366139470832422,0,-0.03665187582373619,-0.009531772695481777,-0.00007366139470832422,0,0.029545173048973083,6.646590122727503e-7
0,0,-0.036651287227869034,-0.005291443783789873,0.00007366139470832422,0,-0.03665187582373619,-0.009531772695481777,-0.00007366139470832422,0,0.029545173048973083,6.646590122727503e-7
0,0,-0.036651287227869034,-0.005291443783789873,0.00007366139470832422,0,-0.03665187582373619,-0.009531772695481777,-0.00007366139470832422,0,0.029545173048973083,6.646590122727503e-7
0,0,-0.036651287227869034,-0.005291443783789873,0.00007366139470832422,0,-0.03665187582373619,-0.009531772695481777,-0.00007366139470832422,0,0.029545173048973083,6.646590122727503e-7
0,0,-0.036651287227869034,-0.005291443783789873,0.00007366139470832422,0,-0.038397204130887985,-0.009531772695481777,-0.00007366139470832422,0,0.029545173048973083,6.646590122727503e-7
0,0,-0.036651287227869034,-0.005291443783789873,0.00007366139470832422,0,-0.038397204130887985,-0.009531772695481777,-0.00007366139470832422,0,0.029545173048973083,6.646590122727503e-7
0,0,-0.036651287227869034,-0.005291443783789873,0.00007366139470832422,0,-0.03665187582373619,-0.009531772695481777,-0.00007366139470832422,0.001745329238474369,0.029545173048973083,6.646590122727503e-7
0,0,-0.036651287227869034,-0.007036773022264242,0.00007366139470832422,0,-0.038397204130887985,-0.009531772695481777,-0.00007366139470832422,0,0.029545173048973083,6.646590122727503e-7
0,0,-0.036651287227869034,-0.007036773022264242,0.00007366139470832422,0,-0.038397204130887985,-0.009531772695481777,-0.00007366139470832422,0,0.029545173048973083,6.646590122727503e-7
0,0,-0.036651287227869034,-0.005291443783789873,0.00007366139470832422,0,-0.03665187582373619,-0.009531772695481777,-0.00007366139470832422,0,0.029545173048973083,6.646590122727503e-7
0,0,-0.036651287227869034,-0.005291443783789873,0.00007366139470832422,0,-0.03665187582373619,-0.009531772695481777,-0.00007366139470832422,0,0.029545173048973083,6.646590122727503e-7
0,0,-0.036651287227869034,-0.005291443783789873,0.00007366139470832422,0,-0.03665187582373619,-0.009531772695481777,-0.00007366139470832422,0,0.029545173048973083,6.646590122727503e-7
0,0,-0.036651287227869034,-0.005291443783789873,0.00007366139470832422,0,-0.03665187582373619,-0.009531772695481777,-0.00007366139470832422,0,0.029545173048973083,6.646590122727503e-7
0,0,-0.036651287227869034,-0.007036773022264242,0.00007366139470832422,0,-0.03665187582373619,-0.009531772695481777,-0.00007366139470832422,0,0.029545173048973083,6.646590122727503e-7
0,0,-0.036651287227869034,-0.007036773022264242,0.00007366139470832422,0,-0.03665187582373619,-0.009531772695481777,-0.00007366139470832422,0,0.029545173048973083,6.646590122727503e-7
0,0,-0.036651287227869034,-0.007036773022264242,0.00007366139470832422,0,-0.03665187582373619,-0.009531772695481777,-0.00007366139470832422,0,0.029545173048973083,6.646590122727503e-7
0,0,-0.036651287227869034,-0.005291443783789873,0.00007366139470832422,0,-0.03665187582373619,-0.009531772695481777,-0.00007366139470832422,0,0.029545173048973083,6.646590122727503e-7
0,0,-0.036651287227869034,-0.005291443783789873,0.00007366139470832422,0,-0.03665187582373619,-0.009531772695481777,-0.00007366139470832422,0,0.029545173048973083,6.646590122727503e-7
0,0,-0.036651287227869034,-0.007036773022264242,0.00007366139470832422,0,-0.038397204130887985,-0.009531772695481777,-0.00007366139470832422,0,0.029545173048973083,6.646590122727503e-7
0,0,-0.036651287227869034,-0.007036773022264242,0.00007366139470832422,0,-0.038397204130887985,-0.009531772695481777,-0.00007366139470832422,0,0.029545173048973083,6.646590122727503e-7
0,0,-0.036651287227869034,-0.007036773022264242,0.00007366139470832422,0,-0.038397204130887985,-0.009531772695481777,-0.00007366139470832422,0,0.029545173048973083,6.646590122727503e-7
0,0,-0.036651287227869034,-0.005291443783789873,0.00007366139470832422,0,-0.038397204130887985,-0.009531772695481777,-0.00007366139470832422,0,0.029545173048973083,6.646590122727503e-7
0,0,-0.036651287227869034,-0.005291443783789873,0.00007366139470832422,0,-0.038397204130887985,-0.009531772695481777,-0.00007366139470832422,0,0.029545173048973083,6.646590122727503e-7
0,0,-0.036651287227869034,-0.005291443783789873,0.00007366139470832422,0,-0.03665187582373619,-0.009531772695481777,-0.00007366139470832422,0,0.029545173048973083,6.646590122727503e-7
0,0,-0.036651287227869034,-0.005291443783789873,0.00007366139470832422,0,-0.03665187582373619,-0.009531772695481777,-0.00007366139470832422,0,0.029545173048973083,6.646590122727503e-7
0,0,-0.036651287227869034,-0.007036773022264242,0.00007366139470832422,0,-0.03665187582373619,-0.009531772695481777,-0.00007366139470832422,0.001745329238474369,0.029545173048973083,6.646590122727503e-7
0,0,-0.036651287227869034,-0.005291443783789873,0.00007366139470832422,0,-0.03665187582373619,-0.009531772695481777,-0.00007366139470832422,0,0.029545173048973083,6.646590122727503e-7
0,0,-0.036651287227869034,-0.005291443783789873,0.00007366139470832422,0,-0.03665187582373619,-0.009531772695481777,-0.00007366139470832422,0,0.029545173048973083,6.646590122727503e-7
0,0,-0.036651287227869034,-0.005291443783789873,0.00007366139470832422,0,-0.03665187582373619,-0.009531772695481777,-0.00007366139470832422,0,0.029545173048973083,6.646590122727503e-7
0,0,-0.036651287227869034,-0.007036773022264242,0.00007366139470832422,0,-0.03665187582373619,-0.009531772695481777,-0.00007366139470832422,0.001745329238474369,0.029545173048973083,6.646590122727503e-7
0,0,-0.036651287227869034,-0.007036773022264242,0.00007366139470832422,0,-0.03665187582373619,-0.009531772695481777,-0.00007366139470832422,0,0.029545173048973083,6.646590122727503e-7
0,0,-0.036651287227869034,-0.005291443783789873,0.00007366139470832422,0,-0.03665187582373619,-0.009531772695481777,-0.00007366139470832422,0,0.029545173048973083,6.646590122727503e-7
0,0,-0.036651287227869034,-0.005291443783789873,0.00007366139470832422,0,-0.03665187582373619,-0.009531772695481777,-0.00007366139470832422,0,0.029545173048973083,6.646590122727503e-7
0,0,-0.036651287227869034,-0.005291443783789873,0.00007366139470832422,0,-0.03665187582373619,-0.009531772695481777,-0.00007366139470832422,0,0.029545173048973083,6.646590122727503e-7
0,0,-0.036651287227869034,-0.007036773022264242,0.00007366139470832422,0,-0.038397204130887985,-0.009531772695481777,-0.00007366139470832422,0,0.029545173048973083,6.646590122727503e-7
0,0,-0.036651287227869034,-0.005291443783789873,0.00007366139470832422,0,-0.038397204130887985,-0.009531772695481777,-0.00007366139470832422,0,0.029545173048973083,6.646590122727503e-7
0,0,-0.036651287227869034,-0.005291443783789873,0.00007366139470832422,0,-0.038397204130887985,-0.009531772695481777,-0.00007366139470832422,0,0.029545173048973083,6.646590122727503e-7
0,0,-0.036651287227869034,-0.005291443783789873,0.00007366139470832422,0,-0.038397204130887985,-0.009531772695481777,-0.00007366139470832422,0,0.029545173048973083,6.646590122727503e-7
0,0,-0.036651287227869034,-0.007036773022264242,0.00007366139470832422,0,-0.03665187582373619,-0.009531772695481777,-0.00007366139470832422,0,0.029545173048973083,6.646590122727503e-7
0,0,-0.036651287227869034,-0.007036773022264242,0.00007366139470832422,0,-0.03665187582373619,-0.009531772695481777,-0.00007366139470832422,0,0.029545173048973083,6.646590122727503e-7
0,0,-0.036651287227869034,-0.005291443783789873,0.00007366139470832422,0,-0.038397204130887985,-0.009531772695481777,-0.00007366139470832422,0,0.029545173048973083,6.646590122727503e-7
0,0,-0.036651287227869034,-0.005291443783789873,0.00007366139470832422,0,-0.03665187582373619,-0.009531772695481777,-0.00007366139470832422,0,0.029545173048973083,6.646590122727503e-7
0,0,-0.036651287227869034,-0.005291443783789873,0.00007366139470832422,0,-0.03665187582373619,-0.009531772695481777,-0.00007366139470832422,0,0.029545173048973083,6.646590122727503e-7
0,0,-0.036651287227869034,-0.007036773022264242,0.00007366139470832422,0,-0.03665187582373619,-0.009531772695481777,-0.00007366139470832422,0,0.029545173048973083,6.646590122727503e-7
0,0,-0.036651287227869034,-0.007036773022264242,0.00007366139470832422,0,-0.03665187582373619,-0.009531772695481777,-0.00007366139470832422,0,0.029545173048973083,6.646590122727503e-7
0,0,-0.036651287227869034,-0.005291443783789873,0.00007366139470832422,0,-0.038397204130887985,-0.009531772695481777,-0.00007366139470832422,0,0.029545173048973083,6.646590122727503e-7
0,0,-0.036651287227869034,-0.005291443783789873,0.00007366139470832422,0,-0.038397204130887985,-0.009531772695481777,-0.00007366139470832422,0,0.029545173048973083,6.646590122727503e-7
0,0,-0.036651287227869034,-0.007036773022264242,0.00007366139470832422,0,-0.038397204130887985,-0.009531772695481777,-0.00007366139470832422,0,0.029545173048973083,6.646590122727503e-7
0,0,-0.036651287227869034,-0.007036773022264242,0.00007366139470832422,0,-0.038397204130887985,-0.009531772695481777,-0.00007366139470832422,0,0.029545173048973083,6.646590122727503e-7
0,0,-0.036651287227869034,-0.005291443783789873,0.00007366139470832422,0,-0.03665187582373619,-0.009531772695481777,-0.00007366139470832422,0,0.029545173048973083,6.646590122727503e-7
0,0,-0.036651287227869034,-0.005291443783789873,0.00007366139470832422,0,-0.03665187582373619,-0.009531772695481777,-0.00007366139470832422,0,0.029545173048973083,6.646590122727503e-7
0,0,-0.036651287227869034,-0.005291443783789873,0.00007366139470832422,0,-0.038397204130887985,-0.009531772695481777,-0.00007366139470832422,0,0.029545173048973083,6.646590122727503e-7
0,0,-0.036651287227869034,-0.005291443783789873,0.00007366139470832422,0,-0.038397204130887985,-0.009531772695481777,-0.00007366139470832422,0,0.029545173048973083,6.646590122727503e-7
0,0,-0.036651287227869034,-0.007036773022264242,0.00007366139470832422,0,-0.03665187582373619,-0.009531772695481777,-0.00007366139470832422,0,0.029545173048973083,6.646590122727503e-7
0,0,-0.036651287227869034,-0.005291443783789873,0.00007366139470832422,0,-0.038397204130887985,-0.009531772695481777,-0.00007366139470832422,0,0.029545173048973083,6.646590122727503e-7
0,0,-0.036651287227869034,-0.005291443783789873,0.00007366139470832422,0,-0.038397204130887985,-0.009531772695481777,-0.00007366139470832422,0,0.029545173048973083,6.646590122727503e-7
0,0,-0.036651287227869034,-0.005291443783789873,0.00007366139470832422,0,-0.038397204130887985,-0.009531772695481777,-0.00007366139470832422,0,0.029545173048973083,6.646590122727503e-7
0,0,-0.036651287227869034,-0.007036773022264242,0.00007366139470832422,0,-0.03665187582373619,-0.009531772695481777,-0.00007366139470832422,0,0.029545173048973083,6.646590122727503e-7
0,0,-0.036651287227869034,-0.007036773022264242,0.00007366139470832422,0,-0.03665187582373619,-0.009531772695481777,-0.00007366139470832422,0,0.029545173048973083,6.646590122727503e-7
0,0,-0.036651287227869034,-0.007036773022264242,0.00007366139470832422,0,-0.03665187582373619,-0.009531772695481777,-0.00007366139470832422,0,0.029545173048973083,6.646590122727503e-7
0,0,-0.036651287227869034,-0.007036773022264242,0.00007366139470832422,0,-0.03665187582373619,-0.009531772695481777,-0.00007366139470832422,0,0.029545173048973083,6.646590122727503e-7
0,0,-0.036651287227869034,-0.007036773022264242,0.00007366139470832422,0,-0.038397204130887985,-0.009531772695481777,-0.00007366139470832422,0,0.029545173048973083,6.646590122727503e-7
0,0,-0.036651287227869034,-0.007036773022264242,0.00007366139470832422,0,-0.038397204130887985,-0.009531772695481777,-0.00007366139470832422,0,0.029545173048973083,6.646590122727503e-7
0,0,-0.036651287227869034,-0.005291443783789873,0.00007366139470832422,0,-0.03665187582373619,-0.009531772695481777,-0.00007366139470832422,0,0.029545173048973083,6.646590122727503e-7
0,0,-0.036651287227869034,-0.005291443783789873,0.00007366139470832422,0,-0.03665187582373619,-0.009531772695481777,-0.00007366139470832422,0,0.029545173048973083,6.646590122727503e-7
0,0,-0.036651287227869034,-0.007036773022264242,0.00007366139470832422,0,-0.03665187582373619,-0.009531772695481777,-0.00007366139470832422,0,0.029545173048973083,6.646590122727503e-7
0,0,-0.036651287227869034,-0.007036773022264242,0.00007366139470832422,0,-0.03665187582373619,-0.009531772695481777,-0.00007366139470832422,0,0.029545173048973083,6.646590122727503e-7
0,0,-0.036651287227869034,-0.005291443783789873,0.00007366139470832422,0,-0.03665187582373619,-0.009531772695481777,-0.00007366139470832422,0,0.029545173048973083,6.646590122727503e-7
0,0,-0.036651287227869034,-0.005291443783789873,0.00007366139470832422,0,-0.03665187582373619,-0.009531772695481777,-0.00007366139470832422,0,0.029545173048973083,6.646590122727503e-7
0,0,-0.036651287227869034,-0.005291443783789873,0.00007366139470832422,0,-0.03665187582373619,-0.009531772695481777,-0.00007366139470832422,0,0.029545173048973083,6.646590122727503e-7
0,0,-0.036651287227869034,-0.007036773022264242,0.00007366139470832422,0,-0.038397204130887985,-0.009531772695481777,-0.00007366139470832422,0,0.029545173048973083,6.646590122727503e-7
0,0,-0.036651287227869034,-0.007036773022264242,0.00007366139470832422,0,-0.038397204130887985,-0.009531772695481777,-0.00007366139470832422,0,0.029545173048973083,6.646590122727503e-7
0,0,-0.036651287227869034,-0.005291443783789873,0.00007366139470832422,0,-0.038397204130887985,-0.009531772695481777,-0.00007366139470832422,0,0.029545173048973083,6.646590122727503e-7
0,0,-0.036651287227869034,-0.005291443783789873,0.00007366139470832422,0,-0.038397204130887985,-0.009531772695481777,-0.00007366139470832422,0,0.029545173048973083,6.646590122727503e-7
0,0,-0.036651287227869034,-0.007036773022264242,0.00007366139470832422,0,-0.038397204130887985,-0.009531772695481777,-0.00007366139470832422,0,0.029545173048973083,6.646590122727503e-7
0,0,-0.036651287227869034,-0.005291443783789873,0.00007366139470832422,0,-0.038397204130887985,-0.009531772695481777,-0.00007366139470832422,0,0.029545173048973083,6.646590122727503e-7
0,0,-0.036651287227869034,-0.005291443783789873,0.00007366139470832422,0,-0.038397204130887985,-0.009531772695481777,-0.00007366139470832422,0,0.029545173048973083,6.646590122727503e-7
0,0,-0.036651287227869034,-0.007036773022264242,0.00007366139470832422,0,-0.038397204130887985,-0.009531772695481777,-0.00007366139470832422,0,0.029545173048973083,6.646590122727503e-7
0,0,-0.036651287227869034,-0.007036773022264242,0.00007366139470832422,0,-0.038397204130887985,-0.009531772695481777,-0.00007366139470832422,0,0.029545173048973083,6.646590122727503e-7
0,0,-0.036651287227869034,-0.007036773022264242,0.00007366139470832422,0,-0.038397204130887985,-0.009531772695481777,-0.00007366139470832422,0,0.029545173048973083,6.646590122727503e-7
0,0,-0.036651287227869034,-0.005291443783789873,0.00007366139470832422,0,-0.038397204130887985,-0.009531772695481777,-0.00007366139470832422,0,0.029545173048973083,6.646590122727503e-7
0,0,-0.036651287227869034,-0.005291443783789873,0.00007366139470832422,0,-0.038397204130887985,-0.009531772695481777,-0.00007366139470832422,0,0.029545173048973083,6.646590122727503e-7
0,0,-0.036651287227869034,-0.007036773022264242,0.00007366139470832422,0,-0.038397204130887985,-0.009531772695481777,-0.00007366139470832422,0,0.029545173048973083,6.646590122727503e-7
0,0,-0.036651287227869034,-0.007036773022264242,0.00007366139470832422,0,-0.03665187582373619,-0.009531772695481777,-0.00007366139470832422,0,0.029545173048973083,6.646590122727503e-7
0,0,-0.036651287227869034,-0.005291443783789873,0.00007366139470832422,0,-0.03665187582373619,-0.009531772695481777,-0.00007366139470832422,0,0.029545173048973083,6.646590122727503e-7
0,0,-0.036651287227869034,-0.005291443783789873,0.00007366139470832422,0,-0.038397204130887985,-0.009531772695481777,-0.00007366139470832422,0.001745329238474369,0.029545173048973083,6.646590122727503e-7
0,0,-0.036651287227869034,-0.007036773022264242,0.00007366139470832422,0,-0.038397204130887985,-0.009531772695481777,-0.00007366139470832422,0,0.029545173048973083,6.646590122727503e-7
0,0,-0.036651287227869034,-0.005291443783789873,0.00007366139470832422,0,-0.03665187582373619,-0.009531772695481777,-0.00007366139470832422,0,0.029545173048973083,6.646590122727503e-7
0,0,-0.036651287227869034,-0.005291443783789873,0.00007366139470832422,0,-0.038397204130887985,-0.009531772695481777,-0.00007366139470832422,0,0.029545173048973083,6.646590122727503e-7
0,0,-0.036651287227869034,-0.005291443783789873,0.00007366139470832422,0,-0.038397204130887985,-0.009531772695481777,-0.00007366139470832422,0,0.029545173048973083,6.646590122727503e-7
0,0,-0.036651287227869034,-0.005291443783789873,0.00007366139470832422,0,-0.038397204130887985,-0.009531772695481777,-0.00007366139470832422,0,0.029545173048973083,6.646590122727503e-7
0,0,-0.036651287227869034,-0.007036773022264242,0.00007366139470832422,0,-0.03665187582373619,-0.009531772695481777,-0.00007366139470832422,0,0.029545173048973083,6.646590122727503e-7
0,0,-0.036651287227869034,-0.005291443783789873,0.00007366139470832422,0,-0.03665187582373619,-0.009531772695481777,-0.00007366139470832422,0,0.029545173048973083,6.646590122727503e-7
0,0,-0.036651287227869034,-0.005291443783789873,0.00007366139470832422,0,-0.038397204130887985,-0.009531772695481777,-0.00007366139470832422,0,0.029545173048973083,6.646590122727503e-7
0,0,-0.036651287227869034,-0.005291443783789873,0.00007366139470832422,0,-0.038397204130887985,-0.009531772695481777,-0.00007366139470832422,0,0.029545173048973083,6.646590122727503e-7
0,0,-0.036651287227869034,-0.007036773022264242,0.00007366139470832422,0,-0.038397204130887985,-0.009531772695481777,-0.00007366139470832422,0.001745329238474369,0.029545173048973083,6.646590122727503e-7
0,0,-0.036651287227869034,-0.005291443783789873,0.00007366139470832422,0,-0.038397204130887985,-0.009531772695481777,-0.00007366139470832422,0,0.029545173048973083,6.646590122727503e-7
0,0,-0.036651287227869034,-0.005291443783789873,0.00007366139470832422,0,-0.038397204130887985,-0.009531772695481777,-0.00007366139470832422,0,0.029545173048973083,6.646590122727503e-7
0,0,-0.036651287227869034,-0.007036773022264242,0.00007366139470832422,0,-0.038397204130887985,-0.009531772695481777,-0.00007366139470832422,0,0.029545173048973083,6.646590122727503e-7
0,0,-0.036651287227869034,-0.007036773022264242,0.00007366139470832422,0,-0.03665187582373619,-0.009531772695481777,-0.00007366139470832422,0,0.029545173048973083,6.646590122727503e-7
0,0,-0.036651287227869034,-0.005291443783789873,0.00007366139470832422,0,-0.03665187582373619,-0.009531772695481777,-0.00007366139470832422,0,0.029545173048973083,6.646590122727503e-7
0,0,-0.036651287227869034,-0.005291443783789873,0.00007366139470832422,0,-0.03665187582373619,-0.009531772695481777,-0.00007366139470832422,0,0.029545173048973083,6.646590122727503e-7
0,0,-0.036651287227869034,-0.005291443783789873,0.00007366139470832422,0,-0.038397204130887985,-0.009531772695481777,-0.00007366139470832422,0,0.029545173048973083,6.646590122727503e-7
0,0,-0.036651287227869034,-0.005291443783789873,0.00007366139470832422,0,-0.03665187582373619,-0.009531772695481777,-0.00007366139470832422,0,0.029545173048973083,6.646590122727503e-7
0,0,-0.036651287227869034,-0.005291443783789873,0.00007366139470832422,0,-0.03665187582373619,-0.009531772695481777,-0.00007366139470832422,0,0.029545173048973083,6.646590122727503e-7
0,0,-0.036651287227869034,-0.007036773022264242,0.00007366139470832422,0,-0.038397204130887985,-0.009531772695481777,-0.00007366139470832422,0,0.029545173048973083,6.646590122727503e-7
0,0,-0.036651287227869034,-0.005291443783789873,0.00007366139470832422,0,-0.03665187582373619,-0.009531772695481777,-0.00007366139470832422,0,0.029545173048973083,6.646590122727503e-7
0,0,-0.036651287227869034,-0.005291443783789873,0.00007366139470832422,0,-0.03665187582373619,-0.009531772695481777,-0.00007366139470832422,0,0.029545173048973083,6.646590122727503e-7
0,0,-0.036651287227869034,-0.005291443783789873,0.00007366139470832422,0,-0.03665187582373619,-0.009531772695481777,-0.00007366139470832422,0,0.029545173048973083,6.646590122727503e-7
0,0,-0.036651287227869034,-0.007036773022264242,0.00007366139470832422,0,-0.038397204130887985,-0.009531772695481777,-0.00007366139470832422,0,0.029545173048973083,6.646590122727503e-7
0,0,-0.036651287227869034,-0.007036773022264242,0.00007366139470832422,0,-0.03665187582373619,-0.009531772695481777,-0.00007366139470832422,0,0.029545173048973083,6.646590122727503e-7
0,0,-0.036651287227869034,-0.007036773022264242,0.00007366139470832422,0,-0.03665187582373619,-0.009531772695481777,-0.00007366139470832422,0,0.029545173048973083,6.646590122727503e-7
0,0,-0.036651287227869034,-0.005291443783789873,0.00007366139470832422,0,-0.03665187582373619,-0.009531772695481777,-0.00007366139470832422,0,0.029545173048973083,6.646590122727503e-7
0,0,-0.036651287227869034,-0.005291443783789873,0.00007366139470832422,0,-0.03665187582373619,-0.009531772695481777,-0.00007366139470832422,0,0.029545173048973083,6.646590122727503e-7
0,0,-0.036651287227869034,-0.005291443783789873,0.00007366139470832422,0,-0.038397204130887985,-0.009531772695481777,-0.00007366139470832422,0,0.029545173048973083,6.646590122727503e-7
0,0,-0.036651287227869034,-0.007036773022264242,0.00007366139470832422,0,-0.03665187582373619,-0.009531772695481777,-0.00007366139470832422,0,0.029545173048973083,6.646590122727503e-7
0,0,-0.036651287227869034,-0.007036773022264242,0.00007366139470832422,0,-0.03665187582373619,-0.009531772695481777,-0.00007366139470832422,0,0.029545173048973083,6.646590122727503e-7
0,0,-0.036651287227869034,-0.007036773022264242,0.00007366139470832422,0,-0.038397204130887985,-0.009531772695481777,-0.00007366139470832422,0,0.029545173048973083,6.646590122727503e-7
0,0,-0.036651287227869034,-0.007036773022264242,0.00007366139470832422,0,-0.03665187582373619,-0.009531772695481777,-0.00007366139470832422,0,0.029545173048973083,6.646590122727503e-7
0,0,-0.036651287227869034,-0.005291443783789873,0.00007366139470832422,0,-0.03665187582373619,-0.009531772695481777,-0.00007366139470832422,0,0.029545173048973083,6.646590122727503e-7
0,0,-0.036651287227869034,-0.005291443783789873,0.00007366139470832422,0,-0.038397204130887985,-0.009531772695481777,-0.00007366139470832422,0,0.029545173048973083,6.646590122727503e-7
0,0,-0.036651287227869034,-0.007036773022264242,0.00007366139470832422,0,-0.038397204130887985,-0.009531772695481777,-0.00007366139470832422,0,0.029545173048973083,6.646590122727503e-7
0,0,-0.036651287227869034,-0.007036773022264242,0.00007366139470832422,0,-0.038397204130887985,-0.009531772695481777,-0.00007366139470832422,0,0.029545173048973083,6.646590122727503e-7
0,0,-0.036651287227869034,-0.005291443783789873,0.00007366139470832422,0,-0.038397204130887985,-0.009531772695481777,-0.00007366139470832422,0.001745329238474369,0.029545173048973083,6.646590122727503e-7
0,0,-0.036651287227869034,-0.005291443783789873,0.00007366139470832422,0,-0.03665187582373619,-0.009531772695481777,-0.00007366139470832422,0,0.029545173048973083,6.646590122727503e-7
0,0,-0.036651287227869034,-0.007036773022264242,0.00007366139470832422,0,-0.03665187582373619,-0.009531772695481777,-0.00007366139470832422,0,0.029545173048973083,6.646590122727503e-7
0,0,-0.036651287227869034,-0.007036773022264242,0.00007366139470832422,0,-0.038397204130887985,-0.009531772695481777,-0.00007366139470832422,0,0.029545173048973083,6.646590122727503e-7
0,0,-0.036651287227869034,-0.007036773022264242,0.00007366139470832422,0,-0.038397204130887985,-0.009531772695481777,-0.00007366139470832422,0,0.029545173048973083,6.646590122727503e-7
0,0,-0.036651287227869034,-0.005291443783789873,0.00007366139470832422,0,-0.03665187582373619,-0.009531772695481777,-0.00007366139470832422,0,0.029545173048973083,6.646590122727503e-7
0,0,-0.036651287227869034,-0.005291443783789873,0.00007366139470832422,0,-0.03665187582373619,-0.009531772695481777,-0.00007366139470832422,0,0.029545173048973083,6.646590122727503e-7
0,0,-0.036651287227869034,-0.005291443783789873,0.00007366139470832422,0,-0.03665187582373619,-0.009531772695481777,-0.00007366139470832422,0,0.029545173048973083,6.646590122727503e-7
0,0,-0.036651287227869034,-0.007036773022264242,0.00007366139470832422,0,-0.03665187582373619,-0.009531772695481777,-0.00007366139470832422,0,0.029545173048973083,6.646590122727503e-7
0,0,-0.036651287227869034,-0.005291443783789873,0.00007366139470832422,0,-0.03665187582373619,-0.009531772695481777,-0.00007366139470832422,0,0.029545173048973083,6.646590122727503e-7
0,0,-0.036651287227869034,-0.005291443783789873,0.00007366139470832422,0,-0.038397204130887985,-0.009531772695481777,-0.00007366139470832422,0,0.029545173048973083,6.646590122727503e-7
0,0,-0.036651287227869034,-0.007036773022264242,0.00007366139470832422,0,-0.03665187582373619,-0.009531772695481777,-0.00007366139470832422,0,0.029545173048973083,6.646590122727503e-7
0,0,-0.036651287227869034,-0.007036773022264242,0.00007366139470832422,0,-0.03665187582373619,-0.009531772695481777,-0.00007366139470832422,0,0.029545173048973083,6.646590122727503e-7
0,0,-0.036651287227869034,-0.005291443783789873,0.00007366139470832422,0,-0.03665187582373619,-0.009531772695481777,-0.00007366139470832422,0,0.029545173048973083,6.646590122727503e-7
0,0,-0.036651287227869034,-0.005291443783789873,0.00007366139470832422,0,-0.03665187582373619,-0.009531772695481777,-0.00007366139470832422,0.001745329238474369,0.029545173048973083,6.646590122727503e-7
0,0,-0.036651287227869034,-0.005291443783789873,0.00007366139470832422,0,-0.03665187582373619,-0.009531772695481777,-0.00007366139470832422,0,0.029545173048973083,6.646590122727503e-7
0,0,-0.036651287227869034,-0.005291443783789873,0.00007366139470832422,0,-0.03665187582373619,-0.009531772695481777,-0.00007366139470832422,0,0.029545173048973083,6.646590122727503e-7
0,0,-0.036651287227869034,-0.007036773022264242,0.00007366139470832422,0,-0.038397204130887985,-0.009531772695481777,-0.00007366139470832422,0,0.029545173048973083,6.646590122727503e-7
0,0,-0.036651287227869034,-0.007036773022264242,0.00007366139470832422,0,-0.03665187582373619,-0.009531772695481777,-0.00007366139470832422,0,0.029545173048973083,6.646590122727503e-7
0,0,-0.036651287227869034,-0.007036773022264242,0.00007366139470832422,0,-0.03665187582373619,-0.009531772695481777,-0.00007366139470832422,0,0.029545173048973083,6.646590122727503e-7
0,0,-0.036651287227869034,-0.005291443783789873,0.00007366139470832422,0,-0.03665187582373619,-0.009531772695481777,-0.00007366139470832422,0,0.029545173048973083,6.646590122727503e-7
0,0,-0.036651287227869034,-0.007036773022264242,0.00007366139470832422,0,-0.03665187582373619,-0.009531772695481777,-0.00007366139470832422,0,0.029545173048973083,6.646590122727503e-7
0,0,-0.036651287227869034,-0.007036773022264242,0.00007366139470832422,0,-0.03665187582373619,-0.009531772695481777,-0.00007366139470832422,0,0.029545173048973083,6.646590122727503e-7
0,0,-0.036651287227869034,-0.007036773022264242,0.00007366139470832422,0,-0.03665187582373619,-0.009531772695481777,-0.00007366139470832422,0,0.029545173048973083,6.646590122727503e-7
0,0,-0.036651287227869034,-0.005291443783789873,0.00007366139470832422,0,-0.03665187582373619,-0.009531772695481777,-0.00007366139470832422,0,0.029545173048973083,6.646590122727503e-7
0,0,-0.036651287227869034,-0.005291443783789873,0.00007366139470832422,0,-0.03665187582373619,-0.009531772695481777,-0.00007366139470832422,0,0.029545173048973083,6.646590122727503e-7
0,0,-0.036651287227869034,-0.005291443783789873,0.00007366139470832422,0,-0.03665187582373619,-0.009531772695481777,-0.00007366139470832422,0,0.029545173048973083,6.646590122727503e-7
0,0,-0.036651287227869034,-0.007036773022264242,0.00007366139470832422,0,-0.038397204130887985,-0.009531772695481777,-0.00007366139470832422,0,0.029545173048973083,6.646590122727503e-7
0,0,-0.036651287227869034,-0.007036773022264242,0.00007366139470832422,0,-0.038397204130887985,-0.009531772695481777,-0.00007366139470832422,0,0.029545173048973083,6.646590122727503e-7
0,0,-0.036651287227869034,-0.005291443783789873,0.00007366139470832422,0,-0.03665187582373619,-0.009531772695481777,-0.00007366139470832422,0,0.029545173048973083,6.646590122727503e-7
0,0,-0.036651287227869034,-0.007036773022264242,0.00007366139470832422,0,-0.03665187582373619,-0.009531772695481777,-0.00007366139470832422,0,0.029545173048973083,6.646590122727503e-7
0,0,-0.036651287227869034,-0.007036773022264242,0.00007366139470832422,0,-0.03665187582373619,-0.009531772695481777,-0.00007366139470832422,0,0.029545173048973083,6.646590122727503e-7
0,0,-0.036651287227869034,-0.007036773022264242,0.00007366139470832422,0,-0.038397204130887985,-0.009531772695481777,-0.00007366139470832422,0,0.029545173048973083,6.646590122727503e-7
0,0,-0.03839661926031113,-0.007036773022264242,0.00007366139470832422,0,-0.038397204130887985,-0.009531772695481777,-0.00007366139470832422,0,0.029545173048973083,6.646590122727503e-7
0,0,-0.03839661926031113,-0.007036773022264242,0.00007366139470832422,0,-0.03665187582373619,-0.009531772695481777,-0.00007366139470832422,0,0.029545173048973083,6.646590122727503e-7
0,0,-0.03839661926031113,-0.007036773022264242,0.00007366139470832422,0,-0.03665187582373619,-0.009531772695481777,-0.00007366139470832422,0,0.029545173048973083,6.646590122727503e-7
0,0,-0.03839661926031113,-0.007036773022264242,0.00007366139470832422,0,-0.03665187582373619,-0.009531772695481777,-0.00007366139470832422,0,0.029545173048973083,6.646590122727503e-7
0,0,-0.03839661926031113,-0.007036773022264242,0.00007366139470832422,0,-0.03665187582373619,-0.009531772695481777,-0.00007366139470832422,0,0.029545173048973083,6.646590122727503e-7
0,0,-0.03839661926031113,-0.007036773022264242,0.00007366139470832422,0,-0.03665187582373619,-0.009531772695481777,-0.00007366139470832422,0,0.029545173048973083,6.646590122727503e-7
0,0,-0.03839661926031113,-0.007036773022264242,0.00007366139470832422,0,-0.03665187582373619,-0.009531772695481777,-0.00007366139470832422,0,0.029545173048973083,6.646590122727503e-7
0,0,-0.03839661926031113,-0.007036773022264242,0.00007366139470832422,0,-0.03665187582373619,-0.009531772695481777,-0.00007366139470832422,0,0.029545173048973083,6.646590122727503e-7
0,0,-0.03839661926031113,-0.007036773022264242,0.00007366139470832422,0,-0.03665187582373619,-0.009531772695481777,-0.00007366139470832422,0,0.029545173048973083,6.646590122727503e-7
0,0,-0.03839661926031113,-0.007036773022264242,0.00007366139470832422,0,-0.03665187582373619,-0.009531772695481777,-0.00007366139470832422,0,0.029545173048973083,6.646590122727503e-7
0,0,-0.03839661926031113,-0.007036773022264242,0.00007366139470832422,0,-0.03665187582373619,-0.009531772695481777,-0.00007366139470832422,0,0.029545173048973083,6.646590122727503e-7
0,0,-0.03839661926031113,-0.007036773022264242,0.00007366139470832422,0,-0.03665187582373619,-0.009531772695481777,-0.00007366139470832422,0,0.029545173048973083,6.646590122727503e-7
0,0,-0.03839661926031113,-0.007036773022264242,0.00007366139470832422,0,-0.03665187582373619,-0.009531772695481777,-0.00007366139470832422,0,0.029545173048973083,6.646590122727503e-7
0,0,-0.03839661926031113,-0.007036773022264242,0.00007366139470832422,0,-0.03665187582373619,-0.009531772695481777,-0.00007366139470832422,0,0.029545173048973083,6.646590122727503e-7
0,0,-0.03839661926031113,-0.007036773022264242,0.00007366139470832422,0,-0.03665187582373619,-0.009531772695481777,-0.00007366139470832422,0,0.029545173048973083,6.646590122727503e-7
0,0,-0.03839661926031113,-0.007036773022264242,0.00007366139470832422,0,-0.03665187582373619,-0.009531772695481777,-0.00007366139470832422,0,0.029545173048973083,6.646590122727503e-7
0,0,-0.03839661926031113,-0.007036773022264242,0.00007366139470832422,0,-0.03665187582373619,-0.009531772695481777,-0.00007366139470832422,0,0.029545173048973083,6.646590122727503e-7
0,0,-0.03839661926031113,-0.007036773022264242,0.00007366139470832422,0,-0.03665187582373619,-0.009531772695481777,-0.00007366139470832422,0,0.029545173048973083,6.646590122727503e-7
0,0,-0.03839661926031113,-0.007036773022264242,0.00007366139470832422,0,-0.03665187582373619,-0.009531772695481777,-0.00007366139470832422,0,0.029545173048973083,6.646590122727503e-7
0,0,-0.03839661926031113,-0.007036773022264242,0.00007366139470832422,0,-0.03665187582373619,-0.009531772695481777,-0.00007366139470832422,0,0.029545173048973083,6.646590122727503e-7
0,0,-0.03839661926031113,-0.007036773022264242,0.00007366139470832422,0,-0.03665187582373619,-0.009531772695481777,-0.00007366139470832422,0,0.029545173048973083,6.646590122727503e-7
0,0,-0.03839661926031113,-0.007036773022264242,0.00007366139470832422,0,-0.03665187582373619,-0.009531772695481777,-0.00007366139470832422,0,0.029545173048973083,6.646590122727503e-7
0,0,-0.03839661926031113,-0.007036773022264242,0.00007366139470832422,0,-0.03665187582373619,-0.009531772695481777,-0.00007366139470832422,0,0.029545173048973083,6.646590122727503e-7
0,0,-0.03839661926031113,-0.007036773022264242,0.00007366139470832422,0,-0.03665187582373619,-0.009531772695481777,-0.00007366139470832422,0,0.029545173048973083,6.646590122727503e-7
0,0,-0.03839661926031113,-0.007036773022264242,0.00007366139470832422,0,-0.03665187582373619,-0.009531772695481777,-0.00007366139470832422,0,0.029545173048973083,6.646590122727503e-7
0,0,-0.03839661926031113,-0.007036773022264242,0.00007366139470832422,0,-0.03665187582373619,-0.009531772695481777,-0.00007366139470832422,0,0.029545173048973083,6.646590122727503e-7
0,0,-0.03839661926031113,-0.007036773022264242,0.00007366139470832422,0,-0.03665187582373619,-0.009531772695481777,-0.00007366139470832422,0,0.029545173048973083,6.646590122727503e-7
0,0,-0.03839661926031113,-0.007036773022264242,0.00007366139470832422,0,-0.03665187582373619,-0.009531772695481777,-0.00007366139470832422,0,0.029545173048973083,6.646590122727503e-7
0,0,-0.03839661926031113,-0.007036773022264242,0.00007366139470832422,0,-0.03665187582373619,-0.009531772695481777,-0.00007366139470832422,0,0.029545173048973083,6.646590122727503e-7
0,0,-0.03839661926031113,-0.007036773022264242,0.00007366139470832422,0,-0.03665187582373619,-0.009531772695481777,-0.00007366139470832422,0,0.029545173048973083,6.646590122727503e-7
0,0,-0.03839661926031113,-0.007036773022264242,0.00007366139470832422,0,-0.03665187582373619,-0.009531772695481777,-0.00007366139470832422,0,0.029545173048973083,6.646590122727503e-7
0,0,-0.03839661926031113,-0.007036773022264242,0.00007366139470832422,0,-0.03665187582373619,-0.009531772695481777,-0.00007366139470832422,0,0.029545173048973083,6.646590122727503e-7
0,0,-0.03839661926031113,-0.007036773022264242,0.00007366139470832422,0,-0.03665187582373619,-0.009531772695481777,-0.00007366139470832422,0,0.029545173048973083,6.646590122727503e-7
0,0,-0.03839661926031113,-0.007036773022264242,0.00007366139470832422,0,-0.03665187582373619,-0.009531772695481777,-0.00007366139470832422,0,0.029545173048973083,6.646590122727503e-7
0,0,-0.03839661926031113,-0.007036773022264242,0.00007366139470832422,0,-0.03665187582373619,-0.009531772695481777,-0.00007366139470832422,0,0.029545173048973083,6.646590122727503e-7
0,0,-0.03839661926031113,-0.007036773022264242,0.00007366139470832422,0,-0.03665187582373619,-0.009531772695481777,-0.00007366139470832422,0,0.029545173048973083,6.646590122727503e-7
0,0,-0.03839661926031113,-0.007036773022264242,0.00007366139470832422,0,-0.03665187582373619,-0.009531772695481777,-0.00007366139470832422,0,0.029545173048973083,6.646590122727503e-7
0,0,-0.03839661926031113,-0.007036773022264242,0.00007366139470832422,0,-0.03665187582373619,-0.009531772695481777,-0.00007366139470832422,0,0.029545173048973083,6.646590122727503e-7
0,0,-0.03839661926031113,-0.007036773022264242,0.00007366139470832422,0,-0.03665187582373619,-0.009531772695481777,-0.00007366139470832422,0,0.029545173048973083,6.646590122727503e-7
0,0,-0.03839661926031113,-0.007036773022264242,0.00007366139470832422,0,-0.03665187582373619,-0.009531772695481777,-0.00007366139470832422,0,0.029545173048973083,6.646590122727503e-7
0,0,-0.03839661926031113,-0.007036773022264242,0.00007366139470832422,0,-0.03665187582373619,-0.009531772695481777,-0.00007366139470832422,0,0.029545173048973083,6.646590122727503e-7
0,0,-0.03839661926031113,-0.007036773022264242,0.00007366139470832422,0,-0.03665187582373619,-0.009531772695481777,-0.00007366139470832422,0,0.029545173048973083,6.646590122727503e-7
0,0,-0.03839661926031113,-0.007036773022264242,0.00007366139470832422,0,-0.03665187582373619,-0.009531772695481777,-0.00007366139470832422,0,0.029545173048973083,6.646590122727503e-7
0,0,-0.03839661926031113,-0.007036773022264242,0.00007366139470832422,0,-0.03665187582373619,-0.009531772695481777,-0.00007366139470832422,0,0.029545173048973083,6.646590122727503e-7
0,0,-0.03839661926031113,-0.007036773022264242,0.00007366139470832422,0,-0.03665187582373619,-0.009531772695481777,-0.00007366139470832422,0,0.029545173048973083,6.646590122727503e-7
0,0,-0.03839661926031113,-0.007036773022264242,0.00007366139470832422,0,-0.03665187582373619,-0.009531772695481777,-0.00007366139470832422,0,0.029545173048973083,6.646590122727503e-7
0,0,-0.03839661926031113,-0.007036773022264242,0.00007366139470832422,0,-0.03665187582373619,-0.009531772695481777,-0.00007366139470832422,0,0.029545173048973083,6.646590122727503e-7
0,0,-0.03839661926031113,-0.007036773022264242,0.00007366139470832422,0,-0.03665187582373619,-0.009531772695481777,-0.00007366139470832422,0,0.029545173048973083,6.646590122727503e-7
0,0,-0.03839661926031113,-0.007036773022264242,0.00007366139470832422,0,-0.03665187582373619,-0.009531772695481777,-0.00007366139470832422,0,0.029545173048973083,6.646590122727503e-7
0,0,-0.03839661926031113,-0.007036773022264242,0.00007366139470832422,0,-0.03665187582373619,-0.009531772695481777,-0.00007366139470832422,0,0.029545173048973083,6.646590122727503e-7
0,0,-0.03839661926031113,-0.007036773022264242,0.00007366139470832422,0,-0.03665187582373619,-0.009531772695481777,-0.00007366139470832422,0,0.029545173048973083,6.646590122727503e-7
0,0,-0.03839661926031113,-0.007036773022264242,0.00007366139470832422,0,-0.03665187582373619,-0.009531772695481777,-0.00007366139470832422,0,0.029545173048973083,6.646590122727503e-7
0,0,-0.03839661926031113,-0.007036773022264242,0.00007366139470832422,0,-0.03665187582373619,-0.009531772695481777,-0.00007366139470832422,0,0.029545173048973083,6.646590122727503e-7
0,0,-0.03839661926031113,-0.007036773022264242,0.00007366139470832422,0,-0.03665187582373619,-0.009531772695481777,-0.00007366139470832422,0,0.029545173048973083,6.646590122727503e-7
0,0,-0.03839661926031113,-0.007036773022264242,0.00007366139470832422,0,-0.03665187582373619,-0.009531772695481777,-0.00007366139470832422,0,0.029545173048973083,6.646590122727503e-7
0,0,-0.03839661926031113,-0.007036773022264242,0.00007366139470832422,0,-0.03665187582373619,-0.009531772695481777,-0.00007366139470832422,0,0.029545173048973083,6.646590122727503e-7
0,0,-0.03839661926031113,-0.007036773022264242,0.00007366139470832422,0,-0.03665187582373619,-0.009531772695481777,-0.00007366139470832422,0,0.029545173048973083,6.646590122727503e-7
0,0,-0.03839661926031113,-0.007036773022264242,0.00007366139470832422,0,-0.03665187582373619,-0.009531772695481777,-0.00007366139470832422,0,0.029545173048973083,6.646590122727503e-7
0,0,-0.03839661926031113,-0.007036773022264242,0.00007366139470832422,0,-0.03665187582373619,-0.009531772695481777,-0.00007366139470832422,0,0.029545173048973083,6.646590122727503e-7
0,0,-0.03839661926031113,-0.007036773022264242,0.00007366139470832422,0,-0.03665187582373619,-0.009531772695481777,-0.00007366139470832422,0,0.029545173048973083,6.646590122727503e-7
0,0,-0.03839661926031113,-0.007036773022264242,0.00007366139470832422,0,-0.03665187582373619,-0.009531772695481777,-0.00007366139470832422,0,0.029545173048973083,6.646590122727503e-7
0,0,-0.03839661926031113,-0.007036773022264242,0.00007366139470832422,0,-0.03665187582373619,-0.009531772695481777,-0.00007366139470832422,0,0.029545173048973083,6.646590122727503e-7
0,0,-0.03839661926031113,-0.007036773022264242,0.00007366139470832422,0,-0.03665187582373619,-0.009531772695481777,-0.00007366139470832422,0,0.029545173048973083,6.646590122727503e-7
0,0,-0.03839661926031113,-0.007036773022264242,0.00007366139470832422,0,-0.03665187582373619,-0.009531772695481777,-0.00007366139470832422,0,0.029545173048973083,6.646590122727503e-7
0,0,-0.03839661926031113,-0.007036773022264242,0.00007366139470832422,0,-0.03665187582373619,-0.009531772695481777,-0.00007366139470832422,0,0.029545173048973083,6.646590122727503e-7
0,0,-0.03839661926031113,-0.007036773022264242,0.00007366139470832422,0,-0.03665187582373619,-0.009531772695481777,-0.00007366139470832422,0,0.029545173048973083,6.646590122727503e-7
0,0,-0.03839661926031113,-0.007036773022264242,0.00007366139470832422,0,-0.03665187582373619,-0.009531772695481777,-0.00007366139470832422,0,0.029545173048973083,6.646590122727503e-7
0,0,-0.03839661926031113,-0.007036773022264242,0.00007366139470832422,0,-0.03665187582373619,-0.009531772695481777,-0.00007366139470832422,0,0.029545173048973083,6.646590122727503e-7
0,0,-0.03839661926031113,-0.007036773022264242,0.00007366139470832422,0,-0.03665187582373619,-0.009531772695481777,-0.00007366139470832422,0,0.029545173048973083,6.646590122727503e-7
0,0,-0.03839661926031113,-0.007036773022264242,0.00007366139470832422,0,-0.03665187582373619,-0.009531772695481777,-0.00007366139470832422,0,0.029545173048973083,6.646590122727503e-7
0,0,-0.03839661926031113,-0.007036773022264242,0.00007366139470832422,0,-0.03665187582373619,-0.009531772695481777,-0.00007366139470832422,0,0.029545173048973083,6.646590122727503e-7
0,0,-0.03839661926031113,-0.007036773022264242,0.00007366139470832422,0,-0.03665187582373619,-0.009531772695481777,-0.00007366139470832422,0,0.029545173048973083,6.646590122727503e-7
0,0,-0.03839661926031113,-0.007036773022264242,0.00007366139470832422,0,-0.03665187582373619,-0.009531772695481777,-0.00007366139470832422,0,0.029545173048973083,6.646590122727503e-7
0,0,-0.03839661926031113,-0.007036773022264242,0.00007366139470832422,0,-0.03665187582373619,-0.009531772695481777,-0.00007366139470832422,0,0.029545173048973083,6.646590122727503e-7
0,0,-0.03839661926031113,-0.007036773022264242,0.00007366139470832422,0,-0.03665187582373619,-0.009531772695481777,-0.00007366139470832422,0,0.029545173048973083,6.646590122727503e-7
0,0,-0.03839661926031113,-0.007036773022264242,0.00007366139470832422,0,-0.03665187582373619,-0.009531772695481777,-0.00007366139470832422,0,0.029545173048973083,6.646590122727503e-7
0,0,-0.03839661926031113,-0.007036773022264242,0.00007366139470832422,0,-0.03665187582373619,-0.009531772695481777,-0.00007366139470832422,0,0.029545173048973083,6.646590122727503e-7
0,0,-0.03839661926031113,-0.007036773022264242,0.00007366139470832422,0,-0.03665187582373619,-0.009531772695481777,-0.00007366139470832422,0,0.029545173048973083,6.646590122727503e-7
0,0,-0.03839661926031113,-0.007036773022264242,0.00007366139470832422,0,-0.03665187582373619,-0.009531772695481777,-0.00007366139470832422,0,0.029545173048973083,6.646590122727503e-7
0,0,-0.03839661926031113,-0.007036773022264242,0.00007366139470832422,0,-0.03665187582373619,-0.009531772695481777,-0.00007366139470832422,0,0.029545173048973083,6.646590122727503e-7
0,0,-0.03839661926031113,-0.007036773022264242,0.00007366139470832422,0,-0.03665187582373619,-0.009531772695481777,-0.00007366139470832422,0,0.029545173048973083,6.646590122727503e-7
0,0,-0.03839661926031113,-0.007036773022264242,0.00007366139470832422,0,-0.03665187582373619,-0.009531772695481777,-0.00007366139470832422,0,0.029545173048973083,6.646590122727503e-7
0,0,-0.03839661926031113,-0.007036773022264242,0.00007366139470832422,0,-0.03665187582373619,-0.009531772695481777,-0.00007366139470832422,0,0.029545173048973083,6.646590122727503e-7
0,0,-0.03839661926031113,-0.007036773022264242,0.00007366139470832422,0,-0.03665187582373619,-0.009531772695481777,-0.00007366139470832422,0,0.029545173048973083,6.646590122727503e-7
0,0,-0.03839661926031113,-0.007036773022264242,0.00007366139470832422,0,-0.03665187582373619,-0.009531772695481777,-0.00007366139470832422,0,0.029545173048973083,6.646590122727503e-7
0,0,-0.03839661926031113,-0.007036773022264242,0.00007366139470832422,0,-0.03665187582373619,-0.009531772695481777,-0.00007366139470832422,0,0.029545173048973083,6.646590122727503e-7
0,0,-0.03839661926031113,-0.007036773022264242,0.00007366139470832422,0,-0.03665187582373619,-0.009531772695481777,-0.00007366139470832422,0,0.029545173048973083,6.646590122727503e-7
0,0,-0.03839661926031113,-0.007036773022264242,0.00007366139470832422,0,-0.03665187582373619,-0.009531772695481777,-0.00007366139470832422,0,0.029545173048973083,6.646590122727503e-7
0,0,-0.03839661926031113,-0.007036773022264242,0.00007366139470832422,0,-0.03665187582373619,-0.009531772695481777,-0.00007366139470832422,0,0.029545173048973083,6.646590122727503e-7
0,0,-0.03839661926031113,-0.007036773022264242,0.00007366139470832422,0,-0.03665187582373619,-0.009531772695481777,-0.00007366139470832422,0,0.029545173048973083,6.646590122727503e-7
0,0,-0.03839661926031113,-0.007036773022264242,0.00007366139470832422,0,-0.03665187582373619,-0.009531772695481777,-0.00007366139470832422,0,0.029545173048973083,6.646590122727503e-7
0,0,-0.03839661926031113,-0.007036773022264242,0.00007366139470832422,0,-0.03665187582373619,-0.009531772695481777,-0.00007366139470832422,0,0.029545173048973083,6.646590122727503e-7
0,0,-0.03839661926031113,-0.007036773022264242,0.00007366139470832422,0,-0.03665187582373619,-0.009531772695481777,-0.00007366139470832422,0,0.029545173048973083,6.646590122727503e-7
0,0,-0.03839661926031113,-0.007036773022264242,0.00007366139470832422,0,-0.03665187582373619,-0.009531772695481777,-0.00007366139470832422,0,0.029545173048973083,6.646590122727503e-7
0,0,-0.03839661926031113,-0.007036773022264242,0.00007366139470832422,0,-0.03665187582373619,-0.009531772695481777,-0.00007366139470832422,0,0.029545173048973083,6.646590122727503e-7
0,0,-0.03839661926031113,-0.007036773022264242,0.00007366139470832422,0,-0.03665187582373619,-0.009531772695481777,-0.00007366139470832422,0,0.029545173048973083,6.646590122727503e-7
0,0,-0.03839661926031113,-0.007036773022264242,0.00007366139470832422,0,-0.03665187582373619,-0.009531772695481777,-0.00007366139470832422,0,0.029545173048973083,6.646590122727503e-7
0,0,-0.03839661926031113,-0.007036773022264242,0.00007366139470832422,0,-0.03665187582373619,-0.009531772695481777,-0.00007366139470832422,0,0.029545173048973083,6.646590122727503e-7
0,0,-0.03839661926031113,-0.007036773022264242,0.00007366139470832422,0,-0.03665187582373619,-0.009531772695481777,-0.00007366139470832422,0,0.029545173048973083,6.646590122727503e-7
0,0,-0.03839661926031113,-0.007036773022264242,0.00007366139470832422,0,-0.03665187582373619,-0.009531772695481777,-0.00007366139470832422,0,0.029545173048973083,6.646590122727503e-7
0,0,-0.03839661926031113,-0.007036773022264242,0.00007366139470832422,0,-0.03665187582373619,-0.009531772695481777,-0.00007366139470832422,0,0.029545173048973083,6.646590122727503e-7
0,0,-0.03839661926031113,-0.007036773022264242,0.00007366139470832422,0,-0.03665187582373619,-0.009531772695481777,-0.00007366139470832422,0,0.029545173048973083,6.646590122727503e-7
0,0,-0.03839661926031113,-0.007036773022264242,0.00007366139470832422,0,-0.03665187582373619,-0.009531772695481777,-0.00007366139470832422,0,0.029545173048973083,6.646590122727503e-7
0,0,-0.03839661926031113,-0.007036773022264242,0.00007366139470832422,0,-0.03665187582373619,-0.009531772695481777,-0.00007366139470832422,0,0.029545173048973083,6.646590122727503e-7
0,0,-0.03839661926031113,-0.007036773022264242,0.00007366139470832422,0,-0.03665187582373619,-0.009531772695481777,-0.00007366139470832422,0,0.029545173048973083,6.646590122727503e-7
0,0,-0.03839661926031113,-0.007036773022264242,0.00007366139470832422,0,-0.03665187582373619,-0.009531772695481777,-0.00007366139470832422,0,0.029545173048973083,6.646590122727503e-7
0,0,-0.03839661926031113,-0.007036773022264242,0.00007366139470832422,0,-0.03665187582373619,-0.009531772695481777,-0.00007366139470832422,0,0.029545173048973083,6.646590122727503e-7
0,0,-0.03839661926031113,-0.007036773022264242,0.00007366139470832422,0,-0.03665187582373619,-0.009531772695481777,-0.00007366139470832422,0,0.029545173048973083,6.646590122727503e-7
0,0,-0.03839661926031113,-0.007036773022264242,0.00007366139470832422,0,-0.03665187582373619,-0.009531772695481777,-0.00007366139470832422,0,0.029545173048973083,6.646590122727503e-7
0,0,-0.03839661926031113,-0.007036773022264242,0.00007366139470832422,0,-0.03665187582373619,-0.009531772695481777,-0.00007366139470832422,0,0.029545173048973083,6.646590122727503e-7
0,0,-0.03839661926031113,-0.007036773022264242,0.00007366139470832422,0,-0.03665187582373619,-0.009531772695481777,-0.00007366139470832422,0,0.029545173048973083,6.646590122727503e-7
0,0,-0.03839661926031113,-0.007036773022264242,0.00007366139470832422,0,-0.03665187582373619,-0.009531772695481777,-0.00007366139470832422,0,0.029545173048973083,6.646590122727503e-7
0,0,-0.03839661926031113,-0.007036773022264242,0.00007366139470832422,0,-0.03665187582373619,-0.009531772695481777,-0.00007366139470832422,0,0.029545173048973083,6.646590122727503e-7
0,0,-0.03839661926031113,-0.007036773022264242,0.00007366139470832422,0,-0.03665187582373619,-0.009531772695481777,-0.00007366139470832422,0,0.029545173048973083,6.646590122727503e-7
0,0,-0.03839661926031113,-0.007036773022264242,0.00007366139470832422,0,-0.03665187582373619,-0.009531772695481777,-0.00007366139470832422,0,0.029545173048973083,6.646590122727503e-7
0,0,-0.03839661926031113,-0.007036773022264242,0.00007366139470832422,0,-0.03665187582373619,-0.009531772695481777,-0.00007366139470832422,0,0.029545173048973083,6.646590122727503e-7
0,0,-0.03839661926031113,-0.007036773022264242,0.00007366139470832422,0,-0.03665187582373619,-0.009531772695481777,-0.00007366139470832422,0,0.029545173048973083,6.646590122727503e-7
0,0,-0.03839661926031113,-0.007036773022264242,0.00007366139470832422,0,-0.03665187582373619,-0.009531772695481777,-0.00007366139470832422,0,0.029545173048973083,6.646590122727503e-7
0,0,-0.03839661926031113,-0.007036773022264242,0.00007366139470832422,0,-0.03665187582373619,-0.009531772695481777,-0.00007366139470832422,0,0.029545173048973083,6.646590122727503e-7
0,0,-0.03839661926031113,-0.007036773022264242,0.00007366139470832422,0,-0.03665187582373619,-0.009531772695481777,-0.00007366139470832422,0,0.029545173048973083,6.646590122727503e-7
0,0,-0.03839661926031113,-0.007036773022264242,0.00007366139470832422,0,-0.03665187582373619,-0.009531772695481777,-0.00007366139470832422,0,0.029545173048973083,6.646590122727503e-7
0,0,-0.03839661926031113,-0.007036773022264242,0.00007366139470832422,0,-0.03665187582373619,-0.009531772695481777,-0.00007366139470832422,0,0.029545173048973083,6.646590122727503e-7
0,0,-0.03839661926031113,-0.007036773022264242,0.00007366139470832422,0,-0.03665187582373619,-0.009531772695481777,-0.00007366139470832422,0,0.029545173048973083,6.646590122727503e-7
0,0,-0.03839661926031113,-0.007036773022264242,0.00007366139470832422,0,-0.03665187582373619,-0.009531772695481777,-0.00007366139470832422,0,0.029545173048973083,6.646590122727503e-7
0,0,-0.03839661926031113,-0.007036773022264242,0.00007366139470832422,0,-0.03665187582373619,-0.009531772695481777,-0.00007366139470832422,0,0.029545173048973083,6.646590122727503e-7
0,0,-0.03839661926031113,-0.007036773022264242,0.00007366139470832422,0,-0.03665187582373619,-0.009531772695481777,-0.00007366139470832422,0,0.029545173048973083,6.646590122727503e-7
0,0,-0.03839661926031113,-0.007036773022264242,0.00007366139470832422,0,-0.03665187582373619,-0.009531772695481777,-0.00007366139470832422,0,0.029545173048973083,6.646590122727503e-7
0,0,-0.03839661926031113,-0.007036773022264242,0.00007366139470832422,0,-0.03665187582373619,-0.009531772695481777,-0.00007366139470832422,0,0.029545173048973083,6.646590122727503e-7
0,0,-0.03839661926031113,-0.007036773022264242,0.00007366139470832422,0,-0.03665187582373619,-0.009531772695481777,-0.00007366139470832422,0,0.029545173048973083,6.646590122727503e-7
0,0,-0.03839661926031113,-0.007036773022264242,0.00007366139470832422,0,-0.03665187582373619,-0.009531772695481777,-0.00007366139470832422,0,0.029545173048973083,6.646590122727503e-7
0,0,-0.03839661926031113,-0.007036773022264242,0.00007366139470832422,0,-0.03665187582373619,-0.009531772695481777,-0.00007366139470832422,0,0.029545173048973083,6.646590122727503e-7
0,0,-0.03839661926031113,-0.007036773022264242,0.00007366139470832422,0,-0.03665187582373619,-0.009531772695481777,-0.00007366139470832422,0,0.029545173048973083,6.646590122727503e-7
0,0,-0.03839661926031113,-0.007036773022264242,0.00007366139470832422,0,-0.03665187582373619,-0.009531772695481777,-0.00007366139470832422,0,0.029545173048973083,6.646590122727503e-7
0,0,-0.03839661926031113,-0.007036773022264242,0.00007366139470832422,0,-0.03665187582373619,-0.009531772695481777,-0.00007366139470832422,0,0.029545173048973083,6.646590122727503e-7
0,0,-0.03839661926031113,-0.007036773022264242,0.00007366139470832422,0,-0.03665187582373619,-0.009531772695481777,-0.00007366139470832422,0,0.029545173048973083,6.646590122727503e-7
0,0,-0.03839661926031113,-0.007036773022264242,0.00007366139470832422,0,-0.03665187582373619,-0.009531772695481777,-0.00007366139470832422,0,0.029545173048973083,6.646590122727503e-7
0,0,-0.03839661926031113,-0.007036773022264242,0.00007366139470832422,0,-0.03665187582373619,-0.009531772695481777,-0.00007366139470832422,0,0.029545173048973083,6.646590122727503e-7
0,0,-0.03839661926031113,-0.007036773022264242,0.00007366139470832422,0,-0.03665187582373619,-0.009531772695481777,-0.00007366139470832422,0,0.029545173048973083,6.646590122727503e-7
0,0,-0.03839661926031113,-0.007036773022264242,0.00007366139470832422,0,-0.03665187582373619,-0.009531772695481777,-0.00007366139470832422,0,0.029545173048973083,6.646590122727503e-7
0,0,-0.03839661926031113,-0.007036773022264242,0.00007366139470832422,0,-0.03665187582373619,-0.009531772695481777,-0.00007366139470832422,0,0.029545173048973083,6.646590122727503e-7
0,0,-0.03839661926031113,-0.007036773022264242,0.00007366139470832422,0,-0.03665187582373619,-0.009531772695481777,-0.00007366139470832422,0,0.029545173048973083,6.646590122727503e-7
0,0,-0.03839661926031113,-0.007036773022264242,0.00007366139470832422,0,-0.03665187582373619,-0.009531772695481777,-0.00007366139470832422,0,0.029545173048973083,6.646590122727503e-7
0,0,-0.03839661926031113,-0.007036773022264242,0.00007366139470832422,0,-0.03665187582373619,-0.009531772695481777,-0.00007366139470832422,0,0.029545173048973083,6.646590122727503e-7
0,0,-0.03839661926031113,-0.007036773022264242,0.00007366139470832422,0,-0.03665187582373619,-0.009531772695481777,-0.00007366139470832422,0,0.029545173048973083,6.646590122727503e-7
0,0,-0.03839661926031113,-0.007036773022264242,0.00007366139470832422,0,-0.03665187582373619,-0.009531772695481777,-0.00007366139470832422,0,0.029545173048973083,6.646590122727503e-7
0,0,-0.03839661926031113,-0.007036773022264242,0.00007366139470832422,0,-0.03665187582373619,-0.009531772695481777,-0.00007366139470832422,0,0.029545173048973083,6.646590122727503e-7
0,0,-0.03839661926031113,-0.007036773022264242,0.00007366139470832422,0,-0.03665187582373619,-0.009531772695481777,-0.00007366139470832422,0,0.029545173048973083,6.646590122727503e-7
0,0,-0.03839661926031113,-0.007036773022264242,0.00007366139470832422,0,-0.03665187582373619,-0.009531772695481777,-0.00007366139470832422,0,0.029545173048973083,6.646590122727503e-7
0,0,-0.03839661926031113,-0.007036773022264242,0.00007366139470832422,0,-0.03665187582373619,-0.009531772695481777,-0.00007366139470832422,0,0.029545173048973083,6.646590122727503e-7
0,0,-0.03839661926031113,-0.007036773022264242,0.00007366139470832422,0,-0.03665187582373619,-0.009531772695481777,-0.00007366139470832422,0,0.029545173048973083,6.646590122727503e-7
0,0,-0.03839661926031113,-0.007036773022264242,0.00007366139470832422,0,-0.03665187582373619,-0.009531772695481777,-0.00007366139470832422,0,0.029545173048973083,6.646590122727503e-7
0,0,-0.03839661926031113,-0.007036773022264242,0.00007366139470832422,0,-0.03665187582373619,-0.009531772695481777,-0.00007366139470832422,0,0.029545173048973083,6.646590122727503e-7
0,0,-0.03839661926031113,-0.007036773022264242,0.00007366139470832422,0,-0.03665187582373619,-0.009531772695481777,-0.00007366139470832422,0,0.029545173048973083,6.646590122727503e-7
0,0,-0.03839661926031113,-0.007036773022264242,0.00007366139470832422,0,-0.03665187582373619,-0.009531772695481777,-0.00007366139470832422,0,0.029545173048973083,6.646590122727503e-7
0,0,-0.03839661926031113,-0.007036773022264242,0.00007366139470832422,0,-0.03665187582373619,-0.009531772695481777,-0.00007366139470832422,0,0.029545173048973083,6.646590122727503e-7
0,0,-0.03839661926031113,-0.007036773022264242,0.00007366139470832422,0,-0.03665187582373619,-0.009531772695481777,-0.00007366139470832422,0,0.029545173048973083,6.646590122727503e-7
0,0,-0.03839661926031113,-0.007036773022264242,0.00007366139470832422,0,-0.03665187582373619,-0.009531772695481777,-0.00007366139470832422,0,0.029545173048973083,6.646590122727503e-7
0,0,-0.03839661926031113,-0.007036773022264242,0.00007366139470832422,0,-0.03665187582373619,-0.009531772695481777,-0.00007366139470832422,0,0.029545173048973083,6.646590122727503e-7
0,0,-0.03839661926031113,-0.007036773022264242,0.00007366139470832422,0,-0.03665187582373619,-0.009531772695481777,-0.00007366139470832422,0,0.029545173048973083,6.646590122727503e-7
0,0,-0.03839661926031113,-0.007036773022264242,0.00007366139470832422,0,-0.03665187582373619,-0.009531772695481777,-0.00007366139470832422,0,0.029545173048973083,6.646590122727503e-7
0,0,-0.03839661926031113,-0.007036773022264242,0.00007366139470832422,0,-0.03665187582373619,-0.009531772695481777,-0.00007366139470832422,0,0.029545173048973083,6.646590122727503e-7
0,0,-0.03839661926031113,-0.007036773022264242,0.00007366139470832422,0,-0.03665187582373619,-0.009531772695481777,-0.00007366139470832422,0,0.029545173048973083,6.646590122727503e-7
0,0,-0.03839661926031113,-0.007036773022264242,0.00007366139470832422,0,-0.03665187582373619,-0.009531772695481777,-0.00007366139470832422,0,0.029545173048973083,6.646590122727503e-7
0,0,-0.03839661926031113,-0.007036773022264242,0.00007366139470832422,0,-0.03665187582373619,-0.009531772695481777,-0.00007366139470832422,0,0.029545173048973083,6.646590122727503e-7
0,0,-0.03839661926031113,-0.007036773022264242,0.00007366139470832422,0,-0.03665187582373619,-0.009531772695481777,-0.00007366139470832422,0,0.029545173048973083,6.646590122727503e-7
0,0,-0.03839661926031113,-0.007036773022264242,0.00007366139470832422,0,-0.03665187582373619,-0.009531772695481777,-0.00007366139470832422,0,0.029545173048973083,6.646590122727503e-7
0,0,-0.03839661926031113,-0.007036773022264242,0.00007366139470832422,0,-0.03665187582373619,-0.009531772695481777,-0.00007366139470832422,0,0.029545173048973083,6.646590122727503e-7
0,0,-0.03839661926031113,-0.007036773022264242,0.00007366139470832422,0,-0.03665187582373619,-0.009531772695481777,-0.00007366139470832422,0,0.029545173048973083,6.646590122727503e-7
0,0,-0.03839661926031113,-0.007036773022264242,0.00007366139470832422,0,-0.03665187582373619,-0.009531772695481777,-0.00007366139470832422,0,0.029545173048973083,6.646590122727503e-7
0,0,-0.03839661926031113,-0.007036773022264242,0.00007366139470832422,0,-0.03665187582373619,-0.009531772695481777,-0.00007366139470832422,0,0.029545173048973083,6.646590122727503e-7
0,0,-0.03839661926031113,-0.007036773022264242,0.00007366139470832422,0,-0.03665187582373619,-0.009531772695481777,-0.00007366139470832422,0,0.029545173048973083,6.646590122727503e-7
0,0,-0.03839661926031113,-0.007036773022264242,0.00007366139470832422,0,-0.03665187582373619,-0.009531772695481777,-0.00007366139470832422,0,0.029545173048973083,6.646590122727503e-7
0,0,-0.03839661926031113,-0.007036773022264242,0.00007366139470832422,0,-0.03665187582373619,-0.009531772695481777,-0.00007366139470832422,0,0.029545173048973083,6.646590122727503e-7
0,0,-0.03839661926031113,-0.007036773022264242,0.00007366139470832422,0,-0.03665187582373619,-0.009531772695481777,-0.00007366139470832422,0,0.029545173048973083,6.646590122727503e-7
0,0,-0.03839661926031113,-0.007036773022264242,0.00007366139470832422,0,-0.03665187582373619,-0.009531772695481777,-0.00007366139470832422,0,0.029545173048973083,6.646590122727503e-7
0,0,-0.03839661926031113,-0.007036773022264242,0.00007366139470832422,0,-0.03665187582373619,-0.009531772695481777,-0.00007366139470832422,0,0.029545173048973083,6.646590122727503e-7
0,0,-0.03839661926031113,-0.007036773022264242,0.00007366139470832422,0,-0.03665187582373619,-0.009531772695481777,-0.00007366139470832422,0,0.029545173048973083,6.646590122727503e-7
0,0,-0.03839661926031113,-0.007036773022264242,0.00007366139470832422,0,-0.03665187582373619,-0.009531772695481777,-0.00007366139470832422,0,0.029545173048973083,6.646590122727503e-7
0,0,-0.03839661926031113,-0.007036773022264242,0.00007366139470832422,0,-0.03665187582373619,-0.009531772695481777,-0.00007366139470832422,0,0.029545173048973083,6.646590122727503e-7
0,0,-0.03839661926031113,-0.007036773022264242,0.00007366139470832422,0,-0.03665187582373619,-0.009531772695481777,-0.00007366139470832422,0,0.029545173048973083,6.646590122727503e-7
0,0,-0.03839661926031113,-0.007036773022264242,0.00007366139470832422,0,-0.03665187582373619,-0.009531772695481777,-0.00007366139470832422,0,0.029545173048973083,6.646590122727503e-7
0,0,-0.03839661926031113,-0.007036773022264242,0.00007366139470832422,0,-0.03665187582373619,-0.009531772695481777,-0.00007366139470832422,0,0.029545173048973083,6.646590122727503e-7
0,0,-0.03839661926031113,-0.007036773022264242,0.00007366139470832422,0,-0.03665187582373619,-0.009531772695481777,-0.00007366139470832422,0,0.029545173048973083,6.646590122727503e-7
0,0,-0.03839661926031113,-0.007036773022264242,0.00007366139470832422,0,-0.03665187582373619,-0.009531772695481777,-0.00007366139470832422,0,0.029545173048973083,6.646590122727503e-7
0,0,-0.03839661926031113,-0.007036773022264242,0.00007366139470832422,0,-0.03665187582373619,-0.009531772695481777,-0.00007366139470832422,0,0.029545173048973083,6.646590122727503e-7
0,0,-0.03839661926031113,-0.007036773022264242,0.00007366139470832422,0,-0.03665187582373619,-0.009531772695481777,-0.00007366139470832422,0,0.029545173048973083,6.646590122727503e-7
0,0,-0.03839661926031113,-0.007036773022264242,0.00007366139470832422,0,-0.03665187582373619,-0.009531772695481777,-0.00007366139470832422,0,0.029545173048973083,6.646590122727503e-7
0,0,-0.03839661926031113,-0.007036773022264242,0.00007366139470832422,0,-0.03665187582373619,-0.009531772695481777,-0.00007366139470832422,0,0.029545173048973083,6.646590122727503e-7
0,0,-0.03839661926031113,-0.007036773022264242,0.00007366139470832422,0,-0.03665187582373619,-0.009531772695481777,-0.00007366139470832422,0,0.029545173048973083,6.646590122727503e-7
0,0,-0.03839661926031113,-0.007036773022264242,0.00007366139470832422,0,-0.03665187582373619,-0.009531772695481777,-0.00007366139470832422,0,0.029545173048973083,6.646590122727503e-7
0,0,-0.03839661926031113,-0.007036773022264242,0.00007366139470832422,0,-0.03665187582373619,-0.009531772695481777,-0.00007366139470832422,0,0.029545173048973083,6.646590122727503e-7
0,0,-0.03839661926031113,-0.007036773022264242,0.00007366139470832422,0,-0.03665187582373619,-0.009531772695481777,-0.00007366139470832422,0,0.029545173048973083,6.646590122727503e-7
0,0,-0.03839661926031113,-0.007036773022264242,0.00007366139470832422,0,-0.03665187582373619,-0.009531772695481777,-0.00007366139470832422,0,0.029545173048973083,6.646590122727503e-7
0,0,-0.03839661926031113,-0.007036773022264242,0.00007366139470832422,0,-0.03665187582373619,-0.009531772695481777,-0.00007366139470832422,0,0.029545173048973083,6.646590122727503e-7
0,0,-0.03839661926031113,-0.007036773022264242,0.00007366139470832422,0,-0.03665187582373619,-0.009531772695481777,-0.00007366139470832422,0,0.029545173048973083,6.646590122727503e-7
0,0,-0.03839661926031113,-0.007036773022264242,0.00007366139470832422,0,-0.03665187582373619,-0.009531772695481777,-0.00007366139470832422,0,0.029545173048973083,6.646590122727503e-7
0,0,-0.03839661926031113,-0.007036773022264242,0.00007366139470832422,0,-0.03665187582373619,-0.009531772695481777,-0.00007366139470832422,0,0.029545173048973083,6.646590122727503e-7
0,0,-0.03839661926031113,-0.007036773022264242,0.00007366139470832422,0,-0.03665187582373619,-0.009531772695481777,-0.00007366139470832422,0,0.029545173048973083,6.646590122727503e-7
0,0,-0.03839661926031113,-0.007036773022264242,0.00007366139470832422,0,-0.03665187582373619,-0.009531772695481777,-0.00007366139470832422,0,0.029545173048973083,6.646590122727503e-7
0,0,-0.03839661926031113,-0.007036773022264242,0.00007366139470832422,0,-0.03665187582373619,-0.009531772695481777,-0.00007366139470832422,0,0.029545173048973083,6.646590122727503e-7
0,0,-0.03839661926031113,-0.007036773022264242,0.00007366139470832422,0,-0.03665187582373619,-0.009531772695481777,-0.00007366139470832422,0,0.029545173048973083,6.646590122727503e-7
0,0,-0.03839661926031113,-0.007036773022264242,0.00007366139470832422,0,-0.03665187582373619,-0.009531772695481777,-0.00007366139470832422,0,0.029545173048973083,6.646590122727503e-7
0,0,-0.03839661926031113,-0.007036773022264242,0.00007366139470832422,0,-0.03665187582373619,-0.009531772695481777,-0.00007366139470832422,0,0.029545173048973083,6.646590122727503e-7
0,0,-0.03839661926031113,-0.007036773022264242,0.00007366139470832422,0,-0.03665187582373619,-0.009531772695481777,-0.00007366139470832422,0,0.029545173048973083,6.646590122727503e-7
0,0,-0.03839661926031113,-0.007036773022264242,0.00007366139470832422,0,-0.03665187582373619,-0.009531772695481777,-0.00007366139470832422,0,0.029545173048973083,6.646590122727503e-7
0,0,-0.03839661926031113,-0.007036773022264242,0.00007366139470832422,0,-0.03665187582373619,-0.009531772695481777,-0.00007366139470832422,0,0.029545173048973083,6.646590122727503e-7
0,0,-0.03839661926031113,-0.007036773022264242,0.00007366139470832422,0,-0.03665187582373619,-0.009531772695481777,-0.00007366139470832422,0,0.029545173048973083,6.646590122727503e-7
0,0,-0.03839661926031113,-0.007036773022264242,0.00007366139470832422,0,-0.03665187582373619,-0.009531772695481777,-0.00007366139470832422,0,0.029545173048973083,6.646590122727503e-7
0,0,-0.03839661926031113,-0.007036773022264242,0.00007366139470832422,0,-0.03665187582373619,-0.009531772695481777,-0.00007366139470832422,0,0.029545173048973083,6.646590122727503e-7
0,0,-0.03839661926031113,-0.007036773022264242,0.00007366139470832422,0,-0.03665187582373619,-0.009531772695481777,-0.00007366139470832422,0,0.029545173048973083,6.646590122727503e-7
0,0,-0.03839661926031113,-0.007036773022264242,0.00007366139470832422,0,-0.03665187582373619,-0.009531772695481777,-0.00007366139470832422,0,0.029545173048973083,6.646590122727503e-7
0,0,-0.03839661926031113,-0.007036773022264242,0.00007366139470832422,0,-0.03665187582373619,-0.009531772695481777,-0.00007366139470832422,0,0.029545173048973083,6.646590122727503e-7
0,0,-0.03839661926031113,-0.007036773022264242,0.00007366139470832422,0,-0.03665187582373619,-0.009531772695481777,-0.00007366139470832422,0,0.029545173048973083,6.646590122727503e-7
0,0,-0.03839661926031113,-0.007036773022264242,0.00007366139470832422,0,-0.03665187582373619,-0.009531772695481777,-0.00007366139470832422,0,0.029545173048973083,6.646590122727503e-7
0,0,-0.03839661926031113,-0.007036773022264242,0.00007366139470832422,0,-0.03665187582373619,-0.009531772695481777,-0.00007366139470832422,0,0.029545173048973083,6.646590122727503e-7
0,0,-0.03839661926031113,-0.007036773022264242,0.00007366139470832422,0,-0.03665187582373619,-0.009531772695481777,-0.00007366139470832422,0,0.029545173048973083,6.646590122727503e-7
0,0,-0.03839661926031113,-0.007036773022264242,0.00007366139470832422,0,-0.03665187582373619,-0.009531772695481777,-0.00007366139470832422,0,0.029545173048973083,6.646590122727503e-7
0,0,-0.03839661926031113,-0.007036773022264242,0.00007366139470832422,0,-0.03665187582373619,-0.009531772695481777,-0.00007366139470832422,0,0.029545173048973083,6.646590122727503e-7
0,0,-0.03839661926031113,-0.007036773022264242,0.00007366139470832422,0,-0.03665187582373619,-0.009531772695481777,-0.00007366139470832422,0,0.029545173048973083,6.646590122727503e-7
0,0,-0.03839661926031113,-0.007036773022264242,0.00007366139470832422,0,-0.03665187582373619,-0.009531772695481777,-0.00007366139470832422,0,0.029545173048973083,6.646590122727503e-7
0,0,-0.03839661926031113,-0.007036773022264242,0.00007366139470832422,0,-0.03665187582373619,-0.009531772695481777,-0.00007366139470832422,0,0.029545173048973083,6.646590122727503e-7
0,0,-0.03839661926031113,-0.007036773022264242,0.00007366139470832422,0,-0.03665187582373619,-0.009531772695481777,-0.00007366139470832422,0,0.029545173048973083,6.646590122727503e-7
0,0,-0.03839661926031113,-0.007036773022264242,0.00007366139470832422,0,-0.03665187582373619,-0.009531772695481777,-0.00007366139470832422,0,0.029545173048973083,6.646590122727503e-7
0,0,-0.03839661926031113,-0.007036773022264242,0.00007366139470832422,0,-0.03665187582373619,-0.009531772695481777,-0.00007366139470832422,0,0.029545173048973083,6.646590122727503e-7
0,0,-0.03839661926031113,-0.007036773022264242,0.00007366139470832422,0,-0.03665187582373619,-0.009531772695481777,-0.00007366139470832422,0,0.029545173048973083,6.646590122727503e-7
0,0,-0.03839661926031113,-0.007036773022264242,0.00007366139470832422,0,-0.03665187582373619,-0.009531772695481777,-0.00007366139470832422,0,0.029545173048973083,6.646590122727503e-7
0,0,-0.03839661926031113,-0.007036773022264242,0.00007366139470832422,0,-0.03665187582373619,-0.009531772695481777,-0.00007366139470832422,0,0.029545173048973083,6.646590122727503e-7
0,0,-0.03839661926031113,-0.007036773022264242,0.00007366139470832422,0,-0.03665187582373619,-0.009531772695481777,-0.00007366139470832422,0,0.029545173048973083,6.646590122727503e-7
0,0,-0.03839661926031113,-0.007036773022264242,0.00007366139470832422,0,-0.03665187582373619,-0.009531772695481777,-0.00007366139470832422,0,0.029545173048973083,6.646590122727503e-7
0,0,-0.03839661926031113,-0.007036773022264242,0.00007366139470832422,0,-0.03665187582373619,-0.009531772695481777,-0.00007366139470832422,0,0.029545173048973083,6.646590122727503e-7
0,0,-0.03839661926031113,-0.007036773022264242,0.00007366139470832422,0,-0.03665187582373619,-0.009531772695481777,-0.00007366139470832422,0,0.029545173048973083,6.646590122727503e-7
0,0,-0.03839661926031113,-0.007036773022264242,0.00007366139470832422,0,-0.03665187582373619,-0.009531772695481777,-0.00007366139470832422,0,0.029545173048973083,6.646590122727503e-7
0,0,-0.03839661926031113,-0.007036773022264242,0.00007366139470832422,0,-0.03665187582373619,-0.009531772695481777,-0.00007366139470832422,0,0.029545173048973083,6.646590122727503e-7
0,0,-0.03839661926031113,-0.007036773022264242,0.00007366139470832422,0,-0.03665187582373619,-0.009531772695481777,-0.00007366139470832422,0,0.029545173048973083,6.646590122727503e-7
0,0,-0.03839661926031113,-0.007036773022264242,0.00007366139470832422,0,-0.03665187582373619,-0.009531772695481777,-0.00007366139470832422,0,0.029545173048973083,6.646590122727503e-7
0,0,-0.03839661926031113,-0.007036773022264242,0.00007366139470832422,0,-0.03665187582373619,-0.009531772695481777,-0.00007366139470832422,0,0.029545173048973083,6.646590122727503e-7
0,0,-0.03839661926031113,-0.007036773022264242,0.00007366139470832422,0,-0.03665187582373619,-0.009531772695481777,-0.00007366139470832422,0,0.029545173048973083,6.646590122727503e-7
0,0,-0.03839661926031113,-0.007036773022264242,0.00007366139470832422,0,-0.03665187582373619,-0.009531772695481777,-0.00007366139470832422,0,0.029545173048973083,6.646590122727503e-7
0,0,-0.03839661926031113,-0.007036773022264242,0.00007366139470832422,0,-0.03665187582373619,-0.009531772695481777,-0.00007366139470832422,0,0.029545173048973083,6.646590122727503e-7
0,0,-0.03839661926031113,-0.007036773022264242,0.00007366139470832422,0,-0.03665187582373619,-0.009531772695481777,-0.00007366139470832422,0,0.029545173048973083,6.646590122727503e-7
0,0,-0.03839661926031113,-0.007036773022264242,0.00007366139470832422,0,-0.03665187582373619,-0.009531772695481777,-0.00007366139470832422,0,0.029545173048973083,6.646590122727503e-7
0,0,-0.03839661926031113,-0.007036773022264242,0.00007366139470832422,0,-0.03665187582373619,-0.009531772695481777,-0.00007366139470832422,0,0.029545173048973083,6.646590122727503e-7
0,0,-0.03839661926031113,-0.007036773022264242,0.00007366139470832422,0,-0.03665187582373619,-0.009531772695481777,-0.00007366139470832422,0,0.029545173048973083,6.646590122727503e-7
0,0,-0.03839661926031113,-0.007036773022264242,0.00007366139470832422,0,-0.03665187582373619,-0.009531772695481777,-0.00007366139470832422,0,0.029545173048973083,6.646590122727503e-7
0,0,-0.03839661926031113,-0.007036773022264242,0.00007366139470832422,0,-0.03665187582373619,-0.009531772695481777,-0.00007366139470832422,0,0.029545173048973083,6.646590122727503e-7
0,0,-0.03839661926031113,-0.007036773022264242,0.00007366139470832422,0,-0.03665187582373619,-0.009531772695481777,-0.00007366139470832422,0,0.029545173048973083,6.646590122727503e-7
0,0,-0.03839661926031113,-0.007036773022264242,0.00007366139470832422,0,-0.03665187582373619,-0.009531772695481777,-0.00007366139470832422,0,0.029545173048973083,6.646590122727503e-7
0,0,-0.03839661926031113,-0.007036773022264242,0.00007366139470832422,0,-0.03665187582373619,-0.009531772695481777,-0.00007366139470832422,0,0.029545173048973083,6.646590122727503e-7
0,0,-0.03839661926031113,-0.007036773022264242,0.00007366139470832422,0,-0.03665187582373619,-0.009531772695481777,-0.00007366139470832422,0,0.029545173048973083,6.646590122727503e-7
0,0,-0.03839661926031113,-0.007036773022264242,0.00007366139470832422,0,-0.03665187582373619,-0.009531772695481777,-0.00007366139470832422,0,0.029545173048973083,6.646590122727503e-7
0,0,-0.03839661926031113,-0.007036773022264242,0.00007366139470832422,0,-0.03665187582373619,-0.009531772695481777,-0.00007366139470832422,0,0.029545173048973083,6.646590122727503e-7
0,0,-0.03839661926031113,-0.007036773022264242,0.00007366139470832422,0,-0.03665187582373619,-0.009531772695481777,-0.00007366139470832422,0,0.029545173048973083,6.646590122727503e-7
0,0,-0.03839661926031113,-0.007036773022264242,0.00007366139470832422,0,-0.03665187582373619,-0.009531772695481777,-0.00007366139470832422,0,0.029545173048973083,6.646590122727503e-7
0,0,-0.03839661926031113,-0.007036773022264242,0.00007366139470832422,0,-0.03665187582373619,-0.009531772695481777,-0.00007366139470832422,0,0.029545173048973083,6.646590122727503e-7
0,0,-0.03839661926031113,-0.007036773022264242,0.00007366139470832422,0,-0.03665187582373619,-0.009531772695481777,-0.00007366139470832422,0,0.029545173048973083,6.646590122727503e-7
0,0,-0.03839661926031113,-0.007036773022264242,0.00007366139470832422,0,-0.03665187582373619,-0.009531772695481777,-0.00007366139470832422,0,0.029545173048973083,6.646590122727503e-7
0,0,-0.03839661926031113,-0.007036773022264242,0.00007366139470832422,0,-0.03665187582373619,-0.009531772695481777,-0.00007366139470832422,0,0.029545173048973083,6.646590122727503e-7
0,0,-0.03839661926031113,-0.007036773022264242,0.00007366139470832422,0,-0.03665187582373619,-0.009531772695481777,-0.00007366139470832422,0,0.029545173048973083,6.646590122727503e-7
0,0,-0.03839661926031113,-0.007036773022264242,0.00007366139470832422,0,-0.03665187582373619,-0.009531772695481777,-0.00007366139470832422,0,0.029545173048973083,6.646590122727503e-7
0,0,-0.03839661926031113,-0.007036773022264242,0.00007366139470832422,0,-0.03665187582373619,-0.009531772695481777,-0.00007366139470832422,0,0.029545173048973083,6.646590122727503e-7
0,0,-0.03839661926031113,-0.007036773022264242,0.00007366139470832422,0,-0.03665187582373619,-0.009531772695481777,-0.00007366139470832422,0,0.029545173048973083,6.646590122727503e-7
0,0,-0.03839661926031113,-0.007036773022264242,0.00007366139470832422,0,-0.03665187582373619,-0.009531772695481777,-0.00007366139470832422,0,0.029545173048973083,6.646590122727503e-7
0,0,-0.03839661926031113,-0.007036773022264242,0.00007366139470832422,0,-0.03665187582373619,-0.009531772695481777,-0.00007366139470832422,0,0.029545173048973083,6.646590122727503e-7
0,0,-0.03839661926031113,-0.007036773022264242,0.00007366139470832422,0,-0.03665187582373619,-0.009531772695481777,-0.00007366139470832422,0,0.029545173048973083,6.646590122727503e-7
0,0,-0.03839661926031113,-0.007036773022264242,0.00007366139470832422,0,-0.03665187582373619,-0.009531772695481777,-0.00007366139470832422,0,0.029545173048973083,6.646590122727503e-7
0,0,-0.03839661926031113,-0.007036773022264242,0.00007366139470832422,0,-0.03665187582373619,-0.009531772695481777,-0.00007366139470832422,0,0.029545173048973083,6.646590122727503e-7
0,0,-0.03839661926031113,-0.007036773022264242,0.00007366139470832422,0,-0.03665187582373619,-0.009531772695481777,-0.00007366139470832422,0,0.029545173048973083,6.646590122727503e-7
0,0,-0.03839661926031113,-0.007036773022264242,0.00007366139470832422,0,-0.03665187582373619,-0.009531772695481777,-0.00007366139470832422,0,0.029545173048973083,6.646590122727503e-7
0,0,-0.03839661926031113,-0.007036773022264242,0.00007366139470832422,0,-0.03665187582373619,-0.009531772695481777,-0.00007366139470832422,0,0.029545173048973083,6.646590122727503e-7
0,0,-0.03839661926031113,-0.007036773022264242,0.00007366139470832422,0,-0.03665187582373619,-0.009531772695481777,-0.00007366139470832422,0,0.029545173048973083,6.646590122727503e-7
0,0,-0.03839661926031113,-0.007036773022264242,0.00007366139470832422,0,-0.03665187582373619,-0.009531772695481777,-0.00007366139470832422,0,0.029545173048973083,6.646590122727503e-7
0,0,-0.03839661926031113,-0.007036773022264242,0.00007366139470832422,0,-0.03665187582373619,-0.009531772695481777,-0.00007366139470832422,0,0.029545173048973083,6.646590122727503e-7
0,0,-0.03839661926031113,-0.007036773022264242,0.00007366139470832422,0,-0.03665187582373619,-0.009531772695481777,-0.00007366139470832422,0,0.029545173048973083,6.646590122727503e-7
0,0,-0.03839661926031113,-0.007036773022264242,0.00007366139470832422,0,-0.03665187582373619,-0.009531772695481777,-0.00007366139470832422,0,0.029545173048973083,6.646590122727503e-7
0,0,-0.03839661926031113,-0.007036773022264242,0.00007366139470832422,0,-0.03665187582373619,-0.009531772695481777,-0.00007366139470832422,0,0.029545173048973083,6.646590122727503e-7
0,0,-0.03839661926031113,-0.007036773022264242,0.00007366139470832422,0,-0.03665187582373619,-0.009531772695481777,-0.00007366139470832422,0,0.029545173048973083,6.646590122727503e-7
0,0,-0.03839661926031113,-0.007036773022264242,0.00007366139470832422,0,-0.03665187582373619,-0.009531772695481777,-0.00007366139470832422,0,0.029545173048973083,6.646590122727503e-7
0,0,-0.03839661926031113,-0.007036773022264242,0.00007366139470832422,0,-0.03665187582373619,-0.009531772695481777,-0.00007366139470832422,0,0.029545173048973083,6.646590122727503e-7
0,0,-0.03839661926031113,-0.007036773022264242,0.00007366139470832422,0,-0.03665187582373619,-0.009531772695481777,-0.00007366139470832422,0,0.029545173048973083,6.646590122727503e-7
0,0,-0.03839661926031113,-0.007036773022264242,0.00007366139470832422,0,-0.03665187582373619,-0.009531772695481777,-0.00007366139470832422,0,0.029545173048973083,6.646590122727503e-7
0,0,-0.03839661926031113,-0.007036773022264242,0.00007366139470832422,0,-0.03665187582373619,-0.009531772695481777,-0.00007366139470832422,0,0.029545173048973083,6.646590122727503e-7
0,0,-0.03839661926031113,-0.007036773022264242,0.00007366139470832422,0,-0.03665187582373619,-0.009531772695481777,-0.00007366139470832422,0,0.029545173048973083,6.646590122727503e-7
0,0,-0.03839661926031113,-0.007036773022264242,0.00007366139470832422,0,-0.03665187582373619,-0.009531772695481777,-0.00007366139470832422,0,0.029545173048973083,6.646590122727503e-7
0,0,-0.03839661926031113,-0.007036773022264242,0.00007366139470832422,0,-0.03665187582373619,-0.009531772695481777,-0.00007366139470832422,0,0.029545173048973083,6.646590122727503e-7
0,0,-0.03839661926031113,-0.007036773022264242,0.00007366139470832422,0,-0.03665187582373619,-0.009531772695481777,-0.00007366139470832422,0,0.029545173048973083,6.646590122727503e-7
0,0,-0.03839661926031113,-0.007036773022264242,0.00007366139470832422,0,-0.03665187582373619,-0.009531772695481777,-0.00007366139470832422,0,0.029545173048973083,6.646590122727503e-7
0,0,-0.03839661926031113,-0.007036773022264242,0.00007366139470832422,0,-0.03665187582373619,-0.009531772695481777,-0.00007366139470832422,0,0.029545173048973083,6.646590122727503e-7
0,0,-0.03839661926031113,-0.007036773022264242,0.00007366139470832422,0,-0.03665187582373619,-0.009531772695481777,-0.00007366139470832422,0,0.029545173048973083,6.646590122727503e-7
0,0,-0.03839661926031113,-0.007036773022264242,0.00007366139470832422,0,-0.03665187582373619,-0.009531772695481777,-0.00007366139470832422,0,0.029545173048973083,6.646590122727503e-7
0,0,-0.03839661926031113,-0.007036773022264242,0.00007366139470832422,0,-0.03665187582373619,-0.009531772695481777,-0.00007366139470832422,0,0.029545173048973083,6.646590122727503e-7
0,0,-0.03839661926031113,-0.007036773022264242,0.00007366139470832422,0,-0.03665187582373619,-0.009531772695481777,-0.00007366139470832422,0,0.029545173048973083,6.646590122727503e-7
0,0,-0.03839661926031113,-0.007036773022264242,0.00007366139470832422,0,-0.03665187582373619,-0.009531772695481777,-0.00007366139470832422,0,0.029545173048973083,6.646590122727503e-7
0,0,-0.03839661926031113,-0.007036773022264242,0.00007366139470832422,0,-0.03665187582373619,-0.009531772695481777,-0.00007366139470832422,0,0.029545173048973083,6.646590122727503e-7
0,0,-0.03839661926031113,-0.007036773022264242,0.00007366139470832422,0,-0.03665187582373619,-0.009531772695481777,-0.00007366139470832422,0,0.029545173048973083,6.646590122727503e-7
0,0,-0.03839661926031113,-0.007036773022264242,0.00007366139470832422,0,-0.03665187582373619,-0.009531772695481777,-0.00007366139470832422,0,0.029545173048973083,6.646590122727503e-7
0,0,-0.03839661926031113,-0.007036773022264242,0.00007366139470832422,0,-0.03665187582373619,-0.009531772695481777,-0.00007366139470832422,0,0.029545173048973083,6.646590122727503e-7
0,0,-0.03839661926031113,-0.007036773022264242,0.00007366139470832422,0,-0.03665187582373619,-0.009531772695481777,-0.00007366139470832422,0,0.029545173048973083,6.646590122727503e-7
0,0,-0.03839661926031113,-0.007036773022264242,0.00007366139470832422,0,-0.03665187582373619,-0.009531772695481777,-0.00007366139470832422,0,0.029545173048973083,6.646590122727503e-7
0,0,-0.03839661926031113,-0.007036773022264242,0.00007366139470832422,0,-0.03665187582373619,-0.009531772695481777,-0.00007366139470832422,0,0.029545173048973083,6.646590122727503e-7
0,0,-0.03839661926031113,-0.007036773022264242,0.00007366139470832422,0,-0.03665187582373619,-0.009531772695481777,-0.00007366139470832422,0,0.029545173048973083,6.646590122727503e-7
0,0,-0.03839661926031113,-0.007036773022264242,0.00007366139470832422,0,-0.03665187582373619,-0.009531772695481777,-0.00007366139470832422,0,0.029545173048973083,6.646590122727503e-7
0,0,-0.03839661926031113,-0.007036773022264242,0.00007366139470832422,0,-0.03665187582373619,-0.009531772695481777,-0.00007366139470832422,0,0.029545173048973083,6.646590122727503e-7
0,0,-0.03839661926031113,-0.007036773022264242,0.00007366139470832422,0,-0.03665187582373619,-0.009531772695481777,-0.00007366139470832422,0,0.029545173048973083,6.646590122727503e-7
0,0,-0.03839661926031113,-0.007036773022264242,0.00007366139470832422,0,-0.03665187582373619,-0.009531772695481777,-0.00007366139470832422,0,0.029545173048973083,6.646590122727503e-7
0,0,-0.03839661926031113,-0.007036773022264242,0.00007366139470832422,0,-0.03665187582373619,-0.009531772695481777,-0.00007366139470832422,0,0.029545173048973083,6.646590122727503e-7
0,0,-0.03839661926031113,-0.007036773022264242,0.00007366139470832422,0,-0.03665187582373619,-0.009531772695481777,-0.00007366139470832422,0,0.029545173048973083,6.646590122727503e-7
0,0,-0.03839661926031113,-0.007036773022264242,0.00007366139470832422,0,-0.03665187582373619,-0.009531772695481777,-0.00007366139470832422,0,0.029545173048973083,6.646590122727503e-7
0,0,-0.03839661926031113,-0.007036773022264242,0.00007366139470832422,0,-0.03665187582373619,-0.009531772695481777,-0.00007366139470832422,0,0.029545173048973083,6.646590122727503e-7
0,0,-0.03839661926031113,-0.007036773022264242,0.00007366139470832422,0,-0.03665187582373619,-0.009531772695481777,-0.00007366139470832422,0,0.029545173048973083,6.646590122727503e-7
0,0,-0.03839661926031113,-0.007036773022264242,0.00007366139470832422,0,-0.03665187582373619,-0.009531772695481777,-0.00007366139470832422,0,0.029545173048973083,6.646590122727503e-7
0,0,-0.03839661926031113,-0.007036773022264242,0.00007366139470832422,0,-0.03665187582373619,-0.009531772695481777,-0.00007366139470832422,0,0.029545173048973083,6.646590122727503e-7
0,0,-0.03839661926031113,-0.007036773022264242,0.00007366139470832422,0,-0.03665187582373619,-0.009531772695481777,-0.00007366139470832422,0,0.029545173048973083,6.646590122727503e-7
0,0,-0.03839661926031113,-0.007036773022264242,0.00007366139470832422,0,-0.03665187582373619,-0.009531772695481777,-0.00007366139470832422,0,0.029545173048973083,6.646590122727503e-7
0,0,-0.03839661926031113,-0.007036773022264242,0.00007366139470832422,0,-0.03665187582373619,-0.009531772695481777,-0.00007366139470832422,0,0.029545173048973083,6.646590122727503e-7
0,0,-0.03839661926031113,-0.007036773022264242,0.00007366139470832422,0,-0.03665187582373619,-0.009531772695481777,-0.00007366139470832422,0,0.029545173048973083,6.646590122727503e-7
0,0,-0.03839661926031113,-0.007036773022264242,0.00007366139470832422,0,-0.03665187582373619,-0.009531772695481777,-0.00007366139470832422,0,0.029545173048973083,6.646590122727503e-7
0,0,-0.03839661926031113,-0.007036773022264242,0.00007366139470832422,0,-0.03665187582373619,-0.009531772695481777,-0.00007366139470832422,0,0.029545173048973083,6.646590122727503e-7
0,0,-0.03839661926031113,-0.007036773022264242,0.00007366139470832422,0,-0.03665187582373619,-0.009531772695481777,-0.00007366139470832422,0,0.029545173048973083,6.646590122727503e-7
0,0,-0.03839661926031113,-0.007036773022264242,0.00007366139470832422,0,-0.03665187582373619,-0.009531772695481777,-0.00007366139470832422,0,0.029545173048973083,6.646590122727503e-7
0,0,-0.03839661926031113,-0.007036773022264242,0.00007366139470832422,0,-0.03665187582373619,-0.009531772695481777,-0.00007366139470832422,0,0.029545173048973083,6.646590122727503e-7
0,0,-0.03839661926031113,-0.007036773022264242,0.00007366139470832422,0,-0.03665187582373619,-0.009531772695481777,-0.00007366139470832422,0,0.029545173048973083,6.646590122727503e-7
0,0,-0.03839661926031113,-0.007036773022264242,0.00007366139470832422,0,-0.03665187582373619,-0.009531772695481777,-0.00007366139470832422,0,0.029545173048973083,6.646590122727503e-7
0,0,-0.03839661926031113,-0.007036773022264242,0.00007366139470832422,0,-0.03665187582373619,-0.009531772695481777,-0.00007366139470832422,0,0.029545173048973083,6.646590122727503e-7
0,0,-0.03839661926031113,-0.007036773022264242,0.00007366139470832422,0,-0.03665187582373619,-0.009531772695481777,-0.00007366139470832422,0,0.029545173048973083,6.646590122727503e-7
0,0,-0.03839661926031113,-0.007036773022264242,0.00007366139470832422,0,-0.03665187582373619,-0.009531772695481777,-0.00007366139470832422,0,0.029545173048973083,6.646590122727503e-7
0,0,-0.03839661926031113,-0.007036773022264242,0.00007366139470832422,0,-0.03665187582373619,-0.009531772695481777,-0.00007366139470832422,0,0.029545173048973083,6.646590122727503e-7
0,0,-0.03839661926031113,-0.007036773022264242,0.00007366139470832422,0,-0.03665187582373619,-0.009531772695481777,-0.00007366139470832422,0,0.029545173048973083,6.646590122727503e-7
0,0,-0.03839661926031113,-0.007036773022264242,0.00007366139470832422,0,-0.03665187582373619,-0.009531772695481777,-0.00007366139470832422,0,0.029545173048973083,6.646590122727503e-7
0,0,-0.03839661926031113,-0.007036773022264242,0.00007366139470832422,0,-0.03665187582373619,-0.009531772695481777,-0.00007366139470832422,0,0.029545173048973083,6.646590122727503e-7
0,0,-0.03839661926031113,-0.007036773022264242,0.00007366139470832422,0,-0.03665187582373619,-0.009531772695481777,-0.00007366139470832422,0,0.029545173048973083,6.646590122727503e-7
0,0,-0.03839661926031113,-0.007036773022264242,0.00007366139470832422,0,-0.03665187582373619,-0.009531772695481777,-0.00007366139470832422,0,0.029545173048973083,6.646590122727503e-7
0,0,-0.03839661926031113,-0.007036773022264242,0.00007366139470832422,0,-0.03665187582373619,-0.009531772695481777,-0.00007366139470832422,0,0.029545173048973083,6.646590122727503e-7
0,0,-0.03839661926031113,-0.007036773022264242,0.00007366139470832422,0,-0.03665187582373619,-0.009531772695481777,-0.00007366139470832422,0,0.029545173048973083,6.646590122727503e-7
0,0,-0.03839661926031113,-0.007036773022264242,0.00007366139470832422,0,-0.03665187582373619,-0.009531772695481777,-0.00007366139470832422,0,0.029545173048973083,6.646590122727503e-7
0,0,-0.03839661926031113,-0.007036773022264242,0.00007366139470832422,0,-0.03665187582373619,-0.009531772695481777,-0.00007366139470832422,0,0.029545173048973083,6.646590122727503e-7
0,0,-0.03839661926031113,-0.007036773022264242,0.00007366139470832422,0,-0.03665187582373619,-0.009531772695481777,-0.00007366139470832422,0,0.029545173048973083,6.646590122727503e-7
0,0,-0.03839661926031113,-0.007036773022264242,0.00007366139470832422,0,-0.03665187582373619,-0.009531772695481777,-0.00007366139470832422,0,0.029545173048973083,6.646590122727503e-7
0,0,-0.03839661926031113,-0.007036773022264242,0.00007366139470832422,0,-0.03665187582373619,-0.009531772695481777,-0.00007366139470832422,0,0.029545173048973083,6.646590122727503e-7
0,0,-0.03839661926031113,-0.007036773022264242,0.00007366139470832422,0,-0.03665187582373619,-0.009531772695481777,-0.00007366139470832422,0,0.029545173048973083,6.646590122727503e-7
0,0,-0.03839661926031113,-0.007036773022264242,0.00007366139470832422,0,-0.03665187582373619,-0.009531772695481777,-0.00007366139470832422,0,0.029545173048973083,6.646590122727503e-7
0,0,-0.03839661926031113,-0.007036773022264242,0.00007366139470832422,0,-0.03665187582373619,-0.009531772695481777,-0.00007366139470832422,0,0.029545173048973083,6.646590122727503e-7
0,0,-0.03839661926031113,-0.007036773022264242,0.00007366139470832422,0,-0.03665187582373619,-0.009531772695481777,-0.00007366139470832422,0,0.029545173048973083,6.646590122727503e-7
0,0,-0.03839661926031113,-0.007036773022264242,0.00007366139470832422,0,-0.03665187582373619,-0.009531772695481777,-0.00007366139470832422,0,0.029545173048973083,6.646590122727503e-7
0,0,-0.03839661926031113,-0.007036773022264242,0.00007366139470832422,0,-0.03665187582373619,-0.009531772695481777,-0.00007366139470832422,0,0.029545173048973083,6.646590122727503e-7
0,0,-0.03839661926031113,-0.007036773022264242,0.00007366139470832422,0,-0.03665187582373619,-0.009531772695481777,-0.00007366139470832422,0,0.029545173048973083,6.646590122727503e-7
0,0,-0.03839661926031113,-0.007036773022264242,0.00007366139470832422,0,-0.03665187582373619,-0.009531772695481777,-0.00007366139470832422,0,0.029545173048973083,6.646590122727503e-7
0,0,-0.03839661926031113,-0.007036773022264242,0.00007366139470832422,0,-0.03665187582373619,-0.009531772695481777,-0.00007366139470832422,0,0.029545173048973083,6.646590122727503e-7
0,0,-0.03839661926031113,-0.007036773022264242,0.00007366139470832422,0,-0.03665187582373619,-0.009531772695481777,-0.00007366139470832422,0,0.029545173048973083,6.646590122727503e-7
0,0,-0.03839661926031113,-0.007036773022264242,0.00007366139470832422,0,-0.03665187582373619,-0.009531772695481777,-0.00007366139470832422,0,0.029545173048973083,6.646590122727503e-7
0,0,-0.03839661926031113,-0.007036773022264242,0.00007366139470832422,0,-0.03665187582373619,-0.009531772695481777,-0.00007366139470832422,0,0.029545173048973083,6.646590122727503e-7
0,0,-0.03839661926031113,-0.007036773022264242,0.00007366139470832422,0,-0.03665187582373619,-0.009531772695481777,-0.00007366139470832422,0,0.029545173048973083,6.646590122727503e-7
0,0,-0.03839661926031113,-0.007036773022264242,0.00007366139470832422,0,-0.03665187582373619,-0.009531772695481777,-0.00007366139470832422,0,0.029545173048973083,6.646590122727503e-7
0,0,-0.03839661926031113,-0.007036773022264242,0.00007366139470832422,0,-0.03665187582373619,-0.009531772695481777,-0.00007366139470832422,0,0.029545173048973083,6.646590122727503e-7
0,0,-0.03839661926031113,-0.007036773022264242,0.00007366139470832422,0,-0.03665187582373619,-0.009531772695481777,-0.00007366139470832422,0,0.029545173048973083,6.646590122727503e-7
0,0,-0.03839661926031113,-0.007036773022264242,0.00007366139470832422,0,-0.03665187582373619,-0.009531772695481777,-0.00007366139470832422,0,0.029545173048973083,6.646590122727503e-7
0,0,-0.03839661926031113,-0.007036773022264242,0.00007366139470832422,0,-0.03665187582373619,-0.009531772695481777,-0.00007366139470832422,0,0.029545173048973083,6.646590122727503e-7
0,0,-0.03839661926031113,-0.007036773022264242,0.00007366139470832422,0,-0.03665187582373619,-0.009531772695481777,-0.00007366139470832422,0,0.029545173048973083,6.646590122727503e-7
0,0,-0.03839661926031113,-0.007036773022264242,0.00007366139470832422,0,-0.03665187582373619,-0.009531772695481777,-0.00007366139470832422,0,0.029545173048973083,6.646590122727503e-7
0,0,-0.03839661926031113,-0.007036773022264242,0.00007366139470832422,0,-0.03665187582373619,-0.009531772695481777,-0.00007366139470832422,0,0.029545173048973083,6.646590122727503e-7
0,0,-0.03839661926031113,-0.007036773022264242,0.00007366139470832422,0,-0.03665187582373619,-0.009531772695481777,-0.00007366139470832422,0,0.029545173048973083,6.646590122727503e-7
0,0,-0.03839661926031113,-0.007036773022264242,0.00007366139470832422,0,-0.03665187582373619,-0.009531772695481777,-0.00007366139470832422,0,0.029545173048973083,6.646590122727503e-7
0,0,-0.03839661926031113,-0.007036773022264242,0.00007366139470832422,0,-0.03665187582373619,-0.009531772695481777,-0.00007366139470832422,0,0.029545173048973083,6.646590122727503e-7
0,0,-0.03839661926031113,-0.007036773022264242,0.00007366139470832422,0,-0.03665187582373619,-0.009531772695481777,-0.00007366139470832422,0,0.029545173048973083,6.646590122727503e-7
0,0,-0.03839661926031113,-0.007036773022264242,0.00007366139470832422,0,-0.03665187582373619,-0.009531772695481777,-0.00007366139470832422,0,0.029545173048973083,6.646590122727503e-7
0,0,-0.03839661926031113,-0.007036773022264242,0.00007366139470832422,0,-0.03665187582373619,-0.009531772695481777,-0.00007366139470832422,0,0.029545173048973083,6.646590122727503e-7
0,0,-0.03839661926031113,-0.007036773022264242,0.00007366139470832422,0,-0.03665187582373619,-0.009531772695481777,-0.00007366139470832422,0,0.029545173048973083,6.646590122727503e-7
0,0,-0.03839661926031113,-0.007036773022264242,0.00007366139470832422,0,-0.03665187582373619,-0.009531772695481777,-0.00007366139470832422,0,0.029545173048973083,6.646590122727503e-7
0,0,-0.03839661926031113,-0.007036773022264242,0.00007366139470832422,0,-0.03665187582373619,-0.009531772695481777,-0.00007366139470832422,0,0.029545173048973083,6.646590122727503e-7
0,0,-0.03839661926031113,-0.007036773022264242,0.00007366139470832422,0,-0.03665187582373619,-0.009531772695481777,-0.00007366139470832422,0,0.029545173048973083,6.646590122727503e-7
0,0,-0.03839661926031113,-0.007036773022264242,0.00007366139470832422,0,-0.03665187582373619,-0.009531772695481777,-0.00007366139470832422,0,0.029545173048973083,6.646590122727503e-7
0,0,-0.03839661926031113,-0.007036773022264242,0.00007366139470832422,0,-0.03665187582373619,-0.009531772695481777,-0.00007366139470832422,0,0.029545173048973083,6.646590122727503e-7
0,0,-0.03839661926031113,-0.007036773022264242,0.00007366139470832422,0,-0.03665187582373619,-0.009531772695481777,-0.00007366139470832422,0,0.029545173048973083,6.646590122727503e-7
0,0,-0.03839661926031113,-0.007036773022264242,0.00007366139470832422,0,-0.03665187582373619,-0.009531772695481777,-0.00007366139470832422,0,0.029545173048973083,6.646590122727503e-7
0,0,-0.03839661926031113,-0.007036773022264242,0.00007366139470832422,0,-0.03665187582373619,-0.009531772695481777,-0.00007366139470832422,0,0.029545173048973083,6.646590122727503e-7
0,0,-0.03839661926031113,-0.007036773022264242,0.00007366139470832422,0,-0.03665187582373619,-0.009531772695481777,-0.00007366139470832422,0,0.029545173048973083,6.646590122727503e-7
0,0,-0.03839661926031113,-0.007036773022264242,0.00007366139470832422,0,-0.03665187582373619,-0.009531772695481777,-0.00007366139470832422,0,0.029545173048973083,6.646590122727503e-7
0,0,-0.03839661926031113,-0.007036773022264242,0.00007366139470832422,0,-0.03665187582373619,-0.009531772695481777,-0.00007366139470832422,0,0.029545173048973083,6.646590122727503e-7
0,0,-0.03839661926031113,-0.007036773022264242,0.00007366139470832422,0,-0.03665187582373619,-0.009531772695481777,-0.00007366139470832422,0,0.029545173048973083,6.646590122727503e-7
0,0,-0.03839661926031113,-0.007036773022264242,0.00007366139470832422,0,-0.03665187582373619,-0.009531772695481777,-0.00007366139470832422,0,0.029545173048973083,6.646590122727503e-7
0,0,-0.03839661926031113,-0.007036773022264242,0.00007366139470832422,0,-0.03665187582373619,-0.009531772695481777,-0.00007366139470832422,0,0.029545173048973083,6.646590122727503e-7
0,0,-0.03839661926031113,-0.007036773022264242,0.00007366139470832422,0,-0.03665187582373619,-0.009531772695481777,-0.00007366139470832422,0,0.029545173048973083,6.646590122727503e-7
0,0,-0.03839661926031113,-0.007036773022264242,0.00007366139470832422,0,-0.03665187582373619,-0.009531772695481777,-0.00007366139470832422,0,0.029545173048973083,6.646590122727503e-7
0,0,-0.03839661926031113,-0.007036773022264242,0.00007366139470832422,0,-0.03665187582373619,-0.009531772695481777,-0.00007366139470832422,0,0.029545173048973083,6.646590122727503e-7
0,0,-0.03839661926031113,-0.007036773022264242,0.00007366139470832422,0,-0.03665187582373619,-0.009531772695481777,-0.00007366139470832422,0,0.029545173048973083,6.646590122727503e-7
0,0,-0.03839661926031113,-0.007036773022264242,0.00007366139470832422,0,-0.03665187582373619,-0.009531772695481777,-0.00007366139470832422,0,0.029545173048973083,6.646590122727503e-7
0,0,-0.03839661926031113,-0.007036773022264242,0.00007366139470832422,0,-0.03665187582373619,-0.009531772695481777,-0.00007366139470832422,0,0.029545173048973083,6.646590122727503e-7
0,0,-0.03839661926031113,-0.007036773022264242,0.00007366139470832422,0,-0.03665187582373619,-0.009531772695481777,-0.00007366139470832422,0,0.029545173048973083,6.646590122727503e-7
0,0,-0.03839661926031113,-0.007036773022264242,0.00007366139470832422,0,-0.03665187582373619,-0.009531772695481777,-0.00007366139470832422,0,0.029545173048973083,6.646590122727503e-7
0,0,-0.03839661926031113,-0.007036773022264242,0.00007366139470832422,0,-0.03665187582373619,-0.009531772695481777,-0.00007366139470832422,0,0.029545173048973083,6.646590122727503e-7
0,0,-0.03839661926031113,-0.007036773022264242,0.00007366139470832422,0,-0.03665187582373619,-0.009531772695481777,-0.00007366139470832422,0,0.029545173048973083,6.646590122727503e-7
0,0,-0.03839661926031113,-0.007036773022264242,0.00007366139470832422,0,-0.03665187582373619,-0.009531772695481777,-0.00007366139470832422,0,0.029545173048973083,6.646590122727503e-7
0,0,-0.03839661926031113,-0.007036773022264242,0.00007366139470832422,0,-0.03665187582373619,-0.009531772695481777,-0.00007366139470832422,0,0.029545173048973083,6.646590122727503e-7
0,0,-0.03839661926031113,-0.007036773022264242,0.00007366139470832422,0,-0.03665187582373619,-0.009531772695481777,-0.00007366139470832422,0,0.029545173048973083,6.646590122727503e-7
0,0,-0.03839661926031113,-0.007036773022264242,0.00007366139470832422,0,-0.03665187582373619,-0.009531772695481777,-0.00007366139470832422,0,0.029545173048973083,6.646590122727503e-7
0,0,-0.03839661926031113,-0.007036773022264242,0.00007366139470832422,0,-0.03665187582373619,-0.009531772695481777,-0.00007366139470832422,0,0.029545173048973083,6.646590122727503e-7
0,0,-0.03839661926031113,-0.007036773022264242,0.00007366139470832422,0,-0.03665187582373619,-0.009531772695481777,-0.00007366139470832422,0,0.029545173048973083,6.646590122727503e-7
0,0,-0.03839661926031113,-0.007036773022264242,0.00007366139470832422,0,-0.03665187582373619,-0.009531772695481777,-0.00007366139470832422,0,0.029545173048973083,6.646590122727503e-7
0,0,-0.03839661926031113,-0.007036773022264242,0.00007366139470832422,0,-0.03665187582373619,-0.009531772695481777,-0.00007366139470832422,0,0.029545173048973083,6.646590122727503e-7
0,0,-0.03839661926031113,-0.007036773022264242,0.00007366139470832422,0,-0.03665187582373619,-0.009531772695481777,-0.00007366139470832422,0,0.029545173048973083,6.646590122727503e-7
0,0,-0.03839661926031113,-0.007036773022264242,0.00007366139470832422,0,-0.03665187582373619,-0.009531772695481777,-0.00007366139470832422,0,0.029545173048973083,6.646590122727503e-7
0,0,-0.03839661926031113,-0.007036773022264242,0.00007366139470832422,0,-0.03665187582373619,-0.009531772695481777,-0.00007366139470832422,0,0.029545173048973083,6.646590122727503e-7
0,0,-0.03839661926031113,-0.007036773022264242,0.00007366139470832422,0,-0.03665187582373619,-0.009531772695481777,-0.00007366139470832422,0,0.029545173048973083,6.646590122727503e-7
0,0,-0.03839661926031113,-0.007036773022264242,0.00007366139470832422,0,-0.03665187582373619,-0.009531772695481777,-0.00007366139470832422,0,0.029545173048973083,6.646590122727503e-7
0,0,-0.03839661926031113,-0.007036773022264242,0.00007366139470832422,0,-0.03665187582373619,-0.009531772695481777,-0.00007366139470832422,0,0.029545173048973083,6.646590122727503e-7
0,0,-0.03839661926031113,-0.007036773022264242,0.00007366139470832422,0,-0.03665187582373619,-0.009531772695481777,-0.00007366139470832422,0,0.029545173048973083,6.646590122727503e-7
0,0,-0.03839661926031113,-0.007036773022264242,0.00007366139470832422,0,-0.03665187582373619,-0.009531772695481777,-0.00007366139470832422,0,0.029545173048973083,6.646590122727503e-7
0,0,-0.03839661926031113,-0.007036773022264242,0.00007366139470832422,0,-0.03665187582373619,-0.009531772695481777,-0.00007366139470832422,0,0.029545173048973083,6.646590122727503e-7
0,0,-0.03839661926031113,-0.007036773022264242,0.00007366139470832422,0,-0.03665187582373619,-0.009531772695481777,-0.00007366139470832422,0,0.029545173048973083,6.646590122727503e-7
0,0,-0.03839661926031113,-0.007036773022264242,0.00007366139470832422,0,-0.03665187582373619,-0.009531772695481777,-0.00007366139470832422,0,0.029545173048973083,6.646590122727503e-7
0,0,-0.03839661926031113,-0.007036773022264242,0.00007366139470832422,0,-0.03665187582373619,-0.009531772695481777,-0.00007366139470832422,0,0.029545173048973083,6.646590122727503e-7
0,0,-0.03839661926031113,-0.007036773022264242,0.00007366139470832422,0,-0.03665187582373619,-0.009531772695481777,-0.00007366139470832422,0,0.029545173048973083,6.646590122727503e-7
0,0,-0.03839661926031113,-0.007036773022264242,0.00007366139470832422,0,-0.03665187582373619,-0.009531772695481777,-0.00007366139470832422,0,0.029545173048973083,6.646590122727503e-7
0,0,-0.03839661926031113,-0.007036773022264242,0.00007366139470832422,0,-0.03665187582373619,-0.009531772695481777,-0.00007366139470832422,0,0.029545173048973083,6.646590122727503e-7
0,0,-0.03839661926031113,-0.007036773022264242,0.00007366139470832422,0,-0.03665187582373619,-0.009531772695481777,-0.00007366139470832422,0,0.029545173048973083,6.646590122727503e-7
0,0,-0.03839661926031113,-0.007036773022264242,0.00007366139470832422,0,-0.03665187582373619,-0.009531772695481777,-0.00007366139470832422,0,0.029545173048973083,6.646590122727503e-7
0,0,-0.03839661926031113,-0.007036773022264242,0.00007366139470832422,0,-0.03665187582373619,-0.009531772695481777,-0.00007366139470832422,0,0.029545173048973083,6.646590122727503e-7
0,0,-0.03839661926031113,-0.007036773022264242,0.00007366139470832422,0,-0.03665187582373619,-0.009531772695481777,-0.00007366139470832422,0,0.029545173048973083,6.646590122727503e-7
0,0,-0.03839661926031113,-0.007036773022264242,0.00007366139470832422,0,-0.03665187582373619,-0.009531772695481777,-0.00007366139470832422,0,0.029545173048973083,6.646590122727503e-7
0,0,-0.03839661926031113,-0.007036773022264242,0.00007366139470832422,0,-0.03665187582373619,-0.009531772695481777,-0.00007366139470832422,0,0.029545173048973083,6.646590122727503e-7
0,0,-0.03839661926031113,-0.007036773022264242,0.00007366139470832422,0,-0.03665187582373619,-0.009531772695481777,-0.00007366139470832422,0,0.029545173048973083,6.646590122727503e-7
0,0,-0.03839661926031113,-0.007036773022264242,0.00007366139470832422,0,-0.03665187582373619,-0.009531772695481777,-0.00007366139470832422,0,0.029545173048973083,6.646590122727503e-7
0,0,-0.03839661926031113,-0.007036773022264242,0.00007366139470832422,0,-0.03665187582373619,-0.009531772695481777,-0.00007366139470832422,0,0.029545173048973083,6.646590122727503e-7
0,0,-0.03839661926031113,-0.007036773022264242,0.00007366139470832422,0,-0.03665187582373619,-0.009531772695481777,-0.00007366139470832422,0,0.029545173048973083,6.646590122727503e-7
0,0,-0.03839661926031113,-0.007036773022264242,0.00007366139470832422,0,-0.03665187582373619,-0.009531772695481777,-0.00007366139470832422,0,0.029545173048973083,6.646590122727503e-7
0,0,-0.03839661926031113,-0.007036773022264242,0.00007366139470832422,0,-0.03665187582373619,-0.009531772695481777,-0.00007366139470832422,0,0.029545173048973083,6.646590122727503e-7
0,0,-0.03839661926031113,-0.007036773022264242,0.00007366139470832422,0,-0.03665187582373619,-0.009531772695481777,-0.00007366139470832422,0,0.029545173048973083,6.646590122727503e-7
0,0,-0.03839661926031113,-0.007036773022264242,0.00007366139470832422,0,-0.03665187582373619,-0.009531772695481777,-0.00007366139470832422,0,0.029545173048973083,6.646590122727503e-7
0,0,-0.03839661926031113,-0.007036773022264242,0.00007366139470832422,0,-0.03665187582373619,-0.009531772695481777,-0.00007366139470832422,0,0.029545173048973083,6.646590122727503e-7
0,0,-0.03839661926031113,-0.007036773022264242,0.00007366139470832422,0,-0.03665187582373619,-0.009531772695481777,-0.00007366139470832422,0,0.029545173048973083,6.646590122727503e-7
0,0,-0.03839661926031113,-0.007036773022264242,0.00007366139470832422,0,-0.03665187582373619,-0.009531772695481777,-0.00007366139470832422,0,0.029545173048973083,6.646590122727503e-7
0,0,-0.03839661926031113,-0.007036773022264242,0.00007366139470832422,0,-0.03665187582373619,-0.009531772695481777,-0.00007366139470832422,0,0.029545173048973083,6.646590122727503e-7
0,0,-0.03839661926031113,-0.007036773022264242,0.00007366139470832422,0,-0.03665187582373619,-0.009531772695481777,-0.00007366139470832422,0,0.029545173048973083,6.646590122727503e-7
0,0,-0.03839661926031113,-0.007036773022264242,0.00007366139470832422,0,-0.03665187582373619,-0.009531772695481777,-0.00007366139470832422,0,0.029545173048973083,6.646590122727503e-7
0,0,-0.03839661926031113,-0.007036773022264242,0.00007366139470832422,0,-0.03665187582373619,-0.009531772695481777,-0.00007366139470832422,0,0.029545173048973083,6.646590122727503e-7
0,0,-0.03839661926031113,-0.007036773022264242,0.00007366139470832422,0,-0.03665187582373619,-0.009531772695481777,-0.00007366139470832422,0,0.029545173048973083,6.646590122727503e-7
0,0,-0.03839661926031113,-0.007036773022264242,0.00007366139470832422,0,-0.03665187582373619,-0.009531772695481777,-0.00007366139470832422,0,0.029545173048973083,6.646590122727503e-7
0,0,-0.03839661926031113,-0.007036773022264242,0.00007366139470832422,0,-0.03665187582373619,-0.009531772695481777,-0.00007366139470832422,0,0.029545173048973083,6.646590122727503e-7
0,0,-0.03839661926031113,-0.007036773022264242,0.00007366139470832422,0,-0.03665187582373619,-0.009531772695481777,-0.00007366139470832422,0,0.029545173048973083,6.646590122727503e-7
0,0,-0.03839661926031113,-0.007036773022264242,0.00007366139470832422,0,-0.03665187582373619,-0.009531772695481777,-0.00007366139470832422,0,0.029545173048973083,6.646590122727503e-7
0,0,-0.03839661926031113,-0.007036773022264242,0.00007366139470832422,0,-0.03665187582373619,-0.009531772695481777,-0.00007366139470832422,0,0.029545173048973083,6.646590122727503e-7
0,0,-0.03839661926031113,-0.007036773022264242,0.00007366139470832422,0,-0.03665187582373619,-0.009531772695481777,-0.00007366139470832422,0,0.029545173048973083,6.646590122727503e-7
0,0,-0.03839661926031113,-0.007036773022264242,0.00007366139470832422,0,-0.03665187582373619,-0.009531772695481777,-0.00007366139470832422,0,0.029545173048973083,6.646590122727503e-7
0,0,-0.03839661926031113,-0.007036773022264242,0.00007366139470832422,0,-0.03665187582373619,-0.009531772695481777,-0.00007366139470832422,0,0.029545173048973083,6.646590122727503e-7
0,0,-0.03839661926031113,-0.007036773022264242,0.00007366139470832422,0,-0.03665187582373619,-0.009531772695481777,-0.00007366139470832422,0,0.029545173048973083,6.646590122727503e-7
0,0,-0.03839661926031113,-0.007036773022264242,0.00007366139470832422,0,-0.03665187582373619,-0.009531772695481777,-0.00007366139470832422,0,0.029545173048973083,6.646590122727503e-7
0,0,-0.03839661926031113,-0.007036773022264242,0.00007366139470832422,0,-0.03665187582373619,-0.009531772695481777,-0.00007366139470832422,0,0.029545173048973083,6.646590122727503e-7
0,0,-0.03839661926031113,-0.007036773022264242,0.00007366139470832422,0,-0.03665187582373619,-0.009531772695481777,-0.00007366139470832422,0,0.029545173048973083,6.646590122727503e-7
0,0,-0.03839661926031113,-0.007036773022264242,0.00007366139470832422,0,-0.03665187582373619,-0.009531772695481777,-0.00007366139470832422,0,0.029545173048973083,6.646590122727503e-7
0,0,-0.03839661926031113,-0.007036773022264242,0.00007366139470832422,0,-0.03665187582373619,-0.009531772695481777,-0.00007366139470832422,0,0.029545173048973083,6.646590122727503e-7
0,0,-0.03839661926031113,-0.007036773022264242,0.00007366139470832422,0,-0.03665187582373619,-0.009531772695481777,-0.00007366139470832422,0,0.029545173048973083,6.646590122727503e-7
0,0,-0.03839661926031113,-0.007036773022264242,0.00007366139470832422,0,-0.03665187582373619,-0.009531772695481777,-0.00007366139470832422,0,0.029545173048973083,6.646590122727503e-7
0,0,-0.03839661926031113,-0.007036773022264242,0.00007366139470832422,0,-0.03665187582373619,-0.009531772695481777,-0.00007366139470832422,0,0.029545173048973083,6.646590122727503e-7
0,0,-0.03839661926031113,-0.007036773022264242,0.00007366139470832422,0,-0.03665187582373619,-0.009531772695481777,-0.00007366139470832422,0,0.029545173048973083,6.646590122727503e-7
0,0,-0.03839661926031113,-0.007036773022264242,0.00007366139470832422,0,-0.03665187582373619,-0.009531772695481777,-0.00007366139470832422,0,0.029545173048973083,6.646590122727503e-7
0,0,-0.03839661926031113,-0.007036773022264242,0.00007366139470832422,0,-0.03665187582373619,-0.009531772695481777,-0.00007366139470832422,0,0.029545173048973083,6.646590122727503e-7
0,0,-0.03839661926031113,-0.007036773022264242,0.00007366139470832422,0,-0.03665187582373619,-0.009531772695481777,-0.00007366139470832422,0,0.029545173048973083,6.646590122727503e-7
0,0,-0.03839661926031113,-0.007036773022264242,0.00007366139470832422,0,-0.03665187582373619,-0.009531772695481777,-0.00007366139470832422,0,0.029545173048973083,6.646590122727503e-7
0,0,-0.03839661926031113,-0.007036773022264242,0.00007366139470832422,0,-0.03665187582373619,-0.009531772695481777,-0.00007366139470832422,0,0.029545173048973083,6.646590122727503e-7
0,0,-0.03839661926031113,-0.007036773022264242,0.00007366139470832422,0,-0.03665187582373619,-0.009531772695481777,-0.00007366139470832422,0,0.029545173048973083,6.646590122727503e-7
0,0,-0.03839661926031113,-0.007036773022264242,0.00007366139470832422,0,-0.03665187582373619,-0.009531772695481777,-0.00007366139470832422,0,0.029545173048973083,6.646590122727503e-7
0,0,-0.03839661926031113,-0.007036773022264242,0.00007366139470832422,0,-0.03665187582373619,-0.009531772695481777,-0.00007366139470832422,0,0.029545173048973083,6.646590122727503e-7
0,0,-0.03839661926031113,-0.007036773022264242,0.00007366139470832422,0,-0.03665187582373619,-0.009531772695481777,-0.00007366139470832422,0,0.029545173048973083,6.646590122727503e-7
0,0,-0.03839661926031113,-0.007036773022264242,0.00007366139470832422,0,-0.03665187582373619,-0.009531772695481777,-0.00007366139470832422,0,0.029545173048973083,6.646590122727503e-7
0,0,-0.03839661926031113,-0.007036773022264242,0.00007366139470832422,0,-0.03665187582373619,-0.009531772695481777,-0.00007366139470832422,0,0.029545173048973083,6.646590122727503e-7
0,0,-0.03839661926031113,-0.007036773022264242,0.00007366139470832422,0,-0.03665187582373619,-0.009531772695481777,-0.00007366139470832422,0,0.029545173048973083,6.646590122727503e-7
0,0,-0.03839661926031113,-0.007036773022264242,0.00007366139470832422,0,-0.03665187582373619,-0.009531772695481777,-0.00007366139470832422,0,0.029545173048973083,6.646590122727503e-7
0,0,-0.03839661926031113,-0.007036773022264242,0.00007366139470832422,0,-0.03665187582373619,-0.009531772695481777,-0.00007366139470832422,0,0.029545173048973083,6.646590122727503e-7
0,0,-0.03839661926031113,-0.007036773022264242,0.00007366139470832422,0,-0.03665187582373619,-0.009531772695481777,-0.00007366139470832422,0,0.029545173048973083,6.646590122727503e-7
0,0,-0.03839661926031113,-0.007036773022264242,0.00007366139470832422,0,-0.03665187582373619,-0.009531772695481777,-0.00007366139470832422,0,0.029545173048973083,6.646590122727503e-7
0,0,-0.03839661926031113,-0.007036773022264242,0.00007366139470832422,0,-0.03665187582373619,-0.009531772695481777,-0.00007366139470832422,0,0.029545173048973083,6.646590122727503e-7
0,0,-0.03839661926031113,-0.007036773022264242,0.00007366139470832422,0,-0.03665187582373619,-0.009531772695481777,-0.00007366139470832422,0,0.029545173048973083,6.646590122727503e-7
0,0,-0.03839661926031113,-0.007036773022264242,0.00007366139470832422,0,-0.03665187582373619,-0.009531772695481777,-0.00007366139470832422,0,0.029545173048973083,6.646590122727503e-7
0,0,-0.03839661926031113,-0.007036773022264242,0.00007366139470832422,0,-0.03665187582373619,-0.009531772695481777,-0.00007366139470832422,0,0.029545173048973083,6.646590122727503e-7
0,0,-0.03839661926031113,-0.007036773022264242,0.00007366139470832422,0,-0.03665187582373619,-0.009531772695481777,-0.00007366139470832422,0,0.029545173048973083,6.646590122727503e-7
0,0,-0.03839661926031113,-0.007036773022264242,0.00007366139470832422,0,-0.03665187582373619,-0.009531772695481777,-0.00007366139470832422,0,0.029545173048973083,6.646590122727503e-7
0,0,-0.03839661926031113,-0.007036773022264242,0.00007366139470832422,0,-0.03665187582373619,-0.009531772695481777,-0.00007366139470832422,0,0.029545173048973083,6.646590122727503e-7
0,0,-0.03839661926031113,-0.007036773022264242,0.00007366139470832422,0,-0.03665187582373619,-0.009531772695481777,-0.00007366139470832422,0,0.029545173048973083,6.646590122727503e-7
0,0,-0.03839661926031113,-0.007036773022264242,0.00007366139470832422,0,-0.03665187582373619,-0.009531772695481777,-0.00007366139470832422,0,0.029545173048973083,6.646590122727503e-7
0,0,-0.03839661926031113,-0.007036773022264242,0.00007366139470832422,0,-0.03665187582373619,-0.009531772695481777,-0.00007366139470832422,0,0.029545173048973083,6.646590122727503e-7
0,0,-0.03839661926031113,-0.007036773022264242,0.00007366139470832422,0,-0.03665187582373619,-0.009531772695481777,-0.00007366139470832422,0,0.029545173048973083,6.646590122727503e-7
0,0,-0.03839661926031113,-0.007036773022264242,0.00007366139470832422,0,-0.03665187582373619,-0.009531772695481777,-0.00007366139470832422,0,0.029545173048973083,6.646590122727503e-7
0,0,-0.03839661926031113,-0.007036773022264242,0.00007366139470832422,0,-0.03665187582373619,-0.009531772695481777,-0.00007366139470832422,0,0.029545173048973083,6.646590122727503e-7
0,0,-0.03839661926031113,-0.007036773022264242,0.00007366139470832422,0,-0.03665187582373619,-0.009531772695481777,-0.00007366139470832422,0,0.029545173048973083,6.646590122727503e-7
0,0,-0.03839661926031113,-0.007036773022264242,0.00007366139470832422,0,-0.03665187582373619,-0.009531772695481777,-0.00007366139470832422,0,0.029545173048973083,6.646590122727503e-7
0,0,-0.03839661926031113,-0.007036773022264242,0.00007366139470832422,0,-0.03665187582373619,-0.009531772695481777,-0.00007366139470832422,0,0.029545173048973083,6.646590122727503e-7
0,0,-0.03839661926031113,-0.007036773022264242,0.00007366139470832422,0,-0.03665187582373619,-0.009531772695481777,-0.00007366139470832422,0,0.029545173048973083,6.646590122727503e-7
0,0,-0.03839661926031113,-0.007036773022264242,0.00007366139470832422,0,-0.03665187582373619,-0.009531772695481777,-0.00007366139470832422,0,0.029545173048973083,6.646590122727503e-7
0,0,-0.03839661926031113,-0.007036773022264242,0.00007366139470832422,0,-0.03665187582373619,-0.009531772695481777,-0.00007366139470832422,0,0.029545173048973083,6.646590122727503e-7
0,0,-0.03839661926031113,-0.007036773022264242,0.00007366139470832422,0,-0.03665187582373619,-0.009531772695481777,-0.00007366139470832422,0,0.029545173048973083,6.646590122727503e-7
0,0,-0.03839661926031113,-0.007036773022264242,0.00007366139470832422,0,-0.03665187582373619,-0.009531772695481777,-0.00007366139470832422,0,0.029545173048973083,6.646590122727503e-7
0,0,-0.03839661926031113,-0.007036773022264242,0.00007366139470832422,0,-0.03665187582373619,-0.009531772695481777,-0.00007366139470832422,0,0.029545173048973083,6.646590122727503e-7
0,0,-0.03839661926031113,-0.007036773022264242,0.00007366139470832422,0,-0.03665187582373619,-0.009531772695481777,-0.00007366139470832422,0,0.029545173048973083,6.646590122727503e-7
0,0,-0.03839661926031113,-0.007036773022264242,0.00007366139470832422,0,-0.03665187582373619,-0.009531772695481777,-0.00007366139470832422,0,0.029545173048973083,6.646590122727503e-7
0,0,-0.03839661926031113,-0.007036773022264242,0.00007366139470832422,0,-0.03665187582373619,-0.009531772695481777,-0.00007366139470832422,0,0.029545173048973083,6.646590122727503e-7
0,0,-0.03839661926031113,-0.007036773022264242,0.00007366139470832422,0,-0.03665187582373619,-0.009531772695481777,-0.00007366139470832422,0,0.029545173048973083,6.646590122727503e-7
0,0,-0.03839661926031113,-0.007036773022264242,0.00007366139470832422,0,-0.03665187582373619,-0.009531772695481777,-0.00007366139470832422,0,0.029545173048973083,6.646590122727503e-7
0,0,-0.03839661926031113,-0.007036773022264242,0.00007366139470832422,0,-0.03665187582373619,-0.009531772695481777,-0.00007366139470832422,0,0.029545173048973083,6.646590122727503e-7
0,0,-0.03839661926031113,-0.007036773022264242,0.00007366139470832422,0,-0.03665187582373619,-0.009531772695481777,-0.00007366139470832422,0,0.029545173048973083,6.646590122727503e-7
0,0,-0.03839661926031113,-0.007036773022264242,0.00007366139470832422,0,-0.03665187582373619,-0.009531772695481777,-0.00007366139470832422,0,0.029545173048973083,6.646590122727503e-7
0,0,-0.03839661926031113,-0.007036773022264242,0.00007366139470832422,0,-0.03665187582373619,-0.009531772695481777,-0.00007366139470832422,0,0.029545173048973083,6.646590122727503e-7
0,0,-0.03839661926031113,-0.007036773022264242,0.00007366139470832422,0,-0.03665187582373619,-0.009531772695481777,-0.00007366139470832422,0,0.029545173048973083,6.646590122727503e-7
0,0,-0.03839661926031113,-0.007036773022264242,0.00007366139470832422,0,-0.03665187582373619,-0.009531772695481777,-0.00007366139470832422,0,0.029545173048973083,6.646590122727503e-7
0,0,-0.03839661926031113,-0.007036773022264242,0.00007366139470832422,0,-0.03665187582373619,-0.009531772695481777,-0.00007366139470832422,0,0.029545173048973083,6.646590122727503e-7
0,0,-0.03839661926031113,-0.007036773022264242,0.00007366139470832422,0,-0.03665187582373619,-0.009531772695481777,-0.00007366139470832422,0,0.029545173048973083,6.646590122727503e-7
0,0,-0.03839661926031113,-0.007036773022264242,0.00007366139470832422,0,-0.03665187582373619,-0.009531772695481777,-0.00007366139470832422,0,0.029545173048973083,6.646590122727503e-7
0,0,-0.03839661926031113,-0.007036773022264242,0.00007366139470832422,0,-0.03665187582373619,-0.009531772695481777,-0.00007366139470832422,0,0.029545173048973083,6.646590122727503e-7
0,0,-0.03839661926031113,-0.007036773022264242,0.00007366139470832422,0,-0.03665187582373619,-0.009531772695481777,-0.00007366139470832422,0,0.029545173048973083,6.646590122727503e-7
0,0,-0.03839661926031113,-0.007036773022264242,0.00007366139470832422,0,-0.03665187582373619,-0.009531772695481777,-0.00007366139470832422,0,0.029545173048973083,6.646590122727503e-7
0,0,-0.03839661926031113,-0.007036773022264242,0.00007366139470832422,0,-0.03665187582373619,-0.009531772695481777,-0.00007366139470832422,0,0.029545173048973083,6.646590122727503e-7
0,0,-0.03839661926031113,-0.007036773022264242,0.00007366139470832422,0,-0.03665187582373619,-0.009531772695481777,-0.00007366139470832422,0,0.029545173048973083,6.646590122727503e-7
0,0,-0.03839661926031113,-0.007036773022264242,0.00007366139470832422,0,-0.03665187582373619,-0.009531772695481777,-0.00007366139470832422,0,0.029545173048973083,6.646590122727503e-7
0,0,-0.03839661926031113,-0.007036773022264242,0.00007366139470832422,0,-0.03665187582373619,-0.009531772695481777,-0.00007366139470832422,0,0.029545173048973083,6.646590122727503e-7
0,0,-0.03839661926031113,-0.007036773022264242,0.00007366139470832422,0,-0.03665187582373619,-0.009531772695481777,-0.00007366139470832422,0,0.029545173048973083,6.646590122727503e-7
0,0,-0.03839661926031113,-0.007036773022264242,0.00007366139470832422,0,-0.03665187582373619,-0.009531772695481777,-0.00007366139470832422,0,0.029545173048973083,6.646590122727503e-7
0,0,-0.03839661926031113,-0.007036773022264242,0.00007366139470832422,0,-0.03665187582373619,-0.009531772695481777,-0.00007366139470832422,0,0.029545173048973083,6.646590122727503e-7
0,0,-0.03839661926031113,-0.007036773022264242,0.00007366139470832422,0,-0.03665187582373619,-0.009531772695481777,-0.00007366139470832422,0,0.029545173048973083,6.646590122727503e-7
0,0,-0.03839661926031113,-0.007036773022264242,0.00007366139470832422,0,-0.03665187582373619,-0.009531772695481777,-0.00007366139470832422,0,0.029545173048973083,6.646590122727503e-7
0,0,-0.03839661926031113,-0.007036773022264242,0.00007366139470832422,0,-0.03665187582373619,-0.009531772695481777,-0.00007366139470832422,0,0.029545173048973083,6.646590122727503e-7
0,0,-0.03839661926031113,-0.007036773022264242,0.00007366139470832422,0,-0.03665187582373619,-0.009531772695481777,-0.00007366139470832422,0,0.029545173048973083,6.646590122727503e-7
0,0,-0.03839661926031113,-0.007036773022264242,0.00007366139470832422,0,-0.03665187582373619,-0.009531772695481777,-0.00007366139470832422,0,0.029545173048973083,6.646590122727503e-7
0,0,-0.03839661926031113,-0.007036773022264242,0.00007366139470832422,0,-0.03665187582373619,-0.009531772695481777,-0.00007366139470832422,0,0.029545173048973083,6.646590122727503e-7
0,0,-0.03839661926031113,-0.007036773022264242,0.00007366139470832422,0,-0.03665187582373619,-0.009531772695481777,-0.00007366139470832422,0,0.029545173048973083,6.646590122727503e-7
0,0,-0.03839661926031113,-0.007036773022264242,0.00007366139470832422,0,-0.03665187582373619,-0.009531772695481777,-0.00007366139470832422,0,0.029545173048973083,6.646590122727503e-7
0,0,-0.03839661926031113,-0.007036773022264242,0.00007366139470832422,0,-0.03665187582373619,-0.009531772695481777,-0.00007366139470832422,0,0.029545173048973083,6.646590122727503e-7
0,0,-0.03839661926031113,-0.007036773022264242,0.00007366139470832422,0,-0.03665187582373619,-0.009531772695481777,-0.00007366139470832422,0,0.029545173048973083,6.646590122727503e-7
0,0,-0.03839661926031113,-0.007036773022264242,0.00007366139470832422,0,-0.03665187582373619,-0.009531772695481777,-0.00007366139470832422,0,0.029545173048973083,6.646590122727503e-7
0,0,-0.03839661926031113,-0.007036773022264242,0.00007366139470832422,0,-0.03665187582373619,-0.009531772695481777,-0.00007366139470832422,0,0.029545173048973083,6.646590122727503e-7
0,0,-0.03839661926031113,-0.007036773022264242,0.00007366139470832422,0,-0.03665187582373619,-0.009531772695481777,-0.00007366139470832422,0,0.029545173048973083,6.646590122727503e-7
0,0,-0.03839661926031113,-0.007036773022264242,0.00007366139470832422,0,-0.03665187582373619,-0.009531772695481777,-0.00007366139470832422,0,0.029545173048973083,6.646590122727503e-7
0,0,-0.03839661926031113,-0.007036773022264242,0.00007366139470832422,0,-0.03665187582373619,-0.009531772695481777,-0.00007366139470832422,0,0.029545173048973083,6.646590122727503e-7
0,0,-0.03839661926031113,-0.007036773022264242,0.00007366139470832422,0,-0.03665187582373619,-0.009531772695481777,-0.00007366139470832422,0,0.029545173048973083,6.646590122727503e-7
0,0,-0.03839661926031113,-0.007036773022264242,0.00007366139470832422,0,-0.03665187582373619,-0.009531772695481777,-0.00007366139470832422,0,0.029545173048973083,6.646590122727503e-7
0,0,-0.03839661926031113,-0.007036773022264242,0.00007366139470832422,0,-0.03665187582373619,-0.009531772695481777,-0.00007366139470832422,0,0.029545173048973083,6.646590122727503e-7
0,0,-0.03839661926031113,-0.007036773022264242,0.00007366139470832422,0,-0.03665187582373619,-0.009531772695481777,-0.00007366139470832422,0,0.029545173048973083,6.646590122727503e-7
0,0,-0.03839661926031113,-0.007036773022264242,0.00007366139470832422,0,-0.03665187582373619,-0.009531772695481777,-0.00007366139470832422,0,0.029545173048973083,6.646590122727503e-7
0,0,-0.03839661926031113,-0.007036773022264242,0.00007366139470832422,0,-0.03665187582373619,-0.009531772695481777,-0.00007366139470832422,0,0.029545173048973083,6.646590122727503e-7
0,0,-0.03839661926031113,-0.007036773022264242,0.00007366139470832422,0,-0.03665187582373619,-0.009531772695481777,-0.00007366139470832422,0,0.029545173048973083,6.646590122727503e-7
0,0,-0.03839661926031113,-0.007036773022264242,0.00007366139470832422,0,-0.03665187582373619,-0.009531772695481777,-0.00007366139470832422,0,0.029545173048973083,6.646590122727503e-7
0,0,-0.03839661926031113,-0.007036773022264242,0.00007366139470832422,0,-0.03665187582373619,-0.009531772695481777,-0.00007366139470832422,0,0.029545173048973083,6.646590122727503e-7
0,0,-0.03839661926031113,-0.007036773022264242,0.00007366139470832422,0,-0.03665187582373619,-0.009531772695481777,-0.00007366139470832422,0,0.029545173048973083,6.646590122727503e-7
0,0,-0.03839661926031113,-0.007036773022264242,0.00007366139470832422,0,-0.03665187582373619,-0.009531772695481777,-0.00007366139470832422,0,0.029545173048973083,6.646590122727503e-7
0,0,-0.03839661926031113,-0.007036773022264242,0.00007366139470832422,0,-0.03665187582373619,-0.009531772695481777,-0.00007366139470832422,0,0.029545173048973083,6.646590122727503e-7
0,0,-0.03839661926031113,-0.007036773022264242,0.00007366139470832422,0,-0.03665187582373619,-0.009531772695481777,-0.00007366139470832422,0,0.029545173048973083,6.646590122727503e-7
0,0,-0.03839661926031113,-0.007036773022264242,0.00007366139470832422,0,-0.03665187582373619,-0.009531772695481777,-0.00007366139470832422,0,0.029545173048973083,6.646590122727503e-7
0,0,-0.03839661926031113,-0.007036773022264242,0.00007366139470832422,0,-0.03665187582373619,-0.009531772695481777,-0.00007366139470832422,0,0.029545173048973083,6.646590122727503e-7
0,0,-0.03839661926031113,-0.007036773022264242,0.00007366139470832422,0,-0.03665187582373619,-0.009531772695481777,-0.00007366139470832422,0,0.029545173048973083,6.646590122727503e-7
0,0,-0.03839661926031113,-0.007036773022264242,0.00007366139470832422,0,-0.03665187582373619,-0.009531772695481777,-0.00007366139470832422,0,0.029545173048973083,6.646590122727503e-7
0,0,-0.03839661926031113,-0.007036773022264242,0.00007366139470832422,0,-0.03665187582373619,-0.009531772695481777,-0.00007366139470832422,0,0.029545173048973083,6.646590122727503e-7
0,0,-0.03839661926031113,-0.007036773022264242,0.00007366139470832422,0,-0.03665187582373619,-0.009531772695481777,-0.00007366139470832422,0,0.029545173048973083,6.646590122727503e-7
0,0,-0.03839661926031113,-0.007036773022264242,0.00007366139470832422,0,-0.03665187582373619,-0.009531772695481777,-0.00007366139470832422,0,0.029545173048973083,6.646590122727503e-7
0,0,-0.03839661926031113,-0.007036773022264242,0.00007366139470832422,0,-0.03665187582373619,-0.009531772695481777,-0.00007366139470832422,0,0.029545173048973083,6.646590122727503e-7
0,0,-0.03839661926031113,-0.007036773022264242,0.00007366139470832422,0,-0.03665187582373619,-0.009531772695481777,-0.00007366139470832422,0,0.029545173048973083,6.646590122727503e-7
0,0,-0.03839661926031113,-0.007036773022264242,0.00007366139470832422,0,-0.03665187582373619,-0.009531772695481777,-0.00007366139470832422,0,0.029545173048973083,6.646590122727503e-7
0,0,-0.03839661926031113,-0.007036773022264242,0.00007366139470832422,0,-0.03665187582373619,-0.009531772695481777,-0.00007366139470832422,0,0.029545173048973083,6.646590122727503e-7
0,0,-0.03839661926031113,-0.007036773022264242,0.00007366139470832422,0,-0.03665187582373619,-0.009531772695481777,-0.00007366139470832422,0,0.029545173048973083,6.646590122727503e-7
0,0,-0.03839661926031113,-0.007036773022264242,0.00007366139470832422,0,-0.03665187582373619,-0.009531772695481777,-0.00007366139470832422,0,0.029545173048973083,6.646590122727503e-7
0,0,-0.03839661926031113,-0.007036773022264242,0.00007366139470832422,0,-0.03665187582373619,-0.009531772695481777,-0.00007366139470832422,0,0.029545173048973083,6.646590122727503e-7
0,0,-0.03839661926031113,-0.007036773022264242,0.00007366139470832422,0,-0.03665187582373619,-0.009531772695481777,-0.00007366139470832422,0,0.029545173048973083,6.646590122727503e-7
0,0,-0.03839661926031113,-0.007036773022264242,0.00007366139470832422,0,-0.03665187582373619,-0.009531772695481777,-0.00007366139470832422,0,0.029545173048973083,6.646590122727503e-7
0,0,-0.03839661926031113,-0.007036773022264242,0.00007366139470832422,0,-0.03665187582373619,-0.009531772695481777,-0.00007366139470832422,0,0.029545173048973083,6.646590122727503e-7
0,0,-0.03839661926031113,-0.007036773022264242,0.00007366139470832422,0,-0.03665187582373619,-0.009531772695481777,-0.00007366139470832422,0,0.029545173048973083,6.646590122727503e-7
0,0,-0.03839661926031113,-0.007036773022264242,0.00007366139470832422,0,-0.03665187582373619,-0.009531772695481777,-0.00007366139470832422,0,0.029545173048973083,6.646590122727503e-7
0,0,-0.03839661926031113,-0.007036773022264242,0.00007366139470832422,0,-0.03665187582373619,-0.009531772695481777,-0.00007366139470832422,0,0.029545173048973083,6.646590122727503e-7
0,0,-0.03839661926031113,-0.007036773022264242,0.00007366139470832422,0,-0.03665187582373619,-0.009531772695481777,-0.00007366139470832422,0,0.029545173048973083,6.646590122727503e-7
0,0,-0.03839661926031113,-0.007036773022264242,0.00007366139470832422,0,-0.03665187582373619,-0.009531772695481777,-0.00007366139470832422,0,0.029545173048973083,6.646590122727503e-7
0,0,-0.03839661926031113,-0.007036773022264242,0.00007366139470832422,0,-0.03665187582373619,-0.009531772695481777,-0.00007366139470832422,0,0.029545173048973083,6.646590122727503e-7
0,0,-0.03839661926031113,-0.007036773022264242,0.00007366139470832422,0,-0.03665187582373619,-0.009531772695481777,-0.00007366139470832422,0,0.029545173048973083,6.646590122727503e-7
0,0,-0.03839661926031113,-0.007036773022264242,0.00007366139470832422,0,-0.03665187582373619,-0.009531772695481777,-0.00007366139470832422,0,0.029545173048973083,6.646590122727503e-7
0,0,-0.03839661926031113,-0.007036773022264242,0.00007366139470832422,0,-0.03665187582373619,-0.009531772695481777,-0.00007366139470832422,0,0.029545173048973083,6.646590122727503e-7
0,0,-0.03839661926031113,-0.007036773022264242,0.00007366139470832422,0,-0.03665187582373619,-0.009531772695481777,-0.00007366139470832422,0,0.029545173048973083,6.646590122727503e-7
0,0,-0.03839661926031113,-0.007036773022264242,0.00007366139470832422,0,-0.03665187582373619,-0.009531772695481777,-0.00007366139470832422,0,0.029545173048973083,6.646590122727503e-7
0,0,-0.03839661926031113,-0.007036773022264242,0.00007366139470832422,0,-0.03665187582373619,-0.009531772695481777,-0.00007366139470832422,0,0.029545173048973083,6.646590122727503e-7
0,0,-0.03839661926031113,-0.007036773022264242,0.00007366139470832422,0,-0.03665187582373619,-0.009531772695481777,-0.00007366139470832422,0,0.029545173048973083,6.646590122727503e-7
0,0,-0.03839661926031113,-0.007036773022264242,0.00007366139470832422,0,-0.03665187582373619,-0.009531772695481777,-0.00007366139470832422,0,0.029545173048973083,6.646590122727503e-7
0,0,-0.03839661926031113,-0.007036773022264242,0.00007366139470832422,0,-0.03665187582373619,-0.009531772695481777,-0.00007366139470832422,0,0.029545173048973083,6.646590122727503e-7
0,0,-0.03839661926031113,-0.007036773022264242,0.00007366139470832422,0,-0.03665187582373619,-0.009531772695481777,-0.00007366139470832422,0,0.029545173048973083,6.646590122727503e-7
0,0,-0.03839661926031113,-0.007036773022264242,0.00007366139470832422,0,-0.03665187582373619,-0.009531772695481777,-0.00007366139470832422,0,0.029545173048973083,6.646590122727503e-7
0,0,-0.03839661926031113,-0.007036773022264242,0.00007366139470832422,0,-0.03665187582373619,-0.009531772695481777,-0.00007366139470832422,0,0.029545173048973083,6.646590122727503e-7
0,0,-0.03839661926031113,-0.007036773022264242,0.00007366139470832422,0,-0.03665187582373619,-0.009531772695481777,-0.00007366139470832422,0,0.029545173048973083,6.646590122727503e-7
0,0,-0.03839661926031113,-0.007036773022264242,0.00007366139470832422,0,-0.03665187582373619,-0.009531772695481777,-0.00007366139470832422,0,0.029545173048973083,6.646590122727503e-7
0,0,-0.03839661926031113,-0.007036773022264242,0.00007366139470832422,0,-0.03665187582373619,-0.009531772695481777,-0.00007366139470832422,0,0.029545173048973083,6.646590122727503e-7
0,0,-0.03839661926031113,-0.007036773022264242,0.00007366139470832422,0,-0.03665187582373619,-0.009531772695481777,-0.00007366139470832422,0,0.029545173048973083,6.646590122727503e-7
0,0,-0.03839661926031113,-0.007036773022264242,0.00007366139470832422,0,-0.03665187582373619,-0.009531772695481777,-0.00007366139470832422,0,0.029545173048973083,6.646590122727503e-7
0,0,-0.03839661926031113,-0.007036773022264242,0.00007366139470832422,0,-0.03665187582373619,-0.009531772695481777,-0.00007366139470832422,0,0.029545173048973083,6.646590122727503e-7
0,0,-0.03839661926031113,-0.007036773022264242,0.00007366139470832422,0,-0.03665187582373619,-0.009531772695481777,-0.00007366139470832422,0,0.029545173048973083,6.646590122727503e-7
0,0,-0.03839661926031113,-0.007036773022264242,0.00007366139470832422,0,-0.03665187582373619,-0.009531772695481777,-0.00007366139470832422,0,0.029545173048973083,6.646590122727503e-7
0,0,-0.03839661926031113,-0.007036773022264242,0.00007366139470832422,0,-0.03665187582373619,-0.009531772695481777,-0.00007366139470832422,0,0.029545173048973083,6.646590122727503e-7
0,0,-0.03839661926031113,-0.007036773022264242,0.00007366139470832422,0,-0.03665187582373619,-0.009531772695481777,-0.00007366139470832422,0,0.029545173048973083,6.646590122727503e-7
0,0,-0.03839661926031113,-0.007036773022264242,0.00007366139470832422,0,-0.03665187582373619,-0.009531772695481777,-0.00007366139470832422,0,0.029545173048973083,6.646590122727503e-7
0,0,-0.03839661926031113,-0.007036773022264242,0.00007366139470832422,0,-0.03665187582373619,-0.009531772695481777,-0.00007366139470832422,0,0.029545173048973083,6.646590122727503e-7
0,0,-0.03839661926031113,-0.007036773022264242,0.00007366139470832422,0,-0.03665187582373619,-0.009531772695481777,-0.00007366139470832422,0,0.029545173048973083,6.646590122727503e-7
0,0,-0.03839661926031113,-0.007036773022264242,0.00007366139470832422,0,-0.03665187582373619,-0.009531772695481777,-0.00007366139470832422,0,0.029545173048973083,6.646590122727503e-7
0,0,-0.03839661926031113,-0.007036773022264242,0.00007366139470832422,0,-0.03665187582373619,-0.009531772695481777,-0.00007366139470832422,0,0.029545173048973083,6.646590122727503e-7
0,0,-0.03839661926031113,-0.007036773022264242,0.00007366139470832422,0,-0.03665187582373619,-0.009531772695481777,-0.00007366139470832422,0,0.029545173048973083,6.646590122727503e-7
0,0,-0.03839661926031113,-0.007036773022264242,0.00007366139470832422,0,-0.03665187582373619,-0.009531772695481777,-0.00007366139470832422,0,0.029545173048973083,6.646590122727503e-7
0,0,-0.03839661926031113,-0.007036773022264242,0.00007366139470832422,0,-0.03665187582373619,-0.009531772695481777,-0.00007366139470832422,0,0.029545173048973083,6.646590122727503e-7
0,0,-0.03839661926031113,-0.007036773022264242,0.00007366139470832422,0,-0.03665187582373619,-0.009531772695481777,-0.00007366139470832422,0,0.029545173048973083,6.646590122727503e-7
0,0,-0.03839661926031113,-0.007036773022264242,0.00007366139470832422,0,-0.03665187582373619,-0.009531772695481777,-0.00007366139470832422,0,0.029545173048973083,6.646590122727503e-7
0,0,-0.03839661926031113,-0.007036773022264242,0.00007366139470832422,0,-0.03665187582373619,-0.009531772695481777,-0.00007366139470832422,0,0.029545173048973083,6.646590122727503e-7
0,0,-0.03839661926031113,-0.007036773022264242,0.00007366139470832422,0,-0.03665187582373619,-0.009531772695481777,-0.00007366139470832422,0,0.029545173048973083,6.646590122727503e-7
0,0,-0.03839661926031113,-0.007036773022264242,0.00007366139470832422,0,-0.03665187582373619,-0.009531772695481777,-0.00007366139470832422,0,0.029545173048973083,6.646590122727503e-7
0,0,-0.03839661926031113,-0.007036773022264242,0.00007366139470832422,0,-0.03665187582373619,-0.009531772695481777,-0.00007366139470832422,0,0.029545173048973083,6.646590122727503e-7
0,0,-0.03839661926031113,-0.007036773022264242,0.00007366139470832422,0,-0.03665187582373619,-0.009531772695481777,-0.00007366139470832422,0,0.029545173048973083,6.646590122727503e-7
0,0,-0.03839661926031113,-0.007036773022264242,0.00007366139470832422,0,-0.03665187582373619,-0.009531772695481777,-0.00007366139470832422,0,0.029545173048973083,6.646590122727503e-7
0,0,-0.03839661926031113,-0.007036773022264242,0.00007366139470832422,0,-0.03665187582373619,-0.009531772695481777,-0.00007366139470832422,0,0.029545173048973083,6.646590122727503e-7
0,0,-0.03839661926031113,-0.007036773022264242,0.00007366139470832422,0,-0.03665187582373619,-0.009531772695481777,-0.00007366139470832422,0,0.029545173048973083,6.646590122727503e-7
0,0,-0.03839661926031113,-0.007036773022264242,0.00007366139470832422,0,-0.03665187582373619,-0.009531772695481777,-0.00007366139470832422,0,0.029545173048973083,6.646590122727503e-7